# Null Route authored hard-surface mesh. Centimeters, Z up.
v -6.60693 0.29485 1.74560
v -6.60693 -0.25900 1.75127
v -6.84000 -0.00000 -0.00000
v -6.60693 0.81984 1.56905
v -6.60693 0.29485 1.74560
v -6.84000 -0.00000 -0.00000
v -6.60693 1.26458 1.23891
v -6.60693 0.81984 1.56905
v -6.84000 -0.00000 -0.00000
v -6.60693 1.58553 0.78749
v -6.60693 1.26458 1.23891
v -6.84000 -0.00000 -0.00000
v -6.60693 1.75127 0.25900
v -6.60693 1.58553 0.78749
v -6.84000 -0.00000 -0.00000
v -6.60693 1.74560 -0.29485
v -6.60693 1.75127 0.25900
v -6.84000 -0.00000 -0.00000
v -6.60693 1.56904 -0.81984
v -6.60693 1.74560 -0.29485
v -6.84000 -0.00000 -0.00000
v -6.60693 1.23891 -1.26458
v -6.60693 1.56904 -0.81984
v -6.84000 -0.00000 -0.00000
v -6.60693 0.78749 -1.58553
v -6.60693 1.23891 -1.26458
v -6.84000 -0.00000 -0.00000
v -6.60693 0.25900 -1.75127
v -6.60693 0.78749 -1.58553
v -6.84000 -0.00000 -0.00000
v -6.60693 -0.29485 -1.74559
v -6.60693 0.25900 -1.75127
v -6.84000 -0.00000 -0.00000
v -6.60693 -0.81984 -1.56904
v -6.60693 -0.29485 -1.74559
v -6.84000 -0.00000 -0.00000
v -6.60693 -1.26458 -1.23891
v -6.60693 -0.81984 -1.56904
v -6.84000 -0.00000 -0.00000
v -6.60693 -1.58553 -0.78749
v -6.60693 -1.26458 -1.23891
v -6.84000 -0.00000 -0.00000
v -6.60693 -1.75127 -0.25900
v -6.60693 -1.58553 -0.78749
v -6.84000 -0.00000 -0.00000
v -6.60693 -1.74560 0.29485
v -6.60693 -1.75127 -0.25900
v -6.84000 -0.00000 -0.00000
v -6.60693 -1.56904 0.81984
v -6.60693 -1.74560 0.29485
v -6.84000 -0.00000 -0.00000
v -6.60693 -1.23891 1.26458
v -6.60693 -1.56904 0.81984
v -6.84000 -0.00000 -0.00000
v -6.60693 -0.78749 1.58553
v -6.60693 -1.23891 1.26458
v -6.84000 -0.00000 -0.00000
v -6.60693 -0.25900 1.75127
v -6.60693 -0.78749 1.58553
v -6.84000 -0.00000 -0.00000
v -6.60693 0.29485 1.74560
v -5.92361 0.56961 3.37223
v -5.92361 -0.50034 3.38320
v -6.60693 -0.25900 1.75127
v -6.60693 0.81984 1.56905
v -5.92361 1.58381 3.03116
v -5.92361 0.56961 3.37223
v -6.60693 0.29485 1.74560
v -6.60693 1.26458 1.23891
v -5.92361 2.44297 2.39338
v -5.92361 1.58381 3.03116
v -6.60693 0.81984 1.56905
v -6.60693 1.58553 0.78749
v -5.92361 3.06300 1.52132
v -5.92361 2.44297 2.39338
v -6.60693 1.26458 1.23891
v -6.60693 1.75127 0.25900
v -5.92361 3.38320 0.50034
v -5.92361 3.06300 1.52132
v -6.60693 1.58553 0.78749
v -6.60693 1.74560 -0.29485
v -5.92361 3.37223 -0.56961
v -5.92361 3.38320 0.50034
v -6.60693 1.75127 0.25900
v -6.60693 1.56904 -0.81984
v -5.92361 3.03116 -1.58381
v -5.92361 3.37223 -0.56961
v -6.60693 1.74560 -0.29485
v -6.60693 1.23891 -1.26458
v -5.92361 2.39338 -2.44297
v -5.92361 3.03116 -1.58381
v -6.60693 1.56904 -0.81984
v -6.60693 0.78749 -1.58553
v -5.92361 1.52132 -3.06300
v -5.92361 2.39338 -2.44297
v -6.60693 1.23891 -1.26458
v -6.60693 0.25900 -1.75127
v -5.92361 0.50034 -3.38320
v -5.92361 1.52132 -3.06300
v -6.60693 0.78749 -1.58553
v -6.60693 -0.29485 -1.74559
v -5.92361 -0.56961 -3.37223
v -5.92361 0.50034 -3.38320
v -6.60693 0.25900 -1.75127
v -6.60693 -0.81984 -1.56904
v -5.92361 -1.58381 -3.03116
v -5.92361 -0.56961 -3.37223
v -6.60693 -0.29485 -1.74559
v -6.60693 -1.26458 -1.23891
v -5.92361 -2.44297 -2.39338
v -5.92361 -1.58381 -3.03116
v -6.60693 -0.81984 -1.56904
v -6.60693 -1.58553 -0.78749
v -5.92361 -3.06300 -1.52132
v -5.92361 -2.44297 -2.39338
v -6.60693 -1.26458 -1.23891
v -6.60693 -1.75127 -0.25900
v -5.92361 -3.38320 -0.50034
v -5.92361 -3.06300 -1.52132
v -6.60693 -1.58553 -0.78749
v -6.60693 -1.74560 0.29485
v -5.92361 -3.37223 0.56961
v -5.92361 -3.38320 -0.50034
v -6.60693 -1.75127 -0.25900
v -6.60693 -1.56904 0.81984
v -5.92361 -3.03116 1.58381
v -5.92361 -3.37223 0.56961
v -6.60693 -1.74560 0.29485
v -6.60693 -1.23891 1.26458
v -5.92361 -2.39338 2.44297
v -5.92361 -3.03116 1.58381
v -6.60693 -1.56904 0.81984
v -6.60693 -0.78749 1.58553
v -5.92361 -1.52132 3.06300
v -5.92361 -2.39338 2.44297
v -6.60693 -1.23891 1.26458
v -6.60693 -0.25900 1.75127
v -5.92361 -0.50034 3.38320
v -5.92361 -1.52132 3.06300
v -6.60693 -0.78749 1.58553
v -5.92361 0.56961 3.37223
v -4.83661 0.80555 4.76905
v -4.83661 -0.70759 4.78457
v -5.92361 -0.50034 3.38320
v -5.92361 1.58381 3.03116
v -4.83661 2.23985 4.28671
v -4.83661 0.80555 4.76905
v -5.92361 0.56961 3.37223
v -5.92361 2.44297 2.39338
v -4.83661 3.45489 3.38475
v -4.83661 2.23985 4.28671
v -5.92361 1.58381 3.03116
v -5.92361 3.06300 1.52132
v -4.83661 4.33174 2.15147
v -4.83661 3.45489 3.38475
v -5.92361 2.44297 2.39338
v -5.92361 3.38320 0.50034
v -4.83661 4.78457 0.70759
v -4.83661 4.33174 2.15147
v -5.92361 3.06300 1.52132
v -5.92361 3.37223 -0.56961
v -4.83661 4.76905 -0.80555
v -4.83661 4.78457 0.70759
v -5.92361 3.38320 0.50034
v -5.92361 3.03116 -1.58381
v -4.83661 4.28671 -2.23985
v -4.83661 4.76905 -0.80555
v -5.92361 3.37223 -0.56961
v -5.92361 2.39338 -2.44297
v -4.83661 3.38475 -3.45489
v -4.83661 4.28671 -2.23985
v -5.92361 3.03116 -1.58381
v -5.92361 1.52132 -3.06300
v -4.83661 2.15147 -4.33174
v -4.83661 3.38475 -3.45489
v -5.92361 2.39338 -2.44297
v -5.92361 0.50034 -3.38320
v -4.83661 0.70759 -4.78457
v -4.83661 2.15147 -4.33174
v -5.92361 1.52132 -3.06300
v -5.92361 -0.56961 -3.37223
v -4.83661 -0.80555 -4.76905
v -4.83661 0.70759 -4.78457
v -5.92361 0.50034 -3.38320
v -5.92361 -1.58381 -3.03116
v -4.83661 -2.23985 -4.28671
v -4.83661 -0.80555 -4.76905
v -5.92361 -0.56961 -3.37223
v -5.92361 -2.44297 -2.39338
v -4.83661 -3.45489 -3.38475
v -4.83661 -2.23985 -4.28671
v -5.92361 -1.58381 -3.03116
v -5.92361 -3.06300 -1.52132
v -4.83661 -4.33174 -2.15147
v -4.83661 -3.45489 -3.38475
v -5.92361 -2.44297 -2.39338
v -5.92361 -3.38320 -0.50034
v -4.83661 -4.78457 -0.70759
v -4.83661 -4.33174 -2.15147
v -5.92361 -3.06300 -1.52132
v -5.92361 -3.37223 0.56961
v -4.83661 -4.76905 0.80555
v -4.83661 -4.78457 -0.70759
v -5.92361 -3.38320 -0.50034
v -5.92361 -3.03116 1.58381
v -4.83661 -4.28671 2.23985
v -4.83661 -4.76905 0.80555
v -5.92361 -3.37223 0.56961
v -5.92361 -2.39338 2.44297
v -4.83661 -3.38475 3.45489
v -4.83661 -4.28671 2.23985
v -5.92361 -3.03116 1.58381
v -5.92361 -1.52132 3.06300
v -4.83661 -2.15147 4.33174
v -4.83661 -3.38475 3.45489
v -5.92361 -2.39338 2.44297
v -5.92361 -0.50034 3.38320
v -4.83661 -0.70759 4.78457
v -4.83661 -2.15147 4.33174
v -5.92361 -1.52132 3.06300
v -4.83661 0.80555 4.76905
v -3.42000 0.98660 5.84088
v -3.42000 -0.86662 5.85988
v -4.83661 -0.70759 4.78457
v -4.83661 2.23985 4.28671
v -3.42000 2.74324 5.25013
v -3.42000 0.98660 5.84088
v -4.83661 0.80555 4.76905
v -4.83661 3.45489 3.38475
v -3.42000 4.23135 4.14546
v -3.42000 2.74324 5.25013
v -4.83661 2.23985 4.28671
v -4.83661 4.33174 2.15147
v -3.42000 5.30528 2.63501
v -3.42000 4.23135 4.14546
v -4.83661 3.45489 3.38475
v -4.83661 4.78457 0.70759
v -3.42000 5.85988 0.86662
v -3.42000 5.30528 2.63501
v -4.83661 4.33174 2.15147
v -4.83661 4.76905 -0.80555
v -3.42000 5.84088 -0.98660
v -3.42000 5.85988 0.86662
v -4.83661 4.78457 0.70759
v -4.83661 4.28671 -2.23985
v -3.42000 5.25013 -2.74324
v -3.42000 5.84088 -0.98660
v -4.83661 4.76905 -0.80555
v -4.83661 3.38475 -3.45489
v -3.42000 4.14546 -4.23136
v -3.42000 5.25013 -2.74324
v -4.83661 4.28671 -2.23985
v -4.83661 2.15147 -4.33174
v -3.42000 2.63501 -5.30527
v -3.42000 4.14546 -4.23136
v -4.83661 3.38475 -3.45489
v -4.83661 0.70759 -4.78457
v -3.42000 0.86662 -5.85988
v -3.42000 2.63501 -5.30527
v -4.83661 2.15147 -4.33174
v -4.83661 -0.80555 -4.76905
v -3.42000 -0.98660 -5.84088
v -3.42000 0.86662 -5.85988
v -4.83661 0.70759 -4.78457
v -4.83661 -2.23985 -4.28671
v -3.42000 -2.74324 -5.25013
v -3.42000 -0.98660 -5.84088
v -4.83661 -0.80555 -4.76905
v -4.83661 -3.45489 -3.38475
v -3.42000 -4.23136 -4.14546
v -3.42000 -2.74324 -5.25013
v -4.83661 -2.23985 -4.28671
v -4.83661 -4.33174 -2.15147
v -3.42000 -5.30528 -2.63500
v -3.42000 -4.23136 -4.14546
v -4.83661 -3.45489 -3.38475
v -4.83661 -4.78457 -0.70759
v -3.42000 -5.85988 -0.86662
v -3.42000 -5.30528 -2.63500
v -4.83661 -4.33174 -2.15147
v -4.83661 -4.76905 0.80555
v -3.42000 -5.84088 0.98660
v -3.42000 -5.85988 -0.86662
v -4.83661 -4.78457 -0.70759
v -4.83661 -4.28671 2.23985
v -3.42000 -5.25013 2.74324
v -3.42000 -5.84088 0.98660
v -4.83661 -4.76905 0.80555
v -4.83661 -3.38475 3.45489
v -3.42000 -4.14546 4.23135
v -3.42000 -5.25013 2.74324
v -4.83661 -4.28671 2.23985
v -4.83661 -2.15147 4.33174
v -3.42000 -2.63501 5.30528
v -3.42000 -4.14546 4.23135
v -4.83661 -3.38475 3.45489
v -4.83661 -0.70759 4.78457
v -3.42000 -0.86662 5.85988
v -3.42000 -2.63501 5.30528
v -4.83661 -2.15147 4.33174
v -3.42000 0.98660 5.84088
v -1.77032 1.10041 6.51465
v -1.77032 -0.96659 6.53584
v -3.42000 -0.86662 5.85988
v -3.42000 2.74324 5.25013
v -1.77032 3.05969 5.85576
v -1.77032 1.10041 6.51465
v -3.42000 0.98660 5.84088
v -3.42000 4.23135 4.14546
v -1.77032 4.71946 4.62366
v -1.77032 3.05969 5.85576
v -3.42000 2.74324 5.25013
v -3.42000 5.30528 2.63501
v -1.77032 5.91727 2.93897
v -1.77032 4.71946 4.62366
v -3.42000 4.23135 4.14546
v -3.42000 5.85988 0.86662
v -1.77032 6.53584 0.96659
v -1.77032 5.91727 2.93897
v -3.42000 5.30528 2.63501
v -3.42000 5.84088 -0.98660
v -1.77032 6.51465 -1.10041
v -1.77032 6.53584 0.96659
v -3.42000 5.85988 0.86662
v -3.42000 5.25013 -2.74324
v -1.77032 5.85576 -3.05969
v -1.77032 6.51465 -1.10041
v -3.42000 5.84088 -0.98660
v -3.42000 4.14546 -4.23136
v -1.77032 4.62366 -4.71946
v -1.77032 5.85576 -3.05969
v -3.42000 5.25013 -2.74324
v -3.42000 2.63501 -5.30527
v -1.77032 2.93897 -5.91726
v -1.77032 4.62366 -4.71946
v -3.42000 4.14546 -4.23136
v -3.42000 0.86662 -5.85988
v -1.77032 0.96659 -6.53585
v -1.77032 2.93897 -5.91726
v -3.42000 2.63501 -5.30527
v -3.42000 -0.98660 -5.84088
v -1.77032 -1.10041 -6.51465
v -1.77032 0.96659 -6.53585
v -3.42000 0.86662 -5.85988
v -3.42000 -2.74324 -5.25013
v -1.77032 -3.05969 -5.85576
v -1.77032 -1.10041 -6.51465
v -3.42000 -0.98660 -5.84088
v -3.42000 -4.23136 -4.14546
v -1.77032 -4.71946 -4.62366
v -1.77032 -3.05969 -5.85576
v -3.42000 -2.74324 -5.25013
v -3.42000 -5.30528 -2.63500
v -1.77032 -5.91727 -2.93897
v -1.77032 -4.71946 -4.62366
v -3.42000 -4.23136 -4.14546
v -3.42000 -5.85988 -0.86662
v -1.77032 -6.53584 -0.96659
v -1.77032 -5.91727 -2.93897
v -3.42000 -5.30528 -2.63500
v -3.42000 -5.84088 0.98660
v -1.77032 -6.51465 1.10041
v -1.77032 -6.53584 -0.96659
v -3.42000 -5.85988 -0.86662
v -3.42000 -5.25013 2.74324
v -1.77032 -5.85576 3.05969
v -1.77032 -6.51465 1.10041
v -3.42000 -5.84088 0.98660
v -3.42000 -4.14546 4.23135
v -1.77032 -4.62366 4.71946
v -1.77032 -5.85576 3.05969
v -3.42000 -5.25013 2.74324
v -3.42000 -2.63501 5.30528
v -1.77032 -2.93897 5.91727
v -1.77032 -4.62366 4.71946
v -3.42000 -4.14546 4.23135
v -3.42000 -0.86662 5.85988
v -1.77032 -0.96659 6.53585
v -1.77032 -2.93897 5.91727
v -3.42000 -2.63501 5.30528
v -1.77032 1.10041 6.51465
v 0.00000 1.13922 6.74446
v 0.00000 -1.00069 6.76640
v -1.77032 -0.96659 6.53584
v -1.77032 3.05969 5.85576
v 0.00000 3.16762 6.06232
v 0.00000 1.13922 6.74446
v -1.77032 1.10041 6.51465
v -1.77032 4.71946 4.62366
v 0.00000 4.88595 4.78676
v 0.00000 3.16762 6.06232
v -1.77032 3.05969 5.85576
v -1.77032 5.91727 2.93897
v 0.00000 6.12600 3.04264
v 0.00000 4.88595 4.78676
v -1.77032 4.71946 4.62366
v -1.77032 6.53584 0.96659
v 0.00000 6.76640 1.00069
v 0.00000 6.12600 3.04264
v -1.77032 5.91727 2.93897
v -1.77032 6.51465 -1.10041
v 0.00000 6.74446 -1.13923
v 0.00000 6.76640 1.00069
v -1.77032 6.53584 0.96659
v -1.77032 5.85576 -3.05969
v 0.00000 6.06232 -3.16762
v 0.00000 6.74446 -1.13923
v -1.77032 6.51465 -1.10041
v -1.77032 4.62366 -4.71946
v 0.00000 4.78676 -4.88595
v 0.00000 6.06232 -3.16762
v -1.77032 5.85576 -3.05969
v -1.77032 2.93897 -5.91726
v 0.00000 3.04264 -6.12600
v 0.00000 4.78676 -4.88595
v -1.77032 4.62366 -4.71946
v -1.77032 0.96659 -6.53585
v 0.00000 1.00069 -6.76640
v 0.00000 3.04264 -6.12600
v -1.77032 2.93897 -5.91726
v -1.77032 -1.10041 -6.51465
v 0.00000 -1.13923 -6.74446
v 0.00000 1.00069 -6.76640
v -1.77032 0.96659 -6.53585
v -1.77032 -3.05969 -5.85576
v 0.00000 -3.16762 -6.06232
v 0.00000 -1.13923 -6.74446
v -1.77032 -1.10041 -6.51465
v -1.77032 -4.71946 -4.62366
v 0.00000 -4.88595 -4.78676
v 0.00000 -3.16762 -6.06232
v -1.77032 -3.05969 -5.85576
v -1.77032 -5.91727 -2.93897
v 0.00000 -6.12600 -3.04264
v 0.00000 -4.88595 -4.78676
v -1.77032 -4.71946 -4.62366
v -1.77032 -6.53584 -0.96659
v 0.00000 -6.76640 -1.00069
v 0.00000 -6.12600 -3.04264
v -1.77032 -5.91727 -2.93897
v -1.77032 -6.51465 1.10041
v 0.00000 -6.74446 1.13923
v 0.00000 -6.76640 -1.00069
v -1.77032 -6.53584 -0.96659
v -1.77032 -5.85576 3.05969
v 0.00000 -6.06232 3.16762
v 0.00000 -6.74446 1.13923
v -1.77032 -6.51465 1.10041
v -1.77032 -4.62366 4.71946
v 0.00000 -4.78677 4.88595
v 0.00000 -6.06232 3.16762
v -1.77032 -5.85576 3.05969
v -1.77032 -2.93897 5.91727
v 0.00000 -3.04264 6.12600
v 0.00000 -4.78677 4.88595
v -1.77032 -4.62366 4.71946
v -1.77032 -0.96659 6.53585
v 0.00000 -1.00068 6.76640
v 0.00000 -3.04264 6.12600
v -1.77032 -2.93897 5.91727
v 0.00000 1.13922 6.74446
v 1.77032 1.10041 6.51465
v 1.77032 -0.96659 6.53584
v 0.00000 -1.00069 6.76640
v 0.00000 3.16762 6.06232
v 1.77032 3.05969 5.85576
v 1.77032 1.10041 6.51465
v 0.00000 1.13922 6.74446
v 0.00000 4.88595 4.78676
v 1.77032 4.71946 4.62366
v 1.77032 3.05969 5.85576
v 0.00000 3.16762 6.06232
v 0.00000 6.12600 3.04264
v 1.77032 5.91727 2.93897
v 1.77032 4.71946 4.62366
v 0.00000 4.88595 4.78676
v 0.00000 6.76640 1.00069
v 1.77032 6.53584 0.96659
v 1.77032 5.91727 2.93897
v 0.00000 6.12600 3.04264
v 0.00000 6.74446 -1.13923
v 1.77032 6.51465 -1.10041
v 1.77032 6.53584 0.96659
v 0.00000 6.76640 1.00069
v 0.00000 6.06232 -3.16762
v 1.77032 5.85576 -3.05969
v 1.77032 6.51465 -1.10041
v 0.00000 6.74446 -1.13923
v 0.00000 4.78676 -4.88595
v 1.77032 4.62366 -4.71946
v 1.77032 5.85576 -3.05969
v 0.00000 6.06232 -3.16762
v 0.00000 3.04264 -6.12600
v 1.77032 2.93897 -5.91727
v 1.77032 4.62366 -4.71946
v 0.00000 4.78676 -4.88595
v 0.00000 1.00069 -6.76640
v 1.77032 0.96659 -6.53584
v 1.77032 2.93897 -5.91727
v 0.00000 3.04264 -6.12600
v 0.00000 -1.13923 -6.74446
v 1.77032 -1.10041 -6.51465
v 1.77032 0.96659 -6.53584
v 0.00000 1.00069 -6.76640
v 0.00000 -3.16762 -6.06232
v 1.77032 -3.05969 -5.85576
v 1.77032 -1.10041 -6.51465
v 0.00000 -1.13923 -6.74446
v 0.00000 -4.88595 -4.78676
v 1.77032 -4.71946 -4.62366
v 1.77032 -3.05969 -5.85576
v 0.00000 -3.16762 -6.06232
v 0.00000 -6.12600 -3.04264
v 1.77032 -5.91727 -2.93897
v 1.77032 -4.71946 -4.62366
v 0.00000 -4.88595 -4.78676
v 0.00000 -6.76640 -1.00069
v 1.77032 -6.53584 -0.96659
v 1.77032 -5.91727 -2.93897
v 0.00000 -6.12600 -3.04264
v 0.00000 -6.74446 1.13923
v 1.77032 -6.51465 1.10041
v 1.77032 -6.53584 -0.96659
v 0.00000 -6.76640 -1.00069
v 0.00000 -6.06232 3.16762
v 1.77032 -5.85575 3.05969
v 1.77032 -6.51465 1.10041
v 0.00000 -6.74446 1.13923
v 0.00000 -4.78677 4.88595
v 1.77032 -4.62366 4.71946
v 1.77032 -5.85575 3.05969
v 0.00000 -6.06232 3.16762
v 0.00000 -3.04264 6.12600
v 1.77032 -2.93897 5.91727
v 1.77032 -4.62366 4.71946
v 0.00000 -4.78677 4.88595
v 0.00000 -1.00068 6.76640
v 1.77032 -0.96659 6.53584
v 1.77032 -2.93897 5.91727
v 0.00000 -3.04264 6.12600
v 1.77032 1.10041 6.51465
v 3.42000 0.98660 5.84088
v 3.42000 -0.86662 5.85988
v 1.77032 -0.96659 6.53584
v 1.77032 3.05969 5.85576
v 3.42000 2.74324 5.25013
v 3.42000 0.98660 5.84088
v 1.77032 1.10041 6.51465
v 1.77032 4.71946 4.62366
v 3.42000 4.23135 4.14546
v 3.42000 2.74324 5.25013
v 1.77032 3.05969 5.85576
v 1.77032 5.91727 2.93897
v 3.42000 5.30527 2.63501
v 3.42000 4.23135 4.14546
v 1.77032 4.71946 4.62366
v 1.77032 6.53584 0.96659
v 3.42000 5.85988 0.86662
v 3.42000 5.30527 2.63501
v 1.77032 5.91727 2.93897
v 1.77032 6.51465 -1.10041
v 3.42000 5.84088 -0.98660
v 3.42000 5.85988 0.86662
v 1.77032 6.53584 0.96659
v 1.77032 5.85576 -3.05969
v 3.42000 5.25013 -2.74324
v 3.42000 5.84088 -0.98660
v 1.77032 6.51465 -1.10041
v 1.77032 4.62366 -4.71946
v 3.42000 4.14546 -4.23135
v 3.42000 5.25013 -2.74324
v 1.77032 5.85576 -3.05969
v 1.77032 2.93897 -5.91727
v 3.42000 2.63501 -5.30527
v 3.42000 4.14546 -4.23135
v 1.77032 4.62366 -4.71946
v 1.77032 0.96659 -6.53584
v 3.42000 0.86662 -5.85988
v 3.42000 2.63501 -5.30527
v 1.77032 2.93897 -5.91727
v 1.77032 -1.10041 -6.51465
v 3.42000 -0.98660 -5.84088
v 3.42000 0.86662 -5.85988
v 1.77032 0.96659 -6.53584
v 1.77032 -3.05969 -5.85576
v 3.42000 -2.74324 -5.25013
v 3.42000 -0.98660 -5.84088
v 1.77032 -1.10041 -6.51465
v 1.77032 -4.71946 -4.62366
v 3.42000 -4.23136 -4.14546
v 3.42000 -2.74324 -5.25013
v 1.77032 -3.05969 -5.85576
v 1.77032 -5.91727 -2.93897
v 3.42000 -5.30528 -2.63500
v 3.42000 -4.23136 -4.14546
v 1.77032 -4.71946 -4.62366
v 1.77032 -6.53584 -0.96659
v 3.42000 -5.85988 -0.86662
v 3.42000 -5.30528 -2.63500
v 1.77032 -5.91727 -2.93897
v 1.77032 -6.51465 1.10041
v 3.42000 -5.84088 0.98660
v 3.42000 -5.85988 -0.86662
v 1.77032 -6.53584 -0.96659
v 1.77032 -5.85575 3.05969
v 3.42000 -5.25013 2.74324
v 3.42000 -5.84088 0.98660
v 1.77032 -6.51465 1.10041
v 1.77032 -4.62366 4.71946
v 3.42000 -4.14546 4.23135
v 3.42000 -5.25013 2.74324
v 1.77032 -5.85575 3.05969
v 1.77032 -2.93897 5.91727
v 3.42000 -2.63501 5.30527
v 3.42000 -4.14546 4.23135
v 1.77032 -4.62366 4.71946
v 1.77032 -0.96659 6.53584
v 3.42000 -0.86662 5.85988
v 3.42000 -2.63501 5.30527
v 1.77032 -2.93897 5.91727
v 3.42000 0.98660 5.84088
v 4.83661 0.80555 4.76905
v 4.83661 -0.70759 4.78457
v 3.42000 -0.86662 5.85988
v 3.42000 2.74324 5.25013
v 4.83661 2.23985 4.28671
v 4.83661 0.80555 4.76905
v 3.42000 0.98660 5.84088
v 3.42000 4.23135 4.14546
v 4.83661 3.45489 3.38475
v 4.83661 2.23985 4.28671
v 3.42000 2.74324 5.25013
v 3.42000 5.30527 2.63501
v 4.83661 4.33174 2.15147
v 4.83661 3.45489 3.38475
v 3.42000 4.23135 4.14546
v 3.42000 5.85988 0.86662
v 4.83661 4.78457 0.70759
v 4.83661 4.33174 2.15147
v 3.42000 5.30527 2.63501
v 3.42000 5.84088 -0.98660
v 4.83661 4.76905 -0.80555
v 4.83661 4.78457 0.70759
v 3.42000 5.85988 0.86662
v 3.42000 5.25013 -2.74324
v 4.83661 4.28671 -2.23985
v 4.83661 4.76905 -0.80555
v 3.42000 5.84088 -0.98660
v 3.42000 4.14546 -4.23135
v 4.83661 3.38475 -3.45489
v 4.83661 4.28671 -2.23985
v 3.42000 5.25013 -2.74324
v 3.42000 2.63501 -5.30527
v 4.83661 2.15147 -4.33174
v 4.83661 3.38475 -3.45489
v 3.42000 4.14546 -4.23135
v 3.42000 0.86662 -5.85988
v 4.83661 0.70759 -4.78457
v 4.83661 2.15147 -4.33174
v 3.42000 2.63501 -5.30527
v 3.42000 -0.98660 -5.84088
v 4.83661 -0.80555 -4.76905
v 4.83661 0.70759 -4.78457
v 3.42000 0.86662 -5.85988
v 3.42000 -2.74324 -5.25013
v 4.83661 -2.23985 -4.28671
v 4.83661 -0.80555 -4.76905
v 3.42000 -0.98660 -5.84088
v 3.42000 -4.23136 -4.14546
v 4.83661 -3.45489 -3.38475
v 4.83661 -2.23985 -4.28671
v 3.42000 -2.74324 -5.25013
v 3.42000 -5.30528 -2.63500
v 4.83661 -4.33174 -2.15147
v 4.83661 -3.45489 -3.38475
v 3.42000 -4.23136 -4.14546
v 3.42000 -5.85988 -0.86662
v 4.83661 -4.78457 -0.70759
v 4.83661 -4.33174 -2.15147
v 3.42000 -5.30528 -2.63500
v 3.42000 -5.84088 0.98660
v 4.83661 -4.76905 0.80555
v 4.83661 -4.78457 -0.70759
v 3.42000 -5.85988 -0.86662
v 3.42000 -5.25013 2.74324
v 4.83661 -4.28671 2.23985
v 4.83661 -4.76905 0.80555
v 3.42000 -5.84088 0.98660
v 3.42000 -4.14546 4.23135
v 4.83661 -3.38475 3.45489
v 4.83661 -4.28671 2.23985
v 3.42000 -5.25013 2.74324
v 3.42000 -2.63501 5.30527
v 4.83661 -2.15147 4.33174
v 4.83661 -3.38475 3.45489
v 3.42000 -4.14546 4.23135
v 3.42000 -0.86662 5.85988
v 4.83661 -0.70759 4.78457
v 4.83661 -2.15147 4.33174
v 3.42000 -2.63501 5.30527
v 4.83661 0.80555 4.76905
v 5.92361 0.56961 3.37223
v 5.92361 -0.50034 3.38320
v 4.83661 -0.70759 4.78457
v 4.83661 2.23985 4.28671
v 5.92361 1.58381 3.03116
v 5.92361 0.56961 3.37223
v 4.83661 0.80555 4.76905
v 4.83661 3.45489 3.38475
v 5.92361 2.44297 2.39338
v 5.92361 1.58381 3.03116
v 4.83661 2.23985 4.28671
v 4.83661 4.33174 2.15147
v 5.92361 3.06300 1.52132
v 5.92361 2.44297 2.39338
v 4.83661 3.45489 3.38475
v 4.83661 4.78457 0.70759
v 5.92361 3.38320 0.50034
v 5.92361 3.06300 1.52132
v 4.83661 4.33174 2.15147
v 4.83661 4.76905 -0.80555
v 5.92361 3.37223 -0.56961
v 5.92361 3.38320 0.50034
v 4.83661 4.78457 0.70759
v 4.83661 4.28671 -2.23985
v 5.92361 3.03116 -1.58381
v 5.92361 3.37223 -0.56961
v 4.83661 4.76905 -0.80555
v 4.83661 3.38475 -3.45489
v 5.92361 2.39338 -2.44297
v 5.92361 3.03116 -1.58381
v 4.83661 4.28671 -2.23985
v 4.83661 2.15147 -4.33174
v 5.92361 1.52132 -3.06300
v 5.92361 2.39338 -2.44297
v 4.83661 3.38475 -3.45489
v 4.83661 0.70759 -4.78457
v 5.92361 0.50034 -3.38320
v 5.92361 1.52132 -3.06300
v 4.83661 2.15147 -4.33174
v 4.83661 -0.80555 -4.76905
v 5.92361 -0.56961 -3.37223
v 5.92361 0.50034 -3.38320
v 4.83661 0.70759 -4.78457
v 4.83661 -2.23985 -4.28671
v 5.92361 -1.58381 -3.03116
v 5.92361 -0.56961 -3.37223
v 4.83661 -0.80555 -4.76905
v 4.83661 -3.45489 -3.38475
v 5.92361 -2.44297 -2.39338
v 5.92361 -1.58381 -3.03116
v 4.83661 -2.23985 -4.28671
v 4.83661 -4.33174 -2.15147
v 5.92361 -3.06300 -1.52132
v 5.92361 -2.44297 -2.39338
v 4.83661 -3.45489 -3.38475
v 4.83661 -4.78457 -0.70759
v 5.92361 -3.38320 -0.50034
v 5.92361 -3.06300 -1.52132
v 4.83661 -4.33174 -2.15147
v 4.83661 -4.76905 0.80555
v 5.92361 -3.37223 0.56961
v 5.92361 -3.38320 -0.50034
v 4.83661 -4.78457 -0.70759
v 4.83661 -4.28671 2.23985
v 5.92361 -3.03116 1.58381
v 5.92361 -3.37223 0.56961
v 4.83661 -4.76905 0.80555
v 4.83661 -3.38475 3.45489
v 5.92361 -2.39338 2.44297
v 5.92361 -3.03116 1.58381
v 4.83661 -4.28671 2.23985
v 4.83661 -2.15147 4.33174
v 5.92361 -1.52132 3.06300
v 5.92361 -2.39338 2.44297
v 4.83661 -3.38475 3.45489
v 4.83661 -0.70759 4.78457
v 5.92361 -0.50034 3.38320
v 5.92361 -1.52132 3.06300
v 4.83661 -2.15147 4.33174
v 5.92361 0.56961 3.37223
v 6.60693 0.29485 1.74559
v 6.60693 -0.25900 1.75127
v 5.92361 -0.50034 3.38320
v 5.92361 1.58381 3.03116
v 6.60693 0.81984 1.56904
v 6.60693 0.29485 1.74559
v 5.92361 0.56961 3.37223
v 5.92361 2.44297 2.39338
v 6.60693 1.26458 1.23891
v 6.60693 0.81984 1.56904
v 5.92361 1.58381 3.03116
v 5.92361 3.06300 1.52132
v 6.60693 1.58553 0.78749
v 6.60693 1.26458 1.23891
v 5.92361 2.44297 2.39338
v 5.92361 3.38320 0.50034
v 6.60693 1.75127 0.25900
v 6.60693 1.58553 0.78749
v 5.92361 3.06300 1.52132
v 5.92361 3.37223 -0.56961
v 6.60693 1.74559 -0.29485
v 6.60693 1.75127 0.25900
v 5.92361 3.38320 0.50034
v 5.92361 3.03116 -1.58381
v 6.60693 1.56904 -0.81984
v 6.60693 1.74559 -0.29485
v 5.92361 3.37223 -0.56961
v 5.92361 2.39338 -2.44297
v 6.60693 1.23891 -1.26458
v 6.60693 1.56904 -0.81984
v 5.92361 3.03116 -1.58381
v 5.92361 1.52132 -3.06300
v 6.60693 0.78749 -1.58553
v 6.60693 1.23891 -1.26458
v 5.92361 2.39338 -2.44297
v 5.92361 0.50034 -3.38320
v 6.60693 0.25900 -1.75127
v 6.60693 0.78749 -1.58553
v 5.92361 1.52132 -3.06300
v 5.92361 -0.56961 -3.37223
v 6.60693 -0.29485 -1.74559
v 6.60693 0.25900 -1.75127
v 5.92361 0.50034 -3.38320
v 5.92361 -1.58381 -3.03116
v 6.60693 -0.81984 -1.56904
v 6.60693 -0.29485 -1.74559
v 5.92361 -0.56961 -3.37223
v 5.92361 -2.44297 -2.39338
v 6.60693 -1.26458 -1.23891
v 6.60693 -0.81984 -1.56904
v 5.92361 -1.58381 -3.03116
v 5.92361 -3.06300 -1.52132
v 6.60693 -1.58553 -0.78749
v 6.60693 -1.26458 -1.23891
v 5.92361 -2.44297 -2.39338
v 5.92361 -3.38320 -0.50034
v 6.60693 -1.75127 -0.25900
v 6.60693 -1.58553 -0.78749
v 5.92361 -3.06300 -1.52132
v 5.92361 -3.37223 0.56961
v 6.60693 -1.74559 0.29485
v 6.60693 -1.75127 -0.25900
v 5.92361 -3.38320 -0.50034
v 5.92361 -3.03116 1.58381
v 6.60693 -1.56904 0.81984
v 6.60693 -1.74559 0.29485
v 5.92361 -3.37223 0.56961
v 5.92361 -2.39338 2.44297
v 6.60693 -1.23891 1.26458
v 6.60693 -1.56904 0.81984
v 5.92361 -3.03116 1.58381
v 5.92361 -1.52132 3.06300
v 6.60693 -0.78749 1.58553
v 6.60693 -1.23891 1.26458
v 5.92361 -2.39338 2.44297
v 5.92361 -0.50034 3.38320
v 6.60693 -0.25900 1.75127
v 6.60693 -0.78749 1.58553
v 5.92361 -1.52132 3.06300
v 6.60693 0.29485 1.74559
v 6.84000 0.00000 -0.00000
v 6.60693 -0.25900 1.75127
v 6.60693 0.81984 1.56904
v 6.84000 -0.00000 -0.00000
v 6.60693 0.29485 1.74559
v 6.60693 1.26458 1.23891
v 6.84000 -0.00000 -0.00000
v 6.60693 0.81984 1.56904
v 6.60693 1.58553 0.78749
v 6.84000 -0.00000 -0.00000
v 6.60693 1.26458 1.23891
v 6.60693 1.75127 0.25900
v 6.84000 -0.00000 -0.00000
v 6.60693 1.58553 0.78749
v 6.60693 1.74559 -0.29485
v 6.84000 -0.00000 -0.00000
v 6.60693 1.75127 0.25900
v 6.60693 1.56904 -0.81984
v 6.84000 -0.00000 0.00000
v 6.60693 1.74559 -0.29485
v 6.60693 1.23891 -1.26458
v 6.84000 -0.00000 0.00000
v 6.60693 1.56904 -0.81984
v 6.60693 0.78749 -1.58553
v 6.84000 -0.00000 0.00000
v 6.60693 1.23891 -1.26458
v 6.60693 0.25900 -1.75127
v 6.84000 -0.00000 0.00000
v 6.60693 0.78749 -1.58553
v 6.60693 -0.29485 -1.74559
v 6.84000 -0.00000 0.00000
v 6.60693 0.25900 -1.75127
v 6.60693 -0.81984 -1.56904
v 6.84000 0.00000 0.00000
v 6.60693 -0.29485 -1.74559
v 6.60693 -1.26458 -1.23891
v 6.84000 0.00000 0.00000
v 6.60693 -0.81984 -1.56904
v 6.60693 -1.58553 -0.78749
v 6.84000 0.00000 0.00000
v 6.60693 -1.26458 -1.23891
v 6.60693 -1.75127 -0.25900
v 6.84000 0.00000 0.00000
v 6.60693 -1.58553 -0.78749
v 6.60693 -1.74559 0.29485
v 6.84000 0.00000 0.00000
v 6.60693 -1.75127 -0.25900
v 6.60693 -1.56904 0.81984
v 6.84000 0.00000 -0.00000
v 6.60693 -1.74559 0.29485
v 6.60693 -1.23891 1.26458
v 6.84000 0.00000 -0.00000
v 6.60693 -1.56904 0.81984
v 6.60693 -0.78749 1.58553
v 6.84000 0.00000 -0.00000
v 6.60693 -1.23891 1.26458
v 6.60693 -0.25900 1.75127
v 6.84000 0.00000 -0.00000
v 6.60693 -0.78749 1.58553
v -48.66356 0.23752 1.40617
v -48.66356 -0.20864 1.41075
v -48.85131 -0.00000 0.00000
v -48.66356 0.66043 1.26395
v -48.66356 0.23752 1.40617
v -48.85131 -0.00000 0.00000
v -48.66356 1.01869 0.99801
v -48.66356 0.66043 1.26395
v -48.85131 -0.00000 0.00000
v -48.66356 1.27723 0.63437
v -48.66356 1.01869 0.99801
v -48.85131 -0.00000 0.00000
v -48.66356 1.41075 0.20864
v -48.66356 1.27723 0.63437
v -48.85131 -0.00000 0.00000
v -48.66356 1.40617 -0.23752
v -48.66356 1.41075 0.20864
v -48.85131 -0.00000 0.00000
v -48.66356 1.26395 -0.66043
v -48.66356 1.40617 -0.23752
v -48.85131 -0.00000 0.00000
v -48.66356 0.99801 -1.01869
v -48.66356 1.26395 -0.66043
v -48.85131 -0.00000 0.00000
v -48.66356 0.63437 -1.27723
v -48.66356 0.99801 -1.01869
v -48.85131 -0.00000 0.00000
v -48.66356 0.20864 -1.41075
v -48.66356 0.63437 -1.27723
v -48.85131 -0.00000 0.00000
v -48.66356 -0.23752 -1.40617
v -48.66356 0.20864 -1.41075
v -48.85131 -0.00000 0.00000
v -48.66356 -0.66043 -1.26395
v -48.66356 -0.23752 -1.40617
v -48.85131 -0.00000 0.00000
v -48.66356 -1.01869 -0.99801
v -48.66356 -0.66043 -1.26395
v -48.85131 -0.00000 0.00000
v -48.66356 -1.27723 -0.63437
v -48.66356 -1.01869 -0.99801
v -48.85131 -0.00000 0.00000
v -48.66356 -1.41075 -0.20864
v -48.66356 -1.27723 -0.63437
v -48.85131 -0.00000 0.00000
v -48.66356 -1.40617 0.23752
v -48.66356 -1.41075 -0.20864
v -48.85131 -0.00000 0.00000
v -48.66356 -1.26395 0.66043
v -48.66356 -1.40617 0.23752
v -48.85131 -0.00000 0.00000
v -48.66356 -0.99801 1.01869
v -48.66356 -1.26395 0.66043
v -48.85131 -0.00000 0.00000
v -48.66356 -0.63437 1.27723
v -48.66356 -0.99801 1.01869
v -48.85131 -0.00000 0.00000
v -48.66356 -0.20864 1.41075
v -48.66356 -0.63437 1.27723
v -48.85131 -0.00000 0.00000
v -48.66356 0.23752 1.40617
v -48.11311 0.45885 2.71652
v -48.11311 -0.40305 2.72536
v -48.66356 -0.20864 1.41075
v -48.66356 0.66043 1.26395
v -48.11311 1.27585 2.44177
v -48.11311 0.45885 2.71652
v -48.66356 0.23752 1.40617
v -48.66356 1.01869 0.99801
v -48.11311 1.96795 1.92800
v -48.11311 1.27585 2.44177
v -48.66356 0.66043 1.26395
v -48.66356 1.27723 0.63437
v -48.11311 2.46742 1.22551
v -48.11311 1.96795 1.92800
v -48.66356 1.01869 0.99801
v -48.66356 1.41075 0.20864
v -48.11311 2.72536 0.40305
v -48.11311 2.46742 1.22551
v -48.66356 1.27723 0.63437
v -48.66356 1.40617 -0.23752
v -48.11311 2.71652 -0.45885
v -48.11311 2.72536 0.40305
v -48.66356 1.41075 0.20864
v -48.66356 1.26395 -0.66043
v -48.11311 2.44177 -1.27585
v -48.11311 2.71652 -0.45885
v -48.66356 1.40617 -0.23752
v -48.66356 0.99801 -1.01869
v -48.11311 1.92800 -1.96795
v -48.11311 2.44177 -1.27585
v -48.66356 1.26395 -0.66043
v -48.66356 0.63437 -1.27723
v -48.11311 1.22551 -2.46742
v -48.11311 1.92800 -1.96795
v -48.66356 0.99801 -1.01869
v -48.66356 0.20864 -1.41075
v -48.11311 0.40305 -2.72536
v -48.11311 1.22551 -2.46742
v -48.66356 0.63437 -1.27723
v -48.66356 -0.23752 -1.40617
v -48.11311 -0.45886 -2.71652
v -48.11311 0.40305 -2.72536
v -48.66356 0.20864 -1.41075
v -48.66356 -0.66043 -1.26395
v -48.11311 -1.27585 -2.44177
v -48.11311 -0.45886 -2.71652
v -48.66356 -0.23752 -1.40617
v -48.66356 -1.01869 -0.99801
v -48.11311 -1.96795 -1.92800
v -48.11311 -1.27585 -2.44177
v -48.66356 -0.66043 -1.26395
v -48.66356 -1.27723 -0.63437
v -48.11311 -2.46742 -1.22551
v -48.11311 -1.96795 -1.92800
v -48.66356 -1.01869 -0.99801
v -48.66356 -1.41075 -0.20864
v -48.11311 -2.72536 -0.40305
v -48.11311 -2.46742 -1.22551
v -48.66356 -1.27723 -0.63437
v -48.66356 -1.40617 0.23752
v -48.11311 -2.71652 0.45885
v -48.11311 -2.72536 -0.40305
v -48.66356 -1.41075 -0.20864
v -48.66356 -1.26395 0.66043
v -48.11311 -2.44177 1.27585
v -48.11311 -2.71652 0.45885
v -48.66356 -1.40617 0.23752
v -48.66356 -0.99801 1.01869
v -48.11311 -1.92800 1.96795
v -48.11311 -2.44177 1.27585
v -48.66356 -1.26395 0.66043
v -48.66356 -0.63437 1.27723
v -48.11311 -1.22551 2.46742
v -48.11311 -1.92800 1.96795
v -48.66356 -0.99801 1.01869
v -48.66356 -0.20864 1.41075
v -48.11311 -0.40305 2.72536
v -48.11311 -1.22551 2.46742
v -48.66356 -0.63437 1.27723
v -48.11311 0.45885 2.71652
v -47.23747 0.64892 3.84174
v -47.23747 -0.57000 3.85424
v -48.11311 -0.40305 2.72536
v -48.11311 1.27585 2.44177
v -47.23747 1.80432 3.45318
v -47.23747 0.64892 3.84174
v -48.11311 0.45885 2.71652
v -48.11311 1.96795 1.92800
v -47.23747 2.78310 2.72661
v -47.23747 1.80432 3.45318
v -48.11311 1.27585 2.44177
v -48.11311 2.46742 1.22551
v -47.23747 3.48946 1.73313
v -47.23747 2.78310 2.72661
v -48.11311 1.96795 1.92800
v -48.11311 2.72536 0.40305
v -47.23747 3.85424 0.57000
v -47.23747 3.48946 1.73313
v -48.11311 2.46742 1.22551
v -48.11311 2.71652 -0.45885
v -47.23747 3.84174 -0.64892
v -47.23747 3.85424 0.57000
v -48.11311 2.72536 0.40305
v -48.11311 2.44177 -1.27585
v -47.23747 3.45318 -1.80432
v -47.23747 3.84174 -0.64892
v -48.11311 2.71652 -0.45885
v -48.11311 1.92800 -1.96795
v -47.23747 2.72661 -2.78310
v -47.23747 3.45318 -1.80432
v -48.11311 2.44177 -1.27585
v -48.11311 1.22551 -2.46742
v -47.23747 1.73313 -3.48946
v -47.23747 2.72661 -2.78310
v -48.11311 1.92800 -1.96795
v -48.11311 0.40305 -2.72536
v -47.23747 0.57000 -3.85424
v -47.23747 1.73313 -3.48946
v -48.11311 1.22551 -2.46742
v -48.11311 -0.45886 -2.71652
v -47.23747 -0.64892 -3.84174
v -47.23747 0.57000 -3.85424
v -48.11311 0.40305 -2.72536
v -48.11311 -1.27585 -2.44177
v -47.23747 -1.80432 -3.45318
v -47.23747 -0.64892 -3.84174
v -48.11311 -0.45886 -2.71652
v -48.11311 -1.96795 -1.92800
v -47.23747 -2.78310 -2.72661
v -47.23747 -1.80432 -3.45318
v -48.11311 -1.27585 -2.44177
v -48.11311 -2.46742 -1.22551
v -47.23747 -3.48946 -1.73313
v -47.23747 -2.78310 -2.72661
v -48.11311 -1.96795 -1.92800
v -48.11311 -2.72536 -0.40305
v -47.23747 -3.85424 -0.57000
v -47.23747 -3.48946 -1.73313
v -48.11311 -2.46742 -1.22551
v -48.11311 -2.71652 0.45885
v -47.23747 -3.84174 0.64892
v -47.23747 -3.85424 -0.57000
v -48.11311 -2.72536 -0.40305
v -48.11311 -2.44177 1.27585
v -47.23747 -3.45318 1.80432
v -47.23747 -3.84174 0.64892
v -48.11311 -2.71652 0.45885
v -48.11311 -1.92800 1.96795
v -47.23747 -2.72661 2.78310
v -47.23747 -3.45318 1.80432
v -48.11311 -2.44177 1.27585
v -48.11311 -1.22551 2.46742
v -47.23747 -1.73313 3.48946
v -47.23747 -2.72661 2.78310
v -48.11311 -1.92800 1.96795
v -48.11311 -0.40305 2.72536
v -47.23747 -0.57000 3.85424
v -47.23747 -1.73313 3.48946
v -48.11311 -1.22551 2.46742
v -47.23747 0.64892 3.84174
v -46.09631 0.79476 4.70515
v -46.09631 -0.69811 4.72046
v -47.23747 -0.57000 3.85424
v -47.23747 1.80432 3.45318
v -46.09631 2.20983 4.22927
v -46.09631 0.79476 4.70515
v -47.23747 0.64892 3.84174
v -47.23747 2.78310 2.72661
v -46.09631 3.40859 3.33940
v -46.09631 2.20983 4.22927
v -47.23747 1.80432 3.45318
v -47.23747 3.48946 1.73313
v -46.09631 4.27369 2.12264
v -46.09631 3.40859 3.33940
v -47.23747 2.78310 2.72661
v -47.23747 3.85424 0.57000
v -46.09631 4.72046 0.69811
v -46.09631 4.27369 2.12264
v -47.23747 3.48946 1.73313
v -47.23747 3.84174 -0.64892
v -46.09631 4.70515 -0.79476
v -46.09631 4.72046 0.69811
v -47.23747 3.85424 0.57000
v -47.23747 3.45318 -1.80432
v -46.09631 4.22927 -2.20983
v -46.09631 4.70515 -0.79476
v -47.23747 3.84174 -0.64892
v -47.23747 2.72661 -2.78310
v -46.09631 3.33940 -3.40859
v -46.09631 4.22927 -2.20983
v -47.23747 3.45318 -1.80432
v -47.23747 1.73313 -3.48946
v -46.09631 2.12264 -4.27369
v -46.09631 3.33940 -3.40859
v -47.23747 2.72661 -2.78310
v -47.23747 0.57000 -3.85424
v -46.09631 0.69811 -4.72046
v -46.09631 2.12264 -4.27369
v -47.23747 1.73313 -3.48946
v -47.23747 -0.64892 -3.84174
v -46.09631 -0.79476 -4.70515
v -46.09631 0.69811 -4.72046
v -47.23747 0.57000 -3.85424
v -47.23747 -1.80432 -3.45318
v -46.09631 -2.20983 -4.22927
v -46.09631 -0.79476 -4.70515
v -47.23747 -0.64892 -3.84174
v -47.23747 -2.78310 -2.72661
v -46.09631 -3.40859 -3.33940
v -46.09631 -2.20983 -4.22927
v -47.23747 -1.80432 -3.45318
v -47.23747 -3.48946 -1.73313
v -46.09631 -4.27369 -2.12264
v -46.09631 -3.40859 -3.33940
v -47.23747 -2.78310 -2.72661
v -47.23747 -3.85424 -0.57000
v -46.09631 -4.72046 -0.69811
v -46.09631 -4.27369 -2.12264
v -47.23747 -3.48946 -1.73313
v -47.23747 -3.84174 0.64892
v -46.09631 -4.70515 0.79476
v -46.09631 -4.72046 -0.69811
v -47.23747 -3.85424 -0.57000
v -47.23747 -3.45318 1.80432
v -46.09631 -4.22927 2.20983
v -46.09631 -4.70515 0.79476
v -47.23747 -3.84174 0.64892
v -47.23747 -2.72661 2.78310
v -46.09631 -3.33940 3.40859
v -46.09631 -4.22927 2.20983
v -47.23747 -3.45318 1.80432
v -47.23747 -1.73313 3.48946
v -46.09631 -2.12264 4.27369
v -46.09631 -3.33940 3.40859
v -47.23747 -2.72661 2.78310
v -47.23747 -0.57000 3.85424
v -46.09631 -0.69811 4.72046
v -46.09631 -2.12264 4.27369
v -47.23747 -1.73313 3.48946
v -46.09631 0.79476 4.70515
v -44.76740 0.88644 5.24791
v -44.76740 -0.77864 5.26499
v -46.09631 -0.69811 4.72046
v -46.09631 2.20983 4.22927
v -44.76740 2.46475 4.71714
v -44.76740 0.88644 5.24791
v -46.09631 0.79476 4.70515
v -46.09631 3.40859 3.33940
v -44.76740 3.80179 3.72461
v -44.76740 2.46475 4.71714
v -46.09631 2.20983 4.22927
v -46.09631 4.27369 2.12264
v -44.76740 4.76669 2.36750
v -44.76740 3.80179 3.72461
v -46.09631 3.40859 3.33940
v -46.09631 4.72046 0.69811
v -44.76740 5.26499 0.77864
v -44.76740 4.76669 2.36750
v -46.09631 4.27369 2.12264
v -46.09631 4.70515 -0.79476
v -44.76740 5.24791 -0.88644
v -44.76740 5.26499 0.77864
v -46.09631 4.72046 0.69811
v -46.09631 4.22927 -2.20983
v -44.76740 4.71714 -2.46475
v -44.76740 5.24791 -0.88644
v -46.09631 4.70515 -0.79476
v -46.09631 3.33940 -3.40859
v -44.76740 3.72461 -3.80179
v -44.76740 4.71714 -2.46475
v -46.09631 4.22927 -2.20983
v -46.09631 2.12264 -4.27369
v -44.76740 2.36750 -4.76669
v -44.76740 3.72461 -3.80179
v -46.09631 3.33940 -3.40859
v -46.09631 0.69811 -4.72046
v -44.76740 0.77864 -5.26499
v -44.76740 2.36750 -4.76669
v -46.09631 2.12264 -4.27369
v -46.09631 -0.79476 -4.70515
v -44.76740 -0.88644 -5.24791
v -44.76740 0.77864 -5.26499
v -46.09631 0.69811 -4.72046
v -46.09631 -2.20983 -4.22927
v -44.76740 -2.46475 -4.71714
v -44.76740 -0.88644 -5.24791
v -46.09631 -0.79476 -4.70515
v -46.09631 -3.40859 -3.33940
v -44.76740 -3.80179 -3.72461
v -44.76740 -2.46475 -4.71714
v -46.09631 -2.20983 -4.22927
v -46.09631 -4.27369 -2.12264
v -44.76740 -4.76669 -2.36750
v -44.76740 -3.80179 -3.72461
v -46.09631 -3.40859 -3.33940
v -46.09631 -4.72046 -0.69811
v -44.76740 -5.26499 -0.77864
v -44.76740 -4.76669 -2.36750
v -46.09631 -4.27369 -2.12264
v -46.09631 -4.70515 0.79476
v -44.76740 -5.24791 0.88644
v -44.76740 -5.26499 -0.77864
v -46.09631 -4.72046 -0.69811
v -46.09631 -4.22927 2.20983
v -44.76740 -4.71714 2.46475
v -44.76740 -5.24791 0.88644
v -46.09631 -4.70515 0.79476
v -46.09631 -3.33940 3.40859
v -44.76740 -3.72462 3.80179
v -44.76740 -4.71714 2.46475
v -46.09631 -4.22927 2.20983
v -46.09631 -2.12264 4.27369
v -44.76740 -2.36750 4.76669
v -44.76740 -3.72462 3.80179
v -46.09631 -3.33940 3.40859
v -46.09631 -0.69811 4.72046
v -44.76740 -0.77864 5.26499
v -44.76740 -2.36750 4.76669
v -46.09631 -2.12264 4.27369
v -44.76740 0.88644 5.24791
v -43.34131 0.91771 5.43304
v -43.34131 -0.80611 5.45071
v -44.76740 -0.77864 5.26499
v -44.76740 2.46475 4.71714
v -43.34131 2.55169 4.88354
v -43.34131 0.91771 5.43304
v -44.76740 0.88644 5.24791
v -44.76740 3.80179 3.72461
v -43.34131 3.93590 3.85600
v -43.34131 2.55169 4.88354
v -44.76740 2.46475 4.71714
v -44.76740 4.76669 2.36750
v -43.34131 4.93484 2.45102
v -43.34131 3.93590 3.85600
v -44.76740 3.80179 3.72461
v -44.76740 5.26499 0.77864
v -43.34131 5.45071 0.80611
v -43.34131 4.93484 2.45102
v -44.76740 4.76669 2.36750
v -44.76740 5.24791 -0.88644
v -43.34131 5.43304 -0.91771
v -43.34131 5.45071 0.80611
v -44.76740 5.26499 0.77864
v -44.76740 4.71714 -2.46475
v -43.34131 4.88354 -2.55170
v -43.34131 5.43304 -0.91771
v -44.76740 5.24791 -0.88644
v -44.76740 3.72461 -3.80179
v -43.34131 3.85600 -3.93590
v -43.34131 4.88354 -2.55170
v -44.76740 4.71714 -2.46475
v -44.76740 2.36750 -4.76669
v -43.34131 2.45102 -4.93484
v -43.34131 3.85600 -3.93590
v -44.76740 3.72461 -3.80179
v -44.76740 0.77864 -5.26499
v -43.34131 0.80611 -5.45071
v -43.34131 2.45102 -4.93484
v -44.76740 2.36750 -4.76669
v -44.76740 -0.88644 -5.24791
v -43.34131 -0.91771 -5.43304
v -43.34131 0.80611 -5.45071
v -44.76740 0.77864 -5.26499
v -44.76740 -2.46475 -4.71714
v -43.34131 -2.55169 -4.88354
v -43.34131 -0.91771 -5.43304
v -44.76740 -0.88644 -5.24791
v -44.76740 -3.80179 -3.72461
v -43.34131 -3.93590 -3.85600
v -43.34131 -2.55169 -4.88354
v -44.76740 -2.46475 -4.71714
v -44.76740 -4.76669 -2.36750
v -43.34131 -4.93484 -2.45102
v -43.34131 -3.93590 -3.85600
v -44.76740 -3.80179 -3.72461
v -44.76740 -5.26499 -0.77864
v -43.34131 -5.45071 -0.80611
v -43.34131 -4.93484 -2.45102
v -44.76740 -4.76669 -2.36750
v -44.76740 -5.24791 0.88644
v -43.34131 -5.43304 0.91771
v -43.34131 -5.45071 -0.80611
v -44.76740 -5.26499 -0.77864
v -44.76740 -4.71714 2.46475
v -43.34131 -4.88354 2.55170
v -43.34131 -5.43304 0.91771
v -44.76740 -5.24791 0.88644
v -44.76740 -3.72462 3.80179
v -43.34131 -3.85601 3.93590
v -43.34131 -4.88354 2.55170
v -44.76740 -4.71714 2.46475
v -44.76740 -2.36750 4.76669
v -43.34131 -2.45102 4.93484
v -43.34131 -3.85601 3.93590
v -44.76740 -3.72462 3.80179
v -44.76740 -0.77864 5.26499
v -43.34131 -0.80611 5.45071
v -43.34131 -2.45102 4.93484
v -44.76740 -2.36750 4.76669
v -43.34131 0.91771 5.43304
v -41.91521 0.88644 5.24791
v -41.91521 -0.77864 5.26499
v -43.34131 -0.80611 5.45071
v -43.34131 2.55169 4.88354
v -41.91521 2.46475 4.71714
v -41.91521 0.88644 5.24791
v -43.34131 0.91771 5.43304
v -43.34131 3.93590 3.85600
v -41.91521 3.80179 3.72461
v -41.91521 2.46475 4.71714
v -43.34131 2.55169 4.88354
v -43.34131 4.93484 2.45102
v -41.91521 4.76669 2.36750
v -41.91521 3.80179 3.72461
v -43.34131 3.93590 3.85600
v -43.34131 5.45071 0.80611
v -41.91521 5.26499 0.77864
v -41.91521 4.76669 2.36750
v -43.34131 4.93484 2.45102
v -43.34131 5.43304 -0.91771
v -41.91521 5.24791 -0.88644
v -41.91521 5.26499 0.77864
v -43.34131 5.45071 0.80611
v -43.34131 4.88354 -2.55170
v -41.91521 4.71714 -2.46475
v -41.91521 5.24791 -0.88644
v -43.34131 5.43304 -0.91771
v -43.34131 3.85600 -3.93590
v -41.91521 3.72461 -3.80179
v -41.91521 4.71714 -2.46475
v -43.34131 4.88354 -2.55170
v -43.34131 2.45102 -4.93484
v -41.91521 2.36750 -4.76669
v -41.91521 3.72461 -3.80179
v -43.34131 3.85600 -3.93590
v -43.34131 0.80611 -5.45071
v -41.91521 0.77864 -5.26499
v -41.91521 2.36750 -4.76669
v -43.34131 2.45102 -4.93484
v -43.34131 -0.91771 -5.43304
v -41.91521 -0.88644 -5.24791
v -41.91521 0.77864 -5.26499
v -43.34131 0.80611 -5.45071
v -43.34131 -2.55169 -4.88354
v -41.91521 -2.46475 -4.71714
v -41.91521 -0.88644 -5.24791
v -43.34131 -0.91771 -5.43304
v -43.34131 -3.93590 -3.85600
v -41.91521 -3.80179 -3.72461
v -41.91521 -2.46475 -4.71714
v -43.34131 -2.55169 -4.88354
v -43.34131 -4.93484 -2.45102
v -41.91521 -4.76669 -2.36750
v -41.91521 -3.80179 -3.72461
v -43.34131 -3.93590 -3.85600
v -43.34131 -5.45071 -0.80611
v -41.91521 -5.26499 -0.77864
v -41.91521 -4.76669 -2.36750
v -43.34131 -4.93484 -2.45102
v -43.34131 -5.43304 0.91771
v -41.91521 -5.24791 0.88644
v -41.91521 -5.26499 -0.77864
v -43.34131 -5.45071 -0.80611
v -43.34131 -4.88354 2.55170
v -41.91521 -4.71714 2.46475
v -41.91521 -5.24791 0.88644
v -43.34131 -5.43304 0.91771
v -43.34131 -3.85601 3.93590
v -41.91521 -3.72462 3.80179
v -41.91521 -4.71714 2.46475
v -43.34131 -4.88354 2.55170
v -43.34131 -2.45102 4.93484
v -41.91521 -2.36750 4.76669
v -41.91521 -3.72462 3.80179
v -43.34131 -3.85601 3.93590
v -43.34131 -0.80611 5.45071
v -41.91521 -0.77864 5.26499
v -41.91521 -2.36750 4.76669
v -43.34131 -2.45102 4.93484
v -41.91521 0.88644 5.24791
v -40.58631 0.79476 4.70515
v -40.58631 -0.69811 4.72046
v -41.91521 -0.77864 5.26499
v -41.91521 2.46475 4.71714
v -40.58631 2.20983 4.22927
v -40.58631 0.79476 4.70515
v -41.91521 0.88644 5.24791
v -41.91521 3.80179 3.72461
v -40.58631 3.40859 3.33940
v -40.58631 2.20983 4.22927
v -41.91521 2.46475 4.71714
v -41.91521 4.76669 2.36750
v -40.58631 4.27369 2.12264
v -40.58631 3.40859 3.33940
v -41.91521 3.80179 3.72461
v -41.91521 5.26499 0.77864
v -40.58631 4.72046 0.69811
v -40.58631 4.27369 2.12264
v -41.91521 4.76669 2.36750
v -41.91521 5.24791 -0.88644
v -40.58631 4.70515 -0.79476
v -40.58631 4.72046 0.69811
v -41.91521 5.26499 0.77864
v -41.91521 4.71714 -2.46475
v -40.58631 4.22927 -2.20983
v -40.58631 4.70515 -0.79476
v -41.91521 5.24791 -0.88644
v -41.91521 3.72461 -3.80179
v -40.58631 3.33940 -3.40859
v -40.58631 4.22927 -2.20983
v -41.91521 4.71714 -2.46475
v -41.91521 2.36750 -4.76669
v -40.58631 2.12264 -4.27369
v -40.58631 3.33940 -3.40859
v -41.91521 3.72461 -3.80179
v -41.91521 0.77864 -5.26499
v -40.58631 0.69811 -4.72046
v -40.58631 2.12264 -4.27369
v -41.91521 2.36750 -4.76669
v -41.91521 -0.88644 -5.24791
v -40.58631 -0.79476 -4.70515
v -40.58631 0.69811 -4.72046
v -41.91521 0.77864 -5.26499
v -41.91521 -2.46475 -4.71714
v -40.58631 -2.20983 -4.22927
v -40.58631 -0.79476 -4.70515
v -41.91521 -0.88644 -5.24791
v -41.91521 -3.80179 -3.72461
v -40.58631 -3.40859 -3.33940
v -40.58631 -2.20983 -4.22927
v -41.91521 -2.46475 -4.71714
v -41.91521 -4.76669 -2.36750
v -40.58631 -4.27369 -2.12264
v -40.58631 -3.40859 -3.33940
v -41.91521 -3.80179 -3.72461
v -41.91521 -5.26499 -0.77864
v -40.58631 -4.72046 -0.69811
v -40.58631 -4.27369 -2.12264
v -41.91521 -4.76669 -2.36750
v -41.91521 -5.24791 0.88644
v -40.58631 -4.70515 0.79476
v -40.58631 -4.72046 -0.69811
v -41.91521 -5.26499 -0.77864
v -41.91521 -4.71714 2.46475
v -40.58631 -4.22927 2.20983
v -40.58631 -4.70515 0.79476
v -41.91521 -5.24791 0.88644
v -41.91521 -3.72462 3.80179
v -40.58631 -3.33940 3.40859
v -40.58631 -4.22927 2.20983
v -41.91521 -4.71714 2.46475
v -41.91521 -2.36750 4.76669
v -40.58631 -2.12264 4.27369
v -40.58631 -3.33940 3.40859
v -41.91521 -3.72462 3.80179
v -41.91521 -0.77864 5.26499
v -40.58631 -0.69811 4.72046
v -40.58631 -2.12264 4.27369
v -41.91521 -2.36750 4.76669
v -40.58631 0.79476 4.70515
v -39.44515 0.64892 3.84174
v -39.44515 -0.57000 3.85424
v -40.58631 -0.69811 4.72046
v -40.58631 2.20983 4.22927
v -39.44515 1.80432 3.45318
v -39.44515 0.64892 3.84174
v -40.58631 0.79476 4.70515
v -40.58631 3.40859 3.33940
v -39.44515 2.78310 2.72661
v -39.44515 1.80432 3.45318
v -40.58631 2.20983 4.22927
v -40.58631 4.27369 2.12264
v -39.44515 3.48946 1.73313
v -39.44515 2.78310 2.72661
v -40.58631 3.40859 3.33940
v -40.58631 4.72046 0.69811
v -39.44515 3.85424 0.57000
v -39.44515 3.48946 1.73313
v -40.58631 4.27369 2.12264
v -40.58631 4.70515 -0.79476
v -39.44515 3.84174 -0.64892
v -39.44515 3.85424 0.57000
v -40.58631 4.72046 0.69811
v -40.58631 4.22927 -2.20983
v -39.44515 3.45318 -1.80432
v -39.44515 3.84174 -0.64892
v -40.58631 4.70515 -0.79476
v -40.58631 3.33940 -3.40859
v -39.44515 2.72661 -2.78310
v -39.44515 3.45318 -1.80432
v -40.58631 4.22927 -2.20983
v -40.58631 2.12264 -4.27369
v -39.44515 1.73313 -3.48946
v -39.44515 2.72661 -2.78310
v -40.58631 3.33940 -3.40859
v -40.58631 0.69811 -4.72046
v -39.44515 0.57000 -3.85424
v -39.44515 1.73313 -3.48946
v -40.58631 2.12264 -4.27369
v -40.58631 -0.79476 -4.70515
v -39.44515 -0.64892 -3.84174
v -39.44515 0.57000 -3.85424
v -40.58631 0.69811 -4.72046
v -40.58631 -2.20983 -4.22927
v -39.44515 -1.80432 -3.45318
v -39.44515 -0.64892 -3.84174
v -40.58631 -0.79476 -4.70515
v -40.58631 -3.40859 -3.33940
v -39.44515 -2.78310 -2.72661
v -39.44515 -1.80432 -3.45318
v -40.58631 -2.20983 -4.22927
v -40.58631 -4.27369 -2.12264
v -39.44515 -3.48946 -1.73313
v -39.44515 -2.78310 -2.72661
v -40.58631 -3.40859 -3.33940
v -40.58631 -4.72046 -0.69811
v -39.44515 -3.85424 -0.57000
v -39.44515 -3.48946 -1.73313
v -40.58631 -4.27369 -2.12264
v -40.58631 -4.70515 0.79476
v -39.44515 -3.84174 0.64892
v -39.44515 -3.85424 -0.57000
v -40.58631 -4.72046 -0.69811
v -40.58631 -4.22927 2.20983
v -39.44515 -3.45318 1.80432
v -39.44515 -3.84174 0.64892
v -40.58631 -4.70515 0.79476
v -40.58631 -3.33940 3.40859
v -39.44515 -2.72661 2.78310
v -39.44515 -3.45318 1.80432
v -40.58631 -4.22927 2.20983
v -40.58631 -2.12264 4.27369
v -39.44515 -1.73313 3.48946
v -39.44515 -2.72661 2.78310
v -40.58631 -3.33940 3.40859
v -40.58631 -0.69811 4.72046
v -39.44515 -0.57000 3.85424
v -39.44515 -1.73313 3.48946
v -40.58631 -2.12264 4.27369
v -39.44515 0.64892 3.84174
v -38.56951 0.45885 2.71652
v -38.56951 -0.40305 2.72536
v -39.44515 -0.57000 3.85424
v -39.44515 1.80432 3.45318
v -38.56951 1.27585 2.44177
v -38.56951 0.45885 2.71652
v -39.44515 0.64892 3.84174
v -39.44515 2.78310 2.72661
v -38.56951 1.96795 1.92800
v -38.56951 1.27585 2.44177
v -39.44515 1.80432 3.45318
v -39.44515 3.48946 1.73313
v -38.56951 2.46742 1.22551
v -38.56951 1.96795 1.92800
v -39.44515 2.78310 2.72661
v -39.44515 3.85424 0.57000
v -38.56951 2.72536 0.40305
v -38.56951 2.46742 1.22551
v -39.44515 3.48946 1.73313
v -39.44515 3.84174 -0.64892
v -38.56951 2.71652 -0.45885
v -38.56951 2.72536 0.40305
v -39.44515 3.85424 0.57000
v -39.44515 3.45318 -1.80432
v -38.56951 2.44177 -1.27585
v -38.56951 2.71652 -0.45885
v -39.44515 3.84174 -0.64892
v -39.44515 2.72661 -2.78310
v -38.56951 1.92800 -1.96795
v -38.56951 2.44177 -1.27585
v -39.44515 3.45318 -1.80432
v -39.44515 1.73313 -3.48946
v -38.56951 1.22551 -2.46742
v -38.56951 1.92800 -1.96795
v -39.44515 2.72661 -2.78310
v -39.44515 0.57000 -3.85424
v -38.56951 0.40305 -2.72536
v -38.56951 1.22551 -2.46742
v -39.44515 1.73313 -3.48946
v -39.44515 -0.64892 -3.84174
v -38.56951 -0.45885 -2.71652
v -38.56951 0.40305 -2.72536
v -39.44515 0.57000 -3.85424
v -39.44515 -1.80432 -3.45318
v -38.56951 -1.27585 -2.44177
v -38.56951 -0.45885 -2.71652
v -39.44515 -0.64892 -3.84174
v -39.44515 -2.78310 -2.72661
v -38.56951 -1.96795 -1.92800
v -38.56951 -1.27585 -2.44177
v -39.44515 -1.80432 -3.45318
v -39.44515 -3.48946 -1.73313
v -38.56951 -2.46742 -1.22551
v -38.56951 -1.96795 -1.92800
v -39.44515 -2.78310 -2.72661
v -39.44515 -3.85424 -0.57000
v -38.56951 -2.72536 -0.40305
v -38.56951 -2.46742 -1.22551
v -39.44515 -3.48946 -1.73313
v -39.44515 -3.84174 0.64892
v -38.56951 -2.71652 0.45885
v -38.56951 -2.72536 -0.40305
v -39.44515 -3.85424 -0.57000
v -39.44515 -3.45318 1.80432
v -38.56951 -2.44177 1.27585
v -38.56951 -2.71652 0.45885
v -39.44515 -3.84174 0.64892
v -39.44515 -2.72661 2.78310
v -38.56951 -1.92800 1.96795
v -38.56951 -2.44177 1.27585
v -39.44515 -3.45318 1.80432
v -39.44515 -1.73313 3.48946
v -38.56951 -1.22551 2.46742
v -38.56951 -1.92800 1.96795
v -39.44515 -2.72661 2.78310
v -39.44515 -0.57000 3.85424
v -38.56951 -0.40305 2.72536
v -38.56951 -1.22551 2.46742
v -39.44515 -1.73313 3.48946
v -38.56951 0.45885 2.71652
v -38.01906 0.23752 1.40617
v -38.01906 -0.20864 1.41075
v -38.56951 -0.40305 2.72536
v -38.56951 1.27585 2.44177
v -38.01906 0.66043 1.26395
v -38.01906 0.23752 1.40617
v -38.56951 0.45885 2.71652
v -38.56951 1.96795 1.92800
v -38.01906 1.01869 0.99801
v -38.01906 0.66043 1.26395
v -38.56951 1.27585 2.44177
v -38.56951 2.46742 1.22551
v -38.01906 1.27723 0.63437
v -38.01906 1.01869 0.99801
v -38.56951 1.96795 1.92800
v -38.56951 2.72536 0.40305
v -38.01906 1.41075 0.20864
v -38.01906 1.27723 0.63437
v -38.56951 2.46742 1.22551
v -38.56951 2.71652 -0.45885
v -38.01906 1.40617 -0.23752
v -38.01906 1.41075 0.20864
v -38.56951 2.72536 0.40305
v -38.56951 2.44177 -1.27585
v -38.01906 1.26395 -0.66043
v -38.01906 1.40617 -0.23752
v -38.56951 2.71652 -0.45885
v -38.56951 1.92800 -1.96795
v -38.01906 0.99801 -1.01869
v -38.01906 1.26395 -0.66043
v -38.56951 2.44177 -1.27585
v -38.56951 1.22551 -2.46742
v -38.01906 0.63437 -1.27723
v -38.01906 0.99801 -1.01869
v -38.56951 1.92800 -1.96795
v -38.56951 0.40305 -2.72536
v -38.01906 0.20864 -1.41075
v -38.01906 0.63437 -1.27723
v -38.56951 1.22551 -2.46742
v -38.56951 -0.45885 -2.71652
v -38.01906 -0.23752 -1.40617
v -38.01906 0.20864 -1.41075
v -38.56951 0.40305 -2.72536
v -38.56951 -1.27585 -2.44177
v -38.01906 -0.66043 -1.26395
v -38.01906 -0.23752 -1.40617
v -38.56951 -0.45885 -2.71652
v -38.56951 -1.96795 -1.92800
v -38.01906 -1.01869 -0.99801
v -38.01906 -0.66043 -1.26395
v -38.56951 -1.27585 -2.44177
v -38.56951 -2.46742 -1.22551
v -38.01906 -1.27723 -0.63437
v -38.01906 -1.01869 -0.99801
v -38.56951 -1.96795 -1.92800
v -38.56951 -2.72536 -0.40305
v -38.01906 -1.41075 -0.20864
v -38.01906 -1.27723 -0.63437
v -38.56951 -2.46742 -1.22551
v -38.56951 -2.71652 0.45885
v -38.01906 -1.40617 0.23752
v -38.01906 -1.41075 -0.20864
v -38.56951 -2.72536 -0.40305
v -38.56951 -2.44177 1.27585
v -38.01906 -1.26395 0.66043
v -38.01906 -1.40617 0.23752
v -38.56951 -2.71652 0.45885
v -38.56951 -1.92800 1.96795
v -38.01906 -0.99801 1.01869
v -38.01906 -1.26395 0.66043
v -38.56951 -2.44177 1.27585
v -38.56951 -1.22551 2.46742
v -38.01906 -0.63437 1.27723
v -38.01906 -0.99801 1.01869
v -38.56951 -1.92800 1.96795
v -38.56951 -0.40305 2.72536
v -38.01906 -0.20864 1.41075
v -38.01906 -0.63437 1.27723
v -38.56951 -1.22551 2.46742
v -38.01906 0.23752 1.40617
v -37.83131 0.00000 -0.00000
v -38.01906 -0.20864 1.41075
v -38.01906 0.66043 1.26395
v -37.83131 -0.00000 -0.00000
v -38.01906 0.23752 1.40617
v -38.01906 1.01869 0.99801
v -37.83131 -0.00000 -0.00000
v -38.01906 0.66043 1.26395
v -38.01906 1.27723 0.63437
v -37.83131 -0.00000 -0.00000
v -38.01906 1.01869 0.99801
v -38.01906 1.41075 0.20864
v -37.83131 -0.00000 -0.00000
v -38.01906 1.27723 0.63437
v -38.01906 1.40617 -0.23752
v -37.83131 -0.00000 -0.00000
v -38.01906 1.41075 0.20864
v -38.01906 1.26395 -0.66043
v -37.83131 -0.00000 0.00000
v -38.01906 1.40617 -0.23752
v -38.01906 0.99801 -1.01869
v -37.83131 -0.00000 0.00000
v -38.01906 1.26395 -0.66043
v -38.01906 0.63437 -1.27723
v -37.83131 -0.00000 0.00000
v -38.01906 0.99801 -1.01869
v -38.01906 0.20864 -1.41075
v -37.83131 -0.00000 0.00000
v -38.01906 0.63437 -1.27723
v -38.01906 -0.23752 -1.40617
v -37.83131 -0.00000 0.00000
v -38.01906 0.20864 -1.41075
v -38.01906 -0.66043 -1.26395
v -37.83131 0.00000 0.00000
v -38.01906 -0.23752 -1.40617
v -38.01906 -1.01869 -0.99801
v -37.83131 0.00000 0.00000
v -38.01906 -0.66043 -1.26395
v -38.01906 -1.27723 -0.63437
v -37.83131 0.00000 0.00000
v -38.01906 -1.01869 -0.99801
v -38.01906 -1.41075 -0.20864
v -37.83131 0.00000 0.00000
v -38.01906 -1.27723 -0.63437
v -38.01906 -1.40617 0.23752
v -37.83131 0.00000 0.00000
v -38.01906 -1.41075 -0.20864
v -38.01906 -1.26395 0.66043
v -37.83131 0.00000 -0.00000
v -38.01906 -1.40617 0.23752
v -38.01906 -0.99801 1.01869
v -37.83131 0.00000 -0.00000
v -38.01906 -1.26395 0.66043
v -38.01906 -0.63437 1.27723
v -37.83131 0.00000 -0.00000
v -38.01906 -0.99801 1.01869
v -38.01906 -0.20864 1.41075
v -37.83131 0.00000 -0.00000
v -38.01906 -0.63437 1.27723
v -38.14035 -0.97289 6.57845
v -38.14035 1.10758 6.55712
v -5.20096 1.10758 6.55712
v -5.20096 -0.97289 6.57845
v -38.14035 1.10758 6.55712
v -38.14035 3.07963 5.89393
v -5.20096 3.07963 5.89393
v -5.20096 1.10758 6.55712
v -38.14035 3.07963 5.89393
v -38.14035 4.75023 4.65380
v -5.20096 4.75023 4.65380
v -5.20096 3.07963 5.89393
v -38.14035 4.75023 4.65380
v -38.14035 5.95584 2.95813
v -5.20096 5.95584 2.95813
v -5.20096 4.75023 4.65380
v -38.14035 5.95584 2.95813
v -38.14035 6.57845 0.97289
v -5.20096 6.57845 0.97289
v -5.20096 5.95584 2.95813
v -38.14035 6.57845 0.97289
v -38.14035 6.55712 -1.10758
v -5.20096 6.55712 -1.10758
v -5.20096 6.57845 0.97289
v -38.14035 6.55712 -1.10758
v -38.14035 5.89393 -3.07963
v -5.20096 5.89393 -3.07963
v -5.20096 6.55712 -1.10758
v -38.14035 5.89393 -3.07963
v -38.14035 4.65380 -4.75023
v -5.20096 4.65380 -4.75023
v -5.20096 5.89393 -3.07963
v -38.14035 4.65380 -4.75023
v -38.14035 2.95813 -5.95584
v -5.20096 2.95813 -5.95584
v -5.20096 4.65380 -4.75023
v -38.14035 2.95813 -5.95584
v -38.14035 0.97289 -6.57845
v -5.20096 0.97289 -6.57845
v -5.20096 2.95813 -5.95584
v -38.14035 0.97289 -6.57845
v -38.14035 -1.10758 -6.55712
v -5.20096 -1.10758 -6.55712
v -5.20096 0.97289 -6.57845
v -38.14035 -1.10758 -6.55712
v -38.14035 -3.07963 -5.89393
v -5.20096 -3.07963 -5.89393
v -5.20096 -1.10758 -6.55712
v -38.14035 -3.07963 -5.89393
v -38.14035 -4.75023 -4.65380
v -5.20096 -4.75023 -4.65380
v -5.20096 -3.07963 -5.89393
v -38.14035 -4.75023 -4.65380
v -38.14035 -5.95584 -2.95812
v -5.20096 -5.95584 -2.95812
v -5.20096 -4.75023 -4.65380
v -38.14035 -5.95584 -2.95812
v -38.14035 -6.57845 -0.97289
v -5.20096 -6.57845 -0.97289
v -5.20096 -5.95584 -2.95812
v -38.14035 -6.57845 -0.97289
v -38.14035 -6.55712 1.10758
v -5.20096 -6.55712 1.10758
v -5.20096 -6.57845 -0.97289
v -38.14035 -6.55712 1.10758
v -38.14035 -5.89393 3.07963
v -5.20096 -5.89393 3.07963
v -5.20096 -6.55712 1.10758
v -38.14035 -5.89393 3.07963
v -38.14035 -4.65380 4.75023
v -5.20096 -4.65380 4.75023
v -5.20096 -5.89393 3.07963
v -38.14035 -4.65380 4.75023
v -38.14035 -2.95812 5.95584
v -5.20096 -2.95812 5.95584
v -5.20096 -4.65380 4.75023
v -38.14035 -2.95812 5.95584
v -38.14035 -0.97289 6.57845
v -5.20096 -0.97289 6.57845
v -5.20096 -2.95812 5.95584
v -38.14035 -2.95812 5.95584
v -38.14035 -4.65380 4.75023
v -38.14035 -5.89393 3.07963
v -38.14035 -6.55712 1.10758
v -38.14035 -6.57845 -0.97289
v -38.14035 -5.95584 -2.95812
v -38.14035 -4.75023 -4.65380
v -38.14035 -3.07963 -5.89393
v -38.14035 -1.10758 -6.55712
v -38.14035 0.97289 -6.57845
v -38.14035 2.95813 -5.95584
v -38.14035 4.65380 -4.75023
v -38.14035 5.89393 -3.07963
v -38.14035 6.55712 -1.10758
v -38.14035 6.57845 0.97289
v -38.14035 5.95584 2.95813
v -38.14035 4.75023 4.65380
v -38.14035 3.07963 5.89393
v -38.14035 1.10758 6.55712
v -38.14035 -0.97289 6.57845
v -5.20096 -0.97289 6.57845
v -5.20096 1.10758 6.55712
v -5.20096 3.07963 5.89393
v -5.20096 4.75023 4.65380
v -5.20096 5.95584 2.95813
v -5.20096 6.57845 0.97289
v -5.20096 6.55712 -1.10758
v -5.20096 5.89393 -3.07963
v -5.20096 4.65380 -4.75023
v -5.20096 2.95813 -5.95584
v -5.20096 0.97289 -6.57845
v -5.20096 -1.10758 -6.55712
v -5.20096 -3.07963 -5.89393
v -5.20096 -4.75023 -4.65380
v -5.20096 -5.95584 -2.95812
v -5.20096 -6.57845 -0.97289
v -5.20096 -6.55712 1.10758
v -5.20096 -5.89393 3.07963
v -5.20096 -4.65380 4.75023
v -5.20096 -2.95812 5.95584
v -8.80144 -1.11187 7.51823
v -8.80144 0.87187 7.54982
v -6.80144 0.87187 7.54982
v -6.80144 -1.11187 7.51823
v -8.80144 0.87187 7.54982
v -8.80144 2.79620 7.06691
v -6.80144 2.79620 7.06691
v -6.80144 0.87187 7.54982
v -8.80144 2.79620 7.06691
v -8.80144 4.52998 6.10240
v -6.80144 4.52998 6.10240
v -6.80144 2.79620 7.06691
v -8.80144 4.52998 6.10240
v -8.80144 5.95504 4.72202
v -6.80144 5.95504 4.72202
v -6.80144 4.52998 6.10240
v -8.80144 5.95504 4.72202
v -8.80144 6.97428 3.01985
v -6.80144 6.97428 3.01985
v -6.80144 5.95504 4.72202
v -8.80144 6.97428 3.01985
v -8.80144 7.51823 1.11187
v -6.80144 7.51823 1.11187
v -6.80144 6.97428 3.01985
v -8.80144 7.51823 1.11187
v -8.80144 7.54982 -0.87187
v -6.80144 7.54982 -0.87187
v -6.80144 7.51823 1.11187
v -8.80144 7.54982 -0.87187
v -8.80144 7.06691 -2.79620
v -6.80144 7.06691 -2.79620
v -6.80144 7.54982 -0.87187
v -8.80144 7.06691 -2.79620
v -8.80144 6.10240 -4.52998
v -6.80144 6.10240 -4.52998
v -6.80144 7.06691 -2.79620
v -8.80144 6.10240 -4.52998
v -8.80144 4.72202 -5.95504
v -6.80144 4.72202 -5.95504
v -6.80144 6.10240 -4.52998
v -8.80144 4.72202 -5.95504
v -8.80144 3.01985 -6.97428
v -6.80144 3.01985 -6.97428
v -6.80144 4.72202 -5.95504
v -8.80144 3.01985 -6.97428
v -8.80144 1.11187 -7.51823
v -6.80144 1.11187 -7.51823
v -6.80144 3.01985 -6.97428
v -8.80144 1.11187 -7.51823
v -8.80144 -0.87187 -7.54982
v -6.80144 -0.87187 -7.54982
v -6.80144 1.11187 -7.51823
v -8.80144 -0.87187 -7.54982
v -8.80144 -2.79620 -7.06691
v -6.80144 -2.79620 -7.06691
v -6.80144 -0.87187 -7.54982
v -8.80144 -2.79620 -7.06691
v -8.80144 -4.52998 -6.10240
v -6.80144 -4.52998 -6.10240
v -6.80144 -2.79620 -7.06691
v -8.80144 -4.52998 -6.10240
v -8.80144 -5.95504 -4.72202
v -6.80144 -5.95504 -4.72202
v -6.80144 -4.52998 -6.10240
v -8.80144 -5.95504 -4.72202
v -8.80144 -6.97428 -3.01985
v -6.80144 -6.97428 -3.01985
v -6.80144 -5.95504 -4.72202
v -8.80144 -6.97428 -3.01985
v -8.80144 -7.51823 -1.11187
v -6.80144 -7.51823 -1.11187
v -6.80144 -6.97428 -3.01985
v -8.80144 -7.51823 -1.11187
v -8.80144 -7.54982 0.87187
v -6.80144 -7.54982 0.87187
v -6.80144 -7.51823 -1.11187
v -8.80144 -7.54982 0.87187
v -8.80144 -7.06691 2.79621
v -6.80144 -7.06691 2.79621
v -6.80144 -7.54982 0.87187
v -8.80144 -7.06691 2.79621
v -8.80144 -6.10240 4.52998
v -6.80144 -6.10240 4.52998
v -6.80144 -7.06691 2.79621
v -8.80144 -6.10240 4.52998
v -8.80144 -4.72202 5.95504
v -6.80144 -4.72202 5.95504
v -6.80144 -6.10240 4.52998
v -8.80144 -4.72202 5.95504
v -8.80144 -3.01985 6.97428
v -6.80144 -3.01985 6.97428
v -6.80144 -4.72202 5.95504
v -8.80144 -3.01985 6.97428
v -8.80144 -1.11187 7.51823
v -6.80144 -1.11187 7.51823
v -6.80144 -3.01985 6.97428
v -8.80144 -3.01985 6.97428
v -8.80144 -4.72202 5.95504
v -8.80144 -6.10240 4.52998
v -8.80144 -7.06691 2.79621
v -8.80144 -7.54982 0.87187
v -8.80144 -7.51823 -1.11187
v -8.80144 -6.97428 -3.01985
v -8.80144 -5.95504 -4.72202
v -8.80144 -4.52998 -6.10240
v -8.80144 -2.79620 -7.06691
v -8.80144 -0.87187 -7.54982
v -8.80144 1.11187 -7.51823
v -8.80144 3.01985 -6.97428
v -8.80144 4.72202 -5.95504
v -8.80144 6.10240 -4.52998
v -8.80144 7.06691 -2.79620
v -8.80144 7.54982 -0.87187
v -8.80144 7.51823 1.11187
v -8.80144 6.97428 3.01985
v -8.80144 5.95504 4.72202
v -8.80144 4.52998 6.10240
v -8.80144 2.79620 7.06691
v -8.80144 0.87187 7.54982
v -8.80144 -1.11187 7.51823
v -6.80144 -1.11187 7.51823
v -6.80144 0.87187 7.54982
v -6.80144 2.79620 7.06691
v -6.80144 4.52998 6.10240
v -6.80144 5.95504 4.72202
v -6.80144 6.97428 3.01985
v -6.80144 7.51823 1.11187
v -6.80144 7.54982 -0.87187
v -6.80144 7.06691 -2.79620
v -6.80144 6.10240 -4.52998
v -6.80144 4.72202 -5.95504
v -6.80144 3.01985 -6.97428
v -6.80144 1.11187 -7.51823
v -6.80144 -0.87187 -7.54982
v -6.80144 -2.79620 -7.06691
v -6.80144 -4.52998 -6.10240
v -6.80144 -5.95504 -4.72202
v -6.80144 -6.97428 -3.01985
v -6.80144 -7.51823 -1.11187
v -6.80144 -7.54982 0.87187
v -6.80144 -7.06691 2.79621
v -6.80144 -6.10240 4.52998
v -6.80144 -4.72202 5.95504
v -6.80144 -3.01985 6.97428
v -33.50598 -1.11187 7.51823
v -33.50598 0.87187 7.54982
v -31.50598 0.87187 7.54982
v -31.50598 -1.11187 7.51823
v -33.50598 0.87187 7.54982
v -33.50598 2.79620 7.06691
v -31.50598 2.79620 7.06691
v -31.50598 0.87187 7.54982
v -33.50598 2.79620 7.06691
v -33.50598 4.52998 6.10240
v -31.50598 4.52998 6.10240
v -31.50598 2.79620 7.06691
v -33.50598 4.52998 6.10240
v -33.50598 5.95504 4.72202
v -31.50598 5.95504 4.72202
v -31.50598 4.52998 6.10240
v -33.50598 5.95504 4.72202
v -33.50598 6.97428 3.01985
v -31.50598 6.97428 3.01985
v -31.50598 5.95504 4.72202
v -33.50598 6.97428 3.01985
v -33.50598 7.51823 1.11187
v -31.50598 7.51823 1.11187
v -31.50598 6.97428 3.01985
v -33.50598 7.51823 1.11187
v -33.50598 7.54982 -0.87187
v -31.50598 7.54982 -0.87187
v -31.50598 7.51823 1.11187
v -33.50598 7.54982 -0.87187
v -33.50598 7.06691 -2.79620
v -31.50598 7.06691 -2.79620
v -31.50598 7.54982 -0.87187
v -33.50598 7.06691 -2.79620
v -33.50598 6.10240 -4.52998
v -31.50598 6.10240 -4.52998
v -31.50598 7.06691 -2.79620
v -33.50598 6.10240 -4.52998
v -33.50598 4.72202 -5.95504
v -31.50598 4.72202 -5.95504
v -31.50598 6.10240 -4.52998
v -33.50598 4.72202 -5.95504
v -33.50598 3.01985 -6.97428
v -31.50598 3.01985 -6.97428
v -31.50598 4.72202 -5.95504
v -33.50598 3.01985 -6.97428
v -33.50598 1.11187 -7.51823
v -31.50598 1.11187 -7.51823
v -31.50598 3.01985 -6.97428
v -33.50598 1.11187 -7.51823
v -33.50598 -0.87187 -7.54982
v -31.50598 -0.87187 -7.54982
v -31.50598 1.11187 -7.51823
v -33.50598 -0.87187 -7.54982
v -33.50598 -2.79620 -7.06691
v -31.50598 -2.79620 -7.06691
v -31.50598 -0.87187 -7.54982
v -33.50598 -2.79620 -7.06691
v -33.50598 -4.52998 -6.10240
v -31.50598 -4.52998 -6.10240
v -31.50598 -2.79620 -7.06691
v -33.50598 -4.52998 -6.10240
v -33.50598 -5.95504 -4.72202
v -31.50598 -5.95504 -4.72202
v -31.50598 -4.52998 -6.10240
v -33.50598 -5.95504 -4.72202
v -33.50598 -6.97428 -3.01985
v -31.50598 -6.97428 -3.01985
v -31.50598 -5.95504 -4.72202
v -33.50598 -6.97428 -3.01985
v -33.50598 -7.51823 -1.11187
v -31.50598 -7.51823 -1.11187
v -31.50598 -6.97428 -3.01985
v -33.50598 -7.51823 -1.11187
v -33.50598 -7.54982 0.87187
v -31.50598 -7.54982 0.87187
v -31.50598 -7.51823 -1.11187
v -33.50598 -7.54982 0.87187
v -33.50598 -7.06691 2.79621
v -31.50598 -7.06691 2.79621
v -31.50598 -7.54982 0.87187
v -33.50598 -7.06691 2.79621
v -33.50598 -6.10240 4.52998
v -31.50598 -6.10240 4.52998
v -31.50598 -7.06691 2.79621
v -33.50598 -6.10240 4.52998
v -33.50598 -4.72202 5.95504
v -31.50598 -4.72202 5.95504
v -31.50598 -6.10240 4.52998
v -33.50598 -4.72202 5.95504
v -33.50598 -3.01985 6.97428
v -31.50598 -3.01985 6.97428
v -31.50598 -4.72202 5.95504
v -33.50598 -3.01985 6.97428
v -33.50598 -1.11187 7.51823
v -31.50598 -1.11187 7.51823
v -31.50598 -3.01985 6.97428
v -33.50598 -3.01985 6.97428
v -33.50598 -4.72202 5.95504
v -33.50598 -6.10240 4.52998
v -33.50598 -7.06691 2.79621
v -33.50598 -7.54982 0.87187
v -33.50598 -7.51823 -1.11187
v -33.50598 -6.97428 -3.01985
v -33.50598 -5.95504 -4.72202
v -33.50598 -4.52998 -6.10240
v -33.50598 -2.79620 -7.06691
v -33.50598 -0.87187 -7.54982
v -33.50598 1.11187 -7.51823
v -33.50598 3.01985 -6.97428
v -33.50598 4.72202 -5.95504
v -33.50598 6.10240 -4.52998
v -33.50598 7.06691 -2.79620
v -33.50598 7.54982 -0.87187
v -33.50598 7.51823 1.11187
v -33.50598 6.97428 3.01985
v -33.50598 5.95504 4.72202
v -33.50598 4.52998 6.10240
v -33.50598 2.79620 7.06691
v -33.50598 0.87187 7.54982
v -33.50598 -1.11187 7.51823
v -31.50598 -1.11187 7.51823
v -31.50598 0.87187 7.54982
v -31.50598 2.79620 7.06691
v -31.50598 4.52998 6.10240
v -31.50598 5.95504 4.72202
v -31.50598 6.97428 3.01985
v -31.50598 7.51823 1.11187
v -31.50598 7.54982 -0.87187
v -31.50598 7.06691 -2.79620
v -31.50598 6.10240 -4.52998
v -31.50598 4.72202 -5.95504
v -31.50598 3.01985 -6.97428
v -31.50598 1.11187 -7.51823
v -31.50598 -0.87187 -7.54982
v -31.50598 -2.79620 -7.06691
v -31.50598 -4.52998 -6.10240
v -31.50598 -5.95504 -4.72202
v -31.50598 -6.97428 -3.01985
v -31.50598 -7.51823 -1.11187
v -31.50598 -7.54982 0.87187
v -31.50598 -7.06691 2.79621
v -31.50598 -6.10240 4.52998
v -31.50598 -4.72202 5.95504
v -31.50598 -3.01985 6.97428
v -11.09538 0.59845 -9.51482
v -30.16555 0.59845 -9.51482
v -38.14035 0.04251 -5.75571
v -38.14035 -1.62530 5.52163
v -30.16555 -2.18123 9.28074
v -11.09538 -2.18123 9.28074
v -3.46731 -1.76428 6.46141
v -3.46731 0.18150 -6.69549
v -5.37432 9.96688 -4.50887
v -5.37432 8.23514 7.20077
v -12.16331 7.86405 9.70998
v -29.13576 7.86405 9.70998
v -36.23333 8.35884 6.36437
v -36.23333 9.84319 -3.67246
v -29.13576 10.33797 -7.01808
v -12.16331 10.33797 -7.01808
v -3.46731 0.18150 -6.69549
v -3.46731 -1.76428 6.46141
v -3.46731 7.33673 7.80736
v -3.46731 9.28251 -5.34954
v -3.46731 9.28251 -5.34954
v -3.46731 7.33673 7.80736
v -5.37432 8.23514 7.20077
v -5.37432 9.96688 -4.50887
v -3.46731 -1.76428 6.46141
v -11.09538 -2.18123 9.28074
v -11.09538 6.91978 10.62670
v -3.46731 7.33673 7.80736
v -3.46731 7.33673 7.80736
v -11.09538 6.91978 10.62670
v -12.16331 7.86405 9.70998
v -5.37432 8.23514 7.20077
v -11.09538 -2.18123 9.28074
v -30.16555 -2.18123 9.28074
v -30.16555 6.91978 10.62670
v -11.09538 6.91978 10.62670
v -11.09538 6.91978 10.62670
v -30.16555 6.91978 10.62670
v -29.13576 7.86405 9.70998
v -12.16331 7.86405 9.70998
v -30.16555 -2.18123 9.28074
v -38.14035 -1.62530 5.52163
v -38.14035 7.47571 6.86758
v -30.16555 6.91978 10.62670
v -30.16555 6.91978 10.62670
v -38.14035 7.47571 6.86758
v -36.23333 8.35884 6.36437
v -29.13576 7.86405 9.70998
v -38.14035 -1.62530 5.52163
v -38.14035 0.04251 -5.75571
v -38.14035 9.14352 -4.40976
v -38.14035 7.47571 6.86758
v -38.14035 7.47571 6.86758
v -38.14035 9.14352 -4.40976
v -36.23333 9.84319 -3.67246
v -36.23333 8.35884 6.36437
v -38.14035 0.04251 -5.75571
v -30.16555 0.59845 -9.51482
v -30.16555 9.69946 -8.16887
v -38.14035 9.14352 -4.40976
v -38.14035 9.14352 -4.40976
v -30.16555 9.69946 -8.16887
v -29.13576 10.33797 -7.01808
v -36.23333 9.84319 -3.67246
v -30.16555 0.59845 -9.51482
v -11.09538 0.59845 -9.51482
v -11.09538 9.69946 -8.16887
v -30.16555 9.69946 -8.16887
v -30.16555 9.69946 -8.16887
v -11.09538 9.69946 -8.16887
v -12.16331 10.33797 -7.01808
v -29.13576 10.33797 -7.01808
v -11.09538 0.59845 -9.51482
v -3.46731 0.18150 -6.69549
v -3.46731 9.28251 -5.34954
v -11.09538 9.69946 -8.16887
v -11.09538 9.69946 -8.16887
v -3.46731 9.28251 -5.34954
v -5.37432 9.96688 -4.50887
v -12.16331 10.33797 -7.01808
v -13.66118 -4.93312 -6.97172
v -29.39408 -4.93312 -6.97172
v -35.97329 -5.29448 -4.52830
v -35.97329 -6.37856 2.80197
v -29.39408 -6.73992 5.24539
v -13.66118 -6.73992 5.24539
v -7.36802 -6.46890 3.41283
v -7.36802 -5.20414 -5.13916
v -8.94131 -2.30598 -4.22990
v -8.94131 -3.43161 3.38137
v -14.54222 -3.67282 5.01235
v -28.54450 -3.67282 5.01235
v -34.40000 -3.35121 2.83770
v -34.40000 -2.38638 -3.68624
v -28.54450 -2.06477 -5.86089
v -14.54222 -2.06477 -5.86089
v -7.36802 -5.20414 -5.13916
v -7.36802 -6.46890 3.41283
v -7.36802 -4.09472 3.76394
v -7.36802 -2.82996 -4.78804
v -7.36802 -2.82996 -4.78804
v -7.36802 -4.09472 3.76394
v -8.94131 -3.43161 3.38137
v -8.94131 -2.30598 -4.22990
v -7.36802 -6.46890 3.41283
v -13.66118 -6.73992 5.24539
v -13.66118 -4.36574 5.59651
v -7.36802 -4.09472 3.76394
v -7.36802 -4.09472 3.76394
v -13.66118 -4.36574 5.59651
v -14.54222 -3.67282 5.01235
v -8.94131 -3.43161 3.38137
v -13.66118 -6.73992 5.24539
v -29.39408 -6.73992 5.24539
v -29.39408 -4.36574 5.59651
v -13.66118 -4.36574 5.59651
v -13.66118 -4.36574 5.59651
v -29.39408 -4.36574 5.59651
v -28.54450 -3.67282 5.01235
v -14.54222 -3.67282 5.01235
v -29.39408 -6.73992 5.24539
v -35.97329 -6.37856 2.80197
v -35.97329 -4.00438 3.15309
v -29.39408 -4.36574 5.59651
v -29.39408 -4.36574 5.59651
v -35.97329 -4.00438 3.15309
v -34.40000 -3.35121 2.83770
v -28.54450 -3.67282 5.01235
v -35.97329 -6.37856 2.80197
v -35.97329 -5.29448 -4.52830
v -35.97329 -2.92030 -4.17718
v -35.97329 -4.00438 3.15309
v -35.97329 -4.00438 3.15309
v -35.97329 -2.92030 -4.17718
v -34.40000 -2.38638 -3.68624
v -34.40000 -3.35121 2.83770
v -35.97329 -5.29448 -4.52830
v -29.39408 -4.93312 -6.97172
v -29.39408 -2.55894 -6.62061
v -35.97329 -2.92030 -4.17718
v -35.97329 -2.92030 -4.17718
v -29.39408 -2.55894 -6.62061
v -28.54450 -2.06477 -5.86089
v -34.40000 -2.38638 -3.68624
v -29.39408 -4.93312 -6.97172
v -13.66118 -4.93312 -6.97172
v -13.66118 -2.55894 -6.62061
v -29.39408 -2.55894 -6.62061
v -29.39408 -2.55894 -6.62061
v -13.66118 -2.55894 -6.62061
v -14.54222 -2.06477 -5.86089
v -28.54450 -2.06477 -5.86089
v -13.66118 -4.93312 -6.97172
v -7.36802 -5.20414 -5.13916
v -7.36802 -2.82996 -4.78804
v -13.66118 -2.55894 -6.62061
v -13.66118 -2.55894 -6.62061
v -7.36802 -2.82996 -4.78804
v -8.94131 -2.30598 -4.22990
v -14.54222 -2.06477 -5.86089
v -8.93437 1.37082 -9.26918
v -8.77286 2.37961 -9.11999
v -8.77286 2.02849 -6.74582
v -8.93437 1.01971 -6.89501
v -8.77286 2.37961 -9.11999
v -8.30413 3.28964 -8.98541
v -8.30413 2.93853 -6.61123
v -8.77286 2.02849 -6.74582
v -8.30413 3.28964 -8.98541
v -7.57406 4.01185 -8.87860
v -7.57406 3.66074 -6.50442
v -8.30413 2.93853 -6.61123
v -7.57406 4.01185 -8.87860
v -6.65413 4.47554 -8.81002
v -6.65413 4.12442 -6.43585
v -7.57406 3.66074 -6.50442
v -6.65413 4.47554 -8.81002
v -5.63437 4.63532 -8.78640
v -5.63437 4.28420 -6.41222
v -6.65413 4.12442 -6.43585
v -5.63437 4.63532 -8.78640
v -4.61461 4.47554 -8.81002
v -4.61461 4.12442 -6.43585
v -5.63437 4.28420 -6.41222
v -4.61461 4.47554 -8.81002
v -3.69468 4.01185 -8.87860
v -3.69468 3.66074 -6.50442
v -4.61461 4.12442 -6.43585
v -3.69468 4.01185 -8.87860
v -2.96461 3.28964 -8.98541
v -2.96461 2.93853 -6.61123
v -3.69468 3.66074 -6.50442
v -2.96461 3.28964 -8.98541
v -2.49588 2.37961 -9.11999
v -2.49588 2.02849 -6.74582
v -2.96461 2.93853 -6.61123
v -2.49588 2.37961 -9.11999
v -2.33437 1.37082 -9.26918
v -2.33437 1.01970 -6.89501
v -2.49588 2.02849 -6.74582
v -2.33437 1.37082 -9.26918
v -2.49588 0.36204 -9.41837
v -2.49588 0.01092 -7.04420
v -2.33437 1.01970 -6.89501
v -2.49588 0.36204 -9.41837
v -2.96461 -0.54800 -9.55296
v -2.96461 -0.89912 -7.17878
v -2.49588 0.01092 -7.04420
v -2.96461 -0.54800 -9.55296
v -3.69468 -1.27021 -9.65977
v -3.69468 -1.62133 -7.28559
v -2.96461 -0.89912 -7.17878
v -3.69468 -1.27021 -9.65977
v -4.61462 -1.73389 -9.72834
v -4.61462 -2.08501 -7.35416
v -3.69468 -1.62133 -7.28559
v -4.61462 -1.73389 -9.72834
v -5.63437 -1.89367 -9.75197
v -5.63437 -2.24479 -7.37779
v -4.61462 -2.08501 -7.35416
v -5.63437 -1.89367 -9.75197
v -6.65413 -1.73389 -9.72834
v -6.65413 -2.08501 -7.35416
v -5.63437 -2.24479 -7.37779
v -6.65413 -1.73389 -9.72834
v -7.57406 -1.27021 -9.65977
v -7.57406 -1.62132 -7.28559
v -6.65413 -2.08501 -7.35416
v -7.57406 -1.27021 -9.65977
v -8.30413 -0.54800 -9.55296
v -8.30413 -0.89912 -7.17878
v -7.57406 -1.62132 -7.28559
v -8.30413 -0.54800 -9.55296
v -8.77286 0.36204 -9.41837
v -8.77286 0.01092 -7.04419
v -8.30413 -0.89912 -7.17878
v -8.77286 0.36204 -9.41837
v -8.93437 1.37082 -9.26918
v -8.93437 1.01971 -6.89501
v -8.77286 0.01092 -7.04419
v -8.77286 0.36204 -9.41837
v -8.30413 -0.54800 -9.55296
v -7.57406 -1.27021 -9.65977
v -6.65413 -1.73389 -9.72834
v -5.63437 -1.89367 -9.75197
v -4.61462 -1.73389 -9.72834
v -3.69468 -1.27021 -9.65977
v -2.96461 -0.54800 -9.55296
v -2.49588 0.36204 -9.41837
v -2.33437 1.37082 -9.26918
v -2.49588 2.37961 -9.11999
v -2.96461 3.28964 -8.98541
v -3.69468 4.01185 -8.87860
v -4.61461 4.47554 -8.81002
v -5.63437 4.63532 -8.78640
v -6.65413 4.47554 -8.81002
v -7.57406 4.01185 -8.87860
v -8.30413 3.28964 -8.98541
v -8.77286 2.37961 -9.11999
v -8.93437 1.37082 -9.26918
v -8.93437 1.01971 -6.89501
v -8.77286 2.02849 -6.74582
v -8.30413 2.93853 -6.61123
v -7.57406 3.66074 -6.50442
v -6.65413 4.12442 -6.43585
v -5.63437 4.28420 -6.41222
v -4.61461 4.12442 -6.43585
v -3.69468 3.66074 -6.50442
v -2.96461 2.93853 -6.61123
v -2.49588 2.02849 -6.74582
v -2.33437 1.01970 -6.89501
v -2.49588 0.01092 -7.04420
v -2.96461 -0.89912 -7.17878
v -3.69468 -1.62133 -7.28559
v -4.61462 -2.08501 -7.35416
v -5.63437 -2.24479 -7.37779
v -6.65413 -2.08501 -7.35416
v -7.57406 -1.62132 -7.28559
v -8.30413 -0.89912 -7.17878
v -8.77286 0.01092 -7.04419
v -10.83533 10.37380 -3.67183
v -10.51204 10.38917 -3.77574
v -10.51204 9.94401 -3.84157
v -10.83533 9.92865 -3.73766
v -10.51204 10.38917 -3.77574
v -10.31225 10.42940 -4.04778
v -10.31225 9.98425 -4.11362
v -10.51204 9.94401 -3.84157
v -10.31225 10.42940 -4.04778
v -10.31225 10.47913 -4.38404
v -10.31225 10.03397 -4.44988
v -10.31225 9.98425 -4.11362
v -10.31225 10.47913 -4.38404
v -10.51204 10.51937 -4.65608
v -10.51204 10.07421 -4.72192
v -10.31225 10.03397 -4.44988
v -10.51204 10.51937 -4.65608
v -10.83533 10.53473 -4.75999
v -10.83533 10.08957 -4.82583
v -10.51204 10.07421 -4.72192
v -10.83533 10.53473 -4.75999
v -11.15861 10.51937 -4.65608
v -11.15861 10.07421 -4.72192
v -10.83533 10.08957 -4.82583
v -11.15861 10.51937 -4.65608
v -11.35841 10.47913 -4.38404
v -11.35841 10.03397 -4.44988
v -11.15861 10.07421 -4.72192
v -11.35841 10.47913 -4.38404
v -11.35841 10.42940 -4.04778
v -11.35841 9.98425 -4.11362
v -11.35841 10.03397 -4.44988
v -11.35841 10.42940 -4.04778
v -11.15861 10.38917 -3.77574
v -11.15861 9.94401 -3.84157
v -11.35841 9.98425 -4.11362
v -11.15861 10.38917 -3.77574
v -10.83533 10.37380 -3.67183
v -10.83533 9.92865 -3.73766
v -11.15861 9.94401 -3.84157
v -11.15861 10.38917 -3.77574
v -11.35841 10.42940 -4.04778
v -11.35841 10.47913 -4.38404
v -11.15861 10.51937 -4.65608
v -10.83533 10.53473 -4.75999
v -10.51204 10.51937 -4.65608
v -10.31225 10.47913 -4.38404
v -10.31225 10.42940 -4.04778
v -10.51204 10.38917 -3.77574
v -10.83533 10.37380 -3.67183
v -10.83533 9.92865 -3.73766
v -10.51204 9.94401 -3.84157
v -10.31225 9.98425 -4.11362
v -10.31225 10.03397 -4.44988
v -10.51204 10.07421 -4.72192
v -10.83533 10.08957 -4.82583
v -11.15861 10.07421 -4.72192
v -11.35841 10.03397 -4.44988
v -11.35841 9.98425 -4.11362
v -11.15861 9.94401 -3.84157
v -10.77533 10.47966 -4.49015
v -10.77533 10.57859 -4.47552
v -10.89533 10.57859 -4.47552
v -10.89533 10.47966 -4.49015
v -10.89533 10.39920 -3.94606
v -10.89533 10.49812 -3.93143
v -10.77533 10.49812 -3.93143
v -10.77533 10.39920 -3.94606
v -10.77533 10.47966 -4.49015
v -10.89533 10.47966 -4.49015
v -10.89533 10.39920 -3.94606
v -10.77533 10.39920 -3.94606
v -10.77533 10.49812 -3.93143
v -10.89533 10.49812 -3.93143
v -10.89533 10.57859 -4.47552
v -10.77533 10.57859 -4.47552
v -10.77533 10.47966 -4.49015
v -10.77533 10.39920 -3.94606
v -10.77533 10.49812 -3.93143
v -10.77533 10.57859 -4.47552
v -10.89533 10.57859 -4.47552
v -10.89533 10.49812 -3.93143
v -10.89533 10.39920 -3.94606
v -10.89533 10.47966 -4.49015
v -8.93437 -1.01971 6.89501
v -8.77286 -0.01092 7.04420
v -8.77286 -0.36204 9.41837
v -8.93437 -1.37082 9.26918
v -8.77286 -0.01092 7.04420
v -8.30413 0.89912 7.17878
v -8.30413 0.54800 9.55296
v -8.77286 -0.36204 9.41837
v -8.30413 0.89912 7.17878
v -7.57406 1.62133 7.28559
v -7.57406 1.27021 9.65977
v -8.30413 0.54800 9.55296
v -7.57406 1.62133 7.28559
v -6.65413 2.08501 7.35416
v -6.65413 1.73389 9.72834
v -7.57406 1.27021 9.65977
v -6.65413 2.08501 7.35416
v -5.63437 2.24479 7.37779
v -5.63437 1.89367 9.75197
v -6.65413 1.73389 9.72834
v -5.63437 2.24479 7.37779
v -4.61461 2.08501 7.35416
v -4.61461 1.73389 9.72834
v -5.63437 1.89367 9.75197
v -4.61461 2.08501 7.35416
v -3.69468 1.62133 7.28559
v -3.69468 1.27021 9.65977
v -4.61461 1.73389 9.72834
v -3.69468 1.62133 7.28559
v -2.96461 0.89912 7.17878
v -2.96461 0.54800 9.55296
v -3.69468 1.27021 9.65977
v -2.96461 0.89912 7.17878
v -2.49588 -0.01092 7.04419
v -2.49588 -0.36204 9.41837
v -2.96461 0.54800 9.55296
v -2.49588 -0.01092 7.04419
v -2.33437 -1.01971 6.89501
v -2.33437 -1.37082 9.26918
v -2.49588 -0.36204 9.41837
v -2.33437 -1.01971 6.89501
v -2.49588 -2.02849 6.74582
v -2.49588 -2.37961 9.11999
v -2.33437 -1.37082 9.26918
v -2.49588 -2.02849 6.74582
v -2.96461 -2.93853 6.61123
v -2.96461 -3.28964 8.98541
v -2.49588 -2.37961 9.11999
v -2.96461 -2.93853 6.61123
v -3.69468 -3.66074 6.50442
v -3.69468 -4.01185 8.87860
v -2.96461 -3.28964 8.98541
v -3.69468 -3.66074 6.50442
v -4.61462 -4.12442 6.43585
v -4.61462 -4.47554 8.81002
v -3.69468 -4.01185 8.87860
v -4.61462 -4.12442 6.43585
v -5.63437 -4.28420 6.41222
v -5.63437 -4.63532 8.78640
v -4.61462 -4.47554 8.81002
v -5.63437 -4.28420 6.41222
v -6.65413 -4.12442 6.43585
v -6.65413 -4.47554 8.81002
v -5.63437 -4.63532 8.78640
v -6.65413 -4.12442 6.43585
v -7.57406 -3.66074 6.50442
v -7.57406 -4.01185 8.87860
v -6.65413 -4.47554 8.81002
v -7.57406 -3.66074 6.50442
v -8.30413 -2.93853 6.61123
v -8.30413 -3.28964 8.98541
v -7.57406 -4.01185 8.87860
v -8.30413 -2.93853 6.61123
v -8.77286 -2.02849 6.74582
v -8.77286 -2.37961 9.11999
v -8.30413 -3.28964 8.98541
v -8.77286 -2.02849 6.74582
v -8.93437 -1.01970 6.89501
v -8.93437 -1.37082 9.26918
v -8.77286 -2.37961 9.11999
v -8.77286 -2.02849 6.74582
v -8.30413 -2.93853 6.61123
v -7.57406 -3.66074 6.50442
v -6.65413 -4.12442 6.43585
v -5.63437 -4.28420 6.41222
v -4.61462 -4.12442 6.43585
v -3.69468 -3.66074 6.50442
v -2.96461 -2.93853 6.61123
v -2.49588 -2.02849 6.74582
v -2.33437 -1.01971 6.89501
v -2.49588 -0.01092 7.04419
v -2.96461 0.89912 7.17878
v -3.69468 1.62133 7.28559
v -4.61461 2.08501 7.35416
v -5.63437 2.24479 7.37779
v -6.65413 2.08501 7.35416
v -7.57406 1.62133 7.28559
v -8.30413 0.89912 7.17878
v -8.77286 -0.01092 7.04420
v -8.93437 -1.01971 6.89501
v -8.93437 -1.37082 9.26918
v -8.77286 -0.36204 9.41837
v -8.30413 0.54800 9.55296
v -7.57406 1.27021 9.65977
v -6.65413 1.73389 9.72834
v -5.63437 1.89367 9.75197
v -4.61461 1.73389 9.72834
v -3.69468 1.27021 9.65977
v -2.96461 0.54800 9.55296
v -2.49588 -0.36204 9.41837
v -2.33437 -1.37082 9.26918
v -2.49588 -2.37961 9.11999
v -2.96461 -3.28964 8.98541
v -3.69468 -4.01185 8.87860
v -4.61462 -4.47554 8.81002
v -5.63437 -4.63532 8.78640
v -6.65413 -4.47554 8.81002
v -7.57406 -4.01185 8.87860
v -8.30413 -3.28964 8.98541
v -8.77286 -2.37961 9.11999
v -10.83533 8.70599 7.60551
v -10.51204 8.72136 7.50160
v -10.51204 8.27620 7.43577
v -10.83533 8.26083 7.53968
v -10.51204 8.72136 7.50160
v -10.31225 8.76159 7.22956
v -10.31225 8.31643 7.16373
v -10.51204 8.27620 7.43577
v -10.31225 8.76159 7.22956
v -10.31225 8.81132 6.89330
v -10.31225 8.36616 6.82746
v -10.31225 8.31643 7.16373
v -10.31225 8.81132 6.89330
v -10.51204 8.85155 6.62126
v -10.51204 8.40640 6.55542
v -10.31225 8.36616 6.82746
v -10.51204 8.85155 6.62126
v -10.83533 8.86692 6.51735
v -10.83533 8.42176 6.45151
v -10.51204 8.40640 6.55542
v -10.83533 8.86692 6.51735
v -11.15861 8.85155 6.62126
v -11.15861 8.40640 6.55542
v -10.83533 8.42176 6.45151
v -11.15861 8.85155 6.62126
v -11.35841 8.81132 6.89330
v -11.35841 8.36616 6.82746
v -11.15861 8.40640 6.55542
v -11.35841 8.81132 6.89330
v -11.35841 8.76159 7.22956
v -11.35841 8.31643 7.16373
v -11.35841 8.36616 6.82746
v -11.35841 8.76159 7.22956
v -11.15861 8.72136 7.50160
v -11.15861 8.27620 7.43577
v -11.35841 8.31643 7.16373
v -11.15861 8.72136 7.50160
v -10.83533 8.70599 7.60551
v -10.83533 8.26083 7.53968
v -11.15861 8.27620 7.43577
v -11.15861 8.72136 7.50160
v -11.35841 8.76159 7.22956
v -11.35841 8.81132 6.89330
v -11.15861 8.85155 6.62126
v -10.83533 8.86692 6.51735
v -10.51204 8.85155 6.62126
v -10.31225 8.81132 6.89330
v -10.31225 8.76159 7.22956
v -10.51204 8.72136 7.50160
v -10.83533 8.70599 7.60551
v -10.83533 8.26083 7.53968
v -10.51204 8.27620 7.43577
v -10.31225 8.31643 7.16373
v -10.31225 8.36616 6.82746
v -10.51204 8.40640 6.55542
v -10.83533 8.42176 6.45151
v -11.15861 8.40640 6.55542
v -11.35841 8.36616 6.82746
v -11.35841 8.31643 7.16373
v -11.15861 8.27620 7.43577
v -10.77533 8.81185 6.78719
v -10.77533 8.91078 6.80182
v -10.89533 8.91078 6.80182
v -10.89533 8.81185 6.78719
v -10.89533 8.73139 7.33128
v -10.89533 8.83031 7.34591
v -10.77533 8.83031 7.34591
v -10.77533 8.73139 7.33128
v -10.77533 8.81185 6.78719
v -10.89533 8.81185 6.78719
v -10.89533 8.73139 7.33128
v -10.77533 8.73139 7.33128
v -10.77533 8.83031 7.34591
v -10.89533 8.83031 7.34591
v -10.89533 8.91078 6.80182
v -10.77533 8.91078 6.80182
v -10.77533 8.81185 6.78719
v -10.77533 8.73139 7.33128
v -10.77533 8.83031 7.34591
v -10.77533 8.91078 6.80182
v -10.89533 8.91078 6.80182
v -10.89533 8.83031 7.34591
v -10.89533 8.73139 7.33128
v -10.89533 8.81185 6.78719
v -15.83748 -6.09499 5.66931
v -15.83748 4.19311 7.19082
v -29.23748 4.19311 7.19082
v -29.23748 -6.09499 5.66931
v -29.23748 -6.82649 10.61551
v -29.23748 3.46161 12.13702
v -15.83748 3.46161 12.13702
v -15.83748 -6.82649 10.61551
v -15.83748 -7.00343 6.34366
v -29.23748 -7.00343 6.34366
v -29.23748 -7.50084 9.70708
v -15.83748 -7.50084 9.70708
v -15.83748 4.37004 11.46267
v -29.23748 4.37004 11.46267
v -29.23748 4.86746 8.09925
v -15.83748 4.86746 8.09925
v -15.03748 -6.21203 6.46070
v -15.03748 -6.70945 9.82412
v -15.03748 3.57865 11.34563
v -15.03748 4.07607 7.98221
v -30.03748 4.07607 7.98221
v -30.03748 3.57865 11.34563
v -30.03748 -6.70945 9.82412
v -30.03748 -6.21203 6.46070
v -15.83748 -7.00343 6.34366
v -15.83748 -7.50084 9.70708
v -15.03748 -6.70945 9.82412
v -15.03748 -6.21203 6.46070
v -30.03748 -6.21203 6.46070
v -30.03748 -6.70945 9.82412
v -29.23748 -7.50084 9.70708
v -29.23748 -7.00343 6.34366
v -15.03748 4.07607 7.98221
v -15.03748 3.57865 11.34563
v -15.83748 4.37004 11.46267
v -15.83748 4.86746 8.09925
v -29.23748 4.86746 8.09925
v -29.23748 4.37004 11.46267
v -30.03748 3.57865 11.34563
v -30.03748 4.07607 7.98221
v -15.03748 -6.21203 6.46070
v -15.03748 4.07607 7.98221
v -15.83748 4.19311 7.19082
v -15.83748 -6.09499 5.66931
v -15.83748 -6.82649 10.61551
v -15.83748 3.46161 12.13702
v -15.03748 3.57865 11.34563
v -15.03748 -6.70945 9.82412
v -29.23748 -6.09499 5.66931
v -29.23748 4.19311 7.19082
v -30.03748 4.07607 7.98221
v -30.03748 -6.21203 6.46070
v -30.03748 -6.70945 9.82412
v -30.03748 3.57865 11.34563
v -29.23748 3.46161 12.13702
v -29.23748 -6.82649 10.61551
v -15.83748 -6.09499 5.66931
v -29.23748 -6.09499 5.66931
v -29.23748 -7.00343 6.34366
v -15.83748 -7.00343 6.34366
v -15.83748 4.86746 8.09925
v -29.23748 4.86746 8.09925
v -29.23748 4.19311 7.19082
v -15.83748 4.19311 7.19082
v -15.83748 -7.50084 9.70708
v -29.23748 -7.50084 9.70708
v -29.23748 -6.82649 10.61551
v -15.83748 -6.82649 10.61551
v -15.83748 3.46161 12.13702
v -29.23748 3.46161 12.13702
v -29.23748 4.37004 11.46267
v -15.83748 4.37004 11.46267
v -15.83748 -6.09499 5.66931
v -15.83748 -7.00343 6.34366
v -15.03748 -6.21203 6.46070
v -30.03748 -6.21203 6.46070
v -29.23748 -7.00343 6.34366
v -29.23748 -6.09499 5.66931
v -15.03748 4.07607 7.98221
v -15.83748 4.86746 8.09925
v -15.83748 4.19311 7.19082
v -29.23748 4.19311 7.19082
v -29.23748 4.86746 8.09925
v -30.03748 4.07607 7.98221
v -15.03748 -6.70945 9.82412
v -15.83748 -7.50084 9.70708
v -15.83748 -6.82649 10.61551
v -29.23748 -6.82649 10.61551
v -29.23748 -7.50084 9.70708
v -30.03748 -6.70945 9.82412
v -15.83748 3.46161 12.13702
v -15.83748 4.37004 11.46267
v -15.03748 3.57865 11.34563
v -30.03748 3.57865 11.34563
v -29.23748 4.37004 11.46267
v -29.23748 3.46161 12.13702
v -8.43485 8.33266 6.88312
v -8.43485 8.43159 6.89775
v -26.23820 8.43159 6.89775
v -26.23820 8.33266 6.88312
v -26.23820 8.24488 7.47667
v -26.23820 8.34381 7.49130
v -8.43485 8.34381 7.49130
v -8.43485 8.24488 7.47667
v -8.43485 8.10555 7.05171
v -26.23820 8.10555 7.05171
v -26.23820 8.07629 7.24956
v -8.43485 8.07629 7.24956
v -8.43485 8.57091 7.32271
v -26.23820 8.57091 7.32271
v -26.23820 8.60017 7.12486
v -8.43485 8.60017 7.12486
v -8.23485 8.30340 7.08097
v -8.23485 8.27414 7.27882
v -8.23485 8.37307 7.29345
v -8.23485 8.40233 7.09560
v -26.43820 8.40233 7.09560
v -26.43820 8.37307 7.29345
v -26.43820 8.27414 7.27882
v -26.43820 8.30340 7.08097
v -8.43485 8.10555 7.05171
v -8.43485 8.07629 7.24956
v -8.23485 8.27414 7.27882
v -8.23485 8.30340 7.08097
v -26.43820 8.30340 7.08097
v -26.43820 8.27414 7.27882
v -26.23820 8.07629 7.24956
v -26.23820 8.10555 7.05171
v -8.23485 8.40233 7.09560
v -8.23485 8.37307 7.29345
v -8.43485 8.57091 7.32271
v -8.43485 8.60017 7.12486
v -26.23820 8.60017 7.12486
v -26.23820 8.57091 7.32271
v -26.43820 8.37307 7.29345
v -26.43820 8.40233 7.09560
v -8.23485 8.30340 7.08097
v -8.23485 8.40233 7.09560
v -8.43485 8.43159 6.89775
v -8.43485 8.33266 6.88312
v -8.43485 8.24488 7.47667
v -8.43485 8.34381 7.49130
v -8.23485 8.37307 7.29345
v -8.23485 8.27414 7.27882
v -26.23820 8.33266 6.88312
v -26.23820 8.43159 6.89775
v -26.43820 8.40233 7.09560
v -26.43820 8.30340 7.08097
v -26.43820 8.27414 7.27882
v -26.43820 8.37307 7.29345
v -26.23820 8.34381 7.49130
v -26.23820 8.24488 7.47667
v -8.43485 8.33266 6.88312
v -26.23820 8.33266 6.88312
v -26.23820 8.10555 7.05171
v -8.43485 8.10555 7.05171
v -8.43485 8.60017 7.12486
v -26.23820 8.60017 7.12486
v -26.23820 8.43159 6.89775
v -8.43485 8.43159 6.89775
v -8.43485 8.07629 7.24956
v -26.23820 8.07629 7.24956
v -26.23820 8.24488 7.47667
v -8.43485 8.24488 7.47667
v -8.43485 8.34381 7.49130
v -26.23820 8.34381 7.49130
v -26.23820 8.57091 7.32271
v -8.43485 8.57091 7.32271
v -8.43485 8.33266 6.88312
v -8.43485 8.10555 7.05171
v -8.23485 8.30340 7.08097
v -26.43820 8.30340 7.08097
v -26.23820 8.10555 7.05171
v -26.23820 8.33266 6.88312
v -8.23485 8.40233 7.09560
v -8.43485 8.60017 7.12486
v -8.43485 8.43159 6.89775
v -26.23820 8.43159 6.89775
v -26.23820 8.60017 7.12486
v -26.43820 8.40233 7.09560
v -8.23485 8.27414 7.27882
v -8.43485 8.07629 7.24956
v -8.43485 8.24488 7.47667
v -26.23820 8.24488 7.47667
v -26.23820 8.07629 7.24956
v -26.43820 8.27414 7.27882
v -8.43485 8.34381 7.49130
v -8.43485 8.57091 7.32271
v -8.23485 8.37307 7.29345
v -26.43820 8.37307 7.29345
v -26.23820 8.57091 7.32271
v -26.23820 8.34381 7.49130
vt 0.002860 1.008791
vt -0.002678 1.008848
vt -0.000091 0.991181
vt 0.005455 1.007463
vt 0.000210 1.009242
vt -0.002833 0.991647
vt 0.007503 1.005401
vt 0.003068 1.008720
vt -0.005286 0.992939
vt 0.008804 1.002819
vt 0.005613 1.007346
vt -0.007208 0.994918
vt 0.009244 0.999975
vt 0.007600 1.005264
vt -0.008422 0.997381
vt 0.008791 0.997141
vt 0.008848 1.002680
vt -0.008819 1.000090
vt 0.007491 0.994583
vt 0.009243 0.999837
vt -0.008367 1.002790
vt 0.005461 0.992541
vt 0.008745 0.997002
vt -0.007103 1.005229
vt 0.002889 0.991218
vt 0.007390 0.994446
vt -0.005139 1.007168
vt 0.000019 0.990756
vt 0.005300 0.992426
vt -0.002660 1.008409
vt -0.002860 0.991209
vt 0.002678 0.991152
vt 0.000091 1.008819
vt -0.005455 0.992537
vt -0.000210 0.990758
vt 0.002833 1.008353
vt -0.007503 0.994599
vt -0.003068 0.991280
vt 0.005286 1.007061
vt -0.008804 0.997181
vt -0.005613 0.992654
vt 0.007208 1.005082
vt -0.009244 1.000025
vt -0.007600 0.994736
vt 0.008422 1.002619
vt -0.008791 1.002859
vt -0.008848 0.997320
vt 0.008819 0.999910
vt -0.007491 1.005417
vt -0.009243 1.000163
vt 0.008367 0.997210
vt -0.005461 1.007459
vt -0.008745 1.002998
vt 0.007103 0.994771
vt -0.002889 1.008782
vt -0.007390 1.005554
vt 0.005139 0.992832
vt -0.000019 1.009244
vt -0.005300 1.007574
vt 0.002660 0.991591
vt 0.002671 0.991136
vt 0.005448 1.008774
vt -0.005252 1.008893
vt -0.002867 0.991197
vt -0.000414 0.990751
vt 0.008045 1.006476
vt -0.002012 1.010130
vt -0.005620 0.992643
vt -0.003367 0.991376
vt 0.009701 1.003544
vt 0.001354 1.010239
vt -0.007687 0.994841
vt -0.005857 0.992831
vt 0.010320 1.000387
vt 0.004439 1.009325
vt -0.008902 0.997457
vt -0.007712 0.994878
vt 0.009975 0.997325
vt 0.006992 1.007601
vt -0.009256 1.000197
vt -0.008860 0.997315
vt 0.008783 0.994566
vt 0.008884 1.005266
vt -0.008807 1.002853
vt -0.009258 0.999981
vt 0.006845 0.992266
vt 0.010025 1.002483
vt -0.007612 1.005270
vt -0.008849 1.002720
vt 0.004251 0.990588
vt 0.010311 0.999407
vt -0.005713 1.007285
vt -0.007578 1.005318
vt 0.001139 0.989735
vt 0.009624 0.996254
vt -0.003185 1.008693
vt -0.005458 1.007478
vt -0.002232 0.989916
vt 0.007902 0.993350
vt -0.000212 1.009255
vt -0.002671 1.008864
vt -0.005448 0.991226
vt 0.005252 0.991107
vt 0.002867 1.008803
vt 0.000414 1.009249
vt -0.008045 0.993524
vt 0.002012 0.989870
vt 0.005620 1.007357
vt 0.003367 1.008624
vt -0.009701 0.996456
vt -0.001354 0.989761
vt 0.007687 1.005159
vt 0.005857 1.007169
vt -0.010320 0.999613
vt -0.004439 0.990675
vt 0.008902 1.002543
vt 0.007712 1.005122
vt -0.009975 1.002675
vt -0.006992 0.992399
vt 0.009256 0.999803
vt 0.008860 1.002685
vt -0.008783 1.005434
vt -0.008884 0.994734
vt 0.008807 0.997147
vt 0.009258 1.000019
vt -0.006845 1.007734
vt -0.010025 0.997517
vt 0.007612 0.994730
vt 0.008849 0.997280
vt -0.004251 1.009412
vt -0.010311 1.000593
vt 0.005713 0.992715
vt 0.007578 0.994682
vt -0.001139 1.010265
vt -0.009624 1.003746
vt 0.003185 0.991307
vt 0.005458 0.992522
vt 0.002232 1.010084
vt -0.007902 1.006650
vt 0.000212 0.990745
vt 0.005236 0.991074
vt 0.007679 1.008760
vt -0.007452 1.008955
vt -0.005464 0.991211
vt 0.001485 0.989759
vt 0.010415 1.005220
vt -0.003527 1.011103
vt -0.008373 0.993918
vt -0.002123 0.989871
vt 0.011574 1.001325
vt 0.000501 1.011639
vt -0.009953 0.997164
vt -0.005069 0.990978
vt 0.011437 0.997784
vt 0.003977 1.010950
vt -0.010345 1.000288
vt -0.007297 0.992662
vt 0.010429 0.994808
vt 0.006759 1.009488
vt -0.009891 1.003042
vt -0.008902 0.994722
vt 0.008796 0.992362
vt 0.008920 1.007493
vt -0.008814 1.005422
vt -0.009941 0.997126
vt 0.006598 0.990399
vt 0.010515 1.005015
vt -0.007171 1.007461
vt -0.010348 0.999906
vt 0.003771 0.988978
vt 0.011477 1.002001
vt -0.004900 1.009115
vt -0.009889 1.003049
vt 0.000251 0.988353
vt 0.011543 0.998427
vt -0.001905 1.010172
vt -0.008222 1.006284
vt -0.003797 0.988986
vt 0.010284 0.994528
vt 0.001735 1.010202
vt -0.005236 1.008926
vt -0.007679 0.991240
vt 0.007452 0.991045
vt 0.005464 1.008789
vt -0.001485 1.010241
vt -0.010415 0.994780
vt 0.003527 0.988897
vt 0.008373 1.006082
vt 0.002123 1.010128
vt -0.011574 0.998675
vt -0.000501 0.988361
vt 0.009953 1.002836
vt 0.005069 1.009022
vt -0.011437 1.002216
vt -0.003977 0.989050
vt 0.010345 0.999712
vt 0.007297 1.007338
vt -0.010429 1.005192
vt -0.006759 0.990512
vt 0.009891 0.996958
vt 0.008902 1.005278
vt -0.008796 1.007638
vt -0.008920 0.992507
vt 0.008814 0.994578
vt 0.009941 1.002874
vt -0.006598 1.009601
vt -0.010515 0.994985
vt 0.007171 0.992539
vt 0.010348 1.000094
vt -0.003771 1.011022
vt -0.011477 0.997999
vt 0.004900 0.990885
vt 0.009889 0.996951
vt -0.000251 1.011647
vt -0.011543 1.001573
vt 0.001905 0.989828
vt 0.008222 0.993716
vt 0.003797 1.011014
vt -0.010284 1.005473
vt -0.001735 0.989798
vt 0.007417 0.990988
vt 0.009414 1.008731
vt -0.009117 1.009040
vt -0.007714 0.991241
vt 0.002363 0.988570
vt 0.012397 1.003339
vt -0.003854 1.012247
vt -0.010906 0.995844
vt -0.002030 0.988507
vt 0.012753 0.998518
vt 0.000947 1.012804
vt -0.011670 1.000171
vt -0.005121 0.989512
vt 0.011851 0.995059
vt 0.004441 1.012047
vt -0.011171 1.003382
vt -0.007297 0.990891
vt 0.010478 0.992579
vt 0.006976 1.010779
vt -0.010156 1.005751
vt -0.008934 0.992490
vt 0.008828 0.990678
vt 0.008945 1.009210
vt -0.008839 1.007622
vt -0.010232 0.994386
vt 0.006831 0.989129
vt 0.010576 1.007280
vt -0.007175 1.009206
vt -0.011223 0.996798
vt 0.004247 0.987884
vt 0.011928 1.004750
vt -0.004952 1.010569
vt -0.011671 1.000077
vt 0.000674 0.987179
vt 0.012782 1.001210
vt -0.001785 1.011534
vt -0.010782 1.004469
vt -0.004206 0.987869
vt 0.012296 0.996305
vt 0.002692 1.011357
vt -0.007417 1.009012
vt -0.009414 0.991269
vt 0.009117 0.990960
vt 0.007714 1.008759
vt -0.002363 1.011430
vt -0.012397 0.996661
vt 0.003854 0.987753
vt 0.010906 1.004156
vt 0.002030 1.011493
vt -0.012753 1.001482
vt -0.000947 0.987196
vt 0.011670 0.999829
vt 0.005121 1.010488
vt -0.011851 1.004941
vt -0.004441 0.987953
vt 0.011171 0.996618
vt 0.007297 1.009109
vt -0.010478 1.007421
vt -0.006976 0.989221
vt 0.010156 0.994249
vt 0.008934 1.007510
vt -0.008828 1.009322
vt -0.008945 0.990790
vt 0.008839 0.992378
vt 0.010232 1.005614
vt -0.006831 1.010871
vt -0.010576 0.992720
vt 0.007175 0.990794
vt 0.011223 1.003202
vt -0.004247 1.012116
vt -0.011928 0.995250
vt 0.004952 0.989431
vt 0.011671 0.999923
vt -0.000674 1.012821
vt -0.012782 0.998790
vt 0.001785 0.988466
vt 0.010782 0.995531
vt 0.004206 1.012131
vt -0.012296 1.003695
vt -0.002692 0.988643
vt 0.009027 0.990846
vt 0.010568 1.008635
vt -0.010096 1.009182
vt -0.009500 0.991337
vt 0.001145 0.987195
vt 0.013647 0.999943
vt -0.001952 1.013507
vt -0.012840 0.999356
vt -0.003622 0.987664
vt 0.012679 0.994951
vt 0.003128 1.013284
vt -0.012185 1.004101
vt -0.006136 0.988702
vt 0.011333 0.992397
vt 0.005852 1.012328
vt -0.011050 1.006572
vt -0.007731 0.989728
vt 0.010091 0.990813
vt 0.007602 1.011333
vt -0.009963 1.008126
vt -0.008948 0.990769
vt 0.008871 0.989629
vt 0.008953 1.010300
vt -0.008875 1.009302
vt -0.010032 0.991960
vt 0.007504 0.988601
vt 0.010170 1.009100
vt -0.007642 1.010339
vt -0.011123 0.993552
vt 0.005714 0.987607
vt 0.011418 1.007475
vt -0.006009 1.011366
vt -0.012256 0.996118
vt 0.002890 0.986663
vt 0.012767 1.004821
vt -0.003401 1.012398
vt -0.012811 1.001085
vt -0.002415 0.986568
vt 0.013641 0.999588
vt 0.001584 1.012758
vt -0.009027 1.009154
vt -0.010568 0.991365
vt 0.010096 0.990818
vt 0.009500 1.008663
vt -0.001145 1.012805
vt -0.013647 1.000057
vt 0.001952 0.986493
vt 0.012840 1.000644
vt 0.003622 1.012336
vt -0.012679 1.005049
vt -0.003128 0.986716
vt 0.012185 0.995899
vt 0.006136 1.011298
vt -0.011333 1.007603
vt -0.005852 0.987672
vt 0.011050 0.993428
vt 0.007731 1.010272
vt -0.010091 1.009187
vt -0.007602 0.988667
vt 0.009963 0.991874
vt 0.008948 1.009231
vt -0.008871 1.010371
vt -0.008953 0.989700
vt 0.008875 0.990698
vt 0.010032 1.008040
vt -0.007504 1.011399
vt -0.010170 0.990900
vt 0.007642 0.989661
vt 0.011123 1.006448
vt -0.005714 1.012393
vt -0.011418 0.992525
vt 0.006009 0.988634
vt 0.012256 1.003882
vt -0.002890 1.013337
vt -0.012767 0.995179
vt 0.003401 0.987602
vt 0.012811 0.998915
vt 0.002415 1.013432
vt -0.013641 1.000412
vt -0.001584 0.987242
vt 0.008940 1.010323
vt -0.008912 1.010712
vt -0.008941 0.989312
vt 0.008912 0.989652
vt -0.004528 0.987116
vt 0.012221 0.993305
vt 0.004395 1.013223
vt -0.012087 1.006356
vt -0.006977 0.988260
vt 0.010663 0.991030
vt 0.006913 1.012099
vt -0.010599 1.008611
vt -0.007920 0.988875
vt 0.009888 0.990182
vt 0.007886 1.011488
vt -0.009854 1.009455
vt -0.008491 0.989304
vt 0.009361 0.989679
vt 0.008475 1.011060
vt -0.009346 1.009957
vt -0.008940 0.989677
vt 0.008912 0.989288
vt 0.008941 1.010688
vt -0.008912 1.010348
vt -0.009376 0.990071
vt 0.008442 0.988914
vt 0.009392 1.010293
vt -0.008459 1.010722
vt -0.009892 0.990585
vt 0.007839 0.988480
vt 0.009928 1.009778
vt -0.007875 1.011157
vt -0.010664 0.991469
vt 0.006821 0.987849
vt 0.010731 1.008889
vt -0.006887 1.011792
vt -0.012239 0.993941
vt 0.004072 0.986674
vt 0.012380 1.006395
vt -0.004213 1.012990
vt -0.008940 0.989677
vt 0.008912 0.989288
vt 0.008941 1.010688
vt -0.008912 1.010348
vt 0.004528 1.012884
vt -0.012221 1.006695
vt -0.004395 0.986777
vt 0.012087 0.993644
vt 0.006977 1.011740
vt -0.010663 1.008970
vt -0.006913 0.987901
vt 0.010599 0.991389
vt 0.007920 1.011125
vt -0.009888 1.009818
vt -0.007886 0.988512
vt 0.009854 0.990545
vt 0.008491 1.010696
vt -0.009361 1.010321
vt -0.008475 0.988940
vt 0.009346 0.990043
vt 0.008940 1.010323
vt -0.008912 1.010712
vt -0.008941 0.989312
vt 0.008912 0.989652
vt 0.009376 1.009929
vt -0.008442 1.011086
vt -0.009392 0.989707
vt 0.008458 0.989278
vt 0.009892 1.009415
vt -0.007839 1.011520
vt -0.009928 0.990222
vt 0.007875 0.988843
vt 0.010664 1.008531
vt -0.006821 1.012151
vt -0.010731 0.991111
vt 0.006887 0.988208
vt 0.012239 1.006059
vt -0.004072 1.013326
vt -0.012380 0.993605
vt 0.004213 0.987010
vt 0.008912 1.010712
vt -0.008940 1.010323
vt -0.008912 0.989652
vt 0.008941 0.989312
vt -0.012221 0.993305
vt 0.004528 0.987116
vt 0.012087 1.006356
vt -0.004395 1.013223
vt -0.010663 0.991030
vt 0.006977 0.988260
vt 0.010599 1.008611
vt -0.006913 1.012099
vt -0.009888 0.990182
vt 0.007920 0.988875
vt 0.009854 1.009455
vt -0.007886 1.011488
vt -0.009361 0.989679
vt 0.008491 0.989304
vt 0.009346 1.009957
vt -0.008475 1.011060
vt -0.008912 0.989288
vt 0.008940 0.989677
vt 0.008912 1.010348
vt -0.008941 1.010688
vt -0.008442 0.988914
vt 0.009376 0.990071
vt 0.008459 1.010722
vt -0.009392 1.010293
vt -0.007839 0.988480
vt 0.009892 0.990585
vt 0.007875 1.011157
vt -0.009928 1.009778
vt -0.006821 0.987849
vt 0.010664 0.991469
vt 0.006888 1.011792
vt -0.010731 1.008889
vt -0.004072 0.986674
vt 0.012239 0.993941
vt 0.004213 1.012990
vt -0.012380 1.006395
vt -0.008912 0.989288
vt 0.008940 0.989677
vt 0.008912 1.010348
vt -0.008941 1.010688
vt 0.012221 1.006695
vt -0.004528 1.012884
vt -0.012087 0.993644
vt 0.004395 0.986777
vt 0.010663 1.008970
vt -0.006977 1.011740
vt -0.010599 0.991389
vt 0.006913 0.987901
vt 0.009888 1.009818
vt -0.007920 1.011125
vt -0.009854 0.990545
vt 0.007886 0.988512
vt 0.009361 1.010321
vt -0.008491 1.010696
vt -0.009346 0.990043
vt 0.008475 0.988940
vt 0.008912 1.010712
vt -0.008940 1.010323
vt -0.008912 0.989652
vt 0.008941 0.989312
vt 0.008442 1.011086
vt -0.009376 1.009929
vt -0.008459 0.989278
vt 0.009392 0.989707
vt 0.007839 1.011520
vt -0.009892 1.009415
vt -0.007875 0.988843
vt 0.009928 0.990222
vt 0.006821 1.012151
vt -0.010664 1.008531
vt -0.006888 0.988208
vt 0.010731 0.991111
vt 0.004072 1.013326
vt -0.012239 1.006059
vt -0.004213 0.987010
vt 0.012380 0.993605
vt -0.010568 1.008635
vt -0.009027 0.990846
vt 0.009500 0.991337
vt 0.010096 1.009182
vt -0.013647 0.999943
vt -0.001145 0.987195
vt 0.012840 0.999356
vt 0.001952 1.013507
vt -0.012679 0.994951
vt 0.003622 0.987664
vt 0.012185 1.004101
vt -0.003128 1.013284
vt -0.011333 0.992397
vt 0.006136 0.988702
vt 0.011050 1.006572
vt -0.005852 1.012328
vt -0.010091 0.990813
vt 0.007731 0.989728
vt 0.009963 1.008126
vt -0.007602 1.011333
vt -0.008871 0.989629
vt 0.008948 0.990769
vt 0.008875 1.009302
vt -0.008953 1.010300
vt -0.007504 0.988601
vt 0.010032 0.991960
vt 0.007642 1.010339
vt -0.010170 1.009100
vt -0.005714 0.987607
vt 0.011123 0.993552
vt 0.006009 1.011366
vt -0.011418 1.007475
vt -0.002890 0.986663
vt 0.012256 0.996118
vt 0.003401 1.012398
vt -0.012767 1.004821
vt 0.002415 0.986568
vt 0.012811 1.001085
vt -0.001584 1.012758
vt -0.013641 0.999588
vt 0.010568 0.991365
vt 0.009027 1.009154
vt -0.009500 1.008663
vt -0.010096 0.990818
vt 0.013647 1.000057
vt 0.001145 1.012805
vt -0.012840 1.000644
vt -0.001952 0.986493
vt 0.012679 1.005049
vt -0.003622 1.012336
vt -0.012185 0.995899
vt 0.003128 0.986716
vt 0.011333 1.007603
vt -0.006136 1.011298
vt -0.011050 0.993428
vt 0.005852 0.987672
vt 0.010091 1.009187
vt -0.007731 1.010272
vt -0.009963 0.991874
vt 0.007602 0.988667
vt 0.008871 1.010371
vt -0.008948 1.009231
vt -0.008875 0.990698
vt 0.008953 0.989700
vt 0.007504 1.011399
vt -0.010032 1.008040
vt -0.007642 0.989661
vt 0.010170 0.990900
vt 0.005714 1.012393
vt -0.011123 1.006448
vt -0.006009 0.988634
vt 0.011418 0.992525
vt 0.002890 1.013337
vt -0.012256 1.003882
vt -0.003401 0.987602
vt 0.012767 0.995179
vt -0.002415 1.013432
vt -0.012811 0.998915
vt 0.001584 0.987242
vt 0.013641 1.000412
vt -0.009414 1.008731
vt -0.007417 0.990988
vt 0.007714 0.991241
vt 0.009117 1.009040
vt -0.012397 1.003339
vt -0.002363 0.988570
vt 0.010906 0.995844
vt 0.003854 1.012247
vt -0.012753 0.998518
vt 0.002030 0.988507
vt 0.011670 1.000171
vt -0.000947 1.012804
vt -0.011851 0.995059
vt 0.005121 0.989512
vt 0.011171 1.003382
vt -0.004441 1.012047
vt -0.010478 0.992579
vt 0.007297 0.990891
vt 0.010156 1.005751
vt -0.006976 1.010779
vt -0.008828 0.990678
vt 0.008934 0.992490
vt 0.008839 1.007622
vt -0.008945 1.009210
vt -0.006831 0.989129
vt 0.010232 0.994386
vt 0.007175 1.009206
vt -0.010576 1.007280
vt -0.004247 0.987884
vt 0.011223 0.996798
vt 0.004952 1.010569
vt -0.011928 1.004750
vt -0.000674 0.987179
vt 0.011671 1.000077
vt 0.001785 1.011534
vt -0.012782 1.001210
vt 0.004206 0.987869
vt 0.010782 1.004469
vt -0.002692 1.011357
vt -0.012296 0.996305
vt 0.009414 0.991269
vt 0.007417 1.009012
vt -0.007714 1.008759
vt -0.009117 0.990960
vt 0.012397 0.996661
vt 0.002363 1.011430
vt -0.010906 1.004156
vt -0.003854 0.987753
vt 0.012753 1.001482
vt -0.002030 1.011493
vt -0.011670 0.999829
vt 0.000947 0.987196
vt 0.011851 1.004941
vt -0.005121 1.010488
vt -0.011171 0.996618
vt 0.004441 0.987953
vt 0.010478 1.007421
vt -0.007297 1.009109
vt -0.010156 0.994249
vt 0.006976 0.989221
vt 0.008828 1.009322
vt -0.008934 1.007510
vt -0.008839 0.992378
vt 0.008945 0.990790
vt 0.006831 1.010871
vt -0.010232 1.005614
vt -0.007175 0.990794
vt 0.010576 0.992720
vt 0.004247 1.012116
vt -0.011223 1.003202
vt -0.004952 0.989431
vt 0.011928 0.995250
vt 0.000674 1.012821
vt -0.011671 0.999923
vt -0.001785 0.988466
vt 0.012782 0.998790
vt -0.004206 1.012131
vt -0.010782 0.995531
vt 0.002692 0.988643
vt 0.012296 1.003695
vt -0.007679 1.008760
vt -0.005236 0.991074
vt 0.005464 0.991211
vt 0.007452 1.008955
vt -0.010415 1.005220
vt -0.001485 0.989759
vt 0.008373 0.993918
vt 0.003527 1.011103
vt -0.011574 1.001325
vt 0.002123 0.989871
vt 0.009953 0.997164
vt -0.000501 1.011639
vt -0.011437 0.997784
vt 0.005069 0.990978
vt 0.010345 1.000288
vt -0.003977 1.010950
vt -0.010429 0.994808
vt 0.007297 0.992662
vt 0.009891 1.003042
vt -0.006759 1.009488
vt -0.008796 0.992362
vt 0.008902 0.994722
vt 0.008814 1.005422
vt -0.008920 1.007493
vt -0.006598 0.990399
vt 0.009941 0.997126
vt 0.007171 1.007461
vt -0.010515 1.005015
vt -0.003771 0.988978
vt 0.010348 0.999906
vt 0.004900 1.009115
vt -0.011477 1.002001
vt -0.000251 0.988353
vt 0.009889 1.003049
vt 0.001905 1.010172
vt -0.011543 0.998427
vt 0.003797 0.988986
vt 0.008222 1.006284
vt -0.001735 1.010202
vt -0.010284 0.994528
vt 0.007679 0.991240
vt 0.005236 1.008926
vt -0.005464 1.008789
vt -0.007452 0.991045
vt 0.010415 0.994780
vt 0.001485 1.010241
vt -0.008373 1.006082
vt -0.003527 0.988897
vt 0.011574 0.998675
vt -0.002123 1.010128
vt -0.009953 1.002836
vt 0.000501 0.988361
vt 0.011437 1.002216
vt -0.005069 1.009022
vt -0.010345 0.999712
vt 0.003977 0.989050
vt 0.010429 1.005192
vt -0.007297 1.007338
vt -0.009891 0.996958
vt 0.006759 0.990512
vt 0.008796 1.007638
vt -0.008902 1.005278
vt -0.008814 0.994578
vt 0.008920 0.992507
vt 0.006598 1.009601
vt -0.009941 1.002874
vt -0.007171 0.992539
vt 0.010515 0.994985
vt 0.003771 1.011022
vt -0.010348 1.000094
vt -0.004900 0.990885
vt 0.011477 0.997999
vt 0.000251 1.011647
vt -0.009889 0.996951
vt -0.001905 0.989828
vt 0.011543 1.001573
vt -0.003797 1.011014
vt -0.008222 0.993716
vt 0.001735 0.989798
vt 0.010284 1.005473
vt -0.005448 1.008774
vt -0.002671 0.991136
vt 0.002867 0.991197
vt 0.005252 1.008893
vt -0.008045 1.006476
vt 0.000414 0.990751
vt 0.005620 0.992643
vt 0.002012 1.010130
vt -0.009701 1.003544
vt 0.003367 0.991376
vt 0.007687 0.994841
vt -0.001354 1.010239
vt -0.010320 1.000387
vt 0.005857 0.992831
vt 0.008902 0.997457
vt -0.004439 1.009325
vt -0.009975 0.997325
vt 0.007712 0.994878
vt 0.009256 1.000197
vt -0.006992 1.007601
vt -0.008783 0.994566
vt 0.008860 0.997315
vt 0.008807 1.002853
vt -0.008884 1.005266
vt -0.006845 0.992266
vt 0.009258 0.999981
vt 0.007612 1.005270
vt -0.010025 1.002483
vt -0.004251 0.990588
vt 0.008849 1.002720
vt 0.005713 1.007285
vt -0.010311 0.999407
vt -0.001139 0.989735
vt 0.007578 1.005318
vt 0.003185 1.008693
vt -0.009624 0.996254
vt 0.002232 0.989916
vt 0.005458 1.007478
vt 0.000212 1.009255
vt -0.007902 0.993350
vt 0.005448 0.991226
vt 0.002671 1.008864
vt -0.002867 1.008803
vt -0.005252 0.991107
vt 0.008045 0.993524
vt -0.000414 1.009249
vt -0.005620 1.007357
vt -0.002012 0.989870
vt 0.009701 0.996456
vt -0.003367 1.008624
vt -0.007687 1.005159
vt 0.001354 0.989761
vt 0.010320 0.999613
vt -0.005857 1.007169
vt -0.008902 1.002543
vt 0.004439 0.990675
vt 0.009975 1.002675
vt -0.007712 1.005122
vt -0.009256 0.999803
vt 0.006992 0.992399
vt 0.008783 1.005434
vt -0.008860 1.002685
vt -0.008807 0.997147
vt 0.008884 0.994734
vt 0.006845 1.007734
vt -0.009258 1.000019
vt -0.007612 0.994730
vt 0.010025 0.997517
vt 0.004251 1.009412
vt -0.008849 0.997280
vt -0.005713 0.992715
vt 0.010311 1.000593
vt 0.001139 1.010265
vt -0.007578 0.994682
vt -0.003185 0.991307
vt 0.009624 1.003746
vt -0.002232 1.010084
vt -0.005458 0.992522
vt -0.000212 0.990745
vt 0.007902 1.006650
vt -0.002860 1.008791
vt 0.000091 0.991181
vt 0.002678 1.008848
vt -0.005455 1.007463
vt 0.002833 0.991647
vt -0.000210 1.009242
vt -0.007503 1.005401
vt 0.005286 0.992939
vt -0.003068 1.008720
vt -0.008804 1.002819
vt 0.007208 0.994918
vt -0.005613 1.007346
vt -0.009244 0.999975
vt 0.008422 0.997381
vt -0.007600 1.005264
vt -0.008791 0.997141
vt 0.008819 1.000090
vt -0.008848 1.002680
vt -0.007491 0.994583
vt 0.008367 1.002790
vt -0.009243 0.999837
vt -0.005461 0.992541
vt 0.007103 1.005229
vt -0.008745 0.997002
vt -0.002889 0.991218
vt 0.005139 1.007168
vt -0.007390 0.994446
vt -0.000019 0.990756
vt 0.002660 1.008409
vt -0.005300 0.992426
vt 0.002860 0.991209
vt -0.000091 1.008819
vt -0.002678 0.991152
vt 0.005455 0.992537
vt -0.002833 1.008353
vt 0.000210 0.990758
vt 0.007503 0.994599
vt -0.005286 1.007061
vt 0.003068 0.991280
vt 0.008804 0.997181
vt -0.007208 1.005082
vt 0.005613 0.992654
vt 0.009244 1.000025
vt -0.008422 1.002619
vt 0.007600 0.994736
vt 0.008791 1.002859
vt -0.008819 0.999910
vt 0.008848 0.997320
vt 0.007491 1.005417
vt -0.008367 0.997210
vt 0.009243 1.000163
vt 0.005461 1.007459
vt -0.007103 0.994771
vt 0.008745 1.002998
vt 0.002889 1.008782
vt -0.005139 0.992832
vt 0.007390 1.005554
vt 0.000019 1.009244
vt -0.002660 0.991591
vt 0.005300 1.007574
vt 0.001726 0.951198
vt -0.002735 0.951244
vt -0.000651 0.937012
vt -0.013554 0.953086
vt -0.017780 0.954519
vt -0.020230 0.940345
vt -0.027448 0.959611
vt -0.031020 0.962285
vt -0.037749 0.949572
vt -0.038583 0.970067
vt -0.041154 0.973714
vt -0.051482 0.963702
vt -0.045919 0.983383
vt -0.047244 0.987643
vt -0.060150 0.981293
vt -0.048802 0.998265
vt -0.048757 1.002727
vt -0.062989 1.000641
vt -0.046982 1.013316
vt -0.045571 1.017549
vt -0.059757 1.019928
vt -0.040608 1.027123
vt -0.037963 1.030716
vt -0.050729 1.037343
vt -0.030238 1.038345
vt -0.026612 1.040945
vt -0.036704 1.051193
vt -0.016837 1.045839
vt -0.012583 1.047184
vt -0.018995 1.060060
vt -0.001726 1.048802
vt 0.002735 1.048756
vt 0.000651 1.062989
vt 0.013554 1.046914
vt 0.017780 1.045481
vt 0.020230 1.059655
vt 0.027448 1.040389
vt 0.031020 1.037715
vt 0.037749 1.050428
vt 0.038583 1.029933
vt 0.041154 1.026286
vt 0.051482 1.036298
vt 0.045919 1.016617
vt 0.047244 1.012357
vt 0.060150 1.018707
vt 0.048802 1.001735
vt 0.048757 0.997273
vt 0.062989 0.999359
vt 0.046982 0.986684
vt 0.045571 0.982451
vt 0.059757 0.980072
vt 0.040608 0.972877
vt 0.037963 0.969284
vt 0.050729 0.962657
vt 0.030238 0.961655
vt 0.026612 0.959055
vt 0.036704 0.948807
vt 0.016837 0.954161
vt 0.012583 0.952816
vt 0.018995 0.939940
vt 0.000334 0.828757
vt 0.002570 0.842966
vt -0.006049 0.843061
vt -0.004128 0.828807
vt -0.056379 0.838304
vt -0.049564 0.850971
vt -0.057666 0.853914
vt -0.060572 0.839828
vt -0.105392 0.865031
vt -0.094866 0.874833
vt -0.101590 0.880226
vt -0.108873 0.867822
vt -0.141811 0.904011
vt -0.128779 0.910098
vt -0.133517 0.917298
vt -0.144263 0.907738
vt -0.163819 0.950125
vt -0.149571 0.952096
vt -0.151974 0.960374
vt -0.165063 0.954410
vt -0.171242 0.999394
vt -0.157030 0.997180
vt -0.156948 1.005799
vt -0.171200 1.003856
vt -0.164155 1.048757
vt -0.151184 1.042543
vt -0.148622 1.050773
vt -0.162829 1.053018
vt -0.142392 1.095124
vt -0.131839 1.085351
vt -0.126958 1.092456
vt -0.139866 1.098802
vt -0.106080 1.134429
vt -0.099059 1.121876
vt -0.092223 1.127127
vt -0.102542 1.137147
vt -0.057065 1.161455
vt -0.054466 1.147308
vt -0.046303 1.150075
vt -0.052839 1.162887
vt -0.000334 1.171243
vt -0.002570 1.157034
vt 0.006049 1.156939
vt 0.004128 1.171193
vt 0.056379 1.161696
vt 0.049564 1.149029
vt 0.057666 1.146086
vt 0.060572 1.160172
vt 0.105392 1.134969
vt 0.094866 1.125167
vt 0.101590 1.119774
vt 0.108873 1.132178
vt 0.141811 1.095989
vt 0.128779 1.089902
vt 0.133517 1.082702
vt 0.144263 1.092262
vt 0.163819 1.049875
vt 0.149571 1.047904
vt 0.151974 1.039626
vt 0.165063 1.045590
vt 0.171242 1.000606
vt 0.157030 1.002820
vt 0.156948 0.994201
vt 0.171200 0.996144
vt 0.164155 0.951243
vt 0.151184 0.957457
vt 0.148622 0.949227
vt 0.162829 0.946982
vt 0.142392 0.904876
vt 0.131839 0.914649
vt 0.126958 0.907544
vt 0.139866 0.901198
vt 0.106080 0.865571
vt 0.099059 0.878124
vt 0.092223 0.872873
vt 0.102542 0.862853
vt 0.057065 0.838545
vt 0.054466 0.852692
vt 0.046303 0.849925
vt 0.052839 0.837113
vt 0.000850 0.731044
vt 0.002818 0.745292
vt -0.009370 0.745449
vt -0.007769 0.731155
vt -0.100578 0.750557
vt -0.093385 0.763012
vt -0.104616 0.767751
vt -0.108519 0.753908
vt -0.180137 0.800279
vt -0.169103 0.809505
vt -0.178023 0.817814
vt -0.186444 0.806153
vt -0.231846 0.863672
vt -0.218549 0.869155
vt -0.224559 0.879761
vt -0.236096 0.871172
vt -0.259851 0.930608
vt -0.245573 0.932337
vt -0.248528 0.944163
vt -0.261941 0.938971
vt -0.268949 0.997888
vt -0.254692 0.995986
vt -0.254592 1.008176
vt -0.268878 1.006507
vt -0.260870 1.065456
vt -0.247547 1.060037
vt -0.244392 1.071811
vt -0.258639 1.073782
vt -0.233645 1.133221
vt -0.222271 1.124417
vt -0.216064 1.134909
vt -0.229256 1.140639
vt -0.182239 1.197805
vt -0.174071 1.185966
vt -0.164975 1.194081
vt -0.175807 1.203543
vt -0.102485 1.248666
vt -0.098920 1.234732
vt -0.087577 1.239195
vt -0.094464 1.251822
vt -0.000850 1.268956
vt -0.002818 1.254708
vt 0.009371 1.254551
vt 0.007769 1.268845
vt 0.100578 1.249443
vt 0.093385 1.236988
vt 0.104616 1.232249
vt 0.108520 1.246092
vt 0.180137 1.199721
vt 0.169103 1.190495
vt 0.178023 1.182186
vt 0.186444 1.193846
vt 0.231846 1.136328
vt 0.218549 1.130845
vt 0.224559 1.120239
vt 0.236096 1.128828
vt 0.259851 1.069392
vt 0.245573 1.067663
vt 0.248528 1.055837
vt 0.261941 1.061029
vt 0.268949 1.002112
vt 0.254692 1.004014
vt 0.254592 0.991824
vt 0.268878 0.993493
vt 0.260870 0.934544
vt 0.247547 0.939963
vt 0.244392 0.928189
vt 0.258639 0.926218
vt 0.233645 0.866779
vt 0.222271 0.875583
vt 0.216064 0.865091
vt 0.229256 0.859361
vt 0.182239 0.802195
vt 0.174071 0.814034
vt 0.164975 0.805919
vt 0.175807 0.796457
vt 0.102485 0.751334
vt 0.098920 0.765268
vt 0.087577 0.760805
vt 0.094464 0.748178
vt 0.000255 0.650526
vt 0.001864 0.664818
vt -0.013064 0.665068
vt -0.011933 0.650729
vt -0.162613 0.690663
vt -0.154530 0.702560
vt -0.167622 0.709736
vt -0.173302 0.696522
vt -0.265458 0.772702
vt -0.253549 0.780767
vt -0.263060 0.792275
vt -0.273224 0.782098
vt -0.317841 0.854709
vt -0.304170 0.859178
vt -0.310139 0.872862
vt -0.322715 0.865882
vt -0.341976 0.927994
vt -0.327657 0.929354
vt -0.330478 0.944015
vt -0.344279 0.939965
vt -0.349453 0.996103
vt -0.335144 0.994643
vt -0.335050 1.009573
vt -0.349376 1.008293
vt -0.343445 1.064636
vt -0.329700 1.060401
vt -0.326683 1.075023
vt -0.340982 1.076574
vt -0.320523 1.139275
vt -0.308060 1.132095
vt -0.301873 1.145682
vt -0.315470 1.150369
vt -0.268530 1.223660
vt -0.258585 1.213270
vt -0.248832 1.224573
vt -0.260567 1.232889
vt -0.164473 1.308352
vt -0.159176 1.294980
vt -0.145883 1.301775
vt -0.153619 1.313900
vt -0.000255 1.349474
vt -0.001864 1.335182
vt 0.013064 1.334932
vt 0.011933 1.349271
vt 0.162613 1.309337
vt 0.154530 1.297440
vt 0.167622 1.290264
vt 0.173303 1.303478
vt 0.265458 1.227298
vt 0.253549 1.219233
vt 0.263060 1.207725
vt 0.273224 1.217902
vt 0.317841 1.145291
vt 0.304170 1.140822
vt 0.310139 1.127138
vt 0.322715 1.134118
vt 0.341976 1.072006
vt 0.327657 1.070645
vt 0.330478 1.055985
vt 0.344279 1.060035
vt 0.349453 1.003897
vt 0.335144 1.005357
vt 0.335050 0.990427
vt 0.349376 0.991707
vt 0.343445 0.935364
vt 0.329700 0.939599
vt 0.326683 0.924977
vt 0.340982 0.923426
vt 0.320523 0.860725
vt 0.308060 0.867905
vt 0.301873 0.854318
vt 0.315470 0.849631
vt 0.268530 0.776340
vt 0.258585 0.786730
vt 0.248832 0.775427
vt 0.260567 0.767111
vt 0.164473 0.691648
vt 0.159176 0.705020
vt 0.145883 0.698225
vt 0.153619 0.686100
vt -0.003321 0.593078
vt -0.002080 0.607408
vt -0.018726 0.607849
vt -0.018246 0.593474
vt -0.261342 0.688076
vt -0.251271 0.698345
vt -0.263837 0.709272
vt -0.272608 0.697872
vt -0.357384 0.805390
vt -0.344253 0.811260
vt -0.351947 0.826028
vt -0.364282 0.818630
vt -0.390327 0.884929
vt -0.376255 0.887906
vt -0.380670 0.903961
vt -0.394285 0.899325
vt -0.403008 0.943599
vt -0.388651 0.944473
vt -0.390656 0.961004
vt -0.404805 0.958420
vt -0.406893 0.994149
vt -0.392539 0.993231
vt -0.392473 1.009882
vt -0.406834 1.009078
vt -0.404431 1.045073
vt -0.390305 1.042367
vt -0.388157 1.058880
vt -0.402506 1.059877
vt -0.393130 1.105097
vt -0.379567 1.100308
vt -0.374972 1.116313
vt -0.389010 1.119447
vt -0.360979 1.187857
vt -0.348778 1.180240
vt -0.340822 1.194868
vt -0.353846 1.200972
vt -0.262066 1.311316
vt -0.253691 1.299622
vt -0.240758 1.310111
vt -0.250470 1.320720
vt 0.003322 1.406922
vt 0.002080 1.392592
vt 0.018726 1.392151
vt 0.018246 1.406526
vt 0.261342 1.311924
vt 0.251271 1.301655
vt 0.263837 1.290728
vt 0.272608 1.302128
vt 0.357384 1.194610
vt 0.344253 1.188740
vt 0.351947 1.173972
vt 0.364282 1.181370
vt 0.390327 1.115071
vt 0.376255 1.112094
vt 0.380670 1.096038
vt 0.394285 1.100675
vt 0.403008 1.056401
vt 0.388651 1.055527
vt 0.390656 1.038996
vt 0.404805 1.041580
vt 0.406893 1.005851
vt 0.392539 1.006769
vt 0.392473 0.990118
vt 0.406834 0.990922
vt 0.404431 0.954927
vt 0.390305 0.957633
vt 0.388157 0.941120
vt 0.402506 0.940123
vt 0.393130 0.894903
vt 0.379567 0.899692
vt 0.374972 0.883687
vt 0.389010 0.880553
vt 0.360979 0.812143
vt 0.348778 0.819760
vt 0.340822 0.805132
vt 0.353846 0.799028
vt 0.262066 0.688683
vt 0.253691 0.700378
vt 0.240758 0.689889
vt 0.250470 0.679280
vt 0.436815 1.007734
vt 0.422434 1.008047
vt 0.422411 0.990808
vt 0.436792 0.991082
vt -0.403507 0.832523
vt -0.390015 0.837508
vt -0.396319 0.853553
vt -0.409597 0.848021
vt -0.428586 0.915260
vt -0.414376 0.917491
vt -0.417397 0.934464
vt -0.431504 0.931654
vt -0.434110 0.950857
vt -0.419765 0.951910
vt -0.421377 0.969073
vt -0.435668 0.967436
vt -0.436085 0.973597
vt -0.421704 0.973899
vt -0.422418 0.991123
vt -0.436774 0.990234
vt -0.436815 0.992266
vt -0.422434 0.991953
vt -0.422411 1.009192
vt -0.436792 1.008918
vt -0.436743 1.011072
vt -0.422389 1.010140
vt -0.421624 1.027362
vt -0.436004 1.027707
vt -0.435531 1.034351
vt -0.421247 1.032655
vt -0.419564 1.049812
vt -0.433905 1.050923
vt -0.430973 1.071620
vt -0.416888 1.068704
vt -0.413738 1.085653
vt -0.427930 1.087991
vt -0.405772 1.161913
vt -0.392634 1.156059
vt -0.385941 1.171946
vt -0.399307 1.177258
vt -0.436815 0.992266
vt -0.422434 0.991953
vt -0.422411 1.009192
vt -0.436792 1.008918
vt 0.403507 1.167477
vt 0.390015 1.162492
vt 0.396319 1.146447
vt 0.409597 1.151979
vt 0.428586 1.084740
vt 0.414376 1.082509
vt 0.417397 1.065536
vt 0.431504 1.068346
vt 0.434110 1.049143
vt 0.419765 1.048090
vt 0.421377 1.030927
vt 0.435668 1.032564
vt 0.436085 1.026403
vt 0.421704 1.026101
vt 0.422418 1.008877
vt 0.436774 1.009766
vt 0.436815 1.007734
vt 0.422434 1.008047
vt 0.422411 0.990808
vt 0.436792 0.991082
vt 0.436743 0.988928
vt 0.422389 0.989860
vt 0.421624 0.972638
vt 0.436004 0.972293
vt 0.435531 0.965649
vt 0.421247 0.967345
vt 0.419564 0.950188
vt 0.433905 0.949077
vt 0.430973 0.928380
vt 0.416888 0.931296
vt 0.413738 0.914347
vt 0.427930 0.912009
vt 0.405772 0.838087
vt 0.392633 0.843941
vt 0.385941 0.828054
vt 0.399307 0.822742
vt 0.436792 1.009211
vt 0.422411 1.008898
vt 0.422434 0.992246
vt 0.436815 0.991972
vt -0.409704 1.151706
vt -0.396212 1.146720
vt -0.390122 1.162219
vt -0.403400 1.167751
vt -0.431556 1.068057
vt -0.417346 1.065826
vt -0.414428 1.082220
vt -0.428535 1.085029
vt -0.435695 1.032272
vt -0.421350 1.031219
vt -0.419793 1.047798
vt -0.434083 1.049435
vt -0.436786 1.009472
vt -0.422405 1.009170
vt -0.421716 1.025808
vt -0.436072 1.026697
vt -0.436792 0.990789
vt -0.422411 0.991102
vt -0.422434 1.007753
vt -0.436815 1.008028
vt -0.435991 0.972000
vt -0.421637 0.972931
vt -0.422376 0.989567
vt -0.436756 0.989222
vt -0.433877 0.948784
vt -0.419593 0.950481
vt -0.421218 0.967053
vt -0.435559 0.965941
vt -0.427877 0.911720
vt -0.413792 0.914636
vt -0.416834 0.931007
vt -0.431026 0.928669
vt -0.399193 0.822471
vt -0.386055 0.828325
vt -0.392519 0.843670
vt -0.405886 0.838358
vt -0.436792 0.990789
vt -0.422411 0.991102
vt -0.422434 1.007753
vt -0.436815 1.008028
vt 0.409704 0.848294
vt 0.396212 0.853280
vt 0.390122 0.837781
vt 0.403400 0.832249
vt 0.431556 0.931943
vt 0.417346 0.934174
vt 0.414428 0.917780
vt 0.428535 0.914971
vt 0.435695 0.967728
vt 0.421350 0.968781
vt 0.419793 0.952202
vt 0.434083 0.950565
vt 0.436786 0.990528
vt 0.422405 0.990830
vt 0.421716 0.974192
vt 0.436072 0.973303
vt 0.436792 1.009211
vt 0.422411 1.008898
vt 0.422434 0.992246
vt 0.436815 0.991972
vt 0.435991 1.028000
vt 0.421637 1.027069
vt 0.422376 1.010433
vt 0.436756 1.010778
vt 0.433877 1.051216
vt 0.419593 1.049519
vt 0.421218 1.032947
vt 0.435559 1.034059
vt 0.427877 1.088280
vt 0.413792 1.085364
vt 0.416834 1.068993
vt 0.431026 1.071331
vt 0.399193 1.177529
vt 0.386055 1.171675
vt 0.392519 1.156330
vt 0.405886 1.161642
vt -0.019107 1.406503
vt -0.017865 1.392173
vt -0.002941 1.392569
vt -0.002461 1.406945
vt -0.273258 1.301563
vt -0.263187 1.291293
vt -0.251921 1.301090
vt -0.260692 1.312489
vt -0.364680 1.180606
vt -0.351549 1.174736
vt -0.344651 1.187976
vt -0.356986 1.195374
vt -0.394513 1.099845
vt -0.380441 1.096869
vt -0.376483 1.111264
vt -0.390099 1.115901
vt -0.404909 1.040725
vt -0.390552 1.039851
vt -0.388755 1.054672
vt -0.402904 1.057256
vt -0.406831 0.990061
vt -0.392476 0.990979
vt -0.392536 1.005908
vt -0.406897 1.006712
vt -0.402395 0.939269
vt -0.388268 0.941974
vt -0.390194 0.956779
vt -0.404542 0.955781
vt -0.388772 0.879725
vt -0.375210 0.884515
vt -0.379329 0.898864
vt -0.393367 0.895730
vt -0.353434 0.798272
vt -0.341233 0.805889
vt -0.348367 0.819004
vt -0.361391 0.812899
vt -0.249801 0.678738
vt -0.241426 0.690432
vt -0.253022 0.699835
vt -0.262734 0.689226
vt 0.019107 0.593497
vt 0.017865 0.607827
vt 0.002941 0.607431
vt 0.002461 0.593055
vt 0.273258 0.698437
vt 0.263187 0.708707
vt 0.251921 0.698910
vt 0.260692 0.687511
vt 0.364680 0.819394
vt 0.351549 0.825264
vt 0.344651 0.812024
vt 0.356986 0.804626
vt 0.394513 0.900155
vt 0.380441 0.903131
vt 0.376483 0.888736
vt 0.390099 0.884099
vt 0.404909 0.959275
vt 0.390552 0.960149
vt 0.388755 0.945328
vt 0.402904 0.942745
vt 0.406831 1.009939
vt 0.392476 1.009021
vt 0.392536 0.994092
vt 0.406897 0.993288
vt 0.402395 1.060731
vt 0.388268 1.058026
vt 0.390194 1.043221
vt 0.404542 1.044219
vt 0.388772 1.120275
vt 0.375210 1.115485
vt 0.379329 1.101135
vt 0.393367 1.104270
vt 0.353434 1.201728
vt 0.341233 1.194111
vt 0.348367 1.180996
vt 0.361391 1.187101
vt 0.249801 1.321262
vt 0.241426 1.309568
vt 0.253022 1.300165
vt 0.262734 1.310774
vt -0.013303 1.349248
vt -0.011694 1.334955
vt 0.000494 1.335159
vt 0.001624 1.349497
vt -0.174504 1.302819
vt -0.166420 1.290922
vt -0.155731 1.296782
vt -0.161412 1.309995
vt -0.274096 1.216846
vt -0.262187 1.208781
vt -0.254422 1.218177
vt -0.264585 1.228354
vt -0.323262 1.132862
vt -0.309591 1.128393
vt -0.304718 1.139566
vt -0.317293 1.146546
vt -0.344538 1.058690
vt -0.330219 1.057330
vt -0.327916 1.069300
vt -0.341717 1.073351
vt -0.349367 0.990337
vt -0.335059 0.991797
vt -0.335135 1.003987
vt -0.349461 1.005267
vt -0.340705 0.922084
vt -0.326960 0.926319
vt -0.329423 0.938257
vt -0.343722 0.936706
vt -0.314903 0.848384
vt -0.302440 0.855565
vt -0.307493 0.866659
vt -0.321090 0.861971
vt -0.259672 0.766074
vt -0.249727 0.776464
vt -0.257690 0.785693
vt -0.269425 0.777377
vt -0.152400 0.685476
vt -0.147102 0.698848
vt -0.157956 0.704397
vt -0.165693 0.692272
vt 0.013303 0.650752
vt 0.011694 0.665045
vt -0.000494 0.664841
vt -0.001624 0.650503
vt 0.174504 0.697181
vt 0.166420 0.709078
vt 0.155731 0.703218
vt 0.161412 0.690005
vt 0.274096 0.783154
vt 0.262187 0.791219
vt 0.254422 0.781823
vt 0.264585 0.771646
vt 0.323262 0.867138
vt 0.309591 0.871607
vt 0.304718 0.860434
vt 0.317293 0.853454
vt 0.344538 0.941310
vt 0.330219 0.942670
vt 0.327916 0.930700
vt 0.341717 0.926649
vt 0.349367 1.009663
vt 0.335059 1.008203
vt 0.335135 0.996013
vt 0.349461 0.994734
vt 0.340705 1.077916
vt 0.326960 1.073681
vt 0.329423 1.061743
vt 0.343722 1.063294
vt 0.314903 1.151616
vt 0.302440 1.144435
vt 0.307493 1.133341
vt 0.321090 1.138029
vt 0.259672 1.233927
vt 0.249727 1.223536
vt 0.257690 1.214307
vt 0.269425 1.222623
vt 0.152400 1.314524
vt 0.147102 1.301152
vt 0.157956 1.295604
vt 0.165693 1.307728
vt -0.009554 1.268822
vt -0.007585 1.254574
vt 0.001033 1.254685
vt 0.002635 1.268979
vt -0.110164 1.245398
vt -0.102971 1.232943
vt -0.095030 1.236294
vt -0.098933 1.250137
vt -0.187750 1.192630
vt -0.176717 1.183403
vt -0.170409 1.189278
vt -0.178830 1.200938
vt -0.236976 1.127275
vt -0.223679 1.121792
vt -0.219429 1.129292
vt -0.230966 1.137881
vt -0.262374 1.059298
vt -0.248095 1.057569
vt -0.246005 1.065931
vt -0.259418 1.071124
vt -0.268864 0.991708
vt -0.254607 0.993609
vt -0.254677 1.002229
vt -0.268963 1.003897
vt -0.258177 0.924494
vt -0.244854 0.929913
vt -0.247085 0.938239
vt -0.261332 0.936268
vt -0.228347 0.857824
vt -0.216973 0.866628
vt -0.221362 0.874046
vt -0.234554 0.868316
vt -0.174475 0.795269
vt -0.166307 0.807107
vt -0.172739 0.812845
vt -0.183572 0.803384
vt -0.092803 0.747524
vt -0.089238 0.761458
vt -0.097259 0.764615
vt -0.104146 0.751988
vt 0.009554 0.731178
vt 0.007586 0.745426
vt -0.001033 0.745315
vt -0.002635 0.731021
vt 0.110164 0.754602
vt 0.102971 0.767057
vt 0.095030 0.763706
vt 0.098933 0.749863
vt 0.187750 0.807370
vt 0.176717 0.816597
vt 0.170409 0.810722
vt 0.178830 0.799062
vt 0.236976 0.872725
vt 0.223679 0.878208
vt 0.219429 0.870708
vt 0.230966 0.862119
vt 0.262374 0.940702
vt 0.248096 0.942431
vt 0.246005 0.934069
vt 0.259418 0.928876
vt 0.268864 1.008292
vt 0.254607 1.006391
vt 0.254677 0.997771
vt 0.268963 0.996103
vt 0.258177 1.075506
vt 0.244854 1.070087
vt 0.247085 1.061761
vt 0.261332 1.063732
vt 0.228347 1.142176
vt 0.216973 1.133372
vt 0.221362 1.125954
vt 0.234554 1.131684
vt 0.174475 1.204731
vt 0.166307 1.192893
vt 0.172739 1.187155
vt 0.183572 1.196616
vt 0.092803 1.252476
vt 0.089238 1.238542
vt 0.097259 1.235385
vt 0.104146 1.248012
vt -0.006206 1.171170
vt -0.003970 1.156962
vt 0.000492 1.157011
vt 0.002413 1.171266
vt -0.062526 1.159462
vt -0.055712 1.146796
vt -0.051518 1.148319
vt -0.054425 1.162406
vt -0.110494 1.130877
vt -0.099968 1.121075
vt -0.096487 1.123867
vt -0.103770 1.136270
vt -0.145406 1.090525
vt -0.132374 1.084438
vt -0.129921 1.088166
vt -0.140668 1.097726
vt -0.165642 1.043593
vt -0.151395 1.041622
vt -0.150151 1.045907
vt -0.163240 1.051871
vt -0.171180 0.994065
vt -0.156968 0.996279
vt -0.157010 1.000741
vt -0.171262 1.002685
vt -0.162211 0.944997
vt -0.149240 0.951212
vt -0.150566 0.955472
vt -0.164773 0.953228
vt -0.138688 0.899485
vt -0.128135 0.909258
vt -0.130662 0.912935
vt -0.143569 0.906589
vt -0.100893 0.861587
vt -0.093872 0.874140
vt -0.097410 0.876858
vt -0.107729 0.866838
vt -0.050870 0.836446
vt -0.048272 0.850592
vt -0.052497 0.852024
vt -0.059034 0.839212
vt 0.006206 0.828830
vt 0.003970 0.843038
vt -0.000492 0.842989
vt -0.002413 0.828734
vt 0.062526 0.840538
vt 0.055712 0.853204
vt 0.051518 0.851681
vt 0.054425 0.837594
vt 0.110494 0.869123
vt 0.099968 0.878925
vt 0.096487 0.876133
vt 0.103770 0.863730
vt 0.145406 0.909475
vt 0.132374 0.915562
vt 0.129921 0.911834
vt 0.140668 0.902274
vt 0.165642 0.956407
vt 0.151395 0.958378
vt 0.150151 0.954093
vt 0.163240 0.948129
vt 0.171180 1.005934
vt 0.156968 1.003721
vt 0.157010 0.999259
vt 0.171262 0.997315
vt 0.162211 1.055003
vt 0.149240 1.048788
vt 0.150566 1.044528
vt 0.164773 1.046772
vt 0.138688 1.100515
vt 0.128135 1.090742
vt 0.130662 1.087065
vt 0.143569 1.093411
vt 0.100893 1.138413
vt 0.093872 1.125860
vt 0.097410 1.123142
vt 0.107729 1.133162
vt 0.050870 1.163554
vt 0.048272 1.149408
vt 0.052497 1.147976
vt 0.059034 1.160788
vt -0.002882 1.062965
vt -0.000504 1.048779
vt 0.001579 1.063012
vt -0.022343 1.058938
vt -0.015667 1.046198
vt -0.018118 1.060371
vt -0.039535 1.049091
vt -0.029234 1.039052
vt -0.035963 1.051765
vt -0.052768 1.034475
vt -0.039869 1.028110
vt -0.050197 1.038121
vt -0.060813 1.016577
vt -0.046581 1.014487
vt -0.059487 1.020837
vt -0.062966 0.997129
vt -0.048779 0.999504
vt -0.063011 1.001590
vt -0.059051 0.977956
vt -0.046276 0.984567
vt -0.060462 0.982188
vt -0.049407 0.960860
vt -0.039286 0.971081
vt -0.052052 0.964453
vt -0.034891 0.947507
vt -0.028425 0.960355
vt -0.038517 0.950107
vt -0.016868 0.939268
vt -0.014710 0.953489
vt -0.021122 0.940613
vt 0.002882 0.937035
vt 0.000504 0.951221
vt -0.001579 0.936988
vt 0.022343 0.941062
vt 0.015667 0.953802
vt 0.018118 0.939629
vt 0.039535 0.950909
vt 0.029234 0.960948
vt 0.035963 0.948235
vt 0.052768 0.965525
vt 0.039869 0.971890
vt 0.050197 0.961879
vt 0.060813 0.983423
vt 0.046581 0.985513
vt 0.059487 0.979163
vt 0.062966 1.002871
vt 0.048779 1.000496
vt 0.063011 0.998410
vt 0.059051 1.022044
vt 0.046276 1.015433
vt 0.060462 1.017812
vt 0.049407 1.039140
vt 0.039286 1.028919
vt 0.052052 1.035547
vt 0.034891 1.052493
vt 0.028425 1.039645
vt 0.038517 1.049893
vt 0.016868 1.060732
vt 0.014710 1.046511
vt 0.021122 1.059387
vt 0.381404 0.989597
vt 0.381404 1.010403
vt 0.052010 1.010403
vt 0.052010 0.989597
vt -0.381404 1.010403
vt -0.381404 0.989597
vt -0.052010 0.989597
vt -0.052010 1.010403
vt -0.381404 1.010403
vt -0.381404 0.989597
vt -0.052010 0.989597
vt -0.052010 1.010403
vt -0.381404 1.010403
vt -0.381404 0.989597
vt -0.052010 0.989597
vt -0.052010 1.010403
vt -0.381404 1.010403
vt -0.381404 0.989597
vt -0.052010 0.989597
vt -0.052010 1.010403
vt -0.381404 1.010403
vt -0.381404 0.989597
vt -0.052010 0.989597
vt -0.052010 1.010403
vt -0.381404 1.010403
vt -0.381404 0.989597
vt -0.052010 0.989597
vt -0.052010 1.010403
vt -0.381404 1.010403
vt -0.381404 0.989597
vt -0.052010 0.989597
vt -0.052010 1.010403
vt -0.381404 1.010403
vt -0.381404 0.989597
vt -0.052010 0.989597
vt -0.052010 1.010403
vt -0.381404 1.010403
vt -0.381404 0.989597
vt -0.052010 0.989597
vt -0.052010 1.010403
vt -0.381404 1.010403
vt -0.381404 0.989597
vt -0.052010 0.989597
vt -0.052010 1.010403
vt 0.381404 0.989597
vt 0.381404 1.010403
vt 0.052010 1.010403
vt 0.052010 0.989597
vt 0.381404 0.989597
vt 0.381404 1.010403
vt 0.052010 1.010403
vt 0.052010 0.989597
vt 0.381404 0.989597
vt 0.381404 1.010403
vt 0.052010 1.010403
vt 0.052010 0.989597
vt 0.381404 0.989597
vt 0.381404 1.010403
vt 0.052010 1.010403
vt 0.052010 0.989597
vt 0.381404 0.989597
vt 0.381404 1.010403
vt 0.052010 1.010403
vt 0.052010 0.989597
vt 0.381404 0.989597
vt 0.381404 1.010403
vt 0.052010 1.010403
vt 0.052010 0.989597
vt 0.381404 0.989597
vt 0.381404 1.010403
vt 0.052010 1.010403
vt 0.052010 0.989597
vt 0.381404 0.989597
vt 0.381404 1.010403
vt 0.052010 1.010403
vt 0.052010 0.989597
vt 0.381404 0.989597
vt 0.381404 1.010403
vt 0.052010 1.010403
vt 0.052010 0.989597
vt -0.029581 1.059558
vt -0.046538 1.047502
vt -0.058939 1.030796
vt -0.065571 1.011076
vt -0.065784 0.990271
vt -0.059558 0.970419
vt -0.047502 0.953462
vt -0.030796 0.941061
vt -0.011076 0.934429
vt 0.009729 0.934215
vt 0.029581 0.940442
vt 0.046538 0.952498
vt 0.058939 0.969204
vt 0.065571 0.988924
vt 0.065784 1.009729
vt 0.059558 1.029581
vt 0.047502 1.046538
vt 0.030796 1.058939
vt 0.011076 1.065571
vt -0.009729 1.065784
vt 0.009729 1.065784
vt -0.011076 1.065571
vt -0.030796 1.058939
vt -0.047502 1.046538
vt -0.059558 1.029581
vt -0.065784 1.009729
vt -0.065571 0.988924
vt -0.058939 0.969204
vt -0.046538 0.952498
vt -0.029581 0.940442
vt -0.009729 0.934215
vt 0.011076 0.934429
vt 0.030796 0.941061
vt 0.047502 0.953462
vt 0.059558 0.970419
vt 0.065784 0.990271
vt 0.065571 1.011076
vt 0.058939 1.030796
vt 0.046538 1.047502
vt 0.029581 1.059558
vt 0.088014 0.990080
vt 0.088014 1.009920
vt 0.068014 1.009920
vt 0.068014 0.990080
vt 0.088014 0.990080
vt 0.088014 1.009920
vt 0.068014 1.009920
vt 0.068014 0.990080
vt -0.088014 1.009920
vt -0.088014 0.990080
vt -0.068014 0.990080
vt -0.068014 1.009920
vt -0.088014 1.009920
vt -0.088014 0.990080
vt -0.068014 0.990080
vt -0.068014 1.009920
vt -0.088014 1.009920
vt -0.088014 0.990080
vt -0.068014 0.990080
vt -0.068014 1.009920
vt -0.088014 1.009920
vt -0.088014 0.990080
vt -0.068014 0.990080
vt -0.068014 1.009920
vt -0.088014 1.009920
vt -0.088014 0.990080
vt -0.068014 0.990080
vt -0.068014 1.009920
vt -0.088014 1.009920
vt -0.088014 0.990080
vt -0.068014 0.990080
vt -0.068014 1.009920
vt -0.088014 1.009920
vt -0.088014 0.990080
vt -0.068014 0.990080
vt -0.068014 1.009920
vt -0.088014 1.009920
vt -0.088014 0.990080
vt -0.068014 0.990080
vt -0.068014 1.009920
vt -0.088014 1.009920
vt -0.088014 0.990080
vt -0.068014 0.990080
vt -0.068014 1.009920
vt -0.088014 1.009920
vt -0.088014 0.990080
vt -0.068014 0.990080
vt -0.068014 1.009920
vt -0.088014 1.009920
vt -0.088014 0.990080
vt -0.068014 0.990080
vt -0.068014 1.009920
vt -0.088014 1.009920
vt -0.088014 0.990080
vt -0.068014 0.990080
vt -0.068014 1.009920
vt 0.088014 0.990080
vt 0.088014 1.009920
vt 0.068014 1.009920
vt 0.068014 0.990080
vt 0.088014 0.990080
vt 0.088014 1.009920
vt 0.068014 1.009920
vt 0.068014 0.990080
vt 0.088014 0.990080
vt 0.088014 1.009920
vt 0.068014 1.009920
vt 0.068014 0.990080
vt 0.088014 0.990080
vt 0.088014 1.009920
vt 0.068014 1.009920
vt 0.068014 0.990080
vt 0.088014 0.990080
vt 0.088014 1.009920
vt 0.068014 1.009920
vt 0.068014 0.990080
vt 0.088014 0.990080
vt 0.088014 1.009920
vt 0.068014 1.009920
vt 0.068014 0.990080
vt 0.088014 0.990080
vt 0.088014 1.009920
vt 0.068014 1.009920
vt 0.068014 0.990080
vt 0.088014 0.990080
vt 0.088014 1.009920
vt 0.068014 1.009920
vt 0.068014 0.990080
vt 0.088014 0.990080
vt 0.088014 1.009920
vt 0.068014 1.009920
vt 0.068014 0.990080
vt 0.088014 0.990080
vt 0.088014 1.009920
vt 0.068014 1.009920
vt 0.068014 0.990080
vt -0.030198 1.069743
vt -0.047220 1.059550
vt -0.061024 1.045300
vt -0.070669 1.027962
vt -0.075498 1.008719
vt -0.075182 0.988881
vt -0.069743 0.969802
vt -0.059550 0.952780
vt -0.045300 0.938976
vt -0.027962 0.929331
vt -0.008719 0.924502
vt 0.011119 0.924818
vt 0.030198 0.930257
vt 0.047220 0.940450
vt 0.061024 0.954700
vt 0.070669 0.972038
vt 0.075498 0.991281
vt 0.075182 1.011119
vt 0.069743 1.030198
vt 0.059550 1.047220
vt 0.045300 1.061024
vt 0.027962 1.070669
vt 0.008719 1.075498
vt -0.011119 1.075182
vt 0.011119 1.075182
vt -0.008719 1.075498
vt -0.027962 1.070669
vt -0.045300 1.061024
vt -0.059550 1.047220
vt -0.069743 1.030198
vt -0.075182 1.011119
vt -0.075498 0.991281
vt -0.070669 0.972038
vt -0.061024 0.954700
vt -0.047220 0.940450
vt -0.030198 0.930257
vt -0.011119 0.924818
vt 0.008719 0.924502
vt 0.027962 0.929331
vt 0.045300 0.938976
vt 0.059550 0.952780
vt 0.069743 0.969802
vt 0.075182 0.988881
vt 0.075498 1.008719
vt 0.070669 1.027962
vt 0.061024 1.045300
vt 0.047220 1.059550
vt 0.030198 1.069743
vt 0.335060 0.990080
vt 0.335060 1.009920
vt 0.315060 1.009920
vt 0.315060 0.990080
vt 0.335060 0.990080
vt 0.335060 1.009920
vt 0.315060 1.009920
vt 0.315060 0.990080
vt -0.335060 1.009920
vt -0.335060 0.990080
vt -0.315060 0.990080
vt -0.315060 1.009920
vt -0.335060 1.009920
vt -0.335060 0.990080
vt -0.315060 0.990080
vt -0.315060 1.009920
vt -0.335060 1.009920
vt -0.335060 0.990080
vt -0.315060 0.990080
vt -0.315060 1.009920
vt -0.335060 1.009920
vt -0.335060 0.990080
vt -0.315060 0.990080
vt -0.315060 1.009920
vt -0.335060 1.009920
vt -0.335060 0.990080
vt -0.315060 0.990080
vt -0.315060 1.009920
vt -0.335060 1.009920
vt -0.335060 0.990080
vt -0.315060 0.990080
vt -0.315060 1.009920
vt -0.335060 1.009920
vt -0.335060 0.990080
vt -0.315060 0.990080
vt -0.315060 1.009920
vt -0.335060 1.009920
vt -0.335060 0.990080
vt -0.315060 0.990080
vt -0.315060 1.009920
vt -0.335060 1.009920
vt -0.335060 0.990080
vt -0.315060 0.990080
vt -0.315060 1.009920
vt -0.335060 1.009920
vt -0.335060 0.990080
vt -0.315060 0.990080
vt -0.315060 1.009920
vt -0.335060 1.009920
vt -0.335060 0.990080
vt -0.315060 0.990080
vt -0.315060 1.009920
vt -0.335060 1.009920
vt -0.335060 0.990080
vt -0.315060 0.990080
vt -0.315060 1.009920
vt 0.335060 0.990080
vt 0.335060 1.009920
vt 0.315060 1.009920
vt 0.315060 0.990080
vt 0.335060 0.990080
vt 0.335060 1.009920
vt 0.315060 1.009920
vt 0.315060 0.990080
vt 0.335060 0.990080
vt 0.335060 1.009920
vt 0.315060 1.009920
vt 0.315060 0.990080
vt 0.335060 0.990080
vt 0.335060 1.009920
vt 0.315060 1.009920
vt 0.315060 0.990080
vt 0.335060 0.990080
vt 0.335060 1.009920
vt 0.315060 1.009920
vt 0.315060 0.990080
vt 0.335060 0.990080
vt 0.335060 1.009920
vt 0.315060 1.009920
vt 0.315060 0.990080
vt 0.335060 0.990080
vt 0.335060 1.009920
vt 0.315060 1.009920
vt 0.315060 0.990080
vt 0.335060 0.990080
vt 0.335060 1.009920
vt 0.315060 1.009920
vt 0.315060 0.990080
vt 0.335060 0.990080
vt 0.335060 1.009920
vt 0.315060 1.009920
vt 0.315060 0.990080
vt 0.335060 0.990080
vt 0.335060 1.009920
vt 0.315060 1.009920
vt 0.315060 0.990080
vt -0.030198 1.069743
vt -0.047220 1.059550
vt -0.061024 1.045300
vt -0.070669 1.027962
vt -0.075498 1.008719
vt -0.075182 0.988881
vt -0.069743 0.969802
vt -0.059550 0.952780
vt -0.045300 0.938976
vt -0.027962 0.929331
vt -0.008719 0.924502
vt 0.011119 0.924818
vt 0.030198 0.930257
vt 0.047220 0.940450
vt 0.061024 0.954700
vt 0.070669 0.972038
vt 0.075498 0.991281
vt 0.075182 1.011119
vt 0.069743 1.030198
vt 0.059550 1.047220
vt 0.045300 1.061024
vt 0.027962 1.070669
vt 0.008719 1.075498
vt -0.011119 1.075182
vt 0.011119 1.075182
vt -0.008719 1.075498
vt -0.027962 1.070669
vt -0.045300 1.061024
vt -0.059550 1.047220
vt -0.069743 1.030198
vt -0.075182 1.011119
vt -0.075498 0.991281
vt -0.070669 0.972038
vt -0.061024 0.954700
vt -0.047220 0.940450
vt -0.030198 0.930257
vt -0.011119 0.924818
vt 0.008719 0.924502
vt 0.027962 0.929331
vt 0.045300 0.938976
vt 0.059550 0.952780
vt 0.069743 0.969802
vt 0.075182 0.988881
vt 0.075498 1.008719
vt 0.070669 1.027962
vt 0.061024 1.045300
vt 0.047220 1.059550
vt 0.030198 1.069743
vt 0.110954 0.905000
vt 0.301656 0.905000
vt 0.381404 0.943000
vt 0.381404 1.057000
vt 0.301656 1.095000
vt 0.110954 1.095000
vt 0.034673 1.066500
vt 0.034673 0.933500
vt -0.053743 0.940815
vt -0.053743 1.059185
vt -0.121633 1.084550
vt -0.291358 1.084550
vt -0.362333 1.050730
vt -0.362333 0.949270
vt -0.291358 0.915450
vt -0.121633 0.915450
vt -0.001815 0.933045
vt 0.017643 1.064614
vt -0.073367 1.078074
vt -0.092825 0.946505
vt -0.090376 0.942588
vt -0.076543 1.074867
vt -0.096341 1.069583
vt -0.108653 0.951855
vt 0.029071 1.048244
vt 0.060766 1.123253
vt -0.023979 1.159062
vt -0.055674 1.084053
vt -0.059946 1.009363
vt -0.128924 1.052642
vt -0.142390 1.043121
vt -0.080999 1.004603
vt 0.110954 0.992000
vt 0.301656 0.992000
vt 0.301656 1.084000
vt 0.110954 1.084000
vt -0.110954 1.007778
vt -0.301656 1.007778
vt -0.291358 0.994732
vt -0.121633 0.994732
vt 0.067686 0.778519
vt 0.096407 0.694979
vt 0.183409 0.724891
vt 0.154688 0.808430
vt -0.238573 0.927176
vt -0.307356 0.871745
vt -0.286350 0.868817
vt -0.225134 0.918152
vt -0.016253 1.055216
vt 0.000425 0.942443
vt 0.091435 0.955902
vt 0.074757 1.068676
vt -0.215084 1.034819
vt -0.203227 0.921437
vt -0.184842 0.929664
vt -0.195394 1.030573
vt -0.111538 1.299819
vt -0.082817 1.216279
vt 0.004185 1.246190
vt -0.024536 1.329730
vt -0.323350 1.079760
vt -0.246902 1.035495
vt -0.235000 1.046469
vt -0.303039 1.085864
vt -0.301656 0.992000
vt -0.110954 0.992000
vt -0.110954 1.084000
vt -0.301656 1.084000
vt -0.301656 0.992222
vt -0.110954 0.992222
vt -0.121633 1.005268
vt -0.291358 1.005268
vt -0.046028 0.870519
vt -0.014332 0.945529
vt -0.099077 0.981338
vt -0.130773 0.906329
vt -0.134739 0.964817
vt -0.060657 0.998623
vt -0.080899 1.006118
vt -0.146832 0.976030
vt 0.136612 0.938250
vt 0.293941 0.938250
vt 0.359733 0.962950
vt 0.359733 1.037050
vt 0.293941 1.061750
vt 0.136612 1.061750
vt 0.073680 1.043225
vt 0.073680 0.956775
vt -0.089413 0.961530
vt -0.089413 1.038470
vt -0.145422 1.054958
vt -0.285445 1.054958
vt -0.344000 1.032974
vt -0.344000 0.967026
vt -0.285445 0.945042
vt -0.145422 0.945042
vt 0.052041 0.948608
vt 0.064689 1.034128
vt 0.040947 1.037639
vt 0.028300 0.952120
vt -0.031698 0.959854
vt -0.022707 1.045835
vt -0.038486 1.042705
vt -0.046488 0.966181
vt 0.090721 1.046055
vt 0.121156 1.104169
vt 0.099896 1.115304
vt 0.069460 1.057189
vt -0.056989 1.071914
vt -0.115848 1.100883
vt -0.126395 1.094249
vt -0.074010 1.068467
vt 0.136612 0.941000
vt 0.293941 0.941000
vt 0.293941 0.965000
vt 0.136612 0.965000
vt -0.136612 1.068413
vt -0.293941 1.068413
vt -0.285445 1.059367
vt -0.145422 1.059367
vt 0.043929 0.743475
vt 0.071185 0.678700
vt 0.093306 0.688008
vt 0.066050 0.752783
vt -0.288385 0.982109
vt -0.347830 0.944626
vt -0.330795 0.942540
vt -0.277889 0.975899
vt -0.063786 1.028020
vt -0.052945 0.954717
vt -0.029203 0.958228
vt -0.040044 1.031531
vt -0.281458 1.007819
vt -0.273751 0.934121
vt -0.258891 0.939772
vt -0.265750 1.005364
vt -0.179948 1.275535
vt -0.152693 1.210760
vt -0.130571 1.220068
vt -0.157827 1.284843
vt -0.352098 1.008876
vt -0.288217 0.979587
vt -0.278635 0.987130
vt -0.335489 1.013198
vt -0.293941 0.941000
vt -0.136612 0.941000
vt -0.136612 0.965000
vt -0.293941 0.965000
vt -0.293941 0.931587
vt -0.136612 0.931587
vt -0.145422 0.940633
vt -0.285445 0.940633
vt -0.016624 0.841086
vt 0.013811 0.899200
vt -0.007450 0.910335
vt -0.037885 0.852221
vt -0.126327 0.912596
vt -0.064617 0.934854
vt -0.081151 0.940169
vt -0.136073 0.920359
vt -0.000287 0.905264
vt 0.009930 0.906756
vt 0.006461 0.930504
vt -0.003756 0.929012
vt -0.018237 0.903087
vt -0.008001 0.904436
vt -0.011136 0.928230
vt -0.021373 0.926881
vt -0.035014 0.902128
vt -0.024745 0.903201
vt -0.027241 0.927071
vt -0.037510 0.925997
vt -0.048964 0.902802
vt -0.038662 0.903493
vt -0.040270 0.927439
vt -0.050571 0.926748
vt -0.058629 0.904919
vt -0.048307 0.905157
vt -0.048862 0.929151
vt -0.059184 0.928912
vt -0.062963 0.907732
vt -0.052641 0.907493
vt -0.052086 0.931486
vt -0.062408 0.931725
vt -0.061518 0.910219
vt -0.051216 0.909528
vt -0.049608 0.933474
vt -0.059910 0.934165
vt -0.054505 0.911489
vt -0.044236 0.910415
vt -0.041740 0.934285
vt -0.052009 0.935359
vt -0.042720 0.911119
vt -0.032483 0.909770
vt -0.029348 0.933565
vt -0.039584 0.934914
vt -0.027373 0.909304
vt -0.017156 0.907812
vt -0.013688 0.931560
vt -0.023904 0.933052
vt -0.009930 0.906756
vt 0.000287 0.905264
vt 0.003756 0.929012
vt -0.006461 0.930504
vt 0.008001 0.904436
vt 0.018237 0.903087
vt 0.021373 0.926881
vt 0.011136 0.928230
vt 0.024745 0.903201
vt 0.035014 0.902128
vt 0.037510 0.925997
vt 0.027241 0.927071
vt 0.038662 0.903493
vt 0.048964 0.902802
vt 0.050571 0.926748
vt 0.040270 0.927439
vt 0.048307 0.905157
vt 0.058629 0.904919
vt 0.059184 0.928912
vt 0.048862 0.929151
vt 0.052641 0.907493
vt 0.062963 0.907732
vt 0.062408 0.931725
vt 0.052086 0.931486
vt 0.051216 0.909528
vt 0.061518 0.910219
vt 0.059910 0.934165
vt 0.049608 0.933474
vt 0.044236 0.910415
vt 0.054505 0.911489
vt 0.052009 0.935359
vt 0.041740 0.934285
vt 0.032483 0.909770
vt 0.042720 0.911119
vt 0.039584 0.934914
vt 0.029348 0.933565
vt 0.017156 0.907812
vt 0.027373 0.909304
vt 0.023904 0.933052
vt 0.013688 0.931560
vt -0.087729 0.989802
vt -0.083041 0.980603
vt -0.075741 0.973302
vt -0.066541 0.968615
vt -0.056344 0.967000
vt -0.046146 0.968615
vt -0.036947 0.973302
vt -0.029646 0.980603
vt -0.024959 0.989802
vt -0.023344 1.000000
vt -0.024959 1.010198
vt -0.029646 1.019397
vt -0.036947 1.026698
vt -0.046146 1.031385
vt -0.056344 1.033000
vt -0.066541 1.031385
vt -0.075741 1.026698
vt -0.083041 1.019397
vt -0.087729 1.010198
vt -0.089344 1.000000
vt 0.089344 1.000000
vt 0.087729 1.010198
vt 0.083041 1.019397
vt 0.075741 1.026698
vt 0.066541 1.031385
vt 0.056344 1.033000
vt 0.046146 1.031385
vt 0.036947 1.026698
vt 0.029646 1.019397
vt 0.024959 1.010198
vt 0.023344 1.000000
vt 0.024959 0.989802
vt 0.029646 0.980603
vt 0.036947 0.973302
vt 0.046146 0.968615
vt 0.056344 0.967000
vt 0.066541 0.968615
vt 0.075741 0.973302
vt 0.083041 0.980603
vt 0.087729 0.989802
vt -0.050106 1.120580
vt -0.051573 1.117514
vt -0.047514 1.115571
vt -0.046047 1.118638
vt -0.092199 1.036448
vt -0.092810 1.033104
vt -0.088383 1.032295
vt -0.087772 1.035638
vt -0.104294 0.959522
vt -0.104791 0.956160
vt -0.100340 0.955501
vt -0.099842 0.958864
vt -0.115104 0.911147
vt -0.115715 0.907803
vt -0.111289 0.906994
vt -0.110677 0.910338
vt -0.139078 0.934674
vt -0.140545 0.931608
vt -0.136486 0.929665
vt -0.135018 0.932731
vt 0.051573 1.117514
vt 0.050106 1.120580
vt 0.046047 1.118638
vt 0.047514 1.115571
vt 0.092810 1.033104
vt 0.092199 1.036448
vt 0.087772 1.035638
vt 0.088383 1.032295
vt 0.104791 0.956160
vt 0.104294 0.959522
vt 0.099842 0.958864
vt 0.100340 0.955501
vt 0.115715 0.907803
vt 0.115104 0.911147
vt 0.110677 0.910338
vt 0.111289 0.906994
vt 0.140545 0.931607
vt 0.139078 0.934674
vt 0.135018 0.932731
vt 0.136486 0.929665
vt -0.111586 0.947450
vt -0.113584 0.944700
vt -0.113584 0.941300
vt -0.111586 0.938550
vt -0.108353 0.937500
vt -0.105120 0.938550
vt -0.103122 0.941300
vt -0.103122 0.944700
vt -0.105120 0.947450
vt -0.108353 0.948500
vt 0.108353 0.948500
vt 0.105120 0.947450
vt 0.103122 0.944700
vt 0.103122 0.941300
vt 0.105120 0.938550
vt 0.108353 0.937500
vt 0.111586 0.938550
vt 0.113584 0.941300
vt 0.113584 0.944700
vt 0.111586 0.947450
vt -0.107753 1.097100
vt -0.107753 1.098100
vt -0.108953 1.098100
vt -0.108953 1.097100
vt 0.108953 1.097100
vt 0.108953 1.098100
vt 0.107753 1.098100
vt 0.107753 1.097100
vt 0.107753 0.940250
vt 0.108953 0.940250
vt 0.108953 0.945750
vt 0.107753 0.945750
vt -0.107753 0.945750
vt -0.108953 0.945750
vt -0.108953 0.940250
vt -0.107753 0.940250
vt -0.104797 0.955099
vt -0.103992 0.960539
vt -0.104981 0.960686
vt -0.105786 0.955245
vt 0.105786 0.955245
vt 0.104981 0.960686
vt 0.103992 0.960539
vt 0.104797 0.955099
vt -0.023904 1.066948
vt -0.013688 1.068440
vt -0.017156 1.092188
vt -0.027373 1.090696
vt -0.039584 1.065086
vt -0.029348 1.066435
vt -0.032483 1.090230
vt -0.042720 1.088881
vt -0.052009 1.064641
vt -0.041740 1.065715
vt -0.044236 1.089585
vt -0.054505 1.088511
vt -0.059910 1.065835
vt -0.049608 1.066526
vt -0.051216 1.090472
vt -0.061518 1.089781
vt -0.062408 1.068275
vt -0.052086 1.068514
vt -0.052641 1.092507
vt -0.062963 1.092268
vt -0.059184 1.071088
vt -0.048862 1.070849
vt -0.048307 1.094843
vt -0.058629 1.095081
vt -0.050571 1.073252
vt -0.040270 1.072561
vt -0.038662 1.096507
vt -0.048964 1.097198
vt -0.037510 1.074003
vt -0.027241 1.072929
vt -0.024745 1.096799
vt -0.035014 1.097872
vt -0.021373 1.073119
vt -0.011136 1.071770
vt -0.008001 1.095564
vt -0.018237 1.096913
vt -0.003756 1.070988
vt 0.006461 1.069496
vt 0.009930 1.093244
vt -0.000287 1.094736
vt 0.013688 1.068440
vt 0.023904 1.066948
vt 0.027373 1.090696
vt 0.017156 1.092188
vt 0.029348 1.066435
vt 0.039584 1.065086
vt 0.042720 1.088881
vt 0.032483 1.090230
vt 0.041740 1.065715
vt 0.052009 1.064641
vt 0.054505 1.088511
vt 0.044236 1.089585
vt 0.049608 1.066526
vt 0.059910 1.065835
vt 0.061518 1.089781
vt 0.051216 1.090472
vt 0.052086 1.068514
vt 0.062408 1.068275
vt 0.062963 1.092268
vt 0.052641 1.092507
vt 0.048862 1.070849
vt 0.059184 1.071088
vt 0.058629 1.095081
vt 0.048307 1.094843
vt 0.040270 1.072561
vt 0.050571 1.073252
vt 0.048964 1.097198
vt 0.038662 1.096507
vt 0.027241 1.072929
vt 0.037510 1.074003
vt 0.035014 1.097872
vt 0.024745 1.096799
vt 0.011136 1.071770
vt 0.021373 1.073119
vt 0.018237 1.096913
vt 0.008001 1.095564
vt -0.006461 1.069496
vt 0.003756 1.070988
vt 0.000287 1.094736
vt -0.009930 1.093244
vt -0.087729 0.989802
vt -0.083041 0.980603
vt -0.075741 0.973302
vt -0.066541 0.968615
vt -0.056344 0.967000
vt -0.046146 0.968615
vt -0.036947 0.973302
vt -0.029646 0.980603
vt -0.024959 0.989802
vt -0.023344 1.000000
vt -0.024959 1.010198
vt -0.029646 1.019397
vt -0.036947 1.026698
vt -0.046146 1.031385
vt -0.056344 1.033000
vt -0.066541 1.031385
vt -0.075741 1.026698
vt -0.083041 1.019397
vt -0.087729 1.010198
vt -0.089344 1.000000
vt 0.089344 1.000000
vt 0.087729 1.010198
vt 0.083041 1.019397
vt 0.075741 1.026698
vt 0.066541 1.031385
vt 0.056344 1.033000
vt 0.046146 1.031385
vt 0.036947 1.026698
vt 0.029646 1.019397
vt 0.024959 1.010198
vt 0.023344 1.000000
vt 0.024959 0.989802
vt 0.029646 0.980603
vt 0.036947 0.973302
vt 0.046146 0.968615
vt 0.056344 0.967000
vt 0.066541 0.968615
vt 0.075741 0.973302
vt 0.083041 0.980603
vt 0.087729 0.989802
vt -0.034898 1.152357
vt -0.036366 1.149291
vt -0.032306 1.147348
vt -0.030839 1.150414
vt -0.075614 1.127172
vt -0.076225 1.123828
vt -0.071799 1.123019
vt -0.071187 1.126363
vt -0.087616 1.072296
vt -0.088113 1.068933
vt -0.083662 1.068275
vt -0.083164 1.071637
vt -0.098519 1.001872
vt -0.099131 0.998528
vt -0.094704 0.997719
vt -0.094093 1.001062
vt -0.123870 0.966450
vt -0.125337 0.963384
vt -0.121278 0.961441
vt -0.119811 0.964507
vt 0.036366 1.149291
vt 0.034898 1.152357
vt 0.030839 1.150414
vt 0.032306 1.147348
vt 0.076225 1.123828
vt 0.075614 1.127172
vt 0.071187 1.126363
vt 0.071799 1.123019
vt 0.088113 1.068933
vt 0.087616 1.072296
vt 0.083164 1.071637
vt 0.083662 1.068275
vt 0.099131 0.998528
vt 0.098519 1.001872
vt 0.094093 1.001062
vt 0.094704 0.997719
vt 0.125337 0.963384
vt 0.123870 0.966450
vt 0.119811 0.964507
vt 0.121278 0.961441
vt -0.111586 1.061450
vt -0.113584 1.058700
vt -0.113584 1.055300
vt -0.111586 1.052550
vt -0.108353 1.051500
vt -0.105120 1.052550
vt -0.103122 1.055300
vt -0.103122 1.058700
vt -0.105120 1.061450
vt -0.108353 1.062500
vt 0.108353 1.062500
vt 0.105120 1.061450
vt 0.103122 1.058700
vt 0.103122 1.055300
vt 0.105120 1.052550
vt 0.108353 1.051500
vt 0.111586 1.052550
vt 0.113584 1.055300
vt 0.113584 1.058700
vt 0.111586 1.061450
vt -0.107753 1.097100
vt -0.107753 1.098100
vt -0.108953 1.098100
vt -0.108953 1.097100
vt 0.108953 1.097100
vt 0.108953 1.098100
vt 0.107753 1.098100
vt 0.107753 1.097100
vt 0.107753 1.054250
vt 0.108953 1.054250
vt 0.108953 1.059750
vt 0.107753 1.059750
vt -0.107753 1.059750
vt -0.108953 1.059750
vt -0.108953 1.054250
vt -0.107753 1.054250
vt -0.088119 1.067872
vt -0.087314 1.073313
vt -0.088303 1.073459
vt -0.089108 1.068018
vt 0.089108 1.068018
vt 0.088303 1.073459
vt 0.087314 1.073313
vt 0.088119 1.067872
vt -0.158375 0.948000
vt -0.158375 1.052000
vt -0.292375 1.052000
vt -0.292375 0.948000
vt 0.292375 0.948000
vt 0.292375 1.052000
vt 0.158375 1.052000
vt 0.158375 0.948000
vt 0.158375 1.073000
vt 0.292375 1.073000
vt 0.292375 1.107000
vt 0.158375 1.107000
vt -0.158375 1.107000
vt -0.292375 1.107000
vt -0.292375 1.073000
vt -0.158375 1.073000
vt 0.062120 1.064607
vt 0.067095 1.098241
vt -0.035786 1.113456
vt -0.040761 1.079822
vt 0.040761 1.079822
vt 0.035786 1.113456
vt -0.067095 1.098241
vt -0.062120 1.064607
vt 0.161169 1.056544
vt 0.164706 1.090359
vt 0.153453 1.091536
vt 0.149917 1.057721
vt 0.167082 1.090871
vt 0.163546 1.124686
vt 0.152294 1.123510
vt 0.155830 1.089694
vt -0.134732 1.087488
vt -0.131196 1.121303
vt -0.142448 1.122480
vt -0.145984 1.088664
vt -0.171015 1.055514
vt -0.174551 1.089330
vt -0.185804 1.088153
vt -0.182268 1.054338
vt 0.039698 0.935801
vt -0.062099 0.957092
vt -0.064415 0.946018
vt 0.037382 0.924727
vt 0.090472 1.178566
vt -0.011325 1.199857
vt -0.013642 1.188782
vt 0.088156 1.167492
vt -0.102632 1.236705
vt -0.000834 1.257995
vt -0.003150 1.269070
vt -0.104948 1.247779
vt -0.022906 0.855514
vt 0.078891 0.876805
vt 0.076575 0.887879
vt -0.025222 0.866588
vt 0.158375 1.082731
vt 0.292375 1.082731
vt 0.292375 1.094045
vt 0.158375 1.094045
vt -0.158375 1.094045
vt -0.292375 1.094045
vt -0.292375 1.082731
vt -0.158375 1.082731
vt 0.158375 1.033234
vt 0.292375 1.033234
vt 0.292375 1.044548
vt 0.158375 1.044548
vt -0.158375 1.044548
vt -0.292375 1.044548
vt -0.292375 1.033234
vt -0.158375 1.033234
vt 0.148676 0.989174
vt 0.155622 0.998105
vt 0.144415 0.999655
vt 0.146097 1.225603
vt 0.134890 1.224053
vt 0.141836 1.215123
vt -0.139791 1.036252
vt -0.151025 1.037592
vt -0.146569 1.027193
vt -0.191708 1.172172
vt -0.187251 1.182571
vt -0.198485 1.181231
vt 0.157195 1.109683
vt 0.168429 1.108344
vt 0.163973 1.118742
vt 0.174304 0.973763
vt 0.169847 0.963364
vt 0.181081 0.964704
vt -0.128541 1.156409
vt -0.135487 1.147479
vt -0.124280 1.145929
vt -0.166232 0.919980
vt -0.155025 0.921530
vt -0.161971 0.930461
vt -0.084348 1.092500
vt -0.084348 1.093500
vt -0.262382 1.093500
vt -0.262382 1.092500
vt 0.262382 1.092500
vt 0.262382 1.093500
vt 0.084348 1.093500
vt 0.084348 1.092500
vt 0.084348 1.057900
vt 0.262382 1.057900
vt 0.262382 1.059900
vt 0.084348 1.059900
vt -0.084348 1.059900
vt -0.262382 1.059900
vt -0.262382 1.057900
vt -0.084348 1.057900
vt -0.083034 1.070810
vt -0.082741 1.072788
vt -0.083731 1.072935
vt -0.084023 1.070956
vt 0.084023 1.070956
vt 0.083731 1.072935
vt 0.082741 1.072788
vt 0.083034 1.070810
vt 0.001696 1.058038
vt 0.001904 1.060028
vt -0.000909 1.060322
vt -0.001117 1.058333
vt 0.244963 1.083833
vt 0.244755 1.085822
vt 0.241942 1.085528
vt 0.242150 1.083538
vt -0.117647 1.070519
vt -0.117439 1.072508
vt -0.120252 1.072802
vt -0.120460 1.070813
vt -0.123385 1.045313
vt -0.123593 1.047302
vt -0.126407 1.047008
vt -0.126199 1.045019
vt -0.094080 1.002015
vt -0.095059 1.002220
vt -0.095638 0.999451
vt -0.094659 0.999246
vt -0.069370 1.120160
vt -0.070349 1.120364
vt -0.070928 1.117596
vt -0.069949 1.117391
vt 0.044467 1.239229
vt 0.045446 1.239434
vt 0.044867 1.242203
vt 0.043888 1.241998
vt 0.120141 0.877408
vt 0.121120 0.877613
vt 0.120541 0.880381
vt 0.119562 0.880177
vt 0.084348 0.974120
vt 0.262382 0.974120
vt 0.262382 0.976948
vt 0.084348 0.976948
vt -0.084348 1.108470
vt -0.262382 1.108470
vt -0.262382 1.105642
vt -0.084348 1.105642
vt 0.084348 1.106349
vt 0.262382 1.106349
vt 0.262382 1.109177
vt 0.084348 1.109177
vt -0.084348 0.977655
vt -0.262382 0.977655
vt -0.262382 0.974827
vt -0.084348 0.974827
vt -0.009348 0.974484
vt -0.007611 0.976717
vt -0.010413 0.977104
vt 0.233884 1.150911
vt 0.231082 1.150523
vt 0.232819 1.148291
vt -0.117331 1.066188
vt -0.120140 1.066523
vt -0.119026 1.063923
vt -0.141187 1.175446
vt -0.140073 1.178045
vt -0.142881 1.177710
vt 0.007117 1.120293
vt 0.009925 1.119958
vt 0.008811 1.122558
vt 0.251402 1.011036
vt 0.250287 1.008436
vt 0.253096 1.008771
vt -0.118160 1.063593
vt -0.119896 1.061360
vt -0.117095 1.060972
vt -0.106377 0.887166
vt -0.103575 0.887553
vt -0.105311 0.889786
usemtl Surface_2
f 1/1 3/3 2/2
usemtl Surface_2
f 4/4 6/6 5/5
usemtl Surface_2
f 7/7 9/9 8/8
usemtl Surface_2
f 10/10 12/12 11/11
usemtl Surface_2
f 13/13 15/15 14/14
usemtl Surface_2
f 16/16 18/18 17/17
usemtl Surface_2
f 19/19 21/21 20/20
usemtl Surface_2
f 22/22 24/24 23/23
usemtl Surface_2
f 25/25 27/27 26/26
usemtl Surface_2
f 28/28 30/30 29/29
usemtl Surface_2
f 31/31 33/33 32/32
usemtl Surface_2
f 34/34 36/36 35/35
usemtl Surface_2
f 37/37 39/39 38/38
usemtl Surface_2
f 40/40 42/42 41/41
usemtl Surface_2
f 43/43 45/45 44/44
usemtl Surface_2
f 46/46 48/48 47/47
usemtl Surface_2
f 49/49 51/51 50/50
usemtl Surface_2
f 52/52 54/54 53/53
usemtl Surface_2
f 55/55 57/57 56/56
usemtl Surface_2
f 58/58 60/60 59/59
usemtl Surface_2
f 64/64 62/62 61/61
usemtl Surface_2
f 63/63 62/62 64/64
usemtl Surface_2
f 68/68 66/66 65/65
usemtl Surface_2
f 67/67 66/66 68/68
usemtl Surface_2
f 72/72 70/70 69/69
usemtl Surface_2
f 71/71 70/70 72/72
usemtl Surface_2
f 76/76 74/74 73/73
usemtl Surface_2
f 75/75 74/74 76/76
usemtl Surface_2
f 80/80 78/78 77/77
usemtl Surface_2
f 79/79 78/78 80/80
usemtl Surface_2
f 84/84 82/82 81/81
usemtl Surface_2
f 83/83 82/82 84/84
usemtl Surface_2
f 88/88 86/86 85/85
usemtl Surface_2
f 87/87 86/86 88/88
usemtl Surface_2
f 92/92 90/90 89/89
usemtl Surface_2
f 91/91 90/90 92/92
usemtl Surface_2
f 96/96 94/94 93/93
usemtl Surface_2
f 95/95 94/94 96/96
usemtl Surface_2
f 100/100 98/98 97/97
usemtl Surface_2
f 99/99 98/98 100/100
usemtl Surface_2
f 104/104 102/102 101/101
usemtl Surface_2
f 103/103 102/102 104/104
usemtl Surface_2
f 108/108 106/106 105/105
usemtl Surface_2
f 107/107 106/106 108/108
usemtl Surface_2
f 112/112 110/110 109/109
usemtl Surface_2
f 111/111 110/110 112/112
usemtl Surface_2
f 116/116 114/114 113/113
usemtl Surface_2
f 115/115 114/114 116/116
usemtl Surface_2
f 120/120 118/118 117/117
usemtl Surface_2
f 119/119 118/118 120/120
usemtl Surface_2
f 124/124 122/122 121/121
usemtl Surface_2
f 123/123 122/122 124/124
usemtl Surface_2
f 128/128 126/126 125/125
usemtl Surface_2
f 127/127 126/126 128/128
usemtl Surface_2
f 132/132 130/130 129/129
usemtl Surface_2
f 131/131 130/130 132/132
usemtl Surface_2
f 136/136 134/134 133/133
usemtl Surface_2
f 135/135 134/134 136/136
usemtl Surface_2
f 140/140 138/138 137/137
usemtl Surface_2
f 139/139 138/138 140/140
usemtl Surface_2
f 144/144 142/142 141/141
usemtl Surface_2
f 143/143 142/142 144/144
usemtl Surface_2
f 148/148 146/146 145/145
usemtl Surface_2
f 147/147 146/146 148/148
usemtl Surface_2
f 152/152 150/150 149/149
usemtl Surface_2
f 151/151 150/150 152/152
usemtl Surface_2
f 156/156 154/154 153/153
usemtl Surface_2
f 155/155 154/154 156/156
usemtl Surface_2
f 160/160 158/158 157/157
usemtl Surface_2
f 159/159 158/158 160/160
usemtl Surface_2
f 164/164 162/162 161/161
usemtl Surface_2
f 163/163 162/162 164/164
usemtl Surface_2
f 168/168 166/166 165/165
usemtl Surface_2
f 167/167 166/166 168/168
usemtl Surface_2
f 172/172 170/170 169/169
usemtl Surface_2
f 171/171 170/170 172/172
usemtl Surface_2
f 176/176 174/174 173/173
usemtl Surface_2
f 175/175 174/174 176/176
usemtl Surface_2
f 180/180 178/178 177/177
usemtl Surface_2
f 179/179 178/178 180/180
usemtl Surface_2
f 184/184 182/182 181/181
usemtl Surface_2
f 183/183 182/182 184/184
usemtl Surface_2
f 188/188 186/186 185/185
usemtl Surface_2
f 187/187 186/186 188/188
usemtl Surface_2
f 192/192 190/190 189/189
usemtl Surface_2
f 191/191 190/190 192/192
usemtl Surface_2
f 196/196 194/194 193/193
usemtl Surface_2
f 195/195 194/194 196/196
usemtl Surface_2
f 200/200 198/198 197/197
usemtl Surface_2
f 199/199 198/198 200/200
usemtl Surface_2
f 204/204 202/202 201/201
usemtl Surface_2
f 203/203 202/202 204/204
usemtl Surface_2
f 208/208 206/206 205/205
usemtl Surface_2
f 207/207 206/206 208/208
usemtl Surface_2
f 212/212 210/210 209/209
usemtl Surface_2
f 211/211 210/210 212/212
usemtl Surface_2
f 216/216 214/214 213/213
usemtl Surface_2
f 215/215 214/214 216/216
usemtl Surface_2
f 220/220 218/218 217/217
usemtl Surface_2
f 219/219 218/218 220/220
usemtl Surface_2
f 224/224 222/222 221/221
usemtl Surface_2
f 223/223 222/222 224/224
usemtl Surface_2
f 228/228 226/226 225/225
usemtl Surface_2
f 227/227 226/226 228/228
usemtl Surface_2
f 232/232 230/230 229/229
usemtl Surface_2
f 231/231 230/230 232/232
usemtl Surface_2
f 236/236 234/234 233/233
usemtl Surface_2
f 235/235 234/234 236/236
usemtl Surface_2
f 240/240 238/238 237/237
usemtl Surface_2
f 239/239 238/238 240/240
usemtl Surface_2
f 244/244 242/242 241/241
usemtl Surface_2
f 243/243 242/242 244/244
usemtl Surface_2
f 248/248 246/246 245/245
usemtl Surface_2
f 247/247 246/246 248/248
usemtl Surface_2
f 252/252 250/250 249/249
usemtl Surface_2
f 251/251 250/250 252/252
usemtl Surface_2
f 256/256 254/254 253/253
usemtl Surface_2
f 255/255 254/254 256/256
usemtl Surface_2
f 260/260 258/258 257/257
usemtl Surface_2
f 259/259 258/258 260/260
usemtl Surface_2
f 264/264 262/262 261/261
usemtl Surface_2
f 263/263 262/262 264/264
usemtl Surface_2
f 268/268 266/266 265/265
usemtl Surface_2
f 267/267 266/266 268/268
usemtl Surface_2
f 272/272 270/270 269/269
usemtl Surface_2
f 271/271 270/270 272/272
usemtl Surface_2
f 276/276 274/274 273/273
usemtl Surface_2
f 275/275 274/274 276/276
usemtl Surface_2
f 280/280 278/278 277/277
usemtl Surface_2
f 279/279 278/278 280/280
usemtl Surface_2
f 284/284 282/282 281/281
usemtl Surface_2
f 283/283 282/282 284/284
usemtl Surface_2
f 288/288 286/286 285/285
usemtl Surface_2
f 287/287 286/286 288/288
usemtl Surface_2
f 292/292 290/290 289/289
usemtl Surface_2
f 291/291 290/290 292/292
usemtl Surface_2
f 296/296 294/294 293/293
usemtl Surface_2
f 295/295 294/294 296/296
usemtl Surface_2
f 300/300 298/298 297/297
usemtl Surface_2
f 299/299 298/298 300/300
usemtl Surface_2
f 304/304 302/302 301/301
usemtl Surface_2
f 303/303 302/302 304/304
usemtl Surface_2
f 308/308 306/306 305/305
usemtl Surface_2
f 307/307 306/306 308/308
usemtl Surface_2
f 312/312 310/310 309/309
usemtl Surface_2
f 311/311 310/310 312/312
usemtl Surface_2
f 316/316 314/314 313/313
usemtl Surface_2
f 315/315 314/314 316/316
usemtl Surface_2
f 320/320 318/318 317/317
usemtl Surface_2
f 319/319 318/318 320/320
usemtl Surface_2
f 324/324 322/322 321/321
usemtl Surface_2
f 323/323 322/322 324/324
usemtl Surface_2
f 328/328 326/326 325/325
usemtl Surface_2
f 327/327 326/326 328/328
usemtl Surface_2
f 332/332 330/330 329/329
usemtl Surface_2
f 331/331 330/330 332/332
usemtl Surface_2
f 336/336 334/334 333/333
usemtl Surface_2
f 335/335 334/334 336/336
usemtl Surface_2
f 340/340 338/338 337/337
usemtl Surface_2
f 339/339 338/338 340/340
usemtl Surface_2
f 344/344 342/342 341/341
usemtl Surface_2
f 343/343 342/342 344/344
usemtl Surface_2
f 348/348 346/346 345/345
usemtl Surface_2
f 347/347 346/346 348/348
usemtl Surface_2
f 352/352 350/350 349/349
usemtl Surface_2
f 351/351 350/350 352/352
usemtl Surface_2
f 356/356 354/354 353/353
usemtl Surface_2
f 355/355 354/354 356/356
usemtl Surface_2
f 360/360 358/358 357/357
usemtl Surface_2
f 359/359 358/358 360/360
usemtl Surface_2
f 364/364 362/362 361/361
usemtl Surface_2
f 363/363 362/362 364/364
usemtl Surface_2
f 368/368 366/366 365/365
usemtl Surface_2
f 367/367 366/366 368/368
usemtl Surface_2
f 372/372 370/370 369/369
usemtl Surface_2
f 371/371 370/370 372/372
usemtl Surface_2
f 376/376 374/374 373/373
usemtl Surface_2
f 375/375 374/374 376/376
usemtl Surface_2
f 380/380 378/378 377/377
usemtl Surface_2
f 379/379 378/378 380/380
usemtl Surface_2
f 384/384 382/382 381/381
usemtl Surface_2
f 383/383 382/382 384/384
usemtl Surface_2
f 388/388 386/386 385/385
usemtl Surface_2
f 387/387 386/386 388/388
usemtl Surface_2
f 392/392 390/390 389/389
usemtl Surface_2
f 391/391 390/390 392/392
usemtl Surface_2
f 396/396 394/394 393/393
usemtl Surface_2
f 395/395 394/394 396/396
usemtl Surface_2
f 400/400 398/398 397/397
usemtl Surface_2
f 399/399 398/398 400/400
usemtl Surface_2
f 404/404 402/402 401/401
usemtl Surface_2
f 403/403 402/402 404/404
usemtl Surface_2
f 408/408 406/406 405/405
usemtl Surface_2
f 407/407 406/406 408/408
usemtl Surface_2
f 412/412 410/410 409/409
usemtl Surface_2
f 411/411 410/410 412/412
usemtl Surface_2
f 416/416 414/414 413/413
usemtl Surface_2
f 415/415 414/414 416/416
usemtl Surface_2
f 420/420 418/418 417/417
usemtl Surface_2
f 419/419 418/418 420/420
usemtl Surface_2
f 424/424 422/422 421/421
usemtl Surface_2
f 423/423 422/422 424/424
usemtl Surface_2
f 428/428 426/426 425/425
usemtl Surface_2
f 427/427 426/426 428/428
usemtl Surface_2
f 432/432 430/430 429/429
usemtl Surface_2
f 431/431 430/430 432/432
usemtl Surface_2
f 436/436 434/434 433/433
usemtl Surface_2
f 435/435 434/434 436/436
usemtl Surface_2
f 440/440 438/438 437/437
usemtl Surface_2
f 439/439 438/438 440/440
usemtl Surface_2
f 444/444 442/442 441/441
usemtl Surface_2
f 443/443 442/442 444/444
usemtl Surface_2
f 448/448 446/446 445/445
usemtl Surface_2
f 447/447 446/446 448/448
usemtl Surface_2
f 452/452 450/450 449/449
usemtl Surface_2
f 451/451 450/450 452/452
usemtl Surface_2
f 456/456 454/454 453/453
usemtl Surface_2
f 455/455 454/454 456/456
usemtl Surface_2
f 460/460 458/458 457/457
usemtl Surface_2
f 459/459 458/458 460/460
usemtl Surface_2
f 464/464 462/462 461/461
usemtl Surface_2
f 463/463 462/462 464/464
usemtl Surface_2
f 468/468 466/466 465/465
usemtl Surface_2
f 467/467 466/466 468/468
usemtl Surface_2
f 472/472 470/470 469/469
usemtl Surface_2
f 471/471 470/470 472/472
usemtl Surface_2
f 476/476 474/474 473/473
usemtl Surface_2
f 475/475 474/474 476/476
usemtl Surface_2
f 480/480 478/478 477/477
usemtl Surface_2
f 479/479 478/478 480/480
usemtl Surface_2
f 484/484 482/482 481/481
usemtl Surface_2
f 483/483 482/482 484/484
usemtl Surface_2
f 488/488 486/486 485/485
usemtl Surface_2
f 487/487 486/486 488/488
usemtl Surface_2
f 492/492 490/490 489/489
usemtl Surface_2
f 491/491 490/490 492/492
usemtl Surface_2
f 496/496 494/494 493/493
usemtl Surface_2
f 495/495 494/494 496/496
usemtl Surface_2
f 500/500 498/498 497/497
usemtl Surface_2
f 499/499 498/498 500/500
usemtl Surface_2
f 504/504 502/502 501/501
usemtl Surface_2
f 503/503 502/502 504/504
usemtl Surface_2
f 508/508 506/506 505/505
usemtl Surface_2
f 507/507 506/506 508/508
usemtl Surface_2
f 512/512 510/510 509/509
usemtl Surface_2
f 511/511 510/510 512/512
usemtl Surface_2
f 516/516 514/514 513/513
usemtl Surface_2
f 515/515 514/514 516/516
usemtl Surface_2
f 520/520 518/518 517/517
usemtl Surface_2
f 519/519 518/518 520/520
usemtl Surface_2
f 524/524 522/522 521/521
usemtl Surface_2
f 523/523 522/522 524/524
usemtl Surface_2
f 528/528 526/526 525/525
usemtl Surface_2
f 527/527 526/526 528/528
usemtl Surface_2
f 532/532 530/530 529/529
usemtl Surface_2
f 531/531 530/530 532/532
usemtl Surface_2
f 536/536 534/534 533/533
usemtl Surface_2
f 535/535 534/534 536/536
usemtl Surface_2
f 540/540 538/538 537/537
usemtl Surface_2
f 539/539 538/538 540/540
usemtl Surface_2
f 544/544 542/542 541/541
usemtl Surface_2
f 543/543 542/542 544/544
usemtl Surface_2
f 548/548 546/546 545/545
usemtl Surface_2
f 547/547 546/546 548/548
usemtl Surface_2
f 552/552 550/550 549/549
usemtl Surface_2
f 551/551 550/550 552/552
usemtl Surface_2
f 556/556 554/554 553/553
usemtl Surface_2
f 555/555 554/554 556/556
usemtl Surface_2
f 560/560 558/558 557/557
usemtl Surface_2
f 559/559 558/558 560/560
usemtl Surface_2
f 564/564 562/562 561/561
usemtl Surface_2
f 563/563 562/562 564/564
usemtl Surface_2
f 568/568 566/566 565/565
usemtl Surface_2
f 567/567 566/566 568/568
usemtl Surface_2
f 572/572 570/570 569/569
usemtl Surface_2
f 571/571 570/570 572/572
usemtl Surface_2
f 576/576 574/574 573/573
usemtl Surface_2
f 575/575 574/574 576/576
usemtl Surface_2
f 580/580 578/578 577/577
usemtl Surface_2
f 579/579 578/578 580/580
usemtl Surface_2
f 584/584 582/582 581/581
usemtl Surface_2
f 583/583 582/582 584/584
usemtl Surface_2
f 588/588 586/586 585/585
usemtl Surface_2
f 587/587 586/586 588/588
usemtl Surface_2
f 592/592 590/590 589/589
usemtl Surface_2
f 591/591 590/590 592/592
usemtl Surface_2
f 596/596 594/594 593/593
usemtl Surface_2
f 595/595 594/594 596/596
usemtl Surface_2
f 600/600 598/598 597/597
usemtl Surface_2
f 599/599 598/598 600/600
usemtl Surface_2
f 604/604 602/602 601/601
usemtl Surface_2
f 603/603 602/602 604/604
usemtl Surface_2
f 608/608 606/606 605/605
usemtl Surface_2
f 607/607 606/606 608/608
usemtl Surface_2
f 612/612 610/610 609/609
usemtl Surface_2
f 611/611 610/610 612/612
usemtl Surface_2
f 616/616 614/614 613/613
usemtl Surface_2
f 615/615 614/614 616/616
usemtl Surface_2
f 620/620 618/618 617/617
usemtl Surface_2
f 619/619 618/618 620/620
usemtl Surface_2
f 624/624 622/622 621/621
usemtl Surface_2
f 623/623 622/622 624/624
usemtl Surface_2
f 628/628 626/626 625/625
usemtl Surface_2
f 627/627 626/626 628/628
usemtl Surface_2
f 632/632 630/630 629/629
usemtl Surface_2
f 631/631 630/630 632/632
usemtl Surface_2
f 636/636 634/634 633/633
usemtl Surface_2
f 635/635 634/634 636/636
usemtl Surface_2
f 640/640 638/638 637/637
usemtl Surface_2
f 639/639 638/638 640/640
usemtl Surface_2
f 644/644 642/642 641/641
usemtl Surface_2
f 643/643 642/642 644/644
usemtl Surface_2
f 648/648 646/646 645/645
usemtl Surface_2
f 647/647 646/646 648/648
usemtl Surface_2
f 652/652 650/650 649/649
usemtl Surface_2
f 651/651 650/650 652/652
usemtl Surface_2
f 656/656 654/654 653/653
usemtl Surface_2
f 655/655 654/654 656/656
usemtl Surface_2
f 660/660 658/658 657/657
usemtl Surface_2
f 659/659 658/658 660/660
usemtl Surface_2
f 664/664 662/662 661/661
usemtl Surface_2
f 663/663 662/662 664/664
usemtl Surface_2
f 668/668 666/666 665/665
usemtl Surface_2
f 667/667 666/666 668/668
usemtl Surface_2
f 672/672 670/670 669/669
usemtl Surface_2
f 671/671 670/670 672/672
usemtl Surface_2
f 676/676 674/674 673/673
usemtl Surface_2
f 675/675 674/674 676/676
usemtl Surface_2
f 680/680 678/678 677/677
usemtl Surface_2
f 679/679 678/678 680/680
usemtl Surface_2
f 684/684 682/682 681/681
usemtl Surface_2
f 683/683 682/682 684/684
usemtl Surface_2
f 688/688 686/686 685/685
usemtl Surface_2
f 687/687 686/686 688/688
usemtl Surface_2
f 692/692 690/690 689/689
usemtl Surface_2
f 691/691 690/690 692/692
usemtl Surface_2
f 696/696 694/694 693/693
usemtl Surface_2
f 695/695 694/694 696/696
usemtl Surface_2
f 700/700 698/698 697/697
usemtl Surface_2
f 699/699 698/698 700/700
usemtl Surface_2
f 704/704 702/702 701/701
usemtl Surface_2
f 703/703 702/702 704/704
usemtl Surface_2
f 708/708 706/706 705/705
usemtl Surface_2
f 707/707 706/706 708/708
usemtl Surface_2
f 712/712 710/710 709/709
usemtl Surface_2
f 711/711 710/710 712/712
usemtl Surface_2
f 716/716 714/714 713/713
usemtl Surface_2
f 715/715 714/714 716/716
usemtl Surface_2
f 720/720 718/718 717/717
usemtl Surface_2
f 719/719 718/718 720/720
usemtl Surface_2
f 724/724 722/722 721/721
usemtl Surface_2
f 723/723 722/722 724/724
usemtl Surface_2
f 728/728 726/726 725/725
usemtl Surface_2
f 727/727 726/726 728/728
usemtl Surface_2
f 732/732 730/730 729/729
usemtl Surface_2
f 731/731 730/730 732/732
usemtl Surface_2
f 736/736 734/734 733/733
usemtl Surface_2
f 735/735 734/734 736/736
usemtl Surface_2
f 740/740 738/738 737/737
usemtl Surface_2
f 739/739 738/738 740/740
usemtl Surface_2
f 744/744 742/742 741/741
usemtl Surface_2
f 743/743 742/742 744/744
usemtl Surface_2
f 748/748 746/746 745/745
usemtl Surface_2
f 747/747 746/746 748/748
usemtl Surface_2
f 752/752 750/750 749/749
usemtl Surface_2
f 751/751 750/750 752/752
usemtl Surface_2
f 756/756 754/754 753/753
usemtl Surface_2
f 755/755 754/754 756/756
usemtl Surface_2
f 760/760 758/758 757/757
usemtl Surface_2
f 759/759 758/758 760/760
usemtl Surface_2
f 764/764 762/762 761/761
usemtl Surface_2
f 763/763 762/762 764/764
usemtl Surface_2
f 768/768 766/766 765/765
usemtl Surface_2
f 767/767 766/766 768/768
usemtl Surface_2
f 772/772 770/770 769/769
usemtl Surface_2
f 771/771 770/770 772/772
usemtl Surface_2
f 776/776 774/774 773/773
usemtl Surface_2
f 775/775 774/774 776/776
usemtl Surface_2
f 780/780 778/778 777/777
usemtl Surface_2
f 779/779 778/778 780/780
usemtl Surface_2
f 784/784 782/782 781/781
usemtl Surface_2
f 783/783 782/782 784/784
usemtl Surface_2
f 788/788 786/786 785/785
usemtl Surface_2
f 787/787 786/786 788/788
usemtl Surface_2
f 792/792 790/790 789/789
usemtl Surface_2
f 791/791 790/790 792/792
usemtl Surface_2
f 796/796 794/794 793/793
usemtl Surface_2
f 795/795 794/794 796/796
usemtl Surface_2
f 800/800 798/798 797/797
usemtl Surface_2
f 799/799 798/798 800/800
usemtl Surface_2
f 804/804 802/802 801/801
usemtl Surface_2
f 803/803 802/802 804/804
usemtl Surface_2
f 808/808 806/806 805/805
usemtl Surface_2
f 807/807 806/806 808/808
usemtl Surface_2
f 812/812 810/810 809/809
usemtl Surface_2
f 811/811 810/810 812/812
usemtl Surface_2
f 816/816 814/814 813/813
usemtl Surface_2
f 815/815 814/814 816/816
usemtl Surface_2
f 820/820 818/818 817/817
usemtl Surface_2
f 819/819 818/818 820/820
usemtl Surface_2
f 824/824 822/822 821/821
usemtl Surface_2
f 823/823 822/822 824/824
usemtl Surface_2
f 828/828 826/826 825/825
usemtl Surface_2
f 827/827 826/826 828/828
usemtl Surface_2
f 832/832 830/830 829/829
usemtl Surface_2
f 831/831 830/830 832/832
usemtl Surface_2
f 836/836 834/834 833/833
usemtl Surface_2
f 835/835 834/834 836/836
usemtl Surface_2
f 840/840 838/838 837/837
usemtl Surface_2
f 839/839 838/838 840/840
usemtl Surface_2
f 844/844 842/842 841/841
usemtl Surface_2
f 843/843 842/842 844/844
usemtl Surface_2
f 848/848 846/846 845/845
usemtl Surface_2
f 847/847 846/846 848/848
usemtl Surface_2
f 852/852 850/850 849/849
usemtl Surface_2
f 851/851 850/850 852/852
usemtl Surface_2
f 856/856 854/854 853/853
usemtl Surface_2
f 855/855 854/854 856/856
usemtl Surface_2
f 860/860 858/858 857/857
usemtl Surface_2
f 859/859 858/858 860/860
usemtl Surface_2
f 861/861 863/863 862/862
usemtl Surface_2
f 864/864 866/866 865/865
usemtl Surface_2
f 867/867 869/869 868/868
usemtl Surface_2
f 870/870 872/872 871/871
usemtl Surface_2
f 873/873 875/875 874/874
usemtl Surface_2
f 876/876 878/878 877/877
usemtl Surface_2
f 879/879 881/881 880/880
usemtl Surface_2
f 882/882 884/884 883/883
usemtl Surface_2
f 885/885 887/887 886/886
usemtl Surface_2
f 888/888 890/890 889/889
usemtl Surface_2
f 891/891 893/893 892/892
usemtl Surface_2
f 894/894 896/896 895/895
usemtl Surface_2
f 897/897 899/899 898/898
usemtl Surface_2
f 900/900 902/902 901/901
usemtl Surface_2
f 903/903 905/905 904/904
usemtl Surface_2
f 906/906 908/908 907/907
usemtl Surface_2
f 909/909 911/911 910/910
usemtl Surface_2
f 912/912 914/914 913/913
usemtl Surface_2
f 915/915 917/917 916/916
usemtl Surface_2
f 918/918 920/920 919/919
usemtl Surface_2
f 921/921 923/923 922/922
usemtl Surface_2
f 924/924 926/926 925/925
usemtl Surface_2
f 927/927 929/929 928/928
usemtl Surface_2
f 930/930 932/932 931/931
usemtl Surface_2
f 933/933 935/935 934/934
usemtl Surface_2
f 936/936 938/938 937/937
usemtl Surface_2
f 939/939 941/941 940/940
usemtl Surface_2
f 942/942 944/944 943/943
usemtl Surface_2
f 945/945 947/947 946/946
usemtl Surface_2
f 948/948 950/950 949/949
usemtl Surface_2
f 951/951 953/953 952/952
usemtl Surface_2
f 954/954 956/956 955/955
usemtl Surface_2
f 957/957 959/959 958/958
usemtl Surface_2
f 960/960 962/962 961/961
usemtl Surface_2
f 963/963 965/965 964/964
usemtl Surface_2
f 966/966 968/968 967/967
usemtl Surface_2
f 969/969 971/971 970/970
usemtl Surface_2
f 972/972 974/974 973/973
usemtl Surface_2
f 975/975 977/977 976/976
usemtl Surface_2
f 978/978 980/980 979/979
usemtl Surface_2
f 984/984 982/982 981/981
usemtl Surface_2
f 983/983 982/982 984/984
usemtl Surface_2
f 988/988 986/986 985/985
usemtl Surface_2
f 987/987 986/986 988/988
usemtl Surface_2
f 992/992 990/990 989/989
usemtl Surface_2
f 991/991 990/990 992/992
usemtl Surface_2
f 996/996 994/994 993/993
usemtl Surface_2
f 995/995 994/994 996/996
usemtl Surface_2
f 1000/1000 998/998 997/997
usemtl Surface_2
f 999/999 998/998 1000/1000
usemtl Surface_2
f 1004/1004 1002/1002 1001/1001
usemtl Surface_2
f 1003/1003 1002/1002 1004/1004
usemtl Surface_2
f 1008/1008 1006/1006 1005/1005
usemtl Surface_2
f 1007/1007 1006/1006 1008/1008
usemtl Surface_2
f 1012/1012 1010/1010 1009/1009
usemtl Surface_2
f 1011/1011 1010/1010 1012/1012
usemtl Surface_2
f 1016/1016 1014/1014 1013/1013
usemtl Surface_2
f 1015/1015 1014/1014 1016/1016
usemtl Surface_2
f 1020/1020 1018/1018 1017/1017
usemtl Surface_2
f 1019/1019 1018/1018 1020/1020
usemtl Surface_2
f 1024/1024 1022/1022 1021/1021
usemtl Surface_2
f 1023/1023 1022/1022 1024/1024
usemtl Surface_2
f 1028/1028 1026/1026 1025/1025
usemtl Surface_2
f 1027/1027 1026/1026 1028/1028
usemtl Surface_2
f 1032/1032 1030/1030 1029/1029
usemtl Surface_2
f 1031/1031 1030/1030 1032/1032
usemtl Surface_2
f 1036/1036 1034/1034 1033/1033
usemtl Surface_2
f 1035/1035 1034/1034 1036/1036
usemtl Surface_2
f 1040/1040 1038/1038 1037/1037
usemtl Surface_2
f 1039/1039 1038/1038 1040/1040
usemtl Surface_2
f 1044/1044 1042/1042 1041/1041
usemtl Surface_2
f 1043/1043 1042/1042 1044/1044
usemtl Surface_2
f 1048/1048 1046/1046 1045/1045
usemtl Surface_2
f 1047/1047 1046/1046 1048/1048
usemtl Surface_2
f 1052/1052 1050/1050 1049/1049
usemtl Surface_2
f 1051/1051 1050/1050 1052/1052
usemtl Surface_2
f 1056/1056 1054/1054 1053/1053
usemtl Surface_2
f 1055/1055 1054/1054 1056/1056
usemtl Surface_2
f 1060/1060 1058/1058 1057/1057
usemtl Surface_2
f 1059/1059 1058/1058 1060/1060
usemtl Surface_2
f 1064/1064 1062/1062 1061/1061
usemtl Surface_2
f 1063/1063 1062/1062 1064/1064
usemtl Surface_2
f 1068/1068 1066/1066 1065/1065
usemtl Surface_2
f 1067/1067 1066/1066 1068/1068
usemtl Surface_2
f 1072/1072 1070/1070 1069/1069
usemtl Surface_2
f 1071/1071 1070/1070 1072/1072
usemtl Surface_2
f 1076/1076 1074/1074 1073/1073
usemtl Surface_2
f 1075/1075 1074/1074 1076/1076
usemtl Surface_2
f 1080/1080 1078/1078 1077/1077
usemtl Surface_2
f 1079/1079 1078/1078 1080/1080
usemtl Surface_2
f 1084/1084 1082/1082 1081/1081
usemtl Surface_2
f 1083/1083 1082/1082 1084/1084
usemtl Surface_2
f 1088/1088 1086/1086 1085/1085
usemtl Surface_2
f 1087/1087 1086/1086 1088/1088
usemtl Surface_2
f 1092/1092 1090/1090 1089/1089
usemtl Surface_2
f 1091/1091 1090/1090 1092/1092
usemtl Surface_2
f 1096/1096 1094/1094 1093/1093
usemtl Surface_2
f 1095/1095 1094/1094 1096/1096
usemtl Surface_2
f 1100/1100 1098/1098 1097/1097
usemtl Surface_2
f 1099/1099 1098/1098 1100/1100
usemtl Surface_2
f 1104/1104 1102/1102 1101/1101
usemtl Surface_2
f 1103/1103 1102/1102 1104/1104
usemtl Surface_2
f 1108/1108 1106/1106 1105/1105
usemtl Surface_2
f 1107/1107 1106/1106 1108/1108
usemtl Surface_2
f 1112/1112 1110/1110 1109/1109
usemtl Surface_2
f 1111/1111 1110/1110 1112/1112
usemtl Surface_2
f 1116/1116 1114/1114 1113/1113
usemtl Surface_2
f 1115/1115 1114/1114 1116/1116
usemtl Surface_2
f 1120/1120 1118/1118 1117/1117
usemtl Surface_2
f 1119/1119 1118/1118 1120/1120
usemtl Surface_2
f 1124/1124 1122/1122 1121/1121
usemtl Surface_2
f 1123/1123 1122/1122 1124/1124
usemtl Surface_2
f 1128/1128 1126/1126 1125/1125
usemtl Surface_2
f 1127/1127 1126/1126 1128/1128
usemtl Surface_2
f 1132/1132 1130/1130 1129/1129
usemtl Surface_2
f 1131/1131 1130/1130 1132/1132
usemtl Surface_2
f 1136/1136 1134/1134 1133/1133
usemtl Surface_2
f 1135/1135 1134/1134 1136/1136
usemtl Surface_2
f 1140/1140 1138/1138 1137/1137
usemtl Surface_2
f 1139/1139 1138/1138 1140/1140
usemtl Surface_2
f 1144/1144 1142/1142 1141/1141
usemtl Surface_2
f 1143/1143 1142/1142 1144/1144
usemtl Surface_2
f 1148/1148 1146/1146 1145/1145
usemtl Surface_2
f 1147/1147 1146/1146 1148/1148
usemtl Surface_2
f 1152/1152 1150/1150 1149/1149
usemtl Surface_2
f 1151/1151 1150/1150 1152/1152
usemtl Surface_2
f 1156/1156 1154/1154 1153/1153
usemtl Surface_2
f 1155/1155 1154/1154 1156/1156
usemtl Surface_2
f 1160/1160 1158/1158 1157/1157
usemtl Surface_2
f 1159/1159 1158/1158 1160/1160
usemtl Surface_2
f 1164/1164 1162/1162 1161/1161
usemtl Surface_2
f 1163/1163 1162/1162 1164/1164
usemtl Surface_2
f 1168/1168 1166/1166 1165/1165
usemtl Surface_2
f 1167/1167 1166/1166 1168/1168
usemtl Surface_2
f 1172/1172 1170/1170 1169/1169
usemtl Surface_2
f 1171/1171 1170/1170 1172/1172
usemtl Surface_2
f 1176/1176 1174/1174 1173/1173
usemtl Surface_2
f 1175/1175 1174/1174 1176/1176
usemtl Surface_2
f 1180/1180 1178/1178 1177/1177
usemtl Surface_2
f 1179/1179 1178/1178 1180/1180
usemtl Surface_2
f 1184/1184 1182/1182 1181/1181
usemtl Surface_2
f 1183/1183 1182/1182 1184/1184
usemtl Surface_2
f 1188/1188 1186/1186 1185/1185
usemtl Surface_2
f 1187/1187 1186/1186 1188/1188
usemtl Surface_2
f 1192/1192 1190/1190 1189/1189
usemtl Surface_2
f 1191/1191 1190/1190 1192/1192
usemtl Surface_2
f 1196/1196 1194/1194 1193/1193
usemtl Surface_2
f 1195/1195 1194/1194 1196/1196
usemtl Surface_2
f 1200/1200 1198/1198 1197/1197
usemtl Surface_2
f 1199/1199 1198/1198 1200/1200
usemtl Surface_2
f 1204/1204 1202/1202 1201/1201
usemtl Surface_2
f 1203/1203 1202/1202 1204/1204
usemtl Surface_2
f 1208/1208 1206/1206 1205/1205
usemtl Surface_2
f 1207/1207 1206/1206 1208/1208
usemtl Surface_2
f 1212/1212 1210/1210 1209/1209
usemtl Surface_2
f 1211/1211 1210/1210 1212/1212
usemtl Surface_2
f 1216/1216 1214/1214 1213/1213
usemtl Surface_2
f 1215/1215 1214/1214 1216/1216
usemtl Surface_2
f 1220/1220 1218/1218 1217/1217
usemtl Surface_2
f 1219/1219 1218/1218 1220/1220
usemtl Surface_2
f 1224/1224 1222/1222 1221/1221
usemtl Surface_2
f 1223/1223 1222/1222 1224/1224
usemtl Surface_2
f 1228/1228 1226/1226 1225/1225
usemtl Surface_2
f 1227/1227 1226/1226 1228/1228
usemtl Surface_2
f 1232/1232 1230/1230 1229/1229
usemtl Surface_2
f 1231/1231 1230/1230 1232/1232
usemtl Surface_2
f 1236/1236 1234/1234 1233/1233
usemtl Surface_2
f 1235/1235 1234/1234 1236/1236
usemtl Surface_2
f 1240/1240 1238/1238 1237/1237
usemtl Surface_2
f 1239/1239 1238/1238 1240/1240
usemtl Surface_2
f 1244/1244 1242/1242 1241/1241
usemtl Surface_2
f 1243/1243 1242/1242 1244/1244
usemtl Surface_2
f 1248/1248 1246/1246 1245/1245
usemtl Surface_2
f 1247/1247 1246/1246 1248/1248
usemtl Surface_2
f 1252/1252 1250/1250 1249/1249
usemtl Surface_2
f 1251/1251 1250/1250 1252/1252
usemtl Surface_2
f 1256/1256 1254/1254 1253/1253
usemtl Surface_2
f 1255/1255 1254/1254 1256/1256
usemtl Surface_2
f 1260/1260 1258/1258 1257/1257
usemtl Surface_2
f 1259/1259 1258/1258 1260/1260
usemtl Surface_2
f 1264/1264 1262/1262 1261/1261
usemtl Surface_2
f 1263/1263 1262/1262 1264/1264
usemtl Surface_2
f 1268/1268 1266/1266 1265/1265
usemtl Surface_2
f 1267/1267 1266/1266 1268/1268
usemtl Surface_2
f 1272/1272 1270/1270 1269/1269
usemtl Surface_2
f 1271/1271 1270/1270 1272/1272
usemtl Surface_2
f 1276/1276 1274/1274 1273/1273
usemtl Surface_2
f 1275/1275 1274/1274 1276/1276
usemtl Surface_2
f 1280/1280 1278/1278 1277/1277
usemtl Surface_2
f 1279/1279 1278/1278 1280/1280
usemtl Surface_2
f 1284/1284 1282/1282 1281/1281
usemtl Surface_2
f 1283/1283 1282/1282 1284/1284
usemtl Surface_2
f 1288/1288 1286/1286 1285/1285
usemtl Surface_2
f 1287/1287 1286/1286 1288/1288
usemtl Surface_2
f 1292/1292 1290/1290 1289/1289
usemtl Surface_2
f 1291/1291 1290/1290 1292/1292
usemtl Surface_2
f 1296/1296 1294/1294 1293/1293
usemtl Surface_2
f 1295/1295 1294/1294 1296/1296
usemtl Surface_2
f 1300/1300 1298/1298 1297/1297
usemtl Surface_2
f 1299/1299 1298/1298 1300/1300
usemtl Surface_2
f 1304/1304 1302/1302 1301/1301
usemtl Surface_2
f 1303/1303 1302/1302 1304/1304
usemtl Surface_2
f 1308/1308 1306/1306 1305/1305
usemtl Surface_2
f 1307/1307 1306/1306 1308/1308
usemtl Surface_2
f 1312/1312 1310/1310 1309/1309
usemtl Surface_2
f 1311/1311 1310/1310 1312/1312
usemtl Surface_2
f 1316/1316 1314/1314 1313/1313
usemtl Surface_2
f 1315/1315 1314/1314 1316/1316
usemtl Surface_2
f 1320/1320 1318/1318 1317/1317
usemtl Surface_2
f 1319/1319 1318/1318 1320/1320
usemtl Surface_2
f 1324/1324 1322/1322 1321/1321
usemtl Surface_2
f 1323/1323 1322/1322 1324/1324
usemtl Surface_2
f 1328/1328 1326/1326 1325/1325
usemtl Surface_2
f 1327/1327 1326/1326 1328/1328
usemtl Surface_2
f 1332/1332 1330/1330 1329/1329
usemtl Surface_2
f 1331/1331 1330/1330 1332/1332
usemtl Surface_2
f 1336/1336 1334/1334 1333/1333
usemtl Surface_2
f 1335/1335 1334/1334 1336/1336
usemtl Surface_2
f 1340/1340 1338/1338 1337/1337
usemtl Surface_2
f 1339/1339 1338/1338 1340/1340
usemtl Surface_2
f 1344/1344 1342/1342 1341/1341
usemtl Surface_2
f 1343/1343 1342/1342 1344/1344
usemtl Surface_2
f 1348/1348 1346/1346 1345/1345
usemtl Surface_2
f 1347/1347 1346/1346 1348/1348
usemtl Surface_2
f 1352/1352 1350/1350 1349/1349
usemtl Surface_2
f 1351/1351 1350/1350 1352/1352
usemtl Surface_2
f 1356/1356 1354/1354 1353/1353
usemtl Surface_2
f 1355/1355 1354/1354 1356/1356
usemtl Surface_2
f 1360/1360 1358/1358 1357/1357
usemtl Surface_2
f 1359/1359 1358/1358 1360/1360
usemtl Surface_2
f 1364/1364 1362/1362 1361/1361
usemtl Surface_2
f 1363/1363 1362/1362 1364/1364
usemtl Surface_2
f 1368/1368 1366/1366 1365/1365
usemtl Surface_2
f 1367/1367 1366/1366 1368/1368
usemtl Surface_2
f 1372/1372 1370/1370 1369/1369
usemtl Surface_2
f 1371/1371 1370/1370 1372/1372
usemtl Surface_2
f 1376/1376 1374/1374 1373/1373
usemtl Surface_2
f 1375/1375 1374/1374 1376/1376
usemtl Surface_2
f 1380/1380 1378/1378 1377/1377
usemtl Surface_2
f 1379/1379 1378/1378 1380/1380
usemtl Surface_2
f 1384/1384 1382/1382 1381/1381
usemtl Surface_2
f 1383/1383 1382/1382 1384/1384
usemtl Surface_2
f 1388/1388 1386/1386 1385/1385
usemtl Surface_2
f 1387/1387 1386/1386 1388/1388
usemtl Surface_2
f 1392/1392 1390/1390 1389/1389
usemtl Surface_2
f 1391/1391 1390/1390 1392/1392
usemtl Surface_2
f 1396/1396 1394/1394 1393/1393
usemtl Surface_2
f 1395/1395 1394/1394 1396/1396
usemtl Surface_2
f 1400/1400 1398/1398 1397/1397
usemtl Surface_2
f 1399/1399 1398/1398 1400/1400
usemtl Surface_2
f 1404/1404 1402/1402 1401/1401
usemtl Surface_2
f 1403/1403 1402/1402 1404/1404
usemtl Surface_2
f 1408/1408 1406/1406 1405/1405
usemtl Surface_2
f 1407/1407 1406/1406 1408/1408
usemtl Surface_2
f 1412/1412 1410/1410 1409/1409
usemtl Surface_2
f 1411/1411 1410/1410 1412/1412
usemtl Surface_2
f 1416/1416 1414/1414 1413/1413
usemtl Surface_2
f 1415/1415 1414/1414 1416/1416
usemtl Surface_2
f 1420/1420 1418/1418 1417/1417
usemtl Surface_2
f 1419/1419 1418/1418 1420/1420
usemtl Surface_2
f 1424/1424 1422/1422 1421/1421
usemtl Surface_2
f 1423/1423 1422/1422 1424/1424
usemtl Surface_2
f 1428/1428 1426/1426 1425/1425
usemtl Surface_2
f 1427/1427 1426/1426 1428/1428
usemtl Surface_2
f 1432/1432 1430/1430 1429/1429
usemtl Surface_2
f 1431/1431 1430/1430 1432/1432
usemtl Surface_2
f 1436/1436 1434/1434 1433/1433
usemtl Surface_2
f 1435/1435 1434/1434 1436/1436
usemtl Surface_2
f 1440/1440 1438/1438 1437/1437
usemtl Surface_2
f 1439/1439 1438/1438 1440/1440
usemtl Surface_2
f 1444/1444 1442/1442 1441/1441
usemtl Surface_2
f 1443/1443 1442/1442 1444/1444
usemtl Surface_2
f 1448/1448 1446/1446 1445/1445
usemtl Surface_2
f 1447/1447 1446/1446 1448/1448
usemtl Surface_2
f 1452/1452 1450/1450 1449/1449
usemtl Surface_2
f 1451/1451 1450/1450 1452/1452
usemtl Surface_2
f 1456/1456 1454/1454 1453/1453
usemtl Surface_2
f 1455/1455 1454/1454 1456/1456
usemtl Surface_2
f 1460/1460 1458/1458 1457/1457
usemtl Surface_2
f 1459/1459 1458/1458 1460/1460
usemtl Surface_2
f 1464/1464 1462/1462 1461/1461
usemtl Surface_2
f 1463/1463 1462/1462 1464/1464
usemtl Surface_2
f 1468/1468 1466/1466 1465/1465
usemtl Surface_2
f 1467/1467 1466/1466 1468/1468
usemtl Surface_2
f 1472/1472 1470/1470 1469/1469
usemtl Surface_2
f 1471/1471 1470/1470 1472/1472
usemtl Surface_2
f 1476/1476 1474/1474 1473/1473
usemtl Surface_2
f 1475/1475 1474/1474 1476/1476
usemtl Surface_2
f 1480/1480 1478/1478 1477/1477
usemtl Surface_2
f 1479/1479 1478/1478 1480/1480
usemtl Surface_2
f 1484/1484 1482/1482 1481/1481
usemtl Surface_2
f 1483/1483 1482/1482 1484/1484
usemtl Surface_2
f 1488/1488 1486/1486 1485/1485
usemtl Surface_2
f 1487/1487 1486/1486 1488/1488
usemtl Surface_2
f 1492/1492 1490/1490 1489/1489
usemtl Surface_2
f 1491/1491 1490/1490 1492/1492
usemtl Surface_2
f 1496/1496 1494/1494 1493/1493
usemtl Surface_2
f 1495/1495 1494/1494 1496/1496
usemtl Surface_2
f 1500/1500 1498/1498 1497/1497
usemtl Surface_2
f 1499/1499 1498/1498 1500/1500
usemtl Surface_2
f 1504/1504 1502/1502 1501/1501
usemtl Surface_2
f 1503/1503 1502/1502 1504/1504
usemtl Surface_2
f 1508/1508 1506/1506 1505/1505
usemtl Surface_2
f 1507/1507 1506/1506 1508/1508
usemtl Surface_2
f 1512/1512 1510/1510 1509/1509
usemtl Surface_2
f 1511/1511 1510/1510 1512/1512
usemtl Surface_2
f 1516/1516 1514/1514 1513/1513
usemtl Surface_2
f 1515/1515 1514/1514 1516/1516
usemtl Surface_2
f 1520/1520 1518/1518 1517/1517
usemtl Surface_2
f 1519/1519 1518/1518 1520/1520
usemtl Surface_2
f 1524/1524 1522/1522 1521/1521
usemtl Surface_2
f 1523/1523 1522/1522 1524/1524
usemtl Surface_2
f 1528/1528 1526/1526 1525/1525
usemtl Surface_2
f 1527/1527 1526/1526 1528/1528
usemtl Surface_2
f 1532/1532 1530/1530 1529/1529
usemtl Surface_2
f 1531/1531 1530/1530 1532/1532
usemtl Surface_2
f 1536/1536 1534/1534 1533/1533
usemtl Surface_2
f 1535/1535 1534/1534 1536/1536
usemtl Surface_2
f 1540/1540 1538/1538 1537/1537
usemtl Surface_2
f 1539/1539 1538/1538 1540/1540
usemtl Surface_2
f 1544/1544 1542/1542 1541/1541
usemtl Surface_2
f 1543/1543 1542/1542 1544/1544
usemtl Surface_2
f 1548/1548 1546/1546 1545/1545
usemtl Surface_2
f 1547/1547 1546/1546 1548/1548
usemtl Surface_2
f 1552/1552 1550/1550 1549/1549
usemtl Surface_2
f 1551/1551 1550/1550 1552/1552
usemtl Surface_2
f 1556/1556 1554/1554 1553/1553
usemtl Surface_2
f 1555/1555 1554/1554 1556/1556
usemtl Surface_2
f 1560/1560 1558/1558 1557/1557
usemtl Surface_2
f 1559/1559 1558/1558 1560/1560
usemtl Surface_2
f 1564/1564 1562/1562 1561/1561
usemtl Surface_2
f 1563/1563 1562/1562 1564/1564
usemtl Surface_2
f 1568/1568 1566/1566 1565/1565
usemtl Surface_2
f 1567/1567 1566/1566 1568/1568
usemtl Surface_2
f 1572/1572 1570/1570 1569/1569
usemtl Surface_2
f 1571/1571 1570/1570 1572/1572
usemtl Surface_2
f 1576/1576 1574/1574 1573/1573
usemtl Surface_2
f 1575/1575 1574/1574 1576/1576
usemtl Surface_2
f 1580/1580 1578/1578 1577/1577
usemtl Surface_2
f 1579/1579 1578/1578 1580/1580
usemtl Surface_2
f 1584/1584 1582/1582 1581/1581
usemtl Surface_2
f 1583/1583 1582/1582 1584/1584
usemtl Surface_2
f 1588/1588 1586/1586 1585/1585
usemtl Surface_2
f 1587/1587 1586/1586 1588/1588
usemtl Surface_2
f 1592/1592 1590/1590 1589/1589
usemtl Surface_2
f 1591/1591 1590/1590 1592/1592
usemtl Surface_2
f 1596/1596 1594/1594 1593/1593
usemtl Surface_2
f 1595/1595 1594/1594 1596/1596
usemtl Surface_2
f 1600/1600 1598/1598 1597/1597
usemtl Surface_2
f 1599/1599 1598/1598 1600/1600
usemtl Surface_2
f 1604/1604 1602/1602 1601/1601
usemtl Surface_2
f 1603/1603 1602/1602 1604/1604
usemtl Surface_2
f 1608/1608 1606/1606 1605/1605
usemtl Surface_2
f 1607/1607 1606/1606 1608/1608
usemtl Surface_2
f 1612/1612 1610/1610 1609/1609
usemtl Surface_2
f 1611/1611 1610/1610 1612/1612
usemtl Surface_2
f 1616/1616 1614/1614 1613/1613
usemtl Surface_2
f 1615/1615 1614/1614 1616/1616
usemtl Surface_2
f 1620/1620 1618/1618 1617/1617
usemtl Surface_2
f 1619/1619 1618/1618 1620/1620
usemtl Surface_2
f 1624/1624 1622/1622 1621/1621
usemtl Surface_2
f 1623/1623 1622/1622 1624/1624
usemtl Surface_2
f 1628/1628 1626/1626 1625/1625
usemtl Surface_2
f 1627/1627 1626/1626 1628/1628
usemtl Surface_2
f 1632/1632 1630/1630 1629/1629
usemtl Surface_2
f 1631/1631 1630/1630 1632/1632
usemtl Surface_2
f 1636/1636 1634/1634 1633/1633
usemtl Surface_2
f 1635/1635 1634/1634 1636/1636
usemtl Surface_2
f 1640/1640 1638/1638 1637/1637
usemtl Surface_2
f 1639/1639 1638/1638 1640/1640
usemtl Surface_2
f 1644/1644 1642/1642 1641/1641
usemtl Surface_2
f 1643/1643 1642/1642 1644/1644
usemtl Surface_2
f 1648/1648 1646/1646 1645/1645
usemtl Surface_2
f 1647/1647 1646/1646 1648/1648
usemtl Surface_2
f 1652/1652 1650/1650 1649/1649
usemtl Surface_2
f 1651/1651 1650/1650 1652/1652
usemtl Surface_2
f 1656/1656 1654/1654 1653/1653
usemtl Surface_2
f 1655/1655 1654/1654 1656/1656
usemtl Surface_2
f 1660/1660 1658/1658 1657/1657
usemtl Surface_2
f 1659/1659 1658/1658 1660/1660
usemtl Surface_2
f 1664/1664 1662/1662 1661/1661
usemtl Surface_2
f 1663/1663 1662/1662 1664/1664
usemtl Surface_2
f 1668/1668 1666/1666 1665/1665
usemtl Surface_2
f 1667/1667 1666/1666 1668/1668
usemtl Surface_2
f 1672/1672 1670/1670 1669/1669
usemtl Surface_2
f 1671/1671 1670/1670 1672/1672
usemtl Surface_2
f 1676/1676 1674/1674 1673/1673
usemtl Surface_2
f 1675/1675 1674/1674 1676/1676
usemtl Surface_2
f 1680/1680 1678/1678 1677/1677
usemtl Surface_2
f 1679/1679 1678/1678 1680/1680
usemtl Surface_2
f 1684/1684 1682/1682 1681/1681
usemtl Surface_2
f 1683/1683 1682/1682 1684/1684
usemtl Surface_2
f 1688/1688 1686/1686 1685/1685
usemtl Surface_2
f 1687/1687 1686/1686 1688/1688
usemtl Surface_2
f 1692/1692 1690/1690 1689/1689
usemtl Surface_2
f 1691/1691 1690/1690 1692/1692
usemtl Surface_2
f 1696/1696 1694/1694 1693/1693
usemtl Surface_2
f 1695/1695 1694/1694 1696/1696
usemtl Surface_2
f 1700/1700 1698/1698 1697/1697
usemtl Surface_2
f 1699/1699 1698/1698 1700/1700
usemtl Surface_2
f 1704/1704 1702/1702 1701/1701
usemtl Surface_2
f 1703/1703 1702/1702 1704/1704
usemtl Surface_2
f 1708/1708 1706/1706 1705/1705
usemtl Surface_2
f 1707/1707 1706/1706 1708/1708
usemtl Surface_2
f 1712/1712 1710/1710 1709/1709
usemtl Surface_2
f 1711/1711 1710/1710 1712/1712
usemtl Surface_2
f 1716/1716 1714/1714 1713/1713
usemtl Surface_2
f 1715/1715 1714/1714 1716/1716
usemtl Surface_2
f 1720/1720 1718/1718 1717/1717
usemtl Surface_2
f 1719/1719 1718/1718 1720/1720
usemtl Surface_2
f 1724/1724 1722/1722 1721/1721
usemtl Surface_2
f 1723/1723 1722/1722 1724/1724
usemtl Surface_2
f 1728/1728 1726/1726 1725/1725
usemtl Surface_2
f 1727/1727 1726/1726 1728/1728
usemtl Surface_2
f 1732/1732 1730/1730 1729/1729
usemtl Surface_2
f 1731/1731 1730/1730 1732/1732
usemtl Surface_2
f 1736/1736 1734/1734 1733/1733
usemtl Surface_2
f 1735/1735 1734/1734 1736/1736
usemtl Surface_2
f 1740/1740 1738/1738 1737/1737
usemtl Surface_2
f 1739/1739 1738/1738 1740/1740
usemtl Surface_2
f 1744/1744 1742/1742 1741/1741
usemtl Surface_2
f 1743/1743 1742/1742 1744/1744
usemtl Surface_2
f 1748/1748 1746/1746 1745/1745
usemtl Surface_2
f 1747/1747 1746/1746 1748/1748
usemtl Surface_2
f 1752/1752 1750/1750 1749/1749
usemtl Surface_2
f 1751/1751 1750/1750 1752/1752
usemtl Surface_2
f 1756/1756 1754/1754 1753/1753
usemtl Surface_2
f 1755/1755 1754/1754 1756/1756
usemtl Surface_2
f 1760/1760 1758/1758 1757/1757
usemtl Surface_2
f 1759/1759 1758/1758 1760/1760
usemtl Surface_2
f 1764/1764 1762/1762 1761/1761
usemtl Surface_2
f 1763/1763 1762/1762 1764/1764
usemtl Surface_2
f 1768/1768 1766/1766 1765/1765
usemtl Surface_2
f 1767/1767 1766/1766 1768/1768
usemtl Surface_2
f 1772/1772 1770/1770 1769/1769
usemtl Surface_2
f 1771/1771 1770/1770 1772/1772
usemtl Surface_2
f 1776/1776 1774/1774 1773/1773
usemtl Surface_2
f 1775/1775 1774/1774 1776/1776
usemtl Surface_2
f 1780/1780 1778/1778 1777/1777
usemtl Surface_2
f 1779/1779 1778/1778 1780/1780
usemtl Surface_2
f 1781/1781 1783/1783 1782/1782
usemtl Surface_2
f 1784/1784 1786/1786 1785/1785
usemtl Surface_2
f 1787/1787 1789/1789 1788/1788
usemtl Surface_2
f 1790/1790 1792/1792 1791/1791
usemtl Surface_2
f 1793/1793 1795/1795 1794/1794
usemtl Surface_2
f 1796/1796 1798/1798 1797/1797
usemtl Surface_2
f 1799/1799 1801/1801 1800/1800
usemtl Surface_2
f 1802/1802 1804/1804 1803/1803
usemtl Surface_2
f 1805/1805 1807/1807 1806/1806
usemtl Surface_2
f 1808/1808 1810/1810 1809/1809
usemtl Surface_2
f 1811/1811 1813/1813 1812/1812
usemtl Surface_2
f 1814/1814 1816/1816 1815/1815
usemtl Surface_2
f 1817/1817 1819/1819 1818/1818
usemtl Surface_2
f 1820/1820 1822/1822 1821/1821
usemtl Surface_2
f 1823/1823 1825/1825 1824/1824
usemtl Surface_2
f 1826/1826 1828/1828 1827/1827
usemtl Surface_2
f 1829/1829 1831/1831 1830/1830
usemtl Surface_2
f 1832/1832 1834/1834 1833/1833
usemtl Surface_2
f 1835/1835 1837/1837 1836/1836
usemtl Surface_2
f 1838/1838 1840/1840 1839/1839
usemtl Surface_2
f 1844/1844 1842/1842 1841/1841
usemtl Surface_2
f 1843/1843 1842/1842 1844/1844
usemtl Surface_2
f 1848/1848 1846/1846 1845/1845
usemtl Surface_2
f 1847/1847 1846/1846 1848/1848
usemtl Surface_2
f 1852/1852 1850/1850 1849/1849
usemtl Surface_2
f 1851/1851 1850/1850 1852/1852
usemtl Surface_2
f 1856/1856 1854/1854 1853/1853
usemtl Surface_2
f 1855/1855 1854/1854 1856/1856
usemtl Surface_2
f 1860/1860 1858/1858 1857/1857
usemtl Surface_2
f 1859/1859 1858/1858 1860/1860
usemtl Surface_2
f 1864/1864 1862/1862 1861/1861
usemtl Surface_2
f 1863/1863 1862/1862 1864/1864
usemtl Surface_2
f 1868/1868 1866/1866 1865/1865
usemtl Surface_2
f 1867/1867 1866/1866 1868/1868
usemtl Surface_2
f 1872/1872 1870/1870 1869/1869
usemtl Surface_2
f 1871/1871 1870/1870 1872/1872
usemtl Surface_2
f 1876/1876 1874/1874 1873/1873
usemtl Surface_2
f 1875/1875 1874/1874 1876/1876
usemtl Surface_2
f 1880/1880 1878/1878 1877/1877
usemtl Surface_2
f 1879/1879 1878/1878 1880/1880
usemtl Surface_2
f 1884/1884 1882/1882 1881/1881
usemtl Surface_2
f 1883/1883 1882/1882 1884/1884
usemtl Surface_2
f 1888/1888 1886/1886 1885/1885
usemtl Surface_2
f 1887/1887 1886/1886 1888/1888
usemtl Surface_2
f 1892/1892 1890/1890 1889/1889
usemtl Surface_2
f 1891/1891 1890/1890 1892/1892
usemtl Surface_2
f 1896/1896 1894/1894 1893/1893
usemtl Surface_2
f 1895/1895 1894/1894 1896/1896
usemtl Surface_2
f 1900/1900 1898/1898 1897/1897
usemtl Surface_2
f 1899/1899 1898/1898 1900/1900
usemtl Surface_2
f 1904/1904 1902/1902 1901/1901
usemtl Surface_2
f 1903/1903 1902/1902 1904/1904
usemtl Surface_2
f 1908/1908 1906/1906 1905/1905
usemtl Surface_2
f 1907/1907 1906/1906 1908/1908
usemtl Surface_2
f 1912/1912 1910/1910 1909/1909
usemtl Surface_2
f 1911/1911 1910/1910 1912/1912
usemtl Surface_2
f 1916/1916 1914/1914 1913/1913
usemtl Surface_2
f 1915/1915 1914/1914 1916/1916
usemtl Surface_2
f 1920/1920 1918/1918 1917/1917
usemtl Surface_2
f 1919/1919 1918/1918 1920/1920
usemtl Surface_2
f 1940/1940 1922/1922 1921/1921
usemtl Surface_2
f 1939/1939 1922/1922 1940/1940
usemtl Surface_2
f 1938/1938 1922/1922 1939/1939
usemtl Surface_2
f 1937/1937 1922/1922 1938/1938
usemtl Surface_2
f 1936/1936 1922/1922 1937/1937
usemtl Surface_2
f 1935/1935 1922/1922 1936/1936
usemtl Surface_2
f 1934/1934 1922/1922 1935/1935
usemtl Surface_2
f 1933/1933 1922/1922 1934/1934
usemtl Surface_2
f 1932/1932 1922/1922 1933/1933
usemtl Surface_2
f 1931/1931 1922/1922 1932/1932
usemtl Surface_2
f 1930/1930 1922/1922 1931/1931
usemtl Surface_2
f 1929/1929 1922/1922 1930/1930
usemtl Surface_2
f 1928/1928 1922/1922 1929/1929
usemtl Surface_2
f 1927/1927 1922/1922 1928/1928
usemtl Surface_2
f 1926/1926 1922/1922 1927/1927
usemtl Surface_2
f 1925/1925 1922/1922 1926/1926
usemtl Surface_2
f 1924/1924 1922/1922 1925/1925
usemtl Surface_2
f 1923/1923 1922/1922 1924/1924
usemtl Surface_2
f 1960/1960 1942/1942 1941/1941
usemtl Surface_2
f 1959/1959 1942/1942 1960/1960
usemtl Surface_2
f 1958/1958 1942/1942 1959/1959
usemtl Surface_2
f 1957/1957 1942/1942 1958/1958
usemtl Surface_2
f 1956/1956 1942/1942 1957/1957
usemtl Surface_2
f 1955/1955 1942/1942 1956/1956
usemtl Surface_2
f 1954/1954 1942/1942 1955/1955
usemtl Surface_2
f 1953/1953 1942/1942 1954/1954
usemtl Surface_2
f 1952/1952 1942/1942 1953/1953
usemtl Surface_2
f 1951/1951 1942/1942 1952/1952
usemtl Surface_2
f 1950/1950 1942/1942 1951/1951
usemtl Surface_2
f 1949/1949 1942/1942 1950/1950
usemtl Surface_2
f 1948/1948 1942/1942 1949/1949
usemtl Surface_2
f 1947/1947 1942/1942 1948/1948
usemtl Surface_2
f 1946/1946 1942/1942 1947/1947
usemtl Surface_2
f 1945/1945 1942/1942 1946/1946
usemtl Surface_2
f 1944/1944 1942/1942 1945/1945
usemtl Surface_2
f 1943/1943 1942/1942 1944/1944
usemtl Surface_4
f 1964/1964 1962/1962 1961/1961
usemtl Surface_4
f 1963/1963 1962/1962 1964/1964
usemtl Surface_4
f 1968/1968 1966/1966 1965/1965
usemtl Surface_4
f 1967/1967 1966/1966 1968/1968
usemtl Surface_4
f 1972/1972 1970/1970 1969/1969
usemtl Surface_4
f 1971/1971 1970/1970 1972/1972
usemtl Surface_4
f 1976/1976 1974/1974 1973/1973
usemtl Surface_4
f 1975/1975 1974/1974 1976/1976
usemtl Surface_4
f 1980/1980 1978/1978 1977/1977
usemtl Surface_4
f 1979/1979 1978/1978 1980/1980
usemtl Surface_4
f 1984/1984 1982/1982 1981/1981
usemtl Surface_4
f 1983/1983 1982/1982 1984/1984
usemtl Surface_4
f 1988/1988 1986/1986 1985/1985
usemtl Surface_4
f 1987/1987 1986/1986 1988/1988
usemtl Surface_4
f 1992/1992 1990/1990 1989/1989
usemtl Surface_4
f 1991/1991 1990/1990 1992/1992
usemtl Surface_4
f 1996/1996 1994/1994 1993/1993
usemtl Surface_4
f 1995/1995 1994/1994 1996/1996
usemtl Surface_4
f 2000/2000 1998/1998 1997/1997
usemtl Surface_4
f 1999/1999 1998/1998 2000/2000
usemtl Surface_4
f 2004/2004 2002/2002 2001/2001
usemtl Surface_4
f 2003/2003 2002/2002 2004/2004
usemtl Surface_4
f 2008/2008 2006/2006 2005/2005
usemtl Surface_4
f 2007/2007 2006/2006 2008/2008
usemtl Surface_4
f 2012/2012 2010/2010 2009/2009
usemtl Surface_4
f 2011/2011 2010/2010 2012/2012
usemtl Surface_4
f 2016/2016 2014/2014 2013/2013
usemtl Surface_4
f 2015/2015 2014/2014 2016/2016
usemtl Surface_4
f 2020/2020 2018/2018 2017/2017
usemtl Surface_4
f 2019/2019 2018/2018 2020/2020
usemtl Surface_4
f 2024/2024 2022/2022 2021/2021
usemtl Surface_4
f 2023/2023 2022/2022 2024/2024
usemtl Surface_4
f 2028/2028 2026/2026 2025/2025
usemtl Surface_4
f 2027/2027 2026/2026 2028/2028
usemtl Surface_4
f 2032/2032 2030/2030 2029/2029
usemtl Surface_4
f 2031/2031 2030/2030 2032/2032
usemtl Surface_4
f 2036/2036 2034/2034 2033/2033
usemtl Surface_4
f 2035/2035 2034/2034 2036/2036
usemtl Surface_4
f 2040/2040 2038/2038 2037/2037
usemtl Surface_4
f 2039/2039 2038/2038 2040/2040
usemtl Surface_4
f 2044/2044 2042/2042 2041/2041
usemtl Surface_4
f 2043/2043 2042/2042 2044/2044
usemtl Surface_4
f 2048/2048 2046/2046 2045/2045
usemtl Surface_4
f 2047/2047 2046/2046 2048/2048
usemtl Surface_4
f 2052/2052 2050/2050 2049/2049
usemtl Surface_4
f 2051/2051 2050/2050 2052/2052
usemtl Surface_4
f 2056/2056 2054/2054 2053/2053
usemtl Surface_4
f 2055/2055 2054/2054 2056/2056
usemtl Surface_4
f 2080/2080 2058/2058 2057/2057
usemtl Surface_4
f 2079/2079 2058/2058 2080/2080
usemtl Surface_4
f 2078/2078 2058/2058 2079/2079
usemtl Surface_4
f 2077/2077 2058/2058 2078/2078
usemtl Surface_4
f 2076/2076 2058/2058 2077/2077
usemtl Surface_4
f 2075/2075 2058/2058 2076/2076
usemtl Surface_4
f 2074/2074 2058/2058 2075/2075
usemtl Surface_4
f 2073/2073 2058/2058 2074/2074
usemtl Surface_4
f 2072/2072 2058/2058 2073/2073
usemtl Surface_4
f 2071/2071 2058/2058 2072/2072
usemtl Surface_4
f 2070/2070 2058/2058 2071/2071
usemtl Surface_4
f 2069/2069 2058/2058 2070/2070
usemtl Surface_4
f 2068/2068 2058/2058 2069/2069
usemtl Surface_4
f 2067/2067 2058/2058 2068/2068
usemtl Surface_4
f 2066/2066 2058/2058 2067/2067
usemtl Surface_4
f 2065/2065 2058/2058 2066/2066
usemtl Surface_4
f 2064/2064 2058/2058 2065/2065
usemtl Surface_4
f 2063/2063 2058/2058 2064/2064
usemtl Surface_4
f 2062/2062 2058/2058 2063/2063
usemtl Surface_4
f 2061/2061 2058/2058 2062/2062
usemtl Surface_4
f 2060/2060 2058/2058 2061/2061
usemtl Surface_4
f 2059/2059 2058/2058 2060/2060
usemtl Surface_4
f 2104/2104 2082/2082 2081/2081
usemtl Surface_4
f 2103/2103 2082/2082 2104/2104
usemtl Surface_4
f 2102/2102 2082/2082 2103/2103
usemtl Surface_4
f 2101/2101 2082/2082 2102/2102
usemtl Surface_4
f 2100/2100 2082/2082 2101/2101
usemtl Surface_4
f 2099/2099 2082/2082 2100/2100
usemtl Surface_4
f 2098/2098 2082/2082 2099/2099
usemtl Surface_4
f 2097/2097 2082/2082 2098/2098
usemtl Surface_4
f 2096/2096 2082/2082 2097/2097
usemtl Surface_4
f 2095/2095 2082/2082 2096/2096
usemtl Surface_4
f 2094/2094 2082/2082 2095/2095
usemtl Surface_4
f 2093/2093 2082/2082 2094/2094
usemtl Surface_4
f 2092/2092 2082/2082 2093/2093
usemtl Surface_4
f 2091/2091 2082/2082 2092/2092
usemtl Surface_4
f 2090/2090 2082/2082 2091/2091
usemtl Surface_4
f 2089/2089 2082/2082 2090/2090
usemtl Surface_4
f 2088/2088 2082/2082 2089/2089
usemtl Surface_4
f 2087/2087 2082/2082 2088/2088
usemtl Surface_4
f 2086/2086 2082/2082 2087/2087
usemtl Surface_4
f 2085/2085 2082/2082 2086/2086
usemtl Surface_4
f 2084/2084 2082/2082 2085/2085
usemtl Surface_4
f 2083/2083 2082/2082 2084/2084
usemtl Surface_4
f 2108/2108 2106/2106 2105/2105
usemtl Surface_4
f 2107/2107 2106/2106 2108/2108
usemtl Surface_4
f 2112/2112 2110/2110 2109/2109
usemtl Surface_4
f 2111/2111 2110/2110 2112/2112
usemtl Surface_4
f 2116/2116 2114/2114 2113/2113
usemtl Surface_4
f 2115/2115 2114/2114 2116/2116
usemtl Surface_4
f 2120/2120 2118/2118 2117/2117
usemtl Surface_4
f 2119/2119 2118/2118 2120/2120
usemtl Surface_4
f 2124/2124 2122/2122 2121/2121
usemtl Surface_4
f 2123/2123 2122/2122 2124/2124
usemtl Surface_4
f 2128/2128 2126/2126 2125/2125
usemtl Surface_4
f 2127/2127 2126/2126 2128/2128
usemtl Surface_4
f 2132/2132 2130/2130 2129/2129
usemtl Surface_4
f 2131/2131 2130/2130 2132/2132
usemtl Surface_4
f 2136/2136 2134/2134 2133/2133
usemtl Surface_4
f 2135/2135 2134/2134 2136/2136
usemtl Surface_4
f 2140/2140 2138/2138 2137/2137
usemtl Surface_4
f 2139/2139 2138/2138 2140/2140
usemtl Surface_4
f 2144/2144 2142/2142 2141/2141
usemtl Surface_4
f 2143/2143 2142/2142 2144/2144
usemtl Surface_4
f 2148/2148 2146/2146 2145/2145
usemtl Surface_4
f 2147/2147 2146/2146 2148/2148
usemtl Surface_4
f 2152/2152 2150/2150 2149/2149
usemtl Surface_4
f 2151/2151 2150/2150 2152/2152
usemtl Surface_4
f 2156/2156 2154/2154 2153/2153
usemtl Surface_4
f 2155/2155 2154/2154 2156/2156
usemtl Surface_4
f 2160/2160 2158/2158 2157/2157
usemtl Surface_4
f 2159/2159 2158/2158 2160/2160
usemtl Surface_4
f 2164/2164 2162/2162 2161/2161
usemtl Surface_4
f 2163/2163 2162/2162 2164/2164
usemtl Surface_4
f 2168/2168 2166/2166 2165/2165
usemtl Surface_4
f 2167/2167 2166/2166 2168/2168
usemtl Surface_4
f 2172/2172 2170/2170 2169/2169
usemtl Surface_4
f 2171/2171 2170/2170 2172/2172
usemtl Surface_4
f 2176/2176 2174/2174 2173/2173
usemtl Surface_4
f 2175/2175 2174/2174 2176/2176
usemtl Surface_4
f 2180/2180 2178/2178 2177/2177
usemtl Surface_4
f 2179/2179 2178/2178 2180/2180
usemtl Surface_4
f 2184/2184 2182/2182 2181/2181
usemtl Surface_4
f 2183/2183 2182/2182 2184/2184
usemtl Surface_4
f 2188/2188 2186/2186 2185/2185
usemtl Surface_4
f 2187/2187 2186/2186 2188/2188
usemtl Surface_4
f 2192/2192 2190/2190 2189/2189
usemtl Surface_4
f 2191/2191 2190/2190 2192/2192
usemtl Surface_4
f 2196/2196 2194/2194 2193/2193
usemtl Surface_4
f 2195/2195 2194/2194 2196/2196
usemtl Surface_4
f 2200/2200 2198/2198 2197/2197
usemtl Surface_4
f 2199/2199 2198/2198 2200/2200
usemtl Surface_4
f 2224/2224 2202/2202 2201/2201
usemtl Surface_4
f 2223/2223 2202/2202 2224/2224
usemtl Surface_4
f 2222/2222 2202/2202 2223/2223
usemtl Surface_4
f 2221/2221 2202/2202 2222/2222
usemtl Surface_4
f 2220/2220 2202/2202 2221/2221
usemtl Surface_4
f 2219/2219 2202/2202 2220/2220
usemtl Surface_4
f 2218/2218 2202/2202 2219/2219
usemtl Surface_4
f 2217/2217 2202/2202 2218/2218
usemtl Surface_4
f 2216/2216 2202/2202 2217/2217
usemtl Surface_4
f 2215/2215 2202/2202 2216/2216
usemtl Surface_4
f 2214/2214 2202/2202 2215/2215
usemtl Surface_4
f 2213/2213 2202/2202 2214/2214
usemtl Surface_4
f 2212/2212 2202/2202 2213/2213
usemtl Surface_4
f 2211/2211 2202/2202 2212/2212
usemtl Surface_4
f 2210/2210 2202/2202 2211/2211
usemtl Surface_4
f 2209/2209 2202/2202 2210/2210
usemtl Surface_4
f 2208/2208 2202/2202 2209/2209
usemtl Surface_4
f 2207/2207 2202/2202 2208/2208
usemtl Surface_4
f 2206/2206 2202/2202 2207/2207
usemtl Surface_4
f 2205/2205 2202/2202 2206/2206
usemtl Surface_4
f 2204/2204 2202/2202 2205/2205
usemtl Surface_4
f 2203/2203 2202/2202 2204/2204
usemtl Surface_4
f 2248/2248 2226/2226 2225/2225
usemtl Surface_4
f 2247/2247 2226/2226 2248/2248
usemtl Surface_4
f 2246/2246 2226/2226 2247/2247
usemtl Surface_4
f 2245/2245 2226/2226 2246/2246
usemtl Surface_4
f 2244/2244 2226/2226 2245/2245
usemtl Surface_4
f 2243/2243 2226/2226 2244/2244
usemtl Surface_4
f 2242/2242 2226/2226 2243/2243
usemtl Surface_4
f 2241/2241 2226/2226 2242/2242
usemtl Surface_4
f 2240/2240 2226/2226 2241/2241
usemtl Surface_4
f 2239/2239 2226/2226 2240/2240
usemtl Surface_4
f 2238/2238 2226/2226 2239/2239
usemtl Surface_4
f 2237/2237 2226/2226 2238/2238
usemtl Surface_4
f 2236/2236 2226/2226 2237/2237
usemtl Surface_4
f 2235/2235 2226/2226 2236/2236
usemtl Surface_4
f 2234/2234 2226/2226 2235/2235
usemtl Surface_4
f 2233/2233 2226/2226 2234/2234
usemtl Surface_4
f 2232/2232 2226/2226 2233/2233
usemtl Surface_4
f 2231/2231 2226/2226 2232/2232
usemtl Surface_4
f 2230/2230 2226/2226 2231/2231
usemtl Surface_4
f 2229/2229 2226/2226 2230/2230
usemtl Surface_4
f 2228/2228 2226/2226 2229/2229
usemtl Surface_4
f 2227/2227 2226/2226 2228/2228
usemtl Surface_0
f 2256/2256 2250/2250 2249/2249
usemtl Surface_0
f 2255/2255 2250/2250 2256/2256
usemtl Surface_0
f 2254/2254 2250/2250 2255/2255
usemtl Surface_0
f 2253/2253 2250/2250 2254/2254
usemtl Surface_0
f 2252/2252 2250/2250 2253/2253
usemtl Surface_0
f 2251/2251 2250/2250 2252/2252
usemtl Surface_0
f 2264/2264 2258/2258 2257/2257
usemtl Surface_0
f 2263/2263 2258/2258 2264/2264
usemtl Surface_0
f 2262/2262 2258/2258 2263/2263
usemtl Surface_0
f 2261/2261 2258/2258 2262/2262
usemtl Surface_0
f 2260/2260 2258/2258 2261/2261
usemtl Surface_0
f 2259/2259 2258/2258 2260/2260
usemtl Surface_0
f 2268/2268 2266/2266 2265/2265
usemtl Surface_0
f 2267/2267 2266/2266 2268/2268
usemtl Surface_1
f 2272/2272 2270/2270 2269/2269
usemtl Surface_1
f 2271/2271 2270/2270 2272/2272
usemtl Surface_0
f 2276/2276 2274/2274 2273/2273
usemtl Surface_0
f 2275/2275 2274/2274 2276/2276
usemtl Surface_1
f 2280/2280 2278/2278 2277/2277
usemtl Surface_1
f 2279/2279 2278/2278 2280/2280
usemtl Surface_0
f 2284/2284 2282/2282 2281/2281
usemtl Surface_0
f 2283/2283 2282/2282 2284/2284
usemtl Surface_1
f 2288/2288 2286/2286 2285/2285
usemtl Surface_1
f 2287/2287 2286/2286 2288/2288
usemtl Surface_0
f 2292/2292 2290/2290 2289/2289
usemtl Surface_0
f 2291/2291 2290/2290 2292/2292
usemtl Surface_1
f 2296/2296 2294/2294 2293/2293
usemtl Surface_1
f 2295/2295 2294/2294 2296/2296
usemtl Surface_0
f 2300/2300 2298/2298 2297/2297
usemtl Surface_0
f 2299/2299 2298/2298 2300/2300
usemtl Surface_1
f 2304/2304 2302/2302 2301/2301
usemtl Surface_1
f 2303/2303 2302/2302 2304/2304
usemtl Surface_0
f 2308/2308 2306/2306 2305/2305
usemtl Surface_0
f 2307/2307 2306/2306 2308/2308
usemtl Surface_1
f 2312/2312 2310/2310 2309/2309
usemtl Surface_1
f 2311/2311 2310/2310 2312/2312
usemtl Surface_0
f 2316/2316 2314/2314 2313/2313
usemtl Surface_0
f 2315/2315 2314/2314 2316/2316
usemtl Surface_1
f 2320/2320 2318/2318 2317/2317
usemtl Surface_1
f 2319/2319 2318/2318 2320/2320
usemtl Surface_0
f 2324/2324 2322/2322 2321/2321
usemtl Surface_0
f 2323/2323 2322/2322 2324/2324
usemtl Surface_1
f 2328/2328 2326/2326 2325/2325
usemtl Surface_1
f 2327/2327 2326/2326 2328/2328
usemtl Surface_0
f 2336/2336 2330/2330 2329/2329
usemtl Surface_0
f 2335/2335 2330/2330 2336/2336
usemtl Surface_0
f 2334/2334 2330/2330 2335/2335
usemtl Surface_0
f 2333/2333 2330/2330 2334/2334
usemtl Surface_0
f 2332/2332 2330/2330 2333/2333
usemtl Surface_0
f 2331/2331 2330/2330 2332/2332
usemtl Surface_0
f 2344/2344 2338/2338 2337/2337
usemtl Surface_0
f 2343/2343 2338/2338 2344/2344
usemtl Surface_0
f 2342/2342 2338/2338 2343/2343
usemtl Surface_0
f 2341/2341 2338/2338 2342/2342
usemtl Surface_0
f 2340/2340 2338/2338 2341/2341
usemtl Surface_0
f 2339/2339 2338/2338 2340/2340
usemtl Surface_0
f 2348/2348 2346/2346 2345/2345
usemtl Surface_0
f 2347/2347 2346/2346 2348/2348
usemtl Surface_4
f 2352/2352 2350/2350 2349/2349
usemtl Surface_4
f 2351/2351 2350/2350 2352/2352
usemtl Surface_0
f 2356/2356 2354/2354 2353/2353
usemtl Surface_0
f 2355/2355 2354/2354 2356/2356
usemtl Surface_4
f 2360/2360 2358/2358 2357/2357
usemtl Surface_4
f 2359/2359 2358/2358 2360/2360
usemtl Surface_0
f 2364/2364 2362/2362 2361/2361
usemtl Surface_0
f 2363/2363 2362/2362 2364/2364
usemtl Surface_4
f 2368/2368 2366/2366 2365/2365
usemtl Surface_4
f 2367/2367 2366/2366 2368/2368
usemtl Surface_0
f 2372/2372 2370/2370 2369/2369
usemtl Surface_0
f 2371/2371 2370/2370 2372/2372
usemtl Surface_4
f 2376/2376 2374/2374 2373/2373
usemtl Surface_4
f 2375/2375 2374/2374 2376/2376
usemtl Surface_0
f 2380/2380 2378/2378 2377/2377
usemtl Surface_0
f 2379/2379 2378/2378 2380/2380
usemtl Surface_4
f 2384/2384 2382/2382 2381/2381
usemtl Surface_4
f 2383/2383 2382/2382 2384/2384
usemtl Surface_0
f 2388/2388 2386/2386 2385/2385
usemtl Surface_0
f 2387/2387 2386/2386 2388/2388
usemtl Surface_4
f 2392/2392 2390/2390 2389/2389
usemtl Surface_4
f 2391/2391 2390/2390 2392/2392
usemtl Surface_0
f 2396/2396 2394/2394 2393/2393
usemtl Surface_0
f 2395/2395 2394/2394 2396/2396
usemtl Surface_4
f 2400/2400 2398/2398 2397/2397
usemtl Surface_4
f 2399/2399 2398/2398 2400/2400
usemtl Surface_0
f 2404/2404 2402/2402 2401/2401
usemtl Surface_0
f 2403/2403 2402/2402 2404/2404
usemtl Surface_4
f 2408/2408 2406/2406 2405/2405
usemtl Surface_4
f 2407/2407 2406/2406 2408/2408
usemtl Surface_1
f 2412/2412 2410/2410 2409/2409
usemtl Surface_1
f 2411/2411 2410/2410 2412/2412
usemtl Surface_1
f 2416/2416 2414/2414 2413/2413
usemtl Surface_1
f 2415/2415 2414/2414 2416/2416
usemtl Surface_1
f 2420/2420 2418/2418 2417/2417
usemtl Surface_1
f 2419/2419 2418/2418 2420/2420
usemtl Surface_1
f 2424/2424 2422/2422 2421/2421
usemtl Surface_1
f 2423/2423 2422/2422 2424/2424
usemtl Surface_1
f 2428/2428 2426/2426 2425/2425
usemtl Surface_1
f 2427/2427 2426/2426 2428/2428
usemtl Surface_1
f 2432/2432 2430/2430 2429/2429
usemtl Surface_1
f 2431/2431 2430/2430 2432/2432
usemtl Surface_1
f 2436/2436 2434/2434 2433/2433
usemtl Surface_1
f 2435/2435 2434/2434 2436/2436
usemtl Surface_1
f 2440/2440 2438/2438 2437/2437
usemtl Surface_1
f 2439/2439 2438/2438 2440/2440
usemtl Surface_1
f 2444/2444 2442/2442 2441/2441
usemtl Surface_1
f 2443/2443 2442/2442 2444/2444
usemtl Surface_1
f 2448/2448 2446/2446 2445/2445
usemtl Surface_1
f 2447/2447 2446/2446 2448/2448
usemtl Surface_1
f 2452/2452 2450/2450 2449/2449
usemtl Surface_1
f 2451/2451 2450/2450 2452/2452
usemtl Surface_1
f 2456/2456 2454/2454 2453/2453
usemtl Surface_1
f 2455/2455 2454/2454 2456/2456
usemtl Surface_1
f 2460/2460 2458/2458 2457/2457
usemtl Surface_1
f 2459/2459 2458/2458 2460/2460
usemtl Surface_1
f 2464/2464 2462/2462 2461/2461
usemtl Surface_1
f 2463/2463 2462/2462 2464/2464
usemtl Surface_1
f 2468/2468 2466/2466 2465/2465
usemtl Surface_1
f 2467/2467 2466/2466 2468/2468
usemtl Surface_1
f 2472/2472 2470/2470 2469/2469
usemtl Surface_1
f 2471/2471 2470/2470 2472/2472
usemtl Surface_1
f 2476/2476 2474/2474 2473/2473
usemtl Surface_1
f 2475/2475 2474/2474 2476/2476
usemtl Surface_1
f 2480/2480 2478/2478 2477/2477
usemtl Surface_1
f 2479/2479 2478/2478 2480/2480
usemtl Surface_1
f 2484/2484 2482/2482 2481/2481
usemtl Surface_1
f 2483/2483 2482/2482 2484/2484
usemtl Surface_1
f 2488/2488 2486/2486 2485/2485
usemtl Surface_1
f 2487/2487 2486/2486 2488/2488
usemtl Surface_1
f 2508/2508 2490/2490 2489/2489
usemtl Surface_1
f 2507/2507 2490/2490 2508/2508
usemtl Surface_1
f 2506/2506 2490/2490 2507/2507
usemtl Surface_1
f 2505/2505 2490/2490 2506/2506
usemtl Surface_1
f 2504/2504 2490/2490 2505/2505
usemtl Surface_1
f 2503/2503 2490/2490 2504/2504
usemtl Surface_1
f 2502/2502 2490/2490 2503/2503
usemtl Surface_1
f 2501/2501 2490/2490 2502/2502
usemtl Surface_1
f 2500/2500 2490/2490 2501/2501
usemtl Surface_1
f 2499/2499 2490/2490 2500/2500
usemtl Surface_1
f 2498/2498 2490/2490 2499/2499
usemtl Surface_1
f 2497/2497 2490/2490 2498/2498
usemtl Surface_1
f 2496/2496 2490/2490 2497/2497
usemtl Surface_1
f 2495/2495 2490/2490 2496/2496
usemtl Surface_1
f 2494/2494 2490/2490 2495/2495
usemtl Surface_1
f 2493/2493 2490/2490 2494/2494
usemtl Surface_1
f 2492/2492 2490/2490 2493/2493
usemtl Surface_1
f 2491/2491 2490/2490 2492/2492
usemtl Surface_1
f 2528/2528 2510/2510 2509/2509
usemtl Surface_1
f 2527/2527 2510/2510 2528/2528
usemtl Surface_1
f 2526/2526 2510/2510 2527/2527
usemtl Surface_1
f 2525/2525 2510/2510 2526/2526
usemtl Surface_1
f 2524/2524 2510/2510 2525/2525
usemtl Surface_1
f 2523/2523 2510/2510 2524/2524
usemtl Surface_1
f 2522/2522 2510/2510 2523/2523
usemtl Surface_1
f 2521/2521 2510/2510 2522/2522
usemtl Surface_1
f 2520/2520 2510/2510 2521/2521
usemtl Surface_1
f 2519/2519 2510/2510 2520/2520
usemtl Surface_1
f 2518/2518 2510/2510 2519/2519
usemtl Surface_1
f 2517/2517 2510/2510 2518/2518
usemtl Surface_1
f 2516/2516 2510/2510 2517/2517
usemtl Surface_1
f 2515/2515 2510/2510 2516/2516
usemtl Surface_1
f 2514/2514 2510/2510 2515/2515
usemtl Surface_1
f 2513/2513 2510/2510 2514/2514
usemtl Surface_1
f 2512/2512 2510/2510 2513/2513
usemtl Surface_1
f 2511/2511 2510/2510 2512/2512
usemtl Surface_4
f 2532/2532 2530/2530 2529/2529
usemtl Surface_4
f 2531/2531 2530/2530 2532/2532
usemtl Surface_4
f 2536/2536 2534/2534 2533/2533
usemtl Surface_4
f 2535/2535 2534/2534 2536/2536
usemtl Surface_4
f 2540/2540 2538/2538 2537/2537
usemtl Surface_4
f 2539/2539 2538/2538 2540/2540
usemtl Surface_4
f 2544/2544 2542/2542 2541/2541
usemtl Surface_4
f 2543/2543 2542/2542 2544/2544
usemtl Surface_4
f 2548/2548 2546/2546 2545/2545
usemtl Surface_4
f 2547/2547 2546/2546 2548/2548
usemtl Surface_4
f 2552/2552 2550/2550 2549/2549
usemtl Surface_4
f 2551/2551 2550/2550 2552/2552
usemtl Surface_4
f 2556/2556 2554/2554 2553/2553
usemtl Surface_4
f 2555/2555 2554/2554 2556/2556
usemtl Surface_4
f 2560/2560 2558/2558 2557/2557
usemtl Surface_4
f 2559/2559 2558/2558 2560/2560
usemtl Surface_4
f 2564/2564 2562/2562 2561/2561
usemtl Surface_4
f 2563/2563 2562/2562 2564/2564
usemtl Surface_4
f 2568/2568 2566/2566 2565/2565
usemtl Surface_4
f 2567/2567 2566/2566 2568/2568
usemtl Surface_4
f 2578/2578 2570/2570 2569/2569
usemtl Surface_4
f 2577/2577 2570/2570 2578/2578
usemtl Surface_4
f 2576/2576 2570/2570 2577/2577
usemtl Surface_4
f 2575/2575 2570/2570 2576/2576
usemtl Surface_4
f 2574/2574 2570/2570 2575/2575
usemtl Surface_4
f 2573/2573 2570/2570 2574/2574
usemtl Surface_4
f 2572/2572 2570/2570 2573/2573
usemtl Surface_4
f 2571/2571 2570/2570 2572/2572
usemtl Surface_4
f 2588/2588 2580/2580 2579/2579
usemtl Surface_4
f 2587/2587 2580/2580 2588/2588
usemtl Surface_4
f 2586/2586 2580/2580 2587/2587
usemtl Surface_4
f 2585/2585 2580/2580 2586/2586
usemtl Surface_4
f 2584/2584 2580/2580 2585/2585
usemtl Surface_4
f 2583/2583 2580/2580 2584/2584
usemtl Surface_4
f 2582/2582 2580/2580 2583/2583
usemtl Surface_4
f 2581/2581 2580/2580 2582/2582
usemtl Surface_2
f 2592/2592 2590/2590 2589/2589
usemtl Surface_2
f 2591/2591 2590/2590 2592/2592
usemtl Surface_2
f 2596/2596 2594/2594 2593/2593
usemtl Surface_2
f 2595/2595 2594/2594 2596/2596
usemtl Surface_2
f 2600/2600 2598/2598 2597/2597
usemtl Surface_2
f 2599/2599 2598/2598 2600/2600
usemtl Surface_2
f 2604/2604 2602/2602 2601/2601
usemtl Surface_2
f 2603/2603 2602/2602 2604/2604
usemtl Surface_2
f 2608/2608 2606/2606 2605/2605
usemtl Surface_2
f 2607/2607 2606/2606 2608/2608
usemtl Surface_2
f 2612/2612 2610/2610 2609/2609
usemtl Surface_2
f 2611/2611 2610/2610 2612/2612
usemtl Surface_1
f 2616/2616 2614/2614 2613/2613
usemtl Surface_1
f 2615/2615 2614/2614 2616/2616
usemtl Surface_1
f 2620/2620 2618/2618 2617/2617
usemtl Surface_1
f 2619/2619 2618/2618 2620/2620
usemtl Surface_1
f 2624/2624 2622/2622 2621/2621
usemtl Surface_1
f 2623/2623 2622/2622 2624/2624
usemtl Surface_1
f 2628/2628 2626/2626 2625/2625
usemtl Surface_1
f 2627/2627 2626/2626 2628/2628
usemtl Surface_1
f 2632/2632 2630/2630 2629/2629
usemtl Surface_1
f 2631/2631 2630/2630 2632/2632
usemtl Surface_1
f 2636/2636 2634/2634 2633/2633
usemtl Surface_1
f 2635/2635 2634/2634 2636/2636
usemtl Surface_1
f 2640/2640 2638/2638 2637/2637
usemtl Surface_1
f 2639/2639 2638/2638 2640/2640
usemtl Surface_1
f 2644/2644 2642/2642 2641/2641
usemtl Surface_1
f 2643/2643 2642/2642 2644/2644
usemtl Surface_1
f 2648/2648 2646/2646 2645/2645
usemtl Surface_1
f 2647/2647 2646/2646 2648/2648
usemtl Surface_1
f 2652/2652 2650/2650 2649/2649
usemtl Surface_1
f 2651/2651 2650/2650 2652/2652
usemtl Surface_1
f 2656/2656 2654/2654 2653/2653
usemtl Surface_1
f 2655/2655 2654/2654 2656/2656
usemtl Surface_1
f 2660/2660 2658/2658 2657/2657
usemtl Surface_1
f 2659/2659 2658/2658 2660/2660
usemtl Surface_1
f 2664/2664 2662/2662 2661/2661
usemtl Surface_1
f 2663/2663 2662/2662 2664/2664
usemtl Surface_1
f 2668/2668 2666/2666 2665/2665
usemtl Surface_1
f 2667/2667 2666/2666 2668/2668
usemtl Surface_1
f 2672/2672 2670/2670 2669/2669
usemtl Surface_1
f 2671/2671 2670/2670 2672/2672
usemtl Surface_1
f 2676/2676 2674/2674 2673/2673
usemtl Surface_1
f 2675/2675 2674/2674 2676/2676
usemtl Surface_1
f 2680/2680 2678/2678 2677/2677
usemtl Surface_1
f 2679/2679 2678/2678 2680/2680
usemtl Surface_1
f 2684/2684 2682/2682 2681/2681
usemtl Surface_1
f 2683/2683 2682/2682 2684/2684
usemtl Surface_1
f 2688/2688 2686/2686 2685/2685
usemtl Surface_1
f 2687/2687 2686/2686 2688/2688
usemtl Surface_1
f 2692/2692 2690/2690 2689/2689
usemtl Surface_1
f 2691/2691 2690/2690 2692/2692
usemtl Surface_1
f 2712/2712 2694/2694 2693/2693
usemtl Surface_1
f 2711/2711 2694/2694 2712/2712
usemtl Surface_1
f 2710/2710 2694/2694 2711/2711
usemtl Surface_1
f 2709/2709 2694/2694 2710/2710
usemtl Surface_1
f 2708/2708 2694/2694 2709/2709
usemtl Surface_1
f 2707/2707 2694/2694 2708/2708
usemtl Surface_1
f 2706/2706 2694/2694 2707/2707
usemtl Surface_1
f 2705/2705 2694/2694 2706/2706
usemtl Surface_1
f 2704/2704 2694/2694 2705/2705
usemtl Surface_1
f 2703/2703 2694/2694 2704/2704
usemtl Surface_1
f 2702/2702 2694/2694 2703/2703
usemtl Surface_1
f 2701/2701 2694/2694 2702/2702
usemtl Surface_1
f 2700/2700 2694/2694 2701/2701
usemtl Surface_1
f 2699/2699 2694/2694 2700/2700
usemtl Surface_1
f 2698/2698 2694/2694 2699/2699
usemtl Surface_1
f 2697/2697 2694/2694 2698/2698
usemtl Surface_1
f 2696/2696 2694/2694 2697/2697
usemtl Surface_1
f 2695/2695 2694/2694 2696/2696
usemtl Surface_1
f 2732/2732 2714/2714 2713/2713
usemtl Surface_1
f 2731/2731 2714/2714 2732/2732
usemtl Surface_1
f 2730/2730 2714/2714 2731/2731
usemtl Surface_1
f 2729/2729 2714/2714 2730/2730
usemtl Surface_1
f 2728/2728 2714/2714 2729/2729
usemtl Surface_1
f 2727/2727 2714/2714 2728/2728
usemtl Surface_1
f 2726/2726 2714/2714 2727/2727
usemtl Surface_1
f 2725/2725 2714/2714 2726/2726
usemtl Surface_1
f 2724/2724 2714/2714 2725/2725
usemtl Surface_1
f 2723/2723 2714/2714 2724/2724
usemtl Surface_1
f 2722/2722 2714/2714 2723/2723
usemtl Surface_1
f 2721/2721 2714/2714 2722/2722
usemtl Surface_1
f 2720/2720 2714/2714 2721/2721
usemtl Surface_1
f 2719/2719 2714/2714 2720/2720
usemtl Surface_1
f 2718/2718 2714/2714 2719/2719
usemtl Surface_1
f 2717/2717 2714/2714 2718/2718
usemtl Surface_1
f 2716/2716 2714/2714 2717/2717
usemtl Surface_1
f 2715/2715 2714/2714 2716/2716
usemtl Surface_4
f 2736/2736 2734/2734 2733/2733
usemtl Surface_4
f 2735/2735 2734/2734 2736/2736
usemtl Surface_4
f 2740/2740 2738/2738 2737/2737
usemtl Surface_4
f 2739/2739 2738/2738 2740/2740
usemtl Surface_4
f 2744/2744 2742/2742 2741/2741
usemtl Surface_4
f 2743/2743 2742/2742 2744/2744
usemtl Surface_4
f 2748/2748 2746/2746 2745/2745
usemtl Surface_4
f 2747/2747 2746/2746 2748/2748
usemtl Surface_4
f 2752/2752 2750/2750 2749/2749
usemtl Surface_4
f 2751/2751 2750/2750 2752/2752
usemtl Surface_4
f 2756/2756 2754/2754 2753/2753
usemtl Surface_4
f 2755/2755 2754/2754 2756/2756
usemtl Surface_4
f 2760/2760 2758/2758 2757/2757
usemtl Surface_4
f 2759/2759 2758/2758 2760/2760
usemtl Surface_4
f 2764/2764 2762/2762 2761/2761
usemtl Surface_4
f 2763/2763 2762/2762 2764/2764
usemtl Surface_4
f 2768/2768 2766/2766 2765/2765
usemtl Surface_4
f 2767/2767 2766/2766 2768/2768
usemtl Surface_4
f 2772/2772 2770/2770 2769/2769
usemtl Surface_4
f 2771/2771 2770/2770 2772/2772
usemtl Surface_4
f 2782/2782 2774/2774 2773/2773
usemtl Surface_4
f 2781/2781 2774/2774 2782/2782
usemtl Surface_4
f 2780/2780 2774/2774 2781/2781
usemtl Surface_4
f 2779/2779 2774/2774 2780/2780
usemtl Surface_4
f 2778/2778 2774/2774 2779/2779
usemtl Surface_4
f 2777/2777 2774/2774 2778/2778
usemtl Surface_4
f 2776/2776 2774/2774 2777/2777
usemtl Surface_4
f 2775/2775 2774/2774 2776/2776
usemtl Surface_4
f 2792/2792 2784/2784 2783/2783
usemtl Surface_4
f 2791/2791 2784/2784 2792/2792
usemtl Surface_4
f 2790/2790 2784/2784 2791/2791
usemtl Surface_4
f 2789/2789 2784/2784 2790/2790
usemtl Surface_4
f 2788/2788 2784/2784 2789/2789
usemtl Surface_4
f 2787/2787 2784/2784 2788/2788
usemtl Surface_4
f 2786/2786 2784/2784 2787/2787
usemtl Surface_4
f 2785/2785 2784/2784 2786/2786
usemtl Surface_2
f 2796/2796 2794/2794 2793/2793
usemtl Surface_2
f 2795/2795 2794/2794 2796/2796
usemtl Surface_2
f 2800/2800 2798/2798 2797/2797
usemtl Surface_2
f 2799/2799 2798/2798 2800/2800
usemtl Surface_2
f 2804/2804 2802/2802 2801/2801
usemtl Surface_2
f 2803/2803 2802/2802 2804/2804
usemtl Surface_2
f 2808/2808 2806/2806 2805/2805
usemtl Surface_2
f 2807/2807 2806/2806 2808/2808
usemtl Surface_2
f 2812/2812 2810/2810 2809/2809
usemtl Surface_2
f 2811/2811 2810/2810 2812/2812
usemtl Surface_2
f 2816/2816 2814/2814 2813/2813
usemtl Surface_2
f 2815/2815 2814/2814 2816/2816
usemtl Surface_2
f 2820/2820 2818/2818 2817/2817
usemtl Surface_2
f 2819/2819 2818/2818 2820/2820
usemtl Surface_2
f 2824/2824 2822/2822 2821/2821
usemtl Surface_2
f 2823/2823 2822/2822 2824/2824
usemtl Surface_2
f 2828/2828 2826/2826 2825/2825
usemtl Surface_2
f 2827/2827 2826/2826 2828/2828
usemtl Surface_2
f 2832/2832 2830/2830 2829/2829
usemtl Surface_2
f 2831/2831 2830/2830 2832/2832
usemtl Surface_2
f 2836/2836 2834/2834 2833/2833
usemtl Surface_2
f 2835/2835 2834/2834 2836/2836
usemtl Surface_2
f 2840/2840 2838/2838 2837/2837
usemtl Surface_2
f 2839/2839 2838/2838 2840/2840
usemtl Surface_2
f 2844/2844 2842/2842 2841/2841
usemtl Surface_2
f 2843/2843 2842/2842 2844/2844
usemtl Surface_2
f 2848/2848 2846/2846 2845/2845
usemtl Surface_2
f 2847/2847 2846/2846 2848/2848
usemtl Surface_2
f 2852/2852 2850/2850 2849/2849
usemtl Surface_2
f 2851/2851 2850/2850 2852/2852
usemtl Surface_2
f 2856/2856 2854/2854 2853/2853
usemtl Surface_2
f 2855/2855 2854/2854 2856/2856
usemtl Surface_2
f 2860/2860 2858/2858 2857/2857
usemtl Surface_2
f 2859/2859 2858/2858 2860/2860
usemtl Surface_2
f 2864/2864 2862/2862 2861/2861
usemtl Surface_2
f 2863/2863 2862/2862 2864/2864
usemtl Surface_2
f 2868/2868 2866/2866 2865/2865
usemtl Surface_2
f 2867/2867 2866/2866 2868/2868
usemtl Surface_2
f 2872/2872 2870/2870 2869/2869
usemtl Surface_2
f 2871/2871 2870/2870 2872/2872
usemtl Surface_2
f 2876/2876 2874/2874 2873/2873
usemtl Surface_2
f 2875/2875 2874/2874 2876/2876
usemtl Surface_2
f 2880/2880 2878/2878 2877/2877
usemtl Surface_2
f 2879/2879 2878/2878 2880/2880
usemtl Surface_2
f 2884/2884 2882/2882 2881/2881
usemtl Surface_2
f 2883/2883 2882/2882 2884/2884
usemtl Surface_2
f 2888/2888 2886/2886 2885/2885
usemtl Surface_2
f 2887/2887 2886/2886 2888/2888
usemtl Surface_2
f 2889/2889 2891/2891 2890/2890
usemtl Surface_2
f 2892/2892 2894/2894 2893/2893
usemtl Surface_2
f 2895/2895 2897/2897 2896/2896
usemtl Surface_2
f 2898/2898 2900/2900 2899/2899
usemtl Surface_2
f 2901/2901 2903/2903 2902/2902
usemtl Surface_2
f 2904/2904 2906/2906 2905/2905
usemtl Surface_2
f 2907/2907 2909/2909 2908/2908
usemtl Surface_2
f 2910/2910 2912/2912 2911/2911
usemtl Surface_3
f 2916/2916 2914/2914 2913/2913
usemtl Surface_3
f 2915/2915 2914/2914 2916/2916
usemtl Surface_3
f 2920/2920 2918/2918 2917/2917
usemtl Surface_3
f 2919/2919 2918/2918 2920/2920
usemtl Surface_3
f 2924/2924 2922/2922 2921/2921
usemtl Surface_3
f 2923/2923 2922/2922 2924/2924
usemtl Surface_3
f 2928/2928 2926/2926 2925/2925
usemtl Surface_3
f 2927/2927 2926/2926 2928/2928
usemtl Surface_3
f 2932/2932 2930/2930 2929/2929
usemtl Surface_3
f 2931/2931 2930/2930 2932/2932
usemtl Surface_3
f 2936/2936 2934/2934 2933/2933
usemtl Surface_3
f 2935/2935 2934/2934 2936/2936
usemtl Surface_3
f 2940/2940 2938/2938 2937/2937
usemtl Surface_3
f 2939/2939 2938/2938 2940/2940
usemtl Surface_3
f 2944/2944 2942/2942 2941/2941
usemtl Surface_3
f 2943/2943 2942/2942 2944/2944
usemtl Surface_3
f 2948/2948 2946/2946 2945/2945
usemtl Surface_3
f 2947/2947 2946/2946 2948/2948
usemtl Surface_3
f 2952/2952 2950/2950 2949/2949
usemtl Surface_3
f 2951/2951 2950/2950 2952/2952
usemtl Surface_3
f 2956/2956 2954/2954 2953/2953
usemtl Surface_3
f 2955/2955 2954/2954 2956/2956
usemtl Surface_3
f 2960/2960 2958/2958 2957/2957
usemtl Surface_3
f 2959/2959 2958/2958 2960/2960
usemtl Surface_3
f 2964/2964 2962/2962 2961/2961
usemtl Surface_3
f 2963/2963 2962/2962 2964/2964
usemtl Surface_3
f 2968/2968 2966/2966 2965/2965
usemtl Surface_3
f 2967/2967 2966/2966 2968/2968
usemtl Surface_3
f 2972/2972 2970/2970 2969/2969
usemtl Surface_3
f 2971/2971 2970/2970 2972/2972
usemtl Surface_3
f 2976/2976 2974/2974 2973/2973
usemtl Surface_3
f 2975/2975 2974/2974 2976/2976
usemtl Surface_3
f 2980/2980 2978/2978 2977/2977
usemtl Surface_3
f 2979/2979 2978/2978 2980/2980
usemtl Surface_3
f 2984/2984 2982/2982 2981/2981
usemtl Surface_3
f 2983/2983 2982/2982 2984/2984
usemtl Surface_3
f 2985/2985 2987/2987 2986/2986
usemtl Surface_3
f 2988/2988 2990/2990 2989/2989
usemtl Surface_3
f 2991/2991 2993/2993 2992/2992
usemtl Surface_3
f 2994/2994 2996/2996 2995/2995
usemtl Surface_3
f 2997/2997 2999/2999 2998/2998
usemtl Surface_3
f 3000/3000 3002/3002 3001/3001
usemtl Surface_3
f 3003/3003 3005/3005 3004/3004
usemtl Surface_3
f 3006/3006 3008/3008 3007/3007
