# Null Route authored hard-surface mesh. Centimeters, Z up.
v 30.72444 1.85853 -3.01507
v 30.80737 1.36046 -3.12143
v 31.26227 1.43618 0.00001
v 30.64716 2.32266 -2.70323
v 30.72444 1.85853 -3.01507
v 31.26227 1.43618 0.00001
v 30.58080 2.72121 -2.20717
v 30.64716 2.32266 -2.70323
v 31.26227 1.43618 0.00001
v 30.52988 3.02703 -1.56070
v 30.58080 2.72121 -2.20717
v 31.26227 1.43618 0.00001
v 30.49787 3.21928 -0.80786
v 30.52988 3.02703 -1.56070
v 31.26227 1.43618 0.00001
v 30.48695 3.28484 0.00003
v 30.49787 3.21928 -0.80786
v 31.26227 1.43618 0.00001
v 30.49787 3.21926 0.80792
v 30.48695 3.28484 0.00003
v 31.26227 1.43618 0.00001
v 30.52988 3.02701 1.56075
v 30.49787 3.21926 0.80792
v 31.26227 1.43618 0.00001
v 30.58080 2.72118 2.20722
v 30.52988 3.02701 1.56075
v 31.26227 1.43618 0.00001
v 30.64716 2.32262 2.70327
v 30.58080 2.72118 2.20722
v 31.26227 1.43618 0.00001
v 30.72444 1.85848 3.01510
v 30.64716 2.32262 2.70327
v 31.26227 1.43618 0.00001
v 30.80737 1.36041 3.12146
v 30.72444 1.85848 3.01510
v 31.26227 1.43618 0.00001
v 30.89031 0.86234 3.01509
v 30.80737 1.36041 3.12146
v 31.26227 1.43618 0.00001
v 30.96759 0.39821 2.70325
v 30.89031 0.86234 3.01509
v 31.26227 1.43618 0.00001
v 31.03395 -0.00035 2.20720
v 30.96759 0.39821 2.70325
v 31.26227 1.43618 0.00001
v 31.08487 -0.30617 1.56072
v 31.03395 -0.00035 2.20720
v 31.26227 1.43618 0.00001
v 31.11688 -0.49841 0.80789
v 31.08487 -0.30617 1.56072
v 31.26227 1.43618 0.00001
v 31.12780 -0.56398 -0.00000
v 31.11688 -0.49841 0.80789
v 31.26227 1.43618 0.00001
v 31.11688 -0.49840 -0.80789
v 31.12780 -0.56398 -0.00000
v 31.26227 1.43618 0.00001
v 31.08487 -0.30614 -1.56073
v 31.11688 -0.49840 -0.80789
v 31.26227 1.43618 0.00001
v 31.03395 -0.00031 -2.20720
v 31.08487 -0.30614 -1.56073
v 31.26227 1.43618 0.00001
v 30.96759 0.39825 -2.70325
v 31.03395 -0.00031 -2.20720
v 31.26227 1.43618 0.00001
v 30.89031 0.86238 -3.01508
v 30.96759 0.39825 -2.70325
v 31.26227 1.43618 0.00001
v 30.80737 1.36046 -3.12143
v 30.89031 0.86238 -3.01508
v 31.26227 1.43618 0.00001
v 30.72444 1.85853 -3.01507
v 29.29751 2.11317 -5.91428
v 29.46018 1.13617 -6.12293
v 30.80737 1.36046 -3.12143
v 30.64716 2.32266 -2.70323
v 29.14592 3.02359 -5.30259
v 29.29751 2.11317 -5.91428
v 30.72444 1.85853 -3.01507
v 30.58080 2.72121 -2.20717
v 29.01574 3.80539 -4.32954
v 29.14592 3.02359 -5.30259
v 30.64716 2.32266 -2.70323
v 30.52988 3.02703 -1.56070
v 28.91586 4.40527 -3.06143
v 29.01574 3.80539 -4.32954
v 30.58080 2.72121 -2.20717
v 30.49787 3.21928 -0.80786
v 28.85307 4.78237 -1.58469
v 28.91586 4.40527 -3.06143
v 30.52988 3.02703 -1.56070
v 30.48695 3.28484 0.00003
v 28.83165 4.91098 0.00004
v 28.85307 4.78237 -1.58469
v 30.49787 3.21928 -0.80786
v 30.49787 3.21926 0.80792
v 28.85307 4.78235 1.58477
v 28.83165 4.91098 0.00004
v 30.48695 3.28484 0.00003
v 30.52988 3.02701 1.56075
v 28.91586 4.40522 3.06150
v 28.85307 4.78235 1.58477
v 30.49787 3.21926 0.80792
v 30.58080 2.72118 2.20722
v 29.01574 3.80532 4.32960
v 28.91586 4.40522 3.06150
v 30.52988 3.02701 1.56075
v 30.64716 2.32262 2.70327
v 29.14592 3.02351 5.30264
v 29.01574 3.80532 4.32960
v 30.58080 2.72118 2.20722
v 30.72444 1.85848 3.01510
v 29.29751 2.11308 5.91432
v 29.14592 3.02351 5.30264
v 30.64716 2.32262 2.70327
v 30.80737 1.36041 3.12146
v 29.46018 1.13607 6.12294
v 29.29751 2.11308 5.91432
v 30.72444 1.85848 3.01510
v 30.89031 0.86234 3.01509
v 29.62286 0.15907 5.91430
v 29.46018 1.13607 6.12294
v 30.80737 1.36041 3.12146
v 30.96759 0.39821 2.70325
v 29.77445 -0.75136 5.30261
v 29.62286 0.15907 5.91430
v 30.89031 0.86234 3.01509
v 31.03395 -0.00035 2.20720
v 29.90462 -1.53315 4.32956
v 29.77445 -0.75136 5.30261
v 30.96759 0.39821 2.70325
v 31.08487 -0.30617 1.56072
v 30.00451 -2.13303 3.06145
v 29.90462 -1.53315 4.32956
v 31.03395 -0.00035 2.20720
v 31.11688 -0.49841 0.80789
v 30.06730 -2.51013 1.58471
v 30.00451 -2.13303 3.06145
v 31.08487 -0.30617 1.56072
v 31.12780 -0.56398 -0.00000
v 30.08872 -2.63875 -0.00002
v 30.06730 -2.51013 1.58471
v 31.11688 -0.49841 0.80789
v 31.11688 -0.49840 -0.80789
v 30.06730 -2.51011 -1.58475
v 30.08872 -2.63875 -0.00002
v 31.12780 -0.56398 -0.00000
v 31.08487 -0.30614 -1.56073
v 30.00451 -2.13299 -3.06149
v 30.06730 -2.51011 -1.58475
v 31.11688 -0.49840 -0.80789
v 31.03395 -0.00031 -2.20720
v 29.90462 -1.53308 -4.32958
v 30.00451 -2.13299 -3.06149
v 31.08487 -0.30614 -1.56073
v 30.96759 0.39825 -2.70325
v 29.77445 -0.75127 -5.30262
v 29.90462 -1.53308 -4.32958
v 31.03395 -0.00031 -2.20720
v 30.89031 0.86238 -3.01508
v 29.62286 0.15916 -5.91430
v 29.77445 -0.75127 -5.30262
v 30.96759 0.39825 -2.70325
v 30.80737 1.36046 -3.12143
v 29.46018 1.13617 -6.12293
v 29.62286 0.15916 -5.91430
v 30.89031 0.86238 -3.01508
v 29.29751 2.11317 -5.91428
v 27.03629 2.19031 -8.58622
v 27.27246 0.77192 -8.88912
v 29.46018 1.13617 -6.12293
v 29.14592 3.02359 -5.30259
v 26.81622 3.51204 -7.69818
v 27.03629 2.19031 -8.58622
v 29.29751 2.11317 -5.91428
v 29.01574 3.80539 -4.32954
v 26.62724 4.64703 -6.28552
v 26.81622 3.51204 -7.69818
v 29.14592 3.02359 -5.30259
v 28.91586 4.40527 -3.06143
v 26.48222 5.51793 -4.44452
v 26.62724 4.64703 -6.28552
v 29.01574 3.80539 -4.32954
v 28.85307 4.78237 -1.58469
v 26.39107 6.06539 -2.30063
v 26.48222 5.51793 -4.44452
v 28.91586 4.40527 -3.06143
v 28.83165 4.91098 0.00004
v 26.35997 6.25211 0.00005
v 26.39107 6.06539 -2.30063
v 28.85307 4.78237 -1.58469
v 28.85307 4.78235 1.58477
v 26.39107 6.06535 2.30072
v 26.35997 6.25211 0.00005
v 28.83165 4.91098 0.00004
v 28.91586 4.40522 3.06150
v 26.48222 5.51786 4.44461
v 26.39107 6.06535 2.30072
v 28.85307 4.78235 1.58477
v 29.01574 3.80532 4.32960
v 26.62724 4.64693 6.28560
v 26.48222 5.51786 4.44461
v 28.91586 4.40522 3.06150
v 29.14592 3.02351 5.30264
v 26.81622 3.51192 7.69824
v 26.62724 4.64693 6.28560
v 29.01574 3.80532 4.32960
v 29.29751 2.11308 5.91432
v 27.03629 2.19018 8.58625
v 26.81622 3.51192 7.69824
v 29.14592 3.02351 5.30264
v 29.46018 1.13607 6.12294
v 27.27246 0.77178 8.88913
v 27.03629 2.19018 8.58625
v 29.29751 2.11308 5.91432
v 29.62286 0.15907 5.91430
v 27.50863 -0.64661 8.58623
v 27.27246 0.77178 8.88913
v 29.46018 1.13607 6.12294
v 29.77445 -0.75136 5.30261
v 27.72871 -1.96834 7.69819
v 27.50863 -0.64661 8.58623
v 29.62286 0.15907 5.91430
v 29.90462 -1.53315 4.32956
v 27.91769 -3.10332 6.28554
v 27.72871 -1.96834 7.69819
v 29.77445 -0.75136 5.30261
v 30.00451 -2.13303 3.06145
v 28.06270 -3.97422 4.44453
v 27.91769 -3.10332 6.28554
v 29.90462 -1.53315 4.32956
v 30.06730 -2.51013 1.58471
v 28.15386 -4.52169 2.30064
v 28.06270 -3.97422 4.44453
v 30.00451 -2.13303 3.06145
v 30.08872 -2.63875 -0.00002
v 28.18496 -4.70840 -0.00004
v 28.15386 -4.52169 2.30064
v 30.06730 -2.51013 1.58471
v 30.06730 -2.51011 -1.58475
v 28.15386 -4.52165 -2.30071
v 28.18496 -4.70840 -0.00004
v 30.08872 -2.63875 -0.00002
v 30.00451 -2.13299 -3.06149
v 28.06270 -3.97415 -4.44460
v 28.15386 -4.52165 -2.30071
v 30.06730 -2.51011 -1.58475
v 29.90462 -1.53308 -4.32958
v 27.91769 -3.10322 -6.28559
v 28.06270 -3.97415 -4.44460
v 30.00451 -2.13299 -3.06149
v 29.77445 -0.75127 -5.30262
v 27.72871 -1.96821 -7.69822
v 27.91769 -3.10322 -6.28559
v 29.90462 -1.53308 -4.32958
v 29.62286 0.15916 -5.91430
v 27.50863 -0.64648 -8.58624
v 27.72871 -1.96821 -7.69822
v 29.77445 -0.75127 -5.30262
v 29.46018 1.13617 -6.12293
v 27.27246 0.77192 -8.88912
v 27.50863 -0.64648 -8.58624
v 29.62286 0.15916 -5.91430
v 27.03629 2.19031 -8.58622
v 24.02770 2.08699 -10.92819
v 24.32829 0.28172 -11.31371
v 27.27246 0.77192 -8.88912
v 26.81622 3.51204 -7.69818
v 23.74760 3.76923 -9.79793
v 24.02770 2.08699 -10.92819
v 27.03629 2.19031 -8.58622
v 26.62724 4.64703 -6.28552
v 23.50707 5.21379 -7.99996
v 23.74760 3.76923 -9.79793
v 26.81622 3.51204 -7.69818
v 26.48222 5.51793 -4.44452
v 23.32250 6.32224 -5.65680
v 23.50707 5.21379 -7.99996
v 26.62724 4.64703 -6.28552
v 26.39107 6.06539 -2.30063
v 23.20648 7.01903 -2.92815
v 23.32250 6.32224 -5.65680
v 26.48222 5.51793 -4.44452
v 26.35997 6.25211 0.00005
v 23.16691 7.25667 0.00006
v 23.20648 7.01903 -2.92815
v 26.39107 6.06539 -2.30063
v 26.39107 6.06535 2.30072
v 23.20648 7.01898 2.92826
v 23.16691 7.25667 0.00006
v 26.35997 6.25211 0.00005
v 26.48222 5.51786 4.44461
v 23.32250 6.32215 5.65690
v 23.20648 7.01898 2.92826
v 26.39107 6.06535 2.30072
v 26.62724 4.64693 6.28560
v 23.50707 5.21367 8.00004
v 23.32250 6.32215 5.65690
v 26.48222 5.51786 4.44461
v 26.81622 3.51192 7.69824
v 23.74760 3.76907 9.79799
v 23.50707 5.21367 8.00004
v 26.62724 4.64693 6.28560
v 27.03629 2.19018 8.58625
v 24.02770 2.08682 10.92822
v 23.74760 3.76907 9.79799
v 26.81622 3.51192 7.69824
v 27.27246 0.77178 8.88913
v 24.32829 0.28154 11.31371
v 24.02770 2.08682 10.92822
v 27.03629 2.19018 8.58625
v 27.50863 -0.64661 8.58623
v 24.62888 -1.52373 10.92819
v 24.32829 0.28154 11.31371
v 27.27246 0.77178 8.88913
v 27.72871 -1.96834 7.69819
v 24.90898 -3.20597 9.79793
v 24.62888 -1.52373 10.92819
v 27.50863 -0.64661 8.58623
v 27.91769 -3.10332 6.28554
v 25.14951 -4.65053 7.99996
v 24.90898 -3.20597 9.79793
v 27.72871 -1.96834 7.69819
v 28.06270 -3.97422 4.44453
v 25.33407 -5.75898 5.65681
v 25.14951 -4.65053 7.99996
v 27.91769 -3.10332 6.28554
v 28.15386 -4.52169 2.30064
v 25.45010 -6.45576 2.92815
v 25.33407 -5.75898 5.65681
v 28.06270 -3.97422 4.44453
v 28.18496 -4.70840 -0.00004
v 25.48967 -6.69341 -0.00005
v 25.45010 -6.45576 2.92815
v 28.15386 -4.52169 2.30064
v 28.15386 -4.52165 -2.30071
v 25.45010 -6.45572 -2.92825
v 25.48967 -6.69341 -0.00005
v 28.18496 -4.70840 -0.00004
v 28.06270 -3.97415 -4.44460
v 25.33407 -5.75888 -5.65690
v 25.45010 -6.45572 -2.92825
v 28.15386 -4.52165 -2.30071
v 27.91769 -3.10322 -6.28559
v 25.14951 -4.65040 -8.00004
v 25.33407 -5.75888 -5.65690
v 28.06270 -3.97415 -4.44460
v 27.72871 -1.96821 -7.69822
v 24.90898 -3.20581 -9.79799
v 25.14951 -4.65040 -8.00004
v 27.91769 -3.10322 -6.28559
v 27.50863 -0.64648 -8.58624
v 24.62888 -1.52356 -10.92822
v 24.90898 -3.20581 -9.79799
v 27.72871 -1.96821 -7.69822
v 27.27246 0.77192 -8.88912
v 24.32829 0.28172 -11.31371
v 24.62888 -1.52356 -10.92822
v 27.50863 -0.64648 -8.58624
v 24.02770 2.08699 -10.92819
v 20.38735 1.80718 -12.85019
v 20.74080 -0.31560 -13.30352
v 24.32829 0.28172 -11.31371
v 23.74760 3.76923 -9.79793
v 20.05798 3.78528 -11.52115
v 20.38735 1.80718 -12.85019
v 24.02770 2.08699 -10.92819
v 23.50707 5.21379 -7.99996
v 19.77515 5.48391 -9.40696
v 20.05798 3.78528 -11.52115
v 23.74760 3.76923 -9.79793
v 23.32250 6.32224 -5.65680
v 19.55812 6.78730 -6.65170
v 19.77515 5.48391 -9.40696
v 23.50707 5.21379 -7.99996
v 23.20648 7.01903 -2.92815
v 19.42170 7.60664 -3.44314
v 19.55812 6.78730 -6.65170
v 23.32250 6.32224 -5.65680
v 23.16691 7.25667 0.00006
v 19.37516 7.88608 0.00006
v 19.42170 7.60664 -3.44314
v 23.20648 7.01903 -2.92815
v 23.20648 7.01898 2.92826
v 19.42170 7.60658 3.44326
v 19.37516 7.88608 0.00006
v 23.16691 7.25667 0.00006
v 23.32250 6.32215 5.65690
v 19.55812 6.78720 6.65181
v 19.42170 7.60658 3.44326
v 23.20648 7.01898 2.92826
v 23.50707 5.21367 8.00004
v 19.77515 5.48376 9.40705
v 19.55812 6.78720 6.65181
v 23.32250 6.32215 5.65690
v 23.74760 3.76907 9.79799
v 20.05798 3.78510 11.52121
v 19.77515 5.48376 9.40705
v 23.50707 5.21367 8.00004
v 24.02770 2.08682 10.92822
v 20.38735 1.80697 12.85022
v 20.05798 3.78510 11.52121
v 23.74760 3.76907 9.79799
v 24.32829 0.28154 11.31371
v 20.74080 -0.31581 13.30351
v 20.38735 1.80697 12.85022
v 24.02770 2.08682 10.92822
v 24.62888 -1.52373 10.92819
v 21.09426 -2.43858 12.85019
v 20.74080 -0.31581 13.30351
v 24.32829 0.28154 11.31371
v 24.90898 -3.20597 9.79793
v 21.42362 -4.41669 11.52115
v 21.09426 -2.43858 12.85019
v 24.62888 -1.52373 10.92819
v 25.14951 -4.65053 7.99996
v 21.70645 -6.11531 9.40696
v 21.42362 -4.41669 11.52115
v 24.90898 -3.20597 9.79793
v 25.33407 -5.75898 5.65681
v 21.92348 -7.41871 6.65170
v 21.70645 -6.11531 9.40696
v 25.14951 -4.65053 7.99996
v 25.45010 -6.45576 2.92815
v 22.05991 -8.23804 3.44314
v 21.92348 -7.41871 6.65170
v 25.33407 -5.75898 5.65681
v 25.48967 -6.69341 -0.00005
v 22.10644 -8.51748 -0.00007
v 22.05991 -8.23804 3.44314
v 25.45010 -6.45576 2.92815
v 25.45010 -6.45572 -2.92825
v 22.05991 -8.23799 -3.44327
v 22.10644 -8.51748 -0.00007
v 25.48967 -6.69341 -0.00005
v 25.33407 -5.75888 -5.65690
v 21.92348 -7.41860 -6.65182
v 22.05991 -8.23799 -3.44327
v 25.45010 -6.45572 -2.92825
v 25.14951 -4.65040 -8.00004
v 21.70645 -6.11516 -9.40706
v 21.92348 -7.41860 -6.65182
v 25.33407 -5.75888 -5.65690
v 24.90898 -3.20581 -9.79799
v 21.42362 -4.41650 -11.52122
v 21.70645 -6.11516 -9.40706
v 25.14951 -4.65040 -8.00004
v 24.62888 -1.52356 -10.92822
v 21.09426 -2.43838 -12.85023
v 21.42362 -4.41650 -11.52122
v 24.90898 -3.20581 -9.79799
v 24.32829 0.28172 -11.31371
v 20.74080 -0.31560 -13.30352
v 21.09426 -2.43838 -12.85023
v 24.62888 -1.52356 -10.92822
v 20.38735 1.80718 -12.85019
v 16.25513 1.36162 -14.27837
v 16.64787 -0.99708 -14.78208
v 20.74080 -0.31560 -13.30352
v 20.05798 3.78528 -11.52115
v 15.88916 3.55957 -12.80162
v 16.25513 1.36162 -14.27837
v 20.38735 1.80718 -12.85019
v 19.77515 5.48391 -9.40696
v 15.57489 5.44698 -10.45246
v 15.88916 3.55957 -12.80162
v 20.05798 3.78528 -11.52115
v 19.55812 6.78730 -6.65170
v 15.33375 6.89524 -7.39098
v 15.57489 5.44698 -10.45246
v 19.77515 5.48391 -9.40696
v 19.42170 7.60664 -3.44314
v 15.18216 7.80563 -3.82582
v 15.33375 6.89524 -7.39098
v 19.55812 6.78730 -6.65170
v 19.37516 7.88608 0.00006
v 15.13045 8.11613 0.00006
v 15.18216 7.80563 -3.82582
v 19.42170 7.60664 -3.44314
v 19.42170 7.60658 3.44326
v 15.18216 7.80557 3.82594
v 15.13045 8.11613 0.00006
v 19.37516 7.88608 0.00006
v 19.55812 6.78720 6.65181
v 15.33375 6.89512 7.39109
v 15.18216 7.80557 3.82594
v 19.42170 7.60658 3.44326
v 19.77515 5.48376 9.40705
v 15.57489 5.44682 10.45255
v 15.33375 6.89512 7.39109
v 19.55812 6.78720 6.65181
v 20.05798 3.78510 11.52121
v 15.88916 3.55937 12.80168
v 15.57489 5.44682 10.45255
v 19.77515 5.48376 9.40705
v 20.38735 1.80697 12.85022
v 16.25513 1.36139 14.27840
v 15.88916 3.55937 12.80168
v 20.05798 3.78510 11.52121
v 20.74080 -0.31581 13.30351
v 16.64787 -0.99731 14.78206
v 16.25513 1.36139 14.27840
v 20.38735 1.80697 12.85022
v 21.09426 -2.43858 12.85019
v 17.04060 -3.35601 14.27836
v 16.64787 -0.99731 14.78206
v 20.74080 -0.31581 13.30351
v 21.42362 -4.41669 11.52115
v 17.40658 -5.55396 12.80160
v 17.04060 -3.35601 14.27836
v 21.09426 -2.43858 12.85019
v 21.70645 -6.11531 9.40696
v 17.72084 -7.44138 10.45245
v 17.40658 -5.55396 12.80160
v 21.42362 -4.41669 11.52115
v 21.92348 -7.41871 6.65170
v 17.96199 -8.88963 7.39096
v 17.72084 -7.44138 10.45245
v 21.70645 -6.11531 9.40696
v 22.05991 -8.23804 3.44314
v 18.11358 -9.80003 3.82580
v 17.96199 -8.88963 7.39096
v 21.92348 -7.41871 6.65170
v 22.10644 -8.51748 -0.00007
v 18.16528 -10.11053 -0.00008
v 18.11358 -9.80003 3.82580
v 22.05991 -8.23804 3.44314
v 22.05991 -8.23799 -3.44327
v 18.11358 -9.79997 -3.82596
v 18.16528 -10.11053 -0.00008
v 22.10644 -8.51748 -0.00007
v 21.92348 -7.41860 -6.65182
v 17.96199 -8.88951 -7.39111
v 18.11358 -9.79997 -3.82596
v 22.05991 -8.23799 -3.44327
v 21.70645 -6.11516 -9.40706
v 17.72084 -7.44121 -10.45257
v 17.96199 -8.88951 -7.39111
v 21.92348 -7.41860 -6.65182
v 21.42362 -4.41650 -11.52122
v 17.40657 -5.55376 -12.80170
v 17.72084 -7.44121 -10.45257
v 21.70645 -6.11516 -9.40706
v 21.09426 -2.43838 -12.85023
v 17.04060 -3.35579 -14.27841
v 17.40657 -5.55376 -12.80170
v 21.42362 -4.41650 -11.52122
v 20.74080 -0.31560 -13.30352
v 16.64787 -0.99708 -14.78208
v 17.04060 -3.35579 -14.27841
v 21.09426 -2.43838 -12.85023
v 16.25513 1.36162 -14.27837
v 11.78985 0.76744 -15.15785
v 12.20677 -1.73654 -15.69258
v 16.64787 -0.99708 -14.78208
v 15.88916 3.55957 -12.80162
v 11.40133 3.10077 -13.59013
v 11.78985 0.76744 -15.15785
v 16.25513 1.36162 -14.27837
v 15.57489 5.44698 -10.45246
v 11.06771 5.10444 -11.09628
v 11.40133 3.10077 -13.59013
v 15.88916 3.55957 -12.80162
v 15.33375 6.89524 -7.39098
v 10.81171 6.64190 -7.84623
v 11.06771 5.10444 -11.09628
v 15.57489 5.44698 -10.45246
v 15.18216 7.80563 -3.82582
v 10.65078 7.60837 -4.06147
v 10.81171 6.64190 -7.84623
v 15.33375 6.89524 -7.39098
v 15.13045 8.11613 0.00006
v 10.59589 7.93800 0.00006
v 10.65078 7.60837 -4.06147
v 15.18216 7.80563 -3.82582
v 15.18216 7.80557 3.82594
v 10.65078 7.60831 4.06160
v 10.59589 7.93800 0.00006
v 15.13045 8.11613 0.00006
v 15.33375 6.89512 7.39109
v 10.81171 6.64178 7.84634
v 10.65078 7.60831 4.06160
v 15.18216 7.80557 3.82594
v 15.57489 5.44682 10.45255
v 11.06771 5.10427 11.09636
v 10.81171 6.64178 7.84634
v 15.33375 6.89512 7.39109
v 15.88916 3.55937 12.80168
v 11.40133 3.10056 13.59019
v 11.06771 5.10427 11.09636
v 15.57489 5.44682 10.45255
v 16.25513 1.36139 14.27840
v 11.78985 0.76720 15.15786
v 11.40133 3.10056 13.59019
v 15.88916 3.55937 12.80168
v 16.64787 -0.99731 14.78206
v 12.20677 -1.73679 15.69255
v 11.78985 0.76720 15.15786
v 16.25513 1.36139 14.27840
v 17.04060 -3.35601 14.27836
v 12.62370 -4.24077 15.15782
v 12.20677 -1.73679 15.69255
v 16.64787 -0.99731 14.78206
v 17.40658 -5.55396 12.80160
v 13.01221 -6.57410 13.59011
v 12.62370 -4.24077 15.15782
v 17.04060 -3.35601 14.27836
v 17.72084 -7.44138 10.45245
v 13.34584 -8.57777 11.09625
v 13.01221 -6.57410 13.59011
v 17.40658 -5.55396 12.80160
v 17.96199 -8.88963 7.39096
v 13.60184 -10.11523 7.84620
v 13.34584 -8.57777 11.09625
v 17.72084 -7.44138 10.45245
v 18.11358 -9.80003 3.82580
v 13.76276 -11.08170 4.06145
v 13.60184 -10.11523 7.84620
v 17.96199 -8.88963 7.39096
v 18.16528 -10.11053 -0.00008
v 13.81765 -11.41132 -0.00009
v 13.76276 -11.08170 4.06145
v 18.11358 -9.80003 3.82580
v 18.11358 -9.79997 -3.82596
v 13.76276 -11.08163 -4.06162
v 13.81765 -11.41132 -0.00009
v 18.16528 -10.11053 -0.00008
v 17.96199 -8.88951 -7.39111
v 13.60184 -10.11510 -7.84637
v 13.76276 -11.08163 -4.06162
v 18.11358 -9.79997 -3.82596
v 17.72084 -7.44121 -10.45257
v 13.34584 -8.57759 -11.09639
v 13.60184 -10.11510 -7.84637
v 17.96199 -8.88951 -7.39111
v 17.40657 -5.55376 -12.80170
v 13.01221 -6.57388 -13.59021
v 13.34584 -8.57759 -11.09639
v 17.72084 -7.44121 -10.45257
v 17.04060 -3.35579 -14.27841
v 12.62370 -4.24053 -15.15789
v 13.01221 -6.57388 -13.59021
v 17.40657 -5.55376 -12.80170
v 16.64787 -0.99708 -14.78208
v 12.20677 -1.73654 -15.69258
v 12.62370 -4.24053 -15.15789
v 17.04060 -3.35579 -14.27841
v 11.78985 0.76744 -15.15785
v 7.16310 0.04748 -15.45481
v 7.58819 -2.50555 -16.00002
v 12.20677 -1.73654 -15.69258
v 11.40133 3.10077 -13.59013
v 6.76697 2.42653 -13.85639
v 7.16310 0.04748 -15.45481
v 11.78985 0.76744 -15.15785
v 11.06771 5.10444 -11.09628
v 6.42681 4.46945 -11.31367
v 6.76697 2.42653 -13.85639
v 11.40133 3.10077 -13.59013
v 10.81171 6.64190 -7.84623
v 6.16580 6.03703 -7.99995
v 6.42681 4.46945 -11.31367
v 11.06771 5.10444 -11.09628
v 10.65078 7.60837 -4.06147
v 6.00172 7.02244 -4.14105
v 6.16580 6.03703 -7.99995
v 10.81171 6.64190 -7.84623
v 10.59589 7.93800 0.00006
v 5.94575 7.35852 0.00006
v 6.00172 7.02244 -4.14105
v 10.65078 7.60837 -4.06147
v 10.65078 7.60831 4.06160
v 6.00172 7.02237 4.14116
v 5.94575 7.35852 0.00006
v 10.59589 7.93800 0.00006
v 10.81171 6.64178 7.84634
v 6.16580 6.03690 8.00005
v 6.00172 7.02237 4.14116
v 10.65078 7.60831 4.06160
v 11.06771 5.10427 11.09636
v 6.42681 4.46927 11.31374
v 6.16580 6.03690 8.00005
v 10.81171 6.64178 7.84634
v 11.40133 3.10056 13.59019
v 6.76697 2.42631 13.85643
v 6.42681 4.46927 11.31374
v 11.06771 5.10427 11.09636
v 11.78985 0.76720 15.15786
v 7.16310 0.04724 15.45481
v 6.76697 2.42631 13.85643
v 11.40133 3.10056 13.59019
v 12.20677 -1.73679 15.69255
v 7.58819 -2.50581 15.99998
v 7.16310 0.04724 15.45481
v 11.78985 0.76720 15.15786
v 12.62370 -4.24077 15.15782
v 8.01329 -5.05884 15.45477
v 7.58819 -2.50581 15.99998
v 12.20677 -1.73679 15.69255
v 13.01221 -6.57410 13.59011
v 8.40941 -7.43789 13.85635
v 8.01329 -5.05884 15.45477
v 12.62370 -4.24077 15.15782
v 13.34584 -8.57777 11.09625
v 8.74957 -9.48081 11.31363
v 8.40941 -7.43789 13.85635
v 13.01221 -6.57410 13.59011
v 13.60184 -10.11523 7.84620
v 9.01058 -11.04839 7.99991
v 8.74957 -9.48081 11.31363
v 13.34584 -8.57777 11.09625
v 13.76276 -11.08170 4.06145
v 9.17467 -12.03380 4.14101
v 9.01058 -11.04839 7.99991
v 13.60184 -10.11523 7.84620
v 13.81765 -11.41132 -0.00009
v 9.23063 -12.36988 -0.00010
v 9.17467 -12.03380 4.14101
v 13.76276 -11.08170 4.06145
v 13.76276 -11.08163 -4.06162
v 9.17467 -12.03373 -4.14120
v 9.23063 -12.36988 -0.00010
v 13.81765 -11.41132 -0.00009
v 13.60184 -10.11510 -7.84637
v 9.01058 -11.04826 -8.00009
v 9.17467 -12.03373 -4.14120
v 13.76276 -11.08163 -4.06162
v 13.34584 -8.57759 -11.09639
v 8.74957 -9.48063 -11.31379
v 9.01058 -11.04826 -8.00009
v 13.60184 -10.11510 -7.84637
v 13.01221 -6.57388 -13.59021
v 8.40941 -7.43767 -13.85647
v 8.74957 -9.48063 -11.31379
v 13.34584 -8.57759 -11.09639
v 12.62370 -4.24053 -15.15789
v 8.01329 -5.05860 -15.45485
v 8.40941 -7.43767 -13.85647
v 13.01221 -6.57388 -13.59021
v 12.20677 -1.73654 -15.69258
v 7.58819 -2.50555 -16.00002
v 8.01329 -5.05860 -15.45485
v 12.62370 -4.24053 -15.15789
v 7.16310 0.04748 -15.45481
v 2.55268 -0.77059 -15.15786
v 2.96961 -3.27457 -15.69259
v 7.58819 -2.50555 -16.00002
v 6.76697 2.42653 -13.85639
v 2.16417 1.56274 -13.59015
v 2.55268 -0.77059 -15.15786
v 7.16310 0.04748 -15.45481
v 6.42681 4.46945 -11.31367
v 1.83054 3.56641 -11.09629
v 2.16417 1.56274 -13.59015
v 6.76697 2.42653 -13.85639
v 6.16580 6.03703 -7.99995
v 1.57455 5.10386 -7.84624
v 1.83054 3.56641 -11.09629
v 6.42681 4.46945 -11.31367
v 6.00172 7.02244 -4.14105
v 1.41362 6.07034 -4.06149
v 1.57455 5.10386 -7.84624
v 6.16580 6.03703 -7.99995
v 5.94575 7.35852 0.00006
v 1.35873 6.39996 0.00005
v 1.41362 6.07034 -4.06149
v 6.00172 7.02244 -4.14105
v 6.00172 7.02237 4.14116
v 1.41362 6.07027 4.06158
v 1.35873 6.39996 0.00005
v 5.94575 7.35852 0.00006
v 6.16580 6.03690 8.00005
v 1.57455 5.10374 7.84632
v 1.41362 6.07027 4.06158
v 6.00172 7.02237 4.14116
v 6.42681 4.46927 11.31374
v 1.83054 3.56623 11.09635
v 1.57455 5.10374 7.84632
v 6.16580 6.03690 8.00005
v 6.76697 2.42631 13.85643
v 2.16417 1.56252 13.59017
v 1.83054 3.56623 11.09635
v 6.42681 4.46927 11.31374
v 7.16310 0.04724 15.45481
v 2.55268 -0.77083 15.15785
v 2.16417 1.56252 13.59017
v 6.76697 2.42631 13.85643
v 7.58819 -2.50581 15.99998
v 2.96961 -3.27482 15.69254
v 2.55268 -0.77083 15.15785
v 7.16310 0.04724 15.45481
v 8.01329 -5.05884 15.45477
v 3.38654 -5.77880 15.15781
v 2.96961 -3.27482 15.69254
v 7.58819 -2.50581 15.99998
v 8.40941 -7.43789 13.85635
v 3.77505 -8.11214 13.59009
v 3.38654 -5.77880 15.15781
v 8.01329 -5.05884 15.45477
v 8.74957 -9.48081 11.31363
v 4.10867 -10.11580 11.09624
v 3.77505 -8.11214 13.59009
v 8.40941 -7.43789 13.85635
v 9.01058 -11.04839 7.99991
v 4.36467 -11.65326 7.84619
v 4.10867 -10.11580 11.09624
v 8.74957 -9.48081 11.31363
v 9.17467 -12.03380 4.14101
v 4.52560 -12.61973 4.06143
v 4.36467 -11.65326 7.84619
v 9.01058 -11.04839 7.99991
v 9.23063 -12.36988 -0.00010
v 4.58049 -12.94936 -0.00010
v 4.52560 -12.61973 4.06143
v 9.17467 -12.03380 4.14101
v 9.17467 -12.03373 -4.14120
v 4.52560 -12.61967 -4.06163
v 4.58049 -12.94936 -0.00010
v 9.23063 -12.36988 -0.00010
v 9.01058 -11.04826 -8.00009
v 4.36467 -11.65314 -7.84638
v 4.52560 -12.61967 -4.06163
v 9.17467 -12.03373 -4.14120
v 8.74957 -9.48063 -11.31379
v 4.10867 -10.11563 -11.09640
v 4.36467 -11.65314 -7.84638
v 9.01058 -11.04826 -8.00009
v 8.40941 -7.43767 -13.85647
v 3.77505 -8.11192 -13.59023
v 4.10867 -10.11563 -11.09640
v 8.74957 -9.48063 -11.31379
v 8.01329 -5.05860 -15.45485
v 3.38654 -5.77857 -15.15790
v 3.77505 -8.11192 -13.59023
v 8.40941 -7.43767 -13.85647
v 7.58819 -2.50555 -16.00002
v 2.96961 -3.27457 -15.69259
v 3.38654 -5.77857 -15.15790
v 8.01329 -5.05860 -15.45485
v 2.55268 -0.77059 -15.15786
v -1.86422 -1.65535 -14.27840
v -1.47149 -4.01405 -14.78210
v 2.96961 -3.27457 -15.69259
v 2.16417 1.56274 -13.59015
v -2.23019 0.54260 -12.80165
v -1.86422 -1.65535 -14.27840
v 2.55268 -0.77059 -15.15786
v 1.83054 3.56641 -11.09629
v -2.54446 2.43002 -10.45248
v -2.23019 0.54260 -12.80165
v 2.16417 1.56274 -13.59015
v 1.57455 5.10386 -7.84624
v -2.78561 3.87827 -7.39101
v -2.54446 2.43002 -10.45248
v 1.83054 3.56641 -11.09629
v 1.41362 6.07034 -4.06149
v -2.93720 4.78867 -3.82584
v -2.78561 3.87827 -7.39101
v 1.57455 5.10386 -7.84624
v 1.35873 6.39996 0.00005
v -2.98890 5.09917 0.00004
v -2.93720 4.78867 -3.82584
v 1.41362 6.07034 -4.06149
v 1.41362 6.07027 4.06158
v -2.93720 4.78861 3.82592
v -2.98890 5.09917 0.00004
v 1.35873 6.39996 0.00005
v 1.57455 5.10374 7.84632
v -2.78561 3.87815 7.39107
v -2.93720 4.78861 3.82592
v 1.41362 6.07027 4.06158
v 1.83054 3.56623 11.09635
v -2.54446 2.42985 10.45252
v -2.78561 3.87815 7.39107
v 1.57455 5.10374 7.84632
v 2.16417 1.56252 13.59017
v -2.23019 0.54240 12.80165
v -2.54446 2.42985 10.45252
v 1.83054 3.56623 11.09635
v 2.55268 -0.77083 15.15785
v -1.86422 -1.65557 14.27837
v -2.23019 0.54240 12.80165
v 2.16417 1.56252 13.59017
v 2.96961 -3.27482 15.69254
v -1.47149 -4.01428 14.78204
v -1.86422 -1.65557 14.27837
v 2.55268 -0.77083 15.15785
v 3.38654 -5.77880 15.15781
v -1.07875 -6.37298 14.27834
v -1.47149 -4.01428 14.78204
v 2.96961 -3.27482 15.69254
v 3.77505 -8.11214 13.59009
v -0.71278 -8.57093 12.80158
v -1.07875 -6.37298 14.27834
v 3.38654 -5.77880 15.15781
v 4.10867 -10.11580 11.09624
v -0.39851 -10.45834 10.45242
v -0.71278 -8.57093 12.80158
v 3.77505 -8.11214 13.59009
v 4.36467 -11.65326 7.84619
v -0.15736 -11.90660 7.39094
v -0.39851 -10.45834 10.45242
v 4.10867 -10.11580 11.09624
v 4.52560 -12.61973 4.06143
v -0.00577 -12.81699 3.82578
v -0.15736 -11.90660 7.39094
v 4.36467 -11.65326 7.84619
v 4.58049 -12.94936 -0.00010
v 0.04593 -13.12749 -0.00010
v -0.00577 -12.81699 3.82578
v 4.52560 -12.61973 4.06143
v 4.52560 -12.61967 -4.06163
v -0.00577 -12.81693 -3.82598
v 0.04593 -13.12749 -0.00010
v 4.58049 -12.94936 -0.00010
v 4.36467 -11.65314 -7.84638
v -0.15737 -11.90648 -7.39113
v -0.00577 -12.81693 -3.82598
v 4.52560 -12.61967 -4.06163
v 4.10867 -10.11563 -11.09640
v -0.39851 -10.45818 -10.45259
v -0.15737 -11.90648 -7.39113
v 4.36467 -11.65314 -7.84638
v 3.77505 -8.11192 -13.59023
v -0.71278 -8.57073 -12.80172
v -0.39851 -10.45818 -10.45259
v 4.10867 -10.11563 -11.09640
v 3.38654 -5.77857 -15.15790
v -1.07875 -6.37276 -14.27843
v -0.71278 -8.57073 -12.80172
v 3.77505 -8.11192 -13.59023
v 2.96961 -3.27457 -15.69259
v -1.47149 -4.01405 -14.78210
v -1.07875 -6.37276 -14.27843
v 3.38654 -5.77857 -15.15790
v -1.86422 -1.65535 -14.27840
v -5.91788 -2.57278 -12.85023
v -5.56442 -4.69555 -13.30355
v -1.47149 -4.01405 -14.78210
v -2.23019 0.54260 -12.80165
v -6.24724 -0.59468 -11.52118
v -5.91788 -2.57278 -12.85023
v -1.86422 -1.65535 -14.27840
v -2.54446 2.43002 -10.45248
v -6.53007 1.10395 -9.40699
v -6.24724 -0.59468 -11.52118
v -2.23019 0.54260 -12.80165
v -2.78561 3.87827 -7.39101
v -6.74710 2.40734 -6.65174
v -6.53007 1.10395 -9.40699
v -2.54446 2.43002 -10.45248
v -2.93720 4.78867 -3.82584
v -6.88353 3.22668 -3.44318
v -6.74710 2.40734 -6.65174
v -2.78561 3.87827 -7.39101
v -2.98890 5.09917 0.00004
v -6.93006 3.50612 0.00003
v -6.88353 3.22668 -3.44318
v -2.93720 4.78867 -3.82584
v -2.93720 4.78861 3.82592
v -6.88353 3.22663 3.44323
v -6.93006 3.50612 0.00003
v -2.98890 5.09917 0.00004
v -2.78561 3.87815 7.39107
v -6.74710 2.40724 6.65178
v -6.88353 3.22663 3.44323
v -2.93720 4.78861 3.82592
v -2.54446 2.42985 10.45252
v -6.53007 1.10380 9.40701
v -6.74710 2.40724 6.65178
v -2.78561 3.87815 7.39107
v -2.23019 0.54240 12.80165
v -6.24724 -0.59486 11.52118
v -6.53007 1.10380 9.40701
v -2.54446 2.42985 10.45252
v -1.86422 -1.65557 14.27837
v -5.91788 -2.57298 12.85019
v -6.24724 -0.59486 11.52118
v -2.23019 0.54240 12.80165
v -1.47149 -4.01428 14.78204
v -5.56442 -4.69576 13.30348
v -5.91788 -2.57298 12.85019
v -1.86422 -1.65557 14.27837
v -1.07875 -6.37298 14.27834
v -5.21097 -6.81854 12.85015
v -5.56442 -4.69576 13.30348
v -1.47149 -4.01428 14.78204
v -0.71278 -8.57093 12.80158
v -4.88160 -8.79664 11.52111
v -5.21097 -6.81854 12.85015
v -1.07875 -6.37298 14.27834
v -0.39851 -10.45834 10.45242
v -4.59877 -10.49527 9.40692
v -4.88160 -8.79664 11.52111
v -0.71278 -8.57093 12.80158
v -0.15736 -11.90660 7.39094
v -4.38174 -11.79866 6.65166
v -4.59877 -10.49527 9.40692
v -0.39851 -10.45834 10.45242
v -0.00577 -12.81699 3.82578
v -4.24532 -12.61800 3.44310
v -4.38174 -11.79866 6.65166
v -0.15736 -11.90660 7.39094
v 0.04593 -13.12749 -0.00010
v -4.19878 -12.89744 -0.00010
v -4.24532 -12.61800 3.44310
v -0.00577 -12.81699 3.82578
v -0.00577 -12.81693 -3.82598
v -4.24532 -12.61794 -3.44330
v -4.19878 -12.89744 -0.00010
v 0.04593 -13.12749 -0.00010
v -0.15737 -11.90648 -7.39113
v -4.38174 -11.79855 -6.65185
v -4.24532 -12.61794 -3.44330
v -0.00577 -12.81693 -3.82598
v -0.39851 -10.45818 -10.45259
v -4.59877 -10.49512 -9.40709
v -4.38174 -11.79855 -6.65185
v -0.15737 -11.90648 -7.39113
v -0.71278 -8.57073 -12.80172
v -4.88160 -8.79646 -11.52125
v -4.59877 -10.49512 -9.40709
v -0.39851 -10.45818 -10.45259
v -1.07875 -6.37276 -14.27843
v -5.21097 -6.81834 -12.85026
v -4.88160 -8.79646 -11.52125
v -0.71278 -8.57073 -12.80172
v -1.47149 -4.01405 -14.78210
v -5.56442 -4.69555 -13.30355
v -5.21097 -6.81834 -12.85026
v -1.07875 -6.37276 -14.27843
v -5.91788 -2.57278 -12.85023
v -9.45249 -3.48763 -10.92823
v -9.15191 -5.29290 -11.31375
v -5.56442 -4.69555 -13.30355
v -6.24724 -0.59468 -11.52118
v -9.73260 -1.80540 -9.79797
v -9.45249 -3.48763 -10.92823
v -5.91788 -2.57278 -12.85023
v -6.53007 1.10395 -9.40699
v -9.97313 -0.36083 -8.00000
v -9.73260 -1.80540 -9.79797
v -6.24724 -0.59468 -11.52118
v -6.74710 2.40734 -6.65174
v -10.15769 0.74761 -5.65685
v -9.97313 -0.36083 -8.00000
v -6.53007 1.10395 -9.40699
v -6.88353 3.22668 -3.44318
v -10.27371 1.44440 -2.92819
v -10.15769 0.74761 -5.65685
v -6.74710 2.40734 -6.65174
v -6.93006 3.50612 0.00003
v -10.31329 1.68205 0.00001
v -10.27371 1.44440 -2.92819
v -6.88353 3.22668 -3.44318
v -6.88353 3.22663 3.44323
v -10.27371 1.44436 2.92822
v -10.31329 1.68205 0.00001
v -6.93006 3.50612 0.00003
v -6.74710 2.40724 6.65178
v -10.15769 0.74753 5.65686
v -10.27371 1.44436 2.92822
v -6.88353 3.22663 3.44323
v -6.53007 1.10380 9.40701
v -9.97313 -0.36096 8.00000
v -10.15769 0.74753 5.65686
v -6.74710 2.40724 6.65178
v -6.24724 -0.59486 11.52118
v -9.73260 -1.80555 9.79795
v -9.97313 -0.36096 8.00000
v -6.53007 1.10380 9.40701
v -5.91788 -2.57298 12.85019
v -9.45249 -3.48781 10.92818
v -9.73260 -1.80555 9.79795
v -6.24724 -0.59486 11.52118
v -5.56442 -4.69576 13.30348
v -9.15191 -5.29308 11.31367
v -9.45249 -3.48781 10.92818
v -5.91788 -2.57298 12.85019
v -5.21097 -6.81854 12.85015
v -8.85132 -7.09835 10.92815
v -9.15191 -5.29308 11.31367
v -5.56442 -4.69576 13.30348
v -4.88160 -8.79664 11.52111
v -8.57122 -8.78059 9.79789
v -8.85132 -7.09835 10.92815
v -5.21097 -6.81854 12.85015
v -4.59877 -10.49527 9.40692
v -8.33069 -10.22515 7.99992
v -8.57122 -8.78059 9.79789
v -4.88160 -8.79664 11.52111
v -4.38174 -11.79866 6.65166
v -8.14612 -11.33360 5.65676
v -8.33069 -10.22515 7.99992
v -4.59877 -10.49527 9.40692
v -4.24532 -12.61800 3.44310
v -8.03010 -12.03039 2.92811
v -8.14612 -11.33360 5.65676
v -4.38174 -11.79866 6.65166
v -4.19878 -12.89744 -0.00010
v -7.99053 -12.26803 -0.00010
v -8.03010 -12.03039 2.92811
v -4.24532 -12.61800 3.44310
v -4.24532 -12.61794 -3.44330
v -8.03010 -12.03034 -2.92830
v -7.99053 -12.26803 -0.00010
v -4.19878 -12.89744 -0.00010
v -4.38174 -11.79855 -6.65185
v -8.14612 -11.33351 -5.65695
v -8.03010 -12.03034 -2.92830
v -4.24532 -12.61794 -3.44330
v -4.59877 -10.49512 -9.40709
v -8.33069 -10.22503 -8.00008
v -8.14612 -11.33351 -5.65695
v -4.38174 -11.79855 -6.65185
v -4.88160 -8.79646 -11.52125
v -8.57122 -8.78043 -9.79803
v -8.33069 -10.22503 -8.00008
v -4.59877 -10.49512 -9.40709
v -5.21097 -6.81834 -12.85026
v -8.85132 -7.09818 -10.92826
v -8.57122 -8.78043 -9.79803
v -4.88160 -8.79646 -11.52125
v -5.56442 -4.69555 -13.30355
v -9.15191 -5.29290 -11.31375
v -8.85132 -7.09818 -10.92826
v -5.21097 -6.81834 -12.85026
v -9.45249 -3.48763 -10.92823
v -12.33225 -4.36475 -8.58627
v -12.09608 -5.78314 -8.88917
v -9.15191 -5.29290 -11.31375
v -9.73260 -1.80540 -9.79797
v -12.55233 -3.04303 -7.69823
v -12.33225 -4.36475 -8.58627
v -9.45249 -3.48763 -10.92823
v -9.97313 -0.36083 -8.00000
v -12.74131 -1.90804 -6.28557
v -12.55233 -3.04303 -7.69823
v -9.73260 -1.80540 -9.79797
v -10.15769 0.74761 -5.65685
v -12.88632 -1.03714 -4.44457
v -12.74131 -1.90804 -6.28557
v -9.97313 -0.36083 -8.00000
v -10.27371 1.44440 -2.92819
v -12.97748 -0.48968 -2.30068
v -12.88632 -1.03714 -4.44457
v -10.15769 0.74761 -5.65685
v -10.31329 1.68205 0.00001
v -13.00857 -0.30296 -0.00000
v -12.97748 -0.48968 -2.30068
v -10.27371 1.44440 -2.92819
v -10.27371 1.44436 2.92822
v -12.97748 -0.48971 2.30067
v -13.00857 -0.30296 -0.00000
v -10.31329 1.68205 0.00001
v -10.15769 0.74753 5.65686
v -12.88632 -1.03721 4.44455
v -12.97748 -0.48971 2.30067
v -10.27371 1.44436 2.92822
v -9.97313 -0.36096 8.00000
v -12.74131 -1.90814 6.28554
v -12.88632 -1.03721 4.44455
v -10.15769 0.74753 5.65686
v -9.73260 -1.80555 9.79795
v -12.55233 -3.04315 7.69818
v -12.74131 -1.90814 6.28554
v -9.97313 -0.36096 8.00000
v -9.45249 -3.48781 10.92818
v -12.33225 -4.36489 8.58620
v -12.55233 -3.04315 7.69818
v -9.73260 -1.80555 9.79795
v -9.15191 -5.29308 11.31367
v -12.09608 -5.78328 8.88908
v -12.33225 -4.36489 8.58620
v -9.45249 -3.48781 10.92818
v -8.85132 -7.09835 10.92815
v -11.85991 -7.20167 8.58618
v -12.09608 -5.78328 8.88908
v -9.15191 -5.29308 11.31367
v -8.57122 -8.78059 9.79789
v -11.63984 -8.52340 7.69814
v -11.85991 -7.20167 8.58618
v -8.85132 -7.09835 10.92815
v -8.33069 -10.22515 7.99992
v -11.45085 -9.65839 6.28548
v -11.63984 -8.52340 7.69814
v -8.57122 -8.78059 9.79789
v -8.14612 -11.33360 5.65676
v -11.30584 -10.52929 4.44448
v -11.45085 -9.65839 6.28548
v -8.33069 -10.22515 7.99992
v -8.03010 -12.03039 2.92811
v -11.21468 -11.07675 2.30059
v -11.30584 -10.52929 4.44448
v -8.14612 -11.33360 5.65676
v -7.99053 -12.26803 -0.00010
v -11.18359 -11.26347 -0.00009
v -11.21468 -11.07675 2.30059
v -8.03010 -12.03039 2.92811
v -8.03010 -12.03034 -2.92830
v -11.21468 -11.07671 -2.30076
v -11.18359 -11.26347 -0.00009
v -7.99053 -12.26803 -0.00010
v -8.14612 -11.33351 -5.65695
v -11.30584 -10.52922 -4.44465
v -11.21468 -11.07671 -2.30076
v -8.03010 -12.03034 -2.92830
v -8.33069 -10.22503 -8.00008
v -11.45085 -9.65829 -6.28564
v -11.30584 -10.52922 -4.44465
v -8.14612 -11.33351 -5.65695
v -8.57122 -8.78043 -9.79803
v -11.63984 -8.52328 -7.69827
v -11.45085 -9.65829 -6.28564
v -8.33069 -10.22503 -8.00008
v -8.85132 -7.09818 -10.92826
v -11.85991 -7.20154 -8.58629
v -11.63984 -8.52328 -7.69827
v -8.57122 -8.78043 -9.79803
v -9.15191 -5.29290 -11.31375
v -12.09608 -5.78314 -8.88917
v -11.85991 -7.20154 -8.58629
v -8.85132 -7.09818 -10.92826
v -12.33225 -4.36475 -8.58627
v -14.44648 -5.17043 -5.91434
v -14.28380 -6.14743 -6.12298
v -12.09608 -5.78314 -8.88917
v -12.55233 -3.04303 -7.69823
v -14.59807 -4.26001 -5.30265
v -14.44648 -5.17043 -5.91434
v -12.33225 -4.36475 -8.58627
v -12.74131 -1.90804 -6.28557
v -14.72824 -3.47821 -4.32959
v -14.59807 -4.26001 -5.30265
v -12.55233 -3.04303 -7.69823
v -12.88632 -1.03714 -4.44457
v -14.82813 -2.87833 -3.06149
v -14.72824 -3.47821 -4.32959
v -12.74131 -1.90804 -6.28557
v -12.97748 -0.48968 -2.30068
v -14.89092 -2.50123 -1.58475
v -14.82813 -2.87833 -3.06149
v -12.88632 -1.03714 -4.44457
v -13.00857 -0.30296 -0.00000
v -14.91234 -2.37262 -0.00002
v -14.89092 -2.50123 -1.58475
v -12.97748 -0.48968 -2.30068
v -12.97748 -0.48971 2.30067
v -14.89092 -2.50125 1.58471
v -14.91234 -2.37262 -0.00002
v -13.00857 -0.30296 -0.00000
v -12.88632 -1.03721 4.44455
v -14.82813 -2.87838 3.06144
v -14.89092 -2.50125 1.58471
v -12.97748 -0.48971 2.30067
v -12.74131 -1.90814 6.28554
v -14.72824 -3.47828 4.32954
v -14.82813 -2.87838 3.06144
v -12.88632 -1.03721 4.44455
v -12.55233 -3.04315 7.69818
v -14.59807 -4.26009 5.30258
v -14.72824 -3.47828 4.32954
v -12.74131 -1.90814 6.28554
v -12.33225 -4.36489 8.58620
v -14.44648 -5.17052 5.91426
v -14.59807 -4.26009 5.30258
v -12.55233 -3.04315 7.69818
v -12.09608 -5.78328 8.88908
v -14.28380 -6.14753 6.12288
v -14.44648 -5.17052 5.91426
v -12.33225 -4.36489 8.58620
v -11.85991 -7.20167 8.58618
v -14.12113 -7.12453 5.91424
v -14.28380 -6.14753 6.12288
v -12.09608 -5.78328 8.88908
v -11.63984 -8.52340 7.69814
v -13.96954 -8.03495 5.30255
v -14.12113 -7.12453 5.91424
v -11.85991 -7.20167 8.58618
v -11.45085 -9.65839 6.28548
v -13.83936 -8.81674 4.32950
v -13.96954 -8.03495 5.30255
v -11.63984 -8.52340 7.69814
v -11.30584 -10.52929 4.44448
v -13.73948 -9.41663 3.06139
v -13.83936 -8.81674 4.32950
v -11.45085 -9.65839 6.28548
v -11.21468 -11.07675 2.30059
v -13.67669 -9.79373 1.58465
v -13.73948 -9.41663 3.06139
v -11.30584 -10.52929 4.44448
v -11.18359 -11.26347 -0.00009
v -13.65527 -9.92234 -0.00008
v -13.67669 -9.79373 1.58465
v -11.21468 -11.07675 2.30059
v -11.21468 -11.07671 -2.30076
v -13.67669 -9.79371 -1.58481
v -13.65527 -9.92234 -0.00008
v -11.18359 -11.26347 -0.00009
v -11.30584 -10.52922 -4.44465
v -13.73948 -9.41658 -3.06154
v -13.67669 -9.79371 -1.58481
v -11.21468 -11.07671 -2.30076
v -11.45085 -9.65829 -6.28564
v -13.83936 -8.81668 -4.32964
v -13.73948 -9.41658 -3.06154
v -11.30584 -10.52922 -4.44465
v -11.63984 -8.52328 -7.69827
v -13.96954 -8.03487 -5.30268
v -13.83936 -8.81668 -4.32964
v -11.45085 -9.65829 -6.28564
v -11.85991 -7.20154 -8.58629
v -14.12113 -7.12444 -5.91435
v -13.96954 -8.03487 -5.30268
v -11.63984 -8.52328 -7.69827
v -12.09608 -5.78314 -8.88917
v -14.28380 -6.14743 -6.12298
v -14.12113 -7.12444 -5.91435
v -11.85991 -7.20154 -8.58629
v -14.44648 -5.17043 -5.91434
v -15.71392 -5.87370 -3.01513
v -15.63099 -6.37177 -3.12150
v -14.28380 -6.14743 -6.12298
v -14.59807 -4.26001 -5.30265
v -15.79120 -5.40957 -2.70329
v -15.71392 -5.87370 -3.01513
v -14.44648 -5.17043 -5.91434
v -14.72824 -3.47821 -4.32959
v -15.85757 -5.01101 -2.20723
v -15.79120 -5.40957 -2.70329
v -14.59807 -4.26001 -5.30265
v -14.82813 -2.87833 -3.06149
v -15.90849 -4.70519 -1.56076
v -15.85757 -5.01101 -2.20723
v -14.72824 -3.47821 -4.32959
v -14.89092 -2.50123 -1.58475
v -15.94050 -4.51295 -0.80792
v -15.90849 -4.70519 -1.56076
v -14.82813 -2.87833 -3.06149
v -14.91234 -2.37262 -0.00002
v -15.95142 -4.44738 -0.00003
v -15.94050 -4.51295 -0.80792
v -14.89092 -2.50123 -1.58475
v -14.89092 -2.50125 1.58471
v -15.94050 -4.51296 0.80785
v -15.95142 -4.44738 -0.00003
v -14.91234 -2.37262 -0.00002
v -14.82813 -2.87838 3.06144
v -15.90849 -4.70522 1.56069
v -15.94050 -4.51296 0.80785
v -14.89092 -2.50125 1.58471
v -14.72824 -3.47828 4.32954
v -15.85757 -5.01105 2.20716
v -15.90849 -4.70522 1.56069
v -14.82813 -2.87838 3.06144
v -14.59807 -4.26009 5.30258
v -15.79120 -5.40961 2.70321
v -15.85757 -5.01105 2.20716
v -14.72824 -3.47828 4.32954
v -14.44648 -5.17052 5.91426
v -15.71392 -5.87374 3.01504
v -15.79120 -5.40961 2.70321
v -14.59807 -4.26009 5.30258
v -14.28380 -6.14753 6.12288
v -15.63099 -6.37182 3.12139
v -15.71392 -5.87374 3.01504
v -14.44648 -5.17052 5.91426
v -14.12113 -7.12453 5.91424
v -15.54806 -6.86989 3.01503
v -15.63099 -6.37182 3.12139
v -14.28380 -6.14753 6.12288
v -13.96954 -8.03495 5.30255
v -15.47078 -7.33402 2.70319
v -15.54806 -6.86989 3.01503
v -14.12113 -7.12453 5.91424
v -13.83936 -8.81674 4.32950
v -15.40442 -7.73257 2.20713
v -15.47078 -7.33402 2.70319
v -13.96954 -8.03495 5.30255
v -13.73948 -9.41663 3.06139
v -15.35350 -8.03839 1.56066
v -15.40442 -7.73257 2.20713
v -13.83936 -8.81674 4.32950
v -13.67669 -9.79373 1.58465
v -15.32149 -8.23064 0.80782
v -15.35350 -8.03839 1.56066
v -13.73948 -9.41663 3.06139
v -13.65527 -9.92234 -0.00008
v -15.31057 -8.29620 -0.00007
v -15.32149 -8.23064 0.80782
v -13.67669 -9.79373 1.58465
v -13.67669 -9.79371 -1.58481
v -15.32149 -8.23062 -0.80795
v -15.31057 -8.29620 -0.00007
v -13.65527 -9.92234 -0.00008
v -13.73948 -9.41658 -3.06154
v -15.35350 -8.03837 -1.56079
v -15.32149 -8.23062 -0.80795
v -13.67669 -9.79371 -1.58481
v -13.83936 -8.81668 -4.32964
v -15.40442 -7.73254 -2.20726
v -15.35350 -8.03837 -1.56079
v -13.73948 -9.41658 -3.06154
v -13.96954 -8.03487 -5.30268
v -15.47078 -7.33398 -2.70331
v -15.40442 -7.73254 -2.20726
v -13.83936 -8.81668 -4.32964
v -14.12113 -7.12444 -5.91435
v -15.54806 -6.86984 -3.01514
v -15.47078 -7.33398 -2.70331
v -13.96954 -8.03487 -5.30268
v -14.28380 -6.14743 -6.12298
v -15.63099 -6.37177 -3.12150
v -15.54806 -6.86984 -3.01514
v -14.12113 -7.12444 -5.91435
v -15.71392 -5.87370 -3.01513
v -16.08588 -6.44754 -0.00005
v -15.63099 -6.37177 -3.12150
v -15.79120 -5.40957 -2.70329
v -16.08588 -6.44754 -0.00005
v -15.71392 -5.87370 -3.01513
v -15.85757 -5.01101 -2.20723
v -16.08588 -6.44754 -0.00005
v -15.79120 -5.40957 -2.70329
v -15.90849 -4.70519 -1.56076
v -16.08588 -6.44754 -0.00005
v -15.85757 -5.01101 -2.20723
v -15.94050 -4.51295 -0.80792
v -16.08588 -6.44754 -0.00005
v -15.90849 -4.70519 -1.56076
v -15.95142 -4.44738 -0.00003
v -16.08588 -6.44754 -0.00005
v -15.94050 -4.51295 -0.80792
v -15.94050 -4.51296 0.80785
v -16.08588 -6.44754 -0.00005
v -15.95142 -4.44738 -0.00003
v -15.90849 -4.70522 1.56069
v -16.08588 -6.44754 -0.00005
v -15.94050 -4.51296 0.80785
v -15.85757 -5.01105 2.20716
v -16.08588 -6.44754 -0.00005
v -15.90849 -4.70522 1.56069
v -15.79120 -5.40961 2.70321
v -16.08588 -6.44754 -0.00005
v -15.85757 -5.01105 2.20716
v -15.71392 -5.87374 3.01504
v -16.08588 -6.44754 -0.00005
v -15.79120 -5.40961 2.70321
v -15.63099 -6.37182 3.12139
v -16.08588 -6.44754 -0.00005
v -15.71392 -5.87374 3.01504
v -15.54806 -6.86989 3.01503
v -16.08588 -6.44754 -0.00005
v -15.63099 -6.37182 3.12139
v -15.47078 -7.33402 2.70319
v -16.08588 -6.44754 -0.00005
v -15.54806 -6.86989 3.01503
v -15.40442 -7.73257 2.20713
v -16.08588 -6.44754 -0.00005
v -15.47078 -7.33402 2.70319
v -15.35350 -8.03839 1.56066
v -16.08588 -6.44754 -0.00005
v -15.40442 -7.73257 2.20713
v -15.32149 -8.23064 0.80782
v -16.08588 -6.44753 -0.00005
v -15.35350 -8.03839 1.56066
v -15.31057 -8.29620 -0.00007
v -16.08588 -6.44753 -0.00005
v -15.32149 -8.23064 0.80782
v -15.32149 -8.23062 -0.80795
v -16.08588 -6.44753 -0.00005
v -15.31057 -8.29620 -0.00007
v -15.35350 -8.03837 -1.56079
v -16.08588 -6.44753 -0.00005
v -15.32149 -8.23062 -0.80795
v -15.40442 -7.73254 -2.20726
v -16.08588 -6.44753 -0.00005
v -15.35350 -8.03837 -1.56079
v -15.47078 -7.33398 -2.70331
v -16.08588 -6.44754 -0.00005
v -15.40442 -7.73254 -2.20726
v -15.54806 -6.86984 -3.01514
v -16.08588 -6.44754 -0.00005
v -15.47078 -7.33398 -2.70331
v -15.63099 -6.37177 -3.12150
v -16.08588 -6.44754 -0.00005
v -15.54806 -6.86984 -3.01514
v 36.52333 3.32599 -7.19997
v 36.26019 4.90638 -7.01944
v 21.46389 2.44273 -7.01946
v 21.72703 0.86233 -7.19999
v 36.26019 4.90638 -7.01944
v 36.01024 6.40753 -6.48693
v 21.21394 3.94387 -6.48694
v 21.46389 2.44273 -7.01946
v 36.01024 6.40753 -6.48693
v 35.78602 7.75414 -5.62913
v 20.98972 5.29048 -5.62915
v 21.21394 3.94387 -6.48694
v 35.78602 7.75414 -5.62913
v 35.59877 8.87871 -4.48906
v 20.80247 6.41505 -4.48908
v 20.98972 5.29048 -5.62915
v 35.59877 8.87871 -4.48906
v 35.45788 9.72484 -3.12389
v 20.66159 7.26118 -3.12391
v 20.80247 6.41505 -4.48908
v 35.45788 9.72484 -3.12389
v 35.37042 10.25010 -1.60207
v 20.57413 7.78644 -1.60209
v 20.66159 7.26118 -3.12391
v 35.37042 10.25010 -1.60207
v 35.34077 10.42816 0.00008
v 20.54448 7.96450 0.00006
v 20.57413 7.78644 -1.60209
v 35.34077 10.42816 0.00008
v 35.37042 10.25008 1.60223
v 20.57413 7.78642 1.60221
v 20.54448 7.96450 0.00006
v 35.37042 10.25008 1.60223
v 35.45788 9.72479 3.12404
v 20.66159 7.26113 3.12402
v 20.57413 7.78642 1.60221
v 35.45788 9.72479 3.12404
v 35.59877 8.87864 4.48920
v 20.80247 6.41498 4.48918
v 20.66159 7.26113 3.12402
v 35.59877 8.87864 4.48920
v 35.78602 7.75405 5.62925
v 20.98972 5.29039 5.62923
v 20.80247 6.41498 4.48918
v 35.78602 7.75405 5.62925
v 36.01024 6.40742 6.48703
v 21.21394 3.94377 6.48701
v 20.98972 5.29039 5.62923
v 36.01024 6.40742 6.48703
v 36.26019 4.90627 7.01952
v 21.46389 2.44262 7.01950
v 21.21394 3.94377 6.48701
v 36.26019 4.90627 7.01952
v 36.52333 3.32588 7.20003
v 21.72703 0.86222 7.20001
v 21.46389 2.44262 7.01950
v 36.52333 3.32588 7.20003
v 36.78647 1.74549 7.01949
v 21.99018 -0.71817 7.01947
v 21.72703 0.86222 7.20001
v 36.78647 1.74549 7.01949
v 37.03642 0.24435 6.48698
v 22.24013 -2.21931 6.48696
v 21.99018 -0.71817 7.01947
v 37.03642 0.24435 6.48698
v 37.26064 -1.10227 5.62918
v 22.46435 -3.56593 5.62916
v 22.24013 -2.21931 6.48696
v 37.26064 -1.10227 5.62918
v 37.44789 -2.22684 4.48911
v 22.65159 -4.69050 4.48909
v 22.46435 -3.56593 5.62916
v 37.44789 -2.22684 4.48911
v 37.58878 -3.07297 3.12394
v 22.79248 -5.53663 3.12392
v 22.65159 -4.69050 4.48909
v 37.58878 -3.07297 3.12394
v 37.67624 -3.59823 1.60212
v 22.87994 -6.06189 1.60210
v 22.79248 -5.53663 3.12392
v 37.67624 -3.59823 1.60212
v 37.70589 -3.77629 -0.00003
v 22.90959 -6.23994 -0.00005
v 22.87994 -6.06189 1.60210
v 37.70589 -3.77629 -0.00003
v 37.67624 -3.59820 -1.60218
v 22.87994 -6.06186 -1.60220
v 22.90959 -6.23994 -0.00005
v 37.67624 -3.59820 -1.60218
v 37.58878 -3.07292 -3.12399
v 22.79248 -5.53658 -3.12400
v 22.87994 -6.06186 -1.60220
v 37.58878 -3.07292 -3.12399
v 37.44789 -2.22677 -4.48914
v 22.65159 -4.69043 -4.48916
v 22.79248 -5.53658 -3.12400
v 37.44789 -2.22677 -4.48914
v 37.26064 -1.10218 -5.62919
v 22.46435 -3.56584 -5.62921
v 22.65159 -4.69043 -4.48916
v 37.26064 -1.10218 -5.62919
v 37.03642 0.24445 -6.48697
v 22.24013 -2.21921 -6.48699
v 22.46435 -3.56584 -5.62921
v 37.03642 0.24445 -6.48697
v 36.78647 1.74560 -7.01947
v 21.99018 -0.71806 -7.01949
v 22.24013 -2.21921 -6.48699
v 36.78647 1.74560 -7.01947
v 36.52333 3.32599 -7.19997
v 21.72703 0.86233 -7.19999
v 21.99018 -0.71806 -7.01949
v 36.78647 1.74560 -7.01947
v 37.03642 0.24445 -6.48697
v 37.26064 -1.10218 -5.62919
v 37.44789 -2.22677 -4.48914
v 37.58878 -3.07292 -3.12399
v 37.67624 -3.59820 -1.60218
v 37.70589 -3.77629 -0.00003
v 37.67624 -3.59823 1.60212
v 37.58878 -3.07297 3.12394
v 37.44789 -2.22684 4.48911
v 37.26064 -1.10227 5.62918
v 37.03642 0.24435 6.48698
v 36.78647 1.74549 7.01949
v 36.52333 3.32588 7.20003
v 36.26019 4.90627 7.01952
v 36.01024 6.40742 6.48703
v 35.78602 7.75405 5.62925
v 35.59877 8.87864 4.48920
v 35.45788 9.72479 3.12404
v 35.37042 10.25008 1.60223
v 35.34077 10.42816 0.00008
v 35.37042 10.25010 -1.60207
v 35.45788 9.72484 -3.12389
v 35.59877 8.87871 -4.48906
v 35.78602 7.75414 -5.62913
v 36.01024 6.40753 -6.48693
v 36.26019 4.90638 -7.01944
v 36.52333 3.32599 -7.19997
v 21.72703 0.86233 -7.19999
v 21.46389 2.44273 -7.01946
v 21.21394 3.94387 -6.48694
v 20.98972 5.29048 -5.62915
v 20.80247 6.41505 -4.48908
v 20.66159 7.26118 -3.12391
v 20.57413 7.78644 -1.60209
v 20.54448 7.96450 0.00006
v 20.57413 7.78642 1.60221
v 20.66159 7.26113 3.12402
v 20.80247 6.41498 4.48918
v 20.98972 5.29039 5.62923
v 21.21394 3.94377 6.48701
v 21.46389 2.44262 7.01950
v 21.72703 0.86222 7.20001
v 21.99018 -0.71817 7.01947
v 22.24013 -2.21931 6.48696
v 22.46435 -3.56593 5.62916
v 22.65159 -4.69050 4.48909
v 22.79248 -5.53663 3.12392
v 22.87994 -6.06189 1.60210
v 22.90959 -6.23994 -0.00005
v 22.87994 -6.06186 -1.60220
v 22.79248 -5.53658 -3.12400
v 22.65159 -4.69043 -4.48916
v 22.46435 -3.56584 -5.62921
v 22.24013 -2.21921 -6.48699
v 21.99018 -0.71806 -7.01949
v 3.83788 -15.29546 16.49988
v 22.82647 -12.13377 16.49990
v 30.76714 -10.81155 9.89991
v 30.76714 -10.81139 -9.90008
v 22.82647 -12.13351 -16.50010
v 3.83788 -15.29520 -16.50012
v -3.75755 -16.55992 -11.55013
v -3.75755 -16.56010 11.54987
v -2.84415 -10.32540 10.27942
v -2.84415 -10.32524 -10.27958
v 3.91578 -9.19964 -14.68507
v 20.81562 -6.38573 -14.68505
v 27.88282 -5.20905 -8.81104
v 27.88282 -5.20919 8.81096
v 20.81562 -6.38596 14.68495
v 3.91578 -9.19987 14.68493
v -3.75755 -16.56010 11.54987
v -3.75755 -16.55992 -11.55013
v -4.57877 -11.62782 -11.55009
v -4.57877 -11.62800 11.54991
v -4.57877 -11.62800 11.54991
v -4.57877 -11.62782 -11.55009
v -2.84415 -10.32524 -10.27958
v -2.84415 -10.32540 10.27942
v -3.75755 -16.55992 -11.55013
v 3.83788 -15.29520 -16.50012
v 3.01666 -10.36310 -16.50008
v -4.57877 -11.62782 -11.55009
v -4.57877 -11.62782 -11.55009
v 3.01666 -10.36310 -16.50008
v 3.91578 -9.19964 -14.68507
v -2.84415 -10.32524 -10.27958
v 3.83788 -15.29520 -16.50012
v 22.82647 -12.13351 -16.50010
v 22.00525 -7.20141 -16.50006
v 3.01666 -10.36310 -16.50008
v 3.01666 -10.36310 -16.50008
v 22.00525 -7.20141 -16.50006
v 20.81562 -6.38573 -14.68505
v 3.91578 -9.19964 -14.68507
v 22.82647 -12.13351 -16.50010
v 30.76714 -10.81139 -9.90008
v 29.94592 -5.87930 -9.90005
v 22.00525 -7.20141 -16.50006
v 22.00525 -7.20141 -16.50006
v 29.94592 -5.87930 -9.90005
v 27.88282 -5.20905 -8.81104
v 20.81562 -6.38573 -14.68505
v 30.76714 -10.81139 -9.90008
v 30.76714 -10.81155 9.89991
v 29.94592 -5.87945 9.89995
v 29.94592 -5.87930 -9.90005
v 29.94592 -5.87930 -9.90005
v 29.94592 -5.87945 9.89995
v 27.88282 -5.20919 8.81096
v 27.88282 -5.20905 -8.81104
v 30.76714 -10.81155 9.89991
v 22.82647 -12.13377 16.49990
v 22.00525 -7.20167 16.49994
v 29.94592 -5.87945 9.89995
v 29.94592 -5.87945 9.89995
v 22.00525 -7.20167 16.49994
v 20.81562 -6.38596 14.68495
v 27.88282 -5.20919 8.81096
v 22.82647 -12.13377 16.49990
v 3.83788 -15.29546 16.49988
v 3.01666 -10.36336 16.49992
v 22.00525 -7.20167 16.49994
v 22.00525 -7.20167 16.49994
v 3.01666 -10.36336 16.49992
v 3.91578 -9.19987 14.68493
v 20.81562 -6.38596 14.68495
v 3.83788 -15.29546 16.49988
v -3.75755 -16.56010 11.54987
v -4.57877 -11.62800 11.54991
v 3.01666 -10.36336 16.49992
v 3.01666 -10.36336 16.49992
v -4.57877 -11.62800 11.54991
v -2.84415 -10.32540 10.27942
v 3.91578 -9.19987 14.68493
v 0.55301 4.43293 17.50003
v 19.54159 7.59462 17.50006
v 27.48226 8.91684 10.50007
v 27.48226 8.91701 -10.49993
v 19.54159 7.59490 -17.49994
v 0.55301 4.43320 -17.49997
v -7.04243 3.16848 -12.24998
v -7.04243 3.16829 12.25002
v -6.45752 11.37583 10.90259
v -6.45752 11.37600 -10.90241
v 0.30241 12.50160 -15.57490
v 17.20225 15.31551 -15.57488
v 24.26945 16.49219 -9.34487
v 24.26945 16.49204 9.34513
v 17.20225 15.31526 15.57512
v 0.30241 12.50135 15.57510
v -7.04243 3.16829 12.25002
v -7.04243 3.16848 -12.24998
v -8.17571 9.97478 -12.24992
v -8.17571 9.97458 12.25008
v -8.17571 9.97458 12.25008
v -8.17571 9.97478 -12.24992
v -6.45752 11.37600 -10.90241
v -6.45752 11.37583 10.90259
v -7.04243 3.16848 -12.24998
v 0.55301 4.43320 -17.49997
v -0.58028 11.23950 -17.49991
v -8.17571 9.97478 -12.24992
v -8.17571 9.97478 -12.24992
v -0.58028 11.23950 -17.49991
v 0.30241 12.50160 -15.57490
v -6.45752 11.37600 -10.90241
v 0.55301 4.43320 -17.49997
v 19.54159 7.59490 -17.49994
v 18.40830 14.40119 -17.49989
v -0.58028 11.23950 -17.49991
v -0.58028 11.23950 -17.49991
v 18.40830 14.40119 -17.49989
v 17.20225 15.31551 -15.57488
v 0.30241 12.50160 -15.57490
v 19.54159 7.59490 -17.49994
v 27.48226 8.91701 -10.49993
v 26.34898 15.72330 -10.49988
v 18.40830 14.40119 -17.49989
v 18.40830 14.40119 -17.49989
v 26.34898 15.72330 -10.49988
v 24.26945 16.49219 -9.34487
v 17.20225 15.31551 -15.57488
v 27.48226 8.91701 -10.49993
v 27.48226 8.91684 10.50007
v 26.34898 15.72314 10.50012
v 26.34898 15.72330 -10.49988
v 26.34898 15.72330 -10.49988
v 26.34898 15.72314 10.50012
v 24.26945 16.49204 9.34513
v 24.26945 16.49219 -9.34487
v 27.48226 8.91684 10.50007
v 19.54159 7.59462 17.50006
v 18.40830 14.40092 17.50011
v 26.34898 15.72314 10.50012
v 26.34898 15.72314 10.50012
v 18.40830 14.40092 17.50011
v 17.20225 15.31526 15.57512
v 24.26945 16.49204 9.34513
v 19.54159 7.59462 17.50006
v 0.55301 4.43293 17.50003
v -0.58028 11.23922 17.50009
v 18.40830 14.40092 17.50011
v 18.40830 14.40092 17.50011
v -0.58028 11.23922 17.50009
v 0.30241 12.50135 15.57510
v 17.20225 15.31526 15.57512
v 0.55301 4.43293 17.50003
v -7.04243 3.16829 12.25002
v -8.17571 9.97458 12.25008
v -0.58028 11.23922 17.50009
v -0.58028 11.23922 17.50009
v -8.17571 9.97458 12.25008
v -6.45752 11.37583 10.90259
v 0.30241 12.50135 15.57510
v 10.76364 13.73631 17.10011
v 18.90161 15.09132 17.10012
v 22.30476 15.65799 13.90012
v 22.30476 15.65806 4.30012
v 18.90161 15.09144 1.10012
v 10.76364 13.73643 1.10011
v 7.50846 13.19441 3.50010
v 7.50846 13.19432 14.70010
v 7.82952 16.28909 14.08413
v 7.82952 16.28916 4.11613
v 10.72664 16.77156 1.98013
v 17.96943 17.97753 1.98014
v 20.99823 18.48182 4.82815
v 20.99823 18.48175 13.37214
v 17.96943 17.97742 16.22014
v 10.72664 16.77145 16.22013
v 7.50846 13.19432 14.70010
v 7.50846 13.19441 3.50010
v 7.13070 15.46317 3.50012
v 7.13070 15.46309 14.70012
v 7.13070 15.46309 14.70012
v 7.13070 15.46317 3.50012
v 7.82952 16.28916 4.11613
v 7.82952 16.28909 14.08413
v 7.50846 13.19441 3.50010
v 10.76364 13.73643 1.10011
v 10.38588 16.00520 1.10013
v 7.13070 15.46317 3.50012
v 7.13070 15.46317 3.50012
v 10.38588 16.00520 1.10013
v 10.72664 16.77156 1.98013
v 7.82952 16.28916 4.11613
v 10.76364 13.73643 1.10011
v 18.90161 15.09144 1.10012
v 18.52385 17.36021 1.10014
v 10.38588 16.00520 1.10013
v 10.38588 16.00520 1.10013
v 18.52385 17.36021 1.10014
v 17.96943 17.97753 1.98014
v 10.72664 16.77156 1.98013
v 18.90161 15.09144 1.10012
v 22.30476 15.65806 4.30012
v 21.92699 17.92683 4.30014
v 18.52385 17.36021 1.10014
v 18.52385 17.36021 1.10014
v 21.92699 17.92683 4.30014
v 20.99823 18.48182 4.82815
v 17.96943 17.97753 1.98014
v 22.30476 15.65806 4.30012
v 22.30476 15.65799 13.90012
v 21.92699 17.92675 13.90014
v 21.92699 17.92683 4.30014
v 21.92699 17.92683 4.30014
v 21.92699 17.92675 13.90014
v 20.99823 18.48175 13.37214
v 20.99823 18.48182 4.82815
v 22.30476 15.65799 13.90012
v 18.90161 15.09132 17.10012
v 18.52385 17.36008 17.10014
v 21.92699 17.92675 13.90014
v 21.92699 17.92675 13.90014
v 18.52385 17.36008 17.10014
v 17.96943 17.97742 16.22014
v 20.99823 18.48175 13.37214
v 18.90161 15.09132 17.10012
v 10.76364 13.73631 17.10011
v 10.38588 16.00507 17.10013
v 18.52385 17.36008 17.10014
v 18.52385 17.36008 17.10014
v 10.38588 16.00507 17.10013
v 10.72664 16.77145 16.22013
v 17.96943 17.97742 16.22014
v 10.76364 13.73631 17.10011
v 7.50846 13.19432 14.70010
v 7.13070 15.46309 14.70012
v 10.38588 16.00507 17.10013
v 10.38588 16.00507 17.10013
v 7.13070 15.46309 14.70012
v 7.82952 16.28909 14.08413
v 10.72664 16.77145 16.22013
v 29.20520 -11.78131 16.49991
v 25.03340 13.27375 16.50010
v 27.40081 13.66794 16.50011
v 31.57261 -11.38712 16.49991
v 31.57261 -11.38708 11.49991
v 27.40081 13.66798 11.50011
v 25.03340 13.27379 11.50010
v 29.20520 -11.78127 11.49991
v 29.33660 -12.57044 15.69990
v 31.70400 -12.17625 15.69990
v 31.70400 -12.17623 12.29990
v 29.33660 -12.57041 12.29990
v 24.90201 14.06292 12.30011
v 27.26942 14.45711 12.30011
v 27.26942 14.45708 15.70011
v 24.90201 14.06289 15.70011
v 28.41607 -11.91270 15.69991
v 28.41607 -11.91267 12.29991
v 24.24427 13.14239 12.30010
v 24.24427 13.14236 15.70010
v 28.18995 13.79934 15.70011
v 28.18995 13.79937 12.30011
v 32.36174 -11.25570 12.29991
v 32.36174 -11.25572 15.69991
v 29.33660 -12.57044 15.69990
v 29.33660 -12.57041 12.29990
v 28.41607 -11.91267 12.29991
v 28.41607 -11.91270 15.69991
v 32.36174 -11.25572 15.69991
v 32.36174 -11.25570 12.29991
v 31.70400 -12.17623 12.29990
v 31.70400 -12.17625 15.69990
v 24.24427 13.14236 15.70010
v 24.24427 13.14239 12.30010
v 24.90201 14.06292 12.30011
v 24.90201 14.06289 15.70011
v 27.26942 14.45708 15.70011
v 27.26942 14.45711 12.30011
v 28.18995 13.79937 12.30011
v 28.18995 13.79934 15.70011
v 28.41607 -11.91270 15.69991
v 24.24427 13.14236 15.70010
v 25.03340 13.27375 16.50010
v 29.20520 -11.78131 16.49991
v 29.20520 -11.78127 11.49991
v 25.03340 13.27379 11.50010
v 24.24427 13.14239 12.30010
v 28.41607 -11.91267 12.29991
v 31.57261 -11.38712 16.49991
v 27.40081 13.66794 16.50011
v 28.18995 13.79934 15.70011
v 32.36174 -11.25572 15.69991
v 32.36174 -11.25570 12.29991
v 28.18995 13.79937 12.30011
v 27.40081 13.66798 11.50011
v 31.57261 -11.38708 11.49991
v 29.20520 -11.78131 16.49991
v 31.57261 -11.38712 16.49991
v 31.70400 -12.17625 15.69990
v 29.33660 -12.57044 15.69990
v 24.90201 14.06289 15.70011
v 27.26942 14.45708 15.70011
v 27.40081 13.66794 16.50011
v 25.03340 13.27375 16.50010
v 29.33660 -12.57041 12.29990
v 31.70400 -12.17623 12.29990
v 31.57261 -11.38708 11.49991
v 29.20520 -11.78127 11.49991
v 25.03340 13.27379 11.50010
v 27.40081 13.66798 11.50011
v 27.26942 14.45711 12.30011
v 24.90201 14.06292 12.30011
v 29.20520 -11.78131 16.49991
v 29.33660 -12.57044 15.69990
v 28.41607 -11.91270 15.69991
v 32.36174 -11.25572 15.69991
v 31.70400 -12.17625 15.69990
v 31.57261 -11.38712 16.49991
v 24.24427 13.14236 15.70010
v 24.90201 14.06289 15.70011
v 25.03340 13.27375 16.50010
v 27.40081 13.66794 16.50011
v 27.26942 14.45708 15.70011
v 28.18995 13.79934 15.70011
v 28.41607 -11.91267 12.29991
v 29.33660 -12.57041 12.29990
v 29.20520 -11.78127 11.49991
v 31.57261 -11.38708 11.49991
v 31.70400 -12.17623 12.29990
v 32.36174 -11.25570 12.29991
v 25.03340 13.27379 11.50010
v 24.90201 14.06292 12.30011
v 24.24427 13.14239 12.30010
v 28.18995 13.79937 12.30011
v 27.26942 14.45711 12.30011
v 27.40081 13.66798 11.50011
v 17.58255 16.62047 13.45013
v 17.26365 16.56737 13.55517
v 17.33756 16.12348 13.55517
v 17.65646 16.17658 13.45013
v 17.26365 16.56737 13.55517
v 17.06657 16.53455 13.83017
v 17.14048 16.09066 13.83017
v 17.33756 16.12348 13.55517
v 17.06657 16.53455 13.83017
v 17.06657 16.53455 14.17009
v 17.14048 16.09066 14.17009
v 17.14048 16.09066 13.83017
v 17.06657 16.53455 14.17009
v 17.26365 16.56736 14.44509
v 17.33756 16.12347 14.44509
v 17.14048 16.09066 14.17009
v 17.26365 16.56736 14.44509
v 17.58255 16.62046 14.55013
v 17.65646 16.17657 14.55013
v 17.33756 16.12347 14.44509
v 17.58255 16.62046 14.55013
v 17.90144 16.67356 14.44509
v 17.97535 16.22967 14.44509
v 17.65646 16.17657 14.55013
v 17.90144 16.67356 14.44509
v 18.09852 16.70637 14.17009
v 18.17243 16.26248 14.17009
v 17.97535 16.22967 14.44509
v 18.09852 16.70637 14.17009
v 18.09852 16.70638 13.83017
v 18.17243 16.26249 13.83017
v 18.17243 16.26248 14.17009
v 18.09852 16.70638 13.83017
v 17.90144 16.67356 13.55517
v 17.97535 16.22967 13.55517
v 18.17243 16.26249 13.83017
v 17.90144 16.67356 13.55517
v 17.58255 16.62047 13.45013
v 17.65646 16.17658 13.45013
v 17.97535 16.22967 13.55517
v 17.90144 16.67356 13.55517
v 18.09852 16.70638 13.83017
v 18.09852 16.70637 14.17009
v 17.90144 16.67356 14.44509
v 17.58255 16.62046 14.55013
v 17.26365 16.56736 14.44509
v 17.06657 16.53455 14.17009
v 17.06657 16.53455 13.83017
v 17.26365 16.56737 13.55517
v 17.58255 16.62047 13.45013
v 17.65646 16.17658 13.45013
v 17.33756 16.12348 13.55517
v 17.14048 16.09066 13.83017
v 17.14048 16.09066 14.17009
v 17.33756 16.12347 14.44509
v 17.65646 16.17657 14.55013
v 17.97535 16.22967 14.44509
v 18.17243 16.26248 14.17009
v 18.17243 16.26249 13.83017
v 17.97535 16.22967 13.55517
v 17.52582 16.59581 14.27513
v 17.50940 16.69445 14.27513
v 17.62777 16.71416 14.27513
v 17.64420 16.61552 14.27513
v 17.64420 16.61552 13.72513
v 17.62777 16.71416 13.72513
v 17.50940 16.69445 13.72513
v 17.52582 16.59581 13.72513
v 17.52582 16.59581 14.27513
v 17.64420 16.61552 14.27513
v 17.64420 16.61552 13.72513
v 17.52582 16.59581 13.72513
v 17.50940 16.69445 13.72513
v 17.62777 16.71416 13.72513
v 17.62777 16.71416 14.27513
v 17.50940 16.69445 14.27513
v 17.52582 16.59581 14.27513
v 17.52582 16.59581 13.72513
v 17.50940 16.69445 13.72513
v 17.50940 16.69445 14.27513
v 17.62777 16.71416 14.27513
v 17.62777 16.71416 13.72513
v 17.64420 16.61552 13.72513
v 17.64420 16.61552 14.27513
v -0.17301 13.66409 11.45011
v -0.49190 13.61099 11.55515
v -0.41799 13.16710 11.55514
v -0.09910 13.22020 11.45010
v -0.49190 13.61099 11.55515
v -0.68899 13.57817 11.83015
v -0.61508 13.13429 11.83014
v -0.41799 13.16710 11.55514
v -0.68899 13.57817 11.83015
v -0.68899 13.57817 12.17007
v -0.61508 13.13428 12.17006
v -0.61508 13.13429 11.83014
v -0.68899 13.57817 12.17007
v -0.49190 13.61099 12.44507
v -0.41799 13.16710 12.44506
v -0.61508 13.13428 12.17006
v -0.49190 13.61099 12.44507
v -0.17301 13.66408 12.55011
v -0.09910 13.22019 12.55010
v -0.41799 13.16710 12.44506
v -0.17301 13.66408 12.55011
v 0.14588 13.71718 12.44507
v 0.21979 13.27329 12.44506
v -0.09910 13.22019 12.55010
v 0.14588 13.71718 12.44507
v 0.34297 13.75000 12.17007
v 0.41688 13.30611 12.17006
v 0.21979 13.27329 12.44506
v 0.34297 13.75000 12.17007
v 0.34297 13.75000 11.83015
v 0.41688 13.30611 11.83014
v 0.41688 13.30611 12.17006
v 0.34297 13.75000 11.83015
v 0.14588 13.71719 11.55515
v 0.21979 13.27330 11.55515
v 0.41688 13.30611 11.83014
v 0.14588 13.71719 11.55515
v -0.17301 13.66409 11.45011
v -0.09910 13.22020 11.45010
v 0.21979 13.27330 11.55515
v 0.14588 13.71719 11.55515
v 0.34297 13.75000 11.83015
v 0.34297 13.75000 12.17007
v 0.14588 13.71718 12.44507
v -0.17301 13.66408 12.55011
v -0.49190 13.61099 12.44507
v -0.68899 13.57817 12.17007
v -0.68899 13.57817 11.83015
v -0.49190 13.61099 11.55515
v -0.17301 13.66409 11.45011
v -0.09910 13.22020 11.45010
v -0.41799 13.16710 11.55514
v -0.61508 13.13429 11.83014
v -0.61508 13.13428 12.17006
v -0.41799 13.16710 12.44506
v -0.09910 13.22019 12.55010
v 0.21979 13.27329 12.44506
v 0.41688 13.30611 12.17006
v 0.41688 13.30611 11.83014
v 0.21979 13.27330 11.55515
v -0.22973 13.63943 12.27511
v -0.24616 13.73808 12.27511
v -0.12779 13.75778 12.27511
v -0.11136 13.65914 12.27511
v -0.11136 13.65915 11.72511
v -0.12779 13.75779 11.72511
v -0.24616 13.73808 11.72511
v -0.22973 13.63944 11.72511
v -0.22973 13.63943 12.27511
v -0.11136 13.65914 12.27511
v -0.11136 13.65915 11.72511
v -0.22973 13.63944 11.72511
v -0.24616 13.73808 11.72511
v -0.12779 13.75779 11.72511
v -0.12779 13.75778 12.27511
v -0.24616 13.73808 12.27511
v -0.22973 13.63943 12.27511
v -0.22973 13.63944 11.72511
v -0.24616 13.73808 11.72511
v -0.24616 13.73808 12.27511
v -0.12779 13.75778 12.27511
v -0.12779 13.75779 11.72511
v -0.11136 13.65915 11.72511
v -0.11136 13.65914 12.27511
v 10.76364 13.73645 -1.09989
v 18.90161 15.09146 -1.09988
v 22.30476 15.65813 -4.29988
v 22.30476 15.65820 -13.89988
v 18.90161 15.09159 -17.09988
v 10.76364 13.73658 -17.09989
v 7.50846 13.19455 -14.69990
v 7.50846 13.19446 -3.49990
v 7.82952 16.28923 -4.11587
v 7.82952 16.28931 -14.08387
v 10.72664 16.77171 -16.21987
v 17.96943 17.97767 -16.21986
v 20.99823 18.48196 -13.37185
v 20.99823 18.48189 -4.82786
v 17.96943 17.97756 -1.97986
v 10.72664 16.77160 -1.97987
v 7.50846 13.19446 -3.49990
v 7.50846 13.19455 -14.69990
v 7.13070 15.46332 -14.69988
v 7.13070 15.46323 -3.49988
v 7.13070 15.46323 -3.49988
v 7.13070 15.46332 -14.69988
v 7.82952 16.28931 -14.08387
v 7.82952 16.28923 -4.11587
v 7.50846 13.19455 -14.69990
v 10.76364 13.73658 -17.09989
v 10.38588 16.00534 -17.09987
v 7.13070 15.46332 -14.69988
v 7.13070 15.46332 -14.69988
v 10.38588 16.00534 -17.09987
v 10.72664 16.77171 -16.21987
v 7.82952 16.28931 -14.08387
v 10.76364 13.73658 -17.09989
v 18.90161 15.09159 -17.09988
v 18.52385 17.36035 -17.09986
v 10.38588 16.00534 -17.09987
v 10.38588 16.00534 -17.09987
v 18.52385 17.36035 -17.09986
v 17.96943 17.97767 -16.21986
v 10.72664 16.77171 -16.21987
v 18.90161 15.09159 -17.09988
v 22.30476 15.65820 -13.89988
v 21.92699 17.92697 -13.89986
v 18.52385 17.36035 -17.09986
v 18.52385 17.36035 -17.09986
v 21.92699 17.92697 -13.89986
v 20.99823 18.48196 -13.37185
v 17.96943 17.97767 -16.21986
v 22.30476 15.65820 -13.89988
v 22.30476 15.65813 -4.29988
v 21.92699 17.92690 -4.29986
v 21.92699 17.92697 -13.89986
v 21.92699 17.92697 -13.89986
v 21.92699 17.92690 -4.29986
v 20.99823 18.48189 -4.82786
v 20.99823 18.48196 -13.37185
v 22.30476 15.65813 -4.29988
v 18.90161 15.09146 -1.09988
v 18.52385 17.36023 -1.09986
v 21.92699 17.92690 -4.29986
v 21.92699 17.92690 -4.29986
v 18.52385 17.36023 -1.09986
v 17.96943 17.97756 -1.97986
v 20.99823 18.48189 -4.82786
v 18.90161 15.09146 -1.09988
v 10.76364 13.73645 -1.09989
v 10.38588 16.00521 -1.09987
v 18.52385 17.36023 -1.09986
v 18.52385 17.36023 -1.09986
v 10.38588 16.00521 -1.09987
v 10.72664 16.77160 -1.97987
v 17.96943 17.97756 -1.97986
v 10.76364 13.73645 -1.09989
v 7.50846 13.19446 -3.49990
v 7.13070 15.46323 -3.49988
v 10.38588 16.00521 -1.09987
v 10.38588 16.00521 -1.09987
v 7.13070 15.46323 -3.49988
v 7.82952 16.28923 -4.11587
v 10.72664 16.77160 -1.97987
v 29.20520 -11.78109 -11.50009
v 25.03340 13.27397 -11.49990
v 27.40081 13.66816 -11.49989
v 31.57261 -11.38690 -11.50009
v 31.57261 -11.38687 -16.50009
v 27.40081 13.66820 -16.49989
v 25.03340 13.27401 -16.49990
v 29.20520 -11.78105 -16.50009
v 29.33660 -12.57022 -12.30010
v 31.70400 -12.17603 -12.30010
v 31.70400 -12.17601 -15.70010
v 29.33660 -12.57019 -15.70010
v 24.90201 14.06314 -15.69989
v 27.26942 14.45733 -15.69989
v 27.26942 14.45730 -12.29989
v 24.90201 14.06311 -12.29989
v 28.41607 -11.91248 -12.30009
v 28.41607 -11.91245 -15.70009
v 24.24427 13.14261 -15.69990
v 24.24427 13.14258 -12.29990
v 28.18995 13.79956 -12.29989
v 28.18995 13.79959 -15.69989
v 32.36174 -11.25548 -15.70009
v 32.36174 -11.25550 -12.30009
v 29.33660 -12.57022 -12.30010
v 29.33660 -12.57019 -15.70010
v 28.41607 -11.91245 -15.70009
v 28.41607 -11.91248 -12.30009
v 32.36174 -11.25550 -12.30009
v 32.36174 -11.25548 -15.70009
v 31.70400 -12.17601 -15.70010
v 31.70400 -12.17603 -12.30010
v 24.24427 13.14258 -12.29990
v 24.24427 13.14261 -15.69990
v 24.90201 14.06314 -15.69989
v 24.90201 14.06311 -12.29989
v 27.26942 14.45730 -12.29989
v 27.26942 14.45733 -15.69989
v 28.18995 13.79959 -15.69989
v 28.18995 13.79956 -12.29989
v 28.41607 -11.91248 -12.30009
v 24.24427 13.14258 -12.29990
v 25.03340 13.27397 -11.49990
v 29.20520 -11.78109 -11.50009
v 29.20520 -11.78105 -16.50009
v 25.03340 13.27401 -16.49990
v 24.24427 13.14261 -15.69990
v 28.41607 -11.91245 -15.70009
v 31.57261 -11.38690 -11.50009
v 27.40081 13.66816 -11.49989
v 28.18995 13.79956 -12.29989
v 32.36174 -11.25550 -12.30009
v 32.36174 -11.25548 -15.70009
v 28.18995 13.79959 -15.69989
v 27.40081 13.66820 -16.49989
v 31.57261 -11.38687 -16.50009
v 29.20520 -11.78109 -11.50009
v 31.57261 -11.38690 -11.50009
v 31.70400 -12.17603 -12.30010
v 29.33660 -12.57022 -12.30010
v 24.90201 14.06311 -12.29989
v 27.26942 14.45730 -12.29989
v 27.40081 13.66816 -11.49989
v 25.03340 13.27397 -11.49990
v 29.33660 -12.57019 -15.70010
v 31.70400 -12.17601 -15.70010
v 31.57261 -11.38687 -16.50009
v 29.20520 -11.78105 -16.50009
v 25.03340 13.27401 -16.49990
v 27.40081 13.66820 -16.49989
v 27.26942 14.45733 -15.69989
v 24.90201 14.06314 -15.69989
v 29.20520 -11.78109 -11.50009
v 29.33660 -12.57022 -12.30010
v 28.41607 -11.91248 -12.30009
v 32.36174 -11.25550 -12.30009
v 31.70400 -12.17603 -12.30010
v 31.57261 -11.38690 -11.50009
v 24.24427 13.14258 -12.29990
v 24.90201 14.06311 -12.29989
v 25.03340 13.27397 -11.49990
v 27.40081 13.66816 -11.49989
v 27.26942 14.45730 -12.29989
v 28.18995 13.79956 -12.29989
v 28.41607 -11.91245 -15.70009
v 29.33660 -12.57019 -15.70010
v 29.20520 -11.78105 -16.50009
v 31.57261 -11.38687 -16.50009
v 31.70400 -12.17601 -15.70010
v 32.36174 -11.25548 -15.70009
v 25.03340 13.27401 -16.49990
v 24.90201 14.06314 -15.69989
v 24.24427 13.14261 -15.69990
v 28.18995 13.79959 -15.69989
v 27.26942 14.45733 -15.69989
v 27.40081 13.66820 -16.49989
v 17.58255 16.62069 -14.54987
v 17.26365 16.56759 -14.44483
v 17.33756 16.12370 -14.44483
v 17.65646 16.17680 -14.54987
v 17.26365 16.56759 -14.44483
v 17.06657 16.53477 -14.16983
v 17.14048 16.09088 -14.16983
v 17.33756 16.12370 -14.44483
v 17.06657 16.53477 -14.16983
v 17.06657 16.53477 -13.82991
v 17.14048 16.09088 -13.82991
v 17.14048 16.09088 -14.16983
v 17.06657 16.53477 -13.82991
v 17.26365 16.56758 -13.55491
v 17.33756 16.12369 -13.55491
v 17.14048 16.09088 -13.82991
v 17.26365 16.56758 -13.55491
v 17.58255 16.62068 -13.44987
v 17.65646 16.17679 -13.44987
v 17.33756 16.12369 -13.55491
v 17.58255 16.62068 -13.44987
v 17.90144 16.67377 -13.55491
v 17.97535 16.22989 -13.55491
v 17.65646 16.17679 -13.44987
v 17.90144 16.67377 -13.55491
v 18.09852 16.70659 -13.82991
v 18.17243 16.26270 -13.82991
v 17.97535 16.22989 -13.55491
v 18.09852 16.70659 -13.82991
v 18.09852 16.70660 -14.16983
v 18.17243 16.26271 -14.16983
v 18.17243 16.26270 -13.82991
v 18.09852 16.70660 -14.16983
v 17.90144 16.67378 -14.44483
v 17.97535 16.22989 -14.44483
v 18.17243 16.26271 -14.16983
v 17.90144 16.67378 -14.44483
v 17.58255 16.62069 -14.54987
v 17.65646 16.17680 -14.54987
v 17.97535 16.22989 -14.44483
v 17.90144 16.67378 -14.44483
v 18.09852 16.70660 -14.16983
v 18.09852 16.70659 -13.82991
v 17.90144 16.67377 -13.55491
v 17.58255 16.62068 -13.44987
v 17.26365 16.56758 -13.55491
v 17.06657 16.53477 -13.82991
v 17.06657 16.53477 -14.16983
v 17.26365 16.56759 -14.44483
v 17.58255 16.62069 -14.54987
v 17.65646 16.17680 -14.54987
v 17.33756 16.12370 -14.44483
v 17.14048 16.09088 -14.16983
v 17.14048 16.09088 -13.82991
v 17.33756 16.12369 -13.55491
v 17.65646 16.17679 -13.44987
v 17.97535 16.22989 -13.55491
v 18.17243 16.26270 -13.82991
v 18.17243 16.26271 -14.16983
v 17.97535 16.22989 -14.44483
v 17.52582 16.59603 -13.72487
v 17.50940 16.69467 -13.72487
v 17.62777 16.71438 -13.72487
v 17.64420 16.61574 -13.72487
v 17.64420 16.61574 -14.27487
v 17.62777 16.71438 -14.27487
v 17.50940 16.69468 -14.27487
v 17.52582 16.59603 -14.27487
v 17.52582 16.59603 -13.72487
v 17.64420 16.61574 -13.72487
v 17.64420 16.61574 -14.27487
v 17.52582 16.59603 -14.27487
v 17.50940 16.69468 -14.27487
v 17.62777 16.71438 -14.27487
v 17.62777 16.71438 -13.72487
v 17.50940 16.69467 -13.72487
v 17.52582 16.59603 -13.72487
v 17.52582 16.59603 -14.27487
v 17.50940 16.69468 -14.27487
v 17.50940 16.69467 -13.72487
v 17.62777 16.71438 -13.72487
v 17.62777 16.71438 -14.27487
v 17.64420 16.61574 -14.27487
v 17.64420 16.61574 -13.72487
v -0.17301 13.66428 -12.54989
v -0.49190 13.61118 -12.44485
v -0.41799 13.16729 -12.44486
v -0.09910 13.22039 -12.54990
v -0.49190 13.61118 -12.44485
v -0.68899 13.57836 -12.16985
v -0.61508 13.13447 -12.16986
v -0.41799 13.16729 -12.44486
v -0.68899 13.57836 -12.16985
v -0.68899 13.57836 -11.82993
v -0.61508 13.13447 -11.82994
v -0.61508 13.13447 -12.16986
v -0.68899 13.57836 -11.82993
v -0.49190 13.61117 -11.55493
v -0.41799 13.16728 -11.55494
v -0.61508 13.13447 -11.82994
v -0.49190 13.61117 -11.55493
v -0.17301 13.66427 -11.44989
v -0.09910 13.22038 -11.44990
v -0.41799 13.16728 -11.55494
v -0.17301 13.66427 -11.44989
v 0.14588 13.71737 -11.55493
v 0.21979 13.27348 -11.55494
v -0.09910 13.22038 -11.44990
v 0.14588 13.71737 -11.55493
v 0.34297 13.75019 -11.82993
v 0.41688 13.30630 -11.82994
v 0.21979 13.27348 -11.55494
v 0.34297 13.75019 -11.82993
v 0.34297 13.75019 -12.16985
v 0.41688 13.30630 -12.16986
v 0.41688 13.30630 -11.82994
v 0.34297 13.75019 -12.16985
v 0.14588 13.71737 -12.44485
v 0.21979 13.27349 -12.44485
v 0.41688 13.30630 -12.16986
v 0.14588 13.71737 -12.44485
v -0.17301 13.66428 -12.54989
v -0.09910 13.22039 -12.54990
v 0.21979 13.27349 -12.44485
v 0.14588 13.71737 -12.44485
v 0.34297 13.75019 -12.16985
v 0.34297 13.75019 -11.82993
v 0.14588 13.71737 -11.55493
v -0.17301 13.66427 -11.44989
v -0.49190 13.61117 -11.55493
v -0.68899 13.57836 -11.82993
v -0.68899 13.57836 -12.16985
v -0.49190 13.61118 -12.44485
v -0.17301 13.66428 -12.54989
v -0.09910 13.22039 -12.54990
v -0.41799 13.16729 -12.44486
v -0.61508 13.13447 -12.16986
v -0.61508 13.13447 -11.82994
v -0.41799 13.16728 -11.55494
v -0.09910 13.22038 -11.44990
v 0.21979 13.27348 -11.55494
v 0.41688 13.30630 -11.82994
v 0.41688 13.30630 -12.16986
v 0.21979 13.27349 -12.44485
v -0.22973 13.63962 -11.72489
v -0.24616 13.73826 -11.72489
v -0.12779 13.75797 -11.72489
v -0.11136 13.65933 -11.72489
v -0.11136 13.65934 -12.27489
v -0.12779 13.75798 -12.27489
v -0.24616 13.73827 -12.27489
v -0.22973 13.63963 -12.27489
v -0.22973 13.63962 -11.72489
v -0.11136 13.65933 -11.72489
v -0.11136 13.65934 -12.27489
v -0.22973 13.63963 -12.27489
v -0.24616 13.73827 -12.27489
v -0.12779 13.75798 -12.27489
v -0.12779 13.75797 -11.72489
v -0.24616 13.73826 -11.72489
v -0.22973 13.63962 -11.72489
v -0.22973 13.63963 -12.27489
v -0.24616 13.73827 -12.27489
v -0.24616 13.73826 -11.72489
v -0.12779 13.75797 -11.72489
v -0.12779 13.75798 -12.27489
v -0.11136 13.65934 -12.27489
v -0.11136 13.65933 -11.72489
v 29.61983 11.30027 13.00009
v 34.55193 12.12151 10.00010
v 34.55193 12.12167 -9.99990
v 29.61983 11.30047 -12.99991
v 25.67415 10.64348 -9.99992
v 25.67415 10.64332 10.00008
v 25.12271 16.63411 8.90013
v 25.12271 16.63425 -8.89987
v 28.63436 17.21898 -11.56987
v 33.02393 17.94985 -8.89986
v 33.02393 17.94971 8.90014
v 28.63436 17.21880 11.57014
v 25.67415 10.64332 10.00008
v 25.67415 10.64348 -9.99992
v 24.82008 15.77286 -9.99988
v 24.82008 15.77270 10.00012
v 24.82008 15.77270 10.00012
v 24.82008 15.77286 -9.99988
v 25.12271 16.63425 -8.89987
v 25.12271 16.63411 8.90013
v 25.67415 10.64348 -9.99992
v 29.61983 11.30047 -12.99991
v 28.76576 16.42986 -12.99987
v 24.82008 15.77286 -9.99988
v 24.82008 15.77286 -9.99988
v 28.76576 16.42986 -12.99987
v 28.63436 17.21898 -11.56987
v 25.12271 16.63425 -8.89987
v 29.61983 11.30047 -12.99991
v 34.55193 12.12167 -9.99990
v 33.69786 17.25105 -9.99986
v 28.76576 16.42986 -12.99987
v 28.76576 16.42986 -12.99987
v 33.69786 17.25105 -9.99986
v 33.02393 17.94985 -8.89986
v 28.63436 17.21898 -11.56987
v 34.55193 12.12167 -9.99990
v 34.55193 12.12151 10.00010
v 33.69786 17.25090 10.00014
v 33.69786 17.25105 -9.99986
v 33.69786 17.25105 -9.99986
v 33.69786 17.25090 10.00014
v 33.02393 17.94971 8.90014
v 33.02393 17.94985 -8.89986
v 34.55193 12.12151 10.00010
v 29.61983 11.30027 13.00009
v 28.76576 16.42965 13.00013
v 33.69786 17.25090 10.00014
v 33.69786 17.25090 10.00014
v 28.76576 16.42965 13.00013
v 28.63436 17.21880 11.57014
v 33.02393 17.94971 8.90014
v 29.61983 11.30027 13.00009
v 25.67415 10.64332 10.00008
v 24.82008 15.77270 10.00012
v 28.76576 16.42965 13.00013
v 28.76576 16.42965 13.00013
v 24.82008 15.77270 10.00012
v 25.12271 16.63411 8.90013
v 28.63436 17.21880 11.57014
v -12.39845 3.79712 13.50003
v -9.14326 4.33913 13.50003
v -7.78200 4.56583 8.10004
v -7.78200 4.56596 -8.09996
v -9.14326 4.33934 -13.49997
v -12.39845 3.79734 -13.49997
v -13.70052 3.58050 -9.44997
v -13.70052 3.58035 9.45003
v -14.19622 8.56666 8.41057
v -14.19622 8.56679 -8.41043
v -13.03738 8.75978 -12.01493
v -10.14026 9.24216 -12.01493
v -8.92874 9.44385 -7.20893
v -8.92874 9.44373 7.20907
v -10.14026 9.24197 12.01507
v -13.03738 8.75959 12.01507
v -13.70052 3.58035 9.45003
v -13.70052 3.58050 -9.44997
v -14.44783 8.06871 -9.44994
v -14.44783 8.06856 9.45006
v -14.44783 8.06856 9.45006
v -14.44783 8.06871 -9.44994
v -14.19622 8.56679 -8.41043
v -14.19622 8.56666 8.41057
v -13.70052 3.58050 -9.44997
v -12.39845 3.79734 -13.49997
v -13.14576 8.28555 -13.49994
v -14.44783 8.06871 -9.44994
v -14.44783 8.06871 -9.44994
v -13.14576 8.28555 -13.49994
v -13.03738 8.75978 -12.01493
v -14.19622 8.56679 -8.41043
v -12.39845 3.79734 -13.49997
v -9.14326 4.33934 -13.49997
v -9.89057 8.82755 -13.49993
v -13.14576 8.28555 -13.49994
v -13.14576 8.28555 -13.49994
v -9.89057 8.82755 -13.49993
v -10.14026 9.24216 -12.01493
v -13.03738 8.75978 -12.01493
v -9.14326 4.33934 -13.49997
v -7.78200 4.56596 -8.09996
v -8.52931 9.05416 -8.09993
v -9.89057 8.82755 -13.49993
v -9.89057 8.82755 -13.49993
v -8.52931 9.05416 -8.09993
v -8.92874 9.44385 -7.20893
v -10.14026 9.24216 -12.01493
v -7.78200 4.56596 -8.09996
v -7.78200 4.56583 8.10004
v -8.52931 9.05404 8.10007
v -8.52931 9.05416 -8.09993
v -8.52931 9.05416 -8.09993
v -8.52931 9.05404 8.10007
v -8.92874 9.44373 7.20907
v -8.92874 9.44385 -7.20893
v -7.78200 4.56583 8.10004
v -9.14326 4.33913 13.50003
v -9.89057 8.82734 13.50007
v -8.52931 9.05404 8.10007
v -8.52931 9.05404 8.10007
v -9.89057 8.82734 13.50007
v -10.14026 9.24197 12.01507
v -8.92874 9.44373 7.20907
v -9.14326 4.33913 13.50003
v -12.39845 3.79712 13.50003
v -13.14576 8.28533 13.50006
v -9.89057 8.82734 13.50007
v -9.89057 8.82734 13.50007
v -13.14576 8.28533 13.50006
v -13.03738 8.75959 12.01507
v -10.14026 9.24197 12.01507
v -12.39845 3.79712 13.50003
v -13.70052 3.58035 9.45003
v -14.44783 8.06856 9.45006
v -13.14576 8.28533 13.50006
v -13.14576 8.28533 13.50006
v -14.44783 8.06856 9.45006
v -14.19622 8.56666 8.41057
v -13.03738 8.75959 12.01507
v -16.34413 3.14016 12.00002
v -13.08894 3.68217 12.00003
v -11.72768 3.90886 7.20003
v -11.72768 3.90897 -7.19997
v -13.08894 3.68235 -11.99997
v -16.34413 3.14035 -11.99998
v -17.64620 2.92352 -8.39998
v -17.64620 2.92339 8.40002
v -18.14190 7.90969 7.47606
v -18.14190 7.90981 -7.47594
v -16.98306 8.10279 -10.67994
v -14.08594 8.58517 -10.67993
v -12.87442 8.78686 -6.40793
v -12.87442 8.78676 6.40807
v -14.08594 8.58501 10.68007
v -16.98306 8.10262 10.68006
v -17.64620 2.92339 8.40002
v -17.64620 2.92352 -8.39998
v -18.39351 7.41173 -8.39994
v -18.39351 7.41160 8.40006
v -18.39351 7.41160 8.40006
v -18.39351 7.41173 -8.39994
v -18.14190 7.90981 -7.47594
v -18.14190 7.90969 7.47606
v -17.64620 2.92352 -8.39998
v -16.34413 3.14035 -11.99998
v -17.09144 7.62856 -11.99994
v -18.39351 7.41173 -8.39994
v -18.39351 7.41173 -8.39994
v -17.09144 7.62856 -11.99994
v -16.98306 8.10279 -10.67994
v -18.14190 7.90981 -7.47594
v -16.34413 3.14035 -11.99998
v -13.08894 3.68235 -11.99997
v -13.83625 8.17056 -11.99994
v -17.09144 7.62856 -11.99994
v -17.09144 7.62856 -11.99994
v -13.83625 8.17056 -11.99994
v -14.08594 8.58517 -10.67993
v -16.98306 8.10279 -10.67994
v -13.08894 3.68235 -11.99997
v -11.72768 3.90897 -7.19997
v -12.47499 8.39718 -7.19993
v -13.83625 8.17056 -11.99994
v -13.83625 8.17056 -11.99994
v -12.47499 8.39718 -7.19993
v -12.87442 8.78686 -6.40793
v -14.08594 8.58517 -10.67993
v -11.72768 3.90897 -7.19997
v -11.72768 3.90886 7.20003
v -12.47499 8.39707 7.20007
v -12.47499 8.39718 -7.19993
v -12.47499 8.39718 -7.19993
v -12.47499 8.39707 7.20007
v -12.87442 8.78676 6.40807
v -12.87442 8.78686 -6.40793
v -11.72768 3.90886 7.20003
v -13.08894 3.68217 12.00003
v -13.83625 8.17037 12.00006
v -12.47499 8.39707 7.20007
v -12.47499 8.39707 7.20007
v -13.83625 8.17037 12.00006
v -14.08594 8.58501 10.68007
v -12.87442 8.78676 6.40807
v -13.08894 3.68217 12.00003
v -16.34413 3.14016 12.00002
v -17.09144 7.62837 12.00006
v -13.83625 8.17037 12.00006
v -13.83625 8.17037 12.00006
v -17.09144 7.62837 12.00006
v -16.98306 8.10262 10.68006
v -14.08594 8.58501 10.68007
v -16.34413 3.14016 12.00002
v -17.64620 2.92339 8.40002
v -18.39351 7.41160 8.40006
v -17.09144 7.62837 12.00006
v -17.09144 7.62837 12.00006
v -18.39351 7.41160 8.40006
v -18.14190 7.90969 7.47606
v -16.98306 8.10262 10.68006
v -20.28980 2.48320 10.50002
v -17.03462 3.02520 10.50002
v -15.67336 3.25189 6.30003
v -15.67336 3.25199 -6.29997
v -17.03462 3.02537 -10.49998
v -20.28980 2.48336 -10.49998
v -21.59188 2.26653 -7.34998
v -21.59188 2.26642 7.35002
v -22.08758 7.25272 6.54156
v -22.08758 7.25283 -6.54144
v -20.92873 7.44580 -9.34494
v -18.03162 7.92819 -9.34494
v -16.82010 8.12988 -5.60694
v -16.82010 8.12979 5.60706
v -18.03162 7.92804 9.34506
v -20.92873 7.44566 9.34506
v -21.59188 2.26642 7.35002
v -21.59188 2.26653 -7.34998
v -22.33919 6.75474 -7.34995
v -22.33919 6.75463 7.35005
v -22.33919 6.75463 7.35005
v -22.33919 6.75474 -7.34995
v -22.08758 7.25283 -6.54144
v -22.08758 7.25272 6.54156
v -21.59188 2.26653 -7.34998
v -20.28980 2.48336 -10.49998
v -21.03712 6.97157 -10.49995
v -22.33919 6.75474 -7.34995
v -22.33919 6.75474 -7.34995
v -21.03712 6.97157 -10.49995
v -20.92873 7.44580 -9.34494
v -22.08758 7.25283 -6.54144
v -20.28980 2.48336 -10.49998
v -17.03462 3.02537 -10.49998
v -17.78193 7.51358 -10.49994
v -21.03712 6.97157 -10.49995
v -21.03712 6.97157 -10.49995
v -17.78193 7.51358 -10.49994
v -18.03162 7.92819 -9.34494
v -20.92873 7.44580 -9.34494
v -17.03462 3.02537 -10.49998
v -15.67336 3.25199 -6.29997
v -16.42067 7.74020 -6.29994
v -17.78193 7.51358 -10.49994
v -17.78193 7.51358 -10.49994
v -16.42067 7.74020 -6.29994
v -16.82010 8.12988 -5.60694
v -18.03162 7.92819 -9.34494
v -15.67336 3.25199 -6.29997
v -15.67336 3.25189 6.30003
v -16.42067 7.74010 6.30006
v -16.42067 7.74020 -6.29994
v -16.42067 7.74020 -6.29994
v -16.42067 7.74010 6.30006
v -16.82010 8.12979 5.60706
v -16.82010 8.12988 -5.60694
v -15.67336 3.25189 6.30003
v -17.03462 3.02520 10.50002
v -17.78193 7.51341 10.50006
v -16.42067 7.74010 6.30006
v -16.42067 7.74010 6.30006
v -17.78193 7.51341 10.50006
v -18.03162 7.92804 9.34506
v -16.82010 8.12979 5.60706
v -17.03462 3.02520 10.50002
v -20.28980 2.48320 10.50002
v -21.03712 6.97141 10.50005
v -17.78193 7.51341 10.50006
v -17.78193 7.51341 10.50006
v -21.03712 6.97141 10.50005
v -20.92873 7.44566 9.34506
v -18.03162 7.92804 9.34506
v -20.28980 2.48320 10.50002
v -21.59188 2.26642 7.35002
v -22.33919 6.75463 7.35005
v -21.03712 6.97141 10.50005
v -21.03712 6.97141 10.50005
v -22.33919 6.75463 7.35005
v -22.08758 7.25272 6.54156
v -20.92873 7.44566 9.34506
v -6.09597 10.57436 6.50008
v -6.70367 14.22411 6.50011
v 1.87818 15.65303 6.50012
v 2.48588 12.00328 6.50009
v 2.48588 12.00332 1.50009
v 1.87818 15.65307 1.50012
v -6.70367 14.22415 1.50011
v -6.09597 10.57440 1.50008
v -5.98921 9.93319 5.85008
v 2.59264 11.36211 5.85009
v 2.59264 11.36214 2.15009
v -5.98921 9.93322 2.15008
v -6.81043 14.86532 2.15012
v 1.77142 16.29424 2.15013
v 1.77142 16.29421 5.85013
v -6.81043 14.86529 5.85012
v -6.73714 10.46761 5.85008
v -6.73714 10.46763 2.15008
v -7.34484 14.11739 2.15011
v -7.34484 14.11736 5.85011
v 2.51935 15.75980 5.85012
v 2.51935 15.75983 2.15012
v 3.12706 12.11007 2.15009
v 3.12706 12.11005 5.85010
v -5.98921 9.93319 5.85008
v -5.98921 9.93322 2.15008
v -6.73714 10.46763 2.15008
v -6.73714 10.46761 5.85008
v 3.12706 12.11005 5.85010
v 3.12706 12.11007 2.15009
v 2.59264 11.36214 2.15009
v 2.59264 11.36211 5.85009
v -7.34484 14.11736 5.85011
v -7.34484 14.11739 2.15011
v -6.81043 14.86532 2.15012
v -6.81043 14.86529 5.85012
v 1.77142 16.29421 5.85013
v 1.77142 16.29424 2.15013
v 2.51935 15.75983 2.15012
v 2.51935 15.75980 5.85012
v -6.73714 10.46761 5.85008
v -7.34484 14.11736 5.85011
v -6.70367 14.22411 6.50011
v -6.09597 10.57436 6.50008
v -6.09597 10.57440 1.50008
v -6.70367 14.22415 1.50011
v -7.34484 14.11739 2.15011
v -6.73714 10.46763 2.15008
v 2.48588 12.00328 6.50009
v 1.87818 15.65303 6.50012
v 2.51935 15.75980 5.85012
v 3.12706 12.11005 5.85010
v 3.12706 12.11007 2.15009
v 2.51935 15.75983 2.15012
v 1.87818 15.65307 1.50012
v 2.48588 12.00332 1.50009
v -6.09597 10.57436 6.50008
v 2.48588 12.00328 6.50009
v 2.59264 11.36211 5.85009
v -5.98921 9.93319 5.85008
v -6.81043 14.86529 5.85012
v 1.77142 16.29421 5.85013
v 1.87818 15.65303 6.50012
v -6.70367 14.22411 6.50011
v -5.98921 9.93322 2.15008
v 2.59264 11.36214 2.15009
v 2.48588 12.00332 1.50009
v -6.09597 10.57440 1.50008
v -6.70367 14.22415 1.50011
v 1.87818 15.65307 1.50012
v 1.77142 16.29424 2.15013
v -6.81043 14.86532 2.15012
v -6.09597 10.57436 6.50008
v -5.98921 9.93319 5.85008
v -6.73714 10.46761 5.85008
v 3.12706 12.11005 5.85010
v 2.59264 11.36211 5.85009
v 2.48588 12.00328 6.50009
v -7.34484 14.11736 5.85011
v -6.81043 14.86529 5.85012
v -6.70367 14.22411 6.50011
v 1.87818 15.65303 6.50012
v 1.77142 16.29421 5.85013
v 2.51935 15.75980 5.85012
v -6.73714 10.46763 2.15008
v -5.98921 9.93322 2.15008
v -6.09597 10.57440 1.50008
v 2.48588 12.00332 1.50009
v 2.59264 11.36214 2.15009
v 3.12706 12.11007 2.15009
v -6.70367 14.22415 1.50011
v -6.81043 14.86532 2.15012
v -7.34484 14.11739 2.15011
v 2.51935 15.75983 2.15012
v 1.77142 16.29424 2.15013
v 1.87818 15.65307 1.50012
v -0.31649 15.98711 6.00013
v -0.33620 16.10548 6.00013
v 1.16316 16.35513 6.00013
v 1.18286 16.23676 6.00013
v 1.18286 16.23680 2.00013
v 1.16316 16.35517 2.00013
v -0.33620 16.10551 2.00013
v -0.31649 15.98714 2.00013
v -0.27707 15.75037 5.76012
v 1.22228 16.00002 5.76013
v 1.22228 16.00005 2.24013
v -0.27707 15.75040 2.24012
v -0.37562 16.34225 2.24013
v 1.12374 16.59191 2.24013
v 1.12374 16.59188 5.76013
v -0.37562 16.34223 5.76013
v -0.55323 15.94770 5.76013
v -0.55323 15.94772 2.24013
v -0.57294 16.06610 2.24013
v -0.57294 16.06607 5.76013
v 1.39990 16.39455 5.76013
v 1.39990 16.39458 2.24013
v 1.41961 16.27621 2.24013
v 1.41961 16.27618 5.76013
v -0.27707 15.75037 5.76012
v -0.27707 15.75040 2.24012
v -0.55323 15.94772 2.24013
v -0.55323 15.94770 5.76013
v 1.41961 16.27618 5.76013
v 1.41961 16.27621 2.24013
v 1.22228 16.00005 2.24013
v 1.22228 16.00002 5.76013
v -0.57294 16.06607 5.76013
v -0.57294 16.06610 2.24013
v -0.37562 16.34225 2.24013
v -0.37562 16.34223 5.76013
v 1.12374 16.59188 5.76013
v 1.12374 16.59191 2.24013
v 1.39990 16.39458 2.24013
v 1.39990 16.39455 5.76013
v -0.55323 15.94770 5.76013
v -0.57294 16.06607 5.76013
v -0.33620 16.10548 6.00013
v -0.31649 15.98711 6.00013
v -0.31649 15.98714 2.00013
v -0.33620 16.10551 2.00013
v -0.57294 16.06610 2.24013
v -0.55323 15.94772 2.24013
v 1.18286 16.23676 6.00013
v 1.16316 16.35513 6.00013
v 1.39990 16.39455 5.76013
v 1.41961 16.27618 5.76013
v 1.41961 16.27621 2.24013
v 1.39990 16.39458 2.24013
v 1.16316 16.35517 2.00013
v 1.18286 16.23680 2.00013
v -0.31649 15.98711 6.00013
v 1.18286 16.23676 6.00013
v 1.22228 16.00002 5.76013
v -0.27707 15.75037 5.76012
v -0.37562 16.34223 5.76013
v 1.12374 16.59188 5.76013
v 1.16316 16.35513 6.00013
v -0.33620 16.10548 6.00013
v -0.27707 15.75040 2.24012
v 1.22228 16.00005 2.24013
v 1.18286 16.23680 2.00013
v -0.31649 15.98714 2.00013
v -0.33620 16.10551 2.00013
v 1.16316 16.35517 2.00013
v 1.12374 16.59191 2.24013
v -0.37562 16.34225 2.24013
v -0.31649 15.98711 6.00013
v -0.27707 15.75037 5.76012
v -0.55323 15.94770 5.76013
v 1.41961 16.27618 5.76013
v 1.22228 16.00002 5.76013
v 1.18286 16.23676 6.00013
v -0.57294 16.06607 5.76013
v -0.37562 16.34223 5.76013
v -0.33620 16.10548 6.00013
v 1.16316 16.35513 6.00013
v 1.12374 16.59188 5.76013
v 1.39990 16.39455 5.76013
v -0.55323 15.94772 2.24013
v -0.27707 15.75040 2.24012
v -0.31649 15.98714 2.00013
v 1.18286 16.23680 2.00013
v 1.22228 16.00005 2.24013
v 1.41961 16.27621 2.24013
v -0.33620 16.10551 2.00013
v -0.37562 16.34225 2.24013
v -0.57294 16.06610 2.24013
v 1.39990 16.39458 2.24013
v 1.12374 16.59191 2.24013
v 1.16316 16.35517 2.00013
v -6.09597 10.57431 12.50008
v -6.70367 14.22406 12.50011
v 1.87818 15.65299 12.50012
v 2.48588 12.00323 12.50009
v 2.48588 12.00327 7.50009
v 1.87818 15.65303 7.50012
v -6.70367 14.22410 7.50011
v -6.09597 10.57435 7.50008
v -5.98921 9.93314 11.85008
v 2.59264 11.36207 11.85009
v 2.59264 11.36210 8.15009
v -5.98921 9.93317 8.15008
v -6.81043 14.86527 8.15012
v 1.77142 16.29420 8.15013
v 1.77142 16.29416 11.85013
v -6.81043 14.86524 11.85012
v -6.73714 10.46756 11.85008
v -6.73714 10.46759 8.15008
v -7.34484 14.11734 8.15011
v -7.34484 14.11731 11.85011
v 2.51935 15.75975 11.85012
v 2.51935 15.75978 8.15012
v 3.12706 12.11003 8.15009
v 3.12706 12.11000 11.85009
v -5.98921 9.93314 11.85008
v -5.98921 9.93317 8.15008
v -6.73714 10.46759 8.15008
v -6.73714 10.46756 11.85008
v 3.12706 12.11000 11.85009
v 3.12706 12.11003 8.15009
v 2.59264 11.36210 8.15009
v 2.59264 11.36207 11.85009
v -7.34484 14.11731 11.85011
v -7.34484 14.11734 8.15011
v -6.81043 14.86527 8.15012
v -6.81043 14.86524 11.85012
v 1.77142 16.29416 11.85013
v 1.77142 16.29420 8.15013
v 2.51935 15.75978 8.15012
v 2.51935 15.75975 11.85012
v -6.73714 10.46756 11.85008
v -7.34484 14.11731 11.85011
v -6.70367 14.22406 12.50011
v -6.09597 10.57431 12.50008
v -6.09597 10.57435 7.50008
v -6.70367 14.22410 7.50011
v -7.34484 14.11734 8.15011
v -6.73714 10.46759 8.15008
v 2.48588 12.00323 12.50009
v 1.87818 15.65299 12.50012
v 2.51935 15.75975 11.85012
v 3.12706 12.11000 11.85009
v 3.12706 12.11003 8.15009
v 2.51935 15.75978 8.15012
v 1.87818 15.65303 7.50012
v 2.48588 12.00327 7.50009
v -6.09597 10.57431 12.50008
v 2.48588 12.00323 12.50009
v 2.59264 11.36207 11.85009
v -5.98921 9.93314 11.85008
v -6.81043 14.86524 11.85012
v 1.77142 16.29416 11.85013
v 1.87818 15.65299 12.50012
v -6.70367 14.22406 12.50011
v -5.98921 9.93317 8.15008
v 2.59264 11.36210 8.15009
v 2.48588 12.00327 7.50009
v -6.09597 10.57435 7.50008
v -6.70367 14.22410 7.50011
v 1.87818 15.65303 7.50012
v 1.77142 16.29420 8.15013
v -6.81043 14.86527 8.15012
v -6.09597 10.57431 12.50008
v -5.98921 9.93314 11.85008
v -6.73714 10.46756 11.85008
v 3.12706 12.11000 11.85009
v 2.59264 11.36207 11.85009
v 2.48588 12.00323 12.50009
v -7.34484 14.11731 11.85011
v -6.81043 14.86524 11.85012
v -6.70367 14.22406 12.50011
v 1.87818 15.65299 12.50012
v 1.77142 16.29416 11.85013
v 2.51935 15.75975 11.85012
v -6.73714 10.46759 8.15008
v -5.98921 9.93317 8.15008
v -6.09597 10.57435 7.50008
v 2.48588 12.00327 7.50009
v 2.59264 11.36210 8.15009
v 3.12706 12.11003 8.15009
v -6.70367 14.22410 7.50011
v -6.81043 14.86527 8.15012
v -7.34484 14.11734 8.15011
v 2.51935 15.75978 8.15012
v 1.77142 16.29420 8.15013
v 1.87818 15.65303 7.50012
v -0.31649 15.98707 12.00013
v -0.33620 16.10544 12.00013
v 1.16316 16.35509 12.00013
v 1.18286 16.23672 12.00013
v 1.18286 16.23675 8.00013
v 1.16316 16.35512 8.00013
v -0.33620 16.10547 8.00013
v -0.31649 15.98710 8.00013
v -0.27707 15.75033 11.76012
v 1.22228 15.99998 11.76013
v 1.22228 16.00001 8.24013
v -0.27707 15.75035 8.24012
v -0.37562 16.34221 8.24013
v 1.12374 16.59186 8.24013
v 1.12374 16.59183 11.76013
v -0.37562 16.34218 11.76013
v -0.55323 15.94765 11.76013
v -0.55323 15.94768 8.24012
v -0.57294 16.06605 8.24013
v -0.57294 16.06602 11.76013
v 1.39990 16.39451 11.76013
v 1.39990 16.39454 8.24013
v 1.41961 16.27617 8.24013
v 1.41961 16.27614 11.76013
v -0.27707 15.75033 11.76012
v -0.27707 15.75035 8.24012
v -0.55323 15.94768 8.24012
v -0.55323 15.94765 11.76013
v 1.41961 16.27614 11.76013
v 1.41961 16.27617 8.24013
v 1.22228 16.00001 8.24013
v 1.22228 15.99998 11.76013
v -0.57294 16.06602 11.76013
v -0.57294 16.06605 8.24013
v -0.37562 16.34221 8.24013
v -0.37562 16.34218 11.76013
v 1.12374 16.59183 11.76013
v 1.12374 16.59186 8.24013
v 1.39990 16.39454 8.24013
v 1.39990 16.39451 11.76013
v -0.55323 15.94765 11.76013
v -0.57294 16.06602 11.76013
v -0.33620 16.10544 12.00013
v -0.31649 15.98707 12.00013
v -0.31649 15.98710 8.00013
v -0.33620 16.10547 8.00013
v -0.57294 16.06605 8.24013
v -0.55323 15.94768 8.24012
v 1.18286 16.23672 12.00013
v 1.16316 16.35509 12.00013
v 1.39990 16.39451 11.76013
v 1.41961 16.27614 11.76013
v 1.41961 16.27617 8.24013
v 1.39990 16.39454 8.24013
v 1.16316 16.35512 8.00013
v 1.18286 16.23675 8.00013
v -0.31649 15.98707 12.00013
v 1.18286 16.23672 12.00013
v 1.22228 15.99998 11.76013
v -0.27707 15.75033 11.76012
v -0.37562 16.34218 11.76013
v 1.12374 16.59183 11.76013
v 1.16316 16.35509 12.00013
v -0.33620 16.10544 12.00013
v -0.27707 15.75035 8.24012
v 1.22228 16.00001 8.24013
v 1.18286 16.23675 8.00013
v -0.31649 15.98710 8.00013
v -0.33620 16.10547 8.00013
v 1.16316 16.35512 8.00013
v 1.12374 16.59186 8.24013
v -0.37562 16.34221 8.24013
v -0.31649 15.98707 12.00013
v -0.27707 15.75033 11.76012
v -0.55323 15.94765 11.76013
v 1.41961 16.27614 11.76013
v 1.22228 15.99998 11.76013
v 1.18286 16.23672 12.00013
v -0.57294 16.06602 11.76013
v -0.37562 16.34218 11.76013
v -0.33620 16.10544 12.00013
v 1.16316 16.35509 12.00013
v 1.12374 16.59183 11.76013
v 1.39990 16.39451 11.76013
v -0.55323 15.94768 8.24012
v -0.27707 15.75035 8.24012
v -0.31649 15.98710 8.00013
v 1.18286 16.23675 8.00013
v 1.22228 16.00001 8.24013
v 1.41961 16.27617 8.24013
v -0.33620 16.10547 8.00013
v -0.37562 16.34221 8.24013
v -0.57294 16.06605 8.24013
v 1.39990 16.39454 8.24013
v 1.12374 16.59186 8.24013
v 1.16316 16.35512 8.00013
v -6.09597 10.57426 18.50008
v -6.70367 14.22402 18.50011
v 1.87818 15.65294 18.50012
v 2.48588 12.00319 18.50009
v 2.48588 12.00323 13.50009
v 1.87818 15.65298 13.50012
v -6.70367 14.22406 13.50011
v -6.09597 10.57430 13.50008
v -5.98921 9.93310 17.85008
v 2.59264 11.36202 17.85009
v 2.59264 11.36205 14.15009
v -5.98921 9.93313 14.15008
v -6.81043 14.86522 14.15012
v 1.77142 16.29415 14.15013
v 1.77142 16.29412 17.85013
v -6.81043 14.86520 17.85012
v -6.73714 10.46751 17.85008
v -6.73714 10.46754 14.15008
v -7.34484 14.11729 14.15011
v -7.34484 14.11726 17.85011
v 2.51935 15.75970 17.85012
v 2.51935 15.75973 14.15012
v 3.12706 12.10998 14.15009
v 3.12706 12.10995 17.85010
v -5.98921 9.93310 17.85008
v -5.98921 9.93313 14.15008
v -6.73714 10.46754 14.15008
v -6.73714 10.46751 17.85008
v 3.12706 12.10995 17.85010
v 3.12706 12.10998 14.15009
v 2.59264 11.36205 14.15009
v 2.59264 11.36202 17.85009
v -7.34484 14.11726 17.85011
v -7.34484 14.11729 14.15011
v -6.81043 14.86522 14.15012
v -6.81043 14.86520 17.85012
v 1.77142 16.29412 17.85013
v 1.77142 16.29415 14.15013
v 2.51935 15.75973 14.15012
v 2.51935 15.75970 17.85012
v -6.73714 10.46751 17.85008
v -7.34484 14.11726 17.85011
v -6.70367 14.22402 18.50011
v -6.09597 10.57426 18.50008
v -6.09597 10.57430 13.50008
v -6.70367 14.22406 13.50011
v -7.34484 14.11729 14.15011
v -6.73714 10.46754 14.15008
v 2.48588 12.00319 18.50009
v 1.87818 15.65294 18.50012
v 2.51935 15.75970 17.85012
v 3.12706 12.10995 17.85010
v 3.12706 12.10998 14.15009
v 2.51935 15.75973 14.15012
v 1.87818 15.65298 13.50012
v 2.48588 12.00323 13.50009
v -6.09597 10.57426 18.50008
v 2.48588 12.00319 18.50009
v 2.59264 11.36202 17.85009
v -5.98921 9.93310 17.85008
v -6.81043 14.86520 17.85012
v 1.77142 16.29412 17.85013
v 1.87818 15.65294 18.50012
v -6.70367 14.22402 18.50011
v -5.98921 9.93313 14.15008
v 2.59264 11.36205 14.15009
v 2.48588 12.00323 13.50009
v -6.09597 10.57430 13.50008
v -6.70367 14.22406 13.50011
v 1.87818 15.65298 13.50012
v 1.77142 16.29415 14.15013
v -6.81043 14.86522 14.15012
v -6.09597 10.57426 18.50008
v -5.98921 9.93310 17.85008
v -6.73714 10.46751 17.85008
v 3.12706 12.10995 17.85010
v 2.59264 11.36202 17.85009
v 2.48588 12.00319 18.50009
v -7.34484 14.11726 17.85011
v -6.81043 14.86520 17.85012
v -6.70367 14.22402 18.50011
v 1.87818 15.65294 18.50012
v 1.77142 16.29412 17.85013
v 2.51935 15.75970 17.85012
v -6.73714 10.46754 14.15008
v -5.98921 9.93313 14.15008
v -6.09597 10.57430 13.50008
v 2.48588 12.00323 13.50009
v 2.59264 11.36205 14.15009
v 3.12706 12.10998 14.15009
v -6.70367 14.22406 13.50011
v -6.81043 14.86522 14.15012
v -7.34484 14.11729 14.15011
v 2.51935 15.75973 14.15012
v 1.77142 16.29415 14.15013
v 1.87818 15.65298 13.50012
v -0.31649 15.98702 18.00013
v -0.33620 16.10539 18.00013
v 1.16316 16.35504 18.00013
v 1.18286 16.23667 18.00013
v 1.18286 16.23670 14.00013
v 1.16316 16.35507 14.00013
v -0.33620 16.10542 14.00013
v -0.31649 15.98705 14.00013
v -0.27707 15.75028 17.76012
v 1.22228 15.99993 17.76013
v 1.22228 15.99996 14.24013
v -0.27707 15.75031 14.24012
v -0.37562 16.34216 14.24013
v 1.12374 16.59181 14.24013
v 1.12374 16.59178 17.76013
v -0.37562 16.34213 17.76013
v -0.55323 15.94760 17.76012
v -0.55323 15.94763 14.24012
v -0.57294 16.06600 14.24013
v -0.57294 16.06597 17.76013
v 1.39990 16.39446 17.76013
v 1.39990 16.39449 14.24013
v 1.41961 16.27612 14.24013
v 1.41961 16.27609 17.76013
v -0.27707 15.75028 17.76012
v -0.27707 15.75031 14.24012
v -0.55323 15.94763 14.24012
v -0.55323 15.94760 17.76012
v 1.41961 16.27609 17.76013
v 1.41961 16.27612 14.24013
v 1.22228 15.99996 14.24013
v 1.22228 15.99993 17.76013
v -0.57294 16.06597 17.76013
v -0.57294 16.06600 14.24013
v -0.37562 16.34216 14.24013
v -0.37562 16.34213 17.76013
v 1.12374 16.59178 17.76013
v 1.12374 16.59181 14.24013
v 1.39990 16.39449 14.24013
v 1.39990 16.39446 17.76013
v -0.55323 15.94760 17.76012
v -0.57294 16.06597 17.76013
v -0.33620 16.10539 18.00013
v -0.31649 15.98702 18.00013
v -0.31649 15.98705 14.00013
v -0.33620 16.10542 14.00013
v -0.57294 16.06600 14.24013
v -0.55323 15.94763 14.24012
v 1.18286 16.23667 18.00013
v 1.16316 16.35504 18.00013
v 1.39990 16.39446 17.76013
v 1.41961 16.27609 17.76013
v 1.41961 16.27612 14.24013
v 1.39990 16.39449 14.24013
v 1.16316 16.35507 14.00013
v 1.18286 16.23670 14.00013
v -0.31649 15.98702 18.00013
v 1.18286 16.23667 18.00013
v 1.22228 15.99993 17.76013
v -0.27707 15.75028 17.76012
v -0.37562 16.34213 17.76013
v 1.12374 16.59178 17.76013
v 1.16316 16.35504 18.00013
v -0.33620 16.10539 18.00013
v -0.27707 15.75031 14.24012
v 1.22228 15.99996 14.24013
v 1.18286 16.23670 14.00013
v -0.31649 15.98705 14.00013
v -0.33620 16.10542 14.00013
v 1.16316 16.35507 14.00013
v 1.12374 16.59181 14.24013
v -0.37562 16.34216 14.24013
v -0.31649 15.98702 18.00013
v -0.27707 15.75028 17.76012
v -0.55323 15.94760 17.76012
v 1.41961 16.27609 17.76013
v 1.22228 15.99993 17.76013
v 1.18286 16.23667 18.00013
v -0.57294 16.06597 17.76013
v -0.37562 16.34213 17.76013
v -0.33620 16.10539 18.00013
v 1.16316 16.35504 18.00013
v 1.12374 16.59178 17.76013
v 1.39990 16.39446 17.76013
v -0.55323 15.94763 14.24012
v -0.27707 15.75031 14.24012
v -0.31649 15.98705 14.00013
v 1.18286 16.23670 14.00013
v 1.22228 15.99996 14.24013
v 1.41961 16.27612 14.24013
v -0.33620 16.10542 14.00013
v -0.37562 16.34216 14.24013
v -0.57294 16.06600 14.24013
v 1.39990 16.39449 14.24013
v 1.12374 16.59181 14.24013
v 1.16316 16.35507 14.00013
v -6.09597 10.57442 -1.49992
v -6.70367 14.22417 -1.49989
v 1.87818 15.65310 -1.49988
v 2.48588 12.00334 -1.49991
v 2.48588 12.00338 -6.49991
v 1.87818 15.65314 -6.49988
v -6.70367 14.22421 -6.49989
v -6.09597 10.57446 -6.49992
v -5.98921 9.93325 -2.14992
v 2.59264 11.36218 -2.14991
v 2.59264 11.36221 -5.84991
v -5.98921 9.93328 -5.84992
v -6.81043 14.86538 -5.84988
v 1.77142 16.29430 -5.84987
v 1.77142 16.29428 -2.14987
v -6.81043 14.86535 -2.14988
v -6.73714 10.46767 -2.14992
v -6.73714 10.46770 -5.84992
v -7.34484 14.11745 -5.84989
v -7.34484 14.11742 -2.14989
v 2.51935 15.75986 -2.14988
v 2.51935 15.75989 -5.84988
v 3.12706 12.11014 -5.84991
v 3.12706 12.11011 -2.14990
v -5.98921 9.93325 -2.14992
v -5.98921 9.93328 -5.84992
v -6.73714 10.46770 -5.84992
v -6.73714 10.46767 -2.14992
v 3.12706 12.11011 -2.14990
v 3.12706 12.11014 -5.84991
v 2.59264 11.36221 -5.84991
v 2.59264 11.36218 -2.14991
v -7.34484 14.11742 -2.14989
v -7.34484 14.11745 -5.84989
v -6.81043 14.86538 -5.84988
v -6.81043 14.86535 -2.14988
v 1.77142 16.29428 -2.14987
v 1.77142 16.29430 -5.84987
v 2.51935 15.75989 -5.84988
v 2.51935 15.75986 -2.14988
v -6.73714 10.46767 -2.14992
v -7.34484 14.11742 -2.14989
v -6.70367 14.22417 -1.49989
v -6.09597 10.57442 -1.49992
v -6.09597 10.57446 -6.49992
v -6.70367 14.22421 -6.49989
v -7.34484 14.11745 -5.84989
v -6.73714 10.46770 -5.84992
v 2.48588 12.00334 -1.49991
v 1.87818 15.65310 -1.49988
v 2.51935 15.75986 -2.14988
v 3.12706 12.11011 -2.14990
v 3.12706 12.11014 -5.84991
v 2.51935 15.75989 -5.84988
v 1.87818 15.65314 -6.49988
v 2.48588 12.00338 -6.49991
v -6.09597 10.57442 -1.49992
v 2.48588 12.00334 -1.49991
v 2.59264 11.36218 -2.14991
v -5.98921 9.93325 -2.14992
v -6.81043 14.86535 -2.14988
v 1.77142 16.29428 -2.14987
v 1.87818 15.65310 -1.49988
v -6.70367 14.22417 -1.49989
v -5.98921 9.93328 -5.84992
v 2.59264 11.36221 -5.84991
v 2.48588 12.00338 -6.49991
v -6.09597 10.57446 -6.49992
v -6.70367 14.22421 -6.49989
v 1.87818 15.65314 -6.49988
v 1.77142 16.29430 -5.84987
v -6.81043 14.86538 -5.84988
v -6.09597 10.57442 -1.49992
v -5.98921 9.93325 -2.14992
v -6.73714 10.46767 -2.14992
v 3.12706 12.11011 -2.14990
v 2.59264 11.36218 -2.14991
v 2.48588 12.00334 -1.49991
v -7.34484 14.11742 -2.14989
v -6.81043 14.86535 -2.14988
v -6.70367 14.22417 -1.49989
v 1.87818 15.65310 -1.49988
v 1.77142 16.29428 -2.14987
v 2.51935 15.75986 -2.14988
v -6.73714 10.46770 -5.84992
v -5.98921 9.93328 -5.84992
v -6.09597 10.57446 -6.49992
v 2.48588 12.00338 -6.49991
v 2.59264 11.36221 -5.84991
v 3.12706 12.11014 -5.84991
v -6.70367 14.22421 -6.49989
v -6.81043 14.86538 -5.84988
v -7.34484 14.11745 -5.84989
v 2.51935 15.75989 -5.84988
v 1.77142 16.29430 -5.84987
v 1.87818 15.65314 -6.49988
v -0.31649 15.98718 -1.99987
v -0.33620 16.10555 -1.99987
v 1.16316 16.35520 -1.99987
v 1.18286 16.23683 -1.99987
v 1.18286 16.23686 -5.99987
v 1.16316 16.35523 -5.99987
v -0.33620 16.10558 -5.99987
v -0.31649 15.98721 -5.99987
v -0.27707 15.75044 -2.23988
v 1.22228 16.00009 -2.23987
v 1.22228 16.00012 -5.75987
v -0.27707 15.75046 -5.75988
v -0.37562 16.34232 -5.75987
v 1.12374 16.59197 -5.75987
v 1.12374 16.59194 -2.23987
v -0.37562 16.34229 -2.23987
v -0.55323 15.94776 -2.23987
v -0.55323 15.94779 -5.75987
v -0.57294 16.06616 -5.75987
v -0.57294 16.06613 -2.23987
v 1.39990 16.39462 -2.23987
v 1.39990 16.39465 -5.75987
v 1.41961 16.27628 -5.75987
v 1.41961 16.27625 -2.23987
v -0.27707 15.75044 -2.23988
v -0.27707 15.75046 -5.75988
v -0.55323 15.94779 -5.75987
v -0.55323 15.94776 -2.23987
v 1.41961 16.27625 -2.23987
v 1.41961 16.27628 -5.75987
v 1.22228 16.00012 -5.75987
v 1.22228 16.00009 -2.23987
v -0.57294 16.06613 -2.23987
v -0.57294 16.06616 -5.75987
v -0.37562 16.34232 -5.75987
v -0.37562 16.34229 -2.23987
v 1.12374 16.59194 -2.23987
v 1.12374 16.59197 -5.75987
v 1.39990 16.39465 -5.75987
v 1.39990 16.39462 -2.23987
v -0.55323 15.94776 -2.23987
v -0.57294 16.06613 -2.23987
v -0.33620 16.10555 -1.99987
v -0.31649 15.98718 -1.99987
v -0.31649 15.98721 -5.99987
v -0.33620 16.10558 -5.99987
v -0.57294 16.06616 -5.75987
v -0.55323 15.94779 -5.75987
v 1.18286 16.23683 -1.99987
v 1.16316 16.35520 -1.99987
v 1.39990 16.39462 -2.23987
v 1.41961 16.27625 -2.23987
v 1.41961 16.27628 -5.75987
v 1.39990 16.39465 -5.75987
v 1.16316 16.35523 -5.99987
v 1.18286 16.23686 -5.99987
v -0.31649 15.98718 -1.99987
v 1.18286 16.23683 -1.99987
v 1.22228 16.00009 -2.23987
v -0.27707 15.75044 -2.23988
v -0.37562 16.34229 -2.23987
v 1.12374 16.59194 -2.23987
v 1.16316 16.35520 -1.99987
v -0.33620 16.10555 -1.99987
v -0.27707 15.75046 -5.75988
v 1.22228 16.00012 -5.75987
v 1.18286 16.23686 -5.99987
v -0.31649 15.98721 -5.99987
v -0.33620 16.10558 -5.99987
v 1.16316 16.35523 -5.99987
v 1.12374 16.59197 -5.75987
v -0.37562 16.34232 -5.75987
v -0.31649 15.98718 -1.99987
v -0.27707 15.75044 -2.23988
v -0.55323 15.94776 -2.23987
v 1.41961 16.27625 -2.23987
v 1.22228 16.00009 -2.23987
v 1.18286 16.23683 -1.99987
v -0.57294 16.06613 -2.23987
v -0.37562 16.34229 -2.23987
v -0.33620 16.10555 -1.99987
v 1.16316 16.35520 -1.99987
v 1.12374 16.59194 -2.23987
v 1.39990 16.39462 -2.23987
v -0.55323 15.94779 -5.75987
v -0.27707 15.75046 -5.75988
v -0.31649 15.98721 -5.99987
v 1.18286 16.23686 -5.99987
v 1.22228 16.00012 -5.75987
v 1.41961 16.27628 -5.75987
v -0.33620 16.10558 -5.99987
v -0.37562 16.34232 -5.75987
v -0.57294 16.06616 -5.75987
v 1.39990 16.39465 -5.75987
v 1.12374 16.59197 -5.75987
v 1.16316 16.35523 -5.99987
v -6.09597 10.57447 -7.49992
v -6.70367 14.22422 -7.49989
v 1.87818 15.65314 -7.49988
v 2.48588 12.00339 -7.49991
v 2.48588 12.00343 -12.49991
v 1.87818 15.65318 -12.49988
v -6.70367 14.22426 -12.49989
v -6.09597 10.57451 -12.49992
v -5.98921 9.93330 -8.14992
v 2.59264 11.36222 -8.14991
v 2.59264 11.36225 -11.84991
v -5.98921 9.93333 -11.84992
v -6.81043 14.86543 -11.84988
v 1.77142 16.29435 -11.84987
v 1.77142 16.29432 -8.14987
v -6.81043 14.86540 -8.14988
v -6.73714 10.46772 -8.14992
v -6.73714 10.46774 -11.84992
v -7.34484 14.11750 -11.84989
v -7.34484 14.11747 -8.14989
v 2.51935 15.75991 -8.14988
v 2.51935 15.75994 -11.84988
v 3.12706 12.11018 -11.84991
v 3.12706 12.11016 -8.14991
v -5.98921 9.93330 -8.14992
v -5.98921 9.93333 -11.84992
v -6.73714 10.46774 -11.84992
v -6.73714 10.46772 -8.14992
v 3.12706 12.11016 -8.14991
v 3.12706 12.11018 -11.84991
v 2.59264 11.36225 -11.84991
v 2.59264 11.36222 -8.14991
v -7.34484 14.11747 -8.14989
v -7.34484 14.11750 -11.84989
v -6.81043 14.86543 -11.84988
v -6.81043 14.86540 -8.14988
v 1.77142 16.29432 -8.14987
v 1.77142 16.29435 -11.84987
v 2.51935 15.75994 -11.84988
v 2.51935 15.75991 -8.14988
v -6.73714 10.46772 -8.14992
v -7.34484 14.11747 -8.14989
v -6.70367 14.22422 -7.49989
v -6.09597 10.57447 -7.49992
v -6.09597 10.57451 -12.49992
v -6.70367 14.22426 -12.49989
v -7.34484 14.11750 -11.84989
v -6.73714 10.46774 -11.84992
v 2.48588 12.00339 -7.49991
v 1.87818 15.65314 -7.49988
v 2.51935 15.75991 -8.14988
v 3.12706 12.11016 -8.14991
v 3.12706 12.11018 -11.84991
v 2.51935 15.75994 -11.84988
v 1.87818 15.65318 -12.49988
v 2.48588 12.00343 -12.49991
v -6.09597 10.57447 -7.49992
v 2.48588 12.00339 -7.49991
v 2.59264 11.36222 -8.14991
v -5.98921 9.93330 -8.14992
v -6.81043 14.86540 -8.14988
v 1.77142 16.29432 -8.14987
v 1.87818 15.65314 -7.49988
v -6.70367 14.22422 -7.49989
v -5.98921 9.93333 -11.84992
v 2.59264 11.36225 -11.84991
v 2.48588 12.00343 -12.49991
v -6.09597 10.57451 -12.49992
v -6.70367 14.22426 -12.49989
v 1.87818 15.65318 -12.49988
v 1.77142 16.29435 -11.84987
v -6.81043 14.86543 -11.84988
v -6.09597 10.57447 -7.49992
v -5.98921 9.93330 -8.14992
v -6.73714 10.46772 -8.14992
v 3.12706 12.11016 -8.14991
v 2.59264 11.36222 -8.14991
v 2.48588 12.00339 -7.49991
v -7.34484 14.11747 -8.14989
v -6.81043 14.86540 -8.14988
v -6.70367 14.22422 -7.49989
v 1.87818 15.65314 -7.49988
v 1.77142 16.29432 -8.14987
v 2.51935 15.75991 -8.14988
v -6.73714 10.46774 -11.84992
v -5.98921 9.93333 -11.84992
v -6.09597 10.57451 -12.49992
v 2.48588 12.00343 -12.49991
v 2.59264 11.36225 -11.84991
v 3.12706 12.11018 -11.84991
v -6.70367 14.22426 -12.49989
v -6.81043 14.86543 -11.84988
v -7.34484 14.11750 -11.84989
v 2.51935 15.75994 -11.84988
v 1.77142 16.29435 -11.84987
v 1.87818 15.65318 -12.49988
v -0.31649 15.98722 -7.99987
v -0.33620 16.10559 -7.99987
v 1.16316 16.35524 -7.99987
v 1.18286 16.23687 -7.99987
v 1.18286 16.23691 -11.99987
v 1.16316 16.35528 -11.99987
v -0.33620 16.10563 -11.99987
v -0.31649 15.98725 -11.99987
v -0.27707 15.75048 -8.23988
v 1.22228 16.00014 -8.23987
v 1.22228 16.00016 -11.75987
v -0.27707 15.75051 -11.75988
v -0.37562 16.34236 -11.75987
v 1.12374 16.59201 -11.75987
v 1.12374 16.59199 -8.23987
v -0.37562 16.34234 -8.23987
v -0.55323 15.94781 -8.23987
v -0.55323 15.94783 -11.75988
v -0.57294 16.06620 -11.75987
v -0.57294 16.06618 -8.23987
v 1.39990 16.39466 -8.23987
v 1.39990 16.39469 -11.75987
v 1.41961 16.27632 -11.75987
v 1.41961 16.27629 -8.23987
v -0.27707 15.75048 -8.23988
v -0.27707 15.75051 -11.75988
v -0.55323 15.94783 -11.75988
v -0.55323 15.94781 -8.23987
v 1.41961 16.27629 -8.23987
v 1.41961 16.27632 -11.75987
v 1.22228 16.00016 -11.75987
v 1.22228 16.00014 -8.23987
v -0.57294 16.06618 -8.23987
v -0.57294 16.06620 -11.75987
v -0.37562 16.34236 -11.75987
v -0.37562 16.34234 -8.23987
v 1.12374 16.59199 -8.23987
v 1.12374 16.59201 -11.75987
v 1.39990 16.39469 -11.75987
v 1.39990 16.39466 -8.23987
v -0.55323 15.94781 -8.23987
v -0.57294 16.06618 -8.23987
v -0.33620 16.10559 -7.99987
v -0.31649 15.98722 -7.99987
v -0.31649 15.98725 -11.99987
v -0.33620 16.10563 -11.99987
v -0.57294 16.06620 -11.75987
v -0.55323 15.94783 -11.75988
v 1.18286 16.23687 -7.99987
v 1.16316 16.35524 -7.99987
v 1.39990 16.39466 -8.23987
v 1.41961 16.27629 -8.23987
v 1.41961 16.27632 -11.75987
v 1.39990 16.39469 -11.75987
v 1.16316 16.35528 -11.99987
v 1.18286 16.23691 -11.99987
v -0.31649 15.98722 -7.99987
v 1.18286 16.23687 -7.99987
v 1.22228 16.00014 -8.23987
v -0.27707 15.75048 -8.23988
v -0.37562 16.34234 -8.23987
v 1.12374 16.59199 -8.23987
v 1.16316 16.35524 -7.99987
v -0.33620 16.10559 -7.99987
v -0.27707 15.75051 -11.75988
v 1.22228 16.00016 -11.75987
v 1.18286 16.23691 -11.99987
v -0.31649 15.98725 -11.99987
v -0.33620 16.10563 -11.99987
v 1.16316 16.35528 -11.99987
v 1.12374 16.59201 -11.75987
v -0.37562 16.34236 -11.75987
v -0.31649 15.98722 -7.99987
v -0.27707 15.75048 -8.23988
v -0.55323 15.94781 -8.23987
v 1.41961 16.27629 -8.23987
v 1.22228 16.00014 -8.23987
v 1.18286 16.23687 -7.99987
v -0.57294 16.06618 -8.23987
v -0.37562 16.34234 -8.23987
v -0.33620 16.10559 -7.99987
v 1.16316 16.35524 -7.99987
v 1.12374 16.59199 -8.23987
v 1.39990 16.39466 -8.23987
v -0.55323 15.94783 -11.75988
v -0.27707 15.75051 -11.75988
v -0.31649 15.98725 -11.99987
v 1.18286 16.23691 -11.99987
v 1.22228 16.00016 -11.75987
v 1.41961 16.27632 -11.75987
v -0.33620 16.10563 -11.99987
v -0.37562 16.34236 -11.75987
v -0.57294 16.06620 -11.75987
v 1.39990 16.39469 -11.75987
v 1.12374 16.59201 -11.75987
v 1.16316 16.35528 -11.99987
v -6.09597 10.57452 -13.49992
v -6.70367 14.22427 -13.49989
v 1.87818 15.65319 -13.49988
v 2.48588 12.00344 -13.49991
v 2.48588 12.00348 -18.49991
v 1.87818 15.65323 -18.49988
v -6.70367 14.22431 -18.49989
v -6.09597 10.57456 -18.49992
v -5.98921 9.93335 -14.14992
v 2.59264 11.36227 -14.14991
v 2.59264 11.36230 -17.84991
v -5.98921 9.93338 -17.84992
v -6.81043 14.86548 -17.84988
v 1.77142 16.29440 -17.84987
v 1.77142 16.29437 -14.14987
v -6.81043 14.86545 -14.14988
v -6.73714 10.46776 -14.14992
v -6.73714 10.46779 -17.84992
v -7.34484 14.11754 -17.84989
v -7.34484 14.11752 -14.14989
v 2.51935 15.75996 -14.14988
v 2.51935 15.75998 -17.84988
v 3.12706 12.11023 -17.84991
v 3.12706 12.11020 -14.14991
v -5.98921 9.93335 -14.14992
v -5.98921 9.93338 -17.84992
v -6.73714 10.46779 -17.84992
v -6.73714 10.46776 -14.14992
v 3.12706 12.11020 -14.14991
v 3.12706 12.11023 -17.84991
v 2.59264 11.36230 -17.84991
v 2.59264 11.36227 -14.14991
v -7.34484 14.11752 -14.14989
v -7.34484 14.11754 -17.84989
v -6.81043 14.86548 -17.84988
v -6.81043 14.86545 -14.14988
v 1.77142 16.29437 -14.14987
v 1.77142 16.29440 -17.84987
v 2.51935 15.75998 -17.84988
v 2.51935 15.75996 -14.14988
v -6.73714 10.46776 -14.14992
v -7.34484 14.11752 -14.14989
v -6.70367 14.22427 -13.49989
v -6.09597 10.57452 -13.49992
v -6.09597 10.57456 -18.49992
v -6.70367 14.22431 -18.49989
v -7.34484 14.11754 -17.84989
v -6.73714 10.46779 -17.84992
v 2.48588 12.00344 -13.49991
v 1.87818 15.65319 -13.49988
v 2.51935 15.75996 -14.14988
v 3.12706 12.11020 -14.14991
v 3.12706 12.11023 -17.84991
v 2.51935 15.75998 -17.84988
v 1.87818 15.65323 -18.49988
v 2.48588 12.00348 -18.49991
v -6.09597 10.57452 -13.49992
v 2.48588 12.00344 -13.49991
v 2.59264 11.36227 -14.14991
v -5.98921 9.93335 -14.14992
v -6.81043 14.86545 -14.14988
v 1.77142 16.29437 -14.14987
v 1.87818 15.65319 -13.49988
v -6.70367 14.22427 -13.49989
v -5.98921 9.93338 -17.84992
v 2.59264 11.36230 -17.84991
v 2.48588 12.00348 -18.49991
v -6.09597 10.57456 -18.49992
v -6.70367 14.22431 -18.49989
v 1.87818 15.65323 -18.49988
v 1.77142 16.29440 -17.84987
v -6.81043 14.86548 -17.84988
v -6.09597 10.57452 -13.49992
v -5.98921 9.93335 -14.14992
v -6.73714 10.46776 -14.14992
v 3.12706 12.11020 -14.14991
v 2.59264 11.36227 -14.14991
v 2.48588 12.00344 -13.49991
v -7.34484 14.11752 -14.14989
v -6.81043 14.86545 -14.14988
v -6.70367 14.22427 -13.49989
v 1.87818 15.65319 -13.49988
v 1.77142 16.29437 -14.14987
v 2.51935 15.75996 -14.14988
v -6.73714 10.46779 -17.84992
v -5.98921 9.93338 -17.84992
v -6.09597 10.57456 -18.49992
v 2.48588 12.00348 -18.49991
v 2.59264 11.36230 -17.84991
v 3.12706 12.11023 -17.84991
v -6.70367 14.22431 -18.49989
v -6.81043 14.86548 -17.84988
v -7.34484 14.11754 -17.84989
v 2.51935 15.75998 -17.84988
v 1.77142 16.29440 -17.84987
v 1.87818 15.65323 -18.49988
v -0.31649 15.98727 -13.99987
v -0.33620 16.10564 -13.99987
v 1.16316 16.35529 -13.99987
v 1.18286 16.23692 -13.99987
v 1.18286 16.23695 -17.99987
v 1.16316 16.35532 -17.99987
v -0.33620 16.10567 -17.99987
v -0.31649 15.98730 -17.99987
v -0.27707 15.75053 -14.23988
v 1.22228 16.00018 -14.23987
v 1.22228 16.00021 -17.75987
v -0.27707 15.75056 -17.75988
v -0.37562 16.34241 -17.75987
v 1.12374 16.59206 -17.75987
v 1.12374 16.59203 -14.23987
v -0.37562 16.34238 -14.23987
v -0.55323 15.94785 -14.23987
v -0.55323 15.94788 -17.75987
v -0.57294 16.06625 -17.75987
v -0.57294 16.06622 -14.23987
v 1.39990 16.39471 -14.23987
v 1.39990 16.39474 -17.75987
v 1.41961 16.27637 -17.75987
v 1.41961 16.27634 -14.23987
v -0.27707 15.75053 -14.23988
v -0.27707 15.75056 -17.75988
v -0.55323 15.94788 -17.75987
v -0.55323 15.94785 -14.23987
v 1.41961 16.27634 -14.23987
v 1.41961 16.27637 -17.75987
v 1.22228 16.00021 -17.75987
v 1.22228 16.00018 -14.23987
v -0.57294 16.06622 -14.23987
v -0.57294 16.06625 -17.75987
v -0.37562 16.34241 -17.75987
v -0.37562 16.34238 -14.23987
v 1.12374 16.59203 -14.23987
v 1.12374 16.59206 -17.75987
v 1.39990 16.39474 -17.75987
v 1.39990 16.39471 -14.23987
v -0.55323 15.94785 -14.23987
v -0.57294 16.06622 -14.23987
v -0.33620 16.10564 -13.99987
v -0.31649 15.98727 -13.99987
v -0.31649 15.98730 -17.99987
v -0.33620 16.10567 -17.99987
v -0.57294 16.06625 -17.75987
v -0.55323 15.94788 -17.75987
v 1.18286 16.23692 -13.99987
v 1.16316 16.35529 -13.99987
v 1.39990 16.39471 -14.23987
v 1.41961 16.27634 -14.23987
v 1.41961 16.27637 -17.75987
v 1.39990 16.39474 -17.75987
v 1.16316 16.35532 -17.99987
v 1.18286 16.23695 -17.99987
v -0.31649 15.98727 -13.99987
v 1.18286 16.23692 -13.99987
v 1.22228 16.00018 -14.23987
v -0.27707 15.75053 -14.23988
v -0.37562 16.34238 -14.23987
v 1.12374 16.59203 -14.23987
v 1.16316 16.35529 -13.99987
v -0.33620 16.10564 -13.99987
v -0.27707 15.75056 -17.75988
v 1.22228 16.00021 -17.75987
v 1.18286 16.23695 -17.99987
v -0.31649 15.98730 -17.99987
v -0.33620 16.10567 -17.99987
v 1.16316 16.35532 -17.99987
v 1.12374 16.59206 -17.75987
v -0.37562 16.34241 -17.75987
v -0.31649 15.98727 -13.99987
v -0.27707 15.75053 -14.23988
v -0.55323 15.94785 -14.23987
v 1.41961 16.27634 -14.23987
v 1.22228 16.00018 -14.23987
v 1.18286 16.23692 -13.99987
v -0.57294 16.06622 -14.23987
v -0.37562 16.34238 -14.23987
v -0.33620 16.10564 -13.99987
v 1.16316 16.35529 -13.99987
v 1.12374 16.59203 -14.23987
v 1.39990 16.39471 -14.23987
v -0.55323 15.94788 -17.75987
v -0.27707 15.75056 -17.75988
v -0.31649 15.98730 -17.99987
v 1.18286 16.23695 -17.99987
v 1.22228 16.00021 -17.75987
v 1.41961 16.27637 -17.75987
v -0.33620 16.10567 -17.99987
v -0.37562 16.34241 -17.75987
v -0.57294 16.06625 -17.75987
v 1.39990 16.39474 -17.75987
v 1.12374 16.59206 -17.75987
v 1.16316 16.35532 -17.99987
v 11.77688 17.14917 4.50013
v 18.82978 18.32351 4.50014
v 21.77917 18.81462 2.70015
v 21.77917 18.81466 -2.69985
v 18.82978 18.32358 -4.49986
v 11.77688 17.14924 -4.49987
v 8.95572 16.67949 -3.14987
v 8.95572 16.67944 3.15013
v 9.56246 17.38873 2.80364
v 9.56246 17.38877 -2.80336
v 12.07329 17.80685 -4.00486
v 18.35038 18.85202 -4.00485
v 20.97534 19.28907 -2.40285
v 20.97534 19.28904 2.40315
v 18.35038 18.85196 4.00515
v 12.07329 17.80679 4.00514
v 8.95572 16.67944 3.15013
v 8.95572 16.67949 -3.14987
v 8.89002 17.07406 -3.14987
v 8.89002 17.07401 3.15013
v 8.89002 17.07401 3.15013
v 8.89002 17.07406 -3.14987
v 9.56246 17.38877 -2.80336
v 9.56246 17.38873 2.80364
v 8.95572 16.67949 -3.14987
v 11.77688 17.14924 -4.49987
v 11.71118 17.54381 -4.49986
v 8.89002 17.07406 -3.14987
v 8.89002 17.07406 -3.14987
v 11.71118 17.54381 -4.49986
v 12.07329 17.80685 -4.00486
v 9.56246 17.38877 -2.80336
v 11.77688 17.14924 -4.49987
v 18.82978 18.32358 -4.49986
v 18.76408 18.71815 -4.49985
v 11.71118 17.54381 -4.49986
v 11.71118 17.54381 -4.49986
v 18.76408 18.71815 -4.49985
v 18.35038 18.85202 -4.00485
v 12.07329 17.80685 -4.00486
v 18.82978 18.32358 -4.49986
v 21.77917 18.81466 -2.69985
v 21.71348 19.20923 -2.69985
v 18.76408 18.71815 -4.49985
v 18.76408 18.71815 -4.49985
v 21.71348 19.20923 -2.69985
v 20.97534 19.28907 -2.40285
v 18.35038 18.85202 -4.00485
v 21.77917 18.81466 -2.69985
v 21.77917 18.81462 2.70015
v 21.71348 19.20918 2.70015
v 21.71348 19.20923 -2.69985
v 21.71348 19.20923 -2.69985
v 21.71348 19.20918 2.70015
v 20.97534 19.28904 2.40315
v 20.97534 19.28907 -2.40285
v 21.77917 18.81462 2.70015
v 18.82978 18.32351 4.50014
v 18.76408 18.71808 4.50015
v 21.71348 19.20918 2.70015
v 21.71348 19.20918 2.70015
v 18.76408 18.71808 4.50015
v 18.35038 18.85196 4.00515
v 20.97534 19.28904 2.40315
v 18.82978 18.32351 4.50014
v 11.77688 17.14917 4.50013
v 11.71118 17.54374 4.50014
v 18.76408 18.71808 4.50015
v 18.76408 18.71808 4.50015
v 11.71118 17.54374 4.50014
v 12.07329 17.80679 4.00514
v 18.35038 18.85196 4.00515
v 11.77688 17.14917 4.50013
v 8.95572 16.67944 3.15013
v 8.89002 17.07401 3.15013
v 11.71118 17.54374 4.50014
v 11.71118 17.54374 4.50014
v 8.89002 17.07401 3.15013
v 9.56246 17.38873 2.80364
v 12.07329 17.80679 4.00514
v 20.27330 18.96938 3.60015
v 20.27330 18.96944 -3.59985
v 12.93434 17.74746 -3.59986
v 9.38323 17.15616 0.00013
v 12.93434 17.74741 3.60014
v 13.12906 18.18534 3.20414
v 9.96857 17.65913 0.00014
v 13.12906 18.18539 -3.20386
v 19.66074 19.27295 -3.20385
v 19.66074 19.27290 3.20415
v 20.27330 18.96938 3.60015
v 20.27330 18.96944 -3.59985
v 20.22403 19.26536 -3.59985
v 20.22403 19.26531 3.60015
v 19.66074 19.27290 3.20415
v 19.66074 19.27295 -3.20385
v 20.22403 19.26536 -3.59985
v 20.22403 19.26531 3.60015
v 20.27330 18.96944 -3.59985
v 12.93434 17.74746 -3.59986
v 12.88507 18.04339 -3.59986
v 20.22403 19.26536 -3.59985
v 19.66074 19.27295 -3.20385
v 13.12906 18.18539 -3.20386
v 12.88507 18.04339 -3.59986
v 20.22403 19.26536 -3.59985
v 12.93434 17.74746 -3.59986
v 9.38323 17.15616 0.00013
v 9.33396 17.45208 0.00014
v 12.88507 18.04339 -3.59986
v 13.12906 18.18539 -3.20386
v 9.96857 17.65913 0.00014
v 9.33396 17.45208 0.00014
v 12.88507 18.04339 -3.59986
v 9.38323 17.15616 0.00013
v 12.93434 17.74741 3.60014
v 12.88507 18.04333 3.60014
v 9.33396 17.45208 0.00014
v 9.96857 17.65913 0.00014
v 13.12906 18.18534 3.20414
v 12.88507 18.04333 3.60014
v 9.33396 17.45208 0.00014
v 12.93434 17.74741 3.60014
v 20.27330 18.96938 3.60015
v 20.22403 19.26531 3.60015
v 12.88507 18.04333 3.60014
v 13.12906 18.18534 3.20414
v 19.66074 19.27290 3.20415
v 20.22403 19.26531 3.60015
v 12.88507 18.04333 3.60014
v 18.56101 19.25203 -1.46650
v 18.49713 19.41698 -1.37317
v 15.21676 18.87079 -2.65318
v 15.28064 18.70584 -2.74650
v 18.49713 19.41698 -1.37317
v 18.42627 19.40518 -1.18652
v 15.14589 18.85899 -2.46653
v 15.21676 18.87079 -2.65318
v 18.42627 19.40518 -1.18652
v 18.41928 19.22842 -1.09320
v 15.13891 18.68223 -2.37320
v 15.14589 18.85899 -2.46653
v 18.41928 19.22842 -1.09320
v 18.48316 19.06347 -1.18652
v 15.20279 18.51728 -2.46653
v 15.13891 18.68223 -2.37320
v 18.48316 19.06347 -1.18652
v 18.55403 19.07527 -1.37318
v 15.27365 18.52908 -2.65318
v 15.20279 18.51728 -2.46653
v 18.55403 19.07527 -1.37318
v 18.56101 19.25203 -1.46650
v 15.28064 18.70584 -2.74650
v 15.27365 18.52908 -2.65318
v 18.55403 19.07527 -1.37318
v 18.48316 19.06347 -1.18652
v 18.41928 19.22842 -1.09320
v 18.42627 19.40518 -1.18652
v 18.49713 19.41698 -1.37317
v 18.56101 19.25203 -1.46650
v 15.28064 18.70584 -2.74650
v 15.21676 18.87079 -2.65318
v 15.14589 18.85899 -2.46653
v 15.13891 18.68223 -2.37320
v 15.20279 18.51728 -2.46653
v 15.27365 18.52908 -2.65318
v 18.68743 19.27305 1.28015
v 18.56034 19.42748 1.28015
v 18.56034 19.42750 -1.27985
v 18.68743 19.27307 -1.27985
v 18.56034 19.42748 1.28015
v 18.36306 19.39463 1.28015
v 18.36306 19.39465 -1.27985
v 18.56034 19.42750 -1.27985
v 18.36306 19.39463 1.28015
v 18.29286 19.20736 1.28015
v 18.29286 19.20738 -1.27985
v 18.36306 19.39465 -1.27985
v 18.29286 19.20736 1.28015
v 18.41995 19.05293 1.28015
v 18.41995 19.05295 -1.27985
v 18.29286 19.20738 -1.27985
v 18.41995 19.05293 1.28015
v 18.61724 19.08578 1.28015
v 18.61724 19.08580 -1.27985
v 18.41995 19.05295 -1.27985
v 18.61724 19.08578 1.28015
v 18.68743 19.27305 1.28015
v 18.68743 19.27307 -1.27985
v 18.61724 19.08580 -1.27985
v 18.61724 19.08578 1.28015
v 18.41995 19.05293 1.28015
v 18.29286 19.20736 1.28015
v 18.36306 19.39463 1.28015
v 18.56034 19.42748 1.28015
v 18.68743 19.27305 1.28015
v 18.68743 19.27307 -1.27985
v 18.56034 19.42750 -1.27985
v 18.36306 19.39465 -1.27985
v 18.29286 19.20738 -1.27985
v 18.41995 19.05295 -1.27985
v 18.61724 19.08580 -1.27985
v 15.28064 18.70579 2.74680
v 15.21676 18.87075 2.65347
v 18.49713 19.41696 1.37348
v 18.56101 19.25200 1.46680
v 15.21676 18.87075 2.65347
v 15.14589 18.85895 2.46682
v 18.42627 19.40516 1.18683
v 18.49713 19.41696 1.37348
v 15.14589 18.85895 2.46682
v 15.13891 18.68220 2.37350
v 18.41928 19.22841 1.09350
v 18.42627 19.40516 1.18683
v 15.13891 18.68220 2.37350
v 15.20279 18.51724 2.46682
v 18.48316 19.06345 1.18682
v 18.41928 19.22841 1.09350
v 15.20279 18.51724 2.46682
v 15.27365 18.52904 2.65347
v 18.55403 19.07525 1.37348
v 18.48316 19.06345 1.18682
v 15.27365 18.52904 2.65347
v 15.28064 18.70579 2.74680
v 18.56101 19.25200 1.46680
v 18.55403 19.07525 1.37348
v 15.27365 18.52904 2.65347
v 15.20279 18.51724 2.46682
v 15.13891 18.68220 2.37350
v 15.14589 18.85895 2.46682
v 15.21676 18.87075 2.65347
v 15.28064 18.70579 2.74680
v 18.56101 19.25200 1.46680
v 18.49713 19.41696 1.37348
v 18.42627 19.40516 1.18683
v 18.41928 19.22841 1.09350
v 18.48316 19.06345 1.18682
v 18.55403 19.07525 1.37348
v 11.85853 18.13601 1.46679
v 11.86551 18.31276 1.37347
v 15.14589 18.85895 2.65347
v 15.13891 18.68219 2.74680
v 11.86551 18.31276 1.37347
v 11.93638 18.32456 1.18682
v 15.21676 18.87075 2.46682
v 15.14589 18.85895 2.65347
v 11.93638 18.32456 1.18682
v 12.00026 18.15961 1.09349
v 15.28064 18.70580 2.37350
v 15.21676 18.87075 2.46682
v 12.00026 18.15961 1.09349
v 11.99328 17.98285 1.18682
v 15.27365 18.52904 2.46682
v 15.28064 18.70580 2.37350
v 11.99328 17.98285 1.18682
v 11.92241 17.97105 1.37347
v 15.20279 18.51724 2.65347
v 15.27365 18.52904 2.46682
v 11.92241 17.97105 1.37347
v 11.85853 18.13601 1.46679
v 15.13891 18.68219 2.74680
v 15.20279 18.51724 2.65347
v 11.92241 17.97105 1.37347
v 11.99328 17.98285 1.18682
v 12.00026 18.15961 1.09349
v 11.93638 18.32456 1.18682
v 11.86551 18.31276 1.37347
v 11.85853 18.13601 1.46679
v 15.13891 18.68219 2.74680
v 15.14589 18.85895 2.65347
v 15.21676 18.87075 2.46682
v 15.28064 18.70580 2.37350
v 15.27365 18.52904 2.46682
v 15.20279 18.51724 2.65347
v 11.73211 18.11498 -1.27986
v 11.80231 18.30226 -1.27986
v 11.80231 18.30223 1.28014
v 11.73211 18.11496 1.28014
v 11.80231 18.30226 -1.27986
v 11.99959 18.33510 -1.27986
v 11.99959 18.33508 1.28014
v 11.80231 18.30223 1.28014
v 11.99959 18.33510 -1.27986
v 12.12668 18.18068 -1.27986
v 12.12668 18.18065 1.28014
v 11.99959 18.33508 1.28014
v 12.12668 18.18068 -1.27986
v 12.05649 17.99340 -1.27986
v 12.05649 17.99338 1.28014
v 12.12668 18.18065 1.28014
v 12.05649 17.99340 -1.27986
v 11.85920 17.96055 -1.27986
v 11.85920 17.96053 1.28014
v 12.05649 17.99338 1.28014
v 11.85920 17.96055 -1.27986
v 11.73211 18.11498 -1.27986
v 11.73211 18.11496 1.28014
v 11.85920 17.96053 1.28014
v 11.85920 17.96055 -1.27986
v 12.05649 17.99340 -1.27986
v 12.12668 18.18068 -1.27986
v 11.99959 18.33510 -1.27986
v 11.80231 18.30226 -1.27986
v 11.73211 18.11498 -1.27986
v 11.73211 18.11496 1.28014
v 11.80231 18.30223 1.28014
v 11.99959 18.33508 1.28014
v 12.12668 18.18065 1.28014
v 12.05649 17.99338 1.28014
v 11.85920 17.96053 1.28014
v 15.13891 18.68224 -2.74650
v 15.14589 18.85899 -2.65318
v 11.86552 18.31278 -1.37318
v 11.85853 18.13603 -1.46651
v 15.14589 18.85899 -2.65318
v 15.21676 18.87079 -2.46653
v 11.93638 18.32458 -1.18653
v 11.86552 18.31278 -1.37318
v 15.21676 18.87079 -2.46653
v 15.28064 18.70583 -2.37320
v 12.00026 18.15962 -1.09321
v 11.93638 18.32458 -1.18653
v 15.28064 18.70583 -2.37320
v 15.27365 18.52908 -2.46653
v 11.99328 17.98287 -1.18653
v 12.00026 18.15962 -1.09321
v 15.27365 18.52908 -2.46653
v 15.20279 18.51728 -2.65318
v 11.92241 17.97108 -1.37319
v 11.99328 17.98287 -1.18653
v 15.20279 18.51728 -2.65318
v 15.13891 18.68224 -2.74650
v 11.85853 18.13603 -1.46651
v 11.92241 17.97108 -1.37319
v 15.20279 18.51728 -2.65318
v 15.27365 18.52908 -2.46653
v 15.28064 18.70583 -2.37320
v 15.21676 18.87079 -2.46653
v 15.14589 18.85899 -2.65318
v 15.13891 18.68224 -2.74650
v 11.85853 18.13603 -1.46651
v 11.86552 18.31278 -1.37318
v 11.93638 18.32458 -1.18653
v 12.00026 18.15962 -1.09321
v 11.99328 17.98287 -1.18653
v 11.92241 17.97108 -1.37319
v 15.11508 18.67827 -2.55985
v 15.14877 18.76816 -2.55985
v 15.14877 18.76814 0.00015
v 15.11508 18.67825 0.00015
v 15.14877 18.76816 -2.55985
v 15.24347 18.78393 -2.55985
v 15.24347 18.78391 0.00015
v 15.14877 18.76814 0.00015
v 15.24347 18.78393 -2.55985
v 15.30447 18.70980 -2.55985
v 15.30447 18.70978 0.00015
v 15.24347 18.78391 0.00015
v 15.30447 18.70980 -2.55985
v 15.27078 18.61991 -2.55985
v 15.27078 18.61989 0.00015
v 15.30447 18.70978 0.00015
v 15.27078 18.61991 -2.55985
v 15.17608 18.60414 -2.55985
v 15.17608 18.60412 0.00015
v 15.27078 18.61989 0.00015
v 15.17608 18.60414 -2.55985
v 15.11508 18.67827 -2.55985
v 15.11508 18.67825 0.00015
v 15.17608 18.60412 0.00015
v 15.17608 18.60414 -2.55985
v 15.27078 18.61991 -2.55985
v 15.30447 18.70980 -2.55985
v 15.24347 18.78393 -2.55985
v 15.14877 18.76816 -2.55985
v 15.11508 18.67827 -2.55985
v 15.11508 18.67825 0.00015
v 15.14877 18.76814 0.00015
v 15.24347 18.78391 0.00015
v 15.30447 18.70978 0.00015
v 15.27078 18.61989 0.00015
v 15.17608 18.60412 0.00015
v 15.64771 18.80569 -2.77020
v 15.65399 18.76800 -2.81985
v 15.72271 18.77944 -2.55985
v 15.64384 18.82898 -2.64020
v 15.64771 18.80569 -2.77020
v 15.72271 18.77944 -2.55985
v 15.64384 18.82898 -2.47951
v 15.64384 18.82898 -2.64020
v 15.72271 18.77944 -2.55985
v 15.64771 18.80569 -2.34951
v 15.64384 18.82898 -2.47951
v 15.72271 18.77944 -2.55985
v 15.65399 18.76800 -2.29985
v 15.64771 18.80569 -2.34951
v 15.72271 18.77944 -2.55985
v 15.66026 18.73031 -2.34951
v 15.65399 18.76800 -2.29985
v 15.72271 18.77944 -2.55985
v 15.66414 18.70702 -2.47951
v 15.66026 18.73031 -2.34951
v 15.72271 18.77944 -2.55985
v 15.66414 18.70702 -2.64020
v 15.66414 18.70702 -2.47951
v 15.72271 18.77944 -2.55985
v 15.66026 18.73031 -2.77020
v 15.66414 18.70702 -2.64020
v 15.72271 18.77944 -2.55985
v 15.65399 18.76800 -2.81985
v 15.66026 18.73031 -2.77020
v 15.72271 18.77944 -2.55985
v 15.64771 18.80569 -2.77020
v 15.45537 18.80202 -2.92418
v 15.46624 18.73674 -3.01019
v 15.65399 18.76800 -2.81985
v 15.64384 18.82898 -2.64020
v 15.44866 18.84236 -2.69901
v 15.45537 18.80202 -2.92418
v 15.64771 18.80569 -2.77020
v 15.64384 18.82898 -2.47951
v 15.44866 18.84236 -2.42069
v 15.44866 18.84236 -2.69901
v 15.64384 18.82898 -2.64020
v 15.64771 18.80569 -2.34951
v 15.45537 18.80201 -2.19553
v 15.44866 18.84236 -2.42069
v 15.64384 18.82898 -2.47951
v 15.65399 18.76800 -2.29985
v 15.46624 18.73674 -2.10952
v 15.45537 18.80201 -2.19553
v 15.64771 18.80569 -2.34951
v 15.66026 18.73031 -2.34951
v 15.47711 18.67146 -2.19553
v 15.46624 18.73674 -2.10952
v 15.65399 18.76800 -2.29985
v 15.66414 18.70702 -2.47951
v 15.48383 18.63112 -2.42069
v 15.47711 18.67146 -2.19553
v 15.66026 18.73031 -2.34951
v 15.66414 18.70702 -2.64020
v 15.48383 18.63112 -2.69901
v 15.48383 18.63112 -2.42069
v 15.66414 18.70702 -2.47951
v 15.66026 18.73031 -2.77020
v 15.47711 18.67147 -2.92418
v 15.48383 18.63112 -2.69901
v 15.66414 18.70702 -2.64020
v 15.65399 18.76800 -2.81985
v 15.46624 18.73674 -3.01019
v 15.47711 18.67147 -2.92418
v 15.66026 18.73031 -2.77020
v 15.45537 18.80202 -2.92418
v 15.19722 18.76941 -2.98054
v 15.20977 18.69404 -3.07985
v 15.46624 18.73674 -3.01019
v 15.44866 18.84236 -2.69901
v 15.18947 18.81600 -2.72054
v 15.19722 18.76941 -2.98054
v 15.45537 18.80202 -2.92418
v 15.44866 18.84236 -2.42069
v 15.18947 18.81599 -2.39916
v 15.18947 18.81600 -2.72054
v 15.44866 18.84236 -2.69901
v 15.45537 18.80201 -2.19553
v 15.19722 18.76941 -2.13916
v 15.18947 18.81599 -2.39916
v 15.44866 18.84236 -2.42069
v 15.46624 18.73674 -2.10952
v 15.20977 18.69403 -2.03985
v 15.19722 18.76941 -2.13916
v 15.45537 18.80201 -2.19553
v 15.47711 18.67146 -2.19553
v 15.22232 18.61866 -2.13917
v 15.20977 18.69403 -2.03985
v 15.46624 18.73674 -2.10952
v 15.48383 18.63112 -2.42069
v 15.23008 18.57208 -2.39917
v 15.22232 18.61866 -2.13917
v 15.47711 18.67146 -2.19553
v 15.48383 18.63112 -2.69901
v 15.23008 18.57208 -2.72054
v 15.23008 18.57208 -2.39917
v 15.48383 18.63112 -2.42069
v 15.47711 18.67147 -2.92418
v 15.22232 18.61866 -2.98054
v 15.23008 18.57208 -2.72054
v 15.48383 18.63112 -2.69901
v 15.46624 18.73674 -3.01019
v 15.20977 18.69404 -3.07985
v 15.22232 18.61866 -2.98054
v 15.47711 18.67147 -2.92418
v 15.19722 18.76941 -2.98054
v 14.94243 18.71661 -2.92418
v 14.95330 18.65134 -3.01019
v 15.20977 18.69404 -3.07985
v 15.18947 18.81600 -2.72054
v 14.93572 18.75695 -2.69901
v 14.94243 18.71661 -2.92418
v 15.19722 18.76941 -2.98054
v 15.18947 18.81599 -2.39916
v 14.93572 18.75695 -2.42069
v 14.93572 18.75695 -2.69901
v 15.18947 18.81600 -2.72054
v 15.19722 18.76941 -2.13916
v 14.94243 18.71661 -2.19553
v 14.93572 18.75695 -2.42069
v 15.18947 18.81599 -2.39916
v 15.20977 18.69403 -2.03985
v 14.95330 18.65133 -2.10952
v 14.94243 18.71661 -2.19553
v 15.19722 18.76941 -2.13916
v 15.22232 18.61866 -2.13917
v 14.96417 18.58605 -2.19553
v 14.95330 18.65133 -2.10952
v 15.20977 18.69403 -2.03985
v 15.23008 18.57208 -2.39917
v 14.97089 18.54571 -2.42069
v 14.96417 18.58605 -2.19553
v 15.22232 18.61866 -2.13917
v 15.23008 18.57208 -2.72054
v 14.97089 18.54572 -2.69902
v 14.97089 18.54571 -2.42069
v 15.23008 18.57208 -2.39917
v 15.22232 18.61866 -2.98054
v 14.96417 18.58606 -2.92418
v 14.97089 18.54572 -2.69902
v 15.23008 18.57208 -2.72054
v 15.20977 18.69404 -3.07985
v 14.95330 18.65134 -3.01019
v 14.96417 18.58606 -2.92418
v 15.22232 18.61866 -2.98054
v 14.94243 18.71661 -2.92418
v 14.75928 18.65776 -2.77020
v 14.76555 18.62007 -2.81985
v 14.95330 18.65134 -3.01019
v 14.93572 18.75695 -2.69901
v 14.75540 18.68105 -2.64020
v 14.75928 18.65776 -2.77020
v 14.94243 18.71661 -2.92418
v 14.93572 18.75695 -2.42069
v 14.75540 18.68105 -2.47951
v 14.75540 18.68105 -2.64020
v 14.93572 18.75695 -2.69901
v 14.94243 18.71661 -2.19553
v 14.75928 18.65776 -2.34951
v 14.75540 18.68105 -2.47951
v 14.93572 18.75695 -2.42069
v 14.95330 18.65133 -2.10952
v 14.76555 18.62007 -2.29985
v 14.75928 18.65776 -2.34951
v 14.94243 18.71661 -2.19553
v 14.96417 18.58605 -2.19553
v 14.77183 18.58238 -2.34951
v 14.76555 18.62007 -2.29985
v 14.95330 18.65133 -2.10952
v 14.97089 18.54571 -2.42069
v 14.77571 18.55909 -2.47951
v 14.77183 18.58238 -2.34951
v 14.96417 18.58605 -2.19553
v 14.97089 18.54572 -2.69902
v 14.77571 18.55909 -2.64020
v 14.77571 18.55909 -2.47951
v 14.97089 18.54571 -2.42069
v 14.96417 18.58606 -2.92418
v 14.77183 18.58239 -2.77020
v 14.77571 18.55909 -2.64020
v 14.97089 18.54572 -2.69902
v 14.95330 18.65134 -3.01019
v 14.76555 18.62007 -2.81985
v 14.77183 18.58239 -2.77020
v 14.96417 18.58606 -2.92418
v 14.75928 18.65776 -2.77020
v 14.69683 18.60863 -2.55985
v 14.76555 18.62007 -2.81985
v 14.75540 18.68105 -2.64020
v 14.69683 18.60863 -2.55985
v 14.75928 18.65776 -2.77020
v 14.75540 18.68105 -2.47951
v 14.69683 18.60863 -2.55985
v 14.75540 18.68105 -2.64020
v 14.75928 18.65776 -2.34951
v 14.69683 18.60863 -2.55985
v 14.75540 18.68105 -2.47951
v 14.76555 18.62007 -2.29985
v 14.69683 18.60863 -2.55985
v 14.75928 18.65776 -2.34951
v 14.77183 18.58238 -2.34951
v 14.69683 18.60863 -2.55985
v 14.76555 18.62007 -2.29985
v 14.77571 18.55909 -2.47951
v 14.69683 18.60863 -2.55985
v 14.77183 18.58238 -2.34951
v 14.77571 18.55909 -2.64020
v 14.69683 18.60863 -2.55985
v 14.77571 18.55909 -2.47951
v 14.77183 18.58239 -2.77020
v 14.69683 18.60863 -2.55985
v 14.77571 18.55909 -2.64020
v 14.76555 18.62007 -2.81985
v 14.69683 18.60863 -2.55985
v 14.77183 18.58239 -2.77020
v 18.45613 19.23456 -1.36944
v 18.45949 19.31940 -1.32464
v 15.17911 18.77319 -0.04465
v 15.17576 18.68835 -0.08945
v 18.45949 19.31940 -1.32464
v 18.49350 19.32507 -1.23505
v 15.21313 18.77886 0.04494
v 15.17911 18.77319 -0.04465
v 18.49350 19.32507 -1.23505
v 18.52416 19.24589 -1.19026
v 15.24379 18.69968 0.08974
v 15.21313 18.77886 0.04494
v 18.52416 19.24589 -1.19026
v 18.52081 19.16105 -1.23505
v 15.24044 18.61484 0.04494
v 15.24379 18.69968 0.08974
v 18.52081 19.16105 -1.23505
v 18.48680 19.15538 -1.32465
v 15.20642 18.60917 -0.04465
v 15.24044 18.61484 0.04494
v 18.48680 19.15538 -1.32465
v 18.45613 19.23456 -1.36944
v 15.17576 18.68835 -0.08945
v 15.20642 18.60917 -0.04465
v 18.48680 19.15538 -1.32465
v 18.52081 19.16105 -1.23505
v 18.52416 19.24589 -1.19026
v 18.49350 19.32507 -1.23505
v 18.45949 19.31940 -1.32464
v 18.45613 19.23456 -1.36944
v 15.17576 18.68835 -0.08945
v 15.17911 18.77319 -0.04465
v 15.21313 18.77886 0.04494
v 15.24379 18.69968 0.08974
v 15.24044 18.61484 0.04494
v 15.20642 18.60917 -0.04465
v 18.92809 19.35188 -1.49019
v 18.93437 19.31419 -1.53985
v 19.00309 19.32563 -1.27985
v 18.92421 19.37517 -1.36019
v 18.92809 19.35188 -1.49019
v 19.00309 19.32563 -1.27985
v 18.92421 19.37517 -1.19950
v 18.92421 19.37517 -1.36019
v 19.00309 19.32563 -1.27985
v 18.92809 19.35188 -1.06950
v 18.92421 19.37517 -1.19950
v 19.00309 19.32563 -1.27985
v 18.93437 19.31419 -1.01985
v 18.92809 19.35188 -1.06950
v 19.00309 19.32563 -1.27985
v 18.94064 19.27650 -1.06950
v 18.93437 19.31419 -1.01985
v 19.00309 19.32563 -1.27985
v 18.94452 19.25321 -1.19950
v 18.94064 19.27650 -1.06950
v 19.00309 19.32563 -1.27985
v 18.94452 19.25321 -1.36019
v 18.94452 19.25321 -1.19950
v 19.00309 19.32563 -1.27985
v 18.94064 19.27650 -1.49019
v 18.94452 19.25321 -1.36019
v 19.00309 19.32563 -1.27985
v 18.93437 19.31419 -1.53985
v 18.94064 19.27650 -1.49019
v 19.00309 19.32563 -1.27985
v 18.92809 19.35188 -1.49019
v 18.73575 19.34821 -1.64418
v 18.74662 19.28293 -1.73018
v 18.93437 19.31419 -1.53985
v 18.92421 19.37517 -1.36019
v 18.72903 19.38855 -1.41901
v 18.73575 19.34821 -1.64418
v 18.92809 19.35188 -1.49019
v 18.92421 19.37517 -1.19950
v 18.72903 19.38855 -1.14069
v 18.72903 19.38855 -1.41901
v 18.92421 19.37517 -1.36019
v 18.92809 19.35188 -1.06950
v 18.73575 19.34820 -0.91552
v 18.72903 19.38855 -1.14069
v 18.92421 19.37517 -1.19950
v 18.93437 19.31419 -1.01985
v 18.74662 19.28292 -0.82952
v 18.73575 19.34820 -0.91552
v 18.92809 19.35188 -1.06950
v 18.94064 19.27650 -1.06950
v 18.75749 19.21765 -0.91552
v 18.74662 19.28292 -0.82952
v 18.93437 19.31419 -1.01985
v 18.94452 19.25321 -1.19950
v 18.76420 19.17731 -1.14069
v 18.75749 19.21765 -0.91552
v 18.94064 19.27650 -1.06950
v 18.94452 19.25321 -1.36019
v 18.76420 19.17731 -1.41901
v 18.76420 19.17731 -1.14069
v 18.94452 19.25321 -1.19950
v 18.94064 19.27650 -1.49019
v 18.75749 19.21766 -1.64418
v 18.76420 19.17731 -1.41901
v 18.94452 19.25321 -1.36019
v 18.93437 19.31419 -1.53985
v 18.74662 19.28293 -1.73018
v 18.75749 19.21766 -1.64418
v 18.94064 19.27650 -1.49019
v 18.73575 19.34821 -1.64418
v 18.47760 19.31560 -1.70054
v 18.49015 19.24023 -1.79985
v 18.74662 19.28293 -1.73018
v 18.72903 19.38855 -1.41901
v 18.46984 19.36218 -1.44054
v 18.47760 19.31560 -1.70054
v 18.73575 19.34821 -1.64418
v 18.72903 19.38855 -1.14069
v 18.46984 19.36218 -1.11916
v 18.46984 19.36218 -1.44054
v 18.72903 19.38855 -1.41901
v 18.73575 19.34820 -0.91552
v 18.47760 19.31560 -0.85916
v 18.46984 19.36218 -1.11916
v 18.72903 19.38855 -1.14069
v 18.74662 19.28292 -0.82952
v 18.49015 19.24022 -0.75985
v 18.47760 19.31560 -0.85916
v 18.73575 19.34820 -0.91552
v 18.75749 19.21765 -0.91552
v 18.50270 19.16485 -0.85916
v 18.49015 19.24022 -0.75985
v 18.74662 19.28292 -0.82952
v 18.76420 19.17731 -1.14069
v 18.51046 19.11827 -1.11916
v 18.50270 19.16485 -0.85916
v 18.75749 19.21765 -0.91552
v 18.76420 19.17731 -1.41901
v 18.51046 19.11827 -1.44054
v 18.51046 19.11827 -1.11916
v 18.76420 19.17731 -1.14069
v 18.75749 19.21766 -1.64418
v 18.50270 19.16485 -1.70054
v 18.51046 19.11827 -1.44054
v 18.76420 19.17731 -1.41901
v 18.74662 19.28293 -1.73018
v 18.49015 19.24023 -1.79985
v 18.50270 19.16485 -1.70054
v 18.75749 19.21766 -1.64418
v 18.47760 19.31560 -1.70054
v 18.22281 19.26280 -1.64418
v 18.23368 19.19753 -1.73018
v 18.49015 19.24023 -1.79985
v 18.46984 19.36218 -1.44054
v 18.21609 19.30314 -1.41901
v 18.22281 19.26280 -1.64418
v 18.47760 19.31560 -1.70054
v 18.46984 19.36218 -1.11916
v 18.21609 19.30314 -1.14069
v 18.21609 19.30314 -1.41901
v 18.46984 19.36218 -1.44054
v 18.47760 19.31560 -0.85916
v 18.22281 19.26279 -0.91552
v 18.21609 19.30314 -1.14069
v 18.46984 19.36218 -1.11916
v 18.49015 19.24022 -0.75985
v 18.23368 19.19752 -0.82952
v 18.22281 19.26279 -0.91552
v 18.47760 19.31560 -0.85916
v 18.50270 19.16485 -0.85916
v 18.24455 19.13224 -0.91552
v 18.23368 19.19752 -0.82952
v 18.49015 19.24022 -0.75985
v 18.51046 19.11827 -1.11916
v 18.25126 19.09190 -1.14069
v 18.24455 19.13224 -0.91552
v 18.50270 19.16485 -0.85916
v 18.51046 19.11827 -1.44054
v 18.25126 19.09190 -1.41901
v 18.25126 19.09190 -1.14069
v 18.51046 19.11827 -1.11916
v 18.50270 19.16485 -1.70054
v 18.24455 19.13225 -1.64418
v 18.25126 19.09190 -1.41901
v 18.51046 19.11827 -1.44054
v 18.49015 19.24023 -1.79985
v 18.23368 19.19753 -1.73018
v 18.24455 19.13225 -1.64418
v 18.50270 19.16485 -1.70054
v 18.22281 19.26280 -1.64418
v 18.03966 19.20395 -1.49019
v 18.04593 19.16626 -1.53985
v 18.23368 19.19753 -1.73018
v 18.21609 19.30314 -1.41901
v 18.03578 19.22724 -1.36019
v 18.03966 19.20395 -1.49019
v 18.22281 19.26280 -1.64418
v 18.21609 19.30314 -1.14069
v 18.03578 19.22724 -1.19950
v 18.03578 19.22724 -1.36019
v 18.21609 19.30314 -1.41901
v 18.22281 19.26279 -0.91552
v 18.03966 19.20395 -1.06950
v 18.03578 19.22724 -1.19950
v 18.21609 19.30314 -1.14069
v 18.23368 19.19752 -0.82952
v 18.04593 19.16626 -1.01985
v 18.03966 19.20395 -1.06950
v 18.22281 19.26279 -0.91552
v 18.24455 19.13224 -0.91552
v 18.05221 19.12857 -1.06951
v 18.04593 19.16626 -1.01985
v 18.23368 19.19752 -0.82952
v 18.25126 19.09190 -1.14069
v 18.05608 19.10528 -1.19951
v 18.05221 19.12857 -1.06951
v 18.24455 19.13224 -0.91552
v 18.25126 19.09190 -1.41901
v 18.05608 19.10528 -1.36019
v 18.05608 19.10528 -1.19951
v 18.25126 19.09190 -1.14069
v 18.24455 19.13225 -1.64418
v 18.05221 19.12857 -1.49019
v 18.05608 19.10528 -1.36019
v 18.25126 19.09190 -1.41901
v 18.23368 19.19753 -1.73018
v 18.04593 19.16626 -1.53985
v 18.05221 19.12857 -1.49019
v 18.24455 19.13225 -1.64418
v 18.03966 19.20395 -1.49019
v 17.97721 19.15482 -1.27985
v 18.04593 19.16626 -1.53985
v 18.03578 19.22724 -1.36019
v 17.97721 19.15482 -1.27985
v 18.03966 19.20395 -1.49019
v 18.03578 19.22724 -1.19950
v 17.97721 19.15482 -1.27985
v 18.03578 19.22724 -1.36019
v 18.03966 19.20395 -1.06950
v 17.97721 19.15482 -1.27985
v 18.03578 19.22724 -1.19950
v 18.04593 19.16626 -1.01985
v 17.97721 19.15482 -1.27985
v 18.03966 19.20395 -1.06950
v 18.05221 19.12857 -1.06951
v 17.97721 19.15482 -1.27985
v 18.04593 19.16626 -1.01985
v 18.05608 19.10528 -1.19951
v 17.97721 19.15482 -1.27985
v 18.05221 19.12857 -1.06951
v 18.05608 19.10528 -1.36019
v 17.97721 19.15482 -1.27985
v 18.05608 19.10528 -1.19951
v 18.05221 19.12857 -1.49019
v 17.97721 19.15482 -1.27985
v 18.05608 19.10528 -1.36019
v 18.04593 19.16626 -1.53985
v 17.97721 19.15482 -1.27985
v 18.05221 19.12857 -1.49019
v 18.52416 19.24587 1.19056
v 18.49350 19.32505 1.23536
v 15.21313 18.77886 -0.04465
v 15.24379 18.69968 -0.08945
v 18.49350 19.32505 1.23536
v 18.45949 19.31938 1.32495
v 15.17911 18.77319 0.04494
v 15.21313 18.77886 -0.04465
v 18.45949 19.31938 1.32495
v 18.45613 19.23454 1.36974
v 15.17576 18.68835 0.08974
v 15.17911 18.77319 0.04494
v 18.45613 19.23454 1.36974
v 18.48680 19.15536 1.32495
v 15.20642 18.60917 0.04494
v 15.17576 18.68835 0.08974
v 18.48680 19.15536 1.32495
v 18.52081 19.16103 1.23535
v 15.24044 18.61484 -0.04465
v 15.20642 18.60917 0.04494
v 18.52081 19.16103 1.23535
v 18.52416 19.24587 1.19056
v 15.24379 18.69968 -0.08945
v 15.24044 18.61484 -0.04465
v 18.52081 19.16103 1.23535
v 18.48680 19.15536 1.32495
v 18.45613 19.23454 1.36974
v 18.45949 19.31938 1.32495
v 18.49350 19.32505 1.23536
v 18.52416 19.24587 1.19056
v 15.24379 18.69968 -0.08945
v 15.21313 18.77886 -0.04465
v 15.17911 18.77319 0.04494
v 15.17576 18.68835 0.08974
v 15.20642 18.60917 0.04494
v 15.24044 18.61484 -0.04465
v 18.92809 19.35186 1.06981
v 18.93437 19.31417 1.02015
v 19.00309 19.32561 1.28015
v 18.92421 19.37515 1.19981
v 18.92809 19.35186 1.06981
v 19.00309 19.32561 1.28015
v 18.92421 19.37515 1.36050
v 18.92421 19.37515 1.19981
v 19.00309 19.32561 1.28015
v 18.92809 19.35185 1.49050
v 18.92421 19.37515 1.36050
v 19.00309 19.32561 1.28015
v 18.93437 19.31417 1.54015
v 18.92809 19.35185 1.49050
v 19.00309 19.32561 1.28015
v 18.94064 19.27648 1.49050
v 18.93437 19.31417 1.54015
v 19.00309 19.32561 1.28015
v 18.94452 19.25319 1.36050
v 18.94064 19.27648 1.49050
v 19.00309 19.32561 1.28015
v 18.94452 19.25319 1.19981
v 18.94452 19.25319 1.36050
v 19.00309 19.32561 1.28015
v 18.94064 19.27648 1.06981
v 18.94452 19.25319 1.19981
v 19.00309 19.32561 1.28015
v 18.93437 19.31417 1.02015
v 18.94064 19.27648 1.06981
v 19.00309 19.32561 1.28015
v 18.92809 19.35186 1.06981
v 18.73575 19.34819 0.91582
v 18.74662 19.28291 0.82982
v 18.93437 19.31417 1.02015
v 18.92421 19.37515 1.19981
v 18.72903 19.38853 1.14099
v 18.73575 19.34819 0.91582
v 18.92809 19.35186 1.06981
v 18.92421 19.37515 1.36050
v 18.72903 19.38853 1.41931
v 18.72903 19.38853 1.14099
v 18.92421 19.37515 1.19981
v 18.92809 19.35185 1.49050
v 18.73575 19.34818 1.64448
v 18.72903 19.38853 1.41931
v 18.92421 19.37515 1.36050
v 18.93437 19.31417 1.54015
v 18.74662 19.28291 1.73048
v 18.73575 19.34818 1.64448
v 18.92809 19.35185 1.49050
v 18.94064 19.27648 1.49050
v 18.75749 19.21763 1.64448
v 18.74662 19.28291 1.73048
v 18.93437 19.31417 1.54015
v 18.94452 19.25319 1.36050
v 18.76420 19.17729 1.41931
v 18.75749 19.21763 1.64448
v 18.94064 19.27648 1.49050
v 18.94452 19.25319 1.19981
v 18.76420 19.17729 1.14099
v 18.76420 19.17729 1.41931
v 18.94452 19.25319 1.36050
v 18.94064 19.27648 1.06981
v 18.75749 19.21764 0.91582
v 18.76420 19.17729 1.14099
v 18.94452 19.25319 1.19981
v 18.93437 19.31417 1.02015
v 18.74662 19.28291 0.82982
v 18.75749 19.21764 0.91582
v 18.94064 19.27648 1.06981
v 18.73575 19.34819 0.91582
v 18.47760 19.31558 0.85946
v 18.49015 19.24021 0.76015
v 18.74662 19.28291 0.82982
v 18.72903 19.38853 1.14099
v 18.46984 19.36217 1.11946
v 18.47760 19.31558 0.85946
v 18.73575 19.34819 0.91582
v 18.72903 19.38853 1.41931
v 18.46984 19.36216 1.44084
v 18.46984 19.36217 1.11946
v 18.72903 19.38853 1.14099
v 18.73575 19.34818 1.64448
v 18.47760 19.31558 1.70084
v 18.46984 19.36216 1.44084
v 18.72903 19.38853 1.41931
v 18.74662 19.28291 1.73048
v 18.49015 19.24020 1.80015
v 18.47760 19.31558 1.70084
v 18.73575 19.34818 1.64448
v 18.75749 19.21763 1.64448
v 18.50270 19.16483 1.70084
v 18.49015 19.24020 1.80015
v 18.74662 19.28291 1.73048
v 18.76420 19.17729 1.41931
v 18.51045 19.11825 1.44084
v 18.50270 19.16483 1.70084
v 18.75749 19.21763 1.64448
v 18.76420 19.17729 1.14099
v 18.51045 19.11825 1.11946
v 18.51045 19.11825 1.44084
v 18.76420 19.17729 1.41931
v 18.75749 19.21764 0.91582
v 18.50270 19.16483 0.85946
v 18.51045 19.11825 1.11946
v 18.76420 19.17729 1.14099
v 18.74662 19.28291 0.82982
v 18.49015 19.24021 0.76015
v 18.50270 19.16483 0.85946
v 18.75749 19.21764 0.91582
v 18.47760 19.31558 0.85946
v 18.22281 19.26278 0.91582
v 18.23368 19.19751 0.82982
v 18.49015 19.24021 0.76015
v 18.46984 19.36217 1.11946
v 18.21609 19.30312 1.14099
v 18.22281 19.26278 0.91582
v 18.47760 19.31558 0.85946
v 18.46984 19.36216 1.44084
v 18.21609 19.30312 1.41931
v 18.21609 19.30312 1.14099
v 18.46984 19.36217 1.11946
v 18.47760 19.31558 1.70084
v 18.22281 19.26278 1.64448
v 18.21609 19.30312 1.41931
v 18.46984 19.36216 1.44084
v 18.49015 19.24020 1.80015
v 18.23368 19.19750 1.73048
v 18.22281 19.26278 1.64448
v 18.47760 19.31558 1.70084
v 18.50270 19.16483 1.70084
v 18.24455 19.13222 1.64448
v 18.23368 19.19750 1.73048
v 18.49015 19.24020 1.80015
v 18.51045 19.11825 1.44084
v 18.25126 19.09188 1.41931
v 18.24455 19.13222 1.64448
v 18.50270 19.16483 1.70084
v 18.51045 19.11825 1.11946
v 18.25126 19.09188 1.14099
v 18.25126 19.09188 1.41931
v 18.51045 19.11825 1.44084
v 18.50270 19.16483 0.85946
v 18.24455 19.13223 0.91582
v 18.25126 19.09188 1.14099
v 18.51045 19.11825 1.11946
v 18.49015 19.24021 0.76015
v 18.23368 19.19751 0.82982
v 18.24455 19.13223 0.91582
v 18.50270 19.16483 0.85946
v 18.22281 19.26278 0.91582
v 18.03966 19.20393 1.06981
v 18.04593 19.16624 1.02015
v 18.23368 19.19751 0.82982
v 18.21609 19.30312 1.14099
v 18.03578 19.22722 1.19981
v 18.03966 19.20393 1.06981
v 18.22281 19.26278 0.91582
v 18.21609 19.30312 1.41931
v 18.03578 19.22722 1.36050
v 18.03578 19.22722 1.19981
v 18.21609 19.30312 1.14099
v 18.22281 19.26278 1.64448
v 18.03966 19.20393 1.49050
v 18.03578 19.22722 1.36050
v 18.21609 19.30312 1.41931
v 18.23368 19.19750 1.73048
v 18.04593 19.16624 1.54015
v 18.03966 19.20393 1.49050
v 18.22281 19.26278 1.64448
v 18.24455 19.13222 1.64448
v 18.05221 19.12855 1.49049
v 18.04593 19.16624 1.54015
v 18.23368 19.19750 1.73048
v 18.25126 19.09188 1.41931
v 18.05608 19.10526 1.36049
v 18.05221 19.12855 1.49049
v 18.24455 19.13222 1.64448
v 18.25126 19.09188 1.14099
v 18.05608 19.10526 1.19981
v 18.05608 19.10526 1.36049
v 18.25126 19.09188 1.41931
v 18.24455 19.13223 0.91582
v 18.05221 19.12856 1.06981
v 18.05608 19.10526 1.19981
v 18.25126 19.09188 1.14099
v 18.23368 19.19751 0.82982
v 18.04593 19.16624 1.02015
v 18.05221 19.12856 1.06981
v 18.24455 19.13223 0.91582
v 18.03966 19.20393 1.06981
v 17.97721 19.15480 1.28015
v 18.04593 19.16624 1.02015
v 18.03578 19.22722 1.19981
v 17.97721 19.15480 1.28015
v 18.03966 19.20393 1.06981
v 18.03578 19.22722 1.36050
v 17.97721 19.15480 1.28015
v 18.03578 19.22722 1.19981
v 18.03966 19.20393 1.49050
v 17.97721 19.15480 1.28015
v 18.03578 19.22722 1.36050
v 18.04593 19.16624 1.54015
v 17.97721 19.15480 1.28015
v 18.03966 19.20393 1.49050
v 18.05221 19.12855 1.49049
v 17.97721 19.15480 1.28015
v 18.04593 19.16624 1.54015
v 18.05608 19.10526 1.36049
v 17.97721 19.15480 1.28015
v 18.05221 19.12855 1.49049
v 18.05608 19.10526 1.19981
v 17.97721 19.15480 1.28015
v 18.05608 19.10526 1.36049
v 18.05221 19.12856 1.06981
v 17.97721 19.15480 1.28015
v 18.05608 19.10526 1.19981
v 18.04593 19.16624 1.02015
v 17.97721 19.15480 1.28015
v 18.05221 19.12856 1.06981
v 15.30447 18.70976 2.56015
v 15.24347 18.78389 2.56015
v 15.24347 18.78391 0.00015
v 15.30447 18.70978 0.00015
v 15.24347 18.78389 2.56015
v 15.14877 18.76812 2.56015
v 15.14877 18.76814 0.00015
v 15.24347 18.78391 0.00015
v 15.14877 18.76812 2.56015
v 15.11508 18.67823 2.56015
v 15.11508 18.67825 0.00015
v 15.14877 18.76814 0.00015
v 15.11508 18.67823 2.56015
v 15.17608 18.60410 2.56015
v 15.17608 18.60412 0.00015
v 15.11508 18.67825 0.00015
v 15.17608 18.60410 2.56015
v 15.27078 18.61987 2.56015
v 15.27078 18.61989 0.00015
v 15.17608 18.60412 0.00015
v 15.27078 18.61987 2.56015
v 15.30447 18.70976 2.56015
v 15.30447 18.70978 0.00015
v 15.27078 18.61989 0.00015
v 15.27078 18.61987 2.56015
v 15.17608 18.60410 2.56015
v 15.11508 18.67823 2.56015
v 15.14877 18.76812 2.56015
v 15.24347 18.78389 2.56015
v 15.30447 18.70976 2.56015
v 15.30447 18.70978 0.00015
v 15.24347 18.78391 0.00015
v 15.14877 18.76814 0.00015
v 15.11508 18.67825 0.00015
v 15.17608 18.60412 0.00015
v 15.27078 18.61989 0.00015
v 15.64771 18.80565 2.34980
v 15.65399 18.76796 2.30015
v 15.72271 18.77940 2.56015
v 15.64384 18.82894 2.47980
v 15.64771 18.80565 2.34980
v 15.72271 18.77940 2.56015
v 15.64384 18.82894 2.64049
v 15.64384 18.82894 2.47980
v 15.72271 18.77940 2.56015
v 15.64771 18.80564 2.77049
v 15.64384 18.82894 2.64049
v 15.72271 18.77940 2.56015
v 15.65399 18.76796 2.82015
v 15.64771 18.80564 2.77049
v 15.72271 18.77940 2.56015
v 15.66026 18.73027 2.77049
v 15.65399 18.76796 2.82015
v 15.72271 18.77940 2.56015
v 15.66414 18.70698 2.64049
v 15.66026 18.73027 2.77049
v 15.72271 18.77940 2.56015
v 15.66414 18.70698 2.47980
v 15.66414 18.70698 2.64049
v 15.72271 18.77940 2.56015
v 15.66026 18.73027 2.34980
v 15.66414 18.70698 2.47980
v 15.72271 18.77940 2.56015
v 15.65399 18.76796 2.30015
v 15.66026 18.73027 2.34980
v 15.72271 18.77940 2.56015
v 15.64771 18.80565 2.34980
v 15.45537 18.80198 2.19582
v 15.46624 18.73670 2.10981
v 15.65399 18.76796 2.30015
v 15.64384 18.82894 2.47980
v 15.44866 18.84232 2.42099
v 15.45537 18.80198 2.19582
v 15.64771 18.80565 2.34980
v 15.64384 18.82894 2.64049
v 15.44866 18.84232 2.69931
v 15.44866 18.84232 2.42099
v 15.64384 18.82894 2.47980
v 15.64771 18.80564 2.77049
v 15.45537 18.80197 2.92447
v 15.44866 18.84232 2.69931
v 15.64384 18.82894 2.64049
v 15.65399 18.76796 2.82015
v 15.46624 18.73670 3.01048
v 15.45537 18.80197 2.92447
v 15.64771 18.80564 2.77049
v 15.66026 18.73027 2.77049
v 15.47711 18.67142 2.92447
v 15.46624 18.73670 3.01048
v 15.65399 18.76796 2.82015
v 15.66414 18.70698 2.64049
v 15.48383 18.63108 2.69931
v 15.47711 18.67142 2.92447
v 15.66026 18.73027 2.77049
v 15.66414 18.70698 2.47980
v 15.48383 18.63108 2.42099
v 15.48383 18.63108 2.69931
v 15.66414 18.70698 2.64049
v 15.66026 18.73027 2.34980
v 15.47711 18.67142 2.19582
v 15.48383 18.63108 2.42099
v 15.66414 18.70698 2.47980
v 15.65399 18.76796 2.30015
v 15.46624 18.73670 2.10981
v 15.47711 18.67142 2.19582
v 15.66026 18.73027 2.34980
v 15.45537 18.80198 2.19582
v 15.19722 18.76937 2.13946
v 15.20977 18.69400 2.04015
v 15.46624 18.73670 2.10981
v 15.44866 18.84232 2.42099
v 15.18947 18.81595 2.39946
v 15.19722 18.76937 2.13946
v 15.45537 18.80198 2.19582
v 15.44866 18.84232 2.69931
v 15.18947 18.81595 2.72084
v 15.18947 18.81595 2.39946
v 15.44866 18.84232 2.42099
v 15.45537 18.80197 2.92447
v 15.19722 18.76937 2.98084
v 15.18947 18.81595 2.72084
v 15.44866 18.84232 2.69931
v 15.46624 18.73670 3.01048
v 15.20977 18.69399 3.08015
v 15.19722 18.76937 2.98084
v 15.45537 18.80197 2.92447
v 15.47711 18.67142 2.92447
v 15.22232 18.61862 2.98083
v 15.20977 18.69399 3.08015
v 15.46624 18.73670 3.01048
v 15.48383 18.63108 2.69931
v 15.23008 18.57204 2.72083
v 15.22232 18.61862 2.98083
v 15.47711 18.67142 2.92447
v 15.48383 18.63108 2.42099
v 15.23008 18.57204 2.39946
v 15.23008 18.57204 2.72083
v 15.48383 18.63108 2.69931
v 15.47711 18.67142 2.19582
v 15.22232 18.61862 2.13946
v 15.23008 18.57204 2.39946
v 15.48383 18.63108 2.42099
v 15.46624 18.73670 2.10981
v 15.20977 18.69400 2.04015
v 15.22232 18.61862 2.13946
v 15.47711 18.67142 2.19582
v 15.19722 18.76937 2.13946
v 14.94243 18.71657 2.19582
v 14.95330 18.65129 2.10981
v 15.20977 18.69400 2.04015
v 15.18947 18.81595 2.39946
v 14.93572 18.75691 2.42099
v 14.94243 18.71657 2.19582
v 15.19722 18.76937 2.13946
v 15.18947 18.81595 2.72084
v 14.93572 18.75691 2.69931
v 14.93572 18.75691 2.42099
v 15.18947 18.81595 2.39946
v 15.19722 18.76937 2.98084
v 14.94243 18.71657 2.92447
v 14.93572 18.75691 2.69931
v 15.18947 18.81595 2.72084
v 15.20977 18.69399 3.08015
v 14.95330 18.65129 3.01048
v 14.94243 18.71657 2.92447
v 15.19722 18.76937 2.98084
v 15.22232 18.61862 2.98083
v 14.96417 18.58601 2.92447
v 14.95330 18.65129 3.01048
v 15.20977 18.69399 3.08015
v 15.23008 18.57204 2.72083
v 14.97089 18.54567 2.69931
v 14.96417 18.58601 2.92447
v 15.22232 18.61862 2.98083
v 15.23008 18.57204 2.39946
v 14.97089 18.54567 2.42098
v 14.97089 18.54567 2.69931
v 15.23008 18.57204 2.72083
v 15.22232 18.61862 2.13946
v 14.96417 18.58602 2.19582
v 14.97089 18.54567 2.42098
v 15.23008 18.57204 2.39946
v 15.20977 18.69400 2.04015
v 14.95330 18.65130 2.10981
v 14.96417 18.58602 2.19582
v 15.22232 18.61862 2.13946
v 14.94243 18.71657 2.19582
v 14.75928 18.65772 2.34980
v 14.76555 18.62003 2.30015
v 14.95330 18.65129 2.10981
v 14.93572 18.75691 2.42099
v 14.75540 18.68101 2.47980
v 14.75928 18.65772 2.34980
v 14.94243 18.71657 2.19582
v 14.93572 18.75691 2.69931
v 14.75540 18.68101 2.64049
v 14.75540 18.68101 2.47980
v 14.93572 18.75691 2.42099
v 14.94243 18.71657 2.92447
v 14.75928 18.65772 2.77049
v 14.75540 18.68101 2.64049
v 14.93572 18.75691 2.69931
v 14.95330 18.65129 3.01048
v 14.76555 18.62003 2.82015
v 14.75928 18.65772 2.77049
v 14.94243 18.71657 2.92447
v 14.96417 18.58601 2.92447
v 14.77183 18.58234 2.77049
v 14.76555 18.62003 2.82015
v 14.95330 18.65129 3.01048
v 14.97089 18.54567 2.69931
v 14.77571 18.55905 2.64049
v 14.77183 18.58234 2.77049
v 14.96417 18.58601 2.92447
v 14.97089 18.54567 2.42098
v 14.77571 18.55905 2.47980
v 14.77571 18.55905 2.64049
v 14.97089 18.54567 2.69931
v 14.96417 18.58602 2.19582
v 14.77183 18.58235 2.34980
v 14.77571 18.55905 2.47980
v 14.97089 18.54567 2.42098
v 14.95330 18.65130 2.10981
v 14.76555 18.62003 2.30015
v 14.77183 18.58235 2.34980
v 14.96417 18.58602 2.19582
v 14.75928 18.65772 2.34980
v 14.69683 18.60859 2.56015
v 14.76555 18.62003 2.30015
v 14.75540 18.68101 2.47980
v 14.69683 18.60859 2.56015
v 14.75928 18.65772 2.34980
v 14.75540 18.68101 2.64049
v 14.69683 18.60859 2.56015
v 14.75540 18.68101 2.47980
v 14.75928 18.65772 2.77049
v 14.69683 18.60859 2.56015
v 14.75540 18.68101 2.64049
v 14.76555 18.62003 2.82015
v 14.69683 18.60859 2.56015
v 14.75928 18.65772 2.77049
v 14.77183 18.58234 2.77049
v 14.69683 18.60859 2.56015
v 14.76555 18.62003 2.82015
v 14.77571 18.55905 2.64049
v 14.69683 18.60859 2.56015
v 14.77183 18.58234 2.77049
v 14.77571 18.55905 2.47980
v 14.69683 18.60859 2.56015
v 14.77571 18.55905 2.64049
v 14.77183 18.58235 2.34980
v 14.69683 18.60859 2.56015
v 14.77571 18.55905 2.47980
v 14.76555 18.62003 2.30015
v 14.69683 18.60859 2.56015
v 14.77183 18.58235 2.34980
v 11.96341 18.15347 1.36973
v 11.93275 18.23265 1.32494
v 15.21313 18.77886 0.04494
v 15.24379 18.69968 0.08974
v 11.93275 18.23265 1.32494
v 11.89873 18.22698 1.23535
v 15.17911 18.77319 -0.04465
v 15.21313 18.77886 0.04494
v 11.89873 18.22698 1.23535
v 11.89538 18.14214 1.19055
v 15.17576 18.68835 -0.08945
v 15.17911 18.77319 -0.04465
v 11.89538 18.14214 1.19055
v 11.92604 18.06297 1.23535
v 15.20642 18.60917 -0.04465
v 15.17576 18.68835 -0.08945
v 11.92604 18.06297 1.23535
v 11.96006 18.06863 1.32494
v 15.24044 18.61484 0.04494
v 15.20642 18.60917 -0.04465
v 11.96006 18.06863 1.32494
v 11.96341 18.15347 1.36973
v 15.24379 18.69968 0.08974
v 15.24044 18.61484 0.04494
v 11.96006 18.06863 1.32494
v 11.92604 18.06297 1.23535
v 11.89538 18.14214 1.19055
v 11.89873 18.22698 1.23535
v 11.93275 18.23265 1.32494
v 11.96341 18.15347 1.36973
v 15.24379 18.69968 0.08974
v 15.21313 18.77886 0.04494
v 15.17911 18.77319 -0.04465
v 15.17576 18.68835 -0.08945
v 15.20642 18.60917 -0.04465
v 15.24044 18.61484 0.04494
v 12.36734 18.25946 1.06980
v 12.37361 18.22177 1.02014
v 12.44233 18.23321 1.28014
v 12.36346 18.28275 1.19980
v 12.36734 18.25946 1.06980
v 12.44233 18.23321 1.28014
v 12.36346 18.28275 1.36049
v 12.36346 18.28275 1.19980
v 12.44233 18.23321 1.28014
v 12.36734 18.25946 1.49049
v 12.36346 18.28275 1.36049
v 12.44233 18.23321 1.28014
v 12.37361 18.22177 1.54014
v 12.36734 18.25946 1.49049
v 12.44233 18.23321 1.28014
v 12.37989 18.18408 1.49049
v 12.37361 18.22177 1.54014
v 12.44233 18.23321 1.28014
v 12.38377 18.16079 1.36049
v 12.37989 18.18408 1.49049
v 12.44233 18.23321 1.28014
v 12.38377 18.16079 1.19980
v 12.38377 18.16079 1.36049
v 12.44233 18.23321 1.28014
v 12.37989 18.18409 1.06980
v 12.38377 18.16079 1.19980
v 12.44233 18.23321 1.28014
v 12.37361 18.22177 1.02014
v 12.37989 18.18409 1.06980
v 12.44233 18.23321 1.28014
v 12.36734 18.25946 1.06980
v 12.17500 18.25579 0.91582
v 12.18587 18.19051 0.82981
v 12.37361 18.22177 1.02014
v 12.36346 18.28275 1.19980
v 12.16828 18.29613 1.14098
v 12.17500 18.25579 0.91582
v 12.36734 18.25946 1.06980
v 12.36346 18.28275 1.36049
v 12.16828 18.29613 1.41930
v 12.16828 18.29613 1.14098
v 12.36346 18.28275 1.19980
v 12.36734 18.25946 1.49049
v 12.17500 18.25578 1.64447
v 12.16828 18.29613 1.41930
v 12.36346 18.28275 1.36049
v 12.37361 18.22177 1.54014
v 12.18587 18.19051 1.73048
v 12.17500 18.25578 1.64447
v 12.36734 18.25946 1.49049
v 12.37989 18.18408 1.49049
v 12.19673 18.12523 1.64447
v 12.18587 18.19051 1.73048
v 12.37361 18.22177 1.54014
v 12.38377 18.16079 1.36049
v 12.20345 18.08489 1.41930
v 12.19673 18.12523 1.64447
v 12.37989 18.18408 1.49049
v 12.38377 18.16079 1.19980
v 12.20345 18.08489 1.14098
v 12.20345 18.08489 1.41930
v 12.38377 18.16079 1.36049
v 12.37989 18.18409 1.06980
v 12.19673 18.12524 0.91581
v 12.20345 18.08489 1.14098
v 12.38377 18.16079 1.19980
v 12.37361 18.22177 1.02014
v 12.18587 18.19051 0.82981
v 12.19673 18.12524 0.91581
v 12.37989 18.18409 1.06980
v 12.17500 18.25579 0.91582
v 11.91685 18.22318 0.85945
v 11.92940 18.14781 0.76014
v 12.18587 18.19051 0.82981
v 12.16828 18.29613 1.14098
v 11.90909 18.26977 1.11945
v 11.91685 18.22318 0.85945
v 12.17500 18.25579 0.91582
v 12.16828 18.29613 1.41930
v 11.90909 18.26976 1.44083
v 11.90909 18.26977 1.11945
v 12.16828 18.29613 1.14098
v 12.17500 18.25578 1.64447
v 11.91685 18.22318 1.70083
v 11.90909 18.26976 1.44083
v 12.16828 18.29613 1.41930
v 12.18587 18.19051 1.73048
v 11.92940 18.14780 1.80014
v 11.91685 18.22318 1.70083
v 12.17500 18.25578 1.64447
v 12.19673 18.12523 1.64447
v 11.94195 18.07243 1.70083
v 11.92940 18.14780 1.80014
v 12.18587 18.19051 1.73048
v 12.20345 18.08489 1.41930
v 11.94970 18.02585 1.44083
v 11.94195 18.07243 1.70083
v 12.19673 18.12523 1.64447
v 12.20345 18.08489 1.14098
v 11.94970 18.02585 1.11945
v 11.94970 18.02585 1.44083
v 12.20345 18.08489 1.41930
v 12.19673 18.12524 0.91581
v 11.94195 18.07244 0.85945
v 11.94970 18.02585 1.11945
v 12.20345 18.08489 1.14098
v 12.18587 18.19051 0.82981
v 11.92940 18.14781 0.76014
v 11.94195 18.07244 0.85945
v 12.19673 18.12524 0.91581
v 11.91685 18.22318 0.85945
v 11.66206 18.17038 0.91582
v 11.67293 18.10511 0.82981
v 11.92940 18.14781 0.76014
v 11.90909 18.26977 1.11945
v 11.65534 18.21072 1.14098
v 11.66206 18.17038 0.91582
v 11.91685 18.22318 0.85945
v 11.90909 18.26976 1.44083
v 11.65534 18.21072 1.41930
v 11.65534 18.21072 1.14098
v 11.90909 18.26977 1.11945
v 11.91685 18.22318 1.70083
v 11.66206 18.17038 1.64447
v 11.65534 18.21072 1.41930
v 11.90909 18.26976 1.44083
v 11.92940 18.14780 1.80014
v 11.67293 18.10510 1.73048
v 11.66206 18.17038 1.64447
v 11.91685 18.22318 1.70083
v 11.94195 18.07243 1.70083
v 11.68380 18.03982 1.64447
v 11.67293 18.10510 1.73048
v 11.92940 18.14780 1.80014
v 11.94970 18.02585 1.44083
v 11.69051 17.99948 1.41930
v 11.68380 18.03982 1.64447
v 11.94195 18.07243 1.70083
v 11.94970 18.02585 1.11945
v 11.69051 17.99949 1.14098
v 11.69051 17.99948 1.41930
v 11.94970 18.02585 1.44083
v 11.94195 18.07244 0.85945
v 11.68380 18.03983 0.91581
v 11.69051 17.99949 1.14098
v 11.94970 18.02585 1.11945
v 11.92940 18.14781 0.76014
v 11.67293 18.10511 0.82981
v 11.68380 18.03983 0.91581
v 11.94195 18.07244 0.85945
v 11.66206 18.17038 0.91582
v 11.47890 18.11153 1.06980
v 11.48518 18.07384 1.02014
v 11.67293 18.10511 0.82981
v 11.65534 18.21072 1.14098
v 11.47503 18.13482 1.19980
v 11.47890 18.11153 1.06980
v 11.66206 18.17038 0.91582
v 11.65534 18.21072 1.41930
v 11.47503 18.13482 1.36049
v 11.47503 18.13482 1.19980
v 11.65534 18.21072 1.14098
v 11.66206 18.17038 1.64447
v 11.47890 18.11153 1.49049
v 11.47503 18.13482 1.36049
v 11.65534 18.21072 1.41930
v 11.67293 18.10510 1.73048
v 11.48518 18.07384 1.54014
v 11.47890 18.11153 1.49049
v 11.66206 18.17038 1.64447
v 11.68380 18.03982 1.64447
v 11.49145 18.03615 1.49049
v 11.48518 18.07384 1.54014
v 11.67293 18.10510 1.73048
v 11.69051 17.99948 1.41930
v 11.49533 18.01286 1.36049
v 11.49145 18.03615 1.49049
v 11.68380 18.03982 1.64447
v 11.69051 17.99949 1.14098
v 11.49533 18.01286 1.19980
v 11.49533 18.01286 1.36049
v 11.69051 17.99948 1.41930
v 11.68380 18.03983 0.91581
v 11.49145 18.03616 1.06980
v 11.49533 18.01286 1.19980
v 11.69051 17.99949 1.14098
v 11.67293 18.10511 0.82981
v 11.48518 18.07384 1.02014
v 11.49145 18.03616 1.06980
v 11.68380 18.03983 0.91581
v 11.47890 18.11153 1.06980
v 11.41646 18.06240 1.28014
v 11.48518 18.07384 1.02014
v 11.47503 18.13482 1.19980
v 11.41646 18.06240 1.28014
v 11.47890 18.11153 1.06980
v 11.47503 18.13482 1.36049
v 11.41646 18.06240 1.28014
v 11.47503 18.13482 1.19980
v 11.47890 18.11153 1.49049
v 11.41646 18.06240 1.28014
v 11.47503 18.13482 1.36049
v 11.48518 18.07384 1.54014
v 11.41646 18.06240 1.28014
v 11.47890 18.11153 1.49049
v 11.49145 18.03615 1.49049
v 11.41646 18.06240 1.28014
v 11.48518 18.07384 1.54014
v 11.49533 18.01286 1.36049
v 11.41646 18.06240 1.28014
v 11.49145 18.03615 1.49049
v 11.49533 18.01286 1.19980
v 11.41646 18.06240 1.28014
v 11.49533 18.01286 1.36049
v 11.49145 18.03616 1.06980
v 11.41646 18.06240 1.28014
v 11.49533 18.01286 1.19980
v 11.48518 18.07384 1.02014
v 11.41646 18.06240 1.28014
v 11.49145 18.03616 1.06980
v 11.89538 18.14216 -1.19027
v 11.89873 18.22700 -1.23506
v 15.17911 18.77319 0.04494
v 15.17576 18.68835 0.08974
v 11.89873 18.22700 -1.23506
v 11.93275 18.23267 -1.32465
v 15.21313 18.77886 -0.04465
v 15.17911 18.77319 0.04494
v 11.93275 18.23267 -1.32465
v 11.96341 18.15349 -1.36945
v 15.24379 18.69968 -0.08945
v 15.21313 18.77886 -0.04465
v 11.96341 18.15349 -1.36945
v 11.96006 18.06865 -1.32466
v 15.24044 18.61484 -0.04465
v 15.24379 18.69968 -0.08945
v 11.96006 18.06865 -1.32466
v 11.92604 18.06298 -1.23506
v 15.20642 18.60917 0.04494
v 15.24044 18.61484 -0.04465
v 11.92604 18.06298 -1.23506
v 11.89538 18.14216 -1.19027
v 15.17576 18.68835 0.08974
v 15.20642 18.60917 0.04494
v 11.92604 18.06298 -1.23506
v 11.96006 18.06865 -1.32466
v 11.96341 18.15349 -1.36945
v 11.93275 18.23267 -1.32465
v 11.89873 18.22700 -1.23506
v 11.89538 18.14216 -1.19027
v 15.17576 18.68835 0.08974
v 15.17911 18.77319 0.04494
v 15.21313 18.77886 -0.04465
v 15.24379 18.69968 -0.08945
v 15.24044 18.61484 -0.04465
v 15.20642 18.60917 0.04494
v 12.36734 18.25948 -1.49020
v 12.37361 18.22179 -1.53986
v 12.44234 18.23323 -1.27986
v 12.36346 18.28277 -1.36020
v 12.36734 18.25948 -1.49020
v 12.44234 18.23323 -1.27986
v 12.36346 18.28277 -1.19951
v 12.36346 18.28277 -1.36020
v 12.44234 18.23323 -1.27986
v 12.36734 18.25948 -1.06951
v 12.36346 18.28277 -1.19951
v 12.44234 18.23323 -1.27986
v 12.37361 18.22179 -1.01986
v 12.36734 18.25948 -1.06951
v 12.44234 18.23323 -1.27986
v 12.37989 18.18410 -1.06951
v 12.37361 18.22179 -1.01986
v 12.44234 18.23323 -1.27986
v 12.38377 18.16081 -1.19951
v 12.37989 18.18410 -1.06951
v 12.44234 18.23323 -1.27986
v 12.38377 18.16081 -1.36020
v 12.38377 18.16081 -1.19951
v 12.44234 18.23323 -1.27986
v 12.37989 18.18410 -1.49020
v 12.38377 18.16081 -1.36020
v 12.44234 18.23323 -1.27986
v 12.37361 18.22179 -1.53986
v 12.37989 18.18410 -1.49020
v 12.44234 18.23323 -1.27986
v 12.36734 18.25948 -1.49020
v 12.17500 18.25581 -1.64418
v 12.18587 18.19053 -1.73019
v 12.37361 18.22179 -1.53986
v 12.36346 18.28277 -1.36020
v 12.16828 18.29615 -1.41902
v 12.17500 18.25581 -1.64418
v 12.36734 18.25948 -1.49020
v 12.36346 18.28277 -1.19951
v 12.16828 18.29615 -1.14070
v 12.16828 18.29615 -1.41902
v 12.36346 18.28277 -1.36020
v 12.36734 18.25948 -1.06951
v 12.17500 18.25580 -0.91553
v 12.16828 18.29615 -1.14070
v 12.36346 18.28277 -1.19951
v 12.37361 18.22179 -1.01986
v 12.18587 18.19053 -0.82952
v 12.17500 18.25580 -0.91553
v 12.36734 18.25948 -1.06951
v 12.37989 18.18410 -1.06951
v 12.19674 18.12525 -0.91553
v 12.18587 18.19053 -0.82952
v 12.37361 18.22179 -1.01986
v 12.38377 18.16081 -1.19951
v 12.20345 18.08491 -1.14070
v 12.19674 18.12525 -0.91553
v 12.37989 18.18410 -1.06951
v 12.38377 18.16081 -1.36020
v 12.20345 18.08491 -1.41902
v 12.20345 18.08491 -1.14070
v 12.38377 18.16081 -1.19951
v 12.37989 18.18410 -1.49020
v 12.19674 18.12526 -1.64419
v 12.20345 18.08491 -1.41902
v 12.38377 18.16081 -1.36020
v 12.37361 18.22179 -1.53986
v 12.18587 18.19053 -1.73019
v 12.19674 18.12526 -1.64419
v 12.37989 18.18410 -1.49020
v 12.17500 18.25581 -1.64418
v 11.91685 18.22320 -1.70055
v 11.92940 18.14783 -1.79986
v 12.18587 18.19053 -1.73019
v 12.16828 18.29615 -1.41902
v 11.90909 18.26979 -1.44055
v 11.91685 18.22320 -1.70055
v 12.17500 18.25581 -1.64418
v 12.16828 18.29615 -1.14070
v 11.90909 18.26978 -1.11917
v 11.90909 18.26979 -1.44055
v 12.16828 18.29615 -1.41902
v 12.17500 18.25580 -0.91553
v 11.91685 18.22320 -0.85917
v 11.90909 18.26978 -1.11917
v 12.16828 18.29615 -1.14070
v 12.18587 18.19053 -0.82952
v 11.92940 18.14782 -0.75986
v 11.91685 18.22320 -0.85917
v 12.17500 18.25580 -0.91553
v 12.19674 18.12525 -0.91553
v 11.94195 18.07245 -0.85917
v 11.92940 18.14782 -0.75986
v 12.18587 18.19053 -0.82952
v 12.20345 18.08491 -1.14070
v 11.94970 18.02587 -1.11917
v 11.94195 18.07245 -0.85917
v 12.19674 18.12525 -0.91553
v 12.20345 18.08491 -1.41902
v 11.94970 18.02587 -1.44055
v 11.94970 18.02587 -1.11917
v 12.20345 18.08491 -1.14070
v 12.19674 18.12526 -1.64419
v 11.94195 18.07245 -1.70055
v 11.94970 18.02587 -1.44055
v 12.20345 18.08491 -1.41902
v 12.18587 18.19053 -1.73019
v 11.92940 18.14783 -1.79986
v 11.94195 18.07245 -1.70055
v 12.19674 18.12526 -1.64419
v 11.91685 18.22320 -1.70055
v 11.66206 18.17040 -1.64419
v 11.67293 18.10513 -1.73019
v 11.92940 18.14783 -1.79986
v 11.90909 18.26979 -1.44055
v 11.65534 18.21074 -1.41902
v 11.66206 18.17040 -1.64419
v 11.91685 18.22320 -1.70055
v 11.90909 18.26978 -1.11917
v 11.65534 18.21074 -1.14070
v 11.65534 18.21074 -1.41902
v 11.90909 18.26979 -1.44055
v 11.91685 18.22320 -0.85917
v 11.66206 18.17040 -0.91553
v 11.65534 18.21074 -1.14070
v 11.90909 18.26978 -1.11917
v 11.92940 18.14782 -0.75986
v 11.67293 18.10512 -0.82953
v 11.66206 18.17040 -0.91553
v 11.91685 18.22320 -0.85917
v 11.94195 18.07245 -0.85917
v 11.68380 18.03984 -0.91553
v 11.67293 18.10512 -0.82953
v 11.92940 18.14782 -0.75986
v 11.94970 18.02587 -1.11917
v 11.69051 17.99950 -1.14070
v 11.68380 18.03984 -0.91553
v 11.94195 18.07245 -0.85917
v 11.94970 18.02587 -1.44055
v 11.69051 17.99950 -1.41902
v 11.69051 17.99950 -1.14070
v 11.94970 18.02587 -1.11917
v 11.94195 18.07245 -1.70055
v 11.68380 18.03985 -1.64419
v 11.69051 17.99950 -1.41902
v 11.94970 18.02587 -1.44055
v 11.92940 18.14783 -1.79986
v 11.67293 18.10513 -1.73019
v 11.68380 18.03985 -1.64419
v 11.94195 18.07245 -1.70055
v 11.66206 18.17040 -1.64419
v 11.47890 18.11155 -1.49020
v 11.48518 18.07386 -1.53986
v 11.67293 18.10513 -1.73019
v 11.65534 18.21074 -1.41902
v 11.47503 18.13484 -1.36020
v 11.47890 18.11155 -1.49020
v 11.66206 18.17040 -1.64419
v 11.65534 18.21074 -1.14070
v 11.47503 18.13484 -1.19951
v 11.47503 18.13484 -1.36020
v 11.65534 18.21074 -1.41902
v 11.66206 18.17040 -0.91553
v 11.47890 18.11155 -1.06951
v 11.47503 18.13484 -1.19951
v 11.65534 18.21074 -1.14070
v 11.67293 18.10512 -0.82953
v 11.48518 18.07386 -1.01986
v 11.47890 18.11155 -1.06951
v 11.66206 18.17040 -0.91553
v 11.68380 18.03984 -0.91553
v 11.49146 18.03617 -1.06952
v 11.48518 18.07386 -1.01986
v 11.67293 18.10512 -0.82953
v 11.69051 17.99950 -1.14070
v 11.49533 18.01288 -1.19952
v 11.49146 18.03617 -1.06952
v 11.68380 18.03984 -0.91553
v 11.69051 17.99950 -1.41902
v 11.49533 18.01288 -1.36020
v 11.49533 18.01288 -1.19952
v 11.69051 17.99950 -1.14070
v 11.68380 18.03985 -1.64419
v 11.49146 18.03618 -1.49020
v 11.49533 18.01288 -1.36020
v 11.69051 17.99950 -1.41902
v 11.67293 18.10513 -1.73019
v 11.48518 18.07386 -1.53986
v 11.49146 18.03618 -1.49020
v 11.68380 18.03985 -1.64419
v 11.47890 18.11155 -1.49020
v 11.41646 18.06242 -1.27986
v 11.48518 18.07386 -1.53986
v 11.47503 18.13484 -1.36020
v 11.41646 18.06242 -1.27986
v 11.47890 18.11155 -1.49020
v 11.47503 18.13484 -1.19951
v 11.41646 18.06242 -1.27986
v 11.47503 18.13484 -1.36020
v 11.47890 18.11155 -1.06951
v 11.41646 18.06242 -1.27986
v 11.47503 18.13484 -1.19951
v 11.48518 18.07386 -1.01986
v 11.41646 18.06242 -1.27986
v 11.47890 18.11155 -1.06951
v 11.49146 18.03617 -1.06952
v 11.41646 18.06242 -1.27986
v 11.48518 18.07386 -1.01986
v 11.49533 18.01288 -1.19952
v 11.41646 18.06242 -1.27986
v 11.49146 18.03617 -1.06952
v 11.49533 18.01288 -1.36020
v 11.41646 18.06242 -1.27986
v 11.49533 18.01288 -1.19952
v 11.49146 18.03618 -1.49020
v 11.41646 18.06242 -1.27986
v 11.49533 18.01288 -1.36020
v 11.48518 18.07386 -1.53986
v 11.41646 18.06242 -1.27986
v 11.49146 18.03618 -1.49020
v 16.05663 19.00799 -0.31801
v 16.06166 18.97779 -0.36723
v 16.13374 18.98979 0.00015
v 16.05295 19.03009 -0.18354
v 16.05663 19.00799 -0.31801
v 16.13374 18.98979 0.00015
v 16.05160 19.03819 0.00015
v 16.05295 19.03009 -0.18354
v 16.13374 18.98979 0.00015
v 16.05295 19.03009 0.18384
v 16.05160 19.03819 0.00015
v 16.13374 18.98979 0.00015
v 16.05663 19.00798 0.31831
v 16.05295 19.03009 0.18384
v 16.13374 18.98979 0.00015
v 16.06166 18.97778 0.36753
v 16.05663 19.00798 0.31831
v 16.13374 18.98979 0.00015
v 16.06669 18.94758 0.31831
v 16.06166 18.97778 0.36753
v 16.13374 18.98979 0.00015
v 16.07037 18.92548 0.18384
v 16.06669 18.94758 0.31831
v 16.13374 18.98979 0.00015
v 16.07171 18.91739 0.00015
v 16.07037 18.92548 0.18384
v 16.13374 18.98979 0.00015
v 16.07037 18.92548 -0.18354
v 16.07171 18.91739 0.00015
v 16.13374 18.98979 0.00015
v 16.06669 18.94759 -0.31801
v 16.07037 18.92548 -0.18354
v 16.13374 18.98979 0.00015
v 16.06166 18.97779 -0.36723
v 16.06669 18.94759 -0.31801
v 16.13374 18.98979 0.00015
v 16.05663 19.00799 -0.31801
v 15.84709 18.99941 -0.58773
v 15.85638 18.94361 -0.67867
v 16.06166 18.97779 -0.36723
v 16.05295 19.03009 -0.18354
v 15.84029 19.04026 -0.33926
v 15.84709 18.99941 -0.58773
v 16.05663 19.00799 -0.31801
v 16.05160 19.03819 0.00015
v 15.83780 19.05521 0.00015
v 15.84029 19.04026 -0.33926
v 16.05295 19.03009 -0.18354
v 16.05295 19.03009 0.18384
v 15.84029 19.04025 0.33956
v 15.83780 19.05521 0.00015
v 16.05160 19.03819 0.00015
v 16.05663 19.00798 0.31831
v 15.84709 18.99940 0.58803
v 15.84029 19.04025 0.33956
v 16.05295 19.03009 0.18384
v 16.06166 18.97778 0.36753
v 15.85638 18.94360 0.67897
v 15.84709 18.99940 0.58803
v 16.05663 19.00798 0.31831
v 16.06669 18.94758 0.31831
v 15.86567 18.88780 0.58803
v 15.85638 18.94360 0.67897
v 16.06166 18.97778 0.36753
v 16.07037 18.92548 0.18384
v 15.87247 18.84695 0.33956
v 15.86567 18.88780 0.58803
v 16.06669 18.94758 0.31831
v 16.07171 18.91739 0.00015
v 15.87496 18.83201 0.00015
v 15.87247 18.84695 0.33956
v 16.07037 18.92548 0.18384
v 16.07037 18.92548 -0.18354
v 15.87247 18.84696 -0.33926
v 15.87496 18.83201 0.00015
v 16.07171 18.91739 0.00015
v 16.06669 18.94759 -0.31801
v 15.86567 18.88781 -0.58773
v 15.87247 18.84696 -0.33926
v 16.07037 18.92548 -0.18354
v 16.06166 18.97779 -0.36723
v 15.85638 18.94361 -0.67867
v 15.86567 18.88781 -0.58773
v 16.06669 18.94759 -0.31801
v 15.84709 18.99941 -0.58773
v 15.53703 18.96537 -0.76795
v 15.54917 18.89246 -0.88678
v 15.85638 18.94361 -0.67867
v 15.84029 19.04026 -0.33926
v 15.52814 19.01874 -0.44331
v 15.53703 18.96537 -0.76795
v 15.84709 18.99941 -0.58773
v 15.83780 19.05521 0.00015
v 15.52489 19.03827 0.00015
v 15.52814 19.01874 -0.44331
v 15.84029 19.04026 -0.33926
v 15.84029 19.04025 0.33956
v 15.52814 19.01873 0.44361
v 15.52489 19.03827 0.00015
v 15.83780 19.05521 0.00015
v 15.84709 18.99940 0.58803
v 15.53703 18.96535 0.76825
v 15.52814 19.01873 0.44361
v 15.84029 19.04025 0.33956
v 15.85638 18.94360 0.67897
v 15.54917 18.89245 0.88707
v 15.53703 18.96535 0.76825
v 15.84709 18.99940 0.58803
v 15.86567 18.88780 0.58803
v 15.56131 18.81954 0.76825
v 15.54917 18.89245 0.88707
v 15.85638 18.94360 0.67897
v 15.87247 18.84695 0.33956
v 15.57019 18.76617 0.44361
v 15.56131 18.81954 0.76825
v 15.86567 18.88780 0.58803
v 15.87496 18.83201 0.00015
v 15.57344 18.74664 0.00015
v 15.57019 18.76617 0.44361
v 15.87247 18.84695 0.33956
v 15.87247 18.84696 -0.33926
v 15.57019 18.76618 -0.44332
v 15.57344 18.74664 0.00015
v 15.87496 18.83201 0.00015
v 15.86567 18.88781 -0.58773
v 15.56131 18.81955 -0.76795
v 15.57019 18.76618 -0.44332
v 15.87247 18.84696 -0.33926
v 15.85638 18.94361 -0.67867
v 15.54917 18.89246 -0.88678
v 15.56131 18.81955 -0.76795
v 15.86567 18.88781 -0.58773
v 15.53703 18.96537 -0.76795
v 15.17364 18.91103 -0.83124
v 15.18678 18.83212 -0.95985
v 15.54917 18.89246 -0.88678
v 15.52814 19.01874 -0.44331
v 15.16402 18.96880 -0.47985
v 15.17364 18.91103 -0.83124
v 15.53703 18.96537 -0.76795
v 15.52489 19.03827 0.00015
v 15.16050 18.98994 0.00015
v 15.16402 18.96880 -0.47985
v 15.52814 19.01874 -0.44331
v 15.52814 19.01873 0.44361
v 15.16402 18.96879 0.48015
v 15.16050 18.98994 0.00015
v 15.52489 19.03827 0.00015
v 15.53703 18.96535 0.76825
v 15.17364 18.91102 0.83153
v 15.16402 18.96879 0.48015
v 15.52814 19.01873 0.44361
v 15.54917 18.89245 0.88707
v 15.18678 18.83211 0.96015
v 15.17364 18.91102 0.83153
v 15.53703 18.96535 0.76825
v 15.56131 18.81954 0.76825
v 15.19992 18.75319 0.83153
v 15.18678 18.83211 0.96015
v 15.54917 18.89245 0.88707
v 15.57019 18.76617 0.44361
v 15.20954 18.69543 0.48015
v 15.19992 18.75319 0.83153
v 15.56131 18.81954 0.76825
v 15.57344 18.74664 0.00015
v 15.21306 18.67429 0.00015
v 15.20954 18.69543 0.48015
v 15.57019 18.76617 0.44361
v 15.57019 18.76618 -0.44332
v 15.20954 18.69544 -0.47985
v 15.21306 18.67429 0.00015
v 15.57344 18.74664 0.00015
v 15.56131 18.81955 -0.76795
v 15.19992 18.75321 -0.83124
v 15.20954 18.69544 -0.47985
v 15.57019 18.76618 -0.44332
v 15.54917 18.89246 -0.88678
v 15.18678 18.83212 -0.95985
v 15.19992 18.75321 -0.83124
v 15.56131 18.81955 -0.76795
v 15.17364 18.91103 -0.83124
v 14.81225 18.84469 -0.76795
v 14.82439 18.77178 -0.88678
v 15.18678 18.83212 -0.95985
v 15.16402 18.96880 -0.47985
v 14.80336 18.89806 -0.44331
v 14.81225 18.84469 -0.76795
v 15.17364 18.91103 -0.83124
v 15.16050 18.98994 0.00015
v 14.80011 18.91759 0.00015
v 14.80336 18.89806 -0.44331
v 15.16402 18.96880 -0.47985
v 15.16402 18.96879 0.48015
v 14.80336 18.89805 0.44361
v 14.80011 18.91759 0.00015
v 15.16050 18.98994 0.00015
v 15.17364 18.91102 0.83153
v 14.81225 18.84468 0.76825
v 14.80336 18.89805 0.44361
v 15.16402 18.96879 0.48015
v 15.18678 18.83211 0.96015
v 14.82439 18.77177 0.88707
v 14.81225 18.84468 0.76825
v 15.17364 18.91102 0.83153
v 15.19992 18.75319 0.83153
v 14.83653 18.69886 0.76825
v 14.82439 18.77177 0.88707
v 15.18678 18.83211 0.96015
v 15.20954 18.69543 0.48015
v 14.84542 18.64549 0.44361
v 14.83653 18.69886 0.76825
v 15.19992 18.75319 0.83153
v 15.21306 18.67429 0.00015
v 14.84867 18.62596 0.00015
v 14.84542 18.64549 0.44361
v 15.20954 18.69543 0.48015
v 15.20954 18.69544 -0.47985
v 14.84542 18.64550 -0.44332
v 14.84867 18.62596 0.00015
v 15.21306 18.67429 0.00015
v 15.19992 18.75321 -0.83124
v 14.83653 18.69888 -0.76795
v 14.84542 18.64550 -0.44332
v 15.20954 18.69544 -0.47985
v 15.18678 18.83212 -0.95985
v 14.82439 18.77178 -0.88678
v 14.83653 18.69888 -0.76795
v 15.19992 18.75321 -0.83124
v 14.81225 18.84469 -0.76795
v 14.50788 18.77643 -0.58773
v 14.51717 18.72063 -0.67868
v 14.82439 18.77178 -0.88678
v 14.80336 18.89806 -0.44331
v 14.50108 18.81727 -0.33926
v 14.50788 18.77643 -0.58773
v 14.81225 18.84469 -0.76795
v 14.80011 18.91759 0.00015
v 14.49859 18.83222 0.00015
v 14.50108 18.81727 -0.33926
v 14.80336 18.89806 -0.44331
v 14.80336 18.89805 0.44361
v 14.50108 18.81727 0.33956
v 14.49859 18.83222 0.00015
v 14.80011 18.91759 0.00015
v 14.81225 18.84468 0.76825
v 14.50788 18.77642 0.58802
v 14.50108 18.81727 0.33956
v 14.80336 18.89805 0.44361
v 14.82439 18.77177 0.88707
v 14.51717 18.72062 0.67897
v 14.50788 18.77642 0.58802
v 14.81225 18.84468 0.76825
v 14.83653 18.69886 0.76825
v 14.52647 18.66482 0.58802
v 14.51717 18.72062 0.67897
v 14.82439 18.77177 0.88707
v 14.84542 18.64549 0.44361
v 14.53327 18.62397 0.33956
v 14.52647 18.66482 0.58802
v 14.83653 18.69886 0.76825
v 14.84867 18.62596 0.00015
v 14.53576 18.60902 0.00015
v 14.53327 18.62397 0.33956
v 14.84542 18.64549 0.44361
v 14.84542 18.64550 -0.44332
v 14.53327 18.62398 -0.33927
v 14.53576 18.60902 0.00015
v 14.84867 18.62596 0.00015
v 14.83653 18.69888 -0.76795
v 14.52647 18.66483 -0.58773
v 14.53327 18.62398 -0.33927
v 14.84542 18.64550 -0.44332
v 14.82439 18.77178 -0.88678
v 14.51717 18.72063 -0.67868
v 14.52647 18.66483 -0.58773
v 14.83653 18.69888 -0.76795
v 14.50788 18.77643 -0.58773
v 14.30687 18.71664 -0.31801
v 14.31190 18.68645 -0.36723
v 14.51717 18.72063 -0.67868
v 14.50108 18.81727 -0.33926
v 14.30319 18.73875 -0.18354
v 14.30687 18.71664 -0.31801
v 14.50788 18.77643 -0.58773
v 14.49859 18.83222 0.00015
v 14.30184 18.74684 0.00015
v 14.30319 18.73875 -0.18354
v 14.50108 18.81727 -0.33926
v 14.50108 18.81727 0.33956
v 14.30319 18.73875 0.18384
v 14.30184 18.74684 0.00015
v 14.49859 18.83222 0.00015
v 14.50788 18.77642 0.58802
v 14.30687 18.71664 0.31830
v 14.30319 18.73875 0.18384
v 14.50108 18.81727 0.33956
v 14.51717 18.72062 0.67897
v 14.31190 18.68644 0.36752
v 14.30687 18.71664 0.31830
v 14.50788 18.77642 0.58802
v 14.52647 18.66482 0.58802
v 14.31693 18.65624 0.31830
v 14.31190 18.68644 0.36752
v 14.51717 18.72062 0.67897
v 14.53327 18.62397 0.33956
v 14.32061 18.63413 0.18383
v 14.31693 18.65624 0.31830
v 14.52647 18.66482 0.58802
v 14.53576 18.60902 0.00015
v 14.32195 18.62605 0.00015
v 14.32061 18.63413 0.18383
v 14.53327 18.62397 0.33956
v 14.53327 18.62398 -0.33927
v 14.32061 18.63414 -0.18354
v 14.32195 18.62605 0.00015
v 14.53576 18.60902 0.00015
v 14.52647 18.66483 -0.58773
v 14.31693 18.65625 -0.31801
v 14.32061 18.63414 -0.18354
v 14.53327 18.62398 -0.33927
v 14.51717 18.72063 -0.67868
v 14.31190 18.68645 -0.36723
v 14.31693 18.65625 -0.31801
v 14.52647 18.66483 -0.58773
v 14.30687 18.71664 -0.31801
v 14.23982 18.67444 0.00015
v 14.31190 18.68645 -0.36723
v 14.30319 18.73875 -0.18354
v 14.23982 18.67444 0.00015
v 14.30687 18.71664 -0.31801
v 14.30184 18.74684 0.00015
v 14.23982 18.67444 0.00015
v 14.30319 18.73875 -0.18354
v 14.30319 18.73875 0.18384
v 14.23982 18.67444 0.00015
v 14.30184 18.74684 0.00015
v 14.30687 18.71664 0.31830
v 14.23982 18.67444 0.00015
v 14.30319 18.73875 0.18384
v 14.31190 18.68644 0.36752
v 14.23982 18.67444 0.00015
v 14.30687 18.71664 0.31830
v 14.31693 18.65624 0.31830
v 14.23982 18.67444 0.00015
v 14.31190 18.68644 0.36752
v 14.32061 18.63413 0.18383
v 14.23982 18.67444 0.00015
v 14.31693 18.65624 0.31830
v 14.32195 18.62605 0.00015
v 14.23982 18.67444 0.00015
v 14.32061 18.63413 0.18383
v 14.32061 18.63414 -0.18354
v 14.23982 18.67444 0.00015
v 14.32195 18.62605 0.00015
v 14.31693 18.65625 -0.31801
v 14.23982 18.67444 0.00015
v 14.32061 18.63414 -0.18354
v 14.31190 18.68645 -0.36723
v 14.23982 18.67444 0.00015
v 14.31693 18.65625 -0.31801
v 24.68390 -13.85196 7.99989
v 24.53164 -12.93750 8.14673
v 0.85757 -16.87935 8.14670
v 1.00983 -17.79382 7.99986
v 24.53164 -12.93750 8.14673
v 24.39428 -12.11256 8.57285
v 0.72021 -16.05441 8.57282
v 0.85757 -16.87935 8.14670
v 24.39428 -12.11256 8.57285
v 24.28527 -11.45788 9.23655
v 0.61120 -15.39973 9.23652
v 0.72021 -16.05441 8.57282
v 24.28527 -11.45788 9.23655
v 24.21529 -11.03755 10.07286
v 0.54121 -14.97941 10.07283
v 0.61120 -15.39973 9.23652
v 24.21529 -11.03755 10.07286
v 24.19117 -10.89272 10.99992
v 0.51710 -14.83458 10.99988
v 0.54121 -14.97941 10.07283
v 24.19117 -10.89272 10.99992
v 24.21529 -11.03757 11.92696
v 0.54121 -14.97942 11.92693
v 0.51710 -14.83458 10.99988
v 24.21529 -11.03757 11.92696
v 24.28527 -11.45791 12.76327
v 0.61120 -15.39976 12.76324
v 0.54121 -14.97942 11.92693
v 24.28527 -11.45791 12.76327
v 24.39428 -12.11259 13.42696
v 0.72021 -16.05445 13.42692
v 0.61120 -15.39976 12.76324
v 24.39428 -12.11259 13.42696
v 24.53164 -12.93754 13.85307
v 0.85757 -16.87940 13.85304
v 0.72021 -16.05445 13.42692
v 24.53164 -12.93754 13.85307
v 24.68390 -13.85201 13.99989
v 1.00983 -17.79386 13.99986
v 0.85757 -16.87940 13.85304
v 24.68390 -13.85201 13.99989
v 24.83617 -14.76647 13.85305
v 1.16209 -18.70832 13.85302
v 1.00983 -17.79386 13.99986
v 24.83617 -14.76647 13.85305
v 24.97352 -15.59141 13.42693
v 1.29945 -19.53327 13.42690
v 1.16209 -18.70832 13.85302
v 24.97352 -15.59141 13.42693
v 25.08253 -16.24609 12.76323
v 1.40846 -20.18794 12.76320
v 1.29945 -19.53327 13.42690
v 25.08253 -16.24609 12.76323
v 25.15252 -16.66641 11.92692
v 1.47845 -20.60827 11.92689
v 1.40846 -20.18794 12.76320
v 25.15252 -16.66641 11.92692
v 25.17664 -16.81124 10.99987
v 1.50256 -20.75310 10.99984
v 1.47845 -20.60827 11.92689
v 25.17664 -16.81124 10.99987
v 25.15252 -16.66640 10.07282
v 1.47845 -20.60825 10.07279
v 1.50256 -20.75310 10.99984
v 25.15252 -16.66640 10.07282
v 25.08253 -16.24606 9.23652
v 1.40846 -20.18792 9.23649
v 1.47845 -20.60825 10.07279
v 25.08253 -16.24606 9.23652
v 24.97352 -15.59137 8.57283
v 1.29945 -19.53323 8.57280
v 1.40846 -20.18792 9.23649
v 24.97352 -15.59137 8.57283
v 24.83617 -14.76642 8.14671
v 1.16209 -18.70828 8.14668
v 1.29945 -19.53323 8.57280
v 24.83617 -14.76642 8.14671
v 24.68390 -13.85196 7.99989
v 1.00983 -17.79381 7.99986
v 1.16209 -18.70828 8.14668
v 24.83617 -14.76642 8.14671
v 24.97352 -15.59137 8.57283
v 25.08253 -16.24606 9.23652
v 25.15252 -16.66640 10.07282
v 25.17664 -16.81124 10.99987
v 25.15252 -16.66641 11.92692
v 25.08253 -16.24609 12.76323
v 24.97352 -15.59141 13.42693
v 24.83617 -14.76647 13.85305
v 24.68390 -13.85201 13.99989
v 24.53164 -12.93754 13.85307
v 24.39428 -12.11259 13.42696
v 24.28527 -11.45791 12.76327
v 24.21529 -11.03757 11.92696
v 24.19117 -10.89272 10.99992
v 24.21529 -11.03755 10.07286
v 24.28527 -11.45788 9.23655
v 24.39428 -12.11256 8.57285
v 24.53164 -12.93750 8.14673
v 24.68390 -13.85196 7.99989
v 1.00983 -17.79382 7.99986
v 0.85757 -16.87935 8.14670
v 0.72021 -16.05441 8.57282
v 0.61120 -15.39973 9.23652
v 0.54121 -14.97941 10.07283
v 0.51710 -14.83458 10.99988
v 0.54121 -14.97942 11.92693
v 0.61120 -15.39976 12.76324
v 0.72021 -16.05445 13.42692
v 0.85757 -16.87940 13.85304
v 1.00983 -17.79386 13.99986
v 1.16209 -18.70832 13.85302
v 1.29945 -19.53327 13.42690
v 1.40846 -20.18794 12.76320
v 1.47845 -20.60827 11.92689
v 1.50256 -20.75310 10.99984
v 1.47845 -20.60825 10.07279
v 1.40846 -20.18792 9.23649
v 1.29945 -19.53323 8.57280
v 1.16209 -18.70828 8.14668
v 24.68390 -13.85179 -14.00011
v 24.53164 -12.93733 -13.85327
v 0.85757 -16.87918 -13.85330
v 1.00983 -17.79364 -14.00014
v 24.53164 -12.93733 -13.85327
v 24.39428 -12.11238 -13.42715
v 0.72021 -16.05424 -13.42718
v 0.85757 -16.87918 -13.85330
v 24.39428 -12.11238 -13.42715
v 24.28527 -11.45771 -12.76345
v 0.61120 -15.39956 -12.76348
v 0.72021 -16.05424 -13.42718
v 24.28527 -11.45771 -12.76345
v 24.21529 -11.03738 -11.92714
v 0.54121 -14.97924 -11.92717
v 0.61120 -15.39956 -12.76348
v 24.21529 -11.03738 -11.92714
v 24.19117 -10.89255 -11.00008
v 0.51710 -14.83441 -11.00012
v 0.54121 -14.97924 -11.92717
v 24.19117 -10.89255 -11.00008
v 24.21529 -11.03740 -10.07304
v 0.54121 -14.97925 -10.07307
v 0.51710 -14.83441 -11.00012
v 24.21529 -11.03740 -10.07304
v 24.28527 -11.45773 -9.23673
v 0.61120 -15.39959 -9.23676
v 0.54121 -14.97925 -10.07307
v 24.28527 -11.45773 -9.23673
v 24.39428 -12.11242 -8.57304
v 0.72021 -16.05428 -8.57308
v 0.61120 -15.39959 -9.23676
v 24.39428 -12.11242 -8.57304
v 24.53164 -12.93737 -8.14693
v 0.85757 -16.87923 -8.14696
v 0.72021 -16.05428 -8.57308
v 24.53164 -12.93737 -8.14693
v 24.68390 -13.85183 -8.00011
v 1.00983 -17.79369 -8.00014
v 0.85757 -16.87923 -8.14696
v 24.68390 -13.85183 -8.00011
v 24.83617 -14.76630 -8.14695
v 1.16209 -18.70815 -8.14698
v 1.00983 -17.79369 -8.00014
v 24.83617 -14.76630 -8.14695
v 24.97352 -15.59124 -8.57307
v 1.29945 -19.53309 -8.57310
v 1.16209 -18.70815 -8.14698
v 24.97352 -15.59124 -8.57307
v 25.08253 -16.24592 -9.23677
v 1.40846 -20.18777 -9.23680
v 1.29945 -19.53309 -8.57310
v 25.08253 -16.24592 -9.23677
v 25.15252 -16.66624 -10.07308
v 1.47845 -20.60810 -10.07311
v 1.40846 -20.18777 -9.23680
v 25.15252 -16.66624 -10.07308
v 25.17664 -16.81107 -11.00013
v 1.50256 -20.75293 -11.00016
v 1.47845 -20.60810 -10.07311
v 25.17664 -16.81107 -11.00013
v 25.15252 -16.66623 -11.92718
v 1.47845 -20.60808 -11.92721
v 1.50256 -20.75293 -11.00016
v 25.15252 -16.66623 -11.92718
v 25.08253 -16.24589 -12.76348
v 1.40846 -20.18774 -12.76351
v 1.47845 -20.60808 -11.92721
v 25.08253 -16.24589 -12.76348
v 24.97352 -15.59120 -13.42717
v 1.29945 -19.53306 -13.42720
v 1.40846 -20.18774 -12.76351
v 24.97352 -15.59120 -13.42717
v 24.83617 -14.76625 -13.85329
v 1.16209 -18.70811 -13.85332
v 1.29945 -19.53306 -13.42720
v 24.83617 -14.76625 -13.85329
v 24.68390 -13.85179 -14.00011
v 1.00983 -17.79364 -14.00014
v 1.16209 -18.70811 -13.85332
v 24.83617 -14.76625 -13.85329
v 24.97352 -15.59120 -13.42717
v 25.08253 -16.24589 -12.76348
v 25.15252 -16.66623 -11.92718
v 25.17664 -16.81107 -11.00013
v 25.15252 -16.66624 -10.07308
v 25.08253 -16.24592 -9.23677
v 24.97352 -15.59124 -8.57307
v 24.83617 -14.76630 -8.14695
v 24.68390 -13.85183 -8.00011
v 24.53164 -12.93737 -8.14693
v 24.39428 -12.11242 -8.57304
v 24.28527 -11.45773 -9.23673
v 24.21529 -11.03740 -10.07304
v 24.19117 -10.89255 -11.00008
v 24.21529 -11.03738 -11.92714
v 24.28527 -11.45771 -12.76345
v 24.39428 -12.11238 -13.42715
v 24.53164 -12.93733 -13.85327
v 24.68390 -13.85179 -14.00011
v 1.00983 -17.79364 -14.00014
v 0.85757 -16.87918 -13.85330
v 0.72021 -16.05424 -13.42718
v 0.61120 -15.39956 -12.76348
v 0.54121 -14.97924 -11.92717
v 0.51710 -14.83441 -11.00012
v 0.54121 -14.97925 -10.07307
v 0.61120 -15.39959 -9.23676
v 0.72021 -16.05428 -8.57308
v 0.85757 -16.87923 -8.14696
v 1.00983 -17.79369 -8.00014
v 1.16209 -18.70815 -8.14698
v 1.29945 -19.53309 -8.57310
v 1.40846 -20.18777 -9.23680
v 1.47845 -20.60810 -10.07311
v 1.50256 -20.75293 -11.00016
v 1.47845 -20.60808 -11.92721
v 1.40846 -20.18774 -12.76351
v 1.29945 -19.53306 -13.42720
v 1.16209 -18.70811 -13.85332
v 6.12863 -21.50347 8.49983
v 20.77696 -19.06444 8.49985
v 26.90263 -18.04446 5.09986
v 26.90263 -18.04438 -5.10014
v 20.77696 -19.06431 -8.50015
v 6.12863 -21.50333 -8.50017
v 0.26930 -22.47896 -5.95018
v 0.26930 -22.47905 5.94982
v 0.91291 -17.30305 5.29536
v 0.91291 -17.30297 -5.29564
v 6.12772 -16.43465 -7.56513
v 19.16473 -14.26392 -7.56511
v 24.61658 -13.35619 -4.53910
v 24.61658 -13.35626 4.53890
v 19.16473 -14.26404 7.56489
v 6.12772 -16.43477 7.56487
v 0.26930 -22.47905 5.94982
v 0.26930 -22.47896 -5.95018
v -0.40410 -18.43464 -5.95014
v -0.40410 -18.43473 5.94986
v -0.40410 -18.43473 5.94986
v -0.40410 -18.43464 -5.95014
v 0.91291 -17.30297 -5.29564
v 0.91291 -17.30305 5.29536
v 0.26930 -22.47896 -5.95018
v 6.12863 -21.50333 -8.50017
v 5.45523 -17.45901 -8.50014
v -0.40410 -18.43464 -5.95014
v -0.40410 -18.43464 -5.95014
v 5.45523 -17.45901 -8.50014
v 6.12772 -16.43465 -7.56513
v 0.91291 -17.30297 -5.29564
v 6.12863 -21.50333 -8.50017
v 20.77696 -19.06431 -8.50015
v 20.10356 -15.01999 -8.50012
v 5.45523 -17.45901 -8.50014
v 5.45523 -17.45901 -8.50014
v 20.10356 -15.01999 -8.50012
v 19.16473 -14.26392 -7.56511
v 6.12772 -16.43465 -7.56513
v 20.77696 -19.06431 -8.50015
v 26.90263 -18.04438 -5.10014
v 26.22923 -14.00006 -5.10011
v 20.10356 -15.01999 -8.50012
v 20.10356 -15.01999 -8.50012
v 26.22923 -14.00006 -5.10011
v 24.61658 -13.35619 -4.53910
v 19.16473 -14.26392 -7.56511
v 26.90263 -18.04438 -5.10014
v 26.90263 -18.04446 5.09986
v 26.22923 -14.00014 5.09989
v 26.22923 -14.00006 -5.10011
v 26.22923 -14.00006 -5.10011
v 26.22923 -14.00014 5.09989
v 24.61658 -13.35626 4.53890
v 24.61658 -13.35619 -4.53910
v 26.90263 -18.04446 5.09986
v 20.77696 -19.06444 8.49985
v 20.10356 -15.02012 8.49988
v 26.22923 -14.00014 5.09989
v 26.22923 -14.00014 5.09989
v 20.10356 -15.02012 8.49988
v 19.16473 -14.26404 7.56489
v 24.61658 -13.35626 4.53890
v 20.77696 -19.06444 8.49985
v 6.12863 -21.50347 8.49983
v 5.45523 -17.45914 8.49986
v 20.10356 -15.02012 8.49988
v 20.10356 -15.02012 8.49988
v 5.45523 -17.45914 8.49986
v 6.12772 -16.43477 7.56487
v 19.16473 -14.26404 7.56489
v 6.12863 -21.50347 8.49983
v 0.26930 -22.47905 5.94982
v -0.40410 -18.43473 5.94986
v 5.45523 -17.45914 8.49986
v 5.45523 -17.45914 8.49986
v -0.40410 -18.43473 5.94986
v 0.91291 -17.30305 5.29536
v 6.12772 -16.43477 7.56487
v 6.59871 -22.13481 5.99983
v 6.53302 -21.74024 5.99983
v 6.92758 -21.67455 5.99983
v 6.99328 -22.06911 5.99983
v 6.99328 -22.06902 -6.00017
v 6.92758 -21.67445 -6.00017
v 6.53302 -21.74015 -6.00017
v 6.59871 -22.13472 -6.00017
v 6.64799 -22.43073 5.69982
v 7.04255 -22.36504 5.69982
v 7.04255 -22.36495 -5.70018
v 6.64799 -22.43064 -5.70018
v 6.48374 -21.44423 -5.70017
v 6.87831 -21.37853 -5.70017
v 6.87831 -21.37862 5.69983
v 6.48374 -21.44431 5.69983
v 6.30279 -22.18408 5.69983
v 6.30279 -22.18399 -5.70017
v 6.23709 -21.78942 -5.70017
v 6.23709 -21.78951 5.69983
v 7.22351 -21.62527 5.69983
v 7.22351 -21.62518 -5.70017
v 7.28921 -22.01975 -5.70017
v 7.28921 -22.01984 5.69983
v 6.64799 -22.43073 5.69982
v 6.64799 -22.43064 -5.70018
v 6.30279 -22.18399 -5.70017
v 6.30279 -22.18408 5.69983
v 7.28921 -22.01984 5.69983
v 7.28921 -22.01975 -5.70017
v 7.04255 -22.36495 -5.70018
v 7.04255 -22.36504 5.69982
v 6.23709 -21.78951 5.69983
v 6.23709 -21.78942 -5.70017
v 6.48374 -21.44423 -5.70017
v 6.48374 -21.44431 5.69983
v 6.87831 -21.37862 5.69983
v 6.87831 -21.37853 -5.70017
v 7.22351 -21.62518 -5.70017
v 7.22351 -21.62527 5.69983
v 6.30279 -22.18408 5.69983
v 6.23709 -21.78951 5.69983
v 6.53302 -21.74024 5.99983
v 6.59871 -22.13481 5.99983
v 6.59871 -22.13472 -6.00017
v 6.53302 -21.74015 -6.00017
v 6.23709 -21.78942 -5.70017
v 6.30279 -22.18399 -5.70017
v 6.99328 -22.06911 5.99983
v 6.92758 -21.67455 5.99983
v 7.22351 -21.62527 5.69983
v 7.28921 -22.01984 5.69983
v 7.28921 -22.01975 -5.70017
v 7.22351 -21.62518 -5.70017
v 6.92758 -21.67445 -6.00017
v 6.99328 -22.06902 -6.00017
v 6.59871 -22.13481 5.99983
v 6.99328 -22.06911 5.99983
v 7.04255 -22.36504 5.69982
v 6.64799 -22.43073 5.69982
v 6.48374 -21.44431 5.69983
v 6.87831 -21.37862 5.69983
v 6.92758 -21.67455 5.99983
v 6.53302 -21.74024 5.99983
v 6.64799 -22.43064 -5.70018
v 7.04255 -22.36495 -5.70018
v 6.99328 -22.06902 -6.00017
v 6.59871 -22.13472 -6.00017
v 6.53302 -21.74015 -6.00017
v 6.92758 -21.67445 -6.00017
v 6.87831 -21.37853 -5.70017
v 6.48374 -21.44423 -5.70017
v 6.59871 -22.13481 5.99983
v 6.64799 -22.43073 5.69982
v 6.30279 -22.18408 5.69983
v 7.28921 -22.01984 5.69983
v 7.04255 -22.36504 5.69982
v 6.99328 -22.06911 5.99983
v 6.23709 -21.78951 5.69983
v 6.48374 -21.44431 5.69983
v 6.53302 -21.74024 5.99983
v 6.92758 -21.67455 5.99983
v 6.87831 -21.37862 5.69983
v 7.22351 -21.62527 5.69983
v 6.30279 -22.18399 -5.70017
v 6.64799 -22.43064 -5.70018
v 6.59871 -22.13472 -6.00017
v 6.99328 -22.06902 -6.00017
v 7.04255 -22.36495 -5.70018
v 7.28921 -22.01975 -5.70017
v 6.53302 -21.74015 -6.00017
v 6.48374 -21.44423 -5.70017
v 6.23709 -21.78942 -5.70017
v 7.22351 -21.62518 -5.70017
v 6.87831 -21.37853 -5.70017
v 6.92758 -21.67445 -6.00017
v 9.55797 -21.64208 5.99983
v 9.49227 -21.24751 5.99983
v 9.88684 -21.18181 5.99983
v 9.95254 -21.57638 5.99983
v 9.95254 -21.57629 -6.00017
v 9.88684 -21.18172 -6.00017
v 9.49227 -21.24742 -6.00017
v 9.55797 -21.64198 -6.00017
v 9.60725 -21.93800 5.69983
v 10.00181 -21.87230 5.69983
v 10.00181 -21.87222 -5.70017
v 9.60725 -21.93791 -5.70017
v 9.44300 -20.95149 -5.70016
v 9.83757 -20.88580 -5.70016
v 9.83757 -20.88589 5.69984
v 9.44300 -20.95158 5.69984
v 9.26205 -21.69135 5.69983
v 9.26205 -21.69126 -5.70017
v 9.19635 -21.29669 -5.70017
v 9.19635 -21.29678 5.69983
v 10.18277 -21.13254 5.69983
v 10.18277 -21.13245 -5.70017
v 10.24847 -21.52702 -5.70017
v 10.24847 -21.52711 5.69983
v 9.60725 -21.93800 5.69983
v 9.60725 -21.93791 -5.70017
v 9.26205 -21.69126 -5.70017
v 9.26205 -21.69135 5.69983
v 10.24847 -21.52711 5.69983
v 10.24847 -21.52702 -5.70017
v 10.00181 -21.87222 -5.70017
v 10.00181 -21.87230 5.69983
v 9.19635 -21.29678 5.69983
v 9.19635 -21.29669 -5.70017
v 9.44300 -20.95149 -5.70016
v 9.44300 -20.95158 5.69984
v 9.83757 -20.88589 5.69984
v 9.83757 -20.88580 -5.70016
v 10.18277 -21.13245 -5.70017
v 10.18277 -21.13254 5.69983
v 9.26205 -21.69135 5.69983
v 9.19635 -21.29678 5.69983
v 9.49227 -21.24751 5.99983
v 9.55797 -21.64208 5.99983
v 9.55797 -21.64198 -6.00017
v 9.49227 -21.24742 -6.00017
v 9.19635 -21.29669 -5.70017
v 9.26205 -21.69126 -5.70017
v 9.95254 -21.57638 5.99983
v 9.88684 -21.18181 5.99983
v 10.18277 -21.13254 5.69983
v 10.24847 -21.52711 5.69983
v 10.24847 -21.52702 -5.70017
v 10.18277 -21.13245 -5.70017
v 9.88684 -21.18172 -6.00017
v 9.95254 -21.57629 -6.00017
v 9.55797 -21.64208 5.99983
v 9.95254 -21.57638 5.99983
v 10.00181 -21.87230 5.69983
v 9.60725 -21.93800 5.69983
v 9.44300 -20.95158 5.69984
v 9.83757 -20.88589 5.69984
v 9.88684 -21.18181 5.99983
v 9.49227 -21.24751 5.99983
v 9.60725 -21.93791 -5.70017
v 10.00181 -21.87222 -5.70017
v 9.95254 -21.57629 -6.00017
v 9.55797 -21.64198 -6.00017
v 9.49227 -21.24742 -6.00017
v 9.88684 -21.18172 -6.00017
v 9.83757 -20.88580 -5.70016
v 9.44300 -20.95149 -5.70016
v 9.55797 -21.64208 5.99983
v 9.60725 -21.93800 5.69983
v 9.26205 -21.69135 5.69983
v 10.24847 -21.52711 5.69983
v 10.00181 -21.87230 5.69983
v 9.95254 -21.57638 5.99983
v 9.19635 -21.29678 5.69983
v 9.44300 -20.95158 5.69984
v 9.49227 -21.24751 5.99983
v 9.88684 -21.18181 5.99983
v 9.83757 -20.88589 5.69984
v 10.18277 -21.13254 5.69983
v 9.26205 -21.69126 -5.70017
v 9.60725 -21.93791 -5.70017
v 9.55797 -21.64198 -6.00017
v 9.95254 -21.57629 -6.00017
v 10.00181 -21.87222 -5.70017
v 10.24847 -21.52702 -5.70017
v 9.49227 -21.24742 -6.00017
v 9.44300 -20.95149 -5.70016
v 9.19635 -21.29669 -5.70017
v 10.18277 -21.13245 -5.70017
v 9.83757 -20.88580 -5.70016
v 9.88684 -21.18172 -6.00017
v 12.51723 -21.14935 5.99983
v 12.45153 -20.75478 5.99984
v 12.84610 -20.68908 5.99984
v 12.91180 -21.08365 5.99983
v 12.91180 -21.08356 -6.00017
v 12.84610 -20.68899 -6.00016
v 12.45153 -20.75468 -6.00016
v 12.51723 -21.14925 -6.00017
v 12.56650 -21.44527 5.69983
v 12.96107 -21.37957 5.69983
v 12.96107 -21.37948 -5.70017
v 12.56650 -21.44518 -5.70017
v 12.40226 -20.45876 -5.70016
v 12.79683 -20.39306 -5.70016
v 12.79683 -20.39315 5.69984
v 12.40226 -20.45885 5.69984
v 12.22131 -21.19862 5.69983
v 12.22131 -21.19853 -5.70017
v 12.15561 -20.80396 -5.70016
v 12.15561 -20.80405 5.69984
v 13.14203 -20.63981 5.69984
v 13.14203 -20.63972 -5.70016
v 13.20773 -21.03428 -5.70016
v 13.20773 -21.03437 5.69983
v 12.56650 -21.44527 5.69983
v 12.56650 -21.44518 -5.70017
v 12.22131 -21.19853 -5.70017
v 12.22131 -21.19862 5.69983
v 13.20773 -21.03437 5.69983
v 13.20773 -21.03428 -5.70016
v 12.96107 -21.37948 -5.70017
v 12.96107 -21.37957 5.69983
v 12.15561 -20.80405 5.69984
v 12.15561 -20.80396 -5.70016
v 12.40226 -20.45876 -5.70016
v 12.40226 -20.45885 5.69984
v 12.79683 -20.39315 5.69984
v 12.79683 -20.39306 -5.70016
v 13.14203 -20.63972 -5.70016
v 13.14203 -20.63981 5.69984
v 12.22131 -21.19862 5.69983
v 12.15561 -20.80405 5.69984
v 12.45153 -20.75478 5.99984
v 12.51723 -21.14935 5.99983
v 12.51723 -21.14925 -6.00017
v 12.45153 -20.75468 -6.00016
v 12.15561 -20.80396 -5.70016
v 12.22131 -21.19853 -5.70017
v 12.91180 -21.08365 5.99983
v 12.84610 -20.68908 5.99984
v 13.14203 -20.63981 5.69984
v 13.20773 -21.03437 5.69983
v 13.20773 -21.03428 -5.70016
v 13.14203 -20.63972 -5.70016
v 12.84610 -20.68899 -6.00016
v 12.91180 -21.08356 -6.00017
v 12.51723 -21.14935 5.99983
v 12.91180 -21.08365 5.99983
v 12.96107 -21.37957 5.69983
v 12.56650 -21.44527 5.69983
v 12.40226 -20.45885 5.69984
v 12.79683 -20.39315 5.69984
v 12.84610 -20.68908 5.99984
v 12.45153 -20.75478 5.99984
v 12.56650 -21.44518 -5.70017
v 12.96107 -21.37948 -5.70017
v 12.91180 -21.08356 -6.00017
v 12.51723 -21.14925 -6.00017
v 12.45153 -20.75468 -6.00016
v 12.84610 -20.68899 -6.00016
v 12.79683 -20.39306 -5.70016
v 12.40226 -20.45876 -5.70016
v 12.51723 -21.14935 5.99983
v 12.56650 -21.44527 5.69983
v 12.22131 -21.19862 5.69983
v 13.20773 -21.03437 5.69983
v 12.96107 -21.37957 5.69983
v 12.91180 -21.08365 5.99983
v 12.15561 -20.80405 5.69984
v 12.40226 -20.45885 5.69984
v 12.45153 -20.75478 5.99984
v 12.84610 -20.68908 5.99984
v 12.79683 -20.39315 5.69984
v 13.14203 -20.63981 5.69984
v 12.22131 -21.19853 -5.70017
v 12.56650 -21.44518 -5.70017
v 12.51723 -21.14925 -6.00017
v 12.91180 -21.08356 -6.00017
v 12.96107 -21.37948 -5.70017
v 13.20773 -21.03428 -5.70016
v 12.45153 -20.75468 -6.00016
v 12.40226 -20.45876 -5.70016
v 12.15561 -20.80396 -5.70016
v 13.14203 -20.63972 -5.70016
v 12.79683 -20.39306 -5.70016
v 12.84610 -20.68899 -6.00016
v 15.47649 -20.65662 5.99984
v 15.41079 -20.26205 5.99984
v 15.80536 -20.19635 5.99984
v 15.87106 -20.59092 5.99984
v 15.87106 -20.59082 -6.00016
v 15.80536 -20.19626 -6.00016
v 15.41079 -20.26195 -6.00016
v 15.47649 -20.65652 -6.00016
v 15.52576 -20.95254 5.69984
v 15.92033 -20.88684 5.69984
v 15.92033 -20.88675 -5.70016
v 15.52576 -20.95245 -5.70016
v 15.36152 -19.96603 -5.70016
v 15.75609 -19.90033 -5.70016
v 15.75609 -19.90042 5.69984
v 15.36152 -19.96612 5.69984
v 15.18056 -20.70589 5.69984
v 15.18056 -20.70580 -5.70016
v 15.11487 -20.31123 -5.70016
v 15.11487 -20.31132 5.69984
v 16.10129 -20.14707 5.69984
v 16.10129 -20.14698 -5.70016
v 16.16698 -20.54155 -5.70016
v 16.16698 -20.54164 5.69984
v 15.52576 -20.95254 5.69984
v 15.52576 -20.95245 -5.70016
v 15.18056 -20.70580 -5.70016
v 15.18056 -20.70589 5.69984
v 16.16698 -20.54164 5.69984
v 16.16698 -20.54155 -5.70016
v 15.92033 -20.88675 -5.70016
v 15.92033 -20.88684 5.69984
v 15.11487 -20.31132 5.69984
v 15.11487 -20.31123 -5.70016
v 15.36152 -19.96603 -5.70016
v 15.36152 -19.96612 5.69984
v 15.75609 -19.90042 5.69984
v 15.75609 -19.90033 -5.70016
v 16.10129 -20.14698 -5.70016
v 16.10129 -20.14707 5.69984
v 15.18056 -20.70589 5.69984
v 15.11487 -20.31132 5.69984
v 15.41079 -20.26205 5.99984
v 15.47649 -20.65662 5.99984
v 15.47649 -20.65652 -6.00016
v 15.41079 -20.26195 -6.00016
v 15.11487 -20.31123 -5.70016
v 15.18056 -20.70580 -5.70016
v 15.87106 -20.59092 5.99984
v 15.80536 -20.19635 5.99984
v 16.10129 -20.14707 5.69984
v 16.16698 -20.54164 5.69984
v 16.16698 -20.54155 -5.70016
v 16.10129 -20.14698 -5.70016
v 15.80536 -20.19626 -6.00016
v 15.87106 -20.59082 -6.00016
v 15.47649 -20.65662 5.99984
v 15.87106 -20.59092 5.99984
v 15.92033 -20.88684 5.69984
v 15.52576 -20.95254 5.69984
v 15.36152 -19.96612 5.69984
v 15.75609 -19.90042 5.69984
v 15.80536 -20.19635 5.99984
v 15.41079 -20.26205 5.99984
v 15.52576 -20.95245 -5.70016
v 15.92033 -20.88675 -5.70016
v 15.87106 -20.59082 -6.00016
v 15.47649 -20.65652 -6.00016
v 15.41079 -20.26195 -6.00016
v 15.80536 -20.19626 -6.00016
v 15.75609 -19.90033 -5.70016
v 15.36152 -19.96603 -5.70016
v 15.47649 -20.65662 5.99984
v 15.52576 -20.95254 5.69984
v 15.18056 -20.70589 5.69984
v 16.16698 -20.54164 5.69984
v 15.92033 -20.88684 5.69984
v 15.87106 -20.59092 5.99984
v 15.11487 -20.31132 5.69984
v 15.36152 -19.96612 5.69984
v 15.41079 -20.26205 5.99984
v 15.80536 -20.19635 5.99984
v 15.75609 -19.90042 5.69984
v 16.10129 -20.14707 5.69984
v 15.18056 -20.70580 -5.70016
v 15.52576 -20.95245 -5.70016
v 15.47649 -20.65652 -6.00016
v 15.87106 -20.59082 -6.00016
v 15.92033 -20.88675 -5.70016
v 16.16698 -20.54155 -5.70016
v 15.41079 -20.26195 -6.00016
v 15.36152 -19.96603 -5.70016
v 15.11487 -20.31123 -5.70016
v 16.10129 -20.14698 -5.70016
v 15.75609 -19.90033 -5.70016
v 15.80536 -20.19626 -6.00016
v 18.43575 -20.16388 5.99984
v 18.37005 -19.76932 5.99985
v 18.76462 -19.70362 5.99985
v 18.83032 -20.09819 5.99984
v 18.83032 -20.09809 -6.00016
v 18.76462 -19.70352 -6.00015
v 18.37005 -19.76922 -6.00015
v 18.43575 -20.16379 -6.00016
v 18.48502 -20.45981 5.69984
v 18.87959 -20.39411 5.69984
v 18.87959 -20.39402 -5.70016
v 18.48502 -20.45972 -5.70016
v 18.32078 -19.47330 -5.70015
v 18.71535 -19.40760 -5.70015
v 18.71535 -19.40769 5.69985
v 18.32078 -19.47339 5.69985
v 18.13982 -20.21315 5.69984
v 18.13982 -20.21306 -5.70016
v 18.07413 -19.81850 -5.70016
v 18.07413 -19.81859 5.69984
v 19.06055 -19.65434 5.69985
v 19.06055 -19.65425 -5.70015
v 19.12624 -20.04882 -5.70016
v 19.12624 -20.04891 5.69984
v 18.48502 -20.45981 5.69984
v 18.48502 -20.45972 -5.70016
v 18.13982 -20.21306 -5.70016
v 18.13982 -20.21315 5.69984
v 19.12624 -20.04891 5.69984
v 19.12624 -20.04882 -5.70016
v 18.87959 -20.39402 -5.70016
v 18.87959 -20.39411 5.69984
v 18.07413 -19.81859 5.69984
v 18.07413 -19.81850 -5.70016
v 18.32078 -19.47330 -5.70015
v 18.32078 -19.47339 5.69985
v 18.71535 -19.40769 5.69985
v 18.71535 -19.40760 -5.70015
v 19.06055 -19.65425 -5.70015
v 19.06055 -19.65434 5.69985
v 18.13982 -20.21315 5.69984
v 18.07413 -19.81859 5.69984
v 18.37005 -19.76932 5.99985
v 18.43575 -20.16388 5.99984
v 18.43575 -20.16379 -6.00016
v 18.37005 -19.76922 -6.00015
v 18.07413 -19.81850 -5.70016
v 18.13982 -20.21306 -5.70016
v 18.83032 -20.09819 5.99984
v 18.76462 -19.70362 5.99985
v 19.06055 -19.65434 5.69985
v 19.12624 -20.04891 5.69984
v 19.12624 -20.04882 -5.70016
v 19.06055 -19.65425 -5.70015
v 18.76462 -19.70352 -6.00015
v 18.83032 -20.09809 -6.00016
v 18.43575 -20.16388 5.99984
v 18.83032 -20.09819 5.99984
v 18.87959 -20.39411 5.69984
v 18.48502 -20.45981 5.69984
v 18.32078 -19.47339 5.69985
v 18.71535 -19.40769 5.69985
v 18.76462 -19.70362 5.99985
v 18.37005 -19.76932 5.99985
v 18.48502 -20.45972 -5.70016
v 18.87959 -20.39402 -5.70016
v 18.83032 -20.09809 -6.00016
v 18.43575 -20.16379 -6.00016
v 18.37005 -19.76922 -6.00015
v 18.76462 -19.70352 -6.00015
v 18.71535 -19.40760 -5.70015
v 18.32078 -19.47330 -5.70015
v 18.43575 -20.16388 5.99984
v 18.48502 -20.45981 5.69984
v 18.13982 -20.21315 5.69984
v 19.12624 -20.04891 5.69984
v 18.87959 -20.39411 5.69984
v 18.83032 -20.09819 5.99984
v 18.07413 -19.81859 5.69984
v 18.32078 -19.47339 5.69985
v 18.37005 -19.76932 5.99985
v 18.76462 -19.70362 5.99985
v 18.71535 -19.40769 5.69985
v 19.06055 -19.65434 5.69985
v 18.13982 -20.21306 -5.70016
v 18.48502 -20.45972 -5.70016
v 18.43575 -20.16379 -6.00016
v 18.83032 -20.09809 -6.00016
v 18.87959 -20.39402 -5.70016
v 19.12624 -20.04882 -5.70016
v 18.37005 -19.76922 -6.00015
v 18.32078 -19.47330 -5.70015
v 18.07413 -19.81850 -5.70016
v 19.06055 -19.65425 -5.70015
v 18.71535 -19.40760 -5.70015
v 18.76462 -19.70352 -6.00015
vt 0.036029 0.999444
vt 0.041078 0.998379
vt 0.041137 1.029893
vt 0.038837 1.000452
vt 0.043539 0.997330
vt 0.048758 1.027756
vt 0.041509 1.001448
vt 0.045542 0.996484
vt 0.055553 1.023746
vt 0.043868 1.002384
vt 0.046959 0.995917
vt 0.061070 1.018159
vt 0.045767 1.003204
vt 0.047708 0.995675
vt 0.064949 1.011385
vt 0.047087 1.003843
vt 0.047749 0.995764
vt 0.066950 1.003878
vt 0.047749 1.004235
vt 0.047087 0.996156
vt 0.066950 0.996121
vt 0.047708 1.004325
vt 0.045767 0.996795
vt 0.064949 0.988614
vt 0.046959 1.004083
vt 0.043868 0.997615
vt 0.061069 0.981840
vt 0.045542 1.003516
vt 0.041509 0.998551
vt 0.055553 0.976253
vt 0.043539 1.002669
vt 0.038837 0.999548
vt 0.048757 0.972243
vt 0.041078 1.001620
vt 0.036029 1.000556
vt 0.041137 0.970107
vt 0.038324 1.000464
vt 0.033275 1.001529
vt 0.033216 0.970016
vt 0.035470 0.999298
vt 0.030768 1.002420
vt 0.025550 0.971994
vt 0.032719 0.998211
vt 0.028686 1.003175
vt 0.018675 0.975913
vt 0.030269 0.997275
vt 0.027178 1.003743
vt 0.013068 0.981501
vt 0.028292 0.996547
vt 0.026351 1.004076
vt 0.009109 0.988366
vt 0.026926 0.996065
vt 0.026264 1.004144
vt 0.007063 0.996031
vt 0.026264 0.995855
vt 0.026926 1.003934
vt 0.007063 1.003969
vt 0.026351 0.995923
vt 0.028292 1.003453
vt 0.009109 1.011634
vt 0.027178 0.996257
vt 0.030269 1.002724
vt 0.013068 1.018499
vt 0.028686 0.996824
vt 0.032719 1.001788
vt 0.018675 1.024086
vt 0.030768 0.997580
vt 0.035470 1.000701
vt 0.025550 1.028006
vt 0.033275 0.998470
vt 0.038324 0.999535
vt 0.033217 1.029984
vt 0.044114 1.058089
vt 0.038727 1.026462
vt 0.048623 1.024351
vt 0.049159 1.057013
vt 0.062247 1.054028
vt 0.051367 1.025647
vt 0.060536 1.019469
vt 0.066922 1.050879
vt 0.078133 1.046353
vt 0.062626 1.023167
vt 0.070422 1.013367
vt 0.082108 1.041357
vt 0.090778 1.036015
vt 0.071806 1.019572
vt 0.077721 1.006840
vt 0.093794 1.029524
vt 0.099621 1.023937
vt 0.078506 1.015300
vt 0.082189 1.000510
vt 0.101498 1.016397
vt 0.104408 1.010838
vt 0.082528 1.010547
vt 0.083778 0.994697
vt 0.105045 1.002757
vt 0.105045 0.997241
vt 0.083778 1.005302
vt 0.082528 0.989452
vt 0.104408 0.989161
vt 0.101498 0.983602
vt 0.082189 0.999489
vt 0.078505 0.984699
vt 0.099620 0.976062
vt 0.093794 0.970474
vt 0.077721 0.993159
vt 0.071806 0.980427
vt 0.090778 0.963983
vt 0.082107 0.958642
vt 0.070421 0.986632
vt 0.062625 0.976833
vt 0.078133 0.953646
vt 0.066921 0.949120
vt 0.060536 0.980530
vt 0.051367 0.974352
vt 0.062246 0.945971
vt 0.049159 0.942986
vt 0.048623 0.975648
vt 0.038726 0.973538
vt 0.044113 0.941910
vt 0.030188 0.941078
vt 0.035576 0.972705
vt 0.025679 0.974815
vt 0.025143 0.942153
vt 0.011624 0.943709
vt 0.022504 0.972090
vt 0.013335 0.978268
vt 0.006950 0.946858
vt -0.004990 0.950587
vt 0.010518 0.973773
vt 0.002722 0.983572
vt -0.008964 0.955583
vt -0.018449 0.960958
vt 0.000523 0.977401
vt -0.005393 0.990134
vt -0.021465 0.967449
vt -0.027976 0.973869
vt -0.006861 0.982505
vt -0.010544 0.997295
vt -0.029853 0.981409
vt -0.033149 0.988363
vt -0.011269 0.988653
vt -0.012519 1.004504
vt -0.033786 0.996443
vt -0.033786 1.003557
vt -0.012519 0.995497
vt -0.011269 1.011347
vt -0.033149 1.011637
vt -0.029853 1.018592
vt -0.010544 1.002705
vt -0.006860 1.017495
vt -0.027975 1.026132
vt -0.021465 1.032551
vt -0.005392 1.009867
vt 0.000523 1.022599
vt -0.018449 1.039042
vt -0.008964 1.044417
vt 0.002722 1.016428
vt 0.010518 1.026227
vt -0.004989 1.049413
vt 0.006951 1.053142
vt 0.013336 1.021732
vt 0.022505 1.027909
vt 0.011625 1.056291
vt 0.025144 1.057846
vt 0.025679 1.025184
vt 0.035576 1.027294
vt 0.030189 1.058922
vt 0.047393 1.082195
vt 0.041398 1.048401
vt 0.055743 1.045258
vt 0.057274 1.080030
vt 0.075815 1.074640
vt 0.062935 1.044382
vt 0.076066 1.035223
vt 0.084860 1.068331
vt 0.099426 1.062048
vt 0.080982 1.037441
vt 0.091933 1.023014
vt 0.106969 1.052110
vt 0.117074 1.047061
vt 0.094676 1.029630
vt 0.102815 1.011009
vt 0.122680 1.034234
vt 0.128799 1.031461
vt 0.104048 1.022164
vt 0.109032 1.000634
vt 0.132232 1.016631
vt 0.135067 1.015854
vt 0.109447 1.015146
vt 0.111122 0.992128
vt 0.136221 0.999999
vt 0.136221 0.999999
vt 0.111123 1.007870
vt 0.109447 0.984853
vt 0.135067 0.984144
vt 0.132232 0.983367
vt 0.109032 0.999364
vt 0.104047 0.977835
vt 0.128798 0.968538
vt 0.122680 0.965764
vt 0.102815 0.988990
vt 0.094676 0.970368
vt 0.117073 0.952937
vt 0.106968 0.947888
vt 0.091932 0.976985
vt 0.080982 0.962557
vt 0.099425 0.937950
vt 0.084859 0.931667
vt 0.076066 0.964776
vt 0.062934 0.955617
vt 0.075813 0.925359
vt 0.057272 0.919969
vt 0.055742 0.954741
vt 0.041397 0.951598
vt 0.047391 0.917804
vt 0.026789 0.915422
vt 0.032784 0.949216
vt 0.018439 0.952359
vt 0.016908 0.917587
vt -0.002939 0.918966
vt 0.009941 0.949224
vt -0.003191 0.958383
vt -0.011984 0.925275
vt -0.028658 0.929470
vt -0.010214 0.954077
vt -0.021165 0.968505
vt -0.036201 0.939408
vt -0.048527 0.944723
vt -0.026129 0.962154
vt -0.034267 0.980776
vt -0.054133 0.957550
vt -0.062014 0.962680
vt -0.037263 0.971977
vt -0.042248 0.993506
vt -0.065448 0.977510
vt -0.069240 0.982032
vt -0.043620 0.982740
vt -0.045296 1.005757
vt -0.070395 0.997886
vt -0.070395 1.002115
vt -0.045296 0.994243
vt -0.043620 1.017261
vt -0.069240 1.017969
vt -0.065447 1.022491
vt -0.042248 1.006495
vt -0.037263 1.028024
vt -0.062014 1.037321
vt -0.054132 1.042451
vt -0.034267 1.019225
vt -0.026128 1.037846
vt -0.048526 1.055277
vt -0.036200 1.060592
vt -0.021164 1.031496
vt -0.010214 1.045923
vt -0.028657 1.070530
vt -0.011983 1.074726
vt -0.003190 1.041617
vt 0.009942 1.050776
vt -0.002938 1.081034
vt 0.016910 1.082412
vt 0.018440 1.047640
vt 0.032785 1.050784
vt 0.026791 1.084578
vt 0.051219 1.099700
vt 0.044166 1.063119
vt 0.062365 1.058903
vt 0.065518 1.096387
vt 0.089332 1.086306
vt 0.073224 1.053944
vt 0.089507 1.041806
vt 0.102126 1.076769
vt 0.118084 1.067333
vt 0.095234 1.041482
vt 0.108357 1.022664
vt 0.128395 1.052548
vt 0.137402 1.048492
vt 0.110189 1.030400
vt 0.119630 1.006425
vt 0.144820 1.029655
vt 0.149235 1.032248
vt 0.119600 1.022520
vt 0.125246 0.995017
vt 0.153671 1.010638
vt 0.155402 1.018280
vt 0.124868 1.017150
vt 0.126743 0.987843
vt 0.156876 0.995254
vt 0.156876 1.004745
vt 0.126743 1.012156
vt 0.124868 0.982848
vt 0.155402 0.981718
vt 0.153671 0.989360
vt 0.125247 1.004982
vt 0.119600 0.977478
vt 0.149234 0.967751
vt 0.144819 0.970343
vt 0.119630 0.993574
vt 0.110188 0.969599
vt 0.137401 0.951506
vt 0.128394 0.947450
vt 0.108357 0.977334
vt 0.095233 0.958516
vt 0.118083 0.932665
vt 0.102124 0.923230
vt 0.089506 0.958193
vt 0.073223 0.946055
vt 0.089331 0.913693
vt 0.065516 0.903612
vt 0.062364 0.941096
vt 0.044165 0.936880
vt 0.051217 0.900299
vt 0.022724 0.895385
vt 0.029777 0.931966
vt 0.011578 0.936183
vt 0.008426 0.898698
vt -0.018335 0.900803
vt -0.002227 0.933165
vt -0.018510 0.945304
vt -0.031129 0.910341
vt -0.051451 0.916140
vt -0.028601 0.941991
vt -0.041724 0.960809
vt -0.061762 0.930926
vt -0.074928 0.936014
vt -0.047715 0.954106
vt -0.057156 0.978080
vt -0.082346 0.954850
vt -0.089797 0.956960
vt -0.060162 0.966688
vt -0.065808 0.994192
vt -0.094233 0.978570
vt -0.097527 0.977874
vt -0.066993 0.979003
vt -0.068868 1.008311
vt -0.099000 1.000900
vt -0.099000 0.999101
vt -0.068868 0.991690
vt -0.066992 1.020997
vt -0.097527 1.022128
vt -0.094233 1.021431
vt -0.065808 1.005809
vt -0.060161 1.033313
vt -0.089796 1.043041
vt -0.082345 1.045151
vt -0.057156 1.021921
vt -0.047714 1.045895
vt -0.074927 1.063988
vt -0.061760 1.069075
vt -0.041723 1.039191
vt -0.028600 1.058009
vt -0.051449 1.083861
vt -0.031127 1.089660
vt -0.018509 1.054697
vt -0.002226 1.066835
vt -0.018333 1.099197
vt 0.008428 1.101301
vt 0.011579 1.063817
vt 0.029778 1.068033
vt 0.022726 1.104614
vt 0.056101 1.108602
vt 0.047256 1.069141
vt 0.068513 1.063655
vt 0.074179 1.103936
vt 0.102555 1.085949
vt 0.081649 1.052206
vt 0.099851 1.036881
vt 0.118035 1.072915
vt 0.132125 1.059697
vt 0.103493 1.033839
vt 0.117366 1.010870
vt 0.143923 1.040164
vt 0.149004 1.039246
vt 0.116063 1.021641
vt 0.125602 0.993018
vt 0.157116 1.014904
vt 0.158311 1.026150
vt 0.123208 1.016712
vt 0.128750 0.984229
vt 0.163024 0.998525
vt 0.163080 1.018082
vt 0.127192 1.016698
vt 0.129008 0.982222
vt 0.164624 0.988762
vt 0.164624 1.011237
vt 0.129008 1.017777
vt 0.127192 0.983301
vt 0.163080 0.981917
vt 0.163024 1.001474
vt 0.128750 1.015770
vt 0.123207 0.983287
vt 0.158310 0.973849
vt 0.157116 0.985094
vt 0.125602 1.006981
vt 0.116063 0.978358
vt 0.149003 0.960753
vt 0.143922 0.959835
vt 0.117366 0.989129
vt 0.103493 0.966159
vt 0.132124 0.940301
vt 0.118033 0.927082
vt 0.099850 0.963117
vt 0.081648 0.947792
vt 0.102553 0.914050
vt 0.074176 0.896062
vt 0.068512 0.936344
vt 0.047254 0.930858
vt 0.056098 0.891396
vt 0.017351 0.882551
vt 0.026196 0.922012
vt 0.004938 0.927499
vt -0.000727 0.887217
vt -0.035060 0.891843
vt -0.014154 0.925586
vt -0.032356 0.940911
vt -0.050540 0.904877
vt -0.072222 0.913378
vt -0.043590 0.939237
vt -0.057462 0.962206
vt -0.084019 0.932912
vt -0.095320 0.936626
vt -0.062379 0.954231
vt -0.071919 0.982854
vt -0.103433 0.960967
vt -0.108691 0.957524
vt -0.073588 0.966962
vt -0.079130 0.999445
vt -0.113404 0.985149
vt -0.115424 0.976179
vt -0.079535 0.977563
vt -0.081351 1.012039
vt -0.116968 1.005499
vt -0.116968 0.994503
vt -0.081351 0.987962
vt -0.079535 1.022438
vt -0.115423 1.023822
vt -0.113404 1.014853
vt -0.079130 1.000556
vt -0.073587 1.033039
vt -0.108690 1.042478
vt -0.103432 1.039034
vt -0.071918 1.017147
vt -0.062379 1.045770
vt -0.095319 1.063376
vt -0.084018 1.067089
vt -0.057462 1.037795
vt -0.043589 1.060764
vt -0.072220 1.086623
vt -0.050538 1.095124
vt -0.032355 1.059090
vt -0.014152 1.074415
vt -0.035058 1.108157
vt -0.000724 1.112783
vt 0.004940 1.072501
vt 0.026198 1.077987
vt 0.017354 1.117449
vt 0.063242 1.107134
vt 0.051153 1.065458
vt 0.074393 1.058088
vt 0.084158 1.100501
vt 0.114541 1.070349
vt 0.086755 1.037557
vt 0.104925 1.018474
vt 0.130893 1.053175
vt 0.138445 1.038449
vt 0.103050 1.015171
vt 0.115735 0.988353
vt 0.149862 1.014314
vt 0.149214 1.020735
vt 0.110397 1.005544
vt 0.118649 0.973188
vt 0.156640 0.991616
vt 0.154518 1.014775
vt 0.114182 1.006725
vt 0.118833 0.970472
vt 0.158704 0.982148
vt 0.157322 1.015840
vt 0.116455 1.014495
vt 0.117959 0.976172
vt 0.158675 0.981350
vt 0.158675 1.018649
vt 0.117959 1.023827
vt 0.116455 0.985504
vt 0.157322 0.984159
vt 0.158704 1.017851
vt 0.118834 1.029528
vt 0.114182 0.993275
vt 0.154518 0.985224
vt 0.156640 1.008383
vt 0.118649 1.026811
vt 0.110397 0.994455
vt 0.149213 0.979263
vt 0.149862 0.985685
vt 0.115736 1.011645
vt 0.103050 0.984828
vt 0.138444 0.961549
vt 0.130892 0.946822
vt 0.104925 0.981524
vt 0.086755 0.962441
vt 0.114539 0.929649
vt 0.084155 0.899497
vt 0.074391 0.941910
vt 0.051151 0.934541
vt 0.063239 0.892864
vt 0.009029 0.877595
vt 0.021118 0.919271
vt -0.002122 0.926641
vt -0.011887 0.884228
vt -0.053905 0.894648
vt -0.026120 0.927440
vt -0.044289 0.946523
vt -0.070257 0.911822
vt -0.089146 0.922677
vt -0.053751 0.945954
vt -0.066436 0.972772
vt -0.100563 0.946812
vt -0.107420 0.946309
vt -0.068603 0.961500
vt -0.076855 0.993856
vt -0.114846 0.975428
vt -0.117041 0.963591
vt -0.076704 0.971641
vt -0.081356 1.007895
vt -0.121227 0.996218
vt -0.121799 0.976655
vt -0.080933 0.977999
vt -0.082436 1.016322
vt -0.123153 1.011145
vt -0.123153 0.988857
vt -0.082437 0.983678
vt -0.080932 1.022002
vt -0.121799 1.023347
vt -0.121227 1.003783
vt -0.081356 0.992106
vt -0.076704 1.028359
vt -0.117040 1.036410
vt -0.114846 1.024574
vt -0.076855 1.006145
vt -0.068602 1.038501
vt -0.107419 1.053693
vt -0.100562 1.053190
vt -0.066436 1.027229
vt -0.053750 1.054047
vt -0.089144 1.077325
vt -0.070255 1.088180
vt -0.044288 1.053478
vt -0.026118 1.072560
vt -0.053902 1.105353
vt -0.011883 1.115772
vt -0.002120 1.073359
vt 0.021121 1.080728
vt 0.009033 1.122404
vt 0.076001 1.091419
vt 0.056979 1.049909
vt 0.080327 1.038764
vt 0.097995 1.080921
vt 0.121354 1.035934
vt 0.084413 1.009365
vt 0.099184 0.985698
vt 0.135269 1.013640
vt 0.132624 1.006369
vt 0.090590 0.989563
vt 0.099711 0.959547
vt 0.141216 0.978094
vt 0.136279 0.997221
vt 0.092499 0.986765
vt 0.098107 0.951873
vt 0.141562 0.964353
vt 0.137970 1.001183
vt 0.093502 0.995720
vt 0.096583 0.957094
vt 0.140871 0.964799
vt 0.139071 1.012568
vt 0.094372 1.011590
vt 0.095358 0.970893
vt 0.139999 0.974233
vt 0.139999 1.025767
vt 0.095358 1.029106
vt 0.094372 0.988410
vt 0.139071 0.987432
vt 0.140872 1.035201
vt 0.096583 1.042905
vt 0.093502 1.004279
vt 0.137970 0.998816
vt 0.141562 1.035646
vt 0.098107 1.048126
vt 0.092499 1.013234
vt 0.136279 1.002779
vt 0.141217 1.021905
vt 0.099712 1.040452
vt 0.090590 1.010436
vt 0.132624 0.993630
vt 0.135268 0.986358
vt 0.099184 1.014301
vt 0.084412 0.990633
vt 0.121354 0.964064
vt 0.097991 0.919075
vt 0.080326 0.961232
vt 0.056977 0.950089
vt 0.075997 0.908578
vt -0.007606 0.880917
vt 0.011416 0.922427
vt -0.011932 0.933572
vt -0.029600 0.891415
vt -0.074920 0.912756
vt -0.037978 0.939325
vt -0.052750 0.962993
vt -0.088834 0.935050
vt -0.099232 0.943228
vt -0.057197 0.960033
vt -0.066319 0.990049
vt -0.107824 0.971503
vt -0.109522 0.962393
vt -0.065742 0.972848
vt -0.071350 1.007740
vt -0.114805 0.995260
vt -0.114593 0.972986
vt -0.070125 0.978449
vt -0.073205 1.017075
vt -0.117494 1.009371
vt -0.117144 0.978564
vt -0.072445 0.979542
vt -0.073431 1.020238
vt -0.118072 1.016899
vt -0.118072 0.983102
vt -0.073431 0.979762
vt -0.072445 1.020459
vt -0.117143 1.021437
vt -0.117494 0.990630
vt -0.073205 0.982926
vt -0.070125 1.021552
vt -0.114593 1.027015
vt -0.114805 1.004741
vt -0.071351 0.992261
vt -0.065742 1.027153
vt -0.109522 1.037608
vt -0.107824 1.028499
vt -0.066319 1.009951
vt -0.057197 1.039968
vt -0.099231 1.056774
vt -0.088833 1.064952
vt -0.052749 1.037009
vt -0.037977 1.060676
vt -0.074918 1.087246
vt -0.029595 1.108586
vt -0.011929 1.066429
vt 0.011420 1.077572
vt -0.007600 1.119083
vt 0.105879 0.984466
vt 0.059520 0.977428
vt 0.063339 0.951333
vt 0.109624 0.958872
vt 0.110806 0.984241
vt 0.065245 0.973233
vt 0.071305 0.945482
vt 0.116750 0.957024
vt 0.110841 0.971906
vt 0.064412 0.965677
vt 0.067748 0.933933
vt 0.114113 0.940772
vt 0.110713 0.975128
vt 0.064047 0.971381
vt 0.066022 0.935463
vt 0.112649 0.939901
vt 0.110730 0.989024
vt 0.063979 0.987084
vt 0.065047 0.947620
vt 0.111778 0.950318
vt 0.110900 1.009393
vt 0.064120 1.009035
vt 0.064460 0.967534
vt 0.111234 0.968690
vt 0.111234 1.031310
vt 0.064460 1.032466
vt 0.064120 0.990965
vt 0.110900 0.990607
vt 0.111778 1.049682
vt 0.065047 1.052380
vt 0.063979 1.012916
vt 0.110730 1.010977
vt 0.112649 1.060099
vt 0.066022 1.064537
vt 0.064047 1.028619
vt 0.110713 1.024872
vt 0.114113 1.059228
vt 0.067748 1.066067
vt 0.064412 1.034323
vt 0.110841 1.028094
vt 0.116750 1.042976
vt 0.071305 1.054517
vt 0.065245 1.026767
vt 0.110806 1.015759
vt -0.109624 0.958872
vt -0.063339 0.951333
vt -0.059520 0.977428
vt -0.105879 0.984466
vt -0.107203 0.976387
vt -0.061074 0.967970
vt -0.056202 0.993889
vt -0.102424 1.001808
vt -0.092123 0.949590
vt -0.046562 0.960598
vt -0.052622 0.988348
vt -0.098066 0.976807
vt -0.098866 0.970156
vt -0.052436 0.976385
vt -0.055772 1.008129
vt -0.102137 1.001290
vt -0.101474 0.980176
vt -0.054808 0.983923
vt -0.056783 1.019840
vt -0.103410 1.015404
vt -0.102781 0.982822
vt -0.056029 0.984761
vt -0.057097 1.024225
vt -0.103828 1.021528
vt -0.103487 0.980997
vt -0.056707 0.981355
vt -0.057047 1.022856
vt -0.103820 1.021700
vt -0.103820 0.978300
vt -0.057047 0.977145
vt -0.056707 1.018645
vt -0.103487 1.019003
vt -0.103828 0.978472
vt -0.057097 0.975775
vt -0.056029 1.015239
vt -0.102781 1.017178
vt -0.103411 0.984597
vt -0.056783 0.980160
vt -0.054808 1.016077
vt -0.101474 1.019824
vt -0.102137 0.998711
vt -0.055772 0.991872
vt -0.052436 1.023615
vt -0.098865 1.029845
vt -0.098066 1.023194
vt -0.052622 1.011652
vt -0.046561 1.039403
vt -0.092122 1.050411
vt 0.102424 1.001808
vt 0.056202 0.993889
vt 0.061074 0.967970
vt 0.107203 0.976387
vt 0.089600 0.984261
vt 0.043472 0.975845
vt 0.048251 0.950424
vt 0.094473 0.958343
vt 0.071688 0.940553
vt 0.026127 0.951562
vt 0.020184 0.924344
vt 0.065629 0.912803
vt 0.075213 0.947690
vt 0.028784 0.953919
vt 0.025512 0.922785
vt 0.071878 0.915946
vt 0.076329 0.960733
vt 0.029663 0.964480
vt 0.027727 0.929253
vt 0.074354 0.924816
vt 0.076682 0.981325
vt 0.029931 0.983264
vt 0.028883 0.944558
vt 0.075615 0.941861
vt 0.076647 1.007203
vt 0.029867 1.007561
vt 0.029534 0.966858
vt 0.076307 0.965702
vt 0.076307 1.034298
vt 0.029533 1.033142
vt 0.029867 0.992439
vt 0.076647 0.992797
vt 0.075614 1.058139
vt 0.028883 1.055442
vt 0.029931 1.016736
vt 0.076682 1.018676
vt 0.074354 1.075185
vt 0.027726 1.070748
vt 0.029663 1.035520
vt 0.076328 1.039267
vt 0.071877 1.084055
vt 0.025512 1.077216
vt 0.028783 1.046082
vt 0.075213 1.052311
vt 0.065627 1.087198
vt 0.020183 1.075656
vt 0.026127 1.048439
vt 0.071687 1.059448
vt -0.094473 0.958342
vt -0.048251 0.950424
vt -0.043472 0.975845
vt -0.089600 0.984261
vt -0.091793 0.971296
vt -0.045434 0.964259
vt -0.041689 0.989852
vt -0.087974 0.997391
vt -0.090372 0.993277
vt -0.044811 0.982269
vt -0.038867 1.009486
vt -0.084312 1.021028
vt -0.087189 0.994373
vt -0.040760 0.988144
vt -0.037488 1.019278
vt -0.083853 1.026116
vt -0.085567 0.994571
vt -0.038902 0.990824
vt -0.036965 1.026051
vt -0.083593 1.030488
vt -0.084632 0.990521
vt -0.037880 0.988582
vt -0.036833 1.027287
vt -0.083564 1.029985
vt -0.084060 0.983187
vt -0.037280 0.982829
vt -0.036947 1.023532
vt -0.083721 1.024688
vt -0.083721 0.975312
vt -0.036947 0.976468
vt -0.037280 1.017171
vt -0.084060 1.016813
vt -0.083564 0.970015
vt -0.036833 0.972713
vt -0.037880 1.011418
vt -0.084632 1.009479
vt -0.083593 0.969512
vt -0.036965 0.973949
vt -0.038902 1.009176
vt -0.085567 1.005429
vt -0.083853 0.973884
vt -0.037488 0.980722
vt -0.040760 1.011856
vt -0.087189 1.005627
vt -0.084312 0.978972
vt -0.038867 0.990514
vt -0.044811 1.017731
vt -0.090372 1.006722
vt 0.087974 0.997391
vt 0.041689 0.989852
vt 0.045434 0.964259
vt 0.091793 0.971296
vt -0.001464 0.926543
vt -0.020486 0.968053
vt -0.042479 0.957555
vt -0.024812 0.915398
vt 0.026085 0.931318
vt -0.010857 0.957887
vt -0.024771 0.935592
vt 0.011314 0.907650
vt 0.035815 0.941367
vt -0.006219 0.958172
vt -0.014811 0.929897
vt 0.026694 0.911350
vt 0.039498 0.957132
vt -0.004282 0.967588
vt -0.009565 0.934720
vt 0.033889 0.922241
vt 0.040797 0.979445
vt -0.003671 0.984908
vt -0.006572 0.948523
vt 0.037717 0.940819
vt 0.040809 1.006383
vt -0.003890 1.007361
vt -0.004818 0.969026
vt 0.039824 0.965687
vt 0.039823 1.034314
vt -0.004818 1.030974
vt -0.003890 0.992639
vt 0.040809 0.993617
vt 0.037716 1.059181
vt -0.006573 1.051477
vt -0.003671 1.015092
vt 0.040797 1.020555
vt 0.033889 1.077760
vt -0.009566 1.065280
vt -0.004283 1.032412
vt 0.039497 1.042868
vt 0.026693 1.088650
vt -0.014812 1.070103
vt -0.006220 1.041828
vt 0.035815 1.058634
vt 0.011311 1.092350
vt -0.024773 1.064407
vt -0.010858 1.042113
vt 0.026083 1.068683
vt -0.024816 1.084601
vt -0.042481 1.042443
vt -0.020487 1.031946
vt -0.001467 1.073457
vt -0.066931 1.045793
vt -0.047909 1.004283
vt -0.025915 1.014781
vt -0.043583 1.056938
vt -0.072519 1.017372
vt -0.035578 0.990803
vt -0.021663 1.013098
vt -0.057748 1.041040
vt -0.069208 1.008229
vt -0.027173 0.991424
vt -0.018581 1.019699
vt -0.060086 1.038246
vt -0.066254 1.002481
vt -0.022474 0.992025
vt -0.017191 1.024893
vt -0.060646 1.037373
vt -0.064174 0.994724
vt -0.019706 0.989261
vt -0.016805 1.025646
vt -0.061094 1.033350
vt -0.062736 0.984749
vt -0.018038 0.983770
vt -0.017109 1.022105
vt -0.061751 1.025445
vt -0.061751 0.974555
vt -0.017109 0.977895
vt -0.018038 1.016230
vt -0.062736 1.015251
vt -0.061093 0.966650
vt -0.016805 0.974354
vt -0.019706 1.010739
vt -0.064174 1.005276
vt -0.060645 0.962627
vt -0.017191 0.975107
vt -0.022474 1.007974
vt -0.066254 0.997519
vt -0.060086 0.961754
vt -0.018581 0.980301
vt -0.027173 1.008576
vt -0.069208 0.991770
vt -0.057747 0.958959
vt -0.021663 0.986902
vt -0.035578 1.009196
vt -0.072519 0.982626
vt -0.043580 0.943060
vt -0.025915 0.985218
vt -0.047909 0.995715
vt -0.066929 0.954204
vt -0.017861 0.945463
vt -0.029950 0.987139
vt -0.050866 0.980506
vt -0.041102 0.938093
vt -0.004867 0.943742
vt -0.032652 0.976534
vt -0.049004 0.959360
vt -0.023036 0.924659
vt 0.002861 0.949672
vt -0.032535 0.972950
vt -0.043951 0.948814
vt -0.009825 0.922854
vt 0.006615 0.962936
vt -0.032202 0.978128
vt -0.039629 0.949008
vt -0.001637 0.930581
vt 0.008008 0.982707
vt -0.032328 0.990757
vt -0.036515 0.958130
vt 0.003356 0.946454
vt 0.007830 1.006731
vt -0.033037 1.008075
vt -0.034390 0.973585
vt 0.006326 0.968408
vt 0.006326 1.031592
vt -0.034390 1.026414
vt -0.033037 0.991924
vt 0.007830 0.993269
vt 0.003356 1.053546
vt -0.036515 1.041869
vt -0.032329 1.009242
vt 0.008008 1.017293
vt -0.001638 1.069419
vt -0.039629 1.050991
vt -0.032202 1.021872
vt 0.006615 1.037064
vt -0.009826 1.077145
vt -0.043952 1.051185
vt -0.032535 1.027050
vt 0.002860 1.050328
vt -0.023038 1.075341
vt -0.049005 1.040639
vt -0.032652 1.023466
vt -0.004868 1.056258
vt -0.041104 1.061906
vt -0.050867 1.019493
vt -0.029951 1.012860
vt -0.017863 1.054537
vt -0.054410 1.039266
vt -0.042321 0.997590
vt -0.021405 1.004223
vt -0.031169 1.046636
vt -0.055769 1.021256
vt -0.027984 0.988463
vt -0.011632 1.005637
vt -0.037599 1.040338
vt -0.052160 1.011453
vt -0.016765 0.988175
vt -0.005348 1.012311
vt -0.039474 1.038271
vt -0.048409 1.004107
vt -0.009592 0.988916
vt -0.002165 1.018035
vt -0.040157 1.036463
vt -0.045485 0.995659
vt -0.005149 0.987609
vt -0.000963 1.020236
vt -0.040834 1.031912
vt -0.043353 0.985763
vt -0.002486 0.984419
vt -0.001133 1.018909
vt -0.041849 1.024087
vt -0.041849 0.975913
vt -0.001133 0.981091
vt -0.002486 1.015581
vt -0.043353 1.014236
vt -0.040833 0.968087
vt -0.000962 0.979764
vt -0.005149 1.012391
vt -0.045485 1.004341
vt -0.040157 0.963537
vt -0.002165 0.981965
vt -0.009592 1.011084
vt -0.048409 0.995892
vt -0.039474 0.961729
vt -0.005348 0.987689
vt -0.016765 1.011824
vt -0.052160 0.988546
vt -0.037599 0.959661
vt -0.011632 0.994362
vt -0.027984 1.011536
vt -0.055769 0.978743
vt -0.031168 0.953363
vt -0.021405 0.995776
vt -0.042321 1.002409
vt -0.054409 0.960732
vt -0.025219 0.962412
vt -0.034064 1.001874
vt -0.052141 0.997208
vt -0.046476 0.956926
vt -0.022281 0.960816
vt -0.043187 0.994559
vt -0.058667 0.981525
vt -0.040483 0.945491
vt -0.019676 0.964188
vt -0.048308 0.990046
vt -0.060105 0.970512
vt -0.033549 0.941219
vt -0.018172 0.973745
vt -0.051113 0.991350
vt -0.059225 0.967008
vt -0.027712 0.945122
vt -0.017841 0.988883
vt -0.052944 0.998321
vt -0.057658 0.970696
vt -0.023384 0.956399
vt -0.018594 1.007582
vt -0.054482 1.008965
vt -0.056026 0.979646
vt -0.020410 0.973106
vt -0.020410 1.026894
vt -0.056026 1.020354
vt -0.054482 0.991034
vt -0.018594 0.992418
vt -0.023384 1.043600
vt -0.057658 1.029304
vt -0.052944 1.001679
vt -0.017841 1.011117
vt -0.027712 1.054878
vt -0.059226 1.032991
vt -0.051113 1.008649
vt -0.018173 1.026255
vt -0.033550 1.058781
vt -0.060106 1.029487
vt -0.048308 1.009953
vt -0.019677 1.035812
vt -0.040484 1.054508
vt -0.058667 1.018473
vt -0.043187 1.005440
vt -0.022282 1.039183
vt -0.046477 1.043073
vt -0.052142 1.002791
vt -0.034064 0.998125
vt -0.025220 1.037587
vt -0.048233 1.028741
vt -0.039388 0.989280
vt -0.021310 0.993945
vt -0.026975 1.034227
vt -0.045214 1.016975
vt -0.024308 0.983233
vt -0.008828 0.996266
vt -0.027012 1.032301
vt -0.040227 1.008888
vt -0.011596 0.983029
vt 0.000202 1.002563
vt -0.026355 1.031857
vt -0.035512 1.002126
vt -0.002571 0.984521
vt 0.005542 1.008863
vt -0.025972 1.030749
vt -0.031779 0.994791
vt 0.003324 0.985353
vt 0.008038 1.012978
vt -0.026236 1.027274
vt -0.029063 0.986679
vt 0.006826 0.985295
vt 0.008370 1.014615
vt -0.027247 1.021155
vt -0.027247 0.978845
vt 0.008370 0.985385
vt 0.006825 1.014705
vt -0.029063 1.013321
vt -0.026236 0.972726
vt 0.008038 0.987022
vt 0.003324 1.014647
vt -0.031779 1.005209
vt -0.025972 0.969251
vt 0.005542 0.991137
vt -0.002571 1.015479
vt -0.035512 0.997873
vt -0.026354 0.968143
vt 0.000202 0.997437
vt -0.011596 1.016970
vt -0.040227 0.991112
vt -0.027011 0.967699
vt -0.008828 1.003734
vt -0.024308 1.016766
vt -0.045214 0.983024
vt -0.026975 0.965772
vt -0.021310 1.006054
vt -0.039388 1.010720
vt -0.048232 0.971258
vt -0.029225 0.975091
vt -0.036277 1.011671
vt -0.050576 1.008358
vt -0.047424 0.970874
vt -0.031165 0.975183
vt -0.047273 1.007545
vt -0.060066 0.998008
vt -0.047448 0.963045
vt -0.032440 0.978006
vt -0.055290 1.003857
vt -0.065601 0.989072
vt -0.045563 0.959188
vt -0.033463 0.984733
vt -0.060676 1.002825
vt -0.068094 0.983989
vt -0.042904 0.960759
vt -0.034592 0.995208
vt -0.064227 1.004936
vt -0.068663 0.983326
vt -0.040239 0.967704
vt -0.036042 1.008080
vt -0.066577 1.009210
vt -0.068050 0.986183
vt -0.037917 0.978773
vt -0.037917 1.021227
vt -0.068050 1.013816
vt -0.066576 0.990790
vt -0.036042 0.991920
vt -0.040239 1.032295
vt -0.068664 1.016673
vt -0.064227 0.995064
vt -0.034592 1.004791
vt -0.042904 1.039241
vt -0.068094 1.016010
vt -0.060676 0.997174
vt -0.033463 1.015266
vt -0.045564 1.040811
vt -0.065601 1.010927
vt -0.055290 0.996142
vt -0.032440 1.021993
vt -0.047448 1.036955
vt -0.060066 1.001991
vt -0.047273 0.992454
vt -0.031165 1.024816
vt -0.047424 1.029125
vt -0.050576 0.991641
vt -0.036277 0.988328
vt -0.029225 1.024909
vt -0.044719 1.019995
vt -0.037666 0.983414
vt -0.023367 0.986727
vt -0.026520 1.024212
vt -0.039832 1.011926
vt -0.023724 0.979564
vt -0.010931 0.989102
vt -0.023549 1.024065
vt -0.034193 1.005467
vt -0.011343 0.979616
vt -0.001032 0.994402
vt -0.021070 1.024285
vt -0.029011 0.999772
vt -0.001798 0.981680
vt 0.005620 1.000516
vt -0.019570 1.023747
vt -0.024846 0.994000
vt 0.004789 0.984272
vt 0.009225 1.005882
vt -0.019200 1.021504
vt -0.021833 0.988074
vt 0.008701 0.986944
vt 0.010174 1.009970
vt -0.019958 1.017381
vt -0.019958 0.982619
vt 0.010175 0.990030
vt 0.008701 1.013056
vt -0.021833 1.011926
vt -0.019199 0.978496
vt 0.009225 0.994118
vt 0.004789 1.015728
vt -0.024846 1.006000
vt -0.019570 0.976253
vt 0.005620 0.999484
vt -0.001798 1.018320
vt -0.029011 1.000228
vt -0.021070 0.975714
vt -0.001033 1.005598
vt -0.011343 1.020383
vt -0.034193 0.994532
vt -0.023549 0.975935
vt -0.010931 1.010898
vt -0.023725 1.020435
vt -0.039832 0.988073
vt -0.026519 0.975788
vt -0.023368 1.013273
vt -0.037666 1.016585
vt -0.044718 0.980004
vt -0.031635 0.982880
vt -0.037630 1.016674
vt -0.047511 1.014509
vt -0.045980 0.979737
vt -0.034816 0.984401
vt -0.047696 1.014659
vt -0.056742 1.008350
vt -0.047948 0.975242
vt -0.037546 0.987425
vt -0.055990 1.012032
vt -0.063533 1.002094
vt -0.048497 0.972997
vt -0.039846 0.992456
vt -0.062244 1.009886
vt -0.067850 0.997060
vt -0.047984 0.973834
vt -0.041839 0.999396
vt -0.066590 1.008693
vt -0.070023 0.993863
vt -0.046823 0.977866
vt -0.043646 1.007492
vt -0.069266 1.008200
vt -0.070421 0.992345
vt -0.045322 0.984474
vt -0.045322 1.015525
vt -0.070421 1.007654
vt -0.069266 0.991799
vt -0.043646 0.992508
vt -0.046824 1.022133
vt -0.070023 1.006136
vt -0.066590 0.991306
vt -0.041839 1.000604
vt -0.047985 1.026165
vt -0.067850 1.002939
vt -0.062243 0.990113
vt -0.039846 1.007544
vt -0.048497 1.027002
vt -0.063533 0.997905
vt -0.055990 0.987967
vt -0.037547 1.012574
vt -0.047948 1.024757
vt -0.056742 0.991648
vt -0.047696 0.985340
vt -0.034816 1.015598
vt -0.045980 1.020262
vt -0.047510 0.985490
vt -0.037629 0.983325
vt -0.031635 1.017119
vt -0.042547 1.014737
vt -0.036552 0.980943
vt -0.026671 0.983108
vt -0.028202 1.017880
vt -0.038060 1.009205
vt -0.025180 0.978947
vt -0.016134 0.985255
vt -0.024928 1.018363
vt -0.033221 1.004093
vt -0.014777 0.979487
vt -0.007235 0.989425
vt -0.022271 1.018521
vt -0.028702 0.999329
vt -0.006304 0.981898
vt -0.000698 0.994725
vt -0.020563 1.017950
vt -0.024946 0.994745
vt -0.000195 0.985448
vt 0.003239 1.000277
vt -0.019961 1.016274
vt -0.022181 0.990394
vt 0.003440 0.989686
vt 0.004594 1.005540
vt -0.020505 1.013411
vt -0.020505 0.986588
vt 0.004594 0.994460
vt 0.003440 1.010314
vt -0.022181 1.009606
vt -0.019961 0.983726
vt 0.003239 0.999723
vt -0.000195 1.014552
vt -0.024946 1.005255
vt -0.020563 0.982049
vt -0.000698 1.005275
vt -0.006304 1.018102
vt -0.028702 1.000671
vt -0.022271 0.981478
vt -0.007235 1.010575
vt -0.014778 1.020513
vt -0.033221 0.995906
vt -0.024927 0.981636
vt -0.016134 1.014744
vt -0.025180 1.021053
vt -0.038059 0.990795
vt -0.028202 0.982119
vt -0.026672 1.016891
vt -0.036553 1.019056
vt -0.042547 0.985262
vt -0.033177 0.986096
vt -0.038564 1.017724
vt -0.043610 1.016648
vt -0.043074 0.983986
vt -0.035192 0.988250
vt -0.046071 1.016631
vt -0.050746 1.013482
vt -0.044361 0.982073
vt -0.037147 0.991370
vt -0.052655 1.014556
vt -0.056629 1.009560
vt -0.044943 0.981571
vt -0.038972 0.995446
vt -0.057944 1.011889
vt -0.060960 1.005398
vt -0.044887 0.982714
vt -0.040631 1.000277
vt -0.061746 1.008914
vt -0.063624 1.001374
vt -0.044315 0.985487
vt -0.042103 1.005451
vt -0.063983 1.005741
vt -0.064620 0.997661
vt -0.043352 0.989601
vt -0.043353 1.010399
vt -0.064620 1.002338
vt -0.063983 0.994258
vt -0.042103 0.994548
vt -0.044315 1.014512
vt -0.063624 0.998625
vt -0.061746 0.991085
vt -0.040631 0.999722
vt -0.044888 1.017286
vt -0.060960 0.994601
vt -0.057944 0.988110
vt -0.038972 1.004554
vt -0.044944 1.018429
vt -0.056629 0.990439
vt -0.052655 0.985443
vt -0.037148 1.008629
vt -0.044361 1.017926
vt -0.050746 0.986517
vt -0.046071 0.983368
vt -0.035192 1.011749
vt -0.043074 1.016014
vt -0.043610 0.983352
vt -0.038564 0.982276
vt -0.033177 1.013903
vt -0.041125 1.013070
vt -0.035738 0.981443
vt -0.030692 0.982519
vt -0.031228 1.015181
vt -0.038680 1.009487
vt -0.027800 0.981106
vt -0.023126 0.984255
vt -0.029511 1.015664
vt -0.035996 1.005570
vt -0.020488 0.982384
vt -0.016514 0.987379
vt -0.028200 1.015369
vt -0.033357 1.001528
vt -0.014385 0.985085
vt -0.011369 0.991576
vt -0.027441 1.014260
vt -0.031014 0.997528
vt -0.009899 0.988892
vt -0.008021 0.996432
vt -0.027330 1.012318
vt -0.029156 0.993750
vt -0.007276 0.993459
vt -0.006639 1.001540
vt -0.027906 1.009600
vt -0.027906 0.990400
vt -0.006639 0.998460
vt -0.007276 1.006541
vt -0.029156 1.006250
vt -0.027330 0.987681
vt -0.008021 1.003568
vt -0.009899 1.011108
vt -0.031014 1.002471
vt -0.027441 0.985740
vt -0.011369 1.008424
vt -0.014385 1.014915
vt -0.033357 0.998472
vt -0.028200 0.984631
vt -0.016514 1.012620
vt -0.020489 1.017616
vt -0.035996 0.994430
vt -0.029511 0.984335
vt -0.023126 1.015745
vt -0.027801 1.018894
vt -0.038680 0.990512
vt -0.031228 0.984819
vt -0.030693 1.017481
vt -0.035738 1.018556
vt -0.041125 0.986929
vt -0.034226 0.985814
vt -0.039334 1.016262
vt -0.039275 0.984749
vt -0.033554 0.987758
vt -0.043475 1.015062
vt -0.038256 0.984637
vt -0.033114 0.990559
vt -0.047158 1.012857
vt -0.037147 0.985595
vt -0.032941 0.994039
vt -0.050142 1.009814
vt -0.036032 0.987572
vt -0.033055 0.997964
vt -0.052238 1.006145
vt -0.034996 0.990434
vt -0.033455 1.002057
vt -0.053317 1.002091
vt -0.034116 0.993978
vt -0.034116 1.006021
vt -0.053317 0.997908
vt -0.033455 0.997942
vt -0.034997 1.009565
vt -0.052238 0.993854
vt -0.033055 1.002035
vt -0.036032 1.012428
vt -0.050142 0.990185
vt -0.032941 1.005960
vt -0.037147 1.014404
vt -0.047158 0.987142
vt -0.033114 1.009440
vt -0.038257 1.015363
vt -0.043474 0.984937
vt -0.033555 1.012241
vt -0.039275 1.015251
vt -0.039334 0.983737
vt -0.034226 1.014186
vt -0.040127 1.014095
vt -0.035019 0.983646
vt -0.035078 1.015159
vt -0.040753 1.011992
vt -0.030833 0.984688
vt -0.036051 1.015114
vt -0.041114 1.009100
vt -0.027070 0.986802
vt -0.037081 1.014064
vt -0.041196 1.005620
vt -0.023995 0.989846
vt -0.038105 1.012088
vt -0.041003 1.001787
vt -0.021821 0.993606
vt -0.039062 1.009316
vt -0.040558 0.997851
vt -0.020696 0.997817
vt -0.039897 1.005931
vt -0.039897 0.994069
vt -0.020696 1.002182
vt -0.040559 1.002148
vt -0.039062 0.990683
vt -0.021821 1.006394
vt -0.041003 0.998213
vt -0.038105 0.987912
vt -0.023995 1.010154
vt -0.041196 0.994379
vt -0.037081 0.985935
vt -0.027070 1.013198
vt -0.041114 0.990900
vt -0.036051 0.984886
vt -0.030833 1.015312
vt -0.040753 0.988007
vt -0.035078 0.984840
vt -0.035020 1.016353
vt -0.040127 0.985905
vt 0.366503 1.025852
vt 0.363839 1.041753
vt 0.215901 1.016965
vt 0.218565 1.001063
vt 0.365736 0.966286
vt 0.365736 0.982408
vt 0.215736 0.982408
vt 0.215736 0.966285
vt 0.365736 0.968926
vt 0.365736 0.985049
vt 0.215736 0.985048
vt 0.215736 0.968925
vt 0.365736 0.972720
vt 0.365736 0.988843
vt 0.215736 0.988843
vt 0.215736 0.972720
vt 0.365736 0.977479
vt 0.365736 0.993602
vt 0.215736 0.993601
vt 0.215736 0.977478
vt 0.365736 0.982962
vt 0.365736 0.999085
vt 0.215736 0.999085
vt 0.215736 0.982962
vt 0.365736 0.988896
vt 0.365736 1.005019
vt 0.215736 1.005019
vt 0.215736 0.988896
vt 0.365736 0.994982
vt 0.365736 1.011105
vt 0.215736 1.011105
vt 0.215736 0.994982
vt 0.365736 1.000916
vt 0.365736 1.017039
vt 0.215736 1.017039
vt 0.215736 1.000916
vt 0.365736 1.006400
vt 0.365736 1.022522
vt 0.215736 1.022522
vt 0.215736 1.006399
vt 0.365736 1.011158
vt 0.365736 1.027281
vt 0.215736 1.027281
vt 0.215736 1.011158
vt 0.365736 1.014953
vt 0.365736 1.031076
vt 0.215736 1.031076
vt 0.215736 1.014953
vt 0.365736 1.017594
vt 0.365736 1.033717
vt 0.215736 1.033717
vt 0.215736 1.017594
vt -0.363839 1.041753
vt -0.366503 1.025852
vt -0.218565 1.001063
vt -0.215901 1.016965
vt -0.363839 1.041753
vt -0.366503 1.025852
vt -0.218565 1.001063
vt -0.215901 1.016965
vt -0.365736 0.982408
vt -0.365736 0.966286
vt -0.215736 0.966285
vt -0.215736 0.982408
vt -0.365736 0.985049
vt -0.365736 0.968926
vt -0.215736 0.968925
vt -0.215736 0.985048
vt -0.365736 0.988843
vt -0.365736 0.972720
vt -0.215736 0.972720
vt -0.215736 0.988843
vt -0.365736 0.993602
vt -0.365736 0.977479
vt -0.215736 0.977478
vt -0.215736 0.993601
vt -0.365736 0.999085
vt -0.365736 0.982962
vt -0.215736 0.982962
vt -0.215736 0.999085
vt -0.365736 1.005019
vt -0.365736 0.988896
vt -0.215736 0.988896
vt -0.215736 1.005019
vt -0.365736 1.011105
vt -0.365736 0.994982
vt -0.215736 0.994982
vt -0.215736 1.011105
vt -0.365736 1.017039
vt -0.365736 1.000916
vt -0.215736 1.000916
vt -0.215736 1.017039
vt -0.365736 1.022522
vt -0.365736 1.006400
vt -0.215736 1.006399
vt -0.215736 1.022522
vt -0.365736 1.027281
vt -0.365736 1.011158
vt -0.215736 1.011158
vt -0.215736 1.027281
vt -0.365736 1.031076
vt -0.365736 1.014953
vt -0.215736 1.014953
vt -0.215736 1.031076
vt -0.365736 1.033717
vt -0.365736 1.017594
vt -0.215736 1.017594
vt -0.215736 1.033717
vt 0.366503 1.025852
vt 0.363839 1.041753
vt 0.215901 1.016965
vt 0.218565 1.001063
vt 0.043201 0.929805
vt 0.058419 0.935130
vt 0.072071 0.943708
vt 0.083471 0.955108
vt 0.092049 0.968760
vt 0.097374 0.983978
vt 0.099180 0.999999
vt 0.097375 1.016021
vt 0.092050 1.031239
vt 0.083472 1.044891
vt 0.072071 1.056291
vt 0.058420 1.064869
vt 0.043202 1.070194
vt 0.027180 1.072000
vt 0.011159 1.070195
vt -0.004059 1.064870
vt -0.017711 1.056292
vt -0.029112 1.044891
vt -0.037690 1.031240
vt -0.043015 1.016022
vt -0.044820 1.000000
vt -0.043015 0.983979
vt -0.037690 0.968761
vt -0.029113 0.955109
vt -0.017712 0.943708
vt -0.004060 0.935130
vt 0.011158 0.929805
vt 0.027179 0.928000
vt -0.027179 0.928000
vt -0.011158 0.929805
vt 0.004060 0.935130
vt 0.017712 0.943708
vt 0.029113 0.955109
vt 0.037690 0.968761
vt 0.043015 0.983979
vt 0.044820 1.000000
vt 0.043015 1.016022
vt 0.037690 1.031240
vt 0.029112 1.044891
vt 0.017711 1.056292
vt 0.004059 1.064870
vt -0.011159 1.070195
vt -0.027180 1.072000
vt -0.043202 1.070194
vt -0.058420 1.064869
vt -0.072071 1.056291
vt -0.083472 1.044891
vt -0.092050 1.031239
vt -0.097375 1.016021
vt -0.099180 0.999999
vt -0.097374 0.983978
vt -0.092049 0.968760
vt -0.083471 0.955108
vt -0.072071 0.943708
vt -0.058419 0.935130
vt -0.043201 0.929805
vt -0.012736 1.165000
vt -0.205236 1.165000
vt -0.285736 1.099000
vt -0.285736 0.901000
vt -0.205236 0.835000
vt -0.012736 0.835000
vt 0.064264 0.884500
vt 0.064264 1.115500
vt -0.045014 1.102795
vt -0.045014 0.897205
vt 0.023516 0.853150
vt 0.194841 0.853150
vt 0.266486 0.911890
vt 0.266486 1.088110
vt 0.194841 1.146850
vt 0.023516 1.146850
vt -0.157181 1.115499
vt -0.157179 0.884499
vt -0.107179 0.884499
vt -0.107181 1.115499
vt -0.121230 1.115499
vt -0.121228 0.884499
vt -0.100545 0.897204
vt -0.100547 1.102794
vt -0.157180 0.991598
vt -0.157178 0.900060
vt -0.107178 0.900060
vt -0.107180 0.991598
vt -0.107509 0.869257
vt -0.039778 0.807681
vt -0.025539 0.824453
vt -0.085820 0.879256
vt 0.038379 0.847047
vt 0.228265 0.878664
vt 0.220052 0.927985
vt 0.030167 0.896368
vt 0.012736 0.807540
vt 0.205236 0.807540
vt 0.194841 0.827445
vt 0.023516 0.827445
vt 0.157180 1.054096
vt 0.157182 1.158194
vt 0.107182 1.158194
vt 0.107180 1.054097
vt 0.230724 0.872449
vt 0.298711 0.951278
vt 0.277099 0.959377
vt 0.216590 0.889219
vt 0.157179 0.900999
vt 0.157180 1.098999
vt 0.107180 1.098999
vt 0.107179 0.900999
vt 0.277833 0.900999
vt 0.277834 1.098999
vt 0.257151 1.088109
vt 0.257150 0.911889
vt 0.157178 0.841802
vt 0.157179 0.945900
vt 0.107179 0.945900
vt 0.107178 0.841803
vt 0.298711 1.048720
vt 0.230725 1.127550
vt 0.216591 1.110779
vt 0.277099 1.040621
vt -0.228265 0.878664
vt -0.038379 0.847047
vt -0.030167 0.896368
vt -0.220052 0.927985
vt 0.205236 1.192460
vt 0.012736 1.192460
vt 0.023516 1.172555
vt 0.194841 1.172555
vt -0.157181 1.099936
vt -0.157180 1.008398
vt -0.107180 1.008398
vt -0.107181 1.099937
vt -0.039780 1.192319
vt -0.107511 1.130741
vt -0.085821 1.120743
vt -0.025541 1.175547
vt -0.012736 1.175000
vt -0.205236 1.175000
vt -0.285736 1.105000
vt -0.285736 0.895000
vt -0.205236 0.825000
vt -0.012736 0.825000
vt 0.064264 0.877500
vt 0.064264 1.122500
vt -0.045014 1.109025
vt -0.045014 0.890975
vt 0.023516 0.844250
vt 0.194841 0.844250
vt 0.266486 0.906550
vt 0.266486 1.093450
vt 0.194841 1.155750
vt 0.023516 1.155750
vt 0.042819 1.122500
vt 0.042821 0.877500
vt 0.111821 0.877501
vt 0.111819 1.122501
vt 0.033627 1.122500
vt 0.033628 0.877500
vt 0.055018 0.890975
vt 0.055017 1.109025
vt 0.042821 0.984088
vt 0.042822 0.890894
vt 0.111822 0.890895
vt 0.111821 0.984089
vt -0.001108 0.975927
vt 0.065980 0.911239
vt 0.080771 0.929370
vt 0.021063 0.986942
vt 0.005530 1.044331
vt 0.195416 1.075948
vt 0.184083 1.144011
vt -0.005803 1.112394
vt 0.012736 0.955325
vt 0.205236 0.955326
vt 0.194841 0.976716
vt 0.023516 0.976715
vt -0.042820 1.040041
vt -0.042819 1.146720
vt -0.111819 1.146721
vt -0.111820 1.040042
vt 0.110246 0.961959
vt 0.177551 1.044726
vt 0.155421 1.053766
vt 0.095521 0.980104
vt -0.042821 0.895000
vt -0.042820 1.105000
vt -0.111820 1.105001
vt -0.111821 0.895001
vt 0.122976 0.894999
vt 0.122977 1.104999
vt 0.101587 1.093450
vt 0.101587 0.906550
vt -0.042822 0.853281
vt -0.042821 0.959960
vt -0.111821 0.959960
vt -0.111822 0.853282
vt 0.177550 0.955273
vt 0.110247 1.038040
vt 0.095521 1.019896
vt 0.155421 0.946232
vt -0.195416 1.075948
vt -0.005530 1.044331
vt 0.005803 1.112394
vt -0.184083 1.144011
vt 0.205236 1.044675
vt 0.012736 1.044675
vt 0.023516 1.023285
vt 0.194841 1.023285
vt 0.042819 1.109107
vt 0.042820 1.015913
vt 0.111820 1.015914
vt 0.111819 1.109108
vt 0.065979 1.088762
vt -0.001108 1.024073
vt 0.021063 1.013058
vt 0.080770 1.070631
vt -0.128736 1.171000
vt -0.211236 1.171000
vt -0.245736 1.139000
vt -0.245736 1.043000
vt -0.211236 1.011000
vt -0.128736 1.011000
vt -0.095736 1.035000
vt -0.095736 1.147000
vt 0.103986 1.140840
vt 0.103986 1.041160
vt 0.133356 1.019800
vt 0.206781 1.019800
vt 0.237486 1.048280
vt 0.237486 1.133720
vt 0.206781 1.162200
vt 0.133356 1.162200
vt 0.117819 1.147001
vt 0.117820 1.035001
vt 0.140820 1.035001
vt 0.140819 1.147001
vt 0.167270 1.147001
vt 0.167270 1.035001
vt 0.178054 1.041161
vt 0.178053 1.140841
vt 0.117821 0.943162
vt 0.117822 0.902358
vt 0.140822 0.902358
vt 0.140821 0.943163
vt 0.153913 1.070371
vt 0.182358 1.041115
vt 0.189889 1.050445
vt 0.164573 1.076483
vt 0.107636 1.137364
vt 0.189016 1.150915
vt 0.185238 1.173602
vt 0.103859 1.160052
vt 0.128736 1.107353
vt 0.211236 1.107354
vt 0.206781 1.118526
vt 0.133356 1.118526
vt -0.117818 1.162354
vt -0.117818 1.209410
vt -0.140818 1.209410
vt -0.140818 1.162354
vt 0.095485 1.131357
vt 0.124014 1.168779
vt 0.113256 1.173889
vt 0.087865 1.140584
vt -0.117820 1.043001
vt -0.117819 1.139001
vt -0.140819 1.139001
vt -0.140820 1.043001
vt 0.074187 1.043000
vt 0.074187 1.139000
vt 0.063404 1.133720
vt 0.063403 1.048280
vt -0.117821 0.914361
vt -0.117821 0.961416
vt -0.140821 0.961417
vt -0.140821 0.914361
vt 0.124013 0.986852
vt 0.095485 1.024274
vt 0.087865 1.015047
vt 0.113255 0.981742
vt -0.189016 1.150915
vt -0.107636 1.137364
vt -0.103859 1.160052
vt -0.185238 1.173602
vt 0.211236 1.021341
vt 0.128736 1.021340
vt 0.133356 1.010168
vt 0.206781 1.010168
vt 0.117818 1.204692
vt 0.117818 1.163888
vt 0.140818 1.163888
vt 0.140818 1.204693
vt 0.182357 1.108191
vt 0.153913 1.078935
vt 0.164573 1.072823
vt 0.189889 1.098861
vt -0.292052 0.882188
vt -0.250334 1.132739
vt -0.274008 1.136681
vt -0.315726 0.886130
vt 0.315726 0.886130
vt 0.274008 1.136681
vt 0.250334 1.132739
vt 0.292052 0.882188
vt -0.268736 1.157000
vt -0.292736 1.157000
vt -0.292736 1.123000
vt -0.268736 1.123000
vt 0.268736 1.123000
vt 0.292736 1.123000
vt 0.292736 1.157000
vt 0.268736 1.157000
vt -0.164181 1.156999
vt -0.164181 1.122999
vt 0.089819 1.123001
vt 0.089819 1.157001
vt -0.089819 1.157001
vt -0.089819 1.123001
vt 0.164181 1.122999
vt 0.164181 1.156999
vt -0.311775 1.156999
vt -0.311775 1.122999
vt -0.300461 1.122999
vt -0.300461 1.156999
vt -0.096559 1.157001
vt -0.096559 1.123001
vt -0.085245 1.123001
vt -0.085245 1.157001
vt 0.247880 1.157002
vt 0.247880 1.123002
vt 0.259194 1.123002
vt 0.259193 1.157002
vt 0.137827 1.156999
vt 0.137827 1.122999
vt 0.149140 1.122999
vt 0.149141 1.156999
vt -0.164183 1.295382
vt 0.089817 1.295385
vt 0.089817 1.306699
vt -0.164183 1.306696
vt -0.164178 0.891290
vt 0.089822 0.891293
vt 0.089821 0.902607
vt -0.164179 0.902604
vt 0.164179 0.909675
vt -0.089821 0.909678
vt -0.089821 0.898364
vt 0.164179 0.898362
vt 0.164183 1.299625
vt -0.089817 1.299628
vt -0.089817 1.288314
vt 0.164183 1.288311
vt -0.268736 1.000581
vt -0.292736 1.000581
vt -0.292736 0.989267
vt -0.268736 0.989267
vt 0.268736 1.041847
vt 0.292736 1.041847
vt 0.292736 1.053161
vt 0.268736 1.053161
vt -0.268736 1.208724
vt -0.292736 1.208724
vt -0.292736 1.197410
vt -0.268736 1.197410
vt 0.268736 1.144830
vt 0.292736 1.144830
vt 0.292736 1.156144
vt 0.268736 1.156144
vt -0.306119 1.177405
vt -0.311775 1.167607
vt -0.300462 1.167607
vt -0.096560 0.938390
vt -0.085247 0.938390
vt -0.090903 0.948188
vt 0.247879 1.197968
vt 0.259193 1.197968
vt 0.253536 1.207766
vt 0.143483 0.978543
vt 0.137826 0.968745
vt 0.149140 0.968745
vt -0.300461 1.061008
vt -0.311775 1.061008
vt -0.306118 1.051210
vt -0.090901 1.280433
vt -0.085244 1.290231
vt -0.096558 1.290231
vt 0.253537 1.020857
vt 0.259194 1.030655
vt 0.247881 1.030655
vt 0.149141 1.259872
vt 0.137828 1.259872
vt 0.143484 1.250074
vt 0.126384 1.156767
vt 0.123027 1.156236
vt 0.123731 1.151791
vt 0.127088 1.152323
vt 0.135070 0.993574
vt 0.135070 0.996974
vt 0.130570 0.996974
vt 0.130570 0.993574
vt 0.135069 1.138301
vt 0.135069 1.141701
vt 0.130569 1.141701
vt 0.130569 1.138301
vt 0.135068 1.229554
vt 0.135068 1.232953
vt 0.130568 1.232953
vt 0.130568 1.229554
vt -0.208487 1.169768
vt -0.211845 1.170300
vt -0.212549 1.165855
vt -0.209191 1.165323
vt -0.123027 1.156236
vt -0.126384 1.156767
vt -0.127088 1.152323
vt -0.123731 1.151791
vt -0.135070 0.996974
vt -0.135070 0.993575
vt -0.130570 0.993574
vt -0.130570 0.996974
vt -0.135069 1.141701
vt -0.135069 1.138301
vt -0.130569 1.138301
vt -0.130569 1.141701
vt -0.135068 1.232953
vt -0.135068 1.229554
vt -0.130568 1.229554
vt -0.130568 1.232953
vt 0.211845 1.170300
vt 0.208487 1.169768
vt 0.209191 1.165323
vt 0.212549 1.165855
vt 0.203969 1.135551
vt 0.205967 1.138301
vt 0.205967 1.141700
vt 0.203969 1.144450
vt 0.200736 1.145500
vt 0.197503 1.144450
vt 0.195505 1.141700
vt 0.195505 1.138301
vt 0.197503 1.135551
vt 0.200736 1.134500
vt -0.200736 1.134500
vt -0.197503 1.135551
vt -0.195505 1.138301
vt -0.195505 1.141700
vt -0.197503 1.144450
vt -0.200736 1.145500
vt -0.203969 1.144450
vt -0.205967 1.141700
vt -0.205967 1.138301
vt -0.203969 1.135551
vt -0.175258 1.165959
vt -0.175094 1.166946
vt -0.176278 1.167143
vt -0.176442 1.166156
vt 0.176442 1.166156
vt 0.176278 1.167143
vt 0.175094 1.166946
vt 0.175258 1.165959
vt -0.200136 1.142750
vt -0.201336 1.142750
vt -0.201336 1.137250
vt -0.200136 1.137250
vt 0.200136 1.137250
vt 0.201336 1.137250
vt 0.201336 1.142750
vt 0.200136 1.142750
vt 0.134919 1.142751
vt 0.134919 1.137251
vt 0.135919 1.137251
vt 0.135919 1.142751
vt -0.135919 1.142751
vt -0.135919 1.137251
vt -0.134919 1.137251
vt -0.134919 1.142751
vt -0.036595 1.130958
vt -0.039952 1.130427
vt -0.039248 1.125982
vt -0.035891 1.126514
vt 0.135070 1.083195
vt 0.135070 1.086595
vt 0.130570 1.086595
vt 0.130570 1.083195
vt 0.135069 1.118301
vt 0.135069 1.121701
vt 0.130569 1.121701
vt 0.130569 1.118301
vt 0.135069 1.107572
vt 0.135069 1.110971
vt 0.130569 1.110971
vt 0.130569 1.107572
vt -0.033300 1.142026
vt -0.036657 1.142558
vt -0.037361 1.138113
vt -0.034004 1.137582
vt 0.039952 1.130427
vt 0.036595 1.130958
vt 0.035891 1.126514
vt 0.039248 1.125982
vt -0.135070 1.086595
vt -0.135070 1.083195
vt -0.130570 1.083195
vt -0.130570 1.086595
vt -0.135069 1.121701
vt -0.135069 1.118301
vt -0.130569 1.118301
vt -0.130569 1.121701
vt -0.135069 1.110971
vt -0.135069 1.107572
vt -0.130569 1.107572
vt -0.130569 1.110971
vt 0.036657 1.142558
vt 0.033300 1.142026
vt 0.034004 1.137582
vt 0.037361 1.138113
vt 0.023969 1.115550
vt 0.025967 1.118300
vt 0.025967 1.121700
vt 0.023969 1.124450
vt 0.020736 1.125500
vt 0.017503 1.124450
vt 0.015505 1.121700
vt 0.015505 1.118300
vt 0.017503 1.115550
vt 0.020736 1.114500
vt -0.020736 1.114500
vt -0.017503 1.115550
vt -0.015505 1.118300
vt -0.015505 1.121700
vt -0.017503 1.124450
vt -0.020736 1.125500
vt -0.023969 1.124450
vt -0.025967 1.121700
vt -0.025967 1.118300
vt -0.023969 1.115550
vt 0.002297 1.136395
vt 0.002462 1.137382
vt 0.001278 1.137579
vt 0.001114 1.136592
vt -0.001114 1.136592
vt -0.001278 1.137579
vt -0.002462 1.137382
vt -0.002297 1.136395
vt -0.020136 1.122750
vt -0.021336 1.122750
vt -0.021336 1.117250
vt -0.020136 1.117250
vt 0.020136 1.117250
vt 0.021336 1.117250
vt 0.021336 1.122750
vt 0.020136 1.122750
vt 0.134919 1.122751
vt 0.134919 1.117251
vt 0.135919 1.117251
vt 0.135919 1.122751
vt -0.135919 1.122751
vt -0.135919 1.117251
vt -0.134919 1.117251
vt -0.134919 1.122751
vt -0.128736 0.989000
vt -0.211236 0.989000
vt -0.245736 0.957000
vt -0.245736 0.861000
vt -0.211236 0.829000
vt -0.128736 0.829000
vt -0.095736 0.853000
vt -0.095736 0.965000
vt 0.103986 0.958840
vt 0.103986 0.859160
vt 0.133356 0.837800
vt 0.206781 0.837800
vt 0.237486 0.866280
vt 0.237486 0.951720
vt 0.206781 0.980200
vt 0.133356 0.980200
vt 0.117821 0.965001
vt 0.117821 0.853001
vt 0.140821 0.853001
vt 0.140821 0.965001
vt 0.167271 0.965001
vt 0.167272 0.853001
vt 0.178055 0.859161
vt 0.178054 0.958841
vt 0.117822 0.836115
vt 0.117823 0.795311
vt 0.140823 0.795311
vt 0.140822 0.836115
vt 0.153914 0.921067
vt 0.182359 0.891811
vt 0.189890 0.901141
vt 0.164574 0.927179
vt 0.107636 1.137364
vt 0.189016 1.150915
vt 0.185238 1.173602
vt 0.103859 1.160052
vt 0.128736 0.978660
vt 0.211236 0.978660
vt 0.206781 0.989832
vt 0.133356 0.989832
vt -0.117820 1.038586
vt -0.117819 1.085642
vt -0.140819 1.085642
vt -0.140820 1.038586
vt 0.095485 0.975725
vt 0.124013 1.013147
vt 0.113255 1.018257
vt 0.087865 0.984952
vt -0.117821 0.861001
vt -0.117821 0.957001
vt -0.140821 0.957001
vt -0.140821 0.861001
vt 0.074186 0.861000
vt 0.074186 0.957000
vt 0.063403 0.951720
vt 0.063403 0.866280
vt -0.117823 0.790593
vt -0.117822 0.837649
vt -0.140822 0.837649
vt -0.140823 0.790593
vt 0.124013 0.831221
vt 0.095484 0.868642
vt 0.087864 0.859415
vt 0.113254 0.826110
vt -0.189016 1.150915
vt -0.107636 1.137364
vt -0.103859 1.160052
vt -0.185238 1.173602
vt 0.211236 0.892647
vt 0.128736 0.892647
vt 0.133356 0.881475
vt 0.206781 0.881475
vt 0.117819 1.097645
vt 0.117820 1.056841
vt 0.140820 1.056841
vt 0.140819 1.097645
vt 0.182358 0.958887
vt 0.153914 0.929631
vt 0.164574 0.923519
vt 0.189889 0.949557
vt -0.292052 0.882188
vt -0.250334 1.132739
vt -0.274008 1.136681
vt -0.315726 0.886130
vt 0.315726 0.886130
vt 0.274008 1.136681
vt 0.250334 1.132739
vt 0.292052 0.882188
vt -0.268736 0.877000
vt -0.292736 0.877000
vt -0.292736 0.843000
vt -0.268736 0.843000
vt 0.268736 0.843000
vt 0.292736 0.843000
vt 0.292736 0.877000
vt 0.268736 0.877000
vt -0.164179 0.876999
vt -0.164178 0.842999
vt 0.089822 0.843001
vt 0.089821 0.877001
vt -0.089821 0.877001
vt -0.089822 0.843001
vt 0.164178 0.842999
vt 0.164179 0.876999
vt -0.311774 0.876999
vt -0.311774 0.842999
vt -0.300460 0.842999
vt -0.300460 0.876999
vt -0.096561 0.877001
vt -0.096561 0.843001
vt -0.085247 0.843001
vt -0.085247 0.877001
vt 0.247882 0.877002
vt 0.247882 0.843002
vt 0.259195 0.843002
vt 0.259195 0.877002
vt 0.137826 0.876999
vt 0.137825 0.842999
vt 0.149139 0.842999
vt 0.149139 0.876999
vt -0.164181 1.097392
vt 0.089819 1.097395
vt 0.089819 1.108709
vt -0.164181 1.108706
vt -0.164176 0.693301
vt 0.089824 0.693303
vt 0.089824 0.704617
vt -0.164176 0.704614
vt 0.164177 0.711685
vt -0.089823 0.711688
vt -0.089824 0.700374
vt 0.164176 0.700372
vt 0.164181 1.101635
vt -0.089819 1.101638
vt -0.089819 1.090324
vt 0.164181 1.090321
vt -0.268736 0.802591
vt -0.292736 0.802591
vt -0.292736 0.791277
vt -0.268736 0.791277
vt 0.268736 0.843857
vt 0.292736 0.843857
vt 0.292736 0.855171
vt 0.268736 0.855171
vt -0.268736 1.010734
vt -0.292736 1.010734
vt -0.292736 0.999420
vt -0.268736 0.999420
vt 0.268736 0.946840
vt 0.292736 0.946840
vt 0.292736 0.958154
vt 0.268736 0.958154
vt -0.306117 0.948786
vt -0.311774 0.938988
vt -0.300460 0.938988
vt -0.096562 0.709771
vt -0.085248 0.709771
vt -0.090905 0.719569
vt 0.247881 0.969349
vt 0.259195 0.969349
vt 0.253538 0.979147
vt 0.143482 0.749924
vt 0.137825 0.740126
vt 0.149138 0.740126
vt -0.300460 0.832389
vt -0.311774 0.832389
vt -0.306117 0.822591
vt -0.090903 1.051814
vt -0.085246 1.061612
vt -0.096559 1.061612
vt 0.253539 0.792238
vt 0.259196 0.802036
vt 0.247882 0.802036
vt 0.149140 1.031253
vt 0.137826 1.031253
vt 0.143483 1.021455
vt 0.211844 1.170301
vt 0.208487 1.169769
vt 0.209190 1.165324
vt 0.212548 1.165856
vt 0.135073 0.767050
vt 0.135073 0.770449
vt 0.130573 0.770449
vt 0.130573 0.767050
vt 0.135071 0.858301
vt 0.135071 0.861701
vt 0.130571 0.861701
vt 0.130571 0.858301
vt 0.135070 1.003029
vt 0.135070 1.006428
vt 0.130570 1.006428
vt 0.130570 1.003029
vt -0.123028 1.156235
vt -0.126385 1.156767
vt -0.127089 1.152322
vt -0.123731 1.151790
vt -0.208487 1.169769
vt -0.211844 1.170301
vt -0.212548 1.165856
vt -0.209190 1.165324
vt -0.135073 0.770449
vt -0.135073 0.767050
vt -0.130573 0.767050
vt -0.130573 0.770449
vt -0.135071 0.861701
vt -0.135071 0.858301
vt -0.130571 0.858301
vt -0.130571 0.861701
vt -0.135070 1.006428
vt -0.135070 1.003029
vt -0.130570 1.003029
vt -0.130570 1.006428
vt 0.126385 1.156767
vt 0.123028 1.156235
vt 0.123731 1.151790
vt 0.127089 1.152322
vt 0.203969 0.855551
vt 0.205967 0.858301
vt 0.205967 0.861700
vt 0.203969 0.864450
vt 0.200736 0.865500
vt 0.197503 0.864450
vt 0.195505 0.861700
vt 0.195505 0.858301
vt 0.197503 0.855551
vt 0.200736 0.854500
vt -0.200736 0.854500
vt -0.197503 0.855551
vt -0.195505 0.858301
vt -0.195505 0.861700
vt -0.197503 0.864450
vt -0.200736 0.865500
vt -0.203969 0.864450
vt -0.205967 0.861700
vt -0.205967 0.858301
vt -0.203969 0.855551
vt -0.175258 1.165959
vt -0.175094 1.166946
vt -0.176278 1.167143
vt -0.176442 1.166156
vt 0.176442 1.166156
vt 0.176278 1.167143
vt 0.175094 1.166946
vt 0.175258 1.165959
vt -0.200136 0.862750
vt -0.201336 0.862750
vt -0.201336 0.857250
vt -0.200136 0.857250
vt 0.200136 0.857250
vt 0.201336 0.857250
vt 0.201336 0.862750
vt 0.200136 0.862750
vt 0.134921 0.862751
vt 0.134921 0.857251
vt 0.135921 0.857251
vt 0.135921 0.862751
vt -0.135921 0.862751
vt -0.135921 0.857251
vt -0.134921 0.857251
vt -0.134921 0.862751
vt 0.036656 1.142558
vt 0.033299 1.142027
vt 0.034003 1.137582
vt 0.037360 1.138114
vt 0.135071 0.889031
vt 0.135071 0.892431
vt 0.130571 0.892430
vt 0.130571 0.889031
vt 0.135071 0.878301
vt 0.135071 0.881701
vt 0.130571 0.881701
vt 0.130571 0.878301
vt 0.135071 0.913408
vt 0.135071 0.916807
vt 0.130571 0.916807
vt 0.130571 0.913408
vt 0.039952 1.130427
vt 0.036594 1.130959
vt 0.035890 1.126514
vt 0.039248 1.125982
vt -0.033299 1.142027
vt -0.036656 1.142558
vt -0.037360 1.138114
vt -0.034003 1.137582
vt -0.135071 0.892431
vt -0.135071 0.889031
vt -0.130571 0.889031
vt -0.130571 0.892430
vt -0.135071 0.881701
vt -0.135071 0.878301
vt -0.130571 0.878301
vt -0.130571 0.881701
vt -0.135071 0.916807
vt -0.135071 0.913408
vt -0.130571 0.913408
vt -0.130571 0.916807
vt -0.036594 1.130959
vt -0.039952 1.130427
vt -0.039248 1.125982
vt -0.035890 1.126514
vt 0.023969 0.875550
vt 0.025967 0.878300
vt 0.025967 0.881700
vt 0.023969 0.884450
vt 0.020736 0.885500
vt 0.017503 0.884450
vt 0.015505 0.881700
vt 0.015505 0.878300
vt 0.017503 0.875550
vt 0.020736 0.874500
vt -0.020736 0.874500
vt -0.017503 0.875550
vt -0.015505 0.878300
vt -0.015505 0.881700
vt -0.017503 0.884450
vt -0.020736 0.885500
vt -0.023969 0.884450
vt -0.025967 0.881700
vt -0.025967 0.878300
vt -0.023969 0.875550
vt 0.002297 1.136395
vt 0.002462 1.137382
vt 0.001278 1.137579
vt 0.001114 1.136592
vt -0.001114 1.136592
vt -0.001278 1.137579
vt -0.002462 1.137382
vt -0.002297 1.136395
vt -0.020136 0.882750
vt -0.021336 0.882750
vt -0.021336 0.877250
vt -0.020136 0.877250
vt 0.020136 0.877250
vt 0.021336 0.877250
vt 0.021336 0.882750
vt 0.020136 0.882750
vt 0.134921 0.882751
vt 0.134921 0.877251
vt 0.135921 0.877251
vt 0.135921 0.882751
vt -0.135921 0.882751
vt -0.135921 0.877251
vt -0.134921 0.877251
vt -0.134921 0.882751
vt -0.310736 1.130000
vt -0.360736 1.100001
vt -0.360736 0.900000
vt -0.310736 0.870000
vt -0.270736 0.900000
vt -0.270736 1.100000
vt 0.275136 1.089000
vt 0.275136 0.911000
vt 0.310736 0.884300
vt 0.355236 0.911000
vt 0.355236 1.089000
vt 0.310736 1.115700
vt 0.062820 1.100001
vt 0.062821 0.900000
vt 0.114821 0.900001
vt 0.114820 1.100001
vt 0.272629 1.100002
vt 0.272630 0.900002
vt 0.281398 0.911002
vt 0.281397 1.089002
vt 0.062824 0.723412
vt 0.062825 0.673412
vt 0.114825 0.673413
vt 0.114824 0.723413
vt 0.291229 0.894440
vt 0.325529 0.858060
vt 0.329645 0.873733
vt 0.299118 0.906111
vt -0.062817 1.199570
vt -0.062816 1.257880
vt -0.114816 1.257881
vt -0.114817 1.199571
vt 0.223780 1.044727
vt 0.268241 1.082453
vt 0.259691 1.093988
vt 0.220121 1.060412
vt -0.062821 0.900000
vt -0.062820 1.100001
vt -0.114820 1.100001
vt -0.114821 0.900001
vt 0.173888 0.899999
vt 0.173889 1.099999
vt 0.164343 1.088999
vt 0.164342 0.910999
vt -0.062824 0.742122
vt -0.062823 0.800431
vt -0.114823 0.800432
vt -0.114824 0.742123
vt 0.268241 0.917546
vt 0.223780 0.955272
vt 0.220120 0.939587
vt 0.259690 0.906011
vt 0.062816 1.326590
vt 0.062817 1.276590
vt 0.114817 1.276590
vt 0.114816 1.326590
vt 0.325528 1.141944
vt 0.291228 1.105564
vt 0.299117 1.093893
vt 0.329644 1.126271
vt 0.116064 1.135000
vt 0.083064 1.135000
vt 0.069264 1.081000
vt 0.069264 0.919000
vt 0.083064 0.865000
vt 0.116064 0.865000
vt 0.129264 0.905500
vt 0.129264 1.094500
vt -0.125964 1.084105
vt -0.125964 0.915895
vt -0.114216 0.879850
vt -0.084846 0.879850
vt -0.072564 0.927910
vt -0.072564 1.072090
vt -0.084846 1.120150
vt -0.114216 1.120150
vt 0.057820 1.094500
vt 0.057821 0.905500
vt 0.103321 0.905501
vt 0.103320 1.094501
vt -0.018346 1.094500
vt -0.018344 0.905500
vt -0.012829 0.915895
vt -0.012830 1.084105
vt 0.057821 0.950209
vt 0.057821 0.907612
vt 0.103321 0.907612
vt 0.103321 0.950209
vt -0.022487 0.943720
vt -0.012921 0.902212
vt -0.008481 0.917136
vt -0.016995 0.954079
vt -0.123984 1.037972
vt -0.091433 1.043392
vt -0.098906 1.088274
vt -0.131458 1.082854
vt -0.116064 0.977599
vt -0.083064 0.977599
vt -0.084846 0.991281
vt -0.114216 0.991281
vt -0.057822 0.848637
vt -0.057821 0.904373
vt -0.103321 0.904373
vt -0.103322 0.848638
vt -0.131551 0.869958
vt -0.121640 0.924805
vt -0.127141 0.933741
vt -0.135962 0.884927
vt -0.057821 0.919000
vt -0.057820 1.081000
vt -0.103320 1.081001
vt -0.103321 0.919001
vt -0.122036 0.919001
vt -0.122035 1.081001
vt -0.127551 1.072091
vt -0.127551 0.927911
vt -0.057820 1.095628
vt -0.057819 1.151363
vt -0.103319 1.151364
vt -0.103320 1.095628
vt -0.121639 1.075196
vt -0.131550 1.130043
vt -0.135961 1.115074
vt -0.127141 1.066260
vt 0.091433 1.043392
vt 0.123984 1.037972
vt 0.131458 1.082854
vt 0.098906 1.088274
vt -0.083064 1.022401
vt -0.116064 1.022401
vt -0.114216 1.008718
vt -0.084846 1.008718
vt 0.057820 1.092389
vt 0.057820 1.049792
vt 0.103320 1.049792
vt 0.103320 1.092389
vt -0.012922 1.097788
vt -0.022488 1.056279
vt -0.016996 1.045921
vt -0.008482 1.082863
vt 0.156064 1.120000
vt 0.123064 1.120000
vt 0.109264 1.072000
vt 0.109264 0.928000
vt 0.123064 0.880000
vt 0.156064 0.880000
vt 0.169264 0.916000
vt 0.169264 1.084000
vt -0.165964 1.074760
vt -0.165964 0.925240
vt -0.154216 0.893200
vt -0.124846 0.893200
vt -0.112564 0.935920
vt -0.112564 1.064080
vt -0.124846 1.106800
vt -0.154216 1.106800
vt 0.057820 1.084000
vt 0.057821 0.916000
vt 0.103321 0.916001
vt 0.103320 1.084001
vt -0.046630 1.084000
vt -0.046629 0.916000
vt -0.041113 0.925240
vt -0.041114 1.074760
vt 0.057820 0.979405
vt 0.057821 0.941061
vt 0.103321 0.941061
vt 0.103321 0.979405
vt -0.052679 0.965065
vt -0.043056 0.927948
vt -0.038628 0.941242
vt -0.047193 0.974276
vt -0.163441 1.031403
vt -0.130889 1.036823
vt -0.138363 1.081705
vt -0.170914 1.076285
vt -0.156064 0.988205
vt -0.123064 0.988205
vt -0.124846 1.000721
vt -0.154216 1.000721
vt -0.057822 0.850669
vt -0.057821 0.900613
vt -0.103321 0.900613
vt -0.103322 0.850669
vt -0.160324 0.880207
vt -0.150374 0.929150
vt -0.155871 0.937105
vt -0.164727 0.893545
vt -0.057821 0.928000
vt -0.057820 1.072001
vt -0.103320 1.072001
vt -0.103321 0.928001
vt -0.150320 0.928001
vt -0.150320 1.072001
vt -0.155835 1.064081
vt -0.155836 0.935921
vt -0.057820 1.099388
vt -0.057819 1.149332
vt -0.103319 1.149333
vt -0.103320 1.099388
vt -0.150373 1.070851
vt -0.160323 1.119794
vt -0.164726 1.106456
vt -0.155871 1.062897
vt 0.130889 1.036823
vt 0.163441 1.031403
vt 0.170914 1.076285
vt 0.138363 1.081705
vt -0.123064 1.011794
vt -0.156064 1.011794
vt -0.154216 0.999278
vt -0.124846 0.999278
vt 0.057820 1.058940
vt 0.057820 1.020596
vt 0.103320 1.020597
vt 0.103320 1.058940
vt -0.043057 1.072051
vt -0.052680 1.034935
vt -0.047194 1.025724
vt -0.038629 1.058758
vt 0.196064 1.105000
vt 0.163064 1.105000
vt 0.149264 1.063000
vt 0.149264 0.937000
vt 0.163064 0.895000
vt 0.196064 0.895000
vt 0.209264 0.926500
vt 0.209264 1.073500
vt -0.205964 1.065415
vt -0.205964 0.934585
vt -0.194216 0.906550
vt -0.164846 0.906550
vt -0.152564 0.943930
vt -0.152564 1.056070
vt -0.164846 1.093450
vt -0.194216 1.093450
vt 0.057820 1.073500
vt 0.057821 0.926500
vt 0.103321 0.926501
vt 0.103320 1.073501
vt -0.074914 1.073500
vt -0.074913 0.926500
vt -0.069398 0.934585
vt -0.069398 1.065415
vt 0.057820 1.013089
vt 0.057821 0.978935
vt 0.103321 0.978936
vt 0.103320 1.013090
vt -0.083780 0.988826
vt -0.074076 0.956079
vt -0.069667 0.967751
vt -0.078303 0.996896
vt -0.202898 1.024833
vt -0.170346 1.030253
vt -0.177819 1.075135
vt -0.210371 1.069715
vt -0.196064 0.998812
vt -0.163064 0.998812
vt -0.164846 1.010161
vt -0.194216 1.010161
vt -0.057822 0.849346
vt -0.057821 0.893555
vt -0.103321 0.893556
vt -0.103322 0.849347
vt -0.189383 0.889334
vt -0.179378 0.932396
vt -0.184870 0.939374
vt -0.193774 0.901048
vt -0.057821 0.937000
vt -0.057820 1.063000
vt -0.103320 1.063001
vt -0.103321 0.937001
vt -0.178604 0.937001
vt -0.178604 1.063001
vt -0.184119 1.056071
vt -0.184120 0.943931
vt -0.057819 1.106446
vt -0.057819 1.150655
vt -0.103319 1.150655
vt -0.103319 1.106446
vt -0.179377 1.067605
vt -0.189382 1.110668
vt -0.193773 1.098953
vt -0.184869 1.060628
vt 0.170346 1.030253
vt 0.202898 1.024833
vt 0.210371 1.069715
vt 0.177819 1.075135
vt -0.163064 1.001187
vt -0.196064 1.001187
vt -0.194216 0.989838
vt -0.164846 0.989838
vt 0.057820 1.021066
vt 0.057820 0.986912
vt 0.103320 0.986912
vt 0.103320 1.021066
vt -0.074077 1.043920
vt -0.083780 1.011173
vt -0.078303 1.003103
vt -0.069667 1.032248
vt 0.060960 1.105744
vt 0.067037 1.142242
vt -0.018782 1.156531
vt -0.024859 1.120033
vt 0.024859 1.120033
vt 0.018782 1.156531
vt -0.067037 1.142242
vt -0.060960 1.105744
vt 0.042764 1.058500
vt -0.044236 1.058500
vt -0.044236 1.021500
vt 0.042764 1.021500
vt -0.042764 1.021500
vt 0.044236 1.021500
vt 0.044236 1.058500
vt -0.042764 1.058500
vt 0.114320 1.058501
vt 0.114320 1.021501
vt 0.151320 1.021501
vt 0.151320 1.058501
vt -0.151320 1.058501
vt -0.151320 1.021501
vt -0.114320 1.021501
vt -0.114320 1.058501
vt 0.106479 1.058501
vt 0.106479 1.021500
vt 0.115671 1.021501
vt 0.115671 1.058501
vt -0.116712 1.058501
vt -0.116712 1.021501
vt -0.107520 1.021501
vt -0.107520 1.058501
vt 0.072164 1.058500
vt 0.072165 1.021500
vt 0.081357 1.021500
vt 0.081357 1.058501
vt -0.080316 1.058500
vt -0.080316 1.021500
vt -0.071124 1.021500
vt -0.071124 1.058500
vt 0.114320 1.006532
vt 0.151320 1.006532
vt 0.151320 1.015725
vt 0.114320 1.015724
vt 0.114320 1.040847
vt 0.151320 1.040847
vt 0.151320 1.050039
vt 0.114320 1.050039
vt -0.114320 1.014684
vt -0.151320 1.014684
vt -0.151320 1.005492
vt -0.114320 1.005491
vt -0.114320 1.051080
vt -0.151320 1.051080
vt -0.151320 1.041888
vt -0.114320 1.041887
vt 0.042764 1.126799
vt -0.044236 1.126799
vt -0.044236 1.117606
vt 0.042764 1.117606
vt -0.042764 0.929770
vt 0.044236 0.929770
vt 0.044236 0.938962
vt -0.042764 0.938962
vt 0.042764 0.938962
vt -0.044236 0.938962
vt -0.044236 0.929770
vt 0.042764 0.929770
vt -0.042764 1.117606
vt 0.044236 1.117606
vt 0.044236 1.126799
vt -0.042764 1.126799
vt 0.111075 1.082286
vt 0.106479 1.074325
vt 0.115671 1.074325
vt -0.116712 1.073724
vt -0.107519 1.073724
vt -0.112116 1.081685
vt 0.072165 0.965877
vt 0.081357 0.965877
vt 0.076761 0.973838
vt -0.075720 0.973237
vt -0.080316 0.965276
vt -0.071124 0.965276
vt 0.115672 0.990996
vt 0.106479 0.990996
vt 0.111075 0.983035
vt -0.112116 0.983636
vt -0.107520 0.991597
vt -0.116713 0.991597
vt 0.076760 1.091483
vt 0.081356 1.099444
vt 0.072164 1.099443
vt -0.071123 1.100044
vt -0.080316 1.100044
vt -0.075720 1.092083
vt 0.003165 1.159872
vt 0.003362 1.161055
vt -0.011632 1.163552
vt -0.011829 1.162368
vt 0.011829 1.162368
vt 0.011632 1.163552
vt -0.003362 1.161055
vt -0.003165 1.159872
vt -0.023136 1.057600
vt -0.038336 1.057600
vt -0.038336 1.022400
vt -0.023136 1.022400
vt 0.023136 1.022400
vt 0.038336 1.022400
vt 0.038336 1.057600
vt 0.023136 1.057600
vt 0.158220 1.057601
vt 0.158220 1.022401
vt 0.159420 1.022401
vt 0.159420 1.057601
vt -0.159420 1.057601
vt -0.159420 1.022401
vt -0.158220 1.022401
vt -0.158220 1.057601
vt 0.093822 1.057600
vt 0.093822 1.022400
vt 0.097216 1.022400
vt 0.097216 1.057600
vt -0.140683 1.057601
vt -0.140683 1.022401
vt -0.137289 1.022401
vt -0.137289 1.057601
vt 0.127389 1.057601
vt 0.127390 1.022401
vt 0.130784 1.022401
vt 0.130783 1.057601
vt -0.087316 1.057600
vt -0.087317 1.022400
vt -0.083922 1.022400
vt -0.083922 1.057600
vt 0.158220 1.055394
vt 0.159420 1.055394
vt 0.159420 1.058788
vt 0.158220 1.058788
vt 0.158220 0.997784
vt 0.159420 0.997784
vt 0.159420 1.001178
vt 0.158220 1.001178
vt -0.158220 1.015321
vt -0.159420 1.015321
vt -0.159420 1.011926
vt -0.158220 1.011926
vt -0.158220 1.044646
vt -0.159420 1.044646
vt -0.159420 1.041252
vt -0.158220 1.041252
vt -0.023136 1.154305
vt -0.038336 1.154305
vt -0.038336 1.150911
vt -0.023136 1.150911
vt 0.023136 0.926305
vt 0.038336 0.926305
vt 0.038336 0.929699
vt 0.023136 0.929699
vt -0.023136 0.905658
vt -0.038336 0.905658
vt -0.038336 0.902264
vt -0.023136 0.902264
vt 0.023136 1.126869
vt 0.038336 1.126869
vt 0.038336 1.130264
vt 0.023136 1.130263
vt 0.095518 1.123029
vt 0.093821 1.120089
vt 0.097215 1.120089
vt -0.140683 1.094994
vt -0.137289 1.094994
vt -0.138986 1.097933
vt 0.127390 0.990414
vt 0.130784 0.990414
vt 0.129087 0.993353
vt -0.085620 0.968257
vt -0.087317 0.965317
vt -0.083923 0.965317
vt 0.097216 0.945231
vt 0.093822 0.945231
vt 0.095519 0.942292
vt -0.138987 0.967388
vt -0.137289 0.970328
vt -0.140684 0.970328
vt 0.129086 1.071969
vt 0.130783 1.074908
vt 0.127389 1.074908
vt -0.083922 1.100003
vt -0.087316 1.100003
vt -0.085619 1.097064
vt 0.060960 1.105744
vt 0.067037 1.142242
vt -0.018782 1.156531
vt -0.024859 1.120033
vt 0.024859 1.120033
vt 0.018782 1.156531
vt -0.067037 1.142242
vt -0.060960 1.105744
vt 0.042764 1.118500
vt -0.044236 1.118500
vt -0.044236 1.081500
vt 0.042764 1.081500
vt -0.042764 1.081500
vt 0.044236 1.081500
vt 0.044236 1.118500
vt -0.042764 1.118500
vt 0.114319 1.118501
vt 0.114320 1.081501
vt 0.151320 1.081501
vt 0.151319 1.118501
vt -0.151319 1.118501
vt -0.151320 1.081501
vt -0.114320 1.081501
vt -0.114319 1.118501
vt 0.106479 1.118500
vt 0.106479 1.081501
vt 0.115671 1.081501
vt 0.115671 1.118500
vt -0.116712 1.118501
vt -0.116712 1.081501
vt -0.107520 1.081501
vt -0.107519 1.118501
vt 0.072164 1.118500
vt 0.072164 1.081500
vt 0.081357 1.081501
vt 0.081356 1.118500
vt -0.080316 1.118500
vt -0.080316 1.081500
vt -0.071123 1.081500
vt -0.071123 1.118500
vt 0.114320 1.048959
vt 0.151320 1.048959
vt 0.151320 1.058151
vt 0.114320 1.058151
vt 0.114319 1.083273
vt 0.151319 1.083273
vt 0.151319 1.092466
vt 0.114319 1.092465
vt -0.114320 1.057110
vt -0.151320 1.057110
vt -0.151320 1.047918
vt -0.114320 1.047918
vt -0.114319 1.093506
vt -0.151319 1.093507
vt -0.151319 1.084314
vt -0.114319 1.084314
vt 0.042764 1.169225
vt -0.044236 1.169225
vt -0.044236 1.160033
vt 0.042764 1.160033
vt -0.042764 0.972196
vt 0.044236 0.972196
vt 0.044236 0.981389
vt -0.042764 0.981389
vt 0.042764 0.981389
vt -0.044236 0.981389
vt -0.044236 0.972196
vt 0.042764 0.972196
vt -0.042764 1.160033
vt 0.044236 1.160033
vt 0.044236 1.169225
vt -0.042764 1.169225
vt 0.111075 1.131275
vt 0.106479 1.123315
vt 0.115671 1.123315
vt -0.116711 1.122714
vt -0.107519 1.122714
vt -0.112115 1.130675
vt 0.072165 1.014867
vt 0.081357 1.014867
vt 0.076761 1.022828
vt -0.075720 1.022227
vt -0.080316 1.014266
vt -0.071124 1.014266
vt 0.115671 1.039986
vt 0.106479 1.039986
vt 0.111075 1.032025
vt -0.112116 1.032626
vt -0.107520 1.040587
vt -0.116712 1.040587
vt 0.076760 1.140472
vt 0.081356 1.148433
vt 0.072164 1.148433
vt -0.071123 1.149034
vt -0.080315 1.149034
vt -0.075719 1.141073
vt 0.003165 1.159872
vt 0.003362 1.161055
vt -0.011632 1.163552
vt -0.011829 1.162368
vt 0.011829 1.162368
vt 0.011632 1.163552
vt -0.003362 1.161055
vt -0.003165 1.159872
vt -0.023136 1.117600
vt -0.038336 1.117600
vt -0.038336 1.082400
vt -0.023136 1.082400
vt 0.023136 1.082400
vt 0.038336 1.082400
vt 0.038336 1.117600
vt 0.023136 1.117600
vt 0.158219 1.117601
vt 0.158220 1.082401
vt 0.159420 1.082401
vt 0.159419 1.117601
vt -0.159419 1.117601
vt -0.159420 1.082401
vt -0.158220 1.082401
vt -0.158219 1.117601
vt 0.093821 1.117600
vt 0.093822 1.082400
vt 0.097216 1.082400
vt 0.097216 1.117600
vt -0.140683 1.117601
vt -0.140683 1.082401
vt -0.137289 1.082401
vt -0.137288 1.117601
vt 0.127389 1.117601
vt 0.127389 1.082401
vt 0.130783 1.082401
vt 0.130783 1.117601
vt -0.087316 1.117600
vt -0.087316 1.082400
vt -0.083922 1.082400
vt -0.083922 1.117600
vt 0.158219 1.097820
vt 0.159419 1.097820
vt 0.159419 1.101214
vt 0.158219 1.101214
vt 0.158220 1.040211
vt 0.159420 1.040211
vt 0.159420 1.043605
vt 0.158220 1.043605
vt -0.158220 1.057747
vt -0.159420 1.057747
vt -0.159420 1.054353
vt -0.158220 1.054353
vt -0.158219 1.087072
vt -0.159419 1.087072
vt -0.159419 1.083678
vt -0.158219 1.083678
vt -0.023136 1.196732
vt -0.038336 1.196732
vt -0.038336 1.193337
vt -0.023136 1.193337
vt 0.023136 0.968732
vt 0.038336 0.968732
vt 0.038336 0.972126
vt 0.023136 0.972126
vt -0.023136 0.948084
vt -0.038336 0.948084
vt -0.038336 0.944690
vt -0.023136 0.944690
vt 0.023136 1.169296
vt 0.038336 1.169296
vt 0.038336 1.172690
vt 0.023136 1.172690
vt 0.095518 1.172019
vt 0.093821 1.169079
vt 0.097215 1.169079
vt -0.140682 1.143984
vt -0.137288 1.143984
vt -0.138985 1.146923
vt 0.127389 1.039403
vt 0.130784 1.039403
vt 0.129086 1.042343
vt -0.085619 1.017246
vt -0.087317 1.014307
vt -0.083922 1.014307
vt 0.097216 0.994221
vt 0.093822 0.994221
vt 0.095519 0.991282
vt -0.138986 1.016378
vt -0.137289 1.019318
vt -0.140683 1.019318
vt 0.129086 1.120959
vt 0.130783 1.123898
vt 0.127389 1.123898
vt -0.083922 1.148993
vt -0.087316 1.148993
vt -0.085619 1.146054
vt 0.060960 1.105744
vt 0.067037 1.142242
vt -0.018782 1.156531
vt -0.024859 1.120033
vt 0.024859 1.120033
vt 0.018782 1.156531
vt -0.067037 1.142242
vt -0.060960 1.105744
vt 0.042764 1.178500
vt -0.044236 1.178500
vt -0.044236 1.141500
vt 0.042764 1.141500
vt -0.042764 1.141500
vt 0.044236 1.141500
vt 0.044236 1.178500
vt -0.042764 1.178500
vt 0.114319 1.178501
vt 0.114319 1.141501
vt 0.151319 1.141501
vt 0.151319 1.178501
vt -0.151319 1.178501
vt -0.151319 1.141501
vt -0.114319 1.141501
vt -0.114319 1.178501
vt 0.106478 1.178501
vt 0.106479 1.141500
vt 0.115671 1.141500
vt 0.115671 1.178501
vt -0.116711 1.178501
vt -0.116712 1.141501
vt -0.107519 1.141501
vt -0.107519 1.178501
vt 0.072164 1.178500
vt 0.072164 1.141500
vt 0.081356 1.141500
vt 0.081356 1.178501
vt -0.080315 1.178500
vt -0.080316 1.141500
vt -0.071123 1.141500
vt -0.071123 1.178500
vt 0.114319 1.091385
vt 0.151319 1.091385
vt 0.151319 1.100578
vt 0.114319 1.100577
vt 0.114319 1.125699
vt 0.151319 1.125700
vt 0.151319 1.134892
vt 0.114319 1.134892
vt -0.114319 1.099536
vt -0.151319 1.099537
vt -0.151319 1.090344
vt -0.114319 1.090344
vt -0.114319 1.135933
vt -0.151319 1.135933
vt -0.151319 1.126741
vt -0.114319 1.126740
vt 0.042764 1.211651
vt -0.044236 1.211652
vt -0.044236 1.202459
vt 0.042764 1.202459
vt -0.042764 1.014623
vt 0.044236 1.014623
vt 0.044236 1.023815
vt -0.042764 1.023815
vt 0.042764 1.023815
vt -0.044236 1.023815
vt -0.044236 1.014623
vt 0.042764 1.014623
vt -0.042764 1.202459
vt 0.044236 1.202459
vt 0.044236 1.211652
vt -0.042764 1.211651
vt 0.111074 1.180265
vt 0.106478 1.172304
vt 0.115671 1.172304
vt -0.116711 1.171704
vt -0.107519 1.171704
vt -0.112115 1.179665
vt 0.072164 1.063857
vt 0.081357 1.063857
vt 0.076760 1.071818
vt -0.075720 1.071217
vt -0.080316 1.063256
vt -0.071124 1.063256
vt 0.115671 1.088976
vt 0.106479 1.088976
vt 0.111075 1.081015
vt -0.112116 1.081616
vt -0.107519 1.089577
vt -0.116712 1.089577
vt 0.076759 1.189462
vt 0.081356 1.197423
vt 0.072163 1.197423
vt -0.071123 1.198024
vt -0.080315 1.198024
vt -0.075719 1.190063
vt 0.003165 1.159872
vt 0.003362 1.161055
vt -0.011632 1.163552
vt -0.011829 1.162368
vt 0.011829 1.162368
vt 0.011632 1.163552
vt -0.003362 1.161055
vt -0.003165 1.159872
vt -0.023136 1.177600
vt -0.038336 1.177600
vt -0.038336 1.142400
vt -0.023136 1.142400
vt 0.023136 1.142400
vt 0.038336 1.142400
vt 0.038336 1.177600
vt 0.023136 1.177600
vt 0.158219 1.177601
vt 0.158219 1.142401
vt 0.159419 1.142401
vt 0.159419 1.177601
vt -0.159419 1.177601
vt -0.159419 1.142401
vt -0.158219 1.142401
vt -0.158219 1.177601
vt 0.093821 1.177600
vt 0.093821 1.142400
vt 0.097215 1.142401
vt 0.097215 1.177600
vt -0.140682 1.177601
vt -0.140682 1.142401
vt -0.137288 1.142401
vt -0.137288 1.177601
vt 0.127389 1.177601
vt 0.127389 1.142401
vt 0.130783 1.142401
vt 0.130783 1.177601
vt -0.087316 1.177600
vt -0.087316 1.142400
vt -0.083922 1.142400
vt -0.083922 1.177600
vt 0.158219 1.140246
vt 0.159419 1.140247
vt 0.159419 1.143641
vt 0.158219 1.143641
vt 0.158219 1.082637
vt 0.159419 1.082637
vt 0.159419 1.086031
vt 0.158219 1.086031
vt -0.158219 1.100173
vt -0.159419 1.100173
vt -0.159419 1.096779
vt -0.158219 1.096779
vt -0.158219 1.129498
vt -0.159419 1.129498
vt -0.159419 1.126104
vt -0.158219 1.126104
vt -0.023136 1.239158
vt -0.038336 1.239158
vt -0.038336 1.235764
vt -0.023136 1.235764
vt 0.023136 1.011158
vt 0.038336 1.011158
vt 0.038336 1.014552
vt 0.023136 1.014552
vt -0.023136 0.990510
vt -0.038336 0.990510
vt -0.038336 0.987116
vt -0.023136 0.987116
vt 0.023136 1.211722
vt 0.038336 1.211722
vt 0.038336 1.215116
vt 0.023136 1.215116
vt 0.095518 1.221008
vt 0.093821 1.218069
vt 0.097215 1.218069
vt -0.140682 1.192974
vt -0.137288 1.192974
vt -0.138985 1.195913
vt 0.127389 1.088393
vt 0.130783 1.088393
vt 0.129086 1.091333
vt -0.085619 1.066236
vt -0.087316 1.063297
vt -0.083922 1.063297
vt 0.097216 1.043211
vt 0.093822 1.043211
vt 0.095519 1.040272
vt -0.138986 1.065368
vt -0.137289 1.068307
vt -0.140683 1.068307
vt 0.129085 1.169948
vt 0.130783 1.172888
vt 0.127388 1.172888
vt -0.083921 1.197983
vt -0.087316 1.197983
vt -0.085618 1.195044
vt 0.060960 1.105744
vt 0.067037 1.142242
vt -0.018782 1.156531
vt -0.024859 1.120033
vt 0.024859 1.120033
vt 0.018782 1.156531
vt -0.067037 1.142242
vt -0.060960 1.105744
vt 0.042764 0.978500
vt -0.044236 0.978500
vt -0.044236 0.941500
vt 0.042764 0.941500
vt -0.042764 0.941500
vt 0.044236 0.941500
vt 0.044236 0.978500
vt -0.042764 0.978500
vt 0.114320 0.978501
vt 0.114321 0.941501
vt 0.151321 0.941501
vt 0.151321 0.978501
vt -0.151321 0.978501
vt -0.151321 0.941501
vt -0.114321 0.941501
vt -0.114320 0.978501
vt 0.106479 0.978500
vt 0.106479 0.941500
vt 0.115672 0.941501
vt 0.115672 0.978501
vt -0.116713 0.978501
vt -0.116713 0.941501
vt -0.107520 0.941501
vt -0.107520 0.978501
vt 0.072165 0.978500
vt 0.072165 0.941500
vt 0.081357 0.941501
vt 0.081357 0.978501
vt -0.080316 0.978500
vt -0.080317 0.941500
vt -0.071124 0.941500
vt -0.071124 0.978500
vt 0.114321 0.949964
vt 0.151321 0.949964
vt 0.151321 0.959156
vt 0.114321 0.959156
vt 0.114321 0.984278
vt 0.151321 0.984278
vt 0.151320 0.993471
vt 0.114320 0.993470
vt -0.114321 0.958115
vt -0.151321 0.958115
vt -0.151321 0.948923
vt -0.114321 0.948923
vt -0.114320 0.994511
vt -0.151320 0.994512
vt -0.151320 0.985319
vt -0.114320 0.985319
vt 0.042764 1.070230
vt -0.044236 1.070230
vt -0.044236 1.061038
vt 0.042764 1.061038
vt -0.042764 0.873201
vt 0.044236 0.873201
vt 0.044236 0.882394
vt -0.042764 0.882394
vt 0.042764 0.882394
vt -0.044236 0.882394
vt -0.044236 0.873201
vt 0.042764 0.873201
vt -0.042764 1.061038
vt 0.044236 1.061038
vt 0.044236 1.070230
vt -0.042764 1.070230
vt 0.111075 1.016966
vt 0.106479 1.009005
vt 0.115672 1.009005
vt -0.116712 1.008404
vt -0.107520 1.008404
vt -0.112116 1.016365
vt 0.072165 0.900558
vt 0.081358 0.900558
vt 0.076762 0.908519
vt -0.075721 0.907917
vt -0.080317 0.899957
vt -0.071124 0.899957
vt 0.115672 0.925676
vt 0.106480 0.925676
vt 0.111076 0.917716
vt -0.112117 0.918317
vt -0.107521 0.926278
vt -0.116713 0.926278
vt 0.076761 1.026163
vt 0.081357 1.034124
vt 0.072164 1.034124
vt -0.071124 1.034724
vt -0.080316 1.034725
vt -0.075720 1.026764
vt 0.003165 1.159872
vt 0.003362 1.161055
vt -0.011632 1.163552
vt -0.011829 1.162368
vt 0.011829 1.162368
vt 0.011632 1.163552
vt -0.003362 1.161055
vt -0.003165 1.159872
vt -0.023136 0.977600
vt -0.038336 0.977600
vt -0.038336 0.942400
vt -0.023136 0.942400
vt 0.023136 0.942400
vt 0.038336 0.942400
vt 0.038336 0.977600
vt 0.023136 0.977600
vt 0.158220 0.977601
vt 0.158221 0.942401
vt 0.159421 0.942401
vt 0.159421 0.977601
vt -0.159421 0.977601
vt -0.159421 0.942401
vt -0.158221 0.942401
vt -0.158220 0.977601
vt 0.093822 0.977600
vt 0.093822 0.942400
vt 0.097216 0.942400
vt 0.097216 0.977600
vt -0.140684 0.977601
vt -0.140684 0.942401
vt -0.137290 0.942401
vt -0.137289 0.977601
vt 0.127390 0.977601
vt 0.127390 0.942401
vt 0.130784 0.942401
vt 0.130784 0.977601
vt -0.087317 0.977600
vt -0.087317 0.942400
vt -0.083923 0.942400
vt -0.083923 0.977600
vt 0.158220 0.998825
vt 0.159420 0.998825
vt 0.159420 1.002219
vt 0.158220 1.002219
vt 0.158221 0.941216
vt 0.159421 0.941216
vt 0.159421 0.944610
vt 0.158221 0.944610
vt -0.158221 0.958752
vt -0.159421 0.958752
vt -0.159421 0.955358
vt -0.158221 0.955358
vt -0.158220 0.988077
vt -0.159420 0.988077
vt -0.159420 0.984683
vt -0.158220 0.984683
vt -0.023136 1.097737
vt -0.038336 1.097737
vt -0.038336 1.094342
vt -0.023136 1.094342
vt 0.023136 0.869737
vt 0.038336 0.869737
vt 0.038336 0.873131
vt 0.023136 0.873131
vt -0.023136 0.849089
vt -0.038336 0.849089
vt -0.038336 0.845695
vt -0.023136 0.845695
vt 0.023136 1.070301
vt 0.038336 1.070301
vt 0.038336 1.073695
vt 0.023136 1.073695
vt 0.095519 1.057709
vt 0.093822 1.054770
vt 0.097216 1.054770
vt -0.140683 1.029674
vt -0.137289 1.029674
vt -0.138986 1.032614
vt 0.127390 0.925094
vt 0.130784 0.925094
vt 0.129087 0.928033
vt -0.085620 0.902937
vt -0.087317 0.899997
vt -0.083923 0.899997
vt 0.097217 0.879912
vt 0.093823 0.879912
vt 0.095520 0.876972
vt -0.138987 0.902069
vt -0.137290 0.905008
vt -0.140684 0.905008
vt 0.129087 1.006649
vt 0.130784 1.009588
vt 0.127390 1.009588
vt -0.083922 1.034684
vt -0.087316 1.034684
vt -0.085619 1.031744
vt 0.060960 1.105744
vt 0.067037 1.142242
vt -0.018782 1.156531
vt -0.024859 1.120033
vt 0.024859 1.120033
vt 0.018782 1.156531
vt -0.067037 1.142242
vt -0.060960 1.105744
vt 0.042764 0.918500
vt -0.044236 0.918500
vt -0.044236 0.881500
vt 0.042764 0.881500
vt -0.042764 0.881500
vt 0.044236 0.881500
vt 0.044236 0.918500
vt -0.042764 0.918500
vt 0.114321 0.918501
vt 0.114321 0.881501
vt 0.151321 0.881501
vt 0.151321 0.918501
vt -0.151321 0.918501
vt -0.151321 0.881501
vt -0.114321 0.881501
vt -0.114321 0.918501
vt 0.106480 0.918500
vt 0.106480 0.881500
vt 0.115672 0.881501
vt 0.115672 0.918501
vt -0.116713 0.918501
vt -0.116713 0.881501
vt -0.107521 0.881501
vt -0.107521 0.918501
vt 0.072165 0.918500
vt 0.072165 0.881500
vt 0.081358 0.881501
vt 0.081358 0.918501
vt -0.080317 0.918500
vt -0.080317 0.881500
vt -0.071124 0.881500
vt -0.071124 0.918500
vt 0.114321 0.907537
vt 0.151321 0.907538
vt 0.151321 0.916730
vt 0.114321 0.916730
vt 0.114321 0.941852
vt 0.151321 0.941852
vt 0.151321 0.951044
vt 0.114321 0.951044
vt -0.114321 0.915689
vt -0.151321 0.915689
vt -0.151321 0.906497
vt -0.114321 0.906496
vt -0.114321 0.952085
vt -0.151321 0.952085
vt -0.151321 0.942893
vt -0.114321 0.942892
vt 0.042764 1.027804
vt -0.044236 1.027804
vt -0.044236 1.018611
vt 0.042764 1.018611
vt -0.042764 0.830775
vt 0.044236 0.830775
vt 0.044236 0.839967
vt -0.042764 0.839967
vt 0.042764 0.839967
vt -0.044236 0.839967
vt -0.044236 0.830775
vt 0.042764 0.830775
vt -0.042764 1.018611
vt 0.044236 1.018611
vt 0.044236 1.027804
vt -0.042764 1.027804
vt 0.111076 0.967976
vt 0.106479 0.960015
vt 0.115672 0.960015
vt -0.116713 0.959415
vt -0.107520 0.959415
vt -0.112117 0.967375
vt 0.072166 0.851568
vt 0.081358 0.851568
vt 0.076762 0.859529
vt -0.075721 0.858928
vt -0.080317 0.850967
vt -0.071125 0.850967
vt 0.115672 0.876687
vt 0.106480 0.876687
vt 0.111076 0.868726
vt -0.112117 0.869327
vt -0.107521 0.877288
vt -0.116713 0.877288
vt 0.076761 0.977173
vt 0.081357 0.985134
vt 0.072165 0.985134
vt -0.071124 0.985735
vt -0.080316 0.985735
vt -0.075720 0.977774
vt 0.003165 1.159872
vt 0.003362 1.161055
vt -0.011632 1.163552
vt -0.011829 1.162368
vt 0.011829 1.162368
vt 0.011632 1.163552
vt -0.003362 1.161055
vt -0.003165 1.159872
vt -0.023136 0.917600
vt -0.038336 0.917600
vt -0.038336 0.882400
vt -0.023136 0.882400
vt 0.023136 0.882400
vt 0.038336 0.882400
vt 0.038336 0.917600
vt 0.023136 0.917600
vt 0.158221 0.917601
vt 0.158221 0.882401
vt 0.159421 0.882401
vt 0.159421 0.917601
vt -0.159421 0.917601
vt -0.159421 0.882401
vt -0.158221 0.882401
vt -0.158221 0.917601
vt 0.093822 0.917600
vt 0.093823 0.882400
vt 0.097217 0.882400
vt 0.097216 0.917600
vt -0.140684 0.917601
vt -0.140684 0.882401
vt -0.137290 0.882401
vt -0.137290 0.917601
vt 0.127390 0.917601
vt 0.127391 0.882401
vt 0.130785 0.882401
vt 0.130784 0.917601
vt -0.087317 0.917600
vt -0.087317 0.882400
vt -0.083923 0.882400
vt -0.083923 0.917600
vt 0.158221 0.956399
vt 0.159421 0.956399
vt 0.159421 0.959793
vt 0.158221 0.959793
vt 0.158221 0.898789
vt 0.159421 0.898789
vt 0.159421 0.902183
vt 0.158221 0.902183
vt -0.158221 0.916326
vt -0.159421 0.916326
vt -0.159421 0.912931
vt -0.158221 0.912931
vt -0.158221 0.945651
vt -0.159421 0.945651
vt -0.159421 0.942257
vt -0.158221 0.942257
vt -0.023136 1.055310
vt -0.038336 1.055310
vt -0.038336 1.051916
vt -0.023136 1.051916
vt 0.023136 0.827310
vt 0.038336 0.827310
vt 0.038336 0.830704
vt 0.023136 0.830704
vt -0.023136 0.806663
vt -0.038336 0.806663
vt -0.038336 0.803269
vt -0.023136 0.803269
vt 0.023136 1.027874
vt 0.038336 1.027874
vt 0.038336 1.031269
vt 0.023136 1.031269
vt 0.095519 1.008719
vt 0.093822 1.005780
vt 0.097216 1.005780
vt -0.140684 0.980685
vt -0.137289 0.980685
vt -0.138986 0.983624
vt 0.127391 0.876104
vt 0.130785 0.876104
vt 0.129088 0.879043
vt -0.085620 0.853947
vt -0.087317 0.851008
vt -0.083923 0.851008
vt 0.097217 0.830922
vt 0.093823 0.830922
vt 0.095520 0.827983
vt -0.138987 0.853079
vt -0.137290 0.856018
vt -0.140684 0.856018
vt 0.129087 0.957659
vt 0.130784 0.960599
vt 0.127390 0.960599
vt -0.083923 0.985694
vt -0.087317 0.985694
vt -0.085620 0.982755
vt 0.060960 1.105744
vt 0.067037 1.142242
vt -0.018782 1.156531
vt -0.024859 1.120033
vt 0.024859 1.120033
vt 0.018782 1.156531
vt -0.067037 1.142242
vt -0.060960 1.105744
vt 0.042764 0.858500
vt -0.044236 0.858500
vt -0.044236 0.821500
vt 0.042764 0.821500
vt -0.042764 0.821500
vt 0.044236 0.821500
vt 0.044236 0.858500
vt -0.042764 0.858500
vt 0.114321 0.858501
vt 0.114322 0.821501
vt 0.151322 0.821501
vt 0.151321 0.858501
vt -0.151321 0.858501
vt -0.151322 0.821501
vt -0.114322 0.821501
vt -0.114321 0.858501
vt 0.106480 0.858500
vt 0.106480 0.821500
vt 0.115672 0.821501
vt 0.115672 0.858501
vt -0.116713 0.858501
vt -0.116714 0.821501
vt -0.107521 0.821501
vt -0.107521 0.858501
vt 0.072166 0.858500
vt 0.072166 0.821500
vt 0.081358 0.821501
vt 0.081358 0.858501
vt -0.080317 0.858500
vt -0.080317 0.821500
vt -0.071125 0.821500
vt -0.071125 0.858500
vt 0.114322 0.865111
vt 0.151322 0.865111
vt 0.151322 0.874304
vt 0.114322 0.874303
vt 0.114321 0.899425
vt 0.151321 0.899426
vt 0.151321 0.908618
vt 0.114321 0.908618
vt -0.114322 0.873262
vt -0.151322 0.873263
vt -0.151322 0.864070
vt -0.114322 0.864070
vt -0.114321 0.909658
vt -0.151321 0.909659
vt -0.151321 0.900466
vt -0.114321 0.900466
vt 0.042764 0.985377
vt -0.044236 0.985377
vt -0.044236 0.976185
vt 0.042764 0.976185
vt -0.042764 0.788348
vt 0.044236 0.788349
vt 0.044236 0.797541
vt -0.042764 0.797541
vt 0.042764 0.797541
vt -0.044236 0.797541
vt -0.044236 0.788349
vt 0.042764 0.788348
vt -0.042764 0.976185
vt 0.044236 0.976185
vt 0.044236 0.985377
vt -0.042764 0.985377
vt 0.111076 0.918986
vt 0.106480 0.911025
vt 0.115672 0.911026
vt -0.116713 0.910425
vt -0.107521 0.910425
vt -0.112117 0.918386
vt 0.072166 0.802578
vt 0.081359 0.802578
vt 0.076762 0.810539
vt -0.075721 0.809938
vt -0.080317 0.801977
vt -0.071125 0.801977
vt 0.115673 0.827697
vt 0.106480 0.827697
vt 0.111076 0.819736
vt -0.112118 0.820337
vt -0.107521 0.828298
vt -0.116714 0.828298
vt 0.076761 0.928183
vt 0.081358 0.936144
vt 0.072165 0.936144
vt -0.071124 0.936745
vt -0.080317 0.936745
vt -0.075720 0.928784
vt 0.003165 1.159872
vt 0.003362 1.161055
vt -0.011632 1.163552
vt -0.011829 1.162368
vt 0.011829 1.162368
vt 0.011632 1.163552
vt -0.003362 1.161055
vt -0.003165 1.159872
vt -0.023136 0.857600
vt -0.038336 0.857600
vt -0.038336 0.822400
vt -0.023136 0.822400
vt 0.023136 0.822400
vt 0.038336 0.822400
vt 0.038336 0.857600
vt 0.023136 0.857600
vt 0.158221 0.857601
vt 0.158222 0.822401
vt 0.159422 0.822401
vt 0.159421 0.857601
vt -0.159421 0.857601
vt -0.159422 0.822401
vt -0.158222 0.822401
vt -0.158221 0.857601
vt 0.093823 0.857600
vt 0.093823 0.822400
vt 0.097217 0.822400
vt 0.097217 0.857600
vt -0.140684 0.857601
vt -0.140685 0.822401
vt -0.137290 0.822401
vt -0.137290 0.857601
vt 0.127391 0.857601
vt 0.127391 0.822401
vt 0.130785 0.822401
vt 0.130785 0.857601
vt -0.087317 0.857600
vt -0.087317 0.822400
vt -0.083923 0.822400
vt -0.083923 0.857600
vt 0.158221 0.913972
vt 0.159421 0.913972
vt 0.159421 0.917366
vt 0.158221 0.917366
vt 0.158222 0.856363
vt 0.159422 0.856363
vt 0.159422 0.859757
vt 0.158222 0.859757
vt -0.158222 0.873899
vt -0.159422 0.873899
vt -0.159422 0.870505
vt -0.158222 0.870505
vt -0.158221 0.903224
vt -0.159421 0.903224
vt -0.159421 0.899830
vt -0.158221 0.899830
vt -0.023136 1.012884
vt -0.038336 1.012884
vt -0.038336 1.009490
vt -0.023136 1.009490
vt 0.023136 0.784884
vt 0.038336 0.784884
vt 0.038336 0.788278
vt 0.023136 0.788278
vt -0.023136 0.764236
vt -0.038336 0.764236
vt -0.038336 0.760842
vt -0.023136 0.760842
vt 0.023136 0.985448
vt 0.038336 0.985448
vt 0.038336 0.988842
vt 0.023136 0.988842
vt 0.095519 0.959729
vt 0.093822 0.956790
vt 0.097216 0.956790
vt -0.140684 0.931695
vt -0.137290 0.931695
vt -0.138987 0.934634
vt 0.127391 0.827114
vt 0.130785 0.827114
vt 0.129088 0.830054
vt -0.085621 0.804957
vt -0.087318 0.802018
vt -0.083924 0.802018
vt 0.097217 0.781932
vt 0.093823 0.781932
vt 0.095520 0.778993
vt -0.138988 0.804089
vt -0.137291 0.807029
vt -0.140685 0.807029
vt 0.129088 0.908669
vt 0.130785 0.911609
vt 0.127390 0.911609
vt -0.083923 0.936704
vt -0.087317 0.936704
vt -0.085620 0.933765
vt -0.144336 1.045000
vt -0.215836 1.045000
vt -0.245736 1.027000
vt -0.245736 0.973000
vt -0.215836 0.955000
vt -0.144336 0.955000
vt -0.115736 0.968500
vt -0.115736 1.031500
vt 0.122886 1.028035
vt 0.122886 0.971965
vt 0.148340 0.959950
vt 0.211975 0.959950
vt 0.238586 0.975970
vt 0.238586 1.024030
vt 0.211975 1.040050
vt 0.148340 1.040050
vt 0.149820 1.031501
vt 0.149821 0.968501
vt 0.153821 0.968501
vt 0.153820 1.031501
vt 0.190605 1.031501
vt 0.190605 0.968501
vt 0.197075 0.971966
vt 0.197075 1.028036
vt 0.149822 0.881895
vt 0.149823 0.850268
vt 0.153823 0.850269
vt 0.153822 0.881895
vt 0.166832 1.037191
vt 0.193136 1.019632
vt 0.197604 1.023609
vt 0.174193 1.039237
vt 0.117769 1.171492
vt 0.188298 1.183236
vt 0.187641 1.187181
vt 0.117112 1.175438
vt 0.144336 1.076948
vt 0.215836 1.076948
vt 0.211975 1.081862
vt 0.148340 1.081862
vt -0.149818 1.161707
vt -0.149817 1.196607
vt -0.153817 1.196607
vt -0.153818 1.161707
vt 0.121317 1.106951
vt 0.147891 1.129575
vt 0.140619 1.131029
vt 0.116969 1.110894
vt -0.149821 0.973001
vt -0.149820 1.027001
vt -0.153820 1.027001
vt -0.153821 0.973001
vt 0.064994 0.973000
vt 0.064994 1.027000
vt 0.058524 1.024030
vt 0.058524 0.975970
vt -0.149823 0.803397
vt -0.149823 0.838297
vt -0.153823 0.838298
vt -0.153823 0.803398
vt 0.147890 0.870425
vt 0.121316 0.893049
vt 0.116968 0.889106
vt 0.140619 0.868970
vt -0.188298 1.183236
vt -0.117769 1.171492
vt -0.117112 1.175438
vt -0.187641 1.187181
vt 0.215836 0.923053
vt 0.144336 0.923053
vt 0.148340 0.918138
vt 0.211975 0.918138
vt 0.149818 1.149737
vt 0.149818 1.118111
vt 0.153818 1.118111
vt 0.153818 1.149737
vt 0.193136 0.980370
vt 0.166833 0.962811
vt 0.174194 0.960765
vt 0.197604 0.976393
vt -0.231136 1.036000
vt -0.231136 0.964000
vt -0.156736 0.964000
vt -0.120736 1.000000
vt -0.156736 1.036000
vt 0.159376 1.032040
vt 0.127336 1.000000
vt 0.159376 0.967960
vt 0.225592 0.967960
vt 0.225592 1.032040
vt 0.153820 1.036001
vt 0.153821 0.964001
vt 0.156821 0.964001
vt 0.156820 1.036001
vt 0.271113 1.032042
vt 0.271114 0.967962
vt 0.274327 0.964002
vt 0.274326 1.036002
vt -0.202733 1.189694
vt -0.129343 1.177474
vt -0.128851 1.180434
vt -0.202240 1.192653
vt 0.225592 0.865749
vt 0.159376 0.865749
vt 0.156736 0.863656
vt 0.231136 0.863656
vt -0.153822 0.863717
vt -0.153821 0.914628
vt -0.156821 0.914629
vt -0.156822 0.863717
vt 0.039012 0.861815
vt 0.012851 0.898811
vt 0.008040 0.901125
vt 0.037434 0.859556
vt -0.153819 1.085375
vt -0.153819 1.136287
vt -0.156819 1.136287
vt -0.156819 1.085375
vt 0.012852 1.101189
vt 0.039013 1.138185
vt 0.037435 1.140444
vt 0.008041 1.098875
vt 0.129343 1.177474
vt 0.202733 1.189694
vt 0.202240 1.192653
vt 0.128851 1.180434
vt 0.159376 1.134252
vt 0.225592 1.134252
vt 0.231136 1.136345
vt 0.156736 1.136345
vt 0.098089 1.192437
vt 0.096869 1.194021
vt 0.068632 1.172285
vt 0.069852 1.170700
vt 0.214351 0.986267
vt 0.213632 0.988134
vt 0.180377 0.975333
vt 0.181095 0.973467
vt 0.266522 0.973637
vt 0.265302 0.975222
vt 0.237066 0.953485
vt 0.238286 0.951900
vt -0.096869 1.194021
vt -0.098089 1.192437
vt -0.069852 1.170700
vt -0.068632 1.172285
vt -0.213632 0.988134
vt -0.214351 0.986267
vt -0.181095 0.973467
vt -0.180377 0.975334
vt -0.265302 0.975222
vt -0.266522 0.973637
vt -0.238286 0.951901
vt -0.237066 0.953485
vt -0.157689 0.910188
vt -0.157689 0.912188
vt -0.159421 0.913188
vt -0.161153 0.912188
vt -0.161153 0.910188
vt -0.159421 0.909188
vt 0.159421 0.909188
vt 0.161153 0.910188
vt 0.161153 0.912188
vt 0.159421 0.913188
vt 0.157689 0.912188
vt 0.157689 0.910188
vt -0.030066 1.012800
vt -0.032066 1.012800
vt -0.032066 0.987200
vt -0.030066 0.987200
vt 0.214991 1.012800
vt 0.212991 1.012800
vt 0.212991 0.987200
vt 0.214991 0.987200
vt 0.246058 1.012802
vt 0.244058 1.012802
vt 0.244058 0.987202
vt 0.246058 0.987202
vt 0.032066 1.012800
vt 0.030066 1.012800
vt 0.030066 0.987200
vt 0.032066 0.987200
vt -0.212991 1.012800
vt -0.214991 1.012800
vt -0.214991 0.987200
vt -0.212991 0.987200
vt -0.244058 1.012802
vt -0.246058 1.012802
vt -0.246058 0.987202
vt -0.244058 0.987202
vt -0.186172 1.190858
vt -0.184200 1.190529
vt -0.182929 1.192074
vt -0.183631 1.193946
vt -0.185603 1.194275
vt -0.186874 1.192731
vt 0.186874 1.192731
vt 0.185603 1.194275
vt 0.183631 1.193946
vt 0.182929 1.192074
vt 0.184200 1.190529
vt 0.186172 1.190858
vt 0.069851 0.829299
vt 0.068631 0.827714
vt 0.096867 0.805978
vt 0.098087 0.807562
vt 0.181095 1.026533
vt 0.180377 1.024667
vt 0.213632 1.011867
vt 0.214351 1.013734
vt 0.238285 1.048104
vt 0.237065 1.046519
vt 0.265302 1.024783
vt 0.266522 1.026368
vt -0.068631 0.827714
vt -0.069851 0.829299
vt -0.098087 0.807562
vt -0.096867 0.805978
vt -0.180377 1.024667
vt -0.181095 1.026533
vt -0.214351 1.013734
vt -0.213632 1.011867
vt -0.237065 1.046519
vt -0.238285 1.048104
vt -0.266522 1.026368
vt -0.265302 1.024783
vt 0.157688 1.089815
vt 0.157688 1.087815
vt 0.159420 1.086815
vt 0.161152 1.087815
vt 0.161152 1.089815
vt 0.159420 1.090815
vt -0.159420 1.090815
vt -0.161152 1.089815
vt -0.161152 1.087815
vt -0.159420 1.086815
vt -0.157688 1.087815
vt -0.157688 1.089815
vt 0.208830 0.961899
vt 0.210050 0.960314
vt 0.238286 0.982051
vt 0.237066 0.983636
vt 0.147121 1.013734
vt 0.147840 1.011867
vt 0.181095 1.024667
vt 0.180377 1.026533
vt 0.040396 1.180699
vt 0.041616 1.179115
vt 0.069853 1.200851
vt 0.068633 1.202436
vt -0.210050 0.960314
vt -0.208830 0.961899
vt -0.237066 0.983636
vt -0.238286 0.982051
vt -0.147840 1.011867
vt -0.147121 1.013734
vt -0.180377 1.026533
vt -0.181095 1.024667
vt -0.041616 1.179115
vt -0.040396 1.180699
vt -0.068632 1.202436
vt -0.069852 1.200851
vt 0.157689 0.959970
vt 0.157689 0.957970
vt 0.159421 0.956970
vt 0.161153 0.957970
vt 0.161153 0.959970
vt 0.159421 0.960970
vt -0.159421 0.960970
vt -0.161153 0.959970
vt -0.161153 0.957970
vt -0.159421 0.956970
vt -0.157689 0.957970
vt -0.157689 0.959970
vt 0.210802 0.987202
vt 0.212802 0.987202
vt 0.212802 1.012802
vt 0.210802 1.012802
vt 0.146481 0.987200
vt 0.148481 0.987200
vt 0.148481 1.012800
vt 0.146481 1.012800
vt -0.065322 0.987200
vt -0.063322 0.987200
vt -0.063322 1.012800
vt -0.065322 1.012800
vt -0.212802 0.987202
vt -0.210802 0.987202
vt -0.210802 1.012802
vt -0.212802 1.012802
vt -0.148481 0.987200
vt -0.146481 0.987200
vt -0.146481 1.012800
vt -0.148481 1.012800
vt 0.063322 0.987200
vt 0.065322 0.987200
vt 0.065322 1.012800
vt 0.063322 1.012800
vt 0.118592 1.179605
vt 0.120565 1.179934
vt 0.121267 1.181807
vt 0.119996 1.183351
vt 0.118023 1.183022
vt 0.117321 1.181150
vt -0.117321 1.181150
vt -0.118023 1.183022
vt -0.119996 1.183351
vt -0.121267 1.181807
vt -0.120565 1.179934
vt -0.118592 1.179605
vt 0.237066 1.016369
vt 0.238286 1.017953
vt 0.210049 1.039689
vt 0.208829 1.038105
vt 0.180377 0.973467
vt 0.181095 0.975334
vt 0.147840 0.988133
vt 0.147121 0.986267
vt 0.068631 0.797564
vt 0.069851 0.799148
vt 0.041614 0.820885
vt 0.040394 0.819300
vt -0.238285 1.017953
vt -0.237066 1.016369
vt -0.208829 1.038105
vt -0.210049 1.039689
vt -0.181095 0.975334
vt -0.180377 0.973467
vt -0.147121 0.986267
vt -0.147840 0.988133
vt -0.069851 0.799148
vt -0.068631 0.797564
vt -0.040394 0.819300
vt -0.041614 0.820885
vt -0.157688 1.040032
vt -0.157688 1.042032
vt -0.159420 1.043032
vt -0.161152 1.042032
vt -0.161152 1.040032
vt -0.159420 1.039032
vt 0.159420 1.039032
vt 0.161152 1.040032
vt 0.161152 1.042032
vt 0.159420 1.043032
vt 0.157688 1.042032
vt 0.157688 1.040032
vt 0.227950 0.974402
vt 0.228910 0.974402
vt 0.228910 1.000002
vt 0.227950 1.000002
vt 0.180256 0.974400
vt 0.181216 0.974400
vt 0.181216 1.000000
vt 0.180256 1.000000
vt -0.048174 0.974400
vt -0.047214 0.974400
vt -0.047214 1.000000
vt -0.048174 1.000000
vt -0.228910 0.974402
vt -0.227950 0.974402
vt -0.227950 1.000002
vt -0.228910 1.000002
vt -0.181216 0.974400
vt -0.180256 0.974400
vt -0.180256 1.000000
vt -0.181216 1.000000
vt 0.047214 0.974400
vt 0.048174 0.974400
vt 0.048174 1.000000
vt 0.047214 1.000000
vt 0.151761 1.186041
vt 0.152708 1.186199
vt 0.153045 1.187098
vt 0.152435 1.187839
vt 0.151488 1.187681
vt 0.151151 1.186782
vt -0.151151 1.186782
vt -0.151488 1.187681
vt -0.152435 1.187839
vt -0.153045 1.187098
vt -0.152708 1.186199
vt -0.151761 1.186041
vt -0.144767 1.019389
vt -0.144386 1.018900
vt -0.144331 1.021590
vt -0.119339 1.004901
vt -0.119107 1.003608
vt -0.118593 1.005777
vt -0.109339 0.975204
vt -0.109339 0.973597
vt -0.108568 0.974401
vt -0.119108 0.945736
vt -0.119339 0.944443
vt -0.118593 0.943567
vt -0.144387 0.931335
vt -0.144767 0.930845
vt -0.144332 0.928644
vt -0.173090 0.936724
vt -0.173471 0.937214
vt -0.173526 0.934523
vt -0.192935 0.953788
vt -0.193166 0.955081
vt -0.193681 0.952912
vt -0.199628 0.973598
vt -0.199628 0.975205
vt -0.200399 0.974402
vt -0.193166 0.994264
vt -0.192935 0.995557
vt -0.193681 0.996433
vt -0.173470 1.013021
vt -0.173090 1.013511
vt -0.173525 1.015712
vt -0.101086 1.125094
vt -0.101891 1.122786
vt -0.101256 1.122014
vt -0.100719 1.124648
vt -0.013878 1.074861
vt -0.015398 1.073824
vt -0.015074 1.071665
vt -0.013691 1.073614
vt 0.011691 0.975203
vt 0.010052 0.975792
vt 0.010052 0.973008
vt 0.011691 0.973597
vt -0.013692 0.879574
vt -0.015075 0.881524
vt -0.015399 0.879364
vt -0.013879 0.878327
vt -0.100722 0.836684
vt -0.101258 0.839319
vt -0.101893 0.838547
vt -0.101088 0.836239
vt -0.204818 0.895164
vt -0.204013 0.897472
vt -0.204648 0.898244
vt -0.205184 0.895610
vt -0.238819 0.957088
vt -0.237300 0.958125
vt -0.237624 0.960285
vt -0.239006 0.958335
vt -0.242729 0.973598
vt -0.241089 0.973010
vt -0.241089 0.975793
vt -0.242729 0.975205
vt -0.239006 0.994857
vt -0.237624 0.992908
vt -0.237299 0.995067
vt -0.238819 0.996104
vt -0.205182 1.065725
vt -0.204646 1.063091
vt -0.204011 1.063863
vt -0.204816 1.066171
vt 0.027629 1.209592
vt 0.025638 1.207831
vt 0.026153 1.206915
vt 0.028075 1.208799
vt 0.120356 1.097604
vt 0.117846 1.097031
vt 0.118002 1.094635
vt 0.120491 1.095529
vt 0.132944 0.975792
vt 0.130396 0.976007
vt 0.130396 0.972793
vt 0.132944 0.973008
vt 0.120490 0.862253
vt 0.118001 0.863146
vt 0.117846 0.860750
vt 0.120356 0.860177
vt 0.028070 0.770593
vt 0.026149 0.772477
vt 0.025634 0.771560
vt 0.027624 0.769799
vt -0.242442 0.985488
vt -0.240451 0.987249
vt -0.240966 0.988166
vt -0.242888 0.986282
vt -0.225215 1.030532
vt -0.222705 1.031104
vt -0.222860 1.033500
vt -0.225349 1.032607
vt -0.219408 0.973009
vt -0.216860 0.972794
vt -0.216860 0.976008
vt -0.219408 0.975792
vt -0.225350 0.925177
vt -0.222861 0.924284
vt -0.222705 0.926680
vt -0.225215 0.927253
vt -0.242887 0.993117
vt -0.240966 0.991233
vt -0.240451 0.992150
vt -0.242442 0.993911
vt 0.241481 0.984897
vt 0.239491 0.986658
vt 0.239045 0.985864
vt 0.240966 0.983980
vt 0.223518 1.029775
vt 0.221008 1.030348
vt 0.220874 1.028273
vt 0.223363 1.027379
vt 0.217531 0.976008
vt 0.214983 0.975792
vt 0.214983 0.973009
vt 0.217531 0.972794
vt 0.223363 0.930405
vt 0.220874 0.929511
vt 0.221009 0.927436
vt 0.223519 0.928009
vt 0.240966 0.995419
vt 0.239045 0.993535
vt 0.239491 0.992742
vt 0.241481 0.994503
vt -0.026668 1.210184
vt -0.024678 1.208423
vt -0.024232 1.209217
vt -0.026153 1.211101
vt -0.118659 1.098360
vt -0.116150 1.097787
vt -0.116015 1.099863
vt -0.118504 1.100756
vt -0.131067 0.972793
vt -0.128519 0.973008
vt -0.128519 0.975791
vt -0.131067 0.976007
vt -0.118504 0.857025
vt -0.116015 0.857919
vt -0.116149 0.859994
vt -0.118659 0.859421
vt -0.026149 0.768291
vt -0.024227 0.770175
vt -0.024673 0.770968
vt -0.026663 0.769207
vt 0.203816 0.895483
vt 0.203011 0.897791
vt 0.202645 0.897346
vt 0.203181 0.894711
vt 0.235826 0.957779
vt 0.234307 0.958816
vt 0.234120 0.957569
vt 0.235502 0.955619
vt 0.239057 0.975793
vt 0.237418 0.975205
vt 0.237418 0.973598
vt 0.239057 0.973010
vt 0.235502 0.997573
vt 0.234119 0.995623
vt 0.234306 0.994377
vt 0.235826 0.995414
vt 0.203180 1.066623
vt 0.202643 1.063989
vt 0.203009 1.063543
vt 0.203814 1.065851
vt 0.102087 1.124775
vt 0.102892 1.122466
vt 0.103259 1.122912
vt 0.102722 1.125546
vt 0.016871 1.074171
vt 0.018391 1.073134
vt 0.018578 1.074381
vt 0.017196 1.076330
vt -0.008020 0.973008
vt -0.006380 0.973597
vt -0.006380 0.975203
vt -0.008020 0.975792
vt 0.017197 0.876859
vt 0.018579 0.878808
vt 0.018392 0.880055
vt 0.016873 0.879018
vt 0.102725 0.835786
vt 0.103261 0.838420
vt 0.102895 0.838866
vt 0.102090 0.836558
vt 0.173145 0.934758
vt 0.172709 0.936958
vt 0.172764 0.934268
vt 0.192327 0.953515
vt 0.191581 0.954391
vt 0.192096 0.952222
vt 0.198602 0.975205
vt 0.197831 0.974402
vt 0.198602 0.973598
vt 0.192096 0.997123
vt 0.191581 0.994954
vt 0.192327 0.995830
vt 0.172763 1.015967
vt 0.172709 1.013277
vt 0.173144 1.015477
vt 0.144712 1.021356
vt 0.145148 1.019155
vt 0.145093 1.021845
vt 0.119946 1.005174
vt 0.120693 1.004298
vt 0.120178 1.006467
vt 0.110365 0.973597
vt 0.111136 0.974401
vt 0.110365 0.975204
vt 0.120178 0.942877
vt 0.120693 0.945046
vt 0.119947 0.944170
vt 0.145094 0.928389
vt 0.145148 0.931079
vt 0.144713 0.928879
vt 0.265619 1.010120
vt 0.266205 1.010880
vt 0.237968 1.032616
vt 0.237383 1.031856
vt 0.213819 0.986752
vt 0.214164 0.987648
vt 0.180908 1.000448
vt 0.180564 0.999552
vt 0.097184 0.791314
vt 0.097770 0.792075
vt 0.069533 0.813812
vt 0.068948 0.813051
vt -0.266205 1.010880
vt -0.265619 1.010120
vt -0.237383 1.031856
vt -0.237968 1.032616
vt -0.214164 0.987648
vt -0.213819 0.986752
vt -0.180564 0.999552
vt -0.180908 1.000448
vt -0.097770 0.792075
vt -0.097184 0.791314
vt -0.068948 0.813051
vt -0.069533 0.813812
vt -0.158588 1.064444
vt -0.158588 1.065404
vt -0.159420 1.065884
vt -0.160251 1.065404
vt -0.160251 1.064444
vt -0.159420 1.063964
vt 0.159420 1.063964
vt 0.160251 1.064444
vt 0.160251 1.065404
vt 0.159420 1.065884
vt 0.158588 1.065404
vt 0.158588 1.064444
vt -0.142156 1.039617
vt -0.141775 1.039128
vt -0.141720 1.041818
vt -0.112624 1.022293
vt -0.112392 1.021000
vt -0.111878 1.023169
vt -0.101127 0.988004
vt -0.101127 0.986397
vt -0.100355 0.987201
vt -0.112393 0.953673
vt -0.112624 0.952380
vt -0.111878 0.951504
vt -0.141776 0.935991
vt -0.142157 0.935501
vt -0.141721 0.933300
vt -0.175701 0.941380
vt -0.176082 0.941869
vt -0.176136 0.939179
vt -0.199650 0.961725
vt -0.199881 0.963018
vt -0.200396 0.960849
vt -0.207840 0.986398
vt -0.207840 0.988005
vt -0.208611 0.987202
vt -0.199881 1.011656
vt -0.199649 1.012949
vt -0.200395 1.013825
vt -0.176081 1.033249
vt -0.175700 1.033739
vt -0.176136 1.035940
vt -0.091708 1.155673
vt -0.092513 1.153365
vt -0.091878 1.152593
vt -0.091342 1.155227
vt 0.006401 1.097240
vt 0.004882 1.096203
vt 0.005206 1.094044
vt 0.006588 1.095994
vt 0.034609 0.988003
vt 0.032970 0.988591
vt 0.032970 0.985808
vt 0.034609 0.986396
vt 0.006587 0.880601
vt 0.005205 0.882551
vt 0.004881 0.880391
vt 0.006400 0.879354
vt -0.091345 0.825440
vt -0.091882 0.828074
vt -0.092516 0.827302
vt -0.091711 0.824994
vt -0.214195 0.883919
vt -0.213390 0.886228
vt -0.214025 0.886999
vt -0.214561 0.884365
vt -0.259098 0.958115
vt -0.257579 0.959152
vt -0.257903 0.961311
vt -0.259286 0.959361
vt -0.265647 0.986398
vt -0.264007 0.985810
vt -0.264007 0.988593
vt -0.265647 0.988005
vt -0.259285 1.017237
vt -0.257903 1.015287
vt -0.257579 1.017447
vt -0.259098 1.018484
vt -0.214559 1.096305
vt -0.214022 1.093670
vt -0.213388 1.094442
vt -0.214193 1.096750
vt 0.052204 1.235255
vt 0.050213 1.233493
vt 0.050728 1.232577
vt 0.052650 1.234461
vt 0.151762 1.114346
vt 0.149252 1.113774
vt 0.149407 1.111377
vt 0.151896 1.112271
vt 0.164953 0.988591
vt 0.162406 0.988807
vt 0.162406 0.985593
vt 0.164953 0.985808
vt 0.151896 0.866619
vt 0.149407 0.867513
vt 0.149251 0.865117
vt 0.151761 0.864544
vt 0.052645 0.755234
vt 0.050723 0.757118
vt 0.050208 0.756202
vt 0.052199 0.754440
vt -0.267017 0.970130
vt -0.265026 0.971892
vt -0.265541 0.972808
vt -0.267463 0.970924
vt -0.256620 1.034899
vt -0.254110 1.035471
vt -0.254266 1.037867
vt -0.256755 1.036974
vt -0.251417 0.985809
vt -0.248869 0.985594
vt -0.248869 0.988808
vt -0.251417 0.988592
vt -0.256755 0.941920
vt -0.254266 0.941026
vt -0.254111 0.943422
vt -0.256621 0.943995
vt -0.267462 1.018780
vt -0.265541 1.016896
vt -0.265026 1.017813
vt -0.267016 1.019574
vt 0.266056 0.969539
vt 0.264066 0.971300
vt 0.263620 0.970506
vt 0.265541 0.968622
vt 0.254924 1.034142
vt 0.252414 1.034715
vt 0.252279 1.032640
vt 0.254768 1.031746
vt 0.249540 0.988808
vt 0.246992 0.988592
vt 0.246992 0.985809
vt 0.249540 0.985594
vt 0.254769 0.947147
vt 0.252280 0.946253
vt 0.252414 0.944178
vt 0.254924 0.944751
vt 0.265540 1.021082
vt 0.263619 1.019198
vt 0.264065 1.018404
vt 0.266055 1.020165
vt -0.051243 1.235846
vt -0.049253 1.234085
vt -0.048807 1.234879
vt -0.050728 1.236763
vt -0.150065 1.115102
vt -0.147555 1.114530
vt -0.147421 1.116605
vt -0.149910 1.117499
vt -0.163076 0.985593
vt -0.160529 0.985808
vt -0.160529 0.988591
vt -0.163076 0.988807
vt -0.149909 0.861392
vt -0.147420 0.862286
vt -0.147555 0.864361
vt -0.150065 0.863788
vt -0.050723 0.752932
vt -0.048802 0.754816
vt -0.049248 0.755610
vt -0.051238 0.753849
vt 0.213193 0.884239
vt 0.212388 0.886547
vt 0.212022 0.886101
vt 0.212558 0.883467
vt 0.256105 0.958805
vt 0.254586 0.959842
vt 0.254399 0.958595
vt 0.255781 0.956646
vt 0.261975 0.988593
vt 0.260336 0.988005
vt 0.260336 0.986398
vt 0.261975 0.985810
vt 0.255781 1.019953
vt 0.254398 1.018003
vt 0.254586 1.016756
vt 0.256105 1.017793
vt 0.212556 1.097203
vt 0.212020 1.094568
vt 0.212386 1.094123
vt 0.213191 1.096431
vt 0.092710 1.155354
vt 0.093515 1.153046
vt 0.093881 1.153491
vt 0.093345 1.156126
vt -0.003408 1.096550
vt -0.001889 1.095513
vt -0.001702 1.096760
vt -0.003084 1.098709
vt -0.030938 0.985808
vt -0.029298 0.986396
vt -0.029298 0.988003
vt -0.030938 0.988591
vt -0.003083 0.877885
vt -0.001700 0.879835
vt -0.001887 0.881082
vt -0.003407 0.880045
vt 0.093348 0.824541
vt 0.093884 0.827176
vt 0.093518 0.827621
vt 0.092713 0.825313
vt 0.175756 0.939413
vt 0.175320 0.941614
vt 0.175375 0.938924
vt 0.199042 0.961452
vt 0.198296 0.962328
vt 0.198811 0.960159
vt 0.206814 0.988005
vt 0.206043 0.987202
vt 0.206814 0.986398
vt 0.198810 1.014515
vt 0.198295 1.012346
vt 0.199042 1.013222
vt 0.175374 1.036195
vt 0.175319 1.033505
vt 0.175755 1.035705
vt 0.142101 1.041584
vt 0.142537 1.039383
vt 0.142482 1.042073
vt 0.113231 1.022566
vt 0.113978 1.021690
vt 0.113463 1.023859
vt 0.102153 0.986397
vt 0.102924 0.987201
vt 0.102153 0.988004
vt 0.113463 0.950813
vt 0.113978 0.952982
vt 0.113232 0.952107
vt 0.142483 0.933045
vt 0.142538 0.935735
vt 0.142102 0.933535
vt 0.097772 1.207924
vt 0.097186 1.208685
vt 0.068950 1.186948
vt 0.069535 1.186188
vt 0.214164 1.012352
vt 0.213819 1.013248
vt 0.180564 1.000448
vt 0.180908 0.999552
vt 0.266205 0.989124
vt 0.265619 0.989885
vt 0.237383 0.968148
vt 0.237969 0.967388
vt -0.097186 1.208685
vt -0.097772 1.207924
vt -0.069535 1.186188
vt -0.068950 1.186948
vt -0.213819 1.013248
vt -0.214164 1.012352
vt -0.180908 0.999552
vt -0.180564 1.000448
vt -0.265619 0.989885
vt -0.266205 0.989124
vt -0.237969 0.967388
vt -0.237383 0.968149
vt -0.158589 0.934599
vt -0.158589 0.935559
vt -0.159421 0.936039
vt -0.160252 0.935559
vt -0.160252 0.934599
vt -0.159421 0.934119
vt 0.159421 0.934119
vt 0.160252 0.934599
vt 0.160252 0.935559
vt 0.159421 0.936039
vt 0.158589 0.935559
vt 0.158589 0.934599
vt -0.142156 1.064501
vt -0.141775 1.064012
vt -0.141720 1.066702
vt -0.112623 1.047622
vt -0.112392 1.046329
vt -0.111877 1.048498
vt -0.101126 1.013604
vt -0.101126 1.011997
vt -0.100355 1.012801
vt -0.112393 0.979002
vt -0.112624 0.977709
vt -0.111878 0.976833
vt -0.141776 0.960875
vt -0.142157 0.960385
vt -0.141721 0.958184
vt -0.175701 0.966264
vt -0.176082 0.966753
vt -0.176136 0.964063
vt -0.199650 0.987054
vt -0.199881 0.988347
vt -0.200396 0.986178
vt -0.207840 1.011998
vt -0.207840 1.013605
vt -0.208611 1.012802
vt -0.199880 1.036985
vt -0.199649 1.038278
vt -0.200395 1.039154
vt -0.176081 1.058133
vt -0.175700 1.058623
vt -0.176135 1.060824
vt -0.091708 1.175008
vt -0.092513 1.172700
vt -0.091878 1.171928
vt -0.091342 1.174562
vt 0.006401 1.120646
vt 0.004882 1.119609
vt 0.005206 1.117449
vt 0.006588 1.119399
vt 0.034609 1.013603
vt 0.032970 1.014191
vt 0.032970 1.011408
vt 0.034609 1.011996
vt 0.006587 0.904006
vt 0.005205 0.905956
vt 0.004881 0.903796
vt 0.006400 0.902759
vt -0.091345 0.844774
vt -0.091881 0.847409
vt -0.092516 0.846637
vt -0.091711 0.844329
vt -0.214195 0.903254
vt -0.213390 0.905562
vt -0.214024 0.906334
vt -0.214561 0.903700
vt -0.259098 0.981520
vt -0.257579 0.982557
vt -0.257903 0.984717
vt -0.259285 0.982767
vt -0.265647 1.011998
vt -0.264007 1.011410
vt -0.264007 1.014193
vt -0.265647 1.013605
vt -0.259285 1.040642
vt -0.257903 1.038693
vt -0.257578 1.040852
vt -0.259098 1.041889
vt -0.214559 1.115639
vt -0.214022 1.113005
vt -0.213387 1.113777
vt -0.214192 1.116085
vt 0.052204 1.245559
vt 0.050214 1.243797
vt 0.050728 1.242881
vt 0.052650 1.244765
vt 0.151762 1.135455
vt 0.149252 1.134883
vt 0.149407 1.132486
vt 0.151896 1.133380
vt 0.164953 1.014192
vt 0.162406 1.014407
vt 0.162406 1.011193
vt 0.164953 1.011408
vt 0.151896 0.887728
vt 0.149407 0.888622
vt 0.149251 0.886226
vt 0.151761 0.885653
vt 0.052645 0.765538
vt 0.050723 0.767422
vt 0.050209 0.766506
vt 0.052199 0.764744
vt -0.267017 0.980434
vt -0.265026 0.982196
vt -0.265541 0.983112
vt -0.267462 0.981228
vt -0.256620 1.056008
vt -0.254110 1.056580
vt -0.254266 1.058976
vt -0.256755 1.058083
vt -0.251417 1.011409
vt -0.248869 1.011194
vt -0.248869 1.014408
vt -0.251417 1.014192
vt -0.256755 0.963029
vt -0.254266 0.962135
vt -0.254111 0.964531
vt -0.256621 0.965104
vt -0.267462 1.029084
vt -0.265540 1.027200
vt -0.265026 1.028117
vt -0.267016 1.029878
vt 0.266056 0.979843
vt 0.264066 0.981604
vt 0.263620 0.980810
vt 0.265541 0.978926
vt 0.254924 1.055251
vt 0.252414 1.055824
vt 0.252279 1.053749
vt 0.254768 1.052855
vt 0.249540 1.014408
vt 0.246992 1.014192
vt 0.246992 1.011409
vt 0.249540 1.011194
vt 0.254769 0.968256
vt 0.252280 0.967362
vt 0.252414 0.965287
vt 0.254924 0.965860
vt 0.265540 1.031386
vt 0.263619 1.029502
vt 0.264065 1.028708
vt 0.266055 1.030470
vt -0.051243 1.246150
vt -0.049253 1.244389
vt -0.048807 1.245183
vt -0.050728 1.247067
vt -0.150065 1.136211
vt -0.147555 1.135639
vt -0.147421 1.137714
vt -0.149910 1.138608
vt -0.163076 1.011193
vt -0.160529 1.011408
vt -0.160529 1.014191
vt -0.163076 1.014407
vt -0.149909 0.882501
vt -0.147420 0.883395
vt -0.147555 0.885470
vt -0.150065 0.884897
vt -0.050723 0.763236
vt -0.048802 0.765120
vt -0.049248 0.765914
vt -0.051238 0.764153
vt 0.213193 0.903574
vt 0.212388 0.905882
vt 0.212021 0.905436
vt 0.212558 0.902802
vt 0.256105 0.982211
vt 0.254586 0.983248
vt 0.254399 0.982001
vt 0.255781 0.980051
vt 0.261975 1.014193
vt 0.260336 1.013605
vt 0.260336 1.011998
vt 0.261975 1.011410
vt 0.255780 1.043358
vt 0.254398 1.041409
vt 0.254585 1.040162
vt 0.256105 1.041199
vt 0.212556 1.116537
vt 0.212019 1.113903
vt 0.212386 1.113457
vt 0.213191 1.115766
vt 0.092710 1.174688
vt 0.093515 1.172380
vt 0.093881 1.172826
vt 0.093345 1.175460
vt -0.003408 1.119955
vt -0.001889 1.118918
vt -0.001702 1.120165
vt -0.003084 1.122115
vt -0.030938 1.011408
vt -0.029298 1.011996
vt -0.029298 1.013603
vt -0.030938 1.014191
vt -0.003083 0.901291
vt -0.001700 0.903240
vt -0.001888 0.904487
vt -0.003407 0.903450
vt 0.093348 0.843876
vt 0.093884 0.846511
vt 0.093518 0.846956
vt 0.092713 0.844648
vt 0.175755 0.964297
vt 0.175320 0.966498
vt 0.175375 0.963808
vt 0.199042 0.986781
vt 0.198296 0.987657
vt 0.198811 0.985488
vt 0.206814 1.013605
vt 0.206042 1.012802
vt 0.206814 1.011998
vt 0.198810 1.039844
vt 0.198295 1.037675
vt 0.199041 1.038551
vt 0.175374 1.061079
vt 0.175319 1.058389
vt 0.175755 1.060589
vt 0.142101 1.066468
vt 0.142537 1.064267
vt 0.142482 1.066957
vt 0.113231 1.047895
vt 0.113977 1.047019
vt 0.113462 1.049188
vt 0.102152 1.011997
vt 0.102924 1.012801
vt 0.102152 1.013604
vt 0.113463 0.976142
vt 0.113978 0.978311
vt 0.113232 0.977435
vt 0.142483 0.957929
vt 0.142537 0.960619
vt 0.142102 0.958418
vt -0.047214 1.025600
vt -0.048174 1.025600
vt -0.048174 1.000000
vt -0.047214 1.000000
vt 0.181216 1.025600
vt 0.180256 1.025600
vt 0.180256 1.000000
vt 0.181216 1.000000
vt 0.228910 1.025602
vt 0.227950 1.025602
vt 0.227950 1.000002
vt 0.228910 1.000002
vt 0.048174 1.025600
vt 0.047214 1.025600
vt 0.047214 1.000000
vt 0.048174 1.000000
vt -0.180256 1.025600
vt -0.181216 1.025600
vt -0.181216 1.000000
vt -0.180256 1.000000
vt -0.227950 1.025602
vt -0.228910 1.025602
vt -0.228910 1.000002
vt -0.227950 1.000002
vt -0.152708 1.186199
vt -0.151761 1.186041
vt -0.151151 1.186782
vt -0.151488 1.187681
vt -0.152435 1.187839
vt -0.153045 1.187098
vt 0.153045 1.187098
vt 0.152435 1.187839
vt 0.151488 1.187681
vt 0.151151 1.186782
vt 0.151761 1.186041
vt 0.152708 1.186199
vt -0.144766 1.069157
vt -0.144386 1.068668
vt -0.144331 1.071358
vt -0.119338 1.055559
vt -0.119107 1.054266
vt -0.118592 1.056435
vt -0.109338 1.026404
vt -0.109338 1.024797
vt -0.108567 1.025601
vt -0.119107 0.996394
vt -0.119339 0.995101
vt -0.118593 0.994225
vt -0.144386 0.981103
vt -0.144767 0.980613
vt -0.144332 0.978412
vt -0.173090 0.986492
vt -0.173471 0.986982
vt -0.173525 0.984291
vt -0.192934 1.004446
vt -0.193166 1.005739
vt -0.193681 1.003570
vt -0.199627 1.024798
vt -0.199627 1.026405
vt -0.200398 1.025602
vt -0.193165 1.044922
vt -0.192934 1.046215
vt -0.193680 1.047091
vt -0.173470 1.062789
vt -0.173089 1.063279
vt -0.173525 1.065480
vt -0.101085 1.163763
vt -0.101890 1.161455
vt -0.101255 1.160683
vt -0.100719 1.163318
vt -0.013878 1.121673
vt -0.015397 1.120636
vt -0.015073 1.118476
vt -0.013691 1.120426
vt 0.011691 1.026403
vt 0.010052 1.026992
vt 0.010052 1.024208
vt 0.011691 1.024796
vt -0.013692 0.926386
vt -0.015074 0.928335
vt -0.015399 0.926176
vt -0.013879 0.925139
vt -0.100721 0.875354
vt -0.101258 0.877988
vt -0.101893 0.877216
vt -0.101088 0.874908
vt -0.204817 0.933833
vt -0.204012 0.936142
vt -0.204647 0.936913
vt -0.205184 0.934279
vt -0.238819 1.003899
vt -0.237299 1.004936
vt -0.237624 1.007096
vt -0.239006 1.005146
vt -0.242729 1.024798
vt -0.241089 1.024210
vt -0.241089 1.026993
vt -0.242729 1.026405
vt -0.239006 1.041669
vt -0.237623 1.039719
vt -0.237299 1.041879
vt -0.238818 1.042916
vt -0.205182 1.104395
vt -0.204645 1.101760
vt -0.204011 1.102532
vt -0.204816 1.104840
vt 0.027629 1.230201
vt 0.025639 1.228439
vt 0.026154 1.227523
vt 0.028075 1.229407
vt 0.120356 1.139822
vt 0.117846 1.139249
vt 0.118002 1.136853
vt 0.120491 1.137747
vt 0.132944 1.026991
vt 0.130396 1.027207
vt 0.130396 1.023993
vt 0.132944 1.024208
vt 0.120490 0.904471
vt 0.118001 0.905364
vt 0.117846 0.902968
vt 0.120356 0.902395
vt 0.028070 0.791201
vt 0.026149 0.793085
vt 0.025634 0.792168
vt 0.027624 0.790407
vt -0.242441 1.006096
vt -0.240451 1.007858
vt -0.240966 1.008774
vt -0.242887 1.006890
vt -0.225215 1.072749
vt -0.222705 1.073322
vt -0.222860 1.075718
vt -0.225349 1.074825
vt -0.219407 1.024209
vt -0.216860 1.023994
vt -0.216860 1.027208
vt -0.219407 1.026992
vt -0.225350 0.967395
vt -0.222861 0.966502
vt -0.222705 0.968898
vt -0.225215 0.969471
vt -0.242887 1.013725
vt -0.240966 1.011841
vt -0.240451 1.012758
vt -0.242441 1.014519
vt 0.241481 1.005505
vt 0.239490 1.007266
vt 0.239045 1.006472
vt 0.240966 1.004588
vt 0.223518 1.071993
vt 0.221008 1.072566
vt 0.220874 1.070491
vt 0.223363 1.069597
vt 0.217531 1.027208
vt 0.214983 1.026992
vt 0.214983 1.024209
vt 0.217531 1.023994
vt 0.223363 0.972623
vt 0.220874 0.971729
vt 0.221009 0.969654
vt 0.223518 0.970227
vt 0.240966 1.016027
vt 0.239045 1.014143
vt 0.239490 1.013350
vt 0.241481 1.015111
vt -0.026668 1.230792
vt -0.024678 1.229031
vt -0.024232 1.229825
vt -0.026154 1.231709
vt -0.118660 1.140578
vt -0.116150 1.140005
vt -0.116015 1.142081
vt -0.118504 1.142974
vt -0.131067 1.023993
vt -0.128520 1.024208
vt -0.128520 1.026991
vt -0.131067 1.027207
vt -0.118504 0.899243
vt -0.116015 0.900137
vt -0.116149 0.902212
vt -0.118659 0.901639
vt -0.026149 0.788899
vt -0.024227 0.790783
vt -0.024673 0.791577
vt -0.026664 0.789815
vt 0.203816 0.934153
vt 0.203011 0.936461
vt 0.202644 0.936015
vt 0.203181 0.933381
vt 0.235826 1.004590
vt 0.234306 1.005627
vt 0.234119 1.004380
vt 0.235501 1.002430
vt 0.239057 1.026993
vt 0.237418 1.026405
vt 0.237418 1.024798
vt 0.239057 1.024210
vt 0.235501 1.044385
vt 0.234119 1.042435
vt 0.234306 1.041188
vt 0.235825 1.042225
vt 0.203179 1.105293
vt 0.202643 1.102658
vt 0.203009 1.102213
vt 0.203814 1.104521
vt 0.102087 1.163444
vt 0.102892 1.161136
vt 0.103258 1.161582
vt 0.102722 1.164216
vt 0.016871 1.120982
vt 0.018391 1.119945
vt 0.018578 1.121192
vt 0.017195 1.123142
vt -0.008020 1.024208
vt -0.006380 1.024796
vt -0.006380 1.026403
vt -0.008020 1.026991
vt 0.017196 0.923670
vt 0.018579 0.925620
vt 0.018392 0.926867
vt 0.016872 0.925830
vt 0.102724 0.874456
vt 0.103261 0.877090
vt 0.102894 0.877536
vt 0.102089 0.875227
vt 0.173144 0.984526
vt 0.172709 0.986726
vt 0.172764 0.984036
vt 0.192327 1.004173
vt 0.191581 1.005049
vt 0.192096 1.002880
vt 0.198601 1.026405
vt 0.197830 1.025602
vt 0.198601 1.024798
vt 0.192095 1.047781
vt 0.191580 1.045612
vt 0.192326 1.046488
vt 0.172763 1.065735
vt 0.172708 1.063045
vt 0.173144 1.065245
vt 0.144712 1.071124
vt 0.145147 1.068923
vt 0.145093 1.071613
vt 0.119946 1.055832
vt 0.120692 1.054956
vt 0.120177 1.057125
vt 0.110365 1.024797
vt 0.111136 1.025601
vt 0.110365 1.026404
vt 0.120178 0.993534
vt 0.120693 0.995703
vt 0.119946 0.994828
vt 0.145093 0.978157
vt 0.145148 0.980847
vt 0.144712 0.978647
vt 0.041297 0.835548
vt 0.040712 0.834787
vt 0.068948 0.813051
vt 0.069533 0.813812
vt 0.147653 1.013248
vt 0.147308 1.012352
vt 0.180564 0.999552
vt 0.180908 1.000448
vt 0.209732 1.054353
vt 0.209146 1.053592
vt 0.237383 1.031856
vt 0.237968 1.032616
vt -0.040712 0.834787
vt -0.041297 0.835548
vt -0.069533 0.813812
vt -0.068948 0.813051
vt -0.147308 1.012352
vt -0.147653 1.013248
vt -0.180908 1.000448
vt -0.180564 0.999552
vt -0.209146 1.053592
vt -0.209732 1.054353
vt -0.237968 1.032616
vt -0.237383 1.031856
vt 0.158588 1.065404
vt 0.158588 1.064444
vt 0.159420 1.063964
vt 0.160251 1.064444
vt 0.160251 1.065404
vt 0.159420 1.065884
vt -0.159420 1.065884
vt -0.160251 1.065404
vt -0.160251 1.064444
vt -0.159420 1.063964
vt -0.158588 1.064444
vt -0.158588 1.065404
vt -0.147377 1.048929
vt -0.146996 1.048439
vt -0.146942 1.051130
vt -0.126053 1.038167
vt -0.125822 1.036874
vt -0.125307 1.039043
vt -0.117551 1.013604
vt -0.117551 1.011997
vt -0.116780 1.012801
vt -0.125822 0.988457
vt -0.126054 0.987164
vt -0.125308 0.986288
vt -0.146997 0.976447
vt -0.147378 0.975957
vt -0.146942 0.973756
vt -0.170479 0.981836
vt -0.170860 0.982326
vt -0.170915 0.979635
vt -0.186220 0.996509
vt -0.186451 0.997802
vt -0.186966 0.995633
vt -0.191415 1.011998
vt -0.191415 1.013605
vt -0.192186 1.012802
vt -0.186451 1.027530
vt -0.186219 1.028823
vt -0.186966 1.029699
vt -0.170860 1.042561
vt -0.170479 1.043051
vt -0.170914 1.045251
vt -0.110462 1.133184
vt -0.111267 1.130876
vt -0.110633 1.130104
vt -0.110096 1.132739
vt -0.034157 1.099294
vt -0.035677 1.098257
vt -0.035353 1.096097
vt -0.033970 1.098047
vt -0.011227 1.013603
vt -0.012866 1.014192
vt -0.012866 1.011408
vt -0.011227 1.011997
vt -0.033971 0.925359
vt -0.035354 0.927309
vt -0.035678 0.925149
vt -0.034159 0.924112
vt -0.110098 0.886598
vt -0.110635 0.889233
vt -0.111270 0.888461
vt -0.110465 0.886153
vt -0.195440 0.945078
vt -0.194635 0.947386
vt -0.195270 0.948158
vt -0.195807 0.945524
vt -0.218539 1.002873
vt -0.217020 1.003910
vt -0.217344 1.006069
vt -0.218727 1.004120
vt -0.219811 1.011998
vt -0.218171 1.011410
vt -0.218171 1.014193
vt -0.219811 1.013605
vt -0.218726 1.019289
vt -0.217344 1.017340
vt -0.217020 1.019499
vt -0.218539 1.020536
vt -0.195805 1.073815
vt -0.195269 1.071181
vt -0.194634 1.071953
vt -0.195439 1.074261
vt 0.003054 1.204538
vt 0.001064 1.202777
vt 0.001578 1.201861
vt 0.003500 1.203745
vt 0.088951 1.123080
vt 0.086441 1.122507
vt 0.086596 1.120111
vt 0.089085 1.121005
vt 0.100935 1.014192
vt 0.098387 1.014407
vt 0.098387 1.011193
vt 0.100935 1.011408
vt 0.089085 0.900104
vt 0.086596 0.900998
vt 0.086440 0.898601
vt 0.088950 0.898029
vt 0.003496 0.806559
vt 0.001574 0.808443
vt 0.001059 0.807527
vt 0.003050 0.805766
vt -0.217866 1.021454
vt -0.215876 1.023215
vt -0.216391 1.024132
vt -0.218312 1.022248
vt -0.193809 1.068383
vt -0.191299 1.068955
vt -0.191455 1.071351
vt -0.193944 1.070458
vt -0.187398 1.011409
vt -0.184851 1.011194
vt -0.184851 1.014408
vt -0.187398 1.014192
vt -0.193944 0.950653
vt -0.191455 0.949759
vt -0.191300 0.952155
vt -0.193810 0.952728
vt -0.218313 0.988063
vt -0.216392 0.986179
vt -0.215877 0.987095
vt -0.217867 0.988856
vt 0.216906 1.020863
vt 0.214915 1.022624
vt 0.214470 1.021830
vt 0.216391 1.019946
vt 0.192113 1.067626
vt 0.189603 1.068199
vt 0.189468 1.066124
vt 0.191957 1.065230
vt 0.185521 1.014408
vt 0.182974 1.014192
vt 0.182974 1.011409
vt 0.185521 1.011194
vt 0.191958 0.955881
vt 0.189469 0.954987
vt 0.189603 0.952911
vt 0.192113 0.953484
vt 0.216391 0.990365
vt 0.214470 0.988481
vt 0.214916 0.987687
vt 0.216906 0.989448
vt -0.002093 1.205130
vt -0.000103 1.203369
vt 0.000343 1.204163
vt -0.001579 1.206047
vt -0.087254 1.123836
vt -0.084744 1.123263
vt -0.084610 1.125339
vt -0.087099 1.126232
vt -0.099058 1.011193
vt -0.096510 1.011408
vt -0.096510 1.014192
vt -0.099058 1.014407
vt -0.087098 0.894876
vt -0.084609 0.895770
vt -0.084744 0.897845
vt -0.087254 0.897273
vt -0.001574 0.804257
vt 0.000347 0.806141
vt -0.000099 0.806935
vt -0.002089 0.805174
vt 0.194439 0.945397
vt 0.193634 0.947705
vt 0.193267 0.947260
vt 0.193804 0.944625
vt 0.215546 1.003563
vt 0.214027 1.004600
vt 0.213840 1.003353
vt 0.215222 1.001404
vt 0.216139 1.014193
vt 0.214500 1.013605
vt 0.214500 1.011998
vt 0.216139 1.011410
vt 0.215222 1.022005
vt 0.213840 1.020056
vt 0.214027 1.018809
vt 0.215546 1.019846
vt 0.193803 1.074713
vt 0.193266 1.072079
vt 0.193632 1.071633
vt 0.194437 1.073942
vt 0.111464 1.132865
vt 0.112269 1.130557
vt 0.112635 1.131002
vt 0.112099 1.133637
vt 0.037151 1.098603
vt 0.038670 1.097566
vt 0.038857 1.098813
vt 0.037475 1.100763
vt 0.014898 1.011408
vt 0.016538 1.011997
vt 0.016538 1.013603
vt 0.014898 1.014192
vt 0.037476 0.922644
vt 0.038858 0.924593
vt 0.038671 0.925840
vt 0.037152 0.924803
vt 0.112101 0.885700
vt 0.112638 0.888335
vt 0.112271 0.888780
vt 0.111466 0.886472
vt 0.170534 0.979870
vt 0.170098 0.982070
vt 0.170153 0.979380
vt 0.185612 0.996236
vt 0.184866 0.997112
vt 0.185381 0.994943
vt 0.190389 1.013605
vt 0.189618 1.012802
vt 0.190389 1.011998
vt 0.185380 1.030389
vt 0.184866 1.028220
vt 0.185612 1.029096
vt 0.170152 1.045507
vt 0.170098 1.042816
vt 0.170533 1.045017
vt 0.147323 1.050895
vt 0.147758 1.048695
vt 0.147703 1.051385
vt 0.126661 1.038440
vt 0.127407 1.037564
vt 0.126892 1.039733
vt 0.118577 1.011997
vt 0.119348 1.012801
vt 0.118577 1.013604
vt 0.126893 0.985597
vt 0.127408 0.987767
vt 0.126661 0.986891
vt 0.147704 0.973501
vt 0.147759 0.976191
vt 0.147323 0.973991
vt 0.209147 0.946412
vt 0.209733 0.945651
vt 0.237969 0.967388
vt 0.237383 0.968149
vt 0.147308 0.987648
vt 0.147653 0.986752
vt 0.180908 0.999552
vt 0.180564 1.000448
vt 0.040713 1.165212
vt 0.041299 1.164451
vt 0.069535 1.186188
vt 0.068950 1.186948
vt -0.209733 0.945651
vt -0.209147 0.946412
vt -0.237383 0.968148
vt -0.237969 0.967388
vt -0.147653 0.986752
vt -0.147308 0.987648
vt -0.180564 1.000448
vt -0.180908 0.999552
vt -0.041299 1.164451
vt -0.040713 1.165212
vt -0.068950 1.186948
vt -0.069535 1.186188
vt 0.158589 0.935559
vt 0.158589 0.934599
vt 0.159421 0.934119
vt 0.160252 0.934599
vt 0.160252 0.935559
vt 0.159421 0.936039
vt -0.159421 0.936039
vt -0.160252 0.935559
vt -0.160252 0.934599
vt -0.159421 0.934119
vt -0.158589 0.934599
vt -0.158589 0.935559
vt -0.147377 1.024045
vt -0.146997 1.023555
vt -0.146942 1.026246
vt -0.126054 1.012838
vt -0.125822 1.011545
vt -0.125307 1.013714
vt -0.117551 0.988004
vt -0.117551 0.986397
vt -0.116780 0.987201
vt -0.125823 0.963128
vt -0.126054 0.961835
vt -0.125308 0.960959
vt -0.146997 0.951563
vt -0.147378 0.951073
vt -0.146942 0.948873
vt -0.170479 0.956952
vt -0.170860 0.957442
vt -0.170915 0.954751
vt -0.186220 0.971180
vt -0.186451 0.972473
vt -0.186966 0.970304
vt -0.191415 0.986398
vt -0.191415 0.988005
vt -0.192187 0.987202
vt -0.186451 1.002201
vt -0.186220 1.003494
vt -0.186966 1.004370
vt -0.170860 1.017677
vt -0.170479 1.018167
vt -0.170914 1.020367
vt -0.110463 1.113850
vt -0.111268 1.111541
vt -0.110633 1.110770
vt -0.110096 1.113404
vt -0.034158 1.075888
vt -0.035677 1.074851
vt -0.035353 1.072691
vt -0.033970 1.074641
vt -0.011227 0.988003
vt -0.012866 0.988592
vt -0.012866 0.985808
vt -0.011227 0.986397
vt -0.033972 0.901954
vt -0.035354 0.903903
vt -0.035678 0.901744
vt -0.034159 0.900707
vt -0.110098 0.867263
vt -0.110635 0.869898
vt -0.111270 0.869126
vt -0.110465 0.866818
vt -0.195440 0.925743
vt -0.194635 0.928051
vt -0.195270 0.928823
vt -0.195807 0.926189
vt -0.218540 0.979467
vt -0.217020 0.980504
vt -0.217344 0.982664
vt -0.218727 0.980714
vt -0.219811 0.986398
vt -0.218171 0.985810
vt -0.218171 0.988593
vt -0.219811 0.988005
vt -0.218727 0.995884
vt -0.217344 0.993934
vt -0.217020 0.996094
vt -0.218539 0.997131
vt -0.195806 1.054481
vt -0.195269 1.051846
vt -0.194634 1.052618
vt -0.195439 1.054926
vt 0.003054 1.194234
vt 0.001064 1.192473
vt 0.001578 1.191557
vt 0.003500 1.193441
vt 0.088951 1.101971
vt 0.086441 1.101398
vt 0.086596 1.099002
vt 0.089085 1.099896
vt 0.100935 0.988591
vt 0.098387 0.988807
vt 0.098387 0.985593
vt 0.100935 0.985808
vt 0.089085 0.878995
vt 0.086596 0.879889
vt 0.086440 0.877492
vt 0.088950 0.876920
vt 0.003495 0.796255
vt 0.001574 0.798139
vt 0.001059 0.797223
vt 0.003050 0.795461
vt -0.217867 1.011150
vt -0.215876 1.012911
vt -0.216391 1.013828
vt -0.218312 1.011944
vt -0.193809 1.047274
vt -0.191299 1.047846
vt -0.191455 1.050242
vt -0.193944 1.049349
vt -0.187398 0.985809
vt -0.184851 0.985594
vt -0.184851 0.988807
vt -0.187398 0.988592
vt -0.193944 0.929544
vt -0.191455 0.928650
vt -0.191300 0.931046
vt -0.193810 0.931619
vt -0.218313 0.977759
vt -0.216392 0.975875
vt -0.215877 0.976791
vt -0.217867 0.978552
vt 0.216906 1.010559
vt 0.214916 1.012320
vt 0.214470 1.011526
vt 0.216391 1.009642
vt 0.192113 1.046517
vt 0.189603 1.047090
vt 0.189468 1.045015
vt 0.191957 1.044121
vt 0.185521 0.988807
vt 0.182974 0.988592
vt 0.182974 0.985809
vt 0.185521 0.985594
vt 0.191958 0.934771
vt 0.189469 0.933878
vt 0.189603 0.931803
vt 0.192113 0.932375
vt 0.216392 0.980061
vt 0.214470 0.978177
vt 0.214916 0.977383
vt 0.216906 0.979144
vt -0.002093 1.194826
vt -0.000103 1.193065
vt 0.000343 1.193859
vt -0.001578 1.195743
vt -0.087254 1.102727
vt -0.084744 1.102154
vt -0.084610 1.104230
vt -0.087099 1.105123
vt -0.099058 0.985593
vt -0.096510 0.985808
vt -0.096510 0.988591
vt -0.099058 0.988807
vt -0.087098 0.873767
vt -0.084609 0.874661
vt -0.084744 0.876736
vt -0.087254 0.876164
vt -0.001574 0.793953
vt 0.000347 0.795837
vt -0.000099 0.796631
vt -0.002089 0.794870
vt 0.194439 0.926062
vt 0.193634 0.928371
vt 0.193267 0.927925
vt 0.193804 0.925291
vt 0.215547 0.980158
vt 0.214027 0.981195
vt 0.213840 0.979948
vt 0.215222 0.977998
vt 0.216139 0.988593
vt 0.214500 0.988005
vt 0.214500 0.986398
vt 0.216139 0.985810
vt 0.215222 0.998600
vt 0.213840 0.996650
vt 0.214027 0.995403
vt 0.215546 0.996440
vt 0.193803 1.055379
vt 0.193266 1.052744
vt 0.193633 1.052299
vt 0.194438 1.054607
vt 0.111464 1.113530
vt 0.112269 1.111222
vt 0.112636 1.111668
vt 0.112099 1.114302
vt 0.037151 1.075197
vt 0.038670 1.074160
vt 0.038857 1.075407
vt 0.037475 1.077357
vt 0.014898 0.985808
vt 0.016538 0.986397
vt 0.016538 0.988003
vt 0.014898 0.988592
vt 0.037476 0.899238
vt 0.038858 0.901188
vt 0.038671 0.902435
vt 0.037152 0.901398
vt 0.112101 0.866365
vt 0.112638 0.869000
vt 0.112271 0.869445
vt 0.111466 0.867137
vt 0.170534 0.954986
vt 0.170098 0.957186
vt 0.170153 0.954496
vt 0.185612 0.970907
vt 0.184866 0.971783
vt 0.185381 0.969614
vt 0.190389 0.988005
vt 0.189618 0.987201
vt 0.190389 0.986398
vt 0.185381 1.005060
vt 0.184866 1.002891
vt 0.185612 1.003767
vt 0.170153 1.020623
vt 0.170098 1.017932
vt 0.170533 1.020133
vt 0.147323 1.026011
vt 0.147758 1.023811
vt 0.147704 1.026501
vt 0.126661 1.013111
vt 0.127407 1.012235
vt 0.126892 1.014404
vt 0.118577 0.986397
vt 0.119348 0.987201
vt 0.118577 0.988004
vt 0.126893 0.960269
vt 0.127408 0.962438
vt 0.126662 0.961562
vt 0.147704 0.948617
vt 0.147759 0.951307
vt 0.147323 0.949107
vt -0.151510 1.032845
vt -0.151205 1.032358
vt -0.151168 1.036104
vt -0.134356 1.026145
vt -0.134134 1.024809
vt -0.133733 1.028053
vt -0.124125 1.010543
vt -0.124044 1.008708
vt -0.123389 1.010573
vt -0.124044 0.991294
vt -0.124125 0.989459
vt -0.123389 0.989429
vt -0.134135 0.975193
vt -0.134357 0.973857
vt -0.133733 0.971949
vt -0.151205 0.967644
vt -0.151511 0.967157
vt -0.151169 0.963899
vt -0.169733 0.970069
vt -0.170039 0.970556
vt -0.170075 0.966810
vt -0.184356 0.979634
vt -0.184578 0.980971
vt -0.184980 0.977727
vt -0.192116 0.992325
vt -0.192197 0.994161
vt -0.192851 0.992296
vt -0.192197 1.005842
vt -0.192116 1.007678
vt -0.192851 1.007707
vt -0.184578 1.019032
vt -0.184356 1.020369
vt -0.184980 1.022276
vt -0.170039 1.029447
vt -0.169733 1.029934
vt -0.170075 1.033192
vt -0.127684 1.109154
vt -0.128283 1.105803
vt -0.127725 1.104980
vt -0.127382 1.108708
vt -0.068066 1.090132
vt -0.069339 1.088040
vt -0.068962 1.085679
vt -0.067862 1.088855
vt -0.036684 1.034569
vt -0.038225 1.034360
vt -0.038097 1.030988
vt -0.036614 1.032744
vt -0.036615 0.967256
vt -0.038097 0.969012
vt -0.038226 0.965641
vt -0.036684 0.965431
vt -0.067863 0.911146
vt -0.068963 0.914322
vt -0.069340 0.911961
vt -0.068067 0.909869
vt -0.127384 0.891294
vt -0.127727 0.895022
vt -0.128285 0.894199
vt -0.127686 0.890848
vt -0.189561 0.918607
vt -0.188962 0.921957
vt -0.189520 0.922781
vt -0.189863 0.919053
vt -0.224543 0.961075
vt -0.223270 0.963168
vt -0.223647 0.965529
vt -0.224747 0.962353
vt -0.236260 0.989315
vt -0.234719 0.989524
vt -0.234848 0.992896
vt -0.236330 0.991140
vt -0.236330 1.008864
vt -0.234847 1.007107
vt -0.234719 1.010479
vt -0.236260 1.010689
vt -0.224746 1.037651
vt -0.223646 1.034475
vt -0.223269 1.036836
vt -0.224542 1.038928
vt -0.189861 1.080951
vt -0.189519 1.077222
vt -0.188961 1.078046
vt -0.189559 1.081396
vt -0.085437 1.180876
vt -0.086691 1.177512
vt -0.085999 1.176585
vt -0.084907 1.180166
vt 0.020901 1.140757
vt 0.018465 1.138769
vt 0.018843 1.135903
vt 0.021191 1.138564
vt 0.058165 1.051267
vt 0.055431 1.050941
vt 0.055546 1.046573
vt 0.058253 1.047924
vt 0.058253 0.952076
vt 0.055546 0.953426
vt 0.055431 0.949059
vt 0.058165 0.948733
vt 0.021189 0.861436
vt 0.018841 0.864097
vt 0.018463 0.861231
vt 0.020899 0.859242
vt -0.084911 0.819836
vt -0.086003 0.823417
vt -0.086695 0.822490
vt -0.085441 0.819126
vt -0.215808 0.908664
vt -0.214554 0.912027
vt -0.215246 0.912955
vt -0.216337 0.909374
vt -0.245824 0.992948
vt -0.243388 0.994936
vt -0.243766 0.997802
vt -0.246114 0.995142
vt -0.245438 1.004396
vt -0.242704 1.004722
vt -0.242819 1.009089
vt -0.245526 1.007738
vt -0.245526 0.992264
vt -0.242819 0.990914
vt -0.242704 0.995281
vt -0.245438 0.995607
vt -0.246114 1.004862
vt -0.243766 1.002202
vt -0.243388 1.005067
vt -0.245824 1.007056
vt -0.216335 1.090632
vt -0.215244 1.087051
vt -0.214551 1.087978
vt -0.215805 1.091342
vt 0.043719 1.225743
vt 0.040806 1.223419
vt 0.041304 1.222410
vt 0.044179 1.224811
vt 0.131729 1.140301
vt 0.128173 1.139396
vt 0.128336 1.136472
vt 0.131880 1.137599
vt 0.146516 1.049986
vt 0.142898 1.049822
vt 0.142942 1.045125
vt 0.146557 1.045647
vt 0.146557 0.954353
vt 0.142942 0.954875
vt 0.142898 0.950178
vt 0.146516 0.950014
vt 0.131880 0.862400
vt 0.128336 0.863528
vt 0.128172 0.860604
vt 0.131729 0.859699
vt 0.044173 0.775188
vt 0.041299 0.777589
vt 0.040801 0.776580
vt 0.043713 0.774256
vt -0.243975 1.012380
vt -0.241062 1.014704
vt -0.241560 1.015713
vt -0.244435 1.013312
vt -0.221663 1.073575
vt -0.218106 1.074480
vt -0.218270 1.077404
vt -0.221814 1.076276
vt -0.213581 1.029759
vt -0.209962 1.029923
vt -0.210007 1.034619
vt -0.213622 1.034098
vt -0.213622 0.965904
vt -0.210007 0.965382
vt -0.209962 0.970079
vt -0.213581 0.970243
vt -0.221815 0.923726
vt -0.218271 0.922598
vt -0.218107 0.925522
vt -0.221664 0.926427
vt -0.244435 0.986696
vt -0.241561 0.984296
vt -0.241062 0.985305
vt -0.243975 0.987629
vt 0.242058 1.010502
vt 0.239145 1.012826
vt 0.238685 1.011894
vt 0.241560 1.009493
vt 0.218881 1.069397
vt 0.215325 1.070302
vt 0.215173 1.067601
vt 0.218718 1.066473
vt 0.210629 1.030716
vt 0.207011 1.030880
vt 0.206970 1.026541
vt 0.210585 1.026020
vt 0.210585 0.973982
vt 0.206970 0.973460
vt 0.207011 0.969121
vt 0.210630 0.969285
vt 0.218718 0.933529
vt 0.215174 0.932401
vt 0.215325 0.929700
vt 0.218882 0.930605
vt 0.241560 0.990516
vt 0.238686 0.988115
vt 0.239146 0.987183
vt 0.242059 0.989507
vt -0.041802 1.227621
vt -0.038889 1.225297
vt -0.038429 1.226230
vt -0.041304 1.228630
vt -0.128947 1.144478
vt -0.125391 1.143573
vt -0.125239 1.146275
vt -0.128784 1.147402
vt -0.143565 1.049028
vt -0.139946 1.048864
vt -0.139905 1.053203
vt -0.143520 1.053725
vt -0.143520 0.946275
vt -0.139905 0.946797
vt -0.139946 0.951136
vt -0.143565 0.950972
vt -0.128783 0.852597
vt -0.125239 0.853725
vt -0.125390 0.856426
vt -0.128947 0.855521
vt -0.041298 0.771369
vt -0.038424 0.773769
vt -0.038884 0.774702
vt -0.041797 0.772378
vt 0.213363 0.908574
vt 0.212110 0.911938
vt 0.211580 0.911228
vt 0.212671 0.907647
vt 0.239926 0.991773
vt 0.237490 0.993761
vt 0.237200 0.991568
vt 0.239548 0.988907
vt 0.238451 1.006144
vt 0.235717 1.006470
vt 0.235629 1.003127
vt 0.238336 1.001777
vt 0.238336 0.998226
vt 0.235629 0.996875
vt 0.235717 0.993533
vt 0.238451 0.993859
vt 0.239547 1.011096
vt 0.237200 1.008436
vt 0.237490 1.006242
vt 0.239926 1.008230
vt 0.212669 1.092358
vt 0.211578 1.088777
vt 0.212107 1.088067
vt 0.213361 1.091431
vt 0.087881 1.180965
vt 0.089135 1.177602
vt 0.089665 1.178312
vt 0.088573 1.181893
vt -0.015003 1.141932
vt -0.012567 1.139944
vt -0.012277 1.142138
vt -0.014625 1.144798
vt -0.051179 1.049518
vt -0.048445 1.049193
vt -0.048356 1.052535
vt -0.051063 1.053886
vt -0.051063 0.946114
vt -0.048356 0.947465
vt -0.048444 0.950807
vt -0.051178 0.950481
vt -0.014623 0.855202
vt -0.012275 0.857862
vt -0.012565 0.860056
vt -0.015001 0.858068
vt 0.088578 0.818109
vt 0.089669 0.821690
vt 0.089139 0.822400
vt 0.087885 0.819037
vt 0.187841 0.919054
vt 0.187242 0.922404
vt 0.186940 0.921958
vt 0.187283 0.918230
vt 0.219416 0.961946
vt 0.218143 0.964039
vt 0.217939 0.962761
vt 0.219039 0.959586
vt 0.229457 0.991309
vt 0.227915 0.991518
vt 0.227846 0.989694
vt 0.229328 0.987937
vt 0.229328 1.012066
vt 0.227845 1.010310
vt 0.227915 1.008485
vt 0.229457 1.008694
vt 0.219039 1.040418
vt 0.217939 1.037242
vt 0.218142 1.035965
vt 0.219415 1.038057
vt 0.187282 1.081773
vt 0.186939 1.078045
vt 0.187241 1.077600
vt 0.187840 1.080950
vt 0.129404 1.108707
vt 0.130003 1.105357
vt 0.130304 1.105803
vt 0.129962 1.109531
vt 0.073193 1.089261
vt 0.074466 1.087168
vt 0.074669 1.088446
vt 0.073569 1.091622
vt 0.043488 1.032575
vt 0.045029 1.032365
vt 0.045099 1.034190
vt 0.043616 1.035946
vt 0.043617 0.964054
vt 0.045099 0.965810
vt 0.045030 0.967635
vt 0.043488 0.967426
vt 0.073571 0.908379
vt 0.074671 0.911555
vt 0.074467 0.912833
vt 0.073194 0.910740
vt 0.129964 0.890471
vt 0.130306 0.894200
vt 0.130004 0.894645
vt 0.129406 0.891295
vt 0.169464 0.967047
vt 0.169122 0.970305
vt 0.169158 0.966560
vt 0.183019 0.978357
vt 0.182395 0.980265
vt 0.182797 0.977021
vt 0.190083 0.993188
vt 0.189348 0.993217
vt 0.190003 0.991352
vt 0.190002 1.008651
vt 0.189348 1.006786
vt 0.190083 1.006815
vt 0.182797 1.022982
vt 0.182395 1.019738
vt 0.183019 1.021645
vt 0.169158 1.033443
vt 0.169121 1.029697
vt 0.169463 1.032956
vt 0.151780 1.035867
vt 0.152122 1.032609
vt 0.152086 1.036354
vt 0.135694 1.027422
vt 0.136317 1.025515
vt 0.135916 1.028759
vt 0.126157 1.009681
vt 0.126893 1.009651
vt 0.126238 1.011516
vt 0.126238 0.988486
vt 0.126893 0.990351
vt 0.126158 0.990321
vt 0.135916 0.971243
vt 0.136318 0.974487
vt 0.135694 0.972580
vt 0.152086 0.963648
vt 0.152122 0.967394
vt 0.151780 0.964135
vt 0.244675 0.876471
vt 0.243115 0.885727
vt 0.006454 0.845830
vt 0.008015 0.836575
vt 0.220736 0.887378
vt 0.220736 0.896764
vt -0.019264 0.896764
vt -0.019264 0.887378
vt 0.220736 0.947804
vt 0.220736 0.957190
vt -0.019264 0.957190
vt -0.019264 0.947804
vt 0.220736 1.012880
vt 0.220736 1.022266
vt -0.019264 1.022266
vt -0.019264 1.012880
vt 0.220736 1.076236
vt 0.220736 1.085622
vt -0.019264 1.085622
vt -0.019264 1.076236
vt 0.220736 1.131670
vt 0.220736 1.141056
vt -0.019264 1.141056
vt -0.019264 1.131670
vt 0.220736 1.173756
vt 0.220736 1.183142
vt -0.019264 1.183142
vt -0.019264 1.173756
vt 0.220736 1.198374
vt 0.220736 1.207760
vt -0.019264 1.207760
vt -0.019264 1.198374
vt 0.220735 1.203115
vt 0.220735 1.212501
vt -0.019265 1.212500
vt -0.019265 1.203114
vt -0.248836 0.851790
vt -0.250396 0.842535
vt -0.013736 0.802638
vt -0.012175 0.811894
vt -0.243115 0.885727
vt -0.244675 0.876471
vt -0.008015 0.836575
vt -0.006454 0.845830
vt -0.220736 0.896764
vt -0.220736 0.887378
vt 0.019264 0.887378
vt 0.019264 0.896764
vt -0.220736 0.957190
vt -0.220736 0.947804
vt 0.019264 0.947804
vt 0.019264 0.957190
vt -0.220736 1.022266
vt -0.220736 1.012880
vt 0.019264 1.012880
vt 0.019264 1.022266
vt -0.220736 1.085622
vt -0.220736 1.076236
vt 0.019264 1.076236
vt 0.019264 1.085622
vt -0.220736 1.141056
vt -0.220736 1.131670
vt 0.019264 1.131670
vt 0.019264 1.141056
vt -0.220736 1.183142
vt -0.220736 1.173756
vt 0.019264 1.173756
vt 0.019264 1.183142
vt -0.220736 1.207760
vt -0.220736 1.198374
vt 0.019264 1.198374
vt 0.019264 1.207760
vt -0.220735 1.212501
vt -0.220735 1.203115
vt 0.019265 1.203114
vt 0.019265 1.212500
vt 0.250396 0.842535
vt 0.248836 0.851790
vt 0.012175 0.811894
vt 0.013736 0.802638
vt 0.186451 1.081467
vt 0.194814 1.085728
vt 0.201451 1.092365
vt 0.205712 1.100728
vt 0.207181 1.109998
vt 0.205712 1.119269
vt 0.201451 1.127632
vt 0.194814 1.134269
vt 0.186451 1.138530
vt 0.177181 1.139999
vt 0.167910 1.138530
vt 0.159547 1.134269
vt 0.152910 1.127632
vt 0.148649 1.119269
vt 0.147181 1.109999
vt 0.148649 1.100728
vt 0.152910 1.092365
vt 0.159547 1.085728
vt 0.167910 1.081467
vt 0.177180 1.079999
vt -0.177180 1.079999
vt -0.167910 1.081467
vt -0.159547 1.085728
vt -0.152910 1.092365
vt -0.148649 1.100728
vt -0.147181 1.109999
vt -0.148649 1.119269
vt -0.152910 1.127632
vt -0.159547 1.134269
vt -0.167910 1.138530
vt -0.177181 1.139999
vt -0.186451 1.138530
vt -0.194814 1.134269
vt -0.201451 1.127632
vt -0.205712 1.119269
vt -0.207181 1.109998
vt -0.205712 1.100728
vt -0.201451 1.092365
vt -0.194814 1.085728
vt -0.186451 1.081467
vt 0.250396 0.842535
vt 0.248836 0.851790
vt 0.012175 0.811894
vt 0.013736 0.802638
vt 0.220737 0.787500
vt 0.220737 0.796886
vt -0.019263 0.796886
vt -0.019263 0.787500
vt 0.220736 0.792241
vt 0.220736 0.801627
vt -0.019264 0.801626
vt -0.019264 0.792240
vt 0.220736 0.816859
vt 0.220736 0.826245
vt -0.019264 0.826244
vt -0.019264 0.816858
vt 0.220736 0.858945
vt 0.220736 0.868331
vt -0.019264 0.868330
vt -0.019264 0.858944
vt 0.220736 0.914379
vt 0.220736 0.923765
vt -0.019264 0.923764
vt -0.019264 0.914378
vt 0.220736 0.977735
vt 0.220736 0.987121
vt -0.019264 0.987120
vt -0.019264 0.977734
vt 0.220736 1.042811
vt 0.220736 1.052197
vt -0.019264 1.052196
vt -0.019264 1.042810
vt 0.220736 1.103237
vt 0.220736 1.112623
vt -0.019264 1.112622
vt -0.019264 1.103236
vt -0.243115 0.885727
vt -0.244675 0.876471
vt -0.008014 0.836575
vt -0.006454 0.845830
vt -0.248836 0.851790
vt -0.250396 0.842535
vt -0.013736 0.802638
vt -0.012175 0.811894
vt -0.220737 0.796886
vt -0.220737 0.787500
vt 0.019263 0.787500
vt 0.019263 0.796886
vt -0.220736 0.801627
vt -0.220736 0.792241
vt 0.019264 0.792240
vt 0.019264 0.801626
vt -0.220736 0.826245
vt -0.220736 0.816859
vt 0.019264 0.816858
vt 0.019264 0.826244
vt -0.220736 0.868331
vt -0.220736 0.858945
vt 0.019264 0.858944
vt 0.019264 0.868330
vt -0.220736 0.923765
vt -0.220736 0.914379
vt 0.019264 0.914378
vt 0.019264 0.923764
vt -0.220736 0.987121
vt -0.220736 0.977735
vt 0.019264 0.977734
vt 0.019264 0.987120
vt -0.220736 1.052197
vt -0.220736 1.042811
vt 0.019264 1.042810
vt 0.019264 1.052196
vt -0.220736 1.112623
vt -0.220736 1.103237
vt 0.019264 1.103236
vt 0.019264 1.112622
vt 0.244675 0.876471
vt 0.243115 0.885727
vt 0.006454 0.845830
vt 0.008014 0.836575
vt 0.186449 0.861467
vt 0.194812 0.865728
vt 0.201449 0.872365
vt 0.205710 0.880728
vt 0.207179 0.889998
vt 0.205711 0.899269
vt 0.201449 0.907632
vt 0.194813 0.914269
vt 0.186450 0.918530
vt 0.177179 0.919999
vt 0.167909 0.918530
vt 0.159545 0.914269
vt 0.152908 0.907632
vt 0.148647 0.899269
vt 0.147179 0.889999
vt 0.148647 0.880728
vt 0.152908 0.872365
vt 0.159545 0.865728
vt 0.167908 0.861467
vt 0.177179 0.859999
vt -0.177179 0.859999
vt -0.167908 0.861467
vt -0.159545 0.865728
vt -0.152908 0.872365
vt -0.148647 0.880728
vt -0.147179 0.889999
vt -0.148647 0.899269
vt -0.152908 0.907632
vt -0.159545 0.914269
vt -0.167909 0.918530
vt -0.177179 0.919999
vt -0.186450 0.918530
vt -0.194813 0.914269
vt -0.201449 0.907632
vt -0.205711 0.899269
vt -0.207179 0.889998
vt -0.205710 0.880728
vt -0.201449 0.872365
vt -0.194812 0.865728
vt -0.186449 0.861467
vt -0.025136 1.085000
vt -0.173636 1.085000
vt -0.235736 1.051000
vt -0.235736 0.949000
vt -0.173636 0.915000
vt -0.025136 0.915000
vt 0.034264 0.940500
vt 0.034264 1.059500
vt -0.019414 1.052955
vt -0.019414 0.947045
vt 0.033452 0.924350
vt 0.165617 0.924350
vt 0.220886 0.954610
vt 0.220886 1.045390
vt 0.165617 1.075650
vt 0.033452 1.075650
vt -0.222180 1.059498
vt -0.222179 0.940498
vt -0.181179 0.940499
vt -0.181180 1.059499
vt -0.152342 1.059499
vt -0.152341 0.940499
vt -0.135477 0.947044
vt -0.135478 1.052954
vt -0.222180 1.008009
vt -0.222179 0.943367
vt -0.181179 0.943368
vt -0.181180 1.008010
vt -0.098358 0.853430
vt -0.043102 0.819884
vt -0.032064 0.830448
vt -0.081242 0.860304
vt 0.061286 0.784966
vt 0.207770 0.809356
vt 0.201036 0.849799
vt 0.054552 0.825409
vt 0.025136 0.811783
vt 0.173636 0.811783
vt 0.165617 0.824758
vt 0.033452 0.824758
vt 0.222181 1.111479
vt 0.222183 1.182278
vt 0.181183 1.182278
vt 0.181181 1.111480
vt 0.234956 0.878647
vt 0.290935 0.921991
vt 0.273653 0.927437
vt 0.223831 0.888861
vt 0.222179 0.948998
vt 0.222180 1.050998
vt 0.181180 1.050999
vt 0.181179 0.948999
vt 0.294804 0.948999
vt 0.294804 1.050999
vt 0.277940 1.045389
vt 0.277939 0.954609
vt 0.222177 0.817715
vt 0.222178 0.888514
vt 0.181178 0.888514
vt 0.181177 0.817716
vt 0.290936 1.078007
vt 0.234956 1.121351
vt 0.223831 1.111138
vt 0.273653 1.072562
vt -0.207770 0.809356
vt -0.061286 0.784966
vt -0.054552 0.825409
vt -0.201036 0.849799
vt 0.173636 1.188218
vt 0.025136 1.188218
vt 0.033452 1.175242
vt 0.165617 1.175242
vt -0.222181 1.056624
vt -0.222180 0.991982
vt -0.181180 0.991983
vt -0.181181 1.056625
vt -0.043104 1.180116
vt -0.098360 1.146569
vt -0.081243 1.139695
vt -0.032066 1.169552
vt -0.065987 0.778652
vt -0.065330 0.782598
vt -0.069276 0.783255
vt -0.069933 0.779309
vt 0.069933 0.779309
vt 0.069276 0.783255
vt 0.065330 0.782598
vt 0.065987 0.778652
vt -0.028736 1.057000
vt -0.032736 1.057000
vt -0.032736 0.943000
vt -0.028736 0.943000
vt 0.028736 0.943000
vt 0.032736 0.943000
vt 0.032736 1.057000
vt 0.028736 1.057000
vt -0.229180 1.056998
vt -0.229179 0.942998
vt -0.225179 0.942998
vt -0.225180 1.056998
vt 0.225180 1.056998
vt 0.225179 0.942998
vt 0.229179 0.942998
vt 0.229180 1.056998
vt -0.184495 1.056999
vt -0.184495 0.942999
vt -0.180252 0.942999
vt -0.180253 1.056999
vt 0.136786 1.056999
vt 0.136785 0.942999
vt 0.141028 0.942999
vt 0.141028 1.056999
vt -0.141028 1.056999
vt -0.141028 0.942999
vt -0.136785 0.942999
vt -0.136786 1.056999
vt 0.180253 1.056999
vt 0.180252 0.942999
vt 0.184495 0.942999
vt 0.184495 1.056999
vt -0.229180 1.058501
vt -0.225180 1.058501
vt -0.225180 1.062743
vt -0.229180 1.062743
vt -0.229179 0.937252
vt -0.225179 0.937252
vt -0.225179 0.941494
vt -0.229179 0.941494
vt 0.229180 1.019276
vt 0.225180 1.019276
vt 0.225180 1.015033
vt 0.229180 1.015033
vt 0.229180 0.984962
vt 0.225180 0.984962
vt 0.225179 0.980719
vt 0.229179 0.980719
vt -0.028736 0.880372
vt -0.032736 0.880372
vt -0.032736 0.876129
vt -0.028736 0.876129
vt 0.028736 1.197410
vt 0.032736 1.197410
vt 0.032736 1.201653
vt 0.028736 1.201653
vt -0.028736 1.123871
vt -0.032736 1.123871
vt -0.032736 1.119628
vt -0.028736 1.119628
vt 0.028736 0.798348
vt 0.032736 0.798348
vt 0.032736 0.802590
vt 0.028736 0.802590
vt -0.182374 0.967158
vt -0.184495 0.963484
vt -0.180252 0.963484
vt 0.136785 0.938388
vt 0.141027 0.938388
vt 0.138906 0.942062
vt -0.141029 1.148975
vt -0.136787 1.148975
vt -0.138908 1.152649
vt 0.182375 1.127554
vt 0.180253 1.123879
vt 0.184496 1.123879
vt -0.180253 1.036514
vt -0.184495 1.036514
vt -0.182374 1.032840
vt 0.138907 1.057936
vt 0.141028 1.061610
vt 0.136786 1.061610
vt -0.138905 0.847348
vt -0.136784 0.851023
vt -0.141027 0.851023
vt 0.184495 0.876119
vt 0.180252 0.876119
vt 0.182373 0.872444
vt -0.095580 0.783580
vt -0.094923 0.787525
vt -0.098868 0.788182
vt -0.099525 0.784237
vt 0.099525 0.784237
vt 0.098868 0.788182
vt 0.094923 0.787525
vt 0.095580 0.783580
vt -0.058736 1.057000
vt -0.062736 1.057000
vt -0.062736 0.943000
vt -0.058736 0.943000
vt 0.058736 0.943000
vt 0.062736 0.943000
vt 0.062736 1.057000
vt 0.058736 1.057000
vt -0.229180 1.056998
vt -0.229179 0.942998
vt -0.225179 0.942998
vt -0.225180 1.056998
vt 0.225180 1.056998
vt 0.225179 0.942998
vt 0.229179 0.942998
vt 0.229180 1.056998
vt -0.205709 1.056999
vt -0.205708 0.942999
vt -0.201466 0.942999
vt -0.201466 1.056999
vt 0.115572 1.056999
vt 0.115572 0.942999
vt 0.119814 0.942999
vt 0.119815 1.056999
vt -0.119815 1.056999
vt -0.119814 0.942999
vt -0.115572 0.942999
vt -0.115572 1.056999
vt 0.201466 1.056999
vt 0.201466 0.942999
vt 0.205708 0.942999
vt 0.205709 1.056999
vt -0.229181 1.079714
vt -0.225181 1.079714
vt -0.225181 1.083957
vt -0.229181 1.083956
vt -0.229179 0.916038
vt -0.225179 0.916039
vt -0.225179 0.920281
vt -0.229179 0.920281
vt 0.229180 0.998063
vt 0.225180 0.998063
vt 0.225180 0.993820
vt 0.229180 0.993820
vt 0.229180 1.006175
vt 0.225180 1.006175
vt 0.225180 1.001932
vt 0.229180 1.001932
vt -0.058736 0.880372
vt -0.062736 0.880372
vt -0.062736 0.876129
vt -0.058736 0.876129
vt 0.058736 1.197410
vt 0.062736 1.197410
vt 0.062736 1.201653
vt 0.058736 1.201653
vt -0.058736 1.123871
vt -0.062736 1.123871
vt -0.062736 1.119628
vt -0.058736 1.119628
vt 0.058736 0.798348
vt 0.062736 0.798348
vt 0.062736 0.802590
vt 0.058736 0.802590
vt -0.203587 0.979405
vt -0.205708 0.975731
vt -0.201466 0.975731
vt 0.115572 0.926141
vt 0.119814 0.926141
vt 0.117693 0.929815
vt -0.119816 1.161223
vt -0.115573 1.161223
vt -0.117695 1.164897
vt 0.203588 1.115306
vt 0.201466 1.111632
vt 0.205709 1.111632
vt -0.201466 1.024267
vt -0.205709 1.024267
vt -0.203587 1.020592
vt 0.117694 1.070183
vt 0.119815 1.073858
vt 0.115573 1.073858
vt -0.117692 0.835101
vt -0.115571 0.838775
vt -0.119814 0.838775
vt 0.205708 0.888366
vt 0.201465 0.888366
vt 0.203586 0.884692
vt -0.125172 0.788507
vt -0.124515 0.792453
vt -0.128461 0.793110
vt -0.129118 0.789164
vt 0.129118 0.789164
vt 0.128461 0.793110
vt 0.124515 0.792453
vt 0.125172 0.788507
vt -0.088736 1.057000
vt -0.092736 1.057000
vt -0.092736 0.943000
vt -0.088736 0.943000
vt 0.088736 0.943000
vt 0.092736 0.943000
vt 0.092736 1.057000
vt 0.088736 1.057000
vt -0.229180 1.056998
vt -0.229179 0.942998
vt -0.225179 0.942998
vt -0.225180 1.056998
vt 0.225180 1.056998
vt 0.225179 0.942998
vt 0.229179 0.942998
vt 0.229180 1.056998
vt -0.226922 1.056999
vt -0.226921 0.942999
vt -0.222679 0.942999
vt -0.222679 1.056999
vt 0.094359 1.056999
vt 0.094359 0.942999
vt 0.098601 0.942999
vt 0.098602 1.056999
vt -0.098602 1.056999
vt -0.098601 0.942999
vt -0.094359 0.942999
vt -0.094359 1.056999
vt 0.222679 1.056999
vt 0.222679 0.942999
vt 0.226921 0.942999
vt 0.226922 1.056999
vt -0.229181 1.100927
vt -0.225181 1.100927
vt -0.225181 1.105170
vt -0.229181 1.105170
vt -0.229179 0.894825
vt -0.225179 0.894825
vt -0.225179 0.899068
vt -0.229179 0.899068
vt 0.229179 0.976850
vt 0.225179 0.976850
vt 0.225179 0.972607
vt 0.229179 0.972607
vt 0.229180 1.027388
vt 0.225180 1.027388
vt 0.225180 1.023145
vt 0.229180 1.023145
vt -0.088736 0.880372
vt -0.092736 0.880372
vt -0.092736 0.876129
vt -0.088736 0.876129
vt 0.088736 1.197410
vt 0.092736 1.197410
vt 0.092736 1.201653
vt 0.088736 1.201653
vt -0.088736 1.123871
vt -0.092736 1.123871
vt -0.092736 1.119628
vt -0.088736 1.119628
vt 0.088736 0.798348
vt 0.092736 0.798348
vt 0.092736 0.802590
vt 0.088736 0.802590
vt -0.224800 0.991653
vt -0.226922 0.987978
vt -0.222679 0.987978
vt 0.094358 0.913893
vt 0.098601 0.913893
vt 0.096480 0.917567
vt -0.098603 1.173470
vt -0.094360 1.173470
vt -0.096482 1.177145
vt 0.224801 1.103058
vt 0.222680 1.099384
vt 0.226922 1.099384
vt -0.222679 1.012019
vt -0.226922 1.012019
vt -0.224800 1.008345
vt 0.096481 1.082431
vt 0.098602 1.086105
vt 0.094360 1.086105
vt -0.096479 0.822854
vt -0.094358 0.826528
vt -0.098600 0.826528
vt 0.226921 0.900613
vt 0.222678 0.900613
vt 0.224800 0.896939
vt -0.154765 0.793434
vt -0.154108 0.797380
vt -0.158054 0.798037
vt -0.158711 0.794091
vt 0.158711 0.794091
vt 0.158054 0.798037
vt 0.154108 0.797380
vt 0.154765 0.793434
vt -0.118736 1.057000
vt -0.122736 1.057000
vt -0.122736 0.943000
vt -0.118736 0.943000
vt 0.118736 0.943000
vt 0.122736 0.943000
vt 0.122736 1.057000
vt 0.118736 1.057000
vt -0.229180 1.056998
vt -0.229179 0.942998
vt -0.225179 0.942998
vt -0.225180 1.056998
vt 0.225180 1.056998
vt 0.225179 0.942998
vt 0.229179 0.942998
vt 0.229180 1.056998
vt -0.248135 1.056999
vt -0.248135 0.942999
vt -0.243892 0.942999
vt -0.243892 1.056999
vt 0.073146 1.057000
vt 0.073145 0.943000
vt 0.077388 0.942999
vt 0.077389 1.056999
vt -0.077389 1.056999
vt -0.077388 0.942999
vt -0.073145 0.943000
vt -0.073146 1.057000
vt 0.243892 1.056999
vt 0.243892 0.942999
vt 0.248135 0.942999
vt 0.248135 1.056999
vt -0.229181 1.122140
vt -0.225181 1.122140
vt -0.225181 1.126383
vt -0.229181 1.126383
vt -0.229178 0.873612
vt -0.225178 0.873612
vt -0.225178 0.877855
vt -0.229178 0.877855
vt 0.229179 0.955636
vt 0.225179 0.955637
vt 0.225179 0.951394
vt 0.229179 0.951394
vt 0.229180 1.048601
vt 0.225180 1.048601
vt 0.225180 1.044359
vt 0.229180 1.044358
vt -0.118736 0.880372
vt -0.122736 0.880372
vt -0.122736 0.876130
vt -0.118736 0.876130
vt 0.118736 1.197410
vt 0.122736 1.197410
vt 0.122736 1.201653
vt 0.118736 1.201653
vt -0.118736 1.123871
vt -0.122736 1.123871
vt -0.122736 1.119628
vt -0.118736 1.119628
vt 0.118736 0.798348
vt 0.122736 0.798348
vt 0.122736 0.802590
vt 0.118736 0.802590
vt -0.246014 1.003900
vt -0.248135 1.000226
vt -0.243892 1.000226
vt 0.073145 0.901646
vt 0.077388 0.901646
vt 0.075266 0.905320
vt -0.077390 1.185718
vt -0.073147 1.185718
vt -0.075269 1.189392
vt 0.246014 1.090811
vt 0.243893 1.087137
vt 0.248135 1.087137
vt -0.243892 0.999772
vt -0.248135 0.999771
vt -0.246014 0.996097
vt 0.075268 1.094679
vt 0.077389 1.098353
vt 0.073146 1.098353
vt -0.075266 0.810607
vt -0.073144 0.814281
vt -0.077387 0.814281
vt 0.248134 0.912861
vt 0.243892 0.912861
vt 0.246013 0.909186
vt -0.184357 0.798362
vt -0.183701 0.802307
vt -0.187646 0.802964
vt -0.188303 0.799019
vt 0.188303 0.799019
vt 0.187646 0.802964
vt 0.183701 0.802307
vt 0.184357 0.798362
vt -0.148736 1.057000
vt -0.152736 1.057000
vt -0.152736 0.943000
vt -0.148736 0.943000
vt 0.148736 0.943000
vt 0.152736 0.943000
vt 0.152736 1.057000
vt 0.148736 1.057000
vt -0.229180 1.056998
vt -0.229179 0.942998
vt -0.225179 0.942998
vt -0.225180 1.056998
vt 0.225180 1.056998
vt 0.225179 0.942998
vt 0.229179 0.942998
vt 0.229180 1.056998
vt -0.269348 1.056999
vt -0.269348 0.942999
vt -0.265105 0.942999
vt -0.265106 1.056999
vt 0.051933 1.057000
vt 0.051932 0.943000
vt 0.056175 0.943000
vt 0.056176 1.057000
vt -0.056176 1.057000
vt -0.056175 0.943000
vt -0.051932 0.943000
vt -0.051933 1.057000
vt 0.265106 1.056999
vt 0.265105 0.942999
vt 0.269348 0.942999
vt 0.269348 1.056999
vt -0.229181 1.143353
vt -0.225181 1.143354
vt -0.225181 1.147596
vt -0.229181 1.147596
vt -0.229178 0.852399
vt -0.225178 0.852399
vt -0.225178 0.856642
vt -0.229178 0.856642
vt 0.229179 0.934423
vt 0.225179 0.934423
vt 0.225179 0.930181
vt 0.229179 0.930181
vt 0.229180 1.069814
vt 0.225180 1.069814
vt 0.225180 1.065572
vt 0.229180 1.065572
vt -0.148736 0.880372
vt -0.152736 0.880372
vt -0.152736 0.876130
vt -0.148736 0.876130
vt 0.148736 1.197410
vt 0.152736 1.197410
vt 0.152736 1.201653
vt 0.148736 1.201653
vt -0.148736 1.123871
vt -0.152736 1.123871
vt -0.152736 1.119628
vt -0.148736 1.119628
vt 0.148736 0.798348
vt 0.152736 0.798348
vt 0.152736 0.802590
vt 0.148736 0.802590
vt -0.267227 1.016147
vt -0.269348 1.012473
vt -0.265105 1.012473
vt 0.051932 0.889399
vt 0.056174 0.889399
vt 0.054053 0.893073
vt -0.056177 1.197966
vt -0.051934 1.197966
vt -0.054055 1.201640
vt 0.267227 1.078563
vt 0.265106 1.074889
vt 0.269348 1.074889
vt -0.265105 0.987524
vt -0.269348 0.987524
vt -0.267227 0.983850
vt 0.054055 1.106926
vt 0.056176 1.110600
vt 0.051933 1.110600
vt -0.054052 0.798359
vt -0.051931 0.802034
vt -0.056174 0.802034
vt 0.269348 0.925108
vt 0.265105 0.925108
vt 0.267226 0.921434
usemtl Surface_2
f 1/1 3/3 2/2
usemtl Surface_2
f 4/4 6/6 5/5
usemtl Surface_2
f 7/7 9/9 8/8
usemtl Surface_2
f 10/10 12/12 11/11
usemtl Surface_2
f 13/13 15/15 14/14
usemtl Surface_2
f 16/16 18/18 17/17
usemtl Surface_2
f 19/19 21/21 20/20
usemtl Surface_2
f 22/22 24/24 23/23
usemtl Surface_2
f 25/25 27/27 26/26
usemtl Surface_2
f 28/28 30/30 29/29
usemtl Surface_2
f 31/31 33/33 32/32
usemtl Surface_2
f 34/34 36/36 35/35
usemtl Surface_2
f 37/37 39/39 38/38
usemtl Surface_2
f 40/40 42/42 41/41
usemtl Surface_2
f 43/43 45/45 44/44
usemtl Surface_2
f 46/46 48/48 47/47
usemtl Surface_2
f 49/49 51/51 50/50
usemtl Surface_2
f 52/52 54/54 53/53
usemtl Surface_2
f 55/55 57/57 56/56
usemtl Surface_2
f 58/58 60/60 59/59
usemtl Surface_2
f 61/61 63/63 62/62
usemtl Surface_2
f 64/64 66/66 65/65
usemtl Surface_2
f 67/67 69/69 68/68
usemtl Surface_2
f 70/70 72/72 71/71
usemtl Surface_2
f 76/76 74/74 73/73
usemtl Surface_2
f 75/75 74/74 76/76
usemtl Surface_2
f 80/80 78/78 77/77
usemtl Surface_2
f 79/79 78/78 80/80
usemtl Surface_2
f 84/84 82/82 81/81
usemtl Surface_2
f 83/83 82/82 84/84
usemtl Surface_2
f 88/88 86/86 85/85
usemtl Surface_2
f 87/87 86/86 88/88
usemtl Surface_2
f 92/92 90/90 89/89
usemtl Surface_2
f 91/91 90/90 92/92
usemtl Surface_2
f 96/96 94/94 93/93
usemtl Surface_2
f 95/95 94/94 96/96
usemtl Surface_2
f 100/100 98/98 97/97
usemtl Surface_2
f 99/99 98/98 100/100
usemtl Surface_2
f 104/104 102/102 101/101
usemtl Surface_2
f 103/103 102/102 104/104
usemtl Surface_2
f 108/108 106/106 105/105
usemtl Surface_2
f 107/107 106/106 108/108
usemtl Surface_2
f 112/112 110/110 109/109
usemtl Surface_2
f 111/111 110/110 112/112
usemtl Surface_2
f 116/116 114/114 113/113
usemtl Surface_2
f 115/115 114/114 116/116
usemtl Surface_2
f 120/120 118/118 117/117
usemtl Surface_2
f 119/119 118/118 120/120
usemtl Surface_2
f 124/124 122/122 121/121
usemtl Surface_2
f 123/123 122/122 124/124
usemtl Surface_2
f 128/128 126/126 125/125
usemtl Surface_2
f 127/127 126/126 128/128
usemtl Surface_2
f 132/132 130/130 129/129
usemtl Surface_2
f 131/131 130/130 132/132
usemtl Surface_2
f 136/136 134/134 133/133
usemtl Surface_2
f 135/135 134/134 136/136
usemtl Surface_2
f 140/140 138/138 137/137
usemtl Surface_2
f 139/139 138/138 140/140
usemtl Surface_2
f 144/144 142/142 141/141
usemtl Surface_2
f 143/143 142/142 144/144
usemtl Surface_2
f 148/148 146/146 145/145
usemtl Surface_2
f 147/147 146/146 148/148
usemtl Surface_2
f 152/152 150/150 149/149
usemtl Surface_2
f 151/151 150/150 152/152
usemtl Surface_2
f 156/156 154/154 153/153
usemtl Surface_2
f 155/155 154/154 156/156
usemtl Surface_2
f 160/160 158/158 157/157
usemtl Surface_2
f 159/159 158/158 160/160
usemtl Surface_2
f 164/164 162/162 161/161
usemtl Surface_2
f 163/163 162/162 164/164
usemtl Surface_2
f 168/168 166/166 165/165
usemtl Surface_2
f 167/167 166/166 168/168
usemtl Surface_2
f 172/172 170/170 169/169
usemtl Surface_2
f 171/171 170/170 172/172
usemtl Surface_2
f 176/176 174/174 173/173
usemtl Surface_2
f 175/175 174/174 176/176
usemtl Surface_2
f 180/180 178/178 177/177
usemtl Surface_2
f 179/179 178/178 180/180
usemtl Surface_2
f 184/184 182/182 181/181
usemtl Surface_2
f 183/183 182/182 184/184
usemtl Surface_2
f 188/188 186/186 185/185
usemtl Surface_2
f 187/187 186/186 188/188
usemtl Surface_2
f 192/192 190/190 189/189
usemtl Surface_2
f 191/191 190/190 192/192
usemtl Surface_2
f 196/196 194/194 193/193
usemtl Surface_2
f 195/195 194/194 196/196
usemtl Surface_2
f 200/200 198/198 197/197
usemtl Surface_2
f 199/199 198/198 200/200
usemtl Surface_2
f 204/204 202/202 201/201
usemtl Surface_2
f 203/203 202/202 204/204
usemtl Surface_2
f 208/208 206/206 205/205
usemtl Surface_2
f 207/207 206/206 208/208
usemtl Surface_2
f 212/212 210/210 209/209
usemtl Surface_2
f 211/211 210/210 212/212
usemtl Surface_2
f 216/216 214/214 213/213
usemtl Surface_2
f 215/215 214/214 216/216
usemtl Surface_2
f 220/220 218/218 217/217
usemtl Surface_2
f 219/219 218/218 220/220
usemtl Surface_2
f 224/224 222/222 221/221
usemtl Surface_2
f 223/223 222/222 224/224
usemtl Surface_2
f 228/228 226/226 225/225
usemtl Surface_2
f 227/227 226/226 228/228
usemtl Surface_2
f 232/232 230/230 229/229
usemtl Surface_2
f 231/231 230/230 232/232
usemtl Surface_2
f 236/236 234/234 233/233
usemtl Surface_2
f 235/235 234/234 236/236
usemtl Surface_2
f 240/240 238/238 237/237
usemtl Surface_2
f 239/239 238/238 240/240
usemtl Surface_2
f 244/244 242/242 241/241
usemtl Surface_2
f 243/243 242/242 244/244
usemtl Surface_2
f 248/248 246/246 245/245
usemtl Surface_2
f 247/247 246/246 248/248
usemtl Surface_2
f 252/252 250/250 249/249
usemtl Surface_2
f 251/251 250/250 252/252
usemtl Surface_2
f 256/256 254/254 253/253
usemtl Surface_2
f 255/255 254/254 256/256
usemtl Surface_2
f 260/260 258/258 257/257
usemtl Surface_2
f 259/259 258/258 260/260
usemtl Surface_2
f 264/264 262/262 261/261
usemtl Surface_2
f 263/263 262/262 264/264
usemtl Surface_2
f 268/268 266/266 265/265
usemtl Surface_2
f 267/267 266/266 268/268
usemtl Surface_2
f 272/272 270/270 269/269
usemtl Surface_2
f 271/271 270/270 272/272
usemtl Surface_2
f 276/276 274/274 273/273
usemtl Surface_2
f 275/275 274/274 276/276
usemtl Surface_2
f 280/280 278/278 277/277
usemtl Surface_2
f 279/279 278/278 280/280
usemtl Surface_2
f 284/284 282/282 281/281
usemtl Surface_2
f 283/283 282/282 284/284
usemtl Surface_2
f 288/288 286/286 285/285
usemtl Surface_2
f 287/287 286/286 288/288
usemtl Surface_2
f 292/292 290/290 289/289
usemtl Surface_2
f 291/291 290/290 292/292
usemtl Surface_2
f 296/296 294/294 293/293
usemtl Surface_2
f 295/295 294/294 296/296
usemtl Surface_2
f 300/300 298/298 297/297
usemtl Surface_2
f 299/299 298/298 300/300
usemtl Surface_2
f 304/304 302/302 301/301
usemtl Surface_2
f 303/303 302/302 304/304
usemtl Surface_2
f 308/308 306/306 305/305
usemtl Surface_2
f 307/307 306/306 308/308
usemtl Surface_2
f 312/312 310/310 309/309
usemtl Surface_2
f 311/311 310/310 312/312
usemtl Surface_2
f 316/316 314/314 313/313
usemtl Surface_2
f 315/315 314/314 316/316
usemtl Surface_2
f 320/320 318/318 317/317
usemtl Surface_2
f 319/319 318/318 320/320
usemtl Surface_2
f 324/324 322/322 321/321
usemtl Surface_2
f 323/323 322/322 324/324
usemtl Surface_2
f 328/328 326/326 325/325
usemtl Surface_2
f 327/327 326/326 328/328
usemtl Surface_2
f 332/332 330/330 329/329
usemtl Surface_2
f 331/331 330/330 332/332
usemtl Surface_2
f 336/336 334/334 333/333
usemtl Surface_2
f 335/335 334/334 336/336
usemtl Surface_2
f 340/340 338/338 337/337
usemtl Surface_2
f 339/339 338/338 340/340
usemtl Surface_2
f 344/344 342/342 341/341
usemtl Surface_2
f 343/343 342/342 344/344
usemtl Surface_2
f 348/348 346/346 345/345
usemtl Surface_2
f 347/347 346/346 348/348
usemtl Surface_2
f 352/352 350/350 349/349
usemtl Surface_2
f 351/351 350/350 352/352
usemtl Surface_2
f 356/356 354/354 353/353
usemtl Surface_2
f 355/355 354/354 356/356
usemtl Surface_2
f 360/360 358/358 357/357
usemtl Surface_2
f 359/359 358/358 360/360
usemtl Surface_2
f 364/364 362/362 361/361
usemtl Surface_2
f 363/363 362/362 364/364
usemtl Surface_2
f 368/368 366/366 365/365
usemtl Surface_2
f 367/367 366/366 368/368
usemtl Surface_2
f 372/372 370/370 369/369
usemtl Surface_2
f 371/371 370/370 372/372
usemtl Surface_2
f 376/376 374/374 373/373
usemtl Surface_2
f 375/375 374/374 376/376
usemtl Surface_2
f 380/380 378/378 377/377
usemtl Surface_2
f 379/379 378/378 380/380
usemtl Surface_2
f 384/384 382/382 381/381
usemtl Surface_2
f 383/383 382/382 384/384
usemtl Surface_2
f 388/388 386/386 385/385
usemtl Surface_2
f 387/387 386/386 388/388
usemtl Surface_2
f 392/392 390/390 389/389
usemtl Surface_2
f 391/391 390/390 392/392
usemtl Surface_2
f 396/396 394/394 393/393
usemtl Surface_2
f 395/395 394/394 396/396
usemtl Surface_2
f 400/400 398/398 397/397
usemtl Surface_2
f 399/399 398/398 400/400
usemtl Surface_2
f 404/404 402/402 401/401
usemtl Surface_2
f 403/403 402/402 404/404
usemtl Surface_2
f 408/408 406/406 405/405
usemtl Surface_2
f 407/407 406/406 408/408
usemtl Surface_2
f 412/412 410/410 409/409
usemtl Surface_2
f 411/411 410/410 412/412
usemtl Surface_2
f 416/416 414/414 413/413
usemtl Surface_2
f 415/415 414/414 416/416
usemtl Surface_2
f 420/420 418/418 417/417
usemtl Surface_2
f 419/419 418/418 420/420
usemtl Surface_2
f 424/424 422/422 421/421
usemtl Surface_2
f 423/423 422/422 424/424
usemtl Surface_2
f 428/428 426/426 425/425
usemtl Surface_2
f 427/427 426/426 428/428
usemtl Surface_2
f 432/432 430/430 429/429
usemtl Surface_2
f 431/431 430/430 432/432
usemtl Surface_2
f 436/436 434/434 433/433
usemtl Surface_2
f 435/435 434/434 436/436
usemtl Surface_2
f 440/440 438/438 437/437
usemtl Surface_2
f 439/439 438/438 440/440
usemtl Surface_2
f 444/444 442/442 441/441
usemtl Surface_2
f 443/443 442/442 444/444
usemtl Surface_2
f 448/448 446/446 445/445
usemtl Surface_2
f 447/447 446/446 448/448
usemtl Surface_2
f 452/452 450/450 449/449
usemtl Surface_2
f 451/451 450/450 452/452
usemtl Surface_2
f 456/456 454/454 453/453
usemtl Surface_2
f 455/455 454/454 456/456
usemtl Surface_2
f 460/460 458/458 457/457
usemtl Surface_2
f 459/459 458/458 460/460
usemtl Surface_2
f 464/464 462/462 461/461
usemtl Surface_2
f 463/463 462/462 464/464
usemtl Surface_2
f 468/468 466/466 465/465
usemtl Surface_2
f 467/467 466/466 468/468
usemtl Surface_2
f 472/472 470/470 469/469
usemtl Surface_2
f 471/471 470/470 472/472
usemtl Surface_2
f 476/476 474/474 473/473
usemtl Surface_2
f 475/475 474/474 476/476
usemtl Surface_2
f 480/480 478/478 477/477
usemtl Surface_2
f 479/479 478/478 480/480
usemtl Surface_2
f 484/484 482/482 481/481
usemtl Surface_2
f 483/483 482/482 484/484
usemtl Surface_2
f 488/488 486/486 485/485
usemtl Surface_2
f 487/487 486/486 488/488
usemtl Surface_2
f 492/492 490/490 489/489
usemtl Surface_2
f 491/491 490/490 492/492
usemtl Surface_2
f 496/496 494/494 493/493
usemtl Surface_2
f 495/495 494/494 496/496
usemtl Surface_2
f 500/500 498/498 497/497
usemtl Surface_2
f 499/499 498/498 500/500
usemtl Surface_2
f 504/504 502/502 501/501
usemtl Surface_2
f 503/503 502/502 504/504
usemtl Surface_2
f 508/508 506/506 505/505
usemtl Surface_2
f 507/507 506/506 508/508
usemtl Surface_2
f 512/512 510/510 509/509
usemtl Surface_2
f 511/511 510/510 512/512
usemtl Surface_2
f 516/516 514/514 513/513
usemtl Surface_2
f 515/515 514/514 516/516
usemtl Surface_2
f 520/520 518/518 517/517
usemtl Surface_2
f 519/519 518/518 520/520
usemtl Surface_2
f 524/524 522/522 521/521
usemtl Surface_2
f 523/523 522/522 524/524
usemtl Surface_2
f 528/528 526/526 525/525
usemtl Surface_2
f 527/527 526/526 528/528
usemtl Surface_2
f 532/532 530/530 529/529
usemtl Surface_2
f 531/531 530/530 532/532
usemtl Surface_2
f 536/536 534/534 533/533
usemtl Surface_2
f 535/535 534/534 536/536
usemtl Surface_2
f 540/540 538/538 537/537
usemtl Surface_2
f 539/539 538/538 540/540
usemtl Surface_2
f 544/544 542/542 541/541
usemtl Surface_2
f 543/543 542/542 544/544
usemtl Surface_2
f 548/548 546/546 545/545
usemtl Surface_2
f 547/547 546/546 548/548
usemtl Surface_2
f 552/552 550/550 549/549
usemtl Surface_2
f 551/551 550/550 552/552
usemtl Surface_2
f 556/556 554/554 553/553
usemtl Surface_2
f 555/555 554/554 556/556
usemtl Surface_2
f 560/560 558/558 557/557
usemtl Surface_2
f 559/559 558/558 560/560
usemtl Surface_2
f 564/564 562/562 561/561
usemtl Surface_2
f 563/563 562/562 564/564
usemtl Surface_2
f 568/568 566/566 565/565
usemtl Surface_2
f 567/567 566/566 568/568
usemtl Surface_2
f 572/572 570/570 569/569
usemtl Surface_2
f 571/571 570/570 572/572
usemtl Surface_2
f 576/576 574/574 573/573
usemtl Surface_2
f 575/575 574/574 576/576
usemtl Surface_2
f 580/580 578/578 577/577
usemtl Surface_2
f 579/579 578/578 580/580
usemtl Surface_2
f 584/584 582/582 581/581
usemtl Surface_2
f 583/583 582/582 584/584
usemtl Surface_2
f 588/588 586/586 585/585
usemtl Surface_2
f 587/587 586/586 588/588
usemtl Surface_2
f 592/592 590/590 589/589
usemtl Surface_2
f 591/591 590/590 592/592
usemtl Surface_2
f 596/596 594/594 593/593
usemtl Surface_2
f 595/595 594/594 596/596
usemtl Surface_2
f 600/600 598/598 597/597
usemtl Surface_2
f 599/599 598/598 600/600
usemtl Surface_2
f 604/604 602/602 601/601
usemtl Surface_2
f 603/603 602/602 604/604
usemtl Surface_2
f 608/608 606/606 605/605
usemtl Surface_2
f 607/607 606/606 608/608
usemtl Surface_2
f 612/612 610/610 609/609
usemtl Surface_2
f 611/611 610/610 612/612
usemtl Surface_2
f 616/616 614/614 613/613
usemtl Surface_2
f 615/615 614/614 616/616
usemtl Surface_2
f 620/620 618/618 617/617
usemtl Surface_2
f 619/619 618/618 620/620
usemtl Surface_2
f 624/624 622/622 621/621
usemtl Surface_2
f 623/623 622/622 624/624
usemtl Surface_2
f 628/628 626/626 625/625
usemtl Surface_2
f 627/627 626/626 628/628
usemtl Surface_2
f 632/632 630/630 629/629
usemtl Surface_2
f 631/631 630/630 632/632
usemtl Surface_2
f 636/636 634/634 633/633
usemtl Surface_2
f 635/635 634/634 636/636
usemtl Surface_2
f 640/640 638/638 637/637
usemtl Surface_2
f 639/639 638/638 640/640
usemtl Surface_2
f 644/644 642/642 641/641
usemtl Surface_2
f 643/643 642/642 644/644
usemtl Surface_2
f 648/648 646/646 645/645
usemtl Surface_2
f 647/647 646/646 648/648
usemtl Surface_2
f 652/652 650/650 649/649
usemtl Surface_2
f 651/651 650/650 652/652
usemtl Surface_2
f 656/656 654/654 653/653
usemtl Surface_2
f 655/655 654/654 656/656
usemtl Surface_2
f 660/660 658/658 657/657
usemtl Surface_2
f 659/659 658/658 660/660
usemtl Surface_2
f 664/664 662/662 661/661
usemtl Surface_2
f 663/663 662/662 664/664
usemtl Surface_2
f 668/668 666/666 665/665
usemtl Surface_2
f 667/667 666/666 668/668
usemtl Surface_2
f 672/672 670/670 669/669
usemtl Surface_2
f 671/671 670/670 672/672
usemtl Surface_2
f 676/676 674/674 673/673
usemtl Surface_2
f 675/675 674/674 676/676
usemtl Surface_2
f 680/680 678/678 677/677
usemtl Surface_2
f 679/679 678/678 680/680
usemtl Surface_2
f 684/684 682/682 681/681
usemtl Surface_2
f 683/683 682/682 684/684
usemtl Surface_2
f 688/688 686/686 685/685
usemtl Surface_2
f 687/687 686/686 688/688
usemtl Surface_2
f 692/692 690/690 689/689
usemtl Surface_2
f 691/691 690/690 692/692
usemtl Surface_2
f 696/696 694/694 693/693
usemtl Surface_2
f 695/695 694/694 696/696
usemtl Surface_2
f 700/700 698/698 697/697
usemtl Surface_2
f 699/699 698/698 700/700
usemtl Surface_2
f 704/704 702/702 701/701
usemtl Surface_2
f 703/703 702/702 704/704
usemtl Surface_2
f 708/708 706/706 705/705
usemtl Surface_2
f 707/707 706/706 708/708
usemtl Surface_2
f 712/712 710/710 709/709
usemtl Surface_2
f 711/711 710/710 712/712
usemtl Surface_2
f 716/716 714/714 713/713
usemtl Surface_2
f 715/715 714/714 716/716
usemtl Surface_2
f 720/720 718/718 717/717
usemtl Surface_2
f 719/719 718/718 720/720
usemtl Surface_2
f 724/724 722/722 721/721
usemtl Surface_2
f 723/723 722/722 724/724
usemtl Surface_2
f 728/728 726/726 725/725
usemtl Surface_2
f 727/727 726/726 728/728
usemtl Surface_2
f 732/732 730/730 729/729
usemtl Surface_2
f 731/731 730/730 732/732
usemtl Surface_2
f 736/736 734/734 733/733
usemtl Surface_2
f 735/735 734/734 736/736
usemtl Surface_2
f 740/740 738/738 737/737
usemtl Surface_2
f 739/739 738/738 740/740
usemtl Surface_2
f 744/744 742/742 741/741
usemtl Surface_2
f 743/743 742/742 744/744
usemtl Surface_2
f 748/748 746/746 745/745
usemtl Surface_2
f 747/747 746/746 748/748
usemtl Surface_2
f 752/752 750/750 749/749
usemtl Surface_2
f 751/751 750/750 752/752
usemtl Surface_2
f 756/756 754/754 753/753
usemtl Surface_2
f 755/755 754/754 756/756
usemtl Surface_2
f 760/760 758/758 757/757
usemtl Surface_2
f 759/759 758/758 760/760
usemtl Surface_2
f 764/764 762/762 761/761
usemtl Surface_2
f 763/763 762/762 764/764
usemtl Surface_2
f 768/768 766/766 765/765
usemtl Surface_2
f 767/767 766/766 768/768
usemtl Surface_2
f 772/772 770/770 769/769
usemtl Surface_2
f 771/771 770/770 772/772
usemtl Surface_2
f 776/776 774/774 773/773
usemtl Surface_2
f 775/775 774/774 776/776
usemtl Surface_2
f 780/780 778/778 777/777
usemtl Surface_2
f 779/779 778/778 780/780
usemtl Surface_2
f 784/784 782/782 781/781
usemtl Surface_2
f 783/783 782/782 784/784
usemtl Surface_2
f 788/788 786/786 785/785
usemtl Surface_2
f 787/787 786/786 788/788
usemtl Surface_2
f 792/792 790/790 789/789
usemtl Surface_2
f 791/791 790/790 792/792
usemtl Surface_2
f 796/796 794/794 793/793
usemtl Surface_2
f 795/795 794/794 796/796
usemtl Surface_2
f 800/800 798/798 797/797
usemtl Surface_2
f 799/799 798/798 800/800
usemtl Surface_2
f 804/804 802/802 801/801
usemtl Surface_2
f 803/803 802/802 804/804
usemtl Surface_2
f 808/808 806/806 805/805
usemtl Surface_2
f 807/807 806/806 808/808
usemtl Surface_2
f 812/812 810/810 809/809
usemtl Surface_2
f 811/811 810/810 812/812
usemtl Surface_2
f 816/816 814/814 813/813
usemtl Surface_2
f 815/815 814/814 816/816
usemtl Surface_2
f 820/820 818/818 817/817
usemtl Surface_2
f 819/819 818/818 820/820
usemtl Surface_2
f 824/824 822/822 821/821
usemtl Surface_2
f 823/823 822/822 824/824
usemtl Surface_2
f 828/828 826/826 825/825
usemtl Surface_2
f 827/827 826/826 828/828
usemtl Surface_2
f 832/832 830/830 829/829
usemtl Surface_2
f 831/831 830/830 832/832
usemtl Surface_2
f 836/836 834/834 833/833
usemtl Surface_2
f 835/835 834/834 836/836
usemtl Surface_2
f 840/840 838/838 837/837
usemtl Surface_2
f 839/839 838/838 840/840
usemtl Surface_2
f 844/844 842/842 841/841
usemtl Surface_2
f 843/843 842/842 844/844
usemtl Surface_2
f 848/848 846/846 845/845
usemtl Surface_2
f 847/847 846/846 848/848
usemtl Surface_2
f 852/852 850/850 849/849
usemtl Surface_2
f 851/851 850/850 852/852
usemtl Surface_2
f 856/856 854/854 853/853
usemtl Surface_2
f 855/855 854/854 856/856
usemtl Surface_2
f 860/860 858/858 857/857
usemtl Surface_2
f 859/859 858/858 860/860
usemtl Surface_2
f 864/864 862/862 861/861
usemtl Surface_2
f 863/863 862/862 864/864
usemtl Surface_2
f 868/868 866/866 865/865
usemtl Surface_2
f 867/867 866/866 868/868
usemtl Surface_2
f 872/872 870/870 869/869
usemtl Surface_2
f 871/871 870/870 872/872
usemtl Surface_2
f 876/876 874/874 873/873
usemtl Surface_2
f 875/875 874/874 876/876
usemtl Surface_2
f 880/880 878/878 877/877
usemtl Surface_2
f 879/879 878/878 880/880
usemtl Surface_2
f 884/884 882/882 881/881
usemtl Surface_2
f 883/883 882/882 884/884
usemtl Surface_2
f 888/888 886/886 885/885
usemtl Surface_2
f 887/887 886/886 888/888
usemtl Surface_2
f 892/892 890/890 889/889
usemtl Surface_2
f 891/891 890/890 892/892
usemtl Surface_2
f 896/896 894/894 893/893
usemtl Surface_2
f 895/895 894/894 896/896
usemtl Surface_2
f 900/900 898/898 897/897
usemtl Surface_2
f 899/899 898/898 900/900
usemtl Surface_2
f 904/904 902/902 901/901
usemtl Surface_2
f 903/903 902/902 904/904
usemtl Surface_2
f 908/908 906/906 905/905
usemtl Surface_2
f 907/907 906/906 908/908
usemtl Surface_2
f 912/912 910/910 909/909
usemtl Surface_2
f 911/911 910/910 912/912
usemtl Surface_2
f 916/916 914/914 913/913
usemtl Surface_2
f 915/915 914/914 916/916
usemtl Surface_2
f 920/920 918/918 917/917
usemtl Surface_2
f 919/919 918/918 920/920
usemtl Surface_2
f 924/924 922/922 921/921
usemtl Surface_2
f 923/923 922/922 924/924
usemtl Surface_2
f 928/928 926/926 925/925
usemtl Surface_2
f 927/927 926/926 928/928
usemtl Surface_2
f 932/932 930/930 929/929
usemtl Surface_2
f 931/931 930/930 932/932
usemtl Surface_2
f 936/936 934/934 933/933
usemtl Surface_2
f 935/935 934/934 936/936
usemtl Surface_2
f 940/940 938/938 937/937
usemtl Surface_2
f 939/939 938/938 940/940
usemtl Surface_2
f 944/944 942/942 941/941
usemtl Surface_2
f 943/943 942/942 944/944
usemtl Surface_2
f 948/948 946/946 945/945
usemtl Surface_2
f 947/947 946/946 948/948
usemtl Surface_2
f 952/952 950/950 949/949
usemtl Surface_2
f 951/951 950/950 952/952
usemtl Surface_2
f 956/956 954/954 953/953
usemtl Surface_2
f 955/955 954/954 956/956
usemtl Surface_2
f 960/960 958/958 957/957
usemtl Surface_2
f 959/959 958/958 960/960
usemtl Surface_2
f 964/964 962/962 961/961
usemtl Surface_2
f 963/963 962/962 964/964
usemtl Surface_2
f 968/968 966/966 965/965
usemtl Surface_2
f 967/967 966/966 968/968
usemtl Surface_2
f 972/972 970/970 969/969
usemtl Surface_2
f 971/971 970/970 972/972
usemtl Surface_2
f 976/976 974/974 973/973
usemtl Surface_2
f 975/975 974/974 976/976
usemtl Surface_2
f 980/980 978/978 977/977
usemtl Surface_2
f 979/979 978/978 980/980
usemtl Surface_2
f 984/984 982/982 981/981
usemtl Surface_2
f 983/983 982/982 984/984
usemtl Surface_2
f 988/988 986/986 985/985
usemtl Surface_2
f 987/987 986/986 988/988
usemtl Surface_2
f 992/992 990/990 989/989
usemtl Surface_2
f 991/991 990/990 992/992
usemtl Surface_2
f 996/996 994/994 993/993
usemtl Surface_2
f 995/995 994/994 996/996
usemtl Surface_2
f 1000/1000 998/998 997/997
usemtl Surface_2
f 999/999 998/998 1000/1000
usemtl Surface_2
f 1004/1004 1002/1002 1001/1001
usemtl Surface_2
f 1003/1003 1002/1002 1004/1004
usemtl Surface_2
f 1008/1008 1006/1006 1005/1005
usemtl Surface_2
f 1007/1007 1006/1006 1008/1008
usemtl Surface_2
f 1012/1012 1010/1010 1009/1009
usemtl Surface_2
f 1011/1011 1010/1010 1012/1012
usemtl Surface_2
f 1016/1016 1014/1014 1013/1013
usemtl Surface_2
f 1015/1015 1014/1014 1016/1016
usemtl Surface_2
f 1020/1020 1018/1018 1017/1017
usemtl Surface_2
f 1019/1019 1018/1018 1020/1020
usemtl Surface_2
f 1024/1024 1022/1022 1021/1021
usemtl Surface_2
f 1023/1023 1022/1022 1024/1024
usemtl Surface_2
f 1028/1028 1026/1026 1025/1025
usemtl Surface_2
f 1027/1027 1026/1026 1028/1028
usemtl Surface_2
f 1032/1032 1030/1030 1029/1029
usemtl Surface_2
f 1031/1031 1030/1030 1032/1032
usemtl Surface_2
f 1036/1036 1034/1034 1033/1033
usemtl Surface_2
f 1035/1035 1034/1034 1036/1036
usemtl Surface_2
f 1040/1040 1038/1038 1037/1037
usemtl Surface_2
f 1039/1039 1038/1038 1040/1040
usemtl Surface_2
f 1044/1044 1042/1042 1041/1041
usemtl Surface_2
f 1043/1043 1042/1042 1044/1044
usemtl Surface_2
f 1048/1048 1046/1046 1045/1045
usemtl Surface_2
f 1047/1047 1046/1046 1048/1048
usemtl Surface_2
f 1052/1052 1050/1050 1049/1049
usemtl Surface_2
f 1051/1051 1050/1050 1052/1052
usemtl Surface_2
f 1056/1056 1054/1054 1053/1053
usemtl Surface_2
f 1055/1055 1054/1054 1056/1056
usemtl Surface_2
f 1060/1060 1058/1058 1057/1057
usemtl Surface_2
f 1059/1059 1058/1058 1060/1060
usemtl Surface_2
f 1064/1064 1062/1062 1061/1061
usemtl Surface_2
f 1063/1063 1062/1062 1064/1064
usemtl Surface_2
f 1068/1068 1066/1066 1065/1065
usemtl Surface_2
f 1067/1067 1066/1066 1068/1068
usemtl Surface_2
f 1072/1072 1070/1070 1069/1069
usemtl Surface_2
f 1071/1071 1070/1070 1072/1072
usemtl Surface_2
f 1076/1076 1074/1074 1073/1073
usemtl Surface_2
f 1075/1075 1074/1074 1076/1076
usemtl Surface_2
f 1080/1080 1078/1078 1077/1077
usemtl Surface_2
f 1079/1079 1078/1078 1080/1080
usemtl Surface_2
f 1084/1084 1082/1082 1081/1081
usemtl Surface_2
f 1083/1083 1082/1082 1084/1084
usemtl Surface_2
f 1088/1088 1086/1086 1085/1085
usemtl Surface_2
f 1087/1087 1086/1086 1088/1088
usemtl Surface_2
f 1092/1092 1090/1090 1089/1089
usemtl Surface_2
f 1091/1091 1090/1090 1092/1092
usemtl Surface_2
f 1096/1096 1094/1094 1093/1093
usemtl Surface_2
f 1095/1095 1094/1094 1096/1096
usemtl Surface_2
f 1100/1100 1098/1098 1097/1097
usemtl Surface_2
f 1099/1099 1098/1098 1100/1100
usemtl Surface_2
f 1104/1104 1102/1102 1101/1101
usemtl Surface_2
f 1103/1103 1102/1102 1104/1104
usemtl Surface_2
f 1108/1108 1106/1106 1105/1105
usemtl Surface_2
f 1107/1107 1106/1106 1108/1108
usemtl Surface_2
f 1112/1112 1110/1110 1109/1109
usemtl Surface_2
f 1111/1111 1110/1110 1112/1112
usemtl Surface_2
f 1116/1116 1114/1114 1113/1113
usemtl Surface_2
f 1115/1115 1114/1114 1116/1116
usemtl Surface_2
f 1120/1120 1118/1118 1117/1117
usemtl Surface_2
f 1119/1119 1118/1118 1120/1120
usemtl Surface_2
f 1124/1124 1122/1122 1121/1121
usemtl Surface_2
f 1123/1123 1122/1122 1124/1124
usemtl Surface_2
f 1128/1128 1126/1126 1125/1125
usemtl Surface_2
f 1127/1127 1126/1126 1128/1128
usemtl Surface_2
f 1132/1132 1130/1130 1129/1129
usemtl Surface_2
f 1131/1131 1130/1130 1132/1132
usemtl Surface_2
f 1136/1136 1134/1134 1133/1133
usemtl Surface_2
f 1135/1135 1134/1134 1136/1136
usemtl Surface_2
f 1140/1140 1138/1138 1137/1137
usemtl Surface_2
f 1139/1139 1138/1138 1140/1140
usemtl Surface_2
f 1144/1144 1142/1142 1141/1141
usemtl Surface_2
f 1143/1143 1142/1142 1144/1144
usemtl Surface_2
f 1148/1148 1146/1146 1145/1145
usemtl Surface_2
f 1147/1147 1146/1146 1148/1148
usemtl Surface_2
f 1152/1152 1150/1150 1149/1149
usemtl Surface_2
f 1151/1151 1150/1150 1152/1152
usemtl Surface_2
f 1156/1156 1154/1154 1153/1153
usemtl Surface_2
f 1155/1155 1154/1154 1156/1156
usemtl Surface_2
f 1160/1160 1158/1158 1157/1157
usemtl Surface_2
f 1159/1159 1158/1158 1160/1160
usemtl Surface_2
f 1164/1164 1162/1162 1161/1161
usemtl Surface_2
f 1163/1163 1162/1162 1164/1164
usemtl Surface_2
f 1168/1168 1166/1166 1165/1165
usemtl Surface_2
f 1167/1167 1166/1166 1168/1168
usemtl Surface_2
f 1172/1172 1170/1170 1169/1169
usemtl Surface_2
f 1171/1171 1170/1170 1172/1172
usemtl Surface_2
f 1176/1176 1174/1174 1173/1173
usemtl Surface_2
f 1175/1175 1174/1174 1176/1176
usemtl Surface_2
f 1180/1180 1178/1178 1177/1177
usemtl Surface_2
f 1179/1179 1178/1178 1180/1180
usemtl Surface_2
f 1184/1184 1182/1182 1181/1181
usemtl Surface_2
f 1183/1183 1182/1182 1184/1184
usemtl Surface_2
f 1188/1188 1186/1186 1185/1185
usemtl Surface_2
f 1187/1187 1186/1186 1188/1188
usemtl Surface_2
f 1192/1192 1190/1190 1189/1189
usemtl Surface_2
f 1191/1191 1190/1190 1192/1192
usemtl Surface_2
f 1196/1196 1194/1194 1193/1193
usemtl Surface_2
f 1195/1195 1194/1194 1196/1196
usemtl Surface_2
f 1200/1200 1198/1198 1197/1197
usemtl Surface_2
f 1199/1199 1198/1198 1200/1200
usemtl Surface_2
f 1204/1204 1202/1202 1201/1201
usemtl Surface_2
f 1203/1203 1202/1202 1204/1204
usemtl Surface_2
f 1208/1208 1206/1206 1205/1205
usemtl Surface_2
f 1207/1207 1206/1206 1208/1208
usemtl Surface_2
f 1212/1212 1210/1210 1209/1209
usemtl Surface_2
f 1211/1211 1210/1210 1212/1212
usemtl Surface_2
f 1216/1216 1214/1214 1213/1213
usemtl Surface_2
f 1215/1215 1214/1214 1216/1216
usemtl Surface_2
f 1220/1220 1218/1218 1217/1217
usemtl Surface_2
f 1219/1219 1218/1218 1220/1220
usemtl Surface_2
f 1224/1224 1222/1222 1221/1221
usemtl Surface_2
f 1223/1223 1222/1222 1224/1224
usemtl Surface_2
f 1228/1228 1226/1226 1225/1225
usemtl Surface_2
f 1227/1227 1226/1226 1228/1228
usemtl Surface_2
f 1232/1232 1230/1230 1229/1229
usemtl Surface_2
f 1231/1231 1230/1230 1232/1232
usemtl Surface_2
f 1236/1236 1234/1234 1233/1233
usemtl Surface_2
f 1235/1235 1234/1234 1236/1236
usemtl Surface_2
f 1240/1240 1238/1238 1237/1237
usemtl Surface_2
f 1239/1239 1238/1238 1240/1240
usemtl Surface_2
f 1244/1244 1242/1242 1241/1241
usemtl Surface_2
f 1243/1243 1242/1242 1244/1244
usemtl Surface_2
f 1248/1248 1246/1246 1245/1245
usemtl Surface_2
f 1247/1247 1246/1246 1248/1248
usemtl Surface_2
f 1252/1252 1250/1250 1249/1249
usemtl Surface_2
f 1251/1251 1250/1250 1252/1252
usemtl Surface_2
f 1256/1256 1254/1254 1253/1253
usemtl Surface_2
f 1255/1255 1254/1254 1256/1256
usemtl Surface_2
f 1260/1260 1258/1258 1257/1257
usemtl Surface_2
f 1259/1259 1258/1258 1260/1260
usemtl Surface_2
f 1264/1264 1262/1262 1261/1261
usemtl Surface_2
f 1263/1263 1262/1262 1264/1264
usemtl Surface_2
f 1268/1268 1266/1266 1265/1265
usemtl Surface_2
f 1267/1267 1266/1266 1268/1268
usemtl Surface_2
f 1272/1272 1270/1270 1269/1269
usemtl Surface_2
f 1271/1271 1270/1270 1272/1272
usemtl Surface_2
f 1276/1276 1274/1274 1273/1273
usemtl Surface_2
f 1275/1275 1274/1274 1276/1276
usemtl Surface_2
f 1280/1280 1278/1278 1277/1277
usemtl Surface_2
f 1279/1279 1278/1278 1280/1280
usemtl Surface_2
f 1284/1284 1282/1282 1281/1281
usemtl Surface_2
f 1283/1283 1282/1282 1284/1284
usemtl Surface_2
f 1288/1288 1286/1286 1285/1285
usemtl Surface_2
f 1287/1287 1286/1286 1288/1288
usemtl Surface_2
f 1292/1292 1290/1290 1289/1289
usemtl Surface_2
f 1291/1291 1290/1290 1292/1292
usemtl Surface_2
f 1296/1296 1294/1294 1293/1293
usemtl Surface_2
f 1295/1295 1294/1294 1296/1296
usemtl Surface_2
f 1300/1300 1298/1298 1297/1297
usemtl Surface_2
f 1299/1299 1298/1298 1300/1300
usemtl Surface_2
f 1304/1304 1302/1302 1301/1301
usemtl Surface_2
f 1303/1303 1302/1302 1304/1304
usemtl Surface_2
f 1308/1308 1306/1306 1305/1305
usemtl Surface_2
f 1307/1307 1306/1306 1308/1308
usemtl Surface_2
f 1312/1312 1310/1310 1309/1309
usemtl Surface_2
f 1311/1311 1310/1310 1312/1312
usemtl Surface_2
f 1316/1316 1314/1314 1313/1313
usemtl Surface_2
f 1315/1315 1314/1314 1316/1316
usemtl Surface_2
f 1320/1320 1318/1318 1317/1317
usemtl Surface_2
f 1319/1319 1318/1318 1320/1320
usemtl Surface_2
f 1324/1324 1322/1322 1321/1321
usemtl Surface_2
f 1323/1323 1322/1322 1324/1324
usemtl Surface_2
f 1328/1328 1326/1326 1325/1325
usemtl Surface_2
f 1327/1327 1326/1326 1328/1328
usemtl Surface_2
f 1332/1332 1330/1330 1329/1329
usemtl Surface_2
f 1331/1331 1330/1330 1332/1332
usemtl Surface_2
f 1336/1336 1334/1334 1333/1333
usemtl Surface_2
f 1335/1335 1334/1334 1336/1336
usemtl Surface_2
f 1340/1340 1338/1338 1337/1337
usemtl Surface_2
f 1339/1339 1338/1338 1340/1340
usemtl Surface_2
f 1344/1344 1342/1342 1341/1341
usemtl Surface_2
f 1343/1343 1342/1342 1344/1344
usemtl Surface_2
f 1348/1348 1346/1346 1345/1345
usemtl Surface_2
f 1347/1347 1346/1346 1348/1348
usemtl Surface_2
f 1352/1352 1350/1350 1349/1349
usemtl Surface_2
f 1351/1351 1350/1350 1352/1352
usemtl Surface_2
f 1356/1356 1354/1354 1353/1353
usemtl Surface_2
f 1355/1355 1354/1354 1356/1356
usemtl Surface_2
f 1360/1360 1358/1358 1357/1357
usemtl Surface_2
f 1359/1359 1358/1358 1360/1360
usemtl Surface_2
f 1364/1364 1362/1362 1361/1361
usemtl Surface_2
f 1363/1363 1362/1362 1364/1364
usemtl Surface_2
f 1368/1368 1366/1366 1365/1365
usemtl Surface_2
f 1367/1367 1366/1366 1368/1368
usemtl Surface_2
f 1372/1372 1370/1370 1369/1369
usemtl Surface_2
f 1371/1371 1370/1370 1372/1372
usemtl Surface_2
f 1376/1376 1374/1374 1373/1373
usemtl Surface_2
f 1375/1375 1374/1374 1376/1376
usemtl Surface_2
f 1380/1380 1378/1378 1377/1377
usemtl Surface_2
f 1379/1379 1378/1378 1380/1380
usemtl Surface_2
f 1384/1384 1382/1382 1381/1381
usemtl Surface_2
f 1383/1383 1382/1382 1384/1384
usemtl Surface_2
f 1388/1388 1386/1386 1385/1385
usemtl Surface_2
f 1387/1387 1386/1386 1388/1388
usemtl Surface_2
f 1392/1392 1390/1390 1389/1389
usemtl Surface_2
f 1391/1391 1390/1390 1392/1392
usemtl Surface_2
f 1396/1396 1394/1394 1393/1393
usemtl Surface_2
f 1395/1395 1394/1394 1396/1396
usemtl Surface_2
f 1400/1400 1398/1398 1397/1397
usemtl Surface_2
f 1399/1399 1398/1398 1400/1400
usemtl Surface_2
f 1404/1404 1402/1402 1401/1401
usemtl Surface_2
f 1403/1403 1402/1402 1404/1404
usemtl Surface_2
f 1408/1408 1406/1406 1405/1405
usemtl Surface_2
f 1407/1407 1406/1406 1408/1408
usemtl Surface_2
f 1412/1412 1410/1410 1409/1409
usemtl Surface_2
f 1411/1411 1410/1410 1412/1412
usemtl Surface_2
f 1416/1416 1414/1414 1413/1413
usemtl Surface_2
f 1415/1415 1414/1414 1416/1416
usemtl Surface_2
f 1417/1417 1419/1419 1418/1418
usemtl Surface_2
f 1420/1420 1422/1422 1421/1421
usemtl Surface_2
f 1423/1423 1425/1425 1424/1424
usemtl Surface_2
f 1426/1426 1428/1428 1427/1427
usemtl Surface_2
f 1429/1429 1431/1431 1430/1430
usemtl Surface_2
f 1432/1432 1434/1434 1433/1433
usemtl Surface_2
f 1435/1435 1437/1437 1436/1436
usemtl Surface_2
f 1438/1438 1440/1440 1439/1439
usemtl Surface_2
f 1441/1441 1443/1443 1442/1442
usemtl Surface_2
f 1444/1444 1446/1446 1445/1445
usemtl Surface_2
f 1447/1447 1449/1449 1448/1448
usemtl Surface_2
f 1450/1450 1452/1452 1451/1451
usemtl Surface_2
f 1453/1453 1455/1455 1454/1454
usemtl Surface_2
f 1456/1456 1458/1458 1457/1457
usemtl Surface_2
f 1459/1459 1461/1461 1460/1460
usemtl Surface_2
f 1462/1462 1464/1464 1463/1463
usemtl Surface_2
f 1465/1465 1467/1467 1466/1466
usemtl Surface_2
f 1468/1468 1470/1470 1469/1469
usemtl Surface_2
f 1471/1471 1473/1473 1472/1472
usemtl Surface_2
f 1474/1474 1476/1476 1475/1475
usemtl Surface_2
f 1477/1477 1479/1479 1478/1478
usemtl Surface_2
f 1480/1480 1482/1482 1481/1481
usemtl Surface_2
f 1483/1483 1485/1485 1484/1484
usemtl Surface_2
f 1486/1486 1488/1488 1487/1487
usemtl Surface_2
f 1492/1492 1490/1490 1489/1489
usemtl Surface_2
f 1491/1491 1490/1490 1492/1492
usemtl Surface_2
f 1496/1496 1494/1494 1493/1493
usemtl Surface_2
f 1495/1495 1494/1494 1496/1496
usemtl Surface_2
f 1500/1500 1498/1498 1497/1497
usemtl Surface_2
f 1499/1499 1498/1498 1500/1500
usemtl Surface_2
f 1504/1504 1502/1502 1501/1501
usemtl Surface_2
f 1503/1503 1502/1502 1504/1504
usemtl Surface_2
f 1508/1508 1506/1506 1505/1505
usemtl Surface_2
f 1507/1507 1506/1506 1508/1508
usemtl Surface_2
f 1512/1512 1510/1510 1509/1509
usemtl Surface_2
f 1511/1511 1510/1510 1512/1512
usemtl Surface_2
f 1516/1516 1514/1514 1513/1513
usemtl Surface_2
f 1515/1515 1514/1514 1516/1516
usemtl Surface_2
f 1520/1520 1518/1518 1517/1517
usemtl Surface_2
f 1519/1519 1518/1518 1520/1520
usemtl Surface_2
f 1524/1524 1522/1522 1521/1521
usemtl Surface_2
f 1523/1523 1522/1522 1524/1524
usemtl Surface_2
f 1528/1528 1526/1526 1525/1525
usemtl Surface_2
f 1527/1527 1526/1526 1528/1528
usemtl Surface_2
f 1532/1532 1530/1530 1529/1529
usemtl Surface_2
f 1531/1531 1530/1530 1532/1532
usemtl Surface_2
f 1536/1536 1534/1534 1533/1533
usemtl Surface_2
f 1535/1535 1534/1534 1536/1536
usemtl Surface_2
f 1540/1540 1538/1538 1537/1537
usemtl Surface_2
f 1539/1539 1538/1538 1540/1540
usemtl Surface_2
f 1544/1544 1542/1542 1541/1541
usemtl Surface_2
f 1543/1543 1542/1542 1544/1544
usemtl Surface_2
f 1548/1548 1546/1546 1545/1545
usemtl Surface_2
f 1547/1547 1546/1546 1548/1548
usemtl Surface_2
f 1552/1552 1550/1550 1549/1549
usemtl Surface_2
f 1551/1551 1550/1550 1552/1552
usemtl Surface_2
f 1556/1556 1554/1554 1553/1553
usemtl Surface_2
f 1555/1555 1554/1554 1556/1556
usemtl Surface_2
f 1560/1560 1558/1558 1557/1557
usemtl Surface_2
f 1559/1559 1558/1558 1560/1560
usemtl Surface_2
f 1564/1564 1562/1562 1561/1561
usemtl Surface_2
f 1563/1563 1562/1562 1564/1564
usemtl Surface_2
f 1568/1568 1566/1566 1565/1565
usemtl Surface_2
f 1567/1567 1566/1566 1568/1568
usemtl Surface_2
f 1572/1572 1570/1570 1569/1569
usemtl Surface_2
f 1571/1571 1570/1570 1572/1572
usemtl Surface_2
f 1576/1576 1574/1574 1573/1573
usemtl Surface_2
f 1575/1575 1574/1574 1576/1576
usemtl Surface_2
f 1580/1580 1578/1578 1577/1577
usemtl Surface_2
f 1579/1579 1578/1578 1580/1580
usemtl Surface_2
f 1584/1584 1582/1582 1581/1581
usemtl Surface_2
f 1583/1583 1582/1582 1584/1584
usemtl Surface_2
f 1588/1588 1586/1586 1585/1585
usemtl Surface_2
f 1587/1587 1586/1586 1588/1588
usemtl Surface_2
f 1592/1592 1590/1590 1589/1589
usemtl Surface_2
f 1591/1591 1590/1590 1592/1592
usemtl Surface_2
f 1596/1596 1594/1594 1593/1593
usemtl Surface_2
f 1595/1595 1594/1594 1596/1596
usemtl Surface_2
f 1600/1600 1598/1598 1597/1597
usemtl Surface_2
f 1599/1599 1598/1598 1600/1600
usemtl Surface_2
f 1628/1628 1602/1602 1601/1601
usemtl Surface_2
f 1627/1627 1602/1602 1628/1628
usemtl Surface_2
f 1626/1626 1602/1602 1627/1627
usemtl Surface_2
f 1625/1625 1602/1602 1626/1626
usemtl Surface_2
f 1624/1624 1602/1602 1625/1625
usemtl Surface_2
f 1623/1623 1602/1602 1624/1624
usemtl Surface_2
f 1622/1622 1602/1602 1623/1623
usemtl Surface_2
f 1621/1621 1602/1602 1622/1622
usemtl Surface_2
f 1620/1620 1602/1602 1621/1621
usemtl Surface_2
f 1619/1619 1602/1602 1620/1620
usemtl Surface_2
f 1618/1618 1602/1602 1619/1619
usemtl Surface_2
f 1617/1617 1602/1602 1618/1618
usemtl Surface_2
f 1616/1616 1602/1602 1617/1617
usemtl Surface_2
f 1615/1615 1602/1602 1616/1616
usemtl Surface_2
f 1614/1614 1602/1602 1615/1615
usemtl Surface_2
f 1613/1613 1602/1602 1614/1614
usemtl Surface_2
f 1612/1612 1602/1602 1613/1613
usemtl Surface_2
f 1611/1611 1602/1602 1612/1612
usemtl Surface_2
f 1610/1610 1602/1602 1611/1611
usemtl Surface_2
f 1609/1609 1602/1602 1610/1610
usemtl Surface_2
f 1608/1608 1602/1602 1609/1609
usemtl Surface_2
f 1607/1607 1602/1602 1608/1608
usemtl Surface_2
f 1606/1606 1602/1602 1607/1607
usemtl Surface_2
f 1605/1605 1602/1602 1606/1606
usemtl Surface_2
f 1604/1604 1602/1602 1605/1605
usemtl Surface_2
f 1603/1603 1602/1602 1604/1604
usemtl Surface_2
f 1656/1656 1630/1630 1629/1629
usemtl Surface_2
f 1655/1655 1630/1630 1656/1656
usemtl Surface_2
f 1654/1654 1630/1630 1655/1655
usemtl Surface_2
f 1653/1653 1630/1630 1654/1654
usemtl Surface_2
f 1652/1652 1630/1630 1653/1653
usemtl Surface_2
f 1651/1651 1630/1630 1652/1652
usemtl Surface_2
f 1650/1650 1630/1630 1651/1651
usemtl Surface_2
f 1649/1649 1630/1630 1650/1650
usemtl Surface_2
f 1648/1648 1630/1630 1649/1649
usemtl Surface_2
f 1647/1647 1630/1630 1648/1648
usemtl Surface_2
f 1646/1646 1630/1630 1647/1647
usemtl Surface_2
f 1645/1645 1630/1630 1646/1646
usemtl Surface_2
f 1644/1644 1630/1630 1645/1645
usemtl Surface_2
f 1643/1643 1630/1630 1644/1644
usemtl Surface_2
f 1642/1642 1630/1630 1643/1643
usemtl Surface_2
f 1641/1641 1630/1630 1642/1642
usemtl Surface_2
f 1640/1640 1630/1630 1641/1641
usemtl Surface_2
f 1639/1639 1630/1630 1640/1640
usemtl Surface_2
f 1638/1638 1630/1630 1639/1639
usemtl Surface_2
f 1637/1637 1630/1630 1638/1638
usemtl Surface_2
f 1636/1636 1630/1630 1637/1637
usemtl Surface_2
f 1635/1635 1630/1630 1636/1636
usemtl Surface_2
f 1634/1634 1630/1630 1635/1635
usemtl Surface_2
f 1633/1633 1630/1630 1634/1634
usemtl Surface_2
f 1632/1632 1630/1630 1633/1633
usemtl Surface_2
f 1631/1631 1630/1630 1632/1632
usemtl Surface_0
f 1664/1664 1658/1658 1657/1657
usemtl Surface_0
f 1663/1663 1658/1658 1664/1664
usemtl Surface_0
f 1662/1662 1658/1658 1663/1663
usemtl Surface_0
f 1661/1661 1658/1658 1662/1662
usemtl Surface_0
f 1660/1660 1658/1658 1661/1661
usemtl Surface_0
f 1659/1659 1658/1658 1660/1660
usemtl Surface_0
f 1672/1672 1666/1666 1665/1665
usemtl Surface_0
f 1671/1671 1666/1666 1672/1672
usemtl Surface_0
f 1670/1670 1666/1666 1671/1671
usemtl Surface_0
f 1669/1669 1666/1666 1670/1670
usemtl Surface_0
f 1668/1668 1666/1666 1669/1669
usemtl Surface_0
f 1667/1667 1666/1666 1668/1668
usemtl Surface_0
f 1676/1676 1674/1674 1673/1673
usemtl Surface_0
f 1675/1675 1674/1674 1676/1676
usemtl Surface_1
f 1680/1680 1678/1678 1677/1677
usemtl Surface_1
f 1679/1679 1678/1678 1680/1680
usemtl Surface_0
f 1684/1684 1682/1682 1681/1681
usemtl Surface_0
f 1683/1683 1682/1682 1684/1684
usemtl Surface_1
f 1688/1688 1686/1686 1685/1685
usemtl Surface_1
f 1687/1687 1686/1686 1688/1688
usemtl Surface_0
f 1692/1692 1690/1690 1689/1689
usemtl Surface_0
f 1691/1691 1690/1690 1692/1692
usemtl Surface_1
f 1696/1696 1694/1694 1693/1693
usemtl Surface_1
f 1695/1695 1694/1694 1696/1696
usemtl Surface_0
f 1700/1700 1698/1698 1697/1697
usemtl Surface_0
f 1699/1699 1698/1698 1700/1700
usemtl Surface_1
f 1704/1704 1702/1702 1701/1701
usemtl Surface_1
f 1703/1703 1702/1702 1704/1704
usemtl Surface_0
f 1708/1708 1706/1706 1705/1705
usemtl Surface_0
f 1707/1707 1706/1706 1708/1708
usemtl Surface_1
f 1712/1712 1710/1710 1709/1709
usemtl Surface_1
f 1711/1711 1710/1710 1712/1712
usemtl Surface_0
f 1716/1716 1714/1714 1713/1713
usemtl Surface_0
f 1715/1715 1714/1714 1716/1716
usemtl Surface_1
f 1720/1720 1718/1718 1717/1717
usemtl Surface_1
f 1719/1719 1718/1718 1720/1720
usemtl Surface_0
f 1724/1724 1722/1722 1721/1721
usemtl Surface_0
f 1723/1723 1722/1722 1724/1724
usemtl Surface_1
f 1728/1728 1726/1726 1725/1725
usemtl Surface_1
f 1727/1727 1726/1726 1728/1728
usemtl Surface_0
f 1732/1732 1730/1730 1729/1729
usemtl Surface_0
f 1731/1731 1730/1730 1732/1732
usemtl Surface_1
f 1736/1736 1734/1734 1733/1733
usemtl Surface_1
f 1735/1735 1734/1734 1736/1736
usemtl Surface_0
f 1744/1744 1738/1738 1737/1737
usemtl Surface_0
f 1743/1743 1738/1738 1744/1744
usemtl Surface_0
f 1742/1742 1738/1738 1743/1743
usemtl Surface_0
f 1741/1741 1738/1738 1742/1742
usemtl Surface_0
f 1740/1740 1738/1738 1741/1741
usemtl Surface_0
f 1739/1739 1738/1738 1740/1740
usemtl Surface_0
f 1752/1752 1746/1746 1745/1745
usemtl Surface_0
f 1751/1751 1746/1746 1752/1752
usemtl Surface_0
f 1750/1750 1746/1746 1751/1751
usemtl Surface_0
f 1749/1749 1746/1746 1750/1750
usemtl Surface_0
f 1748/1748 1746/1746 1749/1749
usemtl Surface_0
f 1747/1747 1746/1746 1748/1748
usemtl Surface_0
f 1756/1756 1754/1754 1753/1753
usemtl Surface_0
f 1755/1755 1754/1754 1756/1756
usemtl Surface_1
f 1760/1760 1758/1758 1757/1757
usemtl Surface_1
f 1759/1759 1758/1758 1760/1760
usemtl Surface_0
f 1764/1764 1762/1762 1761/1761
usemtl Surface_0
f 1763/1763 1762/1762 1764/1764
usemtl Surface_1
f 1768/1768 1766/1766 1765/1765
usemtl Surface_1
f 1767/1767 1766/1766 1768/1768
usemtl Surface_0
f 1772/1772 1770/1770 1769/1769
usemtl Surface_0
f 1771/1771 1770/1770 1772/1772
usemtl Surface_1
f 1776/1776 1774/1774 1773/1773
usemtl Surface_1
f 1775/1775 1774/1774 1776/1776
usemtl Surface_0
f 1780/1780 1778/1778 1777/1777
usemtl Surface_0
f 1779/1779 1778/1778 1780/1780
usemtl Surface_1
f 1784/1784 1782/1782 1781/1781
usemtl Surface_1
f 1783/1783 1782/1782 1784/1784
usemtl Surface_0
f 1788/1788 1786/1786 1785/1785
usemtl Surface_0
f 1787/1787 1786/1786 1788/1788
usemtl Surface_1
f 1792/1792 1790/1790 1789/1789
usemtl Surface_1
f 1791/1791 1790/1790 1792/1792
usemtl Surface_0
f 1796/1796 1794/1794 1793/1793
usemtl Surface_0
f 1795/1795 1794/1794 1796/1796
usemtl Surface_1
f 1800/1800 1798/1798 1797/1797
usemtl Surface_1
f 1799/1799 1798/1798 1800/1800
usemtl Surface_0
f 1804/1804 1802/1802 1801/1801
usemtl Surface_0
f 1803/1803 1802/1802 1804/1804
usemtl Surface_1
f 1808/1808 1806/1806 1805/1805
usemtl Surface_1
f 1807/1807 1806/1806 1808/1808
usemtl Surface_0
f 1812/1812 1810/1810 1809/1809
usemtl Surface_0
f 1811/1811 1810/1810 1812/1812
usemtl Surface_1
f 1816/1816 1814/1814 1813/1813
usemtl Surface_1
f 1815/1815 1814/1814 1816/1816
usemtl Surface_0
f 1824/1824 1818/1818 1817/1817
usemtl Surface_0
f 1823/1823 1818/1818 1824/1824
usemtl Surface_0
f 1822/1822 1818/1818 1823/1823
usemtl Surface_0
f 1821/1821 1818/1818 1822/1822
usemtl Surface_0
f 1820/1820 1818/1818 1821/1821
usemtl Surface_0
f 1819/1819 1818/1818 1820/1820
usemtl Surface_0
f 1832/1832 1826/1826 1825/1825
usemtl Surface_0
f 1831/1831 1826/1826 1832/1832
usemtl Surface_0
f 1830/1830 1826/1826 1831/1831
usemtl Surface_0
f 1829/1829 1826/1826 1830/1830
usemtl Surface_0
f 1828/1828 1826/1826 1829/1829
usemtl Surface_0
f 1827/1827 1826/1826 1828/1828
usemtl Surface_0
f 1836/1836 1834/1834 1833/1833
usemtl Surface_0
f 1835/1835 1834/1834 1836/1836
usemtl Surface_1
f 1840/1840 1838/1838 1837/1837
usemtl Surface_1
f 1839/1839 1838/1838 1840/1840
usemtl Surface_0
f 1844/1844 1842/1842 1841/1841
usemtl Surface_0
f 1843/1843 1842/1842 1844/1844
usemtl Surface_1
f 1848/1848 1846/1846 1845/1845
usemtl Surface_1
f 1847/1847 1846/1846 1848/1848
usemtl Surface_0
f 1852/1852 1850/1850 1849/1849
usemtl Surface_0
f 1851/1851 1850/1850 1852/1852
usemtl Surface_1
f 1856/1856 1854/1854 1853/1853
usemtl Surface_1
f 1855/1855 1854/1854 1856/1856
usemtl Surface_0
f 1860/1860 1858/1858 1857/1857
usemtl Surface_0
f 1859/1859 1858/1858 1860/1860
usemtl Surface_1
f 1864/1864 1862/1862 1861/1861
usemtl Surface_1
f 1863/1863 1862/1862 1864/1864
usemtl Surface_0
f 1868/1868 1866/1866 1865/1865
usemtl Surface_0
f 1867/1867 1866/1866 1868/1868
usemtl Surface_1
f 1872/1872 1870/1870 1869/1869
usemtl Surface_1
f 1871/1871 1870/1870 1872/1872
usemtl Surface_0
f 1876/1876 1874/1874 1873/1873
usemtl Surface_0
f 1875/1875 1874/1874 1876/1876
usemtl Surface_1
f 1880/1880 1878/1878 1877/1877
usemtl Surface_1
f 1879/1879 1878/1878 1880/1880
usemtl Surface_0
f 1884/1884 1882/1882 1881/1881
usemtl Surface_0
f 1883/1883 1882/1882 1884/1884
usemtl Surface_1
f 1888/1888 1886/1886 1885/1885
usemtl Surface_1
f 1887/1887 1886/1886 1888/1888
usemtl Surface_0
f 1892/1892 1890/1890 1889/1889
usemtl Surface_0
f 1891/1891 1890/1890 1892/1892
usemtl Surface_1
f 1896/1896 1894/1894 1893/1893
usemtl Surface_1
f 1895/1895 1894/1894 1896/1896
usemtl Surface_2
f 1900/1900 1898/1898 1897/1897
usemtl Surface_2
f 1899/1899 1898/1898 1900/1900
usemtl Surface_2
f 1904/1904 1902/1902 1901/1901
usemtl Surface_2
f 1903/1903 1902/1902 1904/1904
usemtl Surface_2
f 1908/1908 1906/1906 1905/1905
usemtl Surface_2
f 1907/1907 1906/1906 1908/1908
usemtl Surface_2
f 1912/1912 1910/1910 1909/1909
usemtl Surface_2
f 1911/1911 1910/1910 1912/1912
usemtl Surface_2
f 1916/1916 1914/1914 1913/1913
usemtl Surface_2
f 1915/1915 1914/1914 1916/1916
usemtl Surface_2
f 1920/1920 1918/1918 1917/1917
usemtl Surface_2
f 1919/1919 1918/1918 1920/1920
usemtl Surface_2
f 1924/1924 1922/1922 1921/1921
usemtl Surface_2
f 1923/1923 1922/1922 1924/1924
usemtl Surface_2
f 1928/1928 1926/1926 1925/1925
usemtl Surface_2
f 1927/1927 1926/1926 1928/1928
usemtl Surface_2
f 1932/1932 1930/1930 1929/1929
usemtl Surface_2
f 1931/1931 1930/1930 1932/1932
usemtl Surface_2
f 1936/1936 1934/1934 1933/1933
usemtl Surface_2
f 1935/1935 1934/1934 1936/1936
usemtl Surface_2
f 1940/1940 1938/1938 1937/1937
usemtl Surface_2
f 1939/1939 1938/1938 1940/1940
usemtl Surface_2
f 1944/1944 1942/1942 1941/1941
usemtl Surface_2
f 1943/1943 1942/1942 1944/1944
usemtl Surface_2
f 1948/1948 1946/1946 1945/1945
usemtl Surface_2
f 1947/1947 1946/1946 1948/1948
usemtl Surface_2
f 1952/1952 1950/1950 1949/1949
usemtl Surface_2
f 1951/1951 1950/1950 1952/1952
usemtl Surface_2
f 1956/1956 1954/1954 1953/1953
usemtl Surface_2
f 1955/1955 1954/1954 1956/1956
usemtl Surface_2
f 1960/1960 1958/1958 1957/1957
usemtl Surface_2
f 1959/1959 1958/1958 1960/1960
usemtl Surface_2
f 1964/1964 1962/1962 1961/1961
usemtl Surface_2
f 1963/1963 1962/1962 1964/1964
usemtl Surface_2
f 1968/1968 1966/1966 1965/1965
usemtl Surface_2
f 1967/1967 1966/1966 1968/1968
usemtl Surface_2
f 1969/1969 1971/1971 1970/1970
usemtl Surface_2
f 1972/1972 1974/1974 1973/1973
usemtl Surface_2
f 1975/1975 1977/1977 1976/1976
usemtl Surface_2
f 1978/1978 1980/1980 1979/1979
usemtl Surface_2
f 1981/1981 1983/1983 1982/1982
usemtl Surface_2
f 1984/1984 1986/1986 1985/1985
usemtl Surface_2
f 1987/1987 1989/1989 1988/1988
usemtl Surface_2
f 1990/1990 1992/1992 1991/1991
usemtl Surface_4
f 1996/1996 1994/1994 1993/1993
usemtl Surface_4
f 1995/1995 1994/1994 1996/1996
usemtl Surface_4
f 2000/2000 1998/1998 1997/1997
usemtl Surface_4
f 1999/1999 1998/1998 2000/2000
usemtl Surface_4
f 2004/2004 2002/2002 2001/2001
usemtl Surface_4
f 2003/2003 2002/2002 2004/2004
usemtl Surface_4
f 2008/2008 2006/2006 2005/2005
usemtl Surface_4
f 2007/2007 2006/2006 2008/2008
usemtl Surface_4
f 2012/2012 2010/2010 2009/2009
usemtl Surface_4
f 2011/2011 2010/2010 2012/2012
usemtl Surface_4
f 2016/2016 2014/2014 2013/2013
usemtl Surface_4
f 2015/2015 2014/2014 2016/2016
usemtl Surface_4
f 2020/2020 2018/2018 2017/2017
usemtl Surface_4
f 2019/2019 2018/2018 2020/2020
usemtl Surface_4
f 2024/2024 2022/2022 2021/2021
usemtl Surface_4
f 2023/2023 2022/2022 2024/2024
usemtl Surface_4
f 2028/2028 2026/2026 2025/2025
usemtl Surface_4
f 2027/2027 2026/2026 2028/2028
usemtl Surface_4
f 2032/2032 2030/2030 2029/2029
usemtl Surface_4
f 2031/2031 2030/2030 2032/2032
usemtl Surface_4
f 2042/2042 2034/2034 2033/2033
usemtl Surface_4
f 2041/2041 2034/2034 2042/2042
usemtl Surface_4
f 2040/2040 2034/2034 2041/2041
usemtl Surface_4
f 2039/2039 2034/2034 2040/2040
usemtl Surface_4
f 2038/2038 2034/2034 2039/2039
usemtl Surface_4
f 2037/2037 2034/2034 2038/2038
usemtl Surface_4
f 2036/2036 2034/2034 2037/2037
usemtl Surface_4
f 2035/2035 2034/2034 2036/2036
usemtl Surface_4
f 2052/2052 2044/2044 2043/2043
usemtl Surface_4
f 2051/2051 2044/2044 2052/2052
usemtl Surface_4
f 2050/2050 2044/2044 2051/2051
usemtl Surface_4
f 2049/2049 2044/2044 2050/2050
usemtl Surface_4
f 2048/2048 2044/2044 2049/2049
usemtl Surface_4
f 2047/2047 2044/2044 2048/2048
usemtl Surface_4
f 2046/2046 2044/2044 2047/2047
usemtl Surface_4
f 2045/2045 2044/2044 2046/2046
usemtl Surface_2
f 2056/2056 2054/2054 2053/2053
usemtl Surface_2
f 2055/2055 2054/2054 2056/2056
usemtl Surface_2
f 2060/2060 2058/2058 2057/2057
usemtl Surface_2
f 2059/2059 2058/2058 2060/2060
usemtl Surface_2
f 2064/2064 2062/2062 2061/2061
usemtl Surface_2
f 2063/2063 2062/2062 2064/2064
usemtl Surface_2
f 2068/2068 2066/2066 2065/2065
usemtl Surface_2
f 2067/2067 2066/2066 2068/2068
usemtl Surface_2
f 2072/2072 2070/2070 2069/2069
usemtl Surface_2
f 2071/2071 2070/2070 2072/2072
usemtl Surface_2
f 2076/2076 2074/2074 2073/2073
usemtl Surface_2
f 2075/2075 2074/2074 2076/2076
usemtl Surface_4
f 2080/2080 2078/2078 2077/2077
usemtl Surface_4
f 2079/2079 2078/2078 2080/2080
usemtl Surface_4
f 2084/2084 2082/2082 2081/2081
usemtl Surface_4
f 2083/2083 2082/2082 2084/2084
usemtl Surface_4
f 2088/2088 2086/2086 2085/2085
usemtl Surface_4
f 2087/2087 2086/2086 2088/2088
usemtl Surface_4
f 2092/2092 2090/2090 2089/2089
usemtl Surface_4
f 2091/2091 2090/2090 2092/2092
usemtl Surface_4
f 2096/2096 2094/2094 2093/2093
usemtl Surface_4
f 2095/2095 2094/2094 2096/2096
usemtl Surface_4
f 2100/2100 2098/2098 2097/2097
usemtl Surface_4
f 2099/2099 2098/2098 2100/2100
usemtl Surface_4
f 2104/2104 2102/2102 2101/2101
usemtl Surface_4
f 2103/2103 2102/2102 2104/2104
usemtl Surface_4
f 2108/2108 2106/2106 2105/2105
usemtl Surface_4
f 2107/2107 2106/2106 2108/2108
usemtl Surface_4
f 2112/2112 2110/2110 2109/2109
usemtl Surface_4
f 2111/2111 2110/2110 2112/2112
usemtl Surface_4
f 2116/2116 2114/2114 2113/2113
usemtl Surface_4
f 2115/2115 2114/2114 2116/2116
usemtl Surface_4
f 2126/2126 2118/2118 2117/2117
usemtl Surface_4
f 2125/2125 2118/2118 2126/2126
usemtl Surface_4
f 2124/2124 2118/2118 2125/2125
usemtl Surface_4
f 2123/2123 2118/2118 2124/2124
usemtl Surface_4
f 2122/2122 2118/2118 2123/2123
usemtl Surface_4
f 2121/2121 2118/2118 2122/2122
usemtl Surface_4
f 2120/2120 2118/2118 2121/2121
usemtl Surface_4
f 2119/2119 2118/2118 2120/2120
usemtl Surface_4
f 2136/2136 2128/2128 2127/2127
usemtl Surface_4
f 2135/2135 2128/2128 2136/2136
usemtl Surface_4
f 2134/2134 2128/2128 2135/2135
usemtl Surface_4
f 2133/2133 2128/2128 2134/2134
usemtl Surface_4
f 2132/2132 2128/2128 2133/2133
usemtl Surface_4
f 2131/2131 2128/2128 2132/2132
usemtl Surface_4
f 2130/2130 2128/2128 2131/2131
usemtl Surface_4
f 2129/2129 2128/2128 2130/2130
usemtl Surface_2
f 2140/2140 2138/2138 2137/2137
usemtl Surface_2
f 2139/2139 2138/2138 2140/2140
usemtl Surface_2
f 2144/2144 2142/2142 2141/2141
usemtl Surface_2
f 2143/2143 2142/2142 2144/2144
usemtl Surface_2
f 2148/2148 2146/2146 2145/2145
usemtl Surface_2
f 2147/2147 2146/2146 2148/2148
usemtl Surface_2
f 2152/2152 2150/2150 2149/2149
usemtl Surface_2
f 2151/2151 2150/2150 2152/2152
usemtl Surface_2
f 2156/2156 2154/2154 2153/2153
usemtl Surface_2
f 2155/2155 2154/2154 2156/2156
usemtl Surface_2
f 2160/2160 2158/2158 2157/2157
usemtl Surface_2
f 2159/2159 2158/2158 2160/2160
usemtl Surface_0
f 2168/2168 2162/2162 2161/2161
usemtl Surface_0
f 2167/2167 2162/2162 2168/2168
usemtl Surface_0
f 2166/2166 2162/2162 2167/2167
usemtl Surface_0
f 2165/2165 2162/2162 2166/2166
usemtl Surface_0
f 2164/2164 2162/2162 2165/2165
usemtl Surface_0
f 2163/2163 2162/2162 2164/2164
usemtl Surface_0
f 2176/2176 2170/2170 2169/2169
usemtl Surface_0
f 2175/2175 2170/2170 2176/2176
usemtl Surface_0
f 2174/2174 2170/2170 2175/2175
usemtl Surface_0
f 2173/2173 2170/2170 2174/2174
usemtl Surface_0
f 2172/2172 2170/2170 2173/2173
usemtl Surface_0
f 2171/2171 2170/2170 2172/2172
usemtl Surface_0
f 2180/2180 2178/2178 2177/2177
usemtl Surface_0
f 2179/2179 2178/2178 2180/2180
usemtl Surface_1
f 2184/2184 2182/2182 2181/2181
usemtl Surface_1
f 2183/2183 2182/2182 2184/2184
usemtl Surface_0
f 2188/2188 2186/2186 2185/2185
usemtl Surface_0
f 2187/2187 2186/2186 2188/2188
usemtl Surface_1
f 2192/2192 2190/2190 2189/2189
usemtl Surface_1
f 2191/2191 2190/2190 2192/2192
usemtl Surface_0
f 2196/2196 2194/2194 2193/2193
usemtl Surface_0
f 2195/2195 2194/2194 2196/2196
usemtl Surface_1
f 2200/2200 2198/2198 2197/2197
usemtl Surface_1
f 2199/2199 2198/2198 2200/2200
usemtl Surface_0
f 2204/2204 2202/2202 2201/2201
usemtl Surface_0
f 2203/2203 2202/2202 2204/2204
usemtl Surface_1
f 2208/2208 2206/2206 2205/2205
usemtl Surface_1
f 2207/2207 2206/2206 2208/2208
usemtl Surface_0
f 2212/2212 2210/2210 2209/2209
usemtl Surface_0
f 2211/2211 2210/2210 2212/2212
usemtl Surface_1
f 2216/2216 2214/2214 2213/2213
usemtl Surface_1
f 2215/2215 2214/2214 2216/2216
usemtl Surface_0
f 2220/2220 2218/2218 2217/2217
usemtl Surface_0
f 2219/2219 2218/2218 2220/2220
usemtl Surface_1
f 2224/2224 2222/2222 2221/2221
usemtl Surface_1
f 2223/2223 2222/2222 2224/2224
usemtl Surface_0
f 2228/2228 2226/2226 2225/2225
usemtl Surface_0
f 2227/2227 2226/2226 2228/2228
usemtl Surface_1
f 2232/2232 2230/2230 2229/2229
usemtl Surface_1
f 2231/2231 2230/2230 2232/2232
usemtl Surface_0
f 2236/2236 2234/2234 2233/2233
usemtl Surface_0
f 2235/2235 2234/2234 2236/2236
usemtl Surface_1
f 2240/2240 2238/2238 2237/2237
usemtl Surface_1
f 2239/2239 2238/2238 2240/2240
usemtl Surface_2
f 2244/2244 2242/2242 2241/2241
usemtl Surface_2
f 2243/2243 2242/2242 2244/2244
usemtl Surface_2
f 2248/2248 2246/2246 2245/2245
usemtl Surface_2
f 2247/2247 2246/2246 2248/2248
usemtl Surface_2
f 2252/2252 2250/2250 2249/2249
usemtl Surface_2
f 2251/2251 2250/2250 2252/2252
usemtl Surface_2
f 2256/2256 2254/2254 2253/2253
usemtl Surface_2
f 2255/2255 2254/2254 2256/2256
usemtl Surface_2
f 2260/2260 2258/2258 2257/2257
usemtl Surface_2
f 2259/2259 2258/2258 2260/2260
usemtl Surface_2
f 2264/2264 2262/2262 2261/2261
usemtl Surface_2
f 2263/2263 2262/2262 2264/2264
usemtl Surface_2
f 2268/2268 2266/2266 2265/2265
usemtl Surface_2
f 2267/2267 2266/2266 2268/2268
usemtl Surface_2
f 2272/2272 2270/2270 2269/2269
usemtl Surface_2
f 2271/2271 2270/2270 2272/2272
usemtl Surface_2
f 2276/2276 2274/2274 2273/2273
usemtl Surface_2
f 2275/2275 2274/2274 2276/2276
usemtl Surface_2
f 2280/2280 2278/2278 2277/2277
usemtl Surface_2
f 2279/2279 2278/2278 2280/2280
usemtl Surface_2
f 2284/2284 2282/2282 2281/2281
usemtl Surface_2
f 2283/2283 2282/2282 2284/2284
usemtl Surface_2
f 2288/2288 2286/2286 2285/2285
usemtl Surface_2
f 2287/2287 2286/2286 2288/2288
usemtl Surface_2
f 2292/2292 2290/2290 2289/2289
usemtl Surface_2
f 2291/2291 2290/2290 2292/2292
usemtl Surface_2
f 2296/2296 2294/2294 2293/2293
usemtl Surface_2
f 2295/2295 2294/2294 2296/2296
usemtl Surface_2
f 2300/2300 2298/2298 2297/2297
usemtl Surface_2
f 2299/2299 2298/2298 2300/2300
usemtl Surface_2
f 2304/2304 2302/2302 2301/2301
usemtl Surface_2
f 2303/2303 2302/2302 2304/2304
usemtl Surface_2
f 2308/2308 2306/2306 2305/2305
usemtl Surface_2
f 2307/2307 2306/2306 2308/2308
usemtl Surface_2
f 2312/2312 2310/2310 2309/2309
usemtl Surface_2
f 2311/2311 2310/2310 2312/2312
usemtl Surface_2
f 2313/2313 2315/2315 2314/2314
usemtl Surface_2
f 2316/2316 2318/2318 2317/2317
usemtl Surface_2
f 2319/2319 2321/2321 2320/2320
usemtl Surface_2
f 2322/2322 2324/2324 2323/2323
usemtl Surface_2
f 2325/2325 2327/2327 2326/2326
usemtl Surface_2
f 2328/2328 2330/2330 2329/2329
usemtl Surface_2
f 2331/2331 2333/2333 2332/2332
usemtl Surface_2
f 2334/2334 2336/2336 2335/2335
usemtl Surface_4
f 2340/2340 2338/2338 2337/2337
usemtl Surface_4
f 2339/2339 2338/2338 2340/2340
usemtl Surface_4
f 2344/2344 2342/2342 2341/2341
usemtl Surface_4
f 2343/2343 2342/2342 2344/2344
usemtl Surface_4
f 2348/2348 2346/2346 2345/2345
usemtl Surface_4
f 2347/2347 2346/2346 2348/2348
usemtl Surface_4
f 2352/2352 2350/2350 2349/2349
usemtl Surface_4
f 2351/2351 2350/2350 2352/2352
usemtl Surface_4
f 2356/2356 2354/2354 2353/2353
usemtl Surface_4
f 2355/2355 2354/2354 2356/2356
usemtl Surface_4
f 2360/2360 2358/2358 2357/2357
usemtl Surface_4
f 2359/2359 2358/2358 2360/2360
usemtl Surface_4
f 2364/2364 2362/2362 2361/2361
usemtl Surface_4
f 2363/2363 2362/2362 2364/2364
usemtl Surface_4
f 2368/2368 2366/2366 2365/2365
usemtl Surface_4
f 2367/2367 2366/2366 2368/2368
usemtl Surface_4
f 2372/2372 2370/2370 2369/2369
usemtl Surface_4
f 2371/2371 2370/2370 2372/2372
usemtl Surface_4
f 2376/2376 2374/2374 2373/2373
usemtl Surface_4
f 2375/2375 2374/2374 2376/2376
usemtl Surface_4
f 2386/2386 2378/2378 2377/2377
usemtl Surface_4
f 2385/2385 2378/2378 2386/2386
usemtl Surface_4
f 2384/2384 2378/2378 2385/2385
usemtl Surface_4
f 2383/2383 2378/2378 2384/2384
usemtl Surface_4
f 2382/2382 2378/2378 2383/2383
usemtl Surface_4
f 2381/2381 2378/2378 2382/2382
usemtl Surface_4
f 2380/2380 2378/2378 2381/2381
usemtl Surface_4
f 2379/2379 2378/2378 2380/2380
usemtl Surface_4
f 2396/2396 2388/2388 2387/2387
usemtl Surface_4
f 2395/2395 2388/2388 2396/2396
usemtl Surface_4
f 2394/2394 2388/2388 2395/2395
usemtl Surface_4
f 2393/2393 2388/2388 2394/2394
usemtl Surface_4
f 2392/2392 2388/2388 2393/2393
usemtl Surface_4
f 2391/2391 2388/2388 2392/2392
usemtl Surface_4
f 2390/2390 2388/2388 2391/2391
usemtl Surface_4
f 2389/2389 2388/2388 2390/2390
usemtl Surface_2
f 2400/2400 2398/2398 2397/2397
usemtl Surface_2
f 2399/2399 2398/2398 2400/2400
usemtl Surface_2
f 2404/2404 2402/2402 2401/2401
usemtl Surface_2
f 2403/2403 2402/2402 2404/2404
usemtl Surface_2
f 2408/2408 2406/2406 2405/2405
usemtl Surface_2
f 2407/2407 2406/2406 2408/2408
usemtl Surface_2
f 2412/2412 2410/2410 2409/2409
usemtl Surface_2
f 2411/2411 2410/2410 2412/2412
usemtl Surface_2
f 2416/2416 2414/2414 2413/2413
usemtl Surface_2
f 2415/2415 2414/2414 2416/2416
usemtl Surface_2
f 2420/2420 2418/2418 2417/2417
usemtl Surface_2
f 2419/2419 2418/2418 2420/2420
usemtl Surface_4
f 2424/2424 2422/2422 2421/2421
usemtl Surface_4
f 2423/2423 2422/2422 2424/2424
usemtl Surface_4
f 2428/2428 2426/2426 2425/2425
usemtl Surface_4
f 2427/2427 2426/2426 2428/2428
usemtl Surface_4
f 2432/2432 2430/2430 2429/2429
usemtl Surface_4
f 2431/2431 2430/2430 2432/2432
usemtl Surface_4
f 2436/2436 2434/2434 2433/2433
usemtl Surface_4
f 2435/2435 2434/2434 2436/2436
usemtl Surface_4
f 2440/2440 2438/2438 2437/2437
usemtl Surface_4
f 2439/2439 2438/2438 2440/2440
usemtl Surface_4
f 2444/2444 2442/2442 2441/2441
usemtl Surface_4
f 2443/2443 2442/2442 2444/2444
usemtl Surface_4
f 2448/2448 2446/2446 2445/2445
usemtl Surface_4
f 2447/2447 2446/2446 2448/2448
usemtl Surface_4
f 2452/2452 2450/2450 2449/2449
usemtl Surface_4
f 2451/2451 2450/2450 2452/2452
usemtl Surface_4
f 2456/2456 2454/2454 2453/2453
usemtl Surface_4
f 2455/2455 2454/2454 2456/2456
usemtl Surface_4
f 2460/2460 2458/2458 2457/2457
usemtl Surface_4
f 2459/2459 2458/2458 2460/2460
usemtl Surface_4
f 2470/2470 2462/2462 2461/2461
usemtl Surface_4
f 2469/2469 2462/2462 2470/2470
usemtl Surface_4
f 2468/2468 2462/2462 2469/2469
usemtl Surface_4
f 2467/2467 2462/2462 2468/2468
usemtl Surface_4
f 2466/2466 2462/2462 2467/2467
usemtl Surface_4
f 2465/2465 2462/2462 2466/2466
usemtl Surface_4
f 2464/2464 2462/2462 2465/2465
usemtl Surface_4
f 2463/2463 2462/2462 2464/2464
usemtl Surface_4
f 2480/2480 2472/2472 2471/2471
usemtl Surface_4
f 2479/2479 2472/2472 2480/2480
usemtl Surface_4
f 2478/2478 2472/2472 2479/2479
usemtl Surface_4
f 2477/2477 2472/2472 2478/2478
usemtl Surface_4
f 2476/2476 2472/2472 2477/2477
usemtl Surface_4
f 2475/2475 2472/2472 2476/2476
usemtl Surface_4
f 2474/2474 2472/2472 2475/2475
usemtl Surface_4
f 2473/2473 2472/2472 2474/2474
usemtl Surface_2
f 2484/2484 2482/2482 2481/2481
usemtl Surface_2
f 2483/2483 2482/2482 2484/2484
usemtl Surface_2
f 2488/2488 2486/2486 2485/2485
usemtl Surface_2
f 2487/2487 2486/2486 2488/2488
usemtl Surface_2
f 2492/2492 2490/2490 2489/2489
usemtl Surface_2
f 2491/2491 2490/2490 2492/2492
usemtl Surface_2
f 2496/2496 2494/2494 2493/2493
usemtl Surface_2
f 2495/2495 2494/2494 2496/2496
usemtl Surface_2
f 2500/2500 2498/2498 2497/2497
usemtl Surface_2
f 2499/2499 2498/2498 2500/2500
usemtl Surface_2
f 2504/2504 2502/2502 2501/2501
usemtl Surface_2
f 2503/2503 2502/2502 2504/2504
usemtl Surface_0
f 2510/2510 2506/2506 2505/2505
usemtl Surface_0
f 2509/2509 2506/2506 2510/2510
usemtl Surface_0
f 2508/2508 2506/2506 2509/2509
usemtl Surface_0
f 2507/2507 2506/2506 2508/2508
usemtl Surface_0
f 2516/2516 2512/2512 2511/2511
usemtl Surface_0
f 2515/2515 2512/2512 2516/2516
usemtl Surface_0
f 2514/2514 2512/2512 2515/2515
usemtl Surface_0
f 2513/2513 2512/2512 2514/2514
usemtl Surface_0
f 2520/2520 2518/2518 2517/2517
usemtl Surface_0
f 2519/2519 2518/2518 2520/2520
usemtl Surface_1
f 2524/2524 2522/2522 2521/2521
usemtl Surface_1
f 2523/2523 2522/2522 2524/2524
usemtl Surface_0
f 2528/2528 2526/2526 2525/2525
usemtl Surface_0
f 2527/2527 2526/2526 2528/2528
usemtl Surface_1
f 2532/2532 2530/2530 2529/2529
usemtl Surface_1
f 2531/2531 2530/2530 2532/2532
usemtl Surface_0
f 2536/2536 2534/2534 2533/2533
usemtl Surface_0
f 2535/2535 2534/2534 2536/2536
usemtl Surface_1
f 2540/2540 2538/2538 2537/2537
usemtl Surface_1
f 2539/2539 2538/2538 2540/2540
usemtl Surface_0
f 2544/2544 2542/2542 2541/2541
usemtl Surface_0
f 2543/2543 2542/2542 2544/2544
usemtl Surface_1
f 2548/2548 2546/2546 2545/2545
usemtl Surface_1
f 2547/2547 2546/2546 2548/2548
usemtl Surface_0
f 2552/2552 2550/2550 2549/2549
usemtl Surface_0
f 2551/2551 2550/2550 2552/2552
usemtl Surface_1
f 2556/2556 2554/2554 2553/2553
usemtl Surface_1
f 2555/2555 2554/2554 2556/2556
usemtl Surface_0
f 2560/2560 2558/2558 2557/2557
usemtl Surface_0
f 2559/2559 2558/2558 2560/2560
usemtl Surface_1
f 2564/2564 2562/2562 2561/2561
usemtl Surface_1
f 2563/2563 2562/2562 2564/2564
usemtl Surface_0
f 2572/2572 2566/2566 2565/2565
usemtl Surface_0
f 2571/2571 2566/2566 2572/2572
usemtl Surface_0
f 2570/2570 2566/2566 2571/2571
usemtl Surface_0
f 2569/2569 2566/2566 2570/2570
usemtl Surface_0
f 2568/2568 2566/2566 2569/2569
usemtl Surface_0
f 2567/2567 2566/2566 2568/2568
usemtl Surface_0
f 2580/2580 2574/2574 2573/2573
usemtl Surface_0
f 2579/2579 2574/2574 2580/2580
usemtl Surface_0
f 2578/2578 2574/2574 2579/2579
usemtl Surface_0
f 2577/2577 2574/2574 2578/2578
usemtl Surface_0
f 2576/2576 2574/2574 2577/2577
usemtl Surface_0
f 2575/2575 2574/2574 2576/2576
usemtl Surface_0
f 2584/2584 2582/2582 2581/2581
usemtl Surface_0
f 2583/2583 2582/2582 2584/2584
usemtl Surface_1
f 2588/2588 2586/2586 2585/2585
usemtl Surface_1
f 2587/2587 2586/2586 2588/2588
usemtl Surface_0
f 2592/2592 2590/2590 2589/2589
usemtl Surface_0
f 2591/2591 2590/2590 2592/2592
usemtl Surface_1
f 2596/2596 2594/2594 2593/2593
usemtl Surface_1
f 2595/2595 2594/2594 2596/2596
usemtl Surface_0
f 2600/2600 2598/2598 2597/2597
usemtl Surface_0
f 2599/2599 2598/2598 2600/2600
usemtl Surface_1
f 2604/2604 2602/2602 2601/2601
usemtl Surface_1
f 2603/2603 2602/2602 2604/2604
usemtl Surface_0
f 2608/2608 2606/2606 2605/2605
usemtl Surface_0
f 2607/2607 2606/2606 2608/2608
usemtl Surface_1
f 2612/2612 2610/2610 2609/2609
usemtl Surface_1
f 2611/2611 2610/2610 2612/2612
usemtl Surface_0
f 2616/2616 2614/2614 2613/2613
usemtl Surface_0
f 2615/2615 2614/2614 2616/2616
usemtl Surface_1
f 2620/2620 2618/2618 2617/2617
usemtl Surface_1
f 2619/2619 2618/2618 2620/2620
usemtl Surface_0
f 2624/2624 2622/2622 2621/2621
usemtl Surface_0
f 2623/2623 2622/2622 2624/2624
usemtl Surface_1
f 2628/2628 2626/2626 2625/2625
usemtl Surface_1
f 2627/2627 2626/2626 2628/2628
usemtl Surface_0
f 2632/2632 2630/2630 2629/2629
usemtl Surface_0
f 2631/2631 2630/2630 2632/2632
usemtl Surface_1
f 2636/2636 2634/2634 2633/2633
usemtl Surface_1
f 2635/2635 2634/2634 2636/2636
usemtl Surface_0
f 2640/2640 2638/2638 2637/2637
usemtl Surface_0
f 2639/2639 2638/2638 2640/2640
usemtl Surface_1
f 2644/2644 2642/2642 2641/2641
usemtl Surface_1
f 2643/2643 2642/2642 2644/2644
usemtl Surface_0
f 2652/2652 2646/2646 2645/2645
usemtl Surface_0
f 2651/2651 2646/2646 2652/2652
usemtl Surface_0
f 2650/2650 2646/2646 2651/2651
usemtl Surface_0
f 2649/2649 2646/2646 2650/2650
usemtl Surface_0
f 2648/2648 2646/2646 2649/2649
usemtl Surface_0
f 2647/2647 2646/2646 2648/2648
usemtl Surface_0
f 2660/2660 2654/2654 2653/2653
usemtl Surface_0
f 2659/2659 2654/2654 2660/2660
usemtl Surface_0
f 2658/2658 2654/2654 2659/2659
usemtl Surface_0
f 2657/2657 2654/2654 2658/2658
usemtl Surface_0
f 2656/2656 2654/2654 2657/2657
usemtl Surface_0
f 2655/2655 2654/2654 2656/2656
usemtl Surface_0
f 2664/2664 2662/2662 2661/2661
usemtl Surface_0
f 2663/2663 2662/2662 2664/2664
usemtl Surface_1
f 2668/2668 2666/2666 2665/2665
usemtl Surface_1
f 2667/2667 2666/2666 2668/2668
usemtl Surface_0
f 2672/2672 2670/2670 2669/2669
usemtl Surface_0
f 2671/2671 2670/2670 2672/2672
usemtl Surface_1
f 2676/2676 2674/2674 2673/2673
usemtl Surface_1
f 2675/2675 2674/2674 2676/2676
usemtl Surface_0
f 2680/2680 2678/2678 2677/2677
usemtl Surface_0
f 2679/2679 2678/2678 2680/2680
usemtl Surface_1
f 2684/2684 2682/2682 2681/2681
usemtl Surface_1
f 2683/2683 2682/2682 2684/2684
usemtl Surface_0
f 2688/2688 2686/2686 2685/2685
usemtl Surface_0
f 2687/2687 2686/2686 2688/2688
usemtl Surface_1
f 2692/2692 2690/2690 2689/2689
usemtl Surface_1
f 2691/2691 2690/2690 2692/2692
usemtl Surface_0
f 2696/2696 2694/2694 2693/2693
usemtl Surface_0
f 2695/2695 2694/2694 2696/2696
usemtl Surface_1
f 2700/2700 2698/2698 2697/2697
usemtl Surface_1
f 2699/2699 2698/2698 2700/2700
usemtl Surface_0
f 2704/2704 2702/2702 2701/2701
usemtl Surface_0
f 2703/2703 2702/2702 2704/2704
usemtl Surface_1
f 2708/2708 2706/2706 2705/2705
usemtl Surface_1
f 2707/2707 2706/2706 2708/2708
usemtl Surface_0
f 2712/2712 2710/2710 2709/2709
usemtl Surface_0
f 2711/2711 2710/2710 2712/2712
usemtl Surface_1
f 2716/2716 2714/2714 2713/2713
usemtl Surface_1
f 2715/2715 2714/2714 2716/2716
usemtl Surface_0
f 2720/2720 2718/2718 2717/2717
usemtl Surface_0
f 2719/2719 2718/2718 2720/2720
usemtl Surface_1
f 2724/2724 2722/2722 2721/2721
usemtl Surface_1
f 2723/2723 2722/2722 2724/2724
usemtl Surface_0
f 2732/2732 2726/2726 2725/2725
usemtl Surface_0
f 2731/2731 2726/2726 2732/2732
usemtl Surface_0
f 2730/2730 2726/2726 2731/2731
usemtl Surface_0
f 2729/2729 2726/2726 2730/2730
usemtl Surface_0
f 2728/2728 2726/2726 2729/2729
usemtl Surface_0
f 2727/2727 2726/2726 2728/2728
usemtl Surface_0
f 2740/2740 2734/2734 2733/2733
usemtl Surface_0
f 2739/2739 2734/2734 2740/2740
usemtl Surface_0
f 2738/2738 2734/2734 2739/2739
usemtl Surface_0
f 2737/2737 2734/2734 2738/2738
usemtl Surface_0
f 2736/2736 2734/2734 2737/2737
usemtl Surface_0
f 2735/2735 2734/2734 2736/2736
usemtl Surface_0
f 2744/2744 2742/2742 2741/2741
usemtl Surface_0
f 2743/2743 2742/2742 2744/2744
usemtl Surface_1
f 2748/2748 2746/2746 2745/2745
usemtl Surface_1
f 2747/2747 2746/2746 2748/2748
usemtl Surface_0
f 2752/2752 2750/2750 2749/2749
usemtl Surface_0
f 2751/2751 2750/2750 2752/2752
usemtl Surface_1
f 2756/2756 2754/2754 2753/2753
usemtl Surface_1
f 2755/2755 2754/2754 2756/2756
usemtl Surface_0
f 2760/2760 2758/2758 2757/2757
usemtl Surface_0
f 2759/2759 2758/2758 2760/2760
usemtl Surface_1
f 2764/2764 2762/2762 2761/2761
usemtl Surface_1
f 2763/2763 2762/2762 2764/2764
usemtl Surface_0
f 2768/2768 2766/2766 2765/2765
usemtl Surface_0
f 2767/2767 2766/2766 2768/2768
usemtl Surface_1
f 2772/2772 2770/2770 2769/2769
usemtl Surface_1
f 2771/2771 2770/2770 2772/2772
usemtl Surface_0
f 2776/2776 2774/2774 2773/2773
usemtl Surface_0
f 2775/2775 2774/2774 2776/2776
usemtl Surface_1
f 2780/2780 2778/2778 2777/2777
usemtl Surface_1
f 2779/2779 2778/2778 2780/2780
usemtl Surface_0
f 2784/2784 2782/2782 2781/2781
usemtl Surface_0
f 2783/2783 2782/2782 2784/2784
usemtl Surface_1
f 2788/2788 2786/2786 2785/2785
usemtl Surface_1
f 2787/2787 2786/2786 2788/2788
usemtl Surface_0
f 2792/2792 2790/2790 2789/2789
usemtl Surface_0
f 2791/2791 2790/2790 2792/2792
usemtl Surface_1
f 2796/2796 2794/2794 2793/2793
usemtl Surface_1
f 2795/2795 2794/2794 2796/2796
usemtl Surface_0
f 2800/2800 2798/2798 2797/2797
usemtl Surface_0
f 2799/2799 2798/2798 2800/2800
usemtl Surface_1
f 2804/2804 2802/2802 2801/2801
usemtl Surface_1
f 2803/2803 2802/2802 2804/2804
usemtl Surface_2
f 2808/2808 2806/2806 2805/2805
usemtl Surface_2
f 2807/2807 2806/2806 2808/2808
usemtl Surface_2
f 2812/2812 2810/2810 2809/2809
usemtl Surface_2
f 2811/2811 2810/2810 2812/2812
usemtl Surface_2
f 2816/2816 2814/2814 2813/2813
usemtl Surface_2
f 2815/2815 2814/2814 2816/2816
usemtl Surface_2
f 2820/2820 2818/2818 2817/2817
usemtl Surface_2
f 2819/2819 2818/2818 2820/2820
usemtl Surface_2
f 2824/2824 2822/2822 2821/2821
usemtl Surface_2
f 2823/2823 2822/2822 2824/2824
usemtl Surface_2
f 2828/2828 2826/2826 2825/2825
usemtl Surface_2
f 2827/2827 2826/2826 2828/2828
usemtl Surface_2
f 2832/2832 2830/2830 2829/2829
usemtl Surface_2
f 2831/2831 2830/2830 2832/2832
usemtl Surface_2
f 2836/2836 2834/2834 2833/2833
usemtl Surface_2
f 2835/2835 2834/2834 2836/2836
usemtl Surface_2
f 2840/2840 2838/2838 2837/2837
usemtl Surface_2
f 2839/2839 2838/2838 2840/2840
usemtl Surface_2
f 2844/2844 2842/2842 2841/2841
usemtl Surface_2
f 2843/2843 2842/2842 2844/2844
usemtl Surface_2
f 2848/2848 2846/2846 2845/2845
usemtl Surface_2
f 2847/2847 2846/2846 2848/2848
usemtl Surface_2
f 2852/2852 2850/2850 2849/2849
usemtl Surface_2
f 2851/2851 2850/2850 2852/2852
usemtl Surface_2
f 2856/2856 2854/2854 2853/2853
usemtl Surface_2
f 2855/2855 2854/2854 2856/2856
usemtl Surface_2
f 2860/2860 2858/2858 2857/2857
usemtl Surface_2
f 2859/2859 2858/2858 2860/2860
usemtl Surface_2
f 2864/2864 2862/2862 2861/2861
usemtl Surface_2
f 2863/2863 2862/2862 2864/2864
usemtl Surface_2
f 2868/2868 2866/2866 2865/2865
usemtl Surface_2
f 2867/2867 2866/2866 2868/2868
usemtl Surface_2
f 2872/2872 2870/2870 2869/2869
usemtl Surface_2
f 2871/2871 2870/2870 2872/2872
usemtl Surface_2
f 2876/2876 2874/2874 2873/2873
usemtl Surface_2
f 2875/2875 2874/2874 2876/2876
usemtl Surface_2
f 2877/2877 2879/2879 2878/2878
usemtl Surface_2
f 2880/2880 2882/2882 2881/2881
usemtl Surface_2
f 2883/2883 2885/2885 2884/2884
usemtl Surface_2
f 2886/2886 2888/2888 2887/2887
usemtl Surface_2
f 2889/2889 2891/2891 2890/2890
usemtl Surface_2
f 2892/2892 2894/2894 2893/2893
usemtl Surface_2
f 2895/2895 2897/2897 2896/2896
usemtl Surface_2
f 2898/2898 2900/2900 2899/2899
usemtl Surface_0
f 2904/2904 2902/2902 2901/2901
usemtl Surface_0
f 2903/2903 2902/2902 2904/2904
usemtl Surface_0
f 2908/2908 2906/2906 2905/2905
usemtl Surface_0
f 2907/2907 2906/2906 2908/2908
usemtl Surface_0
f 2912/2912 2910/2910 2909/2909
usemtl Surface_0
f 2911/2911 2910/2910 2912/2912
usemtl Surface_0
f 2916/2916 2914/2914 2913/2913
usemtl Surface_0
f 2915/2915 2914/2914 2916/2916
usemtl Surface_0
f 2920/2920 2918/2918 2917/2917
usemtl Surface_0
f 2919/2919 2918/2918 2920/2920
usemtl Surface_0
f 2924/2924 2922/2922 2921/2921
usemtl Surface_0
f 2923/2923 2922/2922 2924/2924
usemtl Surface_0
f 2928/2928 2926/2926 2925/2925
usemtl Surface_0
f 2927/2927 2926/2926 2928/2928
usemtl Surface_0
f 2932/2932 2930/2930 2929/2929
usemtl Surface_0
f 2931/2931 2930/2930 2932/2932
usemtl Surface_0
f 2936/2936 2934/2934 2933/2933
usemtl Surface_0
f 2935/2935 2934/2934 2936/2936
usemtl Surface_0
f 2940/2940 2938/2938 2937/2937
usemtl Surface_0
f 2939/2939 2938/2938 2940/2940
usemtl Surface_0
f 2944/2944 2942/2942 2941/2941
usemtl Surface_0
f 2943/2943 2942/2942 2944/2944
usemtl Surface_0
f 2948/2948 2946/2946 2945/2945
usemtl Surface_0
f 2947/2947 2946/2946 2948/2948
usemtl Surface_0
f 2952/2952 2950/2950 2949/2949
usemtl Surface_0
f 2951/2951 2950/2950 2952/2952
usemtl Surface_0
f 2956/2956 2954/2954 2953/2953
usemtl Surface_0
f 2955/2955 2954/2954 2956/2956
usemtl Surface_0
f 2960/2960 2958/2958 2957/2957
usemtl Surface_0
f 2959/2959 2958/2958 2960/2960
usemtl Surface_0
f 2964/2964 2962/2962 2961/2961
usemtl Surface_0
f 2963/2963 2962/2962 2964/2964
usemtl Surface_0
f 2968/2968 2966/2966 2965/2965
usemtl Surface_0
f 2967/2967 2966/2966 2968/2968
usemtl Surface_0
f 2972/2972 2970/2970 2969/2969
usemtl Surface_0
f 2971/2971 2970/2970 2972/2972
usemtl Surface_0
f 2973/2973 2975/2975 2974/2974
usemtl Surface_0
f 2976/2976 2978/2978 2977/2977
usemtl Surface_0
f 2979/2979 2981/2981 2980/2980
usemtl Surface_0
f 2982/2982 2984/2984 2983/2983
usemtl Surface_0
f 2985/2985 2987/2987 2986/2986
usemtl Surface_0
f 2988/2988 2990/2990 2989/2989
usemtl Surface_0
f 2991/2991 2993/2993 2992/2992
usemtl Surface_0
f 2994/2994 2996/2996 2995/2995
usemtl Surface_2
f 3000/3000 2998/2998 2997/2997
usemtl Surface_2
f 2999/2999 2998/2998 3000/3000
usemtl Surface_2
f 3004/3004 3002/3002 3001/3001
usemtl Surface_2
f 3003/3003 3002/3002 3004/3004
usemtl Surface_2
f 3008/3008 3006/3006 3005/3005
usemtl Surface_2
f 3007/3007 3006/3006 3008/3008
usemtl Surface_2
f 3012/3012 3010/3010 3009/3009
usemtl Surface_2
f 3011/3011 3010/3010 3012/3012
usemtl Surface_2
f 3016/3016 3014/3014 3013/3013
usemtl Surface_2
f 3015/3015 3014/3014 3016/3016
usemtl Surface_2
f 3020/3020 3018/3018 3017/3017
usemtl Surface_2
f 3019/3019 3018/3018 3020/3020
usemtl Surface_2
f 3024/3024 3022/3022 3021/3021
usemtl Surface_2
f 3023/3023 3022/3022 3024/3024
usemtl Surface_2
f 3028/3028 3026/3026 3025/3025
usemtl Surface_2
f 3027/3027 3026/3026 3028/3028
usemtl Surface_2
f 3032/3032 3030/3030 3029/3029
usemtl Surface_2
f 3031/3031 3030/3030 3032/3032
usemtl Surface_2
f 3036/3036 3034/3034 3033/3033
usemtl Surface_2
f 3035/3035 3034/3034 3036/3036
usemtl Surface_2
f 3040/3040 3038/3038 3037/3037
usemtl Surface_2
f 3039/3039 3038/3038 3040/3040
usemtl Surface_2
f 3044/3044 3042/3042 3041/3041
usemtl Surface_2
f 3043/3043 3042/3042 3044/3044
usemtl Surface_2
f 3048/3048 3046/3046 3045/3045
usemtl Surface_2
f 3047/3047 3046/3046 3048/3048
usemtl Surface_2
f 3052/3052 3050/3050 3049/3049
usemtl Surface_2
f 3051/3051 3050/3050 3052/3052
usemtl Surface_2
f 3056/3056 3054/3054 3053/3053
usemtl Surface_2
f 3055/3055 3054/3054 3056/3056
usemtl Surface_2
f 3060/3060 3058/3058 3057/3057
usemtl Surface_2
f 3059/3059 3058/3058 3060/3060
usemtl Surface_2
f 3064/3064 3062/3062 3061/3061
usemtl Surface_2
f 3063/3063 3062/3062 3064/3064
usemtl Surface_2
f 3068/3068 3066/3066 3065/3065
usemtl Surface_2
f 3067/3067 3066/3066 3068/3068
usemtl Surface_2
f 3069/3069 3071/3071 3070/3070
usemtl Surface_2
f 3072/3072 3074/3074 3073/3073
usemtl Surface_2
f 3075/3075 3077/3077 3076/3076
usemtl Surface_2
f 3078/3078 3080/3080 3079/3079
usemtl Surface_2
f 3081/3081 3083/3083 3082/3082
usemtl Surface_2
f 3084/3084 3086/3086 3085/3085
usemtl Surface_2
f 3087/3087 3089/3089 3088/3088
usemtl Surface_2
f 3090/3090 3092/3092 3091/3091
usemtl Surface_0
f 3096/3096 3094/3094 3093/3093
usemtl Surface_0
f 3095/3095 3094/3094 3096/3096
usemtl Surface_0
f 3100/3100 3098/3098 3097/3097
usemtl Surface_0
f 3099/3099 3098/3098 3100/3100
usemtl Surface_0
f 3104/3104 3102/3102 3101/3101
usemtl Surface_0
f 3103/3103 3102/3102 3104/3104
usemtl Surface_0
f 3108/3108 3106/3106 3105/3105
usemtl Surface_0
f 3107/3107 3106/3106 3108/3108
usemtl Surface_0
f 3112/3112 3110/3110 3109/3109
usemtl Surface_0
f 3111/3111 3110/3110 3112/3112
usemtl Surface_0
f 3116/3116 3114/3114 3113/3113
usemtl Surface_0
f 3115/3115 3114/3114 3116/3116
usemtl Surface_0
f 3120/3120 3118/3118 3117/3117
usemtl Surface_0
f 3119/3119 3118/3118 3120/3120
usemtl Surface_0
f 3124/3124 3122/3122 3121/3121
usemtl Surface_0
f 3123/3123 3122/3122 3124/3124
usemtl Surface_0
f 3128/3128 3126/3126 3125/3125
usemtl Surface_0
f 3127/3127 3126/3126 3128/3128
usemtl Surface_0
f 3132/3132 3130/3130 3129/3129
usemtl Surface_0
f 3131/3131 3130/3130 3132/3132
usemtl Surface_0
f 3136/3136 3134/3134 3133/3133
usemtl Surface_0
f 3135/3135 3134/3134 3136/3136
usemtl Surface_0
f 3140/3140 3138/3138 3137/3137
usemtl Surface_0
f 3139/3139 3138/3138 3140/3140
usemtl Surface_0
f 3144/3144 3142/3142 3141/3141
usemtl Surface_0
f 3143/3143 3142/3142 3144/3144
usemtl Surface_0
f 3148/3148 3146/3146 3145/3145
usemtl Surface_0
f 3147/3147 3146/3146 3148/3148
usemtl Surface_0
f 3152/3152 3150/3150 3149/3149
usemtl Surface_0
f 3151/3151 3150/3150 3152/3152
usemtl Surface_0
f 3156/3156 3154/3154 3153/3153
usemtl Surface_0
f 3155/3155 3154/3154 3156/3156
usemtl Surface_0
f 3160/3160 3158/3158 3157/3157
usemtl Surface_0
f 3159/3159 3158/3158 3160/3160
usemtl Surface_0
f 3164/3164 3162/3162 3161/3161
usemtl Surface_0
f 3163/3163 3162/3162 3164/3164
usemtl Surface_0
f 3165/3165 3167/3167 3166/3166
usemtl Surface_0
f 3168/3168 3170/3170 3169/3169
usemtl Surface_0
f 3171/3171 3173/3173 3172/3172
usemtl Surface_0
f 3174/3174 3176/3176 3175/3175
usemtl Surface_0
f 3177/3177 3179/3179 3178/3178
usemtl Surface_0
f 3180/3180 3182/3182 3181/3181
usemtl Surface_0
f 3183/3183 3185/3185 3184/3184
usemtl Surface_0
f 3186/3186 3188/3188 3187/3187
usemtl Surface_2
f 3192/3192 3190/3190 3189/3189
usemtl Surface_2
f 3191/3191 3190/3190 3192/3192
usemtl Surface_2
f 3196/3196 3194/3194 3193/3193
usemtl Surface_2
f 3195/3195 3194/3194 3196/3196
usemtl Surface_2
f 3200/3200 3198/3198 3197/3197
usemtl Surface_2
f 3199/3199 3198/3198 3200/3200
usemtl Surface_2
f 3204/3204 3202/3202 3201/3201
usemtl Surface_2
f 3203/3203 3202/3202 3204/3204
usemtl Surface_2
f 3208/3208 3206/3206 3205/3205
usemtl Surface_2
f 3207/3207 3206/3206 3208/3208
usemtl Surface_2
f 3212/3212 3210/3210 3209/3209
usemtl Surface_2
f 3211/3211 3210/3210 3212/3212
usemtl Surface_2
f 3216/3216 3214/3214 3213/3213
usemtl Surface_2
f 3215/3215 3214/3214 3216/3216
usemtl Surface_2
f 3220/3220 3218/3218 3217/3217
usemtl Surface_2
f 3219/3219 3218/3218 3220/3220
usemtl Surface_2
f 3224/3224 3222/3222 3221/3221
usemtl Surface_2
f 3223/3223 3222/3222 3224/3224
usemtl Surface_2
f 3228/3228 3226/3226 3225/3225
usemtl Surface_2
f 3227/3227 3226/3226 3228/3228
usemtl Surface_2
f 3232/3232 3230/3230 3229/3229
usemtl Surface_2
f 3231/3231 3230/3230 3232/3232
usemtl Surface_2
f 3236/3236 3234/3234 3233/3233
usemtl Surface_2
f 3235/3235 3234/3234 3236/3236
usemtl Surface_2
f 3240/3240 3238/3238 3237/3237
usemtl Surface_2
f 3239/3239 3238/3238 3240/3240
usemtl Surface_2
f 3244/3244 3242/3242 3241/3241
usemtl Surface_2
f 3243/3243 3242/3242 3244/3244
usemtl Surface_2
f 3248/3248 3246/3246 3245/3245
usemtl Surface_2
f 3247/3247 3246/3246 3248/3248
usemtl Surface_2
f 3252/3252 3250/3250 3249/3249
usemtl Surface_2
f 3251/3251 3250/3250 3252/3252
usemtl Surface_2
f 3256/3256 3254/3254 3253/3253
usemtl Surface_2
f 3255/3255 3254/3254 3256/3256
usemtl Surface_2
f 3260/3260 3258/3258 3257/3257
usemtl Surface_2
f 3259/3259 3258/3258 3260/3260
usemtl Surface_2
f 3261/3261 3263/3263 3262/3262
usemtl Surface_2
f 3264/3264 3266/3266 3265/3265
usemtl Surface_2
f 3267/3267 3269/3269 3268/3268
usemtl Surface_2
f 3270/3270 3272/3272 3271/3271
usemtl Surface_2
f 3273/3273 3275/3275 3274/3274
usemtl Surface_2
f 3276/3276 3278/3278 3277/3277
usemtl Surface_2
f 3279/3279 3281/3281 3280/3280
usemtl Surface_2
f 3282/3282 3284/3284 3283/3283
usemtl Surface_0
f 3288/3288 3286/3286 3285/3285
usemtl Surface_0
f 3287/3287 3286/3286 3288/3288
usemtl Surface_0
f 3292/3292 3290/3290 3289/3289
usemtl Surface_0
f 3291/3291 3290/3290 3292/3292
usemtl Surface_0
f 3296/3296 3294/3294 3293/3293
usemtl Surface_0
f 3295/3295 3294/3294 3296/3296
usemtl Surface_0
f 3300/3300 3298/3298 3297/3297
usemtl Surface_0
f 3299/3299 3298/3298 3300/3300
usemtl Surface_0
f 3304/3304 3302/3302 3301/3301
usemtl Surface_0
f 3303/3303 3302/3302 3304/3304
usemtl Surface_0
f 3308/3308 3306/3306 3305/3305
usemtl Surface_0
f 3307/3307 3306/3306 3308/3308
usemtl Surface_0
f 3312/3312 3310/3310 3309/3309
usemtl Surface_0
f 3311/3311 3310/3310 3312/3312
usemtl Surface_0
f 3316/3316 3314/3314 3313/3313
usemtl Surface_0
f 3315/3315 3314/3314 3316/3316
usemtl Surface_0
f 3320/3320 3318/3318 3317/3317
usemtl Surface_0
f 3319/3319 3318/3318 3320/3320
usemtl Surface_0
f 3324/3324 3322/3322 3321/3321
usemtl Surface_0
f 3323/3323 3322/3322 3324/3324
usemtl Surface_0
f 3328/3328 3326/3326 3325/3325
usemtl Surface_0
f 3327/3327 3326/3326 3328/3328
usemtl Surface_0
f 3332/3332 3330/3330 3329/3329
usemtl Surface_0
f 3331/3331 3330/3330 3332/3332
usemtl Surface_0
f 3336/3336 3334/3334 3333/3333
usemtl Surface_0
f 3335/3335 3334/3334 3336/3336
usemtl Surface_0
f 3340/3340 3338/3338 3337/3337
usemtl Surface_0
f 3339/3339 3338/3338 3340/3340
usemtl Surface_0
f 3344/3344 3342/3342 3341/3341
usemtl Surface_0
f 3343/3343 3342/3342 3344/3344
usemtl Surface_0
f 3348/3348 3346/3346 3345/3345
usemtl Surface_0
f 3347/3347 3346/3346 3348/3348
usemtl Surface_0
f 3352/3352 3350/3350 3349/3349
usemtl Surface_0
f 3351/3351 3350/3350 3352/3352
usemtl Surface_0
f 3356/3356 3354/3354 3353/3353
usemtl Surface_0
f 3355/3355 3354/3354 3356/3356
usemtl Surface_0
f 3357/3357 3359/3359 3358/3358
usemtl Surface_0
f 3360/3360 3362/3362 3361/3361
usemtl Surface_0
f 3363/3363 3365/3365 3364/3364
usemtl Surface_0
f 3366/3366 3368/3368 3367/3367
usemtl Surface_0
f 3369/3369 3371/3371 3370/3370
usemtl Surface_0
f 3372/3372 3374/3374 3373/3373
usemtl Surface_0
f 3375/3375 3377/3377 3376/3376
usemtl Surface_0
f 3378/3378 3380/3380 3379/3379
usemtl Surface_2
f 3384/3384 3382/3382 3381/3381
usemtl Surface_2
f 3383/3383 3382/3382 3384/3384
usemtl Surface_2
f 3388/3388 3386/3386 3385/3385
usemtl Surface_2
f 3387/3387 3386/3386 3388/3388
usemtl Surface_2
f 3392/3392 3390/3390 3389/3389
usemtl Surface_2
f 3391/3391 3390/3390 3392/3392
usemtl Surface_2
f 3396/3396 3394/3394 3393/3393
usemtl Surface_2
f 3395/3395 3394/3394 3396/3396
usemtl Surface_2
f 3400/3400 3398/3398 3397/3397
usemtl Surface_2
f 3399/3399 3398/3398 3400/3400
usemtl Surface_2
f 3404/3404 3402/3402 3401/3401
usemtl Surface_2
f 3403/3403 3402/3402 3404/3404
usemtl Surface_2
f 3408/3408 3406/3406 3405/3405
usemtl Surface_2
f 3407/3407 3406/3406 3408/3408
usemtl Surface_2
f 3412/3412 3410/3410 3409/3409
usemtl Surface_2
f 3411/3411 3410/3410 3412/3412
usemtl Surface_2
f 3416/3416 3414/3414 3413/3413
usemtl Surface_2
f 3415/3415 3414/3414 3416/3416
usemtl Surface_2
f 3420/3420 3418/3418 3417/3417
usemtl Surface_2
f 3419/3419 3418/3418 3420/3420
usemtl Surface_2
f 3424/3424 3422/3422 3421/3421
usemtl Surface_2
f 3423/3423 3422/3422 3424/3424
usemtl Surface_2
f 3428/3428 3426/3426 3425/3425
usemtl Surface_2
f 3427/3427 3426/3426 3428/3428
usemtl Surface_2
f 3432/3432 3430/3430 3429/3429
usemtl Surface_2
f 3431/3431 3430/3430 3432/3432
usemtl Surface_2
f 3436/3436 3434/3434 3433/3433
usemtl Surface_2
f 3435/3435 3434/3434 3436/3436
usemtl Surface_2
f 3440/3440 3438/3438 3437/3437
usemtl Surface_2
f 3439/3439 3438/3438 3440/3440
usemtl Surface_2
f 3444/3444 3442/3442 3441/3441
usemtl Surface_2
f 3443/3443 3442/3442 3444/3444
usemtl Surface_2
f 3448/3448 3446/3446 3445/3445
usemtl Surface_2
f 3447/3447 3446/3446 3448/3448
usemtl Surface_2
f 3452/3452 3450/3450 3449/3449
usemtl Surface_2
f 3451/3451 3450/3450 3452/3452
usemtl Surface_2
f 3453/3453 3455/3455 3454/3454
usemtl Surface_2
f 3456/3456 3458/3458 3457/3457
usemtl Surface_2
f 3459/3459 3461/3461 3460/3460
usemtl Surface_2
f 3462/3462 3464/3464 3463/3463
usemtl Surface_2
f 3465/3465 3467/3467 3466/3466
usemtl Surface_2
f 3468/3468 3470/3470 3469/3469
usemtl Surface_2
f 3471/3471 3473/3473 3472/3472
usemtl Surface_2
f 3474/3474 3476/3476 3475/3475
usemtl Surface_0
f 3480/3480 3478/3478 3477/3477
usemtl Surface_0
f 3479/3479 3478/3478 3480/3480
usemtl Surface_0
f 3484/3484 3482/3482 3481/3481
usemtl Surface_0
f 3483/3483 3482/3482 3484/3484
usemtl Surface_0
f 3488/3488 3486/3486 3485/3485
usemtl Surface_0
f 3487/3487 3486/3486 3488/3488
usemtl Surface_0
f 3492/3492 3490/3490 3489/3489
usemtl Surface_0
f 3491/3491 3490/3490 3492/3492
usemtl Surface_0
f 3496/3496 3494/3494 3493/3493
usemtl Surface_0
f 3495/3495 3494/3494 3496/3496
usemtl Surface_0
f 3500/3500 3498/3498 3497/3497
usemtl Surface_0
f 3499/3499 3498/3498 3500/3500
usemtl Surface_0
f 3504/3504 3502/3502 3501/3501
usemtl Surface_0
f 3503/3503 3502/3502 3504/3504
usemtl Surface_0
f 3508/3508 3506/3506 3505/3505
usemtl Surface_0
f 3507/3507 3506/3506 3508/3508
usemtl Surface_0
f 3512/3512 3510/3510 3509/3509
usemtl Surface_0
f 3511/3511 3510/3510 3512/3512
usemtl Surface_0
f 3516/3516 3514/3514 3513/3513
usemtl Surface_0
f 3515/3515 3514/3514 3516/3516
usemtl Surface_0
f 3520/3520 3518/3518 3517/3517
usemtl Surface_0
f 3519/3519 3518/3518 3520/3520
usemtl Surface_0
f 3524/3524 3522/3522 3521/3521
usemtl Surface_0
f 3523/3523 3522/3522 3524/3524
usemtl Surface_0
f 3528/3528 3526/3526 3525/3525
usemtl Surface_0
f 3527/3527 3526/3526 3528/3528
usemtl Surface_0
f 3532/3532 3530/3530 3529/3529
usemtl Surface_0
f 3531/3531 3530/3530 3532/3532
usemtl Surface_0
f 3536/3536 3534/3534 3533/3533
usemtl Surface_0
f 3535/3535 3534/3534 3536/3536
usemtl Surface_0
f 3540/3540 3538/3538 3537/3537
usemtl Surface_0
f 3539/3539 3538/3538 3540/3540
usemtl Surface_0
f 3544/3544 3542/3542 3541/3541
usemtl Surface_0
f 3543/3543 3542/3542 3544/3544
usemtl Surface_0
f 3548/3548 3546/3546 3545/3545
usemtl Surface_0
f 3547/3547 3546/3546 3548/3548
usemtl Surface_0
f 3549/3549 3551/3551 3550/3550
usemtl Surface_0
f 3552/3552 3554/3554 3553/3553
usemtl Surface_0
f 3555/3555 3557/3557 3556/3556
usemtl Surface_0
f 3558/3558 3560/3560 3559/3559
usemtl Surface_0
f 3561/3561 3563/3563 3562/3562
usemtl Surface_0
f 3564/3564 3566/3566 3565/3565
usemtl Surface_0
f 3567/3567 3569/3569 3568/3568
usemtl Surface_0
f 3570/3570 3572/3572 3571/3571
usemtl Surface_2
f 3576/3576 3574/3574 3573/3573
usemtl Surface_2
f 3575/3575 3574/3574 3576/3576
usemtl Surface_2
f 3580/3580 3578/3578 3577/3577
usemtl Surface_2
f 3579/3579 3578/3578 3580/3580
usemtl Surface_2
f 3584/3584 3582/3582 3581/3581
usemtl Surface_2
f 3583/3583 3582/3582 3584/3584
usemtl Surface_2
f 3588/3588 3586/3586 3585/3585
usemtl Surface_2
f 3587/3587 3586/3586 3588/3588
usemtl Surface_2
f 3592/3592 3590/3590 3589/3589
usemtl Surface_2
f 3591/3591 3590/3590 3592/3592
usemtl Surface_2
f 3596/3596 3594/3594 3593/3593
usemtl Surface_2
f 3595/3595 3594/3594 3596/3596
usemtl Surface_2
f 3600/3600 3598/3598 3597/3597
usemtl Surface_2
f 3599/3599 3598/3598 3600/3600
usemtl Surface_2
f 3604/3604 3602/3602 3601/3601
usemtl Surface_2
f 3603/3603 3602/3602 3604/3604
usemtl Surface_2
f 3608/3608 3606/3606 3605/3605
usemtl Surface_2
f 3607/3607 3606/3606 3608/3608
usemtl Surface_2
f 3612/3612 3610/3610 3609/3609
usemtl Surface_2
f 3611/3611 3610/3610 3612/3612
usemtl Surface_2
f 3616/3616 3614/3614 3613/3613
usemtl Surface_2
f 3615/3615 3614/3614 3616/3616
usemtl Surface_2
f 3620/3620 3618/3618 3617/3617
usemtl Surface_2
f 3619/3619 3618/3618 3620/3620
usemtl Surface_2
f 3624/3624 3622/3622 3621/3621
usemtl Surface_2
f 3623/3623 3622/3622 3624/3624
usemtl Surface_2
f 3628/3628 3626/3626 3625/3625
usemtl Surface_2
f 3627/3627 3626/3626 3628/3628
usemtl Surface_2
f 3632/3632 3630/3630 3629/3629
usemtl Surface_2
f 3631/3631 3630/3630 3632/3632
usemtl Surface_2
f 3636/3636 3634/3634 3633/3633
usemtl Surface_2
f 3635/3635 3634/3634 3636/3636
usemtl Surface_2
f 3640/3640 3638/3638 3637/3637
usemtl Surface_2
f 3639/3639 3638/3638 3640/3640
usemtl Surface_2
f 3644/3644 3642/3642 3641/3641
usemtl Surface_2
f 3643/3643 3642/3642 3644/3644
usemtl Surface_2
f 3645/3645 3647/3647 3646/3646
usemtl Surface_2
f 3648/3648 3650/3650 3649/3649
usemtl Surface_2
f 3651/3651 3653/3653 3652/3652
usemtl Surface_2
f 3654/3654 3656/3656 3655/3655
usemtl Surface_2
f 3657/3657 3659/3659 3658/3658
usemtl Surface_2
f 3660/3660 3662/3662 3661/3661
usemtl Surface_2
f 3663/3663 3665/3665 3664/3664
usemtl Surface_2
f 3666/3666 3668/3668 3667/3667
usemtl Surface_0
f 3672/3672 3670/3670 3669/3669
usemtl Surface_0
f 3671/3671 3670/3670 3672/3672
usemtl Surface_0
f 3676/3676 3674/3674 3673/3673
usemtl Surface_0
f 3675/3675 3674/3674 3676/3676
usemtl Surface_0
f 3680/3680 3678/3678 3677/3677
usemtl Surface_0
f 3679/3679 3678/3678 3680/3680
usemtl Surface_0
f 3684/3684 3682/3682 3681/3681
usemtl Surface_0
f 3683/3683 3682/3682 3684/3684
usemtl Surface_0
f 3688/3688 3686/3686 3685/3685
usemtl Surface_0
f 3687/3687 3686/3686 3688/3688
usemtl Surface_0
f 3692/3692 3690/3690 3689/3689
usemtl Surface_0
f 3691/3691 3690/3690 3692/3692
usemtl Surface_0
f 3696/3696 3694/3694 3693/3693
usemtl Surface_0
f 3695/3695 3694/3694 3696/3696
usemtl Surface_0
f 3700/3700 3698/3698 3697/3697
usemtl Surface_0
f 3699/3699 3698/3698 3700/3700
usemtl Surface_0
f 3704/3704 3702/3702 3701/3701
usemtl Surface_0
f 3703/3703 3702/3702 3704/3704
usemtl Surface_0
f 3708/3708 3706/3706 3705/3705
usemtl Surface_0
f 3707/3707 3706/3706 3708/3708
usemtl Surface_0
f 3712/3712 3710/3710 3709/3709
usemtl Surface_0
f 3711/3711 3710/3710 3712/3712
usemtl Surface_0
f 3716/3716 3714/3714 3713/3713
usemtl Surface_0
f 3715/3715 3714/3714 3716/3716
usemtl Surface_0
f 3720/3720 3718/3718 3717/3717
usemtl Surface_0
f 3719/3719 3718/3718 3720/3720
usemtl Surface_0
f 3724/3724 3722/3722 3721/3721
usemtl Surface_0
f 3723/3723 3722/3722 3724/3724
usemtl Surface_0
f 3728/3728 3726/3726 3725/3725
usemtl Surface_0
f 3727/3727 3726/3726 3728/3728
usemtl Surface_0
f 3732/3732 3730/3730 3729/3729
usemtl Surface_0
f 3731/3731 3730/3730 3732/3732
usemtl Surface_0
f 3736/3736 3734/3734 3733/3733
usemtl Surface_0
f 3735/3735 3734/3734 3736/3736
usemtl Surface_0
f 3740/3740 3738/3738 3737/3737
usemtl Surface_0
f 3739/3739 3738/3738 3740/3740
usemtl Surface_0
f 3741/3741 3743/3743 3742/3742
usemtl Surface_0
f 3744/3744 3746/3746 3745/3745
usemtl Surface_0
f 3747/3747 3749/3749 3748/3748
usemtl Surface_0
f 3750/3750 3752/3752 3751/3751
usemtl Surface_0
f 3753/3753 3755/3755 3754/3754
usemtl Surface_0
f 3756/3756 3758/3758 3757/3757
usemtl Surface_0
f 3759/3759 3761/3761 3760/3760
usemtl Surface_0
f 3762/3762 3764/3764 3763/3763
usemtl Surface_2
f 3768/3768 3766/3766 3765/3765
usemtl Surface_2
f 3767/3767 3766/3766 3768/3768
usemtl Surface_2
f 3772/3772 3770/3770 3769/3769
usemtl Surface_2
f 3771/3771 3770/3770 3772/3772
usemtl Surface_2
f 3776/3776 3774/3774 3773/3773
usemtl Surface_2
f 3775/3775 3774/3774 3776/3776
usemtl Surface_2
f 3780/3780 3778/3778 3777/3777
usemtl Surface_2
f 3779/3779 3778/3778 3780/3780
usemtl Surface_2
f 3784/3784 3782/3782 3781/3781
usemtl Surface_2
f 3783/3783 3782/3782 3784/3784
usemtl Surface_2
f 3788/3788 3786/3786 3785/3785
usemtl Surface_2
f 3787/3787 3786/3786 3788/3788
usemtl Surface_2
f 3792/3792 3790/3790 3789/3789
usemtl Surface_2
f 3791/3791 3790/3790 3792/3792
usemtl Surface_2
f 3796/3796 3794/3794 3793/3793
usemtl Surface_2
f 3795/3795 3794/3794 3796/3796
usemtl Surface_2
f 3800/3800 3798/3798 3797/3797
usemtl Surface_2
f 3799/3799 3798/3798 3800/3800
usemtl Surface_2
f 3804/3804 3802/3802 3801/3801
usemtl Surface_2
f 3803/3803 3802/3802 3804/3804
usemtl Surface_2
f 3808/3808 3806/3806 3805/3805
usemtl Surface_2
f 3807/3807 3806/3806 3808/3808
usemtl Surface_2
f 3812/3812 3810/3810 3809/3809
usemtl Surface_2
f 3811/3811 3810/3810 3812/3812
usemtl Surface_2
f 3816/3816 3814/3814 3813/3813
usemtl Surface_2
f 3815/3815 3814/3814 3816/3816
usemtl Surface_2
f 3820/3820 3818/3818 3817/3817
usemtl Surface_2
f 3819/3819 3818/3818 3820/3820
usemtl Surface_2
f 3824/3824 3822/3822 3821/3821
usemtl Surface_2
f 3823/3823 3822/3822 3824/3824
usemtl Surface_2
f 3828/3828 3826/3826 3825/3825
usemtl Surface_2
f 3827/3827 3826/3826 3828/3828
usemtl Surface_2
f 3832/3832 3830/3830 3829/3829
usemtl Surface_2
f 3831/3831 3830/3830 3832/3832
usemtl Surface_2
f 3836/3836 3834/3834 3833/3833
usemtl Surface_2
f 3835/3835 3834/3834 3836/3836
usemtl Surface_2
f 3837/3837 3839/3839 3838/3838
usemtl Surface_2
f 3840/3840 3842/3842 3841/3841
usemtl Surface_2
f 3843/3843 3845/3845 3844/3844
usemtl Surface_2
f 3846/3846 3848/3848 3847/3847
usemtl Surface_2
f 3849/3849 3851/3851 3850/3850
usemtl Surface_2
f 3852/3852 3854/3854 3853/3853
usemtl Surface_2
f 3855/3855 3857/3857 3856/3856
usemtl Surface_2
f 3858/3858 3860/3860 3859/3859
usemtl Surface_0
f 3864/3864 3862/3862 3861/3861
usemtl Surface_0
f 3863/3863 3862/3862 3864/3864
usemtl Surface_0
f 3868/3868 3866/3866 3865/3865
usemtl Surface_0
f 3867/3867 3866/3866 3868/3868
usemtl Surface_0
f 3872/3872 3870/3870 3869/3869
usemtl Surface_0
f 3871/3871 3870/3870 3872/3872
usemtl Surface_0
f 3876/3876 3874/3874 3873/3873
usemtl Surface_0
f 3875/3875 3874/3874 3876/3876
usemtl Surface_0
f 3880/3880 3878/3878 3877/3877
usemtl Surface_0
f 3879/3879 3878/3878 3880/3880
usemtl Surface_0
f 3884/3884 3882/3882 3881/3881
usemtl Surface_0
f 3883/3883 3882/3882 3884/3884
usemtl Surface_0
f 3888/3888 3886/3886 3885/3885
usemtl Surface_0
f 3887/3887 3886/3886 3888/3888
usemtl Surface_0
f 3892/3892 3890/3890 3889/3889
usemtl Surface_0
f 3891/3891 3890/3890 3892/3892
usemtl Surface_0
f 3896/3896 3894/3894 3893/3893
usemtl Surface_0
f 3895/3895 3894/3894 3896/3896
usemtl Surface_0
f 3900/3900 3898/3898 3897/3897
usemtl Surface_0
f 3899/3899 3898/3898 3900/3900
usemtl Surface_0
f 3904/3904 3902/3902 3901/3901
usemtl Surface_0
f 3903/3903 3902/3902 3904/3904
usemtl Surface_0
f 3908/3908 3906/3906 3905/3905
usemtl Surface_0
f 3907/3907 3906/3906 3908/3908
usemtl Surface_0
f 3912/3912 3910/3910 3909/3909
usemtl Surface_0
f 3911/3911 3910/3910 3912/3912
usemtl Surface_0
f 3916/3916 3914/3914 3913/3913
usemtl Surface_0
f 3915/3915 3914/3914 3916/3916
usemtl Surface_0
f 3920/3920 3918/3918 3917/3917
usemtl Surface_0
f 3919/3919 3918/3918 3920/3920
usemtl Surface_0
f 3924/3924 3922/3922 3921/3921
usemtl Surface_0
f 3923/3923 3922/3922 3924/3924
usemtl Surface_0
f 3928/3928 3926/3926 3925/3925
usemtl Surface_0
f 3927/3927 3926/3926 3928/3928
usemtl Surface_0
f 3932/3932 3930/3930 3929/3929
usemtl Surface_0
f 3931/3931 3930/3930 3932/3932
usemtl Surface_0
f 3933/3933 3935/3935 3934/3934
usemtl Surface_0
f 3936/3936 3938/3938 3937/3937
usemtl Surface_0
f 3939/3939 3941/3941 3940/3940
usemtl Surface_0
f 3942/3942 3944/3944 3943/3943
usemtl Surface_0
f 3945/3945 3947/3947 3946/3946
usemtl Surface_0
f 3948/3948 3950/3950 3949/3949
usemtl Surface_0
f 3951/3951 3953/3953 3952/3952
usemtl Surface_0
f 3954/3954 3956/3956 3955/3955
usemtl Surface_2
f 3964/3964 3958/3958 3957/3957
usemtl Surface_2
f 3963/3963 3958/3958 3964/3964
usemtl Surface_2
f 3962/3962 3958/3958 3963/3963
usemtl Surface_2
f 3961/3961 3958/3958 3962/3962
usemtl Surface_2
f 3960/3960 3958/3958 3961/3961
usemtl Surface_2
f 3959/3959 3958/3958 3960/3960
usemtl Surface_2
f 3972/3972 3966/3966 3965/3965
usemtl Surface_2
f 3971/3971 3966/3966 3972/3972
usemtl Surface_2
f 3970/3970 3966/3966 3971/3971
usemtl Surface_2
f 3969/3969 3966/3966 3970/3970
usemtl Surface_2
f 3968/3968 3966/3966 3969/3969
usemtl Surface_2
f 3967/3967 3966/3966 3968/3968
usemtl Surface_2
f 3976/3976 3974/3974 3973/3973
usemtl Surface_2
f 3975/3975 3974/3974 3976/3976
usemtl Surface_1
f 3980/3980 3978/3978 3977/3977
usemtl Surface_1
f 3979/3979 3978/3978 3980/3980
usemtl Surface_2
f 3984/3984 3982/3982 3981/3981
usemtl Surface_2
f 3983/3983 3982/3982 3984/3984
usemtl Surface_1
f 3988/3988 3986/3986 3985/3985
usemtl Surface_1
f 3987/3987 3986/3986 3988/3988
usemtl Surface_2
f 3992/3992 3990/3990 3989/3989
usemtl Surface_2
f 3991/3991 3990/3990 3992/3992
usemtl Surface_1
f 3996/3996 3994/3994 3993/3993
usemtl Surface_1
f 3995/3995 3994/3994 3996/3996
usemtl Surface_2
f 4000/4000 3998/3998 3997/3997
usemtl Surface_2
f 3999/3999 3998/3998 4000/4000
usemtl Surface_1
f 4004/4004 4002/4002 4001/4001
usemtl Surface_1
f 4003/4003 4002/4002 4004/4004
usemtl Surface_2
f 4008/4008 4006/4006 4005/4005
usemtl Surface_2
f 4007/4007 4006/4006 4008/4008
usemtl Surface_1
f 4012/4012 4010/4010 4009/4009
usemtl Surface_1
f 4011/4011 4010/4010 4012/4012
usemtl Surface_2
f 4016/4016 4014/4014 4013/4013
usemtl Surface_2
f 4015/4015 4014/4014 4016/4016
usemtl Surface_1
f 4020/4020 4018/4018 4017/4017
usemtl Surface_1
f 4019/4019 4018/4018 4020/4020
usemtl Surface_2
f 4024/4024 4022/4022 4021/4021
usemtl Surface_2
f 4023/4023 4022/4022 4024/4024
usemtl Surface_1
f 4028/4028 4026/4026 4025/4025
usemtl Surface_1
f 4027/4027 4026/4026 4028/4028
usemtl Surface_2
f 4032/4032 4030/4030 4029/4029
usemtl Surface_2
f 4031/4031 4030/4030 4032/4032
usemtl Surface_1
f 4036/4036 4034/4034 4033/4033
usemtl Surface_1
f 4035/4035 4034/4034 4036/4036
usemtl Surface_0
f 4041/4041 4038/4038 4037/4037
usemtl Surface_0
f 4040/4040 4038/4038 4041/4041
usemtl Surface_0
f 4039/4039 4038/4038 4040/4040
usemtl Surface_0
f 4046/4046 4043/4043 4042/4042
usemtl Surface_0
f 4045/4045 4043/4043 4046/4046
usemtl Surface_0
f 4044/4044 4043/4043 4045/4045
usemtl Surface_0
f 4050/4050 4048/4048 4047/4047
usemtl Surface_0
f 4049/4049 4048/4048 4050/4050
usemtl Surface_1
f 4054/4054 4052/4052 4051/4051
usemtl Surface_1
f 4053/4053 4052/4052 4054/4054
usemtl Surface_0
f 4058/4058 4056/4056 4055/4055
usemtl Surface_0
f 4057/4057 4056/4056 4058/4058
usemtl Surface_1
f 4062/4062 4060/4060 4059/4059
usemtl Surface_1
f 4061/4061 4060/4060 4062/4062
usemtl Surface_0
f 4066/4066 4064/4064 4063/4063
usemtl Surface_0
f 4065/4065 4064/4064 4066/4066
usemtl Surface_1
f 4070/4070 4068/4068 4067/4067
usemtl Surface_1
f 4069/4069 4068/4068 4070/4070
usemtl Surface_0
f 4074/4074 4072/4072 4071/4071
usemtl Surface_0
f 4073/4073 4072/4072 4074/4074
usemtl Surface_1
f 4078/4078 4076/4076 4075/4075
usemtl Surface_1
f 4077/4077 4076/4076 4078/4078
usemtl Surface_0
f 4082/4082 4080/4080 4079/4079
usemtl Surface_0
f 4081/4081 4080/4080 4082/4082
usemtl Surface_1
f 4086/4086 4084/4084 4083/4083
usemtl Surface_1
f 4085/4085 4084/4084 4086/4086
usemtl Surface_1
f 4090/4090 4088/4088 4087/4087
usemtl Surface_1
f 4089/4089 4088/4088 4090/4090
usemtl Surface_1
f 4094/4094 4092/4092 4091/4091
usemtl Surface_1
f 4093/4093 4092/4092 4094/4094
usemtl Surface_1
f 4098/4098 4096/4096 4095/4095
usemtl Surface_1
f 4097/4097 4096/4096 4098/4098
usemtl Surface_1
f 4102/4102 4100/4100 4099/4099
usemtl Surface_1
f 4101/4101 4100/4100 4102/4102
usemtl Surface_1
f 4106/4106 4104/4104 4103/4103
usemtl Surface_1
f 4105/4105 4104/4104 4106/4106
usemtl Surface_1
f 4110/4110 4108/4108 4107/4107
usemtl Surface_1
f 4109/4109 4108/4108 4110/4110
usemtl Surface_1
f 4116/4116 4112/4112 4111/4111
usemtl Surface_1
f 4115/4115 4112/4112 4116/4116
usemtl Surface_1
f 4114/4114 4112/4112 4115/4115
usemtl Surface_1
f 4113/4113 4112/4112 4114/4114
usemtl Surface_1
f 4122/4122 4118/4118 4117/4117
usemtl Surface_1
f 4121/4121 4118/4118 4122/4122
usemtl Surface_1
f 4120/4120 4118/4118 4121/4121
usemtl Surface_1
f 4119/4119 4118/4118 4120/4120
usemtl Surface_1
f 4126/4126 4124/4124 4123/4123
usemtl Surface_1
f 4125/4125 4124/4124 4126/4126
usemtl Surface_1
f 4130/4130 4128/4128 4127/4127
usemtl Surface_1
f 4129/4129 4128/4128 4130/4130
usemtl Surface_1
f 4134/4134 4132/4132 4131/4131
usemtl Surface_1
f 4133/4133 4132/4132 4134/4134
usemtl Surface_1
f 4138/4138 4136/4136 4135/4135
usemtl Surface_1
f 4137/4137 4136/4136 4138/4138
usemtl Surface_1
f 4142/4142 4140/4140 4139/4139
usemtl Surface_1
f 4141/4141 4140/4140 4142/4142
usemtl Surface_1
f 4146/4146 4144/4144 4143/4143
usemtl Surface_1
f 4145/4145 4144/4144 4146/4146
usemtl Surface_1
f 4152/4152 4148/4148 4147/4147
usemtl Surface_1
f 4151/4151 4148/4148 4152/4152
usemtl Surface_1
f 4150/4150 4148/4148 4151/4151
usemtl Surface_1
f 4149/4149 4148/4148 4150/4150
usemtl Surface_1
f 4158/4158 4154/4154 4153/4153
usemtl Surface_1
f 4157/4157 4154/4154 4158/4158
usemtl Surface_1
f 4156/4156 4154/4154 4157/4157
usemtl Surface_1
f 4155/4155 4154/4154 4156/4156
usemtl Surface_1
f 4162/4162 4160/4160 4159/4159
usemtl Surface_1
f 4161/4161 4160/4160 4162/4162
usemtl Surface_1
f 4166/4166 4164/4164 4163/4163
usemtl Surface_1
f 4165/4165 4164/4164 4166/4166
usemtl Surface_1
f 4170/4170 4168/4168 4167/4167
usemtl Surface_1
f 4169/4169 4168/4168 4170/4170
usemtl Surface_1
f 4174/4174 4172/4172 4171/4171
usemtl Surface_1
f 4173/4173 4172/4172 4174/4174
usemtl Surface_1
f 4178/4178 4176/4176 4175/4175
usemtl Surface_1
f 4177/4177 4176/4176 4178/4178
usemtl Surface_1
f 4182/4182 4180/4180 4179/4179
usemtl Surface_1
f 4181/4181 4180/4180 4182/4182
usemtl Surface_1
f 4188/4188 4184/4184 4183/4183
usemtl Surface_1
f 4187/4187 4184/4184 4188/4188
usemtl Surface_1
f 4186/4186 4184/4184 4187/4187
usemtl Surface_1
f 4185/4185 4184/4184 4186/4186
usemtl Surface_1
f 4194/4194 4190/4190 4189/4189
usemtl Surface_1
f 4193/4193 4190/4190 4194/4194
usemtl Surface_1
f 4192/4192 4190/4190 4193/4193
usemtl Surface_1
f 4191/4191 4190/4190 4192/4192
usemtl Surface_1
f 4198/4198 4196/4196 4195/4195
usemtl Surface_1
f 4197/4197 4196/4196 4198/4198
usemtl Surface_1
f 4202/4202 4200/4200 4199/4199
usemtl Surface_1
f 4201/4201 4200/4200 4202/4202
usemtl Surface_1
f 4206/4206 4204/4204 4203/4203
usemtl Surface_1
f 4205/4205 4204/4204 4206/4206
usemtl Surface_1
f 4210/4210 4208/4208 4207/4207
usemtl Surface_1
f 4209/4209 4208/4208 4210/4210
usemtl Surface_1
f 4214/4214 4212/4212 4211/4211
usemtl Surface_1
f 4213/4213 4212/4212 4214/4214
usemtl Surface_1
f 4218/4218 4216/4216 4215/4215
usemtl Surface_1
f 4217/4217 4216/4216 4218/4218
usemtl Surface_1
f 4224/4224 4220/4220 4219/4219
usemtl Surface_1
f 4223/4223 4220/4220 4224/4224
usemtl Surface_1
f 4222/4222 4220/4220 4223/4223
usemtl Surface_1
f 4221/4221 4220/4220 4222/4222
usemtl Surface_1
f 4230/4230 4226/4226 4225/4225
usemtl Surface_1
f 4229/4229 4226/4226 4230/4230
usemtl Surface_1
f 4228/4228 4226/4226 4229/4229
usemtl Surface_1
f 4227/4227 4226/4226 4228/4228
usemtl Surface_1
f 4234/4234 4232/4232 4231/4231
usemtl Surface_1
f 4233/4233 4232/4232 4234/4234
usemtl Surface_1
f 4238/4238 4236/4236 4235/4235
usemtl Surface_1
f 4237/4237 4236/4236 4238/4238
usemtl Surface_1
f 4242/4242 4240/4240 4239/4239
usemtl Surface_1
f 4241/4241 4240/4240 4242/4242
usemtl Surface_1
f 4246/4246 4244/4244 4243/4243
usemtl Surface_1
f 4245/4245 4244/4244 4246/4246
usemtl Surface_1
f 4250/4250 4248/4248 4247/4247
usemtl Surface_1
f 4249/4249 4248/4248 4250/4250
usemtl Surface_1
f 4254/4254 4252/4252 4251/4251
usemtl Surface_1
f 4253/4253 4252/4252 4254/4254
usemtl Surface_1
f 4260/4260 4256/4256 4255/4255
usemtl Surface_1
f 4259/4259 4256/4256 4260/4260
usemtl Surface_1
f 4258/4258 4256/4256 4259/4259
usemtl Surface_1
f 4257/4257 4256/4256 4258/4258
usemtl Surface_1
f 4266/4266 4262/4262 4261/4261
usemtl Surface_1
f 4265/4265 4262/4262 4266/4266
usemtl Surface_1
f 4264/4264 4262/4262 4265/4265
usemtl Surface_1
f 4263/4263 4262/4262 4264/4264
usemtl Surface_1
f 4270/4270 4268/4268 4267/4267
usemtl Surface_1
f 4269/4269 4268/4268 4270/4270
usemtl Surface_1
f 4274/4274 4272/4272 4271/4271
usemtl Surface_1
f 4273/4273 4272/4272 4274/4274
usemtl Surface_1
f 4278/4278 4276/4276 4275/4275
usemtl Surface_1
f 4277/4277 4276/4276 4278/4278
usemtl Surface_1
f 4282/4282 4280/4280 4279/4279
usemtl Surface_1
f 4281/4281 4280/4280 4282/4282
usemtl Surface_1
f 4286/4286 4284/4284 4283/4283
usemtl Surface_1
f 4285/4285 4284/4284 4286/4286
usemtl Surface_1
f 4290/4290 4288/4288 4287/4287
usemtl Surface_1
f 4289/4289 4288/4288 4290/4290
usemtl Surface_1
f 4296/4296 4292/4292 4291/4291
usemtl Surface_1
f 4295/4295 4292/4292 4296/4296
usemtl Surface_1
f 4294/4294 4292/4292 4295/4295
usemtl Surface_1
f 4293/4293 4292/4292 4294/4294
usemtl Surface_1
f 4302/4302 4298/4298 4297/4297
usemtl Surface_1
f 4301/4301 4298/4298 4302/4302
usemtl Surface_1
f 4300/4300 4298/4298 4301/4301
usemtl Surface_1
f 4299/4299 4298/4298 4300/4300
usemtl Surface_3
f 4306/4306 4304/4304 4303/4303
usemtl Surface_3
f 4305/4305 4304/4304 4306/4306
usemtl Surface_3
f 4310/4310 4308/4308 4307/4307
usemtl Surface_3
f 4309/4309 4308/4308 4310/4310
usemtl Surface_3
f 4314/4314 4312/4312 4311/4311
usemtl Surface_3
f 4313/4313 4312/4312 4314/4314
usemtl Surface_3
f 4318/4318 4316/4316 4315/4315
usemtl Surface_3
f 4317/4317 4316/4316 4318/4318
usemtl Surface_3
f 4322/4322 4320/4320 4319/4319
usemtl Surface_3
f 4321/4321 4320/4320 4322/4322
usemtl Surface_3
f 4326/4326 4324/4324 4323/4323
usemtl Surface_3
f 4325/4325 4324/4324 4326/4326
usemtl Surface_3
f 4332/4332 4328/4328 4327/4327
usemtl Surface_3
f 4331/4331 4328/4328 4332/4332
usemtl Surface_3
f 4330/4330 4328/4328 4331/4331
usemtl Surface_3
f 4329/4329 4328/4328 4330/4330
usemtl Surface_3
f 4338/4338 4334/4334 4333/4333
usemtl Surface_3
f 4337/4337 4334/4334 4338/4338
usemtl Surface_3
f 4336/4336 4334/4334 4337/4337
usemtl Surface_3
f 4335/4335 4334/4334 4336/4336
usemtl Surface_3
f 4339/4339 4341/4341 4340/4340
usemtl Surface_3
f 4342/4342 4344/4344 4343/4343
usemtl Surface_3
f 4345/4345 4347/4347 4346/4346
usemtl Surface_3
f 4348/4348 4350/4350 4349/4349
usemtl Surface_3
f 4351/4351 4353/4353 4352/4352
usemtl Surface_3
f 4354/4354 4356/4356 4355/4355
usemtl Surface_3
f 4357/4357 4359/4359 4358/4358
usemtl Surface_3
f 4360/4360 4362/4362 4361/4361
usemtl Surface_3
f 4363/4363 4365/4365 4364/4364
usemtl Surface_3
f 4366/4366 4368/4368 4367/4367
usemtl Surface_3
f 4372/4372 4370/4370 4369/4369
usemtl Surface_3
f 4371/4371 4370/4370 4372/4372
usemtl Surface_3
f 4376/4376 4374/4374 4373/4373
usemtl Surface_3
f 4375/4375 4374/4374 4376/4376
usemtl Surface_3
f 4380/4380 4378/4378 4377/4377
usemtl Surface_3
f 4379/4379 4378/4378 4380/4380
usemtl Surface_3
f 4384/4384 4382/4382 4381/4381
usemtl Surface_3
f 4383/4383 4382/4382 4384/4384
usemtl Surface_3
f 4388/4388 4386/4386 4385/4385
usemtl Surface_3
f 4387/4387 4386/4386 4388/4388
usemtl Surface_3
f 4392/4392 4390/4390 4389/4389
usemtl Surface_3
f 4391/4391 4390/4390 4392/4392
usemtl Surface_3
f 4396/4396 4394/4394 4393/4393
usemtl Surface_3
f 4395/4395 4394/4394 4396/4396
usemtl Surface_3
f 4400/4400 4398/4398 4397/4397
usemtl Surface_3
f 4399/4399 4398/4398 4400/4400
usemtl Surface_3
f 4404/4404 4402/4402 4401/4401
usemtl Surface_3
f 4403/4403 4402/4402 4404/4404
usemtl Surface_3
f 4408/4408 4406/4406 4405/4405
usemtl Surface_3
f 4407/4407 4406/4406 4408/4408
usemtl Surface_3
f 4412/4412 4410/4410 4409/4409
usemtl Surface_3
f 4411/4411 4410/4410 4412/4412
usemtl Surface_3
f 4416/4416 4414/4414 4413/4413
usemtl Surface_3
f 4415/4415 4414/4414 4416/4416
usemtl Surface_3
f 4420/4420 4418/4418 4417/4417
usemtl Surface_3
f 4419/4419 4418/4418 4420/4420
usemtl Surface_3
f 4424/4424 4422/4422 4421/4421
usemtl Surface_3
f 4423/4423 4422/4422 4424/4424
usemtl Surface_3
f 4428/4428 4426/4426 4425/4425
usemtl Surface_3
f 4427/4427 4426/4426 4428/4428
usemtl Surface_3
f 4432/4432 4430/4430 4429/4429
usemtl Surface_3
f 4431/4431 4430/4430 4432/4432
usemtl Surface_3
f 4436/4436 4434/4434 4433/4433
usemtl Surface_3
f 4435/4435 4434/4434 4436/4436
usemtl Surface_3
f 4440/4440 4438/4438 4437/4437
usemtl Surface_3
f 4439/4439 4438/4438 4440/4440
usemtl Surface_3
f 4444/4444 4442/4442 4441/4441
usemtl Surface_3
f 4443/4443 4442/4442 4444/4444
usemtl Surface_3
f 4448/4448 4446/4446 4445/4445
usemtl Surface_3
f 4447/4447 4446/4446 4448/4448
usemtl Surface_3
f 4452/4452 4450/4450 4449/4449
usemtl Surface_3
f 4451/4451 4450/4450 4452/4452
usemtl Surface_3
f 4456/4456 4454/4454 4453/4453
usemtl Surface_3
f 4455/4455 4454/4454 4456/4456
usemtl Surface_3
f 4460/4460 4458/4458 4457/4457
usemtl Surface_3
f 4459/4459 4458/4458 4460/4460
usemtl Surface_3
f 4464/4464 4462/4462 4461/4461
usemtl Surface_3
f 4463/4463 4462/4462 4464/4464
usemtl Surface_3
f 4468/4468 4466/4466 4465/4465
usemtl Surface_3
f 4467/4467 4466/4466 4468/4468
usemtl Surface_3
f 4472/4472 4470/4470 4469/4469
usemtl Surface_3
f 4471/4471 4470/4470 4472/4472
usemtl Surface_3
f 4476/4476 4474/4474 4473/4473
usemtl Surface_3
f 4475/4475 4474/4474 4476/4476
usemtl Surface_3
f 4480/4480 4478/4478 4477/4477
usemtl Surface_3
f 4479/4479 4478/4478 4480/4480
usemtl Surface_3
f 4484/4484 4482/4482 4481/4481
usemtl Surface_3
f 4483/4483 4482/4482 4484/4484
usemtl Surface_3
f 4488/4488 4486/4486 4485/4485
usemtl Surface_3
f 4487/4487 4486/4486 4488/4488
usemtl Surface_3
f 4492/4492 4490/4490 4489/4489
usemtl Surface_3
f 4491/4491 4490/4490 4492/4492
usemtl Surface_3
f 4496/4496 4494/4494 4493/4493
usemtl Surface_3
f 4495/4495 4494/4494 4496/4496
usemtl Surface_3
f 4500/4500 4498/4498 4497/4497
usemtl Surface_3
f 4499/4499 4498/4498 4500/4500
usemtl Surface_3
f 4504/4504 4502/4502 4501/4501
usemtl Surface_3
f 4503/4503 4502/4502 4504/4504
usemtl Surface_3
f 4508/4508 4506/4506 4505/4505
usemtl Surface_3
f 4507/4507 4506/4506 4508/4508
usemtl Surface_3
f 4512/4512 4510/4510 4509/4509
usemtl Surface_3
f 4511/4511 4510/4510 4512/4512
usemtl Surface_3
f 4516/4516 4514/4514 4513/4513
usemtl Surface_3
f 4515/4515 4514/4514 4516/4516
usemtl Surface_3
f 4520/4520 4518/4518 4517/4517
usemtl Surface_3
f 4519/4519 4518/4518 4520/4520
usemtl Surface_3
f 4524/4524 4522/4522 4521/4521
usemtl Surface_3
f 4523/4523 4522/4522 4524/4524
usemtl Surface_3
f 4528/4528 4526/4526 4525/4525
usemtl Surface_3
f 4527/4527 4526/4526 4528/4528
usemtl Surface_3
f 4529/4529 4531/4531 4530/4530
usemtl Surface_3
f 4532/4532 4534/4534 4533/4533
usemtl Surface_3
f 4535/4535 4537/4537 4536/4536
usemtl Surface_3
f 4538/4538 4540/4540 4539/4539
usemtl Surface_3
f 4541/4541 4543/4543 4542/4542
usemtl Surface_3
f 4544/4544 4546/4546 4545/4545
usemtl Surface_3
f 4547/4547 4549/4549 4548/4548
usemtl Surface_3
f 4550/4550 4552/4552 4551/4551
usemtl Surface_3
f 4553/4553 4555/4555 4554/4554
usemtl Surface_3
f 4556/4556 4558/4558 4557/4557
usemtl Surface_3
f 4562/4562 4560/4560 4559/4559
usemtl Surface_3
f 4561/4561 4560/4560 4562/4562
usemtl Surface_3
f 4566/4566 4564/4564 4563/4563
usemtl Surface_3
f 4565/4565 4564/4564 4566/4566
usemtl Surface_3
f 4570/4570 4568/4568 4567/4567
usemtl Surface_3
f 4569/4569 4568/4568 4570/4570
usemtl Surface_3
f 4574/4574 4572/4572 4571/4571
usemtl Surface_3
f 4573/4573 4572/4572 4574/4574
usemtl Surface_3
f 4578/4578 4576/4576 4575/4575
usemtl Surface_3
f 4577/4577 4576/4576 4578/4578
usemtl Surface_3
f 4582/4582 4580/4580 4579/4579
usemtl Surface_3
f 4581/4581 4580/4580 4582/4582
usemtl Surface_3
f 4588/4588 4584/4584 4583/4583
usemtl Surface_3
f 4587/4587 4584/4584 4588/4588
usemtl Surface_3
f 4586/4586 4584/4584 4587/4587
usemtl Surface_3
f 4585/4585 4584/4584 4586/4586
usemtl Surface_3
f 4594/4594 4590/4590 4589/4589
usemtl Surface_3
f 4593/4593 4590/4590 4594/4594
usemtl Surface_3
f 4592/4592 4590/4590 4593/4593
usemtl Surface_3
f 4591/4591 4590/4590 4592/4592
usemtl Surface_3
f 4595/4595 4597/4597 4596/4596
usemtl Surface_3
f 4598/4598 4600/4600 4599/4599
usemtl Surface_3
f 4601/4601 4603/4603 4602/4602
usemtl Surface_3
f 4604/4604 4606/4606 4605/4605
usemtl Surface_3
f 4607/4607 4609/4609 4608/4608
usemtl Surface_3
f 4610/4610 4612/4612 4611/4611
usemtl Surface_3
f 4613/4613 4615/4615 4614/4614
usemtl Surface_3
f 4616/4616 4618/4618 4617/4617
usemtl Surface_3
f 4619/4619 4621/4621 4620/4620
usemtl Surface_3
f 4622/4622 4624/4624 4623/4623
usemtl Surface_3
f 4628/4628 4626/4626 4625/4625
usemtl Surface_3
f 4627/4627 4626/4626 4628/4628
usemtl Surface_3
f 4632/4632 4630/4630 4629/4629
usemtl Surface_3
f 4631/4631 4630/4630 4632/4632
usemtl Surface_3
f 4636/4636 4634/4634 4633/4633
usemtl Surface_3
f 4635/4635 4634/4634 4636/4636
usemtl Surface_3
f 4640/4640 4638/4638 4637/4637
usemtl Surface_3
f 4639/4639 4638/4638 4640/4640
usemtl Surface_3
f 4644/4644 4642/4642 4641/4641
usemtl Surface_3
f 4643/4643 4642/4642 4644/4644
usemtl Surface_3
f 4648/4648 4646/4646 4645/4645
usemtl Surface_3
f 4647/4647 4646/4646 4648/4648
usemtl Surface_3
f 4652/4652 4650/4650 4649/4649
usemtl Surface_3
f 4651/4651 4650/4650 4652/4652
usemtl Surface_3
f 4656/4656 4654/4654 4653/4653
usemtl Surface_3
f 4655/4655 4654/4654 4656/4656
usemtl Surface_3
f 4660/4660 4658/4658 4657/4657
usemtl Surface_3
f 4659/4659 4658/4658 4660/4660
usemtl Surface_3
f 4664/4664 4662/4662 4661/4661
usemtl Surface_3
f 4663/4663 4662/4662 4664/4664
usemtl Surface_3
f 4668/4668 4666/4666 4665/4665
usemtl Surface_3
f 4667/4667 4666/4666 4668/4668
usemtl Surface_3
f 4672/4672 4670/4670 4669/4669
usemtl Surface_3
f 4671/4671 4670/4670 4672/4672
usemtl Surface_3
f 4676/4676 4674/4674 4673/4673
usemtl Surface_3
f 4675/4675 4674/4674 4676/4676
usemtl Surface_3
f 4680/4680 4678/4678 4677/4677
usemtl Surface_3
f 4679/4679 4678/4678 4680/4680
usemtl Surface_3
f 4684/4684 4682/4682 4681/4681
usemtl Surface_3
f 4683/4683 4682/4682 4684/4684
usemtl Surface_3
f 4688/4688 4686/4686 4685/4685
usemtl Surface_3
f 4687/4687 4686/4686 4688/4688
usemtl Surface_3
f 4692/4692 4690/4690 4689/4689
usemtl Surface_3
f 4691/4691 4690/4690 4692/4692
usemtl Surface_3
f 4696/4696 4694/4694 4693/4693
usemtl Surface_3
f 4695/4695 4694/4694 4696/4696
usemtl Surface_3
f 4700/4700 4698/4698 4697/4697
usemtl Surface_3
f 4699/4699 4698/4698 4700/4700
usemtl Surface_3
f 4704/4704 4702/4702 4701/4701
usemtl Surface_3
f 4703/4703 4702/4702 4704/4704
usemtl Surface_3
f 4708/4708 4706/4706 4705/4705
usemtl Surface_3
f 4707/4707 4706/4706 4708/4708
usemtl Surface_3
f 4712/4712 4710/4710 4709/4709
usemtl Surface_3
f 4711/4711 4710/4710 4712/4712
usemtl Surface_3
f 4716/4716 4714/4714 4713/4713
usemtl Surface_3
f 4715/4715 4714/4714 4716/4716
usemtl Surface_3
f 4720/4720 4718/4718 4717/4717
usemtl Surface_3
f 4719/4719 4718/4718 4720/4720
usemtl Surface_3
f 4724/4724 4722/4722 4721/4721
usemtl Surface_3
f 4723/4723 4722/4722 4724/4724
usemtl Surface_3
f 4728/4728 4726/4726 4725/4725
usemtl Surface_3
f 4727/4727 4726/4726 4728/4728
usemtl Surface_3
f 4732/4732 4730/4730 4729/4729
usemtl Surface_3
f 4731/4731 4730/4730 4732/4732
usemtl Surface_3
f 4736/4736 4734/4734 4733/4733
usemtl Surface_3
f 4735/4735 4734/4734 4736/4736
usemtl Surface_3
f 4740/4740 4738/4738 4737/4737
usemtl Surface_3
f 4739/4739 4738/4738 4740/4740
usemtl Surface_3
f 4744/4744 4742/4742 4741/4741
usemtl Surface_3
f 4743/4743 4742/4742 4744/4744
usemtl Surface_3
f 4748/4748 4746/4746 4745/4745
usemtl Surface_3
f 4747/4747 4746/4746 4748/4748
usemtl Surface_3
f 4752/4752 4750/4750 4749/4749
usemtl Surface_3
f 4751/4751 4750/4750 4752/4752
usemtl Surface_3
f 4756/4756 4754/4754 4753/4753
usemtl Surface_3
f 4755/4755 4754/4754 4756/4756
usemtl Surface_3
f 4760/4760 4758/4758 4757/4757
usemtl Surface_3
f 4759/4759 4758/4758 4760/4760
usemtl Surface_3
f 4764/4764 4762/4762 4761/4761
usemtl Surface_3
f 4763/4763 4762/4762 4764/4764
usemtl Surface_3
f 4768/4768 4766/4766 4765/4765
usemtl Surface_3
f 4767/4767 4766/4766 4768/4768
usemtl Surface_3
f 4772/4772 4770/4770 4769/4769
usemtl Surface_3
f 4771/4771 4770/4770 4772/4772
usemtl Surface_3
f 4776/4776 4774/4774 4773/4773
usemtl Surface_3
f 4775/4775 4774/4774 4776/4776
usemtl Surface_3
f 4780/4780 4778/4778 4777/4777
usemtl Surface_3
f 4779/4779 4778/4778 4780/4780
usemtl Surface_3
f 4784/4784 4782/4782 4781/4781
usemtl Surface_3
f 4783/4783 4782/4782 4784/4784
usemtl Surface_3
f 4785/4785 4787/4787 4786/4786
usemtl Surface_3
f 4788/4788 4790/4790 4789/4789
usemtl Surface_3
f 4791/4791 4793/4793 4792/4792
usemtl Surface_3
f 4794/4794 4796/4796 4795/4795
usemtl Surface_3
f 4797/4797 4799/4799 4798/4798
usemtl Surface_3
f 4800/4800 4802/4802 4801/4801
usemtl Surface_3
f 4803/4803 4805/4805 4804/4804
usemtl Surface_3
f 4806/4806 4808/4808 4807/4807
usemtl Surface_3
f 4809/4809 4811/4811 4810/4810
usemtl Surface_3
f 4812/4812 4814/4814 4813/4813
usemtl Surface_3
f 4818/4818 4816/4816 4815/4815
usemtl Surface_3
f 4817/4817 4816/4816 4818/4818
usemtl Surface_3
f 4822/4822 4820/4820 4819/4819
usemtl Surface_3
f 4821/4821 4820/4820 4822/4822
usemtl Surface_3
f 4826/4826 4824/4824 4823/4823
usemtl Surface_3
f 4825/4825 4824/4824 4826/4826
usemtl Surface_3
f 4830/4830 4828/4828 4827/4827
usemtl Surface_3
f 4829/4829 4828/4828 4830/4830
usemtl Surface_3
f 4834/4834 4832/4832 4831/4831
usemtl Surface_3
f 4833/4833 4832/4832 4834/4834
usemtl Surface_3
f 4838/4838 4836/4836 4835/4835
usemtl Surface_3
f 4837/4837 4836/4836 4838/4838
usemtl Surface_3
f 4844/4844 4840/4840 4839/4839
usemtl Surface_3
f 4843/4843 4840/4840 4844/4844
usemtl Surface_3
f 4842/4842 4840/4840 4843/4843
usemtl Surface_3
f 4841/4841 4840/4840 4842/4842
usemtl Surface_3
f 4850/4850 4846/4846 4845/4845
usemtl Surface_3
f 4849/4849 4846/4846 4850/4850
usemtl Surface_3
f 4848/4848 4846/4846 4849/4849
usemtl Surface_3
f 4847/4847 4846/4846 4848/4848
usemtl Surface_3
f 4851/4851 4853/4853 4852/4852
usemtl Surface_3
f 4854/4854 4856/4856 4855/4855
usemtl Surface_3
f 4857/4857 4859/4859 4858/4858
usemtl Surface_3
f 4860/4860 4862/4862 4861/4861
usemtl Surface_3
f 4863/4863 4865/4865 4864/4864
usemtl Surface_3
f 4866/4866 4868/4868 4867/4867
usemtl Surface_3
f 4869/4869 4871/4871 4870/4870
usemtl Surface_3
f 4872/4872 4874/4874 4873/4873
usemtl Surface_3
f 4875/4875 4877/4877 4876/4876
usemtl Surface_3
f 4878/4878 4880/4880 4879/4879
usemtl Surface_3
f 4884/4884 4882/4882 4881/4881
usemtl Surface_3
f 4883/4883 4882/4882 4884/4884
usemtl Surface_3
f 4888/4888 4886/4886 4885/4885
usemtl Surface_3
f 4887/4887 4886/4886 4888/4888
usemtl Surface_3
f 4892/4892 4890/4890 4889/4889
usemtl Surface_3
f 4891/4891 4890/4890 4892/4892
usemtl Surface_3
f 4896/4896 4894/4894 4893/4893
usemtl Surface_3
f 4895/4895 4894/4894 4896/4896
usemtl Surface_3
f 4900/4900 4898/4898 4897/4897
usemtl Surface_3
f 4899/4899 4898/4898 4900/4900
usemtl Surface_3
f 4904/4904 4902/4902 4901/4901
usemtl Surface_3
f 4903/4903 4902/4902 4904/4904
usemtl Surface_3
f 4908/4908 4906/4906 4905/4905
usemtl Surface_3
f 4907/4907 4906/4906 4908/4908
usemtl Surface_3
f 4912/4912 4910/4910 4909/4909
usemtl Surface_3
f 4911/4911 4910/4910 4912/4912
usemtl Surface_3
f 4916/4916 4914/4914 4913/4913
usemtl Surface_3
f 4915/4915 4914/4914 4916/4916
usemtl Surface_3
f 4920/4920 4918/4918 4917/4917
usemtl Surface_3
f 4919/4919 4918/4918 4920/4920
usemtl Surface_3
f 4924/4924 4922/4922 4921/4921
usemtl Surface_3
f 4923/4923 4922/4922 4924/4924
usemtl Surface_3
f 4928/4928 4926/4926 4925/4925
usemtl Surface_3
f 4927/4927 4926/4926 4928/4928
usemtl Surface_3
f 4932/4932 4930/4930 4929/4929
usemtl Surface_3
f 4931/4931 4930/4930 4932/4932
usemtl Surface_3
f 4936/4936 4934/4934 4933/4933
usemtl Surface_3
f 4935/4935 4934/4934 4936/4936
usemtl Surface_3
f 4940/4940 4938/4938 4937/4937
usemtl Surface_3
f 4939/4939 4938/4938 4940/4940
usemtl Surface_3
f 4944/4944 4942/4942 4941/4941
usemtl Surface_3
f 4943/4943 4942/4942 4944/4944
usemtl Surface_3
f 4948/4948 4946/4946 4945/4945
usemtl Surface_3
f 4947/4947 4946/4946 4948/4948
usemtl Surface_3
f 4952/4952 4950/4950 4949/4949
usemtl Surface_3
f 4951/4951 4950/4950 4952/4952
usemtl Surface_3
f 4956/4956 4954/4954 4953/4953
usemtl Surface_3
f 4955/4955 4954/4954 4956/4956
usemtl Surface_3
f 4960/4960 4958/4958 4957/4957
usemtl Surface_3
f 4959/4959 4958/4958 4960/4960
usemtl Surface_3
f 4964/4964 4962/4962 4961/4961
usemtl Surface_3
f 4963/4963 4962/4962 4964/4964
usemtl Surface_3
f 4968/4968 4966/4966 4965/4965
usemtl Surface_3
f 4967/4967 4966/4966 4968/4968
usemtl Surface_3
f 4972/4972 4970/4970 4969/4969
usemtl Surface_3
f 4971/4971 4970/4970 4972/4972
usemtl Surface_3
f 4976/4976 4974/4974 4973/4973
usemtl Surface_3
f 4975/4975 4974/4974 4976/4976
usemtl Surface_3
f 4980/4980 4978/4978 4977/4977
usemtl Surface_3
f 4979/4979 4978/4978 4980/4980
usemtl Surface_3
f 4984/4984 4982/4982 4981/4981
usemtl Surface_3
f 4983/4983 4982/4982 4984/4984
usemtl Surface_3
f 4988/4988 4986/4986 4985/4985
usemtl Surface_3
f 4987/4987 4986/4986 4988/4988
usemtl Surface_3
f 4992/4992 4990/4990 4989/4989
usemtl Surface_3
f 4991/4991 4990/4990 4992/4992
usemtl Surface_3
f 4996/4996 4994/4994 4993/4993
usemtl Surface_3
f 4995/4995 4994/4994 4996/4996
usemtl Surface_3
f 5000/5000 4998/4998 4997/4997
usemtl Surface_3
f 4999/4999 4998/4998 5000/5000
usemtl Surface_3
f 5004/5004 5002/5002 5001/5001
usemtl Surface_3
f 5003/5003 5002/5002 5004/5004
usemtl Surface_3
f 5008/5008 5006/5006 5005/5005
usemtl Surface_3
f 5007/5007 5006/5006 5008/5008
usemtl Surface_3
f 5012/5012 5010/5010 5009/5009
usemtl Surface_3
f 5011/5011 5010/5010 5012/5012
usemtl Surface_3
f 5016/5016 5014/5014 5013/5013
usemtl Surface_3
f 5015/5015 5014/5014 5016/5016
usemtl Surface_3
f 5020/5020 5018/5018 5017/5017
usemtl Surface_3
f 5019/5019 5018/5018 5020/5020
usemtl Surface_3
f 5024/5024 5022/5022 5021/5021
usemtl Surface_3
f 5023/5023 5022/5022 5024/5024
usemtl Surface_3
f 5028/5028 5026/5026 5025/5025
usemtl Surface_3
f 5027/5027 5026/5026 5028/5028
usemtl Surface_3
f 5032/5032 5030/5030 5029/5029
usemtl Surface_3
f 5031/5031 5030/5030 5032/5032
usemtl Surface_3
f 5036/5036 5034/5034 5033/5033
usemtl Surface_3
f 5035/5035 5034/5034 5036/5036
usemtl Surface_3
f 5040/5040 5038/5038 5037/5037
usemtl Surface_3
f 5039/5039 5038/5038 5040/5040
usemtl Surface_3
f 5041/5041 5043/5043 5042/5042
usemtl Surface_3
f 5044/5044 5046/5046 5045/5045
usemtl Surface_3
f 5047/5047 5049/5049 5048/5048
usemtl Surface_3
f 5050/5050 5052/5052 5051/5051
usemtl Surface_3
f 5053/5053 5055/5055 5054/5054
usemtl Surface_3
f 5056/5056 5058/5058 5057/5057
usemtl Surface_3
f 5059/5059 5061/5061 5060/5060
usemtl Surface_3
f 5062/5062 5064/5064 5063/5063
usemtl Surface_3
f 5065/5065 5067/5067 5066/5066
usemtl Surface_3
f 5068/5068 5070/5070 5069/5069
usemtl Surface_3
f 5074/5074 5072/5072 5071/5071
usemtl Surface_3
f 5073/5073 5072/5072 5074/5074
usemtl Surface_3
f 5078/5078 5076/5076 5075/5075
usemtl Surface_3
f 5077/5077 5076/5076 5078/5078
usemtl Surface_3
f 5082/5082 5080/5080 5079/5079
usemtl Surface_3
f 5081/5081 5080/5080 5082/5082
usemtl Surface_3
f 5086/5086 5084/5084 5083/5083
usemtl Surface_3
f 5085/5085 5084/5084 5086/5086
usemtl Surface_3
f 5090/5090 5088/5088 5087/5087
usemtl Surface_3
f 5089/5089 5088/5088 5090/5090
usemtl Surface_3
f 5094/5094 5092/5092 5091/5091
usemtl Surface_3
f 5093/5093 5092/5092 5094/5094
usemtl Surface_3
f 5100/5100 5096/5096 5095/5095
usemtl Surface_3
f 5099/5099 5096/5096 5100/5100
usemtl Surface_3
f 5098/5098 5096/5096 5099/5099
usemtl Surface_3
f 5097/5097 5096/5096 5098/5098
usemtl Surface_3
f 5106/5106 5102/5102 5101/5101
usemtl Surface_3
f 5105/5105 5102/5102 5106/5106
usemtl Surface_3
f 5104/5104 5102/5102 5105/5105
usemtl Surface_3
f 5103/5103 5102/5102 5104/5104
usemtl Surface_3
f 5107/5107 5109/5109 5108/5108
usemtl Surface_3
f 5110/5110 5112/5112 5111/5111
usemtl Surface_3
f 5113/5113 5115/5115 5114/5114
usemtl Surface_3
f 5116/5116 5118/5118 5117/5117
usemtl Surface_3
f 5119/5119 5121/5121 5120/5120
usemtl Surface_3
f 5122/5122 5124/5124 5123/5123
usemtl Surface_3
f 5125/5125 5127/5127 5126/5126
usemtl Surface_3
f 5128/5128 5130/5130 5129/5129
usemtl Surface_3
f 5131/5131 5133/5133 5132/5132
usemtl Surface_3
f 5134/5134 5136/5136 5135/5135
usemtl Surface_3
f 5140/5140 5138/5138 5137/5137
usemtl Surface_3
f 5139/5139 5138/5138 5140/5140
usemtl Surface_3
f 5144/5144 5142/5142 5141/5141
usemtl Surface_3
f 5143/5143 5142/5142 5144/5144
usemtl Surface_3
f 5148/5148 5146/5146 5145/5145
usemtl Surface_3
f 5147/5147 5146/5146 5148/5148
usemtl Surface_3
f 5152/5152 5150/5150 5149/5149
usemtl Surface_3
f 5151/5151 5150/5150 5152/5152
usemtl Surface_3
f 5156/5156 5154/5154 5153/5153
usemtl Surface_3
f 5155/5155 5154/5154 5156/5156
usemtl Surface_3
f 5160/5160 5158/5158 5157/5157
usemtl Surface_3
f 5159/5159 5158/5158 5160/5160
usemtl Surface_3
f 5164/5164 5162/5162 5161/5161
usemtl Surface_3
f 5163/5163 5162/5162 5164/5164
usemtl Surface_3
f 5168/5168 5166/5166 5165/5165
usemtl Surface_3
f 5167/5167 5166/5166 5168/5168
usemtl Surface_3
f 5172/5172 5170/5170 5169/5169
usemtl Surface_3
f 5171/5171 5170/5170 5172/5172
usemtl Surface_3
f 5176/5176 5174/5174 5173/5173
usemtl Surface_3
f 5175/5175 5174/5174 5176/5176
usemtl Surface_3
f 5180/5180 5178/5178 5177/5177
usemtl Surface_3
f 5179/5179 5178/5178 5180/5180
usemtl Surface_3
f 5184/5184 5182/5182 5181/5181
usemtl Surface_3
f 5183/5183 5182/5182 5184/5184
usemtl Surface_3
f 5188/5188 5186/5186 5185/5185
usemtl Surface_3
f 5187/5187 5186/5186 5188/5188
usemtl Surface_3
f 5192/5192 5190/5190 5189/5189
usemtl Surface_3
f 5191/5191 5190/5190 5192/5192
usemtl Surface_3
f 5196/5196 5194/5194 5193/5193
usemtl Surface_3
f 5195/5195 5194/5194 5196/5196
usemtl Surface_3
f 5200/5200 5198/5198 5197/5197
usemtl Surface_3
f 5199/5199 5198/5198 5200/5200
usemtl Surface_3
f 5204/5204 5202/5202 5201/5201
usemtl Surface_3
f 5203/5203 5202/5202 5204/5204
usemtl Surface_3
f 5208/5208 5206/5206 5205/5205
usemtl Surface_3
f 5207/5207 5206/5206 5208/5208
usemtl Surface_3
f 5212/5212 5210/5210 5209/5209
usemtl Surface_3
f 5211/5211 5210/5210 5212/5212
usemtl Surface_3
f 5216/5216 5214/5214 5213/5213
usemtl Surface_3
f 5215/5215 5214/5214 5216/5216
usemtl Surface_3
f 5220/5220 5218/5218 5217/5217
usemtl Surface_3
f 5219/5219 5218/5218 5220/5220
usemtl Surface_3
f 5224/5224 5222/5222 5221/5221
usemtl Surface_3
f 5223/5223 5222/5222 5224/5224
usemtl Surface_3
f 5228/5228 5226/5226 5225/5225
usemtl Surface_3
f 5227/5227 5226/5226 5228/5228
usemtl Surface_3
f 5232/5232 5230/5230 5229/5229
usemtl Surface_3
f 5231/5231 5230/5230 5232/5232
usemtl Surface_3
f 5236/5236 5234/5234 5233/5233
usemtl Surface_3
f 5235/5235 5234/5234 5236/5236
usemtl Surface_3
f 5240/5240 5238/5238 5237/5237
usemtl Surface_3
f 5239/5239 5238/5238 5240/5240
usemtl Surface_3
f 5244/5244 5242/5242 5241/5241
usemtl Surface_3
f 5243/5243 5242/5242 5244/5244
usemtl Surface_3
f 5248/5248 5246/5246 5245/5245
usemtl Surface_3
f 5247/5247 5246/5246 5248/5248
usemtl Surface_3
f 5252/5252 5250/5250 5249/5249
usemtl Surface_3
f 5251/5251 5250/5250 5252/5252
usemtl Surface_3
f 5256/5256 5254/5254 5253/5253
usemtl Surface_3
f 5255/5255 5254/5254 5256/5256
usemtl Surface_3
f 5260/5260 5258/5258 5257/5257
usemtl Surface_3
f 5259/5259 5258/5258 5260/5260
usemtl Surface_3
f 5264/5264 5262/5262 5261/5261
usemtl Surface_3
f 5263/5263 5262/5262 5264/5264
usemtl Surface_3
f 5268/5268 5266/5266 5265/5265
usemtl Surface_3
f 5267/5267 5266/5266 5268/5268
usemtl Surface_3
f 5272/5272 5270/5270 5269/5269
usemtl Surface_3
f 5271/5271 5270/5270 5272/5272
usemtl Surface_3
f 5276/5276 5274/5274 5273/5273
usemtl Surface_3
f 5275/5275 5274/5274 5276/5276
usemtl Surface_3
f 5280/5280 5278/5278 5277/5277
usemtl Surface_3
f 5279/5279 5278/5278 5280/5280
usemtl Surface_3
f 5284/5284 5282/5282 5281/5281
usemtl Surface_3
f 5283/5283 5282/5282 5284/5284
usemtl Surface_3
f 5288/5288 5286/5286 5285/5285
usemtl Surface_3
f 5287/5287 5286/5286 5288/5288
usemtl Surface_3
f 5292/5292 5290/5290 5289/5289
usemtl Surface_3
f 5291/5291 5290/5290 5292/5292
usemtl Surface_3
f 5296/5296 5294/5294 5293/5293
usemtl Surface_3
f 5295/5295 5294/5294 5296/5296
usemtl Surface_3
f 5297/5297 5299/5299 5298/5298
usemtl Surface_3
f 5300/5300 5302/5302 5301/5301
usemtl Surface_3
f 5303/5303 5305/5305 5304/5304
usemtl Surface_3
f 5306/5306 5308/5308 5307/5307
usemtl Surface_3
f 5309/5309 5311/5311 5310/5310
usemtl Surface_3
f 5312/5312 5314/5314 5313/5313
usemtl Surface_3
f 5315/5315 5317/5317 5316/5316
usemtl Surface_3
f 5318/5318 5320/5320 5319/5319
usemtl Surface_3
f 5321/5321 5323/5323 5322/5322
usemtl Surface_3
f 5324/5324 5326/5326 5325/5325
usemtl Surface_3
f 5330/5330 5328/5328 5327/5327
usemtl Surface_3
f 5329/5329 5328/5328 5330/5330
usemtl Surface_3
f 5334/5334 5332/5332 5331/5331
usemtl Surface_3
f 5333/5333 5332/5332 5334/5334
usemtl Surface_3
f 5338/5338 5336/5336 5335/5335
usemtl Surface_3
f 5337/5337 5336/5336 5338/5338
usemtl Surface_3
f 5342/5342 5340/5340 5339/5339
usemtl Surface_3
f 5341/5341 5340/5340 5342/5342
usemtl Surface_3
f 5346/5346 5344/5344 5343/5343
usemtl Surface_3
f 5345/5345 5344/5344 5346/5346
usemtl Surface_3
f 5350/5350 5348/5348 5347/5347
usemtl Surface_3
f 5349/5349 5348/5348 5350/5350
usemtl Surface_3
f 5356/5356 5352/5352 5351/5351
usemtl Surface_3
f 5355/5355 5352/5352 5356/5356
usemtl Surface_3
f 5354/5354 5352/5352 5355/5355
usemtl Surface_3
f 5353/5353 5352/5352 5354/5354
usemtl Surface_3
f 5362/5362 5358/5358 5357/5357
usemtl Surface_3
f 5361/5361 5358/5358 5362/5362
usemtl Surface_3
f 5360/5360 5358/5358 5361/5361
usemtl Surface_3
f 5359/5359 5358/5358 5360/5360
usemtl Surface_3
f 5363/5363 5365/5365 5364/5364
usemtl Surface_3
f 5366/5366 5368/5368 5367/5367
usemtl Surface_3
f 5369/5369 5371/5371 5370/5370
usemtl Surface_3
f 5372/5372 5374/5374 5373/5373
usemtl Surface_3
f 5375/5375 5377/5377 5376/5376
usemtl Surface_3
f 5378/5378 5380/5380 5379/5379
usemtl Surface_3
f 5381/5381 5383/5383 5382/5382
usemtl Surface_3
f 5384/5384 5386/5386 5385/5385
usemtl Surface_3
f 5387/5387 5389/5389 5388/5388
usemtl Surface_3
f 5390/5390 5392/5392 5391/5391
usemtl Surface_3
f 5396/5396 5394/5394 5393/5393
usemtl Surface_3
f 5395/5395 5394/5394 5396/5396
usemtl Surface_3
f 5400/5400 5398/5398 5397/5397
usemtl Surface_3
f 5399/5399 5398/5398 5400/5400
usemtl Surface_3
f 5404/5404 5402/5402 5401/5401
usemtl Surface_3
f 5403/5403 5402/5402 5404/5404
usemtl Surface_3
f 5408/5408 5406/5406 5405/5405
usemtl Surface_3
f 5407/5407 5406/5406 5408/5408
usemtl Surface_3
f 5412/5412 5410/5410 5409/5409
usemtl Surface_3
f 5411/5411 5410/5410 5412/5412
usemtl Surface_3
f 5416/5416 5414/5414 5413/5413
usemtl Surface_3
f 5415/5415 5414/5414 5416/5416
usemtl Surface_3
f 5420/5420 5418/5418 5417/5417
usemtl Surface_3
f 5419/5419 5418/5418 5420/5420
usemtl Surface_3
f 5424/5424 5422/5422 5421/5421
usemtl Surface_3
f 5423/5423 5422/5422 5424/5424
usemtl Surface_3
f 5428/5428 5426/5426 5425/5425
usemtl Surface_3
f 5427/5427 5426/5426 5428/5428
usemtl Surface_3
f 5432/5432 5430/5430 5429/5429
usemtl Surface_3
f 5431/5431 5430/5430 5432/5432
usemtl Surface_3
f 5436/5436 5434/5434 5433/5433
usemtl Surface_3
f 5435/5435 5434/5434 5436/5436
usemtl Surface_3
f 5440/5440 5438/5438 5437/5437
usemtl Surface_3
f 5439/5439 5438/5438 5440/5440
usemtl Surface_3
f 5444/5444 5442/5442 5441/5441
usemtl Surface_3
f 5443/5443 5442/5442 5444/5444
usemtl Surface_3
f 5448/5448 5446/5446 5445/5445
usemtl Surface_3
f 5447/5447 5446/5446 5448/5448
usemtl Surface_3
f 5452/5452 5450/5450 5449/5449
usemtl Surface_3
f 5451/5451 5450/5450 5452/5452
usemtl Surface_3
f 5456/5456 5454/5454 5453/5453
usemtl Surface_3
f 5455/5455 5454/5454 5456/5456
usemtl Surface_3
f 5460/5460 5458/5458 5457/5457
usemtl Surface_3
f 5459/5459 5458/5458 5460/5460
usemtl Surface_3
f 5464/5464 5462/5462 5461/5461
usemtl Surface_3
f 5463/5463 5462/5462 5464/5464
usemtl Surface_3
f 5468/5468 5466/5466 5465/5465
usemtl Surface_3
f 5467/5467 5466/5466 5468/5468
usemtl Surface_3
f 5472/5472 5470/5470 5469/5469
usemtl Surface_3
f 5471/5471 5470/5470 5472/5472
usemtl Surface_3
f 5476/5476 5474/5474 5473/5473
usemtl Surface_3
f 5475/5475 5474/5474 5476/5476
usemtl Surface_3
f 5480/5480 5478/5478 5477/5477
usemtl Surface_3
f 5479/5479 5478/5478 5480/5480
usemtl Surface_3
f 5484/5484 5482/5482 5481/5481
usemtl Surface_3
f 5483/5483 5482/5482 5484/5484
usemtl Surface_3
f 5488/5488 5486/5486 5485/5485
usemtl Surface_3
f 5487/5487 5486/5486 5488/5488
usemtl Surface_3
f 5492/5492 5490/5490 5489/5489
usemtl Surface_3
f 5491/5491 5490/5490 5492/5492
usemtl Surface_3
f 5496/5496 5494/5494 5493/5493
usemtl Surface_3
f 5495/5495 5494/5494 5496/5496
usemtl Surface_3
f 5500/5500 5498/5498 5497/5497
usemtl Surface_3
f 5499/5499 5498/5498 5500/5500
usemtl Surface_3
f 5504/5504 5502/5502 5501/5501
usemtl Surface_3
f 5503/5503 5502/5502 5504/5504
usemtl Surface_3
f 5508/5508 5506/5506 5505/5505
usemtl Surface_3
f 5507/5507 5506/5506 5508/5508
usemtl Surface_3
f 5512/5512 5510/5510 5509/5509
usemtl Surface_3
f 5511/5511 5510/5510 5512/5512
usemtl Surface_3
f 5516/5516 5514/5514 5513/5513
usemtl Surface_3
f 5515/5515 5514/5514 5516/5516
usemtl Surface_3
f 5520/5520 5518/5518 5517/5517
usemtl Surface_3
f 5519/5519 5518/5518 5520/5520
usemtl Surface_3
f 5524/5524 5522/5522 5521/5521
usemtl Surface_3
f 5523/5523 5522/5522 5524/5524
usemtl Surface_3
f 5528/5528 5526/5526 5525/5525
usemtl Surface_3
f 5527/5527 5526/5526 5528/5528
usemtl Surface_3
f 5532/5532 5530/5530 5529/5529
usemtl Surface_3
f 5531/5531 5530/5530 5532/5532
usemtl Surface_3
f 5536/5536 5534/5534 5533/5533
usemtl Surface_3
f 5535/5535 5534/5534 5536/5536
usemtl Surface_3
f 5540/5540 5538/5538 5537/5537
usemtl Surface_3
f 5539/5539 5538/5538 5540/5540
usemtl Surface_3
f 5544/5544 5542/5542 5541/5541
usemtl Surface_3
f 5543/5543 5542/5542 5544/5544
usemtl Surface_3
f 5548/5548 5546/5546 5545/5545
usemtl Surface_3
f 5547/5547 5546/5546 5548/5548
usemtl Surface_3
f 5552/5552 5550/5550 5549/5549
usemtl Surface_3
f 5551/5551 5550/5550 5552/5552
usemtl Surface_3
f 5553/5553 5555/5555 5554/5554
usemtl Surface_3
f 5556/5556 5558/5558 5557/5557
usemtl Surface_3
f 5559/5559 5561/5561 5560/5560
usemtl Surface_3
f 5562/5562 5564/5564 5563/5563
usemtl Surface_3
f 5565/5565 5567/5567 5566/5566
usemtl Surface_3
f 5568/5568 5570/5570 5569/5569
usemtl Surface_3
f 5571/5571 5573/5573 5572/5572
usemtl Surface_3
f 5574/5574 5576/5576 5575/5575
usemtl Surface_3
f 5577/5577 5579/5579 5578/5578
usemtl Surface_3
f 5580/5580 5582/5582 5581/5581
usemtl Surface_3
f 5586/5586 5584/5584 5583/5583
usemtl Surface_3
f 5585/5585 5584/5584 5586/5586
usemtl Surface_3
f 5590/5590 5588/5588 5587/5587
usemtl Surface_3
f 5589/5589 5588/5588 5590/5590
usemtl Surface_3
f 5594/5594 5592/5592 5591/5591
usemtl Surface_3
f 5593/5593 5592/5592 5594/5594
usemtl Surface_3
f 5598/5598 5596/5596 5595/5595
usemtl Surface_3
f 5597/5597 5596/5596 5598/5598
usemtl Surface_3
f 5602/5602 5600/5600 5599/5599
usemtl Surface_3
f 5601/5601 5600/5600 5602/5602
usemtl Surface_3
f 5606/5606 5604/5604 5603/5603
usemtl Surface_3
f 5605/5605 5604/5604 5606/5606
usemtl Surface_3
f 5612/5612 5608/5608 5607/5607
usemtl Surface_3
f 5611/5611 5608/5608 5612/5612
usemtl Surface_3
f 5610/5610 5608/5608 5611/5611
usemtl Surface_3
f 5609/5609 5608/5608 5610/5610
usemtl Surface_3
f 5618/5618 5614/5614 5613/5613
usemtl Surface_3
f 5617/5617 5614/5614 5618/5618
usemtl Surface_3
f 5616/5616 5614/5614 5617/5617
usemtl Surface_3
f 5615/5615 5614/5614 5616/5616
usemtl Surface_3
f 5619/5619 5621/5621 5620/5620
usemtl Surface_3
f 5622/5622 5624/5624 5623/5623
usemtl Surface_3
f 5625/5625 5627/5627 5626/5626
usemtl Surface_3
f 5628/5628 5630/5630 5629/5629
usemtl Surface_3
f 5631/5631 5633/5633 5632/5632
usemtl Surface_3
f 5634/5634 5636/5636 5635/5635
usemtl Surface_3
f 5637/5637 5639/5639 5638/5638
usemtl Surface_3
f 5640/5640 5642/5642 5641/5641
usemtl Surface_3
f 5643/5643 5645/5645 5644/5644
usemtl Surface_3
f 5646/5646 5648/5648 5647/5647
usemtl Surface_3
f 5652/5652 5650/5650 5649/5649
usemtl Surface_3
f 5651/5651 5650/5650 5652/5652
usemtl Surface_3
f 5656/5656 5654/5654 5653/5653
usemtl Surface_3
f 5655/5655 5654/5654 5656/5656
usemtl Surface_3
f 5660/5660 5658/5658 5657/5657
usemtl Surface_3
f 5659/5659 5658/5658 5660/5660
usemtl Surface_3
f 5664/5664 5662/5662 5661/5661
usemtl Surface_3
f 5663/5663 5662/5662 5664/5664
usemtl Surface_3
f 5668/5668 5666/5666 5665/5665
usemtl Surface_3
f 5667/5667 5666/5666 5668/5668
usemtl Surface_3
f 5672/5672 5670/5670 5669/5669
usemtl Surface_3
f 5671/5671 5670/5670 5672/5672
usemtl Surface_3
f 5676/5676 5674/5674 5673/5673
usemtl Surface_3
f 5675/5675 5674/5674 5676/5676
usemtl Surface_3
f 5680/5680 5678/5678 5677/5677
usemtl Surface_3
f 5679/5679 5678/5678 5680/5680
usemtl Surface_3
f 5684/5684 5682/5682 5681/5681
usemtl Surface_3
f 5683/5683 5682/5682 5684/5684
usemtl Surface_3
f 5688/5688 5686/5686 5685/5685
usemtl Surface_3
f 5687/5687 5686/5686 5688/5688
usemtl Surface_3
f 5692/5692 5690/5690 5689/5689
usemtl Surface_3
f 5691/5691 5690/5690 5692/5692
usemtl Surface_3
f 5696/5696 5694/5694 5693/5693
usemtl Surface_3
f 5695/5695 5694/5694 5696/5696
usemtl Surface_3
f 5700/5700 5698/5698 5697/5697
usemtl Surface_3
f 5699/5699 5698/5698 5700/5700
usemtl Surface_3
f 5704/5704 5702/5702 5701/5701
usemtl Surface_3
f 5703/5703 5702/5702 5704/5704
usemtl Surface_3
f 5708/5708 5706/5706 5705/5705
usemtl Surface_3
f 5707/5707 5706/5706 5708/5708
usemtl Surface_3
f 5712/5712 5710/5710 5709/5709
usemtl Surface_3
f 5711/5711 5710/5710 5712/5712
usemtl Surface_3
f 5716/5716 5714/5714 5713/5713
usemtl Surface_3
f 5715/5715 5714/5714 5716/5716
usemtl Surface_3
f 5720/5720 5718/5718 5717/5717
usemtl Surface_3
f 5719/5719 5718/5718 5720/5720
usemtl Surface_3
f 5724/5724 5722/5722 5721/5721
usemtl Surface_3
f 5723/5723 5722/5722 5724/5724
usemtl Surface_3
f 5728/5728 5726/5726 5725/5725
usemtl Surface_3
f 5727/5727 5726/5726 5728/5728
usemtl Surface_3
f 5732/5732 5730/5730 5729/5729
usemtl Surface_3
f 5731/5731 5730/5730 5732/5732
usemtl Surface_3
f 5736/5736 5734/5734 5733/5733
usemtl Surface_3
f 5735/5735 5734/5734 5736/5736
usemtl Surface_3
f 5740/5740 5738/5738 5737/5737
usemtl Surface_3
f 5739/5739 5738/5738 5740/5740
usemtl Surface_3
f 5744/5744 5742/5742 5741/5741
usemtl Surface_3
f 5743/5743 5742/5742 5744/5744
usemtl Surface_3
f 5748/5748 5746/5746 5745/5745
usemtl Surface_3
f 5747/5747 5746/5746 5748/5748
usemtl Surface_3
f 5752/5752 5750/5750 5749/5749
usemtl Surface_3
f 5751/5751 5750/5750 5752/5752
usemtl Surface_3
f 5756/5756 5754/5754 5753/5753
usemtl Surface_3
f 5755/5755 5754/5754 5756/5756
usemtl Surface_3
f 5760/5760 5758/5758 5757/5757
usemtl Surface_3
f 5759/5759 5758/5758 5760/5760
usemtl Surface_3
f 5764/5764 5762/5762 5761/5761
usemtl Surface_3
f 5763/5763 5762/5762 5764/5764
usemtl Surface_3
f 5768/5768 5766/5766 5765/5765
usemtl Surface_3
f 5767/5767 5766/5766 5768/5768
usemtl Surface_3
f 5772/5772 5770/5770 5769/5769
usemtl Surface_3
f 5771/5771 5770/5770 5772/5772
usemtl Surface_3
f 5776/5776 5774/5774 5773/5773
usemtl Surface_3
f 5775/5775 5774/5774 5776/5776
usemtl Surface_3
f 5780/5780 5778/5778 5777/5777
usemtl Surface_3
f 5779/5779 5778/5778 5780/5780
usemtl Surface_3
f 5784/5784 5782/5782 5781/5781
usemtl Surface_3
f 5783/5783 5782/5782 5784/5784
usemtl Surface_3
f 5788/5788 5786/5786 5785/5785
usemtl Surface_3
f 5787/5787 5786/5786 5788/5788
usemtl Surface_3
f 5792/5792 5790/5790 5789/5789
usemtl Surface_3
f 5791/5791 5790/5790 5792/5792
usemtl Surface_3
f 5796/5796 5794/5794 5793/5793
usemtl Surface_3
f 5795/5795 5794/5794 5796/5796
usemtl Surface_3
f 5800/5800 5798/5798 5797/5797
usemtl Surface_3
f 5799/5799 5798/5798 5800/5800
usemtl Surface_3
f 5804/5804 5802/5802 5801/5801
usemtl Surface_3
f 5803/5803 5802/5802 5804/5804
usemtl Surface_3
f 5808/5808 5806/5806 5805/5805
usemtl Surface_3
f 5807/5807 5806/5806 5808/5808
usemtl Surface_3
f 5809/5809 5811/5811 5810/5810
usemtl Surface_3
f 5812/5812 5814/5814 5813/5813
usemtl Surface_3
f 5815/5815 5817/5817 5816/5816
usemtl Surface_3
f 5818/5818 5820/5820 5819/5819
usemtl Surface_3
f 5821/5821 5823/5823 5822/5822
usemtl Surface_3
f 5824/5824 5826/5826 5825/5825
usemtl Surface_3
f 5827/5827 5829/5829 5828/5828
usemtl Surface_3
f 5830/5830 5832/5832 5831/5831
usemtl Surface_3
f 5833/5833 5835/5835 5834/5834
usemtl Surface_3
f 5836/5836 5838/5838 5837/5837
usemtl Surface_3
f 5839/5839 5841/5841 5840/5840
usemtl Surface_3
f 5842/5842 5844/5844 5843/5843
usemtl Surface_3
f 5845/5845 5847/5847 5846/5846
usemtl Surface_3
f 5848/5848 5850/5850 5849/5849
usemtl Surface_3
f 5851/5851 5853/5853 5852/5852
usemtl Surface_3
f 5854/5854 5856/5856 5855/5855
usemtl Surface_3
f 5857/5857 5859/5859 5858/5858
usemtl Surface_3
f 5860/5860 5862/5862 5861/5861
usemtl Surface_3
f 5863/5863 5865/5865 5864/5864
usemtl Surface_3
f 5866/5866 5868/5868 5867/5867
usemtl Surface_3
f 5869/5869 5871/5871 5870/5870
usemtl Surface_3
f 5872/5872 5874/5874 5873/5873
usemtl Surface_3
f 5878/5878 5876/5876 5875/5875
usemtl Surface_3
f 5877/5877 5876/5876 5878/5878
usemtl Surface_3
f 5882/5882 5880/5880 5879/5879
usemtl Surface_3
f 5881/5881 5880/5880 5882/5882
usemtl Surface_3
f 5886/5886 5884/5884 5883/5883
usemtl Surface_3
f 5885/5885 5884/5884 5886/5886
usemtl Surface_3
f 5890/5890 5888/5888 5887/5887
usemtl Surface_3
f 5889/5889 5888/5888 5890/5890
usemtl Surface_3
f 5894/5894 5892/5892 5891/5891
usemtl Surface_3
f 5893/5893 5892/5892 5894/5894
usemtl Surface_3
f 5898/5898 5896/5896 5895/5895
usemtl Surface_3
f 5897/5897 5896/5896 5898/5898
usemtl Surface_3
f 5902/5902 5900/5900 5899/5899
usemtl Surface_3
f 5901/5901 5900/5900 5902/5902
usemtl Surface_3
f 5906/5906 5904/5904 5903/5903
usemtl Surface_3
f 5905/5905 5904/5904 5906/5906
usemtl Surface_3
f 5910/5910 5908/5908 5907/5907
usemtl Surface_3
f 5909/5909 5908/5908 5910/5910
usemtl Surface_3
f 5914/5914 5912/5912 5911/5911
usemtl Surface_3
f 5913/5913 5912/5912 5914/5914
usemtl Surface_3
f 5918/5918 5916/5916 5915/5915
usemtl Surface_3
f 5917/5917 5916/5916 5918/5918
usemtl Surface_3
f 5922/5922 5920/5920 5919/5919
usemtl Surface_3
f 5921/5921 5920/5920 5922/5922
usemtl Surface_3
f 5926/5926 5924/5924 5923/5923
usemtl Surface_3
f 5925/5925 5924/5924 5926/5926
usemtl Surface_3
f 5930/5930 5928/5928 5927/5927
usemtl Surface_3
f 5929/5929 5928/5928 5930/5930
usemtl Surface_3
f 5934/5934 5932/5932 5931/5931
usemtl Surface_3
f 5933/5933 5932/5932 5934/5934
usemtl Surface_3
f 5938/5938 5936/5936 5935/5935
usemtl Surface_3
f 5937/5937 5936/5936 5938/5938
usemtl Surface_3
f 5942/5942 5940/5940 5939/5939
usemtl Surface_3
f 5941/5941 5940/5940 5942/5942
usemtl Surface_3
f 5946/5946 5944/5944 5943/5943
usemtl Surface_3
f 5945/5945 5944/5944 5946/5946
usemtl Surface_3
f 5950/5950 5948/5948 5947/5947
usemtl Surface_3
f 5949/5949 5948/5948 5950/5950
usemtl Surface_3
f 5954/5954 5952/5952 5951/5951
usemtl Surface_3
f 5953/5953 5952/5952 5954/5954
usemtl Surface_3
f 5958/5958 5956/5956 5955/5955
usemtl Surface_3
f 5957/5957 5956/5956 5958/5958
usemtl Surface_3
f 5962/5962 5960/5960 5959/5959
usemtl Surface_3
f 5961/5961 5960/5960 5962/5962
usemtl Surface_3
f 5966/5966 5964/5964 5963/5963
usemtl Surface_3
f 5965/5965 5964/5964 5966/5966
usemtl Surface_3
f 5970/5970 5968/5968 5967/5967
usemtl Surface_3
f 5969/5969 5968/5968 5970/5970
usemtl Surface_3
f 5974/5974 5972/5972 5971/5971
usemtl Surface_3
f 5973/5973 5972/5972 5974/5974
usemtl Surface_3
f 5978/5978 5976/5976 5975/5975
usemtl Surface_3
f 5977/5977 5976/5976 5978/5978
usemtl Surface_3
f 5982/5982 5980/5980 5979/5979
usemtl Surface_3
f 5981/5981 5980/5980 5982/5982
usemtl Surface_3
f 5986/5986 5984/5984 5983/5983
usemtl Surface_3
f 5985/5985 5984/5984 5986/5986
usemtl Surface_3
f 5990/5990 5988/5988 5987/5987
usemtl Surface_3
f 5989/5989 5988/5988 5990/5990
usemtl Surface_3
f 5994/5994 5992/5992 5991/5991
usemtl Surface_3
f 5993/5993 5992/5992 5994/5994
usemtl Surface_3
f 5998/5998 5996/5996 5995/5995
usemtl Surface_3
f 5997/5997 5996/5996 5998/5998
usemtl Surface_3
f 6002/6002 6000/6000 5999/5999
usemtl Surface_3
f 6001/6001 6000/6000 6002/6002
usemtl Surface_3
f 6006/6006 6004/6004 6003/6003
usemtl Surface_3
f 6005/6005 6004/6004 6006/6006
usemtl Surface_3
f 6010/6010 6008/6008 6007/6007
usemtl Surface_3
f 6009/6009 6008/6008 6010/6010
usemtl Surface_3
f 6014/6014 6012/6012 6011/6011
usemtl Surface_3
f 6013/6013 6012/6012 6014/6014
usemtl Surface_3
f 6018/6018 6016/6016 6015/6015
usemtl Surface_3
f 6017/6017 6016/6016 6018/6018
usemtl Surface_3
f 6022/6022 6020/6020 6019/6019
usemtl Surface_3
f 6021/6021 6020/6020 6022/6022
usemtl Surface_3
f 6026/6026 6024/6024 6023/6023
usemtl Surface_3
f 6025/6025 6024/6024 6026/6026
usemtl Surface_3
f 6030/6030 6028/6028 6027/6027
usemtl Surface_3
f 6029/6029 6028/6028 6030/6030
usemtl Surface_3
f 6034/6034 6032/6032 6031/6031
usemtl Surface_3
f 6033/6033 6032/6032 6034/6034
usemtl Surface_3
f 6038/6038 6036/6036 6035/6035
usemtl Surface_3
f 6037/6037 6036/6036 6038/6038
usemtl Surface_3
f 6042/6042 6040/6040 6039/6039
usemtl Surface_3
f 6041/6041 6040/6040 6042/6042
usemtl Surface_3
f 6046/6046 6044/6044 6043/6043
usemtl Surface_3
f 6045/6045 6044/6044 6046/6046
usemtl Surface_3
f 6050/6050 6048/6048 6047/6047
usemtl Surface_3
f 6049/6049 6048/6048 6050/6050
usemtl Surface_3
f 6054/6054 6052/6052 6051/6051
usemtl Surface_3
f 6053/6053 6052/6052 6054/6054
usemtl Surface_3
f 6058/6058 6056/6056 6055/6055
usemtl Surface_3
f 6057/6057 6056/6056 6058/6058
usemtl Surface_3
f 6062/6062 6060/6060 6059/6059
usemtl Surface_3
f 6061/6061 6060/6060 6062/6062
usemtl Surface_3
f 6066/6066 6064/6064 6063/6063
usemtl Surface_3
f 6065/6065 6064/6064 6066/6066
usemtl Surface_3
f 6070/6070 6068/6068 6067/6067
usemtl Surface_3
f 6069/6069 6068/6068 6070/6070
usemtl Surface_3
f 6074/6074 6072/6072 6071/6071
usemtl Surface_3
f 6073/6073 6072/6072 6074/6074
usemtl Surface_3
f 6078/6078 6076/6076 6075/6075
usemtl Surface_3
f 6077/6077 6076/6076 6078/6078
usemtl Surface_3
f 6082/6082 6080/6080 6079/6079
usemtl Surface_3
f 6081/6081 6080/6080 6082/6082
usemtl Surface_3
f 6086/6086 6084/6084 6083/6083
usemtl Surface_3
f 6085/6085 6084/6084 6086/6086
usemtl Surface_3
f 6090/6090 6088/6088 6087/6087
usemtl Surface_3
f 6089/6089 6088/6088 6090/6090
usemtl Surface_3
f 6094/6094 6092/6092 6091/6091
usemtl Surface_3
f 6093/6093 6092/6092 6094/6094
usemtl Surface_3
f 6098/6098 6096/6096 6095/6095
usemtl Surface_3
f 6097/6097 6096/6096 6098/6098
usemtl Surface_3
f 6102/6102 6100/6100 6099/6099
usemtl Surface_3
f 6101/6101 6100/6100 6102/6102
usemtl Surface_3
f 6106/6106 6104/6104 6103/6103
usemtl Surface_3
f 6105/6105 6104/6104 6106/6106
usemtl Surface_3
f 6110/6110 6108/6108 6107/6107
usemtl Surface_3
f 6109/6109 6108/6108 6110/6110
usemtl Surface_3
f 6114/6114 6112/6112 6111/6111
usemtl Surface_3
f 6113/6113 6112/6112 6114/6114
usemtl Surface_3
f 6118/6118 6116/6116 6115/6115
usemtl Surface_3
f 6117/6117 6116/6116 6118/6118
usemtl Surface_3
f 6122/6122 6120/6120 6119/6119
usemtl Surface_3
f 6121/6121 6120/6120 6122/6122
usemtl Surface_3
f 6126/6126 6124/6124 6123/6123
usemtl Surface_3
f 6125/6125 6124/6124 6126/6126
usemtl Surface_3
f 6130/6130 6128/6128 6127/6127
usemtl Surface_3
f 6129/6129 6128/6128 6130/6130
usemtl Surface_3
f 6134/6134 6132/6132 6131/6131
usemtl Surface_3
f 6133/6133 6132/6132 6134/6134
usemtl Surface_3
f 6138/6138 6136/6136 6135/6135
usemtl Surface_3
f 6137/6137 6136/6136 6138/6138
usemtl Surface_3
f 6142/6142 6140/6140 6139/6139
usemtl Surface_3
f 6141/6141 6140/6140 6142/6142
usemtl Surface_3
f 6146/6146 6144/6144 6143/6143
usemtl Surface_3
f 6145/6145 6144/6144 6146/6146
usemtl Surface_3
f 6150/6150 6148/6148 6147/6147
usemtl Surface_3
f 6149/6149 6148/6148 6150/6150
usemtl Surface_3
f 6154/6154 6152/6152 6151/6151
usemtl Surface_3
f 6153/6153 6152/6152 6154/6154
usemtl Surface_3
f 6158/6158 6156/6156 6155/6155
usemtl Surface_3
f 6157/6157 6156/6156 6158/6158
usemtl Surface_3
f 6162/6162 6160/6160 6159/6159
usemtl Surface_3
f 6161/6161 6160/6160 6162/6162
usemtl Surface_3
f 6163/6163 6165/6165 6164/6164
usemtl Surface_3
f 6166/6166 6168/6168 6167/6167
usemtl Surface_3
f 6169/6169 6171/6171 6170/6170
usemtl Surface_3
f 6172/6172 6174/6174 6173/6173
usemtl Surface_3
f 6175/6175 6177/6177 6176/6176
usemtl Surface_3
f 6178/6178 6180/6180 6179/6179
usemtl Surface_3
f 6181/6181 6183/6183 6182/6182
usemtl Surface_3
f 6184/6184 6186/6186 6185/6185
usemtl Surface_3
f 6187/6187 6189/6189 6188/6188
usemtl Surface_3
f 6190/6190 6192/6192 6191/6191
usemtl Surface_3
f 6193/6193 6195/6195 6194/6194
usemtl Surface_3
f 6196/6196 6198/6198 6197/6197
usemtl Surface_4
f 6202/6202 6200/6200 6199/6199
usemtl Surface_4
f 6201/6201 6200/6200 6202/6202
usemtl Surface_4
f 6206/6206 6204/6204 6203/6203
usemtl Surface_4
f 6205/6205 6204/6204 6206/6206
usemtl Surface_4
f 6210/6210 6208/6208 6207/6207
usemtl Surface_4
f 6209/6209 6208/6208 6210/6210
usemtl Surface_4
f 6214/6214 6212/6212 6211/6211
usemtl Surface_4
f 6213/6213 6212/6212 6214/6214
usemtl Surface_4
f 6218/6218 6216/6216 6215/6215
usemtl Surface_4
f 6217/6217 6216/6216 6218/6218
usemtl Surface_4
f 6222/6222 6220/6220 6219/6219
usemtl Surface_4
f 6221/6221 6220/6220 6222/6222
usemtl Surface_4
f 6226/6226 6224/6224 6223/6223
usemtl Surface_4
f 6225/6225 6224/6224 6226/6226
usemtl Surface_4
f 6230/6230 6228/6228 6227/6227
usemtl Surface_4
f 6229/6229 6228/6228 6230/6230
usemtl Surface_4
f 6234/6234 6232/6232 6231/6231
usemtl Surface_4
f 6233/6233 6232/6232 6234/6234
usemtl Surface_4
f 6238/6238 6236/6236 6235/6235
usemtl Surface_4
f 6237/6237 6236/6236 6238/6238
usemtl Surface_4
f 6242/6242 6240/6240 6239/6239
usemtl Surface_4
f 6241/6241 6240/6240 6242/6242
usemtl Surface_4
f 6246/6246 6244/6244 6243/6243
usemtl Surface_4
f 6245/6245 6244/6244 6246/6246
usemtl Surface_4
f 6250/6250 6248/6248 6247/6247
usemtl Surface_4
f 6249/6249 6248/6248 6250/6250
usemtl Surface_4
f 6254/6254 6252/6252 6251/6251
usemtl Surface_4
f 6253/6253 6252/6252 6254/6254
usemtl Surface_4
f 6258/6258 6256/6256 6255/6255
usemtl Surface_4
f 6257/6257 6256/6256 6258/6258
usemtl Surface_4
f 6262/6262 6260/6260 6259/6259
usemtl Surface_4
f 6261/6261 6260/6260 6262/6262
usemtl Surface_4
f 6266/6266 6264/6264 6263/6263
usemtl Surface_4
f 6265/6265 6264/6264 6266/6266
usemtl Surface_4
f 6270/6270 6268/6268 6267/6267
usemtl Surface_4
f 6269/6269 6268/6268 6270/6270
usemtl Surface_4
f 6274/6274 6272/6272 6271/6271
usemtl Surface_4
f 6273/6273 6272/6272 6274/6274
usemtl Surface_4
f 6278/6278 6276/6276 6275/6275
usemtl Surface_4
f 6277/6277 6276/6276 6278/6278
usemtl Surface_4
f 6298/6298 6280/6280 6279/6279
usemtl Surface_4
f 6297/6297 6280/6280 6298/6298
usemtl Surface_4
f 6296/6296 6280/6280 6297/6297
usemtl Surface_4
f 6295/6295 6280/6280 6296/6296
usemtl Surface_4
f 6294/6294 6280/6280 6295/6295
usemtl Surface_4
f 6293/6293 6280/6280 6294/6294
usemtl Surface_4
f 6292/6292 6280/6280 6293/6293
usemtl Surface_4
f 6291/6291 6280/6280 6292/6292
usemtl Surface_4
f 6290/6290 6280/6280 6291/6291
usemtl Surface_4
f 6289/6289 6280/6280 6290/6290
usemtl Surface_4
f 6288/6288 6280/6280 6289/6289
usemtl Surface_4
f 6287/6287 6280/6280 6288/6288
usemtl Surface_4
f 6286/6286 6280/6280 6287/6287
usemtl Surface_4
f 6285/6285 6280/6280 6286/6286
usemtl Surface_4
f 6284/6284 6280/6280 6285/6285
usemtl Surface_4
f 6283/6283 6280/6280 6284/6284
usemtl Surface_4
f 6282/6282 6280/6280 6283/6283
usemtl Surface_4
f 6281/6281 6280/6280 6282/6282
usemtl Surface_4
f 6318/6318 6300/6300 6299/6299
usemtl Surface_4
f 6317/6317 6300/6300 6318/6318
usemtl Surface_4
f 6316/6316 6300/6300 6317/6317
usemtl Surface_4
f 6315/6315 6300/6300 6316/6316
usemtl Surface_4
f 6314/6314 6300/6300 6315/6315
usemtl Surface_4
f 6313/6313 6300/6300 6314/6314
usemtl Surface_4
f 6312/6312 6300/6300 6313/6313
usemtl Surface_4
f 6311/6311 6300/6300 6312/6312
usemtl Surface_4
f 6310/6310 6300/6300 6311/6311
usemtl Surface_4
f 6309/6309 6300/6300 6310/6310
usemtl Surface_4
f 6308/6308 6300/6300 6309/6309
usemtl Surface_4
f 6307/6307 6300/6300 6308/6308
usemtl Surface_4
f 6306/6306 6300/6300 6307/6307
usemtl Surface_4
f 6305/6305 6300/6300 6306/6306
usemtl Surface_4
f 6304/6304 6300/6300 6305/6305
usemtl Surface_4
f 6303/6303 6300/6300 6304/6304
usemtl Surface_4
f 6302/6302 6300/6300 6303/6303
usemtl Surface_4
f 6301/6301 6300/6300 6302/6302
usemtl Surface_4
f 6322/6322 6320/6320 6319/6319
usemtl Surface_4
f 6321/6321 6320/6320 6322/6322
usemtl Surface_4
f 6326/6326 6324/6324 6323/6323
usemtl Surface_4
f 6325/6325 6324/6324 6326/6326
usemtl Surface_4
f 6330/6330 6328/6328 6327/6327
usemtl Surface_4
f 6329/6329 6328/6328 6330/6330
usemtl Surface_4
f 6334/6334 6332/6332 6331/6331
usemtl Surface_4
f 6333/6333 6332/6332 6334/6334
usemtl Surface_4
f 6338/6338 6336/6336 6335/6335
usemtl Surface_4
f 6337/6337 6336/6336 6338/6338
usemtl Surface_4
f 6342/6342 6340/6340 6339/6339
usemtl Surface_4
f 6341/6341 6340/6340 6342/6342
usemtl Surface_4
f 6346/6346 6344/6344 6343/6343
usemtl Surface_4
f 6345/6345 6344/6344 6346/6346
usemtl Surface_4
f 6350/6350 6348/6348 6347/6347
usemtl Surface_4
f 6349/6349 6348/6348 6350/6350
usemtl Surface_4
f 6354/6354 6352/6352 6351/6351
usemtl Surface_4
f 6353/6353 6352/6352 6354/6354
usemtl Surface_4
f 6358/6358 6356/6356 6355/6355
usemtl Surface_4
f 6357/6357 6356/6356 6358/6358
usemtl Surface_4
f 6362/6362 6360/6360 6359/6359
usemtl Surface_4
f 6361/6361 6360/6360 6362/6362
usemtl Surface_4
f 6366/6366 6364/6364 6363/6363
usemtl Surface_4
f 6365/6365 6364/6364 6366/6366
usemtl Surface_4
f 6370/6370 6368/6368 6367/6367
usemtl Surface_4
f 6369/6369 6368/6368 6370/6370
usemtl Surface_4
f 6374/6374 6372/6372 6371/6371
usemtl Surface_4
f 6373/6373 6372/6372 6374/6374
usemtl Surface_4
f 6378/6378 6376/6376 6375/6375
usemtl Surface_4
f 6377/6377 6376/6376 6378/6378
usemtl Surface_4
f 6382/6382 6380/6380 6379/6379
usemtl Surface_4
f 6381/6381 6380/6380 6382/6382
usemtl Surface_4
f 6386/6386 6384/6384 6383/6383
usemtl Surface_4
f 6385/6385 6384/6384 6386/6386
usemtl Surface_4
f 6390/6390 6388/6388 6387/6387
usemtl Surface_4
f 6389/6389 6388/6388 6390/6390
usemtl Surface_4
f 6394/6394 6392/6392 6391/6391
usemtl Surface_4
f 6393/6393 6392/6392 6394/6394
usemtl Surface_4
f 6398/6398 6396/6396 6395/6395
usemtl Surface_4
f 6397/6397 6396/6396 6398/6398
usemtl Surface_4
f 6418/6418 6400/6400 6399/6399
usemtl Surface_4
f 6417/6417 6400/6400 6418/6418
usemtl Surface_4
f 6416/6416 6400/6400 6417/6417
usemtl Surface_4
f 6415/6415 6400/6400 6416/6416
usemtl Surface_4
f 6414/6414 6400/6400 6415/6415
usemtl Surface_4
f 6413/6413 6400/6400 6414/6414
usemtl Surface_4
f 6412/6412 6400/6400 6413/6413
usemtl Surface_4
f 6411/6411 6400/6400 6412/6412
usemtl Surface_4
f 6410/6410 6400/6400 6411/6411
usemtl Surface_4
f 6409/6409 6400/6400 6410/6410
usemtl Surface_4
f 6408/6408 6400/6400 6409/6409
usemtl Surface_4
f 6407/6407 6400/6400 6408/6408
usemtl Surface_4
f 6406/6406 6400/6400 6407/6407
usemtl Surface_4
f 6405/6405 6400/6400 6406/6406
usemtl Surface_4
f 6404/6404 6400/6400 6405/6405
usemtl Surface_4
f 6403/6403 6400/6400 6404/6404
usemtl Surface_4
f 6402/6402 6400/6400 6403/6403
usemtl Surface_4
f 6401/6401 6400/6400 6402/6402
usemtl Surface_4
f 6438/6438 6420/6420 6419/6419
usemtl Surface_4
f 6437/6437 6420/6420 6438/6438
usemtl Surface_4
f 6436/6436 6420/6420 6437/6437
usemtl Surface_4
f 6435/6435 6420/6420 6436/6436
usemtl Surface_4
f 6434/6434 6420/6420 6435/6435
usemtl Surface_4
f 6433/6433 6420/6420 6434/6434
usemtl Surface_4
f 6432/6432 6420/6420 6433/6433
usemtl Surface_4
f 6431/6431 6420/6420 6432/6432
usemtl Surface_4
f 6430/6430 6420/6420 6431/6431
usemtl Surface_4
f 6429/6429 6420/6420 6430/6430
usemtl Surface_4
f 6428/6428 6420/6420 6429/6429
usemtl Surface_4
f 6427/6427 6420/6420 6428/6428
usemtl Surface_4
f 6426/6426 6420/6420 6427/6427
usemtl Surface_4
f 6425/6425 6420/6420 6426/6426
usemtl Surface_4
f 6424/6424 6420/6420 6425/6425
usemtl Surface_4
f 6423/6423 6420/6420 6424/6424
usemtl Surface_4
f 6422/6422 6420/6420 6423/6423
usemtl Surface_4
f 6421/6421 6420/6420 6422/6422
usemtl Surface_0
f 6446/6446 6440/6440 6439/6439
usemtl Surface_0
f 6445/6445 6440/6440 6446/6446
usemtl Surface_0
f 6444/6444 6440/6440 6445/6445
usemtl Surface_0
f 6443/6443 6440/6440 6444/6444
usemtl Surface_0
f 6442/6442 6440/6440 6443/6443
usemtl Surface_0
f 6441/6441 6440/6440 6442/6442
usemtl Surface_0
f 6454/6454 6448/6448 6447/6447
usemtl Surface_0
f 6453/6453 6448/6448 6454/6454
usemtl Surface_0
f 6452/6452 6448/6448 6453/6453
usemtl Surface_0
f 6451/6451 6448/6448 6452/6452
usemtl Surface_0
f 6450/6450 6448/6448 6451/6451
usemtl Surface_0
f 6449/6449 6448/6448 6450/6450
usemtl Surface_0
f 6458/6458 6456/6456 6455/6455
usemtl Surface_0
f 6457/6457 6456/6456 6458/6458
usemtl Surface_1
f 6462/6462 6460/6460 6459/6459
usemtl Surface_1
f 6461/6461 6460/6460 6462/6462
usemtl Surface_0
f 6466/6466 6464/6464 6463/6463
usemtl Surface_0
f 6465/6465 6464/6464 6466/6466
usemtl Surface_1
f 6470/6470 6468/6468 6467/6467
usemtl Surface_1
f 6469/6469 6468/6468 6470/6470
usemtl Surface_0
f 6474/6474 6472/6472 6471/6471
usemtl Surface_0
f 6473/6473 6472/6472 6474/6474
usemtl Surface_1
f 6478/6478 6476/6476 6475/6475
usemtl Surface_1
f 6477/6477 6476/6476 6478/6478
usemtl Surface_0
f 6482/6482 6480/6480 6479/6479
usemtl Surface_0
f 6481/6481 6480/6480 6482/6482
usemtl Surface_1
f 6486/6486 6484/6484 6483/6483
usemtl Surface_1
f 6485/6485 6484/6484 6486/6486
usemtl Surface_0
f 6490/6490 6488/6488 6487/6487
usemtl Surface_0
f 6489/6489 6488/6488 6490/6490
usemtl Surface_1
f 6494/6494 6492/6492 6491/6491
usemtl Surface_1
f 6493/6493 6492/6492 6494/6494
usemtl Surface_0
f 6498/6498 6496/6496 6495/6495
usemtl Surface_0
f 6497/6497 6496/6496 6498/6498
usemtl Surface_1
f 6502/6502 6500/6500 6499/6499
usemtl Surface_1
f 6501/6501 6500/6500 6502/6502
usemtl Surface_0
f 6506/6506 6504/6504 6503/6503
usemtl Surface_0
f 6505/6505 6504/6504 6506/6506
usemtl Surface_1
f 6510/6510 6508/6508 6507/6507
usemtl Surface_1
f 6509/6509 6508/6508 6510/6510
usemtl Surface_0
f 6514/6514 6512/6512 6511/6511
usemtl Surface_0
f 6513/6513 6512/6512 6514/6514
usemtl Surface_1
f 6518/6518 6516/6516 6515/6515
usemtl Surface_1
f 6517/6517 6516/6516 6518/6518
usemtl Surface_2
f 6522/6522 6520/6520 6519/6519
usemtl Surface_2
f 6521/6521 6520/6520 6522/6522
usemtl Surface_2
f 6526/6526 6524/6524 6523/6523
usemtl Surface_2
f 6525/6525 6524/6524 6526/6526
usemtl Surface_2
f 6530/6530 6528/6528 6527/6527
usemtl Surface_2
f 6529/6529 6528/6528 6530/6530
usemtl Surface_2
f 6534/6534 6532/6532 6531/6531
usemtl Surface_2
f 6533/6533 6532/6532 6534/6534
usemtl Surface_2
f 6538/6538 6536/6536 6535/6535
usemtl Surface_2
f 6537/6537 6536/6536 6538/6538
usemtl Surface_2
f 6542/6542 6540/6540 6539/6539
usemtl Surface_2
f 6541/6541 6540/6540 6542/6542
usemtl Surface_2
f 6546/6546 6544/6544 6543/6543
usemtl Surface_2
f 6545/6545 6544/6544 6546/6546
usemtl Surface_2
f 6550/6550 6548/6548 6547/6547
usemtl Surface_2
f 6549/6549 6548/6548 6550/6550
usemtl Surface_2
f 6554/6554 6552/6552 6551/6551
usemtl Surface_2
f 6553/6553 6552/6552 6554/6554
usemtl Surface_2
f 6558/6558 6556/6556 6555/6555
usemtl Surface_2
f 6557/6557 6556/6556 6558/6558
usemtl Surface_2
f 6562/6562 6560/6560 6559/6559
usemtl Surface_2
f 6561/6561 6560/6560 6562/6562
usemtl Surface_2
f 6566/6566 6564/6564 6563/6563
usemtl Surface_2
f 6565/6565 6564/6564 6566/6566
usemtl Surface_2
f 6570/6570 6568/6568 6567/6567
usemtl Surface_2
f 6569/6569 6568/6568 6570/6570
usemtl Surface_2
f 6574/6574 6572/6572 6571/6571
usemtl Surface_2
f 6573/6573 6572/6572 6574/6574
usemtl Surface_2
f 6578/6578 6576/6576 6575/6575
usemtl Surface_2
f 6577/6577 6576/6576 6578/6578
usemtl Surface_2
f 6582/6582 6580/6580 6579/6579
usemtl Surface_2
f 6581/6581 6580/6580 6582/6582
usemtl Surface_2
f 6586/6586 6584/6584 6583/6583
usemtl Surface_2
f 6585/6585 6584/6584 6586/6586
usemtl Surface_2
f 6590/6590 6588/6588 6587/6587
usemtl Surface_2
f 6589/6589 6588/6588 6590/6590
usemtl Surface_2
f 6591/6591 6593/6593 6592/6592
usemtl Surface_2
f 6594/6594 6596/6596 6595/6595
usemtl Surface_2
f 6597/6597 6599/6599 6598/6598
usemtl Surface_2
f 6600/6600 6602/6602 6601/6601
usemtl Surface_2
f 6603/6603 6605/6605 6604/6604
usemtl Surface_2
f 6606/6606 6608/6608 6607/6607
usemtl Surface_2
f 6609/6609 6611/6611 6610/6610
usemtl Surface_2
f 6612/6612 6614/6614 6613/6613
usemtl Surface_2
f 6618/6618 6616/6616 6615/6615
usemtl Surface_2
f 6617/6617 6616/6616 6618/6618
usemtl Surface_2
f 6622/6622 6620/6620 6619/6619
usemtl Surface_2
f 6621/6621 6620/6620 6622/6622
usemtl Surface_2
f 6626/6626 6624/6624 6623/6623
usemtl Surface_2
f 6625/6625 6624/6624 6626/6626
usemtl Surface_2
f 6630/6630 6628/6628 6627/6627
usemtl Surface_2
f 6629/6629 6628/6628 6630/6630
usemtl Surface_2
f 6634/6634 6632/6632 6631/6631
usemtl Surface_2
f 6633/6633 6632/6632 6634/6634
usemtl Surface_2
f 6638/6638 6636/6636 6635/6635
usemtl Surface_2
f 6637/6637 6636/6636 6638/6638
usemtl Surface_2
f 6642/6642 6640/6640 6639/6639
usemtl Surface_2
f 6641/6641 6640/6640 6642/6642
usemtl Surface_2
f 6646/6646 6644/6644 6643/6643
usemtl Surface_2
f 6645/6645 6644/6644 6646/6646
usemtl Surface_2
f 6650/6650 6648/6648 6647/6647
usemtl Surface_2
f 6649/6649 6648/6648 6650/6650
usemtl Surface_2
f 6654/6654 6652/6652 6651/6651
usemtl Surface_2
f 6653/6653 6652/6652 6654/6654
usemtl Surface_2
f 6658/6658 6656/6656 6655/6655
usemtl Surface_2
f 6657/6657 6656/6656 6658/6658
usemtl Surface_2
f 6662/6662 6660/6660 6659/6659
usemtl Surface_2
f 6661/6661 6660/6660 6662/6662
usemtl Surface_2
f 6666/6666 6664/6664 6663/6663
usemtl Surface_2
f 6665/6665 6664/6664 6666/6666
usemtl Surface_2
f 6670/6670 6668/6668 6667/6667
usemtl Surface_2
f 6669/6669 6668/6668 6670/6670
usemtl Surface_2
f 6674/6674 6672/6672 6671/6671
usemtl Surface_2
f 6673/6673 6672/6672 6674/6674
usemtl Surface_2
f 6678/6678 6676/6676 6675/6675
usemtl Surface_2
f 6677/6677 6676/6676 6678/6678
usemtl Surface_2
f 6682/6682 6680/6680 6679/6679
usemtl Surface_2
f 6681/6681 6680/6680 6682/6682
usemtl Surface_2
f 6686/6686 6684/6684 6683/6683
usemtl Surface_2
f 6685/6685 6684/6684 6686/6686
usemtl Surface_2
f 6687/6687 6689/6689 6688/6688
usemtl Surface_2
f 6690/6690 6692/6692 6691/6691
usemtl Surface_2
f 6693/6693 6695/6695 6694/6694
usemtl Surface_2
f 6696/6696 6698/6698 6697/6697
usemtl Surface_2
f 6699/6699 6701/6701 6700/6700
usemtl Surface_2
f 6702/6702 6704/6704 6703/6703
usemtl Surface_2
f 6705/6705 6707/6707 6706/6706
usemtl Surface_2
f 6708/6708 6710/6710 6709/6709
usemtl Surface_2
f 6714/6714 6712/6712 6711/6711
usemtl Surface_2
f 6713/6713 6712/6712 6714/6714
usemtl Surface_2
f 6718/6718 6716/6716 6715/6715
usemtl Surface_2
f 6717/6717 6716/6716 6718/6718
usemtl Surface_2
f 6722/6722 6720/6720 6719/6719
usemtl Surface_2
f 6721/6721 6720/6720 6722/6722
usemtl Surface_2
f 6726/6726 6724/6724 6723/6723
usemtl Surface_2
f 6725/6725 6724/6724 6726/6726
usemtl Surface_2
f 6730/6730 6728/6728 6727/6727
usemtl Surface_2
f 6729/6729 6728/6728 6730/6730
usemtl Surface_2
f 6734/6734 6732/6732 6731/6731
usemtl Surface_2
f 6733/6733 6732/6732 6734/6734
usemtl Surface_2
f 6738/6738 6736/6736 6735/6735
usemtl Surface_2
f 6737/6737 6736/6736 6738/6738
usemtl Surface_2
f 6742/6742 6740/6740 6739/6739
usemtl Surface_2
f 6741/6741 6740/6740 6742/6742
usemtl Surface_2
f 6746/6746 6744/6744 6743/6743
usemtl Surface_2
f 6745/6745 6744/6744 6746/6746
usemtl Surface_2
f 6750/6750 6748/6748 6747/6747
usemtl Surface_2
f 6749/6749 6748/6748 6750/6750
usemtl Surface_2
f 6754/6754 6752/6752 6751/6751
usemtl Surface_2
f 6753/6753 6752/6752 6754/6754
usemtl Surface_2
f 6758/6758 6756/6756 6755/6755
usemtl Surface_2
f 6757/6757 6756/6756 6758/6758
usemtl Surface_2
f 6762/6762 6760/6760 6759/6759
usemtl Surface_2
f 6761/6761 6760/6760 6762/6762
usemtl Surface_2
f 6766/6766 6764/6764 6763/6763
usemtl Surface_2
f 6765/6765 6764/6764 6766/6766
usemtl Surface_2
f 6770/6770 6768/6768 6767/6767
usemtl Surface_2
f 6769/6769 6768/6768 6770/6770
usemtl Surface_2
f 6774/6774 6772/6772 6771/6771
usemtl Surface_2
f 6773/6773 6772/6772 6774/6774
usemtl Surface_2
f 6778/6778 6776/6776 6775/6775
usemtl Surface_2
f 6777/6777 6776/6776 6778/6778
usemtl Surface_2
f 6782/6782 6780/6780 6779/6779
usemtl Surface_2
f 6781/6781 6780/6780 6782/6782
usemtl Surface_2
f 6783/6783 6785/6785 6784/6784
usemtl Surface_2
f 6786/6786 6788/6788 6787/6787
usemtl Surface_2
f 6789/6789 6791/6791 6790/6790
usemtl Surface_2
f 6792/6792 6794/6794 6793/6793
usemtl Surface_2
f 6795/6795 6797/6797 6796/6796
usemtl Surface_2
f 6798/6798 6800/6800 6799/6799
usemtl Surface_2
f 6801/6801 6803/6803 6802/6802
usemtl Surface_2
f 6804/6804 6806/6806 6805/6805
usemtl Surface_2
f 6810/6810 6808/6808 6807/6807
usemtl Surface_2
f 6809/6809 6808/6808 6810/6810
usemtl Surface_2
f 6814/6814 6812/6812 6811/6811
usemtl Surface_2
f 6813/6813 6812/6812 6814/6814
usemtl Surface_2
f 6818/6818 6816/6816 6815/6815
usemtl Surface_2
f 6817/6817 6816/6816 6818/6818
usemtl Surface_2
f 6822/6822 6820/6820 6819/6819
usemtl Surface_2
f 6821/6821 6820/6820 6822/6822
usemtl Surface_2
f 6826/6826 6824/6824 6823/6823
usemtl Surface_2
f 6825/6825 6824/6824 6826/6826
usemtl Surface_2
f 6830/6830 6828/6828 6827/6827
usemtl Surface_2
f 6829/6829 6828/6828 6830/6830
usemtl Surface_2
f 6834/6834 6832/6832 6831/6831
usemtl Surface_2
f 6833/6833 6832/6832 6834/6834
usemtl Surface_2
f 6838/6838 6836/6836 6835/6835
usemtl Surface_2
f 6837/6837 6836/6836 6838/6838
usemtl Surface_2
f 6842/6842 6840/6840 6839/6839
usemtl Surface_2
f 6841/6841 6840/6840 6842/6842
usemtl Surface_2
f 6846/6846 6844/6844 6843/6843
usemtl Surface_2
f 6845/6845 6844/6844 6846/6846
usemtl Surface_2
f 6850/6850 6848/6848 6847/6847
usemtl Surface_2
f 6849/6849 6848/6848 6850/6850
usemtl Surface_2
f 6854/6854 6852/6852 6851/6851
usemtl Surface_2
f 6853/6853 6852/6852 6854/6854
usemtl Surface_2
f 6858/6858 6856/6856 6855/6855
usemtl Surface_2
f 6857/6857 6856/6856 6858/6858
usemtl Surface_2
f 6862/6862 6860/6860 6859/6859
usemtl Surface_2
f 6861/6861 6860/6860 6862/6862
usemtl Surface_2
f 6866/6866 6864/6864 6863/6863
usemtl Surface_2
f 6865/6865 6864/6864 6866/6866
usemtl Surface_2
f 6870/6870 6868/6868 6867/6867
usemtl Surface_2
f 6869/6869 6868/6868 6870/6870
usemtl Surface_2
f 6874/6874 6872/6872 6871/6871
usemtl Surface_2
f 6873/6873 6872/6872 6874/6874
usemtl Surface_2
f 6878/6878 6876/6876 6875/6875
usemtl Surface_2
f 6877/6877 6876/6876 6878/6878
usemtl Surface_2
f 6879/6879 6881/6881 6880/6880
usemtl Surface_2
f 6882/6882 6884/6884 6883/6883
usemtl Surface_2
f 6885/6885 6887/6887 6886/6886
usemtl Surface_2
f 6888/6888 6890/6890 6889/6889
usemtl Surface_2
f 6891/6891 6893/6893 6892/6892
usemtl Surface_2
f 6894/6894 6896/6896 6895/6895
usemtl Surface_2
f 6897/6897 6899/6899 6898/6898
usemtl Surface_2
f 6900/6900 6902/6902 6901/6901
usemtl Surface_2
f 6906/6906 6904/6904 6903/6903
usemtl Surface_2
f 6905/6905 6904/6904 6906/6906
usemtl Surface_2
f 6910/6910 6908/6908 6907/6907
usemtl Surface_2
f 6909/6909 6908/6908 6910/6910
usemtl Surface_2
f 6914/6914 6912/6912 6911/6911
usemtl Surface_2
f 6913/6913 6912/6912 6914/6914
usemtl Surface_2
f 6918/6918 6916/6916 6915/6915
usemtl Surface_2
f 6917/6917 6916/6916 6918/6918
usemtl Surface_2
f 6922/6922 6920/6920 6919/6919
usemtl Surface_2
f 6921/6921 6920/6920 6922/6922
usemtl Surface_2
f 6926/6926 6924/6924 6923/6923
usemtl Surface_2
f 6925/6925 6924/6924 6926/6926
usemtl Surface_2
f 6930/6930 6928/6928 6927/6927
usemtl Surface_2
f 6929/6929 6928/6928 6930/6930
usemtl Surface_2
f 6934/6934 6932/6932 6931/6931
usemtl Surface_2
f 6933/6933 6932/6932 6934/6934
usemtl Surface_2
f 6938/6938 6936/6936 6935/6935
usemtl Surface_2
f 6937/6937 6936/6936 6938/6938
usemtl Surface_2
f 6942/6942 6940/6940 6939/6939
usemtl Surface_2
f 6941/6941 6940/6940 6942/6942
usemtl Surface_2
f 6946/6946 6944/6944 6943/6943
usemtl Surface_2
f 6945/6945 6944/6944 6946/6946
usemtl Surface_2
f 6950/6950 6948/6948 6947/6947
usemtl Surface_2
f 6949/6949 6948/6948 6950/6950
usemtl Surface_2
f 6954/6954 6952/6952 6951/6951
usemtl Surface_2
f 6953/6953 6952/6952 6954/6954
usemtl Surface_2
f 6958/6958 6956/6956 6955/6955
usemtl Surface_2
f 6957/6957 6956/6956 6958/6958
usemtl Surface_2
f 6962/6962 6960/6960 6959/6959
usemtl Surface_2
f 6961/6961 6960/6960 6962/6962
usemtl Surface_2
f 6966/6966 6964/6964 6963/6963
usemtl Surface_2
f 6965/6965 6964/6964 6966/6966
usemtl Surface_2
f 6970/6970 6968/6968 6967/6967
usemtl Surface_2
f 6969/6969 6968/6968 6970/6970
usemtl Surface_2
f 6974/6974 6972/6972 6971/6971
usemtl Surface_2
f 6973/6973 6972/6972 6974/6974
usemtl Surface_2
f 6975/6975 6977/6977 6976/6976
usemtl Surface_2
f 6978/6978 6980/6980 6979/6979
usemtl Surface_2
f 6981/6981 6983/6983 6982/6982
usemtl Surface_2
f 6984/6984 6986/6986 6985/6985
usemtl Surface_2
f 6987/6987 6989/6989 6988/6988
usemtl Surface_2
f 6990/6990 6992/6992 6991/6991
usemtl Surface_2
f 6993/6993 6995/6995 6994/6994
usemtl Surface_2
f 6996/6996 6998/6998 6997/6997
