# Null Route authored hard-surface mesh. Centimeters, Z up.
v 5.54521 -0.19019 7.38997
v 5.54521 0.78203 7.35265
v 6.54521 0.89889 8.45132
v 6.54521 -0.21861 8.49422
v 5.54520 -0.14249 5.79068
v 6.54521 -0.17091 6.89493
v 6.54521 0.72586 6.86070
v 5.54520 0.60900 5.76203
v 5.54521 0.78203 7.35265
v 5.54521 1.73935 7.17517
v 6.54521 1.99925 8.24733
v 6.54521 0.89889 8.45132
v 5.54520 0.60900 5.76203
v 6.54521 0.72586 6.86070
v 6.54521 1.60879 6.69570
v 5.54520 1.34889 5.62355
v 5.54521 1.73935 7.17517
v 5.54521 2.66351 6.86093
v 6.54521 3.06151 7.88613
v 6.54521 1.99925 8.24733
v 5.54520 1.34889 5.62355
v 6.54521 1.60879 6.69570
v 6.54521 2.46106 6.40307
v 5.54520 2.06306 5.37787
v 5.54521 2.66351 6.86093
v 5.54521 3.53690 6.41592
v 6.54521 4.06541 7.37462
v 6.54521 3.06151 7.88613
v 5.54520 2.06306 5.37787
v 6.54521 2.46106 6.40307
v 6.54521 3.26642 5.98839
v 5.54520 2.73791 5.02969
v 5.54521 3.53690 6.41592
v 5.54520 4.34288 5.84861
v 6.54521 4.99182 6.72254
v 6.54521 4.06541 7.37462
v 5.54520 2.73791 5.02969
v 6.54521 3.26642 5.98839
v 6.54520 4.00951 5.45957
v 5.54520 3.36058 4.58564
v 5.54520 4.34288 5.84861
v 5.54520 5.06608 5.16981
v 6.54521 5.82308 5.94232
v 6.54521 4.99182 6.72254
v 5.54520 3.36058 4.58564
v 6.54520 4.00951 5.45957
v 6.54520 4.67618 4.82668
v 5.54520 3.91918 4.05418
v 5.54520 5.06608 5.16981
v 5.54520 5.69271 4.39248
v 6.54520 6.54334 5.04883
v 6.54521 5.82308 5.94232
v 5.54520 3.91918 4.05418
v 6.54520 4.67618 4.82668
v 6.54520 5.25372 4.10179
v 5.54520 4.40309 3.44544
v 5.54520 5.69271 4.39248
v 5.54520 6.21083 3.53142
v 6.54520 7.13888 4.05910
v 6.54520 6.54334 5.04883
v 5.54520 4.40309 3.44544
v 6.54520 5.25372 4.10179
v 6.54520 5.73112 3.29871
v 5.54520 4.80306 2.77103
v 5.54520 6.21083 3.53142
v 5.54520 6.61056 2.60305
v 6.54520 7.59835 2.99201
v 6.54520 7.13888 4.05910
v 5.54520 4.80306 2.77103
v 6.54520 5.73112 3.29871
v 6.54520 6.09927 2.43276
v 5.54520 5.11148 2.04380
v 5.54520 6.61056 2.60305
v 5.54520 6.88430 1.62506
v 6.54520 7.91298 1.86788
v 6.54520 7.59835 2.99201
v 5.54520 5.11148 2.04380
v 6.54520 6.09927 2.43276
v 6.54520 6.35116 1.52044
v 5.54520 5.32247 1.27761
v 5.54520 6.88430 1.62506
v 5.54520 7.02680 0.61609
v 6.54520 8.07679 0.70815
v 6.54520 7.91298 1.86788
v 5.54520 5.32247 1.27761
v 6.54520 6.35116 1.52044
v 6.54520 6.48200 0.57913
v 5.54520 5.43201 0.48707
v 5.54520 7.02680 0.61609
v 5.54520 7.03538 -0.40462
v 6.54520 8.08664 -0.46508
v 6.54520 8.07679 0.70815
v 5.54520 5.43201 0.48707
v 6.54520 6.48200 0.57913
v 6.54520 6.48928 -0.37321
v 5.54520 5.43801 -0.31275
v 5.54520 7.03538 -0.40462
v 5.54520 6.90984 -1.41762
v 6.54520 7.94235 -1.62944
v 6.54520 8.08664 -0.46508
v 5.54520 5.43801 -0.31275
v 6.54520 6.48928 -0.37321
v 6.54520 6.37286 -1.31844
v 5.54520 5.34036 -1.10662
v 5.54520 6.90984 -1.41762
v 5.54520 6.65260 -2.40359
v 6.54520 7.64667 -2.76275
v 6.54520 7.94235 -1.62944
v 5.54520 5.34036 -1.10662
v 6.54520 6.37286 -1.31844
v 6.54520 6.13498 -2.23854
v 5.54520 5.14091 -1.87938
v 5.54520 6.65260 -2.40359
v 5.54520 6.26855 -3.34375
v 6.54520 7.20524 -3.84339
v 6.54520 7.64667 -2.76275
v 5.54520 5.14091 -1.87938
v 6.54520 6.13498 -2.23854
v 6.54520 5.78015 -3.11597
v 5.54520 4.84347 -2.61633
v 5.54520 6.26855 -3.34375
v 5.54520 5.76502 -4.22018
v 6.54520 6.62646 -4.85078
v 6.54520 7.20524 -3.84339
v 5.54520 4.84347 -2.61633
v 6.54520 5.78015 -3.11597
v 6.54520 5.31515 -3.93401
v 5.54520 4.45371 -3.30341
v 5.54520 5.76502 -4.22018
v 5.54520 5.15160 -5.01616
v 6.54520 5.92138 -5.76570
v 6.54520 6.62646 -4.85078
v 5.54520 4.45371 -3.30341
v 6.54520 5.31515 -3.93401
v 6.54520 4.74883 -4.67706
v 5.54520 3.97906 -3.92752
v 5.54520 5.15160 -5.01616
v 5.54520 4.43998 -5.71653
v 6.54520 5.10343 -6.57072
v 6.54520 5.92138 -5.76570
v 5.54520 3.97906 -3.92752
v 6.54520 4.74883 -4.67706
v 6.54520 4.09200 -5.33096
v 5.54520 3.42856 -4.47677
v 5.54520 4.43998 -5.71653
v 5.54520 3.64374 -6.30794
v 6.54520 4.18820 -7.25050
v 6.54520 5.10343 -6.57072
v 5.54520 3.42856 -4.47677
v 6.54520 4.09200 -5.33096
v 6.54520 3.35717 -5.88325
v 5.54520 2.81270 -4.94068
v 5.54520 3.64374 -6.30794
v 5.54520 2.77804 -6.77911
v 6.54520 3.19315 -7.79208
v 6.54520 4.18820 -7.25050
v 5.54520 2.81270 -4.94068
v 6.54520 3.35717 -5.88325
v 6.54520 2.55835 -6.32339
v 5.54520 2.14324 -5.31042
v 5.54520 2.77804 -6.77911
v 5.54520 1.85938 -7.12106
v 6.54520 2.13722 -8.18512
v 6.54520 3.19315 -7.79208
v 5.54520 2.14324 -5.31042
v 6.54520 2.55835 -6.32339
v 6.54520 1.71076 -6.64301
v 5.54520 1.43292 -5.57894
v 5.54520 1.85938 -7.12106
v 5.54520 0.90529 -7.32728
v 6.54520 1.04056 -8.42216
v 6.54520 2.13722 -8.18512
v 5.54520 1.43292 -5.57894
v 6.54520 1.71076 -6.64301
v 6.54520 0.83056 -6.83600
v 5.54520 0.69529 -5.74112
v 5.54520 0.90529 -7.32728
v 5.54520 -0.06606 -7.39383
v 6.54520 -0.07593 -8.49865
v 6.54520 1.04056 -8.42216
v 5.54520 0.69529 -5.74112
v 6.54520 0.83056 -6.83600
v 6.54520 -0.06546 -6.89869
v 5.54520 -0.05559 -5.79386
v 5.54520 -0.06606 -7.39383
v 5.54520 -1.03615 -7.31945
v 6.54520 -1.19098 -8.41316
v 6.54520 -0.07593 -8.49865
v 5.54520 -0.05559 -5.79386
v 6.54520 -0.06546 -6.89869
v 6.54520 -0.96025 -6.82988
v 5.54520 -0.80542 -5.73617
v 6.54521 -0.21861 8.49422
v 6.54521 0.89889 8.45132
v 13.57699 0.88426 8.19706
v 13.57699 -0.23320 8.24060
v 6.54521 -0.17091 6.89493
v 13.57699 -0.18550 6.64131
v 13.57699 0.71124 6.60645
v 6.54521 0.72586 6.86070
v 6.54521 0.89889 8.45132
v 6.54521 1.99925 8.24733
v 13.57699 1.98487 7.99728
v 13.57699 0.88426 8.19706
v 6.54521 0.72586 6.86070
v 13.57699 0.71124 6.60645
v 13.57699 1.59441 6.44565
v 6.54521 1.60879 6.69570
v 6.54521 1.99925 8.24733
v 6.54521 3.06151 7.88613
v 13.57699 3.04764 7.64506
v 13.57699 1.98487 7.99728
v 6.54521 1.60879 6.69570
v 13.57699 1.59441 6.44565
v 13.57699 2.44720 6.16200
v 6.54521 2.46106 6.40307
v 6.54521 3.06151 7.88613
v 6.54521 4.06541 7.37462
v 13.57699 4.05232 7.14711
v 13.57699 3.04764 7.64506
v 6.54521 2.46106 6.40307
v 13.57699 2.44720 6.16200
v 13.57699 3.25333 5.76089
v 6.54521 3.26642 5.98839
v 6.54521 4.06541 7.37462
v 6.54521 4.99182 6.72254
v 13.57699 4.97976 6.51294
v 13.57699 4.05232 7.14711
v 6.54521 3.26642 5.98839
v 13.57699 3.25333 5.76089
v 13.57699 3.99746 5.24997
v 6.54520 4.00951 5.45957
v 6.54521 4.99182 6.72254
v 6.54521 5.82308 5.94232
v 13.57699 5.81228 5.75462
v 13.57699 4.97976 6.51294
v 6.54520 4.00951 5.45957
v 13.57699 3.99746 5.24997
v 13.57699 4.66539 4.63898
v 6.54520 4.67618 4.82668
v 6.54521 5.82308 5.94232
v 6.54520 6.54334 5.04883
v 13.57699 6.53401 4.88661
v 13.57699 5.81228 5.75462
v 6.54520 4.67618 4.82668
v 13.57699 4.66539 4.63898
v 13.57699 5.24439 3.93957
v 6.54520 5.25372 4.10179
v 6.54520 6.54334 5.04883
v 6.54520 7.13888 4.05910
v 13.57699 7.13120 3.92545
v 13.57699 6.53401 4.88661
v 6.54520 5.25372 4.10179
v 13.57699 5.24439 3.93957
v 13.57699 5.72343 3.16506
v 6.54520 5.73112 3.29871
v 6.54520 7.13888 4.05910
v 6.54520 7.59835 2.99201
v 13.57699 7.59245 2.88947
v 13.57699 7.13120 3.92545
v 6.54520 5.73112 3.29871
v 13.57699 5.72343 3.16506
v 13.57699 6.09337 2.33023
v 6.54520 6.09927 2.43276
v 6.54520 7.59835 2.99201
v 6.54520 7.91298 1.86788
v 13.57699 7.90899 1.79842
v 13.57699 7.59245 2.88947
v 6.54520 6.09927 2.43276
v 13.57699 6.09337 2.33023
v 13.57699 6.34717 1.45098
v 6.54520 6.35116 1.52044
v 6.54520 7.91298 1.86788
v 6.54520 8.07679 0.70815
v 13.57699 8.07477 0.67308
v 13.57699 7.90899 1.79842
v 6.54520 6.35116 1.52044
v 13.57699 6.34717 1.45098
v 13.57699 6.47998 0.54406
v 6.54520 6.48200 0.57913
v 6.54520 8.07679 0.70815
v 6.54520 8.08664 -0.46508
v 13.57699 8.08664 -0.46508
v 13.57699 8.07477 0.67308
v 6.54520 6.48200 0.57913
v 13.57699 6.47998 0.54406
v 13.57699 6.48928 -0.37322
v 6.54520 6.48928 -0.37321
v 6.54520 8.08664 -0.46508
v 6.54520 7.94235 -1.62944
v 13.57699 7.94437 -1.59438
v 13.57699 8.08664 -0.46508
v 6.54520 6.48928 -0.37321
v 13.57699 6.48928 -0.37322
v 13.57699 6.37488 -1.28338
v 6.54520 6.37286 -1.31844
v 6.54520 7.94235 -1.62944
v 6.54520 7.64667 -2.76275
v 13.57699 7.65066 -2.69329
v 13.57699 7.94437 -1.59438
v 6.54520 6.37286 -1.31844
v 13.57699 6.37488 -1.28338
v 13.57699 6.13897 -2.16909
v 6.54520 6.13498 -2.23854
v 6.54520 7.64667 -2.76275
v 6.54520 7.20524 -3.84339
v 13.57699 7.21113 -3.74086
v 13.57699 7.65066 -2.69329
v 6.54520 6.13498 -2.23854
v 13.57699 6.13897 -2.16909
v 13.57699 5.78605 -3.01345
v 6.54520 5.78015 -3.11597
v 6.54520 7.20524 -3.84339
v 6.54520 6.62646 -4.85078
v 13.57699 6.63415 -4.71713
v 13.57699 7.21113 -3.74086
v 6.54520 5.78015 -3.11597
v 13.57699 5.78605 -3.01345
v 13.57699 5.32283 -3.80037
v 6.54520 5.31515 -3.93401
v 6.54520 6.62646 -4.85078
v 6.54520 5.92138 -5.76570
v 13.57699 5.93071 -5.60349
v 13.57699 6.63415 -4.71713
v 6.54520 5.31515 -3.93401
v 13.57699 5.32283 -3.80037
v 13.57699 4.75816 -4.51485
v 6.54520 4.74883 -4.67706
v 6.54520 5.92138 -5.76570
v 6.54520 5.10343 -6.57072
v 13.57699 5.11423 -6.38303
v 13.57699 5.93071 -5.60349
v 6.54520 4.74883 -4.67706
v 13.57699 4.75816 -4.51485
v 13.57699 4.10280 -5.14327
v 6.54520 4.09200 -5.33096
v 6.54520 5.10343 -6.57072
v 6.54520 4.18820 -7.25050
v 13.57698 4.20026 -7.04091
v 13.57699 5.11423 -6.38303
v 6.54520 4.09200 -5.33096
v 13.57699 4.10280 -5.14327
v 13.57699 3.36922 -5.67366
v 6.54520 3.35717 -5.88325
v 6.54520 4.18820 -7.25050
v 6.54520 3.19315 -7.79208
v 13.57698 3.20623 -7.56458
v 13.57698 4.20026 -7.04091
v 6.54520 3.35717 -5.88325
v 13.57699 3.36922 -5.67366
v 13.57699 2.57143 -6.09590
v 6.54520 2.55835 -6.32339
v 6.54520 3.19315 -7.79208
v 6.54520 2.13722 -8.18512
v 13.57698 2.15109 -7.94406
v 13.57698 3.20623 -7.56458
v 6.54520 2.55835 -6.32339
v 13.57699 2.57143 -6.09590
v 13.57698 1.72462 -6.40194
v 6.54520 1.71076 -6.64301
v 6.54520 2.13722 -8.18512
v 6.54520 1.04056 -8.42216
v 13.57698 1.05494 -8.17212
v 13.57698 2.15109 -7.94406
v 6.54520 1.71076 -6.64301
v 13.57698 1.72462 -6.40194
v 13.57698 0.84494 -6.58596
v 6.54520 0.83056 -6.83600
v 6.54520 1.04056 -8.42216
v 6.54520 -0.07593 -8.49865
v 13.57698 -0.06131 -8.24441
v 13.57698 1.05494 -8.17212
v 6.54520 0.83056 -6.83600
v 13.57698 0.84494 -6.58596
v 13.57698 -0.05084 -6.64444
v 6.54520 -0.06546 -6.89869
v 6.54520 -0.07593 -8.49865
v 6.54520 -1.19098 -8.41316
v 13.57698 -1.17640 -8.15955
v 13.57698 -0.06131 -8.24441
v 6.54520 -0.06546 -6.89869
v 13.57698 -0.05084 -6.64444
v 13.57698 -0.94566 -6.57627
v 6.54520 -0.96025 -6.82988
v 13.57699 -0.23320 8.24060
v 13.57699 0.88426 8.19706
v 23.22378 0.70373 6.42181
v 23.22378 -0.20138 6.45762
v 13.57699 -0.18550 6.64131
v 23.22378 -0.15368 4.85833
v 23.22378 0.53070 4.83119
v 13.57699 0.71124 6.60645
v 13.57699 0.88426 8.19706
v 13.57699 1.98487 7.99728
v 23.22378 1.59543 6.26359
v 23.22378 0.70373 6.42181
v 13.57699 0.71124 6.60645
v 23.22378 0.53070 4.83119
v 23.22378 1.20497 4.71196
v 13.57699 1.59441 6.44565
v 13.57699 1.98487 7.99728
v 13.57699 3.04764 7.64506
v 23.22378 2.45671 5.98597
v 23.22378 1.59543 6.26359
v 13.57699 1.59441 6.44565
v 23.22378 1.20497 4.71196
v 23.22378 1.85627 4.50292
v 13.57699 2.44720 6.16200
v 13.57699 3.04764 7.64506
v 13.57699 4.05232 7.14711
v 23.22378 3.27117 5.59426
v 23.22378 2.45671 5.98597
v 13.57699 2.44720 6.16200
v 23.22378 1.85627 4.50292
v 23.22378 2.47218 4.20804
v 13.57699 3.25333 5.76089
v 13.57699 4.05232 7.14711
v 13.57699 4.97976 6.51294
v 23.22378 4.02328 5.09592
v 23.22378 3.27117 5.59426
v 13.57699 3.25333 5.76089
v 23.22378 2.47218 4.20804
v 23.22378 3.04098 3.83295
v 13.57699 3.99746 5.24997
v 13.57699 4.97976 6.51294
v 13.57699 5.81228 5.75462
v 23.22378 4.69870 4.50044
v 23.22378 4.02328 5.09592
v 13.57699 3.99746 5.24997
v 23.22378 3.04098 3.83295
v 23.22378 3.55181 3.38481
v 13.57699 4.66539 4.63898
v 13.57699 5.81228 5.75462
v 13.57699 6.53401 4.88661
v 23.22378 5.28456 3.81918
v 23.22378 4.69870 4.50044
v 13.57699 4.66539 4.63898
v 23.22378 3.55181 3.38481
v 23.22378 3.99494 2.87214
v 13.57699 5.24439 3.93957
v 13.57699 6.53401 4.88661
v 13.57699 7.13120 3.92545
v 23.22378 5.76968 3.06512
v 23.22378 5.28456 3.81918
v 13.57699 5.24439 3.93957
v 23.22378 3.99494 2.87214
v 23.22378 4.36192 2.30473
v 13.57699 5.72343 3.16506
v 13.57699 7.13120 3.92545
v 13.57699 7.59245 2.88947
v 23.22378 6.14484 2.25263
v 23.22378 5.76968 3.06512
v 13.57699 5.72343 3.16506
v 23.22378 4.36192 2.30473
v 23.22378 4.64575 1.69339
v 13.57699 6.09337 2.33023
v 13.57699 7.59245 2.88947
v 13.57699 7.90899 1.79842
v 23.22378 6.40286 1.39721
v 23.22378 6.14484 2.25263
v 13.57699 6.09337 2.33023
v 23.22378 4.64575 1.69339
v 23.22378 4.84104 1.04977
v 13.57699 6.34717 1.45098
v 13.57699 7.90899 1.79842
v 13.57699 8.07477 0.67308
v 23.22378 6.53884 0.51515
v 23.22378 6.40286 1.39721
v 13.57699 6.34717 1.45098
v 23.22378 4.84104 1.04977
v 23.22378 4.94405 0.38613
v 13.57699 6.47998 0.54406
v 13.57699 8.07477 0.67308
v 13.57699 8.08664 -0.46508
v 23.22378 6.55018 -0.37672
v 23.22378 6.53884 0.51515
v 13.57699 6.47998 0.54406
v 23.22378 4.94405 0.38613
v 23.22378 4.95282 -0.28486
v 13.57699 6.48928 -0.37322
v 13.57699 8.08664 -0.46508
v 13.57699 7.94437 -1.59438
v 23.22378 6.43666 -1.26142
v 23.22378 6.55018 -0.37672
v 13.57699 6.48928 -0.37322
v 23.22378 4.95282 -0.28486
v 23.22378 4.86718 -0.95042
v 13.57699 6.37488 -1.28338
v 13.57699 7.94437 -1.59438
v 13.57699 7.65066 -2.69329
v 23.22377 6.20046 -2.12207
v 23.22378 6.43666 -1.26142
v 13.57699 6.37488 -1.28338
v 23.22378 4.86718 -0.95042
v 23.22378 4.68877 -1.59786
v 13.57699 6.13897 -2.16909
v 13.57699 7.65066 -2.69329
v 13.57699 7.21113 -3.74086
v 23.22377 5.84607 -2.94227
v 23.22377 6.20046 -2.12207
v 13.57699 6.13897 -2.16909
v 23.22378 4.68877 -1.59786
v 23.22377 4.42098 -2.21485
v 13.57699 5.78605 -3.01345
v 13.57699 7.21113 -3.74086
v 13.57699 6.63415 -4.71713
v 23.22377 5.38024 -3.70639
v 23.22377 5.84607 -2.94227
v 13.57699 5.78605 -3.01345
v 23.22377 4.42098 -2.21485
v 23.22377 4.06893 -2.78963
v 13.57699 5.32283 -3.80037
v 13.57699 6.63415 -4.71713
v 13.57699 5.93071 -5.60349
v 23.22377 4.81187 -4.39986
v 23.22377 5.38024 -3.70639
v 13.57699 5.32283 -3.80037
v 23.22377 4.06893 -2.78963
v 23.22377 3.63932 -3.31122
v 13.57699 4.75816 -4.51485
v 13.57699 5.93071 -5.60349
v 13.57699 5.11423 -6.38303
v 23.22377 4.15177 -5.00947
v 23.22377 4.81187 -4.39986
v 13.57699 4.75816 -4.51485
v 23.22377 3.63932 -3.31122
v 23.22377 3.14034 -3.76971
v 13.57699 4.10280 -5.14327
v 13.57699 5.11423 -6.38303
v 13.57698 4.20026 -7.04091
v 23.22377 3.41254 -5.52359
v 23.22377 4.15177 -5.00947
v 13.57699 4.10280 -5.14327
v 23.22377 3.14034 -3.76971
v 23.22377 2.58150 -4.15634
v 13.57699 3.36922 -5.67366
v 13.57698 4.20026 -7.04091
v 13.57698 3.20623 -7.56458
v 23.22377 2.60826 -5.93242
v 23.22377 3.41254 -5.52359
v 13.57699 3.36922 -5.67366
v 23.22377 2.58150 -4.15634
v 23.22377 1.97346 -4.46374
v 13.57699 2.57143 -6.09590
v 13.57698 3.20623 -7.56458
v 13.57698 2.15109 -7.94406
v 23.22377 1.75426 -6.22818
v 23.22377 2.60826 -5.93242
v 13.57699 2.57143 -6.09590
v 23.22377 1.97346 -4.46374
v 23.22377 1.32779 -4.68606
v 13.57698 1.72462 -6.40194
v 13.57698 2.15109 -7.94406
v 13.57698 1.05494 -8.17212
v 23.22377 0.86682 -6.40522
v 23.22377 1.75426 -6.22818
v 13.57698 1.72462 -6.40194
v 23.22377 1.32779 -4.68606
v 23.22377 0.65682 -4.81906
v 13.57698 0.84494 -6.58596
v 13.57698 1.05494 -8.17212
v 13.57698 -0.06131 -8.24441
v 23.22377 -0.03714 -6.46017
v 23.22377 0.86682 -6.40522
v 13.57698 0.84494 -6.58596
v 23.22377 0.65682 -4.81906
v 23.22377 -0.02667 -4.86020
v 13.57698 -0.05084 -6.64444
v 13.57698 -0.06131 -8.24441
v 13.57698 -1.17640 -8.15955
v 23.22377 -0.94039 -6.39198
v 23.22377 -0.03714 -6.46017
v 13.57698 -0.05084 -6.64444
v 23.22377 -0.02667 -4.86020
v 23.22377 -0.70965 -4.80871
v 13.57698 -0.94566 -6.57627
v 23.22378 -0.20138 6.45762
v 23.22378 0.70373 6.42181
v 24.22378 0.64492 5.82998
v 24.22378 -0.19313 5.86343
v 23.22378 -0.15368 4.85833
v 24.22378 -0.14543 4.26414
v 24.22378 0.47189 4.23936
v 23.22378 0.53070 4.83119
v 23.22378 0.70373 6.42181
v 23.22378 1.59543 6.26359
v 24.22378 1.47068 5.68540
v 24.22378 0.64492 5.82998
v 23.22378 0.53070 4.83119
v 24.22378 0.47189 4.23936
v 24.22378 1.08022 4.13377
v 23.22378 1.20497 4.71196
v 23.22378 1.59543 6.26359
v 23.22378 2.45671 5.98597
v 24.22378 2.26840 5.43245
v 24.22378 1.47068 5.68540
v 23.22378 1.20497 4.71196
v 24.22378 1.08022 4.13377
v 24.22378 1.66796 3.94939
v 23.22378 1.85627 4.50292
v 23.22378 2.45671 5.98597
v 23.22378 3.27117 5.59426
v 24.22378 3.02289 5.07595
v 24.22378 2.26840 5.43245
v 23.22378 1.85627 4.50292
v 24.22378 1.66796 3.94939
v 24.22378 2.22390 3.68973
v 23.22378 2.47218 4.20804
v 23.22378 3.27117 5.59426
v 23.22378 4.02328 5.09592
v 24.22378 3.71975 4.62270
v 24.22378 3.02289 5.07595
v 23.22378 2.47218 4.20804
v 24.22378 2.22390 3.68973
v 24.22378 2.73745 3.35974
v 23.22378 3.04098 3.83295
v 23.22378 4.02328 5.09592
v 23.22378 4.69870 4.50044
v 24.22378 4.34572 4.08134
v 24.22378 3.71975 4.62270
v 23.22378 3.04098 3.83295
v 24.22378 2.73745 3.35974
v 24.22378 3.19883 2.96570
v 23.22378 3.55181 3.38481
v 23.22378 4.69870 4.50044
v 23.22378 5.28456 3.81918
v 24.22378 4.88885 3.46217
v 24.22378 4.34572 4.08134
v 23.22378 3.55181 3.38481
v 24.22378 3.19883 2.96570
v 24.22378 3.59923 2.51514
v 23.22378 3.99494 2.87214
v 23.22378 5.28456 3.81918
v 23.22378 5.76968 3.06512
v 24.22378 5.33879 2.77702
v 24.22378 4.88885 3.46217
v 23.22378 3.99494 2.87214
v 24.22378 3.59923 2.51514
v 24.22378 3.93102 2.01663
v 23.22378 4.36192 2.30473
v 23.22378 5.76968 3.06512
v 23.22378 6.14484 2.25263
v 24.22378 5.68697 2.03893
v 24.22378 5.33879 2.77702
v 23.22378 4.36192 2.30473
v 24.22378 3.93102 2.01663
v 24.22378 4.18789 1.47969
v 23.22378 4.64575 1.69339
v 23.22378 6.14484 2.25263
v 23.22378 6.40286 1.39721
v 24.22378 5.92675 1.26198
v 24.22378 5.68697 2.03893
v 23.22378 4.64575 1.69339
v 24.22378 4.18789 1.47969
v 24.22378 4.36493 0.91454
v 23.22378 4.84104 1.04977
v 23.22378 6.40286 1.39721
v 23.22378 6.53884 0.51515
v 24.22378 6.05356 0.46097
v 24.22378 5.92675 1.26198
v 23.22378 4.84104 1.04977
v 24.22378 4.36493 0.91454
v 24.22378 4.45877 0.33196
v 23.22378 4.94405 0.38613
v 23.22378 6.53884 0.51515
v 23.22378 6.55018 -0.37672
v 24.22378 6.06498 -0.34882
v 24.22378 6.05356 0.46097
v 23.22378 4.94405 0.38613
v 24.22378 4.45877 0.33196
v 24.22378 4.46762 -0.25695
v 23.22378 4.95282 -0.28486
v 23.22378 6.55018 -0.37672
v 23.22378 6.43666 -1.26142
v 24.22378 5.96079 -1.15197
v 24.22378 6.06498 -0.34882
v 23.22378 4.95282 -0.28486
v 24.22378 4.46762 -0.25695
v 24.22378 4.39131 -0.84096
v 23.22378 4.86718 -0.95042
v 23.22378 6.43666 -1.26142
v 23.22377 6.20046 -2.12207
v 24.22377 5.74299 -1.93315
v 24.22378 5.96079 -1.15197
v 23.22378 4.86718 -0.95042
v 24.22378 4.39131 -0.84096
v 24.22378 4.23130 -1.40895
v 23.22378 4.68877 -1.59786
v 23.22377 6.20046 -2.12207
v 23.22377 5.84607 -2.94227
v 24.22377 5.41572 -2.67749
v 24.22377 5.74299 -1.93315
v 23.22378 4.68877 -1.59786
v 24.22378 4.23130 -1.40895
v 24.22377 3.99064 -1.95007
v 23.22377 4.42098 -2.21485
v 23.22377 5.84607 -2.94227
v 23.22377 5.38024 -3.70639
v 24.22377 4.98522 -3.37080
v 24.22377 5.41572 -2.67749
v 23.22377 4.42098 -2.21485
v 24.22377 3.99064 -1.95007
v 24.22377 3.67391 -2.45403
v 23.22377 4.06893 -2.78963
v 23.22377 5.38024 -3.70639
v 23.22377 4.81187 -4.39986
v 24.22377 4.45969 -3.99985
v 24.22377 4.98522 -3.37080
v 23.22377 4.06893 -2.78963
v 24.22377 3.67391 -2.45403
v 24.22377 3.28715 -2.91121
v 23.22377 3.63932 -3.31122
v 23.22377 4.81187 -4.39986
v 23.22377 4.15177 -5.00947
v 24.22377 3.84916 -4.55266
v 24.22377 4.45969 -3.99985
v 23.22377 3.63932 -3.31122
v 24.22377 3.28715 -2.91121
v 24.22377 2.83773 -3.31290
v 23.22377 3.14034 -3.76971
v 23.22377 4.15177 -5.00947
v 23.22377 3.41254 -5.52359
v 24.22377 3.16526 -5.01869
v 24.22377 3.84916 -4.55266
v 23.22377 3.14034 -3.76971
v 24.22377 2.83773 -3.31290
v 24.22377 2.33423 -3.65144
v 23.22377 2.58150 -4.15634
v 23.22377 3.41254 -5.52359
v 23.22377 2.60826 -5.93242
v 24.22377 2.42103 -5.38907
v 24.22377 3.16526 -5.01869
v 23.22377 2.58150 -4.15634
v 24.22377 2.33423 -3.65144
v 24.22377 1.78623 -3.92038
v 23.22377 1.97346 -4.46374
v 23.22377 2.60826 -5.93242
v 23.22377 1.75426 -6.22818
v 24.22377 1.63065 -5.65672
v 24.22377 2.42103 -5.38907
v 23.22377 1.97346 -4.46374
v 24.22377 1.78623 -3.92038
v 24.22377 1.20418 -4.11460
v 23.22377 1.32779 -4.68606
v 23.22377 1.75426 -6.22818
v 23.22377 0.86682 -6.40522
v 24.22377 0.80918 -5.81654
v 24.22377 1.63065 -5.65672
v 23.22377 1.32779 -4.68606
v 24.22377 1.20418 -4.11460
v 24.22377 0.59918 -4.23038
v 23.22377 0.65682 -4.81906
v 23.22377 0.86682 -6.40522
v 23.22377 -0.03714 -6.46017
v 24.22377 -0.02771 -5.86550
v 24.22377 0.80918 -5.81654
v 23.22377 0.65682 -4.81906
v 24.22377 0.59918 -4.23038
v 24.22377 -0.01724 -4.26553
v 23.22377 -0.02667 -4.86020
v 23.22377 -0.03714 -6.46017
v 23.22377 -0.94039 -6.39198
v 24.22377 -0.86407 -5.80266
v 24.22377 -0.02771 -5.86550
v 23.22377 -0.02667 -4.86020
v 24.22377 -0.01724 -4.26553
v 24.22377 -0.63333 -4.21938
v 23.22377 -0.70965 -4.80871
v 5.54521 -0.19019 7.38997
v 5.54520 -0.14249 5.79068
v 5.54520 0.60900 5.76203
v 5.54521 0.78203 7.35265
v 24.22378 -0.19313 5.86343
v 24.22378 0.64492 5.82998
v 24.22378 0.47189 4.23936
v 24.22378 -0.14543 4.26414
v 5.54521 0.78203 7.35265
v 5.54520 0.60900 5.76203
v 5.54520 1.34889 5.62355
v 5.54521 1.73935 7.17517
v 24.22378 0.64492 5.82998
v 24.22378 1.47068 5.68540
v 24.22378 1.08022 4.13377
v 24.22378 0.47189 4.23936
v 5.54521 1.73935 7.17517
v 5.54520 1.34889 5.62355
v 5.54520 2.06306 5.37787
v 5.54521 2.66351 6.86093
v 24.22378 1.47068 5.68540
v 24.22378 2.26840 5.43245
v 24.22378 1.66796 3.94939
v 24.22378 1.08022 4.13377
v 5.54521 2.66351 6.86093
v 5.54520 2.06306 5.37787
v 5.54520 2.73791 5.02969
v 5.54521 3.53690 6.41592
v 24.22378 2.26840 5.43245
v 24.22378 3.02289 5.07595
v 24.22378 2.22390 3.68973
v 24.22378 1.66796 3.94939
v 5.54521 3.53690 6.41592
v 5.54520 2.73791 5.02969
v 5.54520 3.36058 4.58564
v 5.54520 4.34288 5.84861
v 24.22378 3.02289 5.07595
v 24.22378 3.71975 4.62270
v 24.22378 2.73745 3.35974
v 24.22378 2.22390 3.68973
v 5.54520 4.34288 5.84861
v 5.54520 3.36058 4.58564
v 5.54520 3.91918 4.05418
v 5.54520 5.06608 5.16981
v 24.22378 3.71975 4.62270
v 24.22378 4.34572 4.08134
v 24.22378 3.19883 2.96570
v 24.22378 2.73745 3.35974
v 5.54520 5.06608 5.16981
v 5.54520 3.91918 4.05418
v 5.54520 4.40309 3.44544
v 5.54520 5.69271 4.39248
v 24.22378 4.34572 4.08134
v 24.22378 4.88885 3.46217
v 24.22378 3.59923 2.51514
v 24.22378 3.19883 2.96570
v 5.54520 5.69271 4.39248
v 5.54520 4.40309 3.44544
v 5.54520 4.80306 2.77103
v 5.54520 6.21083 3.53142
v 24.22378 4.88885 3.46217
v 24.22378 5.33879 2.77702
v 24.22378 3.93102 2.01663
v 24.22378 3.59923 2.51514
v 5.54520 6.21083 3.53142
v 5.54520 4.80306 2.77103
v 5.54520 5.11148 2.04380
v 5.54520 6.61056 2.60305
v 24.22378 5.33879 2.77702
v 24.22378 5.68697 2.03893
v 24.22378 4.18789 1.47969
v 24.22378 3.93102 2.01663
v 5.54520 6.61056 2.60305
v 5.54520 5.11148 2.04380
v 5.54520 5.32247 1.27761
v 5.54520 6.88430 1.62506
v 24.22378 5.68697 2.03893
v 24.22378 5.92675 1.26198
v 24.22378 4.36493 0.91454
v 24.22378 4.18789 1.47969
v 5.54520 6.88430 1.62506
v 5.54520 5.32247 1.27761
v 5.54520 5.43201 0.48707
v 5.54520 7.02680 0.61609
v 24.22378 5.92675 1.26198
v 24.22378 6.05356 0.46097
v 24.22378 4.45877 0.33196
v 24.22378 4.36493 0.91454
v 5.54520 7.02680 0.61609
v 5.54520 5.43201 0.48707
v 5.54520 5.43801 -0.31275
v 5.54520 7.03538 -0.40462
v 24.22378 6.05356 0.46097
v 24.22378 6.06498 -0.34882
v 24.22378 4.46762 -0.25695
v 24.22378 4.45877 0.33196
v 5.54520 7.03538 -0.40462
v 5.54520 5.43801 -0.31275
v 5.54520 5.34036 -1.10662
v 5.54520 6.90984 -1.41762
v 24.22378 6.06498 -0.34882
v 24.22378 5.96079 -1.15197
v 24.22378 4.39131 -0.84096
v 24.22378 4.46762 -0.25695
v 5.54520 6.90984 -1.41762
v 5.54520 5.34036 -1.10662
v 5.54520 5.14091 -1.87938
v 5.54520 6.65260 -2.40359
v 24.22378 5.96079 -1.15197
v 24.22377 5.74299 -1.93315
v 24.22378 4.23130 -1.40895
v 24.22378 4.39131 -0.84096
v 5.54520 6.65260 -2.40359
v 5.54520 5.14091 -1.87938
v 5.54520 4.84347 -2.61633
v 5.54520 6.26855 -3.34375
v 24.22377 5.74299 -1.93315
v 24.22377 5.41572 -2.67749
v 24.22377 3.99064 -1.95007
v 24.22378 4.23130 -1.40895
v 5.54520 6.26855 -3.34375
v 5.54520 4.84347 -2.61633
v 5.54520 4.45371 -3.30341
v 5.54520 5.76502 -4.22018
v 24.22377 5.41572 -2.67749
v 24.22377 4.98522 -3.37080
v 24.22377 3.67391 -2.45403
v 24.22377 3.99064 -1.95007
v 5.54520 5.76502 -4.22018
v 5.54520 4.45371 -3.30341
v 5.54520 3.97906 -3.92752
v 5.54520 5.15160 -5.01616
v 24.22377 4.98522 -3.37080
v 24.22377 4.45969 -3.99985
v 24.22377 3.28715 -2.91121
v 24.22377 3.67391 -2.45403
v 5.54520 5.15160 -5.01616
v 5.54520 3.97906 -3.92752
v 5.54520 3.42856 -4.47677
v 5.54520 4.43998 -5.71653
v 24.22377 4.45969 -3.99985
v 24.22377 3.84916 -4.55266
v 24.22377 2.83773 -3.31290
v 24.22377 3.28715 -2.91121
v 5.54520 4.43998 -5.71653
v 5.54520 3.42856 -4.47677
v 5.54520 2.81270 -4.94068
v 5.54520 3.64374 -6.30794
v 24.22377 3.84916 -4.55266
v 24.22377 3.16526 -5.01869
v 24.22377 2.33423 -3.65144
v 24.22377 2.83773 -3.31290
v 5.54520 3.64374 -6.30794
v 5.54520 2.81270 -4.94068
v 5.54520 2.14324 -5.31042
v 5.54520 2.77804 -6.77911
v 24.22377 3.16526 -5.01869
v 24.22377 2.42103 -5.38907
v 24.22377 1.78623 -3.92038
v 24.22377 2.33423 -3.65144
v 5.54520 2.77804 -6.77911
v 5.54520 2.14324 -5.31042
v 5.54520 1.43292 -5.57894
v 5.54520 1.85938 -7.12106
v 24.22377 2.42103 -5.38907
v 24.22377 1.63065 -5.65672
v 24.22377 1.20418 -4.11460
v 24.22377 1.78623 -3.92038
v 5.54520 1.85938 -7.12106
v 5.54520 1.43292 -5.57894
v 5.54520 0.69529 -5.74112
v 5.54520 0.90529 -7.32728
v 24.22377 1.63065 -5.65672
v 24.22377 0.80918 -5.81654
v 24.22377 0.59918 -4.23038
v 24.22377 1.20418 -4.11460
v 5.54520 0.90529 -7.32728
v 5.54520 0.69529 -5.74112
v 5.54520 -0.05559 -5.79386
v 5.54520 -0.06606 -7.39383
v 24.22377 0.80918 -5.81654
v 24.22377 -0.02771 -5.86550
v 24.22377 -0.01724 -4.26553
v 24.22377 0.59918 -4.23038
v 5.54520 -0.06606 -7.39383
v 5.54520 -0.05559 -5.79386
v 5.54520 -0.80542 -5.73617
v 5.54520 -1.03615 -7.31945
v 24.22377 -0.02771 -5.86550
v 24.22377 -0.86407 -5.80266
v 24.22377 -0.63333 -4.21938
v 24.22377 -0.01724 -4.26553
v 5.54521 -0.19019 7.38997
v 6.54521 -0.21861 8.49422
v 6.54521 -0.17091 6.89493
v 5.54520 -0.14249 5.79068
v 5.54520 -0.80542 -5.73617
v 6.54520 -0.96025 -6.82988
v 6.54520 -1.19098 -8.41316
v 5.54520 -1.03615 -7.31945
v 6.54521 -0.21861 8.49422
v 13.57699 -0.23320 8.24060
v 13.57699 -0.18550 6.64131
v 6.54521 -0.17091 6.89493
v 6.54520 -0.96025 -6.82988
v 13.57698 -0.94566 -6.57627
v 13.57698 -1.17640 -8.15955
v 6.54520 -1.19098 -8.41316
v 13.57699 -0.23320 8.24060
v 23.22378 -0.20138 6.45762
v 23.22378 -0.15368 4.85833
v 13.57699 -0.18550 6.64131
v 13.57698 -0.94566 -6.57627
v 23.22377 -0.70965 -4.80871
v 23.22377 -0.94039 -6.39198
v 13.57698 -1.17640 -8.15955
v 23.22378 -0.20138 6.45762
v 24.22378 -0.19313 5.86343
v 24.22378 -0.14543 4.26414
v 23.22378 -0.15368 4.85833
v 23.22377 -0.70965 -4.80871
v 24.22377 -0.63333 -4.21938
v 24.22377 -0.86407 -5.80266
v 23.22377 -0.94039 -6.39198
v 8.54520 -2.49362 -6.73933
v 8.54520 -3.45348 -6.24955
v 9.14520 -3.69549 -6.61493
v 9.14520 -2.66676 -7.13424
v 8.54520 -2.13050 -5.80759
v 9.14520 -2.30364 -6.20250
v 9.14520 -3.19109 -5.75146
v 8.54520 -2.94908 -5.38608
v 8.54520 -3.45348 -6.24955
v 8.54520 -4.32830 -5.60588
v 9.14520 -4.63324 -5.93275
v 9.14520 -3.69549 -6.61493
v 8.54520 -2.94908 -5.38608
v 9.14520 -3.19109 -5.75146
v 9.14520 -3.99997 -5.15881
v 8.54520 -3.69504 -4.83195
v 8.54520 -4.32830 -5.60588
v 8.54520 -5.09655 -4.82418
v 9.14520 -5.45689 -5.10448
v 9.14520 -4.63324 -5.93275
v 8.54520 -3.69504 -4.83195
v 9.14520 -3.99997 -5.15881
v 9.14520 -4.71035 -4.43914
v 8.54520 -4.35001 -4.15884
v 8.54520 -5.09655 -4.82418
v 8.54520 -5.73931 -3.92369
v 9.14520 -6.14618 -4.15051
v 9.14520 -5.45689 -5.10448
v 8.54520 -4.35001 -4.15884
v 9.14520 -4.71035 -4.43914
v 9.14520 -5.30475 -3.61015
v 8.54520 -4.89787 -3.38333
v 8.54520 -5.73931 -3.92369
v 8.54520 -6.24074 -2.92659
v 9.14520 -6.68413 -3.09436
v 9.14520 -6.14618 -4.15051
v 8.54520 -4.89787 -3.38333
v 9.14520 -5.30475 -3.61015
v 9.14520 -5.76853 -2.69227
v 8.54520 -5.32514 -2.52451
v 8.54520 -6.24074 -2.92659
v 8.54520 -6.58850 -1.85743
v 9.14520 -7.05750 -1.96200
v 9.14520 -6.68413 -3.09436
v 8.54520 -5.32514 -2.52451
v 9.14520 -5.76853 -2.69227
v 9.14520 -6.09027 -1.70810
v 8.54520 -5.62127 -1.60353
v 8.54520 -6.58850 -1.85743
v 8.54520 -6.77404 -0.74252
v 9.14520 -7.25708 -0.78134
v 9.14520 -7.05750 -1.96200
v 8.54520 -5.62127 -1.60353
v 9.14520 -6.09027 -1.70810
v 9.14520 -6.26204 -0.68187
v 8.54520 -5.77900 -0.64306
v 8.54520 -6.77404 -0.74252
v 8.54520 -6.79278 0.39066
v 9.14520 -7.27797 0.41856
v 9.14520 -7.25708 -0.78134
v 8.54520 -5.77900 -0.64306
v 9.14520 -6.26204 -0.68187
v 9.14520 -6.27962 0.36115
v 8.54520 -5.79443 0.33324
v 8.54520 -6.79278 0.39066
v 8.54520 -6.64425 1.51422
v 9.14520 -7.11966 1.60816
v 9.14520 -7.27797 0.41856
v 8.54520 -5.79443 0.33324
v 9.14520 -6.27962 0.36115
v 9.14520 -6.14258 1.39527
v 8.54520 -5.66717 1.30134
v 8.54520 -6.64425 1.51422
v 8.54520 -6.33212 2.60050
v 9.14520 -6.78603 2.75816
v 9.14520 -7.11966 1.60816
v 8.54520 -5.66717 1.30134
v 9.14520 -6.14258 1.39527
v 9.14520 -5.85429 2.39504
v 8.54520 -5.40038 2.23739
v 8.54520 -6.33212 2.60050
v 8.54520 -5.86408 3.62275
v 9.14520 -6.28531 3.84024
v 9.14520 -6.78603 2.75816
v 8.54520 -5.40038 2.23739
v 9.14520 -5.85429 2.39504
v 9.14520 -5.42184 3.33584
v 8.54520 -5.00061 3.11835
v 8.54520 -5.86408 3.62275
v 8.54520 -5.25164 4.55579
v 9.14520 -5.62983 4.82776
v 9.14520 -6.28531 3.84024
v 8.54520 -5.00061 3.11835
v 9.14520 -5.42184 3.33584
v 9.14520 -4.85589 4.19450
v 8.54520 -4.47770 3.92252
v 8.54520 -5.25164 4.55579
v 8.54521 -4.50988 5.37665
v 9.14520 -4.83572 5.69641
v 9.14520 -5.62983 4.82776
v 8.54520 -4.47770 3.92252
v 9.14520 -4.85589 4.19450
v 9.14520 -4.17038 4.94987
v 8.54521 -3.84454 4.63011
v 8.54521 -4.50988 5.37665
v 8.54521 -3.65709 6.06513
v 9.14521 -3.92254 6.42479
v 9.14520 -4.83572 5.69641
v 8.54521 -3.84454 4.63011
v 9.14520 -4.17038 4.94987
v 9.14520 -3.38217 5.58336
v 8.54521 -3.11672 5.22369
v 8.54521 -3.65709 6.06513
v 8.54521 -2.71424 6.60425
v 9.14521 -2.91277 6.99498
v 9.14521 -3.92254 6.42479
v 8.54521 -3.11672 5.22369
v 9.14520 -3.38217 5.58336
v 9.14520 -2.51069 6.07937
v 8.54521 -2.31215 5.68865
v 8.54521 -2.71424 6.60425
v 8.54521 -1.70455 6.98076
v 9.14521 -1.83128 7.39292
v 9.14521 -2.91277 6.99498
v 8.54521 -2.31215 5.68865
v 9.14520 -2.51069 6.07937
v 9.14521 -1.57738 6.42569
v 8.54521 -1.45065 6.01353
v 9.14520 -2.66676 -7.13424
v 9.14520 -3.69549 -6.61493
v 21.22377 -3.07088 -5.36123
v 21.22377 -2.21301 -5.78379
v 9.14520 -2.30364 -6.20250
v 21.22377 -1.84990 -4.85205
v 21.22377 -2.56648 -4.49776
v 9.14520 -3.19109 -5.75146
v 9.14520 -3.69549 -6.61493
v 9.14520 -4.63324 -5.93275
v 21.22377 -3.85313 -4.80666
v 21.22377 -3.07088 -5.36123
v 9.14520 -3.19109 -5.75146
v 21.22377 -2.56648 -4.49776
v 21.22377 -3.21987 -4.03272
v 9.14520 -3.99997 -5.15881
v 9.14520 -4.63324 -5.93275
v 9.14520 -5.45689 -5.10448
v 21.22377 -4.54051 -4.13373
v 21.22377 -3.85313 -4.80666
v 9.14520 -3.99997 -5.15881
v 21.22377 -3.21987 -4.03272
v 21.22377 -3.79397 -3.46839
v 9.14520 -4.71035 -4.43914
v 9.14520 -5.45689 -5.10448
v 9.14520 -6.14618 -4.15051
v 21.22377 -5.11608 -3.35901
v 21.22377 -4.54051 -4.13373
v 9.14520 -4.71035 -4.43914
v 21.22377 -3.79397 -3.46839
v 21.22377 -4.27465 -2.81865
v 9.14520 -5.30475 -3.61015
v 9.14520 -6.14618 -4.15051
v 9.14520 -6.68413 -3.09436
v 21.22377 -5.56568 -2.50159
v 21.22377 -5.11608 -3.35901
v 9.14520 -5.30475 -3.61015
v 21.22377 -4.27465 -2.81865
v 21.22377 -4.65008 -2.09950
v 9.14520 -5.76853 -2.69227
v 9.14520 -6.68413 -3.09436
v 9.14520 -7.05750 -1.96200
v 21.22378 -5.87823 -1.58256
v 21.22377 -5.56568 -2.50159
v 9.14520 -5.76853 -2.69227
v 21.22377 -4.65008 -2.09950
v 21.22378 -4.91100 -1.32866
v 9.14520 -6.09027 -1.70810
v 9.14520 -7.05750 -1.96200
v 9.14520 -7.25708 -0.78134
v 21.22378 -6.04604 -0.62457
v 21.22378 -5.87823 -1.58256
v 9.14520 -6.09027 -1.70810
v 21.22378 -4.91100 -1.32866
v 21.22378 -5.05100 -0.52511
v 9.14520 -6.26204 -0.68187
v 9.14520 -7.25708 -0.78134
v 9.14520 -7.27797 0.41856
v 21.22378 -6.06498 0.34880
v 21.22378 -6.04604 -0.62457
v 9.14520 -6.26204 -0.68187
v 21.22378 -5.05100 -0.52511
v 21.22378 -5.06663 0.29138
v 9.14520 -6.27962 0.36115
v 9.14520 -7.27797 0.41856
v 9.14520 -7.11966 1.60816
v 21.22378 -5.93458 1.31358
v 21.22378 -6.06498 0.34880
v 9.14520 -6.27962 0.36115
v 21.22378 -5.06663 0.29138
v 21.22378 -4.95750 1.10069
v 9.14520 -6.14258 1.39527
v 9.14520 -7.11966 1.60816
v 9.14520 -6.78603 2.75816
v 21.22378 -5.65804 2.24601
v 21.22378 -5.93458 1.31358
v 9.14520 -6.14258 1.39527
v 21.22378 -4.95750 1.10069
v 21.22378 -4.72630 1.88290
v 9.14520 -5.85429 2.39504
v 9.14520 -6.78603 2.75816
v 9.14520 -6.28531 3.84024
v 21.22378 -5.24219 3.12314
v 21.22378 -5.65804 2.24601
v 9.14520 -5.85429 2.39504
v 21.22378 -4.72630 1.88290
v 21.22378 -4.37872 2.61874
v 9.14520 -5.42184 3.33584
v 9.14520 -6.28531 3.84024
v 9.14520 -5.62983 4.82776
v 21.22378 -4.69726 3.92337
v 21.22378 -5.24219 3.12314
v 9.14520 -5.42184 3.33584
v 21.22378 -4.37872 2.61874
v 21.22378 -3.92333 3.29010
v 9.14520 -4.85589 4.19450
v 9.14520 -5.62983 4.82776
v 9.14520 -4.83572 5.69641
v 21.22378 -4.03667 4.62699
v 21.22378 -4.69726 3.92337
v 9.14520 -4.85589 4.19450
v 21.22378 -3.92333 3.29010
v 21.22378 -3.37133 3.88045
v 9.14520 -4.17038 4.94987
v 9.14520 -4.83572 5.69641
v 9.14521 -3.92254 6.42479
v 21.22378 -3.27668 5.21668
v 21.22378 -4.03667 4.62699
v 9.14520 -4.17038 4.94987
v 21.22378 -3.37133 3.88045
v 21.22378 -2.73631 4.37525
v 9.14520 -3.38217 5.58336
v 9.14521 -3.92254 6.42479
v 9.14521 -2.91277 6.99498
v 21.22378 -2.43600 5.67792
v 21.22378 -3.27668 5.21668
v 9.14520 -3.38217 5.58336
v 21.22378 -2.73631 4.37525
v 21.22378 -2.03392 4.76232
v 9.14520 -2.51069 6.07937
v 9.14521 -2.91277 6.99498
v 9.14521 -1.83128 7.39292
v 21.22378 -1.53535 5.99935
v 21.22378 -2.43600 5.67792
v 9.14520 -2.51069 6.07937
v 21.22378 -2.03392 4.76232
v 21.22378 -1.28145 5.03212
v 9.14521 -1.57738 6.42569
v 21.22377 -2.21301 -5.78379
v 21.22377 -3.07088 -5.36123
v 21.62377 -2.87427 -5.14496
v 21.62377 -2.07414 -5.54886
v 21.22377 -1.84990 -4.85205
v 21.62377 -1.71103 -4.61712
v 21.62377 -2.36987 -4.28149
v 21.22377 -2.56648 -4.49776
v 21.22377 -3.07088 -5.36123
v 21.22377 -3.85313 -4.80666
v 21.62377 -3.60363 -4.61437
v 21.62377 -2.87427 -5.14496
v 21.22377 -2.56648 -4.49776
v 21.62377 -2.36987 -4.28149
v 21.62377 -2.97036 -3.84043
v 21.22377 -3.21987 -4.03272
v 21.22377 -3.85313 -4.80666
v 21.22377 -4.54051 -4.13373
v 21.62377 -4.24425 -3.97016
v 21.62377 -3.60363 -4.61437
v 21.22377 -3.21987 -4.03272
v 21.62377 -2.97036 -3.84043
v 21.62377 -3.49771 -3.30481
v 21.22377 -3.79397 -3.46839
v 21.22377 -4.54051 -4.13373
v 21.22377 -5.11608 -3.35901
v 21.62377 -4.78036 -3.22819
v 21.62377 -4.24425 -3.97016
v 21.22377 -3.79397 -3.46839
v 21.62377 -3.49771 -3.30481
v 21.62377 -3.93893 -2.68782
v 21.22377 -4.27465 -2.81865
v 21.22377 -5.11608 -3.35901
v 21.22377 -5.56568 -2.50159
v 21.62377 -5.19877 -2.40673
v 21.62377 -4.78036 -3.22819
v 21.22377 -4.27465 -2.81865
v 21.62377 -3.93893 -2.68782
v 21.62377 -4.28317 -2.00465
v 21.22377 -4.65008 -2.09950
v 21.22377 -5.56568 -2.50159
v 21.22378 -5.87823 -1.58256
v 21.62378 -5.48916 -1.52601
v 21.62377 -5.19877 -2.40673
v 21.22377 -4.65008 -2.09950
v 21.62377 -4.28317 -2.00465
v 21.62378 -4.52193 -1.27211
v 21.22378 -4.91100 -1.32866
v 21.22378 -5.87823 -1.58256
v 21.22378 -6.04604 -0.62457
v 21.62378 -5.64440 -0.60772
v 21.62378 -5.48916 -1.52601
v 21.22378 -4.91100 -1.32866
v 21.62378 -4.52193 -1.27211
v 21.62378 -4.64936 -0.50825
v 21.22378 -5.05100 -0.52511
v 21.22378 -6.04604 -0.62457
v 21.22378 -6.06498 0.34880
v 21.62378 -5.66065 0.32554
v 21.62378 -5.64440 -0.60772
v 21.22378 -5.05100 -0.52511
v 21.62378 -4.64936 -0.50825
v 21.62378 -4.66230 0.26813
v 21.22378 -5.06663 0.29138
v 21.22378 -6.06498 0.34880
v 21.22378 -5.93458 1.31358
v 21.62378 -5.53751 1.25078
v 21.62378 -5.66065 0.32554
v 21.22378 -5.06663 0.29138
v 21.62378 -4.66230 0.26813
v 21.62378 -4.56043 1.03790
v 21.22378 -4.95750 1.10069
v 21.22378 -5.93458 1.31358
v 21.22378 -5.65804 2.24601
v 21.62378 -5.27803 2.14523
v 21.62378 -5.53751 1.25078
v 21.22378 -4.95750 1.10069
v 21.62378 -4.56043 1.03790
v 21.62378 -4.34628 1.78211
v 21.22378 -4.72630 1.88290
v 21.22378 -5.65804 2.24601
v 21.22378 -5.24219 3.12314
v 21.62378 -4.88858 2.98685
v 21.62378 -5.27803 2.14523
v 21.22378 -4.72630 1.88290
v 21.62378 -4.34628 1.78211
v 21.62378 -4.02511 2.48245
v 21.22378 -4.37872 2.61874
v 21.22378 -5.24219 3.12314
v 21.22378 -4.69726 3.92337
v 21.62378 -4.37875 3.75492
v 21.62378 -4.88858 2.98685
v 21.22378 -4.37872 2.61874
v 21.62378 -4.02511 2.48245
v 21.62378 -3.60482 3.12165
v 21.22378 -3.92333 3.29010
v 21.22378 -4.69726 3.92337
v 21.22378 -4.03667 4.62699
v 21.62378 -3.76111 4.43053
v 21.62378 -4.37875 3.75492
v 21.22378 -3.92333 3.29010
v 21.62378 -3.60482 3.12165
v 21.62378 -3.09577 3.68399
v 21.22378 -3.37133 3.88045
v 21.22378 -4.03667 4.62699
v 21.22378 -3.27668 5.21668
v 21.62378 -3.05086 4.99705
v 21.62378 -3.76111 4.43053
v 21.22378 -3.37133 3.88045
v 21.62378 -3.09577 3.68399
v 21.62378 -2.51050 4.15562
v 21.22378 -2.73631 4.37525
v 21.22378 -3.27668 5.21668
v 21.22378 -2.43600 5.67792
v 21.62378 -2.26549 5.44053
v 21.62378 -3.05086 4.99705
v 21.22378 -2.73631 4.37525
v 21.62378 -2.51050 4.15562
v 21.62378 -1.86340 4.52493
v 21.22378 -2.03392 4.76232
v 21.22378 -2.43600 5.67792
v 21.22378 -1.53535 5.99935
v 21.62378 -1.42433 5.75004
v 21.62378 -2.26549 5.44053
v 21.22378 -2.03392 4.76232
v 21.62378 -1.86340 4.52493
v 21.62378 -1.17043 4.78281
v 21.22378 -1.28145 5.03212
v 8.54520 -2.49362 -6.73933
v 8.54520 -2.13050 -5.80759
v 8.54520 -2.94908 -5.38608
v 8.54520 -3.45348 -6.24955
v 21.62377 -2.07414 -5.54886
v 21.62377 -2.87427 -5.14496
v 21.62377 -2.36987 -4.28149
v 21.62377 -1.71103 -4.61712
v 8.54520 -3.45348 -6.24955
v 8.54520 -2.94908 -5.38608
v 8.54520 -3.69504 -4.83195
v 8.54520 -4.32830 -5.60588
v 21.62377 -2.87427 -5.14496
v 21.62377 -3.60363 -4.61437
v 21.62377 -2.97036 -3.84043
v 21.62377 -2.36987 -4.28149
v 8.54520 -4.32830 -5.60588
v 8.54520 -3.69504 -4.83195
v 8.54520 -4.35001 -4.15884
v 8.54520 -5.09655 -4.82418
v 21.62377 -3.60363 -4.61437
v 21.62377 -4.24425 -3.97016
v 21.62377 -3.49771 -3.30481
v 21.62377 -2.97036 -3.84043
v 8.54520 -5.09655 -4.82418
v 8.54520 -4.35001 -4.15884
v 8.54520 -4.89787 -3.38333
v 8.54520 -5.73931 -3.92369
v 21.62377 -4.24425 -3.97016
v 21.62377 -4.78036 -3.22819
v 21.62377 -3.93893 -2.68782
v 21.62377 -3.49771 -3.30481
v 8.54520 -5.73931 -3.92369
v 8.54520 -4.89787 -3.38333
v 8.54520 -5.32514 -2.52451
v 8.54520 -6.24074 -2.92659
v 21.62377 -4.78036 -3.22819
v 21.62377 -5.19877 -2.40673
v 21.62377 -4.28317 -2.00465
v 21.62377 -3.93893 -2.68782
v 8.54520 -6.24074 -2.92659
v 8.54520 -5.32514 -2.52451
v 8.54520 -5.62127 -1.60353
v 8.54520 -6.58850 -1.85743
v 21.62377 -5.19877 -2.40673
v 21.62378 -5.48916 -1.52601
v 21.62378 -4.52193 -1.27211
v 21.62377 -4.28317 -2.00465
v 8.54520 -6.58850 -1.85743
v 8.54520 -5.62127 -1.60353
v 8.54520 -5.77900 -0.64306
v 8.54520 -6.77404 -0.74252
v 21.62378 -5.48916 -1.52601
v 21.62378 -5.64440 -0.60772
v 21.62378 -4.64936 -0.50825
v 21.62378 -4.52193 -1.27211
v 8.54520 -6.77404 -0.74252
v 8.54520 -5.77900 -0.64306
v 8.54520 -5.79443 0.33324
v 8.54520 -6.79278 0.39066
v 21.62378 -5.64440 -0.60772
v 21.62378 -5.66065 0.32554
v 21.62378 -4.66230 0.26813
v 21.62378 -4.64936 -0.50825
v 8.54520 -6.79278 0.39066
v 8.54520 -5.79443 0.33324
v 8.54520 -5.66717 1.30134
v 8.54520 -6.64425 1.51422
v 21.62378 -5.66065 0.32554
v 21.62378 -5.53751 1.25078
v 21.62378 -4.56043 1.03790
v 21.62378 -4.66230 0.26813
v 8.54520 -6.64425 1.51422
v 8.54520 -5.66717 1.30134
v 8.54520 -5.40038 2.23739
v 8.54520 -6.33212 2.60050
v 21.62378 -5.53751 1.25078
v 21.62378 -5.27803 2.14523
v 21.62378 -4.34628 1.78211
v 21.62378 -4.56043 1.03790
v 8.54520 -6.33212 2.60050
v 8.54520 -5.40038 2.23739
v 8.54520 -5.00061 3.11835
v 8.54520 -5.86408 3.62275
v 21.62378 -5.27803 2.14523
v 21.62378 -4.88858 2.98685
v 21.62378 -4.02511 2.48245
v 21.62378 -4.34628 1.78211
v 8.54520 -5.86408 3.62275
v 8.54520 -5.00061 3.11835
v 8.54520 -4.47770 3.92252
v 8.54520 -5.25164 4.55579
v 21.62378 -4.88858 2.98685
v 21.62378 -4.37875 3.75492
v 21.62378 -3.60482 3.12165
v 21.62378 -4.02511 2.48245
v 8.54520 -5.25164 4.55579
v 8.54520 -4.47770 3.92252
v 8.54521 -3.84454 4.63011
v 8.54521 -4.50988 5.37665
v 21.62378 -4.37875 3.75492
v 21.62378 -3.76111 4.43053
v 21.62378 -3.09577 3.68399
v 21.62378 -3.60482 3.12165
v 8.54521 -4.50988 5.37665
v 8.54521 -3.84454 4.63011
v 8.54521 -3.11672 5.22369
v 8.54521 -3.65709 6.06513
v 21.62378 -3.76111 4.43053
v 21.62378 -3.05086 4.99705
v 21.62378 -2.51050 4.15562
v 21.62378 -3.09577 3.68399
v 8.54521 -3.65709 6.06513
v 8.54521 -3.11672 5.22369
v 8.54521 -2.31215 5.68865
v 8.54521 -2.71424 6.60425
v 21.62378 -3.05086 4.99705
v 21.62378 -2.26549 5.44053
v 21.62378 -1.86340 4.52493
v 21.62378 -2.51050 4.15562
v 8.54521 -2.71424 6.60425
v 8.54521 -2.31215 5.68865
v 8.54521 -1.45065 6.01353
v 8.54521 -1.70455 6.98076
v 21.62378 -2.26549 5.44053
v 21.62378 -1.42433 5.75004
v 21.62378 -1.17043 4.78281
v 21.62378 -1.86340 4.52493
v 8.54520 -2.49362 -6.73933
v 9.14520 -2.66676 -7.13424
v 9.14520 -2.30364 -6.20250
v 8.54520 -2.13050 -5.80759
v 8.54521 -1.45065 6.01353
v 9.14521 -1.57738 6.42569
v 9.14521 -1.83128 7.39292
v 8.54521 -1.70455 6.98076
v 9.14520 -2.66676 -7.13424
v 21.22377 -2.21301 -5.78379
v 21.22377 -1.84990 -4.85205
v 9.14520 -2.30364 -6.20250
v 9.14521 -1.57738 6.42569
v 21.22378 -1.28145 5.03212
v 21.22378 -1.53535 5.99935
v 9.14521 -1.83128 7.39292
v 21.22377 -2.21301 -5.78379
v 21.62377 -2.07414 -5.54886
v 21.62377 -1.71103 -4.61712
v 21.22377 -1.84990 -4.85205
v 21.22378 -1.28145 5.03212
v 21.62378 -1.17043 4.78281
v 21.62378 -1.42433 5.75004
v 21.22378 -1.53535 5.99935
v 8.54520 -8.28631 0.47655
v 8.54520 -8.02964 2.16188
v 8.84520 -8.22323 2.21210
v 8.84520 -8.48598 0.48804
v 8.54520 -7.48763 0.43062
v 8.84520 -7.68730 0.44210
v 8.84520 -7.44886 2.01123
v 8.54520 -7.25526 1.96102
v 8.54520 -8.02964 2.16188
v 8.54520 -7.46439 3.76413
v 8.84520 -7.64447 3.85115
v 8.84520 -8.22323 2.21210
v 8.54520 -7.25526 1.96102
v 8.84520 -7.44886 2.01123
v 8.84520 -6.92416 3.50307
v 8.54520 -6.74408 3.41605
v 8.54520 -7.46439 3.76413
v 8.54521 -6.61229 5.22173
v 8.84521 -6.77193 5.34221
v 8.84520 -7.64447 3.85115
v 8.54520 -6.74408 3.41605
v 8.84520 -6.92416 3.50307
v 8.84520 -6.13337 4.86029
v 8.54521 -5.97373 4.73981
v 8.54521 -6.61229 5.22173
v 8.54521 -5.50609 6.47865
v 8.84521 -5.63915 6.62796
v 8.84521 -6.77193 5.34221
v 8.54521 -5.97373 4.73981
v 8.84520 -6.13337 4.86029
v 8.84521 -5.10688 6.03073
v 8.54521 -4.97381 5.88142
v 8.54521 -5.50609 6.47865
v 8.54521 -4.18829 7.48661
v 8.84521 -4.28967 7.65901
v 8.84521 -5.63915 6.62796
v 8.54521 -4.97381 5.88142
v 8.84521 -5.10688 6.03073
v 8.84521 -3.88414 6.96941
v 8.54521 -3.78275 6.79701
v 8.54521 -4.18829 7.48661
v 8.54521 -2.70953 8.20686
v 8.84521 -2.77533 8.39572
v 8.84521 -4.28967 7.65901
v 8.54521 -3.78275 6.79701
v 8.84521 -3.88414 6.96941
v 8.84521 -2.51213 7.64026
v 8.54521 -2.44633 7.45140
v 8.54521 -2.70953 8.20686
v 8.54521 -1.12665 8.61172
v 8.84521 -1.15434 8.80980
v 8.84521 -2.77533 8.39572
v 8.54521 -2.44633 7.45140
v 8.84521 -2.51213 7.64026
v 8.84521 -1.04358 8.01750
v 8.54521 -1.01589 7.81943
v 8.54521 -1.12665 8.61172
v 8.54521 0.49953 8.68564
v 8.84521 0.51101 8.88531
v 8.84521 -1.15434 8.80980
v 8.54521 -1.01589 7.81943
v 8.84521 -1.04358 8.01750
v 8.84521 0.46508 8.08663
v 8.54521 0.45359 7.88696
v 8.54521 0.49953 8.68564
v 8.54521 2.10651 8.42578
v 8.84521 2.15672 8.61937
v 8.84521 0.51101 8.88531
v 8.54521 0.45359 7.88696
v 8.84521 0.46508 8.08663
v 8.84521 1.95586 7.84500
v 8.54521 1.90564 7.65141
v 8.54521 2.10651 8.42578
v 8.54521 3.63253 7.84212
v 8.84521 3.71955 8.02219
v 8.84521 2.15672 8.61937
v 8.54521 1.90564 7.65141
v 8.84521 1.95586 7.84500
v 8.84521 3.37148 7.30189
v 8.54521 3.28446 7.12181
v 8.54521 3.63253 7.84212
v 8.54521 5.01897 6.95709
v 8.84521 5.13945 7.11672
v 8.84521 3.71955 8.02219
v 8.54521 3.28446 7.12181
v 8.84521 3.37148 7.30189
v 8.84521 4.65753 6.47817
v 8.54521 4.53705 6.31853
v 8.54521 5.01897 6.95709
v 8.54521 6.21252 5.80470
v 8.84521 6.36183 5.93777
v 8.84521 5.13945 7.11672
v 8.54521 4.53705 6.31853
v 8.84521 4.65753 6.47817
v 8.84521 5.76460 5.40549
v 8.54521 5.61529 5.27243
v 8.54521 6.21252 5.80470
v 8.54520 7.16733 4.42924
v 8.84520 7.33973 4.53062
v 8.84521 6.36183 5.93777
v 8.54521 5.61529 5.27243
v 8.84521 5.76460 5.40549
v 8.84520 6.65014 4.12509
v 8.54520 6.47774 4.02371
v 8.54520 7.16733 4.42924
v 8.54520 7.84671 2.88357
v 8.84520 8.03558 2.94937
v 8.84520 7.33973 4.53062
v 8.54520 6.47774 4.02371
v 8.84520 6.65014 4.12509
v 8.84520 7.28011 2.68616
v 8.54520 7.09125 2.62036
v 8.54520 7.84671 2.88357
v 8.54520 8.22454 1.22708
v 8.84520 8.42262 1.25477
v 8.84520 8.03558 2.94937
v 8.54520 7.09125 2.62036
v 8.84520 7.28011 2.68616
v 8.84520 7.63032 1.14401
v 8.54520 7.43225 1.11632
v 8.54520 8.22454 1.22708
v 8.54520 8.28631 -0.47656
v 8.84520 8.48598 -0.48805
v 8.84520 8.42262 1.25477
v 8.54520 7.43225 1.11632
v 8.84520 7.63032 1.14401
v 8.84520 7.68730 -0.44211
v 8.54520 7.48763 -0.43063
v 8.54520 8.28631 -0.47656
v 8.54520 8.02964 -2.16189
v 8.84520 8.22323 -2.21211
v 8.84520 8.48598 -0.48805
v 8.54520 7.48763 -0.43063
v 8.84520 7.68730 -0.44211
v 8.84520 7.44886 -2.01124
v 8.54520 7.25526 -1.96103
v 8.54520 8.02964 -2.16189
v 8.54520 7.46439 -3.76414
v 8.84520 7.64447 -3.85116
v 8.84520 8.22323 -2.21211
v 8.54520 7.25526 -1.96103
v 8.84520 7.44886 -2.01124
v 8.84520 6.92416 -3.50308
v 8.54520 6.74408 -3.41606
v 8.54520 7.46439 -3.76414
v 8.54520 6.61229 -5.22174
v 8.84520 6.77193 -5.34222
v 8.84520 7.64447 -3.85116
v 8.54520 6.74408 -3.41606
v 8.84520 6.92416 -3.50308
v 8.84520 6.13337 -4.86030
v 8.54520 5.97373 -4.73982
v 8.54520 6.61229 -5.22174
v 8.54520 5.50609 -6.47866
v 8.84520 5.63915 -6.62797
v 8.84520 6.77193 -5.34222
v 8.54520 5.97373 -4.73982
v 8.84520 6.13337 -4.86030
v 8.84520 5.10688 -6.03074
v 8.54520 4.97381 -5.88143
v 8.54520 5.50609 -6.47866
v 8.54520 4.18829 -7.48662
v 8.84520 4.28967 -7.65902
v 8.84520 5.63915 -6.62797
v 8.54520 4.97381 -5.88143
v 8.84520 5.10688 -6.03074
v 8.84520 3.88414 -6.96942
v 8.54520 3.78275 -6.79702
v 8.54520 4.18829 -7.48662
v 8.54520 2.70953 -8.20687
v 8.84520 2.77533 -8.39573
v 8.84520 4.28967 -7.65902
v 8.54520 3.78275 -6.79702
v 8.84520 3.88414 -6.96942
v 8.84520 2.51213 -7.64027
v 8.54520 2.44633 -7.45141
v 8.54520 2.70953 -8.20687
v 8.54520 1.12665 -8.61173
v 8.84520 1.15434 -8.80981
v 8.84520 2.77533 -8.39573
v 8.54520 2.44633 -7.45141
v 8.84520 2.51213 -7.64027
v 8.84520 1.04358 -8.01751
v 8.54520 1.01589 -7.81944
v 8.54520 1.12665 -8.61173
v 8.54520 -0.49953 -8.68565
v 8.84520 -0.51101 -8.88532
v 8.84520 1.15434 -8.80981
v 8.54520 1.01589 -7.81944
v 8.84520 1.04358 -8.01751
v 8.84520 -0.46508 -8.08664
v 8.54520 -0.45359 -7.88697
v 8.54520 -0.49953 -8.68565
v 8.54520 -2.10651 -8.42579
v 8.84520 -2.15672 -8.61938
v 8.84520 -0.51101 -8.88532
v 8.54520 -0.45359 -7.88697
v 8.84520 -0.46508 -8.08664
v 8.84520 -1.95586 -7.84501
v 8.54520 -1.90564 -7.65141
v 8.54520 -2.10651 -8.42579
v 8.54520 -3.63253 -7.84213
v 8.84520 -3.71955 -8.02220
v 8.84520 -2.15672 -8.61938
v 8.54520 -1.90564 -7.65141
v 8.84520 -1.95586 -7.84501
v 8.84520 -3.37147 -7.30190
v 8.54520 -3.28446 -7.12182
v 8.54520 -3.63253 -7.84213
v 8.54520 -5.01897 -6.95710
v 8.84520 -5.13944 -7.11673
v 8.84520 -3.71955 -8.02220
v 8.54520 -3.28446 -7.12182
v 8.84520 -3.37147 -7.30190
v 8.84520 -4.65753 -6.47818
v 8.54520 -4.53705 -6.31854
v 8.54520 -5.01897 -6.95710
v 8.54520 -6.21252 -5.80471
v 8.84520 -6.36183 -5.93777
v 8.84520 -5.13944 -7.11673
v 8.54520 -4.53705 -6.31854
v 8.84520 -4.65753 -6.47818
v 8.84520 -5.76460 -5.40550
v 8.54520 -5.61529 -5.27243
v 8.54520 -6.21252 -5.80471
v 8.54520 -7.16734 -4.42925
v 8.84520 -7.33973 -4.53063
v 8.84520 -6.36183 -5.93777
v 8.54520 -5.61529 -5.27243
v 8.84520 -5.76460 -5.40550
v 8.84520 -6.65014 -4.12510
v 8.54520 -6.47774 -4.02372
v 8.54520 -7.16734 -4.42925
v 8.54520 -7.84671 -2.88358
v 8.84520 -8.03558 -2.94938
v 8.84520 -7.33973 -4.53063
v 8.54520 -6.47774 -4.02372
v 8.84520 -6.65014 -4.12510
v 8.84520 -7.28011 -2.68617
v 8.54520 -7.09125 -2.62037
v 8.54520 -7.84671 -2.88358
v 8.54520 -8.22454 -1.22709
v 8.84520 -8.42262 -1.25478
v 8.84520 -8.03558 -2.94938
v 8.54520 -7.09125 -2.62037
v 8.84520 -7.28011 -2.68617
v 8.84520 -7.63032 -1.14402
v 8.54520 -7.43225 -1.11632
v 8.54520 -8.22454 -1.22709
v 8.54520 -8.28631 0.47656
v 8.84520 -8.48598 0.48804
v 8.84520 -8.42262 -1.25478
v 8.54520 -7.43225 -1.11632
v 8.84520 -7.63032 -1.14402
v 8.84520 -7.68730 0.44210
v 8.54520 -7.48763 0.43062
v 8.84520 -8.48598 0.48804
v 8.84520 -8.22323 2.21210
v 10.04520 -8.22323 2.21210
v 10.04520 -8.48598 0.48804
v 8.84520 -7.68730 0.44210
v 10.04520 -7.68730 0.44210
v 10.04520 -7.44886 2.01123
v 8.84520 -7.44886 2.01123
v 8.84520 -8.22323 2.21210
v 8.84520 -7.64447 3.85115
v 10.04520 -7.64447 3.85115
v 10.04520 -8.22323 2.21210
v 8.84520 -7.44886 2.01123
v 10.04520 -7.44886 2.01123
v 10.04520 -6.92416 3.50307
v 8.84520 -6.92416 3.50307
v 8.84520 -7.64447 3.85115
v 8.84521 -6.77193 5.34221
v 10.04521 -6.77193 5.34220
v 10.04520 -7.64447 3.85115
v 8.84520 -6.92416 3.50307
v 10.04520 -6.92416 3.50307
v 10.04521 -6.13337 4.86029
v 8.84520 -6.13337 4.86029
v 8.84521 -6.77193 5.34221
v 8.84521 -5.63915 6.62796
v 10.04521 -5.63915 6.62796
v 10.04521 -6.77193 5.34220
v 8.84520 -6.13337 4.86029
v 10.04521 -6.13337 4.86029
v 10.04521 -5.10688 6.03073
v 8.84521 -5.10688 6.03073
v 8.84521 -5.63915 6.62796
v 8.84521 -4.28967 7.65901
v 10.04521 -4.28967 7.65901
v 10.04521 -5.63915 6.62796
v 8.84521 -5.10688 6.03073
v 10.04521 -5.10688 6.03073
v 10.04521 -3.88414 6.96941
v 8.84521 -3.88414 6.96941
v 8.84521 -4.28967 7.65901
v 8.84521 -2.77533 8.39572
v 10.04521 -2.77533 8.39572
v 10.04521 -4.28967 7.65901
v 8.84521 -3.88414 6.96941
v 10.04521 -3.88414 6.96941
v 10.04521 -2.51213 7.64026
v 8.84521 -2.51213 7.64026
v 8.84521 -2.77533 8.39572
v 8.84521 -1.15434 8.80980
v 10.04521 -1.15434 8.80980
v 10.04521 -2.77533 8.39572
v 8.84521 -2.51213 7.64026
v 10.04521 -2.51213 7.64026
v 10.04521 -1.04358 8.01750
v 8.84521 -1.04358 8.01750
v 8.84521 -1.15434 8.80980
v 8.84521 0.51101 8.88531
v 10.04521 0.51101 8.88531
v 10.04521 -1.15434 8.80980
v 8.84521 -1.04358 8.01750
v 10.04521 -1.04358 8.01750
v 10.04521 0.46508 8.08663
v 8.84521 0.46508 8.08663
v 8.84521 0.51101 8.88531
v 8.84521 2.15672 8.61937
v 10.04521 2.15672 8.61937
v 10.04521 0.51101 8.88531
v 8.84521 0.46508 8.08663
v 10.04521 0.46508 8.08663
v 10.04521 1.95586 7.84500
v 8.84521 1.95586 7.84500
v 8.84521 2.15672 8.61937
v 8.84521 3.71955 8.02219
v 10.04521 3.71955 8.02219
v 10.04521 2.15672 8.61937
v 8.84521 1.95586 7.84500
v 10.04521 1.95586 7.84500
v 10.04521 3.37148 7.30189
v 8.84521 3.37148 7.30189
v 8.84521 3.71955 8.02219
v 8.84521 5.13945 7.11672
v 10.04521 5.13945 7.11672
v 10.04521 3.71955 8.02219
v 8.84521 3.37148 7.30189
v 10.04521 3.37148 7.30189
v 10.04521 4.65753 6.47817
v 8.84521 4.65753 6.47817
v 8.84521 5.13945 7.11672
v 8.84521 6.36183 5.93777
v 10.04521 6.36183 5.93777
v 10.04521 5.13945 7.11672
v 8.84521 4.65753 6.47817
v 10.04521 4.65753 6.47817
v 10.04521 5.76460 5.40549
v 8.84521 5.76460 5.40549
v 8.84521 6.36183 5.93777
v 8.84520 7.33973 4.53062
v 10.04520 7.33973 4.53062
v 10.04521 6.36183 5.93777
v 8.84521 5.76460 5.40549
v 10.04521 5.76460 5.40549
v 10.04520 6.65014 4.12509
v 8.84520 6.65014 4.12509
v 8.84520 7.33973 4.53062
v 8.84520 8.03558 2.94937
v 10.04520 8.03558 2.94937
v 10.04520 7.33973 4.53062
v 8.84520 6.65014 4.12509
v 10.04520 6.65014 4.12509
v 10.04520 7.28011 2.68616
v 8.84520 7.28011 2.68616
v 8.84520 8.03558 2.94937
v 8.84520 8.42262 1.25477
v 10.04520 8.42262 1.25477
v 10.04520 8.03558 2.94937
v 8.84520 7.28011 2.68616
v 10.04520 7.28011 2.68616
v 10.04520 7.63032 1.14401
v 8.84520 7.63032 1.14401
v 8.84520 8.42262 1.25477
v 8.84520 8.48598 -0.48805
v 10.04520 8.48598 -0.48805
v 10.04520 8.42262 1.25477
v 8.84520 7.63032 1.14401
v 10.04520 7.63032 1.14401
v 10.04520 7.68730 -0.44211
v 8.84520 7.68730 -0.44211
v 8.84520 8.48598 -0.48805
v 8.84520 8.22323 -2.21211
v 10.04520 8.22323 -2.21211
v 10.04520 8.48598 -0.48805
v 8.84520 7.68730 -0.44211
v 10.04520 7.68730 -0.44211
v 10.04520 7.44886 -2.01124
v 8.84520 7.44886 -2.01124
v 8.84520 8.22323 -2.21211
v 8.84520 7.64447 -3.85116
v 10.04520 7.64447 -3.85116
v 10.04520 8.22323 -2.21211
v 8.84520 7.44886 -2.01124
v 10.04520 7.44886 -2.01124
v 10.04520 6.92416 -3.50308
v 8.84520 6.92416 -3.50308
v 8.84520 7.64447 -3.85116
v 8.84520 6.77193 -5.34222
v 10.04520 6.77193 -5.34222
v 10.04520 7.64447 -3.85116
v 8.84520 6.92416 -3.50308
v 10.04520 6.92416 -3.50308
v 10.04520 6.13337 -4.86030
v 8.84520 6.13337 -4.86030
v 8.84520 6.77193 -5.34222
v 8.84520 5.63915 -6.62797
v 10.04520 5.63915 -6.62797
v 10.04520 6.77193 -5.34222
v 8.84520 6.13337 -4.86030
v 10.04520 6.13337 -4.86030
v 10.04520 5.10688 -6.03074
v 8.84520 5.10688 -6.03074
v 8.84520 5.63915 -6.62797
v 8.84520 4.28967 -7.65902
v 10.04520 4.28967 -7.65902
v 10.04520 5.63915 -6.62797
v 8.84520 5.10688 -6.03074
v 10.04520 5.10688 -6.03074
v 10.04520 3.88414 -6.96942
v 8.84520 3.88414 -6.96942
v 8.84520 4.28967 -7.65902
v 8.84520 2.77533 -8.39573
v 10.04520 2.77533 -8.39573
v 10.04520 4.28967 -7.65902
v 8.84520 3.88414 -6.96942
v 10.04520 3.88414 -6.96942
v 10.04520 2.51213 -7.64027
v 8.84520 2.51213 -7.64027
v 8.84520 2.77533 -8.39573
v 8.84520 1.15434 -8.80981
v 10.04520 1.15434 -8.80981
v 10.04520 2.77533 -8.39573
v 8.84520 2.51213 -7.64027
v 10.04520 2.51213 -7.64027
v 10.04520 1.04358 -8.01751
v 8.84520 1.04358 -8.01751
v 8.84520 1.15434 -8.80981
v 8.84520 -0.51101 -8.88532
v 10.04520 -0.51101 -8.88532
v 10.04520 1.15434 -8.80981
v 8.84520 1.04358 -8.01751
v 10.04520 1.04358 -8.01751
v 10.04520 -0.46508 -8.08664
v 8.84520 -0.46508 -8.08664
v 8.84520 -0.51101 -8.88532
v 8.84520 -2.15672 -8.61938
v 10.04520 -2.15672 -8.61938
v 10.04520 -0.51101 -8.88532
v 8.84520 -0.46508 -8.08664
v 10.04520 -0.46508 -8.08664
v 10.04520 -1.95586 -7.84501
v 8.84520 -1.95586 -7.84501
v 8.84520 -2.15672 -8.61938
v 8.84520 -3.71955 -8.02220
v 10.04520 -3.71955 -8.02220
v 10.04520 -2.15672 -8.61938
v 8.84520 -1.95586 -7.84501
v 10.04520 -1.95586 -7.84501
v 10.04520 -3.37147 -7.30190
v 8.84520 -3.37147 -7.30190
v 8.84520 -3.71955 -8.02220
v 8.84520 -5.13944 -7.11673
v 10.04520 -5.13944 -7.11674
v 10.04520 -3.71955 -8.02220
v 8.84520 -3.37147 -7.30190
v 10.04520 -3.37147 -7.30190
v 10.04520 -4.65753 -6.47818
v 8.84520 -4.65753 -6.47818
v 8.84520 -5.13944 -7.11673
v 8.84520 -6.36183 -5.93777
v 10.04520 -6.36183 -5.93778
v 10.04520 -5.13944 -7.11674
v 8.84520 -4.65753 -6.47818
v 10.04520 -4.65753 -6.47818
v 10.04520 -5.76460 -5.40550
v 8.84520 -5.76460 -5.40550
v 8.84520 -6.36183 -5.93777
v 8.84520 -7.33973 -4.53063
v 10.04520 -7.33973 -4.53063
v 10.04520 -6.36183 -5.93778
v 8.84520 -5.76460 -5.40550
v 10.04520 -5.76460 -5.40550
v 10.04520 -6.65014 -4.12510
v 8.84520 -6.65014 -4.12510
v 8.84520 -7.33973 -4.53063
v 8.84520 -8.03558 -2.94938
v 10.04520 -8.03558 -2.94938
v 10.04520 -7.33973 -4.53063
v 8.84520 -6.65014 -4.12510
v 10.04520 -6.65014 -4.12510
v 10.04520 -7.28011 -2.68617
v 8.84520 -7.28011 -2.68617
v 8.84520 -8.03558 -2.94938
v 8.84520 -8.42262 -1.25478
v 10.04520 -8.42262 -1.25478
v 10.04520 -8.03558 -2.94938
v 8.84520 -7.28011 -2.68617
v 10.04520 -7.28011 -2.68617
v 10.04520 -7.63032 -1.14402
v 8.84520 -7.63032 -1.14402
v 8.84520 -8.42262 -1.25478
v 8.84520 -8.48598 0.48804
v 10.04520 -8.48598 0.48804
v 10.04520 -8.42262 -1.25478
v 8.84520 -7.63032 -1.14402
v 10.04520 -7.63032 -1.14402
v 10.04520 -7.68730 0.44210
v 8.84520 -7.68730 0.44210
v 10.04520 -8.48598 0.48804
v 10.04520 -8.22323 2.21210
v 10.34520 -8.02964 2.16188
v 10.34520 -8.28631 0.47655
v 10.04520 -7.68730 0.44210
v 10.34520 -7.48763 0.43062
v 10.34520 -7.25526 1.96102
v 10.04520 -7.44886 2.01123
v 10.04520 -8.22323 2.21210
v 10.04520 -7.64447 3.85115
v 10.34520 -7.46439 3.76413
v 10.34520 -8.02964 2.16188
v 10.04520 -7.44886 2.01123
v 10.34520 -7.25526 1.96102
v 10.34520 -6.74408 3.41605
v 10.04520 -6.92416 3.50307
v 10.04520 -7.64447 3.85115
v 10.04521 -6.77193 5.34220
v 10.34521 -6.61229 5.22173
v 10.34520 -7.46439 3.76413
v 10.04520 -6.92416 3.50307
v 10.34520 -6.74408 3.41605
v 10.34520 -5.97373 4.73981
v 10.04521 -6.13337 4.86029
v 10.04521 -6.77193 5.34220
v 10.04521 -5.63915 6.62796
v 10.34521 -5.50609 6.47865
v 10.34521 -6.61229 5.22173
v 10.04521 -6.13337 4.86029
v 10.34520 -5.97373 4.73981
v 10.34521 -4.97381 5.88142
v 10.04521 -5.10688 6.03073
v 10.04521 -5.63915 6.62796
v 10.04521 -4.28967 7.65901
v 10.34521 -4.18829 7.48661
v 10.34521 -5.50609 6.47865
v 10.04521 -5.10688 6.03073
v 10.34521 -4.97381 5.88142
v 10.34521 -3.78275 6.79701
v 10.04521 -3.88414 6.96941
v 10.04521 -4.28967 7.65901
v 10.04521 -2.77533 8.39572
v 10.34521 -2.70953 8.20686
v 10.34521 -4.18829 7.48661
v 10.04521 -3.88414 6.96941
v 10.34521 -3.78275 6.79701
v 10.34521 -2.44633 7.45140
v 10.04521 -2.51213 7.64026
v 10.04521 -2.77533 8.39572
v 10.04521 -1.15434 8.80980
v 10.34521 -1.12665 8.61172
v 10.34521 -2.70953 8.20686
v 10.04521 -2.51213 7.64026
v 10.34521 -2.44633 7.45140
v 10.34521 -1.01589 7.81943
v 10.04521 -1.04358 8.01750
v 10.04521 -1.15434 8.80980
v 10.04521 0.51101 8.88531
v 10.34521 0.49953 8.68564
v 10.34521 -1.12665 8.61172
v 10.04521 -1.04358 8.01750
v 10.34521 -1.01589 7.81943
v 10.34521 0.45359 7.88696
v 10.04521 0.46508 8.08663
v 10.04521 0.51101 8.88531
v 10.04521 2.15672 8.61937
v 10.34521 2.10651 8.42578
v 10.34521 0.49953 8.68564
v 10.04521 0.46508 8.08663
v 10.34521 0.45359 7.88696
v 10.34521 1.90564 7.65140
v 10.04521 1.95586 7.84500
v 10.04521 2.15672 8.61937
v 10.04521 3.71955 8.02219
v 10.34521 3.63253 7.84212
v 10.34521 2.10651 8.42578
v 10.04521 1.95586 7.84500
v 10.34521 1.90564 7.65140
v 10.34521 3.28446 7.12181
v 10.04521 3.37148 7.30189
v 10.04521 3.71955 8.02219
v 10.04521 5.13945 7.11672
v 10.34521 5.01897 6.95708
v 10.34521 3.63253 7.84212
v 10.04521 3.37148 7.30189
v 10.34521 3.28446 7.12181
v 10.34521 4.53705 6.31853
v 10.04521 4.65753 6.47817
v 10.04521 5.13945 7.11672
v 10.04521 6.36183 5.93777
v 10.34521 6.21252 5.80470
v 10.34521 5.01897 6.95708
v 10.04521 4.65753 6.47817
v 10.34521 4.53705 6.31853
v 10.34521 5.61529 5.27242
v 10.04521 5.76460 5.40549
v 10.04521 6.36183 5.93777
v 10.04520 7.33973 4.53062
v 10.34520 7.16733 4.42924
v 10.34521 6.21252 5.80470
v 10.04521 5.76460 5.40549
v 10.34521 5.61529 5.27242
v 10.34520 6.47774 4.02371
v 10.04520 6.65014 4.12509
v 10.04520 7.33973 4.53062
v 10.04520 8.03558 2.94937
v 10.34520 7.84671 2.88357
v 10.34520 7.16733 4.42924
v 10.04520 6.65014 4.12509
v 10.34520 6.47774 4.02371
v 10.34520 7.09125 2.62036
v 10.04520 7.28011 2.68616
v 10.04520 8.03558 2.94937
v 10.04520 8.42262 1.25477
v 10.34520 8.22454 1.22708
v 10.34520 7.84671 2.88357
v 10.04520 7.28011 2.68616
v 10.34520 7.09125 2.62036
v 10.34520 7.43225 1.11631
v 10.04520 7.63032 1.14401
v 10.04520 8.42262 1.25477
v 10.04520 8.48598 -0.48805
v 10.34520 8.28631 -0.47656
v 10.34520 8.22454 1.22708
v 10.04520 7.63032 1.14401
v 10.34520 7.43225 1.11631
v 10.34520 7.48763 -0.43063
v 10.04520 7.68730 -0.44211
v 10.04520 8.48598 -0.48805
v 10.04520 8.22323 -2.21211
v 10.34520 8.02964 -2.16189
v 10.34520 8.28631 -0.47656
v 10.04520 7.68730 -0.44211
v 10.34520 7.48763 -0.43063
v 10.34520 7.25526 -1.96103
v 10.04520 7.44886 -2.01124
v 10.04520 8.22323 -2.21211
v 10.04520 7.64447 -3.85116
v 10.34520 7.46439 -3.76414
v 10.34520 8.02964 -2.16189
v 10.04520 7.44886 -2.01124
v 10.34520 7.25526 -1.96103
v 10.34520 6.74408 -3.41606
v 10.04520 6.92416 -3.50308
v 10.04520 7.64447 -3.85116
v 10.04520 6.77193 -5.34222
v 10.34520 6.61229 -5.22174
v 10.34520 7.46439 -3.76414
v 10.04520 6.92416 -3.50308
v 10.34520 6.74408 -3.41606
v 10.34520 5.97373 -4.73982
v 10.04520 6.13337 -4.86030
v 10.04520 6.77193 -5.34222
v 10.04520 5.63915 -6.62797
v 10.34520 5.50609 -6.47866
v 10.34520 6.61229 -5.22174
v 10.04520 6.13337 -4.86030
v 10.34520 5.97373 -4.73982
v 10.34520 4.97381 -5.88143
v 10.04520 5.10688 -6.03074
v 10.04520 5.63915 -6.62797
v 10.04520 4.28967 -7.65902
v 10.34520 4.18829 -7.48662
v 10.34520 5.50609 -6.47866
v 10.04520 5.10688 -6.03074
v 10.34520 4.97381 -5.88143
v 10.34520 3.78275 -6.79702
v 10.04520 3.88414 -6.96942
v 10.04520 4.28967 -7.65902
v 10.04520 2.77533 -8.39573
v 10.34520 2.70953 -8.20687
v 10.34520 4.18829 -7.48662
v 10.04520 3.88414 -6.96942
v 10.34520 3.78275 -6.79702
v 10.34520 2.44633 -7.45141
v 10.04520 2.51213 -7.64027
v 10.04520 2.77533 -8.39573
v 10.04520 1.15434 -8.80981
v 10.34520 1.12665 -8.61173
v 10.34520 2.70953 -8.20687
v 10.04520 2.51213 -7.64027
v 10.34520 2.44633 -7.45141
v 10.34520 1.01589 -7.81944
v 10.04520 1.04358 -8.01751
v 10.04520 1.15434 -8.80981
v 10.04520 -0.51101 -8.88532
v 10.34520 -0.49953 -8.68565
v 10.34520 1.12665 -8.61173
v 10.04520 1.04358 -8.01751
v 10.34520 1.01589 -7.81944
v 10.34520 -0.45359 -7.88697
v 10.04520 -0.46508 -8.08664
v 10.04520 -0.51101 -8.88532
v 10.04520 -2.15672 -8.61938
v 10.34520 -2.10651 -8.42579
v 10.34520 -0.49953 -8.68565
v 10.04520 -0.46508 -8.08664
v 10.34520 -0.45359 -7.88697
v 10.34520 -1.90564 -7.65142
v 10.04520 -1.95586 -7.84501
v 10.04520 -2.15672 -8.61938
v 10.04520 -3.71955 -8.02220
v 10.34520 -3.63253 -7.84213
v 10.34520 -2.10651 -8.42579
v 10.04520 -1.95586 -7.84501
v 10.34520 -1.90564 -7.65142
v 10.34520 -3.28446 -7.12182
v 10.04520 -3.37147 -7.30190
v 10.04520 -3.71955 -8.02220
v 10.04520 -5.13944 -7.11674
v 10.34520 -5.01897 -6.95710
v 10.34520 -3.63253 -7.84213
v 10.04520 -3.37147 -7.30190
v 10.34520 -3.28446 -7.12182
v 10.34520 -4.53705 -6.31854
v 10.04520 -4.65753 -6.47818
v 10.04520 -5.13944 -7.11674
v 10.04520 -6.36183 -5.93778
v 10.34520 -6.21252 -5.80471
v 10.34520 -5.01897 -6.95710
v 10.04520 -4.65753 -6.47818
v 10.34520 -4.53705 -6.31854
v 10.34520 -5.61529 -5.27244
v 10.04520 -5.76460 -5.40550
v 10.04520 -6.36183 -5.93778
v 10.04520 -7.33973 -4.53063
v 10.34520 -7.16734 -4.42925
v 10.34520 -6.21252 -5.80471
v 10.04520 -5.76460 -5.40550
v 10.34520 -5.61529 -5.27244
v 10.34520 -6.47774 -4.02372
v 10.04520 -6.65014 -4.12510
v 10.04520 -7.33973 -4.53063
v 10.04520 -8.03558 -2.94938
v 10.34520 -7.84671 -2.88358
v 10.34520 -7.16734 -4.42925
v 10.04520 -6.65014 -4.12510
v 10.34520 -6.47774 -4.02372
v 10.34520 -7.09125 -2.62037
v 10.04520 -7.28011 -2.68617
v 10.04520 -8.03558 -2.94938
v 10.04520 -8.42262 -1.25478
v 10.34520 -8.22454 -1.22709
v 10.34520 -7.84671 -2.88358
v 10.04520 -7.28011 -2.68617
v 10.34520 -7.09125 -2.62037
v 10.34520 -7.43225 -1.11633
v 10.04520 -7.63032 -1.14402
v 10.04520 -8.42262 -1.25478
v 10.04520 -8.48598 0.48804
v 10.34520 -8.28631 0.47655
v 10.34520 -8.22454 -1.22709
v 10.04520 -7.63032 -1.14402
v 10.34520 -7.43225 -1.11633
v 10.34520 -7.48763 0.43062
v 10.04520 -7.68730 0.44210
v 8.54520 -8.28631 0.47655
v 8.54520 -7.48763 0.43062
v 8.54520 -7.25526 1.96102
v 8.54520 -8.02964 2.16188
v 10.34520 -8.28631 0.47655
v 10.34520 -8.02964 2.16188
v 10.34520 -7.25526 1.96102
v 10.34520 -7.48763 0.43062
v 8.54520 -8.02964 2.16188
v 8.54520 -7.25526 1.96102
v 8.54520 -6.74408 3.41605
v 8.54520 -7.46439 3.76413
v 10.34520 -8.02964 2.16188
v 10.34520 -7.46439 3.76413
v 10.34520 -6.74408 3.41605
v 10.34520 -7.25526 1.96102
v 8.54520 -7.46439 3.76413
v 8.54520 -6.74408 3.41605
v 8.54521 -5.97373 4.73981
v 8.54521 -6.61229 5.22173
v 10.34520 -7.46439 3.76413
v 10.34521 -6.61229 5.22173
v 10.34520 -5.97373 4.73981
v 10.34520 -6.74408 3.41605
v 8.54521 -6.61229 5.22173
v 8.54521 -5.97373 4.73981
v 8.54521 -4.97381 5.88142
v 8.54521 -5.50609 6.47865
v 10.34521 -6.61229 5.22173
v 10.34521 -5.50609 6.47865
v 10.34521 -4.97381 5.88142
v 10.34520 -5.97373 4.73981
v 8.54521 -5.50609 6.47865
v 8.54521 -4.97381 5.88142
v 8.54521 -3.78275 6.79701
v 8.54521 -4.18829 7.48661
v 10.34521 -5.50609 6.47865
v 10.34521 -4.18829 7.48661
v 10.34521 -3.78275 6.79701
v 10.34521 -4.97381 5.88142
v 8.54521 -4.18829 7.48661
v 8.54521 -3.78275 6.79701
v 8.54521 -2.44633 7.45140
v 8.54521 -2.70953 8.20686
v 10.34521 -4.18829 7.48661
v 10.34521 -2.70953 8.20686
v 10.34521 -2.44633 7.45140
v 10.34521 -3.78275 6.79701
v 8.54521 -2.70953 8.20686
v 8.54521 -2.44633 7.45140
v 8.54521 -1.01589 7.81943
v 8.54521 -1.12665 8.61172
v 10.34521 -2.70953 8.20686
v 10.34521 -1.12665 8.61172
v 10.34521 -1.01589 7.81943
v 10.34521 -2.44633 7.45140
v 8.54521 -1.12665 8.61172
v 8.54521 -1.01589 7.81943
v 8.54521 0.45359 7.88696
v 8.54521 0.49953 8.68564
v 10.34521 -1.12665 8.61172
v 10.34521 0.49953 8.68564
v 10.34521 0.45359 7.88696
v 10.34521 -1.01589 7.81943
v 8.54521 0.49953 8.68564
v 8.54521 0.45359 7.88696
v 8.54521 1.90564 7.65141
v 8.54521 2.10651 8.42578
v 10.34521 0.49953 8.68564
v 10.34521 2.10651 8.42578
v 10.34521 1.90564 7.65140
v 10.34521 0.45359 7.88696
v 8.54521 2.10651 8.42578
v 8.54521 1.90564 7.65141
v 8.54521 3.28446 7.12181
v 8.54521 3.63253 7.84212
v 10.34521 2.10651 8.42578
v 10.34521 3.63253 7.84212
v 10.34521 3.28446 7.12181
v 10.34521 1.90564 7.65140
v 8.54521 3.63253 7.84212
v 8.54521 3.28446 7.12181
v 8.54521 4.53705 6.31853
v 8.54521 5.01897 6.95709
v 10.34521 3.63253 7.84212
v 10.34521 5.01897 6.95708
v 10.34521 4.53705 6.31853
v 10.34521 3.28446 7.12181
v 8.54521 5.01897 6.95709
v 8.54521 4.53705 6.31853
v 8.54521 5.61529 5.27243
v 8.54521 6.21252 5.80470
v 10.34521 5.01897 6.95708
v 10.34521 6.21252 5.80470
v 10.34521 5.61529 5.27242
v 10.34521 4.53705 6.31853
v 8.54521 6.21252 5.80470
v 8.54521 5.61529 5.27243
v 8.54520 6.47774 4.02371
v 8.54520 7.16733 4.42924
v 10.34521 6.21252 5.80470
v 10.34520 7.16733 4.42924
v 10.34520 6.47774 4.02371
v 10.34521 5.61529 5.27242
v 8.54520 7.16733 4.42924
v 8.54520 6.47774 4.02371
v 8.54520 7.09125 2.62036
v 8.54520 7.84671 2.88357
v 10.34520 7.16733 4.42924
v 10.34520 7.84671 2.88357
v 10.34520 7.09125 2.62036
v 10.34520 6.47774 4.02371
v 8.54520 7.84671 2.88357
v 8.54520 7.09125 2.62036
v 8.54520 7.43225 1.11632
v 8.54520 8.22454 1.22708
v 10.34520 7.84671 2.88357
v 10.34520 8.22454 1.22708
v 10.34520 7.43225 1.11631
v 10.34520 7.09125 2.62036
v 8.54520 8.22454 1.22708
v 8.54520 7.43225 1.11632
v 8.54520 7.48763 -0.43063
v 8.54520 8.28631 -0.47656
v 10.34520 8.22454 1.22708
v 10.34520 8.28631 -0.47656
v 10.34520 7.48763 -0.43063
v 10.34520 7.43225 1.11631
v 8.54520 8.28631 -0.47656
v 8.54520 7.48763 -0.43063
v 8.54520 7.25526 -1.96103
v 8.54520 8.02964 -2.16189
v 10.34520 8.28631 -0.47656
v 10.34520 8.02964 -2.16189
v 10.34520 7.25526 -1.96103
v 10.34520 7.48763 -0.43063
v 8.54520 8.02964 -2.16189
v 8.54520 7.25526 -1.96103
v 8.54520 6.74408 -3.41606
v 8.54520 7.46439 -3.76414
v 10.34520 8.02964 -2.16189
v 10.34520 7.46439 -3.76414
v 10.34520 6.74408 -3.41606
v 10.34520 7.25526 -1.96103
v 8.54520 7.46439 -3.76414
v 8.54520 6.74408 -3.41606
v 8.54520 5.97373 -4.73982
v 8.54520 6.61229 -5.22174
v 10.34520 7.46439 -3.76414
v 10.34520 6.61229 -5.22174
v 10.34520 5.97373 -4.73982
v 10.34520 6.74408 -3.41606
v 8.54520 6.61229 -5.22174
v 8.54520 5.97373 -4.73982
v 8.54520 4.97381 -5.88143
v 8.54520 5.50609 -6.47866
v 10.34520 6.61229 -5.22174
v 10.34520 5.50609 -6.47866
v 10.34520 4.97381 -5.88143
v 10.34520 5.97373 -4.73982
v 8.54520 5.50609 -6.47866
v 8.54520 4.97381 -5.88143
v 8.54520 3.78275 -6.79702
v 8.54520 4.18829 -7.48662
v 10.34520 5.50609 -6.47866
v 10.34520 4.18829 -7.48662
v 10.34520 3.78275 -6.79702
v 10.34520 4.97381 -5.88143
v 8.54520 4.18829 -7.48662
v 8.54520 3.78275 -6.79702
v 8.54520 2.44633 -7.45141
v 8.54520 2.70953 -8.20687
v 10.34520 4.18829 -7.48662
v 10.34520 2.70953 -8.20687
v 10.34520 2.44633 -7.45141
v 10.34520 3.78275 -6.79702
v 8.54520 2.70953 -8.20687
v 8.54520 2.44633 -7.45141
v 8.54520 1.01589 -7.81944
v 8.54520 1.12665 -8.61173
v 10.34520 2.70953 -8.20687
v 10.34520 1.12665 -8.61173
v 10.34520 1.01589 -7.81944
v 10.34520 2.44633 -7.45141
v 8.54520 1.12665 -8.61173
v 8.54520 1.01589 -7.81944
v 8.54520 -0.45359 -7.88697
v 8.54520 -0.49953 -8.68565
v 10.34520 1.12665 -8.61173
v 10.34520 -0.49953 -8.68565
v 10.34520 -0.45359 -7.88697
v 10.34520 1.01589 -7.81944
v 8.54520 -0.49953 -8.68565
v 8.54520 -0.45359 -7.88697
v 8.54520 -1.90564 -7.65141
v 8.54520 -2.10651 -8.42579
v 10.34520 -0.49953 -8.68565
v 10.34520 -2.10651 -8.42579
v 10.34520 -1.90564 -7.65142
v 10.34520 -0.45359 -7.88697
v 8.54520 -2.10651 -8.42579
v 8.54520 -1.90564 -7.65141
v 8.54520 -3.28446 -7.12182
v 8.54520 -3.63253 -7.84213
v 10.34520 -2.10651 -8.42579
v 10.34520 -3.63253 -7.84213
v 10.34520 -3.28446 -7.12182
v 10.34520 -1.90564 -7.65142
v 8.54520 -3.63253 -7.84213
v 8.54520 -3.28446 -7.12182
v 8.54520 -4.53705 -6.31854
v 8.54520 -5.01897 -6.95710
v 10.34520 -3.63253 -7.84213
v 10.34520 -5.01897 -6.95710
v 10.34520 -4.53705 -6.31854
v 10.34520 -3.28446 -7.12182
v 8.54520 -5.01897 -6.95710
v 8.54520 -4.53705 -6.31854
v 8.54520 -5.61529 -5.27243
v 8.54520 -6.21252 -5.80471
v 10.34520 -5.01897 -6.95710
v 10.34520 -6.21252 -5.80471
v 10.34520 -5.61529 -5.27244
v 10.34520 -4.53705 -6.31854
v 8.54520 -6.21252 -5.80471
v 8.54520 -5.61529 -5.27243
v 8.54520 -6.47774 -4.02372
v 8.54520 -7.16734 -4.42925
v 10.34520 -6.21252 -5.80471
v 10.34520 -7.16734 -4.42925
v 10.34520 -6.47774 -4.02372
v 10.34520 -5.61529 -5.27244
v 8.54520 -7.16734 -4.42925
v 8.54520 -6.47774 -4.02372
v 8.54520 -7.09125 -2.62037
v 8.54520 -7.84671 -2.88358
v 10.34520 -7.16734 -4.42925
v 10.34520 -7.84671 -2.88358
v 10.34520 -7.09125 -2.62037
v 10.34520 -6.47774 -4.02372
v 8.54520 -7.84671 -2.88358
v 8.54520 -7.09125 -2.62037
v 8.54520 -7.43225 -1.11632
v 8.54520 -8.22454 -1.22709
v 10.34520 -7.84671 -2.88358
v 10.34520 -8.22454 -1.22709
v 10.34520 -7.43225 -1.11633
v 10.34520 -7.09125 -2.62037
v 8.54520 -8.22454 -1.22709
v 8.54520 -7.43225 -1.11632
v 8.54520 -7.48763 0.43062
v 8.54520 -8.28631 0.47656
v 10.34520 -8.22454 -1.22709
v 10.34520 -8.28631 0.47655
v 10.34520 -7.48763 0.43062
v 10.34520 -7.43225 -1.11633
v 8.54520 -8.28631 0.47655
v 8.84520 -8.48598 0.48804
v 8.84520 -7.68730 0.44210
v 8.54520 -7.48763 0.43062
v 8.54520 -7.48763 0.43062
v 8.84520 -7.68730 0.44210
v 8.84520 -8.48598 0.48804
v 8.54520 -8.28631 0.47656
v 8.84520 -8.48598 0.48804
v 10.04520 -8.48598 0.48804
v 10.04520 -7.68730 0.44210
v 8.84520 -7.68730 0.44210
v 8.84520 -7.68730 0.44210
v 10.04520 -7.68730 0.44210
v 10.04520 -8.48598 0.48804
v 8.84520 -8.48598 0.48804
v 10.04520 -8.48598 0.48804
v 10.34520 -8.28631 0.47655
v 10.34520 -7.48763 0.43062
v 10.04520 -7.68730 0.44210
v 10.04520 -7.68730 0.44210
v 10.34520 -7.48763 0.43062
v 10.34520 -8.28631 0.47655
v 10.04520 -8.48598 0.48804
v 21.22378 -8.28631 0.47655
v 21.22378 -8.02964 2.16188
v 21.52378 -8.22323 2.21209
v 21.52378 -8.48598 0.48803
v 21.22378 -7.48763 0.43061
v 21.52378 -7.68730 0.44210
v 21.52378 -7.44886 2.01123
v 21.22378 -7.25526 1.96101
v 21.22378 -8.02964 2.16188
v 21.22378 -7.46439 3.76413
v 21.52378 -7.64447 3.85115
v 21.52378 -8.22323 2.21209
v 21.22378 -7.25526 1.96101
v 21.52378 -7.44886 2.01123
v 21.52378 -6.92416 3.50307
v 21.22378 -6.74408 3.41605
v 21.22378 -7.46439 3.76413
v 21.22378 -6.61229 5.22172
v 21.52378 -6.77193 5.34220
v 21.52378 -7.64447 3.85115
v 21.22378 -6.74408 3.41605
v 21.52378 -6.92416 3.50307
v 21.52378 -6.13337 4.86028
v 21.22378 -5.97373 4.73980
v 21.22378 -6.61229 5.22172
v 21.22378 -5.50609 6.47865
v 21.52378 -5.63915 6.62795
v 21.52378 -6.77193 5.34220
v 21.22378 -5.97373 4.73980
v 21.52378 -6.13337 4.86028
v 21.52378 -5.10688 6.03072
v 21.22378 -4.97381 5.88142
v 21.22378 -5.50609 6.47865
v 21.22378 -4.18829 7.48660
v 21.52378 -4.28967 7.65900
v 21.52378 -5.63915 6.62795
v 21.22378 -4.97381 5.88142
v 21.52378 -5.10688 6.03072
v 21.52378 -3.88414 6.96940
v 21.22378 -3.78275 6.79701
v 21.22378 -4.18829 7.48660
v 21.22378 -2.70953 8.20685
v 21.52378 -2.77533 8.39572
v 21.52378 -4.28967 7.65900
v 21.22378 -3.78275 6.79701
v 21.52378 -3.88414 6.96940
v 21.52378 -2.51213 7.64026
v 21.22378 -2.44633 7.45139
v 21.22378 -2.70953 8.20685
v 21.22378 -1.12665 8.61172
v 21.52378 -1.15434 8.80979
v 21.52378 -2.77533 8.39572
v 21.22378 -2.44633 7.45139
v 21.52378 -2.51213 7.64026
v 21.52378 -1.04358 8.01749
v 21.22378 -1.01589 7.81942
v 21.22378 -1.12665 8.61172
v 21.22378 0.49953 8.68564
v 21.52378 0.51101 8.88531
v 21.52378 -1.15434 8.80979
v 21.22378 -1.01589 7.81942
v 21.52378 -1.04358 8.01749
v 21.52378 0.46508 8.08663
v 21.22378 0.45359 7.88696
v 21.22378 0.49953 8.68564
v 21.22378 2.10651 8.42577
v 21.52378 2.15672 8.61936
v 21.52378 0.51101 8.88531
v 21.22378 0.45359 7.88696
v 21.52378 0.46508 8.08663
v 21.52378 1.95586 7.84499
v 21.22378 1.90564 7.65140
v 21.22378 2.10651 8.42577
v 21.22378 3.63253 7.84211
v 21.52378 3.71955 8.02219
v 21.52378 2.15672 8.61936
v 21.22378 1.90564 7.65140
v 21.52378 1.95586 7.84499
v 21.52378 3.37148 7.30188
v 21.22378 3.28446 7.12180
v 21.22378 3.63253 7.84211
v 21.22378 5.01897 6.95708
v 21.52378 5.13945 7.11672
v 21.52378 3.71955 8.02219
v 21.22378 3.28446 7.12180
v 21.52378 3.37148 7.30188
v 21.52378 4.65753 6.47816
v 21.22378 4.53705 6.31852
v 21.22378 5.01897 6.95708
v 21.22378 6.21252 5.80469
v 21.52378 6.36183 5.93776
v 21.52378 5.13945 7.11672
v 21.22378 4.53705 6.31852
v 21.52378 4.65753 6.47816
v 21.52378 5.76460 5.40549
v 21.22378 5.61529 5.27242
v 21.22378 6.21252 5.80469
v 21.22378 7.16733 4.42923
v 21.52378 7.33973 4.53061
v 21.52378 6.36183 5.93776
v 21.22378 5.61529 5.27242
v 21.52378 5.76460 5.40549
v 21.52378 6.65014 4.12508
v 21.22378 6.47774 4.02370
v 21.22378 7.16733 4.42923
v 21.22378 7.84671 2.88356
v 21.52378 8.03558 2.94936
v 21.52378 7.33973 4.53061
v 21.22378 6.47774 4.02370
v 21.52378 6.65014 4.12508
v 21.52378 7.28011 2.68616
v 21.22378 7.09125 2.62035
v 21.22378 7.84671 2.88356
v 21.22378 8.22454 1.22707
v 21.52378 8.42262 1.25476
v 21.52378 8.03558 2.94936
v 21.22378 7.09125 2.62035
v 21.52378 7.28011 2.68616
v 21.52378 7.63032 1.14400
v 21.22378 7.43225 1.11631
v 21.22378 8.22454 1.22707
v 21.22378 8.28631 -0.47657
v 21.52378 8.48598 -0.48805
v 21.52378 8.42262 1.25476
v 21.22378 7.43225 1.11631
v 21.52378 7.63032 1.14400
v 21.52378 7.68730 -0.44212
v 21.22378 7.48763 -0.43064
v 21.22378 8.28631 -0.47657
v 21.22377 8.02964 -2.16190
v 21.52378 8.22323 -2.21212
v 21.52378 8.48598 -0.48805
v 21.22378 7.48763 -0.43064
v 21.52378 7.68730 -0.44212
v 21.52378 7.44886 -2.01125
v 21.22377 7.25526 -1.96103
v 21.22377 8.02964 -2.16190
v 21.22377 7.46439 -3.76415
v 21.52377 7.64447 -3.85117
v 21.52378 8.22323 -2.21212
v 21.22377 7.25526 -1.96103
v 21.52378 7.44886 -2.01125
v 21.52377 6.92416 -3.50309
v 21.22377 6.74408 -3.41607
v 21.22377 7.46439 -3.76415
v 21.22377 6.61229 -5.22174
v 21.52377 6.77193 -5.34222
v 21.52377 7.64447 -3.85117
v 21.22377 6.74408 -3.41607
v 21.52377 6.92416 -3.50309
v 21.52377 6.13337 -4.86031
v 21.22377 5.97373 -4.73983
v 21.22377 6.61229 -5.22174
v 21.22377 5.50609 -6.47867
v 21.52377 5.63915 -6.62798
v 21.52377 6.77193 -5.34222
v 21.22377 5.97373 -4.73983
v 21.52377 6.13337 -4.86031
v 21.52377 5.10688 -6.03075
v 21.22377 4.97381 -5.88144
v 21.22377 5.50609 -6.47867
v 21.22377 4.18829 -7.48662
v 21.52377 4.28967 -7.65902
v 21.52377 5.63915 -6.62798
v 21.22377 4.97381 -5.88144
v 21.52377 5.10688 -6.03075
v 21.52377 3.88414 -6.96943
v 21.22377 3.78275 -6.79703
v 21.22377 4.18829 -7.48662
v 21.22377 2.70953 -8.20687
v 21.52377 2.77533 -8.39574
v 21.52377 4.28967 -7.65902
v 21.22377 3.78275 -6.79703
v 21.52377 3.88414 -6.96943
v 21.52377 2.51213 -7.64028
v 21.22377 2.44633 -7.45141
v 21.22377 2.70953 -8.20687
v 21.22377 1.12665 -8.61174
v 21.52377 1.15434 -8.80981
v 21.52377 2.77533 -8.39574
v 21.22377 2.44633 -7.45141
v 21.52377 2.51213 -7.64028
v 21.52377 1.04358 -8.01752
v 21.22377 1.01589 -7.81944
v 21.22377 1.12665 -8.61174
v 21.22377 -0.49953 -8.68566
v 21.52377 -0.51101 -8.88533
v 21.52377 1.15434 -8.80981
v 21.22377 1.01589 -7.81944
v 21.52377 1.04358 -8.01752
v 21.52377 -0.46508 -8.08665
v 21.22377 -0.45359 -7.88698
v 21.22377 -0.49953 -8.68566
v 21.22377 -2.10651 -8.42579
v 21.52377 -2.15672 -8.61939
v 21.52377 -0.51101 -8.88533
v 21.22377 -0.45359 -7.88698
v 21.52377 -0.46508 -8.08665
v 21.52377 -1.95586 -7.84501
v 21.22377 -1.90564 -7.65142
v 21.22377 -2.10651 -8.42579
v 21.22377 -3.63253 -7.84213
v 21.52377 -3.71955 -8.02221
v 21.52377 -2.15672 -8.61939
v 21.22377 -1.90564 -7.65142
v 21.52377 -1.95586 -7.84501
v 21.52377 -3.37147 -7.30190
v 21.22377 -3.28446 -7.12183
v 21.22377 -3.63253 -7.84213
v 21.22377 -5.01897 -6.95710
v 21.52377 -5.13944 -7.11674
v 21.52377 -3.71955 -8.02221
v 21.22377 -3.28446 -7.12183
v 21.52377 -3.37147 -7.30190
v 21.52377 -4.65753 -6.47818
v 21.22377 -4.53705 -6.31854
v 21.22377 -5.01897 -6.95710
v 21.22377 -6.21252 -5.80471
v 21.52377 -6.36183 -5.93778
v 21.52377 -5.13944 -7.11674
v 21.22377 -4.53705 -6.31854
v 21.52377 -4.65753 -6.47818
v 21.52377 -5.76460 -5.40551
v 21.22377 -5.61529 -5.27244
v 21.22377 -6.21252 -5.80471
v 21.22377 -7.16734 -4.42925
v 21.52377 -7.33973 -4.53064
v 21.52377 -6.36183 -5.93778
v 21.22377 -5.61529 -5.27244
v 21.52377 -5.76460 -5.40551
v 21.52377 -6.65014 -4.12511
v 21.22377 -6.47774 -4.02372
v 21.22377 -7.16734 -4.42925
v 21.22377 -7.84671 -2.88358
v 21.52378 -8.03558 -2.94938
v 21.52377 -7.33973 -4.53064
v 21.22377 -6.47774 -4.02372
v 21.52377 -6.65014 -4.12511
v 21.52378 -7.28011 -2.68618
v 21.22377 -7.09125 -2.62038
v 21.22377 -7.84671 -2.88358
v 21.22378 -8.22454 -1.22709
v 21.52378 -8.42262 -1.25479
v 21.52378 -8.03558 -2.94938
v 21.22377 -7.09125 -2.62038
v 21.52378 -7.28011 -2.68618
v 21.52378 -7.63032 -1.14402
v 21.22378 -7.43225 -1.11633
v 21.22378 -8.22454 -1.22709
v 21.22378 -8.28631 0.47655
v 21.52378 -8.48598 0.48803
v 21.52378 -8.42262 -1.25479
v 21.22378 -7.43225 -1.11633
v 21.52378 -7.63032 -1.14402
v 21.52378 -7.68730 0.44210
v 21.22378 -7.48763 0.43062
v 21.52378 -8.48598 0.48803
v 21.52378 -8.22323 2.21209
v 22.72378 -8.22323 2.21209
v 22.72378 -8.48598 0.48803
v 21.52378 -7.68730 0.44210
v 22.72378 -7.68730 0.44210
v 22.72378 -7.44886 2.01123
v 21.52378 -7.44886 2.01123
v 21.52378 -8.22323 2.21209
v 21.52378 -7.64447 3.85115
v 22.72378 -7.64447 3.85114
v 22.72378 -8.22323 2.21209
v 21.52378 -7.44886 2.01123
v 22.72378 -7.44886 2.01123
v 22.72378 -6.92416 3.50307
v 21.52378 -6.92416 3.50307
v 21.52378 -7.64447 3.85115
v 21.52378 -6.77193 5.34220
v 22.72378 -6.77193 5.34220
v 22.72378 -7.64447 3.85114
v 21.52378 -6.92416 3.50307
v 22.72378 -6.92416 3.50307
v 22.72378 -6.13337 4.86028
v 21.52378 -6.13337 4.86028
v 21.52378 -6.77193 5.34220
v 21.52378 -5.63915 6.62795
v 22.72378 -5.63915 6.62795
v 22.72378 -6.77193 5.34220
v 21.52378 -6.13337 4.86028
v 22.72378 -6.13337 4.86028
v 22.72378 -5.10688 6.03072
v 21.52378 -5.10688 6.03072
v 21.52378 -5.63915 6.62795
v 21.52378 -4.28967 7.65900
v 22.72378 -4.28967 7.65900
v 22.72378 -5.63915 6.62795
v 21.52378 -5.10688 6.03072
v 22.72378 -5.10688 6.03072
v 22.72378 -3.88414 6.96940
v 21.52378 -3.88414 6.96940
v 21.52378 -4.28967 7.65900
v 21.52378 -2.77533 8.39572
v 22.72378 -2.77533 8.39572
v 22.72378 -4.28967 7.65900
v 21.52378 -3.88414 6.96940
v 22.72378 -3.88414 6.96940
v 22.72378 -2.51213 7.64025
v 21.52378 -2.51213 7.64026
v 21.52378 -2.77533 8.39572
v 21.52378 -1.15434 8.80979
v 22.72378 -1.15434 8.80979
v 22.72378 -2.77533 8.39572
v 21.52378 -2.51213 7.64026
v 22.72378 -2.51213 7.64025
v 22.72378 -1.04358 8.01749
v 21.52378 -1.04358 8.01749
v 21.52378 -1.15434 8.80979
v 21.52378 0.51101 8.88531
v 22.72378 0.51101 8.88531
v 22.72378 -1.15434 8.80979
v 21.52378 -1.04358 8.01749
v 22.72378 -1.04358 8.01749
v 22.72378 0.46508 8.08663
v 21.52378 0.46508 8.08663
v 21.52378 0.51101 8.88531
v 21.52378 2.15672 8.61936
v 22.72378 2.15672 8.61936
v 22.72378 0.51101 8.88531
v 21.52378 0.46508 8.08663
v 22.72378 0.46508 8.08663
v 22.72378 1.95586 7.84499
v 21.52378 1.95586 7.84499
v 21.52378 2.15672 8.61936
v 21.52378 3.71955 8.02219
v 22.72378 3.71955 8.02219
v 22.72378 2.15672 8.61936
v 21.52378 1.95586 7.84499
v 22.72378 1.95586 7.84499
v 22.72378 3.37148 7.30188
v 21.52378 3.37148 7.30188
v 21.52378 3.71955 8.02219
v 21.52378 5.13945 7.11672
v 22.72378 5.13945 7.11672
v 22.72378 3.71955 8.02219
v 21.52378 3.37148 7.30188
v 22.72378 3.37148 7.30188
v 22.72378 4.65753 6.47816
v 21.52378 4.65753 6.47816
v 21.52378 5.13945 7.11672
v 21.52378 6.36183 5.93776
v 22.72378 6.36183 5.93776
v 22.72378 5.13945 7.11672
v 21.52378 4.65753 6.47816
v 22.72378 4.65753 6.47816
v 22.72378 5.76460 5.40549
v 21.52378 5.76460 5.40549
v 21.52378 6.36183 5.93776
v 21.52378 7.33973 4.53061
v 22.72378 7.33973 4.53061
v 22.72378 6.36183 5.93776
v 21.52378 5.76460 5.40549
v 22.72378 5.76460 5.40549
v 22.72378 6.65014 4.12508
v 21.52378 6.65014 4.12508
v 21.52378 7.33973 4.53061
v 21.52378 8.03558 2.94936
v 22.72378 8.03558 2.94936
v 22.72378 7.33973 4.53061
v 21.52378 6.65014 4.12508
v 22.72378 6.65014 4.12508
v 22.72378 7.28011 2.68616
v 21.52378 7.28011 2.68616
v 21.52378 8.03558 2.94936
v 21.52378 8.42262 1.25476
v 22.72378 8.42262 1.25476
v 22.72378 8.03558 2.94936
v 21.52378 7.28011 2.68616
v 22.72378 7.28011 2.68616
v 22.72378 7.63032 1.14400
v 21.52378 7.63032 1.14400
v 21.52378 8.42262 1.25476
v 21.52378 8.48598 -0.48805
v 22.72378 8.48598 -0.48805
v 22.72378 8.42262 1.25476
v 21.52378 7.63032 1.14400
v 22.72378 7.63032 1.14400
v 22.72378 7.68730 -0.44212
v 21.52378 7.68730 -0.44212
v 21.52378 8.48598 -0.48805
v 21.52378 8.22323 -2.21212
v 22.72377 8.22323 -2.21212
v 22.72378 8.48598 -0.48805
v 21.52378 7.68730 -0.44212
v 22.72378 7.68730 -0.44212
v 22.72377 7.44886 -2.01125
v 21.52378 7.44886 -2.01125
v 21.52378 8.22323 -2.21212
v 21.52377 7.64447 -3.85117
v 22.72377 7.64447 -3.85117
v 22.72377 8.22323 -2.21212
v 21.52378 7.44886 -2.01125
v 22.72377 7.44886 -2.01125
v 22.72377 6.92416 -3.50309
v 21.52377 6.92416 -3.50309
v 21.52377 7.64447 -3.85117
v 21.52377 6.77193 -5.34222
v 22.72377 6.77193 -5.34222
v 22.72377 7.64447 -3.85117
v 21.52377 6.92416 -3.50309
v 22.72377 6.92416 -3.50309
v 22.72377 6.13337 -4.86031
v 21.52377 6.13337 -4.86031
v 21.52377 6.77193 -5.34222
v 21.52377 5.63915 -6.62798
v 22.72377 5.63915 -6.62798
v 22.72377 6.77193 -5.34222
v 21.52377 6.13337 -4.86031
v 22.72377 6.13337 -4.86031
v 22.72377 5.10688 -6.03075
v 21.52377 5.10688 -6.03075
v 21.52377 5.63915 -6.62798
v 21.52377 4.28967 -7.65902
v 22.72377 4.28967 -7.65903
v 22.72377 5.63915 -6.62798
v 21.52377 5.10688 -6.03075
v 22.72377 5.10688 -6.03075
v 22.72377 3.88414 -6.96943
v 21.52377 3.88414 -6.96943
v 21.52377 4.28967 -7.65902
v 21.52377 2.77533 -8.39574
v 22.72377 2.77533 -8.39574
v 22.72377 4.28967 -7.65903
v 21.52377 3.88414 -6.96943
v 22.72377 3.88414 -6.96943
v 22.72377 2.51213 -7.64028
v 21.52377 2.51213 -7.64028
v 21.52377 2.77533 -8.39574
v 21.52377 1.15434 -8.80981
v 22.72377 1.15434 -8.80981
v 22.72377 2.77533 -8.39574
v 21.52377 2.51213 -7.64028
v 22.72377 2.51213 -7.64028
v 22.72377 1.04358 -8.01752
v 21.52377 1.04358 -8.01752
v 21.52377 1.15434 -8.80981
v 21.52377 -0.51101 -8.88533
v 22.72377 -0.51101 -8.88533
v 22.72377 1.15434 -8.80981
v 21.52377 1.04358 -8.01752
v 22.72377 1.04358 -8.01752
v 22.72377 -0.46508 -8.08665
v 21.52377 -0.46508 -8.08665
v 21.52377 -0.51101 -8.88533
v 21.52377 -2.15672 -8.61939
v 22.72377 -2.15672 -8.61939
v 22.72377 -0.51101 -8.88533
v 21.52377 -0.46508 -8.08665
v 22.72377 -0.46508 -8.08665
v 22.72377 -1.95586 -7.84502
v 21.52377 -1.95586 -7.84501
v 21.52377 -2.15672 -8.61939
v 21.52377 -3.71955 -8.02221
v 22.72377 -3.71955 -8.02221
v 22.72377 -2.15672 -8.61939
v 21.52377 -1.95586 -7.84501
v 22.72377 -1.95586 -7.84502
v 22.72377 -3.37147 -7.30190
v 21.52377 -3.37147 -7.30190
v 21.52377 -3.71955 -8.02221
v 21.52377 -5.13944 -7.11674
v 22.72377 -5.13944 -7.11674
v 22.72377 -3.71955 -8.02221
v 21.52377 -3.37147 -7.30190
v 22.72377 -3.37147 -7.30190
v 22.72377 -4.65753 -6.47818
v 21.52377 -4.65753 -6.47818
v 21.52377 -5.13944 -7.11674
v 21.52377 -6.36183 -5.93778
v 22.72377 -6.36183 -5.93778
v 22.72377 -5.13944 -7.11674
v 21.52377 -4.65753 -6.47818
v 22.72377 -4.65753 -6.47818
v 22.72377 -5.76460 -5.40551
v 21.52377 -5.76460 -5.40551
v 21.52377 -6.36183 -5.93778
v 21.52377 -7.33973 -4.53064
v 22.72377 -7.33973 -4.53064
v 22.72377 -6.36183 -5.93778
v 21.52377 -5.76460 -5.40551
v 22.72377 -5.76460 -5.40551
v 22.72377 -6.65014 -4.12511
v 21.52377 -6.65014 -4.12511
v 21.52377 -7.33973 -4.53064
v 21.52378 -8.03558 -2.94938
v 22.72377 -8.03558 -2.94938
v 22.72377 -7.33973 -4.53064
v 21.52377 -6.65014 -4.12511
v 22.72377 -6.65014 -4.12511
v 22.72377 -7.28011 -2.68618
v 21.52378 -7.28011 -2.68618
v 21.52378 -8.03558 -2.94938
v 21.52378 -8.42262 -1.25479
v 22.72378 -8.42262 -1.25479
v 22.72377 -8.03558 -2.94938
v 21.52378 -7.28011 -2.68618
v 22.72377 -7.28011 -2.68618
v 22.72378 -7.63032 -1.14402
v 21.52378 -7.63032 -1.14402
v 21.52378 -8.42262 -1.25479
v 21.52378 -8.48598 0.48803
v 22.72378 -8.48598 0.48803
v 22.72378 -8.42262 -1.25479
v 21.52378 -7.63032 -1.14402
v 22.72378 -7.63032 -1.14402
v 22.72378 -7.68730 0.44210
v 21.52378 -7.68730 0.44210
v 22.72378 -8.48598 0.48803
v 22.72378 -8.22323 2.21209
v 23.02378 -8.02964 2.16188
v 23.02378 -8.28631 0.47655
v 22.72378 -7.68730 0.44210
v 23.02378 -7.48763 0.43061
v 23.02378 -7.25526 1.96101
v 22.72378 -7.44886 2.01123
v 22.72378 -8.22323 2.21209
v 22.72378 -7.64447 3.85114
v 23.02378 -7.46439 3.76412
v 23.02378 -8.02964 2.16188
v 22.72378 -7.44886 2.01123
v 23.02378 -7.25526 1.96101
v 23.02378 -6.74408 3.41605
v 22.72378 -6.92416 3.50307
v 22.72378 -7.64447 3.85114
v 22.72378 -6.77193 5.34220
v 23.02378 -6.61229 5.22172
v 23.02378 -7.46439 3.76412
v 22.72378 -6.92416 3.50307
v 23.02378 -6.74408 3.41605
v 23.02378 -5.97373 4.73980
v 22.72378 -6.13337 4.86028
v 22.72378 -6.77193 5.34220
v 22.72378 -5.63915 6.62795
v 23.02378 -5.50609 6.47865
v 23.02378 -6.61229 5.22172
v 22.72378 -6.13337 4.86028
v 23.02378 -5.97373 4.73980
v 23.02378 -4.97381 5.88141
v 22.72378 -5.10688 6.03072
v 22.72378 -5.63915 6.62795
v 22.72378 -4.28967 7.65900
v 23.02378 -4.18829 7.48660
v 23.02378 -5.50609 6.47865
v 22.72378 -5.10688 6.03072
v 23.02378 -4.97381 5.88141
v 23.02378 -3.78275 6.79700
v 22.72378 -3.88414 6.96940
v 22.72378 -4.28967 7.65900
v 22.72378 -2.77533 8.39572
v 23.02378 -2.70953 8.20685
v 23.02378 -4.18829 7.48660
v 22.72378 -3.88414 6.96940
v 23.02378 -3.78275 6.79700
v 23.02378 -2.44633 7.45139
v 22.72378 -2.51213 7.64025
v 22.72378 -2.77533 8.39572
v 22.72378 -1.15434 8.80979
v 23.02378 -1.12665 8.61172
v 23.02378 -2.70953 8.20685
v 22.72378 -2.51213 7.64025
v 23.02378 -2.44633 7.45139
v 23.02378 -1.01589 7.81942
v 22.72378 -1.04358 8.01749
v 22.72378 -1.15434 8.80979
v 22.72378 0.51101 8.88531
v 23.02378 0.49953 8.68564
v 23.02378 -1.12665 8.61172
v 22.72378 -1.04358 8.01749
v 23.02378 -1.01589 7.81942
v 23.02378 0.45359 7.88696
v 22.72378 0.46508 8.08663
v 22.72378 0.51101 8.88531
v 22.72378 2.15672 8.61936
v 23.02378 2.10651 8.42577
v 23.02378 0.49953 8.68564
v 22.72378 0.46508 8.08663
v 23.02378 0.45359 7.88696
v 23.02378 1.90564 7.65140
v 22.72378 1.95586 7.84499
v 22.72378 2.15672 8.61936
v 22.72378 3.71955 8.02219
v 23.02378 3.63253 7.84211
v 23.02378 2.10651 8.42577
v 22.72378 1.95586 7.84499
v 23.02378 1.90564 7.65140
v 23.02378 3.28446 7.12180
v 22.72378 3.37148 7.30188
v 22.72378 3.71955 8.02219
v 22.72378 5.13945 7.11672
v 23.02378 5.01897 6.95708
v 23.02378 3.63253 7.84211
v 22.72378 3.37148 7.30188
v 23.02378 3.28446 7.12180
v 23.02378 4.53705 6.31852
v 22.72378 4.65753 6.47816
v 22.72378 5.13945 7.11672
v 22.72378 6.36183 5.93776
v 23.02378 6.21252 5.80469
v 23.02378 5.01897 6.95708
v 22.72378 4.65753 6.47816
v 23.02378 4.53705 6.31852
v 23.02378 5.61529 5.27242
v 22.72378 5.76460 5.40549
v 22.72378 6.36183 5.93776
v 22.72378 7.33973 4.53061
v 23.02378 7.16733 4.42923
v 23.02378 6.21252 5.80469
v 22.72378 5.76460 5.40549
v 23.02378 5.61529 5.27242
v 23.02378 6.47774 4.02370
v 22.72378 6.65014 4.12508
v 22.72378 7.33973 4.53061
v 22.72378 8.03558 2.94936
v 23.02378 7.84671 2.88356
v 23.02378 7.16733 4.42923
v 22.72378 6.65014 4.12508
v 23.02378 6.47774 4.02370
v 23.02378 7.09125 2.62035
v 22.72378 7.28011 2.68616
v 22.72378 8.03558 2.94936
v 22.72378 8.42262 1.25476
v 23.02378 8.22454 1.22707
v 23.02378 7.84671 2.88356
v 22.72378 7.28011 2.68616
v 23.02378 7.09125 2.62035
v 23.02378 7.43225 1.11631
v 22.72378 7.63032 1.14400
v 22.72378 8.42262 1.25476
v 22.72378 8.48598 -0.48805
v 23.02378 8.28631 -0.47657
v 23.02378 8.22454 1.22707
v 22.72378 7.63032 1.14400
v 23.02378 7.43225 1.11631
v 23.02378 7.48763 -0.43064
v 22.72378 7.68730 -0.44212
v 22.72378 8.48598 -0.48805
v 22.72377 8.22323 -2.21212
v 23.02378 8.02964 -2.16190
v 23.02378 8.28631 -0.47657
v 22.72378 7.68730 -0.44212
v 23.02378 7.48763 -0.43064
v 23.02378 7.25526 -1.96103
v 22.72377 7.44886 -2.01125
v 22.72377 8.22323 -2.21212
v 22.72377 7.64447 -3.85117
v 23.02377 7.46439 -3.76415
v 23.02378 8.02964 -2.16190
v 22.72377 7.44886 -2.01125
v 23.02378 7.25526 -1.96103
v 23.02377 6.74408 -3.41607
v 22.72377 6.92416 -3.50309
v 22.72377 7.64447 -3.85117
v 22.72377 6.77193 -5.34222
v 23.02377 6.61229 -5.22174
v 23.02377 7.46439 -3.76415
v 22.72377 6.92416 -3.50309
v 23.02377 6.74408 -3.41607
v 23.02377 5.97373 -4.73983
v 22.72377 6.13337 -4.86031
v 22.72377 6.77193 -5.34222
v 22.72377 5.63915 -6.62798
v 23.02377 5.50609 -6.47867
v 23.02377 6.61229 -5.22174
v 22.72377 6.13337 -4.86031
v 23.02377 5.97373 -4.73983
v 23.02377 4.97381 -5.88144
v 22.72377 5.10688 -6.03075
v 22.72377 5.63915 -6.62798
v 22.72377 4.28967 -7.65903
v 23.02377 4.18829 -7.48663
v 23.02377 5.50609 -6.47867
v 22.72377 5.10688 -6.03075
v 23.02377 4.97381 -5.88144
v 23.02377 3.78275 -6.79703
v 22.72377 3.88414 -6.96943
v 22.72377 4.28967 -7.65903
v 22.72377 2.77533 -8.39574
v 23.02377 2.70953 -8.20687
v 23.02377 4.18829 -7.48663
v 22.72377 3.88414 -6.96943
v 23.02377 3.78275 -6.79703
v 23.02377 2.44633 -7.45141
v 22.72377 2.51213 -7.64028
v 22.72377 2.77533 -8.39574
v 22.72377 1.15434 -8.80981
v 23.02377 1.12665 -8.61174
v 23.02377 2.70953 -8.20687
v 22.72377 2.51213 -7.64028
v 23.02377 2.44633 -7.45141
v 23.02377 1.01589 -7.81944
v 22.72377 1.04358 -8.01752
v 22.72377 1.15434 -8.80981
v 22.72377 -0.51101 -8.88533
v 23.02377 -0.49953 -8.68566
v 23.02377 1.12665 -8.61174
v 22.72377 1.04358 -8.01752
v 23.02377 1.01589 -7.81944
v 23.02377 -0.45359 -7.88698
v 22.72377 -0.46508 -8.08665
v 22.72377 -0.51101 -8.88533
v 22.72377 -2.15672 -8.61939
v 23.02377 -2.10651 -8.42579
v 23.02377 -0.49953 -8.68566
v 22.72377 -0.46508 -8.08665
v 23.02377 -0.45359 -7.88698
v 23.02377 -1.90564 -7.65142
v 22.72377 -1.95586 -7.84502
v 22.72377 -2.15672 -8.61939
v 22.72377 -3.71955 -8.02221
v 23.02377 -3.63253 -7.84213
v 23.02377 -2.10651 -8.42579
v 22.72377 -1.95586 -7.84502
v 23.02377 -1.90564 -7.65142
v 23.02377 -3.28446 -7.12183
v 22.72377 -3.37147 -7.30190
v 22.72377 -3.71955 -8.02221
v 22.72377 -5.13944 -7.11674
v 23.02377 -5.01897 -6.95710
v 23.02377 -3.63253 -7.84213
v 22.72377 -3.37147 -7.30190
v 23.02377 -3.28446 -7.12183
v 23.02377 -4.53705 -6.31854
v 22.72377 -4.65753 -6.47818
v 22.72377 -5.13944 -7.11674
v 22.72377 -6.36183 -5.93778
v 23.02377 -6.21252 -5.80471
v 23.02377 -5.01897 -6.95710
v 22.72377 -4.65753 -6.47818
v 23.02377 -4.53705 -6.31854
v 23.02377 -5.61529 -5.27244
v 22.72377 -5.76460 -5.40551
v 22.72377 -6.36183 -5.93778
v 22.72377 -7.33973 -4.53064
v 23.02377 -7.16734 -4.42925
v 23.02377 -6.21252 -5.80471
v 22.72377 -5.76460 -5.40551
v 23.02377 -5.61529 -5.27244
v 23.02377 -6.47774 -4.02372
v 22.72377 -6.65014 -4.12511
v 22.72377 -7.33973 -4.53064
v 22.72377 -8.03558 -2.94938
v 23.02378 -7.84671 -2.88358
v 23.02377 -7.16734 -4.42925
v 22.72377 -6.65014 -4.12511
v 23.02377 -6.47774 -4.02372
v 23.02378 -7.09125 -2.62038
v 22.72377 -7.28011 -2.68618
v 22.72377 -8.03558 -2.94938
v 22.72378 -8.42262 -1.25479
v 23.02378 -8.22454 -1.22710
v 23.02378 -7.84671 -2.88358
v 22.72377 -7.28011 -2.68618
v 23.02378 -7.09125 -2.62038
v 23.02378 -7.43225 -1.11633
v 22.72378 -7.63032 -1.14402
v 22.72378 -8.42262 -1.25479
v 22.72378 -8.48598 0.48803
v 23.02378 -8.28631 0.47655
v 23.02378 -8.22454 -1.22710
v 22.72378 -7.63032 -1.14402
v 23.02378 -7.43225 -1.11633
v 23.02378 -7.48763 0.43061
v 22.72378 -7.68730 0.44210
v 21.22378 -8.28631 0.47655
v 21.22378 -7.48763 0.43061
v 21.22378 -7.25526 1.96101
v 21.22378 -8.02964 2.16188
v 23.02378 -8.28631 0.47655
v 23.02378 -8.02964 2.16188
v 23.02378 -7.25526 1.96101
v 23.02378 -7.48763 0.43061
v 21.22378 -8.02964 2.16188
v 21.22378 -7.25526 1.96101
v 21.22378 -6.74408 3.41605
v 21.22378 -7.46439 3.76413
v 23.02378 -8.02964 2.16188
v 23.02378 -7.46439 3.76412
v 23.02378 -6.74408 3.41605
v 23.02378 -7.25526 1.96101
v 21.22378 -7.46439 3.76413
v 21.22378 -6.74408 3.41605
v 21.22378 -5.97373 4.73980
v 21.22378 -6.61229 5.22172
v 23.02378 -7.46439 3.76412
v 23.02378 -6.61229 5.22172
v 23.02378 -5.97373 4.73980
v 23.02378 -6.74408 3.41605
v 21.22378 -6.61229 5.22172
v 21.22378 -5.97373 4.73980
v 21.22378 -4.97381 5.88142
v 21.22378 -5.50609 6.47865
v 23.02378 -6.61229 5.22172
v 23.02378 -5.50609 6.47865
v 23.02378 -4.97381 5.88141
v 23.02378 -5.97373 4.73980
v 21.22378 -5.50609 6.47865
v 21.22378 -4.97381 5.88142
v 21.22378 -3.78275 6.79701
v 21.22378 -4.18829 7.48660
v 23.02378 -5.50609 6.47865
v 23.02378 -4.18829 7.48660
v 23.02378 -3.78275 6.79700
v 23.02378 -4.97381 5.88141
v 21.22378 -4.18829 7.48660
v 21.22378 -3.78275 6.79701
v 21.22378 -2.44633 7.45139
v 21.22378 -2.70953 8.20685
v 23.02378 -4.18829 7.48660
v 23.02378 -2.70953 8.20685
v 23.02378 -2.44633 7.45139
v 23.02378 -3.78275 6.79700
v 21.22378 -2.70953 8.20685
v 21.22378 -2.44633 7.45139
v 21.22378 -1.01589 7.81942
v 21.22378 -1.12665 8.61172
v 23.02378 -2.70953 8.20685
v 23.02378 -1.12665 8.61172
v 23.02378 -1.01589 7.81942
v 23.02378 -2.44633 7.45139
v 21.22378 -1.12665 8.61172
v 21.22378 -1.01589 7.81942
v 21.22378 0.45359 7.88696
v 21.22378 0.49953 8.68564
v 23.02378 -1.12665 8.61172
v 23.02378 0.49953 8.68564
v 23.02378 0.45359 7.88696
v 23.02378 -1.01589 7.81942
v 21.22378 0.49953 8.68564
v 21.22378 0.45359 7.88696
v 21.22378 1.90564 7.65140
v 21.22378 2.10651 8.42577
v 23.02378 0.49953 8.68564
v 23.02378 2.10651 8.42577
v 23.02378 1.90564 7.65140
v 23.02378 0.45359 7.88696
v 21.22378 2.10651 8.42577
v 21.22378 1.90564 7.65140
v 21.22378 3.28446 7.12180
v 21.22378 3.63253 7.84211
v 23.02378 2.10651 8.42577
v 23.02378 3.63253 7.84211
v 23.02378 3.28446 7.12180
v 23.02378 1.90564 7.65140
v 21.22378 3.63253 7.84211
v 21.22378 3.28446 7.12180
v 21.22378 4.53705 6.31852
v 21.22378 5.01897 6.95708
v 23.02378 3.63253 7.84211
v 23.02378 5.01897 6.95708
v 23.02378 4.53705 6.31852
v 23.02378 3.28446 7.12180
v 21.22378 5.01897 6.95708
v 21.22378 4.53705 6.31852
v 21.22378 5.61529 5.27242
v 21.22378 6.21252 5.80469
v 23.02378 5.01897 6.95708
v 23.02378 6.21252 5.80469
v 23.02378 5.61529 5.27242
v 23.02378 4.53705 6.31852
v 21.22378 6.21252 5.80469
v 21.22378 5.61529 5.27242
v 21.22378 6.47774 4.02370
v 21.22378 7.16733 4.42923
v 23.02378 6.21252 5.80469
v 23.02378 7.16733 4.42923
v 23.02378 6.47774 4.02370
v 23.02378 5.61529 5.27242
v 21.22378 7.16733 4.42923
v 21.22378 6.47774 4.02370
v 21.22378 7.09125 2.62035
v 21.22378 7.84671 2.88356
v 23.02378 7.16733 4.42923
v 23.02378 7.84671 2.88356
v 23.02378 7.09125 2.62035
v 23.02378 6.47774 4.02370
v 21.22378 7.84671 2.88356
v 21.22378 7.09125 2.62035
v 21.22378 7.43225 1.11631
v 21.22378 8.22454 1.22707
v 23.02378 7.84671 2.88356
v 23.02378 8.22454 1.22707
v 23.02378 7.43225 1.11631
v 23.02378 7.09125 2.62035
v 21.22378 8.22454 1.22707
v 21.22378 7.43225 1.11631
v 21.22378 7.48763 -0.43064
v 21.22378 8.28631 -0.47657
v 23.02378 8.22454 1.22707
v 23.02378 8.28631 -0.47657
v 23.02378 7.48763 -0.43064
v 23.02378 7.43225 1.11631
v 21.22378 8.28631 -0.47657
v 21.22378 7.48763 -0.43064
v 21.22377 7.25526 -1.96103
v 21.22377 8.02964 -2.16190
v 23.02378 8.28631 -0.47657
v 23.02378 8.02964 -2.16190
v 23.02378 7.25526 -1.96103
v 23.02378 7.48763 -0.43064
v 21.22377 8.02964 -2.16190
v 21.22377 7.25526 -1.96103
v 21.22377 6.74408 -3.41607
v 21.22377 7.46439 -3.76415
v 23.02378 8.02964 -2.16190
v 23.02377 7.46439 -3.76415
v 23.02377 6.74408 -3.41607
v 23.02378 7.25526 -1.96103
v 21.22377 7.46439 -3.76415
v 21.22377 6.74408 -3.41607
v 21.22377 5.97373 -4.73983
v 21.22377 6.61229 -5.22174
v 23.02377 7.46439 -3.76415
v 23.02377 6.61229 -5.22174
v 23.02377 5.97373 -4.73983
v 23.02377 6.74408 -3.41607
v 21.22377 6.61229 -5.22174
v 21.22377 5.97373 -4.73983
v 21.22377 4.97381 -5.88144
v 21.22377 5.50609 -6.47867
v 23.02377 6.61229 -5.22174
v 23.02377 5.50609 -6.47867
v 23.02377 4.97381 -5.88144
v 23.02377 5.97373 -4.73983
v 21.22377 5.50609 -6.47867
v 21.22377 4.97381 -5.88144
v 21.22377 3.78275 -6.79703
v 21.22377 4.18829 -7.48662
v 23.02377 5.50609 -6.47867
v 23.02377 4.18829 -7.48663
v 23.02377 3.78275 -6.79703
v 23.02377 4.97381 -5.88144
v 21.22377 4.18829 -7.48662
v 21.22377 3.78275 -6.79703
v 21.22377 2.44633 -7.45141
v 21.22377 2.70953 -8.20687
v 23.02377 4.18829 -7.48663
v 23.02377 2.70953 -8.20687
v 23.02377 2.44633 -7.45141
v 23.02377 3.78275 -6.79703
v 21.22377 2.70953 -8.20687
v 21.22377 2.44633 -7.45141
v 21.22377 1.01589 -7.81944
v 21.22377 1.12665 -8.61174
v 23.02377 2.70953 -8.20687
v 23.02377 1.12665 -8.61174
v 23.02377 1.01589 -7.81944
v 23.02377 2.44633 -7.45141
v 21.22377 1.12665 -8.61174
v 21.22377 1.01589 -7.81944
v 21.22377 -0.45359 -7.88698
v 21.22377 -0.49953 -8.68566
v 23.02377 1.12665 -8.61174
v 23.02377 -0.49953 -8.68566
v 23.02377 -0.45359 -7.88698
v 23.02377 1.01589 -7.81944
v 21.22377 -0.49953 -8.68566
v 21.22377 -0.45359 -7.88698
v 21.22377 -1.90564 -7.65142
v 21.22377 -2.10651 -8.42579
v 23.02377 -0.49953 -8.68566
v 23.02377 -2.10651 -8.42579
v 23.02377 -1.90564 -7.65142
v 23.02377 -0.45359 -7.88698
v 21.22377 -2.10651 -8.42579
v 21.22377 -1.90564 -7.65142
v 21.22377 -3.28446 -7.12183
v 21.22377 -3.63253 -7.84213
v 23.02377 -2.10651 -8.42579
v 23.02377 -3.63253 -7.84213
v 23.02377 -3.28446 -7.12183
v 23.02377 -1.90564 -7.65142
v 21.22377 -3.63253 -7.84213
v 21.22377 -3.28446 -7.12183
v 21.22377 -4.53705 -6.31854
v 21.22377 -5.01897 -6.95710
v 23.02377 -3.63253 -7.84213
v 23.02377 -5.01897 -6.95710
v 23.02377 -4.53705 -6.31854
v 23.02377 -3.28446 -7.12183
v 21.22377 -5.01897 -6.95710
v 21.22377 -4.53705 -6.31854
v 21.22377 -5.61529 -5.27244
v 21.22377 -6.21252 -5.80471
v 23.02377 -5.01897 -6.95710
v 23.02377 -6.21252 -5.80471
v 23.02377 -5.61529 -5.27244
v 23.02377 -4.53705 -6.31854
v 21.22377 -6.21252 -5.80471
v 21.22377 -5.61529 -5.27244
v 21.22377 -6.47774 -4.02372
v 21.22377 -7.16734 -4.42925
v 23.02377 -6.21252 -5.80471
v 23.02377 -7.16734 -4.42925
v 23.02377 -6.47774 -4.02372
v 23.02377 -5.61529 -5.27244
v 21.22377 -7.16734 -4.42925
v 21.22377 -6.47774 -4.02372
v 21.22377 -7.09125 -2.62038
v 21.22377 -7.84671 -2.88358
v 23.02377 -7.16734 -4.42925
v 23.02378 -7.84671 -2.88358
v 23.02378 -7.09125 -2.62038
v 23.02377 -6.47774 -4.02372
v 21.22377 -7.84671 -2.88358
v 21.22377 -7.09125 -2.62038
v 21.22378 -7.43225 -1.11633
v 21.22378 -8.22454 -1.22709
v 23.02378 -7.84671 -2.88358
v 23.02378 -8.22454 -1.22710
v 23.02378 -7.43225 -1.11633
v 23.02378 -7.09125 -2.62038
v 21.22378 -8.22454 -1.22709
v 21.22378 -7.43225 -1.11633
v 21.22378 -7.48763 0.43062
v 21.22378 -8.28631 0.47655
v 23.02378 -8.22454 -1.22710
v 23.02378 -8.28631 0.47655
v 23.02378 -7.48763 0.43061
v 23.02378 -7.43225 -1.11633
v 21.22378 -8.28631 0.47655
v 21.52378 -8.48598 0.48803
v 21.52378 -7.68730 0.44210
v 21.22378 -7.48763 0.43061
v 21.22378 -7.48763 0.43062
v 21.52378 -7.68730 0.44210
v 21.52378 -8.48598 0.48803
v 21.22378 -8.28631 0.47655
v 21.52378 -8.48598 0.48803
v 22.72378 -8.48598 0.48803
v 22.72378 -7.68730 0.44210
v 21.52378 -7.68730 0.44210
v 21.52378 -7.68730 0.44210
v 22.72378 -7.68730 0.44210
v 22.72378 -8.48598 0.48803
v 21.52378 -8.48598 0.48803
v 22.72378 -8.48598 0.48803
v 23.02378 -8.28631 0.47655
v 23.02378 -7.48763 0.43061
v 22.72378 -7.68730 0.44210
v 22.72378 -7.68730 0.44210
v 23.02378 -7.48763 0.43061
v 23.02378 -8.28631 0.47655
v 22.72378 -8.48598 0.48803
v 8.91262 0.55407 9.63408
v 8.80494 1.23279 9.59504
v 8.80494 1.14666 8.09752
v 8.91262 0.46795 8.13655
v 8.80494 1.23279 9.59504
v 8.49246 1.84507 9.55983
v 8.49245 1.75894 8.06230
v 8.80494 1.14666 8.09752
v 8.49246 1.84507 9.55983
v 8.00574 2.33097 9.53188
v 8.00574 2.24485 8.03436
v 8.49245 1.75894 8.06230
v 8.00574 2.33097 9.53188
v 7.39246 2.64294 9.51394
v 7.39245 2.55682 8.01642
v 8.00574 2.24485 8.03436
v 7.39246 2.64294 9.51394
v 6.71262 2.75044 9.50776
v 6.71262 2.66432 8.01023
v 7.39245 2.55682 8.01642
v 6.71262 2.75044 9.50776
v 6.03278 2.64294 9.51394
v 6.03278 2.55682 8.01642
v 6.71262 2.66432 8.01023
v 6.03278 2.64294 9.51394
v 5.41949 2.33097 9.53189
v 5.41949 2.24485 8.03436
v 6.03278 2.55682 8.01642
v 5.41949 2.33097 9.53189
v 4.93278 1.84507 9.55983
v 4.93278 1.75894 8.06231
v 5.41949 2.24485 8.03436
v 4.93278 1.84507 9.55983
v 4.62029 1.23279 9.59504
v 4.62029 1.14666 8.09752
v 4.93278 1.75894 8.06231
v 4.62029 1.23279 9.59504
v 4.51262 0.55407 9.63408
v 4.51262 0.46795 8.13655
v 4.62029 1.14666 8.09752
v 4.51262 0.55407 9.63408
v 4.62029 -0.12464 9.67311
v 4.62029 -0.21077 8.17559
v 4.51262 0.46795 8.13655
v 4.62029 -0.12464 9.67311
v 4.93278 -0.73692 9.70833
v 4.93278 -0.82305 8.21080
v 4.62029 -0.21077 8.17559
v 4.93278 -0.73692 9.70833
v 5.41949 -1.22283 9.73627
v 5.41949 -1.30896 8.23874
v 4.93278 -0.82305 8.21080
v 5.41949 -1.22283 9.73627
v 6.03278 -1.53480 9.75421
v 6.03278 -1.62093 8.25669
v 5.41949 -1.30896 8.23874
v 6.03278 -1.53480 9.75421
v 6.71262 -1.64230 9.76039
v 6.71262 -1.72842 8.26287
v 6.03278 -1.62093 8.25669
v 6.71262 -1.64230 9.76039
v 7.39246 -1.53480 9.75421
v 7.39245 -1.62093 8.25669
v 6.71262 -1.72842 8.26287
v 7.39246 -1.53480 9.75421
v 8.00575 -1.22283 9.73627
v 8.00574 -1.30895 8.23874
v 7.39245 -1.62093 8.25669
v 8.00575 -1.22283 9.73627
v 8.49246 -0.73692 9.70832
v 8.49245 -0.82305 8.21080
v 8.00574 -1.30895 8.23874
v 8.49246 -0.73692 9.70832
v 8.80494 -0.12464 9.67311
v 8.80494 -0.21077 8.17558
v 8.49245 -0.82305 8.21080
v 8.80494 -0.12464 9.67311
v 8.91262 0.55407 9.63408
v 8.91262 0.46795 8.13655
v 8.80494 -0.21077 8.17558
v 8.80494 -0.12464 9.67311
v 8.49246 -0.73692 9.70832
v 8.00575 -1.22283 9.73627
v 7.39246 -1.53480 9.75421
v 6.71262 -1.64230 9.76039
v 6.03278 -1.53480 9.75421
v 5.41949 -1.22283 9.73627
v 4.93278 -0.73692 9.70833
v 4.62029 -0.12464 9.67311
v 4.51262 0.55407 9.63408
v 4.62029 1.23279 9.59504
v 4.93278 1.84507 9.55983
v 5.41949 2.33097 9.53189
v 6.03278 2.64294 9.51394
v 6.71262 2.75044 9.50776
v 7.39246 2.64294 9.51394
v 8.00574 2.33097 9.53188
v 8.49246 1.84507 9.55983
v 8.80494 1.23279 9.59504
v 8.91262 0.55407 9.63408
v 8.91262 0.46795 8.13655
v 8.80494 1.14666 8.09752
v 8.49245 1.75894 8.06230
v 8.00574 2.24485 8.03436
v 7.39245 2.55682 8.01642
v 6.71262 2.66432 8.01023
v 6.03278 2.55682 8.01642
v 5.41949 2.24485 8.03436
v 4.93278 1.75894 8.06231
v 4.62029 1.14666 8.09752
v 4.51262 0.46795 8.13655
v 4.62029 -0.21077 8.17559
v 4.93278 -0.82305 8.21080
v 5.41949 -1.30896 8.23874
v 6.03278 -1.62093 8.25669
v 6.71262 -1.72842 8.26287
v 7.39245 -1.62093 8.25669
v 8.00574 -1.30895 8.23874
v 8.49245 -0.82305 8.21080
v 8.80494 -0.21077 8.17558
v 9.04744 6.83131 4.72055
v 8.80057 6.83591 4.80063
v 8.80057 6.53641 4.81786
v 9.04744 6.53180 4.73778
v 8.80057 6.83591 4.80063
v 8.64799 6.84797 5.01029
v 8.64799 6.54847 5.02751
v 8.80057 6.53641 4.81786
v 8.64799 6.84797 5.01029
v 8.64799 6.86288 5.26943
v 8.64799 6.56337 5.28666
v 8.64799 6.54847 5.02751
v 8.64799 6.86288 5.26943
v 8.80057 6.87493 5.47908
v 8.80057 6.57543 5.49631
v 8.64799 6.56337 5.28666
v 8.80057 6.87493 5.47908
v 9.04744 6.87954 5.55917
v 9.04744 6.58003 5.57639
v 8.80057 6.57543 5.49631
v 9.04744 6.87954 5.55917
v 9.29431 6.87493 5.47908
v 9.29431 6.57543 5.49631
v 9.04744 6.58003 5.57639
v 9.29431 6.87493 5.47908
v 9.44688 6.86288 5.26943
v 9.44688 6.56337 5.28666
v 9.29431 6.57543 5.49631
v 9.44688 6.86288 5.26943
v 9.44688 6.84797 5.01029
v 9.44688 6.54847 5.02751
v 9.44688 6.56337 5.28666
v 9.44688 6.84797 5.01029
v 9.29431 6.83591 4.80063
v 9.29431 6.53641 4.81786
v 9.44688 6.54847 5.02751
v 9.29431 6.83591 4.80063
v 9.04744 6.83131 4.72055
v 9.04744 6.53180 4.73778
v 9.29431 6.53641 4.81786
v 9.29431 6.83591 4.80063
v 9.44688 6.84797 5.01029
v 9.44688 6.86288 5.26943
v 9.29431 6.87493 5.47908
v 9.04744 6.87954 5.55917
v 8.80057 6.87493 5.47908
v 8.64799 6.86288 5.26943
v 8.64799 6.84797 5.01029
v 8.80057 6.83591 4.80063
v 9.04744 6.83131 4.72055
v 9.04744 6.53180 4.73778
v 8.80057 6.53641 4.81786
v 8.64799 6.54847 5.02751
v 8.64799 6.56337 5.28666
v 8.80057 6.57543 5.49631
v 9.04744 6.58003 5.57639
v 9.29431 6.57543 5.49631
v 9.44688 6.56337 5.28666
v 9.44688 6.54847 5.02751
v 9.29431 6.53641 4.81786
v 8.99744 6.85750 5.35009
v 8.99744 6.93737 5.34549
v 9.09744 6.93737 5.34549
v 9.09744 6.85750 5.35009
v 9.09744 6.83338 4.93078
v 9.09744 6.91325 4.92619
v 8.99744 6.91325 4.92619
v 8.99744 6.83338 4.93078
v 8.99744 6.85750 5.35009
v 9.09744 6.85750 5.35009
v 9.09744 6.83338 4.93078
v 8.99744 6.83338 4.93078
v 8.99744 6.91325 4.92619
v 9.09744 6.91325 4.92619
v 9.09744 6.93737 5.34549
v 8.99744 6.93737 5.34549
v 8.99744 6.85750 5.35009
v 8.99744 6.83338 4.93078
v 8.99744 6.91325 4.92619
v 8.99744 6.93737 5.34549
v 9.09744 6.93737 5.34549
v 9.09744 6.91325 4.92619
v 9.09744 6.83338 4.93078
v 9.09744 6.85750 5.35009
v 8.91261 -0.46795 -8.13656
v 8.80493 0.21077 -8.17559
v 8.80493 0.12464 -9.67312
v 8.91261 -0.55407 -9.63408
v 8.80493 0.21077 -8.17559
v 8.49245 0.82305 -8.21081
v 8.49244 0.73692 -9.70833
v 8.80493 0.12464 -9.67312
v 8.49245 0.82305 -8.21081
v 8.00574 1.30895 -8.23875
v 8.00574 1.22283 -9.73628
v 8.49244 0.73692 -9.70833
v 8.00574 1.30895 -8.23875
v 7.39245 1.62093 -8.25669
v 7.39244 1.53480 -9.75422
v 8.00574 1.22283 -9.73628
v 7.39245 1.62093 -8.25669
v 6.71261 1.72842 -8.26288
v 6.71261 1.64230 -9.76040
v 7.39244 1.53480 -9.75422
v 6.71261 1.72842 -8.26288
v 6.03277 1.62093 -8.25669
v 6.03277 1.53480 -9.75422
v 6.71261 1.64230 -9.76040
v 6.03277 1.62093 -8.25669
v 5.41948 1.30895 -8.23875
v 5.41948 1.22283 -9.73628
v 6.03277 1.53480 -9.75422
v 5.41948 1.30895 -8.23875
v 4.93277 0.82305 -8.21080
v 4.93277 0.73692 -9.70833
v 5.41948 1.22283 -9.73628
v 4.93277 0.82305 -8.21080
v 4.62028 0.21077 -8.17559
v 4.62028 0.12464 -9.67312
v 4.93277 0.73692 -9.70833
v 4.62028 0.21077 -8.17559
v 4.51261 -0.46795 -8.13656
v 4.51261 -0.55407 -9.63408
v 4.62028 0.12464 -9.67312
v 4.51261 -0.46795 -8.13656
v 4.62028 -1.14666 -8.09752
v 4.62028 -1.23279 -9.59505
v 4.51261 -0.55407 -9.63408
v 4.62028 -1.14666 -8.09752
v 4.93277 -1.75894 -8.06231
v 4.93277 -1.84507 -9.55984
v 4.62028 -1.23279 -9.59505
v 4.93277 -1.75894 -8.06231
v 5.41948 -2.24485 -8.03437
v 5.41948 -2.33097 -9.53189
v 4.93277 -1.84507 -9.55984
v 5.41948 -2.24485 -8.03437
v 6.03277 -2.55682 -8.01642
v 6.03277 -2.64294 -9.51395
v 5.41948 -2.33097 -9.53189
v 6.03277 -2.55682 -8.01642
v 6.71261 -2.66432 -8.01024
v 6.71261 -2.75044 -9.50777
v 6.03277 -2.64294 -9.51395
v 6.71261 -2.66432 -8.01024
v 7.39245 -2.55682 -8.01642
v 7.39245 -2.64294 -9.51395
v 6.71261 -2.75044 -9.50777
v 7.39245 -2.55682 -8.01642
v 8.00574 -2.24485 -8.03437
v 8.00574 -2.33097 -9.53189
v 7.39245 -2.64294 -9.51395
v 8.00574 -2.24485 -8.03437
v 8.49245 -1.75894 -8.06231
v 8.49244 -1.84507 -9.55984
v 8.00574 -2.33097 -9.53189
v 8.49245 -1.75894 -8.06231
v 8.80493 -1.14666 -8.09753
v 8.80493 -1.23279 -9.59505
v 8.49244 -1.84507 -9.55984
v 8.80493 -1.14666 -8.09753
v 8.91261 -0.46795 -8.13656
v 8.91261 -0.55407 -9.63408
v 8.80493 -1.23279 -9.59505
v 8.80493 -1.14666 -8.09753
v 8.49245 -1.75894 -8.06231
v 8.00574 -2.24485 -8.03437
v 7.39245 -2.55682 -8.01642
v 6.71261 -2.66432 -8.01024
v 6.03277 -2.55682 -8.01642
v 5.41948 -2.24485 -8.03437
v 4.93277 -1.75894 -8.06231
v 4.62028 -1.14666 -8.09752
v 4.51261 -0.46795 -8.13656
v 4.62028 0.21077 -8.17559
v 4.93277 0.82305 -8.21080
v 5.41948 1.30895 -8.23875
v 6.03277 1.62093 -8.25669
v 6.71261 1.72842 -8.26288
v 7.39245 1.62093 -8.25669
v 8.00574 1.30895 -8.23875
v 8.49245 0.82305 -8.21081
v 8.80493 0.21077 -8.17559
v 8.91261 -0.46795 -8.13656
v 8.91261 -0.55407 -9.63408
v 8.80493 0.12464 -9.67312
v 8.49244 0.73692 -9.70833
v 8.00574 1.22283 -9.73628
v 7.39244 1.53480 -9.75422
v 6.71261 1.64230 -9.76040
v 6.03277 1.53480 -9.75422
v 5.41948 1.22283 -9.73628
v 4.93277 0.73692 -9.70833
v 4.62028 0.12464 -9.67312
v 4.51261 -0.55407 -9.63408
v 4.62028 -1.23279 -9.59505
v 4.93277 -1.84507 -9.55984
v 5.41948 -2.33097 -9.53189
v 6.03277 -2.64294 -9.51395
v 6.71261 -2.75044 -9.50777
v 7.39245 -2.64294 -9.51395
v 8.00574 -2.33097 -9.53189
v 8.49244 -1.84507 -9.55984
v 8.80493 -1.23279 -9.59505
v 9.04743 6.19685 -6.31122
v 8.80056 6.20146 -6.23114
v 8.80056 5.90195 -6.21391
v 9.04743 5.89735 -6.29399
v 8.80056 6.20146 -6.23114
v 8.64799 6.21352 -6.02149
v 8.64799 5.91401 -6.00426
v 8.80056 5.90195 -6.21391
v 8.64799 6.21352 -6.02149
v 8.64799 6.22842 -5.76234
v 8.64799 5.92892 -5.74511
v 8.64799 5.91401 -6.00426
v 8.64799 6.22842 -5.76234
v 8.80056 6.24048 -5.55269
v 8.80056 5.94097 -5.53546
v 8.64799 5.92892 -5.74511
v 8.80056 6.24048 -5.55269
v 9.04743 6.24508 -5.47261
v 9.04743 5.94558 -5.45538
v 8.80056 5.94097 -5.53546
v 9.04743 6.24508 -5.47261
v 9.29430 6.24048 -5.55269
v 9.29430 5.94097 -5.53546
v 9.04743 5.94558 -5.45538
v 9.29430 6.24048 -5.55269
v 9.44688 6.22842 -5.76234
v 9.44688 5.92892 -5.74511
v 9.29430 5.94097 -5.53546
v 9.44688 6.22842 -5.76234
v 9.44687 6.21352 -6.02149
v 9.44687 5.91401 -6.00426
v 9.44688 5.92892 -5.74511
v 9.44687 6.21352 -6.02149
v 9.29430 6.20146 -6.23114
v 9.29430 5.90195 -6.21391
v 9.44687 5.91401 -6.00426
v 9.29430 6.20146 -6.23114
v 9.04743 6.19685 -6.31122
v 9.04743 5.89735 -6.29399
v 9.29430 5.90195 -6.21391
v 9.29430 6.20146 -6.23114
v 9.44687 6.21352 -6.02149
v 9.44688 6.22842 -5.76234
v 9.29430 6.24048 -5.55269
v 9.04743 6.24508 -5.47261
v 8.80056 6.24048 -5.55269
v 8.64799 6.22842 -5.76234
v 8.64799 6.21352 -6.02149
v 8.80056 6.20146 -6.23114
v 9.04743 6.19685 -6.31122
v 9.04743 5.89735 -6.29399
v 8.80056 5.90195 -6.21391
v 8.64799 5.91401 -6.00426
v 8.64799 5.92892 -5.74511
v 8.80056 5.94097 -5.53546
v 9.04743 5.94558 -5.45538
v 9.29430 5.94097 -5.53546
v 9.44688 5.92892 -5.74511
v 9.44687 5.91401 -6.00426
v 9.29430 5.90195 -6.21391
v 8.99743 6.22304 -5.68168
v 8.99743 6.30291 -5.68628
v 9.09743 6.30291 -5.68628
v 9.09743 6.22304 -5.68168
v 9.09743 6.19893 -6.10099
v 9.09743 6.27880 -6.10559
v 8.99743 6.27880 -6.10559
v 8.99743 6.19893 -6.10099
v 8.99743 6.22304 -5.68168
v 9.09743 6.22304 -5.68168
v 9.09743 6.19893 -6.10099
v 8.99743 6.19893 -6.10099
v 8.99743 6.27880 -6.10559
v 9.09743 6.27880 -6.10559
v 9.09743 6.30291 -5.68628
v 8.99743 6.30291 -5.68628
v 8.99743 6.22304 -5.68168
v 8.99743 6.19893 -6.10099
v 8.99743 6.27880 -6.10559
v 8.99743 6.30291 -5.68628
v 9.09743 6.30291 -5.68628
v 9.09743 6.27880 -6.10559
v 9.09743 6.19893 -6.10099
v 9.09743 6.22304 -5.68168
v -4.00000 -4.65738 5.22578
v -4.00000 -3.78255 5.89002
v -3.00000 -4.97135 7.74117
v -3.00000 -6.12113 6.86817
v -4.00000 -3.65937 4.10597
v -3.00000 -5.12312 5.74836
v -3.00000 -4.16081 6.47902
v -4.00000 -2.97200 4.62787
v -4.00000 -3.78255 5.89002
v -4.00000 -2.81458 6.40923
v -3.00000 -3.69916 8.42355
v -3.00000 -4.97135 7.74117
v -4.00000 -2.97200 4.62787
v -3.00000 -4.16081 6.47902
v -3.00000 -3.09604 7.05015
v -4.00000 -2.21146 5.03582
v -4.00000 -2.81458 6.40923
v -4.00000 -1.77730 6.77061
v -3.00000 -2.33589 8.89852
v -3.00000 -3.69916 8.42355
v -4.00000 -2.21146 5.03582
v -3.00000 -3.09604 7.05015
v -3.00000 -1.95503 7.44768
v -4.00000 -1.39645 5.31977
v -4.00000 -1.77730 6.77061
v -4.00000 -0.69627 6.96529
v -3.00000 -0.91509 9.15438
v -3.00000 -2.33589 8.89852
v -4.00000 -1.39645 5.31977
v -3.00000 -1.95503 7.44768
v -3.00000 -0.76589 7.66182
v -4.00000 -0.54707 5.47273
v -4.00000 -0.69627 6.96529
v -4.00000 0.40192 6.98845
v -3.00000 0.52823 9.18482
v -3.00000 -0.91509 9.15438
v -4.00000 -0.54707 5.47273
v -3.00000 -0.76589 7.66182
v -3.00000 0.44211 7.68730
v -4.00000 0.31579 5.49093
v -4.00000 0.40192 6.98845
v -4.00000 1.49020 6.83954
v -3.00000 1.95855 8.98911
v -3.00000 0.52823 9.18482
v -4.00000 0.31579 5.49093
v -3.00000 0.44211 7.68730
v -3.00000 1.63922 7.52349
v -4.00000 1.17087 5.37393
v -4.00000 1.49020 6.83954
v -4.00000 2.54180 6.52222
v -3.00000 3.34065 8.57205
v -3.00000 1.95855 8.98911
v -4.00000 1.17087 5.37393
v -3.00000 1.63922 7.52349
v -3.00000 2.79598 7.17444
v -4.00000 1.99713 5.12460
v -4.00000 2.54180 6.52222
v -4.00000 3.53080 6.04429
v -3.00000 4.64048 7.94393
v -3.00000 3.34065 8.57205
v -4.00000 1.99713 5.12460
v -3.00000 2.79598 7.17444
v -3.00000 3.88388 6.64872
v -4.00000 2.77420 4.74909
v -4.00000 3.53080 6.04429
v -4.00000 4.43287 5.41754
v -3.00000 5.82605 7.12019
v -3.00000 4.64048 7.94393
v -4.00000 2.77420 4.74909
v -3.00000 3.88388 6.64872
v -3.00000 4.87615 5.95929
v -4.00000 3.48297 4.25664
v -4.00000 4.43287 5.41754
v -4.00000 5.22578 4.65739
v -3.00000 6.86817 6.12113
v -3.00000 5.82605 7.12019
v -4.00000 3.48297 4.25664
v -3.00000 4.87615 5.95929
v -3.00000 5.74836 5.12312
v -4.00000 4.10597 3.65937
v -4.00000 5.22578 4.65739
v -4.00000 5.89002 3.78255
v -3.00000 7.74117 4.97135
v -3.00000 6.86817 6.12113
v -4.00000 4.10597 3.65937
v -3.00000 5.74836 5.12312
v -3.00000 6.47902 4.16081
v -4.00000 4.62787 2.97201
v -4.00000 5.89002 3.78255
v -4.00000 6.40922 2.81458
v -3.00000 8.42355 3.69916
v -3.00000 7.74117 4.97135
v -4.00000 4.62787 2.97201
v -3.00000 6.47902 4.16081
v -3.00000 7.05015 3.09604
v -4.00000 5.03582 2.21146
v -4.00000 6.40922 2.81458
v -4.00000 6.77061 1.77731
v -3.00000 8.89852 2.33589
v -3.00000 8.42355 3.69916
v -4.00000 5.03582 2.21146
v -3.00000 7.05015 3.09604
v -3.00000 7.44767 1.95504
v -4.00000 5.31977 1.39646
v -4.00000 6.77061 1.77731
v -4.00000 6.96529 0.69627
v -3.00000 9.15438 0.91509
v -3.00000 8.89852 2.33589
v -4.00000 5.31977 1.39646
v -3.00000 7.44767 1.95504
v -3.00000 7.66182 0.76589
v -4.00000 5.47272 0.54707
v -4.00000 6.96529 0.69627
v -4.00000 6.98845 -0.40192
v -3.00000 9.18482 -0.52823
v -3.00000 9.15438 0.91509
v -4.00000 5.47272 0.54707
v -3.00000 7.66182 0.76589
v -3.00000 7.68730 -0.44211
v -4.00000 5.49093 -0.31579
v -4.00000 6.98845 -0.40192
v -4.00000 6.83954 -1.49020
v -3.00000 8.98911 -1.95855
v -3.00000 9.18482 -0.52823
v -4.00000 5.49093 -0.31579
v -3.00000 7.68730 -0.44211
v -3.00000 7.52349 -1.63922
v -4.00000 5.37392 -1.17087
v -4.00000 6.83954 -1.49020
v -4.00000 6.52221 -2.54179
v -3.00000 8.57205 -3.34065
v -3.00000 8.98911 -1.95855
v -4.00000 5.37392 -1.17087
v -3.00000 7.52349 -1.63922
v -3.00000 7.17444 -2.79597
v -4.00000 5.12460 -1.99712
v -4.00000 6.52221 -2.54179
v -4.00000 6.04429 -3.53080
v -3.00000 7.94392 -4.64048
v -3.00000 8.57205 -3.34065
v -4.00000 5.12460 -1.99712
v -3.00000 7.17444 -2.79597
v -3.00000 6.64872 -3.88388
v -4.00000 4.74908 -2.77420
v -4.00000 6.04429 -3.53080
v -4.00000 5.41754 -4.43286
v -3.00000 7.12019 -5.82605
v -3.00000 7.94392 -4.64048
v -4.00000 4.74908 -2.77420
v -3.00000 6.64872 -3.88388
v -3.00000 5.95929 -4.87615
v -4.00000 4.25664 -3.48296
v -4.00000 5.41754 -4.43286
v -4.00000 4.65738 -5.22578
v -3.00000 6.12113 -6.86817
v -3.00000 7.12019 -5.82605
v -4.00000 4.25664 -3.48296
v -3.00000 5.95929 -4.87615
v -3.00000 5.12312 -5.74836
v -4.00000 3.65937 -4.10597
v -4.00000 4.65738 -5.22578
v -4.00000 3.78255 -5.89002
v -3.00000 4.97135 -7.74116
v -3.00000 6.12113 -6.86817
v -4.00000 3.65937 -4.10597
v -3.00000 5.12312 -5.74836
v -3.00000 4.16081 -6.47902
v -4.00000 2.97200 -4.62787
v -4.00000 3.78255 -5.89002
v -4.00000 2.81458 -6.40922
v -3.00000 3.69916 -8.42355
v -3.00000 4.97135 -7.74116
v -4.00000 2.97200 -4.62787
v -3.00000 4.16081 -6.47902
v -3.00000 3.09604 -7.05014
v -4.00000 2.21146 -5.03582
v -4.00000 2.81458 -6.40922
v -4.00000 1.77730 -6.77061
v -3.00000 2.33589 -8.89852
v -3.00000 3.69916 -8.42355
v -4.00000 2.21146 -5.03582
v -3.00000 3.09604 -7.05014
v -3.00000 1.95503 -7.44767
v -4.00000 1.39645 -5.31976
v -4.00000 1.77730 -6.77061
v -4.00000 0.69627 -6.96528
v -3.00000 0.91509 -9.15438
v -3.00000 2.33589 -8.89852
v -4.00000 1.39645 -5.31976
v -3.00000 1.95503 -7.44767
v -3.00000 0.76589 -7.66181
v -4.00000 0.54707 -5.47272
v -4.00000 0.69627 -6.96528
v -4.00000 -0.40192 -6.98845
v -3.00000 -0.52823 -9.18482
v -3.00000 0.91509 -9.15438
v -4.00000 0.54707 -5.47272
v -3.00000 0.76589 -7.66181
v -3.00000 -0.44211 -7.68730
v -4.00000 -0.31579 -5.49092
v -4.00000 -0.40192 -6.98845
v -4.00000 -1.49020 -6.83954
v -3.00000 -1.95855 -8.98911
v -3.00000 -0.52823 -9.18482
v -4.00000 -0.31579 -5.49092
v -3.00000 -0.44211 -7.68730
v -3.00000 -1.63922 -7.52349
v -4.00000 -1.17087 -5.37392
v -4.00000 -1.49020 -6.83954
v -4.00000 -2.54180 -6.52221
v -3.00000 -3.34065 -8.57205
v -3.00000 -1.95855 -8.98911
v -4.00000 -1.17087 -5.37392
v -3.00000 -1.63922 -7.52349
v -3.00000 -2.79598 -7.17443
v -4.00000 -1.99713 -5.12459
v -4.00000 -2.54180 -6.52221
v -4.00000 -3.53080 -6.04429
v -3.00000 -4.64048 -7.94392
v -3.00000 -3.34065 -8.57205
v -4.00000 -1.99713 -5.12459
v -3.00000 -2.79598 -7.17443
v -3.00000 -3.88388 -6.64872
v -4.00000 -2.77420 -4.74908
v -4.00000 -3.53080 -6.04429
v -4.00000 -4.43287 -5.41753
v -3.00000 -5.82605 -7.12019
v -3.00000 -4.64048 -7.94392
v -4.00000 -2.77420 -4.74908
v -3.00000 -3.88388 -6.64872
v -3.00000 -4.87615 -5.95929
v -4.00000 -3.48297 -4.25663
v -4.00000 -4.43287 -5.41753
v -4.00000 -5.22578 -4.65738
v -3.00000 -6.86817 -6.12113
v -3.00000 -5.82605 -7.12019
v -4.00000 -3.48297 -4.25663
v -3.00000 -4.87615 -5.95929
v -3.00000 -5.74836 -5.12312
v -4.00000 -4.10597 -3.65937
v -3.00000 -6.12113 6.86817
v -3.00000 -4.97135 7.74117
v 3.00001 -6.47044 10.33948
v 3.00000 -7.97191 9.17026
v -3.00000 -5.12312 5.74836
v 3.00000 -6.97390 8.05045
v 3.00000 -5.65989 9.07733
v -3.00000 -4.16081 6.47902
v -3.00000 -4.97135 7.74117
v -3.00000 -3.69916 8.42355
v 3.00001 -4.80965 11.25410
v 3.00001 -6.47044 10.33948
v -3.00000 -4.16081 6.47902
v 3.00000 -5.65989 9.07733
v 3.00001 -4.20652 9.88069
v -3.00000 -3.09604 7.05015
v -3.00000 -3.69916 8.42355
v -3.00000 -2.33589 8.89852
v 3.00001 -3.03043 11.89161
v 3.00001 -4.80965 11.25410
v -3.00000 -3.09604 7.05015
v 3.00001 -4.20652 9.88069
v 3.00001 -2.64957 10.44076
v -3.00000 -1.95503 7.44768
v -3.00000 -2.33589 8.89852
v -3.00000 -0.91509 9.15438
v 3.00001 -1.17659 12.23631
v 3.00001 -3.03043 11.89161
v -3.00000 -1.95503 7.44768
v 3.00001 -2.64957 10.44076
v 3.00001 -1.02739 10.74375
v -3.00000 -0.76589 7.66182
v -3.00000 -0.91509 9.15438
v -3.00000 0.52823 9.18482
v 3.00001 0.70623 12.27971
v 3.00001 -1.17659 12.23631
v -3.00000 -0.76589 7.66182
v 3.00001 -1.02739 10.74375
v 3.00001 0.62010 10.78218
v -3.00000 0.44211 7.68730
v -3.00000 0.52823 9.18482
v -3.00000 1.95855 8.98911
v 3.00001 2.57165 12.02074
v 3.00001 0.70623 12.27971
v -3.00000 0.44211 7.68730
v 3.00001 0.62010 10.78218
v 3.00001 2.25232 10.55513
v -3.00000 1.63922 7.52349
v -3.00000 1.95855 8.98911
v -3.00000 3.34065 8.57205
v 3.00001 4.37375 11.46578
v 3.00001 2.57165 12.02074
v -3.00000 1.63922 7.52349
v 3.00001 2.25232 10.55513
v 3.00001 3.82908 10.06817
v -3.00000 2.79598 7.17444
v -3.00000 3.34065 8.57205
v -3.00000 4.64048 7.94393
v 3.00001 6.06815 10.62850
v 3.00001 4.37375 11.46578
v -3.00000 2.79598 7.17444
v 3.00001 3.82908 10.06817
v 3.00000 5.31155 9.33329
v -3.00000 3.88388 6.64872
v -3.00000 4.64048 7.94393
v -3.00000 5.82605 7.12019
v 3.00001 7.61314 9.52951
v 3.00001 6.06815 10.62850
v -3.00000 3.88388 6.64872
v 3.00000 5.31155 9.33329
v 3.00000 6.66324 8.36861
v -3.00000 4.87615 5.95929
v -3.00000 5.82605 7.12019
v -3.00000 6.86817 6.12113
v 3.00000 8.97066 8.19587
v 3.00001 7.61314 9.52951
v -3.00000 4.87615 5.95929
v 3.00000 6.66324 8.36861
v 3.00000 7.85085 7.19786
v -3.00000 5.74836 5.12312
v -3.00000 6.86817 6.12113
v -3.00000 7.74117 4.97135
v 3.00000 10.10730 6.66042
v 3.00000 8.97066 8.19587
v -3.00000 5.74836 5.12312
v 3.00000 7.85085 7.19786
v 3.00000 8.84515 5.84987
v -3.00000 6.47902 4.16081
v -3.00000 7.74117 4.97135
v -3.00000 8.42355 3.69916
v 3.00000 10.99506 4.96097
v 3.00000 10.10730 6.66042
v -3.00000 6.47902 4.16081
v 3.00000 8.84515 5.84987
v 3.00000 9.62165 4.35784
v -3.00000 7.05015 3.09604
v -3.00000 8.42355 3.69916
v -3.00000 8.89852 2.33589
v 3.00000 11.61209 3.13936
v 3.00000 10.99506 4.96097
v -3.00000 7.05015 3.09604
v 3.00000 9.62165 4.35784
v 3.00000 10.16124 2.75851
v -3.00000 7.44767 1.95504
v -3.00000 8.89852 2.33589
v -3.00000 9.15438 0.91509
v 3.00000 11.94319 1.24045
v 3.00000 11.61209 3.13936
v -3.00000 7.44767 1.95504
v 3.00000 10.16124 2.75851
v 3.00000 10.45062 1.09125
v -3.00000 7.66182 0.76589
v -3.00000 9.15438 0.91509
v -3.00000 9.18482 -0.52823
v 3.00000 11.98020 -0.68900
v 3.00000 11.94319 1.24045
v -3.00000 7.66182 0.76589
v 3.00000 10.45062 1.09125
v 3.00000 10.48268 -0.60288
v -3.00000 7.68730 -0.44211
v -3.00000 9.18482 -0.52823
v -3.00000 8.98911 -1.95855
v 3.00000 11.72223 -2.60149
v 3.00000 11.98020 -0.68900
v -3.00000 7.68730 -0.44211
v 3.00000 10.48268 -0.60288
v 3.00000 10.25661 -2.28216
v -3.00000 7.52349 -1.63922
v -3.00000 8.98911 -1.95855
v -3.00000 8.57205 -3.34065
v 3.00000 11.17562 -4.44992
v 3.00000 11.72223 -2.60149
v -3.00000 7.52349 -1.63922
v 3.00000 10.25661 -2.28216
v 3.00000 9.77800 -3.90525
v -3.00000 7.17444 -2.79597
v -3.00000 8.57205 -3.34065
v -3.00000 7.94392 -4.64048
v 3.00000 10.35382 -6.18878
v 3.00000 11.17562 -4.44992
v -3.00000 7.17444 -2.79597
v 3.00000 9.77800 -3.90525
v 3.00000 9.05861 -5.43218
v -3.00000 6.64872 -3.88388
v -3.00000 7.94392 -4.64048
v -3.00000 7.12019 -5.82605
v 3.00000 9.27708 -7.77525
v 3.00000 10.35382 -6.18878
v -3.00000 6.64872 -3.88388
v 3.00000 9.05861 -5.43218
v 3.00000 8.11618 -6.82535
v -3.00000 5.95929 -4.87615
v -3.00000 7.12019 -5.82605
v -3.00000 6.12113 -6.86817
v 3.00000 7.97191 -9.17026
v 3.00000 9.27708 -7.77525
v -3.00000 5.95929 -4.87615
v 3.00000 8.11618 -6.82535
v 3.00000 6.97390 -8.05045
v -3.00000 5.12312 -5.74836
v -3.00000 6.12113 -6.86817
v -3.00000 4.97135 -7.74116
v 2.99999 6.47044 -10.33948
v 3.00000 7.97191 -9.17026
v -3.00000 5.12312 -5.74836
v 3.00000 6.97390 -8.05045
v 3.00000 5.65989 -9.07733
v -3.00000 4.16081 -6.47902
v -3.00000 4.97135 -7.74116
v -3.00000 3.69916 -8.42355
v 2.99999 4.80965 -11.25410
v 2.99999 6.47044 -10.33948
v -3.00000 4.16081 -6.47902
v 3.00000 5.65989 -9.07733
v 2.99999 4.20652 -9.88070
v -3.00000 3.09604 -7.05014
v -3.00000 3.69916 -8.42355
v -3.00000 2.33589 -8.89852
v 2.99999 3.03043 -11.89161
v 2.99999 4.80965 -11.25410
v -3.00000 3.09604 -7.05014
v 2.99999 4.20652 -9.88070
v 2.99999 2.64957 -10.44077
v -3.00000 1.95503 -7.44767
v -3.00000 2.33589 -8.89852
v -3.00000 0.91509 -9.15438
v 2.99999 1.17659 -12.23631
v 2.99999 3.03043 -11.89161
v -3.00000 1.95503 -7.44767
v 2.99999 2.64957 -10.44077
v 2.99999 1.02739 -10.74375
v -3.00000 0.76589 -7.66181
v -3.00000 0.91509 -9.15438
v -3.00000 -0.52823 -9.18482
v 2.99999 -0.70623 -12.27971
v 2.99999 1.17659 -12.23631
v -3.00000 0.76589 -7.66181
v 2.99999 1.02739 -10.74375
v 2.99999 -0.62010 -10.78218
v -3.00000 -0.44211 -7.68730
v -3.00000 -0.52823 -9.18482
v -3.00000 -1.95855 -8.98911
v 2.99999 -2.57165 -12.02074
v 2.99999 -0.70623 -12.27971
v -3.00000 -0.44211 -7.68730
v 2.99999 -0.62010 -10.78218
v 2.99999 -2.25232 -10.55513
v -3.00000 -1.63922 -7.52349
v -3.00000 -1.95855 -8.98911
v -3.00000 -3.34065 -8.57205
v 2.99999 -4.37375 -11.46579
v 2.99999 -2.57165 -12.02074
v -3.00000 -1.63922 -7.52349
v 2.99999 -2.25232 -10.55513
v 2.99999 -3.82908 -10.06817
v -3.00000 -2.79598 -7.17443
v -3.00000 -3.34065 -8.57205
v -3.00000 -4.64048 -7.94392
v 2.99999 -6.06815 -10.62850
v 2.99999 -4.37375 -11.46579
v -3.00000 -2.79598 -7.17443
v 2.99999 -3.82908 -10.06817
v 3.00000 -5.31155 -9.33330
v -3.00000 -3.88388 -6.64872
v -3.00000 -4.64048 -7.94392
v -3.00000 -5.82605 -7.12019
v 2.99999 -7.61313 -9.52951
v 2.99999 -6.06815 -10.62850
v -3.00000 -3.88388 -6.64872
v 3.00000 -5.31155 -9.33330
v 3.00000 -6.66323 -8.36861
v -3.00000 -4.87615 -5.95929
v -3.00000 -5.82605 -7.12019
v -3.00000 -6.86817 -6.12113
v 3.00000 -8.97066 -8.19587
v 2.99999 -7.61313 -9.52951
v -3.00000 -4.87615 -5.95929
v 3.00000 -6.66323 -8.36861
v 3.00000 -7.85085 -7.19786
v -3.00000 -5.74836 -5.12312
v 3.00000 -7.97191 9.17026
v 3.00001 -6.47044 10.33948
v 8.00001 -6.36701 10.09042
v 8.00000 -7.84290 8.95036
v 3.00000 -6.97390 8.05045
v 8.00000 -6.84489 7.83055
v 8.00000 -5.55646 8.82827
v 3.00000 -5.65989 9.07733
v 3.00001 -6.47044 10.33948
v 3.00001 -4.80965 11.25410
v 8.00001 -4.73434 10.98202
v 8.00001 -6.36701 10.09042
v 3.00000 -5.65989 9.07733
v 8.00000 -5.55646 8.82827
v 8.00000 -4.13122 9.60862
v 3.00001 -4.20652 9.88069
v 3.00001 -4.80965 11.25410
v 3.00001 -3.03043 11.89161
v 8.00001 -2.98511 11.60321
v 8.00001 -4.73434 10.98202
v 3.00001 -4.20652 9.88069
v 8.00000 -4.13122 9.60862
v 8.00001 -2.60425 10.15237
v 3.00001 -2.64957 10.44076
v 3.00001 -3.03043 11.89161
v 3.00001 -1.17659 12.23631
v 8.00001 -1.16236 11.93869
v 8.00001 -2.98511 11.60321
v 3.00001 -2.64957 10.44076
v 8.00001 -2.60425 10.15237
v 8.00001 -1.01316 10.44613
v 3.00001 -1.02739 10.74375
v 3.00001 -1.17659 12.23631
v 3.00001 0.70623 12.27971
v 8.00001 0.68900 11.98020
v 8.00001 -1.16236 11.93869
v 3.00001 -1.02739 10.74375
v 8.00001 -1.01316 10.44613
v 8.00001 0.60288 10.48267
v 3.00001 0.62010 10.78218
v 3.00001 0.70623 12.27971
v 3.00001 2.57165 12.02074
v 8.00001 2.52340 11.72672
v 8.00001 0.68900 11.98020
v 3.00001 0.62010 10.78218
v 8.00001 0.60288 10.48267
v 8.00001 2.20407 10.26110
v 3.00001 2.25232 10.55513
v 3.00001 2.57165 12.02074
v 3.00001 4.37375 11.46578
v 8.00001 4.29566 11.18448
v 8.00001 2.52340 11.72672
v 3.00001 2.25232 10.55513
v 8.00001 2.20407 10.26110
v 8.00000 3.75099 9.78687
v 3.00001 3.82908 10.06817
v 3.00001 4.37375 11.46578
v 3.00001 6.06815 10.62850
v 8.00001 5.96215 10.36685
v 8.00001 4.29566 11.18448
v 3.00001 3.82908 10.06817
v 8.00000 3.75099 9.78687
v 8.00000 5.20555 9.07164
v 3.00000 5.31155 9.33329
v 3.00001 6.06815 10.62850
v 3.00001 7.61314 9.52951
v 8.00000 7.48184 9.29395
v 8.00001 5.96215 10.36685
v 3.00000 5.31155 9.33329
v 8.00000 5.20555 9.07164
v 8.00000 6.53194 8.13305
v 3.00000 6.66324 8.36861
v 3.00001 7.61314 9.52951
v 3.00000 8.97066 8.19587
v 8.00000 8.81729 7.99220
v 8.00000 7.48184 9.29395
v 3.00000 6.66324 8.36861
v 8.00000 6.53194 8.13305
v 8.00000 7.69748 6.99419
v 3.00000 7.85085 7.19786
v 3.00000 8.97066 8.19587
v 3.00000 10.10730 6.66042
v 8.00000 9.93564 6.49366
v 8.00000 8.81729 7.99220
v 3.00000 7.85085 7.19786
v 8.00000 7.69748 6.99419
v 8.00000 8.67349 5.68311
v 3.00000 8.84515 5.84987
v 3.00000 10.10730 6.66042
v 3.00000 10.99506 4.96097
v 8.00000 10.80933 4.83522
v 8.00000 9.93564 6.49366
v 3.00000 8.84515 5.84987
v 8.00000 8.67349 5.68311
v 8.00000 9.43593 4.23210
v 3.00000 9.62165 4.35784
v 3.00000 10.99506 4.96097
v 3.00000 11.61209 3.13936
v 8.00000 11.41687 3.05772
v 8.00000 10.80933 4.83522
v 3.00000 9.62165 4.35784
v 8.00000 9.43593 4.23210
v 8.00000 9.96602 2.67687
v 3.00000 10.16124 2.75851
v 3.00000 11.61209 3.13936
v 3.00000 11.94319 1.24045
v 8.00000 11.74328 1.20494
v 8.00000 11.41687 3.05772
v 3.00000 10.16124 2.75851
v 8.00000 9.96602 2.67687
v 8.00000 10.25072 1.05574
v 3.00000 10.45062 1.09125
v 3.00000 11.94319 1.24045
v 3.00000 11.98020 -0.68900
v 8.00000 11.78053 -0.67752
v 8.00000 11.74328 1.20494
v 3.00000 10.45062 1.09125
v 8.00000 10.25072 1.05574
v 8.00000 10.28301 -0.59140
v 3.00000 10.48268 -0.60288
v 3.00000 11.98020 -0.68900
v 3.00000 11.72223 -2.60149
v 8.00000 11.52771 -2.54330
v 8.00000 11.78053 -0.67752
v 3.00000 10.48268 -0.60288
v 8.00000 10.28301 -0.59140
v 8.00000 10.06210 -2.22397
v 3.00000 10.25661 -2.28216
v 3.00000 11.72223 -2.60149
v 3.00000 11.17562 -4.44992
v 8.00000 10.99104 -4.34645
v 8.00000 11.52771 -2.54330
v 3.00000 10.25661 -2.28216
v 8.00000 10.06210 -2.22397
v 8.00000 9.59342 -3.80178
v 3.00000 9.77800 -3.90525
v 3.00000 11.17562 -4.44992
v 3.00000 10.35382 -6.18878
v 8.00000 10.18373 -6.04258
v 8.00000 10.99104 -4.34645
v 3.00000 9.77800 -3.90525
v 8.00000 9.59342 -3.80178
v 8.00000 8.88853 -5.28597
v 3.00000 9.05861 -5.43218
v 3.00000 10.35382 -6.18878
v 3.00000 9.27708 -7.77525
v 8.00000 9.12567 -7.58991
v 8.00000 10.18373 -6.04258
v 3.00000 9.05861 -5.43218
v 8.00000 8.88853 -5.28597
v 8.00000 7.96477 -6.64001
v 3.00000 8.11618 -6.82535
v 3.00000 9.27708 -7.77525
v 3.00000 7.97191 -9.17026
v 8.00000 7.84290 -8.95036
v 8.00000 9.12567 -7.58991
v 3.00000 8.11618 -6.82535
v 8.00000 7.96477 -6.64001
v 8.00000 6.84489 -7.83055
v 3.00000 6.97390 -8.05045
v 3.00000 7.97191 -9.17026
v 2.99999 6.47044 -10.33948
v 7.99999 6.36701 -10.09043
v 8.00000 7.84290 -8.95036
v 3.00000 6.97390 -8.05045
v 8.00000 6.84489 -7.83055
v 8.00000 5.55646 -8.82828
v 3.00000 5.65989 -9.07733
v 2.99999 6.47044 -10.33948
v 2.99999 4.80965 -11.25410
v 7.99999 4.73435 -10.98203
v 7.99999 6.36701 -10.09043
v 3.00000 5.65989 -9.07733
v 8.00000 5.55646 -8.82828
v 7.99999 4.13122 -9.60863
v 2.99999 4.20652 -9.88070
v 2.99999 4.80965 -11.25410
v 2.99999 3.03043 -11.89161
v 7.99999 2.98511 -11.60322
v 7.99999 4.73435 -10.98203
v 2.99999 4.20652 -9.88070
v 7.99999 4.13122 -9.60863
v 7.99999 2.60426 -10.15237
v 2.99999 2.64957 -10.44077
v 2.99999 3.03043 -11.89161
v 2.99999 1.17659 -12.23631
v 7.99999 1.16236 -11.93870
v 7.99999 2.98511 -11.60322
v 2.99999 2.64957 -10.44077
v 7.99999 2.60426 -10.15237
v 7.99999 1.01316 -10.44614
v 2.99999 1.02739 -10.74375
v 2.99999 1.17659 -12.23631
v 2.99999 -0.70623 -12.27971
v 7.99999 -0.68900 -11.98021
v 7.99999 1.16236 -11.93870
v 2.99999 1.02739 -10.74375
v 7.99999 1.01316 -10.44614
v 7.99999 -0.60288 -10.48268
v 2.99999 -0.62010 -10.78218
v 2.99999 -0.70623 -12.27971
v 2.99999 -2.57165 -12.02074
v 7.99999 -2.52340 -11.72672
v 7.99999 -0.68900 -11.98021
v 2.99999 -0.62010 -10.78218
v 7.99999 -0.60288 -10.48268
v 7.99999 -2.20407 -10.26111
v 2.99999 -2.25232 -10.55513
v 2.99999 -2.57165 -12.02074
v 2.99999 -4.37375 -11.46579
v 7.99999 -4.29566 -11.18449
v 7.99999 -2.52340 -11.72672
v 2.99999 -2.25232 -10.55513
v 7.99999 -2.20407 -10.26111
v 7.99999 -3.75099 -9.78687
v 2.99999 -3.82908 -10.06817
v 2.99999 -4.37375 -11.46579
v 2.99999 -6.06815 -10.62850
v 7.99999 -5.96215 -10.36686
v 7.99999 -4.29566 -11.18449
v 2.99999 -3.82908 -10.06817
v 7.99999 -3.75099 -9.78687
v 8.00000 -5.20555 -9.07165
v 3.00000 -5.31155 -9.33330
v 2.99999 -6.06815 -10.62850
v 2.99999 -7.61313 -9.52951
v 8.00000 -7.48184 -9.29396
v 7.99999 -5.96215 -10.36686
v 3.00000 -5.31155 -9.33330
v 8.00000 -5.20555 -9.07165
v 8.00000 -6.53194 -8.13306
v 3.00000 -6.66323 -8.36861
v 2.99999 -7.61313 -9.52951
v 3.00000 -8.97066 -8.19587
v 8.00000 -8.81729 -7.99221
v 8.00000 -7.48184 -9.29396
v 3.00000 -6.66323 -8.36861
v 8.00000 -6.53194 -8.13306
v 8.00000 -7.69748 -6.99420
v 3.00000 -7.85085 -7.19786
v 8.00000 -7.84290 8.95036
v 8.00001 -6.36701 10.09042
v 12.00000 -5.67383 8.83502
v 12.00000 -6.98607 7.83866
v 8.00000 -6.84489 7.83055
v 12.00000 -5.98806 6.71885
v 12.00000 -4.86328 7.57287
v 8.00000 -5.55646 8.82827
v 8.00001 -6.36701 10.09042
v 8.00001 -4.73434 10.98202
v 12.00000 -4.22187 9.61383
v 12.00000 -5.67383 8.83502
v 8.00000 -5.55646 8.82827
v 12.00000 -4.86328 7.57287
v 12.00000 -3.61874 8.24042
v 8.00000 -4.13122 9.60862
v 8.00001 -4.73434 10.98202
v 8.00001 -2.98511 11.60321
v 12.00001 -2.66596 10.15591
v 12.00000 -4.22187 9.61383
v 8.00000 -4.13122 9.60862
v 12.00000 -3.61874 8.24042
v 12.00000 -2.28511 8.70507
v 8.00001 -2.60425 10.15237
v 8.00001 -2.98511 11.60321
v 8.00001 -1.16236 11.93869
v 12.00001 -1.04440 10.44792
v 12.00001 -2.66596 10.15591
v 8.00001 -2.60425 10.15237
v 12.00000 -2.28511 8.70507
v 12.00000 -0.89520 8.95536
v 8.00001 -1.01316 10.44613
v 8.00001 -1.16236 11.93869
v 8.00001 0.68900 11.98020
v 12.00001 0.60288 10.48267
v 12.00001 -1.04440 10.44792
v 8.00001 -1.01316 10.44613
v 12.00000 -0.89520 8.95536
v 12.00000 0.51675 8.98515
v 8.00001 0.60288 10.48267
v 8.00001 0.68900 11.98020
v 8.00001 2.52340 11.72672
v 12.00001 2.23531 10.25930
v 12.00001 0.60288 10.48267
v 8.00001 0.60288 10.48267
v 12.00000 0.51675 8.98515
v 12.00000 1.91598 8.79369
v 8.00001 2.20407 10.26110
v 8.00001 2.52340 11.72672
v 8.00001 4.29566 11.18448
v 12.00000 3.81269 9.78331
v 12.00001 2.23531 10.25930
v 8.00001 2.20407 10.26110
v 12.00000 1.91598 8.79369
v 12.00000 3.26802 8.38570
v 8.00000 3.75099 9.78687
v 8.00001 4.29566 11.18448
v 8.00001 5.96215 10.36685
v 12.00000 5.29620 9.06643
v 12.00000 3.81269 9.78331
v 8.00000 3.75099 9.78687
v 12.00000 3.26802 8.38570
v 12.00000 4.53960 7.77122
v 8.00000 5.20555 9.07164
v 8.00001 5.96215 10.36685
v 8.00000 7.48184 9.29395
v 12.00000 6.64930 8.12630
v 12.00000 5.29620 9.06643
v 8.00000 5.20555 9.07164
v 12.00000 4.53960 7.77122
v 12.00000 5.69940 6.96540
v 8.00000 6.53194 8.13305
v 8.00000 7.48184 9.29395
v 8.00000 8.81729 7.99220
v 12.00000 7.83867 6.98607
v 12.00000 6.64930 8.12630
v 8.00000 6.53194 8.13305
v 12.00000 5.69940 6.96540
v 12.00000 6.71886 5.98806
v 8.00000 7.69748 6.99419
v 8.00000 8.81729 7.99220
v 8.00000 9.93564 6.49366
v 12.00000 8.83503 5.67382
v 12.00000 7.83867 6.98607
v 8.00000 7.69748 6.99419
v 12.00000 6.71886 5.98806
v 12.00000 7.57288 4.86327
v 8.00000 8.67349 5.68311
v 8.00000 9.93564 6.49366
v 8.00000 10.80933 4.83522
v 12.00000 9.61383 4.22186
v 12.00000 8.83503 5.67382
v 8.00000 8.67349 5.68311
v 12.00000 7.57288 4.86327
v 12.00000 8.24043 3.61874
v 8.00000 9.43593 4.23210
v 8.00000 10.80933 4.83522
v 8.00000 11.41687 3.05772
v 12.00000 10.15592 2.66595
v 12.00000 9.61383 4.22186
v 8.00000 9.43593 4.23210
v 12.00000 8.24043 3.61874
v 12.00000 8.70507 2.28510
v 8.00000 9.96602 2.67687
v 8.00000 11.41687 3.05772
v 8.00000 11.74328 1.20494
v 12.00000 10.44793 1.04439
v 12.00000 10.15592 2.66595
v 8.00000 9.96602 2.67687
v 12.00000 8.70507 2.28510
v 12.00000 8.95537 0.89519
v 8.00000 10.25072 1.05574
v 8.00000 11.74328 1.20494
v 8.00000 11.78053 -0.67752
v 12.00000 10.48268 -0.60288
v 12.00000 10.44793 1.04439
v 8.00000 10.25072 1.05574
v 12.00000 8.95537 0.89519
v 12.00000 8.98515 -0.51676
v 8.00000 10.28301 -0.59140
v 8.00000 11.78053 -0.67752
v 8.00000 11.52771 -2.54330
v 12.00000 10.25931 -2.23531
v 12.00000 10.48268 -0.60288
v 8.00000 10.28301 -0.59140
v 12.00000 8.98515 -0.51676
v 12.00000 8.79369 -1.91598
v 8.00000 10.06210 -2.22397
v 8.00000 11.52771 -2.54330
v 8.00000 10.99104 -4.34645
v 12.00000 9.78332 -3.81270
v 12.00000 10.25931 -2.23531
v 8.00000 10.06210 -2.22397
v 12.00000 8.79369 -1.91598
v 12.00000 8.38570 -3.26803
v 8.00000 9.59342 -3.80178
v 8.00000 10.99104 -4.34645
v 8.00000 10.18373 -6.04258
v 12.00000 9.06643 -5.29621
v 12.00000 9.78332 -3.81270
v 8.00000 9.59342 -3.80178
v 12.00000 8.38570 -3.26803
v 12.00000 7.77123 -4.53961
v 8.00000 8.88853 -5.28597
v 8.00000 10.18373 -6.04258
v 8.00000 9.12567 -7.58991
v 12.00000 8.12630 -6.64931
v 12.00000 9.06643 -5.29621
v 8.00000 8.88853 -5.28597
v 12.00000 7.77123 -4.53961
v 12.00000 6.96540 -5.69941
v 8.00000 7.96477 -6.64001
v 8.00000 9.12567 -7.58991
v 8.00000 7.84290 -8.95036
v 12.00000 6.98607 -7.83868
v 12.00000 8.12630 -6.64931
v 8.00000 7.96477 -6.64001
v 12.00000 6.96540 -5.69941
v 12.00000 5.98806 -6.71887
v 8.00000 6.84489 -7.83055
v 8.00000 7.84290 -8.95036
v 7.99999 6.36701 -10.09043
v 12.00000 5.67383 -8.83503
v 12.00000 6.98607 -7.83868
v 8.00000 6.84489 -7.83055
v 12.00000 5.98806 -6.71887
v 12.00000 4.86328 -7.57289
v 8.00000 5.55646 -8.82828
v 7.99999 6.36701 -10.09043
v 7.99999 4.73435 -10.98203
v 12.00000 4.22187 -9.61384
v 12.00000 5.67383 -8.83503
v 8.00000 5.55646 -8.82828
v 12.00000 4.86328 -7.57289
v 12.00000 3.61875 -8.24044
v 7.99999 4.13122 -9.60863
v 7.99999 4.73435 -10.98203
v 7.99999 2.98511 -11.60322
v 11.99999 2.66596 -10.15592
v 12.00000 4.22187 -9.61384
v 7.99999 4.13122 -9.60863
v 12.00000 3.61875 -8.24044
v 12.00000 2.28511 -8.70508
v 7.99999 2.60426 -10.15237
v 7.99999 2.98511 -11.60322
v 7.99999 1.16236 -11.93870
v 11.99999 1.04440 -10.44794
v 11.99999 2.66596 -10.15592
v 7.99999 2.60426 -10.15237
v 12.00000 2.28511 -8.70508
v 12.00000 0.89520 -8.95537
v 7.99999 1.01316 -10.44614
v 7.99999 1.16236 -11.93870
v 7.99999 -0.68900 -11.98021
v 11.99999 -0.60288 -10.48268
v 11.99999 1.04440 -10.44794
v 7.99999 1.01316 -10.44614
v 12.00000 0.89520 -8.95537
v 12.00000 -0.51675 -8.98516
v 7.99999 -0.60288 -10.48268
v 7.99999 -0.68900 -11.98021
v 7.99999 -2.52340 -11.72672
v 11.99999 -2.23531 -10.25931
v 11.99999 -0.60288 -10.48268
v 7.99999 -0.60288 -10.48268
v 12.00000 -0.51675 -8.98516
v 12.00000 -1.91598 -8.79370
v 7.99999 -2.20407 -10.26111
v 7.99999 -2.52340 -11.72672
v 7.99999 -4.29566 -11.18449
v 12.00000 -3.81269 -9.78333
v 11.99999 -2.23531 -10.25931
v 7.99999 -2.20407 -10.26111
v 12.00000 -1.91598 -8.79370
v 12.00000 -3.26802 -8.38571
v 7.99999 -3.75099 -9.78687
v 7.99999 -4.29566 -11.18449
v 7.99999 -5.96215 -10.36686
v 12.00000 -5.29620 -9.06644
v 12.00000 -3.81269 -9.78333
v 7.99999 -3.75099 -9.78687
v 12.00000 -3.26802 -8.38571
v 12.00000 -4.53960 -7.77124
v 8.00000 -5.20555 -9.07165
v 7.99999 -5.96215 -10.36686
v 8.00000 -7.48184 -9.29396
v 12.00000 -6.64930 -8.12631
v 12.00000 -5.29620 -9.06644
v 8.00000 -5.20555 -9.07165
v 12.00000 -4.53960 -7.77124
v 12.00000 -5.69940 -6.96541
v 8.00000 -6.53194 -8.13306
v 8.00000 -7.48184 -9.29396
v 8.00000 -8.81729 -7.99221
v 12.00000 -7.83867 -6.98608
v 12.00000 -6.64930 -8.12631
v 8.00000 -6.53194 -8.13306
v 12.00000 -5.69940 -6.96541
v 12.00000 -6.71886 -5.98807
v 8.00000 -7.69748 -6.99420
v 12.00000 -6.98607 7.83866
v 12.00000 -5.67383 8.83502
v 12.50000 -5.41293 8.25277
v 12.50000 -6.66152 7.32421
v 12.00000 -5.98806 6.71885
v 12.50000 -5.66351 6.20440
v 12.50000 -4.60239 6.99062
v 12.00000 -4.86328 7.57287
v 12.00000 -5.67383 8.83502
v 12.00000 -4.22187 9.61383
v 12.50000 -4.03106 8.97812
v 12.50000 -5.41293 8.25277
v 12.00000 -4.86328 7.57287
v 12.50000 -4.60239 6.99062
v 12.50000 -3.42794 7.60471
v 12.00000 -3.61874 8.24042
v 12.00000 -4.22187 9.61383
v 12.00001 -2.66596 10.15591
v 12.50000 -2.54993 9.48240
v 12.50000 -4.03106 8.97812
v 12.00000 -3.61874 8.24042
v 12.50000 -3.42794 7.60471
v 12.50000 -2.16908 8.03155
v 12.00000 -2.28511 8.70507
v 12.00001 -2.66596 10.15591
v 12.00001 -1.04440 10.44792
v 12.50000 -1.00601 9.75319
v 12.50000 -2.54993 9.48240
v 12.00000 -2.28511 8.70507
v 12.50000 -2.16908 8.03155
v 12.50000 -0.85681 8.26063
v 12.00000 -0.89520 8.95536
v 12.00001 -1.04440 10.44792
v 12.00001 0.60288 10.48267
v 12.50000 0.56268 9.78383
v 12.50000 -1.00601 9.75319
v 12.00000 -0.89520 8.95536
v 12.50000 -0.85681 8.26063
v 12.50000 0.47656 8.28630
v 12.00000 0.51675 8.98515
v 12.00001 0.60288 10.48267
v 12.00001 2.23531 10.25930
v 12.50000 2.11752 9.57355
v 12.50000 0.56268 9.78383
v 12.00000 0.51675 8.98515
v 12.50000 0.47656 8.28630
v 12.50000 1.79819 8.10794
v 12.00000 1.91598 8.79369
v 12.00001 2.23531 10.25930
v 12.00000 3.81269 9.78331
v 12.50000 3.62022 9.12754
v 12.50000 2.11752 9.57355
v 12.00000 1.91598 8.79369
v 12.50000 1.79819 8.10794
v 12.50000 3.07555 7.72993
v 12.00000 3.26802 8.38570
v 12.00000 3.81269 9.78331
v 12.00000 5.29620 9.06643
v 12.50000 5.03377 8.45679
v 12.50000 3.62022 9.12754
v 12.00000 3.26802 8.38570
v 12.50000 3.07555 7.72993
v 12.50000 4.27717 7.16158
v 12.00000 4.53960 7.77122
v 12.00000 5.29620 9.06643
v 12.00000 6.64930 8.12630
v 12.50000 6.32338 7.57779
v 12.50000 5.03377 8.45679
v 12.00000 4.53960 7.77122
v 12.50000 4.27717 7.16158
v 12.50000 5.37348 6.41689
v 12.00000 5.69940 6.96540
v 12.00000 6.64930 8.12630
v 12.00000 7.83867 6.98607
v 12.50000 7.45728 6.51221
v 12.50000 6.32338 7.57779
v 12.00000 5.69940 6.96540
v 12.50000 5.37348 6.41689
v 12.50000 6.33747 5.51420
v 12.00000 6.71886 5.98806
v 12.00000 7.83867 6.98607
v 12.00000 8.83503 5.67382
v 12.50000 8.40756 5.28627
v 12.50000 7.45728 6.51221
v 12.00000 6.71886 5.98806
v 12.50000 6.33747 5.51420
v 12.50000 7.14541 4.47573
v 12.00000 7.57288 4.86327
v 12.00000 8.83503 5.67382
v 12.00000 9.61383 4.22186
v 12.50000 9.15082 3.93017
v 12.50000 8.40756 5.28627
v 12.00000 7.57288 4.86327
v 12.50000 7.14541 4.47573
v 12.50000 7.77741 3.32705
v 12.00000 8.24043 3.61874
v 12.00000 9.61383 4.22186
v 12.00000 10.15592 2.66595
v 12.50000 9.66875 2.47730
v 12.50000 9.15082 3.93017
v 12.00000 8.24043 3.61874
v 12.50000 7.77741 3.32705
v 12.50000 8.21791 2.09645
v 12.00000 8.70507 2.28510
v 12.00000 10.15592 2.66595
v 12.00000 10.44793 1.04439
v 12.50000 9.94861 0.96342
v 12.50000 9.66875 2.47730
v 12.00000 8.70507 2.28510
v 12.50000 8.21791 2.09645
v 12.50000 8.45605 0.81422
v 12.00000 8.95537 0.89519
v 12.00000 10.44793 1.04439
v 12.00000 10.48268 -0.60288
v 12.50000 9.98350 -0.57417
v 12.50000 9.94861 0.96342
v 12.00000 8.95537 0.89519
v 12.50000 8.45605 0.81422
v 12.50000 8.48598 -0.48805
v 12.00000 8.98515 -0.51676
v 12.00000 10.48268 -0.60288
v 12.00000 10.25931 -2.23531
v 12.50000 9.77257 -2.09763
v 12.50000 9.98350 -0.57417
v 12.00000 8.98515 -0.51676
v 12.50000 8.48598 -0.48805
v 12.50000 8.30695 -1.77830
v 12.00000 8.79369 -1.91598
v 12.00000 10.25931 -2.23531
v 12.00000 9.78332 -3.81270
v 12.50000 9.32100 -3.56944
v 12.50000 9.77257 -2.09763
v 12.00000 8.79369 -1.91598
v 12.50000 8.30695 -1.77830
v 12.50000 7.92338 -3.02477
v 12.00000 8.38570 -3.26803
v 12.00000 9.78332 -3.81270
v 12.00000 9.06643 -5.29621
v 12.50000 8.63991 -4.95336
v 12.50000 9.32100 -3.56944
v 12.00000 8.38570 -3.26803
v 12.50000 7.92338 -3.02477
v 12.50000 7.34471 -4.19676
v 12.00000 7.77123 -4.53961
v 12.00000 9.06643 -5.29621
v 12.00000 8.12630 -6.64931
v 12.50000 7.74609 -6.21531
v 12.50000 8.63991 -4.95336
v 12.00000 7.77123 -4.53961
v 12.50000 7.34471 -4.19676
v 12.50000 6.58519 -5.26541
v 12.00000 6.96540 -5.69941
v 12.00000 8.12630 -6.64931
v 12.00000 6.98607 -7.83868
v 12.50000 6.66152 -7.32422
v 12.50000 7.74609 -6.21531
v 12.00000 6.96540 -5.69941
v 12.50000 6.58519 -5.26541
v 12.50000 5.66351 -6.20441
v 12.00000 5.98806 -6.71887
v 12.00000 6.98607 -7.83868
v 12.00000 5.67383 -8.83503
v 12.50000 5.41294 -8.25278
v 12.50000 6.66152 -7.32422
v 12.00000 5.98806 -6.71887
v 12.50000 5.66351 -6.20441
v 12.50000 4.60239 -6.99063
v 12.00000 4.86328 -7.57289
v 12.00000 5.67383 -8.83503
v 12.00000 4.22187 -9.61384
v 12.50000 4.03106 -8.97813
v 12.50000 5.41294 -8.25278
v 12.00000 4.86328 -7.57289
v 12.50000 4.60239 -6.99063
v 12.50000 3.42794 -7.60473
v 12.00000 3.61875 -8.24044
v 12.00000 4.22187 -9.61384
v 11.99999 2.66596 -10.15592
v 12.50000 2.54993 -9.48241
v 12.50000 4.03106 -8.97813
v 12.00000 3.61875 -8.24044
v 12.50000 3.42794 -7.60473
v 12.50000 2.16908 -8.03157
v 12.00000 2.28511 -8.70508
v 11.99999 2.66596 -10.15592
v 11.99999 1.04440 -10.44794
v 12.50000 1.00601 -9.75320
v 12.50000 2.54993 -9.48241
v 12.00000 2.28511 -8.70508
v 12.50000 2.16908 -8.03157
v 12.50000 0.85681 -8.26064
v 12.00000 0.89520 -8.95537
v 11.99999 1.04440 -10.44794
v 11.99999 -0.60288 -10.48268
v 12.50000 -0.56268 -9.78384
v 12.50000 1.00601 -9.75320
v 12.00000 0.89520 -8.95537
v 12.50000 0.85681 -8.26064
v 12.50000 -0.47656 -8.28631
v 12.00000 -0.51675 -8.98516
v 11.99999 -0.60288 -10.48268
v 11.99999 -2.23531 -10.25931
v 12.50000 -2.11752 -9.57356
v 12.50000 -0.56268 -9.78384
v 12.00000 -0.51675 -8.98516
v 12.50000 -0.47656 -8.28631
v 12.50000 -1.79819 -8.10795
v 12.00000 -1.91598 -8.79370
v 11.99999 -2.23531 -10.25931
v 12.00000 -3.81269 -9.78333
v 12.50000 -3.62022 -9.12756
v 12.50000 -2.11752 -9.57356
v 12.00000 -1.91598 -8.79370
v 12.50000 -1.79819 -8.10795
v 12.50000 -3.07555 -7.72994
v 12.00000 -3.26802 -8.38571
v 12.00000 -3.81269 -9.78333
v 12.00000 -5.29620 -9.06644
v 12.50000 -5.03377 -8.45680
v 12.50000 -3.62022 -9.12756
v 12.00000 -3.26802 -8.38571
v 12.50000 -3.07555 -7.72994
v 12.50000 -4.27717 -7.16159
v 12.00000 -4.53960 -7.77124
v 12.00000 -5.29620 -9.06644
v 12.00000 -6.64930 -8.12631
v 12.50000 -6.32338 -7.57781
v 12.50000 -5.03377 -8.45680
v 12.00000 -4.53960 -7.77124
v 12.50000 -4.27717 -7.16159
v 12.50000 -5.37348 -6.41691
v 12.00000 -5.69940 -6.96541
v 12.00000 -6.64930 -8.12631
v 12.00000 -7.83867 -6.98608
v 12.50000 -7.45728 -6.51222
v 12.50000 -6.32338 -7.57781
v 12.00000 -5.69940 -6.96541
v 12.50000 -5.37348 -6.41691
v 12.50000 -6.33747 -5.51421
v 12.00000 -6.71886 -5.98807
v -4.00000 -4.65738 5.22578
v -4.00000 -3.65937 4.10597
v -4.00000 -2.97200 4.62787
v -4.00000 -3.78255 5.89002
v 12.50000 -6.66152 7.32421
v 12.50000 -5.41293 8.25277
v 12.50000 -4.60239 6.99062
v 12.50000 -5.66351 6.20440
v -4.00000 -3.78255 5.89002
v -4.00000 -2.97200 4.62787
v -4.00000 -2.21146 5.03582
v -4.00000 -2.81458 6.40923
v 12.50000 -5.41293 8.25277
v 12.50000 -4.03106 8.97812
v 12.50000 -3.42794 7.60471
v 12.50000 -4.60239 6.99062
v -4.00000 -2.81458 6.40923
v -4.00000 -2.21146 5.03582
v -4.00000 -1.39645 5.31977
v -4.00000 -1.77730 6.77061
v 12.50000 -4.03106 8.97812
v 12.50000 -2.54993 9.48240
v 12.50000 -2.16908 8.03155
v 12.50000 -3.42794 7.60471
v -4.00000 -1.77730 6.77061
v -4.00000 -1.39645 5.31977
v -4.00000 -0.54707 5.47273
v -4.00000 -0.69627 6.96529
v 12.50000 -2.54993 9.48240
v 12.50000 -1.00601 9.75319
v 12.50000 -0.85681 8.26063
v 12.50000 -2.16908 8.03155
v -4.00000 -0.69627 6.96529
v -4.00000 -0.54707 5.47273
v -4.00000 0.31579 5.49093
v -4.00000 0.40192 6.98845
v 12.50000 -1.00601 9.75319
v 12.50000 0.56268 9.78383
v 12.50000 0.47656 8.28630
v 12.50000 -0.85681 8.26063
v -4.00000 0.40192 6.98845
v -4.00000 0.31579 5.49093
v -4.00000 1.17087 5.37393
v -4.00000 1.49020 6.83954
v 12.50000 0.56268 9.78383
v 12.50000 2.11752 9.57355
v 12.50000 1.79819 8.10794
v 12.50000 0.47656 8.28630
v -4.00000 1.49020 6.83954
v -4.00000 1.17087 5.37393
v -4.00000 1.99713 5.12460
v -4.00000 2.54180 6.52222
v 12.50000 2.11752 9.57355
v 12.50000 3.62022 9.12754
v 12.50000 3.07555 7.72993
v 12.50000 1.79819 8.10794
v -4.00000 2.54180 6.52222
v -4.00000 1.99713 5.12460
v -4.00000 2.77420 4.74909
v -4.00000 3.53080 6.04429
v 12.50000 3.62022 9.12754
v 12.50000 5.03377 8.45679
v 12.50000 4.27717 7.16158
v 12.50000 3.07555 7.72993
v -4.00000 3.53080 6.04429
v -4.00000 2.77420 4.74909
v -4.00000 3.48297 4.25664
v -4.00000 4.43287 5.41754
v 12.50000 5.03377 8.45679
v 12.50000 6.32338 7.57779
v 12.50000 5.37348 6.41689
v 12.50000 4.27717 7.16158
v -4.00000 4.43287 5.41754
v -4.00000 3.48297 4.25664
v -4.00000 4.10597 3.65937
v -4.00000 5.22578 4.65739
v 12.50000 6.32338 7.57779
v 12.50000 7.45728 6.51221
v 12.50000 6.33747 5.51420
v 12.50000 5.37348 6.41689
v -4.00000 5.22578 4.65739
v -4.00000 4.10597 3.65937
v -4.00000 4.62787 2.97201
v -4.00000 5.89002 3.78255
v 12.50000 7.45728 6.51221
v 12.50000 8.40756 5.28627
v 12.50000 7.14541 4.47573
v 12.50000 6.33747 5.51420
v -4.00000 5.89002 3.78255
v -4.00000 4.62787 2.97201
v -4.00000 5.03582 2.21146
v -4.00000 6.40922 2.81458
v 12.50000 8.40756 5.28627
v 12.50000 9.15082 3.93017
v 12.50000 7.77741 3.32705
v 12.50000 7.14541 4.47573
v -4.00000 6.40922 2.81458
v -4.00000 5.03582 2.21146
v -4.00000 5.31977 1.39646
v -4.00000 6.77061 1.77731
v 12.50000 9.15082 3.93017
v 12.50000 9.66875 2.47730
v 12.50000 8.21791 2.09645
v 12.50000 7.77741 3.32705
v -4.00000 6.77061 1.77731
v -4.00000 5.31977 1.39646
v -4.00000 5.47272 0.54707
v -4.00000 6.96529 0.69627
v 12.50000 9.66875 2.47730
v 12.50000 9.94861 0.96342
v 12.50000 8.45605 0.81422
v 12.50000 8.21791 2.09645
v -4.00000 6.96529 0.69627
v -4.00000 5.47272 0.54707
v -4.00000 5.49093 -0.31579
v -4.00000 6.98845 -0.40192
v 12.50000 9.94861 0.96342
v 12.50000 9.98350 -0.57417
v 12.50000 8.48598 -0.48805
v 12.50000 8.45605 0.81422
v -4.00000 6.98845 -0.40192
v -4.00000 5.49093 -0.31579
v -4.00000 5.37392 -1.17087
v -4.00000 6.83954 -1.49020
v 12.50000 9.98350 -0.57417
v 12.50000 9.77257 -2.09763
v 12.50000 8.30695 -1.77830
v 12.50000 8.48598 -0.48805
v -4.00000 6.83954 -1.49020
v -4.00000 5.37392 -1.17087
v -4.00000 5.12460 -1.99712
v -4.00000 6.52221 -2.54179
v 12.50000 9.77257 -2.09763
v 12.50000 9.32100 -3.56944
v 12.50000 7.92338 -3.02477
v 12.50000 8.30695 -1.77830
v -4.00000 6.52221 -2.54179
v -4.00000 5.12460 -1.99712
v -4.00000 4.74908 -2.77420
v -4.00000 6.04429 -3.53080
v 12.50000 9.32100 -3.56944
v 12.50000 8.63991 -4.95336
v 12.50000 7.34471 -4.19676
v 12.50000 7.92338 -3.02477
v -4.00000 6.04429 -3.53080
v -4.00000 4.74908 -2.77420
v -4.00000 4.25664 -3.48296
v -4.00000 5.41754 -4.43286
v 12.50000 8.63991 -4.95336
v 12.50000 7.74609 -6.21531
v 12.50000 6.58519 -5.26541
v 12.50000 7.34471 -4.19676
v -4.00000 5.41754 -4.43286
v -4.00000 4.25664 -3.48296
v -4.00000 3.65937 -4.10597
v -4.00000 4.65738 -5.22578
v 12.50000 7.74609 -6.21531
v 12.50000 6.66152 -7.32422
v 12.50000 5.66351 -6.20441
v 12.50000 6.58519 -5.26541
v -4.00000 4.65738 -5.22578
v -4.00000 3.65937 -4.10597
v -4.00000 2.97200 -4.62787
v -4.00000 3.78255 -5.89002
v 12.50000 6.66152 -7.32422
v 12.50000 5.41294 -8.25278
v 12.50000 4.60239 -6.99063
v 12.50000 5.66351 -6.20441
v -4.00000 3.78255 -5.89002
v -4.00000 2.97200 -4.62787
v -4.00000 2.21146 -5.03582
v -4.00000 2.81458 -6.40922
v 12.50000 5.41294 -8.25278
v 12.50000 4.03106 -8.97813
v 12.50000 3.42794 -7.60473
v 12.50000 4.60239 -6.99063
v -4.00000 2.81458 -6.40922
v -4.00000 2.21146 -5.03582
v -4.00000 1.39645 -5.31976
v -4.00000 1.77730 -6.77061
v 12.50000 4.03106 -8.97813
v 12.50000 2.54993 -9.48241
v 12.50000 2.16908 -8.03157
v 12.50000 3.42794 -7.60473
v -4.00000 1.77730 -6.77061
v -4.00000 1.39645 -5.31976
v -4.00000 0.54707 -5.47272
v -4.00000 0.69627 -6.96528
v 12.50000 2.54993 -9.48241
v 12.50000 1.00601 -9.75320
v 12.50000 0.85681 -8.26064
v 12.50000 2.16908 -8.03157
v -4.00000 0.69627 -6.96528
v -4.00000 0.54707 -5.47272
v -4.00000 -0.31579 -5.49092
v -4.00000 -0.40192 -6.98845
v 12.50000 1.00601 -9.75320
v 12.50000 -0.56268 -9.78384
v 12.50000 -0.47656 -8.28631
v 12.50000 0.85681 -8.26064
v -4.00000 -0.40192 -6.98845
v -4.00000 -0.31579 -5.49092
v -4.00000 -1.17087 -5.37392
v -4.00000 -1.49020 -6.83954
v 12.50000 -0.56268 -9.78384
v 12.50000 -2.11752 -9.57356
v 12.50000 -1.79819 -8.10795
v 12.50000 -0.47656 -8.28631
v -4.00000 -1.49020 -6.83954
v -4.00000 -1.17087 -5.37392
v -4.00000 -1.99713 -5.12459
v -4.00000 -2.54180 -6.52221
v 12.50000 -2.11752 -9.57356
v 12.50000 -3.62022 -9.12756
v 12.50000 -3.07555 -7.72994
v 12.50000 -1.79819 -8.10795
v -4.00000 -2.54180 -6.52221
v -4.00000 -1.99713 -5.12459
v -4.00000 -2.77420 -4.74908
v -4.00000 -3.53080 -6.04429
v 12.50000 -3.62022 -9.12756
v 12.50000 -5.03377 -8.45680
v 12.50000 -4.27717 -7.16159
v 12.50000 -3.07555 -7.72994
v -4.00000 -3.53080 -6.04429
v -4.00000 -2.77420 -4.74908
v -4.00000 -3.48297 -4.25663
v -4.00000 -4.43287 -5.41753
v 12.50000 -5.03377 -8.45680
v 12.50000 -6.32338 -7.57781
v 12.50000 -5.37348 -6.41691
v 12.50000 -4.27717 -7.16159
v -4.00000 -4.43287 -5.41753
v -4.00000 -3.48297 -4.25663
v -4.00000 -4.10597 -3.65937
v -4.00000 -5.22578 -4.65738
v 12.50000 -6.32338 -7.57781
v 12.50000 -7.45728 -6.51222
v 12.50000 -6.33747 -5.51421
v 12.50000 -5.37348 -6.41691
v -4.00000 -4.65738 5.22578
v -3.00000 -6.12113 6.86817
v -3.00000 -5.12312 5.74836
v -4.00000 -3.65937 4.10597
v -4.00000 -4.10597 -3.65937
v -3.00000 -5.74836 -5.12312
v -3.00000 -6.86817 -6.12113
v -4.00000 -5.22578 -4.65738
v -3.00000 -6.12113 6.86817
v 3.00000 -7.97191 9.17026
v 3.00000 -6.97390 8.05045
v -3.00000 -5.12312 5.74836
v -3.00000 -5.74836 -5.12312
v 3.00000 -7.85085 -7.19786
v 3.00000 -8.97066 -8.19587
v -3.00000 -6.86817 -6.12113
v 3.00000 -7.97191 9.17026
v 8.00000 -7.84290 8.95036
v 8.00000 -6.84489 7.83055
v 3.00000 -6.97390 8.05045
v 3.00000 -7.85085 -7.19786
v 8.00000 -7.69748 -6.99420
v 8.00000 -8.81729 -7.99221
v 3.00000 -8.97066 -8.19587
v 8.00000 -7.84290 8.95036
v 12.00000 -6.98607 7.83866
v 12.00000 -5.98806 6.71885
v 8.00000 -6.84489 7.83055
v 8.00000 -7.69748 -6.99420
v 12.00000 -6.71886 -5.98807
v 12.00000 -7.83867 -6.98608
v 8.00000 -8.81729 -7.99221
v 12.00000 -6.98607 7.83866
v 12.50000 -6.66152 7.32421
v 12.50000 -5.66351 6.20440
v 12.00000 -5.98806 6.71885
v 12.00000 -6.71886 -5.98807
v 12.50000 -6.33747 -5.51421
v 12.50000 -7.45728 -6.51222
v 12.00000 -7.83867 -6.98608
v 2.57000 12.17829 2.75531
v 7.59200 12.16641 2.54865
v 9.05000 12.09113 1.23981
v 9.05000 11.86927 -2.61782
v 7.59200 11.79400 -3.92665
v 2.57000 11.78212 -4.13331
v 0.95000 11.85343 -2.89336
v 0.95000 12.10698 1.51536
v 1.39550 12.49237 1.24991
v 1.39550 12.26671 -2.67385
v 2.83730 12.20325 -3.77740
v 7.30688 12.21382 -3.59348
v 8.60450 12.28082 -2.42862
v 8.60450 12.47827 1.00467
v 7.30688 12.54526 2.16954
v 2.83730 12.55584 2.35347
v 0.95000 12.10698 1.51536
v 0.95000 11.85343 -2.89336
v 0.95000 12.10301 -2.90771
v 0.95000 12.35657 1.50100
v 0.95000 12.35657 1.50100
v 0.95000 12.10301 -2.90771
v 1.39550 12.26671 -2.67385
v 1.39550 12.49237 1.24991
v 0.95000 11.85343 -2.89336
v 2.57000 11.78212 -4.13331
v 2.57000 12.03170 -4.14767
v 0.95000 12.10301 -2.90771
v 0.95000 12.10301 -2.90771
v 2.57000 12.03170 -4.14767
v 2.83730 12.20325 -3.77740
v 1.39550 12.26671 -2.67385
v 2.57000 11.78212 -4.13331
v 7.59200 11.79400 -3.92665
v 7.59200 12.04359 -3.94101
v 2.57000 12.03170 -4.14767
v 2.57000 12.03170 -4.14767
v 7.59200 12.04359 -3.94101
v 7.30688 12.21382 -3.59348
v 2.83730 12.20325 -3.77740
v 7.59200 11.79400 -3.92665
v 9.05000 11.86927 -2.61782
v 9.05000 12.11886 -2.63217
v 7.59200 12.04359 -3.94101
v 7.59200 12.04359 -3.94101
v 9.05000 12.11886 -2.63217
v 8.60450 12.28082 -2.42862
v 7.30688 12.21382 -3.59348
v 9.05000 11.86927 -2.61782
v 9.05000 12.09113 1.23981
v 9.05000 12.34072 1.22545
v 9.05000 12.11886 -2.63217
v 9.05000 12.11886 -2.63217
v 9.05000 12.34072 1.22545
v 8.60450 12.47827 1.00467
v 8.60450 12.28082 -2.42862
v 9.05000 12.09113 1.23981
v 7.59200 12.16641 2.54865
v 7.59200 12.41599 2.53429
v 9.05000 12.34072 1.22545
v 9.05000 12.34072 1.22545
v 7.59200 12.41599 2.53429
v 7.30688 12.54526 2.16954
v 8.60450 12.47827 1.00467
v 7.59200 12.16641 2.54865
v 2.57000 12.17829 2.75531
v 2.57000 12.42788 2.74095
v 7.59200 12.41599 2.53429
v 7.59200 12.41599 2.53429
v 2.57000 12.42788 2.74095
v 2.83730 12.55584 2.35347
v 7.30688 12.54526 2.16954
v 2.57000 12.17829 2.75531
v 0.95000 12.10698 1.51536
v 0.95000 12.35657 1.50100
v 2.57000 12.42788 2.74095
v 2.57000 12.42788 2.74095
v 0.95000 12.35657 1.50100
v 1.39550 12.49237 1.24991
v 2.83730 12.55584 2.35347
v 3.43807 12.25858 -3.86022
v 8.75000 12.26382 -3.76907
v 8.66743 12.62031 2.42939
v 2.48853 12.30926 -2.97906
v 3.43807 12.25858 -3.86022
v 8.66743 12.62031 2.42939
v 1.25000 12.43682 -0.76099
v 2.48853 12.30926 -2.97906
v 8.66743 12.62031 2.42939
v 2.19954 12.53643 0.97093
v 1.25000 12.43682 -0.76099
v 8.66743 12.62031 2.42939
v 3.32798 12.61681 2.36862
v 2.19954 12.53643 0.97093
v 8.66743 12.62031 2.42939
vt 0.110904 0.852201
vt 0.110904 0.852947
vt 0.130904 0.830974
vt 0.130904 0.830116
vt 0.110904 0.884186
vt 0.130904 0.862101
vt 0.130904 0.862786
vt 0.110904 0.884759
vt 0.110904 0.852947
vt 0.110904 0.856497
vt 0.130904 0.835054
vt 0.130904 0.830974
vt 0.110904 0.884759
vt 0.130904 0.862786
vt 0.130904 0.866086
vt 0.110904 0.887529
vt 0.110904 0.856497
vt 0.110904 0.862781
vt 0.130904 0.842277
vt 0.130904 0.835054
vt 0.110904 0.887529
vt 0.130904 0.866086
vt 0.130904 0.871939
vt 0.110904 0.892443
vt 0.110904 0.862781
vt 0.110904 0.871682
vt 0.130904 0.852508
vt 0.130904 0.842277
vt 0.110904 0.892443
vt 0.130904 0.871939
vt 0.130904 0.880232
vt 0.110904 0.899406
vt 0.110904 0.871682
vt 0.110904 0.883028
vt 0.130904 0.865549
vt 0.130904 0.852508
vt 0.110904 0.899406
vt 0.130904 0.880232
vt 0.130904 0.890809
vt 0.110904 0.908287
vt 0.110904 0.883028
vt 0.110904 0.896604
vt 0.130904 0.881154
vt 0.130904 0.865549
vt 0.110904 0.908287
vt 0.130904 0.890809
vt 0.130904 0.903466
vt 0.110904 0.918916
vt 0.110904 0.896604
vt 0.110904 0.912150
vt 0.130904 0.899023
vt 0.130904 0.881154
vt 0.110904 0.918916
vt 0.130904 0.903466
vt 0.130904 0.917964
vt 0.110904 0.931091
vt 0.110904 0.912150
vt 0.110904 0.929372
vt 0.130904 0.918818
vt 0.130904 0.899023
vt 0.110904 0.931091
vt 0.130904 0.917964
vt 0.130904 0.934026
vt 0.110904 0.944579
vt 0.110904 0.929372
vt 0.110904 0.947939
vt 0.130904 0.940160
vt 0.130904 0.918818
vt 0.110904 0.944579
vt 0.130904 0.934026
vt 0.130904 0.951345
vt 0.110904 0.959124
vt 0.110904 0.947939
vt 0.110904 0.967499
vt 0.130904 0.962642
vt 0.130904 0.940160
vt 0.110904 0.959124
vt 0.130904 0.951345
vt 0.130904 0.969591
vt 0.110904 0.974448
vt 0.110904 0.967499
vt 0.110904 0.987678
vt 0.130904 0.985837
vt 0.130904 0.962642
vt 0.110904 0.974448
vt 0.130904 0.969591
vt 0.130904 0.988417
vt 0.110904 0.990259
vt 0.110904 0.987678
vt 0.110904 1.008092
vt 0.130904 1.009302
vt 0.130904 0.985837
vt 0.110904 0.990259
vt 0.130904 0.988417
vt 0.130904 1.007464
vt 0.110904 1.006255
vt 0.110904 1.008092
vt 0.110904 1.028352
vt 0.130904 1.032589
vt 0.130904 1.009302
vt 0.110904 1.006255
vt 0.130904 1.007464
vt 0.130904 1.026369
vt 0.110904 1.022132
vt 0.110904 1.028352
vt 0.110904 1.048072
vt 0.130904 1.055255
vt 0.130904 1.032589
vt 0.110904 1.022132
vt 0.130904 1.026369
vt 0.130904 1.044771
vt 0.110904 1.037588
vt 0.110904 1.048072
vt 0.110904 1.066875
vt 0.130904 1.076868
vt 0.130904 1.055255
vt 0.110904 1.037588
vt 0.130904 1.044771
vt 0.130904 1.062320
vt 0.110904 1.052327
vt 0.110904 1.066875
vt 0.110904 1.084404
vt 0.130904 1.097016
vt 0.130904 1.076868
vt 0.110904 1.052327
vt 0.130904 1.062320
vt 0.130904 1.078680
vt 0.110904 1.066068
vt 0.110904 1.084404
vt 0.110904 1.100323
vt 0.130904 1.115314
vt 0.130904 1.097016
vt 0.110904 1.066068
vt 0.130904 1.078680
vt 0.130904 1.093541
vt 0.110904 1.078550
vt 0.110904 1.100323
vt 0.110904 1.114331
vt 0.130904 1.131414
vt 0.130904 1.115314
vt 0.110904 1.078550
vt 0.130904 1.093541
vt 0.130904 1.106619
vt 0.110904 1.089535
vt 0.110904 1.114331
vt 0.110904 1.126159
vt 0.130904 1.145010
vt 0.130904 1.131414
vt 0.110904 1.089535
vt 0.130904 1.106619
vt 0.130904 1.117665
vt 0.110904 1.098814
vt 0.110904 1.126159
vt 0.110904 1.135582
vt 0.130904 1.155841
vt 0.130904 1.145010
vt 0.110904 1.098814
vt 0.130904 1.117665
vt 0.130904 1.126468
vt 0.110904 1.106208
vt 0.110904 1.135582
vt 0.110904 1.142421
vt 0.130904 1.163702
vt 0.130904 1.155841
vt 0.110904 1.106208
vt 0.130904 1.126468
vt 0.130904 1.132860
vt 0.110904 1.111579
vt 0.110904 1.142421
vt 0.110904 1.146546
vt 0.130904 1.168443
vt 0.130904 1.163702
vt 0.110904 1.111579
vt 0.130904 1.132860
vt 0.130904 1.136720
vt 0.110904 1.114822
vt 0.110904 1.146546
vt 0.110904 1.147877
vt 0.130904 1.169973
vt 0.130904 1.168443
vt 0.110904 1.114822
vt 0.130904 1.136720
vt 0.130904 1.137974
vt 0.110904 1.115877
vt 0.110904 1.147877
vt 0.110904 1.146389
vt 0.130904 1.168263
vt 0.130904 1.169973
vt 0.110904 1.115877
vt 0.130904 1.137974
vt 0.130904 1.136598
vt 0.110904 1.114723
vt 0.130904 0.830116
vt 0.130904 0.830974
vt 0.271540 0.836059
vt 0.271540 0.835188
vt 0.130904 0.862101
vt 0.271540 0.867174
vt 0.271540 0.867871
vt 0.130904 0.862786
vt 0.130904 0.830974
vt 0.130904 0.835054
vt 0.271540 0.840054
vt 0.271540 0.836059
vt 0.130904 0.862786
vt 0.271540 0.867871
vt 0.271540 0.871087
vt 0.130904 0.866086
vt 0.130904 0.835054
vt 0.130904 0.842277
vt 0.271540 0.847099
vt 0.271540 0.840054
vt 0.130904 0.866086
vt 0.271540 0.871087
vt 0.271540 0.876760
vt 0.130904 0.871939
vt 0.130904 0.842277
vt 0.130904 0.852508
vt 0.271540 0.857058
vt 0.271540 0.847099
vt 0.130904 0.871939
vt 0.271540 0.876760
vt 0.271540 0.884782
vt 0.130904 0.880232
vt 0.130904 0.852508
vt 0.130904 0.865549
vt 0.271540 0.869741
vt 0.271540 0.857058
vt 0.130904 0.880232
vt 0.271540 0.884782
vt 0.271540 0.895001
vt 0.130904 0.890809
vt 0.130904 0.865549
vt 0.130904 0.881154
vt 0.271540 0.884908
vt 0.271540 0.869741
vt 0.130904 0.890809
vt 0.271540 0.895001
vt 0.271540 0.907220
vt 0.130904 0.903466
vt 0.130904 0.881154
vt 0.130904 0.899023
vt 0.271540 0.902268
vt 0.271540 0.884908
vt 0.130904 0.903466
vt 0.271540 0.907220
vt 0.271540 0.921209
vt 0.130904 0.917964
vt 0.130904 0.899023
vt 0.130904 0.918818
vt 0.271540 0.921491
vt 0.271540 0.902268
vt 0.130904 0.917964
vt 0.271540 0.921209
vt 0.271540 0.936699
vt 0.130904 0.934026
vt 0.130904 0.918818
vt 0.130904 0.940160
vt 0.271540 0.942211
vt 0.271540 0.921491
vt 0.130904 0.934026
vt 0.271540 0.936699
vt 0.271540 0.953395
vt 0.130904 0.951345
vt 0.130904 0.940160
vt 0.130904 0.962642
vt 0.271540 0.964032
vt 0.271540 0.942211
vt 0.130904 0.951345
vt 0.271540 0.953395
vt 0.271540 0.970981
vt 0.130904 0.969591
vt 0.130904 0.962642
vt 0.130904 0.985837
vt 0.271540 0.986538
vt 0.271540 0.964032
vt 0.130904 0.969591
vt 0.271540 0.970981
vt 0.271540 0.989119
vt 0.130904 0.988417
vt 0.130904 0.985837
vt 0.130904 1.009302
vt 0.271540 1.009302
vt 0.271540 0.986538
vt 0.130904 0.988417
vt 0.271540 0.989119
vt 0.271540 1.007464
vt 0.130904 1.007464
vt 0.130904 1.009302
vt 0.130904 1.032589
vt 0.271540 1.031888
vt 0.271540 1.009302
vt 0.130904 1.007464
vt 0.271540 1.007464
vt 0.271540 1.025668
vt 0.130904 1.026369
vt 0.130904 1.032589
vt 0.130904 1.055255
vt 0.271540 1.053866
vt 0.271540 1.031888
vt 0.130904 1.026369
vt 0.271540 1.025668
vt 0.271540 1.043382
vt 0.130904 1.044771
vt 0.130904 1.055255
vt 0.130904 1.076868
vt 0.271540 1.074817
vt 0.271540 1.053866
vt 0.130904 1.044771
vt 0.271540 1.043382
vt 0.271540 1.060269
vt 0.130904 1.062320
vt 0.130904 1.076868
vt 0.130904 1.097016
vt 0.271540 1.094343
vt 0.271540 1.074817
vt 0.130904 1.062320
vt 0.271540 1.060269
vt 0.271540 1.076007
vt 0.130904 1.078680
vt 0.130904 1.097016
vt 0.130904 1.115314
vt 0.271540 1.112070
vt 0.271540 1.094343
vt 0.130904 1.078680
vt 0.271540 1.076007
vt 0.271540 1.090297
vt 0.130904 1.093541
vt 0.130904 1.115314
vt 0.130904 1.131414
vt 0.271540 1.127661
vt 0.271540 1.112070
vt 0.130904 1.093541
vt 0.271540 1.090297
vt 0.271540 1.102865
vt 0.130904 1.106619
vt 0.130904 1.131414
vt 0.130904 1.145010
vt 0.271540 1.140818
vt 0.271540 1.127661
vt 0.130904 1.106619
vt 0.271540 1.102865
vt 0.271540 1.113473
vt 0.130904 1.117665
vt 0.130904 1.145010
vt 0.130904 1.155841
vt 0.271540 1.151292
vt 0.271540 1.140818
vt 0.130904 1.117665
vt 0.271540 1.113473
vt 0.271540 1.121918
vt 0.130904 1.126468
vt 0.130904 1.155841
vt 0.130904 1.163702
vt 0.271540 1.158881
vt 0.271540 1.151292
vt 0.130904 1.126468
vt 0.271540 1.121918
vt 0.271540 1.128039
vt 0.130904 1.132860
vt 0.130904 1.163702
vt 0.130904 1.168443
vt 0.271540 1.163442
vt 0.271540 1.158881
vt 0.130904 1.132860
vt 0.271540 1.128039
vt 0.271540 1.131719
vt 0.130904 1.136720
vt 0.130904 1.168443
vt 0.130904 1.169973
vt 0.271540 1.164888
vt 0.271540 1.163442
vt 0.130904 1.136720
vt 0.271540 1.131719
vt 0.271540 1.132889
vt 0.130904 1.137974
vt 0.130904 1.169973
vt 0.130904 1.168263
vt 0.271540 1.163191
vt 0.271540 1.164888
vt 0.130904 1.137974
vt 0.271540 1.132889
vt 0.271540 1.131526
vt 0.130904 1.136598
vt 0.271540 0.835188
vt 0.271540 0.836059
vt 0.464476 0.871564
vt 0.464476 0.870848
vt 0.271540 0.867174
vt 0.464476 0.902833
vt 0.464476 0.903376
vt 0.271540 0.867871
vt 0.271540 0.836059
vt 0.271540 0.840054
vt 0.464476 0.874728
vt 0.464476 0.871564
vt 0.271540 0.867871
vt 0.464476 0.903376
vt 0.464476 0.905761
vt 0.271540 0.871087
vt 0.271540 0.840054
vt 0.271540 0.847099
vt 0.464476 0.880280
vt 0.464476 0.874728
vt 0.271540 0.871087
vt 0.464476 0.905761
vt 0.464476 0.909942
vt 0.271540 0.876760
vt 0.271540 0.847099
vt 0.271540 0.857058
vt 0.464476 0.888115
vt 0.464476 0.880280
vt 0.271540 0.876760
vt 0.464476 0.909942
vt 0.464476 0.915839
vt 0.271540 0.884782
vt 0.271540 0.857058
vt 0.271540 0.869741
vt 0.464476 0.898082
vt 0.464476 0.888115
vt 0.271540 0.884782
vt 0.464476 0.915839
vt 0.464476 0.923341
vt 0.271540 0.895001
vt 0.271540 0.869741
vt 0.271540 0.884908
vt 0.464476 0.909991
vt 0.464476 0.898082
vt 0.271540 0.895001
vt 0.464476 0.923341
vt 0.464476 0.932304
vt 0.271540 0.907220
vt 0.271540 0.884908
vt 0.271540 0.902268
vt 0.464476 0.923616
vt 0.464476 0.909991
vt 0.271540 0.907220
vt 0.464476 0.932304
vt 0.464476 0.942557
vt 0.271540 0.921209
vt 0.271540 0.902268
vt 0.271540 0.921491
vt 0.464476 0.938698
vt 0.464476 0.923616
vt 0.271540 0.921209
vt 0.464476 0.942557
vt 0.464476 0.953905
vt 0.271540 0.936699
vt 0.271540 0.921491
vt 0.271540 0.942211
vt 0.464476 0.954947
vt 0.464476 0.938698
vt 0.271540 0.936699
vt 0.464476 0.953905
vt 0.464476 0.966132
vt 0.271540 0.953395
vt 0.271540 0.942211
vt 0.271540 0.964032
vt 0.464476 0.972056
vt 0.464476 0.954947
vt 0.271540 0.953395
vt 0.464476 0.966132
vt 0.464476 0.979005
vt 0.271540 0.970981
vt 0.271540 0.964032
vt 0.271540 0.986538
vt 0.464476 0.989697
vt 0.464476 0.972056
vt 0.271540 0.970981
vt 0.464476 0.979005
vt 0.464476 0.992277
vt 0.271540 0.989119
vt 0.271540 0.986538
vt 0.271540 1.009302
vt 0.464476 1.007535
vt 0.464476 0.989697
vt 0.271540 0.989119
vt 0.464476 0.992277
vt 0.464476 1.005697
vt 0.271540 1.007464
vt 0.271540 1.009302
vt 0.271540 1.031888
vt 0.464476 1.025228
vt 0.464476 1.007535
vt 0.271540 1.007464
vt 0.464476 1.005697
vt 0.464476 1.019008
vt 0.271540 1.025668
vt 0.271540 1.031888
vt 0.271540 1.053866
vt 0.464475 1.042441
vt 0.464476 1.025228
vt 0.271540 1.025668
vt 0.464476 1.019008
vt 0.464476 1.031957
vt 0.271540 1.043382
vt 0.271540 1.053866
vt 0.271540 1.074817
vt 0.464475 1.058845
vt 0.464475 1.042441
vt 0.271540 1.043382
vt 0.464476 1.031957
vt 0.464475 1.044297
vt 0.271540 1.060269
vt 0.271540 1.074817
vt 0.271540 1.094343
vt 0.464475 1.074128
vt 0.464475 1.058845
vt 0.271540 1.060269
vt 0.464475 1.044297
vt 0.464475 1.055793
vt 0.271540 1.076007
vt 0.271540 1.094343
vt 0.271540 1.112070
vt 0.464475 1.087997
vt 0.464475 1.074128
vt 0.271540 1.076007
vt 0.464475 1.055793
vt 0.464475 1.066224
vt 0.271540 1.090297
vt 0.271540 1.112070
vt 0.271540 1.127661
vt 0.464475 1.100189
vt 0.464475 1.087997
vt 0.271540 1.090297
vt 0.464475 1.066224
vt 0.464475 1.075394
vt 0.271540 1.102865
vt 0.271540 1.127661
vt 0.271540 1.140818
vt 0.464475 1.110472
vt 0.464475 1.100189
vt 0.271540 1.102865
vt 0.464475 1.075394
vt 0.464475 1.083127
vt 0.271540 1.113473
vt 0.271540 1.140818
vt 0.271540 1.151292
vt 0.464475 1.118648
vt 0.464475 1.110472
vt 0.271540 1.113473
vt 0.464475 1.083127
vt 0.464475 1.089275
vt 0.271540 1.121918
vt 0.271540 1.151292
vt 0.271540 1.158881
vt 0.464475 1.124564
vt 0.464475 1.118648
vt 0.271540 1.121918
vt 0.464475 1.089275
vt 0.464475 1.093721
vt 0.271540 1.128039
vt 0.271540 1.158881
vt 0.271540 1.163442
vt 0.464475 1.128104
vt 0.464475 1.124564
vt 0.271540 1.128039
vt 0.464475 1.093721
vt 0.464475 1.096381
vt 0.271540 1.131719
vt 0.271540 1.163442
vt 0.271540 1.164888
vt 0.464475 1.129203
vt 0.464475 1.128104
vt 0.271540 1.131719
vt 0.464475 1.096381
vt 0.464475 1.097204
vt 0.271540 1.132889
vt 0.271540 1.164888
vt 0.271540 1.163191
vt 0.464475 1.127840
vt 0.464475 1.129203
vt 0.271540 1.132889
vt 0.464475 1.097204
vt 0.464475 1.096174
vt 0.271540 1.131526
vt 0.464476 0.870848
vt 0.464476 0.871564
vt 0.484476 0.883400
vt 0.484476 0.882731
vt 0.464476 0.902833
vt 0.484476 0.914717
vt 0.484476 0.915213
vt 0.464476 0.903376
vt 0.464476 0.871564
vt 0.464476 0.874728
vt 0.484476 0.886292
vt 0.484476 0.883400
vt 0.464476 0.903376
vt 0.484476 0.915213
vt 0.484476 0.917325
vt 0.464476 0.905761
vt 0.464476 0.874728
vt 0.464476 0.880280
vt 0.484476 0.891351
vt 0.484476 0.886292
vt 0.464476 0.905761
vt 0.484476 0.917325
vt 0.484476 0.921012
vt 0.464476 0.909942
vt 0.464476 0.880280
vt 0.464476 0.888115
vt 0.484476 0.898481
vt 0.484476 0.891351
vt 0.464476 0.909942
vt 0.484476 0.921012
vt 0.484476 0.926205
vt 0.464476 0.915839
vt 0.464476 0.888115
vt 0.464476 0.898082
vt 0.484476 0.907546
vt 0.484476 0.898481
vt 0.464476 0.915839
vt 0.484476 0.926205
vt 0.484476 0.932805
vt 0.464476 0.923341
vt 0.464476 0.898082
vt 0.464476 0.909991
vt 0.484476 0.918373
vt 0.484476 0.907546
vt 0.464476 0.923341
vt 0.484476 0.932805
vt 0.484476 0.940686
vt 0.464476 0.932304
vt 0.464476 0.909991
vt 0.464476 0.923616
vt 0.484476 0.930757
vt 0.484476 0.918373
vt 0.464476 0.932304
vt 0.484476 0.940686
vt 0.484476 0.949697
vt 0.464476 0.942557
vt 0.464476 0.923616
vt 0.464476 0.938698
vt 0.484476 0.944460
vt 0.484476 0.930757
vt 0.464476 0.942557
vt 0.484476 0.949697
vt 0.484476 0.959667
vt 0.464476 0.953905
vt 0.464476 0.938698
vt 0.464476 0.954947
vt 0.484476 0.959221
vt 0.484476 0.944460
vt 0.464476 0.953905
vt 0.484476 0.959667
vt 0.484476 0.970406
vt 0.464476 0.966132
vt 0.464476 0.954947
vt 0.464476 0.972056
vt 0.484476 0.974760
vt 0.484476 0.959221
vt 0.464476 0.966132
vt 0.484476 0.970406
vt 0.484476 0.981709
vt 0.464476 0.979005
vt 0.464476 0.972056
vt 0.464476 0.989697
vt 0.484476 0.990781
vt 0.484476 0.974760
vt 0.464476 0.979005
vt 0.484476 0.981709
vt 0.484476 0.993361
vt 0.464476 0.992277
vt 0.464476 0.989697
vt 0.464476 1.007535
vt 0.484476 1.006976
vt 0.484476 0.990781
vt 0.464476 0.992277
vt 0.484476 0.993361
vt 0.484476 1.005139
vt 0.464476 1.005697
vt 0.464476 1.007535
vt 0.464476 1.025228
vt 0.484475 1.023039
vt 0.484476 1.006976
vt 0.464476 1.005697
vt 0.484476 1.005139
vt 0.484476 1.016819
vt 0.464476 1.019008
vt 0.464476 1.025228
vt 0.464475 1.042441
vt 0.484475 1.038663
vt 0.484475 1.023039
vt 0.464476 1.019008
vt 0.484476 1.016819
vt 0.484475 1.028179
vt 0.464476 1.031957
vt 0.464475 1.042441
vt 0.464475 1.058845
vt 0.484475 1.053550
vt 0.484475 1.038663
vt 0.464476 1.031957
vt 0.484475 1.028179
vt 0.484475 1.039001
vt 0.464475 1.044297
vt 0.464475 1.058845
vt 0.464475 1.074128
vt 0.484475 1.067416
vt 0.484475 1.053550
vt 0.464475 1.044297
vt 0.484475 1.039001
vt 0.484475 1.049081
vt 0.464475 1.055793
vt 0.464475 1.074128
vt 0.464475 1.087997
vt 0.484475 1.079997
vt 0.484475 1.067416
vt 0.464475 1.055793
vt 0.484475 1.049081
vt 0.484475 1.058224
vt 0.464475 1.066224
vt 0.464475 1.087997
vt 0.464475 1.100189
vt 0.484475 1.091053
vt 0.484475 1.079997
vt 0.464475 1.066224
vt 0.484475 1.058224
vt 0.484475 1.066258
vt 0.464475 1.075394
vt 0.464475 1.100189
vt 0.464475 1.110472
vt 0.484475 1.100374
vt 0.484475 1.091053
vt 0.464475 1.075394
vt 0.484475 1.066258
vt 0.484475 1.073029
vt 0.464475 1.083127
vt 0.464475 1.110472
vt 0.464475 1.118648
vt 0.484475 1.107781
vt 0.484475 1.100374
vt 0.464475 1.083127
vt 0.484475 1.073029
vt 0.484475 1.078408
vt 0.464475 1.089275
vt 0.464475 1.118648
vt 0.464475 1.124564
vt 0.484475 1.113134
vt 0.484475 1.107781
vt 0.464475 1.089275
vt 0.484475 1.078408
vt 0.484475 1.082292
vt 0.464475 1.093721
vt 0.464475 1.124564
vt 0.464475 1.128104
vt 0.484475 1.116331
vt 0.484475 1.113134
vt 0.464475 1.093721
vt 0.484475 1.082292
vt 0.484475 1.084608
vt 0.464475 1.096381
vt 0.464475 1.128104
vt 0.464475 1.129203
vt 0.484475 1.117310
vt 0.484475 1.116331
vt 0.464475 1.096381
vt 0.484475 1.084608
vt 0.484475 1.085311
vt 0.464475 1.097204
vt 0.464475 1.129203
vt 0.464475 1.127840
vt 0.484475 1.116053
vt 0.484475 1.117310
vt 0.464475 1.097204
vt 0.484475 1.085311
vt 0.484475 1.084388
vt 0.464475 1.096174
vt -0.001902 1.073900
vt -0.001425 1.057907
vt 0.006090 1.057620
vt 0.007820 1.073527
vt 0.001931 1.058634
vt -0.006449 1.058300
vt -0.004719 1.042394
vt 0.001454 1.042642
vt 0.007820 1.073527
vt 0.006090 1.057620
vt 0.013489 1.056236
vt 0.017393 1.071752
vt -0.006449 1.058300
vt -0.014707 1.056854
vt -0.010802 1.041338
vt -0.004719 1.042394
vt 0.017393 1.071752
vt 0.013489 1.056236
vt 0.020631 1.053779
vt 0.026635 1.068609
vt -0.014707 1.056854
vt -0.022684 1.054325
vt -0.016680 1.039494
vt -0.010802 1.041338
vt 0.026635 1.068609
vt 0.020631 1.053779
vt 0.027379 1.050297
vt 0.035369 1.064159
vt -0.022684 1.054325
vt -0.030229 1.050760
vt -0.022239 1.036897
vt -0.016680 1.039494
vt 0.035369 1.064159
vt 0.027379 1.050297
vt 0.033606 1.045856
vt 0.043429 1.058486
vt -0.030229 1.050760
vt -0.037198 1.046227
vt -0.027375 1.033597
vt -0.022239 1.036897
vt 0.043429 1.058486
vt 0.033606 1.045856
vt 0.039192 1.040542
vt 0.050661 1.051698
vt -0.037198 1.046227
vt -0.043457 1.040813
vt -0.031988 1.029657
vt -0.027375 1.033597
vt 0.050661 1.051698
vt 0.039192 1.040542
vt 0.044031 1.034454
vt 0.056927 1.043925
vt -0.043457 1.040813
vt -0.048888 1.034622
vt -0.035992 1.025151
vt -0.031988 1.029657
vt 0.056927 1.043925
vt 0.044031 1.034454
vt 0.048031 1.027710
vt 0.062108 1.035314
vt -0.048888 1.034622
vt -0.053388 1.027770
vt -0.039310 1.020166
vt -0.035992 1.025151
vt 0.062108 1.035314
vt 0.048031 1.027710
vt 0.051115 1.020438
vt 0.066106 1.026031
vt -0.053388 1.027770
vt -0.056870 1.020389
vt -0.041879 1.014797
vt -0.039310 1.020166
vt 0.066106 1.026031
vt 0.051115 1.020438
vt 0.053225 1.012776
vt 0.068843 1.016251
vt -0.056870 1.020389
vt -0.059267 1.012620
vt -0.043649 1.009145
vt -0.041879 1.014797
vt 0.068843 1.016251
vt 0.053225 1.012776
vt 0.054320 1.004871
vt 0.070268 1.006161
vt -0.059267 1.012620
vt -0.060536 1.004610
vt -0.044588 1.003320
vt -0.043649 1.009145
vt 0.070268 1.006161
vt 0.054320 1.004871
vt 0.054380 0.996872
vt 0.070354 0.995954
vt -0.060536 1.004610
vt -0.060650 0.996512
vt -0.044676 0.997431
vt -0.044588 1.003320
vt 0.070354 0.995954
vt 0.054380 0.996872
vt 0.053404 0.988934
vt 0.069098 0.985824
vt -0.060650 0.996512
vt -0.059608 0.988480
vt -0.043913 0.991590
vt -0.044676 0.997431
vt 0.069098 0.985824
vt 0.053404 0.988934
vt 0.051409 0.981206
vt 0.066526 0.975964
vt -0.059608 0.988480
vt -0.057430 0.980669
vt -0.042313 0.985911
vt -0.043913 0.991590
vt 0.066526 0.975964
vt 0.051409 0.981206
vt 0.048435 0.973837
vt 0.062686 0.966563
vt -0.057430 0.980669
vt -0.054157 0.973225
vt -0.039906 0.980499
vt -0.042313 0.985911
vt 0.062686 0.966563
vt 0.048435 0.973837
vt 0.044537 0.966966
vt 0.057650 0.957798
vt -0.054157 0.973225
vt -0.049852 0.966292
vt -0.036739 0.975460
vt -0.039906 0.980499
vt 0.057650 0.957798
vt 0.044537 0.966966
vt 0.039791 0.960725
vt 0.051516 0.949838
vt -0.049852 0.966292
vt -0.044597 0.960002
vt -0.032871 0.970888
vt -0.036739 0.975460
vt 0.051516 0.949838
vt 0.039791 0.960725
vt 0.034286 0.955232
vt 0.044400 0.942835
vt -0.044597 0.960002
vt -0.038492 0.954473
vt -0.028377 0.966871
vt -0.032871 0.970888
vt 0.044400 0.942835
vt 0.034286 0.955232
vt 0.028127 0.950593
vt 0.036437 0.936921
vt -0.038492 0.954473
vt -0.031653 0.949813
vt -0.023342 0.963486
vt -0.028377 0.966871
vt 0.036437 0.936921
vt 0.028127 0.950593
vt 0.021432 0.946896
vt 0.027780 0.932209
vt -0.031653 0.949813
vt -0.024210 0.946109
vt -0.017862 0.960796
vt -0.023342 0.963486
vt 0.027780 0.932209
vt 0.021432 0.946896
vt 0.014329 0.944211
vt 0.018594 0.928789
vt -0.024210 0.946109
vt -0.016306 0.943433
vt -0.012042 0.958854
vt -0.017862 0.960796
vt 0.018594 0.928789
vt 0.014329 0.944211
vt 0.006953 0.942589
vt 0.009053 0.926727
vt -0.016306 0.943433
vt -0.008092 0.941835
vt -0.005992 0.957696
vt -0.012042 0.958854
vt 0.009053 0.926727
vt 0.006953 0.942589
vt -0.000556 0.942061
vt -0.000661 0.926062
vt -0.008092 0.941835
vt 0.000277 0.941345
vt 0.000172 0.957345
vt -0.005992 0.957696
vt -0.000661 0.926062
vt -0.000556 0.942061
vt -0.008054 0.942638
vt -0.010362 0.926806
vt 0.000277 0.941345
vt 0.008641 0.941974
vt 0.006333 0.957806
vt 0.000172 0.957345
vt -0.055452 1.073772
vt -0.065452 1.084796
vt -0.065452 1.068833
vt -0.055452 1.057809
vt -0.055452 0.942190
vt -0.065452 0.931167
vt -0.065452 0.915204
vt -0.055452 0.926228
vt -0.065452 1.084796
vt -0.135770 1.082256
vt -0.135770 1.066293
vt -0.065452 1.068833
vt -0.065452 0.931167
vt -0.135770 0.933707
vt -0.135770 0.917744
vt -0.065452 0.915204
vt -0.135770 1.082253
vt -0.232238 1.064449
vt -0.232238 1.048487
vt -0.135770 1.066291
vt -0.135770 0.933709
vt -0.232238 0.951513
vt -0.232238 0.935551
vt -0.135770 0.917747
vt -0.232238 1.064446
vt -0.242238 1.058512
vt -0.242238 1.042551
vt -0.232238 1.048485
vt -0.232238 0.951515
vt -0.242238 0.957449
vt -0.242238 0.941488
vt -0.232238 0.935554
vt 0.170904 1.134787
vt 0.170904 1.124991
vt 0.182904 1.132299
vt 0.182904 1.142685
vt 0.170904 1.116152
vt 0.182904 1.124050
vt 0.182904 1.115029
vt 0.170904 1.107722
vt 0.170904 1.124991
vt 0.170904 1.112118
vt 0.182904 1.118655
vt 0.182904 1.132299
vt 0.170904 1.107722
vt 0.182904 1.115029
vt 0.182904 1.103176
vt 0.170904 1.096639
vt 0.170904 1.112118
vt 0.170904 1.096484
vt 0.182904 1.102090
vt 0.182904 1.118655
vt 0.170904 1.096639
vt 0.182904 1.103176
vt 0.182904 1.088783
vt 0.170904 1.083177
vt 0.170904 1.096484
vt 0.170904 1.078474
vt 0.182904 1.083010
vt 0.182904 1.102090
vt 0.170904 1.083177
vt 0.182904 1.088783
vt 0.182904 1.072203
vt 0.170904 1.067667
vt 0.170904 1.078474
vt 0.170904 1.058532
vt 0.182904 1.061887
vt 0.182904 1.083010
vt 0.170904 1.067667
vt 0.182904 1.072203
vt 0.182904 1.053846
vt 0.170904 1.050490
vt 0.170904 1.058532
vt 0.170904 1.037148
vt 0.182904 1.039240
vt 0.182904 1.061887
vt 0.170904 1.050490
vt 0.182904 1.053846
vt 0.182904 1.034162
vt 0.170904 1.032071
vt 0.170904 1.037148
vt 0.170904 1.014850
vt 0.182904 1.015627
vt 0.182904 1.039240
vt 0.170904 1.032071
vt 0.182904 1.034162
vt 0.182904 1.013637
vt 0.170904 1.012861
vt 0.170904 1.014850
vt 0.170904 0.992187
vt 0.182904 0.991629
vt 0.182904 1.015627
vt 0.170904 1.012861
vt 0.182904 1.013637
vt 0.182904 0.992777
vt 0.170904 0.993335
vt 0.170904 0.992187
vt 0.170904 0.969716
vt 0.182904 0.967837
vt 0.182904 0.991629
vt 0.170904 0.993335
vt 0.182904 0.992777
vt 0.182904 0.972095
vt 0.170904 0.973973
vt 0.170904 0.969716
vt 0.170904 0.947990
vt 0.182904 0.944837
vt 0.182904 0.967837
vt 0.170904 0.973973
vt 0.182904 0.972095
vt 0.182904 0.952099
vt 0.170904 0.955252
vt 0.170904 0.947990
vt 0.170904 0.927545
vt 0.182904 0.923195
vt 0.182904 0.944837
vt 0.170904 0.955252
vt 0.182904 0.952099
vt 0.182904 0.933283
vt 0.170904 0.937633
vt 0.170904 0.927545
vt 0.170904 0.908884
vt 0.182904 0.903445
vt 0.182904 0.923195
vt 0.170904 0.937633
vt 0.182904 0.933283
vt 0.182904 0.916110
vt 0.170904 0.921549
vt 0.170904 0.908884
vt 0.170904 0.892467
vt 0.182904 0.886072
vt 0.182904 0.903445
vt 0.170904 0.921549
vt 0.182904 0.916110
vt 0.182904 0.901003
vt 0.170904 0.907398
vt 0.170904 0.892467
vt 0.170904 0.878698
vt 0.182904 0.871504
vt 0.182904 0.886072
vt 0.170904 0.907398
vt 0.182904 0.901003
vt 0.182904 0.888333
vt 0.170904 0.895526
vt 0.170904 0.878698
vt 0.170904 0.867915
vt 0.182904 0.860101
vt 0.182904 0.871504
vt 0.170904 0.895526
vt 0.182904 0.888333
vt 0.182904 0.878413
vt 0.170904 0.886227
vt 0.170904 0.867915
vt 0.170904 0.860385
vt 0.182904 0.852142
vt 0.182904 0.860101
vt 0.170904 0.886227
vt 0.182904 0.878413
vt 0.182904 0.871486
vt 0.170904 0.879729
vt 0.182904 1.142685
vt 0.182904 1.132299
vt 0.424475 1.107225
vt 0.424475 1.115676
vt 0.182904 1.124050
vt 0.424475 1.097041
vt 0.424475 1.089955
vt 0.182904 1.115029
vt 0.182904 1.132299
vt 0.182904 1.118655
vt 0.424475 1.096133
vt 0.424475 1.107225
vt 0.182904 1.115029
vt 0.424475 1.089955
vt 0.424475 1.080655
vt 0.182904 1.103176
vt 0.182904 1.118655
vt 0.182904 1.102090
vt 0.424475 1.082675
vt 0.424475 1.096133
vt 0.182904 1.103176
vt 0.424475 1.080655
vt 0.424475 1.069368
vt 0.182904 1.088783
vt 0.182904 1.102090
vt 0.182904 1.083010
vt 0.424475 1.067180
vt 0.424475 1.082675
vt 0.182904 1.088783
vt 0.424475 1.069368
vt 0.424475 1.056373
vt 0.182904 1.072203
vt 0.182904 1.083010
vt 0.182904 1.061887
vt 0.424475 1.050032
vt 0.424475 1.067180
vt 0.182904 1.072203
vt 0.424475 1.056373
vt 0.424475 1.041990
vt 0.182904 1.053846
vt 0.182904 1.061887
vt 0.182904 1.039240
vt 0.424475 1.031651
vt 0.424475 1.050032
vt 0.182904 1.053846
vt 0.424475 1.041990
vt 0.424475 1.026573
vt 0.182904 1.034162
vt 0.182904 1.039240
vt 0.182904 1.015627
vt 0.424476 1.012491
vt 0.424475 1.031651
vt 0.182904 1.034162
vt 0.424475 1.026573
vt 0.424476 1.010502
vt 0.182904 1.013637
vt 0.182904 1.015627
vt 0.182904 0.991629
vt 0.424476 0.993024
vt 0.424476 1.012491
vt 0.182904 1.013637
vt 0.424476 1.010502
vt 0.424476 0.994172
vt 0.182904 0.992777
vt 0.182904 0.991629
vt 0.182904 0.967837
vt 0.424476 0.973728
vt 0.424476 0.993024
vt 0.182904 0.992777
vt 0.424476 0.994172
vt 0.424476 0.977986
vt 0.182904 0.972095
vt 0.182904 0.967837
vt 0.182904 0.944837
vt 0.424476 0.955080
vt 0.424476 0.973728
vt 0.182904 0.972095
vt 0.424476 0.977986
vt 0.424476 0.962342
vt 0.182904 0.952099
vt 0.182904 0.944837
vt 0.182904 0.923195
vt 0.424476 0.937537
vt 0.424476 0.955080
vt 0.182904 0.952099
vt 0.424476 0.962342
vt 0.424476 0.947625
vt 0.182904 0.933283
vt 0.182904 0.923195
vt 0.182904 0.903445
vt 0.424476 0.921533
vt 0.424476 0.937537
vt 0.182904 0.933283
vt 0.424476 0.947625
vt 0.424476 0.934198
vt 0.182904 0.916110
vt 0.182904 0.903445
vt 0.182904 0.886072
vt 0.424476 0.907460
vt 0.424476 0.921533
vt 0.182904 0.916110
vt 0.424476 0.934198
vt 0.424476 0.922391
vt 0.182904 0.901003
vt 0.182904 0.886072
vt 0.182904 0.871504
vt 0.424476 0.895666
vt 0.424476 0.907460
vt 0.182904 0.901003
vt 0.424476 0.922391
vt 0.424476 0.912495
vt 0.182904 0.888333
vt 0.182904 0.871504
vt 0.182904 0.860101
vt 0.424476 0.886442
vt 0.424476 0.895666
vt 0.182904 0.888333
vt 0.424476 0.912495
vt 0.424476 0.904754
vt 0.182904 0.878413
vt 0.182904 0.860101
vt 0.182904 0.852142
vt 0.424476 0.880013
vt 0.424476 0.886442
vt 0.182904 0.878413
vt 0.424476 0.904754
vt 0.424476 0.899358
vt 0.182904 0.871486
vt 0.424475 1.115676
vt 0.424475 1.107225
vt 0.432475 1.102899
vt 0.432475 1.110977
vt 0.424475 1.097041
vt 0.432475 1.092342
vt 0.432475 1.085630
vt 0.424475 1.089955
vt 0.424475 1.107225
vt 0.424475 1.096133
vt 0.432475 1.092287
vt 0.432475 1.102899
vt 0.424475 1.089955
vt 0.432475 1.085630
vt 0.432475 1.076809
vt 0.424475 1.080655
vt 0.424475 1.096133
vt 0.424475 1.082675
vt 0.432475 1.079403
vt 0.432475 1.092287
vt 0.424475 1.080655
vt 0.432475 1.076809
vt 0.432475 1.066096
vt 0.424475 1.069368
vt 0.424475 1.082675
vt 0.424475 1.067180
vt 0.432475 1.064564
vt 0.432475 1.079403
vt 0.424475 1.069368
vt 0.432475 1.066096
vt 0.432475 1.053756
vt 0.424475 1.056373
vt 0.424475 1.067180
vt 0.424475 1.050032
vt 0.432475 1.048135
vt 0.432475 1.064564
vt 0.424475 1.056373
vt 0.432475 1.053756
vt 0.432475 1.040093
vt 0.424475 1.041990
vt 0.424475 1.050032
vt 0.424475 1.031651
vt 0.432476 1.030520
vt 0.432475 1.048135
vt 0.424475 1.041990
vt 0.432475 1.040093
vt 0.432476 1.025442
vt 0.424475 1.026573
vt 0.424475 1.031651
vt 0.424476 1.012491
vt 0.432476 1.012154
vt 0.432476 1.030520
vt 0.424475 1.026573
vt 0.432476 1.025442
vt 0.432476 1.010165
vt 0.424476 1.010502
vt 0.424476 1.012491
vt 0.424476 0.993024
vt 0.432476 0.993489
vt 0.432476 1.012154
vt 0.424476 1.010502
vt 0.432476 1.010165
vt 0.432476 0.994637
vt 0.424476 0.994172
vt 0.424476 0.993024
vt 0.424476 0.973728
vt 0.432476 0.974984
vt 0.432476 0.993489
vt 0.424476 0.994172
vt 0.432476 0.994637
vt 0.432476 0.979242
vt 0.424476 0.977986
vt 0.424476 0.973728
vt 0.424476 0.955080
vt 0.432476 0.957096
vt 0.432476 0.974984
vt 0.424476 0.977986
vt 0.432476 0.979242
vt 0.432476 0.964358
vt 0.424476 0.962342
vt 0.424476 0.955080
vt 0.424476 0.937537
vt 0.432476 0.940263
vt 0.432476 0.957096
vt 0.424476 0.962342
vt 0.432476 0.964358
vt 0.432476 0.950351
vt 0.424476 0.947625
vt 0.424476 0.937537
vt 0.424476 0.921533
vt 0.432476 0.924902
vt 0.432476 0.940263
vt 0.424476 0.947625
vt 0.432476 0.950351
vt 0.432476 0.937567
vt 0.424476 0.934198
vt 0.424476 0.921533
vt 0.424476 0.907460
vt 0.432476 0.911389
vt 0.432476 0.924902
vt 0.424476 0.934198
vt 0.432476 0.937567
vt 0.432476 0.926320
vt 0.424476 0.922391
vt 0.424476 0.907460
vt 0.424476 0.895666
vt 0.432476 0.900059
vt 0.432476 0.911389
vt 0.424476 0.922391
vt 0.432476 0.926320
vt 0.432476 0.916888
vt 0.424476 0.912495
vt 0.424476 0.895666
vt 0.424476 0.886442
vt 0.432476 0.891189
vt 0.432476 0.900059
vt 0.424476 0.912495
vt 0.432476 0.916888
vt 0.432476 0.909501
vt 0.424476 0.904754
vt 0.424476 0.886442
vt 0.424476 0.880013
vt 0.432476 0.884999
vt 0.432476 0.891189
vt 0.424476 0.904754
vt 0.432476 0.909501
vt 0.432476 0.904344
vt 0.424476 0.899358
vt -0.024936 0.932607
vt -0.021305 0.941924
vt -0.029491 0.946139
vt -0.034535 0.937505
vt 0.020741 0.944512
vt 0.028743 0.948551
vt 0.023699 0.957185
vt 0.017110 0.953829
vt -0.034535 0.937505
vt -0.029491 0.946139
vt -0.036950 0.951681
vt -0.043283 0.943941
vt 0.028743 0.948551
vt 0.036036 0.953856
vt 0.029704 0.961596
vt 0.023699 0.957185
vt -0.043283 0.943941
vt -0.036950 0.951681
vt -0.043500 0.958412
vt -0.050966 0.951758
vt 0.036036 0.953856
vt 0.042443 0.960299
vt 0.034977 0.966952
vt 0.029704 0.961596
vt -0.050966 0.951758
vt -0.043500 0.958412
vt -0.048979 0.966167
vt -0.057393 0.960763
vt 0.042443 0.960299
vt 0.047804 0.967718
vt 0.039389 0.973122
vt 0.034977 0.966952
vt -0.057393 0.960763
vt -0.048979 0.966167
vt -0.053251 0.974755
vt -0.062407 0.970734
vt 0.047804 0.967718
vt 0.051988 0.975933
vt 0.042832 0.979954
vt 0.039389 0.973122
vt -0.062407 0.970734
vt -0.053251 0.974755
vt -0.056213 0.983965
vt -0.065885 0.981426
vt 0.051988 0.975933
vt 0.054892 0.984740
vt 0.045219 0.987279
vt 0.042832 0.979954
vt -0.065885 0.981426
vt -0.056213 0.983965
vt -0.057790 0.993569
vt -0.067740 0.992575
vt 0.054892 0.984740
vt 0.056444 0.993923
vt 0.046494 0.994918
vt 0.045219 0.987279
vt -0.067740 0.992575
vt -0.057790 0.993569
vt -0.057944 1.003332
vt -0.067928 1.003907
vt 0.056444 0.993923
vt 0.056606 1.003255
vt 0.046623 1.002681
vt 0.046494 0.994918
vt -0.067928 1.003907
vt -0.057944 1.003332
vt -0.056672 1.013013
vt -0.066443 1.015142
vt 0.056606 1.003255
vt 0.055375 1.012508
vt 0.045604 1.010379
vt 0.046623 1.002681
vt -0.066443 1.015142
vt -0.056672 1.013013
vt -0.054004 1.022374
vt -0.063321 1.026005
vt 0.055375 1.012508
vt 0.052780 1.021452
vt 0.043463 1.017821
vt 0.045604 1.010379
vt -0.063321 1.026005
vt -0.054004 1.022374
vt -0.050006 1.031183
vt -0.058641 1.036228
vt 0.052780 1.021452
vt 0.048886 1.029869
vt 0.040251 1.024825
vt 0.043463 1.017821
vt -0.058641 1.036228
vt -0.050006 1.031183
vt -0.044777 1.039225
vt -0.052516 1.045558
vt 0.048886 1.029869
vt 0.043788 1.037549
vt 0.036048 1.031217
vt 0.040251 1.024825
vt -0.052516 1.045558
vt -0.044777 1.039225
vt -0.038445 1.046301
vt -0.045099 1.053767
vt 0.043788 1.037549
vt 0.037611 1.044305
vt 0.030958 1.036840
vt 0.036048 1.031217
vt -0.045099 1.053767
vt -0.038445 1.046301
vt -0.031167 1.052237
vt -0.036571 1.060651
vt 0.037611 1.044305
vt 0.030509 1.049971
vt 0.025105 1.041556
vt 0.030958 1.036840
vt -0.036571 1.060651
vt -0.031167 1.052237
vt -0.023122 1.056887
vt -0.027142 1.066043
vt 0.030509 1.049971
vt 0.022655 1.054405
vt 0.018634 1.045249
vt 0.025105 1.041556
vt -0.027142 1.066043
vt -0.023122 1.056887
vt -0.014507 1.060135
vt -0.017046 1.069808
vt 0.022655 1.054405
vt 0.014243 1.057500
vt 0.011704 1.047828
vt 0.018634 1.045249
vt 0.085452 0.928636
vt 0.091452 0.924332
vt 0.091452 0.934281
vt 0.085452 0.938586
vt 0.085452 1.061414
vt 0.091452 1.065718
vt 0.091452 1.075668
vt 0.085452 1.071364
vt 0.091452 0.924295
vt 0.212238 0.938395
vt 0.212238 0.948349
vt 0.091452 0.934249
vt 0.091452 1.065751
vt 0.212238 1.051651
vt 0.212238 1.061605
vt 0.091452 1.075705
vt 0.212238 0.938336
vt 0.216238 0.941057
vt 0.216238 0.951020
vt 0.212238 0.948299
vt 0.212238 1.051701
vt 0.216238 1.048980
vt 0.216238 1.058942
vt 0.212238 1.061664
vt 0.170904 0.990469
vt 0.170904 0.956762
vt 0.176904 0.955758
vt 0.176904 0.990239
vt 0.170904 0.991388
vt 0.176904 0.991158
vt 0.176904 0.959775
vt 0.170904 0.960780
vt 0.170904 0.956762
vt 0.170904 0.924717
vt 0.176904 0.922977
vt 0.176904 0.955758
vt 0.170904 0.960780
vt 0.176904 0.959775
vt 0.176904 0.929939
vt 0.170904 0.931679
vt 0.170904 0.924717
vt 0.170904 0.895565
vt 0.176904 0.893156
vt 0.176904 0.922977
vt 0.170904 0.931679
vt 0.176904 0.929939
vt 0.176904 0.902794
vt 0.170904 0.905204
vt 0.170904 0.895565
vt 0.170904 0.870427
vt 0.176904 0.867441
vt 0.176904 0.893156
vt 0.170904 0.905204
vt 0.176904 0.902794
vt 0.176904 0.879385
vt 0.170904 0.882372
vt 0.170904 0.870427
vt 0.170904 0.850268
vt 0.176904 0.846820
vt 0.176904 0.867441
vt 0.170904 0.882372
vt 0.176904 0.879385
vt 0.176904 0.860612
vt 0.170904 0.864060
vt 0.170904 0.850268
vt 0.170904 0.835863
vt 0.176904 0.832085
vt 0.176904 0.846820
vt 0.170904 0.864060
vt 0.176904 0.860612
vt 0.176904 0.847195
vt 0.170904 0.850972
vt 0.170904 0.835863
vt 0.170904 0.827766
vt 0.176904 0.823804
vt 0.176904 0.832085
vt 0.170904 0.850972
vt 0.176904 0.847195
vt 0.176904 0.839650
vt 0.170904 0.843611
vt 0.170904 0.827766
vt 0.170904 0.826287
vt 0.176904 0.822294
vt 0.176904 0.823804
vt 0.170904 0.843611
vt 0.176904 0.839650
vt 0.176904 0.838267
vt 0.170904 0.842261
vt 0.170904 0.826287
vt 0.170904 0.831484
vt 0.176904 0.827613
vt 0.176904 0.822294
vt 0.170904 0.842261
vt 0.176904 0.838267
vt 0.176904 0.843100
vt 0.170904 0.846972
vt 0.170904 0.831484
vt 0.170904 0.843158
vt 0.176904 0.839556
vt 0.176904 0.827613
vt 0.170904 0.846972
vt 0.176904 0.843100
vt 0.176904 0.853962
vt 0.170904 0.857564
vt 0.170904 0.843158
vt 0.170904 0.860858
vt 0.176904 0.857665
vt 0.176904 0.839556
vt 0.170904 0.857564
vt 0.176904 0.853962
vt 0.176904 0.870437
vt 0.170904 0.873629
vt 0.170904 0.860858
vt 0.170904 0.883906
vt 0.176904 0.881245
vt 0.176904 0.857665
vt 0.170904 0.873629
vt 0.176904 0.870437
vt 0.176904 0.891890
vt 0.170904 0.894552
vt 0.170904 0.883906
vt 0.170904 0.911415
vt 0.176904 0.909388
vt 0.176904 0.881245
vt 0.170904 0.894552
vt 0.176904 0.891890
vt 0.176904 0.917498
vt 0.170904 0.919526
vt 0.170904 0.911415
vt 0.170904 0.942329
vt 0.176904 0.941013
vt 0.176904 0.909388
vt 0.170904 0.919526
vt 0.176904 0.917498
vt 0.176904 0.946277
vt 0.170904 0.947593
vt 0.170904 0.942329
vt 0.170904 0.975458
vt 0.176904 0.974905
vt 0.176904 0.941013
vt 0.170904 0.947593
vt 0.176904 0.946277
vt 0.176904 0.977120
vt 0.170904 0.977674
vt 0.170904 0.975458
vt 0.170904 1.009531
vt 0.176904 1.009761
vt 0.176904 0.974905
vt 0.170904 0.977674
vt 0.176904 0.977120
vt 0.176904 1.008842
vt 0.170904 1.008613
vt 0.170904 1.009531
vt 0.170904 1.043238
vt 0.176904 1.044242
vt 0.176904 1.009761
vt 0.170904 1.008613
vt 0.176904 1.008842
vt 0.176904 1.040225
vt 0.170904 1.039221
vt 0.170904 1.043238
vt 0.170904 1.075283
vt 0.176904 1.077023
vt 0.176904 1.044242
vt 0.170904 1.039221
vt 0.176904 1.040225
vt 0.176904 1.070062
vt 0.170904 1.068321
vt 0.170904 1.075283
vt 0.170904 1.104435
vt 0.176904 1.106844
vt 0.176904 1.077023
vt 0.170904 1.068321
vt 0.176904 1.070062
vt 0.176904 1.097206
vt 0.170904 1.094796
vt 0.170904 1.104435
vt 0.170904 1.129573
vt 0.176904 1.132559
vt 0.176904 1.106844
vt 0.170904 1.094796
vt 0.176904 1.097206
vt 0.176904 1.120615
vt 0.170904 1.117629
vt 0.170904 1.129573
vt 0.170904 1.149732
vt 0.176904 1.153180
vt 0.176904 1.132559
vt 0.170904 1.117629
vt 0.176904 1.120615
vt 0.176904 1.139388
vt 0.170904 1.135940
vt 0.170904 1.149732
vt 0.170904 1.164137
vt 0.176904 1.167915
vt 0.176904 1.153180
vt 0.170904 1.135940
vt 0.176904 1.139388
vt 0.176904 1.152805
vt 0.170904 1.149028
vt 0.170904 1.164137
vt 0.170904 1.172235
vt 0.176904 1.176196
vt 0.176904 1.167915
vt 0.170904 1.149028
vt 0.176904 1.152805
vt 0.176904 1.160350
vt 0.170904 1.156389
vt 0.170904 1.172235
vt 0.170904 1.173713
vt 0.176904 1.177706
vt 0.176904 1.176196
vt 0.170904 1.156389
vt 0.176904 1.160350
vt 0.176904 1.161733
vt 0.170904 1.157739
vt 0.170904 1.173713
vt 0.170904 1.168516
vt 0.176904 1.172388
vt 0.176904 1.177706
vt 0.170904 1.157739
vt 0.176904 1.161733
vt 0.176904 1.156900
vt 0.170904 1.153028
vt 0.170904 1.168516
vt 0.170904 1.156842
vt 0.176904 1.160444
vt 0.176904 1.172388
vt 0.170904 1.153028
vt 0.176904 1.156900
vt 0.176904 1.146038
vt 0.170904 1.142436
vt 0.170904 1.156842
vt 0.170904 1.139142
vt 0.176904 1.142335
vt 0.176904 1.160444
vt 0.170904 1.142436
vt 0.176904 1.146038
vt 0.176904 1.129564
vt 0.170904 1.126371
vt 0.170904 1.139142
vt 0.170904 1.116094
vt 0.176904 1.118755
vt 0.176904 1.142335
vt 0.170904 1.126371
vt 0.176904 1.129564
vt 0.176904 1.108110
vt 0.170904 1.105449
vt 0.170904 1.116094
vt 0.170904 1.088585
vt 0.176904 1.090613
vt 0.176904 1.118755
vt 0.170904 1.105449
vt 0.176904 1.108110
vt 0.176904 1.082502
vt 0.170904 1.080474
vt 0.170904 1.088585
vt 0.170904 1.057672
vt 0.176904 1.058987
vt 0.176904 1.090613
vt 0.170904 1.080474
vt 0.176904 1.082502
vt 0.176904 1.053723
vt 0.170904 1.052407
vt 0.170904 1.057672
vt 0.170904 1.024542
vt 0.176904 1.025096
vt 0.176904 1.058987
vt 0.170904 1.052407
vt 0.176904 1.053723
vt 0.176904 1.022880
vt 0.170904 1.022326
vt 0.170904 1.024542
vt 0.170904 0.990469
vt 0.176904 0.990239
vt 0.176904 1.025096
vt 0.170904 1.022326
vt 0.176904 1.022880
vt 0.176904 0.991158
vt 0.170904 0.991388
vt 0.176904 0.990239
vt 0.176904 0.955758
vt 0.200904 0.955758
vt 0.200904 0.990239
vt 0.176904 0.991158
vt 0.200904 0.991158
vt 0.200904 0.959775
vt 0.176904 0.959775
vt 0.176904 0.955758
vt 0.176904 0.922977
vt 0.200904 0.922977
vt 0.200904 0.955758
vt 0.176904 0.959775
vt 0.200904 0.959775
vt 0.200904 0.929939
vt 0.176904 0.929939
vt 0.176904 0.922977
vt 0.176904 0.893156
vt 0.200904 0.893156
vt 0.200904 0.922977
vt 0.176904 0.929939
vt 0.200904 0.929939
vt 0.200904 0.902794
vt 0.176904 0.902794
vt 0.176904 0.893156
vt 0.176904 0.867441
vt 0.200904 0.867441
vt 0.200904 0.893156
vt 0.176904 0.902794
vt 0.200904 0.902794
vt 0.200904 0.879385
vt 0.176904 0.879385
vt 0.176904 0.867441
vt 0.176904 0.846820
vt 0.200904 0.846820
vt 0.200904 0.867441
vt 0.176904 0.879385
vt 0.200904 0.879385
vt 0.200904 0.860612
vt 0.176904 0.860612
vt 0.176904 0.846820
vt 0.176904 0.832085
vt 0.200904 0.832085
vt 0.200904 0.846820
vt 0.176904 0.860612
vt 0.200904 0.860612
vt 0.200904 0.847195
vt 0.176904 0.847195
vt 0.176904 0.832085
vt 0.176904 0.823804
vt 0.200904 0.823804
vt 0.200904 0.832085
vt 0.176904 0.847195
vt 0.200904 0.847195
vt 0.200904 0.839650
vt 0.176904 0.839650
vt 0.176904 0.823804
vt 0.176904 0.822294
vt 0.200904 0.822294
vt 0.200904 0.823804
vt 0.176904 0.839650
vt 0.200904 0.839650
vt 0.200904 0.838267
vt 0.176904 0.838267
vt 0.176904 0.822294
vt 0.176904 0.827613
vt 0.200904 0.827613
vt 0.200904 0.822294
vt 0.176904 0.838267
vt 0.200904 0.838267
vt 0.200904 0.843100
vt 0.176904 0.843100
vt 0.176904 0.827613
vt 0.176904 0.839556
vt 0.200904 0.839556
vt 0.200904 0.827613
vt 0.176904 0.843100
vt 0.200904 0.843100
vt 0.200904 0.853962
vt 0.176904 0.853962
vt 0.176904 0.839556
vt 0.176904 0.857665
vt 0.200904 0.857666
vt 0.200904 0.839556
vt 0.176904 0.853962
vt 0.200904 0.853962
vt 0.200904 0.870437
vt 0.176904 0.870437
vt 0.176904 0.857665
vt 0.176904 0.881245
vt 0.200904 0.881245
vt 0.200904 0.857666
vt 0.176904 0.870437
vt 0.200904 0.870437
vt 0.200904 0.891890
vt 0.176904 0.891890
vt 0.176904 0.881245
vt 0.176904 0.909388
vt 0.200904 0.909388
vt 0.200904 0.881245
vt 0.176904 0.891890
vt 0.200904 0.891890
vt 0.200904 0.917498
vt 0.176904 0.917498
vt 0.176904 0.909388
vt 0.176904 0.941013
vt 0.200904 0.941013
vt 0.200904 0.909388
vt 0.176904 0.917498
vt 0.200904 0.917498
vt 0.200904 0.946277
vt 0.176904 0.946277
vt 0.176904 0.941013
vt 0.176904 0.974905
vt 0.200904 0.974905
vt 0.200904 0.941013
vt 0.176904 0.946277
vt 0.200904 0.946277
vt 0.200904 0.977120
vt 0.176904 0.977120
vt 0.176904 0.974905
vt 0.176904 1.009761
vt 0.200904 1.009761
vt 0.200904 0.974905
vt 0.176904 0.977120
vt 0.200904 0.977120
vt 0.200904 1.008842
vt 0.176904 1.008842
vt 0.176904 1.009761
vt 0.176904 1.044242
vt 0.200904 1.044242
vt 0.200904 1.009761
vt 0.176904 1.008842
vt 0.200904 1.008842
vt 0.200904 1.040225
vt 0.176904 1.040225
vt 0.176904 1.044242
vt 0.176904 1.077023
vt 0.200904 1.077023
vt 0.200904 1.044242
vt 0.176904 1.040225
vt 0.200904 1.040225
vt 0.200904 1.070062
vt 0.176904 1.070062
vt 0.176904 1.077023
vt 0.176904 1.106844
vt 0.200904 1.106844
vt 0.200904 1.077023
vt 0.176904 1.070062
vt 0.200904 1.070062
vt 0.200904 1.097206
vt 0.176904 1.097206
vt 0.176904 1.106844
vt 0.176904 1.132559
vt 0.200904 1.132559
vt 0.200904 1.106844
vt 0.176904 1.097206
vt 0.200904 1.097206
vt 0.200904 1.120615
vt 0.176904 1.120615
vt 0.176904 1.132559
vt 0.176904 1.153180
vt 0.200904 1.153180
vt 0.200904 1.132559
vt 0.176904 1.120615
vt 0.200904 1.120615
vt 0.200904 1.139388
vt 0.176904 1.139388
vt 0.176904 1.153180
vt 0.176904 1.167915
vt 0.200904 1.167915
vt 0.200904 1.153180
vt 0.176904 1.139388
vt 0.200904 1.139388
vt 0.200904 1.152805
vt 0.176904 1.152805
vt 0.176904 1.167915
vt 0.176904 1.176196
vt 0.200904 1.176196
vt 0.200904 1.167915
vt 0.176904 1.152805
vt 0.200904 1.152805
vt 0.200904 1.160350
vt 0.176904 1.160350
vt 0.176904 1.176196
vt 0.176904 1.177706
vt 0.200904 1.177706
vt 0.200904 1.176196
vt 0.176904 1.160350
vt 0.200904 1.160350
vt 0.200904 1.161733
vt 0.176904 1.161733
vt 0.176904 1.177706
vt 0.176904 1.172388
vt 0.200904 1.172388
vt 0.200904 1.177706
vt 0.176904 1.161733
vt 0.200904 1.161733
vt 0.200904 1.156900
vt 0.176904 1.156900
vt 0.176904 1.172388
vt 0.176904 1.160444
vt 0.200904 1.160444
vt 0.200904 1.172388
vt 0.176904 1.156900
vt 0.200904 1.156900
vt 0.200904 1.146038
vt 0.176904 1.146038
vt 0.176904 1.160444
vt 0.176904 1.142335
vt 0.200904 1.142335
vt 0.200904 1.160444
vt 0.176904 1.146038
vt 0.200904 1.146038
vt 0.200904 1.129564
vt 0.176904 1.129564
vt 0.176904 1.142335
vt 0.176904 1.118755
vt 0.200904 1.118755
vt 0.200904 1.142335
vt 0.176904 1.129564
vt 0.200904 1.129564
vt 0.200904 1.108110
vt 0.176904 1.108110
vt 0.176904 1.118755
vt 0.176904 1.090613
vt 0.200904 1.090613
vt 0.200904 1.118755
vt 0.176904 1.108110
vt 0.200904 1.108110
vt 0.200904 1.082502
vt 0.176904 1.082502
vt 0.176904 1.090613
vt 0.176904 1.058987
vt 0.200904 1.058987
vt 0.200904 1.090613
vt 0.176904 1.082502
vt 0.200904 1.082502
vt 0.200904 1.053723
vt 0.176904 1.053723
vt 0.176904 1.058987
vt 0.176904 1.025096
vt 0.200904 1.025096
vt 0.200904 1.058987
vt 0.176904 1.053723
vt 0.200904 1.053723
vt 0.200904 1.022880
vt 0.176904 1.022880
vt 0.176904 1.025096
vt 0.176904 0.990239
vt 0.200904 0.990239
vt 0.200904 1.025096
vt 0.176904 1.022880
vt 0.200904 1.022880
vt 0.200904 0.991158
vt 0.176904 0.991158
vt 0.200904 0.990239
vt 0.200904 0.955758
vt 0.206904 0.956762
vt 0.206904 0.990469
vt 0.200904 0.991158
vt 0.206904 0.991388
vt 0.206904 0.960780
vt 0.200904 0.959775
vt 0.200904 0.955758
vt 0.200904 0.922977
vt 0.206904 0.924717
vt 0.206904 0.956762
vt 0.200904 0.959775
vt 0.206904 0.960780
vt 0.206904 0.931679
vt 0.200904 0.929939
vt 0.200904 0.922977
vt 0.200904 0.893156
vt 0.206904 0.895566
vt 0.206904 0.924717
vt 0.200904 0.929939
vt 0.206904 0.931679
vt 0.206904 0.905204
vt 0.200904 0.902794
vt 0.200904 0.893156
vt 0.200904 0.867441
vt 0.206904 0.870427
vt 0.206904 0.895566
vt 0.200904 0.902794
vt 0.206904 0.905204
vt 0.206904 0.882372
vt 0.200904 0.879385
vt 0.200904 0.867441
vt 0.200904 0.846820
vt 0.206904 0.850268
vt 0.206904 0.870427
vt 0.200904 0.879385
vt 0.206904 0.882372
vt 0.206904 0.864060
vt 0.200904 0.860612
vt 0.200904 0.846820
vt 0.200904 0.832085
vt 0.206904 0.835863
vt 0.206904 0.850268
vt 0.200904 0.860612
vt 0.206904 0.864060
vt 0.206904 0.850972
vt 0.200904 0.847195
vt 0.200904 0.832085
vt 0.200904 0.823804
vt 0.206904 0.827766
vt 0.206904 0.835863
vt 0.200904 0.847195
vt 0.206904 0.850972
vt 0.206904 0.843611
vt 0.200904 0.839650
vt 0.200904 0.823804
vt 0.200904 0.822294
vt 0.206904 0.826287
vt 0.206904 0.827766
vt 0.200904 0.839650
vt 0.206904 0.843611
vt 0.206904 0.842261
vt 0.200904 0.838267
vt 0.200904 0.822294
vt 0.200904 0.827613
vt 0.206904 0.831484
vt 0.206904 0.826287
vt 0.200904 0.838267
vt 0.206904 0.842261
vt 0.206904 0.846972
vt 0.200904 0.843100
vt 0.200904 0.827613
vt 0.200904 0.839556
vt 0.206904 0.843158
vt 0.206904 0.831484
vt 0.200904 0.843100
vt 0.206904 0.846972
vt 0.206904 0.857564
vt 0.200904 0.853962
vt 0.200904 0.839556
vt 0.200904 0.857666
vt 0.206904 0.860858
vt 0.206904 0.843158
vt 0.200904 0.853962
vt 0.206904 0.857564
vt 0.206904 0.873630
vt 0.200904 0.870437
vt 0.200904 0.857666
vt 0.200904 0.881245
vt 0.206904 0.883906
vt 0.206904 0.860858
vt 0.200904 0.870437
vt 0.206904 0.873630
vt 0.206904 0.894552
vt 0.200904 0.891890
vt 0.200904 0.881245
vt 0.200904 0.909388
vt 0.206904 0.911415
vt 0.206904 0.883906
vt 0.200904 0.891890
vt 0.206904 0.894552
vt 0.206904 0.919526
vt 0.200904 0.917498
vt 0.200904 0.909388
vt 0.200904 0.941013
vt 0.206904 0.942329
vt 0.206904 0.911415
vt 0.200904 0.917498
vt 0.206904 0.919526
vt 0.206904 0.947593
vt 0.200904 0.946277
vt 0.200904 0.941013
vt 0.200904 0.974905
vt 0.206904 0.975458
vt 0.206904 0.942329
vt 0.200904 0.946277
vt 0.206904 0.947593
vt 0.206904 0.977674
vt 0.200904 0.977120
vt 0.200904 0.974905
vt 0.200904 1.009761
vt 0.206904 1.009531
vt 0.206904 0.975458
vt 0.200904 0.977120
vt 0.206904 0.977674
vt 0.206904 1.008613
vt 0.200904 1.008842
vt 0.200904 1.009761
vt 0.200904 1.044242
vt 0.206904 1.043238
vt 0.206904 1.009531
vt 0.200904 1.008842
vt 0.206904 1.008613
vt 0.206904 1.039221
vt 0.200904 1.040225
vt 0.200904 1.044242
vt 0.200904 1.077023
vt 0.206904 1.075283
vt 0.206904 1.043238
vt 0.200904 1.040225
vt 0.206904 1.039221
vt 0.206904 1.068321
vt 0.200904 1.070062
vt 0.200904 1.077023
vt 0.200904 1.106844
vt 0.206904 1.104435
vt 0.206904 1.075283
vt 0.200904 1.070062
vt 0.206904 1.068321
vt 0.206904 1.094796
vt 0.200904 1.097206
vt 0.200904 1.106844
vt 0.200904 1.132559
vt 0.206904 1.129573
vt 0.206904 1.104435
vt 0.200904 1.097206
vt 0.206904 1.094796
vt 0.206904 1.117629
vt 0.200904 1.120615
vt 0.200904 1.132559
vt 0.200904 1.153180
vt 0.206904 1.149732
vt 0.206904 1.129573
vt 0.200904 1.120615
vt 0.206904 1.117629
vt 0.206904 1.135940
vt 0.200904 1.139388
vt 0.200904 1.153180
vt 0.200904 1.167915
vt 0.206904 1.164137
vt 0.206904 1.149732
vt 0.200904 1.139388
vt 0.206904 1.135940
vt 0.206904 1.149028
vt 0.200904 1.152805
vt 0.200904 1.167915
vt 0.200904 1.176196
vt 0.206904 1.172235
vt 0.206904 1.164137
vt 0.200904 1.152805
vt 0.206904 1.149028
vt 0.206904 1.156389
vt 0.200904 1.160350
vt 0.200904 1.176196
vt 0.200904 1.177706
vt 0.206904 1.173713
vt 0.206904 1.172235
vt 0.200904 1.160350
vt 0.206904 1.156389
vt 0.206904 1.157739
vt 0.200904 1.161733
vt 0.200904 1.177706
vt 0.200904 1.172388
vt 0.206904 1.168516
vt 0.206904 1.173713
vt 0.200904 1.161733
vt 0.206904 1.157739
vt 0.206904 1.153028
vt 0.200904 1.156900
vt 0.200904 1.172388
vt 0.200904 1.160444
vt 0.206904 1.156842
vt 0.206904 1.168516
vt 0.200904 1.156900
vt 0.206904 1.153028
vt 0.206904 1.142436
vt 0.200904 1.146038
vt 0.200904 1.160444
vt 0.200904 1.142335
vt 0.206904 1.139142
vt 0.206904 1.156842
vt 0.200904 1.146038
vt 0.206904 1.142436
vt 0.206904 1.126371
vt 0.200904 1.129564
vt 0.200904 1.142335
vt 0.200904 1.118755
vt 0.206904 1.116094
vt 0.206904 1.139142
vt 0.200904 1.129564
vt 0.206904 1.126371
vt 0.206904 1.105449
vt 0.200904 1.108110
vt 0.200904 1.118755
vt 0.200904 1.090613
vt 0.206904 1.088585
vt 0.206904 1.116094
vt 0.200904 1.108110
vt 0.206904 1.105449
vt 0.206904 1.080474
vt 0.200904 1.082502
vt 0.200904 1.090613
vt 0.200904 1.058987
vt 0.206904 1.057672
vt 0.206904 1.088585
vt 0.200904 1.082502
vt 0.206904 1.080474
vt 0.206904 1.052407
vt 0.200904 1.053723
vt 0.200904 1.058987
vt 0.200904 1.025096
vt 0.206904 1.024542
vt 0.206904 1.057672
vt 0.200904 1.053723
vt 0.206904 1.052407
vt 0.206904 1.022326
vt 0.200904 1.022880
vt 0.200904 1.025096
vt 0.200904 0.990239
vt 0.206904 0.990469
vt 0.206904 1.024542
vt 0.200904 1.022880
vt 0.206904 1.022326
vt 0.206904 0.991388
vt 0.200904 0.991158
vt -0.082863 1.004766
vt -0.074876 1.004306
vt -0.072553 1.019610
vt -0.080296 1.021619
vt 0.082863 1.004766
vt 0.080296 1.021619
vt 0.072553 1.019610
vt 0.074876 1.004306
vt -0.080296 1.021619
vt -0.072553 1.019610
vt -0.067441 1.034161
vt -0.074644 1.037641
vt 0.080296 1.021619
vt 0.074644 1.037641
vt 0.067441 1.034161
vt 0.072553 1.019610
vt -0.074644 1.037641
vt -0.067441 1.034161
vt -0.059737 1.047398
vt -0.066123 1.052217
vt 0.074644 1.037641
vt 0.066123 1.052217
vt 0.059737 1.047398
vt 0.067441 1.034161
vt -0.066123 1.052217
vt -0.059737 1.047398
vt -0.049738 1.058814
vt -0.055061 1.064787
vt 0.066123 1.052217
vt 0.055061 1.064787
vt 0.049738 1.058814
vt 0.059737 1.047398
vt -0.055061 1.064787
vt -0.049738 1.058814
vt -0.037828 1.067970
vt -0.041883 1.074866
vt 0.055061 1.064787
vt 0.041883 1.074866
vt 0.037828 1.067970
vt 0.049738 1.058814
vt -0.041883 1.074866
vt -0.037828 1.067970
vt -0.024463 1.074514
vt -0.027095 1.082069
vt 0.041883 1.074866
vt 0.027095 1.082069
vt 0.024463 1.074514
vt 0.037828 1.067970
vt -0.027095 1.082069
vt -0.024463 1.074514
vt -0.010159 1.078194
vt -0.011267 1.086117
vt 0.027095 1.082069
vt 0.011267 1.086117
vt 0.010159 1.078194
vt 0.024463 1.074514
vt -0.011267 1.086117
vt -0.010159 1.078194
vt 0.004536 1.078870
vt 0.004995 1.086856
vt 0.011267 1.086117
vt -0.004995 1.086856
vt -0.004536 1.078870
vt 0.010159 1.078194
vt 0.004995 1.086856
vt 0.004536 1.078870
vt 0.019056 1.076514
vt 0.021065 1.084258
vt -0.004995 1.086856
vt -0.021065 1.084258
vt -0.019056 1.076514
vt -0.004536 1.078870
vt 0.021065 1.084258
vt 0.019056 1.076514
vt 0.032845 1.071218
vt 0.036325 1.078421
vt -0.021065 1.084258
vt -0.036325 1.078421
vt -0.032845 1.071218
vt -0.019056 1.076514
vt 0.036325 1.078421
vt 0.032845 1.071218
vt 0.045371 1.063185
vt 0.050190 1.069571
vt -0.036325 1.078421
vt -0.050190 1.069571
vt -0.045371 1.063185
vt -0.032845 1.071218
vt 0.050190 1.069571
vt 0.045371 1.063185
vt 0.056153 1.052724
vt 0.062125 1.058047
vt -0.050190 1.069571
vt -0.062125 1.058047
vt -0.056153 1.052724
vt -0.045371 1.063185
vt 0.062125 1.058047
vt 0.056153 1.052724
vt 0.064777 1.040237
vt 0.071673 1.044292
vt -0.062125 1.058047
vt -0.071673 1.044292
vt -0.064777 1.040237
vt -0.056153 1.052724
vt 0.071673 1.044292
vt 0.064777 1.040237
vt 0.070912 1.026204
vt 0.078467 1.028836
vt -0.071673 1.044292
vt -0.078467 1.028836
vt -0.070912 1.026204
vt -0.064777 1.040237
vt 0.078467 1.028836
vt 0.070912 1.026204
vt 0.074322 1.011163
vt 0.082245 1.012271
vt -0.078467 1.028836
vt -0.082245 1.012271
vt -0.074322 1.011163
vt -0.070912 1.026204
vt 0.082245 1.012271
vt 0.074322 1.011163
vt 0.074876 0.995694
vt 0.082863 0.995234
vt -0.082245 1.012271
vt -0.082863 0.995234
vt -0.074876 0.995694
vt -0.074322 1.011163
vt 0.082863 0.995234
vt 0.074876 0.995694
vt 0.072553 0.980390
vt 0.080296 0.978381
vt -0.082863 0.995234
vt -0.080296 0.978381
vt -0.072553 0.980390
vt -0.074876 0.995694
vt 0.080296 0.978381
vt 0.072553 0.980390
vt 0.067441 0.965839
vt 0.074644 0.962359
vt -0.080296 0.978381
vt -0.074644 0.962359
vt -0.067441 0.965839
vt -0.072553 0.980390
vt 0.074644 0.962359
vt 0.067441 0.965839
vt 0.059737 0.952602
vt 0.066123 0.947783
vt -0.074644 0.962359
vt -0.066123 0.947783
vt -0.059737 0.952602
vt -0.067441 0.965839
vt 0.066123 0.947783
vt 0.059737 0.952602
vt 0.049738 0.941186
vt 0.055061 0.935213
vt -0.066123 0.947783
vt -0.055061 0.935213
vt -0.049738 0.941186
vt -0.059737 0.952602
vt 0.055061 0.935213
vt 0.049738 0.941186
vt 0.037828 0.932030
vt 0.041883 0.925134
vt -0.055061 0.935213
vt -0.041883 0.925134
vt -0.037828 0.932030
vt -0.049738 0.941186
vt 0.041883 0.925134
vt 0.037828 0.932030
vt 0.024463 0.925486
vt 0.027095 0.917931
vt -0.041883 0.925134
vt -0.027095 0.917931
vt -0.024463 0.925486
vt -0.037828 0.932030
vt 0.027095 0.917931
vt 0.024463 0.925486
vt 0.010159 0.921806
vt 0.011267 0.913883
vt -0.027095 0.917931
vt -0.011267 0.913883
vt -0.010159 0.921806
vt -0.024463 0.925486
vt 0.011267 0.913883
vt 0.010159 0.921806
vt -0.004536 0.921130
vt -0.004995 0.913144
vt -0.011267 0.913883
vt 0.004995 0.913144
vt 0.004536 0.921130
vt -0.010159 0.921806
vt -0.004995 0.913144
vt -0.004536 0.921130
vt -0.019056 0.923486
vt -0.021065 0.915742
vt 0.004995 0.913144
vt 0.021065 0.915742
vt 0.019056 0.923486
vt 0.004536 0.921130
vt -0.021065 0.915742
vt -0.019056 0.923486
vt -0.032845 0.928782
vt -0.036325 0.921579
vt 0.021065 0.915742
vt 0.036325 0.921579
vt 0.032845 0.928782
vt 0.019056 0.923486
vt -0.036325 0.921579
vt -0.032845 0.928782
vt -0.045371 0.936815
vt -0.050190 0.930429
vt 0.036325 0.921579
vt 0.050190 0.930429
vt 0.045371 0.936815
vt 0.032845 0.928782
vt -0.050190 0.930429
vt -0.045371 0.936815
vt -0.056153 0.947276
vt -0.062125 0.941953
vt 0.050190 0.930429
vt 0.062125 0.941953
vt 0.056153 0.947276
vt 0.045371 0.936815
vt -0.062125 0.941953
vt -0.056153 0.947276
vt -0.064777 0.959763
vt -0.071673 0.955708
vt 0.062125 0.941953
vt 0.071673 0.955708
vt 0.064777 0.959763
vt 0.056153 0.947276
vt -0.071673 0.955708
vt -0.064777 0.959763
vt -0.070912 0.973796
vt -0.078467 0.971164
vt 0.071673 0.955708
vt 0.078467 0.971164
vt 0.070912 0.973796
vt 0.064777 0.959763
vt -0.078467 0.971164
vt -0.070912 0.973796
vt -0.074322 0.988837
vt -0.082245 0.987729
vt 0.078467 0.971164
vt 0.082245 0.987729
vt 0.074322 0.988837
vt 0.070912 0.973796
vt -0.082245 0.987729
vt -0.074322 0.988837
vt -0.074876 1.004306
vt -0.082863 1.004766
vt 0.082245 0.987729
vt 0.082863 1.004766
vt 0.074876 1.004306
vt 0.074322 0.988837
vt 0.085452 0.917364
vt 0.088452 0.915373
vt 0.088452 0.923338
vt 0.085452 0.925329
vt -0.085452 0.925329
vt -0.088452 0.923338
vt -0.088452 0.915373
vt -0.085452 0.917364
vt 0.088452 0.915374
vt 0.100452 0.915374
vt 0.100452 0.923338
vt 0.088452 0.923338
vt -0.088452 0.923338
vt -0.100452 0.923338
vt -0.100452 0.915374
vt -0.088452 0.915374
vt 0.100452 0.915374
vt 0.103452 0.917365
vt 0.103452 0.925330
vt 0.100452 0.923338
vt -0.100452 0.923338
vt -0.103452 0.925330
vt -0.103452 0.917365
vt -0.100452 0.915374
vt 0.424476 0.990469
vt 0.424476 0.956762
vt 0.430476 0.955758
vt 0.430476 0.990239
vt 0.424476 0.991388
vt 0.430476 0.991158
vt 0.430476 0.959775
vt 0.424476 0.960780
vt 0.424476 0.956762
vt 0.424476 0.924717
vt 0.430476 0.922977
vt 0.430476 0.955758
vt 0.424476 0.960780
vt 0.430476 0.959775
vt 0.430476 0.929939
vt 0.424476 0.931679
vt 0.424476 0.924717
vt 0.424476 0.895566
vt 0.430476 0.893156
vt 0.430476 0.922977
vt 0.424476 0.931679
vt 0.430476 0.929939
vt 0.430476 0.902794
vt 0.424476 0.905204
vt 0.424476 0.895566
vt 0.424476 0.870427
vt 0.430476 0.867441
vt 0.430476 0.893156
vt 0.424476 0.905204
vt 0.430476 0.902794
vt 0.430476 0.879386
vt 0.424476 0.882372
vt 0.424476 0.870427
vt 0.424476 0.850268
vt 0.430476 0.846820
vt 0.430476 0.867441
vt 0.424476 0.882372
vt 0.430476 0.879386
vt 0.430476 0.860612
vt 0.424476 0.864060
vt 0.424476 0.850268
vt 0.424476 0.835863
vt 0.430476 0.832086
vt 0.430476 0.846820
vt 0.424476 0.864060
vt 0.430476 0.860612
vt 0.430476 0.847195
vt 0.424476 0.850972
vt 0.424476 0.835863
vt 0.424476 0.827766
vt 0.430476 0.823804
vt 0.430476 0.832086
vt 0.424476 0.850972
vt 0.430476 0.847195
vt 0.430476 0.839650
vt 0.424476 0.843612
vt 0.424476 0.827766
vt 0.424476 0.826287
vt 0.430476 0.822294
vt 0.430476 0.823804
vt 0.424476 0.843612
vt 0.430476 0.839650
vt 0.430476 0.838267
vt 0.424476 0.842261
vt 0.424476 0.826287
vt 0.424476 0.831485
vt 0.430476 0.827613
vt 0.430476 0.822294
vt 0.424476 0.842261
vt 0.430476 0.838267
vt 0.430476 0.843100
vt 0.424476 0.846972
vt 0.424476 0.831485
vt 0.424476 0.843158
vt 0.430476 0.839556
vt 0.430476 0.827613
vt 0.424476 0.846972
vt 0.430476 0.843100
vt 0.430476 0.853962
vt 0.424476 0.857564
vt 0.424476 0.843158
vt 0.424476 0.860858
vt 0.430476 0.857666
vt 0.430476 0.839556
vt 0.424476 0.857564
vt 0.430476 0.853962
vt 0.430476 0.870437
vt 0.424476 0.873630
vt 0.424476 0.860858
vt 0.424476 0.883906
vt 0.430476 0.881245
vt 0.430476 0.857666
vt 0.424476 0.873630
vt 0.430476 0.870437
vt 0.430476 0.891890
vt 0.424476 0.894552
vt 0.424476 0.883906
vt 0.424476 0.911415
vt 0.430476 0.909388
vt 0.430476 0.881245
vt 0.424476 0.894552
vt 0.430476 0.891890
vt 0.430476 0.917498
vt 0.424476 0.919526
vt 0.424476 0.911415
vt 0.424476 0.942329
vt 0.430476 0.941013
vt 0.430476 0.909388
vt 0.424476 0.919526
vt 0.430476 0.917498
vt 0.430476 0.946277
vt 0.424476 0.947593
vt 0.424476 0.942329
vt 0.424476 0.975459
vt 0.430476 0.974905
vt 0.430476 0.941013
vt 0.424476 0.947593
vt 0.430476 0.946277
vt 0.430476 0.977120
vt 0.424476 0.977674
vt 0.424476 0.975459
vt 0.424476 1.009531
vt 0.430476 1.009761
vt 0.430476 0.974905
vt 0.424476 0.977674
vt 0.430476 0.977120
vt 0.430476 1.008842
vt 0.424476 1.008613
vt 0.424476 1.009531
vt 0.424475 1.043238
vt 0.430476 1.044242
vt 0.430476 1.009761
vt 0.424476 1.008613
vt 0.430476 1.008842
vt 0.430476 1.040225
vt 0.424475 1.039221
vt 0.424475 1.043238
vt 0.424475 1.075283
vt 0.430475 1.077023
vt 0.430476 1.044242
vt 0.424475 1.039221
vt 0.430476 1.040225
vt 0.430475 1.070062
vt 0.424475 1.068321
vt 0.424475 1.075283
vt 0.424475 1.104435
vt 0.430475 1.106844
vt 0.430475 1.077023
vt 0.424475 1.068321
vt 0.430475 1.070062
vt 0.430475 1.097206
vt 0.424475 1.094797
vt 0.424475 1.104435
vt 0.424475 1.129573
vt 0.430475 1.132560
vt 0.430475 1.106844
vt 0.424475 1.094797
vt 0.430475 1.097206
vt 0.430475 1.120615
vt 0.424475 1.117629
vt 0.424475 1.129573
vt 0.424475 1.149732
vt 0.430475 1.153180
vt 0.430475 1.132560
vt 0.424475 1.117629
vt 0.430475 1.120615
vt 0.430475 1.139389
vt 0.424475 1.135941
vt 0.424475 1.149732
vt 0.424475 1.164137
vt 0.430475 1.167915
vt 0.430475 1.153180
vt 0.424475 1.135941
vt 0.430475 1.139389
vt 0.430475 1.152806
vt 0.424475 1.149028
vt 0.424475 1.164137
vt 0.424475 1.172235
vt 0.430475 1.176196
vt 0.430475 1.167915
vt 0.424475 1.149028
vt 0.430475 1.152806
vt 0.430475 1.160350
vt 0.424475 1.156389
vt 0.424475 1.172235
vt 0.424475 1.173713
vt 0.430475 1.177707
vt 0.430475 1.176196
vt 0.424475 1.156389
vt 0.430475 1.160350
vt 0.430475 1.161733
vt 0.424475 1.157740
vt 0.424475 1.173713
vt 0.424475 1.168516
vt 0.430475 1.172388
vt 0.430475 1.177707
vt 0.424475 1.157740
vt 0.430475 1.161733
vt 0.430475 1.156900
vt 0.424475 1.153028
vt 0.424475 1.168516
vt 0.424475 1.156843
vt 0.430475 1.160444
vt 0.430475 1.172388
vt 0.424475 1.153028
vt 0.430475 1.156900
vt 0.430475 1.146038
vt 0.424475 1.142437
vt 0.424475 1.156843
vt 0.424475 1.139142
vt 0.430475 1.142335
vt 0.430475 1.160444
vt 0.424475 1.142437
vt 0.430475 1.146038
vt 0.430475 1.129564
vt 0.424475 1.126371
vt 0.424475 1.139142
vt 0.424475 1.116094
vt 0.430475 1.118756
vt 0.430475 1.142335
vt 0.424475 1.126371
vt 0.430475 1.129564
vt 0.430475 1.108110
vt 0.424475 1.105449
vt 0.424475 1.116094
vt 0.424475 1.088585
vt 0.430475 1.090613
vt 0.430475 1.118756
vt 0.424475 1.105449
vt 0.430475 1.108110
vt 0.430475 1.082502
vt 0.424475 1.080474
vt 0.424475 1.088585
vt 0.424475 1.057672
vt 0.430475 1.058988
vt 0.430475 1.090613
vt 0.424475 1.080474
vt 0.430475 1.082502
vt 0.430476 1.053724
vt 0.424475 1.052408
vt 0.424475 1.057672
vt 0.424475 1.024542
vt 0.430476 1.025096
vt 0.430475 1.058988
vt 0.424475 1.052408
vt 0.430476 1.053724
vt 0.430476 1.022880
vt 0.424475 1.022327
vt 0.424475 1.024542
vt 0.424476 0.990469
vt 0.430476 0.990239
vt 0.430476 1.025096
vt 0.424475 1.022327
vt 0.430476 1.022880
vt 0.430476 0.991158
vt 0.424476 0.991388
vt 0.430476 0.990239
vt 0.430476 0.955758
vt 0.454476 0.955758
vt 0.454476 0.990239
vt 0.430476 0.991158
vt 0.454476 0.991158
vt 0.454476 0.959775
vt 0.430476 0.959775
vt 0.430476 0.955758
vt 0.430476 0.922977
vt 0.454476 0.922977
vt 0.454476 0.955758
vt 0.430476 0.959775
vt 0.454476 0.959775
vt 0.454476 0.929939
vt 0.430476 0.929939
vt 0.430476 0.922977
vt 0.430476 0.893156
vt 0.454476 0.893156
vt 0.454476 0.922977
vt 0.430476 0.929939
vt 0.454476 0.929939
vt 0.454476 0.902794
vt 0.430476 0.902794
vt 0.430476 0.893156
vt 0.430476 0.867441
vt 0.454476 0.867441
vt 0.454476 0.893156
vt 0.430476 0.902794
vt 0.454476 0.902794
vt 0.454476 0.879386
vt 0.430476 0.879386
vt 0.430476 0.867441
vt 0.430476 0.846820
vt 0.454476 0.846820
vt 0.454476 0.867441
vt 0.430476 0.879386
vt 0.454476 0.879386
vt 0.454476 0.860612
vt 0.430476 0.860612
vt 0.430476 0.846820
vt 0.430476 0.832086
vt 0.454476 0.832086
vt 0.454476 0.846820
vt 0.430476 0.860612
vt 0.454476 0.860612
vt 0.454476 0.847195
vt 0.430476 0.847195
vt 0.430476 0.832086
vt 0.430476 0.823804
vt 0.454476 0.823804
vt 0.454476 0.832086
vt 0.430476 0.847195
vt 0.454476 0.847195
vt 0.454476 0.839650
vt 0.430476 0.839650
vt 0.430476 0.823804
vt 0.430476 0.822294
vt 0.454476 0.822294
vt 0.454476 0.823804
vt 0.430476 0.839650
vt 0.454476 0.839650
vt 0.454476 0.838268
vt 0.430476 0.838267
vt 0.430476 0.822294
vt 0.430476 0.827613
vt 0.454476 0.827613
vt 0.454476 0.822294
vt 0.430476 0.838267
vt 0.454476 0.838268
vt 0.454476 0.843100
vt 0.430476 0.843100
vt 0.430476 0.827613
vt 0.430476 0.839556
vt 0.454476 0.839556
vt 0.454476 0.827613
vt 0.430476 0.843100
vt 0.454476 0.843100
vt 0.454476 0.853962
vt 0.430476 0.853962
vt 0.430476 0.839556
vt 0.430476 0.857666
vt 0.454476 0.857666
vt 0.454476 0.839556
vt 0.430476 0.853962
vt 0.454476 0.853962
vt 0.454476 0.870437
vt 0.430476 0.870437
vt 0.430476 0.857666
vt 0.430476 0.881245
vt 0.454476 0.881245
vt 0.454476 0.857666
vt 0.430476 0.870437
vt 0.454476 0.870437
vt 0.454476 0.891890
vt 0.430476 0.891890
vt 0.430476 0.881245
vt 0.430476 0.909388
vt 0.454476 0.909388
vt 0.454476 0.881245
vt 0.430476 0.891890
vt 0.454476 0.891890
vt 0.454476 0.917498
vt 0.430476 0.917498
vt 0.430476 0.909388
vt 0.430476 0.941013
vt 0.454476 0.941013
vt 0.454476 0.909388
vt 0.430476 0.917498
vt 0.454476 0.917498
vt 0.454476 0.946277
vt 0.430476 0.946277
vt 0.430476 0.941013
vt 0.430476 0.974905
vt 0.454476 0.974905
vt 0.454476 0.941013
vt 0.430476 0.946277
vt 0.454476 0.946277
vt 0.454476 0.977120
vt 0.430476 0.977120
vt 0.430476 0.974905
vt 0.430476 1.009761
vt 0.454476 1.009761
vt 0.454476 0.974905
vt 0.430476 0.977120
vt 0.454476 0.977120
vt 0.454476 1.008842
vt 0.430476 1.008842
vt 0.430476 1.009761
vt 0.430476 1.044242
vt 0.454475 1.044242
vt 0.454476 1.009761
vt 0.430476 1.008842
vt 0.454476 1.008842
vt 0.454475 1.040225
vt 0.430476 1.040225
vt 0.430476 1.044242
vt 0.430475 1.077023
vt 0.454475 1.077023
vt 0.454475 1.044242
vt 0.430476 1.040225
vt 0.454475 1.040225
vt 0.454475 1.070062
vt 0.430475 1.070062
vt 0.430475 1.077023
vt 0.430475 1.106844
vt 0.454475 1.106844
vt 0.454475 1.077023
vt 0.430475 1.070062
vt 0.454475 1.070062
vt 0.454475 1.097206
vt 0.430475 1.097206
vt 0.430475 1.106844
vt 0.430475 1.132560
vt 0.454475 1.132560
vt 0.454475 1.106844
vt 0.430475 1.097206
vt 0.454475 1.097206
vt 0.454475 1.120615
vt 0.430475 1.120615
vt 0.430475 1.132560
vt 0.430475 1.153180
vt 0.454475 1.153180
vt 0.454475 1.132560
vt 0.430475 1.120615
vt 0.454475 1.120615
vt 0.454475 1.139389
vt 0.430475 1.139389
vt 0.430475 1.153180
vt 0.430475 1.167915
vt 0.454475 1.167915
vt 0.454475 1.153180
vt 0.430475 1.139389
vt 0.454475 1.139389
vt 0.454475 1.152806
vt 0.430475 1.152806
vt 0.430475 1.167915
vt 0.430475 1.176196
vt 0.454475 1.176196
vt 0.454475 1.167915
vt 0.430475 1.152806
vt 0.454475 1.152806
vt 0.454475 1.160350
vt 0.430475 1.160350
vt 0.430475 1.176196
vt 0.430475 1.177707
vt 0.454475 1.177707
vt 0.454475 1.176196
vt 0.430475 1.160350
vt 0.454475 1.160350
vt 0.454475 1.161733
vt 0.430475 1.161733
vt 0.430475 1.177707
vt 0.430475 1.172388
vt 0.454475 1.172388
vt 0.454475 1.177707
vt 0.430475 1.161733
vt 0.454475 1.161733
vt 0.454475 1.156900
vt 0.430475 1.156900
vt 0.430475 1.172388
vt 0.430475 1.160444
vt 0.454475 1.160444
vt 0.454475 1.172388
vt 0.430475 1.156900
vt 0.454475 1.156900
vt 0.454475 1.146038
vt 0.430475 1.146038
vt 0.430475 1.160444
vt 0.430475 1.142335
vt 0.454475 1.142335
vt 0.454475 1.160444
vt 0.430475 1.146038
vt 0.454475 1.146038
vt 0.454475 1.129564
vt 0.430475 1.129564
vt 0.430475 1.142335
vt 0.430475 1.118756
vt 0.454475 1.118756
vt 0.454475 1.142335
vt 0.430475 1.129564
vt 0.454475 1.129564
vt 0.454475 1.108110
vt 0.430475 1.108110
vt 0.430475 1.118756
vt 0.430475 1.090613
vt 0.454475 1.090613
vt 0.454475 1.118756
vt 0.430475 1.108110
vt 0.454475 1.108110
vt 0.454475 1.082502
vt 0.430475 1.082502
vt 0.430475 1.090613
vt 0.430475 1.058988
vt 0.454475 1.058988
vt 0.454475 1.090613
vt 0.430475 1.082502
vt 0.454475 1.082502
vt 0.454475 1.053724
vt 0.430476 1.053724
vt 0.430475 1.058988
vt 0.430476 1.025096
vt 0.454475 1.025096
vt 0.454475 1.058988
vt 0.430476 1.053724
vt 0.454475 1.053724
vt 0.454475 1.022880
vt 0.430476 1.022880
vt 0.430476 1.025096
vt 0.430476 0.990239
vt 0.454476 0.990239
vt 0.454475 1.025096
vt 0.430476 1.022880
vt 0.454475 1.022880
vt 0.454476 0.991158
vt 0.430476 0.991158
vt 0.454476 0.990239
vt 0.454476 0.955758
vt 0.460476 0.956762
vt 0.460476 0.990469
vt 0.454476 0.991158
vt 0.460476 0.991388
vt 0.460476 0.960780
vt 0.454476 0.959775
vt 0.454476 0.955758
vt 0.454476 0.922977
vt 0.460476 0.924717
vt 0.460476 0.956762
vt 0.454476 0.959775
vt 0.460476 0.960780
vt 0.460476 0.931679
vt 0.454476 0.929939
vt 0.454476 0.922977
vt 0.454476 0.893156
vt 0.460476 0.895566
vt 0.460476 0.924717
vt 0.454476 0.929939
vt 0.460476 0.931679
vt 0.460476 0.905204
vt 0.454476 0.902794
vt 0.454476 0.893156
vt 0.454476 0.867441
vt 0.460476 0.870427
vt 0.460476 0.895566
vt 0.454476 0.902794
vt 0.460476 0.905204
vt 0.460476 0.882372
vt 0.454476 0.879386
vt 0.454476 0.867441
vt 0.454476 0.846820
vt 0.460476 0.850268
vt 0.460476 0.870427
vt 0.454476 0.879386
vt 0.460476 0.882372
vt 0.460476 0.864060
vt 0.454476 0.860612
vt 0.454476 0.846820
vt 0.454476 0.832086
vt 0.460476 0.835863
vt 0.460476 0.850268
vt 0.454476 0.860612
vt 0.460476 0.864060
vt 0.460476 0.850972
vt 0.454476 0.847195
vt 0.454476 0.832086
vt 0.454476 0.823804
vt 0.460476 0.827766
vt 0.460476 0.835863
vt 0.454476 0.847195
vt 0.460476 0.850972
vt 0.460476 0.843612
vt 0.454476 0.839650
vt 0.454476 0.823804
vt 0.454476 0.822294
vt 0.460476 0.826287
vt 0.460476 0.827766
vt 0.454476 0.839650
vt 0.460476 0.843612
vt 0.460476 0.842261
vt 0.454476 0.838268
vt 0.454476 0.822294
vt 0.454476 0.827613
vt 0.460476 0.831485
vt 0.460476 0.826287
vt 0.454476 0.838268
vt 0.460476 0.842261
vt 0.460476 0.846972
vt 0.454476 0.843100
vt 0.454476 0.827613
vt 0.454476 0.839556
vt 0.460476 0.843158
vt 0.460476 0.831485
vt 0.454476 0.843100
vt 0.460476 0.846972
vt 0.460476 0.857564
vt 0.454476 0.853962
vt 0.454476 0.839556
vt 0.454476 0.857666
vt 0.460476 0.860858
vt 0.460476 0.843158
vt 0.454476 0.853962
vt 0.460476 0.857564
vt 0.460476 0.873630
vt 0.454476 0.870437
vt 0.454476 0.857666
vt 0.454476 0.881245
vt 0.460476 0.883906
vt 0.460476 0.860858
vt 0.454476 0.870437
vt 0.460476 0.873630
vt 0.460476 0.894552
vt 0.454476 0.891890
vt 0.454476 0.881245
vt 0.454476 0.909388
vt 0.460476 0.911415
vt 0.460476 0.883906
vt 0.454476 0.891890
vt 0.460476 0.894552
vt 0.460476 0.919526
vt 0.454476 0.917498
vt 0.454476 0.909388
vt 0.454476 0.941013
vt 0.460476 0.942329
vt 0.460476 0.911415
vt 0.454476 0.917498
vt 0.460476 0.919526
vt 0.460476 0.947593
vt 0.454476 0.946277
vt 0.454476 0.941013
vt 0.454476 0.974905
vt 0.460476 0.975459
vt 0.460476 0.942329
vt 0.454476 0.946277
vt 0.460476 0.947593
vt 0.460476 0.977674
vt 0.454476 0.977120
vt 0.454476 0.974905
vt 0.454476 1.009761
vt 0.460476 1.009531
vt 0.460476 0.975459
vt 0.454476 0.977120
vt 0.460476 0.977674
vt 0.460476 1.008613
vt 0.454476 1.008842
vt 0.454476 1.009761
vt 0.454475 1.044242
vt 0.460476 1.043238
vt 0.460476 1.009531
vt 0.454476 1.008842
vt 0.460476 1.008613
vt 0.460476 1.039221
vt 0.454475 1.040225
vt 0.454475 1.044242
vt 0.454475 1.077023
vt 0.460475 1.075283
vt 0.460476 1.043238
vt 0.454475 1.040225
vt 0.460476 1.039221
vt 0.460475 1.068321
vt 0.454475 1.070062
vt 0.454475 1.077023
vt 0.454475 1.106844
vt 0.460475 1.104435
vt 0.460475 1.075283
vt 0.454475 1.070062
vt 0.460475 1.068321
vt 0.460475 1.094797
vt 0.454475 1.097206
vt 0.454475 1.106844
vt 0.454475 1.132560
vt 0.460475 1.129573
vt 0.460475 1.104435
vt 0.454475 1.097206
vt 0.460475 1.094797
vt 0.460475 1.117629
vt 0.454475 1.120615
vt 0.454475 1.132560
vt 0.454475 1.153180
vt 0.460475 1.149732
vt 0.460475 1.129573
vt 0.454475 1.120615
vt 0.460475 1.117629
vt 0.460475 1.135941
vt 0.454475 1.139389
vt 0.454475 1.153180
vt 0.454475 1.167915
vt 0.460475 1.164137
vt 0.460475 1.149732
vt 0.454475 1.139389
vt 0.460475 1.135941
vt 0.460475 1.149028
vt 0.454475 1.152806
vt 0.454475 1.167915
vt 0.454475 1.176196
vt 0.460475 1.172235
vt 0.460475 1.164137
vt 0.454475 1.152806
vt 0.460475 1.149028
vt 0.460475 1.156389
vt 0.454475 1.160350
vt 0.454475 1.176196
vt 0.454475 1.177707
vt 0.460475 1.173713
vt 0.460475 1.172235
vt 0.454475 1.160350
vt 0.460475 1.156389
vt 0.460475 1.157740
vt 0.454475 1.161733
vt 0.454475 1.177707
vt 0.454475 1.172388
vt 0.460475 1.168516
vt 0.460475 1.173713
vt 0.454475 1.161733
vt 0.460475 1.157740
vt 0.460475 1.153028
vt 0.454475 1.156900
vt 0.454475 1.172388
vt 0.454475 1.160444
vt 0.460475 1.156843
vt 0.460475 1.168516
vt 0.454475 1.156900
vt 0.460475 1.153028
vt 0.460475 1.142437
vt 0.454475 1.146038
vt 0.454475 1.160444
vt 0.454475 1.142335
vt 0.460475 1.139142
vt 0.460475 1.156843
vt 0.454475 1.146038
vt 0.460475 1.142437
vt 0.460475 1.126371
vt 0.454475 1.129564
vt 0.454475 1.142335
vt 0.454475 1.118756
vt 0.460475 1.116094
vt 0.460475 1.139142
vt 0.454475 1.129564
vt 0.460475 1.126371
vt 0.460475 1.105449
vt 0.454475 1.108110
vt 0.454475 1.118756
vt 0.454475 1.090613
vt 0.460475 1.088585
vt 0.460475 1.116094
vt 0.454475 1.108110
vt 0.460475 1.105449
vt 0.460475 1.080474
vt 0.454475 1.082502
vt 0.454475 1.090613
vt 0.454475 1.058988
vt 0.460475 1.057672
vt 0.460475 1.088585
vt 0.454475 1.082502
vt 0.460475 1.080474
vt 0.460476 1.052408
vt 0.454475 1.053724
vt 0.454475 1.058988
vt 0.454475 1.025096
vt 0.460476 1.024542
vt 0.460475 1.057672
vt 0.454475 1.053724
vt 0.460476 1.052408
vt 0.460476 1.022327
vt 0.454475 1.022880
vt 0.454475 1.025096
vt 0.454476 0.990239
vt 0.460476 0.990469
vt 0.460476 1.024542
vt 0.454475 1.022880
vt 0.460476 1.022327
vt 0.460476 0.991388
vt 0.454476 0.991158
vt -0.082863 1.004766
vt -0.074876 1.004306
vt -0.072553 1.019610
vt -0.080296 1.021619
vt 0.082863 1.004766
vt 0.080296 1.021619
vt 0.072553 1.019610
vt 0.074876 1.004306
vt -0.080296 1.021619
vt -0.072553 1.019610
vt -0.067441 1.034161
vt -0.074644 1.037641
vt 0.080296 1.021619
vt 0.074644 1.037641
vt 0.067441 1.034161
vt 0.072553 1.019610
vt -0.074644 1.037641
vt -0.067441 1.034161
vt -0.059737 1.047398
vt -0.066123 1.052217
vt 0.074644 1.037641
vt 0.066123 1.052217
vt 0.059737 1.047398
vt 0.067441 1.034161
vt -0.066123 1.052217
vt -0.059737 1.047398
vt -0.049738 1.058814
vt -0.055061 1.064787
vt 0.066123 1.052217
vt 0.055061 1.064787
vt 0.049738 1.058814
vt 0.059737 1.047398
vt -0.055061 1.064787
vt -0.049738 1.058814
vt -0.037828 1.067970
vt -0.041883 1.074866
vt 0.055061 1.064787
vt 0.041883 1.074866
vt 0.037828 1.067970
vt 0.049738 1.058814
vt -0.041883 1.074866
vt -0.037828 1.067970
vt -0.024463 1.074514
vt -0.027095 1.082069
vt 0.041883 1.074866
vt 0.027095 1.082069
vt 0.024463 1.074514
vt 0.037828 1.067970
vt -0.027095 1.082069
vt -0.024463 1.074514
vt -0.010159 1.078194
vt -0.011267 1.086117
vt 0.027095 1.082069
vt 0.011267 1.086117
vt 0.010159 1.078194
vt 0.024463 1.074514
vt -0.011267 1.086117
vt -0.010159 1.078194
vt 0.004536 1.078870
vt 0.004995 1.086856
vt 0.011267 1.086117
vt -0.004995 1.086856
vt -0.004536 1.078870
vt 0.010159 1.078194
vt 0.004995 1.086856
vt 0.004536 1.078870
vt 0.019056 1.076514
vt 0.021065 1.084258
vt -0.004995 1.086856
vt -0.021065 1.084258
vt -0.019056 1.076514
vt -0.004536 1.078870
vt 0.021065 1.084258
vt 0.019056 1.076514
vt 0.032845 1.071218
vt 0.036325 1.078421
vt -0.021065 1.084258
vt -0.036325 1.078421
vt -0.032845 1.071218
vt -0.019056 1.076514
vt 0.036325 1.078421
vt 0.032845 1.071218
vt 0.045371 1.063185
vt 0.050190 1.069571
vt -0.036325 1.078421
vt -0.050190 1.069571
vt -0.045371 1.063185
vt -0.032845 1.071218
vt 0.050190 1.069571
vt 0.045371 1.063185
vt 0.056153 1.052724
vt 0.062125 1.058047
vt -0.050190 1.069571
vt -0.062125 1.058047
vt -0.056153 1.052724
vt -0.045371 1.063185
vt 0.062125 1.058047
vt 0.056153 1.052724
vt 0.064777 1.040237
vt 0.071673 1.044292
vt -0.062125 1.058047
vt -0.071673 1.044292
vt -0.064777 1.040237
vt -0.056153 1.052724
vt 0.071673 1.044292
vt 0.064777 1.040237
vt 0.070912 1.026204
vt 0.078467 1.028836
vt -0.071673 1.044292
vt -0.078467 1.028836
vt -0.070912 1.026204
vt -0.064777 1.040237
vt 0.078467 1.028836
vt 0.070912 1.026204
vt 0.074322 1.011163
vt 0.082245 1.012271
vt -0.078467 1.028836
vt -0.082245 1.012271
vt -0.074322 1.011163
vt -0.070912 1.026204
vt 0.082245 1.012271
vt 0.074322 1.011163
vt 0.074876 0.995694
vt 0.082863 0.995234
vt -0.082245 1.012271
vt -0.082863 0.995234
vt -0.074876 0.995694
vt -0.074322 1.011163
vt 0.082863 0.995234
vt 0.074876 0.995694
vt 0.072553 0.980390
vt 0.080296 0.978381
vt -0.082863 0.995234
vt -0.080296 0.978381
vt -0.072553 0.980390
vt -0.074876 0.995694
vt 0.080296 0.978381
vt 0.072553 0.980390
vt 0.067441 0.965839
vt 0.074644 0.962359
vt -0.080296 0.978381
vt -0.074644 0.962359
vt -0.067441 0.965839
vt -0.072553 0.980390
vt 0.074644 0.962359
vt 0.067441 0.965839
vt 0.059737 0.952602
vt 0.066123 0.947783
vt -0.074644 0.962359
vt -0.066123 0.947783
vt -0.059737 0.952602
vt -0.067441 0.965839
vt 0.066123 0.947783
vt 0.059737 0.952602
vt 0.049738 0.941186
vt 0.055061 0.935213
vt -0.066123 0.947783
vt -0.055061 0.935213
vt -0.049738 0.941186
vt -0.059737 0.952602
vt 0.055061 0.935213
vt 0.049738 0.941186
vt 0.037828 0.932030
vt 0.041883 0.925134
vt -0.055061 0.935213
vt -0.041883 0.925134
vt -0.037828 0.932030
vt -0.049738 0.941186
vt 0.041883 0.925134
vt 0.037828 0.932030
vt 0.024463 0.925486
vt 0.027095 0.917931
vt -0.041883 0.925134
vt -0.027095 0.917931
vt -0.024463 0.925486
vt -0.037828 0.932030
vt 0.027095 0.917931
vt 0.024463 0.925486
vt 0.010159 0.921806
vt 0.011267 0.913883
vt -0.027095 0.917931
vt -0.011267 0.913883
vt -0.010159 0.921806
vt -0.024463 0.925486
vt 0.011267 0.913883
vt 0.010159 0.921806
vt -0.004536 0.921130
vt -0.004995 0.913144
vt -0.011267 0.913883
vt 0.004995 0.913144
vt 0.004536 0.921130
vt -0.010159 0.921806
vt -0.004995 0.913144
vt -0.004536 0.921130
vt -0.019056 0.923486
vt -0.021065 0.915742
vt 0.004995 0.913144
vt 0.021065 0.915742
vt 0.019056 0.923486
vt 0.004536 0.921130
vt -0.021065 0.915742
vt -0.019056 0.923486
vt -0.032845 0.928782
vt -0.036325 0.921579
vt 0.021065 0.915742
vt 0.036325 0.921579
vt 0.032845 0.928782
vt 0.019056 0.923486
vt -0.036325 0.921579
vt -0.032845 0.928782
vt -0.045371 0.936815
vt -0.050190 0.930429
vt 0.036325 0.921579
vt 0.050190 0.930429
vt 0.045371 0.936815
vt 0.032845 0.928782
vt -0.050190 0.930429
vt -0.045371 0.936815
vt -0.056153 0.947276
vt -0.062125 0.941953
vt 0.050190 0.930429
vt 0.062125 0.941953
vt 0.056153 0.947276
vt 0.045371 0.936815
vt -0.062125 0.941953
vt -0.056153 0.947276
vt -0.064777 0.959763
vt -0.071673 0.955708
vt 0.062125 0.941953
vt 0.071673 0.955708
vt 0.064777 0.959763
vt 0.056153 0.947276
vt -0.071673 0.955708
vt -0.064777 0.959763
vt -0.070912 0.973796
vt -0.078467 0.971164
vt 0.071673 0.955708
vt 0.078467 0.971164
vt 0.070912 0.973796
vt 0.064777 0.959763
vt -0.078467 0.971164
vt -0.070912 0.973796
vt -0.074322 0.988837
vt -0.082245 0.987729
vt 0.078467 0.971164
vt 0.082245 0.987729
vt 0.074322 0.988837
vt 0.070912 0.973796
vt -0.082245 0.987729
vt -0.074322 0.988837
vt -0.074876 1.004306
vt -0.082863 1.004766
vt 0.082245 0.987729
vt 0.082863 1.004766
vt 0.074876 1.004306
vt 0.074322 0.988837
vt 0.212238 0.917364
vt 0.215238 0.915373
vt 0.215238 0.923338
vt 0.212238 0.925329
vt -0.212238 0.925329
vt -0.215238 0.923338
vt -0.215238 0.915373
vt -0.212238 0.917364
vt 0.215238 0.915374
vt 0.227238 0.915374
vt 0.227238 0.923338
vt 0.215238 0.923338
vt -0.215238 0.923338
vt -0.227238 0.923338
vt -0.227238 0.915374
vt -0.215238 0.915374
vt 0.227238 0.915374
vt 0.230238 0.917365
vt 0.230238 0.925330
vt 0.227238 0.923338
vt -0.227238 0.923338
vt -0.230238 0.925330
vt -0.230238 0.917365
vt -0.227238 0.915374
vt 0.008447 1.097135
vt 0.001575 1.096745
vt 0.002426 1.081769
vt 0.009298 1.082160
vt 0.028933 1.098109
vt 0.022059 1.097757
vt 0.022827 1.082777
vt 0.029701 1.083129
vt 0.046944 1.098489
vt 0.040066 1.098209
vt 0.040676 1.083222
vt 0.047553 1.083501
vt 0.060711 1.098118
vt 0.053830 1.097938
vt 0.054222 1.082943
vt 0.061103 1.083123
vt 0.068870 1.097124
vt 0.061987 1.097062
vt 0.062122 1.082062
vt 0.069005 1.082124
vt 0.070607 1.095869
vt 0.063724 1.095931
vt 0.063589 1.080931
vt 0.070472 1.080869
vt 0.065749 1.094816
vt 0.058868 1.094996
vt 0.058476 1.080001
vt 0.065357 1.079821
vt 0.054786 1.094352
vt 0.047909 1.094631
vt 0.047299 1.079644
vt 0.054176 1.079364
vt 0.038810 1.094638
vt 0.031936 1.094990
vt 0.031169 1.080010
vt 0.038043 1.079658
vt 0.019393 1.095554
vt 0.012521 1.095944
vt 0.011670 1.080968
vt 0.018542 1.080578
vt -0.001575 1.096745
vt -0.008447 1.097135
vt -0.009298 1.082160
vt -0.002426 1.081769
vt -0.022059 1.097757
vt -0.028933 1.098109
vt -0.029701 1.083129
vt -0.022827 1.082777
vt -0.040066 1.098209
vt -0.046944 1.098489
vt -0.047553 1.083501
vt -0.040676 1.083222
vt -0.053830 1.097938
vt -0.060711 1.098118
vt -0.061103 1.083123
vt -0.054222 1.082943
vt -0.061987 1.097062
vt -0.068870 1.097124
vt -0.069005 1.082124
vt -0.062122 1.082062
vt -0.063724 1.095931
vt -0.070607 1.095869
vt -0.070472 1.080869
vt -0.063589 1.080931
vt -0.058868 1.094996
vt -0.065749 1.094816
vt -0.065357 1.079821
vt -0.058476 1.080001
vt -0.047909 1.094631
vt -0.054786 1.094352
vt -0.054176 1.079364
vt -0.047299 1.079644
vt -0.031936 1.094990
vt -0.038810 1.094638
vt -0.038043 1.079658
vt -0.031169 1.080010
vt -0.012521 1.095944
vt -0.019393 1.095554
vt -0.018542 1.080578
vt -0.011670 1.080968
vt -0.088049 0.993202
vt -0.084924 0.987069
vt -0.080057 0.982202
vt -0.073925 0.979077
vt -0.067126 0.978000
vt -0.060328 0.979077
vt -0.054195 0.982202
vt -0.049328 0.987069
vt -0.046203 0.993202
vt -0.045126 1.000000
vt -0.046203 1.006798
vt -0.049328 1.012931
vt -0.054195 1.017798
vt -0.060328 1.020923
vt -0.067126 1.022000
vt -0.073924 1.020923
vt -0.080057 1.017798
vt -0.084924 1.012931
vt -0.088049 1.006798
vt -0.089126 1.000000
vt 0.089126 1.000000
vt 0.088049 1.006798
vt 0.084924 1.012931
vt 0.080057 1.017798
vt 0.073924 1.020923
vt 0.067126 1.022000
vt 0.060328 1.020923
vt 0.054195 1.017798
vt 0.049328 1.012931
vt 0.046203 1.006798
vt 0.045126 1.000000
vt 0.046203 0.993202
vt 0.049328 0.987069
vt 0.054195 0.982202
vt 0.060328 0.979077
vt 0.067126 0.978000
vt 0.073925 0.979077
vt 0.080057 0.982202
vt 0.084924 0.987069
vt 0.088049 0.993202
vt 0.051527 0.918933
vt 0.052002 0.921485
vt 0.049053 0.922034
vt 0.048578 0.919482
vt 0.064632 0.985602
vt 0.064816 0.988191
vt 0.061823 0.988404
vt 0.061639 0.985814
vt 0.068480 1.050103
vt 0.068629 1.052694
vt 0.065634 1.052867
vt 0.065485 1.050275
vt 0.072174 1.091693
vt 0.072358 1.094282
vt 0.069365 1.094495
vt 0.069181 1.091906
vt 0.083015 1.088120
vt 0.083490 1.090672
vt 0.080540 1.091221
vt 0.080065 1.088669
vt -0.052002 0.921485
vt -0.051527 0.918933
vt -0.048578 0.919482
vt -0.049053 0.922034
vt -0.064816 0.988191
vt -0.064632 0.985602
vt -0.061639 0.985814
vt -0.061823 0.988404
vt -0.068629 1.052694
vt -0.068480 1.050103
vt -0.065485 1.050275
vt -0.065634 1.052867
vt -0.072358 1.094282
vt -0.072174 1.091693
vt -0.069181 1.091906
vt -0.069365 1.094495
vt -0.083490 1.090672
vt -0.083015 1.088120
vt -0.080065 1.088669
vt -0.080540 1.091221
vt 0.092943 1.051852
vt 0.094469 1.053952
vt 0.094469 1.056548
vt 0.092943 1.058648
vt 0.090474 1.059450
vt 0.088006 1.058648
vt 0.086480 1.056548
vt 0.086480 1.053952
vt 0.088006 1.051852
vt 0.090474 1.051050
vt -0.090474 1.051050
vt -0.088006 1.051852
vt -0.086480 1.053952
vt -0.086480 1.056548
vt -0.088006 1.058648
vt -0.090474 1.059450
vt -0.092943 1.058648
vt -0.094469 1.056548
vt -0.094469 1.053952
vt -0.092943 1.051852
vt -0.089974 1.065390
vt -0.089974 1.066190
vt -0.090974 1.066190
vt -0.090974 1.065390
vt 0.090974 1.065390
vt 0.090974 1.066190
vt 0.089974 1.066190
vt 0.089974 1.065390
vt -0.089974 1.057350
vt -0.090974 1.057350
vt -0.090974 1.053150
vt -0.089974 1.053150
vt 0.089974 1.053150
vt 0.090974 1.053150
vt 0.090974 1.057350
vt 0.089974 1.057350
vt 0.068575 1.053501
vt 0.068334 1.049308
vt 0.069133 1.049262
vt 0.069374 1.053455
vt -0.069374 1.053455
vt -0.069133 1.049262
vt -0.068334 1.049308
vt -0.068575 1.053501
vt 0.018542 0.919422
vt 0.011670 0.919032
vt 0.012521 0.904056
vt 0.019393 0.904446
vt 0.038043 0.920343
vt 0.031168 0.919990
vt 0.031936 0.905010
vt 0.038810 0.905362
vt 0.054176 0.920636
vt 0.047299 0.920356
vt 0.047908 0.905369
vt 0.054786 0.905648
vt 0.065357 0.920179
vt 0.058476 0.919999
vt 0.058868 0.905004
vt 0.065749 0.905184
vt 0.070472 0.919131
vt 0.063589 0.919069
vt 0.063724 0.904069
vt 0.070607 0.904131
vt 0.069005 0.917876
vt 0.062122 0.917938
vt 0.061987 0.902938
vt 0.068870 0.902876
vt 0.061103 0.916877
vt 0.054222 0.917057
vt 0.053830 0.902062
vt 0.060711 0.901882
vt 0.047553 0.916499
vt 0.040676 0.916778
vt 0.040066 0.901791
vt 0.046944 0.901511
vt 0.029701 0.916871
vt 0.022827 0.917223
vt 0.022059 0.902243
vt 0.028933 0.901891
vt 0.009298 0.917840
vt 0.002426 0.918231
vt 0.001575 0.903255
vt 0.008447 0.902865
vt -0.011670 0.919032
vt -0.018542 0.919422
vt -0.019393 0.904446
vt -0.012521 0.904056
vt -0.031168 0.919990
vt -0.038043 0.920343
vt -0.038810 0.905362
vt -0.031936 0.905010
vt -0.047299 0.920356
vt -0.054176 0.920636
vt -0.054786 0.905648
vt -0.047909 0.905369
vt -0.058476 0.919999
vt -0.065357 0.920179
vt -0.065749 0.905184
vt -0.058868 0.905004
vt -0.063589 0.919069
vt -0.070472 0.919131
vt -0.070607 0.904131
vt -0.063724 0.904069
vt -0.062122 0.917938
vt -0.069005 0.917876
vt -0.068870 0.902876
vt -0.061987 0.902938
vt -0.054222 0.917057
vt -0.061103 0.916877
vt -0.060711 0.901882
vt -0.053830 0.902062
vt -0.040676 0.916778
vt -0.047553 0.916499
vt -0.046944 0.901511
vt -0.040066 0.901791
vt -0.022827 0.917223
vt -0.029701 0.916871
vt -0.028933 0.901891
vt -0.022059 0.902243
vt -0.002426 0.918231
vt -0.009298 0.917840
vt -0.008447 0.902865
vt -0.001575 0.903255
vt -0.088049 0.993202
vt -0.084925 0.987069
vt -0.080057 0.982202
vt -0.073925 0.979077
vt -0.067126 0.978000
vt -0.060328 0.979077
vt -0.054195 0.982202
vt -0.049328 0.987069
vt -0.046203 0.993202
vt -0.045126 1.000000
vt -0.046203 1.006798
vt -0.049328 1.012931
vt -0.054195 1.017798
vt -0.060328 1.020923
vt -0.067126 1.022000
vt -0.073925 1.020923
vt -0.080057 1.017798
vt -0.084925 1.012931
vt -0.088049 1.006798
vt -0.089126 1.000000
vt 0.089126 1.000000
vt 0.088049 1.006798
vt 0.084925 1.012931
vt 0.080057 1.017798
vt 0.073925 1.020923
vt 0.067126 1.022000
vt 0.060328 1.020923
vt 0.054195 1.017798
vt 0.049328 1.012931
vt 0.046203 1.006798
vt 0.045126 1.000000
vt 0.046203 0.993202
vt 0.049328 0.987069
vt 0.054195 0.982202
vt 0.060328 0.979077
vt 0.067126 0.978000
vt 0.073925 0.979077
vt 0.080057 0.982202
vt 0.084925 0.987069
vt 0.088049 0.993202
vt 0.045279 0.885363
vt 0.045754 0.887915
vt 0.042805 0.888464
vt 0.042330 0.885912
vt 0.058293 0.896430
vt 0.058477 0.899019
vt 0.055484 0.899232
vt 0.055300 0.896643
vt 0.062135 0.939785
vt 0.062284 0.942377
vt 0.059289 0.942549
vt 0.059140 0.939957
vt 0.065835 1.002522
vt 0.066019 1.005111
vt 0.063026 1.005323
vt 0.062842 1.002734
vt 0.076767 1.054550
vt 0.077242 1.057102
vt 0.074293 1.057651
vt 0.073818 1.055099
vt -0.045754 0.887915
vt -0.045279 0.885363
vt -0.042330 0.885912
vt -0.042805 0.888464
vt -0.058477 0.899019
vt -0.058293 0.896430
vt -0.055300 0.896643
vt -0.055484 0.899232
vt -0.062284 0.942377
vt -0.062135 0.939785
vt -0.059140 0.939957
vt -0.059289 0.942549
vt -0.066019 1.005111
vt -0.065835 1.002522
vt -0.062842 1.002734
vt -0.063026 1.005323
vt -0.077242 1.057102
vt -0.076767 1.054550
vt -0.073818 1.055099
vt -0.074293 1.057651
vt 0.092943 0.941352
vt 0.094469 0.943452
vt 0.094469 0.946048
vt 0.092943 0.948148
vt 0.090474 0.948950
vt 0.088006 0.948148
vt 0.086480 0.946048
vt 0.086480 0.943452
vt 0.088006 0.941352
vt 0.090474 0.940550
vt -0.090474 0.940550
vt -0.088006 0.941352
vt -0.086480 0.943452
vt -0.086480 0.946048
vt -0.088006 0.948148
vt -0.090474 0.948950
vt -0.092943 0.948148
vt -0.094469 0.946048
vt -0.094469 0.943452
vt -0.092943 0.941352
vt -0.089974 1.065390
vt -0.089974 1.066190
vt -0.090974 1.066190
vt -0.090974 1.065390
vt 0.090974 1.065390
vt 0.090974 1.066190
vt 0.089974 1.066190
vt 0.089974 1.065390
vt -0.089974 0.946850
vt -0.090974 0.946850
vt -0.090974 0.942650
vt -0.089974 0.942650
vt 0.089974 0.942650
vt 0.090974 0.942650
vt 0.090974 0.946850
vt 0.089974 0.946850
vt 0.062230 0.943183
vt 0.061989 0.938990
vt 0.062788 0.938944
vt 0.063029 0.943137
vt -0.063029 0.943137
vt -0.062788 0.938944
vt -0.061989 0.938990
vt -0.062230 0.943183
vt -0.080000 0.895484
vt -0.080000 0.882200
vt -0.060000 0.845177
vt -0.060000 0.862637
vt -0.080000 0.917881
vt -0.060000 0.885033
vt -0.060000 0.870420
vt -0.080000 0.907443
vt -0.080000 0.882200
vt -0.080000 0.871816
vt -0.060000 0.831529
vt -0.060000 0.845177
vt -0.080000 0.907443
vt -0.060000 0.870420
vt -0.060000 0.858997
vt -0.080000 0.899284
vt -0.080000 0.871816
vt -0.080000 0.864588
vt -0.060000 0.822030
vt -0.060000 0.831529
vt -0.080000 0.899284
vt -0.060000 0.858997
vt -0.060000 0.851047
vt -0.080000 0.893605
vt -0.080000 0.864588
vt -0.080000 0.860694
vt -0.060000 0.816912
vt -0.060000 0.822030
vt -0.080000 0.893605
vt -0.060000 0.851047
vt -0.060000 0.846764
vt -0.080000 0.890545
vt -0.080000 0.860694
vt -0.080000 0.860231
vt -0.060000 0.816303
vt -0.060000 0.816912
vt -0.080000 0.890545
vt -0.060000 0.846764
vt -0.060000 0.846254
vt -0.080000 0.890181
vt -0.080000 0.860231
vt -0.080000 0.863209
vt -0.060000 0.820218
vt -0.060000 0.816303
vt -0.080000 0.890181
vt -0.060000 0.846254
vt -0.060000 0.849530
vt -0.080000 0.892522
vt -0.080000 0.863209
vt -0.080000 0.869556
vt -0.060000 0.828559
vt -0.060000 0.820218
vt -0.080000 0.892522
vt -0.060000 0.849530
vt -0.060000 0.856511
vt -0.080000 0.897508
vt -0.080000 0.869556
vt -0.080000 0.879114
vt -0.060000 0.841121
vt -0.060000 0.828559
vt -0.080000 0.897508
vt -0.060000 0.856511
vt -0.060000 0.867026
vt -0.080000 0.905018
vt -0.080000 0.879114
vt -0.080000 0.891649
vt -0.060000 0.857596
vt -0.060000 0.841121
vt -0.080000 0.905018
vt -0.060000 0.867026
vt -0.060000 0.880814
vt -0.080000 0.914867
vt -0.080000 0.891649
vt -0.080000 0.906852
vt -0.060000 0.877577
vt -0.060000 0.857596
vt -0.080000 0.914867
vt -0.060000 0.880814
vt -0.060000 0.897538
vt -0.080000 0.926813
vt -0.080000 0.906852
vt -0.080000 0.924349
vt -0.060000 0.900573
vt -0.060000 0.877577
vt -0.080000 0.926813
vt -0.060000 0.897538
vt -0.060000 0.916784
vt -0.080000 0.940560
vt -0.080000 0.924349
vt -0.080000 0.943708
vt -0.060000 0.926017
vt -0.060000 0.900573
vt -0.080000 0.940560
vt -0.060000 0.916784
vt -0.060000 0.938079
vt -0.080000 0.955771
vt -0.080000 0.943708
vt -0.080000 0.964454
vt -0.060000 0.953282
vt -0.060000 0.926017
vt -0.080000 0.955771
vt -0.060000 0.938079
vt -0.060000 0.960899
vt -0.080000 0.972071
vt -0.080000 0.964454
vt -0.080000 0.986075
vt -0.060000 0.981698
vt -0.060000 0.953282
vt -0.080000 0.972071
vt -0.060000 0.960899
vt -0.060000 0.984682
vt -0.080000 0.989059
vt -0.080000 0.986075
vt -0.080000 1.008038
vt -0.060000 1.010565
vt -0.060000 0.981698
vt -0.080000 0.989059
vt -0.060000 0.984682
vt -0.060000 1.008842
vt -0.080000 1.006316
vt -0.080000 1.008038
vt -0.080000 1.029804
vt -0.060000 1.039171
vt -0.060000 1.010565
vt -0.080000 1.006316
vt -0.060000 1.008842
vt -0.060000 1.032784
vt -0.080000 1.023417
vt -0.080000 1.029804
vt -0.080000 1.050836
vt -0.060000 1.066813
vt -0.060000 1.039171
vt -0.080000 1.023417
vt -0.060000 1.032784
vt -0.060000 1.055920
vt -0.080000 1.039943
vt -0.080000 1.050836
vt -0.080000 1.070616
vt -0.060000 1.092810
vt -0.060000 1.066813
vt -0.080000 1.039943
vt -0.060000 1.055920
vt -0.060000 1.077678
vt -0.080000 1.055484
vt -0.080000 1.070616
vt -0.080000 1.088657
vt -0.060000 1.116521
vt -0.060000 1.092810
vt -0.080000 1.055484
vt -0.060000 1.077678
vt -0.060000 1.097523
vt -0.080000 1.069659
vt -0.080000 1.088657
vt -0.080000 1.104516
vt -0.060000 1.137363
vt -0.060000 1.116521
vt -0.080000 1.069659
vt -0.060000 1.097523
vt -0.060000 1.114967
vt -0.080000 1.082119
vt -0.080000 1.104516
vt -0.080000 1.117800
vt -0.060000 1.154823
vt -0.060000 1.137363
vt -0.080000 1.082119
vt -0.060000 1.114967
vt -0.060000 1.129580
vt -0.080000 1.092557
vt -0.080000 1.117800
vt -0.080000 1.128184
vt -0.060000 1.168471
vt -0.060000 1.154823
vt -0.080000 1.092557
vt -0.060000 1.129580
vt -0.060000 1.141003
vt -0.080000 1.100716
vt -0.080000 1.128184
vt -0.080000 1.135412
vt -0.060000 1.177970
vt -0.060000 1.168471
vt -0.080000 1.100716
vt -0.060000 1.141003
vt -0.060000 1.148953
vt -0.080000 1.106395
vt -0.080000 1.135412
vt -0.080000 1.139306
vt -0.060000 1.183087
vt -0.060000 1.177970
vt -0.080000 1.106395
vt -0.060000 1.148953
vt -0.060000 1.153236
vt -0.080000 1.109455
vt -0.080000 1.139306
vt -0.080000 1.139769
vt -0.060000 1.183696
vt -0.060000 1.183087
vt -0.080000 1.109455
vt -0.060000 1.153236
vt -0.060000 1.153746
vt -0.080000 1.109818
vt -0.080000 1.139769
vt -0.080000 1.136791
vt -0.060000 1.179782
vt -0.060000 1.183696
vt -0.080000 1.109818
vt -0.060000 1.153746
vt -0.060000 1.150470
vt -0.080000 1.107478
vt -0.080000 1.136791
vt -0.080000 1.130444
vt -0.060000 1.171441
vt -0.060000 1.179782
vt -0.080000 1.107478
vt -0.060000 1.150470
vt -0.060000 1.143489
vt -0.080000 1.102492
vt -0.080000 1.130444
vt -0.080000 1.120886
vt -0.060000 1.158878
vt -0.060000 1.171441
vt -0.080000 1.102492
vt -0.060000 1.143489
vt -0.060000 1.132974
vt -0.080000 1.094982
vt -0.080000 1.120886
vt -0.080000 1.108351
vt -0.060000 1.142404
vt -0.060000 1.158878
vt -0.080000 1.094982
vt -0.060000 1.132974
vt -0.060000 1.119186
vt -0.080000 1.085133
vt -0.080000 1.108351
vt -0.080000 1.093148
vt -0.060000 1.122423
vt -0.060000 1.142404
vt -0.080000 1.085133
vt -0.060000 1.119186
vt -0.060000 1.102462
vt -0.080000 1.073187
vt -0.060000 0.862637
vt -0.060000 0.845177
vt 0.060000 0.793211
vt 0.060000 0.816595
vt -0.060000 0.885033
vt 0.060000 0.838991
vt 0.060000 0.818453
vt -0.060000 0.870420
vt -0.060000 0.845177
vt -0.060000 0.831529
vt 0.060000 0.774918
vt 0.060000 0.793211
vt -0.060000 0.870420
vt 0.060000 0.818453
vt 0.060000 0.802386
vt -0.060000 0.858997
vt -0.060000 0.831529
vt -0.060000 0.822030
vt 0.060000 0.762168
vt 0.060000 0.774918
vt -0.060000 0.858997
vt 0.060000 0.802386
vt 0.060000 0.791185
vt -0.060000 0.851047
vt -0.060000 0.822030
vt -0.060000 0.816912
vt 0.060000 0.755274
vt 0.060000 0.762168
vt -0.060000 0.851047
vt 0.060000 0.791185
vt 0.060000 0.785125
vt -0.060000 0.846764
vt -0.060000 0.816912
vt -0.060000 0.816303
vt 0.060000 0.754406
vt 0.060000 0.755274
vt -0.060000 0.846764
vt 0.060000 0.785125
vt 0.060000 0.784356
vt -0.060000 0.846254
vt -0.060000 0.816303
vt -0.060000 0.820218
vt 0.060000 0.759585
vt 0.060000 0.754406
vt -0.060000 0.846254
vt 0.060000 0.784356
vt 0.060000 0.788898
vt -0.060000 0.849530
vt -0.060000 0.820218
vt -0.060000 0.828559
vt 0.060000 0.770684
vt 0.060000 0.759585
vt -0.060000 0.849530
vt 0.060000 0.788898
vt 0.060000 0.798637
vt -0.060000 0.856511
vt -0.060000 0.828559
vt -0.060000 0.841121
vt 0.060000 0.787430
vt 0.060000 0.770684
vt -0.060000 0.856511
vt 0.060000 0.798637
vt 0.060000 0.813334
vt -0.060000 0.867026
vt -0.060000 0.841121
vt -0.060000 0.857596
vt 0.060000 0.809410
vt 0.060000 0.787430
vt -0.060000 0.867026
vt 0.060000 0.813334
vt 0.060000 0.832628
vt -0.060000 0.880814
vt -0.060000 0.857596
vt -0.060000 0.877577
vt 0.060000 0.836083
vt 0.060000 0.809410
vt -0.060000 0.880814
vt 0.060000 0.832628
vt 0.060000 0.856043
vt -0.060000 0.897538
vt -0.060000 0.877577
vt -0.060000 0.900573
vt 0.060000 0.866792
vt 0.060000 0.836083
vt -0.060000 0.897538
vt 0.060000 0.856043
vt 0.060000 0.883003
vt -0.060000 0.916784
vt -0.060000 0.900573
vt -0.060000 0.926017
vt 0.060000 0.900781
vt 0.060000 0.866792
vt -0.060000 0.916784
vt 0.060000 0.883003
vt 0.060000 0.912843
vt -0.060000 0.938079
vt -0.060000 0.926017
vt -0.060000 0.953282
vt 0.060000 0.937213
vt 0.060000 0.900781
vt -0.060000 0.938079
vt 0.060000 0.912843
vt 0.060000 0.944830
vt -0.060000 0.960899
vt -0.060000 0.953282
vt -0.060000 0.981698
vt 0.060000 0.975191
vt 0.060000 0.937213
vt -0.060000 0.960899
vt 0.060000 0.944830
vt 0.060000 0.978175
vt -0.060000 0.984682
vt -0.060000 0.981698
vt -0.060000 1.010565
vt 0.060000 1.013780
vt 0.060000 0.975191
vt -0.060000 0.984682
vt 0.060000 0.978175
vt 0.060000 1.012058
vt -0.060000 1.008842
vt -0.060000 1.010565
vt -0.060000 1.039171
vt 0.060000 1.052030
vt 0.060000 1.013780
vt -0.060000 1.008842
vt 0.060000 1.012058
vt 0.060000 1.045643
vt -0.060000 1.032784
vt -0.060000 1.039171
vt -0.060000 1.066813
vt 0.060000 1.088998
vt 0.060000 1.052030
vt -0.060000 1.032784
vt 0.060000 1.045643
vt 0.060000 1.078105
vt -0.060000 1.055920
vt -0.060000 1.066813
vt -0.060000 1.092810
vt 0.060000 1.123775
vt 0.060000 1.088998
vt -0.060000 1.055920
vt 0.060000 1.078105
vt 0.060000 1.108644
vt -0.060000 1.077678
vt -0.060000 1.092810
vt -0.060000 1.116521
vt 0.060000 1.155505
vt 0.060000 1.123775
vt -0.060000 1.077678
vt 0.060000 1.108644
vt 0.060000 1.136507
vt -0.060000 1.097523
vt -0.060000 1.116521
vt -0.060000 1.137363
vt 0.060000 1.183405
vt 0.060000 1.155505
vt -0.060000 1.097523
vt 0.060000 1.136507
vt 0.060000 1.161009
vt -0.060000 1.114967
vt -0.060000 1.137363
vt -0.060000 1.154823
vt 0.060000 1.206790
vt 0.060000 1.183405
vt -0.060000 1.114967
vt 0.060000 1.161009
vt 0.060000 1.181547
vt -0.060000 1.129580
vt -0.060000 1.154823
vt -0.060000 1.168471
vt 0.060000 1.225082
vt 0.060000 1.206790
vt -0.060000 1.129580
vt 0.060000 1.181547
vt 0.060000 1.197614
vt -0.060000 1.141003
vt -0.060000 1.168471
vt -0.060000 1.177970
vt 0.060000 1.237832
vt 0.060000 1.225082
vt -0.060000 1.141003
vt 0.060000 1.197614
vt 0.060000 1.208815
vt -0.060000 1.148953
vt -0.060000 1.177970
vt -0.060000 1.183087
vt 0.060000 1.244726
vt 0.060000 1.237832
vt -0.060000 1.148953
vt 0.060000 1.208815
vt 0.060000 1.214875
vt -0.060000 1.153236
vt -0.060000 1.183087
vt -0.060000 1.183696
vt 0.060000 1.245594
vt 0.060000 1.244726
vt -0.060000 1.153236
vt 0.060000 1.214875
vt 0.060000 1.215644
vt -0.060000 1.153746
vt -0.060000 1.183696
vt -0.060000 1.179782
vt 0.060000 1.240415
vt 0.060000 1.245594
vt -0.060000 1.153746
vt 0.060000 1.215644
vt 0.060000 1.211103
vt -0.060000 1.150470
vt -0.060000 1.179782
vt -0.060000 1.171441
vt 0.060000 1.229316
vt 0.060000 1.240415
vt -0.060000 1.150470
vt 0.060000 1.211103
vt 0.060000 1.201363
vt -0.060000 1.143489
vt -0.060000 1.171441
vt -0.060000 1.158878
vt 0.060000 1.212570
vt 0.060000 1.229316
vt -0.060000 1.143489
vt 0.060000 1.201363
vt 0.060000 1.186666
vt -0.060000 1.132974
vt -0.060000 1.158878
vt -0.060000 1.142404
vt 0.060000 1.190590
vt 0.060000 1.212570
vt -0.060000 1.132974
vt 0.060000 1.186666
vt 0.060000 1.167372
vt -0.060000 1.119186
vt -0.060000 1.142404
vt -0.060000 1.122423
vt 0.060000 1.163917
vt 0.060000 1.190590
vt -0.060000 1.119186
vt 0.060000 1.167372
vt 0.060000 1.143957
vt -0.060000 1.102462
vt 0.060000 0.816595
vt 0.060000 0.793211
vt 0.160000 0.798192
vt 0.160000 0.820993
vt 0.060000 0.838991
vt 0.160000 0.843389
vt 0.160000 0.823435
vt 0.060000 0.818453
vt 0.060000 0.793211
vt 0.060000 0.774918
vt 0.160000 0.780360
vt 0.160000 0.798192
vt 0.060000 0.818453
vt 0.160000 0.823435
vt 0.160000 0.807828
vt 0.060000 0.802386
vt 0.060000 0.774918
vt 0.060000 0.762168
vt 0.160000 0.767936
vt 0.160000 0.780360
vt 0.060000 0.802386
vt 0.160000 0.807828
vt 0.160000 0.796953
vt 0.060000 0.791185
vt 0.060000 0.762168
vt 0.060000 0.755274
vt 0.160000 0.761226
vt 0.160000 0.767936
vt 0.060000 0.791185
vt 0.160000 0.796953
vt 0.160000 0.791077
vt 0.060000 0.785125
vt 0.060000 0.755274
vt 0.060000 0.754406
vt 0.160000 0.760396
vt 0.160000 0.761226
vt 0.060000 0.785125
vt 0.160000 0.791077
vt 0.160000 0.790347
vt 0.060000 0.784356
vt 0.060000 0.754406
vt 0.060000 0.759585
vt 0.160000 0.765466
vt 0.160000 0.760396
vt 0.060000 0.784356
vt 0.160000 0.790347
vt 0.160000 0.794778
vt 0.060000 0.788898
vt 0.060000 0.759585
vt 0.060000 0.770684
vt 0.160000 0.776310
vt 0.160000 0.765466
vt 0.060000 0.788898
vt 0.160000 0.794778
vt 0.160000 0.804263
vt 0.060000 0.798637
vt 0.060000 0.770684
vt 0.060000 0.787430
vt 0.160000 0.792663
vt 0.160000 0.776310
vt 0.060000 0.798637
vt 0.160000 0.804263
vt 0.160000 0.818567
vt 0.060000 0.813334
vt 0.060000 0.787430
vt 0.060000 0.809410
vt 0.160000 0.814121
vt 0.160000 0.792663
vt 0.060000 0.813334
vt 0.160000 0.818567
vt 0.160000 0.837339
vt 0.060000 0.832628
vt 0.060000 0.809410
vt 0.060000 0.836083
vt 0.160000 0.840156
vt 0.160000 0.814121
vt 0.060000 0.832628
vt 0.160000 0.837339
vt 0.160000 0.860116
vt 0.060000 0.856043
vt 0.060000 0.836083
vt 0.060000 0.866792
vt 0.160000 0.870127
vt 0.160000 0.840156
vt 0.060000 0.856043
vt 0.160000 0.860116
vt 0.160000 0.886338
vt 0.060000 0.883003
vt 0.060000 0.866792
vt 0.060000 0.900781
vt 0.160000 0.903296
vt 0.160000 0.870127
vt 0.060000 0.883003
vt 0.160000 0.886338
vt 0.160000 0.915358
vt 0.060000 0.912843
vt 0.060000 0.900781
vt 0.060000 0.937213
vt 0.160000 0.938846
vt 0.160000 0.903296
vt 0.060000 0.912843
vt 0.160000 0.915358
vt 0.160000 0.946463
vt 0.060000 0.944830
vt 0.060000 0.937213
vt 0.060000 0.975191
vt 0.160000 0.975901
vt 0.160000 0.938846
vt 0.060000 0.944830
vt 0.160000 0.946463
vt 0.160000 0.978885
vt 0.060000 0.978175
vt 0.060000 0.975191
vt 0.060000 1.013780
vt 0.160000 1.013550
vt 0.160000 0.975901
vt 0.060000 0.978175
vt 0.160000 0.978885
vt 0.160000 1.011828
vt 0.060000 1.012058
vt 0.060000 1.013780
vt 0.060000 1.052030
vt 0.160000 1.050866
vt 0.160000 1.013550
vt 0.060000 1.012058
vt 0.160000 1.011828
vt 0.160000 1.044479
vt 0.060000 1.045643
vt 0.060000 1.052030
vt 0.060000 1.088998
vt 0.160000 1.086929
vt 0.160000 1.050866
vt 0.060000 1.045643
vt 0.160000 1.044479
vt 0.160000 1.076035
vt 0.060000 1.078105
vt 0.060000 1.088998
vt 0.060000 1.123775
vt 0.160000 1.120852
vt 0.160000 1.086929
vt 0.060000 1.078105
vt 0.160000 1.076035
vt 0.160000 1.105719
vt 0.060000 1.108644
vt 0.060000 1.123775
vt 0.060000 1.155505
vt 0.160000 1.151798
vt 0.160000 1.120852
vt 0.060000 1.108644
vt 0.160000 1.105719
vt 0.160000 1.132800
vt 0.060000 1.136507
vt 0.060000 1.155505
vt 0.060000 1.183405
vt 0.160000 1.179007
vt 0.160000 1.151798
vt 0.060000 1.136507
vt 0.160000 1.132800
vt 0.160000 1.156611
vt 0.060000 1.161009
vt 0.060000 1.183405
vt 0.060000 1.206790
vt 0.160000 1.201809
vt 0.160000 1.179007
vt 0.060000 1.161009
vt 0.160000 1.156611
vt 0.160000 1.176566
vt 0.060000 1.181547
vt 0.060000 1.206790
vt 0.060000 1.225082
vt 0.160000 1.219641
vt 0.160000 1.201809
vt 0.060000 1.181547
vt 0.160000 1.176566
vt 0.160000 1.192173
vt 0.060000 1.197614
vt 0.060000 1.225082
vt 0.060000 1.237832
vt 0.160000 1.232064
vt 0.160000 1.219641
vt 0.060000 1.197614
vt 0.160000 1.192173
vt 0.160000 1.203048
vt 0.060000 1.208815
vt 0.060000 1.237832
vt 0.060000 1.244726
vt 0.160000 1.238774
vt 0.160000 1.232064
vt 0.060000 1.208815
vt 0.160000 1.203048
vt 0.160000 1.208923
vt 0.060000 1.214875
vt 0.060000 1.244726
vt 0.060000 1.245594
vt 0.160000 1.239604
vt 0.160000 1.238774
vt 0.060000 1.214875
vt 0.160000 1.208923
vt 0.160000 1.209654
vt 0.060000 1.215644
vt 0.060000 1.245594
vt 0.060000 1.240415
vt 0.160000 1.234535
vt 0.160000 1.239604
vt 0.060000 1.215644
vt 0.160000 1.209654
vt 0.160000 1.205222
vt 0.060000 1.211103
vt 0.060000 1.240415
vt 0.060000 1.229316
vt 0.160000 1.223690
vt 0.160000 1.234535
vt 0.060000 1.211103
vt 0.160000 1.205222
vt 0.160000 1.195737
vt 0.060000 1.201363
vt 0.060000 1.229316
vt 0.060000 1.212570
vt 0.160000 1.207337
vt 0.160000 1.223690
vt 0.060000 1.201363
vt 0.160000 1.195737
vt 0.160000 1.181433
vt 0.060000 1.186666
vt 0.060000 1.212570
vt 0.060000 1.190590
vt 0.160000 1.185879
vt 0.160000 1.207337
vt 0.060000 1.186666
vt 0.160000 1.181433
vt 0.160000 1.162661
vt 0.060000 1.167372
vt 0.060000 1.190590
vt 0.060000 1.163917
vt 0.160000 1.159844
vt 0.160000 1.185879
vt 0.060000 1.167372
vt 0.160000 1.162661
vt 0.160000 1.139884
vt 0.060000 1.143957
vt 0.160000 0.820993
vt 0.160000 0.798192
vt 0.240000 0.823300
vt 0.240000 0.843227
vt 0.160000 0.843389
vt 0.240000 0.865623
vt 0.240000 0.848543
vt 0.160000 0.823435
vt 0.160000 0.798192
vt 0.160000 0.780360
vt 0.240000 0.807723
vt 0.240000 0.823300
vt 0.160000 0.823435
vt 0.240000 0.848543
vt 0.240000 0.835191
vt 0.160000 0.807828
vt 0.160000 0.780360
vt 0.160000 0.767936
vt 0.240000 0.796882
vt 0.240000 0.807723
vt 0.160000 0.807828
vt 0.240000 0.835191
vt 0.240000 0.825899
vt 0.160000 0.796953
vt 0.160000 0.767936
vt 0.160000 0.761226
vt 0.240000 0.791042
vt 0.240000 0.796882
vt 0.160000 0.796953
vt 0.240000 0.825899
vt 0.240000 0.820893
vt 0.160000 0.791077
vt 0.160000 0.761226
vt 0.160000 0.760396
vt 0.240000 0.790347
vt 0.240000 0.791042
vt 0.160000 0.791077
vt 0.240000 0.820893
vt 0.240000 0.820297
vt 0.160000 0.790347
vt 0.160000 0.760396
vt 0.160000 0.765466
vt 0.240000 0.794814
vt 0.240000 0.790347
vt 0.160000 0.790347
vt 0.240000 0.820297
vt 0.240000 0.824126
vt 0.160000 0.794778
vt 0.160000 0.765466
vt 0.160000 0.776310
vt 0.240000 0.804334
vt 0.240000 0.794814
vt 0.160000 0.794778
vt 0.240000 0.824126
vt 0.240000 0.832286
vt 0.160000 0.804263
vt 0.160000 0.776310
vt 0.160000 0.792663
vt 0.240000 0.818671
vt 0.240000 0.804334
vt 0.160000 0.804263
vt 0.240000 0.832286
vt 0.240000 0.844576
vt 0.160000 0.818567
vt 0.160000 0.792663
vt 0.160000 0.814121
vt 0.240000 0.837474
vt 0.240000 0.818671
vt 0.160000 0.818567
vt 0.240000 0.844576
vt 0.240000 0.860692
vt 0.160000 0.837339
vt 0.160000 0.814121
vt 0.160000 0.840156
vt 0.240000 0.860279
vt 0.240000 0.837474
vt 0.160000 0.837339
vt 0.240000 0.860692
vt 0.240000 0.880239
vt 0.160000 0.860116
vt 0.160000 0.840156
vt 0.160000 0.870127
vt 0.240000 0.886524
vt 0.240000 0.860279
vt 0.160000 0.860116
vt 0.240000 0.880239
vt 0.240000 0.902735
vt 0.160000 0.886338
vt 0.160000 0.870127
vt 0.160000 0.903296
vt 0.240000 0.915563
vt 0.240000 0.886524
vt 0.160000 0.886338
vt 0.240000 0.902735
vt 0.240000 0.927625
vt 0.160000 0.915358
vt 0.160000 0.903296
vt 0.160000 0.938846
vt 0.240000 0.946681
vt 0.240000 0.915563
vt 0.160000 0.915358
vt 0.240000 0.927625
vt 0.240000 0.954298
vt 0.160000 0.946463
vt 0.160000 0.938846
vt 0.160000 0.975901
vt 0.240000 0.979112
vt 0.240000 0.946681
vt 0.160000 0.946463
vt 0.240000 0.954298
vt 0.240000 0.982096
vt 0.160000 0.978885
vt 0.160000 0.975901
vt 0.160000 1.013550
vt 0.240000 1.012058
vt 0.240000 0.979112
vt 0.160000 0.978885
vt 0.240000 0.982096
vt 0.240000 1.010335
vt 0.160000 1.011828
vt 0.160000 1.013550
vt 0.160000 1.050866
vt 0.240000 1.044706
vt 0.240000 1.012058
vt 0.160000 1.011828
vt 0.240000 1.010335
vt 0.240000 1.038320
vt 0.160000 1.044479
vt 0.160000 1.050866
vt 0.160000 1.086929
vt 0.240000 1.076254
vt 0.240000 1.044706
vt 0.160000 1.044479
vt 0.240000 1.038320
vt 0.240000 1.065361
vt 0.160000 1.076035
vt 0.160000 1.086929
vt 0.160000 1.120852
vt 0.240000 1.105924
vt 0.240000 1.076254
vt 0.160000 1.076035
vt 0.240000 1.065361
vt 0.240000 1.090792
vt 0.160000 1.105719
vt 0.160000 1.120852
vt 0.160000 1.151798
vt 0.240000 1.132986
vt 0.240000 1.105924
vt 0.160000 1.105719
vt 0.240000 1.090792
vt 0.240000 1.113988
vt 0.160000 1.132800
vt 0.160000 1.151798
vt 0.160000 1.179007
vt 0.240000 1.156774
vt 0.240000 1.132986
vt 0.160000 1.132800
vt 0.240000 1.113988
vt 0.240000 1.134377
vt 0.160000 1.156611
vt 0.160000 1.179007
vt 0.160000 1.201809
vt 0.240000 1.176701
vt 0.240000 1.156774
vt 0.160000 1.156611
vt 0.240000 1.134377
vt 0.240000 1.151458
vt 0.160000 1.176566
vt 0.160000 1.201809
vt 0.160000 1.219641
vt 0.240000 1.192277
vt 0.240000 1.176701
vt 0.160000 1.176566
vt 0.240000 1.151458
vt 0.240000 1.164809
vt 0.160000 1.192173
vt 0.160000 1.219641
vt 0.160000 1.232064
vt 0.240000 1.203118
vt 0.240000 1.192277
vt 0.160000 1.192173
vt 0.240000 1.164809
vt 0.240000 1.174102
vt 0.160000 1.203048
vt 0.160000 1.232064
vt 0.160000 1.238774
vt 0.240000 1.208959
vt 0.240000 1.203118
vt 0.160000 1.203048
vt 0.240000 1.174102
vt 0.240000 1.179107
vt 0.160000 1.208923
vt 0.160000 1.238774
vt 0.160000 1.239604
vt 0.240000 1.209654
vt 0.240000 1.208959
vt 0.160000 1.208923
vt 0.240000 1.179107
vt 0.240000 1.179703
vt 0.160000 1.209654
vt 0.160000 1.239604
vt 0.160000 1.234535
vt 0.240000 1.205186
vt 0.240000 1.209654
vt 0.160000 1.209654
vt 0.240000 1.179703
vt 0.240000 1.175874
vt 0.160000 1.205222
vt 0.160000 1.234535
vt 0.160000 1.223690
vt 0.240000 1.195667
vt 0.240000 1.205186
vt 0.160000 1.205222
vt 0.240000 1.175874
vt 0.240000 1.167714
vt 0.160000 1.195737
vt 0.160000 1.223690
vt 0.160000 1.207337
vt 0.240000 1.181329
vt 0.240000 1.195667
vt 0.160000 1.195737
vt 0.240000 1.167714
vt 0.240000 1.155425
vt 0.160000 1.181433
vt 0.160000 1.207337
vt 0.160000 1.185879
vt 0.240000 1.162526
vt 0.240000 1.181329
vt 0.160000 1.181433
vt 0.240000 1.155425
vt 0.240000 1.139308
vt 0.160000 1.162661
vt 0.160000 1.185879
vt 0.160000 1.159844
vt 0.240000 1.139722
vt 0.240000 1.162526
vt 0.160000 1.162661
vt 0.240000 1.139308
vt 0.240000 1.119761
vt 0.160000 1.139884
vt 0.240000 0.843227
vt 0.240000 0.823300
vt 0.250000 0.834945
vt 0.250000 0.853516
vt 0.240000 0.865623
vt 0.250000 0.875912
vt 0.250000 0.860188
vt 0.240000 0.848543
vt 0.240000 0.823300
vt 0.240000 0.807723
vt 0.250000 0.820438
vt 0.250000 0.834945
vt 0.240000 0.848543
vt 0.250000 0.860188
vt 0.250000 0.847906
vt 0.240000 0.835191
vt 0.240000 0.807723
vt 0.240000 0.796882
vt 0.250000 0.810352
vt 0.250000 0.820438
vt 0.240000 0.835191
vt 0.250000 0.847906
vt 0.250000 0.839369
vt 0.240000 0.825899
vt 0.240000 0.796882
vt 0.240000 0.791042
vt 0.250000 0.804936
vt 0.250000 0.810352
vt 0.240000 0.825899
vt 0.250000 0.839369
vt 0.250000 0.834787
vt 0.240000 0.820893
vt 0.240000 0.791042
vt 0.240000 0.790347
vt 0.250000 0.804323
vt 0.250000 0.804936
vt 0.240000 0.820893
vt 0.250000 0.834787
vt 0.250000 0.834274
vt 0.240000 0.820297
vt 0.240000 0.790347
vt 0.240000 0.794814
vt 0.250000 0.808529
vt 0.250000 0.804323
vt 0.240000 0.820297
vt 0.250000 0.834274
vt 0.250000 0.837841
vt 0.240000 0.824126
vt 0.240000 0.794814
vt 0.240000 0.804334
vt 0.250000 0.817449
vt 0.250000 0.808529
vt 0.240000 0.824126
vt 0.250000 0.837841
vt 0.250000 0.845401
vt 0.240000 0.832286
vt 0.240000 0.804334
vt 0.240000 0.818671
vt 0.250000 0.830864
vt 0.250000 0.817449
vt 0.240000 0.832286
vt 0.250000 0.845401
vt 0.250000 0.856768
vt 0.240000 0.844576
vt 0.240000 0.818671
vt 0.240000 0.837474
vt 0.250000 0.848444
vt 0.250000 0.830864
vt 0.240000 0.844576
vt 0.250000 0.856768
vt 0.250000 0.871662
vt 0.240000 0.860692
vt 0.240000 0.837474
vt 0.240000 0.860279
vt 0.250000 0.869756
vt 0.250000 0.848444
vt 0.240000 0.860692
vt 0.250000 0.871662
vt 0.250000 0.889716
vt 0.240000 0.880239
vt 0.240000 0.860279
vt 0.240000 0.886524
vt 0.250000 0.894274
vt 0.250000 0.869756
vt 0.240000 0.880239
vt 0.250000 0.889716
vt 0.250000 0.910485
vt 0.240000 0.902735
vt 0.240000 0.886524
vt 0.240000 0.915563
vt 0.250000 0.921396
vt 0.250000 0.894274
vt 0.240000 0.902735
vt 0.250000 0.910485
vt 0.250000 0.933459
vt 0.240000 0.927625
vt 0.240000 0.915563
vt 0.240000 0.946681
vt 0.250000 0.950454
vt 0.250000 0.921396
vt 0.240000 0.927625
vt 0.250000 0.933459
vt 0.250000 0.958071
vt 0.240000 0.954298
vt 0.240000 0.946681
vt 0.240000 0.979112
vt 0.250000 0.980732
vt 0.250000 0.950454
vt 0.240000 0.954298
vt 0.250000 0.958071
vt 0.250000 0.983716
vt 0.240000 0.982096
vt 0.240000 0.979112
vt 0.240000 1.012058
vt 0.250000 1.011483
vt 0.250000 0.980732
vt 0.240000 0.982096
vt 0.250000 0.983716
vt 0.250000 1.009761
vt 0.240000 1.010335
vt 0.240000 1.012058
vt 0.240000 1.044706
vt 0.250000 1.041953
vt 0.250000 1.011483
vt 0.240000 1.010335
vt 0.250000 1.009761
vt 0.250000 1.035566
vt 0.240000 1.038320
vt 0.240000 1.044706
vt 0.240000 1.076254
vt 0.250000 1.071389
vt 0.250000 1.041953
vt 0.240000 1.038320
vt 0.250000 1.035566
vt 0.250000 1.060495
vt 0.240000 1.065361
vt 0.240000 1.076254
vt 0.240000 1.105924
vt 0.250000 1.099067
vt 0.250000 1.071389
vt 0.240000 1.065361
vt 0.250000 1.060495
vt 0.250000 1.083935
vt 0.240000 1.090792
vt 0.240000 1.105924
vt 0.240000 1.132986
vt 0.250000 1.124306
vt 0.250000 1.099067
vt 0.240000 1.090792
vt 0.250000 1.083935
vt 0.250000 1.105308
vt 0.240000 1.113988
vt 0.240000 1.132986
vt 0.240000 1.156774
vt 0.250000 1.146484
vt 0.250000 1.124306
vt 0.240000 1.113988
vt 0.250000 1.105308
vt 0.250000 1.124088
vt 0.240000 1.134377
vt 0.240000 1.156774
vt 0.240000 1.176701
vt 0.250000 1.165056
vt 0.250000 1.146484
vt 0.240000 1.134377
vt 0.250000 1.124088
vt 0.250000 1.139813
vt 0.240000 1.151458
vt 0.240000 1.176701
vt 0.240000 1.192277
vt 0.250000 1.179563
vt 0.250000 1.165056
vt 0.240000 1.151458
vt 0.250000 1.139813
vt 0.250000 1.152095
vt 0.240000 1.164809
vt 0.240000 1.192277
vt 0.240000 1.203118
vt 0.250000 1.189648
vt 0.250000 1.179563
vt 0.240000 1.164809
vt 0.250000 1.152095
vt 0.250000 1.160631
vt 0.240000 1.174102
vt 0.240000 1.203118
vt 0.240000 1.208959
vt 0.250000 1.195064
vt 0.250000 1.189648
vt 0.240000 1.174102
vt 0.250000 1.160631
vt 0.250000 1.165213
vt 0.240000 1.179107
vt 0.240000 1.208959
vt 0.240000 1.209654
vt 0.250000 1.195677
vt 0.250000 1.195064
vt 0.240000 1.179107
vt 0.250000 1.165213
vt 0.250000 1.165726
vt 0.240000 1.179703
vt 0.240000 1.209654
vt 0.240000 1.205186
vt 0.250000 1.191471
vt 0.250000 1.195677
vt 0.240000 1.179703
vt 0.250000 1.165726
vt 0.250000 1.162159
vt 0.240000 1.175874
vt 0.240000 1.205186
vt 0.240000 1.195667
vt 0.250000 1.182551
vt 0.250000 1.191471
vt 0.240000 1.175874
vt 0.250000 1.162159
vt 0.250000 1.154599
vt 0.240000 1.167714
vt 0.240000 1.195667
vt 0.240000 1.181329
vt 0.250000 1.169136
vt 0.250000 1.182551
vt 0.240000 1.167714
vt 0.250000 1.154599
vt 0.250000 1.143232
vt 0.240000 1.155425
vt 0.240000 1.181329
vt 0.240000 1.162526
vt 0.250000 1.151556
vt 0.250000 1.169136
vt 0.240000 1.155425
vt 0.250000 1.143232
vt 0.250000 1.128338
vt 0.240000 1.139308
vt 0.240000 1.162526
vt 0.240000 1.139722
vt 0.250000 1.130244
vt 0.250000 1.151556
vt 0.240000 1.139308
vt 0.250000 1.128338
vt 0.250000 1.110284
vt 0.240000 1.119761
vt -0.046574 1.052258
vt -0.036594 1.041060
vt -0.029720 1.046279
vt -0.037826 1.058900
vt 0.066615 1.073242
vt 0.054129 1.082528
vt 0.046024 1.069906
vt 0.056635 1.062044
vt -0.037826 1.058900
vt -0.029720 1.046279
vt -0.022115 1.050358
vt -0.028146 1.064092
vt 0.054129 1.082528
vt 0.040311 1.089781
vt 0.034279 1.076047
vt 0.046024 1.069906
vt -0.028146 1.064092
vt -0.022115 1.050358
vt -0.013965 1.053198
vt -0.017773 1.067706
vt 0.040311 1.089781
vt 0.025499 1.094824
vt 0.021691 1.080316
vt 0.034279 1.076047
vt -0.017773 1.067706
vt -0.013965 1.053198
vt -0.005471 1.054727
vt -0.006963 1.069653
vt 0.025499 1.094824
vt 0.010060 1.097532
vt 0.008568 1.082606
vt 0.021691 1.080316
vt -0.006963 1.069653
vt -0.005471 1.054727
vt 0.003158 1.054909
vt 0.004019 1.069885
vt 0.010060 1.097532
vt -0.005627 1.097838
vt -0.004766 1.082863
vt 0.008568 1.082606
vt 0.004019 1.069885
vt 0.003158 1.054909
vt 0.011709 1.053739
vt 0.014902 1.068395
vt -0.005627 1.097838
vt -0.021175 1.095736
vt -0.017982 1.081079
vt -0.004766 1.082863
vt 0.014902 1.068395
vt 0.011709 1.053739
vt 0.019971 1.051246
vt 0.025418 1.065222
vt -0.021175 1.095736
vt -0.036202 1.091275
vt -0.030755 1.077299
vt -0.017982 1.081079
vt 0.025418 1.065222
vt 0.019971 1.051246
vt 0.027742 1.047491
vt 0.035308 1.060443
vt -0.036202 1.091275
vt -0.050338 1.084568
vt -0.042772 1.071616
vt -0.030755 1.077299
vt 0.035308 1.060443
vt 0.027742 1.047491
vt 0.034830 1.042566
vt 0.044329 1.054175
vt -0.050338 1.084568
vt -0.063234 1.075778
vt -0.053735 1.064169
vt -0.042772 1.071616
vt 0.044329 1.054175
vt 0.034830 1.042566
vt 0.041060 1.036594
vt 0.052258 1.046574
vt -0.063234 1.075778
vt -0.074573 1.065122
vt -0.063375 1.055142
vt -0.053735 1.064169
vt 0.052258 1.046574
vt 0.041060 1.036594
vt 0.046279 1.029720
vt 0.058900 1.037825
vt -0.074573 1.065122
vt -0.084076 1.052863
vt -0.071454 1.044757
vt -0.063375 1.055142
vt 0.058900 1.037825
vt 0.046279 1.029720
vt 0.050358 1.022115
vt 0.064092 1.028146
vt -0.084076 1.052863
vt -0.091508 1.039302
vt -0.077774 1.033271
vt -0.071454 1.044757
vt 0.064092 1.028146
vt 0.050358 1.022115
vt 0.053198 1.013965
vt 0.067706 1.017773
vt -0.091508 1.039302
vt -0.096688 1.024773
vt -0.082179 1.020965
vt -0.077774 1.033271
vt 0.067706 1.017773
vt 0.053198 1.013965
vt 0.054727 1.005471
vt 0.069653 1.006963
vt -0.096688 1.024773
vt -0.099486 1.009634
vt -0.084561 1.008142
vt -0.082179 1.020965
vt 0.069653 1.006963
vt 0.054727 1.005471
vt 0.054909 0.996842
vt 0.069885 0.995981
vt -0.099486 1.009634
vt -0.099835 0.994258
vt -0.084860 0.995120
vt -0.084561 1.008142
vt 0.069885 0.995981
vt 0.054909 0.996842
vt 0.053739 0.988291
vt 0.068395 0.985098
vt -0.099835 0.994258
vt -0.097726 0.979024
vt -0.083070 0.982217
vt -0.084860 0.995120
vt 0.068395 0.985098
vt 0.053739 0.988291
vt 0.051246 0.980029
vt 0.065222 0.974582
vt -0.097726 0.979024
vt -0.093210 0.964306
vt -0.079234 0.969752
vt -0.083070 0.982217
vt 0.065222 0.974582
vt 0.051246 0.980029
vt 0.047491 0.972258
vt 0.060443 0.964692
vt -0.093210 0.964306
vt -0.086399 0.950466
vt -0.073447 0.958032
vt -0.079234 0.969752
vt 0.060443 0.964692
vt 0.047491 0.972258
vt 0.042566 0.965170
vt 0.054175 0.955671
vt -0.086399 0.950466
vt -0.077461 0.937847
vt -0.065852 0.947346
vt -0.073447 0.958032
vt 0.054175 0.955671
vt 0.042566 0.965170
vt 0.036594 0.958940
vt 0.046574 0.947742
vt -0.077461 0.937847
vt -0.066615 0.926758
vt -0.056635 0.937956
vt -0.065852 0.947346
vt 0.046574 0.947742
vt 0.036594 0.958940
vt 0.029720 0.953721
vt 0.037826 0.941100
vt -0.066615 0.926758
vt -0.054129 0.917472
vt -0.046024 0.930094
vt -0.056635 0.937956
vt 0.037826 0.941100
vt 0.029720 0.953721
vt 0.022115 0.949642
vt 0.028146 0.935908
vt -0.054129 0.917472
vt -0.040311 0.910219
vt -0.034279 0.923953
vt -0.046024 0.930094
vt 0.028146 0.935908
vt 0.022115 0.949642
vt 0.013965 0.946802
vt 0.017773 0.932294
vt -0.040311 0.910219
vt -0.025499 0.905176
vt -0.021691 0.919684
vt -0.034279 0.923953
vt 0.017773 0.932294
vt 0.013965 0.946802
vt 0.005471 0.945273
vt 0.006963 0.930347
vt -0.025499 0.905176
vt -0.010060 0.902468
vt -0.008568 0.917394
vt -0.021691 0.919684
vt 0.006963 0.930347
vt 0.005471 0.945273
vt -0.003158 0.945091
vt -0.004019 0.930115
vt -0.010060 0.902468
vt 0.005627 0.902162
vt 0.004766 0.917137
vt -0.008568 0.917394
vt -0.004019 0.930115
vt -0.003158 0.945091
vt -0.011709 0.946261
vt -0.014902 0.931605
vt 0.005627 0.902162
vt 0.021175 0.904264
vt 0.017982 0.918921
vt 0.004766 0.917137
vt -0.014902 0.931605
vt -0.011709 0.946261
vt -0.019971 0.948754
vt -0.025418 0.934778
vt 0.021175 0.904264
vt 0.036202 0.908724
vt 0.030755 0.922701
vt 0.017982 0.918921
vt -0.025418 0.934778
vt -0.019971 0.948754
vt -0.027742 0.952509
vt -0.035308 0.939557
vt 0.036202 0.908724
vt 0.050338 0.915432
vt 0.042772 0.928384
vt 0.030755 0.922701
vt -0.035308 0.939557
vt -0.027742 0.952509
vt -0.034830 0.957434
vt -0.044329 0.945825
vt 0.050338 0.915432
vt 0.063234 0.924222
vt 0.053735 0.935831
vt 0.042772 0.928384
vt -0.044329 0.945825
vt -0.034830 0.957434
vt -0.041060 0.963406
vt -0.052258 0.953426
vt 0.063234 0.924222
vt 0.074573 0.934878
vt 0.063375 0.944858
vt 0.053735 0.935831
vt 0.040000 1.069784
vt 0.030000 1.091716
vt 0.030000 1.076763
vt 0.040000 1.054830
vt 0.040000 0.945170
vt 0.030000 0.923237
vt 0.030000 0.908284
vt 0.040000 0.930216
vt 0.030000 1.091716
vt -0.030000 1.121243
vt -0.030000 1.106289
vt 0.030000 1.076763
vt 0.030000 0.923237
vt -0.030000 0.893711
vt -0.030000 0.878757
vt 0.030000 0.908284
vt -0.030000 1.121332
vt -0.080000 1.118805
vt -0.080000 1.103838
vt -0.030000 1.106365
vt -0.030000 0.893635
vt -0.080000 0.896162
vt -0.080000 0.881195
vt -0.030000 0.878668
vt -0.080000 1.118777
vt -0.120000 1.104741
vt -0.120000 1.089778
vt -0.080000 1.103814
vt -0.080000 0.896186
vt -0.120000 0.910222
vt -0.120000 0.895259
vt -0.080000 0.881223
vt -0.120000 1.104676
vt -0.125000 1.098616
vt -0.125000 1.083663
vt -0.120000 1.089723
vt -0.120000 0.910277
vt -0.125000 0.916337
vt -0.125000 0.901384
vt -0.120000 0.895324
vt -0.025700 1.034500
vt -0.075920 1.032430
vt -0.090500 1.019320
vt -0.090500 0.980680
vt -0.075920 0.967570
vt -0.025700 0.965500
vt -0.009500 0.977920
vt -0.009500 1.022080
vt 0.013955 1.019651
vt 0.013955 0.980349
vt 0.028373 0.969295
vt 0.073069 0.971137
vt 0.086045 0.982805
vt 0.086045 1.017195
vt 0.073069 1.028863
vt 0.028373 1.030705
vt 0.121070 1.015154
vt 0.118534 0.971066
vt 0.121030 0.970923
vt 0.123566 1.015010
vt 0.094158 1.018269
vt 0.092364 0.974146
vt 0.096670 0.976401
vt 0.098267 1.015671
vt 0.117494 0.967827
vt 0.115573 0.947505
vt 0.118062 0.947269
vt 0.119983 0.967592
vt 0.073146 1.034974
vt 0.086416 1.019462
vt 0.089592 1.022426
vt 0.077782 1.036231
vt 0.023973 1.120057
vt 0.074236 1.120176
vt 0.074230 1.122676
vt 0.023967 1.122557
vt 0.020415 1.062878
vt 0.070581 1.065981
vt 0.067658 1.069471
vt 0.023010 1.066709
vt -0.122538 1.024359
vt -0.124219 1.043894
vt -0.126709 1.043680
vt -0.125029 1.024145
vt -0.006836 1.047919
vt 0.004679 1.063789
vt 0.000100 1.064774
vt -0.010148 1.050650
vt -0.118693 0.973822
vt -0.120911 1.012398
vt -0.123407 1.012255
vt -0.121189 0.973678
vt -0.021824 0.979777
vt -0.023394 1.018385
vt -0.027515 1.016090
vt -0.026117 0.981729
vt -0.114898 0.935538
vt -0.116579 0.955074
vt -0.119070 0.954859
vt -0.117389 0.935324
vt 0.009457 0.936743
vt -0.003217 0.951703
vt -0.006315 0.948731
vt 0.004966 0.935417
vt -0.074804 1.119823
vt -0.024542 1.119942
vt -0.024547 1.122442
vt -0.074810 1.122323
vt 0.071022 0.934494
vt 0.020836 0.937261
vt 0.023457 0.933446
vt 0.068123 0.930984
vt 0.123362 1.029910
vt 0.121441 1.009588
vt 0.123930 1.009352
vt 0.125851 1.029675
vt 0.084785 0.974348
vt 0.070429 0.959835
vt 0.074962 0.958246
vt 0.087738 0.971162
vt 0.713000 0.340000
vt 0.710000 0.726000
vt 0.506000 0.720000
vt 0.684000 0.271000
vt 0.713000 0.340000
vt 0.506000 0.720000
vt 0.611000 0.181000
vt 0.684000 0.271000
vt 0.506000 0.720000
vt 0.554000 0.250000
vt 0.611000 0.181000
vt 0.506000 0.720000
vt 0.508000 0.332000
vt 0.554000 0.250000
vt 0.506000 0.720000
usemtl Surface_1
f 4/4 2/2 1/1
usemtl Surface_1
f 3/3 2/2 4/4
usemtl Surface_0
f 8/8 6/6 5/5
usemtl Surface_0
f 7/7 6/6 8/8
usemtl Surface_1
f 12/12 10/10 9/9
usemtl Surface_1
f 11/11 10/10 12/12
usemtl Surface_0
f 16/16 14/14 13/13
usemtl Surface_0
f 15/15 14/14 16/16
usemtl Surface_1
f 20/20 18/18 17/17
usemtl Surface_1
f 19/19 18/18 20/20
usemtl Surface_0
f 24/24 22/22 21/21
usemtl Surface_0
f 23/23 22/22 24/24
usemtl Surface_1
f 28/28 26/26 25/25
usemtl Surface_1
f 27/27 26/26 28/28
usemtl Surface_0
f 32/32 30/30 29/29
usemtl Surface_0
f 31/31 30/30 32/32
usemtl Surface_1
f 36/36 34/34 33/33
usemtl Surface_1
f 35/35 34/34 36/36
usemtl Surface_0
f 40/40 38/38 37/37
usemtl Surface_0
f 39/39 38/38 40/40
usemtl Surface_1
f 44/44 42/42 41/41
usemtl Surface_1
f 43/43 42/42 44/44
usemtl Surface_0
f 48/48 46/46 45/45
usemtl Surface_0
f 47/47 46/46 48/48
usemtl Surface_1
f 52/52 50/50 49/49
usemtl Surface_1
f 51/51 50/50 52/52
usemtl Surface_0
f 56/56 54/54 53/53
usemtl Surface_0
f 55/55 54/54 56/56
usemtl Surface_1
f 60/60 58/58 57/57
usemtl Surface_1
f 59/59 58/58 60/60
usemtl Surface_0
f 64/64 62/62 61/61
usemtl Surface_0
f 63/63 62/62 64/64
usemtl Surface_1
f 68/68 66/66 65/65
usemtl Surface_1
f 67/67 66/66 68/68
usemtl Surface_0
f 72/72 70/70 69/69
usemtl Surface_0
f 71/71 70/70 72/72
usemtl Surface_1
f 76/76 74/74 73/73
usemtl Surface_1
f 75/75 74/74 76/76
usemtl Surface_0
f 80/80 78/78 77/77
usemtl Surface_0
f 79/79 78/78 80/80
usemtl Surface_1
f 84/84 82/82 81/81
usemtl Surface_1
f 83/83 82/82 84/84
usemtl Surface_0
f 88/88 86/86 85/85
usemtl Surface_0
f 87/87 86/86 88/88
usemtl Surface_1
f 92/92 90/90 89/89
usemtl Surface_1
f 91/91 90/90 92/92
usemtl Surface_0
f 96/96 94/94 93/93
usemtl Surface_0
f 95/95 94/94 96/96
usemtl Surface_1
f 100/100 98/98 97/97
usemtl Surface_1
f 99/99 98/98 100/100
usemtl Surface_0
f 104/104 102/102 101/101
usemtl Surface_0
f 103/103 102/102 104/104
usemtl Surface_1
f 108/108 106/106 105/105
usemtl Surface_1
f 107/107 106/106 108/108
usemtl Surface_0
f 112/112 110/110 109/109
usemtl Surface_0
f 111/111 110/110 112/112
usemtl Surface_1
f 116/116 114/114 113/113
usemtl Surface_1
f 115/115 114/114 116/116
usemtl Surface_0
f 120/120 118/118 117/117
usemtl Surface_0
f 119/119 118/118 120/120
usemtl Surface_1
f 124/124 122/122 121/121
usemtl Surface_1
f 123/123 122/122 124/124
usemtl Surface_0
f 128/128 126/126 125/125
usemtl Surface_0
f 127/127 126/126 128/128
usemtl Surface_1
f 132/132 130/130 129/129
usemtl Surface_1
f 131/131 130/130 132/132
usemtl Surface_0
f 136/136 134/134 133/133
usemtl Surface_0
f 135/135 134/134 136/136
usemtl Surface_1
f 140/140 138/138 137/137
usemtl Surface_1
f 139/139 138/138 140/140
usemtl Surface_0
f 144/144 142/142 141/141
usemtl Surface_0
f 143/143 142/142 144/144
usemtl Surface_1
f 148/148 146/146 145/145
usemtl Surface_1
f 147/147 146/146 148/148
usemtl Surface_0
f 152/152 150/150 149/149
usemtl Surface_0
f 151/151 150/150 152/152
usemtl Surface_1
f 156/156 154/154 153/153
usemtl Surface_1
f 155/155 154/154 156/156
usemtl Surface_0
f 160/160 158/158 157/157
usemtl Surface_0
f 159/159 158/158 160/160
usemtl Surface_1
f 164/164 162/162 161/161
usemtl Surface_1
f 163/163 162/162 164/164
usemtl Surface_0
f 168/168 166/166 165/165
usemtl Surface_0
f 167/167 166/166 168/168
usemtl Surface_1
f 172/172 170/170 169/169
usemtl Surface_1
f 171/171 170/170 172/172
usemtl Surface_0
f 176/176 174/174 173/173
usemtl Surface_0
f 175/175 174/174 176/176
usemtl Surface_1
f 180/180 178/178 177/177
usemtl Surface_1
f 179/179 178/178 180/180
usemtl Surface_0
f 184/184 182/182 181/181
usemtl Surface_0
f 183/183 182/182 184/184
usemtl Surface_1
f 188/188 186/186 185/185
usemtl Surface_1
f 187/187 186/186 188/188
usemtl Surface_0
f 192/192 190/190 189/189
usemtl Surface_0
f 191/191 190/190 192/192
usemtl Surface_0
f 196/196 194/194 193/193
usemtl Surface_0
f 195/195 194/194 196/196
usemtl Surface_0
f 200/200 198/198 197/197
usemtl Surface_0
f 199/199 198/198 200/200
usemtl Surface_0
f 204/204 202/202 201/201
usemtl Surface_0
f 203/203 202/202 204/204
usemtl Surface_0
f 208/208 206/206 205/205
usemtl Surface_0
f 207/207 206/206 208/208
usemtl Surface_0
f 212/212 210/210 209/209
usemtl Surface_0
f 211/211 210/210 212/212
usemtl Surface_0
f 216/216 214/214 213/213
usemtl Surface_0
f 215/215 214/214 216/216
usemtl Surface_0
f 220/220 218/218 217/217
usemtl Surface_0
f 219/219 218/218 220/220
usemtl Surface_0
f 224/224 222/222 221/221
usemtl Surface_0
f 223/223 222/222 224/224
usemtl Surface_0
f 228/228 226/226 225/225
usemtl Surface_0
f 227/227 226/226 228/228
usemtl Surface_0
f 232/232 230/230 229/229
usemtl Surface_0
f 231/231 230/230 232/232
usemtl Surface_0
f 236/236 234/234 233/233
usemtl Surface_0
f 235/235 234/234 236/236
usemtl Surface_0
f 240/240 238/238 237/237
usemtl Surface_0
f 239/239 238/238 240/240
usemtl Surface_0
f 244/244 242/242 241/241
usemtl Surface_0
f 243/243 242/242 244/244
usemtl Surface_0
f 248/248 246/246 245/245
usemtl Surface_0
f 247/247 246/246 248/248
usemtl Surface_0
f 252/252 250/250 249/249
usemtl Surface_0
f 251/251 250/250 252/252
usemtl Surface_0
f 256/256 254/254 253/253
usemtl Surface_0
f 255/255 254/254 256/256
usemtl Surface_0
f 260/260 258/258 257/257
usemtl Surface_0
f 259/259 258/258 260/260
usemtl Surface_0
f 264/264 262/262 261/261
usemtl Surface_0
f 263/263 262/262 264/264
usemtl Surface_0
f 268/268 266/266 265/265
usemtl Surface_0
f 267/267 266/266 268/268
usemtl Surface_0
f 272/272 270/270 269/269
usemtl Surface_0
f 271/271 270/270 272/272
usemtl Surface_0
f 276/276 274/274 273/273
usemtl Surface_0
f 275/275 274/274 276/276
usemtl Surface_0
f 280/280 278/278 277/277
usemtl Surface_0
f 279/279 278/278 280/280
usemtl Surface_0
f 284/284 282/282 281/281
usemtl Surface_0
f 283/283 282/282 284/284
usemtl Surface_0
f 288/288 286/286 285/285
usemtl Surface_0
f 287/287 286/286 288/288
usemtl Surface_0
f 292/292 290/290 289/289
usemtl Surface_0
f 291/291 290/290 292/292
usemtl Surface_0
f 296/296 294/294 293/293
usemtl Surface_0
f 295/295 294/294 296/296
usemtl Surface_0
f 300/300 298/298 297/297
usemtl Surface_0
f 299/299 298/298 300/300
usemtl Surface_0
f 304/304 302/302 301/301
usemtl Surface_0
f 303/303 302/302 304/304
usemtl Surface_0
f 308/308 306/306 305/305
usemtl Surface_0
f 307/307 306/306 308/308
usemtl Surface_0
f 312/312 310/310 309/309
usemtl Surface_0
f 311/311 310/310 312/312
usemtl Surface_0
f 316/316 314/314 313/313
usemtl Surface_0
f 315/315 314/314 316/316
usemtl Surface_0
f 320/320 318/318 317/317
usemtl Surface_0
f 319/319 318/318 320/320
usemtl Surface_0
f 324/324 322/322 321/321
usemtl Surface_0
f 323/323 322/322 324/324
usemtl Surface_0
f 328/328 326/326 325/325
usemtl Surface_0
f 327/327 326/326 328/328
usemtl Surface_0
f 332/332 330/330 329/329
usemtl Surface_0
f 331/331 330/330 332/332
usemtl Surface_0
f 336/336 334/334 333/333
usemtl Surface_0
f 335/335 334/334 336/336
usemtl Surface_0
f 340/340 338/338 337/337
usemtl Surface_0
f 339/339 338/338 340/340
usemtl Surface_0
f 344/344 342/342 341/341
usemtl Surface_0
f 343/343 342/342 344/344
usemtl Surface_0
f 348/348 346/346 345/345
usemtl Surface_0
f 347/347 346/346 348/348
usemtl Surface_0
f 352/352 350/350 349/349
usemtl Surface_0
f 351/351 350/350 352/352
usemtl Surface_0
f 356/356 354/354 353/353
usemtl Surface_0
f 355/355 354/354 356/356
usemtl Surface_0
f 360/360 358/358 357/357
usemtl Surface_0
f 359/359 358/358 360/360
usemtl Surface_0
f 364/364 362/362 361/361
usemtl Surface_0
f 363/363 362/362 364/364
usemtl Surface_0
f 368/368 366/366 365/365
usemtl Surface_0
f 367/367 366/366 368/368
usemtl Surface_0
f 372/372 370/370 369/369
usemtl Surface_0
f 371/371 370/370 372/372
usemtl Surface_0
f 376/376 374/374 373/373
usemtl Surface_0
f 375/375 374/374 376/376
usemtl Surface_0
f 380/380 378/378 377/377
usemtl Surface_0
f 379/379 378/378 380/380
usemtl Surface_0
f 384/384 382/382 381/381
usemtl Surface_0
f 383/383 382/382 384/384
usemtl Surface_0
f 388/388 386/386 385/385
usemtl Surface_0
f 387/387 386/386 388/388
usemtl Surface_0
f 392/392 390/390 389/389
usemtl Surface_0
f 391/391 390/390 392/392
usemtl Surface_0
f 396/396 394/394 393/393
usemtl Surface_0
f 395/395 394/394 396/396
usemtl Surface_0
f 400/400 398/398 397/397
usemtl Surface_0
f 399/399 398/398 400/400
usemtl Surface_0
f 404/404 402/402 401/401
usemtl Surface_0
f 403/403 402/402 404/404
usemtl Surface_0
f 408/408 406/406 405/405
usemtl Surface_0
f 407/407 406/406 408/408
usemtl Surface_0
f 412/412 410/410 409/409
usemtl Surface_0
f 411/411 410/410 412/412
usemtl Surface_0
f 416/416 414/414 413/413
usemtl Surface_0
f 415/415 414/414 416/416
usemtl Surface_0
f 420/420 418/418 417/417
usemtl Surface_0
f 419/419 418/418 420/420
usemtl Surface_0
f 424/424 422/422 421/421
usemtl Surface_0
f 423/423 422/422 424/424
usemtl Surface_0
f 428/428 426/426 425/425
usemtl Surface_0
f 427/427 426/426 428/428
usemtl Surface_0
f 432/432 430/430 429/429
usemtl Surface_0
f 431/431 430/430 432/432
usemtl Surface_0
f 436/436 434/434 433/433
usemtl Surface_0
f 435/435 434/434 436/436
usemtl Surface_0
f 440/440 438/438 437/437
usemtl Surface_0
f 439/439 438/438 440/440
usemtl Surface_0
f 444/444 442/442 441/441
usemtl Surface_0
f 443/443 442/442 444/444
usemtl Surface_0
f 448/448 446/446 445/445
usemtl Surface_0
f 447/447 446/446 448/448
usemtl Surface_0
f 452/452 450/450 449/449
usemtl Surface_0
f 451/451 450/450 452/452
usemtl Surface_0
f 456/456 454/454 453/453
usemtl Surface_0
f 455/455 454/454 456/456
usemtl Surface_0
f 460/460 458/458 457/457
usemtl Surface_0
f 459/459 458/458 460/460
usemtl Surface_0
f 464/464 462/462 461/461
usemtl Surface_0
f 463/463 462/462 464/464
usemtl Surface_0
f 468/468 466/466 465/465
usemtl Surface_0
f 467/467 466/466 468/468
usemtl Surface_0
f 472/472 470/470 469/469
usemtl Surface_0
f 471/471 470/470 472/472
usemtl Surface_0
f 476/476 474/474 473/473
usemtl Surface_0
f 475/475 474/474 476/476
usemtl Surface_0
f 480/480 478/478 477/477
usemtl Surface_0
f 479/479 478/478 480/480
usemtl Surface_0
f 484/484 482/482 481/481
usemtl Surface_0
f 483/483 482/482 484/484
usemtl Surface_0
f 488/488 486/486 485/485
usemtl Surface_0
f 487/487 486/486 488/488
usemtl Surface_0
f 492/492 490/490 489/489
usemtl Surface_0
f 491/491 490/490 492/492
usemtl Surface_0
f 496/496 494/494 493/493
usemtl Surface_0
f 495/495 494/494 496/496
usemtl Surface_0
f 500/500 498/498 497/497
usemtl Surface_0
f 499/499 498/498 500/500
usemtl Surface_0
f 504/504 502/502 501/501
usemtl Surface_0
f 503/503 502/502 504/504
usemtl Surface_0
f 508/508 506/506 505/505
usemtl Surface_0
f 507/507 506/506 508/508
usemtl Surface_0
f 512/512 510/510 509/509
usemtl Surface_0
f 511/511 510/510 512/512
usemtl Surface_0
f 516/516 514/514 513/513
usemtl Surface_0
f 515/515 514/514 516/516
usemtl Surface_0
f 520/520 518/518 517/517
usemtl Surface_0
f 519/519 518/518 520/520
usemtl Surface_0
f 524/524 522/522 521/521
usemtl Surface_0
f 523/523 522/522 524/524
usemtl Surface_0
f 528/528 526/526 525/525
usemtl Surface_0
f 527/527 526/526 528/528
usemtl Surface_0
f 532/532 530/530 529/529
usemtl Surface_0
f 531/531 530/530 532/532
usemtl Surface_0
f 536/536 534/534 533/533
usemtl Surface_0
f 535/535 534/534 536/536
usemtl Surface_0
f 540/540 538/538 537/537
usemtl Surface_0
f 539/539 538/538 540/540
usemtl Surface_0
f 544/544 542/542 541/541
usemtl Surface_0
f 543/543 542/542 544/544
usemtl Surface_0
f 548/548 546/546 545/545
usemtl Surface_0
f 547/547 546/546 548/548
usemtl Surface_0
f 552/552 550/550 549/549
usemtl Surface_0
f 551/551 550/550 552/552
usemtl Surface_0
f 556/556 554/554 553/553
usemtl Surface_0
f 555/555 554/554 556/556
usemtl Surface_0
f 560/560 558/558 557/557
usemtl Surface_0
f 559/559 558/558 560/560
usemtl Surface_0
f 564/564 562/562 561/561
usemtl Surface_0
f 563/563 562/562 564/564
usemtl Surface_0
f 568/568 566/566 565/565
usemtl Surface_0
f 567/567 566/566 568/568
usemtl Surface_0
f 572/572 570/570 569/569
usemtl Surface_0
f 571/571 570/570 572/572
usemtl Surface_0
f 576/576 574/574 573/573
usemtl Surface_0
f 575/575 574/574 576/576
usemtl Surface_1
f 580/580 578/578 577/577
usemtl Surface_1
f 579/579 578/578 580/580
usemtl Surface_0
f 584/584 582/582 581/581
usemtl Surface_0
f 583/583 582/582 584/584
usemtl Surface_1
f 588/588 586/586 585/585
usemtl Surface_1
f 587/587 586/586 588/588
usemtl Surface_0
f 592/592 590/590 589/589
usemtl Surface_0
f 591/591 590/590 592/592
usemtl Surface_1
f 596/596 594/594 593/593
usemtl Surface_1
f 595/595 594/594 596/596
usemtl Surface_0
f 600/600 598/598 597/597
usemtl Surface_0
f 599/599 598/598 600/600
usemtl Surface_1
f 604/604 602/602 601/601
usemtl Surface_1
f 603/603 602/602 604/604
usemtl Surface_0
f 608/608 606/606 605/605
usemtl Surface_0
f 607/607 606/606 608/608
usemtl Surface_1
f 612/612 610/610 609/609
usemtl Surface_1
f 611/611 610/610 612/612
usemtl Surface_0
f 616/616 614/614 613/613
usemtl Surface_0
f 615/615 614/614 616/616
usemtl Surface_1
f 620/620 618/618 617/617
usemtl Surface_1
f 619/619 618/618 620/620
usemtl Surface_0
f 624/624 622/622 621/621
usemtl Surface_0
f 623/623 622/622 624/624
usemtl Surface_1
f 628/628 626/626 625/625
usemtl Surface_1
f 627/627 626/626 628/628
usemtl Surface_0
f 632/632 630/630 629/629
usemtl Surface_0
f 631/631 630/630 632/632
usemtl Surface_1
f 636/636 634/634 633/633
usemtl Surface_1
f 635/635 634/634 636/636
usemtl Surface_0
f 640/640 638/638 637/637
usemtl Surface_0
f 639/639 638/638 640/640
usemtl Surface_1
f 644/644 642/642 641/641
usemtl Surface_1
f 643/643 642/642 644/644
usemtl Surface_0
f 648/648 646/646 645/645
usemtl Surface_0
f 647/647 646/646 648/648
usemtl Surface_1
f 652/652 650/650 649/649
usemtl Surface_1
f 651/651 650/650 652/652
usemtl Surface_0
f 656/656 654/654 653/653
usemtl Surface_0
f 655/655 654/654 656/656
usemtl Surface_1
f 660/660 658/658 657/657
usemtl Surface_1
f 659/659 658/658 660/660
usemtl Surface_0
f 664/664 662/662 661/661
usemtl Surface_0
f 663/663 662/662 664/664
usemtl Surface_1
f 668/668 666/666 665/665
usemtl Surface_1
f 667/667 666/666 668/668
usemtl Surface_0
f 672/672 670/670 669/669
usemtl Surface_0
f 671/671 670/670 672/672
usemtl Surface_1
f 676/676 674/674 673/673
usemtl Surface_1
f 675/675 674/674 676/676
usemtl Surface_0
f 680/680 678/678 677/677
usemtl Surface_0
f 679/679 678/678 680/680
usemtl Surface_1
f 684/684 682/682 681/681
usemtl Surface_1
f 683/683 682/682 684/684
usemtl Surface_0
f 688/688 686/686 685/685
usemtl Surface_0
f 687/687 686/686 688/688
usemtl Surface_1
f 692/692 690/690 689/689
usemtl Surface_1
f 691/691 690/690 692/692
usemtl Surface_0
f 696/696 694/694 693/693
usemtl Surface_0
f 695/695 694/694 696/696
usemtl Surface_1
f 700/700 698/698 697/697
usemtl Surface_1
f 699/699 698/698 700/700
usemtl Surface_0
f 704/704 702/702 701/701
usemtl Surface_0
f 703/703 702/702 704/704
usemtl Surface_1
f 708/708 706/706 705/705
usemtl Surface_1
f 707/707 706/706 708/708
usemtl Surface_0
f 712/712 710/710 709/709
usemtl Surface_0
f 711/711 710/710 712/712
usemtl Surface_1
f 716/716 714/714 713/713
usemtl Surface_1
f 715/715 714/714 716/716
usemtl Surface_0
f 720/720 718/718 717/717
usemtl Surface_0
f 719/719 718/718 720/720
usemtl Surface_1
f 724/724 722/722 721/721
usemtl Surface_1
f 723/723 722/722 724/724
usemtl Surface_0
f 728/728 726/726 725/725
usemtl Surface_0
f 727/727 726/726 728/728
usemtl Surface_1
f 732/732 730/730 729/729
usemtl Surface_1
f 731/731 730/730 732/732
usemtl Surface_0
f 736/736 734/734 733/733
usemtl Surface_0
f 735/735 734/734 736/736
usemtl Surface_1
f 740/740 738/738 737/737
usemtl Surface_1
f 739/739 738/738 740/740
usemtl Surface_0
f 744/744 742/742 741/741
usemtl Surface_0
f 743/743 742/742 744/744
usemtl Surface_1
f 748/748 746/746 745/745
usemtl Surface_1
f 747/747 746/746 748/748
usemtl Surface_0
f 752/752 750/750 749/749
usemtl Surface_0
f 751/751 750/750 752/752
usemtl Surface_1
f 756/756 754/754 753/753
usemtl Surface_1
f 755/755 754/754 756/756
usemtl Surface_0
f 760/760 758/758 757/757
usemtl Surface_0
f 759/759 758/758 760/760
usemtl Surface_1
f 764/764 762/762 761/761
usemtl Surface_1
f 763/763 762/762 764/764
usemtl Surface_0
f 768/768 766/766 765/765
usemtl Surface_0
f 767/767 766/766 768/768
usemtl Surface_1
f 772/772 770/770 769/769
usemtl Surface_1
f 771/771 770/770 772/772
usemtl Surface_1
f 776/776 774/774 773/773
usemtl Surface_1
f 775/775 774/774 776/776
usemtl Surface_1
f 780/780 778/778 777/777
usemtl Surface_1
f 779/779 778/778 780/780
usemtl Surface_1
f 784/784 782/782 781/781
usemtl Surface_1
f 783/783 782/782 784/784
usemtl Surface_1
f 788/788 786/786 785/785
usemtl Surface_1
f 787/787 786/786 788/788
usemtl Surface_1
f 792/792 790/790 789/789
usemtl Surface_1
f 791/791 790/790 792/792
usemtl Surface_1
f 796/796 794/794 793/793
usemtl Surface_1
f 795/795 794/794 796/796
usemtl Surface_1
f 800/800 798/798 797/797
usemtl Surface_1
f 799/799 798/798 800/800
usemtl Surface_1
f 804/804 802/802 801/801
usemtl Surface_1
f 803/803 802/802 804/804
usemtl Surface_1
f 808/808 806/806 805/805
usemtl Surface_1
f 807/807 806/806 808/808
usemtl Surface_1
f 812/812 810/810 809/809
usemtl Surface_1
f 811/811 810/810 812/812
usemtl Surface_1
f 816/816 814/814 813/813
usemtl Surface_1
f 815/815 814/814 816/816
usemtl Surface_1
f 820/820 818/818 817/817
usemtl Surface_1
f 819/819 818/818 820/820
usemtl Surface_1
f 824/824 822/822 821/821
usemtl Surface_1
f 823/823 822/822 824/824
usemtl Surface_1
f 828/828 826/826 825/825
usemtl Surface_1
f 827/827 826/826 828/828
usemtl Surface_1
f 832/832 830/830 829/829
usemtl Surface_1
f 831/831 830/830 832/832
usemtl Surface_1
f 836/836 834/834 833/833
usemtl Surface_1
f 835/835 834/834 836/836
usemtl Surface_1
f 840/840 838/838 837/837
usemtl Surface_1
f 839/839 838/838 840/840
usemtl Surface_1
f 844/844 842/842 841/841
usemtl Surface_1
f 843/843 842/842 844/844
usemtl Surface_1
f 848/848 846/846 845/845
usemtl Surface_1
f 847/847 846/846 848/848
usemtl Surface_1
f 852/852 850/850 849/849
usemtl Surface_1
f 851/851 850/850 852/852
usemtl Surface_1
f 856/856 854/854 853/853
usemtl Surface_1
f 855/855 854/854 856/856
usemtl Surface_1
f 860/860 858/858 857/857
usemtl Surface_1
f 859/859 858/858 860/860
usemtl Surface_1
f 864/864 862/862 861/861
usemtl Surface_1
f 863/863 862/862 864/864
usemtl Surface_1
f 868/868 866/866 865/865
usemtl Surface_1
f 867/867 866/866 868/868
usemtl Surface_1
f 872/872 870/870 869/869
usemtl Surface_1
f 871/871 870/870 872/872
usemtl Surface_1
f 876/876 874/874 873/873
usemtl Surface_1
f 875/875 874/874 876/876
usemtl Surface_1
f 880/880 878/878 877/877
usemtl Surface_1
f 879/879 878/878 880/880
usemtl Surface_1
f 884/884 882/882 881/881
usemtl Surface_1
f 883/883 882/882 884/884
usemtl Surface_1
f 888/888 886/886 885/885
usemtl Surface_1
f 887/887 886/886 888/888
usemtl Surface_1
f 892/892 890/890 889/889
usemtl Surface_1
f 891/891 890/890 892/892
usemtl Surface_1
f 896/896 894/894 893/893
usemtl Surface_1
f 895/895 894/894 896/896
usemtl Surface_1
f 900/900 898/898 897/897
usemtl Surface_1
f 899/899 898/898 900/900
usemtl Surface_1
f 904/904 902/902 901/901
usemtl Surface_1
f 903/903 902/902 904/904
usemtl Surface_1
f 908/908 906/906 905/905
usemtl Surface_1
f 907/907 906/906 908/908
usemtl Surface_1
f 912/912 910/910 909/909
usemtl Surface_1
f 911/911 910/910 912/912
usemtl Surface_1
f 916/916 914/914 913/913
usemtl Surface_1
f 915/915 914/914 916/916
usemtl Surface_1
f 920/920 918/918 917/917
usemtl Surface_1
f 919/919 918/918 920/920
usemtl Surface_1
f 924/924 922/922 921/921
usemtl Surface_1
f 923/923 922/922 924/924
usemtl Surface_1
f 928/928 926/926 925/925
usemtl Surface_1
f 927/927 926/926 928/928
usemtl Surface_1
f 932/932 930/930 929/929
usemtl Surface_1
f 931/931 930/930 932/932
usemtl Surface_1
f 936/936 934/934 933/933
usemtl Surface_1
f 935/935 934/934 936/936
usemtl Surface_1
f 940/940 938/938 937/937
usemtl Surface_1
f 939/939 938/938 940/940
usemtl Surface_1
f 944/944 942/942 941/941
usemtl Surface_1
f 943/943 942/942 944/944
usemtl Surface_1
f 948/948 946/946 945/945
usemtl Surface_1
f 947/947 946/946 948/948
usemtl Surface_1
f 952/952 950/950 949/949
usemtl Surface_1
f 951/951 950/950 952/952
usemtl Surface_1
f 956/956 954/954 953/953
usemtl Surface_1
f 955/955 954/954 956/956
usemtl Surface_1
f 960/960 958/958 957/957
usemtl Surface_1
f 959/959 958/958 960/960
usemtl Surface_1
f 964/964 962/962 961/961
usemtl Surface_1
f 963/963 962/962 964/964
usemtl Surface_1
f 968/968 966/966 965/965
usemtl Surface_1
f 967/967 966/966 968/968
usemtl Surface_1
f 972/972 970/970 969/969
usemtl Surface_1
f 971/971 970/970 972/972
usemtl Surface_1
f 976/976 974/974 973/973
usemtl Surface_1
f 975/975 974/974 976/976
usemtl Surface_1
f 980/980 978/978 977/977
usemtl Surface_1
f 979/979 978/978 980/980
usemtl Surface_1
f 984/984 982/982 981/981
usemtl Surface_1
f 983/983 982/982 984/984
usemtl Surface_1
f 988/988 986/986 985/985
usemtl Surface_1
f 987/987 986/986 988/988
usemtl Surface_1
f 992/992 990/990 989/989
usemtl Surface_1
f 991/991 990/990 992/992
usemtl Surface_4
f 996/996 994/994 993/993
usemtl Surface_4
f 995/995 994/994 996/996
usemtl Surface_0
f 1000/1000 998/998 997/997
usemtl Surface_0
f 999/999 998/998 1000/1000
usemtl Surface_4
f 1004/1004 1002/1002 1001/1001
usemtl Surface_4
f 1003/1003 1002/1002 1004/1004
usemtl Surface_0
f 1008/1008 1006/1006 1005/1005
usemtl Surface_0
f 1007/1007 1006/1006 1008/1008
usemtl Surface_4
f 1012/1012 1010/1010 1009/1009
usemtl Surface_4
f 1011/1011 1010/1010 1012/1012
usemtl Surface_0
f 1016/1016 1014/1014 1013/1013
usemtl Surface_0
f 1015/1015 1014/1014 1016/1016
usemtl Surface_4
f 1020/1020 1018/1018 1017/1017
usemtl Surface_4
f 1019/1019 1018/1018 1020/1020
usemtl Surface_0
f 1024/1024 1022/1022 1021/1021
usemtl Surface_0
f 1023/1023 1022/1022 1024/1024
usemtl Surface_4
f 1028/1028 1026/1026 1025/1025
usemtl Surface_4
f 1027/1027 1026/1026 1028/1028
usemtl Surface_0
f 1032/1032 1030/1030 1029/1029
usemtl Surface_0
f 1031/1031 1030/1030 1032/1032
usemtl Surface_4
f 1036/1036 1034/1034 1033/1033
usemtl Surface_4
f 1035/1035 1034/1034 1036/1036
usemtl Surface_0
f 1040/1040 1038/1038 1037/1037
usemtl Surface_0
f 1039/1039 1038/1038 1040/1040
usemtl Surface_4
f 1044/1044 1042/1042 1041/1041
usemtl Surface_4
f 1043/1043 1042/1042 1044/1044
usemtl Surface_0
f 1048/1048 1046/1046 1045/1045
usemtl Surface_0
f 1047/1047 1046/1046 1048/1048
usemtl Surface_4
f 1052/1052 1050/1050 1049/1049
usemtl Surface_4
f 1051/1051 1050/1050 1052/1052
usemtl Surface_0
f 1056/1056 1054/1054 1053/1053
usemtl Surface_0
f 1055/1055 1054/1054 1056/1056
usemtl Surface_4
f 1060/1060 1058/1058 1057/1057
usemtl Surface_4
f 1059/1059 1058/1058 1060/1060
usemtl Surface_0
f 1064/1064 1062/1062 1061/1061
usemtl Surface_0
f 1063/1063 1062/1062 1064/1064
usemtl Surface_4
f 1068/1068 1066/1066 1065/1065
usemtl Surface_4
f 1067/1067 1066/1066 1068/1068
usemtl Surface_0
f 1072/1072 1070/1070 1069/1069
usemtl Surface_0
f 1071/1071 1070/1070 1072/1072
usemtl Surface_4
f 1076/1076 1074/1074 1073/1073
usemtl Surface_4
f 1075/1075 1074/1074 1076/1076
usemtl Surface_0
f 1080/1080 1078/1078 1077/1077
usemtl Surface_0
f 1079/1079 1078/1078 1080/1080
usemtl Surface_4
f 1084/1084 1082/1082 1081/1081
usemtl Surface_4
f 1083/1083 1082/1082 1084/1084
usemtl Surface_0
f 1088/1088 1086/1086 1085/1085
usemtl Surface_0
f 1087/1087 1086/1086 1088/1088
usemtl Surface_4
f 1092/1092 1090/1090 1089/1089
usemtl Surface_4
f 1091/1091 1090/1090 1092/1092
usemtl Surface_0
f 1096/1096 1094/1094 1093/1093
usemtl Surface_0
f 1095/1095 1094/1094 1096/1096
usemtl Surface_4
f 1100/1100 1098/1098 1097/1097
usemtl Surface_4
f 1099/1099 1098/1098 1100/1100
usemtl Surface_0
f 1104/1104 1102/1102 1101/1101
usemtl Surface_0
f 1103/1103 1102/1102 1104/1104
usemtl Surface_4
f 1108/1108 1106/1106 1105/1105
usemtl Surface_4
f 1107/1107 1106/1106 1108/1108
usemtl Surface_0
f 1112/1112 1110/1110 1109/1109
usemtl Surface_0
f 1111/1111 1110/1110 1112/1112
usemtl Surface_4
f 1116/1116 1114/1114 1113/1113
usemtl Surface_4
f 1115/1115 1114/1114 1116/1116
usemtl Surface_0
f 1120/1120 1118/1118 1117/1117
usemtl Surface_0
f 1119/1119 1118/1118 1120/1120
usemtl Surface_0
f 1124/1124 1122/1122 1121/1121
usemtl Surface_0
f 1123/1123 1122/1122 1124/1124
usemtl Surface_0
f 1128/1128 1126/1126 1125/1125
usemtl Surface_0
f 1127/1127 1126/1126 1128/1128
usemtl Surface_0
f 1132/1132 1130/1130 1129/1129
usemtl Surface_0
f 1131/1131 1130/1130 1132/1132
usemtl Surface_0
f 1136/1136 1134/1134 1133/1133
usemtl Surface_0
f 1135/1135 1134/1134 1136/1136
usemtl Surface_0
f 1140/1140 1138/1138 1137/1137
usemtl Surface_0
f 1139/1139 1138/1138 1140/1140
usemtl Surface_0
f 1144/1144 1142/1142 1141/1141
usemtl Surface_0
f 1143/1143 1142/1142 1144/1144
usemtl Surface_0
f 1148/1148 1146/1146 1145/1145
usemtl Surface_0
f 1147/1147 1146/1146 1148/1148
usemtl Surface_0
f 1152/1152 1150/1150 1149/1149
usemtl Surface_0
f 1151/1151 1150/1150 1152/1152
usemtl Surface_0
f 1156/1156 1154/1154 1153/1153
usemtl Surface_0
f 1155/1155 1154/1154 1156/1156
usemtl Surface_0
f 1160/1160 1158/1158 1157/1157
usemtl Surface_0
f 1159/1159 1158/1158 1160/1160
usemtl Surface_0
f 1164/1164 1162/1162 1161/1161
usemtl Surface_0
f 1163/1163 1162/1162 1164/1164
usemtl Surface_0
f 1168/1168 1166/1166 1165/1165
usemtl Surface_0
f 1167/1167 1166/1166 1168/1168
usemtl Surface_0
f 1172/1172 1170/1170 1169/1169
usemtl Surface_0
f 1171/1171 1170/1170 1172/1172
usemtl Surface_0
f 1176/1176 1174/1174 1173/1173
usemtl Surface_0
f 1175/1175 1174/1174 1176/1176
usemtl Surface_0
f 1180/1180 1178/1178 1177/1177
usemtl Surface_0
f 1179/1179 1178/1178 1180/1180
usemtl Surface_0
f 1184/1184 1182/1182 1181/1181
usemtl Surface_0
f 1183/1183 1182/1182 1184/1184
usemtl Surface_0
f 1188/1188 1186/1186 1185/1185
usemtl Surface_0
f 1187/1187 1186/1186 1188/1188
usemtl Surface_0
f 1192/1192 1190/1190 1189/1189
usemtl Surface_0
f 1191/1191 1190/1190 1192/1192
usemtl Surface_0
f 1196/1196 1194/1194 1193/1193
usemtl Surface_0
f 1195/1195 1194/1194 1196/1196
usemtl Surface_0
f 1200/1200 1198/1198 1197/1197
usemtl Surface_0
f 1199/1199 1198/1198 1200/1200
usemtl Surface_0
f 1204/1204 1202/1202 1201/1201
usemtl Surface_0
f 1203/1203 1202/1202 1204/1204
usemtl Surface_0
f 1208/1208 1206/1206 1205/1205
usemtl Surface_0
f 1207/1207 1206/1206 1208/1208
usemtl Surface_0
f 1212/1212 1210/1210 1209/1209
usemtl Surface_0
f 1211/1211 1210/1210 1212/1212
usemtl Surface_0
f 1216/1216 1214/1214 1213/1213
usemtl Surface_0
f 1215/1215 1214/1214 1216/1216
usemtl Surface_0
f 1220/1220 1218/1218 1217/1217
usemtl Surface_0
f 1219/1219 1218/1218 1220/1220
usemtl Surface_0
f 1224/1224 1222/1222 1221/1221
usemtl Surface_0
f 1223/1223 1222/1222 1224/1224
usemtl Surface_0
f 1228/1228 1226/1226 1225/1225
usemtl Surface_0
f 1227/1227 1226/1226 1228/1228
usemtl Surface_0
f 1232/1232 1230/1230 1229/1229
usemtl Surface_0
f 1231/1231 1230/1230 1232/1232
usemtl Surface_0
f 1236/1236 1234/1234 1233/1233
usemtl Surface_0
f 1235/1235 1234/1234 1236/1236
usemtl Surface_0
f 1240/1240 1238/1238 1237/1237
usemtl Surface_0
f 1239/1239 1238/1238 1240/1240
usemtl Surface_0
f 1244/1244 1242/1242 1241/1241
usemtl Surface_0
f 1243/1243 1242/1242 1244/1244
usemtl Surface_0
f 1248/1248 1246/1246 1245/1245
usemtl Surface_0
f 1247/1247 1246/1246 1248/1248
usemtl Surface_4
f 1252/1252 1250/1250 1249/1249
usemtl Surface_4
f 1251/1251 1250/1250 1252/1252
usemtl Surface_0
f 1256/1256 1254/1254 1253/1253
usemtl Surface_0
f 1255/1255 1254/1254 1256/1256
usemtl Surface_4
f 1260/1260 1258/1258 1257/1257
usemtl Surface_4
f 1259/1259 1258/1258 1260/1260
usemtl Surface_0
f 1264/1264 1262/1262 1261/1261
usemtl Surface_0
f 1263/1263 1262/1262 1264/1264
usemtl Surface_4
f 1268/1268 1266/1266 1265/1265
usemtl Surface_4
f 1267/1267 1266/1266 1268/1268
usemtl Surface_0
f 1272/1272 1270/1270 1269/1269
usemtl Surface_0
f 1271/1271 1270/1270 1272/1272
usemtl Surface_4
f 1276/1276 1274/1274 1273/1273
usemtl Surface_4
f 1275/1275 1274/1274 1276/1276
usemtl Surface_0
f 1280/1280 1278/1278 1277/1277
usemtl Surface_0
f 1279/1279 1278/1278 1280/1280
usemtl Surface_4
f 1284/1284 1282/1282 1281/1281
usemtl Surface_4
f 1283/1283 1282/1282 1284/1284
usemtl Surface_0
f 1288/1288 1286/1286 1285/1285
usemtl Surface_0
f 1287/1287 1286/1286 1288/1288
usemtl Surface_4
f 1292/1292 1290/1290 1289/1289
usemtl Surface_4
f 1291/1291 1290/1290 1292/1292
usemtl Surface_0
f 1296/1296 1294/1294 1293/1293
usemtl Surface_0
f 1295/1295 1294/1294 1296/1296
usemtl Surface_4
f 1300/1300 1298/1298 1297/1297
usemtl Surface_4
f 1299/1299 1298/1298 1300/1300
usemtl Surface_0
f 1304/1304 1302/1302 1301/1301
usemtl Surface_0
f 1303/1303 1302/1302 1304/1304
usemtl Surface_4
f 1308/1308 1306/1306 1305/1305
usemtl Surface_4
f 1307/1307 1306/1306 1308/1308
usemtl Surface_0
f 1312/1312 1310/1310 1309/1309
usemtl Surface_0
f 1311/1311 1310/1310 1312/1312
usemtl Surface_4
f 1316/1316 1314/1314 1313/1313
usemtl Surface_4
f 1315/1315 1314/1314 1316/1316
usemtl Surface_0
f 1320/1320 1318/1318 1317/1317
usemtl Surface_0
f 1319/1319 1318/1318 1320/1320
usemtl Surface_4
f 1324/1324 1322/1322 1321/1321
usemtl Surface_4
f 1323/1323 1322/1322 1324/1324
usemtl Surface_0
f 1328/1328 1326/1326 1325/1325
usemtl Surface_0
f 1327/1327 1326/1326 1328/1328
usemtl Surface_4
f 1332/1332 1330/1330 1329/1329
usemtl Surface_4
f 1331/1331 1330/1330 1332/1332
usemtl Surface_0
f 1336/1336 1334/1334 1333/1333
usemtl Surface_0
f 1335/1335 1334/1334 1336/1336
usemtl Surface_4
f 1340/1340 1338/1338 1337/1337
usemtl Surface_4
f 1339/1339 1338/1338 1340/1340
usemtl Surface_0
f 1344/1344 1342/1342 1341/1341
usemtl Surface_0
f 1343/1343 1342/1342 1344/1344
usemtl Surface_4
f 1348/1348 1346/1346 1345/1345
usemtl Surface_4
f 1347/1347 1346/1346 1348/1348
usemtl Surface_0
f 1352/1352 1350/1350 1349/1349
usemtl Surface_0
f 1351/1351 1350/1350 1352/1352
usemtl Surface_4
f 1356/1356 1354/1354 1353/1353
usemtl Surface_4
f 1355/1355 1354/1354 1356/1356
usemtl Surface_0
f 1360/1360 1358/1358 1357/1357
usemtl Surface_0
f 1359/1359 1358/1358 1360/1360
usemtl Surface_4
f 1364/1364 1362/1362 1361/1361
usemtl Surface_4
f 1363/1363 1362/1362 1364/1364
usemtl Surface_0
f 1368/1368 1366/1366 1365/1365
usemtl Surface_0
f 1367/1367 1366/1366 1368/1368
usemtl Surface_4
f 1372/1372 1370/1370 1369/1369
usemtl Surface_4
f 1371/1371 1370/1370 1372/1372
usemtl Surface_0
f 1376/1376 1374/1374 1373/1373
usemtl Surface_0
f 1375/1375 1374/1374 1376/1376
usemtl Surface_4
f 1380/1380 1378/1378 1377/1377
usemtl Surface_4
f 1379/1379 1378/1378 1380/1380
usemtl Surface_4
f 1384/1384 1382/1382 1381/1381
usemtl Surface_4
f 1383/1383 1382/1382 1384/1384
usemtl Surface_4
f 1388/1388 1386/1386 1385/1385
usemtl Surface_4
f 1387/1387 1386/1386 1388/1388
usemtl Surface_4
f 1392/1392 1390/1390 1389/1389
usemtl Surface_4
f 1391/1391 1390/1390 1392/1392
usemtl Surface_4
f 1396/1396 1394/1394 1393/1393
usemtl Surface_4
f 1395/1395 1394/1394 1396/1396
usemtl Surface_4
f 1400/1400 1398/1398 1397/1397
usemtl Surface_4
f 1399/1399 1398/1398 1400/1400
usemtl Surface_4
f 1404/1404 1402/1402 1401/1401
usemtl Surface_4
f 1403/1403 1402/1402 1404/1404
usemtl Surface_4
f 1408/1408 1406/1406 1405/1405
usemtl Surface_4
f 1407/1407 1406/1406 1408/1408
usemtl Surface_4
f 1412/1412 1410/1410 1409/1409
usemtl Surface_4
f 1411/1411 1410/1410 1412/1412
usemtl Surface_4
f 1416/1416 1414/1414 1413/1413
usemtl Surface_4
f 1415/1415 1414/1414 1416/1416
usemtl Surface_4
f 1420/1420 1418/1418 1417/1417
usemtl Surface_4
f 1419/1419 1418/1418 1420/1420
usemtl Surface_4
f 1424/1424 1422/1422 1421/1421
usemtl Surface_4
f 1423/1423 1422/1422 1424/1424
usemtl Surface_4
f 1428/1428 1426/1426 1425/1425
usemtl Surface_4
f 1427/1427 1426/1426 1428/1428
usemtl Surface_4
f 1432/1432 1430/1430 1429/1429
usemtl Surface_4
f 1431/1431 1430/1430 1432/1432
usemtl Surface_4
f 1436/1436 1434/1434 1433/1433
usemtl Surface_4
f 1435/1435 1434/1434 1436/1436
usemtl Surface_4
f 1440/1440 1438/1438 1437/1437
usemtl Surface_4
f 1439/1439 1438/1438 1440/1440
usemtl Surface_4
f 1444/1444 1442/1442 1441/1441
usemtl Surface_4
f 1443/1443 1442/1442 1444/1444
usemtl Surface_4
f 1448/1448 1446/1446 1445/1445
usemtl Surface_4
f 1447/1447 1446/1446 1448/1448
usemtl Surface_4
f 1452/1452 1450/1450 1449/1449
usemtl Surface_4
f 1451/1451 1450/1450 1452/1452
usemtl Surface_4
f 1456/1456 1454/1454 1453/1453
usemtl Surface_4
f 1455/1455 1454/1454 1456/1456
usemtl Surface_4
f 1460/1460 1458/1458 1457/1457
usemtl Surface_4
f 1459/1459 1458/1458 1460/1460
usemtl Surface_4
f 1464/1464 1462/1462 1461/1461
usemtl Surface_4
f 1463/1463 1462/1462 1464/1464
usemtl Surface_4
f 1468/1468 1466/1466 1465/1465
usemtl Surface_4
f 1467/1467 1466/1466 1468/1468
usemtl Surface_4
f 1472/1472 1470/1470 1469/1469
usemtl Surface_4
f 1471/1471 1470/1470 1472/1472
usemtl Surface_4
f 1476/1476 1474/1474 1473/1473
usemtl Surface_4
f 1475/1475 1474/1474 1476/1476
usemtl Surface_4
f 1480/1480 1478/1478 1477/1477
usemtl Surface_4
f 1479/1479 1478/1478 1480/1480
usemtl Surface_4
f 1484/1484 1482/1482 1481/1481
usemtl Surface_4
f 1483/1483 1482/1482 1484/1484
usemtl Surface_4
f 1488/1488 1486/1486 1485/1485
usemtl Surface_4
f 1487/1487 1486/1486 1488/1488
usemtl Surface_4
f 1492/1492 1490/1490 1489/1489
usemtl Surface_4
f 1491/1491 1490/1490 1492/1492
usemtl Surface_4
f 1496/1496 1494/1494 1493/1493
usemtl Surface_4
f 1495/1495 1494/1494 1496/1496
usemtl Surface_4
f 1500/1500 1498/1498 1497/1497
usemtl Surface_4
f 1499/1499 1498/1498 1500/1500
usemtl Surface_4
f 1504/1504 1502/1502 1501/1501
usemtl Surface_4
f 1503/1503 1502/1502 1504/1504
usemtl Surface_4
f 1508/1508 1506/1506 1505/1505
usemtl Surface_4
f 1507/1507 1506/1506 1508/1508
usemtl Surface_4
f 1512/1512 1510/1510 1509/1509
usemtl Surface_4
f 1511/1511 1510/1510 1512/1512
usemtl Surface_4
f 1516/1516 1514/1514 1513/1513
usemtl Surface_4
f 1515/1515 1514/1514 1516/1516
usemtl Surface_4
f 1520/1520 1518/1518 1517/1517
usemtl Surface_4
f 1519/1519 1518/1518 1520/1520
usemtl Surface_4
f 1524/1524 1522/1522 1521/1521
usemtl Surface_4
f 1523/1523 1522/1522 1524/1524
usemtl Surface_4
f 1528/1528 1526/1526 1525/1525
usemtl Surface_4
f 1527/1527 1526/1526 1528/1528
usemtl Surface_2
f 1532/1532 1530/1530 1529/1529
usemtl Surface_2
f 1531/1531 1530/1530 1532/1532
usemtl Surface_2
f 1536/1536 1534/1534 1533/1533
usemtl Surface_2
f 1535/1535 1534/1534 1536/1536
usemtl Surface_2
f 1540/1540 1538/1538 1537/1537
usemtl Surface_2
f 1539/1539 1538/1538 1540/1540
usemtl Surface_2
f 1544/1544 1542/1542 1541/1541
usemtl Surface_2
f 1543/1543 1542/1542 1544/1544
usemtl Surface_2
f 1548/1548 1546/1546 1545/1545
usemtl Surface_2
f 1547/1547 1546/1546 1548/1548
usemtl Surface_2
f 1552/1552 1550/1550 1549/1549
usemtl Surface_2
f 1551/1551 1550/1550 1552/1552
usemtl Surface_2
f 1556/1556 1554/1554 1553/1553
usemtl Surface_2
f 1555/1555 1554/1554 1556/1556
usemtl Surface_2
f 1560/1560 1558/1558 1557/1557
usemtl Surface_2
f 1559/1559 1558/1558 1560/1560
usemtl Surface_2
f 1564/1564 1562/1562 1561/1561
usemtl Surface_2
f 1563/1563 1562/1562 1564/1564
usemtl Surface_2
f 1568/1568 1566/1566 1565/1565
usemtl Surface_2
f 1567/1567 1566/1566 1568/1568
usemtl Surface_2
f 1572/1572 1570/1570 1569/1569
usemtl Surface_2
f 1571/1571 1570/1570 1572/1572
usemtl Surface_2
f 1576/1576 1574/1574 1573/1573
usemtl Surface_2
f 1575/1575 1574/1574 1576/1576
usemtl Surface_2
f 1580/1580 1578/1578 1577/1577
usemtl Surface_2
f 1579/1579 1578/1578 1580/1580
usemtl Surface_2
f 1584/1584 1582/1582 1581/1581
usemtl Surface_2
f 1583/1583 1582/1582 1584/1584
usemtl Surface_2
f 1588/1588 1586/1586 1585/1585
usemtl Surface_2
f 1587/1587 1586/1586 1588/1588
usemtl Surface_2
f 1592/1592 1590/1590 1589/1589
usemtl Surface_2
f 1591/1591 1590/1590 1592/1592
usemtl Surface_2
f 1596/1596 1594/1594 1593/1593
usemtl Surface_2
f 1595/1595 1594/1594 1596/1596
usemtl Surface_2
f 1600/1600 1598/1598 1597/1597
usemtl Surface_2
f 1599/1599 1598/1598 1600/1600
usemtl Surface_2
f 1604/1604 1602/1602 1601/1601
usemtl Surface_2
f 1603/1603 1602/1602 1604/1604
usemtl Surface_2
f 1608/1608 1606/1606 1605/1605
usemtl Surface_2
f 1607/1607 1606/1606 1608/1608
usemtl Surface_2
f 1612/1612 1610/1610 1609/1609
usemtl Surface_2
f 1611/1611 1610/1610 1612/1612
usemtl Surface_2
f 1616/1616 1614/1614 1613/1613
usemtl Surface_2
f 1615/1615 1614/1614 1616/1616
usemtl Surface_2
f 1620/1620 1618/1618 1617/1617
usemtl Surface_2
f 1619/1619 1618/1618 1620/1620
usemtl Surface_2
f 1624/1624 1622/1622 1621/1621
usemtl Surface_2
f 1623/1623 1622/1622 1624/1624
usemtl Surface_2
f 1628/1628 1626/1626 1625/1625
usemtl Surface_2
f 1627/1627 1626/1626 1628/1628
usemtl Surface_2
f 1632/1632 1630/1630 1629/1629
usemtl Surface_2
f 1631/1631 1630/1630 1632/1632
usemtl Surface_2
f 1636/1636 1634/1634 1633/1633
usemtl Surface_2
f 1635/1635 1634/1634 1636/1636
usemtl Surface_2
f 1640/1640 1638/1638 1637/1637
usemtl Surface_2
f 1639/1639 1638/1638 1640/1640
usemtl Surface_2
f 1644/1644 1642/1642 1641/1641
usemtl Surface_2
f 1643/1643 1642/1642 1644/1644
usemtl Surface_2
f 1648/1648 1646/1646 1645/1645
usemtl Surface_2
f 1647/1647 1646/1646 1648/1648
usemtl Surface_2
f 1652/1652 1650/1650 1649/1649
usemtl Surface_2
f 1651/1651 1650/1650 1652/1652
usemtl Surface_2
f 1656/1656 1654/1654 1653/1653
usemtl Surface_2
f 1655/1655 1654/1654 1656/1656
usemtl Surface_2
f 1660/1660 1658/1658 1657/1657
usemtl Surface_2
f 1659/1659 1658/1658 1660/1660
usemtl Surface_2
f 1664/1664 1662/1662 1661/1661
usemtl Surface_2
f 1663/1663 1662/1662 1664/1664
usemtl Surface_2
f 1668/1668 1666/1666 1665/1665
usemtl Surface_2
f 1667/1667 1666/1666 1668/1668
usemtl Surface_2
f 1672/1672 1670/1670 1669/1669
usemtl Surface_2
f 1671/1671 1670/1670 1672/1672
usemtl Surface_2
f 1676/1676 1674/1674 1673/1673
usemtl Surface_2
f 1675/1675 1674/1674 1676/1676
usemtl Surface_2
f 1680/1680 1678/1678 1677/1677
usemtl Surface_2
f 1679/1679 1678/1678 1680/1680
usemtl Surface_2
f 1684/1684 1682/1682 1681/1681
usemtl Surface_2
f 1683/1683 1682/1682 1684/1684
usemtl Surface_2
f 1688/1688 1686/1686 1685/1685
usemtl Surface_2
f 1687/1687 1686/1686 1688/1688
usemtl Surface_2
f 1692/1692 1690/1690 1689/1689
usemtl Surface_2
f 1691/1691 1690/1690 1692/1692
usemtl Surface_2
f 1696/1696 1694/1694 1693/1693
usemtl Surface_2
f 1695/1695 1694/1694 1696/1696
usemtl Surface_2
f 1700/1700 1698/1698 1697/1697
usemtl Surface_2
f 1699/1699 1698/1698 1700/1700
usemtl Surface_2
f 1704/1704 1702/1702 1701/1701
usemtl Surface_2
f 1703/1703 1702/1702 1704/1704
usemtl Surface_2
f 1708/1708 1706/1706 1705/1705
usemtl Surface_2
f 1707/1707 1706/1706 1708/1708
usemtl Surface_2
f 1712/1712 1710/1710 1709/1709
usemtl Surface_2
f 1711/1711 1710/1710 1712/1712
usemtl Surface_2
f 1716/1716 1714/1714 1713/1713
usemtl Surface_2
f 1715/1715 1714/1714 1716/1716
usemtl Surface_2
f 1720/1720 1718/1718 1717/1717
usemtl Surface_2
f 1719/1719 1718/1718 1720/1720
usemtl Surface_2
f 1724/1724 1722/1722 1721/1721
usemtl Surface_2
f 1723/1723 1722/1722 1724/1724
usemtl Surface_2
f 1728/1728 1726/1726 1725/1725
usemtl Surface_2
f 1727/1727 1726/1726 1728/1728
usemtl Surface_2
f 1732/1732 1730/1730 1729/1729
usemtl Surface_2
f 1731/1731 1730/1730 1732/1732
usemtl Surface_2
f 1736/1736 1734/1734 1733/1733
usemtl Surface_2
f 1735/1735 1734/1734 1736/1736
usemtl Surface_2
f 1740/1740 1738/1738 1737/1737
usemtl Surface_2
f 1739/1739 1738/1738 1740/1740
usemtl Surface_2
f 1744/1744 1742/1742 1741/1741
usemtl Surface_2
f 1743/1743 1742/1742 1744/1744
usemtl Surface_2
f 1748/1748 1746/1746 1745/1745
usemtl Surface_2
f 1747/1747 1746/1746 1748/1748
usemtl Surface_2
f 1752/1752 1750/1750 1749/1749
usemtl Surface_2
f 1751/1751 1750/1750 1752/1752
usemtl Surface_2
f 1756/1756 1754/1754 1753/1753
usemtl Surface_2
f 1755/1755 1754/1754 1756/1756
usemtl Surface_2
f 1760/1760 1758/1758 1757/1757
usemtl Surface_2
f 1759/1759 1758/1758 1760/1760
usemtl Surface_2
f 1764/1764 1762/1762 1761/1761
usemtl Surface_2
f 1763/1763 1762/1762 1764/1764
usemtl Surface_2
f 1768/1768 1766/1766 1765/1765
usemtl Surface_2
f 1767/1767 1766/1766 1768/1768
usemtl Surface_2
f 1772/1772 1770/1770 1769/1769
usemtl Surface_2
f 1771/1771 1770/1770 1772/1772
usemtl Surface_2
f 1776/1776 1774/1774 1773/1773
usemtl Surface_2
f 1775/1775 1774/1774 1776/1776
usemtl Surface_2
f 1780/1780 1778/1778 1777/1777
usemtl Surface_2
f 1779/1779 1778/1778 1780/1780
usemtl Surface_2
f 1784/1784 1782/1782 1781/1781
usemtl Surface_2
f 1783/1783 1782/1782 1784/1784
usemtl Surface_2
f 1788/1788 1786/1786 1785/1785
usemtl Surface_2
f 1787/1787 1786/1786 1788/1788
usemtl Surface_2
f 1792/1792 1790/1790 1789/1789
usemtl Surface_2
f 1791/1791 1790/1790 1792/1792
usemtl Surface_2
f 1796/1796 1794/1794 1793/1793
usemtl Surface_2
f 1795/1795 1794/1794 1796/1796
usemtl Surface_2
f 1800/1800 1798/1798 1797/1797
usemtl Surface_2
f 1799/1799 1798/1798 1800/1800
usemtl Surface_2
f 1804/1804 1802/1802 1801/1801
usemtl Surface_2
f 1803/1803 1802/1802 1804/1804
usemtl Surface_2
f 1808/1808 1806/1806 1805/1805
usemtl Surface_2
f 1807/1807 1806/1806 1808/1808
usemtl Surface_2
f 1812/1812 1810/1810 1809/1809
usemtl Surface_2
f 1811/1811 1810/1810 1812/1812
usemtl Surface_2
f 1816/1816 1814/1814 1813/1813
usemtl Surface_2
f 1815/1815 1814/1814 1816/1816
usemtl Surface_2
f 1820/1820 1818/1818 1817/1817
usemtl Surface_2
f 1819/1819 1818/1818 1820/1820
usemtl Surface_2
f 1824/1824 1822/1822 1821/1821
usemtl Surface_2
f 1823/1823 1822/1822 1824/1824
usemtl Surface_2
f 1828/1828 1826/1826 1825/1825
usemtl Surface_2
f 1827/1827 1826/1826 1828/1828
usemtl Surface_2
f 1832/1832 1830/1830 1829/1829
usemtl Surface_2
f 1831/1831 1830/1830 1832/1832
usemtl Surface_2
f 1836/1836 1834/1834 1833/1833
usemtl Surface_2
f 1835/1835 1834/1834 1836/1836
usemtl Surface_2
f 1840/1840 1838/1838 1837/1837
usemtl Surface_2
f 1839/1839 1838/1838 1840/1840
usemtl Surface_2
f 1844/1844 1842/1842 1841/1841
usemtl Surface_2
f 1843/1843 1842/1842 1844/1844
usemtl Surface_2
f 1848/1848 1846/1846 1845/1845
usemtl Surface_2
f 1847/1847 1846/1846 1848/1848
usemtl Surface_2
f 1852/1852 1850/1850 1849/1849
usemtl Surface_2
f 1851/1851 1850/1850 1852/1852
usemtl Surface_2
f 1856/1856 1854/1854 1853/1853
usemtl Surface_2
f 1855/1855 1854/1854 1856/1856
usemtl Surface_2
f 1860/1860 1858/1858 1857/1857
usemtl Surface_2
f 1859/1859 1858/1858 1860/1860
usemtl Surface_2
f 1864/1864 1862/1862 1861/1861
usemtl Surface_2
f 1863/1863 1862/1862 1864/1864
usemtl Surface_2
f 1868/1868 1866/1866 1865/1865
usemtl Surface_2
f 1867/1867 1866/1866 1868/1868
usemtl Surface_2
f 1872/1872 1870/1870 1869/1869
usemtl Surface_2
f 1871/1871 1870/1870 1872/1872
usemtl Surface_2
f 1876/1876 1874/1874 1873/1873
usemtl Surface_2
f 1875/1875 1874/1874 1876/1876
usemtl Surface_2
f 1880/1880 1878/1878 1877/1877
usemtl Surface_2
f 1879/1879 1878/1878 1880/1880
usemtl Surface_2
f 1884/1884 1882/1882 1881/1881
usemtl Surface_2
f 1883/1883 1882/1882 1884/1884
usemtl Surface_2
f 1888/1888 1886/1886 1885/1885
usemtl Surface_2
f 1887/1887 1886/1886 1888/1888
usemtl Surface_2
f 1892/1892 1890/1890 1889/1889
usemtl Surface_2
f 1891/1891 1890/1890 1892/1892
usemtl Surface_2
f 1896/1896 1894/1894 1893/1893
usemtl Surface_2
f 1895/1895 1894/1894 1896/1896
usemtl Surface_2
f 1900/1900 1898/1898 1897/1897
usemtl Surface_2
f 1899/1899 1898/1898 1900/1900
usemtl Surface_2
f 1904/1904 1902/1902 1901/1901
usemtl Surface_2
f 1903/1903 1902/1902 1904/1904
usemtl Surface_2
f 1908/1908 1906/1906 1905/1905
usemtl Surface_2
f 1907/1907 1906/1906 1908/1908
usemtl Surface_2
f 1912/1912 1910/1910 1909/1909
usemtl Surface_2
f 1911/1911 1910/1910 1912/1912
usemtl Surface_2
f 1916/1916 1914/1914 1913/1913
usemtl Surface_2
f 1915/1915 1914/1914 1916/1916
usemtl Surface_2
f 1920/1920 1918/1918 1917/1917
usemtl Surface_2
f 1919/1919 1918/1918 1920/1920
usemtl Surface_2
f 1924/1924 1922/1922 1921/1921
usemtl Surface_2
f 1923/1923 1922/1922 1924/1924
usemtl Surface_2
f 1928/1928 1926/1926 1925/1925
usemtl Surface_2
f 1927/1927 1926/1926 1928/1928
usemtl Surface_2
f 1932/1932 1930/1930 1929/1929
usemtl Surface_2
f 1931/1931 1930/1930 1932/1932
usemtl Surface_2
f 1936/1936 1934/1934 1933/1933
usemtl Surface_2
f 1935/1935 1934/1934 1936/1936
usemtl Surface_2
f 1940/1940 1938/1938 1937/1937
usemtl Surface_2
f 1939/1939 1938/1938 1940/1940
usemtl Surface_2
f 1944/1944 1942/1942 1941/1941
usemtl Surface_2
f 1943/1943 1942/1942 1944/1944
usemtl Surface_2
f 1948/1948 1946/1946 1945/1945
usemtl Surface_2
f 1947/1947 1946/1946 1948/1948
usemtl Surface_2
f 1952/1952 1950/1950 1949/1949
usemtl Surface_2
f 1951/1951 1950/1950 1952/1952
usemtl Surface_2
f 1956/1956 1954/1954 1953/1953
usemtl Surface_2
f 1955/1955 1954/1954 1956/1956
usemtl Surface_2
f 1960/1960 1958/1958 1957/1957
usemtl Surface_2
f 1959/1959 1958/1958 1960/1960
usemtl Surface_2
f 1964/1964 1962/1962 1961/1961
usemtl Surface_2
f 1963/1963 1962/1962 1964/1964
usemtl Surface_2
f 1968/1968 1966/1966 1965/1965
usemtl Surface_2
f 1967/1967 1966/1966 1968/1968
usemtl Surface_2
f 1972/1972 1970/1970 1969/1969
usemtl Surface_2
f 1971/1971 1970/1970 1972/1972
usemtl Surface_2
f 1976/1976 1974/1974 1973/1973
usemtl Surface_2
f 1975/1975 1974/1974 1976/1976
usemtl Surface_2
f 1980/1980 1978/1978 1977/1977
usemtl Surface_2
f 1979/1979 1978/1978 1980/1980
usemtl Surface_2
f 1984/1984 1982/1982 1981/1981
usemtl Surface_2
f 1983/1983 1982/1982 1984/1984
usemtl Surface_2
f 1988/1988 1986/1986 1985/1985
usemtl Surface_2
f 1987/1987 1986/1986 1988/1988
usemtl Surface_2
f 1992/1992 1990/1990 1989/1989
usemtl Surface_2
f 1991/1991 1990/1990 1992/1992
usemtl Surface_2
f 1996/1996 1994/1994 1993/1993
usemtl Surface_2
f 1995/1995 1994/1994 1996/1996
usemtl Surface_2
f 2000/2000 1998/1998 1997/1997
usemtl Surface_2
f 1999/1999 1998/1998 2000/2000
usemtl Surface_2
f 2004/2004 2002/2002 2001/2001
usemtl Surface_2
f 2003/2003 2002/2002 2004/2004
usemtl Surface_2
f 2008/2008 2006/2006 2005/2005
usemtl Surface_2
f 2007/2007 2006/2006 2008/2008
usemtl Surface_2
f 2012/2012 2010/2010 2009/2009
usemtl Surface_2
f 2011/2011 2010/2010 2012/2012
usemtl Surface_2
f 2016/2016 2014/2014 2013/2013
usemtl Surface_2
f 2015/2015 2014/2014 2016/2016
usemtl Surface_2
f 2020/2020 2018/2018 2017/2017
usemtl Surface_2
f 2019/2019 2018/2018 2020/2020
usemtl Surface_2
f 2024/2024 2022/2022 2021/2021
usemtl Surface_2
f 2023/2023 2022/2022 2024/2024
usemtl Surface_2
f 2028/2028 2026/2026 2025/2025
usemtl Surface_2
f 2027/2027 2026/2026 2028/2028
usemtl Surface_2
f 2032/2032 2030/2030 2029/2029
usemtl Surface_2
f 2031/2031 2030/2030 2032/2032
usemtl Surface_2
f 2036/2036 2034/2034 2033/2033
usemtl Surface_2
f 2035/2035 2034/2034 2036/2036
usemtl Surface_2
f 2040/2040 2038/2038 2037/2037
usemtl Surface_2
f 2039/2039 2038/2038 2040/2040
usemtl Surface_2
f 2044/2044 2042/2042 2041/2041
usemtl Surface_2
f 2043/2043 2042/2042 2044/2044
usemtl Surface_2
f 2048/2048 2046/2046 2045/2045
usemtl Surface_2
f 2047/2047 2046/2046 2048/2048
usemtl Surface_2
f 2052/2052 2050/2050 2049/2049
usemtl Surface_2
f 2051/2051 2050/2050 2052/2052
usemtl Surface_2
f 2056/2056 2054/2054 2053/2053
usemtl Surface_2
f 2055/2055 2054/2054 2056/2056
usemtl Surface_2
f 2060/2060 2058/2058 2057/2057
usemtl Surface_2
f 2059/2059 2058/2058 2060/2060
usemtl Surface_2
f 2064/2064 2062/2062 2061/2061
usemtl Surface_2
f 2063/2063 2062/2062 2064/2064
usemtl Surface_2
f 2068/2068 2066/2066 2065/2065
usemtl Surface_2
f 2067/2067 2066/2066 2068/2068
usemtl Surface_2
f 2072/2072 2070/2070 2069/2069
usemtl Surface_2
f 2071/2071 2070/2070 2072/2072
usemtl Surface_2
f 2076/2076 2074/2074 2073/2073
usemtl Surface_2
f 2075/2075 2074/2074 2076/2076
usemtl Surface_2
f 2080/2080 2078/2078 2077/2077
usemtl Surface_2
f 2079/2079 2078/2078 2080/2080
usemtl Surface_2
f 2084/2084 2082/2082 2081/2081
usemtl Surface_2
f 2083/2083 2082/2082 2084/2084
usemtl Surface_2
f 2088/2088 2086/2086 2085/2085
usemtl Surface_2
f 2087/2087 2086/2086 2088/2088
usemtl Surface_2
f 2092/2092 2090/2090 2089/2089
usemtl Surface_2
f 2091/2091 2090/2090 2092/2092
usemtl Surface_2
f 2096/2096 2094/2094 2093/2093
usemtl Surface_2
f 2095/2095 2094/2094 2096/2096
usemtl Surface_2
f 2100/2100 2098/2098 2097/2097
usemtl Surface_2
f 2099/2099 2098/2098 2100/2100
usemtl Surface_2
f 2104/2104 2102/2102 2101/2101
usemtl Surface_2
f 2103/2103 2102/2102 2104/2104
usemtl Surface_2
f 2108/2108 2106/2106 2105/2105
usemtl Surface_2
f 2107/2107 2106/2106 2108/2108
usemtl Surface_2
f 2112/2112 2110/2110 2109/2109
usemtl Surface_2
f 2111/2111 2110/2110 2112/2112
usemtl Surface_2
f 2116/2116 2114/2114 2113/2113
usemtl Surface_2
f 2115/2115 2114/2114 2116/2116
usemtl Surface_2
f 2120/2120 2118/2118 2117/2117
usemtl Surface_2
f 2119/2119 2118/2118 2120/2120
usemtl Surface_2
f 2124/2124 2122/2122 2121/2121
usemtl Surface_2
f 2123/2123 2122/2122 2124/2124
usemtl Surface_2
f 2128/2128 2126/2126 2125/2125
usemtl Surface_2
f 2127/2127 2126/2126 2128/2128
usemtl Surface_2
f 2132/2132 2130/2130 2129/2129
usemtl Surface_2
f 2131/2131 2130/2130 2132/2132
usemtl Surface_2
f 2136/2136 2134/2134 2133/2133
usemtl Surface_2
f 2135/2135 2134/2134 2136/2136
usemtl Surface_2
f 2140/2140 2138/2138 2137/2137
usemtl Surface_2
f 2139/2139 2138/2138 2140/2140
usemtl Surface_2
f 2144/2144 2142/2142 2141/2141
usemtl Surface_2
f 2143/2143 2142/2142 2144/2144
usemtl Surface_2
f 2148/2148 2146/2146 2145/2145
usemtl Surface_2
f 2147/2147 2146/2146 2148/2148
usemtl Surface_2
f 2152/2152 2150/2150 2149/2149
usemtl Surface_2
f 2151/2151 2150/2150 2152/2152
usemtl Surface_2
f 2156/2156 2154/2154 2153/2153
usemtl Surface_2
f 2155/2155 2154/2154 2156/2156
usemtl Surface_2
f 2160/2160 2158/2158 2157/2157
usemtl Surface_2
f 2159/2159 2158/2158 2160/2160
usemtl Surface_2
f 2164/2164 2162/2162 2161/2161
usemtl Surface_2
f 2163/2163 2162/2162 2164/2164
usemtl Surface_2
f 2168/2168 2166/2166 2165/2165
usemtl Surface_2
f 2167/2167 2166/2166 2168/2168
usemtl Surface_2
f 2172/2172 2170/2170 2169/2169
usemtl Surface_2
f 2171/2171 2170/2170 2172/2172
usemtl Surface_2
f 2176/2176 2174/2174 2173/2173
usemtl Surface_2
f 2175/2175 2174/2174 2176/2176
usemtl Surface_2
f 2180/2180 2178/2178 2177/2177
usemtl Surface_2
f 2179/2179 2178/2178 2180/2180
usemtl Surface_2
f 2184/2184 2182/2182 2181/2181
usemtl Surface_2
f 2183/2183 2182/2182 2184/2184
usemtl Surface_2
f 2188/2188 2186/2186 2185/2185
usemtl Surface_2
f 2187/2187 2186/2186 2188/2188
usemtl Surface_2
f 2192/2192 2190/2190 2189/2189
usemtl Surface_2
f 2191/2191 2190/2190 2192/2192
usemtl Surface_2
f 2196/2196 2194/2194 2193/2193
usemtl Surface_2
f 2195/2195 2194/2194 2196/2196
usemtl Surface_2
f 2200/2200 2198/2198 2197/2197
usemtl Surface_2
f 2199/2199 2198/2198 2200/2200
usemtl Surface_2
f 2204/2204 2202/2202 2201/2201
usemtl Surface_2
f 2203/2203 2202/2202 2204/2204
usemtl Surface_2
f 2208/2208 2206/2206 2205/2205
usemtl Surface_2
f 2207/2207 2206/2206 2208/2208
usemtl Surface_2
f 2212/2212 2210/2210 2209/2209
usemtl Surface_2
f 2211/2211 2210/2210 2212/2212
usemtl Surface_2
f 2216/2216 2214/2214 2213/2213
usemtl Surface_2
f 2215/2215 2214/2214 2216/2216
usemtl Surface_2
f 2220/2220 2218/2218 2217/2217
usemtl Surface_2
f 2219/2219 2218/2218 2220/2220
usemtl Surface_2
f 2224/2224 2222/2222 2221/2221
usemtl Surface_2
f 2223/2223 2222/2222 2224/2224
usemtl Surface_2
f 2228/2228 2226/2226 2225/2225
usemtl Surface_2
f 2227/2227 2226/2226 2228/2228
usemtl Surface_2
f 2232/2232 2230/2230 2229/2229
usemtl Surface_2
f 2231/2231 2230/2230 2232/2232
usemtl Surface_2
f 2236/2236 2234/2234 2233/2233
usemtl Surface_2
f 2235/2235 2234/2234 2236/2236
usemtl Surface_2
f 2240/2240 2238/2238 2237/2237
usemtl Surface_2
f 2239/2239 2238/2238 2240/2240
usemtl Surface_2
f 2244/2244 2242/2242 2241/2241
usemtl Surface_2
f 2243/2243 2242/2242 2244/2244
usemtl Surface_2
f 2248/2248 2246/2246 2245/2245
usemtl Surface_2
f 2247/2247 2246/2246 2248/2248
usemtl Surface_2
f 2252/2252 2250/2250 2249/2249
usemtl Surface_2
f 2251/2251 2250/2250 2252/2252
usemtl Surface_2
f 2256/2256 2254/2254 2253/2253
usemtl Surface_2
f 2255/2255 2254/2254 2256/2256
usemtl Surface_2
f 2260/2260 2258/2258 2257/2257
usemtl Surface_2
f 2259/2259 2258/2258 2260/2260
usemtl Surface_2
f 2264/2264 2262/2262 2261/2261
usemtl Surface_2
f 2263/2263 2262/2262 2264/2264
usemtl Surface_2
f 2268/2268 2266/2266 2265/2265
usemtl Surface_2
f 2267/2267 2266/2266 2268/2268
usemtl Surface_2
f 2272/2272 2270/2270 2269/2269
usemtl Surface_2
f 2271/2271 2270/2270 2272/2272
usemtl Surface_2
f 2276/2276 2274/2274 2273/2273
usemtl Surface_2
f 2275/2275 2274/2274 2276/2276
usemtl Surface_2
f 2280/2280 2278/2278 2277/2277
usemtl Surface_2
f 2279/2279 2278/2278 2280/2280
usemtl Surface_2
f 2284/2284 2282/2282 2281/2281
usemtl Surface_2
f 2283/2283 2282/2282 2284/2284
usemtl Surface_2
f 2288/2288 2286/2286 2285/2285
usemtl Surface_2
f 2287/2287 2286/2286 2288/2288
usemtl Surface_2
f 2292/2292 2290/2290 2289/2289
usemtl Surface_2
f 2291/2291 2290/2290 2292/2292
usemtl Surface_2
f 2296/2296 2294/2294 2293/2293
usemtl Surface_2
f 2295/2295 2294/2294 2296/2296
usemtl Surface_2
f 2300/2300 2298/2298 2297/2297
usemtl Surface_2
f 2299/2299 2298/2298 2300/2300
usemtl Surface_2
f 2304/2304 2302/2302 2301/2301
usemtl Surface_2
f 2303/2303 2302/2302 2304/2304
usemtl Surface_2
f 2308/2308 2306/2306 2305/2305
usemtl Surface_2
f 2307/2307 2306/2306 2308/2308
usemtl Surface_2
f 2312/2312 2310/2310 2309/2309
usemtl Surface_2
f 2311/2311 2310/2310 2312/2312
usemtl Surface_2
f 2316/2316 2314/2314 2313/2313
usemtl Surface_2
f 2315/2315 2314/2314 2316/2316
usemtl Surface_2
f 2320/2320 2318/2318 2317/2317
usemtl Surface_2
f 2319/2319 2318/2318 2320/2320
usemtl Surface_2
f 2324/2324 2322/2322 2321/2321
usemtl Surface_2
f 2323/2323 2322/2322 2324/2324
usemtl Surface_2
f 2328/2328 2326/2326 2325/2325
usemtl Surface_2
f 2327/2327 2326/2326 2328/2328
usemtl Surface_2
f 2332/2332 2330/2330 2329/2329
usemtl Surface_2
f 2331/2331 2330/2330 2332/2332
usemtl Surface_2
f 2336/2336 2334/2334 2333/2333
usemtl Surface_2
f 2335/2335 2334/2334 2336/2336
usemtl Surface_2
f 2340/2340 2338/2338 2337/2337
usemtl Surface_2
f 2339/2339 2338/2338 2340/2340
usemtl Surface_2
f 2344/2344 2342/2342 2341/2341
usemtl Surface_2
f 2343/2343 2342/2342 2344/2344
usemtl Surface_2
f 2348/2348 2346/2346 2345/2345
usemtl Surface_2
f 2347/2347 2346/2346 2348/2348
usemtl Surface_2
f 2352/2352 2350/2350 2349/2349
usemtl Surface_2
f 2351/2351 2350/2350 2352/2352
usemtl Surface_2
f 2356/2356 2354/2354 2353/2353
usemtl Surface_2
f 2355/2355 2354/2354 2356/2356
usemtl Surface_2
f 2360/2360 2358/2358 2357/2357
usemtl Surface_2
f 2359/2359 2358/2358 2360/2360
usemtl Surface_2
f 2364/2364 2362/2362 2361/2361
usemtl Surface_2
f 2363/2363 2362/2362 2364/2364
usemtl Surface_2
f 2368/2368 2366/2366 2365/2365
usemtl Surface_2
f 2367/2367 2366/2366 2368/2368
usemtl Surface_2
f 2372/2372 2370/2370 2369/2369
usemtl Surface_2
f 2371/2371 2370/2370 2372/2372
usemtl Surface_2
f 2376/2376 2374/2374 2373/2373
usemtl Surface_2
f 2375/2375 2374/2374 2376/2376
usemtl Surface_2
f 2380/2380 2378/2378 2377/2377
usemtl Surface_2
f 2379/2379 2378/2378 2380/2380
usemtl Surface_2
f 2384/2384 2382/2382 2381/2381
usemtl Surface_2
f 2383/2383 2382/2382 2384/2384
usemtl Surface_2
f 2388/2388 2386/2386 2385/2385
usemtl Surface_2
f 2387/2387 2386/2386 2388/2388
usemtl Surface_2
f 2392/2392 2390/2390 2389/2389
usemtl Surface_2
f 2391/2391 2390/2390 2392/2392
usemtl Surface_2
f 2396/2396 2394/2394 2393/2393
usemtl Surface_2
f 2395/2395 2394/2394 2396/2396
usemtl Surface_2
f 2400/2400 2398/2398 2397/2397
usemtl Surface_2
f 2399/2399 2398/2398 2400/2400
usemtl Surface_2
f 2404/2404 2402/2402 2401/2401
usemtl Surface_2
f 2403/2403 2402/2402 2404/2404
usemtl Surface_2
f 2408/2408 2406/2406 2405/2405
usemtl Surface_2
f 2407/2407 2406/2406 2408/2408
usemtl Surface_2
f 2412/2412 2410/2410 2409/2409
usemtl Surface_2
f 2411/2411 2410/2410 2412/2412
usemtl Surface_2
f 2416/2416 2414/2414 2413/2413
usemtl Surface_2
f 2415/2415 2414/2414 2416/2416
usemtl Surface_2
f 2420/2420 2418/2418 2417/2417
usemtl Surface_2
f 2419/2419 2418/2418 2420/2420
usemtl Surface_2
f 2424/2424 2422/2422 2421/2421
usemtl Surface_2
f 2423/2423 2422/2422 2424/2424
usemtl Surface_2
f 2428/2428 2426/2426 2425/2425
usemtl Surface_2
f 2427/2427 2426/2426 2428/2428
usemtl Surface_2
f 2432/2432 2430/2430 2429/2429
usemtl Surface_2
f 2431/2431 2430/2430 2432/2432
usemtl Surface_2
f 2436/2436 2434/2434 2433/2433
usemtl Surface_2
f 2435/2435 2434/2434 2436/2436
usemtl Surface_2
f 2440/2440 2438/2438 2437/2437
usemtl Surface_2
f 2439/2439 2438/2438 2440/2440
usemtl Surface_2
f 2444/2444 2442/2442 2441/2441
usemtl Surface_2
f 2443/2443 2442/2442 2444/2444
usemtl Surface_2
f 2448/2448 2446/2446 2445/2445
usemtl Surface_2
f 2447/2447 2446/2446 2448/2448
usemtl Surface_2
f 2452/2452 2450/2450 2449/2449
usemtl Surface_2
f 2451/2451 2450/2450 2452/2452
usemtl Surface_2
f 2456/2456 2454/2454 2453/2453
usemtl Surface_2
f 2455/2455 2454/2454 2456/2456
usemtl Surface_2
f 2460/2460 2458/2458 2457/2457
usemtl Surface_2
f 2459/2459 2458/2458 2460/2460
usemtl Surface_2
f 2464/2464 2462/2462 2461/2461
usemtl Surface_2
f 2463/2463 2462/2462 2464/2464
usemtl Surface_2
f 2468/2468 2466/2466 2465/2465
usemtl Surface_2
f 2467/2467 2466/2466 2468/2468
usemtl Surface_2
f 2472/2472 2470/2470 2469/2469
usemtl Surface_2
f 2471/2471 2470/2470 2472/2472
usemtl Surface_2
f 2476/2476 2474/2474 2473/2473
usemtl Surface_2
f 2475/2475 2474/2474 2476/2476
usemtl Surface_2
f 2480/2480 2478/2478 2477/2477
usemtl Surface_2
f 2479/2479 2478/2478 2480/2480
usemtl Surface_2
f 2484/2484 2482/2482 2481/2481
usemtl Surface_2
f 2483/2483 2482/2482 2484/2484
usemtl Surface_2
f 2488/2488 2486/2486 2485/2485
usemtl Surface_2
f 2487/2487 2486/2486 2488/2488
usemtl Surface_2
f 2492/2492 2490/2490 2489/2489
usemtl Surface_2
f 2491/2491 2490/2490 2492/2492
usemtl Surface_2
f 2496/2496 2494/2494 2493/2493
usemtl Surface_2
f 2495/2495 2494/2494 2496/2496
usemtl Surface_2
f 2500/2500 2498/2498 2497/2497
usemtl Surface_2
f 2499/2499 2498/2498 2500/2500
usemtl Surface_2
f 2504/2504 2502/2502 2501/2501
usemtl Surface_2
f 2503/2503 2502/2502 2504/2504
usemtl Surface_2
f 2508/2508 2506/2506 2505/2505
usemtl Surface_2
f 2507/2507 2506/2506 2508/2508
usemtl Surface_2
f 2512/2512 2510/2510 2509/2509
usemtl Surface_2
f 2511/2511 2510/2510 2512/2512
usemtl Surface_2
f 2516/2516 2514/2514 2513/2513
usemtl Surface_2
f 2515/2515 2514/2514 2516/2516
usemtl Surface_2
f 2520/2520 2518/2518 2517/2517
usemtl Surface_2
f 2519/2519 2518/2518 2520/2520
usemtl Surface_2
f 2524/2524 2522/2522 2521/2521
usemtl Surface_2
f 2523/2523 2522/2522 2524/2524
usemtl Surface_2
f 2528/2528 2526/2526 2525/2525
usemtl Surface_2
f 2527/2527 2526/2526 2528/2528
usemtl Surface_2
f 2532/2532 2530/2530 2529/2529
usemtl Surface_2
f 2531/2531 2530/2530 2532/2532
usemtl Surface_2
f 2536/2536 2534/2534 2533/2533
usemtl Surface_2
f 2535/2535 2534/2534 2536/2536
usemtl Surface_2
f 2540/2540 2538/2538 2537/2537
usemtl Surface_2
f 2539/2539 2538/2538 2540/2540
usemtl Surface_2
f 2544/2544 2542/2542 2541/2541
usemtl Surface_2
f 2543/2543 2542/2542 2544/2544
usemtl Surface_2
f 2548/2548 2546/2546 2545/2545
usemtl Surface_2
f 2547/2547 2546/2546 2548/2548
usemtl Surface_2
f 2552/2552 2550/2550 2549/2549
usemtl Surface_2
f 2551/2551 2550/2550 2552/2552
usemtl Surface_2
f 2556/2556 2554/2554 2553/2553
usemtl Surface_2
f 2555/2555 2554/2554 2556/2556
usemtl Surface_2
f 2560/2560 2558/2558 2557/2557
usemtl Surface_2
f 2559/2559 2558/2558 2560/2560
usemtl Surface_2
f 2564/2564 2562/2562 2561/2561
usemtl Surface_2
f 2563/2563 2562/2562 2564/2564
usemtl Surface_2
f 2568/2568 2566/2566 2565/2565
usemtl Surface_2
f 2567/2567 2566/2566 2568/2568
usemtl Surface_2
f 2572/2572 2570/2570 2569/2569
usemtl Surface_2
f 2571/2571 2570/2570 2572/2572
usemtl Surface_2
f 2576/2576 2574/2574 2573/2573
usemtl Surface_2
f 2575/2575 2574/2574 2576/2576
usemtl Surface_2
f 2580/2580 2578/2578 2577/2577
usemtl Surface_2
f 2579/2579 2578/2578 2580/2580
usemtl Surface_2
f 2584/2584 2582/2582 2581/2581
usemtl Surface_2
f 2583/2583 2582/2582 2584/2584
usemtl Surface_2
f 2588/2588 2586/2586 2585/2585
usemtl Surface_2
f 2587/2587 2586/2586 2588/2588
usemtl Surface_2
f 2592/2592 2590/2590 2589/2589
usemtl Surface_2
f 2591/2591 2590/2590 2592/2592
usemtl Surface_2
f 2596/2596 2594/2594 2593/2593
usemtl Surface_2
f 2595/2595 2594/2594 2596/2596
usemtl Surface_2
f 2600/2600 2598/2598 2597/2597
usemtl Surface_2
f 2599/2599 2598/2598 2600/2600
usemtl Surface_2
f 2604/2604 2602/2602 2601/2601
usemtl Surface_2
f 2603/2603 2602/2602 2604/2604
usemtl Surface_2
f 2608/2608 2606/2606 2605/2605
usemtl Surface_2
f 2607/2607 2606/2606 2608/2608
usemtl Surface_2
f 2612/2612 2610/2610 2609/2609
usemtl Surface_2
f 2611/2611 2610/2610 2612/2612
usemtl Surface_2
f 2616/2616 2614/2614 2613/2613
usemtl Surface_2
f 2615/2615 2614/2614 2616/2616
usemtl Surface_2
f 2620/2620 2618/2618 2617/2617
usemtl Surface_2
f 2619/2619 2618/2618 2620/2620
usemtl Surface_2
f 2624/2624 2622/2622 2621/2621
usemtl Surface_2
f 2623/2623 2622/2622 2624/2624
usemtl Surface_2
f 2628/2628 2626/2626 2625/2625
usemtl Surface_2
f 2627/2627 2626/2626 2628/2628
usemtl Surface_2
f 2632/2632 2630/2630 2629/2629
usemtl Surface_2
f 2631/2631 2630/2630 2632/2632
usemtl Surface_2
f 2636/2636 2634/2634 2633/2633
usemtl Surface_2
f 2635/2635 2634/2634 2636/2636
usemtl Surface_2
f 2640/2640 2638/2638 2637/2637
usemtl Surface_2
f 2639/2639 2638/2638 2640/2640
usemtl Surface_2
f 2644/2644 2642/2642 2641/2641
usemtl Surface_2
f 2643/2643 2642/2642 2644/2644
usemtl Surface_2
f 2648/2648 2646/2646 2645/2645
usemtl Surface_2
f 2647/2647 2646/2646 2648/2648
usemtl Surface_2
f 2652/2652 2650/2650 2649/2649
usemtl Surface_2
f 2651/2651 2650/2650 2652/2652
usemtl Surface_2
f 2656/2656 2654/2654 2653/2653
usemtl Surface_2
f 2655/2655 2654/2654 2656/2656
usemtl Surface_2
f 2660/2660 2658/2658 2657/2657
usemtl Surface_2
f 2659/2659 2658/2658 2660/2660
usemtl Surface_2
f 2664/2664 2662/2662 2661/2661
usemtl Surface_2
f 2663/2663 2662/2662 2664/2664
usemtl Surface_2
f 2668/2668 2666/2666 2665/2665
usemtl Surface_2
f 2667/2667 2666/2666 2668/2668
usemtl Surface_2
f 2672/2672 2670/2670 2669/2669
usemtl Surface_2
f 2671/2671 2670/2670 2672/2672
usemtl Surface_2
f 2676/2676 2674/2674 2673/2673
usemtl Surface_2
f 2675/2675 2674/2674 2676/2676
usemtl Surface_2
f 2680/2680 2678/2678 2677/2677
usemtl Surface_2
f 2679/2679 2678/2678 2680/2680
usemtl Surface_2
f 2684/2684 2682/2682 2681/2681
usemtl Surface_2
f 2683/2683 2682/2682 2684/2684
usemtl Surface_2
f 2688/2688 2686/2686 2685/2685
usemtl Surface_2
f 2687/2687 2686/2686 2688/2688
usemtl Surface_2
f 2692/2692 2690/2690 2689/2689
usemtl Surface_2
f 2691/2691 2690/2690 2692/2692
usemtl Surface_2
f 2696/2696 2694/2694 2693/2693
usemtl Surface_2
f 2695/2695 2694/2694 2696/2696
usemtl Surface_2
f 2700/2700 2698/2698 2697/2697
usemtl Surface_2
f 2699/2699 2698/2698 2700/2700
usemtl Surface_2
f 2704/2704 2702/2702 2701/2701
usemtl Surface_2
f 2703/2703 2702/2702 2704/2704
usemtl Surface_2
f 2708/2708 2706/2706 2705/2705
usemtl Surface_2
f 2707/2707 2706/2706 2708/2708
usemtl Surface_2
f 2712/2712 2710/2710 2709/2709
usemtl Surface_2
f 2711/2711 2710/2710 2712/2712
usemtl Surface_2
f 2716/2716 2714/2714 2713/2713
usemtl Surface_2
f 2715/2715 2714/2714 2716/2716
usemtl Surface_2
f 2720/2720 2718/2718 2717/2717
usemtl Surface_2
f 2719/2719 2718/2718 2720/2720
usemtl Surface_2
f 2724/2724 2722/2722 2721/2721
usemtl Surface_2
f 2723/2723 2722/2722 2724/2724
usemtl Surface_2
f 2728/2728 2726/2726 2725/2725
usemtl Surface_2
f 2727/2727 2726/2726 2728/2728
usemtl Surface_2
f 2732/2732 2730/2730 2729/2729
usemtl Surface_2
f 2731/2731 2730/2730 2732/2732
usemtl Surface_2
f 2736/2736 2734/2734 2733/2733
usemtl Surface_2
f 2735/2735 2734/2734 2736/2736
usemtl Surface_2
f 2740/2740 2738/2738 2737/2737
usemtl Surface_2
f 2739/2739 2738/2738 2740/2740
usemtl Surface_2
f 2744/2744 2742/2742 2741/2741
usemtl Surface_2
f 2743/2743 2742/2742 2744/2744
usemtl Surface_2
f 2748/2748 2746/2746 2745/2745
usemtl Surface_2
f 2747/2747 2746/2746 2748/2748
usemtl Surface_2
f 2752/2752 2750/2750 2749/2749
usemtl Surface_2
f 2751/2751 2750/2750 2752/2752
usemtl Surface_2
f 2756/2756 2754/2754 2753/2753
usemtl Surface_2
f 2755/2755 2754/2754 2756/2756
usemtl Surface_2
f 2760/2760 2758/2758 2757/2757
usemtl Surface_2
f 2759/2759 2758/2758 2760/2760
usemtl Surface_2
f 2764/2764 2762/2762 2761/2761
usemtl Surface_2
f 2763/2763 2762/2762 2764/2764
usemtl Surface_2
f 2768/2768 2766/2766 2765/2765
usemtl Surface_2
f 2767/2767 2766/2766 2768/2768
usemtl Surface_2
f 2772/2772 2770/2770 2769/2769
usemtl Surface_2
f 2771/2771 2770/2770 2772/2772
usemtl Surface_2
f 2776/2776 2774/2774 2773/2773
usemtl Surface_2
f 2775/2775 2774/2774 2776/2776
usemtl Surface_2
f 2780/2780 2778/2778 2777/2777
usemtl Surface_2
f 2779/2779 2778/2778 2780/2780
usemtl Surface_2
f 2784/2784 2782/2782 2781/2781
usemtl Surface_2
f 2783/2783 2782/2782 2784/2784
usemtl Surface_2
f 2788/2788 2786/2786 2785/2785
usemtl Surface_2
f 2787/2787 2786/2786 2788/2788
usemtl Surface_2
f 2792/2792 2790/2790 2789/2789
usemtl Surface_2
f 2791/2791 2790/2790 2792/2792
usemtl Surface_2
f 2796/2796 2794/2794 2793/2793
usemtl Surface_2
f 2795/2795 2794/2794 2796/2796
usemtl Surface_2
f 2800/2800 2798/2798 2797/2797
usemtl Surface_2
f 2799/2799 2798/2798 2800/2800
usemtl Surface_2
f 2804/2804 2802/2802 2801/2801
usemtl Surface_2
f 2803/2803 2802/2802 2804/2804
usemtl Surface_2
f 2808/2808 2806/2806 2805/2805
usemtl Surface_2
f 2807/2807 2806/2806 2808/2808
usemtl Surface_2
f 2812/2812 2810/2810 2809/2809
usemtl Surface_2
f 2811/2811 2810/2810 2812/2812
usemtl Surface_2
f 2816/2816 2814/2814 2813/2813
usemtl Surface_2
f 2815/2815 2814/2814 2816/2816
usemtl Surface_2
f 2820/2820 2818/2818 2817/2817
usemtl Surface_2
f 2819/2819 2818/2818 2820/2820
usemtl Surface_2
f 2824/2824 2822/2822 2821/2821
usemtl Surface_2
f 2823/2823 2822/2822 2824/2824
usemtl Surface_2
f 2828/2828 2826/2826 2825/2825
usemtl Surface_2
f 2827/2827 2826/2826 2828/2828
usemtl Surface_2
f 2832/2832 2830/2830 2829/2829
usemtl Surface_2
f 2831/2831 2830/2830 2832/2832
usemtl Surface_2
f 2836/2836 2834/2834 2833/2833
usemtl Surface_2
f 2835/2835 2834/2834 2836/2836
usemtl Surface_2
f 2840/2840 2838/2838 2837/2837
usemtl Surface_2
f 2839/2839 2838/2838 2840/2840
usemtl Surface_2
f 2844/2844 2842/2842 2841/2841
usemtl Surface_2
f 2843/2843 2842/2842 2844/2844
usemtl Surface_2
f 2848/2848 2846/2846 2845/2845
usemtl Surface_2
f 2847/2847 2846/2846 2848/2848
usemtl Surface_2
f 2852/2852 2850/2850 2849/2849
usemtl Surface_2
f 2851/2851 2850/2850 2852/2852
usemtl Surface_2
f 2856/2856 2854/2854 2853/2853
usemtl Surface_2
f 2855/2855 2854/2854 2856/2856
usemtl Surface_2
f 2860/2860 2858/2858 2857/2857
usemtl Surface_2
f 2859/2859 2858/2858 2860/2860
usemtl Surface_2
f 2864/2864 2862/2862 2861/2861
usemtl Surface_2
f 2863/2863 2862/2862 2864/2864
usemtl Surface_2
f 2868/2868 2866/2866 2865/2865
usemtl Surface_2
f 2867/2867 2866/2866 2868/2868
usemtl Surface_2
f 2872/2872 2870/2870 2869/2869
usemtl Surface_2
f 2871/2871 2870/2870 2872/2872
usemtl Surface_2
f 2876/2876 2874/2874 2873/2873
usemtl Surface_2
f 2875/2875 2874/2874 2876/2876
usemtl Surface_2
f 2880/2880 2878/2878 2877/2877
usemtl Surface_2
f 2879/2879 2878/2878 2880/2880
usemtl Surface_2
f 2884/2884 2882/2882 2881/2881
usemtl Surface_2
f 2883/2883 2882/2882 2884/2884
usemtl Surface_2
f 2888/2888 2886/2886 2885/2885
usemtl Surface_2
f 2887/2887 2886/2886 2888/2888
usemtl Surface_2
f 2892/2892 2890/2890 2889/2889
usemtl Surface_2
f 2891/2891 2890/2890 2892/2892
usemtl Surface_2
f 2896/2896 2894/2894 2893/2893
usemtl Surface_2
f 2895/2895 2894/2894 2896/2896
usemtl Surface_2
f 2900/2900 2898/2898 2897/2897
usemtl Surface_2
f 2899/2899 2898/2898 2900/2900
usemtl Surface_2
f 2904/2904 2902/2902 2901/2901
usemtl Surface_2
f 2903/2903 2902/2902 2904/2904
usemtl Surface_2
f 2908/2908 2906/2906 2905/2905
usemtl Surface_2
f 2907/2907 2906/2906 2908/2908
usemtl Surface_2
f 2912/2912 2910/2910 2909/2909
usemtl Surface_2
f 2911/2911 2910/2910 2912/2912
usemtl Surface_2
f 2916/2916 2914/2914 2913/2913
usemtl Surface_2
f 2915/2915 2914/2914 2916/2916
usemtl Surface_2
f 2920/2920 2918/2918 2917/2917
usemtl Surface_2
f 2919/2919 2918/2918 2920/2920
usemtl Surface_2
f 2924/2924 2922/2922 2921/2921
usemtl Surface_2
f 2923/2923 2922/2922 2924/2924
usemtl Surface_2
f 2928/2928 2926/2926 2925/2925
usemtl Surface_2
f 2927/2927 2926/2926 2928/2928
usemtl Surface_2
f 2932/2932 2930/2930 2929/2929
usemtl Surface_2
f 2931/2931 2930/2930 2932/2932
usemtl Surface_2
f 2936/2936 2934/2934 2933/2933
usemtl Surface_2
f 2935/2935 2934/2934 2936/2936
usemtl Surface_2
f 2940/2940 2938/2938 2937/2937
usemtl Surface_2
f 2939/2939 2938/2938 2940/2940
usemtl Surface_2
f 2944/2944 2942/2942 2941/2941
usemtl Surface_2
f 2943/2943 2942/2942 2944/2944
usemtl Surface_2
f 2948/2948 2946/2946 2945/2945
usemtl Surface_2
f 2947/2947 2946/2946 2948/2948
usemtl Surface_2
f 2952/2952 2950/2950 2949/2949
usemtl Surface_2
f 2951/2951 2950/2950 2952/2952
usemtl Surface_2
f 2956/2956 2954/2954 2953/2953
usemtl Surface_2
f 2955/2955 2954/2954 2956/2956
usemtl Surface_2
f 2960/2960 2958/2958 2957/2957
usemtl Surface_2
f 2959/2959 2958/2958 2960/2960
usemtl Surface_2
f 2964/2964 2962/2962 2961/2961
usemtl Surface_2
f 2963/2963 2962/2962 2964/2964
usemtl Surface_2
f 2968/2968 2966/2966 2965/2965
usemtl Surface_2
f 2967/2967 2966/2966 2968/2968
usemtl Surface_2
f 2972/2972 2970/2970 2969/2969
usemtl Surface_2
f 2971/2971 2970/2970 2972/2972
usemtl Surface_2
f 2976/2976 2974/2974 2973/2973
usemtl Surface_2
f 2975/2975 2974/2974 2976/2976
usemtl Surface_2
f 2980/2980 2978/2978 2977/2977
usemtl Surface_2
f 2979/2979 2978/2978 2980/2980
usemtl Surface_2
f 2984/2984 2982/2982 2981/2981
usemtl Surface_2
f 2983/2983 2982/2982 2984/2984
usemtl Surface_2
f 2988/2988 2986/2986 2985/2985
usemtl Surface_2
f 2987/2987 2986/2986 2988/2988
usemtl Surface_2
f 2992/2992 2990/2990 2989/2989
usemtl Surface_2
f 2991/2991 2990/2990 2992/2992
usemtl Surface_2
f 2996/2996 2994/2994 2993/2993
usemtl Surface_2
f 2995/2995 2994/2994 2996/2996
usemtl Surface_2
f 3000/3000 2998/2998 2997/2997
usemtl Surface_2
f 2999/2999 2998/2998 3000/3000
usemtl Surface_2
f 3004/3004 3002/3002 3001/3001
usemtl Surface_2
f 3003/3003 3002/3002 3004/3004
usemtl Surface_2
f 3008/3008 3006/3006 3005/3005
usemtl Surface_2
f 3007/3007 3006/3006 3008/3008
usemtl Surface_2
f 3012/3012 3010/3010 3009/3009
usemtl Surface_2
f 3011/3011 3010/3010 3012/3012
usemtl Surface_2
f 3016/3016 3014/3014 3013/3013
usemtl Surface_2
f 3015/3015 3014/3014 3016/3016
usemtl Surface_2
f 3020/3020 3018/3018 3017/3017
usemtl Surface_2
f 3019/3019 3018/3018 3020/3020
usemtl Surface_2
f 3024/3024 3022/3022 3021/3021
usemtl Surface_2
f 3023/3023 3022/3022 3024/3024
usemtl Surface_2
f 3028/3028 3026/3026 3025/3025
usemtl Surface_2
f 3027/3027 3026/3026 3028/3028
usemtl Surface_2
f 3032/3032 3030/3030 3029/3029
usemtl Surface_2
f 3031/3031 3030/3030 3032/3032
usemtl Surface_2
f 3036/3036 3034/3034 3033/3033
usemtl Surface_2
f 3035/3035 3034/3034 3036/3036
usemtl Surface_2
f 3040/3040 3038/3038 3037/3037
usemtl Surface_2
f 3039/3039 3038/3038 3040/3040
usemtl Surface_2
f 3044/3044 3042/3042 3041/3041
usemtl Surface_2
f 3043/3043 3042/3042 3044/3044
usemtl Surface_2
f 3048/3048 3046/3046 3045/3045
usemtl Surface_2
f 3047/3047 3046/3046 3048/3048
usemtl Surface_2
f 3052/3052 3050/3050 3049/3049
usemtl Surface_2
f 3051/3051 3050/3050 3052/3052
usemtl Surface_2
f 3056/3056 3054/3054 3053/3053
usemtl Surface_2
f 3055/3055 3054/3054 3056/3056
usemtl Surface_2
f 3060/3060 3058/3058 3057/3057
usemtl Surface_2
f 3059/3059 3058/3058 3060/3060
usemtl Surface_2
f 3064/3064 3062/3062 3061/3061
usemtl Surface_2
f 3063/3063 3062/3062 3064/3064
usemtl Surface_2
f 3068/3068 3066/3066 3065/3065
usemtl Surface_2
f 3067/3067 3066/3066 3068/3068
usemtl Surface_2
f 3072/3072 3070/3070 3069/3069
usemtl Surface_2
f 3071/3071 3070/3070 3072/3072
usemtl Surface_2
f 3076/3076 3074/3074 3073/3073
usemtl Surface_2
f 3075/3075 3074/3074 3076/3076
usemtl Surface_2
f 3080/3080 3078/3078 3077/3077
usemtl Surface_2
f 3079/3079 3078/3078 3080/3080
usemtl Surface_2
f 3084/3084 3082/3082 3081/3081
usemtl Surface_2
f 3083/3083 3082/3082 3084/3084
usemtl Surface_2
f 3088/3088 3086/3086 3085/3085
usemtl Surface_2
f 3087/3087 3086/3086 3088/3088
usemtl Surface_2
f 3092/3092 3090/3090 3089/3089
usemtl Surface_2
f 3091/3091 3090/3090 3092/3092
usemtl Surface_2
f 3096/3096 3094/3094 3093/3093
usemtl Surface_2
f 3095/3095 3094/3094 3096/3096
usemtl Surface_2
f 3100/3100 3098/3098 3097/3097
usemtl Surface_2
f 3099/3099 3098/3098 3100/3100
usemtl Surface_2
f 3104/3104 3102/3102 3101/3101
usemtl Surface_2
f 3103/3103 3102/3102 3104/3104
usemtl Surface_2
f 3108/3108 3106/3106 3105/3105
usemtl Surface_2
f 3107/3107 3106/3106 3108/3108
usemtl Surface_2
f 3112/3112 3110/3110 3109/3109
usemtl Surface_2
f 3111/3111 3110/3110 3112/3112
usemtl Surface_2
f 3116/3116 3114/3114 3113/3113
usemtl Surface_2
f 3115/3115 3114/3114 3116/3116
usemtl Surface_2
f 3120/3120 3118/3118 3117/3117
usemtl Surface_2
f 3119/3119 3118/3118 3120/3120
usemtl Surface_2
f 3124/3124 3122/3122 3121/3121
usemtl Surface_2
f 3123/3123 3122/3122 3124/3124
usemtl Surface_2
f 3128/3128 3126/3126 3125/3125
usemtl Surface_2
f 3127/3127 3126/3126 3128/3128
usemtl Surface_2
f 3132/3132 3130/3130 3129/3129
usemtl Surface_2
f 3131/3131 3130/3130 3132/3132
usemtl Surface_2
f 3136/3136 3134/3134 3133/3133
usemtl Surface_2
f 3135/3135 3134/3134 3136/3136
usemtl Surface_2
f 3140/3140 3138/3138 3137/3137
usemtl Surface_2
f 3139/3139 3138/3138 3140/3140
usemtl Surface_2
f 3144/3144 3142/3142 3141/3141
usemtl Surface_2
f 3143/3143 3142/3142 3144/3144
usemtl Surface_2
f 3148/3148 3146/3146 3145/3145
usemtl Surface_2
f 3147/3147 3146/3146 3148/3148
usemtl Surface_2
f 3152/3152 3150/3150 3149/3149
usemtl Surface_2
f 3151/3151 3150/3150 3152/3152
usemtl Surface_2
f 3156/3156 3154/3154 3153/3153
usemtl Surface_2
f 3155/3155 3154/3154 3156/3156
usemtl Surface_2
f 3160/3160 3158/3158 3157/3157
usemtl Surface_2
f 3159/3159 3158/3158 3160/3160
usemtl Surface_2
f 3164/3164 3162/3162 3161/3161
usemtl Surface_2
f 3163/3163 3162/3162 3164/3164
usemtl Surface_2
f 3168/3168 3166/3166 3165/3165
usemtl Surface_2
f 3167/3167 3166/3166 3168/3168
usemtl Surface_2
f 3172/3172 3170/3170 3169/3169
usemtl Surface_2
f 3171/3171 3170/3170 3172/3172
usemtl Surface_2
f 3176/3176 3174/3174 3173/3173
usemtl Surface_2
f 3175/3175 3174/3174 3176/3176
usemtl Surface_2
f 3180/3180 3178/3178 3177/3177
usemtl Surface_2
f 3179/3179 3178/3178 3180/3180
usemtl Surface_2
f 3184/3184 3182/3182 3181/3181
usemtl Surface_2
f 3183/3183 3182/3182 3184/3184
usemtl Surface_2
f 3188/3188 3186/3186 3185/3185
usemtl Surface_2
f 3187/3187 3186/3186 3188/3188
usemtl Surface_2
f 3192/3192 3190/3190 3189/3189
usemtl Surface_2
f 3191/3191 3190/3190 3192/3192
usemtl Surface_2
f 3196/3196 3194/3194 3193/3193
usemtl Surface_2
f 3195/3195 3194/3194 3196/3196
usemtl Surface_2
f 3200/3200 3198/3198 3197/3197
usemtl Surface_2
f 3199/3199 3198/3198 3200/3200
usemtl Surface_2
f 3204/3204 3202/3202 3201/3201
usemtl Surface_2
f 3203/3203 3202/3202 3204/3204
usemtl Surface_2
f 3208/3208 3206/3206 3205/3205
usemtl Surface_2
f 3207/3207 3206/3206 3208/3208
usemtl Surface_2
f 3212/3212 3210/3210 3209/3209
usemtl Surface_2
f 3211/3211 3210/3210 3212/3212
usemtl Surface_2
f 3216/3216 3214/3214 3213/3213
usemtl Surface_2
f 3215/3215 3214/3214 3216/3216
usemtl Surface_2
f 3220/3220 3218/3218 3217/3217
usemtl Surface_2
f 3219/3219 3218/3218 3220/3220
usemtl Surface_2
f 3224/3224 3222/3222 3221/3221
usemtl Surface_2
f 3223/3223 3222/3222 3224/3224
usemtl Surface_2
f 3228/3228 3226/3226 3225/3225
usemtl Surface_2
f 3227/3227 3226/3226 3228/3228
usemtl Surface_2
f 3232/3232 3230/3230 3229/3229
usemtl Surface_2
f 3231/3231 3230/3230 3232/3232
usemtl Surface_2
f 3236/3236 3234/3234 3233/3233
usemtl Surface_2
f 3235/3235 3234/3234 3236/3236
usemtl Surface_2
f 3240/3240 3238/3238 3237/3237
usemtl Surface_2
f 3239/3239 3238/3238 3240/3240
usemtl Surface_2
f 3244/3244 3242/3242 3241/3241
usemtl Surface_2
f 3243/3243 3242/3242 3244/3244
usemtl Surface_2
f 3248/3248 3246/3246 3245/3245
usemtl Surface_2
f 3247/3247 3246/3246 3248/3248
usemtl Surface_2
f 3252/3252 3250/3250 3249/3249
usemtl Surface_2
f 3251/3251 3250/3250 3252/3252
usemtl Surface_2
f 3256/3256 3254/3254 3253/3253
usemtl Surface_2
f 3255/3255 3254/3254 3256/3256
usemtl Surface_2
f 3260/3260 3258/3258 3257/3257
usemtl Surface_2
f 3259/3259 3258/3258 3260/3260
usemtl Surface_2
f 3264/3264 3262/3262 3261/3261
usemtl Surface_2
f 3263/3263 3262/3262 3264/3264
usemtl Surface_2
f 3268/3268 3266/3266 3265/3265
usemtl Surface_2
f 3267/3267 3266/3266 3268/3268
usemtl Surface_2
f 3272/3272 3270/3270 3269/3269
usemtl Surface_2
f 3271/3271 3270/3270 3272/3272
usemtl Surface_2
f 3276/3276 3274/3274 3273/3273
usemtl Surface_2
f 3275/3275 3274/3274 3276/3276
usemtl Surface_2
f 3280/3280 3278/3278 3277/3277
usemtl Surface_2
f 3279/3279 3278/3278 3280/3280
usemtl Surface_2
f 3284/3284 3282/3282 3281/3281
usemtl Surface_2
f 3283/3283 3282/3282 3284/3284
usemtl Surface_2
f 3288/3288 3286/3286 3285/3285
usemtl Surface_2
f 3287/3287 3286/3286 3288/3288
usemtl Surface_2
f 3292/3292 3290/3290 3289/3289
usemtl Surface_2
f 3291/3291 3290/3290 3292/3292
usemtl Surface_2
f 3296/3296 3294/3294 3293/3293
usemtl Surface_2
f 3295/3295 3294/3294 3296/3296
usemtl Surface_2
f 3300/3300 3298/3298 3297/3297
usemtl Surface_2
f 3299/3299 3298/3298 3300/3300
usemtl Surface_2
f 3304/3304 3302/3302 3301/3301
usemtl Surface_2
f 3303/3303 3302/3302 3304/3304
usemtl Surface_2
f 3308/3308 3306/3306 3305/3305
usemtl Surface_2
f 3307/3307 3306/3306 3308/3308
usemtl Surface_2
f 3312/3312 3310/3310 3309/3309
usemtl Surface_2
f 3311/3311 3310/3310 3312/3312
usemtl Surface_2
f 3316/3316 3314/3314 3313/3313
usemtl Surface_2
f 3315/3315 3314/3314 3316/3316
usemtl Surface_2
f 3320/3320 3318/3318 3317/3317
usemtl Surface_2
f 3319/3319 3318/3318 3320/3320
usemtl Surface_2
f 3324/3324 3322/3322 3321/3321
usemtl Surface_2
f 3323/3323 3322/3322 3324/3324
usemtl Surface_2
f 3328/3328 3326/3326 3325/3325
usemtl Surface_2
f 3327/3327 3326/3326 3328/3328
usemtl Surface_2
f 3332/3332 3330/3330 3329/3329
usemtl Surface_2
f 3331/3331 3330/3330 3332/3332
usemtl Surface_2
f 3336/3336 3334/3334 3333/3333
usemtl Surface_2
f 3335/3335 3334/3334 3336/3336
usemtl Surface_2
f 3340/3340 3338/3338 3337/3337
usemtl Surface_2
f 3339/3339 3338/3338 3340/3340
usemtl Surface_2
f 3344/3344 3342/3342 3341/3341
usemtl Surface_2
f 3343/3343 3342/3342 3344/3344
usemtl Surface_2
f 3348/3348 3346/3346 3345/3345
usemtl Surface_2
f 3347/3347 3346/3346 3348/3348
usemtl Surface_2
f 3352/3352 3350/3350 3349/3349
usemtl Surface_2
f 3351/3351 3350/3350 3352/3352
usemtl Surface_2
f 3356/3356 3354/3354 3353/3353
usemtl Surface_2
f 3355/3355 3354/3354 3356/3356
usemtl Surface_2
f 3360/3360 3358/3358 3357/3357
usemtl Surface_2
f 3359/3359 3358/3358 3360/3360
usemtl Surface_2
f 3364/3364 3362/3362 3361/3361
usemtl Surface_2
f 3363/3363 3362/3362 3364/3364
usemtl Surface_2
f 3368/3368 3366/3366 3365/3365
usemtl Surface_2
f 3367/3367 3366/3366 3368/3368
usemtl Surface_2
f 3372/3372 3370/3370 3369/3369
usemtl Surface_2
f 3371/3371 3370/3370 3372/3372
usemtl Surface_2
f 3376/3376 3374/3374 3373/3373
usemtl Surface_2
f 3375/3375 3374/3374 3376/3376
usemtl Surface_2
f 3380/3380 3378/3378 3377/3377
usemtl Surface_2
f 3379/3379 3378/3378 3380/3380
usemtl Surface_2
f 3384/3384 3382/3382 3381/3381
usemtl Surface_2
f 3383/3383 3382/3382 3384/3384
usemtl Surface_2
f 3388/3388 3386/3386 3385/3385
usemtl Surface_2
f 3387/3387 3386/3386 3388/3388
usemtl Surface_2
f 3392/3392 3390/3390 3389/3389
usemtl Surface_2
f 3391/3391 3390/3390 3392/3392
usemtl Surface_2
f 3396/3396 3394/3394 3393/3393
usemtl Surface_2
f 3395/3395 3394/3394 3396/3396
usemtl Surface_2
f 3400/3400 3398/3398 3397/3397
usemtl Surface_2
f 3399/3399 3398/3398 3400/3400
usemtl Surface_2
f 3404/3404 3402/3402 3401/3401
usemtl Surface_2
f 3403/3403 3402/3402 3404/3404
usemtl Surface_2
f 3408/3408 3406/3406 3405/3405
usemtl Surface_2
f 3407/3407 3406/3406 3408/3408
usemtl Surface_2
f 3412/3412 3410/3410 3409/3409
usemtl Surface_2
f 3411/3411 3410/3410 3412/3412
usemtl Surface_2
f 3416/3416 3414/3414 3413/3413
usemtl Surface_2
f 3415/3415 3414/3414 3416/3416
usemtl Surface_2
f 3420/3420 3418/3418 3417/3417
usemtl Surface_2
f 3419/3419 3418/3418 3420/3420
usemtl Surface_2
f 3424/3424 3422/3422 3421/3421
usemtl Surface_2
f 3423/3423 3422/3422 3424/3424
usemtl Surface_2
f 3428/3428 3426/3426 3425/3425
usemtl Surface_2
f 3427/3427 3426/3426 3428/3428
usemtl Surface_2
f 3432/3432 3430/3430 3429/3429
usemtl Surface_2
f 3431/3431 3430/3430 3432/3432
usemtl Surface_2
f 3436/3436 3434/3434 3433/3433
usemtl Surface_2
f 3435/3435 3434/3434 3436/3436
usemtl Surface_2
f 3440/3440 3438/3438 3437/3437
usemtl Surface_2
f 3439/3439 3438/3438 3440/3440
usemtl Surface_2
f 3444/3444 3442/3442 3441/3441
usemtl Surface_2
f 3443/3443 3442/3442 3444/3444
usemtl Surface_2
f 3448/3448 3446/3446 3445/3445
usemtl Surface_2
f 3447/3447 3446/3446 3448/3448
usemtl Surface_2
f 3452/3452 3450/3450 3449/3449
usemtl Surface_2
f 3451/3451 3450/3450 3452/3452
usemtl Surface_2
f 3456/3456 3454/3454 3453/3453
usemtl Surface_2
f 3455/3455 3454/3454 3456/3456
usemtl Surface_2
f 3460/3460 3458/3458 3457/3457
usemtl Surface_2
f 3459/3459 3458/3458 3460/3460
usemtl Surface_2
f 3464/3464 3462/3462 3461/3461
usemtl Surface_2
f 3463/3463 3462/3462 3464/3464
usemtl Surface_2
f 3468/3468 3466/3466 3465/3465
usemtl Surface_2
f 3467/3467 3466/3466 3468/3468
usemtl Surface_2
f 3472/3472 3470/3470 3469/3469
usemtl Surface_2
f 3471/3471 3470/3470 3472/3472
usemtl Surface_2
f 3476/3476 3474/3474 3473/3473
usemtl Surface_2
f 3475/3475 3474/3474 3476/3476
usemtl Surface_2
f 3480/3480 3478/3478 3477/3477
usemtl Surface_2
f 3479/3479 3478/3478 3480/3480
usemtl Surface_2
f 3484/3484 3482/3482 3481/3481
usemtl Surface_2
f 3483/3483 3482/3482 3484/3484
usemtl Surface_2
f 3488/3488 3486/3486 3485/3485
usemtl Surface_2
f 3487/3487 3486/3486 3488/3488
usemtl Surface_2
f 3492/3492 3490/3490 3489/3489
usemtl Surface_2
f 3491/3491 3490/3490 3492/3492
usemtl Surface_2
f 3496/3496 3494/3494 3493/3493
usemtl Surface_2
f 3495/3495 3494/3494 3496/3496
usemtl Surface_2
f 3500/3500 3498/3498 3497/3497
usemtl Surface_2
f 3499/3499 3498/3498 3500/3500
usemtl Surface_2
f 3504/3504 3502/3502 3501/3501
usemtl Surface_2
f 3503/3503 3502/3502 3504/3504
usemtl Surface_2
f 3508/3508 3506/3506 3505/3505
usemtl Surface_2
f 3507/3507 3506/3506 3508/3508
usemtl Surface_2
f 3512/3512 3510/3510 3509/3509
usemtl Surface_2
f 3511/3511 3510/3510 3512/3512
usemtl Surface_2
f 3516/3516 3514/3514 3513/3513
usemtl Surface_2
f 3515/3515 3514/3514 3516/3516
usemtl Surface_2
f 3520/3520 3518/3518 3517/3517
usemtl Surface_2
f 3519/3519 3518/3518 3520/3520
usemtl Surface_2
f 3524/3524 3522/3522 3521/3521
usemtl Surface_2
f 3523/3523 3522/3522 3524/3524
usemtl Surface_2
f 3528/3528 3526/3526 3525/3525
usemtl Surface_2
f 3527/3527 3526/3526 3528/3528
usemtl Surface_2
f 3532/3532 3530/3530 3529/3529
usemtl Surface_2
f 3531/3531 3530/3530 3532/3532
usemtl Surface_2
f 3536/3536 3534/3534 3533/3533
usemtl Surface_2
f 3535/3535 3534/3534 3536/3536
usemtl Surface_2
f 3540/3540 3538/3538 3537/3537
usemtl Surface_2
f 3539/3539 3538/3538 3540/3540
usemtl Surface_2
f 3544/3544 3542/3542 3541/3541
usemtl Surface_2
f 3543/3543 3542/3542 3544/3544
usemtl Surface_2
f 3548/3548 3546/3546 3545/3545
usemtl Surface_2
f 3547/3547 3546/3546 3548/3548
usemtl Surface_2
f 3552/3552 3550/3550 3549/3549
usemtl Surface_2
f 3551/3551 3550/3550 3552/3552
usemtl Surface_2
f 3556/3556 3554/3554 3553/3553
usemtl Surface_2
f 3555/3555 3554/3554 3556/3556
usemtl Surface_2
f 3560/3560 3558/3558 3557/3557
usemtl Surface_2
f 3559/3559 3558/3558 3560/3560
usemtl Surface_2
f 3564/3564 3562/3562 3561/3561
usemtl Surface_2
f 3563/3563 3562/3562 3564/3564
usemtl Surface_2
f 3568/3568 3566/3566 3565/3565
usemtl Surface_2
f 3567/3567 3566/3566 3568/3568
usemtl Surface_2
f 3572/3572 3570/3570 3569/3569
usemtl Surface_2
f 3571/3571 3570/3570 3572/3572
usemtl Surface_2
f 3576/3576 3574/3574 3573/3573
usemtl Surface_2
f 3575/3575 3574/3574 3576/3576
usemtl Surface_2
f 3580/3580 3578/3578 3577/3577
usemtl Surface_2
f 3579/3579 3578/3578 3580/3580
usemtl Surface_2
f 3584/3584 3582/3582 3581/3581
usemtl Surface_2
f 3583/3583 3582/3582 3584/3584
usemtl Surface_2
f 3588/3588 3586/3586 3585/3585
usemtl Surface_2
f 3587/3587 3586/3586 3588/3588
usemtl Surface_2
f 3592/3592 3590/3590 3589/3589
usemtl Surface_2
f 3591/3591 3590/3590 3592/3592
usemtl Surface_2
f 3596/3596 3594/3594 3593/3593
usemtl Surface_2
f 3595/3595 3594/3594 3596/3596
usemtl Surface_2
f 3600/3600 3598/3598 3597/3597
usemtl Surface_2
f 3599/3599 3598/3598 3600/3600
usemtl Surface_2
f 3604/3604 3602/3602 3601/3601
usemtl Surface_2
f 3603/3603 3602/3602 3604/3604
usemtl Surface_2
f 3608/3608 3606/3606 3605/3605
usemtl Surface_2
f 3607/3607 3606/3606 3608/3608
usemtl Surface_2
f 3612/3612 3610/3610 3609/3609
usemtl Surface_2
f 3611/3611 3610/3610 3612/3612
usemtl Surface_2
f 3616/3616 3614/3614 3613/3613
usemtl Surface_2
f 3615/3615 3614/3614 3616/3616
usemtl Surface_2
f 3620/3620 3618/3618 3617/3617
usemtl Surface_2
f 3619/3619 3618/3618 3620/3620
usemtl Surface_2
f 3624/3624 3622/3622 3621/3621
usemtl Surface_2
f 3623/3623 3622/3622 3624/3624
usemtl Surface_4
f 3628/3628 3626/3626 3625/3625
usemtl Surface_4
f 3627/3627 3626/3626 3628/3628
usemtl Surface_4
f 3632/3632 3630/3630 3629/3629
usemtl Surface_4
f 3631/3631 3630/3630 3632/3632
usemtl Surface_4
f 3636/3636 3634/3634 3633/3633
usemtl Surface_4
f 3635/3635 3634/3634 3636/3636
usemtl Surface_4
f 3640/3640 3638/3638 3637/3637
usemtl Surface_4
f 3639/3639 3638/3638 3640/3640
usemtl Surface_4
f 3644/3644 3642/3642 3641/3641
usemtl Surface_4
f 3643/3643 3642/3642 3644/3644
usemtl Surface_4
f 3648/3648 3646/3646 3645/3645
usemtl Surface_4
f 3647/3647 3646/3646 3648/3648
usemtl Surface_4
f 3652/3652 3650/3650 3649/3649
usemtl Surface_4
f 3651/3651 3650/3650 3652/3652
usemtl Surface_4
f 3656/3656 3654/3654 3653/3653
usemtl Surface_4
f 3655/3655 3654/3654 3656/3656
usemtl Surface_4
f 3660/3660 3658/3658 3657/3657
usemtl Surface_4
f 3659/3659 3658/3658 3660/3660
usemtl Surface_4
f 3664/3664 3662/3662 3661/3661
usemtl Surface_4
f 3663/3663 3662/3662 3664/3664
usemtl Surface_4
f 3668/3668 3666/3666 3665/3665
usemtl Surface_4
f 3667/3667 3666/3666 3668/3668
usemtl Surface_4
f 3672/3672 3670/3670 3669/3669
usemtl Surface_4
f 3671/3671 3670/3670 3672/3672
usemtl Surface_4
f 3676/3676 3674/3674 3673/3673
usemtl Surface_4
f 3675/3675 3674/3674 3676/3676
usemtl Surface_4
f 3680/3680 3678/3678 3677/3677
usemtl Surface_4
f 3679/3679 3678/3678 3680/3680
usemtl Surface_4
f 3684/3684 3682/3682 3681/3681
usemtl Surface_4
f 3683/3683 3682/3682 3684/3684
usemtl Surface_4
f 3688/3688 3686/3686 3685/3685
usemtl Surface_4
f 3687/3687 3686/3686 3688/3688
usemtl Surface_4
f 3692/3692 3690/3690 3689/3689
usemtl Surface_4
f 3691/3691 3690/3690 3692/3692
usemtl Surface_4
f 3696/3696 3694/3694 3693/3693
usemtl Surface_4
f 3695/3695 3694/3694 3696/3696
usemtl Surface_4
f 3700/3700 3698/3698 3697/3697
usemtl Surface_4
f 3699/3699 3698/3698 3700/3700
usemtl Surface_4
f 3704/3704 3702/3702 3701/3701
usemtl Surface_4
f 3703/3703 3702/3702 3704/3704
usemtl Surface_4
f 3724/3724 3706/3706 3705/3705
usemtl Surface_4
f 3723/3723 3706/3706 3724/3724
usemtl Surface_4
f 3722/3722 3706/3706 3723/3723
usemtl Surface_4
f 3721/3721 3706/3706 3722/3722
usemtl Surface_4
f 3720/3720 3706/3706 3721/3721
usemtl Surface_4
f 3719/3719 3706/3706 3720/3720
usemtl Surface_4
f 3718/3718 3706/3706 3719/3719
usemtl Surface_4
f 3717/3717 3706/3706 3718/3718
usemtl Surface_4
f 3716/3716 3706/3706 3717/3717
usemtl Surface_4
f 3715/3715 3706/3706 3716/3716
usemtl Surface_4
f 3714/3714 3706/3706 3715/3715
usemtl Surface_4
f 3713/3713 3706/3706 3714/3714
usemtl Surface_4
f 3712/3712 3706/3706 3713/3713
usemtl Surface_4
f 3711/3711 3706/3706 3712/3712
usemtl Surface_4
f 3710/3710 3706/3706 3711/3711
usemtl Surface_4
f 3709/3709 3706/3706 3710/3710
usemtl Surface_4
f 3708/3708 3706/3706 3709/3709
usemtl Surface_4
f 3707/3707 3706/3706 3708/3708
usemtl Surface_4
f 3744/3744 3726/3726 3725/3725
usemtl Surface_4
f 3743/3743 3726/3726 3744/3744
usemtl Surface_4
f 3742/3742 3726/3726 3743/3743
usemtl Surface_4
f 3741/3741 3726/3726 3742/3742
usemtl Surface_4
f 3740/3740 3726/3726 3741/3741
usemtl Surface_4
f 3739/3739 3726/3726 3740/3740
usemtl Surface_4
f 3738/3738 3726/3726 3739/3739
usemtl Surface_4
f 3737/3737 3726/3726 3738/3738
usemtl Surface_4
f 3736/3736 3726/3726 3737/3737
usemtl Surface_4
f 3735/3735 3726/3726 3736/3736
usemtl Surface_4
f 3734/3734 3726/3726 3735/3735
usemtl Surface_4
f 3733/3733 3726/3726 3734/3734
usemtl Surface_4
f 3732/3732 3726/3726 3733/3733
usemtl Surface_4
f 3731/3731 3726/3726 3732/3732
usemtl Surface_4
f 3730/3730 3726/3726 3731/3731
usemtl Surface_4
f 3729/3729 3726/3726 3730/3730
usemtl Surface_4
f 3728/3728 3726/3726 3729/3729
usemtl Surface_4
f 3727/3727 3726/3726 3728/3728
usemtl Surface_4
f 3748/3748 3746/3746 3745/3745
usemtl Surface_4
f 3747/3747 3746/3746 3748/3748
usemtl Surface_4
f 3752/3752 3750/3750 3749/3749
usemtl Surface_4
f 3751/3751 3750/3750 3752/3752
usemtl Surface_4
f 3756/3756 3754/3754 3753/3753
usemtl Surface_4
f 3755/3755 3754/3754 3756/3756
usemtl Surface_4
f 3760/3760 3758/3758 3757/3757
usemtl Surface_4
f 3759/3759 3758/3758 3760/3760
usemtl Surface_4
f 3764/3764 3762/3762 3761/3761
usemtl Surface_4
f 3763/3763 3762/3762 3764/3764
usemtl Surface_4
f 3768/3768 3766/3766 3765/3765
usemtl Surface_4
f 3767/3767 3766/3766 3768/3768
usemtl Surface_4
f 3772/3772 3770/3770 3769/3769
usemtl Surface_4
f 3771/3771 3770/3770 3772/3772
usemtl Surface_4
f 3776/3776 3774/3774 3773/3773
usemtl Surface_4
f 3775/3775 3774/3774 3776/3776
usemtl Surface_4
f 3780/3780 3778/3778 3777/3777
usemtl Surface_4
f 3779/3779 3778/3778 3780/3780
usemtl Surface_4
f 3784/3784 3782/3782 3781/3781
usemtl Surface_4
f 3783/3783 3782/3782 3784/3784
usemtl Surface_4
f 3794/3794 3786/3786 3785/3785
usemtl Surface_4
f 3793/3793 3786/3786 3794/3794
usemtl Surface_4
f 3792/3792 3786/3786 3793/3793
usemtl Surface_4
f 3791/3791 3786/3786 3792/3792
usemtl Surface_4
f 3790/3790 3786/3786 3791/3791
usemtl Surface_4
f 3789/3789 3786/3786 3790/3790
usemtl Surface_4
f 3788/3788 3786/3786 3789/3789
usemtl Surface_4
f 3787/3787 3786/3786 3788/3788
usemtl Surface_4
f 3804/3804 3796/3796 3795/3795
usemtl Surface_4
f 3803/3803 3796/3796 3804/3804
usemtl Surface_4
f 3802/3802 3796/3796 3803/3803
usemtl Surface_4
f 3801/3801 3796/3796 3802/3802
usemtl Surface_4
f 3800/3800 3796/3796 3801/3801
usemtl Surface_4
f 3799/3799 3796/3796 3800/3800
usemtl Surface_4
f 3798/3798 3796/3796 3799/3799
usemtl Surface_4
f 3797/3797 3796/3796 3798/3798
usemtl Surface_2
f 3808/3808 3806/3806 3805/3805
usemtl Surface_2
f 3807/3807 3806/3806 3808/3808
usemtl Surface_2
f 3812/3812 3810/3810 3809/3809
usemtl Surface_2
f 3811/3811 3810/3810 3812/3812
usemtl Surface_2
f 3816/3816 3814/3814 3813/3813
usemtl Surface_2
f 3815/3815 3814/3814 3816/3816
usemtl Surface_2
f 3820/3820 3818/3818 3817/3817
usemtl Surface_2
f 3819/3819 3818/3818 3820/3820
usemtl Surface_2
f 3824/3824 3822/3822 3821/3821
usemtl Surface_2
f 3823/3823 3822/3822 3824/3824
usemtl Surface_2
f 3828/3828 3826/3826 3825/3825
usemtl Surface_2
f 3827/3827 3826/3826 3828/3828
usemtl Surface_4
f 3832/3832 3830/3830 3829/3829
usemtl Surface_4
f 3831/3831 3830/3830 3832/3832
usemtl Surface_4
f 3836/3836 3834/3834 3833/3833
usemtl Surface_4
f 3835/3835 3834/3834 3836/3836
usemtl Surface_4
f 3840/3840 3838/3838 3837/3837
usemtl Surface_4
f 3839/3839 3838/3838 3840/3840
usemtl Surface_4
f 3844/3844 3842/3842 3841/3841
usemtl Surface_4
f 3843/3843 3842/3842 3844/3844
usemtl Surface_4
f 3848/3848 3846/3846 3845/3845
usemtl Surface_4
f 3847/3847 3846/3846 3848/3848
usemtl Surface_4
f 3852/3852 3850/3850 3849/3849
usemtl Surface_4
f 3851/3851 3850/3850 3852/3852
usemtl Surface_4
f 3856/3856 3854/3854 3853/3853
usemtl Surface_4
f 3855/3855 3854/3854 3856/3856
usemtl Surface_4
f 3860/3860 3858/3858 3857/3857
usemtl Surface_4
f 3859/3859 3858/3858 3860/3860
usemtl Surface_4
f 3864/3864 3862/3862 3861/3861
usemtl Surface_4
f 3863/3863 3862/3862 3864/3864
usemtl Surface_4
f 3868/3868 3866/3866 3865/3865
usemtl Surface_4
f 3867/3867 3866/3866 3868/3868
usemtl Surface_4
f 3872/3872 3870/3870 3869/3869
usemtl Surface_4
f 3871/3871 3870/3870 3872/3872
usemtl Surface_4
f 3876/3876 3874/3874 3873/3873
usemtl Surface_4
f 3875/3875 3874/3874 3876/3876
usemtl Surface_4
f 3880/3880 3878/3878 3877/3877
usemtl Surface_4
f 3879/3879 3878/3878 3880/3880
usemtl Surface_4
f 3884/3884 3882/3882 3881/3881
usemtl Surface_4
f 3883/3883 3882/3882 3884/3884
usemtl Surface_4
f 3888/3888 3886/3886 3885/3885
usemtl Surface_4
f 3887/3887 3886/3886 3888/3888
usemtl Surface_4
f 3892/3892 3890/3890 3889/3889
usemtl Surface_4
f 3891/3891 3890/3890 3892/3892
usemtl Surface_4
f 3896/3896 3894/3894 3893/3893
usemtl Surface_4
f 3895/3895 3894/3894 3896/3896
usemtl Surface_4
f 3900/3900 3898/3898 3897/3897
usemtl Surface_4
f 3899/3899 3898/3898 3900/3900
usemtl Surface_4
f 3904/3904 3902/3902 3901/3901
usemtl Surface_4
f 3903/3903 3902/3902 3904/3904
usemtl Surface_4
f 3908/3908 3906/3906 3905/3905
usemtl Surface_4
f 3907/3907 3906/3906 3908/3908
usemtl Surface_4
f 3928/3928 3910/3910 3909/3909
usemtl Surface_4
f 3927/3927 3910/3910 3928/3928
usemtl Surface_4
f 3926/3926 3910/3910 3927/3927
usemtl Surface_4
f 3925/3925 3910/3910 3926/3926
usemtl Surface_4
f 3924/3924 3910/3910 3925/3925
usemtl Surface_4
f 3923/3923 3910/3910 3924/3924
usemtl Surface_4
f 3922/3922 3910/3910 3923/3923
usemtl Surface_4
f 3921/3921 3910/3910 3922/3922
usemtl Surface_4
f 3920/3920 3910/3910 3921/3921
usemtl Surface_4
f 3919/3919 3910/3910 3920/3920
usemtl Surface_4
f 3918/3918 3910/3910 3919/3919
usemtl Surface_4
f 3917/3917 3910/3910 3918/3918
usemtl Surface_4
f 3916/3916 3910/3910 3917/3917
usemtl Surface_4
f 3915/3915 3910/3910 3916/3916
usemtl Surface_4
f 3914/3914 3910/3910 3915/3915
usemtl Surface_4
f 3913/3913 3910/3910 3914/3914
usemtl Surface_4
f 3912/3912 3910/3910 3913/3913
usemtl Surface_4
f 3911/3911 3910/3910 3912/3912
usemtl Surface_4
f 3948/3948 3930/3930 3929/3929
usemtl Surface_4
f 3947/3947 3930/3930 3948/3948
usemtl Surface_4
f 3946/3946 3930/3930 3947/3947
usemtl Surface_4
f 3945/3945 3930/3930 3946/3946
usemtl Surface_4
f 3944/3944 3930/3930 3945/3945
usemtl Surface_4
f 3943/3943 3930/3930 3944/3944
usemtl Surface_4
f 3942/3942 3930/3930 3943/3943
usemtl Surface_4
f 3941/3941 3930/3930 3942/3942
usemtl Surface_4
f 3940/3940 3930/3930 3941/3941
usemtl Surface_4
f 3939/3939 3930/3930 3940/3940
usemtl Surface_4
f 3938/3938 3930/3930 3939/3939
usemtl Surface_4
f 3937/3937 3930/3930 3938/3938
usemtl Surface_4
f 3936/3936 3930/3930 3937/3937
usemtl Surface_4
f 3935/3935 3930/3930 3936/3936
usemtl Surface_4
f 3934/3934 3930/3930 3935/3935
usemtl Surface_4
f 3933/3933 3930/3930 3934/3934
usemtl Surface_4
f 3932/3932 3930/3930 3933/3933
usemtl Surface_4
f 3931/3931 3930/3930 3932/3932
usemtl Surface_4
f 3952/3952 3950/3950 3949/3949
usemtl Surface_4
f 3951/3951 3950/3950 3952/3952
usemtl Surface_4
f 3956/3956 3954/3954 3953/3953
usemtl Surface_4
f 3955/3955 3954/3954 3956/3956
usemtl Surface_4
f 3960/3960 3958/3958 3957/3957
usemtl Surface_4
f 3959/3959 3958/3958 3960/3960
usemtl Surface_4
f 3964/3964 3962/3962 3961/3961
usemtl Surface_4
f 3963/3963 3962/3962 3964/3964
usemtl Surface_4
f 3968/3968 3966/3966 3965/3965
usemtl Surface_4
f 3967/3967 3966/3966 3968/3968
usemtl Surface_4
f 3972/3972 3970/3970 3969/3969
usemtl Surface_4
f 3971/3971 3970/3970 3972/3972
usemtl Surface_4
f 3976/3976 3974/3974 3973/3973
usemtl Surface_4
f 3975/3975 3974/3974 3976/3976
usemtl Surface_4
f 3980/3980 3978/3978 3977/3977
usemtl Surface_4
f 3979/3979 3978/3978 3980/3980
usemtl Surface_4
f 3984/3984 3982/3982 3981/3981
usemtl Surface_4
f 3983/3983 3982/3982 3984/3984
usemtl Surface_4
f 3988/3988 3986/3986 3985/3985
usemtl Surface_4
f 3987/3987 3986/3986 3988/3988
usemtl Surface_4
f 3998/3998 3990/3990 3989/3989
usemtl Surface_4
f 3997/3997 3990/3990 3998/3998
usemtl Surface_4
f 3996/3996 3990/3990 3997/3997
usemtl Surface_4
f 3995/3995 3990/3990 3996/3996
usemtl Surface_4
f 3994/3994 3990/3990 3995/3995
usemtl Surface_4
f 3993/3993 3990/3990 3994/3994
usemtl Surface_4
f 3992/3992 3990/3990 3993/3993
usemtl Surface_4
f 3991/3991 3990/3990 3992/3992
usemtl Surface_4
f 4008/4008 4000/4000 3999/3999
usemtl Surface_4
f 4007/4007 4000/4000 4008/4008
usemtl Surface_4
f 4006/4006 4000/4000 4007/4007
usemtl Surface_4
f 4005/4005 4000/4000 4006/4006
usemtl Surface_4
f 4004/4004 4000/4000 4005/4005
usemtl Surface_4
f 4003/4003 4000/4000 4004/4004
usemtl Surface_4
f 4002/4002 4000/4000 4003/4003
usemtl Surface_4
f 4001/4001 4000/4000 4002/4002
usemtl Surface_2
f 4012/4012 4010/4010 4009/4009
usemtl Surface_2
f 4011/4011 4010/4010 4012/4012
usemtl Surface_2
f 4016/4016 4014/4014 4013/4013
usemtl Surface_2
f 4015/4015 4014/4014 4016/4016
usemtl Surface_2
f 4020/4020 4018/4018 4017/4017
usemtl Surface_2
f 4019/4019 4018/4018 4020/4020
usemtl Surface_2
f 4024/4024 4022/4022 4021/4021
usemtl Surface_2
f 4023/4023 4022/4022 4024/4024
usemtl Surface_2
f 4028/4028 4026/4026 4025/4025
usemtl Surface_2
f 4027/4027 4026/4026 4028/4028
usemtl Surface_2
f 4032/4032 4030/4030 4029/4029
usemtl Surface_2
f 4031/4031 4030/4030 4032/4032
usemtl Surface_1
f 4036/4036 4034/4034 4033/4033
usemtl Surface_1
f 4035/4035 4034/4034 4036/4036
usemtl Surface_0
f 4040/4040 4038/4038 4037/4037
usemtl Surface_0
f 4039/4039 4038/4038 4040/4040
usemtl Surface_1
f 4044/4044 4042/4042 4041/4041
usemtl Surface_1
f 4043/4043 4042/4042 4044/4044
usemtl Surface_0
f 4048/4048 4046/4046 4045/4045
usemtl Surface_0
f 4047/4047 4046/4046 4048/4048
usemtl Surface_1
f 4052/4052 4050/4050 4049/4049
usemtl Surface_1
f 4051/4051 4050/4050 4052/4052
usemtl Surface_0
f 4056/4056 4054/4054 4053/4053
usemtl Surface_0
f 4055/4055 4054/4054 4056/4056
usemtl Surface_1
f 4060/4060 4058/4058 4057/4057
usemtl Surface_1
f 4059/4059 4058/4058 4060/4060
usemtl Surface_0
f 4064/4064 4062/4062 4061/4061
usemtl Surface_0
f 4063/4063 4062/4062 4064/4064
usemtl Surface_1
f 4068/4068 4066/4066 4065/4065
usemtl Surface_1
f 4067/4067 4066/4066 4068/4068
usemtl Surface_0
f 4072/4072 4070/4070 4069/4069
usemtl Surface_0
f 4071/4071 4070/4070 4072/4072
usemtl Surface_1
f 4076/4076 4074/4074 4073/4073
usemtl Surface_1
f 4075/4075 4074/4074 4076/4076
usemtl Surface_0
f 4080/4080 4078/4078 4077/4077
usemtl Surface_0
f 4079/4079 4078/4078 4080/4080
usemtl Surface_1
f 4084/4084 4082/4082 4081/4081
usemtl Surface_1
f 4083/4083 4082/4082 4084/4084
usemtl Surface_0
f 4088/4088 4086/4086 4085/4085
usemtl Surface_0
f 4087/4087 4086/4086 4088/4088
usemtl Surface_1
f 4092/4092 4090/4090 4089/4089
usemtl Surface_1
f 4091/4091 4090/4090 4092/4092
usemtl Surface_0
f 4096/4096 4094/4094 4093/4093
usemtl Surface_0
f 4095/4095 4094/4094 4096/4096
usemtl Surface_1
f 4100/4100 4098/4098 4097/4097
usemtl Surface_1
f 4099/4099 4098/4098 4100/4100
usemtl Surface_0
f 4104/4104 4102/4102 4101/4101
usemtl Surface_0
f 4103/4103 4102/4102 4104/4104
usemtl Surface_1
f 4108/4108 4106/4106 4105/4105
usemtl Surface_1
f 4107/4107 4106/4106 4108/4108
usemtl Surface_0
f 4112/4112 4110/4110 4109/4109
usemtl Surface_0
f 4111/4111 4110/4110 4112/4112
usemtl Surface_1
f 4116/4116 4114/4114 4113/4113
usemtl Surface_1
f 4115/4115 4114/4114 4116/4116
usemtl Surface_0
f 4120/4120 4118/4118 4117/4117
usemtl Surface_0
f 4119/4119 4118/4118 4120/4120
usemtl Surface_1
f 4124/4124 4122/4122 4121/4121
usemtl Surface_1
f 4123/4123 4122/4122 4124/4124
usemtl Surface_0
f 4128/4128 4126/4126 4125/4125
usemtl Surface_0
f 4127/4127 4126/4126 4128/4128
usemtl Surface_1
f 4132/4132 4130/4130 4129/4129
usemtl Surface_1
f 4131/4131 4130/4130 4132/4132
usemtl Surface_0
f 4136/4136 4134/4134 4133/4133
usemtl Surface_0
f 4135/4135 4134/4134 4136/4136
usemtl Surface_1
f 4140/4140 4138/4138 4137/4137
usemtl Surface_1
f 4139/4139 4138/4138 4140/4140
usemtl Surface_0
f 4144/4144 4142/4142 4141/4141
usemtl Surface_0
f 4143/4143 4142/4142 4144/4144
usemtl Surface_1
f 4148/4148 4146/4146 4145/4145
usemtl Surface_1
f 4147/4147 4146/4146 4148/4148
usemtl Surface_0
f 4152/4152 4150/4150 4149/4149
usemtl Surface_0
f 4151/4151 4150/4150 4152/4152
usemtl Surface_1
f 4156/4156 4154/4154 4153/4153
usemtl Surface_1
f 4155/4155 4154/4154 4156/4156
usemtl Surface_0
f 4160/4160 4158/4158 4157/4157
usemtl Surface_0
f 4159/4159 4158/4158 4160/4160
usemtl Surface_1
f 4164/4164 4162/4162 4161/4161
usemtl Surface_1
f 4163/4163 4162/4162 4164/4164
usemtl Surface_0
f 4168/4168 4166/4166 4165/4165
usemtl Surface_0
f 4167/4167 4166/4166 4168/4168
usemtl Surface_1
f 4172/4172 4170/4170 4169/4169
usemtl Surface_1
f 4171/4171 4170/4170 4172/4172
usemtl Surface_0
f 4176/4176 4174/4174 4173/4173
usemtl Surface_0
f 4175/4175 4174/4174 4176/4176
usemtl Surface_1
f 4180/4180 4178/4178 4177/4177
usemtl Surface_1
f 4179/4179 4178/4178 4180/4180
usemtl Surface_0
f 4184/4184 4182/4182 4181/4181
usemtl Surface_0
f 4183/4183 4182/4182 4184/4184
usemtl Surface_1
f 4188/4188 4186/4186 4185/4185
usemtl Surface_1
f 4187/4187 4186/4186 4188/4188
usemtl Surface_0
f 4192/4192 4190/4190 4189/4189
usemtl Surface_0
f 4191/4191 4190/4190 4192/4192
usemtl Surface_1
f 4196/4196 4194/4194 4193/4193
usemtl Surface_1
f 4195/4195 4194/4194 4196/4196
usemtl Surface_0
f 4200/4200 4198/4198 4197/4197
usemtl Surface_0
f 4199/4199 4198/4198 4200/4200
usemtl Surface_1
f 4204/4204 4202/4202 4201/4201
usemtl Surface_1
f 4203/4203 4202/4202 4204/4204
usemtl Surface_0
f 4208/4208 4206/4206 4205/4205
usemtl Surface_0
f 4207/4207 4206/4206 4208/4208
usemtl Surface_1
f 4212/4212 4210/4210 4209/4209
usemtl Surface_1
f 4211/4211 4210/4210 4212/4212
usemtl Surface_0
f 4216/4216 4214/4214 4213/4213
usemtl Surface_0
f 4215/4215 4214/4214 4216/4216
usemtl Surface_1
f 4220/4220 4218/4218 4217/4217
usemtl Surface_1
f 4219/4219 4218/4218 4220/4220
usemtl Surface_0
f 4224/4224 4222/4222 4221/4221
usemtl Surface_0
f 4223/4223 4222/4222 4224/4224
usemtl Surface_1
f 4228/4228 4226/4226 4225/4225
usemtl Surface_1
f 4227/4227 4226/4226 4228/4228
usemtl Surface_0
f 4232/4232 4230/4230 4229/4229
usemtl Surface_0
f 4231/4231 4230/4230 4232/4232
usemtl Surface_1
f 4236/4236 4234/4234 4233/4233
usemtl Surface_1
f 4235/4235 4234/4234 4236/4236
usemtl Surface_0
f 4240/4240 4238/4238 4237/4237
usemtl Surface_0
f 4239/4239 4238/4238 4240/4240
usemtl Surface_1
f 4244/4244 4242/4242 4241/4241
usemtl Surface_1
f 4243/4243 4242/4242 4244/4244
usemtl Surface_0
f 4248/4248 4246/4246 4245/4245
usemtl Surface_0
f 4247/4247 4246/4246 4248/4248
usemtl Surface_1
f 4252/4252 4250/4250 4249/4249
usemtl Surface_1
f 4251/4251 4250/4250 4252/4252
usemtl Surface_0
f 4256/4256 4254/4254 4253/4253
usemtl Surface_0
f 4255/4255 4254/4254 4256/4256
usemtl Surface_1
f 4260/4260 4258/4258 4257/4257
usemtl Surface_1
f 4259/4259 4258/4258 4260/4260
usemtl Surface_0
f 4264/4264 4262/4262 4261/4261
usemtl Surface_0
f 4263/4263 4262/4262 4264/4264
usemtl Surface_1
f 4268/4268 4266/4266 4265/4265
usemtl Surface_1
f 4267/4267 4266/4266 4268/4268
usemtl Surface_0
f 4272/4272 4270/4270 4269/4269
usemtl Surface_0
f 4271/4271 4270/4270 4272/4272
usemtl Surface_0
f 4276/4276 4274/4274 4273/4273
usemtl Surface_0
f 4275/4275 4274/4274 4276/4276
usemtl Surface_0
f 4280/4280 4278/4278 4277/4277
usemtl Surface_0
f 4279/4279 4278/4278 4280/4280
usemtl Surface_0
f 4284/4284 4282/4282 4281/4281
usemtl Surface_0
f 4283/4283 4282/4282 4284/4284
usemtl Surface_0
f 4288/4288 4286/4286 4285/4285
usemtl Surface_0
f 4287/4287 4286/4286 4288/4288
usemtl Surface_0
f 4292/4292 4290/4290 4289/4289
usemtl Surface_0
f 4291/4291 4290/4290 4292/4292
usemtl Surface_0
f 4296/4296 4294/4294 4293/4293
usemtl Surface_0
f 4295/4295 4294/4294 4296/4296
usemtl Surface_0
f 4300/4300 4298/4298 4297/4297
usemtl Surface_0
f 4299/4299 4298/4298 4300/4300
usemtl Surface_0
f 4304/4304 4302/4302 4301/4301
usemtl Surface_0
f 4303/4303 4302/4302 4304/4304
usemtl Surface_0
f 4308/4308 4306/4306 4305/4305
usemtl Surface_0
f 4307/4307 4306/4306 4308/4308
usemtl Surface_0
f 4312/4312 4310/4310 4309/4309
usemtl Surface_0
f 4311/4311 4310/4310 4312/4312
usemtl Surface_0
f 4316/4316 4314/4314 4313/4313
usemtl Surface_0
f 4315/4315 4314/4314 4316/4316
usemtl Surface_0
f 4320/4320 4318/4318 4317/4317
usemtl Surface_0
f 4319/4319 4318/4318 4320/4320
usemtl Surface_0
f 4324/4324 4322/4322 4321/4321
usemtl Surface_0
f 4323/4323 4322/4322 4324/4324
usemtl Surface_0
f 4328/4328 4326/4326 4325/4325
usemtl Surface_0
f 4327/4327 4326/4326 4328/4328
usemtl Surface_0
f 4332/4332 4330/4330 4329/4329
usemtl Surface_0
f 4331/4331 4330/4330 4332/4332
usemtl Surface_0
f 4336/4336 4334/4334 4333/4333
usemtl Surface_0
f 4335/4335 4334/4334 4336/4336
usemtl Surface_0
f 4340/4340 4338/4338 4337/4337
usemtl Surface_0
f 4339/4339 4338/4338 4340/4340
usemtl Surface_0
f 4344/4344 4342/4342 4341/4341
usemtl Surface_0
f 4343/4343 4342/4342 4344/4344
usemtl Surface_0
f 4348/4348 4346/4346 4345/4345
usemtl Surface_0
f 4347/4347 4346/4346 4348/4348
usemtl Surface_0
f 4352/4352 4350/4350 4349/4349
usemtl Surface_0
f 4351/4351 4350/4350 4352/4352
usemtl Surface_0
f 4356/4356 4354/4354 4353/4353
usemtl Surface_0
f 4355/4355 4354/4354 4356/4356
usemtl Surface_0
f 4360/4360 4358/4358 4357/4357
usemtl Surface_0
f 4359/4359 4358/4358 4360/4360
usemtl Surface_0
f 4364/4364 4362/4362 4361/4361
usemtl Surface_0
f 4363/4363 4362/4362 4364/4364
usemtl Surface_0
f 4368/4368 4366/4366 4365/4365
usemtl Surface_0
f 4367/4367 4366/4366 4368/4368
usemtl Surface_0
f 4372/4372 4370/4370 4369/4369
usemtl Surface_0
f 4371/4371 4370/4370 4372/4372
usemtl Surface_0
f 4376/4376 4374/4374 4373/4373
usemtl Surface_0
f 4375/4375 4374/4374 4376/4376
usemtl Surface_0
f 4380/4380 4378/4378 4377/4377
usemtl Surface_0
f 4379/4379 4378/4378 4380/4380
usemtl Surface_0
f 4384/4384 4382/4382 4381/4381
usemtl Surface_0
f 4383/4383 4382/4382 4384/4384
usemtl Surface_0
f 4388/4388 4386/4386 4385/4385
usemtl Surface_0
f 4387/4387 4386/4386 4388/4388
usemtl Surface_0
f 4392/4392 4390/4390 4389/4389
usemtl Surface_0
f 4391/4391 4390/4390 4392/4392
usemtl Surface_0
f 4396/4396 4394/4394 4393/4393
usemtl Surface_0
f 4395/4395 4394/4394 4396/4396
usemtl Surface_0
f 4400/4400 4398/4398 4397/4397
usemtl Surface_0
f 4399/4399 4398/4398 4400/4400
usemtl Surface_0
f 4404/4404 4402/4402 4401/4401
usemtl Surface_0
f 4403/4403 4402/4402 4404/4404
usemtl Surface_0
f 4408/4408 4406/4406 4405/4405
usemtl Surface_0
f 4407/4407 4406/4406 4408/4408
usemtl Surface_0
f 4412/4412 4410/4410 4409/4409
usemtl Surface_0
f 4411/4411 4410/4410 4412/4412
usemtl Surface_0
f 4416/4416 4414/4414 4413/4413
usemtl Surface_0
f 4415/4415 4414/4414 4416/4416
usemtl Surface_0
f 4420/4420 4418/4418 4417/4417
usemtl Surface_0
f 4419/4419 4418/4418 4420/4420
usemtl Surface_0
f 4424/4424 4422/4422 4421/4421
usemtl Surface_0
f 4423/4423 4422/4422 4424/4424
usemtl Surface_0
f 4428/4428 4426/4426 4425/4425
usemtl Surface_0
f 4427/4427 4426/4426 4428/4428
usemtl Surface_0
f 4432/4432 4430/4430 4429/4429
usemtl Surface_0
f 4431/4431 4430/4430 4432/4432
usemtl Surface_0
f 4436/4436 4434/4434 4433/4433
usemtl Surface_0
f 4435/4435 4434/4434 4436/4436
usemtl Surface_0
f 4440/4440 4438/4438 4437/4437
usemtl Surface_0
f 4439/4439 4438/4438 4440/4440
usemtl Surface_0
f 4444/4444 4442/4442 4441/4441
usemtl Surface_0
f 4443/4443 4442/4442 4444/4444
usemtl Surface_0
f 4448/4448 4446/4446 4445/4445
usemtl Surface_0
f 4447/4447 4446/4446 4448/4448
usemtl Surface_0
f 4452/4452 4450/4450 4449/4449
usemtl Surface_0
f 4451/4451 4450/4450 4452/4452
usemtl Surface_0
f 4456/4456 4454/4454 4453/4453
usemtl Surface_0
f 4455/4455 4454/4454 4456/4456
usemtl Surface_0
f 4460/4460 4458/4458 4457/4457
usemtl Surface_0
f 4459/4459 4458/4458 4460/4460
usemtl Surface_0
f 4464/4464 4462/4462 4461/4461
usemtl Surface_0
f 4463/4463 4462/4462 4464/4464
usemtl Surface_0
f 4468/4468 4466/4466 4465/4465
usemtl Surface_0
f 4467/4467 4466/4466 4468/4468
usemtl Surface_0
f 4472/4472 4470/4470 4469/4469
usemtl Surface_0
f 4471/4471 4470/4470 4472/4472
usemtl Surface_0
f 4476/4476 4474/4474 4473/4473
usemtl Surface_0
f 4475/4475 4474/4474 4476/4476
usemtl Surface_0
f 4480/4480 4478/4478 4477/4477
usemtl Surface_0
f 4479/4479 4478/4478 4480/4480
usemtl Surface_0
f 4484/4484 4482/4482 4481/4481
usemtl Surface_0
f 4483/4483 4482/4482 4484/4484
usemtl Surface_0
f 4488/4488 4486/4486 4485/4485
usemtl Surface_0
f 4487/4487 4486/4486 4488/4488
usemtl Surface_0
f 4492/4492 4490/4490 4489/4489
usemtl Surface_0
f 4491/4491 4490/4490 4492/4492
usemtl Surface_0
f 4496/4496 4494/4494 4493/4493
usemtl Surface_0
f 4495/4495 4494/4494 4496/4496
usemtl Surface_0
f 4500/4500 4498/4498 4497/4497
usemtl Surface_0
f 4499/4499 4498/4498 4500/4500
usemtl Surface_0
f 4504/4504 4502/4502 4501/4501
usemtl Surface_0
f 4503/4503 4502/4502 4504/4504
usemtl Surface_0
f 4508/4508 4506/4506 4505/4505
usemtl Surface_0
f 4507/4507 4506/4506 4508/4508
usemtl Surface_0
f 4512/4512 4510/4510 4509/4509
usemtl Surface_0
f 4511/4511 4510/4510 4512/4512
usemtl Surface_0
f 4516/4516 4514/4514 4513/4513
usemtl Surface_0
f 4515/4515 4514/4514 4516/4516
usemtl Surface_0
f 4520/4520 4518/4518 4517/4517
usemtl Surface_0
f 4519/4519 4518/4518 4520/4520
usemtl Surface_0
f 4524/4524 4522/4522 4521/4521
usemtl Surface_0
f 4523/4523 4522/4522 4524/4524
usemtl Surface_0
f 4528/4528 4526/4526 4525/4525
usemtl Surface_0
f 4527/4527 4526/4526 4528/4528
usemtl Surface_0
f 4532/4532 4530/4530 4529/4529
usemtl Surface_0
f 4531/4531 4530/4530 4532/4532
usemtl Surface_0
f 4536/4536 4534/4534 4533/4533
usemtl Surface_0
f 4535/4535 4534/4534 4536/4536
usemtl Surface_0
f 4540/4540 4538/4538 4537/4537
usemtl Surface_0
f 4539/4539 4538/4538 4540/4540
usemtl Surface_0
f 4544/4544 4542/4542 4541/4541
usemtl Surface_0
f 4543/4543 4542/4542 4544/4544
usemtl Surface_0
f 4548/4548 4546/4546 4545/4545
usemtl Surface_0
f 4547/4547 4546/4546 4548/4548
usemtl Surface_0
f 4552/4552 4550/4550 4549/4549
usemtl Surface_0
f 4551/4551 4550/4550 4552/4552
usemtl Surface_0
f 4556/4556 4554/4554 4553/4553
usemtl Surface_0
f 4555/4555 4554/4554 4556/4556
usemtl Surface_0
f 4560/4560 4558/4558 4557/4557
usemtl Surface_0
f 4559/4559 4558/4558 4560/4560
usemtl Surface_0
f 4564/4564 4562/4562 4561/4561
usemtl Surface_0
f 4563/4563 4562/4562 4564/4564
usemtl Surface_0
f 4568/4568 4566/4566 4565/4565
usemtl Surface_0
f 4567/4567 4566/4566 4568/4568
usemtl Surface_0
f 4572/4572 4570/4570 4569/4569
usemtl Surface_0
f 4571/4571 4570/4570 4572/4572
usemtl Surface_0
f 4576/4576 4574/4574 4573/4573
usemtl Surface_0
f 4575/4575 4574/4574 4576/4576
usemtl Surface_0
f 4580/4580 4578/4578 4577/4577
usemtl Surface_0
f 4579/4579 4578/4578 4580/4580
usemtl Surface_0
f 4584/4584 4582/4582 4581/4581
usemtl Surface_0
f 4583/4583 4582/4582 4584/4584
usemtl Surface_0
f 4588/4588 4586/4586 4585/4585
usemtl Surface_0
f 4587/4587 4586/4586 4588/4588
usemtl Surface_0
f 4592/4592 4590/4590 4589/4589
usemtl Surface_0
f 4591/4591 4590/4590 4592/4592
usemtl Surface_0
f 4596/4596 4594/4594 4593/4593
usemtl Surface_0
f 4595/4595 4594/4594 4596/4596
usemtl Surface_0
f 4600/4600 4598/4598 4597/4597
usemtl Surface_0
f 4599/4599 4598/4598 4600/4600
usemtl Surface_0
f 4604/4604 4602/4602 4601/4601
usemtl Surface_0
f 4603/4603 4602/4602 4604/4604
usemtl Surface_0
f 4608/4608 4606/4606 4605/4605
usemtl Surface_0
f 4607/4607 4606/4606 4608/4608
usemtl Surface_0
f 4612/4612 4610/4610 4609/4609
usemtl Surface_0
f 4611/4611 4610/4610 4612/4612
usemtl Surface_0
f 4616/4616 4614/4614 4613/4613
usemtl Surface_0
f 4615/4615 4614/4614 4616/4616
usemtl Surface_0
f 4620/4620 4618/4618 4617/4617
usemtl Surface_0
f 4619/4619 4618/4618 4620/4620
usemtl Surface_0
f 4624/4624 4622/4622 4621/4621
usemtl Surface_0
f 4623/4623 4622/4622 4624/4624
usemtl Surface_0
f 4628/4628 4626/4626 4625/4625
usemtl Surface_0
f 4627/4627 4626/4626 4628/4628
usemtl Surface_0
f 4632/4632 4630/4630 4629/4629
usemtl Surface_0
f 4631/4631 4630/4630 4632/4632
usemtl Surface_0
f 4636/4636 4634/4634 4633/4633
usemtl Surface_0
f 4635/4635 4634/4634 4636/4636
usemtl Surface_0
f 4640/4640 4638/4638 4637/4637
usemtl Surface_0
f 4639/4639 4638/4638 4640/4640
usemtl Surface_0
f 4644/4644 4642/4642 4641/4641
usemtl Surface_0
f 4643/4643 4642/4642 4644/4644
usemtl Surface_0
f 4648/4648 4646/4646 4645/4645
usemtl Surface_0
f 4647/4647 4646/4646 4648/4648
usemtl Surface_0
f 4652/4652 4650/4650 4649/4649
usemtl Surface_0
f 4651/4651 4650/4650 4652/4652
usemtl Surface_0
f 4656/4656 4654/4654 4653/4653
usemtl Surface_0
f 4655/4655 4654/4654 4656/4656
usemtl Surface_0
f 4660/4660 4658/4658 4657/4657
usemtl Surface_0
f 4659/4659 4658/4658 4660/4660
usemtl Surface_0
f 4664/4664 4662/4662 4661/4661
usemtl Surface_0
f 4663/4663 4662/4662 4664/4664
usemtl Surface_0
f 4668/4668 4666/4666 4665/4665
usemtl Surface_0
f 4667/4667 4666/4666 4668/4668
usemtl Surface_0
f 4672/4672 4670/4670 4669/4669
usemtl Surface_0
f 4671/4671 4670/4670 4672/4672
usemtl Surface_0
f 4676/4676 4674/4674 4673/4673
usemtl Surface_0
f 4675/4675 4674/4674 4676/4676
usemtl Surface_0
f 4680/4680 4678/4678 4677/4677
usemtl Surface_0
f 4679/4679 4678/4678 4680/4680
usemtl Surface_0
f 4684/4684 4682/4682 4681/4681
usemtl Surface_0
f 4683/4683 4682/4682 4684/4684
usemtl Surface_0
f 4688/4688 4686/4686 4685/4685
usemtl Surface_0
f 4687/4687 4686/4686 4688/4688
usemtl Surface_0
f 4692/4692 4690/4690 4689/4689
usemtl Surface_0
f 4691/4691 4690/4690 4692/4692
usemtl Surface_0
f 4696/4696 4694/4694 4693/4693
usemtl Surface_0
f 4695/4695 4694/4694 4696/4696
usemtl Surface_0
f 4700/4700 4698/4698 4697/4697
usemtl Surface_0
f 4699/4699 4698/4698 4700/4700
usemtl Surface_0
f 4704/4704 4702/4702 4701/4701
usemtl Surface_0
f 4703/4703 4702/4702 4704/4704
usemtl Surface_0
f 4708/4708 4706/4706 4705/4705
usemtl Surface_0
f 4707/4707 4706/4706 4708/4708
usemtl Surface_0
f 4712/4712 4710/4710 4709/4709
usemtl Surface_0
f 4711/4711 4710/4710 4712/4712
usemtl Surface_0
f 4716/4716 4714/4714 4713/4713
usemtl Surface_0
f 4715/4715 4714/4714 4716/4716
usemtl Surface_0
f 4720/4720 4718/4718 4717/4717
usemtl Surface_0
f 4719/4719 4718/4718 4720/4720
usemtl Surface_0
f 4724/4724 4722/4722 4721/4721
usemtl Surface_0
f 4723/4723 4722/4722 4724/4724
usemtl Surface_0
f 4728/4728 4726/4726 4725/4725
usemtl Surface_0
f 4727/4727 4726/4726 4728/4728
usemtl Surface_0
f 4732/4732 4730/4730 4729/4729
usemtl Surface_0
f 4731/4731 4730/4730 4732/4732
usemtl Surface_0
f 4736/4736 4734/4734 4733/4733
usemtl Surface_0
f 4735/4735 4734/4734 4736/4736
usemtl Surface_0
f 4740/4740 4738/4738 4737/4737
usemtl Surface_0
f 4739/4739 4738/4738 4740/4740
usemtl Surface_0
f 4744/4744 4742/4742 4741/4741
usemtl Surface_0
f 4743/4743 4742/4742 4744/4744
usemtl Surface_0
f 4748/4748 4746/4746 4745/4745
usemtl Surface_0
f 4747/4747 4746/4746 4748/4748
usemtl Surface_0
f 4752/4752 4750/4750 4749/4749
usemtl Surface_0
f 4751/4751 4750/4750 4752/4752
usemtl Surface_0
f 4756/4756 4754/4754 4753/4753
usemtl Surface_0
f 4755/4755 4754/4754 4756/4756
usemtl Surface_0
f 4760/4760 4758/4758 4757/4757
usemtl Surface_0
f 4759/4759 4758/4758 4760/4760
usemtl Surface_0
f 4764/4764 4762/4762 4761/4761
usemtl Surface_0
f 4763/4763 4762/4762 4764/4764
usemtl Surface_0
f 4768/4768 4766/4766 4765/4765
usemtl Surface_0
f 4767/4767 4766/4766 4768/4768
usemtl Surface_0
f 4772/4772 4770/4770 4769/4769
usemtl Surface_0
f 4771/4771 4770/4770 4772/4772
usemtl Surface_0
f 4776/4776 4774/4774 4773/4773
usemtl Surface_0
f 4775/4775 4774/4774 4776/4776
usemtl Surface_0
f 4780/4780 4778/4778 4777/4777
usemtl Surface_0
f 4779/4779 4778/4778 4780/4780
usemtl Surface_0
f 4784/4784 4782/4782 4781/4781
usemtl Surface_0
f 4783/4783 4782/4782 4784/4784
usemtl Surface_0
f 4788/4788 4786/4786 4785/4785
usemtl Surface_0
f 4787/4787 4786/4786 4788/4788
usemtl Surface_0
f 4792/4792 4790/4790 4789/4789
usemtl Surface_0
f 4791/4791 4790/4790 4792/4792
usemtl Surface_0
f 4796/4796 4794/4794 4793/4793
usemtl Surface_0
f 4795/4795 4794/4794 4796/4796
usemtl Surface_0
f 4800/4800 4798/4798 4797/4797
usemtl Surface_0
f 4799/4799 4798/4798 4800/4800
usemtl Surface_0
f 4804/4804 4802/4802 4801/4801
usemtl Surface_0
f 4803/4803 4802/4802 4804/4804
usemtl Surface_0
f 4808/4808 4806/4806 4805/4805
usemtl Surface_0
f 4807/4807 4806/4806 4808/4808
usemtl Surface_0
f 4812/4812 4810/4810 4809/4809
usemtl Surface_0
f 4811/4811 4810/4810 4812/4812
usemtl Surface_0
f 4816/4816 4814/4814 4813/4813
usemtl Surface_0
f 4815/4815 4814/4814 4816/4816
usemtl Surface_0
f 4820/4820 4818/4818 4817/4817
usemtl Surface_0
f 4819/4819 4818/4818 4820/4820
usemtl Surface_0
f 4824/4824 4822/4822 4821/4821
usemtl Surface_0
f 4823/4823 4822/4822 4824/4824
usemtl Surface_0
f 4828/4828 4826/4826 4825/4825
usemtl Surface_0
f 4827/4827 4826/4826 4828/4828
usemtl Surface_0
f 4832/4832 4830/4830 4829/4829
usemtl Surface_0
f 4831/4831 4830/4830 4832/4832
usemtl Surface_0
f 4836/4836 4834/4834 4833/4833
usemtl Surface_0
f 4835/4835 4834/4834 4836/4836
usemtl Surface_0
f 4840/4840 4838/4838 4837/4837
usemtl Surface_0
f 4839/4839 4838/4838 4840/4840
usemtl Surface_0
f 4844/4844 4842/4842 4841/4841
usemtl Surface_0
f 4843/4843 4842/4842 4844/4844
usemtl Surface_0
f 4848/4848 4846/4846 4845/4845
usemtl Surface_0
f 4847/4847 4846/4846 4848/4848
usemtl Surface_0
f 4852/4852 4850/4850 4849/4849
usemtl Surface_0
f 4851/4851 4850/4850 4852/4852
usemtl Surface_0
f 4856/4856 4854/4854 4853/4853
usemtl Surface_0
f 4855/4855 4854/4854 4856/4856
usemtl Surface_0
f 4860/4860 4858/4858 4857/4857
usemtl Surface_0
f 4859/4859 4858/4858 4860/4860
usemtl Surface_0
f 4864/4864 4862/4862 4861/4861
usemtl Surface_0
f 4863/4863 4862/4862 4864/4864
usemtl Surface_0
f 4868/4868 4866/4866 4865/4865
usemtl Surface_0
f 4867/4867 4866/4866 4868/4868
usemtl Surface_0
f 4872/4872 4870/4870 4869/4869
usemtl Surface_0
f 4871/4871 4870/4870 4872/4872
usemtl Surface_0
f 4876/4876 4874/4874 4873/4873
usemtl Surface_0
f 4875/4875 4874/4874 4876/4876
usemtl Surface_0
f 4880/4880 4878/4878 4877/4877
usemtl Surface_0
f 4879/4879 4878/4878 4880/4880
usemtl Surface_0
f 4884/4884 4882/4882 4881/4881
usemtl Surface_0
f 4883/4883 4882/4882 4884/4884
usemtl Surface_0
f 4888/4888 4886/4886 4885/4885
usemtl Surface_0
f 4887/4887 4886/4886 4888/4888
usemtl Surface_0
f 4892/4892 4890/4890 4889/4889
usemtl Surface_0
f 4891/4891 4890/4890 4892/4892
usemtl Surface_0
f 4896/4896 4894/4894 4893/4893
usemtl Surface_0
f 4895/4895 4894/4894 4896/4896
usemtl Surface_0
f 4900/4900 4898/4898 4897/4897
usemtl Surface_0
f 4899/4899 4898/4898 4900/4900
usemtl Surface_0
f 4904/4904 4902/4902 4901/4901
usemtl Surface_0
f 4903/4903 4902/4902 4904/4904
usemtl Surface_0
f 4908/4908 4906/4906 4905/4905
usemtl Surface_0
f 4907/4907 4906/4906 4908/4908
usemtl Surface_0
f 4912/4912 4910/4910 4909/4909
usemtl Surface_0
f 4911/4911 4910/4910 4912/4912
usemtl Surface_0
f 4916/4916 4914/4914 4913/4913
usemtl Surface_0
f 4915/4915 4914/4914 4916/4916
usemtl Surface_0
f 4920/4920 4918/4918 4917/4917
usemtl Surface_0
f 4919/4919 4918/4918 4920/4920
usemtl Surface_0
f 4924/4924 4922/4922 4921/4921
usemtl Surface_0
f 4923/4923 4922/4922 4924/4924
usemtl Surface_0
f 4928/4928 4926/4926 4925/4925
usemtl Surface_0
f 4927/4927 4926/4926 4928/4928
usemtl Surface_0
f 4932/4932 4930/4930 4929/4929
usemtl Surface_0
f 4931/4931 4930/4930 4932/4932
usemtl Surface_0
f 4936/4936 4934/4934 4933/4933
usemtl Surface_0
f 4935/4935 4934/4934 4936/4936
usemtl Surface_0
f 4940/4940 4938/4938 4937/4937
usemtl Surface_0
f 4939/4939 4938/4938 4940/4940
usemtl Surface_0
f 4944/4944 4942/4942 4941/4941
usemtl Surface_0
f 4943/4943 4942/4942 4944/4944
usemtl Surface_0
f 4948/4948 4946/4946 4945/4945
usemtl Surface_0
f 4947/4947 4946/4946 4948/4948
usemtl Surface_0
f 4952/4952 4950/4950 4949/4949
usemtl Surface_0
f 4951/4951 4950/4950 4952/4952
usemtl Surface_0
f 4956/4956 4954/4954 4953/4953
usemtl Surface_0
f 4955/4955 4954/4954 4956/4956
usemtl Surface_0
f 4960/4960 4958/4958 4957/4957
usemtl Surface_0
f 4959/4959 4958/4958 4960/4960
usemtl Surface_0
f 4964/4964 4962/4962 4961/4961
usemtl Surface_0
f 4963/4963 4962/4962 4964/4964
usemtl Surface_0
f 4968/4968 4966/4966 4965/4965
usemtl Surface_0
f 4967/4967 4966/4966 4968/4968
usemtl Surface_0
f 4972/4972 4970/4970 4969/4969
usemtl Surface_0
f 4971/4971 4970/4970 4972/4972
usemtl Surface_0
f 4976/4976 4974/4974 4973/4973
usemtl Surface_0
f 4975/4975 4974/4974 4976/4976
usemtl Surface_0
f 4980/4980 4978/4978 4977/4977
usemtl Surface_0
f 4979/4979 4978/4978 4980/4980
usemtl Surface_0
f 4984/4984 4982/4982 4981/4981
usemtl Surface_0
f 4983/4983 4982/4982 4984/4984
usemtl Surface_0
f 4988/4988 4986/4986 4985/4985
usemtl Surface_0
f 4987/4987 4986/4986 4988/4988
usemtl Surface_0
f 4992/4992 4990/4990 4989/4989
usemtl Surface_0
f 4991/4991 4990/4990 4992/4992
usemtl Surface_1
f 4996/4996 4994/4994 4993/4993
usemtl Surface_1
f 4995/4995 4994/4994 4996/4996
usemtl Surface_0
f 5000/5000 4998/4998 4997/4997
usemtl Surface_0
f 4999/4999 4998/4998 5000/5000
usemtl Surface_1
f 5004/5004 5002/5002 5001/5001
usemtl Surface_1
f 5003/5003 5002/5002 5004/5004
usemtl Surface_0
f 5008/5008 5006/5006 5005/5005
usemtl Surface_0
f 5007/5007 5006/5006 5008/5008
usemtl Surface_1
f 5012/5012 5010/5010 5009/5009
usemtl Surface_1
f 5011/5011 5010/5010 5012/5012
usemtl Surface_0
f 5016/5016 5014/5014 5013/5013
usemtl Surface_0
f 5015/5015 5014/5014 5016/5016
usemtl Surface_1
f 5020/5020 5018/5018 5017/5017
usemtl Surface_1
f 5019/5019 5018/5018 5020/5020
usemtl Surface_0
f 5024/5024 5022/5022 5021/5021
usemtl Surface_0
f 5023/5023 5022/5022 5024/5024
usemtl Surface_1
f 5028/5028 5026/5026 5025/5025
usemtl Surface_1
f 5027/5027 5026/5026 5028/5028
usemtl Surface_0
f 5032/5032 5030/5030 5029/5029
usemtl Surface_0
f 5031/5031 5030/5030 5032/5032
usemtl Surface_1
f 5036/5036 5034/5034 5033/5033
usemtl Surface_1
f 5035/5035 5034/5034 5036/5036
usemtl Surface_0
f 5040/5040 5038/5038 5037/5037
usemtl Surface_0
f 5039/5039 5038/5038 5040/5040
usemtl Surface_1
f 5044/5044 5042/5042 5041/5041
usemtl Surface_1
f 5043/5043 5042/5042 5044/5044
usemtl Surface_0
f 5048/5048 5046/5046 5045/5045
usemtl Surface_0
f 5047/5047 5046/5046 5048/5048
usemtl Surface_1
f 5052/5052 5050/5050 5049/5049
usemtl Surface_1
f 5051/5051 5050/5050 5052/5052
usemtl Surface_0
f 5056/5056 5054/5054 5053/5053
usemtl Surface_0
f 5055/5055 5054/5054 5056/5056
usemtl Surface_1
f 5060/5060 5058/5058 5057/5057
usemtl Surface_1
f 5059/5059 5058/5058 5060/5060
usemtl Surface_0
f 5064/5064 5062/5062 5061/5061
usemtl Surface_0
f 5063/5063 5062/5062 5064/5064
usemtl Surface_1
f 5068/5068 5066/5066 5065/5065
usemtl Surface_1
f 5067/5067 5066/5066 5068/5068
usemtl Surface_0
f 5072/5072 5070/5070 5069/5069
usemtl Surface_0
f 5071/5071 5070/5070 5072/5072
usemtl Surface_1
f 5076/5076 5074/5074 5073/5073
usemtl Surface_1
f 5075/5075 5074/5074 5076/5076
usemtl Surface_0
f 5080/5080 5078/5078 5077/5077
usemtl Surface_0
f 5079/5079 5078/5078 5080/5080
usemtl Surface_1
f 5084/5084 5082/5082 5081/5081
usemtl Surface_1
f 5083/5083 5082/5082 5084/5084
usemtl Surface_0
f 5088/5088 5086/5086 5085/5085
usemtl Surface_0
f 5087/5087 5086/5086 5088/5088
usemtl Surface_1
f 5092/5092 5090/5090 5089/5089
usemtl Surface_1
f 5091/5091 5090/5090 5092/5092
usemtl Surface_0
f 5096/5096 5094/5094 5093/5093
usemtl Surface_0
f 5095/5095 5094/5094 5096/5096
usemtl Surface_1
f 5100/5100 5098/5098 5097/5097
usemtl Surface_1
f 5099/5099 5098/5098 5100/5100
usemtl Surface_0
f 5104/5104 5102/5102 5101/5101
usemtl Surface_0
f 5103/5103 5102/5102 5104/5104
usemtl Surface_1
f 5108/5108 5106/5106 5105/5105
usemtl Surface_1
f 5107/5107 5106/5106 5108/5108
usemtl Surface_0
f 5112/5112 5110/5110 5109/5109
usemtl Surface_0
f 5111/5111 5110/5110 5112/5112
usemtl Surface_1
f 5116/5116 5114/5114 5113/5113
usemtl Surface_1
f 5115/5115 5114/5114 5116/5116
usemtl Surface_0
f 5120/5120 5118/5118 5117/5117
usemtl Surface_0
f 5119/5119 5118/5118 5120/5120
usemtl Surface_1
f 5124/5124 5122/5122 5121/5121
usemtl Surface_1
f 5123/5123 5122/5122 5124/5124
usemtl Surface_0
f 5128/5128 5126/5126 5125/5125
usemtl Surface_0
f 5127/5127 5126/5126 5128/5128
usemtl Surface_1
f 5132/5132 5130/5130 5129/5129
usemtl Surface_1
f 5131/5131 5130/5130 5132/5132
usemtl Surface_0
f 5136/5136 5134/5134 5133/5133
usemtl Surface_0
f 5135/5135 5134/5134 5136/5136
usemtl Surface_1
f 5140/5140 5138/5138 5137/5137
usemtl Surface_1
f 5139/5139 5138/5138 5140/5140
usemtl Surface_0
f 5144/5144 5142/5142 5141/5141
usemtl Surface_0
f 5143/5143 5142/5142 5144/5144
usemtl Surface_1
f 5148/5148 5146/5146 5145/5145
usemtl Surface_1
f 5147/5147 5146/5146 5148/5148
usemtl Surface_0
f 5152/5152 5150/5150 5149/5149
usemtl Surface_0
f 5151/5151 5150/5150 5152/5152
usemtl Surface_1
f 5156/5156 5154/5154 5153/5153
usemtl Surface_1
f 5155/5155 5154/5154 5156/5156
usemtl Surface_0
f 5160/5160 5158/5158 5157/5157
usemtl Surface_0
f 5159/5159 5158/5158 5160/5160
usemtl Surface_1
f 5164/5164 5162/5162 5161/5161
usemtl Surface_1
f 5163/5163 5162/5162 5164/5164
usemtl Surface_0
f 5168/5168 5166/5166 5165/5165
usemtl Surface_0
f 5167/5167 5166/5166 5168/5168
usemtl Surface_1
f 5172/5172 5170/5170 5169/5169
usemtl Surface_1
f 5171/5171 5170/5170 5172/5172
usemtl Surface_0
f 5176/5176 5174/5174 5173/5173
usemtl Surface_0
f 5175/5175 5174/5174 5176/5176
usemtl Surface_1
f 5180/5180 5178/5178 5177/5177
usemtl Surface_1
f 5179/5179 5178/5178 5180/5180
usemtl Surface_0
f 5184/5184 5182/5182 5181/5181
usemtl Surface_0
f 5183/5183 5182/5182 5184/5184
usemtl Surface_1
f 5188/5188 5186/5186 5185/5185
usemtl Surface_1
f 5187/5187 5186/5186 5188/5188
usemtl Surface_0
f 5192/5192 5190/5190 5189/5189
usemtl Surface_0
f 5191/5191 5190/5190 5192/5192
usemtl Surface_1
f 5196/5196 5194/5194 5193/5193
usemtl Surface_1
f 5195/5195 5194/5194 5196/5196
usemtl Surface_0
f 5200/5200 5198/5198 5197/5197
usemtl Surface_0
f 5199/5199 5198/5198 5200/5200
usemtl Surface_1
f 5204/5204 5202/5202 5201/5201
usemtl Surface_1
f 5203/5203 5202/5202 5204/5204
usemtl Surface_0
f 5208/5208 5206/5206 5205/5205
usemtl Surface_0
f 5207/5207 5206/5206 5208/5208
usemtl Surface_1
f 5212/5212 5210/5210 5209/5209
usemtl Surface_1
f 5211/5211 5210/5210 5212/5212
usemtl Surface_0
f 5216/5216 5214/5214 5213/5213
usemtl Surface_0
f 5215/5215 5214/5214 5216/5216
usemtl Surface_1
f 5220/5220 5218/5218 5217/5217
usemtl Surface_1
f 5219/5219 5218/5218 5220/5220
usemtl Surface_0
f 5224/5224 5222/5222 5221/5221
usemtl Surface_0
f 5223/5223 5222/5222 5224/5224
usemtl Surface_1
f 5228/5228 5226/5226 5225/5225
usemtl Surface_1
f 5227/5227 5226/5226 5228/5228
usemtl Surface_0
f 5232/5232 5230/5230 5229/5229
usemtl Surface_0
f 5231/5231 5230/5230 5232/5232
usemtl Surface_1
f 5236/5236 5234/5234 5233/5233
usemtl Surface_1
f 5235/5235 5234/5234 5236/5236
usemtl Surface_1
f 5240/5240 5238/5238 5237/5237
usemtl Surface_1
f 5239/5239 5238/5238 5240/5240
usemtl Surface_1
f 5244/5244 5242/5242 5241/5241
usemtl Surface_1
f 5243/5243 5242/5242 5244/5244
usemtl Surface_1
f 5248/5248 5246/5246 5245/5245
usemtl Surface_1
f 5247/5247 5246/5246 5248/5248
usemtl Surface_1
f 5252/5252 5250/5250 5249/5249
usemtl Surface_1
f 5251/5251 5250/5250 5252/5252
usemtl Surface_1
f 5256/5256 5254/5254 5253/5253
usemtl Surface_1
f 5255/5255 5254/5254 5256/5256
usemtl Surface_1
f 5260/5260 5258/5258 5257/5257
usemtl Surface_1
f 5259/5259 5258/5258 5260/5260
usemtl Surface_1
f 5264/5264 5262/5262 5261/5261
usemtl Surface_1
f 5263/5263 5262/5262 5264/5264
usemtl Surface_1
f 5268/5268 5266/5266 5265/5265
usemtl Surface_1
f 5267/5267 5266/5266 5268/5268
usemtl Surface_1
f 5272/5272 5270/5270 5269/5269
usemtl Surface_1
f 5271/5271 5270/5270 5272/5272
usemtl Surface_1
f 5276/5276 5274/5274 5273/5273
usemtl Surface_1
f 5275/5275 5274/5274 5276/5276
usemtl Surface_1
f 5280/5280 5278/5278 5277/5277
usemtl Surface_1
f 5279/5279 5278/5278 5280/5280
usemtl Surface_1
f 5284/5284 5282/5282 5281/5281
usemtl Surface_1
f 5283/5283 5282/5282 5284/5284
usemtl Surface_1
f 5288/5288 5286/5286 5285/5285
usemtl Surface_1
f 5287/5287 5286/5286 5288/5288
usemtl Surface_1
f 5292/5292 5290/5290 5289/5289
usemtl Surface_1
f 5291/5291 5290/5290 5292/5292
usemtl Surface_1
f 5296/5296 5294/5294 5293/5293
usemtl Surface_1
f 5295/5295 5294/5294 5296/5296
usemtl Surface_1
f 5300/5300 5298/5298 5297/5297
usemtl Surface_1
f 5299/5299 5298/5298 5300/5300
usemtl Surface_1
f 5304/5304 5302/5302 5301/5301
usemtl Surface_1
f 5303/5303 5302/5302 5304/5304
usemtl Surface_1
f 5308/5308 5306/5306 5305/5305
usemtl Surface_1
f 5307/5307 5306/5306 5308/5308
usemtl Surface_1
f 5312/5312 5310/5310 5309/5309
usemtl Surface_1
f 5311/5311 5310/5310 5312/5312
usemtl Surface_1
f 5316/5316 5314/5314 5313/5313
usemtl Surface_1
f 5315/5315 5314/5314 5316/5316
usemtl Surface_1
f 5320/5320 5318/5318 5317/5317
usemtl Surface_1
f 5319/5319 5318/5318 5320/5320
usemtl Surface_1
f 5324/5324 5322/5322 5321/5321
usemtl Surface_1
f 5323/5323 5322/5322 5324/5324
usemtl Surface_1
f 5328/5328 5326/5326 5325/5325
usemtl Surface_1
f 5327/5327 5326/5326 5328/5328
usemtl Surface_1
f 5332/5332 5330/5330 5329/5329
usemtl Surface_1
f 5331/5331 5330/5330 5332/5332
usemtl Surface_1
f 5336/5336 5334/5334 5333/5333
usemtl Surface_1
f 5335/5335 5334/5334 5336/5336
usemtl Surface_1
f 5340/5340 5338/5338 5337/5337
usemtl Surface_1
f 5339/5339 5338/5338 5340/5340
usemtl Surface_1
f 5344/5344 5342/5342 5341/5341
usemtl Surface_1
f 5343/5343 5342/5342 5344/5344
usemtl Surface_1
f 5348/5348 5346/5346 5345/5345
usemtl Surface_1
f 5347/5347 5346/5346 5348/5348
usemtl Surface_1
f 5352/5352 5350/5350 5349/5349
usemtl Surface_1
f 5351/5351 5350/5350 5352/5352
usemtl Surface_1
f 5356/5356 5354/5354 5353/5353
usemtl Surface_1
f 5355/5355 5354/5354 5356/5356
usemtl Surface_1
f 5360/5360 5358/5358 5357/5357
usemtl Surface_1
f 5359/5359 5358/5358 5360/5360
usemtl Surface_1
f 5364/5364 5362/5362 5361/5361
usemtl Surface_1
f 5363/5363 5362/5362 5364/5364
usemtl Surface_1
f 5368/5368 5366/5366 5365/5365
usemtl Surface_1
f 5367/5367 5366/5366 5368/5368
usemtl Surface_1
f 5372/5372 5370/5370 5369/5369
usemtl Surface_1
f 5371/5371 5370/5370 5372/5372
usemtl Surface_1
f 5376/5376 5374/5374 5373/5373
usemtl Surface_1
f 5375/5375 5374/5374 5376/5376
usemtl Surface_1
f 5380/5380 5378/5378 5377/5377
usemtl Surface_1
f 5379/5379 5378/5378 5380/5380
usemtl Surface_1
f 5384/5384 5382/5382 5381/5381
usemtl Surface_1
f 5383/5383 5382/5382 5384/5384
usemtl Surface_1
f 5388/5388 5386/5386 5385/5385
usemtl Surface_1
f 5387/5387 5386/5386 5388/5388
usemtl Surface_1
f 5392/5392 5390/5390 5389/5389
usemtl Surface_1
f 5391/5391 5390/5390 5392/5392
usemtl Surface_1
f 5396/5396 5394/5394 5393/5393
usemtl Surface_1
f 5395/5395 5394/5394 5396/5396
usemtl Surface_1
f 5400/5400 5398/5398 5397/5397
usemtl Surface_1
f 5399/5399 5398/5398 5400/5400
usemtl Surface_1
f 5404/5404 5402/5402 5401/5401
usemtl Surface_1
f 5403/5403 5402/5402 5404/5404
usemtl Surface_1
f 5408/5408 5406/5406 5405/5405
usemtl Surface_1
f 5407/5407 5406/5406 5408/5408
usemtl Surface_1
f 5412/5412 5410/5410 5409/5409
usemtl Surface_1
f 5411/5411 5410/5410 5412/5412
usemtl Surface_1
f 5416/5416 5414/5414 5413/5413
usemtl Surface_1
f 5415/5415 5414/5414 5416/5416
usemtl Surface_1
f 5420/5420 5418/5418 5417/5417
usemtl Surface_1
f 5419/5419 5418/5418 5420/5420
usemtl Surface_1
f 5424/5424 5422/5422 5421/5421
usemtl Surface_1
f 5423/5423 5422/5422 5424/5424
usemtl Surface_1
f 5428/5428 5426/5426 5425/5425
usemtl Surface_1
f 5427/5427 5426/5426 5428/5428
usemtl Surface_1
f 5432/5432 5430/5430 5429/5429
usemtl Surface_1
f 5431/5431 5430/5430 5432/5432
usemtl Surface_1
f 5436/5436 5434/5434 5433/5433
usemtl Surface_1
f 5435/5435 5434/5434 5436/5436
usemtl Surface_1
f 5440/5440 5438/5438 5437/5437
usemtl Surface_1
f 5439/5439 5438/5438 5440/5440
usemtl Surface_1
f 5444/5444 5442/5442 5441/5441
usemtl Surface_1
f 5443/5443 5442/5442 5444/5444
usemtl Surface_1
f 5448/5448 5446/5446 5445/5445
usemtl Surface_1
f 5447/5447 5446/5446 5448/5448
usemtl Surface_1
f 5452/5452 5450/5450 5449/5449
usemtl Surface_1
f 5451/5451 5450/5450 5452/5452
usemtl Surface_1
f 5456/5456 5454/5454 5453/5453
usemtl Surface_1
f 5455/5455 5454/5454 5456/5456
usemtl Surface_1
f 5460/5460 5458/5458 5457/5457
usemtl Surface_1
f 5459/5459 5458/5458 5460/5460
usemtl Surface_1
f 5464/5464 5462/5462 5461/5461
usemtl Surface_1
f 5463/5463 5462/5462 5464/5464
usemtl Surface_1
f 5468/5468 5466/5466 5465/5465
usemtl Surface_1
f 5467/5467 5466/5466 5468/5468
usemtl Surface_1
f 5472/5472 5470/5470 5469/5469
usemtl Surface_1
f 5471/5471 5470/5470 5472/5472
usemtl Surface_1
f 5476/5476 5474/5474 5473/5473
usemtl Surface_1
f 5475/5475 5474/5474 5476/5476
usemtl Surface_1
f 5480/5480 5478/5478 5477/5477
usemtl Surface_1
f 5479/5479 5478/5478 5480/5480
usemtl Surface_1
f 5484/5484 5482/5482 5481/5481
usemtl Surface_1
f 5483/5483 5482/5482 5484/5484
usemtl Surface_1
f 5488/5488 5486/5486 5485/5485
usemtl Surface_1
f 5487/5487 5486/5486 5488/5488
usemtl Surface_1
f 5492/5492 5490/5490 5489/5489
usemtl Surface_1
f 5491/5491 5490/5490 5492/5492
usemtl Surface_1
f 5496/5496 5494/5494 5493/5493
usemtl Surface_1
f 5495/5495 5494/5494 5496/5496
usemtl Surface_1
f 5500/5500 5498/5498 5497/5497
usemtl Surface_1
f 5499/5499 5498/5498 5500/5500
usemtl Surface_1
f 5504/5504 5502/5502 5501/5501
usemtl Surface_1
f 5503/5503 5502/5502 5504/5504
usemtl Surface_1
f 5508/5508 5506/5506 5505/5505
usemtl Surface_1
f 5507/5507 5506/5506 5508/5508
usemtl Surface_1
f 5512/5512 5510/5510 5509/5509
usemtl Surface_1
f 5511/5511 5510/5510 5512/5512
usemtl Surface_2
f 5520/5520 5514/5514 5513/5513
usemtl Surface_2
f 5519/5519 5514/5514 5520/5520
usemtl Surface_2
f 5518/5518 5514/5514 5519/5519
usemtl Surface_2
f 5517/5517 5514/5514 5518/5518
usemtl Surface_2
f 5516/5516 5514/5514 5517/5517
usemtl Surface_2
f 5515/5515 5514/5514 5516/5516
usemtl Surface_2
f 5528/5528 5522/5522 5521/5521
usemtl Surface_2
f 5527/5527 5522/5522 5528/5528
usemtl Surface_2
f 5526/5526 5522/5522 5527/5527
usemtl Surface_2
f 5525/5525 5522/5522 5526/5526
usemtl Surface_2
f 5524/5524 5522/5522 5525/5525
usemtl Surface_2
f 5523/5523 5522/5522 5524/5524
usemtl Surface_2
f 5532/5532 5530/5530 5529/5529
usemtl Surface_2
f 5531/5531 5530/5530 5532/5532
usemtl Surface_2
f 5536/5536 5534/5534 5533/5533
usemtl Surface_2
f 5535/5535 5534/5534 5536/5536
usemtl Surface_2
f 5540/5540 5538/5538 5537/5537
usemtl Surface_2
f 5539/5539 5538/5538 5540/5540
usemtl Surface_2
f 5544/5544 5542/5542 5541/5541
usemtl Surface_2
f 5543/5543 5542/5542 5544/5544
usemtl Surface_2
f 5548/5548 5546/5546 5545/5545
usemtl Surface_2
f 5547/5547 5546/5546 5548/5548
usemtl Surface_2
f 5552/5552 5550/5550 5549/5549
usemtl Surface_2
f 5551/5551 5550/5550 5552/5552
usemtl Surface_2
f 5556/5556 5554/5554 5553/5553
usemtl Surface_2
f 5555/5555 5554/5554 5556/5556
usemtl Surface_2
f 5560/5560 5558/5558 5557/5557
usemtl Surface_2
f 5559/5559 5558/5558 5560/5560
usemtl Surface_2
f 5564/5564 5562/5562 5561/5561
usemtl Surface_2
f 5563/5563 5562/5562 5564/5564
usemtl Surface_2
f 5568/5568 5566/5566 5565/5565
usemtl Surface_2
f 5567/5567 5566/5566 5568/5568
usemtl Surface_2
f 5572/5572 5570/5570 5569/5569
usemtl Surface_2
f 5571/5571 5570/5570 5572/5572
usemtl Surface_2
f 5576/5576 5574/5574 5573/5573
usemtl Surface_2
f 5575/5575 5574/5574 5576/5576
usemtl Surface_2
f 5580/5580 5578/5578 5577/5577
usemtl Surface_2
f 5579/5579 5578/5578 5580/5580
usemtl Surface_2
f 5584/5584 5582/5582 5581/5581
usemtl Surface_2
f 5583/5583 5582/5582 5584/5584
usemtl Surface_2
f 5588/5588 5586/5586 5585/5585
usemtl Surface_2
f 5587/5587 5586/5586 5588/5588
usemtl Surface_2
f 5592/5592 5590/5590 5589/5589
usemtl Surface_2
f 5591/5591 5590/5590 5592/5592
usemtl Surface_5
f 5593/5593 5595/5595 5594/5594
usemtl Surface_5
f 5596/5596 5598/5598 5597/5597
usemtl Surface_5
f 5599/5599 5601/5601 5600/5600
usemtl Surface_5
f 5602/5602 5604/5604 5603/5603
usemtl Surface_5
f 5605/5605 5607/5607 5606/5606
