# Null Route authored hard-surface mesh. Centimeters, Z up.
v 10.37743 5.82112 8.25099
v 9.42236 -24.42632 3.71882
v 3.82515 -24.24960 3.71895
v 4.78022 5.99783 8.25113
v 4.84764 8.14437 -6.08895
v 3.89256 -22.10306 -10.62112
v 9.48977 -22.27978 -10.62126
v 10.44485 7.96766 -6.08908
v 10.42047 7.18493 7.24196
v 4.82326 7.36165 7.24210
v 4.87951 9.15290 -4.72445
v 10.47672 8.97619 -4.72459
v 9.44674 -23.64359 -9.61223
v 3.84953 -23.46688 -9.61209
v 3.79327 -25.25813 2.35446
v 9.39048 -25.43485 2.35432
v 11.58241 5.96089 7.06420
v 11.63867 7.75215 -4.90235
v 10.68360 -22.49529 -9.43453
v 10.62734 -24.28654 2.53202
v 2.63132 -24.03409 2.53222
v 2.68758 -22.24284 -9.43433
v 3.64266 8.00459 -4.90215
v 3.58640 6.21334 7.06440
v 10.42047 7.18493 7.24196
v 10.47672 8.97619 -4.72459
v 11.63867 7.75215 -4.90235
v 11.58241 5.96089 7.06420
v 3.58640 6.21334 7.06440
v 3.64266 8.00459 -4.90215
v 4.87951 9.15290 -4.72445
v 4.82326 7.36165 7.24210
v 10.62734 -24.28654 2.53202
v 10.68360 -22.49529 -9.43453
v 9.44674 -23.64359 -9.61223
v 9.39048 -25.43485 2.35432
v 3.79327 -25.25813 2.35446
v 3.84953 -23.46688 -9.61209
v 2.68758 -22.24284 -9.43433
v 2.63132 -24.03409 2.53222
v 11.58241 5.96089 7.06420
v 10.62734 -24.28654 2.53202
v 9.42236 -24.42632 3.71882
v 10.37743 5.82112 8.25099
v 10.44485 7.96766 -6.08908
v 9.48977 -22.27978 -10.62126
v 10.68360 -22.49529 -9.43453
v 11.63867 7.75215 -4.90235
v 4.78022 5.99783 8.25113
v 3.82515 -24.24960 3.71895
v 2.63132 -24.03409 2.53222
v 3.58640 6.21334 7.06440
v 3.64266 8.00459 -4.90215
v 2.68758 -22.24284 -9.43433
v 3.89256 -22.10306 -10.62112
v 4.84764 8.14437 -6.08895
v 10.37743 5.82112 8.25099
v 4.78022 5.99783 8.25113
v 4.82326 7.36165 7.24210
v 10.42047 7.18493 7.24196
v 9.39048 -25.43485 2.35432
v 3.79327 -25.25813 2.35446
v 3.82515 -24.24960 3.71895
v 9.42236 -24.42632 3.71882
v 10.47672 8.97619 -4.72459
v 4.87951 9.15290 -4.72445
v 4.84764 8.14437 -6.08895
v 10.44485 7.96766 -6.08908
v 9.48977 -22.27978 -10.62126
v 3.89256 -22.10306 -10.62112
v 3.84953 -23.46688 -9.61209
v 9.44674 -23.64359 -9.61223
v 10.37743 5.82112 8.25099
v 10.42047 7.18493 7.24196
v 11.58241 5.96089 7.06420
v 3.58640 6.21334 7.06440
v 4.82326 7.36165 7.24210
v 4.78022 5.99783 8.25113
v 10.62734 -24.28654 2.53202
v 9.39048 -25.43485 2.35432
v 9.42236 -24.42632 3.71882
v 3.82515 -24.24960 3.71895
v 3.79327 -25.25813 2.35446
v 2.63132 -24.03409 2.53222
v 11.63867 7.75215 -4.90235
v 10.47672 8.97619 -4.72459
v 10.44485 7.96766 -6.08908
v 4.84764 8.14437 -6.08895
v 4.87951 9.15290 -4.72445
v 3.64266 8.00459 -4.90215
v 9.48977 -22.27978 -10.62126
v 9.44674 -23.64359 -9.61223
v 10.68360 -22.49529 -9.43453
v 2.68758 -22.24284 -9.43433
v 3.84953 -23.46688 -9.61209
v 3.89256 -22.10306 -10.62112
v 4.37658 2.72049 7.25308
v 3.57132 -22.78225 3.43183
v -1.22629 -22.63078 3.43195
v -0.42103 2.87196 7.25320
v -0.35827 4.87046 -6.09791
v -1.16353 -20.63227 -9.91916
v 3.63408 -20.78374 -9.91928
v 4.43934 4.71899 -6.09803
v 4.43395 4.53891 5.90770
v -0.36366 4.69038 5.90782
v -0.31577 6.21517 -4.27858
v 4.48184 6.06370 -4.27870
v 3.57671 -22.60217 -8.57390
v -1.22090 -22.45070 -8.57378
v -1.26879 -23.97548 1.61262
v 3.52882 -24.12696 1.61250
v 5.98322 2.90686 5.67069
v 6.03111 4.43164 -4.51571
v 5.22585 -21.07109 -8.33696
v 5.17796 -22.59588 1.84944
v -2.81806 -22.34343 1.84963
v -2.77017 -20.81865 -8.33677
v -1.96491 4.68409 -4.51552
v -2.01280 3.15931 5.67088
v 4.43395 4.53891 5.90770
v 4.48184 6.06370 -4.27870
v 6.03111 4.43164 -4.51571
v 5.98322 2.90686 5.67069
v -2.01280 3.15931 5.67088
v -1.96491 4.68409 -4.51552
v -0.31577 6.21517 -4.27858
v -0.36366 4.69038 5.90782
v 5.17796 -22.59588 1.84944
v 5.22585 -21.07109 -8.33696
v 3.57671 -22.60217 -8.57390
v 3.52882 -24.12696 1.61250
v -1.26879 -23.97548 1.61262
v -1.22090 -22.45070 -8.57378
v -2.77017 -20.81865 -8.33677
v -2.81806 -22.34343 1.84963
v 5.98322 2.90686 5.67069
v 5.17796 -22.59588 1.84944
v 3.57132 -22.78225 3.43183
v 4.37658 2.72049 7.25308
v 4.43934 4.71899 -6.09803
v 3.63408 -20.78374 -9.91928
v 5.22585 -21.07109 -8.33696
v 6.03111 4.43164 -4.51571
v -0.42103 2.87196 7.25320
v -1.22629 -22.63078 3.43195
v -2.81806 -22.34343 1.84963
v -2.01280 3.15931 5.67088
v -1.96491 4.68409 -4.51552
v -2.77017 -20.81865 -8.33677
v -1.16353 -20.63227 -9.91916
v -0.35827 4.87046 -6.09791
v 4.37658 2.72049 7.25308
v -0.42103 2.87196 7.25320
v -0.36366 4.69038 5.90782
v 4.43395 4.53891 5.90770
v 3.52882 -24.12696 1.61250
v -1.26879 -23.97548 1.61262
v -1.22629 -22.63078 3.43195
v 3.57132 -22.78225 3.43183
v 4.48184 6.06370 -4.27870
v -0.31577 6.21517 -4.27858
v -0.35827 4.87046 -6.09791
v 4.43934 4.71899 -6.09803
v 3.63408 -20.78374 -9.91928
v -1.16353 -20.63227 -9.91916
v -1.22090 -22.45070 -8.57378
v 3.57671 -22.60217 -8.57390
v 4.37658 2.72049 7.25308
v 4.43395 4.53891 5.90770
v 5.98322 2.90686 5.67069
v -2.01280 3.15931 5.67088
v -0.36366 4.69038 5.90782
v -0.42103 2.87196 7.25320
v 5.17796 -22.59588 1.84944
v 3.52882 -24.12696 1.61250
v 3.57132 -22.78225 3.43183
v -1.22629 -22.63078 3.43195
v -1.26879 -23.97548 1.61262
v -2.81806 -22.34343 1.84963
v 6.03111 4.43164 -4.51571
v 4.48184 6.06370 -4.27870
v 4.43934 4.71899 -6.09803
v -0.35827 4.87046 -6.09791
v -0.31577 6.21517 -4.27858
v -1.96491 4.68409 -4.51552
v 3.63408 -20.78374 -9.91928
v 3.57671 -22.60217 -8.57390
v 5.22585 -21.07109 -8.33696
v -2.77017 -20.81865 -8.33677
v -1.22090 -22.45070 -8.57378
v -1.16353 -20.63227 -9.91916
v 4.57575 -16.32055 4.65658
v 4.34479 -23.63529 3.56056
v -0.05302 -23.49644 3.56067
v 0.17794 -16.18170 4.65669
v 0.24304 -14.10918 -9.18890
v 0.01207 -21.42392 -10.28492
v 4.40988 -21.56276 -10.28503
v 4.64084 -14.24802 -9.18901
v 4.62237 -14.84308 3.56346
v 0.22456 -14.70423 3.56357
v 0.27757 -13.01660 -7.71070
v 4.67538 -13.15545 -7.71080
v 4.36326 -23.04023 -9.19191
v -0.03455 -22.90139 -9.19180
v -0.08755 -24.58901 2.08247
v 4.31026 -24.72786 2.08236
v 5.88115 -16.16912 3.37089
v 5.93415 -14.48149 -7.90338
v 5.70319 -21.79623 -8.99940
v 5.65018 -23.48386 2.27487
v -1.34633 -23.26297 2.27504
v -1.29333 -21.57534 -8.99923
v -1.06236 -14.26060 -7.90321
v -1.11536 -15.94823 3.37106
v 4.62237 -14.84308 3.56346
v 4.67538 -13.15545 -7.71080
v 5.93415 -14.48149 -7.90338
v 5.88115 -16.16912 3.37089
v -1.11536 -15.94823 3.37106
v -1.06236 -14.26060 -7.90321
v 0.27757 -13.01660 -7.71070
v 0.22456 -14.70423 3.56357
v 5.65018 -23.48386 2.27487
v 5.70319 -21.79623 -8.99940
v 4.36326 -23.04023 -9.19191
v 4.31026 -24.72786 2.08236
v -0.08755 -24.58901 2.08247
v -0.03455 -22.90139 -9.19180
v -1.29333 -21.57534 -8.99923
v -1.34633 -23.26297 2.27504
v 5.88115 -16.16912 3.37089
v 5.65018 -23.48386 2.27487
v 4.34479 -23.63529 3.56056
v 4.57575 -16.32055 4.65658
v 4.64084 -14.24802 -9.18901
v 4.40988 -21.56276 -10.28503
v 5.70319 -21.79623 -8.99940
v 5.93415 -14.48149 -7.90338
v 0.17794 -16.18170 4.65669
v -0.05302 -23.49644 3.56067
v -1.34633 -23.26297 2.27504
v -1.11536 -15.94823 3.37106
v -1.06236 -14.26060 -7.90321
v -1.29333 -21.57534 -8.99923
v 0.01207 -21.42392 -10.28492
v 0.24304 -14.10918 -9.18890
v 4.57575 -16.32055 4.65658
v 0.17794 -16.18170 4.65669
v 0.22456 -14.70423 3.56357
v 4.62237 -14.84308 3.56346
v 4.31026 -24.72786 2.08236
v -0.08755 -24.58901 2.08247
v -0.05302 -23.49644 3.56067
v 4.34479 -23.63529 3.56056
v 4.67538 -13.15545 -7.71080
v 0.27757 -13.01660 -7.71070
v 0.24304 -14.10918 -9.18890
v 4.64084 -14.24802 -9.18901
v 4.40988 -21.56276 -10.28503
v 0.01207 -21.42392 -10.28492
v -0.03455 -22.90139 -9.19180
v 4.36326 -23.04023 -9.19191
v 4.57575 -16.32055 4.65658
v 4.62237 -14.84308 3.56346
v 5.88115 -16.16912 3.37089
v -1.11536 -15.94823 3.37106
v 0.22456 -14.70423 3.56357
v 0.17794 -16.18170 4.65669
v 5.65018 -23.48386 2.27487
v 4.31026 -24.72786 2.08236
v 4.34479 -23.63529 3.56056
v -0.05302 -23.49644 3.56067
v -0.08755 -24.58901 2.08247
v -1.34633 -23.26297 2.27504
v 5.93415 -14.48149 -7.90338
v 4.67538 -13.15545 -7.71080
v 4.64084 -14.24802 -9.18901
v 0.24304 -14.10918 -9.18890
v 0.27757 -13.01660 -7.71070
v -1.06236 -14.26060 -7.90321
v 4.40988 -21.56276 -10.28503
v 4.36326 -23.04023 -9.19191
v 5.70319 -21.79623 -8.99940
v -1.29333 -21.57534 -8.99923
v -0.03455 -22.90139 -9.19180
v 0.01207 -21.42392 -10.28492
v 3.43195 -24.02711 2.99205
v -0.28438 -23.85198 2.60644
v -1.35236 -23.45225 0.16371
v -1.31851 -22.37454 -7.03600
v -0.22756 -22.04296 -9.47878
v 3.49240 -22.10262 -9.86458
v 4.68092 -22.48689 -7.55041
v 4.64224 -23.71856 0.67782
v 4.26459 -25.22198 -0.01170
v 4.29902 -24.12579 -7.33483
v 3.24123 -23.78378 -9.39443
v -0.06953 -23.73069 -9.05108
v -1.04048 -24.02579 -6.87700
v -1.07060 -24.98495 -0.46926
v -0.12010 -25.34072 1.70477
v 3.18744 -25.49658 2.04796
v 4.64224 -23.71856 0.67782
v 4.68092 -22.48689 -7.55041
v 4.64034 -23.77192 -7.74296
v 4.60166 -25.00359 0.48528
v 4.60166 -25.00359 0.48528
v 4.64034 -23.77192 -7.74296
v 4.29902 -24.12579 -7.33483
v 4.26459 -25.22198 -0.01170
v 4.68092 -22.48689 -7.55041
v 3.49240 -22.10262 -9.86458
v 3.45182 -23.38764 -10.05712
v 4.64034 -23.77192 -7.74296
v 4.64034 -23.77192 -7.74296
v 3.45182 -23.38764 -10.05712
v 3.24123 -23.78378 -9.39443
v 4.29902 -24.12579 -7.33483
v 3.49240 -22.10262 -9.86458
v -0.22756 -22.04296 -9.47878
v -0.26814 -23.32799 -9.67133
v 3.45182 -23.38764 -10.05712
v 3.45182 -23.38764 -10.05712
v -0.26814 -23.32799 -9.67133
v -0.06953 -23.73069 -9.05108
v 3.24123 -23.78378 -9.39443
v -0.22756 -22.04296 -9.47878
v -1.31851 -22.37454 -7.03600
v -1.35909 -23.65956 -7.22854
v -0.26814 -23.32799 -9.67133
v -0.26814 -23.32799 -9.67133
v -1.35909 -23.65956 -7.22854
v -1.04048 -24.02579 -6.87700
v -0.06953 -23.73069 -9.05108
v -1.31851 -22.37454 -7.03600
v -1.35236 -23.45225 0.16371
v -1.39293 -24.73727 -0.02884
v -1.35909 -23.65956 -7.22854
v -1.35909 -23.65956 -7.22854
v -1.39293 -24.73727 -0.02884
v -1.07060 -24.98495 -0.46926
v -1.04048 -24.02579 -6.87700
v -1.35236 -23.45225 0.16371
v -0.28438 -23.85198 2.60644
v -0.32496 -25.13700 2.41390
v -1.39293 -24.73727 -0.02884
v -1.39293 -24.73727 -0.02884
v -0.32496 -25.13700 2.41390
v -0.12010 -25.34072 1.70477
v -1.07060 -24.98495 -0.46926
v -0.28438 -23.85198 2.60644
v 3.43195 -24.02711 2.99205
v 3.39138 -25.31213 2.79950
v -0.32496 -25.13700 2.41390
v -0.32496 -25.13700 2.41390
v 3.39138 -25.31213 2.79950
v 3.18744 -25.49658 2.04796
v -0.12010 -25.34072 1.70477
v 3.43195 -24.02711 2.99205
v 4.64224 -23.71856 0.67782
v 4.60166 -25.00359 0.48528
v 3.39138 -25.31213 2.79950
v 3.39138 -25.31213 2.79950
v 4.60166 -25.00359 0.48528
v 4.26459 -25.22198 -0.01170
v 3.18744 -25.49658 2.04796
v 0.04448 4.94591 0.74055
v 0.03479 4.63779 1.91372
v -0.55023 5.12170 2.10955
v -0.53961 5.45909 0.81462
v 0.01327 3.95744 0.59244
v -0.57082 4.47061 0.66651
v -0.57979 4.18560 1.75905
v 0.00522 3.70169 1.56323
v 0.03479 4.63779 1.91372
v 0.01733 4.08393 2.99678
v -0.56925 4.51825 3.30580
v -0.55023 5.12170 2.10955
v 0.00522 3.70169 1.56323
v -0.57979 4.18560 1.75905
v -0.59588 3.67544 2.76824
v -0.00930 3.24112 2.45922
v 0.01733 4.08393 2.99678
v -0.00713 3.30854 3.94239
v -0.59585 3.67511 4.35110
v -0.56925 4.51825 3.30580
v -0.00930 3.24112 2.45922
v -0.59588 3.67544 2.76824
v -0.61837 2.96243 3.64997
v -0.02965 2.59585 3.24126
v -0.00713 3.30854 3.94239
v -0.03752 2.34549 4.70923
v -0.62885 2.62913 5.19976
v -0.59585 3.67511 4.35110
v -0.02965 2.59585 3.24126
v -0.61837 2.96243 3.64997
v -0.64628 2.07772 4.36571
v -0.05495 1.79409 3.87517
v -0.03752 2.34549 4.70923
v -0.07250 1.23690 5.26377
v -0.66682 1.42603 5.81470
v -0.62885 2.62913 5.19976
v -0.05495 1.79409 3.87517
v -0.64628 2.07772 4.36571
v -0.67840 1.05999 4.88417
v -0.08408 0.87086 4.33324
v -0.07250 1.23690 5.26377
v -0.11056 0.03119 5.58179
v -0.70809 0.11838 6.16903
v -0.66682 1.42603 5.81470
v -0.08408 0.87086 4.33324
v -0.67840 1.05999 4.88417
v -0.71332 -0.04629 5.18270
v -0.11579 -0.13347 4.59546
v -0.11056 0.03119 5.58179
v -0.15003 -1.21892 5.64939
v -0.75087 -1.23666 6.24728
v -0.70809 0.11838 6.16903
v -0.11579 -0.13347 4.59546
v -0.71332 -0.04629 5.18270
v -0.74951 -1.19276 5.24824
v -0.14867 -1.17502 4.65036
v -0.15003 -1.21892 5.64939
v -0.18918 -2.45881 5.46361
v -0.79329 -2.57988 6.04602
v -0.75087 -1.23666 6.24728
v -0.14867 -1.17502 4.65036
v -0.74951 -1.19276 5.24824
v -0.78540 -2.32933 5.07794
v -0.18129 -2.20826 4.49554
v -0.18918 -2.45881 5.46361
v -0.22630 -3.63429 5.03257
v -0.83348 -3.85256 5.57404
v -0.79329 -2.57988 6.04602
v -0.18129 -2.20826 4.49554
v -0.78540 -2.32933 5.07794
v -0.81941 -3.40631 4.67924
v -0.21224 -3.18804 4.13777
v -0.22630 -3.63429 5.03257
v -0.25977 -4.69397 4.37511
v -0.86969 -4.99908 4.85198
v -0.83348 -3.85256 5.57404
v -0.21224 -3.18804 4.13777
v -0.81941 -3.40631 4.67924
v -0.85006 -4.37664 4.06956
v -0.24014 -4.07153 3.59269
v -0.25977 -4.69397 4.37511
v -0.28813 -5.59156 3.51996
v -0.90035 -5.96934 3.91139
v -0.86969 -4.99908 4.85198
v -0.24014 -4.07153 3.59269
v -0.85006 -4.37664 4.06956
v -0.87601 -5.19791 3.27555
v -0.26379 -4.82012 2.88412
v -0.28813 -5.59156 3.51996
v -0.31014 -6.28781 2.50450
v -0.92411 -6.72093 2.79339
v -0.90035 -5.96934 3.91139
v -0.26379 -4.82012 2.88412
v -0.87601 -5.19791 3.27555
v -0.89612 -5.83422 2.33191
v -0.28216 -5.40110 2.04303
v -0.31014 -6.28781 2.50450
v -0.32483 -6.75231 1.37311
v -0.93993 -7.22101 1.54683
v -0.92411 -6.72093 2.79339
v -0.28216 -5.40110 2.04303
v -0.89612 -5.83422 2.33191
v -0.90952 -6.25778 1.27988
v -0.29443 -5.78907 1.10617
v -0.32483 -6.75231 1.37311
v -0.33157 -6.96474 0.17524
v -0.94712 -7.44771 0.22619
v -0.93993 -7.22101 1.54683
v -0.29443 -5.78907 1.10617
v -0.90952 -6.25778 1.27988
v -0.91562 -6.45005 0.16544
v -0.30007 -5.96708 0.11449
v -0.33157 -6.96474 0.17524
v -0.33006 -6.91582 -1.03677
v -0.94536 -7.39113 -1.11081
v -0.94712 -7.44771 0.22619
v -0.30007 -5.96708 0.11449
v -0.91562 -6.45005 0.16544
v -0.91415 -6.40265 -0.96270
v -0.29884 -5.92735 -0.88866
v -0.33006 -6.91582 -1.03677
v -0.32036 -6.60770 -2.20994
v -0.93474 -7.05374 -2.40573
v -0.94536 -7.39113 -1.11081
v -0.29884 -5.92735 -0.88866
v -0.91415 -6.40265 -0.96270
v -0.90518 -6.11764 -2.05524
v -0.29079 -5.67161 -1.85945
v -0.32036 -6.60770 -2.20994
v -0.30290 -6.05384 -3.29300
v -0.91572 -6.45029 -3.60198
v -0.93474 -7.05374 -2.40573
v -0.29079 -5.67161 -1.85945
v -0.90518 -6.11764 -2.05524
v -0.88910 -5.60748 -3.06443
v -0.27627 -5.21104 -2.75544
v -0.30290 -6.05384 -3.29300
v -0.27844 -5.27845 -4.23861
v -0.88913 -5.60715 -4.64728
v -0.91572 -6.45029 -3.60198
v -0.27627 -5.21104 -2.75544
v -0.88910 -5.60748 -3.06443
v -0.86661 -4.89447 -3.94616
v -0.25592 -4.56576 -3.53748
v -0.27844 -5.27845 -4.23861
v -0.24805 -4.31540 -5.00544
v -0.85612 -4.56117 -5.49595
v -0.88913 -5.60715 -4.64728
v -0.25592 -4.56576 -3.53748
v -0.86661 -4.89447 -3.94616
v -0.83869 -4.00977 -4.66189
v -0.23062 -3.76400 -4.17139
v -0.24805 -4.31540 -5.00544
v -0.21307 -3.20681 -5.55999
v -0.81815 -3.35807 -6.11088
v -0.85612 -4.56117 -5.49595
v -0.23062 -3.76400 -4.17139
v -0.83869 -4.00977 -4.66189
v -0.80658 -2.99203 -5.18036
v -0.20149 -2.84077 -4.62946
v -0.21307 -3.20681 -5.55999
v -0.17501 -2.00110 -5.87801
v -0.77688 -2.05042 -6.46522
v -0.81815 -3.35807 -6.11088
v -0.20149 -2.84077 -4.62946
v -0.80658 -2.99203 -5.18036
v -0.77166 -1.88576 -5.47888
v -0.16978 -1.83644 -4.89167
v -0.17501 -2.00110 -5.87801
v -0.13554 -0.75099 -5.94561
v -0.73410 -0.69538 -6.54346
v -0.77688 -2.05042 -6.46522
v -0.16978 -1.83644 -4.89167
v -0.77166 -1.88576 -5.47888
v -0.73546 -0.73928 -5.54443
v -0.13690 -0.79489 -4.94657
v -0.13554 -0.75099 -5.94561
v -0.09639 0.48890 -5.75983
v -0.69169 0.64783 -6.34220
v -0.73410 -0.69538 -6.54346
v -0.13690 -0.79489 -4.94657
v -0.73546 -0.73928 -5.54443
v -0.69957 0.39728 -5.37413
v -0.10428 0.23835 -4.79175
v -0.09639 0.48890 -5.75983
v -0.05927 1.66438 -5.32879
v -0.65149 1.92051 -5.87023
v -0.69169 0.64783 -6.34220
v -0.10428 0.23835 -4.79175
v -0.69957 0.39728 -5.37413
v -0.66556 1.47427 -4.97543
v -0.07334 1.21813 -4.43399
v -0.05927 1.66438 -5.32879
v -0.02580 2.72406 -4.67132
v -0.61528 3.06704 -5.14817
v -0.65149 1.92051 -5.87023
v -0.07334 1.21813 -4.43399
v -0.66556 1.47427 -4.97543
v -0.63491 2.44460 -4.36575
v -0.04543 2.10162 -3.88891
v -0.02580 2.72406 -4.67132
v 0.00256 3.62165 -3.81618
v -0.58462 4.03730 -4.20758
v -0.61528 3.06704 -5.14817
v -0.04543 2.10162 -3.88891
v -0.63491 2.44460 -4.36575
v -0.60896 3.26587 -3.57174
v -0.02178 2.85021 -3.18033
v 0.00256 3.62165 -3.81618
v 0.02457 4.31790 -2.80072
v -0.56087 4.78889 -3.08957
v -0.58462 4.03730 -4.20758
v -0.02178 2.85021 -3.18033
v -0.60896 3.26587 -3.57174
v -0.58885 3.90218 -2.62809
v -0.00341 3.43119 -2.33924
v 0.02457 4.31790 -2.80072
v 0.03926 4.78239 -1.66933
v -0.54505 5.28896 -1.84301
v -0.56087 4.78889 -3.08957
v -0.00341 3.43119 -2.33924
v -0.58885 3.90218 -2.62809
v -0.57545 4.32573 -1.57607
v 0.00886 3.81916 -1.40238
v 0.03926 4.78239 -1.66933
v 0.04600 4.99483 -0.47145
v -0.53786 5.51567 -0.52237
v -0.54505 5.28896 -1.84301
v 0.00886 3.81916 -1.40238
v -0.57545 4.32573 -1.57607
v -0.56935 4.51801 -0.46163
v 0.01450 3.99717 -0.41071
v 0.04600 4.99483 -0.47145
v 0.04448 4.94591 0.74056
v -0.53961 5.45909 0.81463
v -0.53786 5.51567 -0.52237
v 0.01450 3.99717 -0.41071
v -0.56935 4.51801 -0.46163
v -0.57082 4.47061 0.66651
v 0.01327 3.95744 0.59244
v -0.53961 5.45909 0.81462
v -0.55023 5.12170 2.10955
v -5.95345 5.10488 2.03958
v -5.94316 5.43179 0.78513
v -0.57082 4.47061 0.66651
v -5.97438 4.44332 0.63702
v -5.98302 4.16878 1.68909
v -0.57979 4.18560 1.75905
v -0.55023 5.12170 2.10955
v -0.56925 4.51825 3.30580
v -5.97189 4.52009 3.19842
v -5.95345 5.10488 2.03958
v -0.57979 4.18560 1.75905
v -5.98302 4.16878 1.68909
v -5.99851 3.67728 2.66086
v -0.59588 3.67544 2.76824
v -0.56925 4.51825 3.30580
v -0.59585 3.67511 4.35110
v -5.99766 3.70298 4.21101
v -5.97189 4.52009 3.19842
v -0.59588 3.67544 2.76824
v -5.99851 3.67728 2.66086
v -6.02018 2.99029 3.50988
v -0.61837 2.96243 3.64997
v -0.59585 3.67511 4.35110
v -0.62885 2.62913 5.19976
v -6.02965 2.68925 5.03308
v -5.99766 3.70298 4.21101
v -0.61837 2.96243 3.64997
v -6.02018 2.99029 3.50988
v -6.04708 2.13784 4.19903
v -0.64628 2.07772 4.36571
v -0.62885 2.62913 5.19976
v -0.66682 1.42603 5.81470
v -6.06645 1.52322 5.62873
v -6.02965 2.68925 5.03308
v -0.64628 2.07772 4.36571
v -6.04708 2.13784 4.19903
v -6.07802 1.15719 4.69820
v -0.67840 1.05999 4.88417
v -0.66682 1.42603 5.81470
v -0.70809 0.11838 6.16903
v -6.10645 0.25585 5.97190
v -6.06645 1.52322 5.62873
v -0.67840 1.05999 4.88417
v -6.07802 1.15719 4.69820
v -6.11167 0.09118 4.98556
v -0.71332 -0.04629 5.18270
v -0.70809 0.11838 6.16903
v -0.75087 -1.23666 6.24728
v -6.14791 -1.05748 6.04760
v -6.10645 0.25585 5.97190
v -0.71332 -0.04629 5.18270
v -6.11167 0.09118 4.98556
v -6.14655 -1.01358 5.04857
v -0.74951 -1.19276 5.24824
v -0.75087 -1.23666 6.24728
v -0.79329 -2.57988 6.04602
v -6.18902 -2.35937 5.85253
v -6.14791 -1.05748 6.04760
v -0.74951 -1.19276 5.24824
v -6.14655 -1.01358 5.04857
v -6.18113 -2.10882 4.88446
v -0.78540 -2.32933 5.07794
v -0.79329 -2.57988 6.04602
v -0.83348 -3.85256 5.57404
v -6.22798 -3.59291 5.39521
v -6.18902 -2.35937 5.85253
v -0.78540 -2.32933 5.07794
v -6.18113 -2.10882 4.88446
v -6.21391 -3.14666 4.50041
v -0.81941 -3.40631 4.67924
v -0.83348 -3.85256 5.57404
v -0.86969 -4.99908 4.85198
v -6.26308 -4.70419 4.69563
v -6.22798 -3.59291 5.39521
v -0.81941 -3.40631 4.67924
v -6.21391 -3.14666 4.50041
v -6.24345 -4.08175 3.91321
v -0.85006 -4.37664 4.06956
v -0.86969 -4.99908 4.85198
v -0.90035 -5.96934 3.91139
v -6.29279 -5.64465 3.78436
v -6.26308 -4.70419 4.69563
v -0.85006 -4.37664 4.06956
v -6.24345 -4.08175 3.91321
v -6.26845 -4.87322 3.14851
v -0.87601 -5.19791 3.27555
v -0.90035 -5.96934 3.91139
v -0.92411 -6.72093 2.79339
v -6.31582 -6.37319 2.70123
v -6.29279 -5.64465 3.78436
v -0.87601 -5.19791 3.27555
v -6.26845 -4.87322 3.14851
v -6.28784 -5.48648 2.23975
v -0.89612 -5.83422 2.33191
v -0.92411 -6.72093 2.79339
v -0.93993 -7.22101 1.54683
v -6.33116 -6.85796 1.49357
v -6.31582 -6.37319 2.70123
v -0.89612 -5.83422 2.33191
v -6.28784 -5.48648 2.23975
v -6.30075 -5.89473 1.22662
v -0.90952 -6.25778 1.27988
v -0.93993 -7.22101 1.54683
v -0.94712 -7.44771 0.22619
v -6.33813 -7.07778 0.21417
v -6.33116 -6.85796 1.49357
v -0.90952 -6.25778 1.27988
v -6.30075 -5.89473 1.22662
v -6.30663 -6.08012 0.15343
v -0.91562 -6.45005 0.16544
v -0.94712 -7.44771 0.22619
v -0.94536 -7.39113 -1.11081
v -6.33643 -7.02303 -1.08106
v -6.33813 -7.07778 0.21417
v -0.91562 -6.45005 0.16544
v -6.30663 -6.08012 0.15343
v -6.30522 -6.03455 -0.93295
v -0.91415 -6.40265 -0.96270
v -0.94536 -7.39113 -1.11081
v -0.93474 -7.05374 -2.40573
v -6.32614 -6.69612 -2.33550
v -6.33643 -7.02303 -1.08106
v -0.91415 -6.40265 -0.96270
v -6.30522 -6.03455 -0.93295
v -6.29658 -5.76002 -1.98501
v -0.90518 -6.11764 -2.05524
v -0.93474 -7.05374 -2.40573
v -0.91572 -6.45029 -3.60198
v -6.30771 -6.11133 -3.49434
v -6.32614 -6.69612 -2.33550
v -0.90518 -6.11764 -2.05524
v -6.29658 -5.76002 -1.98501
v -6.28108 -5.26852 -2.95678
v -0.88910 -5.60748 -3.06443
v -0.91572 -6.45029 -3.60198
v -0.88913 -5.60715 -4.64728
v -6.28193 -5.29421 -4.50693
v -6.30771 -6.11133 -3.49434
v -0.88910 -5.60748 -3.06443
v -6.28108 -5.26852 -2.95678
v -6.25942 -4.58153 -3.80580
v -0.86661 -4.89447 -3.94616
v -0.88913 -5.60715 -4.64728
v -0.85612 -4.56117 -5.49595
v -6.24995 -4.28049 -5.32900
v -6.28193 -5.29421 -4.50693
v -0.86661 -4.89447 -3.94616
v -6.25942 -4.58153 -3.80580
v -6.23252 -3.72908 -4.49495
v -0.83869 -4.00977 -4.66189
v -0.85612 -4.56117 -5.49595
v -0.81815 -3.35807 -6.11088
v -6.21315 -3.11446 -5.92465
v -6.24995 -4.28049 -5.32900
v -0.83869 -4.00977 -4.66189
v -6.23252 -3.72908 -4.49495
v -6.20157 -2.74842 -4.99412
v -0.80658 -2.99203 -5.18036
v -0.81815 -3.35807 -6.11088
v -0.77688 -2.05042 -6.46522
v -6.17314 -1.84709 -6.26782
v -6.21315 -3.11446 -5.92465
v -0.80658 -2.99203 -5.18036
v -6.20157 -2.74842 -4.99412
v -6.16792 -1.68242 -5.28148
v -0.77166 -1.88576 -5.47888
v -0.77688 -2.05042 -6.46522
v -0.73410 -0.69538 -6.54346
v -6.13168 -0.53376 -6.34352
v -6.17314 -1.84709 -6.26782
v -0.77166 -1.88576 -5.47888
v -6.16792 -1.68242 -5.28148
v -6.13304 -0.57766 -5.34449
v -0.73546 -0.73928 -5.54443
v -0.73410 -0.69538 -6.54346
v -0.69169 0.64783 -6.34220
v -6.09057 0.76813 -6.14845
v -6.13168 -0.53376 -6.34352
v -0.73546 -0.73928 -5.54443
v -6.13304 -0.57766 -5.34449
v -6.09846 0.51758 -5.18038
v -0.69957 0.39728 -5.37413
v -0.69169 0.64783 -6.34220
v -0.65149 1.92051 -5.87023
v -6.05162 2.00167 -5.69113
v -6.09057 0.76813 -6.14845
v -0.69957 0.39728 -5.37413
v -6.09846 0.51758 -5.18038
v -6.06569 1.55542 -4.79634
v -0.66556 1.47427 -4.97543
v -0.65149 1.92051 -5.87023
v -0.61528 3.06704 -5.14817
v -6.01652 3.11295 -4.99155
v -6.05162 2.00167 -5.69113
v -0.66556 1.47427 -4.97543
v -6.06569 1.55542 -4.79634
v -6.03615 2.49051 -4.20913
v -0.63491 2.44460 -4.36575
v -0.61528 3.06704 -5.14817
v -0.58462 4.03730 -4.20758
v -5.98680 4.05342 -4.08028
v -6.01652 3.11295 -4.99155
v -0.63491 2.44460 -4.36575
v -6.03615 2.49051 -4.20913
v -6.01114 3.28198 -3.44443
v -0.60896 3.26587 -3.57174
v -0.58462 4.03730 -4.20758
v -0.56087 4.78889 -3.08957
v -5.96377 4.78195 -2.99714
v -5.98680 4.05342 -4.08028
v -0.60896 3.26587 -3.57174
v -6.01114 3.28198 -3.44443
v -5.99176 3.89524 -2.53567
v -0.58885 3.90218 -2.62809
v -0.56087 4.78889 -3.08957
v -0.54505 5.28896 -1.84301
v -5.94844 5.26672 -1.78949
v -5.96377 4.78195 -2.99714
v -0.58885 3.90218 -2.62809
v -5.99176 3.89524 -2.53567
v -5.97884 4.30349 -1.52254
v -0.57545 4.32573 -1.57607
v -0.54505 5.28896 -1.84301
v -0.53786 5.51567 -0.52237
v -5.94147 5.48654 -0.51009
v -5.94844 5.26672 -1.78949
v -0.57545 4.32573 -1.57607
v -5.97884 4.30349 -1.52254
v -5.97296 4.48888 -0.44934
v -0.56935 4.51801 -0.46163
v -0.53786 5.51567 -0.52237
v -0.53961 5.45909 0.81463
v -5.94316 5.43179 0.78514
v -5.94147 5.48654 -0.51009
v -0.56935 4.51801 -0.46163
v -5.97296 4.48888 -0.44934
v -5.97438 4.44332 0.63703
v -0.57082 4.47061 0.66651
v -5.94316 5.43179 0.78513
v -5.95345 5.10488 2.03958
v -6.36508 4.74306 1.89939
v -6.35545 5.04902 0.72590
v -5.97438 4.44332 0.63702
v -6.38666 4.06055 0.57779
v -6.39464 3.80697 1.54890
v -5.98302 4.16878 1.68909
v -5.95345 5.10488 2.03958
v -5.97189 4.52009 3.19842
v -6.38234 4.19559 2.98341
v -6.36508 4.74306 1.89939
v -5.98302 4.16878 1.68909
v -6.39464 3.80697 1.54890
v -6.40896 3.35278 2.44585
v -5.99851 3.67728 2.66086
v -5.97189 4.52009 3.19842
v -5.99766 3.70298 4.21101
v -6.40647 3.43053 3.93056
v -6.38234 4.19559 2.98341
v -5.99851 3.67728 2.66086
v -6.40896 3.35278 2.44585
v -6.42899 2.71784 3.22944
v -6.02018 2.99029 3.50988
v -5.99766 3.70298 4.21101
v -6.02965 2.68925 5.03308
v -6.43642 2.48131 4.69947
v -6.40647 3.43053 3.93056
v -6.02018 2.99029 3.50988
v -6.42899 2.71784 3.22944
v -6.45385 1.92990 3.86542
v -6.04708 2.13784 4.19903
v -6.02965 2.68925 5.03308
v -6.06645 1.52322 5.62873
v -6.47088 1.38943 5.25652
v -6.43642 2.48131 4.69947
v -6.04708 2.13784 4.19903
v -6.45385 1.92990 3.86542
v -6.48246 1.02339 4.32599
v -6.07802 1.15719 4.69820
v -6.06645 1.52322 5.62873
v -6.10645 0.25585 5.97190
v -6.50834 0.20260 5.57737
v -6.47088 1.38943 5.25652
v -6.07802 1.15719 4.69820
v -6.48246 1.02339 4.32599
v -6.51356 0.03794 4.59104
v -6.11167 0.09118 4.98556
v -6.10645 0.25585 5.97190
v -6.14791 -1.05748 6.04760
v -6.54717 -1.02730 5.64800
v -6.50834 0.20260 5.57737
v -6.11167 0.09118 4.98556
v -6.51356 0.03794 4.59104
v -6.54581 -0.98340 4.64897
v -6.14655 -1.01358 5.04857
v -6.14791 -1.05748 6.04760
v -6.18902 -2.35937 5.85253
v -6.58567 -2.24652 5.46532
v -6.54717 -1.02730 5.64800
v -6.14655 -1.01358 5.04857
v -6.54581 -0.98340 4.64897
v -6.57778 -1.99597 4.49724
v -6.18113 -2.10882 4.88446
v -6.18902 -2.35937 5.85253
v -6.22798 -3.59291 5.39521
v -6.62215 -3.40178 5.03730
v -6.58567 -2.24652 5.46532
v -6.18113 -2.10882 4.88446
v -6.57778 -1.99597 4.49724
v -6.60808 -2.95554 4.14251
v -6.21391 -3.14666 4.50041
v -6.22798 -3.59291 5.39521
v -6.26308 -4.70419 4.69563
v -6.65503 -4.44259 4.38267
v -6.62215 -3.40178 5.03730
v -6.21391 -3.14666 4.50041
v -6.60808 -2.95554 4.14251
v -6.63539 -3.82015 3.60025
v -6.24345 -4.08175 3.91321
v -6.26308 -4.70419 4.69563
v -6.29279 -5.64465 3.78436
v -6.68286 -5.32346 3.53003
v -6.65503 -4.44259 4.38267
v -6.24345 -4.08175 3.91321
v -6.63539 -3.82015 3.60025
v -6.65852 -4.55202 2.89419
v -6.26845 -4.87322 3.14851
v -6.29279 -5.64465 3.78436
v -6.31582 -6.37319 2.70123
v -6.70443 -6.00588 2.51664
v -6.68286 -5.32346 3.53003
v -6.26845 -4.87322 3.14851
v -6.65852 -4.55202 2.89419
v -6.67644 -5.11917 2.05516
v -6.28784 -5.48648 2.23975
v -6.31582 -6.37319 2.70123
v -6.33116 -6.85796 1.49357
v -6.71879 -6.46004 1.38680
v -6.70443 -6.00588 2.51664
v -6.28784 -5.48648 2.23975
v -6.67644 -5.11917 2.05516
v -6.68839 -5.49681 1.11986
v -6.30075 -5.89473 1.22662
v -6.33116 -6.85796 1.49357
v -6.33813 -7.07778 0.21417
v -6.72533 -6.66609 0.18988
v -6.71879 -6.46004 1.38680
v -6.30075 -5.89473 1.22662
v -6.68839 -5.49681 1.11986
v -6.69383 -5.66844 0.12914
v -6.30663 -6.08012 0.15343
v -6.33813 -7.07778 0.21417
v -6.33643 -7.02303 -1.08106
v -6.72375 -6.61502 -1.02180
v -6.72533 -6.66609 0.18988
v -6.30663 -6.08012 0.15343
v -6.69383 -5.66844 0.12914
v -6.69254 -5.62654 -0.87369
v -6.30522 -6.03455 -0.93295
v -6.33643 -7.02303 -1.08106
v -6.32614 -6.69612 -2.33550
v -6.71412 -6.30906 -2.19530
v -6.72375 -6.61502 -1.02180
v -6.30522 -6.03455 -0.93295
v -6.69254 -5.62654 -0.87369
v -6.68455 -5.37296 -1.84480
v -6.29658 -5.76002 -1.98501
v -6.32614 -6.69612 -2.33550
v -6.30771 -6.11133 -3.49434
v -6.69686 -5.76158 -3.27931
v -6.71412 -6.30906 -2.19530
v -6.29658 -5.76002 -1.98501
v -6.68455 -5.37296 -1.84480
v -6.67024 -4.91878 -2.74175
v -6.28108 -5.26852 -2.95678
v -6.30771 -6.11133 -3.49434
v -6.28193 -5.29421 -4.50693
v -6.67273 -4.99652 -4.22647
v -6.69686 -5.76158 -3.27931
v -6.28108 -5.26852 -2.95678
v -6.67024 -4.91878 -2.74175
v -6.65021 -4.28384 -3.52534
v -6.25942 -4.58153 -3.80580
v -6.28193 -5.29421 -4.50693
v -6.24995 -4.28049 -5.32900
v -6.64278 -4.04730 -4.99537
v -6.67273 -4.99652 -4.22647
v -6.25942 -4.58153 -3.80580
v -6.65021 -4.28384 -3.52534
v -6.62535 -3.49590 -4.16132
v -6.23252 -3.72908 -4.49495
v -6.24995 -4.28049 -5.32900
v -6.21315 -3.11446 -5.92465
v -6.60832 -2.95542 -5.55242
v -6.64278 -4.04730 -4.99537
v -6.23252 -3.72908 -4.49495
v -6.62535 -3.49590 -4.16132
v -6.59674 -2.58939 -4.62190
v -6.20157 -2.74842 -4.99412
v -6.21315 -3.11446 -5.92465
v -6.17314 -1.84709 -6.26782
v -6.57086 -1.76860 -5.87327
v -6.60832 -2.95542 -5.55242
v -6.20157 -2.74842 -4.99412
v -6.59674 -2.58939 -4.62190
v -6.56563 -1.60393 -4.88694
v -6.16792 -1.68242 -5.28148
v -6.17314 -1.84709 -6.26782
v -6.13168 -0.53376 -6.34352
v -6.53203 -0.53870 -5.94390
v -6.57086 -1.76860 -5.87327
v -6.16792 -1.68242 -5.28148
v -6.56563 -1.60393 -4.88694
v -6.53339 -0.58260 -4.94487
v -6.13304 -0.57766 -5.34449
v -6.13168 -0.53376 -6.34352
v -6.09057 0.76813 -6.14845
v -6.49353 0.68053 -5.76122
v -6.53203 -0.53870 -5.94390
v -6.13304 -0.57766 -5.34449
v -6.53339 -0.58260 -4.94487
v -6.50142 0.42998 -4.79314
v -6.09846 0.51758 -5.18038
v -6.09057 0.76813 -6.14845
v -6.05162 2.00167 -5.69113
v -6.45705 1.83579 -5.33321
v -6.49353 0.68053 -5.76122
v -6.09846 0.51758 -5.18038
v -6.50142 0.42998 -4.79314
v -6.47111 1.38954 -4.43841
v -6.06569 1.55542 -4.79634
v -6.05162 2.00167 -5.69113
v -6.01652 3.11295 -4.99155
v -6.42417 2.87660 -4.67857
v -6.45705 1.83579 -5.33321
v -6.06569 1.55542 -4.79634
v -6.47111 1.38954 -4.43841
v -6.44380 2.25415 -3.89615
v -6.03615 2.49051 -4.20913
v -6.01652 3.11295 -4.99155
v -5.98680 4.05342 -4.08028
v -6.39634 3.75746 -3.82593
v -6.42417 2.87660 -4.67857
v -6.03615 2.49051 -4.20913
v -6.44380 2.25415 -3.89615
v -6.42068 2.98603 -3.19009
v -6.01114 3.28198 -3.44443
v -5.98680 4.05342 -4.08028
v -5.96377 4.78195 -2.99714
v -6.37477 4.43989 -2.81254
v -6.39634 3.75746 -3.82593
v -6.01114 3.28198 -3.44443
v -6.42068 2.98603 -3.19009
v -6.40275 3.55318 -2.35106
v -5.99176 3.89524 -2.53567
v -5.96377 4.78195 -2.99714
v -5.94844 5.26672 -1.78949
v -6.36040 4.89405 -1.68270
v -6.37477 4.43989 -2.81254
v -5.99176 3.89524 -2.53567
v -6.40275 3.55318 -2.35106
v -6.39081 3.93082 -1.41576
v -5.97884 4.30349 -1.52254
v -5.94844 5.26672 -1.78949
v -5.94147 5.48654 -0.51009
v -6.35387 5.10010 -0.48578
v -6.36040 4.89405 -1.68270
v -5.97884 4.30349 -1.52254
v -6.39081 3.93082 -1.41576
v -6.38536 4.10244 -0.42504
v -5.97296 4.48888 -0.44934
v -5.94147 5.48654 -0.51009
v -5.94316 5.43179 0.78514
v -6.35545 5.04902 0.72590
v -6.35387 5.10010 -0.48578
v -5.97296 4.48888 -0.44934
v -6.38536 4.10244 -0.42504
v -6.38666 4.06055 0.57779
v -5.97438 4.44332 0.63703
v 0.04448 4.94591 0.74055
v 0.01327 3.95744 0.59244
v 0.00522 3.70169 1.56323
v 0.03479 4.63779 1.91372
v -6.35545 5.04902 0.72590
v -6.36508 4.74306 1.89939
v -6.39464 3.80697 1.54890
v -6.38666 4.06055 0.57779
v 0.03479 4.63779 1.91372
v 0.00522 3.70169 1.56323
v -0.00930 3.24112 2.45922
v 0.01733 4.08393 2.99678
v -6.36508 4.74306 1.89939
v -6.38234 4.19559 2.98341
v -6.40896 3.35278 2.44585
v -6.39464 3.80697 1.54890
v 0.01733 4.08393 2.99678
v -0.00930 3.24112 2.45922
v -0.02965 2.59585 3.24126
v -0.00713 3.30854 3.94239
v -6.38234 4.19559 2.98341
v -6.40647 3.43053 3.93056
v -6.42899 2.71784 3.22944
v -6.40896 3.35278 2.44585
v -0.00713 3.30854 3.94239
v -0.02965 2.59585 3.24126
v -0.05495 1.79409 3.87517
v -0.03752 2.34549 4.70923
v -6.40647 3.43053 3.93056
v -6.43642 2.48131 4.69947
v -6.45385 1.92990 3.86542
v -6.42899 2.71784 3.22944
v -0.03752 2.34549 4.70923
v -0.05495 1.79409 3.87517
v -0.08408 0.87086 4.33324
v -0.07250 1.23690 5.26377
v -6.43642 2.48131 4.69947
v -6.47088 1.38943 5.25652
v -6.48246 1.02339 4.32599
v -6.45385 1.92990 3.86542
v -0.07250 1.23690 5.26377
v -0.08408 0.87086 4.33324
v -0.11579 -0.13347 4.59546
v -0.11056 0.03119 5.58179
v -6.47088 1.38943 5.25652
v -6.50834 0.20260 5.57737
v -6.51356 0.03794 4.59104
v -6.48246 1.02339 4.32599
v -0.11056 0.03119 5.58179
v -0.11579 -0.13347 4.59546
v -0.14867 -1.17502 4.65036
v -0.15003 -1.21892 5.64939
v -6.50834 0.20260 5.57737
v -6.54717 -1.02730 5.64800
v -6.54581 -0.98340 4.64897
v -6.51356 0.03794 4.59104
v -0.15003 -1.21892 5.64939
v -0.14867 -1.17502 4.65036
v -0.18129 -2.20826 4.49554
v -0.18918 -2.45881 5.46361
v -6.54717 -1.02730 5.64800
v -6.58567 -2.24652 5.46532
v -6.57778 -1.99597 4.49724
v -6.54581 -0.98340 4.64897
v -0.18918 -2.45881 5.46361
v -0.18129 -2.20826 4.49554
v -0.21224 -3.18804 4.13777
v -0.22630 -3.63429 5.03257
v -6.58567 -2.24652 5.46532
v -6.62215 -3.40178 5.03730
v -6.60808 -2.95554 4.14251
v -6.57778 -1.99597 4.49724
v -0.22630 -3.63429 5.03257
v -0.21224 -3.18804 4.13777
v -0.24014 -4.07153 3.59269
v -0.25977 -4.69397 4.37511
v -6.62215 -3.40178 5.03730
v -6.65503 -4.44259 4.38267
v -6.63539 -3.82015 3.60025
v -6.60808 -2.95554 4.14251
v -0.25977 -4.69397 4.37511
v -0.24014 -4.07153 3.59269
v -0.26379 -4.82012 2.88412
v -0.28813 -5.59156 3.51996
v -6.65503 -4.44259 4.38267
v -6.68286 -5.32346 3.53003
v -6.65852 -4.55202 2.89419
v -6.63539 -3.82015 3.60025
v -0.28813 -5.59156 3.51996
v -0.26379 -4.82012 2.88412
v -0.28216 -5.40110 2.04303
v -0.31014 -6.28781 2.50450
v -6.68286 -5.32346 3.53003
v -6.70443 -6.00588 2.51664
v -6.67644 -5.11917 2.05516
v -6.65852 -4.55202 2.89419
v -0.31014 -6.28781 2.50450
v -0.28216 -5.40110 2.04303
v -0.29443 -5.78907 1.10617
v -0.32483 -6.75231 1.37311
v -6.70443 -6.00588 2.51664
v -6.71879 -6.46004 1.38680
v -6.68839 -5.49681 1.11986
v -6.67644 -5.11917 2.05516
v -0.32483 -6.75231 1.37311
v -0.29443 -5.78907 1.10617
v -0.30007 -5.96708 0.11449
v -0.33157 -6.96474 0.17524
v -6.71879 -6.46004 1.38680
v -6.72533 -6.66609 0.18988
v -6.69383 -5.66844 0.12914
v -6.68839 -5.49681 1.11986
v -0.33157 -6.96474 0.17524
v -0.30007 -5.96708 0.11449
v -0.29884 -5.92735 -0.88866
v -0.33006 -6.91582 -1.03677
v -6.72533 -6.66609 0.18988
v -6.72375 -6.61502 -1.02180
v -6.69254 -5.62654 -0.87369
v -6.69383 -5.66844 0.12914
v -0.33006 -6.91582 -1.03677
v -0.29884 -5.92735 -0.88866
v -0.29079 -5.67161 -1.85945
v -0.32036 -6.60770 -2.20994
v -6.72375 -6.61502 -1.02180
v -6.71412 -6.30906 -2.19530
v -6.68455 -5.37296 -1.84480
v -6.69254 -5.62654 -0.87369
v -0.32036 -6.60770 -2.20994
v -0.29079 -5.67161 -1.85945
v -0.27627 -5.21104 -2.75544
v -0.30290 -6.05384 -3.29300
v -6.71412 -6.30906 -2.19530
v -6.69686 -5.76158 -3.27931
v -6.67024 -4.91878 -2.74175
v -6.68455 -5.37296 -1.84480
v -0.30290 -6.05384 -3.29300
v -0.27627 -5.21104 -2.75544
v -0.25592 -4.56576 -3.53748
v -0.27844 -5.27845 -4.23861
v -6.69686 -5.76158 -3.27931
v -6.67273 -4.99652 -4.22647
v -6.65021 -4.28384 -3.52534
v -6.67024 -4.91878 -2.74175
v -0.27844 -5.27845 -4.23861
v -0.25592 -4.56576 -3.53748
v -0.23062 -3.76400 -4.17139
v -0.24805 -4.31540 -5.00544
v -6.67273 -4.99652 -4.22647
v -6.64278 -4.04730 -4.99537
v -6.62535 -3.49590 -4.16132
v -6.65021 -4.28384 -3.52534
v -0.24805 -4.31540 -5.00544
v -0.23062 -3.76400 -4.17139
v -0.20149 -2.84077 -4.62946
v -0.21307 -3.20681 -5.55999
v -6.64278 -4.04730 -4.99537
v -6.60832 -2.95542 -5.55242
v -6.59674 -2.58939 -4.62190
v -6.62535 -3.49590 -4.16132
v -0.21307 -3.20681 -5.55999
v -0.20149 -2.84077 -4.62946
v -0.16978 -1.83644 -4.89167
v -0.17501 -2.00110 -5.87801
v -6.60832 -2.95542 -5.55242
v -6.57086 -1.76860 -5.87327
v -6.56563 -1.60393 -4.88694
v -6.59674 -2.58939 -4.62190
v -0.17501 -2.00110 -5.87801
v -0.16978 -1.83644 -4.89167
v -0.13690 -0.79489 -4.94657
v -0.13554 -0.75099 -5.94561
v -6.57086 -1.76860 -5.87327
v -6.53203 -0.53870 -5.94390
v -6.53339 -0.58260 -4.94487
v -6.56563 -1.60393 -4.88694
v -0.13554 -0.75099 -5.94561
v -0.13690 -0.79489 -4.94657
v -0.10428 0.23835 -4.79175
v -0.09639 0.48890 -5.75983
v -6.53203 -0.53870 -5.94390
v -6.49353 0.68053 -5.76122
v -6.50142 0.42998 -4.79314
v -6.53339 -0.58260 -4.94487
v -0.09639 0.48890 -5.75983
v -0.10428 0.23835 -4.79175
v -0.07334 1.21813 -4.43399
v -0.05927 1.66438 -5.32879
v -6.49353 0.68053 -5.76122
v -6.45705 1.83579 -5.33321
v -6.47111 1.38954 -4.43841
v -6.50142 0.42998 -4.79314
v -0.05927 1.66438 -5.32879
v -0.07334 1.21813 -4.43399
v -0.04543 2.10162 -3.88891
v -0.02580 2.72406 -4.67132
v -6.45705 1.83579 -5.33321
v -6.42417 2.87660 -4.67857
v -6.44380 2.25415 -3.89615
v -6.47111 1.38954 -4.43841
v -0.02580 2.72406 -4.67132
v -0.04543 2.10162 -3.88891
v -0.02178 2.85021 -3.18033
v 0.00256 3.62165 -3.81618
v -6.42417 2.87660 -4.67857
v -6.39634 3.75746 -3.82593
v -6.42068 2.98603 -3.19009
v -6.44380 2.25415 -3.89615
v 0.00256 3.62165 -3.81618
v -0.02178 2.85021 -3.18033
v -0.00341 3.43119 -2.33924
v 0.02457 4.31790 -2.80072
v -6.39634 3.75746 -3.82593
v -6.37477 4.43989 -2.81254
v -6.40275 3.55318 -2.35106
v -6.42068 2.98603 -3.19009
v 0.02457 4.31790 -2.80072
v -0.00341 3.43119 -2.33924
v 0.00886 3.81916 -1.40238
v 0.03926 4.78239 -1.66933
v -6.37477 4.43989 -2.81254
v -6.36040 4.89405 -1.68270
v -6.39081 3.93082 -1.41576
v -6.40275 3.55318 -2.35106
v 0.03926 4.78239 -1.66933
v 0.00886 3.81916 -1.40238
v 0.01450 3.99717 -0.41071
v 0.04600 4.99483 -0.47145
v -6.36040 4.89405 -1.68270
v -6.35387 5.10010 -0.48578
v -6.38536 4.10244 -0.42504
v -6.39081 3.93082 -1.41576
v 0.04600 4.99483 -0.47145
v 0.01450 3.99717 -0.41071
v 0.01327 3.95744 0.59244
v 0.04448 4.94591 0.74056
v -6.35387 5.10010 -0.48578
v -6.35545 5.04902 0.72590
v -6.38666 4.06055 0.57779
v -6.38536 4.10244 -0.42504
v 0.04448 4.94591 0.74055
v -0.53961 5.45909 0.81462
v -0.57082 4.47061 0.66651
v 0.01327 3.95744 0.59244
v 0.01327 3.95744 0.59244
v -0.57082 4.47061 0.66651
v -0.53961 5.45909 0.81463
v 0.04448 4.94591 0.74056
v -0.53961 5.45909 0.81462
v -5.94316 5.43179 0.78513
v -5.97438 4.44332 0.63702
v -0.57082 4.47061 0.66651
v -0.57082 4.47061 0.66651
v -5.97438 4.44332 0.63703
v -5.94316 5.43179 0.78514
v -0.53961 5.45909 0.81463
v -5.94316 5.43179 0.78513
v -6.35545 5.04902 0.72590
v -6.38666 4.06055 0.57779
v -5.97438 4.44332 0.63702
v -5.97438 4.44332 0.63703
v -6.38666 4.06055 0.57779
v -6.35545 5.04902 0.72590
v -5.94316 5.43179 0.78514
v -2.09782 -4.28623 4.40430
v -2.11967 -4.97817 4.30062
v -2.81932 -4.95608 4.30064
v -2.79747 -4.26414 4.40432
v -2.75098 -2.78377 -5.48539
v -2.77283 -3.47570 -5.58907
v -2.07318 -3.49779 -5.58909
v -2.05133 -2.80586 -5.48541
v -2.08348 -3.83162 4.06796
v -2.78313 -3.80954 4.06797
v -2.74035 -2.44759 -5.03056
v -2.04070 -2.46968 -5.03058
v -2.08752 -3.95240 -5.25274
v -2.78717 -3.93031 -5.25272
v -2.82995 -5.29225 3.84581
v -2.13030 -5.31434 3.84579
v -1.69616 -4.23964 4.00870
v -1.65339 -2.87769 -5.08983
v -1.67523 -3.56963 -5.19351
v -1.71801 -4.93157 3.90502
v -3.21726 -4.88424 3.90506
v -3.17449 -3.52230 -5.19347
v -3.15264 -2.83036 -5.08979
v -3.19541 -4.19230 4.00874
v -2.08348 -3.83162 4.06796
v -2.04070 -2.46968 -5.03058
v -1.65339 -2.87769 -5.08983
v -1.69616 -4.23964 4.00870
v -3.19541 -4.19230 4.00874
v -3.15264 -2.83036 -5.08979
v -2.74035 -2.44759 -5.03056
v -2.78313 -3.80954 4.06797
v -1.71801 -4.93157 3.90502
v -1.67523 -3.56963 -5.19351
v -2.08752 -3.95240 -5.25274
v -2.13030 -5.31434 3.84579
v -2.82995 -5.29225 3.84581
v -2.78717 -3.93031 -5.25272
v -3.17449 -3.52230 -5.19347
v -3.21726 -4.88424 3.90506
v -1.69616 -4.23964 4.00870
v -1.71801 -4.93157 3.90502
v -2.11967 -4.97817 4.30062
v -2.09782 -4.28623 4.40430
v -2.05133 -2.80586 -5.48541
v -2.07318 -3.49779 -5.58909
v -1.67523 -3.56963 -5.19351
v -1.65339 -2.87769 -5.08983
v -2.79747 -4.26414 4.40432
v -2.81932 -4.95608 4.30064
v -3.21726 -4.88424 3.90506
v -3.19541 -4.19230 4.00874
v -3.15264 -2.83036 -5.08979
v -3.17449 -3.52230 -5.19347
v -2.77283 -3.47570 -5.58907
v -2.75098 -2.78377 -5.48539
v -2.09782 -4.28623 4.40430
v -2.79747 -4.26414 4.40432
v -2.78313 -3.80954 4.06797
v -2.08348 -3.83162 4.06796
v -2.13030 -5.31434 3.84579
v -2.82995 -5.29225 3.84581
v -2.81932 -4.95608 4.30064
v -2.11967 -4.97817 4.30062
v -2.04070 -2.46968 -5.03058
v -2.74035 -2.44759 -5.03056
v -2.75098 -2.78377 -5.48539
v -2.05133 -2.80586 -5.48541
v -2.07318 -3.49779 -5.58909
v -2.77283 -3.47570 -5.58907
v -2.78717 -3.93031 -5.25272
v -2.08752 -3.95240 -5.25274
v -2.09782 -4.28623 4.40430
v -2.08348 -3.83162 4.06796
v -1.69616 -4.23964 4.00870
v -3.19541 -4.19230 4.00874
v -2.78313 -3.80954 4.06797
v -2.79747 -4.26414 4.40432
v -1.71801 -4.93157 3.90502
v -2.13030 -5.31434 3.84579
v -2.11967 -4.97817 4.30062
v -2.81932 -4.95608 4.30064
v -2.82995 -5.29225 3.84581
v -3.21726 -4.88424 3.90506
v -1.65339 -2.87769 -5.08983
v -2.04070 -2.46968 -5.03058
v -2.05133 -2.80586 -5.48541
v -2.75098 -2.78377 -5.48539
v -2.74035 -2.44759 -5.03056
v -3.15264 -2.83036 -5.08979
v -2.07318 -3.49779 -5.58909
v -2.08752 -3.95240 -5.25274
v -1.67523 -3.56963 -5.19351
v -3.17449 -3.52230 -5.19347
v -2.78717 -3.93031 -5.25272
v -2.77283 -3.47570 -5.58907
v -1.72292 -8.25592 3.81185
v -1.74477 -8.94786 3.70817
v -2.44442 -8.92577 3.70819
v -2.42257 -8.23383 3.81186
v -2.37607 -6.75346 -6.07785
v -2.39792 -7.44539 -6.18152
v -1.69827 -7.46748 -6.18154
v -1.67642 -6.77555 -6.07786
v -1.70857 -7.80132 3.47550
v -2.40822 -7.77923 3.47552
v -2.36545 -6.41728 -5.62301
v -1.66580 -6.43937 -5.62303
v -1.71262 -7.92209 -5.84520
v -2.41227 -7.90000 -5.84518
v -2.45504 -9.26194 3.25335
v -1.75539 -9.28403 3.25334
v -1.32126 -8.20933 3.41625
v -1.27848 -6.84739 -5.68228
v -1.30033 -7.53932 -5.78596
v -1.34311 -8.90126 3.31257
v -2.84236 -8.85393 3.31261
v -2.79958 -7.49199 -5.78592
v -2.77774 -6.80005 -5.68225
v -2.82051 -8.16200 3.41628
v -1.70857 -7.80132 3.47550
v -1.66580 -6.43937 -5.62303
v -1.27848 -6.84739 -5.68228
v -1.32126 -8.20933 3.41625
v -2.82051 -8.16200 3.41628
v -2.77774 -6.80005 -5.68225
v -2.36545 -6.41728 -5.62301
v -2.40822 -7.77923 3.47552
v -1.34311 -8.90126 3.31257
v -1.30033 -7.53932 -5.78596
v -1.71262 -7.92209 -5.84520
v -1.75539 -9.28403 3.25334
v -2.45504 -9.26194 3.25335
v -2.41227 -7.90000 -5.84518
v -2.79958 -7.49199 -5.78592
v -2.84236 -8.85393 3.31261
v -1.32126 -8.20933 3.41625
v -1.34311 -8.90126 3.31257
v -1.74477 -8.94786 3.70817
v -1.72292 -8.25592 3.81185
v -1.67642 -6.77555 -6.07786
v -1.69827 -7.46748 -6.18154
v -1.30033 -7.53932 -5.78596
v -1.27848 -6.84739 -5.68228
v -2.42257 -8.23383 3.81186
v -2.44442 -8.92577 3.70819
v -2.84236 -8.85393 3.31261
v -2.82051 -8.16200 3.41628
v -2.77774 -6.80005 -5.68225
v -2.79958 -7.49199 -5.78592
v -2.39792 -7.44539 -6.18152
v -2.37607 -6.75346 -6.07785
v -1.72292 -8.25592 3.81185
v -2.42257 -8.23383 3.81186
v -2.40822 -7.77923 3.47552
v -1.70857 -7.80132 3.47550
v -1.75539 -9.28403 3.25334
v -2.45504 -9.26194 3.25335
v -2.44442 -8.92577 3.70819
v -1.74477 -8.94786 3.70817
v -1.66580 -6.43937 -5.62303
v -2.36545 -6.41728 -5.62301
v -2.37607 -6.75346 -6.07785
v -1.67642 -6.77555 -6.07786
v -1.69827 -7.46748 -6.18154
v -2.39792 -7.44539 -6.18152
v -2.41227 -7.90000 -5.84518
v -1.71262 -7.92209 -5.84520
v -1.72292 -8.25592 3.81185
v -1.70857 -7.80132 3.47550
v -1.32126 -8.20933 3.41625
v -2.82051 -8.16200 3.41628
v -2.40822 -7.77923 3.47552
v -2.42257 -8.23383 3.81186
v -1.34311 -8.90126 3.31257
v -1.75539 -9.28403 3.25334
v -1.74477 -8.94786 3.70817
v -2.44442 -8.92577 3.70819
v -2.45504 -9.26194 3.25335
v -2.84236 -8.85393 3.31261
v -1.27848 -6.84739 -5.68228
v -1.66580 -6.43937 -5.62303
v -1.67642 -6.77555 -6.07786
v -2.37607 -6.75346 -6.07785
v -2.36545 -6.41728 -5.62301
v -2.77774 -6.80005 -5.68225
v -1.69827 -7.46748 -6.18154
v -1.71262 -7.92209 -5.84520
v -1.30033 -7.53932 -5.78596
v -2.79958 -7.49199 -5.78592
v -2.41227 -7.90000 -5.84518
v -2.39792 -7.44539 -6.18152
v -1.34801 -12.22561 3.21939
v -1.36986 -12.91755 3.11571
v -2.06951 -12.89546 3.11573
v -2.04766 -12.20352 3.21941
v -2.00117 -10.72315 -6.67030
v -2.02302 -11.41508 -6.77398
v -1.32337 -11.43717 -6.77399
v -1.30152 -10.74524 -6.67032
v -1.33367 -11.77101 2.88305
v -2.03332 -11.74892 2.88306
v -1.99055 -10.38697 -6.21547
v -1.29089 -10.40906 -6.21548
v -1.33771 -11.89178 -6.43765
v -2.03736 -11.86969 -6.43763
v -2.08014 -13.23164 2.66090
v -1.38049 -13.25372 2.66088
v -0.94635 -12.17902 2.82379
v -0.90358 -10.81708 -6.27474
v -0.92543 -11.50901 -6.37842
v -0.96820 -12.87096 2.72012
v -2.46745 -12.82362 2.72015
v -2.42468 -11.46168 -6.37838
v -2.40283 -10.76974 -6.27470
v -2.44561 -12.13169 2.82383
v -1.33367 -11.77101 2.88305
v -1.29089 -10.40906 -6.21548
v -0.90358 -10.81708 -6.27474
v -0.94635 -12.17902 2.82379
v -2.44561 -12.13169 2.82383
v -2.40283 -10.76974 -6.27470
v -1.99055 -10.38697 -6.21547
v -2.03332 -11.74892 2.88306
v -0.96820 -12.87096 2.72012
v -0.92543 -11.50901 -6.37842
v -1.33771 -11.89178 -6.43765
v -1.38049 -13.25372 2.66088
v -2.08014 -13.23164 2.66090
v -2.03736 -11.86969 -6.43763
v -2.42468 -11.46168 -6.37838
v -2.46745 -12.82362 2.72015
v -0.94635 -12.17902 2.82379
v -0.96820 -12.87096 2.72012
v -1.36986 -12.91755 3.11571
v -1.34801 -12.22561 3.21939
v -1.30152 -10.74524 -6.67032
v -1.32337 -11.43717 -6.77399
v -0.92543 -11.50901 -6.37842
v -0.90358 -10.81708 -6.27474
v -2.04766 -12.20352 3.21941
v -2.06951 -12.89546 3.11573
v -2.46745 -12.82362 2.72015
v -2.44561 -12.13169 2.82383
v -2.40283 -10.76974 -6.27470
v -2.42468 -11.46168 -6.37838
v -2.02302 -11.41508 -6.77398
v -2.00117 -10.72315 -6.67030
v -1.34801 -12.22561 3.21939
v -2.04766 -12.20352 3.21941
v -2.03332 -11.74892 2.88306
v -1.33367 -11.77101 2.88305
v -1.38049 -13.25372 2.66088
v -2.08014 -13.23164 2.66090
v -2.06951 -12.89546 3.11573
v -1.36986 -12.91755 3.11571
v -1.29089 -10.40906 -6.21548
v -1.99055 -10.38697 -6.21547
v -2.00117 -10.72315 -6.67030
v -1.30152 -10.74524 -6.67032
v -1.32337 -11.43717 -6.77399
v -2.02302 -11.41508 -6.77398
v -2.03736 -11.86969 -6.43763
v -1.33771 -11.89178 -6.43765
v -1.34801 -12.22561 3.21939
v -1.33367 -11.77101 2.88305
v -0.94635 -12.17902 2.82379
v -2.44561 -12.13169 2.82383
v -2.03332 -11.74892 2.88306
v -2.04766 -12.20352 3.21941
v -0.96820 -12.87096 2.72012
v -1.38049 -13.25372 2.66088
v -1.36986 -12.91755 3.11571
v -2.06951 -12.89546 3.11573
v -2.08014 -13.23164 2.66090
v -2.46745 -12.82362 2.72015
v -0.90358 -10.81708 -6.27474
v -1.29089 -10.40906 -6.21548
v -1.30152 -10.74524 -6.67032
v -2.00117 -10.72315 -6.67030
v -1.99055 -10.38697 -6.21547
v -2.40283 -10.76974 -6.27470
v -1.32337 -11.43717 -6.77399
v -1.33771 -11.89178 -6.43765
v -0.92543 -11.50901 -6.37842
v -2.42468 -11.46168 -6.37838
v -2.03736 -11.86969 -6.43763
v -2.02302 -11.41508 -6.77398
v 11.69595 3.21907 7.10933
v 11.65850 2.03290 6.93160
v 11.05880 2.05183 6.93162
v 11.09625 3.23801 7.10935
v 11.15669 5.16249 -5.74727
v 11.11924 3.97632 -5.92501
v 11.71894 3.95739 -5.92502
v 11.75639 5.14356 -5.74729
v 11.70312 3.44638 6.94116
v 11.10342 3.46531 6.94118
v 11.16201 5.33058 -5.51986
v 11.76171 5.31165 -5.51987
v 11.71177 3.73008 -5.75685
v 11.11207 3.74902 -5.75683
v 11.05348 1.88375 6.70420
v 11.65318 1.86481 6.70418
v 11.89678 3.24237 6.91153
v 11.95537 5.10764 -5.54950
v 11.91791 3.92147 -5.72723
v 11.85933 2.05620 6.73380
v 10.85983 2.08775 6.73383
v 10.91841 3.95302 -5.72721
v 10.95586 5.13920 -5.54947
v 10.89728 3.27393 6.91156
v 11.70312 3.44638 6.94116
v 11.76171 5.31165 -5.51987
v 11.95537 5.10764 -5.54950
v 11.89678 3.24237 6.91153
v 10.89728 3.27393 6.91156
v 10.95586 5.13920 -5.54947
v 11.16201 5.33058 -5.51986
v 11.10342 3.46531 6.94118
v 11.85933 2.05620 6.73380
v 11.91791 3.92147 -5.72723
v 11.71177 3.73008 -5.75685
v 11.65318 1.86481 6.70418
v 11.05348 1.88375 6.70420
v 11.11207 3.74902 -5.75683
v 10.91841 3.95302 -5.72721
v 10.85983 2.08775 6.73383
v 11.89678 3.24237 6.91153
v 11.85933 2.05620 6.73380
v 11.65850 2.03290 6.93160
v 11.69595 3.21907 7.10933
v 11.75639 5.14356 -5.74729
v 11.71894 3.95739 -5.92502
v 11.91791 3.92147 -5.72723
v 11.95537 5.10764 -5.54950
v 11.09625 3.23801 7.10935
v 11.05880 2.05183 6.93162
v 10.85983 2.08775 6.73383
v 10.89728 3.27393 6.91156
v 10.95586 5.13920 -5.54947
v 10.91841 3.95302 -5.72721
v 11.11924 3.97632 -5.92501
v 11.15669 5.16249 -5.74727
v 11.69595 3.21907 7.10933
v 11.09625 3.23801 7.10935
v 11.10342 3.46531 6.94118
v 11.70312 3.44638 6.94116
v 11.65318 1.86481 6.70418
v 11.05348 1.88375 6.70420
v 11.05880 2.05183 6.93162
v 11.65850 2.03290 6.93160
v 11.76171 5.31165 -5.51987
v 11.16201 5.33058 -5.51986
v 11.15669 5.16249 -5.74727
v 11.75639 5.14356 -5.74729
v 11.71894 3.95739 -5.92502
v 11.11924 3.97632 -5.92501
v 11.11207 3.74902 -5.75683
v 11.71177 3.73008 -5.75685
v 11.69595 3.21907 7.10933
v 11.70312 3.44638 6.94116
v 11.89678 3.24237 6.91153
v 10.89728 3.27393 6.91156
v 11.10342 3.46531 6.94118
v 11.09625 3.23801 7.10935
v 11.85933 2.05620 6.73380
v 11.65318 1.86481 6.70418
v 11.65850 2.03290 6.93160
v 11.05880 2.05183 6.93162
v 11.05348 1.88375 6.70420
v 10.85983 2.08775 6.73383
v 11.95537 5.10764 -5.54950
v 11.76171 5.31165 -5.51987
v 11.75639 5.14356 -5.74729
v 11.15669 5.16249 -5.74727
v 11.16201 5.33058 -5.51986
v 10.95586 5.13920 -5.54947
v 11.71894 3.95739 -5.92502
v 11.71177 3.73008 -5.75685
v 11.91791 3.92147 -5.72723
v 10.91841 3.95302 -5.72721
v 11.11207 3.74902 -5.75683
v 11.11924 3.97632 -5.92501
v 11.55550 -1.22908 6.44284
v 11.51805 -2.41525 6.26510
v 10.91834 -2.39632 6.26512
v 10.95580 -1.21014 6.44285
v 11.01624 0.71434 -6.41377
v 10.97879 -0.47183 -6.59150
v 11.57849 -0.49077 -6.59152
v 11.61594 0.69541 -6.41378
v 11.56267 -1.00178 6.27466
v 10.96297 -0.98284 6.27468
v 11.02155 0.88243 -6.18635
v 11.62125 0.86350 -6.18637
v 11.57132 -0.71807 -6.42334
v 10.97161 -0.69914 -6.42333
v 10.91303 -2.56441 6.03770
v 11.51273 -2.58334 6.03769
v 11.75633 -1.20578 6.24504
v 11.81491 0.65949 -6.21600
v 11.77746 -0.52668 -6.39373
v 11.71887 -2.39196 6.06731
v 10.71937 -2.36040 6.06733
v 10.77796 -0.49513 -6.39370
v 10.81541 0.69105 -6.21597
v 10.75683 -1.17423 6.24506
v 11.56267 -1.00178 6.27466
v 11.62125 0.86350 -6.18637
v 11.81491 0.65949 -6.21600
v 11.75633 -1.20578 6.24504
v 10.75683 -1.17423 6.24506
v 10.81541 0.69105 -6.21597
v 11.02155 0.88243 -6.18635
v 10.96297 -0.98284 6.27468
v 11.71887 -2.39196 6.06731
v 11.77746 -0.52668 -6.39373
v 11.57132 -0.71807 -6.42334
v 11.51273 -2.58334 6.03769
v 10.91303 -2.56441 6.03770
v 10.97161 -0.69914 -6.42333
v 10.77796 -0.49513 -6.39370
v 10.71937 -2.36040 6.06733
v 11.75633 -1.20578 6.24504
v 11.71887 -2.39196 6.06731
v 11.51805 -2.41525 6.26510
v 11.55550 -1.22908 6.44284
v 11.61594 0.69541 -6.41378
v 11.57849 -0.49077 -6.59152
v 11.77746 -0.52668 -6.39373
v 11.81491 0.65949 -6.21600
v 10.95580 -1.21014 6.44285
v 10.91834 -2.39632 6.26512
v 10.71937 -2.36040 6.06733
v 10.75683 -1.17423 6.24506
v 10.81541 0.69105 -6.21597
v 10.77796 -0.49513 -6.39370
v 10.97879 -0.47183 -6.59150
v 11.01624 0.71434 -6.41377
v 11.55550 -1.22908 6.44284
v 10.95580 -1.21014 6.44285
v 10.96297 -0.98284 6.27468
v 11.56267 -1.00178 6.27466
v 11.51273 -2.58334 6.03769
v 10.91303 -2.56441 6.03770
v 10.91834 -2.39632 6.26512
v 11.51805 -2.41525 6.26510
v 11.62125 0.86350 -6.18637
v 11.02155 0.88243 -6.18635
v 11.01624 0.71434 -6.41377
v 11.61594 0.69541 -6.41378
v 11.57849 -0.49077 -6.59152
v 10.97879 -0.47183 -6.59150
v 10.97161 -0.69914 -6.42333
v 11.57132 -0.71807 -6.42334
v 11.55550 -1.22908 6.44284
v 11.56267 -1.00178 6.27466
v 11.75633 -1.20578 6.24504
v 10.75683 -1.17423 6.24506
v 10.96297 -0.98284 6.27468
v 10.95580 -1.21014 6.44285
v 11.71887 -2.39196 6.06731
v 11.51273 -2.58334 6.03769
v 11.51805 -2.41525 6.26510
v 10.91834 -2.39632 6.26512
v 10.91303 -2.56441 6.03770
v 10.71937 -2.36040 6.06733
v 11.81491 0.65949 -6.21600
v 11.62125 0.86350 -6.18637
v 11.61594 0.69541 -6.41378
v 11.01624 0.71434 -6.41377
v 11.02155 0.88243 -6.18635
v 10.81541 0.69105 -6.21597
v 11.57849 -0.49077 -6.59152
v 11.57132 -0.71807 -6.42334
v 11.77746 -0.52668 -6.39373
v 10.77796 -0.49513 -6.39370
v 10.97161 -0.69914 -6.42333
v 10.97879 -0.47183 -6.59150
v 11.41505 -5.67723 5.77634
v 11.37759 -6.86340 5.59861
v 10.77789 -6.84447 5.59862
v 10.81535 -5.65830 5.77635
v 10.87579 -3.73381 -7.08027
v 10.83834 -4.91998 -7.25800
v 11.43804 -4.93892 -7.25801
v 11.47549 -3.75274 -7.08028
v 11.42222 -5.44993 5.60817
v 10.82252 -5.43099 5.60818
v 10.88110 -3.56572 -6.85285
v 11.48080 -3.58466 -6.85286
v 11.43086 -5.16622 -7.08984
v 10.83116 -5.14729 -7.08983
v 10.77258 -7.01256 5.37121
v 11.37228 -7.03149 5.37119
v 11.61588 -5.65393 5.57854
v 11.67446 -3.78866 -6.88249
v 11.63701 -4.97484 -7.06022
v 11.57842 -6.84011 5.40081
v 10.57892 -6.80855 5.40083
v 10.63750 -4.94328 -7.06020
v 10.67496 -3.75711 -6.88247
v 10.61637 -5.62238 5.57857
v 11.42222 -5.44993 5.60817
v 11.48080 -3.58466 -6.85286
v 11.67446 -3.78866 -6.88249
v 11.61588 -5.65393 5.57854
v 10.61637 -5.62238 5.57857
v 10.67496 -3.75711 -6.88247
v 10.88110 -3.56572 -6.85285
v 10.82252 -5.43099 5.60818
v 11.57842 -6.84011 5.40081
v 11.63701 -4.97484 -7.06022
v 11.43086 -5.16622 -7.08984
v 11.37228 -7.03149 5.37119
v 10.77258 -7.01256 5.37121
v 10.83116 -5.14729 -7.08983
v 10.63750 -4.94328 -7.06020
v 10.57892 -6.80855 5.40083
v 11.61588 -5.65393 5.57854
v 11.57842 -6.84011 5.40081
v 11.37759 -6.86340 5.59861
v 11.41505 -5.67723 5.77634
v 11.47549 -3.75274 -7.08028
v 11.43804 -4.93892 -7.25801
v 11.63701 -4.97484 -7.06022
v 11.67446 -3.78866 -6.88249
v 10.81535 -5.65830 5.77635
v 10.77789 -6.84447 5.59862
v 10.57892 -6.80855 5.40083
v 10.61637 -5.62238 5.57857
v 10.67496 -3.75711 -6.88247
v 10.63750 -4.94328 -7.06020
v 10.83834 -4.91998 -7.25800
v 10.87579 -3.73381 -7.08027
v 11.41505 -5.67723 5.77634
v 10.81535 -5.65830 5.77635
v 10.82252 -5.43099 5.60818
v 11.42222 -5.44993 5.60817
v 11.37228 -7.03149 5.37119
v 10.77258 -7.01256 5.37121
v 10.77789 -6.84447 5.59862
v 11.37759 -6.86340 5.59861
v 11.48080 -3.58466 -6.85286
v 10.88110 -3.56572 -6.85285
v 10.87579 -3.73381 -7.08027
v 11.47549 -3.75274 -7.08028
v 11.43804 -4.93892 -7.25801
v 10.83834 -4.91998 -7.25800
v 10.83116 -5.14729 -7.08983
v 11.43086 -5.16622 -7.08984
v 11.41505 -5.67723 5.77634
v 11.42222 -5.44993 5.60817
v 11.61588 -5.65393 5.57854
v 10.61637 -5.62238 5.57857
v 10.82252 -5.43099 5.60818
v 10.81535 -5.65830 5.77635
v 11.57842 -6.84011 5.40081
v 11.37228 -7.03149 5.37119
v 11.37759 -6.86340 5.59861
v 10.77789 -6.84447 5.59862
v 10.77258 -7.01256 5.37121
v 10.57892 -6.80855 5.40083
v 11.67446 -3.78866 -6.88249
v 11.48080 -3.58466 -6.85286
v 11.47549 -3.75274 -7.08028
v 10.87579 -3.73381 -7.08027
v 10.88110 -3.56572 -6.85285
v 10.67496 -3.75711 -6.88247
v 11.43804 -4.93892 -7.25801
v 11.43086 -5.16622 -7.08984
v 11.63701 -4.97484 -7.06022
v 10.63750 -4.94328 -7.06020
v 10.83116 -5.14729 -7.08983
v 10.83834 -4.91998 -7.25800
v 11.27459 -10.12538 5.10984
v 11.23714 -11.31156 4.93211
v 10.63744 -11.29262 4.93213
v 10.67489 -10.10645 5.10986
v 10.73534 -8.18196 -7.74676
v 10.69788 -9.36814 -7.92450
v 11.29758 -9.38707 -7.92451
v 11.33504 -8.20090 -7.74678
v 11.28177 -9.89808 4.94167
v 10.68207 -9.87915 4.94169
v 10.74065 -8.01387 -7.51935
v 11.34035 -8.03281 -7.51936
v 11.29041 -9.61437 -7.75634
v 10.69071 -9.59544 -7.75632
v 10.63213 -11.46071 4.70471
v 11.23183 -11.47964 4.70469
v 11.47542 -10.10209 4.91204
v 11.53401 -8.23681 -7.54899
v 11.49655 -9.42299 -7.72672
v 11.43797 -11.28826 4.73431
v 10.43847 -11.25670 4.73434
v 10.49705 -9.39143 -7.72670
v 10.53451 -8.20526 -7.54896
v 10.47592 -10.07053 4.91207
v 11.28177 -9.89808 4.94167
v 11.34035 -8.03281 -7.51936
v 11.53401 -8.23681 -7.54899
v 11.47542 -10.10209 4.91204
v 10.47592 -10.07053 4.91207
v 10.53451 -8.20526 -7.54896
v 10.74065 -8.01387 -7.51935
v 10.68207 -9.87915 4.94169
v 11.43797 -11.28826 4.73431
v 11.49655 -9.42299 -7.72672
v 11.29041 -9.61437 -7.75634
v 11.23183 -11.47964 4.70469
v 10.63213 -11.46071 4.70471
v 10.69071 -9.59544 -7.75632
v 10.49705 -9.39143 -7.72670
v 10.43847 -11.25670 4.73434
v 11.47542 -10.10209 4.91204
v 11.43797 -11.28826 4.73431
v 11.23714 -11.31156 4.93211
v 11.27459 -10.12538 5.10984
v 11.33504 -8.20090 -7.74678
v 11.29758 -9.38707 -7.92451
v 11.49655 -9.42299 -7.72672
v 11.53401 -8.23681 -7.54899
v 10.67489 -10.10645 5.10986
v 10.63744 -11.29262 4.93213
v 10.43847 -11.25670 4.73434
v 10.47592 -10.07053 4.91207
v 10.53451 -8.20526 -7.54896
v 10.49705 -9.39143 -7.72670
v 10.69788 -9.36814 -7.92450
v 10.73534 -8.18196 -7.74676
v 11.27459 -10.12538 5.10984
v 10.67489 -10.10645 5.10986
v 10.68207 -9.87915 4.94169
v 11.28177 -9.89808 4.94167
v 11.23183 -11.47964 4.70469
v 10.63213 -11.46071 4.70471
v 10.63744 -11.29262 4.93213
v 11.23714 -11.31156 4.93211
v 11.34035 -8.03281 -7.51936
v 10.74065 -8.01387 -7.51935
v 10.73534 -8.18196 -7.74676
v 11.33504 -8.20090 -7.74678
v 11.29758 -9.38707 -7.92451
v 10.69788 -9.36814 -7.92450
v 10.69071 -9.59544 -7.75632
v 11.29041 -9.61437 -7.75634
v 11.27459 -10.12538 5.10984
v 11.28177 -9.89808 4.94167
v 11.47542 -10.10209 4.91204
v 10.47592 -10.07053 4.91207
v 10.68207 -9.87915 4.94169
v 10.67489 -10.10645 5.10986
v 11.43797 -11.28826 4.73431
v 11.23183 -11.47964 4.70469
v 11.23714 -11.31156 4.93211
v 10.63744 -11.29262 4.93213
v 10.63213 -11.46071 4.70471
v 10.43847 -11.25670 4.73434
v 11.53401 -8.23681 -7.54899
v 11.34035 -8.03281 -7.51936
v 11.33504 -8.20090 -7.74678
v 10.73534 -8.18196 -7.74676
v 10.74065 -8.01387 -7.51935
v 10.53451 -8.20526 -7.54896
v 11.29758 -9.38707 -7.92451
v 11.29041 -9.61437 -7.75634
v 11.49655 -9.42299 -7.72672
v 10.49705 -9.39143 -7.72670
v 10.69071 -9.59544 -7.75632
v 10.69788 -9.36814 -7.92450
v 11.13414 -14.57353 4.44335
v 11.09669 -15.75971 4.26561
v 10.49699 -15.74077 4.26563
v 10.53444 -14.55460 4.44336
v 10.59488 -12.63011 -8.41326
v 10.55743 -13.81629 -8.59099
v 11.15713 -13.83522 -8.59101
v 11.19458 -12.64905 -8.41327
v 11.14131 -14.34623 4.27517
v 10.54161 -14.32730 4.27519
v 10.60020 -12.46203 -8.18584
v 11.19990 -12.48096 -8.18586
v 11.14996 -14.06252 -8.42284
v 10.55026 -14.04359 -8.42282
v 10.49167 -15.90886 4.03821
v 11.09138 -15.92780 4.03820
v 11.33497 -14.55024 4.24555
v 11.39356 -12.68497 -8.21549
v 11.35610 -13.87114 -8.39322
v 11.29752 -15.73641 4.06781
v 10.29802 -15.70486 4.06784
v 10.35660 -13.83958 -8.39319
v 10.39405 -12.65341 -8.21546
v 10.33547 -14.51868 4.24557
v 11.14131 -14.34623 4.27517
v 11.19990 -12.48096 -8.18586
v 11.39356 -12.68497 -8.21549
v 11.33497 -14.55024 4.24555
v 10.33547 -14.51868 4.24557
v 10.39405 -12.65341 -8.21546
v 10.60020 -12.46203 -8.18584
v 10.54161 -14.32730 4.27519
v 11.29752 -15.73641 4.06781
v 11.35610 -13.87114 -8.39322
v 11.14996 -14.06252 -8.42284
v 11.09138 -15.92780 4.03820
v 10.49167 -15.90886 4.03821
v 10.55026 -14.04359 -8.42282
v 10.35660 -13.83958 -8.39319
v 10.29802 -15.70486 4.06784
v 11.33497 -14.55024 4.24555
v 11.29752 -15.73641 4.06781
v 11.09669 -15.75971 4.26561
v 11.13414 -14.57353 4.44335
v 11.19458 -12.64905 -8.41327
v 11.15713 -13.83522 -8.59101
v 11.35610 -13.87114 -8.39322
v 11.39356 -12.68497 -8.21549
v 10.53444 -14.55460 4.44336
v 10.49699 -15.74077 4.26563
v 10.29802 -15.70486 4.06784
v 10.33547 -14.51868 4.24557
v 10.39405 -12.65341 -8.21546
v 10.35660 -13.83958 -8.39319
v 10.55743 -13.81629 -8.59099
v 10.59488 -12.63011 -8.41326
v 11.13414 -14.57353 4.44335
v 10.53444 -14.55460 4.44336
v 10.54161 -14.32730 4.27519
v 11.14131 -14.34623 4.27517
v 11.09138 -15.92780 4.03820
v 10.49167 -15.90886 4.03821
v 10.49699 -15.74077 4.26563
v 11.09669 -15.75971 4.26561
v 11.19990 -12.48096 -8.18586
v 10.60020 -12.46203 -8.18584
v 10.59488 -12.63011 -8.41326
v 11.19458 -12.64905 -8.41327
v 11.15713 -13.83522 -8.59101
v 10.55743 -13.81629 -8.59099
v 10.55026 -14.04359 -8.42282
v 11.14996 -14.06252 -8.42284
v 11.13414 -14.57353 4.44335
v 11.14131 -14.34623 4.27517
v 11.33497 -14.55024 4.24555
v 10.33547 -14.51868 4.24557
v 10.54161 -14.32730 4.27519
v 10.53444 -14.55460 4.44336
v 11.29752 -15.73641 4.06781
v 11.09138 -15.92780 4.03820
v 11.09669 -15.75971 4.26561
v 10.49699 -15.74077 4.26563
v 10.49167 -15.90886 4.03821
v 10.29802 -15.70486 4.06784
v 11.39356 -12.68497 -8.21549
v 11.19990 -12.48096 -8.18586
v 11.19458 -12.64905 -8.41327
v 10.59488 -12.63011 -8.41326
v 10.60020 -12.46203 -8.18584
v 10.39405 -12.65341 -8.21546
v 11.15713 -13.83522 -8.59101
v 11.14996 -14.06252 -8.42284
v 11.35610 -13.87114 -8.39322
v 10.35660 -13.83958 -8.39319
v 10.55026 -14.04359 -8.42282
v 10.55743 -13.81629 -8.59099
v 10.99369 -19.02169 3.77685
v 10.95624 -20.20786 3.59912
v 10.35653 -20.18893 3.59913
v 10.39399 -19.00275 3.77686
v 10.45443 -17.07827 -9.07976
v 10.41698 -18.26444 -9.25749
v 11.01668 -18.28337 -9.25750
v 11.05413 -17.09720 -9.07977
v 11.00086 -18.79438 3.60868
v 10.40116 -18.77545 3.60869
v 10.45974 -16.91018 -8.85234
v 11.05945 -16.92911 -8.85236
v 11.00951 -18.51068 -9.08933
v 10.40981 -18.49174 -9.08932
v 10.35122 -20.35701 3.37172
v 10.95092 -20.37595 3.37170
v 11.19452 -18.99839 3.57905
v 11.25310 -17.13312 -8.88198
v 11.21565 -18.31929 -9.05972
v 11.15707 -20.18456 3.40132
v 10.15756 -20.15301 3.40134
v 10.21615 -18.28773 -9.05969
v 10.25360 -17.10156 -8.88196
v 10.19502 -18.96683 3.57907
v 11.00086 -18.79438 3.60868
v 11.05945 -16.92911 -8.85236
v 11.25310 -17.13312 -8.88198
v 11.19452 -18.99839 3.57905
v 10.19502 -18.96683 3.57907
v 10.25360 -17.10156 -8.88196
v 10.45974 -16.91018 -8.85234
v 10.40116 -18.77545 3.60869
v 11.15707 -20.18456 3.40132
v 11.21565 -18.31929 -9.05972
v 11.00951 -18.51068 -9.08933
v 10.95092 -20.37595 3.37170
v 10.35122 -20.35701 3.37172
v 10.40981 -18.49174 -9.08932
v 10.21615 -18.28773 -9.05969
v 10.15756 -20.15301 3.40134
v 11.19452 -18.99839 3.57905
v 11.15707 -20.18456 3.40132
v 10.95624 -20.20786 3.59912
v 10.99369 -19.02169 3.77685
v 11.05413 -17.09720 -9.07977
v 11.01668 -18.28337 -9.25750
v 11.21565 -18.31929 -9.05972
v 11.25310 -17.13312 -8.88198
v 10.39399 -19.00275 3.77686
v 10.35653 -20.18893 3.59913
v 10.15756 -20.15301 3.40134
v 10.19502 -18.96683 3.57907
v 10.25360 -17.10156 -8.88196
v 10.21615 -18.28773 -9.05969
v 10.41698 -18.26444 -9.25749
v 10.45443 -17.07827 -9.07976
v 10.99369 -19.02169 3.77685
v 10.39399 -19.00275 3.77686
v 10.40116 -18.77545 3.60869
v 11.00086 -18.79438 3.60868
v 10.95092 -20.37595 3.37170
v 10.35122 -20.35701 3.37172
v 10.35653 -20.18893 3.59913
v 10.95624 -20.20786 3.59912
v 11.05945 -16.92911 -8.85236
v 10.45974 -16.91018 -8.85234
v 10.45443 -17.07827 -9.07976
v 11.05413 -17.09720 -9.07977
v 11.01668 -18.28337 -9.25750
v 10.41698 -18.26444 -9.25749
v 10.40981 -18.49174 -9.08932
v 11.00951 -18.51068 -9.08933
v 10.99369 -19.02169 3.77685
v 11.00086 -18.79438 3.60868
v 11.19452 -18.99839 3.57905
v 10.19502 -18.96683 3.57907
v 10.40116 -18.77545 3.60869
v 10.39399 -19.00275 3.77686
v 11.15707 -20.18456 3.40132
v 10.95092 -20.37595 3.37170
v 10.95624 -20.20786 3.59912
v 10.35653 -20.18893 3.59913
v 10.35122 -20.35701 3.37172
v 10.15756 -20.15301 3.40134
v 11.25310 -17.13312 -8.88198
v 11.05945 -16.92911 -8.85236
v 11.05413 -17.09720 -9.07977
v 10.45443 -17.07827 -9.07976
v 10.45974 -16.91018 -8.85234
v 10.25360 -17.10156 -8.88196
v 11.01668 -18.28337 -9.25750
v 11.00951 -18.51068 -9.08933
v 11.21565 -18.31929 -9.05972
v 10.21615 -18.28773 -9.05969
v 10.40981 -18.49174 -9.08932
v 10.41698 -18.26444 -9.25749
v 10.85324 -23.46984 3.11035
v 10.81578 -24.65601 2.93262
v 10.21608 -24.63708 2.93263
v 10.25354 -23.45090 3.11037
v 10.31398 -21.52642 -9.74625
v 10.27653 -22.71259 -9.92399
v 10.87623 -22.73153 -9.92400
v 10.91368 -21.54535 -9.74627
v 10.86041 -23.24253 2.94218
v 10.26071 -23.22360 2.94219
v 10.31929 -21.35833 -9.51884
v 10.91899 -21.37726 -9.51885
v 10.86905 -22.95883 -9.75583
v 10.26935 -22.93989 -9.75581
v 10.21077 -24.80517 2.70522
v 10.81047 -24.82410 2.70520
v 11.05407 -23.44654 2.91255
v 11.11265 -21.58127 -9.54848
v 11.07520 -22.76744 -9.72621
v 11.01661 -24.63272 2.73482
v 10.01711 -24.60116 2.73485
v 10.07570 -22.73589 -9.72619
v 10.11315 -21.54971 -9.54846
v 10.05457 -23.41499 2.91258
v 10.86041 -23.24253 2.94218
v 10.91899 -21.37726 -9.51885
v 11.11265 -21.58127 -9.54848
v 11.05407 -23.44654 2.91255
v 10.05457 -23.41499 2.91258
v 10.11315 -21.54971 -9.54846
v 10.31929 -21.35833 -9.51884
v 10.26071 -23.22360 2.94219
v 11.01661 -24.63272 2.73482
v 11.07520 -22.76744 -9.72621
v 10.86905 -22.95883 -9.75583
v 10.81047 -24.82410 2.70520
v 10.21077 -24.80517 2.70522
v 10.26935 -22.93989 -9.75581
v 10.07570 -22.73589 -9.72619
v 10.01711 -24.60116 2.73485
v 11.05407 -23.44654 2.91255
v 11.01661 -24.63272 2.73482
v 10.81578 -24.65601 2.93262
v 10.85324 -23.46984 3.11035
v 10.91368 -21.54535 -9.74627
v 10.87623 -22.73153 -9.92400
v 11.07520 -22.76744 -9.72621
v 11.11265 -21.58127 -9.54848
v 10.25354 -23.45090 3.11037
v 10.21608 -24.63708 2.93263
v 10.01711 -24.60116 2.73485
v 10.05457 -23.41499 2.91258
v 10.11315 -21.54971 -9.54846
v 10.07570 -22.73589 -9.72619
v 10.27653 -22.71259 -9.92399
v 10.31398 -21.52642 -9.74625
v 10.85324 -23.46984 3.11035
v 10.25354 -23.45090 3.11037
v 10.26071 -23.22360 2.94219
v 10.86041 -23.24253 2.94218
v 10.81047 -24.82410 2.70520
v 10.21077 -24.80517 2.70522
v 10.21608 -24.63708 2.93263
v 10.81578 -24.65601 2.93262
v 10.91899 -21.37726 -9.51885
v 10.31929 -21.35833 -9.51884
v 10.31398 -21.52642 -9.74625
v 10.91368 -21.54535 -9.74627
v 10.87623 -22.73153 -9.92400
v 10.27653 -22.71259 -9.92399
v 10.26935 -22.93989 -9.75581
v 10.86905 -22.95883 -9.75583
v 10.85324 -23.46984 3.11035
v 10.86041 -23.24253 2.94218
v 11.05407 -23.44654 2.91255
v 10.05457 -23.41499 2.91258
v 10.26071 -23.22360 2.94219
v 10.25354 -23.45090 3.11037
v 11.01661 -24.63272 2.73482
v 10.81047 -24.82410 2.70520
v 10.81578 -24.65601 2.93262
v 10.21608 -24.63708 2.93263
v 10.21077 -24.80517 2.70522
v 10.01711 -24.60116 2.73485
v 11.11265 -21.58127 -9.54848
v 10.91899 -21.37726 -9.51885
v 10.91368 -21.54535 -9.74627
v 10.31398 -21.52642 -9.74625
v 10.31929 -21.35833 -9.51884
v 10.11315 -21.54971 -9.54846
v 10.87623 -22.73153 -9.92400
v 10.86905 -22.95883 -9.75583
v 11.07520 -22.76744 -9.72621
v 10.07570 -22.73589 -9.72619
v 10.26935 -22.93989 -9.75581
v 10.27653 -22.71259 -9.92399
vt -0.104161 1.069712
vt -0.094397 0.763868
vt -0.038426 0.765655
vt -0.048190 1.071499
vt 0.048190 1.071499
vt 0.038426 0.765655
vt 0.094397 0.763868
vt 0.104161 1.069712
vt 0.101885 1.060498
vt 0.045885 1.060499
vt 0.045882 0.939499
vt 0.101882 0.939497
vt -0.101882 0.939497
vt -0.045882 0.939499
vt -0.045885 1.060499
vt -0.101885 1.060498
vt -0.063234 1.070645
vt -0.081156 0.950979
vt 0.221470 0.905658
vt 0.239391 1.025323
vt -0.239391 1.025323
vt -0.221470 0.905658
vt 0.081156 0.950979
vt 0.063234 1.070645
vt 0.018244 1.058906
vt 0.005500 0.938579
vt 0.022376 0.936792
vt 0.035121 1.057119
vt 0.068788 1.068121
vt 0.081528 0.947794
vt 0.098404 0.949581
vt 0.085664 1.069908
vt 0.090130 1.051295
vt 0.077390 0.930968
vt 0.094266 0.929181
vt 0.107006 1.049508
vt -0.210914 1.038499
vt -0.198170 0.918172
vt -0.181293 0.919960
vt -0.194038 1.040287
vt -0.079237 0.978196
vt 0.220123 0.914795
vt 0.223639 0.931397
vt -0.075721 0.994799
vt -0.067111 1.035452
vt 0.232249 0.972048
vt 0.235765 0.988650
vt -0.063594 1.052055
vt 0.054071 1.097019
vt -0.245288 1.033615
vt -0.241772 1.017012
vt 0.057587 1.080417
vt 0.085244 0.949834
vt -0.214116 0.886433
vt -0.210600 0.869830
vt 0.088760 0.933232
vt 0.101884 0.999642
vt 0.045884 0.999645
vt 0.045883 0.982674
vt 0.101883 0.982672
vt -0.101880 0.869536
vt -0.045880 0.869537
vt -0.045880 0.886508
vt -0.101880 0.886506
vt 0.101884 1.017321
vt 0.045884 1.017323
vt 0.045884 1.000352
vt 0.101884 1.000350
vt -0.101888 1.113486
vt -0.045888 1.113489
vt -0.045889 1.130459
vt -0.101889 1.130457
vt 0.018532 0.985082
vt 0.008088 0.971706
vt 0.024894 0.969349
vt 0.070206 1.043597
vt 0.087012 1.045953
vt 0.076569 1.059329
vt 0.072577 0.898359
vt 0.089425 0.896326
vt 0.082761 0.911934
vt -0.193720 0.959302
vt -0.200383 0.943695
vt -0.183535 0.945728
vt 0.031924 1.023239
vt 0.015075 1.025273
vt 0.021738 1.009665
vt 0.089222 0.962289
vt 0.095886 0.977897
vt 0.079038 0.975864
vt 0.102577 1.063899
vt 0.113020 1.077276
vt 0.096214 1.079631
vt -0.191315 1.005377
vt -0.208122 1.003021
vt -0.197678 0.989644
vt -0.044106 1.037612
vt -0.035874 0.779743
vt 0.012101 0.781275
vt 0.003869 1.039143
vt -0.003869 1.039143
vt -0.012101 0.781275
vt 0.035874 0.779743
vt 0.044106 1.037612
vt 0.042885 1.051499
vt -0.005115 1.051500
vt -0.005118 0.948500
vt 0.042882 0.948499
vt -0.042882 0.948499
vt 0.005118 0.948500
vt 0.005115 1.051500
vt -0.042885 1.051499
vt -0.030942 1.056708
vt -0.046198 0.954844
vt 0.208957 0.916632
vt 0.224212 1.018496
vt -0.224212 1.018496
vt -0.208957 0.916632
vt 0.046198 0.954844
vt 0.030942 1.056708
vt -0.003096 1.052116
vt -0.013944 0.949689
vt 0.008557 0.947306
vt 0.019406 1.049733
vt 0.007153 1.052545
vt 0.017998 0.950118
vt 0.040500 0.952500
vt 0.029655 1.054928
vt 0.118012 1.039293
vt 0.107167 0.936865
vt 0.129669 0.934483
vt 0.140514 1.036910
vt -0.167072 1.034093
vt -0.156224 0.931665
vt -0.133722 0.934049
vt -0.144571 1.036476
vt -0.039235 1.002973
vt 0.213166 0.949517
vt 0.217854 0.971653
vt -0.034547 1.025109
vt -0.041760 0.991052
vt 0.210641 0.937594
vt 0.215329 0.959730
vt -0.037072 1.013189
vt 0.029013 1.051236
vt -0.223387 0.997777
vt -0.218699 0.975640
vt 0.033702 1.029099
vt 0.042605 0.987062
vt -0.209796 0.933606
vt -0.205108 0.911470
vt 0.047293 0.964926
vt 0.042885 1.020151
vt -0.005115 1.020153
vt -0.005116 0.997525
vt 0.042884 0.997523
vt -0.042880 0.870245
vt 0.005120 0.870246
vt 0.005120 0.892873
vt -0.042880 0.892872
vt 0.042884 1.002474
vt -0.005116 1.002475
vt -0.005117 0.979848
vt 0.042883 0.979846
vt -0.042888 1.107125
vt 0.005112 1.107127
vt 0.005111 1.129754
vt -0.042889 1.129752
vt 0.005731 1.021093
vt -0.008194 1.003258
vt 0.014214 1.000116
vt 0.010093 1.019093
vt 0.032501 1.022234
vt 0.018577 1.040070
vt 0.103853 0.915557
vt 0.126318 0.912847
vt 0.117432 0.933657
vt -0.145790 0.945760
vt -0.154674 0.924950
vt -0.132210 0.927661
vt 0.013708 0.996242
vt -0.008756 0.998953
vt 0.000128 0.978143
vt 0.028231 0.966034
vt 0.037116 0.986844
vt 0.014652 0.984133
vt 0.130518 1.034011
vt 0.144442 1.051847
vt 0.122034 1.054988
vt -0.146342 1.036005
vt -0.168751 1.032863
vt -0.154825 1.015028
vt -0.045976 0.845454
vt -0.043615 0.771492
vt 0.000363 0.772896
vt -0.001998 0.846858
vt 0.001998 0.846858
vt -0.000363 0.772896
vt 0.043615 0.771492
vt 0.045976 0.845454
vt 0.050885 1.056999
vt 0.006885 1.057000
vt 0.006882 0.943000
vt 0.050882 0.942999
vt -0.050882 0.942999
vt -0.006882 0.943000
vt -0.006885 1.057000
vt -0.050885 1.056999
vt 0.159755 1.033710
vt 0.142870 0.920968
vt 0.216054 0.910008
vt 0.232939 1.022750
vt -0.232939 1.022750
vt -0.216054 0.910008
vt -0.142870 0.920968
vt -0.159755 1.033710
vt 0.140228 1.042467
vt 0.128221 0.929101
vt 0.146503 0.927164
vt 0.158511 1.040530
vt -0.117888 1.044837
vt -0.105885 0.931470
vt -0.087603 0.933406
vt -0.099606 1.046772
vt 0.120701 1.044539
vt 0.108698 0.931172
vt 0.126980 0.929237
vt 0.138984 1.042603
vt -0.179606 1.038296
vt -0.167599 0.924930
vt -0.149316 0.926866
vt -0.161323 1.040232
vt 0.148671 0.963537
vt 0.221066 0.948205
vt 0.224875 0.966191
vt 0.152481 0.981523
vt 0.146879 0.955074
vt 0.219273 0.939741
vt 0.223082 0.957726
vt 0.150688 0.973060
vt -0.160944 1.021483
vt -0.233338 1.006150
vt -0.229529 0.988164
vt -0.157135 1.003497
vt -0.142225 0.933100
vt -0.214619 0.917767
vt -0.210810 0.899782
vt -0.138416 0.915114
vt 0.050890 1.157683
vt 0.006890 1.157685
vt 0.006889 1.139300
vt 0.050889 1.139298
vt -0.050880 0.870598
vt -0.006880 0.870599
vt -0.006880 0.888984
vt -0.050880 0.888983
vt 0.050879 0.860698
vt 0.006879 0.860700
vt 0.006879 0.842315
vt 0.050879 0.842314
vt -0.050888 1.111014
vt -0.006888 1.111015
vt -0.006889 1.129400
vt -0.050889 1.129398
vt 0.156496 1.077867
vt 0.145182 1.063376
vt 0.163389 1.060823
vt -0.126208 1.089856
vt -0.108001 1.092408
vt -0.119314 1.106899
vt 0.105861 0.914493
vt 0.124114 0.912291
vt 0.116894 0.929199
vt -0.160271 0.947713
vt -0.167489 0.930805
vt -0.149237 0.933008
vt 0.142320 0.899301
vt 0.124068 0.901503
vt 0.131286 0.884595
vt -0.087913 0.866079
vt -0.080693 0.882987
vt -0.098946 0.880785
vt 0.131141 1.038458
vt 0.142455 1.052950
vt 0.124248 1.055502
vt -0.161428 1.026470
vt -0.179634 1.023917
vt -0.168320 1.009426
vt 0.041885 1.064999
vt 0.004685 1.061100
vt -0.006115 1.036400
vt -0.006117 0.963600
vt 0.004682 0.938900
vt 0.041882 0.934999
vt 0.053883 0.958399
vt 0.053885 1.041599
vt -0.050585 1.037023
vt -0.050583 0.962975
vt -0.039902 0.942149
vt -0.006794 0.945621
vt 0.002817 0.967604
vt 0.002815 1.032396
vt -0.006797 1.054379
vt -0.039905 1.057849
vt 0.235603 1.006780
vt 0.223280 0.924497
vt 0.236136 0.922572
vt 0.248459 1.004854
vt 0.138769 1.027140
vt 0.130008 0.944402
vt 0.134920 0.948484
vt 0.142717 1.022120
vt 0.226719 0.949238
vt 0.222355 0.923305
vt 0.235174 0.921148
vt 0.239539 0.947080
vt 0.125278 1.017730
vt 0.131503 0.992179
vt 0.135724 0.998826
vt 0.130184 1.021566
vt 0.044684 0.767249
vt 0.007285 0.767852
vt 0.007075 0.754854
vt 0.044474 0.754251
vt -0.070176 1.120342
vt -0.033329 1.126775
vt -0.035913 1.133433
vt -0.068706 1.127708
vt -0.219628 0.905475
vt -0.223977 0.932080
vt -0.236807 0.929983
vt -0.232458 0.903378
vt -0.167066 0.973408
vt -0.161942 0.999875
vt -0.166792 1.003204
vt -0.171352 0.979648
vt -0.224050 0.929640
vt -0.234832 1.001637
vt -0.247689 0.999712
vt -0.236907 0.927714
vt -0.164143 0.946011
vt -0.171811 1.018406
vt -0.175819 1.013955
vt -0.168995 0.949524
vt -0.233946 0.993071
vt -0.238295 1.019676
vt -0.251125 1.017579
vt -0.246776 0.990974
vt -0.158395 0.966290
vt -0.168935 0.991102
vt -0.171822 0.984104
vt -0.162442 0.962021
vt -0.000040 0.767738
vt -0.037402 0.765968
vt -0.036787 0.752983
vt 0.000575 0.754753
vt -0.027628 0.871862
vt -0.064725 0.876641
vt -0.062928 0.869348
vt -0.029911 0.865095
vt 0.235210 0.999684
vt 0.230845 0.973751
vt 0.243665 0.971593
vt 0.248029 0.997526
vt 0.130247 0.980255
vt 0.118837 0.956562
vt 0.122836 0.951788
vt 0.132991 0.972875
vt 0.000890 0.985189
vt 0.000696 0.961726
vt -0.011005 0.957809
vt -0.010792 0.983707
vt 0.000265 0.988151
vt -0.011416 0.986670
vt -0.011596 0.964819
vt 0.000104 0.968735
vt 0.000696 0.961726
vt 0.000347 0.940064
vt -0.011385 0.933884
vt -0.011005 0.957809
vt 0.000104 0.968735
vt -0.011596 0.964819
vt -0.011918 0.944635
vt -0.000186 0.950816
vt 0.000347 0.940064
vt -0.000143 0.921152
vt -0.011917 0.912978
vt -0.011385 0.933884
vt -0.000186 0.950816
vt -0.011918 0.944635
vt -0.012367 0.927001
vt -0.000593 0.935175
vt -0.000143 0.921152
vt -0.000750 0.905815
vt -0.012577 0.896005
vt -0.011917 0.912978
vt -0.000593 0.935175
vt -0.012367 0.927001
vt -0.012926 0.912686
vt -0.001099 0.922497
vt -0.000750 0.905815
vt -0.001450 0.894725
vt -0.013336 0.883706
vt -0.012577 0.896005
vt -0.001099 0.922497
vt -0.012926 0.912686
vt -0.013568 0.902317
vt -0.001682 0.913335
vt -0.001450 0.894725
vt -0.002211 0.888364
vt -0.014162 0.876619
vt -0.013336 0.883706
vt -0.001682 0.913335
vt -0.013568 0.902317
vt -0.014266 0.896346
vt -0.002316 0.908091
vt -0.002211 0.888364
vt -0.003001 0.887012
vt -0.015017 0.875054
vt -0.014162 0.876619
vt -0.002316 0.908091
vt -0.014266 0.896346
vt -0.014990 0.895035
vt -0.002973 0.906993
vt -0.003001 0.887012
vt -0.003784 0.890728
vt -0.015866 0.879080
vt -0.015017 0.875054
vt -0.002973 0.906993
vt -0.014990 0.895035
vt -0.015708 0.898441
vt -0.003626 0.910089
vt -0.003784 0.890728
vt -0.004526 0.899349
vt -0.016670 0.888519
vt -0.015866 0.879080
vt -0.003626 0.910089
vt -0.015708 0.898441
vt -0.016388 0.906415
vt -0.004245 0.917245
vt -0.004526 0.899349
vt -0.005195 0.912498
vt -0.017394 0.902960
vt -0.016670 0.888519
vt -0.004245 0.917245
vt -0.016388 0.906415
vt -0.017001 0.918609
vt -0.004803 0.928146
vt -0.005195 0.912498
vt -0.005763 0.929601
vt -0.018007 0.921772
vt -0.017394 0.902960
vt -0.004803 0.928146
vt -0.017001 0.918609
vt -0.017520 0.934489
vt -0.005276 0.942318
vt -0.005763 0.929601
vt -0.006203 0.949910
vt -0.018482 0.944132
vt -0.018007 0.921772
vt -0.005276 0.942318
vt -0.017520 0.934489
vt -0.017922 0.953362
vt -0.005643 0.959140
vt -0.006203 0.949910
vt -0.006497 0.972538
vt -0.018799 0.969064
vt -0.018482 0.944132
vt -0.005643 0.959140
vt -0.017922 0.953362
vt -0.018190 0.974402
vt -0.005889 0.977877
vt -0.006497 0.972538
vt -0.006631 0.996495
vt -0.018942 0.995476
vt -0.018799 0.969064
vt -0.005889 0.977877
vt -0.018190 0.974402
vt -0.018312 0.996691
vt -0.006001 0.997710
vt -0.006631 0.996495
vt -0.006601 1.020735
vt -0.018907 1.022216
vt -0.018942 0.995476
vt -0.006001 0.997710
vt -0.018312 0.996691
vt -0.018283 1.019254
vt -0.005977 1.017773
vt -0.006601 1.020735
vt -0.006407 1.044199
vt -0.018695 1.048115
vt -0.018907 1.022216
vt -0.005977 1.017773
vt -0.018283 1.019254
vt -0.018104 1.041105
vt -0.005816 1.037189
vt -0.006407 1.044199
vt -0.006058 1.065860
vt -0.018314 1.072040
vt -0.018695 1.048115
vt -0.005816 1.037189
vt -0.018104 1.041105
vt -0.017782 1.061289
vt -0.005525 1.055109
vt -0.006058 1.065860
vt -0.005569 1.084772
vt -0.017783 1.092946
vt -0.018314 1.072040
vt -0.005525 1.055109
vt -0.017782 1.061289
vt -0.017332 1.078923
vt -0.005118 1.070750
vt -0.005569 1.084772
vt -0.004961 1.100109
vt -0.017122 1.109919
vt -0.017783 1.092946
vt -0.005118 1.070750
vt -0.017332 1.078923
vt -0.016774 1.093238
vt -0.004612 1.083428
vt -0.004961 1.100109
vt -0.004261 1.111200
vt -0.016363 1.122218
vt -0.017122 1.109919
vt -0.004612 1.083428
vt -0.016774 1.093238
vt -0.016132 1.103607
vt -0.004030 1.092589
vt -0.004261 1.111200
vt -0.003500 1.117560
vt -0.015538 1.129304
vt -0.016363 1.122218
vt -0.004030 1.092589
vt -0.016132 1.103607
vt -0.015433 1.109578
vt -0.003396 1.097834
vt -0.003500 1.117560
vt -0.002711 1.118912
vt -0.014682 1.130869
vt -0.015538 1.129304
vt -0.003396 1.097834
vt -0.015433 1.109578
vt -0.014709 1.110889
vt -0.002738 1.098931
vt -0.002711 1.118912
vt -0.001928 1.115196
vt -0.013834 1.126844
vt -0.014682 1.130869
vt -0.002738 1.098931
vt -0.014709 1.110889
vt -0.013991 1.107483
vt -0.002086 1.095835
vt -0.001928 1.115196
vt -0.001185 1.106576
vt -0.013030 1.117405
vt -0.013834 1.126844
vt -0.002086 1.095835
vt -0.013991 1.107483
vt -0.013311 1.099509
vt -0.001467 1.088680
vt -0.001185 1.106576
vt -0.000516 1.093426
vt -0.012306 1.102963
vt -0.013030 1.117405
vt -0.001467 1.088680
vt -0.013311 1.099509
vt -0.012698 1.087315
vt -0.000909 1.077778
vt -0.000516 1.093426
vt 0.000051 1.076324
vt -0.011692 1.084152
vt -0.012306 1.102963
vt -0.000909 1.077778
vt -0.012698 1.087315
vt -0.012179 1.071435
vt -0.000436 1.063607
vt 0.000051 1.076324
vt 0.000491 1.056014
vt -0.011217 1.061791
vt -0.011692 1.084152
vt -0.000436 1.063607
vt -0.012179 1.071435
vt -0.011777 1.052562
vt -0.000068 1.046785
vt 0.000491 1.056014
vt 0.000785 1.033387
vt -0.010901 1.036860
vt -0.011217 1.061791
vt -0.000068 1.046785
vt -0.011777 1.052562
vt -0.011509 1.031521
vt 0.000177 1.028048
vt 0.000785 1.033387
vt 0.000920 1.009429
vt -0.010757 1.010447
vt -0.010901 1.036860
vt 0.000177 1.028048
vt -0.011509 1.031521
vt -0.011387 1.009233
vt 0.000290 1.008214
vt 0.000920 1.009429
vt 0.000890 0.985189
vt -0.010792 0.983707
vt -0.010757 1.010447
vt 0.000290 1.008214
vt -0.011387 1.009233
vt -0.011416 0.986670
vt 0.000265 0.988151
vt -0.010792 0.983707
vt -0.011005 0.957809
vt -0.119069 0.959208
vt -0.118863 0.984297
vt -0.011416 0.986670
vt -0.119488 0.987260
vt -0.119660 0.966218
vt -0.011596 0.964819
vt -0.011005 0.957809
vt -0.011385 0.933884
vt -0.119438 0.936032
vt -0.119069 0.959208
vt -0.011596 0.964819
vt -0.119660 0.966218
vt -0.119970 0.946783
vt -0.011918 0.944635
vt -0.011385 0.933884
vt -0.011917 0.912978
vt -0.119953 0.915780
vt -0.119438 0.936032
vt -0.011918 0.944635
vt -0.119970 0.946783
vt -0.120404 0.929802
vt -0.012367 0.927001
vt -0.011917 0.912978
vt -0.012577 0.896005
vt -0.120593 0.899338
vt -0.119953 0.915780
vt -0.012367 0.927001
vt -0.120404 0.929802
vt -0.120942 0.916019
vt -0.012926 0.912686
vt -0.012577 0.896005
vt -0.013336 0.883706
vt -0.121329 0.887425
vt -0.120593 0.899338
vt -0.012926 0.912686
vt -0.120942 0.916019
vt -0.121560 0.906036
vt -0.013568 0.902317
vt -0.013336 0.883706
vt -0.014162 0.876619
vt -0.122129 0.880562
vt -0.121329 0.887425
vt -0.013568 0.902317
vt -0.121560 0.906036
vt -0.122233 0.900289
vt -0.014266 0.896346
vt -0.014162 0.876619
vt -0.015017 0.875054
vt -0.122958 0.879048
vt -0.122129 0.880562
vt -0.014266 0.896346
vt -0.122233 0.900289
vt -0.122931 0.899029
vt -0.014990 0.895035
vt -0.015017 0.875054
vt -0.015866 0.879080
vt -0.123780 0.882949
vt -0.122958 0.879048
vt -0.014990 0.895035
vt -0.122931 0.899029
vt -0.123623 0.902311
vt -0.015708 0.898441
vt -0.015866 0.879080
vt -0.016670 0.888519
vt -0.124560 0.892096
vt -0.123780 0.882949
vt -0.015708 0.898441
vt -0.123623 0.902311
vt -0.124278 0.909992
vt -0.016388 0.906415
vt -0.016670 0.888519
vt -0.017394 0.902960
vt -0.125262 0.906087
vt -0.124560 0.892096
vt -0.016388 0.906415
vt -0.124278 0.909992
vt -0.124869 0.921736
vt -0.017001 0.918609
vt -0.017394 0.902960
vt -0.018007 0.921772
vt -0.125856 0.924313
vt -0.125262 0.906087
vt -0.017001 0.918609
vt -0.124869 0.921736
vt -0.125369 0.937030
vt -0.017520 0.934489
vt -0.018007 0.921772
vt -0.018482 0.944132
vt -0.126316 0.945975
vt -0.125856 0.924313
vt -0.017520 0.934489
vt -0.125369 0.937030
vt -0.125757 0.955205
vt -0.017922 0.953362
vt -0.018482 0.944132
vt -0.018799 0.969064
vt -0.126623 0.970129
vt -0.126316 0.945975
vt -0.017922 0.953362
vt -0.125757 0.955205
vt -0.126015 0.975468
vt -0.018190 0.974402
vt -0.018799 0.969064
vt -0.018942 0.995476
vt -0.126763 0.995717
vt -0.126623 0.970129
vt -0.018190 0.974402
vt -0.126015 0.975468
vt -0.126133 0.996931
vt -0.018312 0.996691
vt -0.018942 0.995476
vt -0.018907 1.022216
vt -0.126729 1.021621
vt -0.126763 0.995717
vt -0.018312 0.996691
vt -0.126133 0.996931
vt -0.126104 1.018659
vt -0.018283 1.019254
vt -0.018907 1.022216
vt -0.018695 1.048115
vt -0.126523 1.046710
vt -0.126729 1.021621
vt -0.018283 1.019254
vt -0.126104 1.018659
vt -0.125932 1.039700
vt -0.018104 1.041105
vt -0.018695 1.048115
vt -0.018314 1.072040
vt -0.126154 1.069887
vt -0.126523 1.046710
vt -0.018104 1.041105
vt -0.125932 1.039700
vt -0.125622 1.059136
vt -0.017782 1.061289
vt -0.018314 1.072040
vt -0.017783 1.092946
vt -0.125639 1.090139
vt -0.126154 1.069887
vt -0.017782 1.061289
vt -0.125622 1.059136
vt -0.125188 1.076116
vt -0.017332 1.078923
vt -0.017783 1.092946
vt -0.017122 1.109919
vt -0.124999 1.106580
vt -0.125639 1.090139
vt -0.017332 1.078923
vt -0.125188 1.076116
vt -0.124650 1.089899
vt -0.016774 1.093238
vt -0.017122 1.109919
vt -0.016363 1.122218
vt -0.124263 1.118493
vt -0.124999 1.106580
vt -0.016774 1.093238
vt -0.124650 1.089899
vt -0.124031 1.099882
vt -0.016132 1.103607
vt -0.016363 1.122218
vt -0.015538 1.129304
vt -0.123463 1.125356
vt -0.124263 1.118493
vt -0.016132 1.103607
vt -0.124031 1.099882
vt -0.123358 1.105630
vt -0.015433 1.109578
vt -0.015538 1.129304
vt -0.014682 1.130869
vt -0.122634 1.126871
vt -0.123463 1.125356
vt -0.015433 1.109578
vt -0.123358 1.105630
vt -0.122661 1.106890
vt -0.014709 1.110889
vt -0.014682 1.130869
vt -0.013834 1.126844
vt -0.121811 1.122969
vt -0.122634 1.126871
vt -0.014709 1.110889
vt -0.122661 1.106890
vt -0.121969 1.103608
vt -0.013991 1.107483
vt -0.013834 1.126844
vt -0.013030 1.117405
vt -0.121032 1.113823
vt -0.121811 1.122969
vt -0.013991 1.107483
vt -0.121969 1.103608
vt -0.121314 1.095927
vt -0.013311 1.099509
vt -0.013030 1.117405
vt -0.012306 1.102963
vt -0.120330 1.099831
vt -0.121032 1.113823
vt -0.013311 1.099509
vt -0.121314 1.095927
vt -0.120723 1.084183
vt -0.012698 1.087315
vt -0.012306 1.102963
vt -0.011692 1.084152
vt -0.119736 1.081606
vt -0.120330 1.099831
vt -0.012698 1.087315
vt -0.120723 1.084183
vt -0.120223 1.068889
vt -0.012179 1.071435
vt -0.011692 1.084152
vt -0.011217 1.061791
vt -0.119275 1.059943
vt -0.119736 1.081606
vt -0.012179 1.071435
vt -0.120223 1.068889
vt -0.119835 1.050713
vt -0.011777 1.052562
vt -0.011217 1.061791
vt -0.010901 1.036860
vt -0.118969 1.035790
vt -0.119275 1.059943
vt -0.011777 1.052562
vt -0.119835 1.050713
vt -0.119577 1.030451
vt -0.011509 1.031521
vt -0.010901 1.036860
vt -0.010757 1.010447
vt -0.118829 1.010202
vt -0.118969 1.035790
vt -0.011509 1.031521
vt -0.119577 1.030451
vt -0.119459 1.008987
vt -0.011387 1.009233
vt -0.010757 1.010447
vt -0.010792 0.983707
vt -0.118863 0.984297
vt -0.118829 1.010202
vt -0.011387 1.009233
vt -0.119459 1.008987
vt -0.119488 0.987260
vt -0.011416 0.986670
vt -0.118863 0.984297
vt -0.119069 0.959208
vt -0.127302 0.962012
vt -0.127109 0.985482
vt -0.119488 0.987260
vt -0.127733 0.988444
vt -0.127893 0.969022
vt -0.119660 0.966218
vt -0.119069 0.959208
vt -0.119438 0.936032
vt -0.127647 0.940332
vt -0.127302 0.962012
vt -0.119660 0.966218
vt -0.127893 0.969022
vt -0.128179 0.951083
vt -0.119970 0.946783
vt -0.119438 0.936032
vt -0.119953 0.915780
vt -0.128129 0.921389
vt -0.127647 0.940332
vt -0.119970 0.946783
vt -0.128179 0.951083
vt -0.128580 0.935411
vt -0.120404 0.929802
vt -0.119953 0.915780
vt -0.120593 0.899338
vt -0.128728 0.906011
vt -0.128129 0.921389
vt -0.120404 0.929802
vt -0.128580 0.935411
vt -0.129077 0.922692
vt -0.120942 0.916019
vt -0.120593 0.899338
vt -0.121329 0.887425
vt -0.129418 0.894870
vt -0.128728 0.906011
vt -0.120942 0.916019
vt -0.129077 0.922692
vt -0.129649 0.913480
vt -0.121560 0.906036
vt -0.121329 0.887425
vt -0.122129 0.880562
vt -0.130167 0.888453
vt -0.129418 0.894870
vt -0.121560 0.906036
vt -0.129649 0.913480
vt -0.130271 0.908179
vt -0.122233 0.900289
vt -0.122129 0.880562
vt -0.122958 0.879048
vt -0.130943 0.887040
vt -0.130167 0.888453
vt -0.122233 0.900289
vt -0.130271 0.908179
vt -0.130916 0.907021
vt -0.122931 0.899029
vt -0.122958 0.879048
vt -0.123780 0.882949
vt -0.131713 0.890694
vt -0.130943 0.887040
vt -0.122931 0.899029
vt -0.130916 0.907021
vt -0.131556 0.910055
vt -0.123623 0.902311
vt -0.123780 0.882949
vt -0.124560 0.892096
vt -0.132443 0.899254
vt -0.131713 0.890694
vt -0.123623 0.902311
vt -0.131556 0.910055
vt -0.132162 0.917150
vt -0.124278 0.909992
vt -0.124560 0.892096
vt -0.125262 0.906087
vt -0.133101 0.912347
vt -0.132443 0.899254
vt -0.124278 0.909992
vt -0.132162 0.917150
vt -0.132708 0.927995
vt -0.124869 0.921736
vt -0.125262 0.906087
vt -0.125856 0.924313
vt -0.133657 0.929399
vt -0.133101 0.912347
vt -0.124869 0.921736
vt -0.132708 0.927995
vt -0.133170 0.942116
vt -0.125369 0.937030
vt -0.125856 0.924313
vt -0.126316 0.945975
vt -0.134089 0.949667
vt -0.133657 0.929399
vt -0.125369 0.937030
vt -0.133170 0.942116
vt -0.133529 0.958897
vt -0.125757 0.955205
vt -0.126316 0.945975
vt -0.126623 0.970129
vt -0.134376 0.972264
vt -0.134089 0.949667
vt -0.125757 0.955205
vt -0.133529 0.958897
vt -0.133768 0.977603
vt -0.126015 0.975468
vt -0.126623 0.970129
vt -0.126763 0.995717
vt -0.134507 0.996202
vt -0.134376 0.972264
vt -0.126015 0.975468
vt -0.133768 0.977603
vt -0.133877 0.997417
vt -0.126133 0.996931
vt -0.126763 0.995717
vt -0.126729 1.021621
vt -0.134475 1.020436
vt -0.134507 0.996202
vt -0.126133 0.996931
vt -0.133877 0.997417
vt -0.133851 1.017474
vt -0.126104 1.018659
vt -0.126729 1.021621
vt -0.126523 1.046710
vt -0.134282 1.043906
vt -0.134475 1.020436
vt -0.126104 1.018659
vt -0.133851 1.017474
vt -0.133691 1.036896
vt -0.125932 1.039700
vt -0.126523 1.046710
vt -0.126154 1.069887
vt -0.133937 1.065586
vt -0.134282 1.043906
vt -0.125932 1.039700
vt -0.133691 1.036896
vt -0.133405 1.054835
vt -0.125622 1.059136
vt -0.126154 1.069887
vt -0.125639 1.090139
vt -0.133455 1.084529
vt -0.133937 1.065586
vt -0.125622 1.059136
vt -0.133405 1.054835
vt -0.133004 1.070507
vt -0.125188 1.076116
vt -0.125639 1.090139
vt -0.124999 1.106580
vt -0.132856 1.099907
vt -0.133455 1.084529
vt -0.125188 1.076116
vt -0.133004 1.070507
vt -0.132507 1.083226
vt -0.124650 1.089899
vt -0.124999 1.106580
vt -0.124263 1.118493
vt -0.132166 1.111048
vt -0.132856 1.099907
vt -0.124650 1.089899
vt -0.132507 1.083226
vt -0.131935 1.092438
vt -0.124031 1.099882
vt -0.124263 1.118493
vt -0.123463 1.125356
vt -0.131417 1.117465
vt -0.132166 1.111048
vt -0.124031 1.099882
vt -0.131935 1.092438
vt -0.131313 1.097739
vt -0.123358 1.105630
vt -0.123463 1.125356
vt -0.122634 1.126871
vt -0.130641 1.118878
vt -0.131417 1.117465
vt -0.123358 1.105630
vt -0.131313 1.097739
vt -0.130668 1.098897
vt -0.122661 1.106890
vt -0.122634 1.126871
vt -0.121811 1.122969
vt -0.129871 1.115224
vt -0.130641 1.118878
vt -0.122661 1.106890
vt -0.130668 1.098897
vt -0.130028 1.095863
vt -0.121969 1.103608
vt -0.121811 1.122969
vt -0.121032 1.113823
vt -0.129141 1.106664
vt -0.129871 1.115224
vt -0.121969 1.103608
vt -0.130028 1.095863
vt -0.129422 1.088768
vt -0.121314 1.095927
vt -0.121032 1.113823
vt -0.120330 1.099831
vt -0.128483 1.093571
vt -0.129141 1.106664
vt -0.121314 1.095927
vt -0.129422 1.088768
vt -0.128876 1.077923
vt -0.120723 1.084183
vt -0.120330 1.099831
vt -0.119736 1.081606
vt -0.127927 1.076519
vt -0.128483 1.093571
vt -0.120723 1.084183
vt -0.128876 1.077923
vt -0.128414 1.063802
vt -0.120223 1.068889
vt -0.119736 1.081606
vt -0.119275 1.059943
vt -0.127495 1.056251
vt -0.127927 1.076519
vt -0.120223 1.068889
vt -0.128414 1.063802
vt -0.128055 1.047021
vt -0.119835 1.050713
vt -0.119275 1.059943
vt -0.118969 1.035790
vt -0.127208 1.033654
vt -0.127495 1.056251
vt -0.119835 1.050713
vt -0.128055 1.047021
vt -0.127816 1.028315
vt -0.119577 1.030451
vt -0.118969 1.035790
vt -0.118829 1.010202
vt -0.127077 1.009716
vt -0.127208 1.033654
vt -0.119577 1.030451
vt -0.127816 1.028315
vt -0.127707 1.008501
vt -0.119459 1.008987
vt -0.118829 1.010202
vt -0.118863 0.984297
vt -0.127109 0.985482
vt -0.127077 1.009716
vt -0.119459 1.008987
vt -0.127707 1.008501
vt -0.127733 0.988444
vt -0.119488 0.987260
vt -0.049449 1.007406
vt -0.039559 1.005924
vt -0.037000 1.015632
vt -0.046366 1.019137
vt 0.048460 1.007257
vt 0.045398 1.018992
vt 0.036033 1.015487
vt 0.038570 1.005776
vt -0.046366 1.019137
vt -0.037000 1.015632
vt -0.032392 1.024592
vt -0.040824 1.029968
vt 0.045398 1.018992
vt 0.039921 1.029832
vt 0.031489 1.024457
vt 0.036033 1.015487
vt -0.040824 1.029968
vt -0.032392 1.024592
vt -0.025936 1.032413
vt -0.033067 1.039424
vt 0.039921 1.029832
vt 0.032267 1.039304
vt 0.025136 1.032293
vt 0.031489 1.024457
vt -0.033067 1.039424
vt -0.025936 1.032413
vt -0.017915 1.038752
vt -0.023431 1.047092
vt 0.032267 1.039304
vt 0.022770 1.046993
vt 0.017253 1.038653
vt 0.025136 1.032293
vt -0.023431 1.047092
vt -0.017915 1.038752
vt -0.008678 1.043332
vt -0.012340 1.052638
vt 0.022770 1.046993
vt 0.011845 1.052564
vt 0.008183 1.043258
vt 0.017253 1.038653
vt -0.012340 1.052638
vt -0.008678 1.043332
vt 0.001371 1.045955
vt -0.000277 1.055818
vt 0.011845 1.052564
vt -0.000029 1.055772
vt -0.001676 1.045909
vt 0.008183 1.043258
vt -0.000277 1.055818
vt 0.001371 1.045955
vt 0.011791 1.046504
vt 0.012231 1.056494
vt -0.000029 1.055772
vt -0.012334 1.056478
vt -0.011895 1.046488
vt -0.001676 1.045909
vt 0.012231 1.056494
vt 0.011791 1.046504
vt 0.022129 1.044955
vt 0.024636 1.054636
vt -0.012334 1.056478
vt -0.024532 1.054651
vt -0.022025 1.044971
vt -0.011895 1.046488
vt 0.024636 1.054636
vt 0.022129 1.044955
vt 0.031931 1.041378
vt 0.036396 1.050326
vt -0.024532 1.054651
vt -0.036091 1.050371
vt -0.031626 1.041423
vt -0.022025 1.044971
vt 0.036396 1.050326
vt 0.031931 1.041378
vt 0.040771 1.035927
vt 0.046998 1.043751
vt -0.036091 1.050371
vt -0.046504 1.043825
vt -0.040276 1.036001
vt -0.031626 1.041423
vt 0.046998 1.043751
vt 0.040771 1.035927
vt 0.048260 1.028841
vt 0.055979 1.035200
vt -0.046504 1.043825
vt -0.055317 1.035299
vt -0.047599 1.028940
vt -0.040276 1.036001
vt 0.055979 1.035200
vt 0.048260 1.028841
vt 0.054073 1.020430
vt 0.062945 1.025045
vt -0.055317 1.035299
vt -0.062145 1.025165
vt -0.053273 1.020550
vt -0.047599 1.028940
vt 0.062945 1.025045
vt 0.054073 1.020430
vt 0.057955 1.011062
vt 0.067592 1.013731
vt -0.062145 1.025165
vt -0.066688 1.013866
vt -0.057051 1.011197
vt -0.053273 1.020550
vt 0.067592 1.013731
vt 0.057955 1.011062
vt 0.059736 1.001145
vt 0.069717 1.001752
vt -0.066688 1.013866
vt -0.068750 1.001897
vt -0.058768 1.001290
vt -0.057051 1.011197
vt 0.069717 1.001752
vt 0.059736 1.001145
vt 0.059338 0.991113
vt 0.069228 0.989632
vt -0.068750 1.001897
vt -0.068239 0.989780
vt -0.058349 0.991261
vt -0.058768 1.001290
vt 0.069228 0.989632
vt 0.059338 0.991113
vt 0.056780 0.981405
vt 0.066145 0.977901
vt -0.068239 0.989780
vt -0.065178 0.978045
vt -0.055812 0.981550
vt -0.058349 0.991261
vt 0.066145 0.977901
vt 0.056780 0.981405
vt 0.052172 0.972446
vt 0.060604 0.967070
vt -0.065178 0.978045
vt -0.059700 0.967205
vt -0.051268 0.972581
vt -0.055812 0.981550
vt 0.060604 0.967070
vt 0.052172 0.972446
vt 0.045716 0.964625
vt 0.052846 0.957614
vt -0.059700 0.967205
vt -0.052046 0.957734
vt -0.044916 0.964745
vt -0.051268 0.972581
vt 0.052846 0.957614
vt 0.045716 0.964625
vt 0.037694 0.958286
vt 0.043211 0.949946
vt -0.052046 0.957734
vt -0.042549 0.950045
vt -0.037032 0.958385
vt -0.044916 0.964745
vt 0.043211 0.949946
vt 0.037694 0.958286
vt 0.028457 0.953705
vt 0.032119 0.944400
vt -0.042549 0.950045
vt -0.031625 0.944474
vt -0.027963 0.953779
vt -0.037032 0.958385
vt 0.032119 0.944400
vt 0.028457 0.953705
vt 0.018409 0.951083
vt 0.020056 0.941220
vt -0.031625 0.944474
vt -0.019751 0.941266
vt -0.018103 0.951129
vt -0.027963 0.953779
vt 0.020056 0.941220
vt 0.018409 0.951083
vt 0.007988 0.950534
vt 0.007549 0.940544
vt -0.019751 0.941266
vt -0.007446 0.940559
vt -0.007885 0.950550
vt -0.018103 0.951129
vt 0.007549 0.940544
vt 0.007988 0.950534
vt -0.002349 0.952082
vt -0.004856 0.942402
vt -0.007446 0.940559
vt 0.004753 0.942386
vt 0.002246 0.952067
vt -0.007885 0.950550
vt -0.004856 0.942402
vt -0.002349 0.952082
vt -0.012152 0.955660
vt -0.016617 0.946712
vt 0.004753 0.942386
vt 0.016311 0.946666
vt 0.011846 0.955614
vt 0.002246 0.952067
vt -0.016617 0.946712
vt -0.012152 0.955660
vt -0.020991 0.961111
vt -0.027219 0.953287
vt 0.016311 0.946666
vt 0.026724 0.953213
vt 0.020497 0.961037
vt 0.011846 0.955614
vt -0.027219 0.953287
vt -0.020991 0.961111
vt -0.028481 0.968197
vt -0.036199 0.961838
vt 0.026724 0.953213
vt 0.035537 0.961739
vt 0.027819 0.968098
vt 0.020497 0.961037
vt -0.036199 0.961838
vt -0.028481 0.968197
vt -0.034294 0.976608
vt -0.043165 0.971993
vt 0.035537 0.961739
vt 0.042365 0.971873
vt 0.033494 0.976488
vt 0.027819 0.968098
vt -0.043165 0.971993
vt -0.034294 0.976608
vt -0.038175 0.985976
vt -0.047813 0.983307
vt 0.042365 0.971873
vt 0.046909 0.983171
vt 0.037272 0.985841
vt 0.033494 0.976488
vt -0.047813 0.983307
vt -0.038175 0.985976
vt -0.039956 0.995893
vt -0.049938 0.995285
vt 0.046909 0.983171
vt 0.048971 0.995141
vt 0.038989 0.995748
vt 0.037272 0.985841
vt -0.049938 0.995285
vt -0.039956 0.995893
vt -0.039559 1.005924
vt -0.049449 1.007406
vt 0.048971 0.995141
vt 0.048460 1.007257
vt 0.038570 1.005776
vt 0.038989 0.995748
vt 0.000506 1.049717
vt -0.005329 1.054881
vt -0.005653 1.044945
vt 0.000182 1.039781
vt -0.000140 1.039781
vt 0.005700 1.044939
vt 0.005386 1.054875
vt -0.000454 1.049718
vt -0.005329 1.054892
vt -0.059365 1.054666
vt -0.059690 1.044727
vt -0.005653 1.044954
vt 0.005699 1.044948
vt 0.059735 1.044666
vt 0.059421 1.054605
vt 0.005385 1.054887
vt -0.059365 1.054665
vt -0.063493 1.050820
vt -0.063817 1.040882
vt -0.059689 1.044727
vt 0.059735 1.044666
vt 0.063859 1.040817
vt 0.063545 1.050755
vt 0.059421 1.054604
vt 0.020771 0.964144
vt 0.020994 0.957148
vt 0.027991 0.957371
vt 0.027767 0.964368
vt -0.027767 0.964368
vt -0.027991 0.957371
vt -0.020994 0.957148
vt -0.020771 0.964144
vt -0.019615 1.046000
vt -0.026615 1.046001
vt -0.026617 0.954001
vt -0.019617 0.954000
vt 0.019617 0.954000
vt 0.026617 0.954001
vt 0.026615 1.046001
vt 0.019615 1.046000
vt 0.042911 1.040087
vt 0.029284 0.949101
vt 0.036207 0.948065
vt 0.049833 1.039050
vt -0.049833 1.039050
vt -0.036207 0.948065
vt -0.029284 0.949101
vt -0.042911 1.040087
vt 0.013904 1.044785
vt 0.004214 0.953296
vt 0.009840 0.952700
vt 0.019530 1.044189
vt -0.052038 1.040747
vt -0.042351 0.949259
vt -0.036726 0.949854
vt -0.046413 1.041343
vt 0.046413 1.041343
vt 0.036726 0.949854
vt 0.042351 0.949259
vt 0.052038 1.040747
vt -0.019530 1.044189
vt -0.009840 0.952700
vt -0.004214 0.953296
vt -0.013904 1.044785
vt 0.044735 1.035061
vt 0.051583 1.033611
vt 0.052755 1.039145
vt 0.045907 1.040595
vt 0.025508 0.944279
vt 0.032356 0.942829
vt 0.033528 0.948363
vt 0.026680 0.949813
vt -0.039134 1.008613
vt -0.045982 1.007163
vt -0.044810 1.001628
vt -0.037962 1.003079
vt -0.033454 0.981796
vt -0.040302 0.980345
vt -0.039130 0.974811
vt -0.032282 0.976261
vt -0.019614 1.061166
vt -0.026614 1.061166
vt -0.026614 1.055509
vt -0.019614 1.055509
vt 0.019616 0.998940
vt 0.026616 0.998940
vt 0.026616 1.004597
vt 0.019616 1.004597
vt -0.019618 0.944493
vt -0.026618 0.944493
vt -0.026618 0.938836
vt -0.019618 0.938836
vt 0.019616 0.995405
vt 0.026616 0.995405
vt 0.026616 1.001062
vt 0.019616 1.001061
vt 0.020673 1.061459
vt 0.017192 1.057000
vt 0.022794 1.056215
vt -0.052546 1.032986
vt -0.046944 1.033771
vt -0.050425 1.038230
vt 0.044636 1.020980
vt 0.050252 1.020303
vt 0.048031 1.025505
vt -0.013314 1.010682
vt -0.015535 1.005479
vt -0.009919 1.006157
vt 0.007611 0.939819
vt 0.001995 0.940497
vt 0.004216 0.935295
vt -0.038936 0.950118
vt -0.036714 0.955320
vt -0.042331 0.954643
vt 0.039884 0.963031
vt 0.043365 0.967490
vt 0.037763 0.968275
vt -0.008008 0.991505
vt -0.013610 0.990719
vt -0.010129 0.986260
vt 0.017050 0.924005
vt 0.017273 0.917009
vt 0.024270 0.917232
vt 0.024046 0.924229
vt -0.024046 0.924229
vt -0.024270 0.917232
vt -0.017273 0.917009
vt -0.017050 0.924005
vt -0.014615 1.046000
vt -0.021615 1.046000
vt -0.021617 0.954001
vt -0.014617 0.954000
vt 0.014617 0.954000
vt 0.021617 0.954001
vt 0.021615 1.046000
vt 0.014615 1.046000
vt 0.082469 1.034162
vt 0.068843 0.943177
vt 0.075766 0.942140
vt 0.089392 1.033125
vt -0.089392 1.033125
vt -0.075766 0.942140
vt -0.068843 0.943177
vt -0.082469 1.034162
vt 0.045547 1.041433
vt 0.035857 0.949945
vt 0.041483 0.949349
vt 0.051173 1.040837
vt -0.076649 1.038141
vt -0.066962 0.946653
vt -0.061337 0.947249
vt -0.071024 1.038737
vt 0.071024 1.038737
vt 0.061337 0.947249
vt 0.066962 0.946653
vt 0.076649 1.038141
vt -0.051173 1.040837
vt -0.041483 0.949349
vt -0.035857 0.949945
vt -0.045547 1.041433
vt 0.083135 1.023315
vt 0.089983 1.021864
vt 0.091155 1.027398
vt 0.084307 1.028849
vt 0.065372 0.939450
vt 0.072221 0.937999
vt 0.073393 0.943533
vt 0.066545 0.944984
vt -0.078998 1.003784
vt -0.085847 1.002333
vt -0.084674 0.996799
vt -0.077826 0.998250
vt -0.071854 0.970049
vt -0.078702 0.968599
vt -0.077530 0.963064
vt -0.070681 0.964515
vt -0.014613 1.089450
vt -0.021613 1.089450
vt -0.021613 1.083793
vt -0.014613 1.083793
vt 0.014617 0.970656
vt 0.021617 0.970656
vt 0.021617 0.976313
vt 0.014617 0.976312
vt -0.014619 0.916208
vt -0.021619 0.916209
vt -0.021619 0.910552
vt -0.014619 0.910551
vt 0.014615 1.023689
vt 0.021615 1.023689
vt 0.021615 1.029346
vt 0.014615 1.029346
vt 0.054169 1.071191
vt 0.050687 1.066732
vt 0.056289 1.065947
vt -0.079606 1.047744
vt -0.074003 1.048529
vt -0.077485 1.052988
vt 0.067006 0.999777
vt 0.072622 0.999100
vt 0.070401 1.004302
vt -0.043193 0.992683
vt -0.045414 0.987481
vt -0.039798 0.988159
vt 0.037490 0.921821
vt 0.031874 0.922499
vt 0.034095 0.917296
vt -0.061306 0.928914
vt -0.059085 0.934117
vt -0.064701 0.933439
vt 0.066944 0.977789
vt 0.070425 0.982248
vt 0.064823 0.983033
vt -0.041504 1.001237
vt -0.047106 1.000451
vt -0.043625 0.995992
vt 0.013329 0.883866
vt 0.013552 0.876870
vt 0.020548 0.877093
vt 0.020325 0.884090
vt -0.020325 0.884090
vt -0.020548 0.877093
vt -0.013552 0.876870
vt -0.013329 0.883866
vt -0.009615 1.046000
vt -0.016615 1.046000
vt -0.016617 0.954000
vt -0.009617 0.954000
vt 0.009617 0.954000
vt 0.016617 0.954000
vt 0.016615 1.046000
vt 0.009615 1.046000
vt 0.122028 1.028238
vt 0.108402 0.937252
vt 0.115325 0.936216
vt 0.128951 1.027201
vt -0.128951 1.027201
vt -0.115325 0.936216
vt -0.108402 0.937252
vt -0.122028 1.028238
vt 0.077190 1.038082
vt 0.067500 0.946593
vt 0.073125 0.945998
vt 0.082816 1.037486
vt -0.101260 1.035536
vt -0.091573 0.944047
vt -0.085948 0.944643
vt -0.095635 1.036131
vt 0.095635 1.036131
vt 0.085948 0.944643
vt 0.091573 0.944047
vt 0.101260 1.035536
vt -0.082816 1.037486
vt -0.073125 0.945998
vt -0.067500 0.946593
vt -0.077190 1.038082
vt 0.121534 1.011568
vt 0.128382 1.010118
vt 0.129554 1.015652
vt 0.122706 1.017102
vt 0.105237 0.934620
vt 0.112085 0.933170
vt 0.113257 0.938704
vt 0.106409 0.940155
vt -0.118863 0.998954
vt -0.125711 0.997504
vt -0.124539 0.991970
vt -0.117691 0.993420
vt -0.110253 0.958302
vt -0.117101 0.956852
vt -0.115929 0.951318
vt -0.109081 0.952768
vt -0.009611 1.117734
vt -0.016611 1.117734
vt -0.016612 1.112077
vt -0.009612 1.112077
vt 0.009618 0.942371
vt 0.016618 0.942371
vt 0.016618 0.948028
vt 0.009618 0.948028
vt -0.009620 0.887924
vt -0.016620 0.887924
vt -0.016620 0.882267
vt -0.009620 0.882267
vt 0.009614 1.051973
vt 0.016614 1.051973
vt 0.016614 1.057630
vt 0.009614 1.057630
vt 0.087664 1.080923
vt 0.084183 1.076464
vt 0.089785 1.075678
vt -0.106665 1.062501
vt -0.101063 1.063287
vt -0.104544 1.067746
vt 0.089376 0.978574
vt 0.094992 0.977896
vt 0.092771 0.983099
vt -0.073071 0.974685
vt -0.075293 0.969483
vt -0.069676 0.970160
vt 0.067368 0.903823
vt 0.061752 0.904501
vt 0.063973 0.899298
vt -0.083676 0.907711
vt -0.081455 0.912914
vt -0.087071 0.912236
vt 0.094003 0.992547
vt 0.097484 0.997006
vt 0.091882 0.997791
vt -0.074999 1.010968
vt -0.080601 1.010183
vt -0.077120 1.005724
vt -0.117292 1.042279
vt -0.116910 1.030285
vt -0.110913 1.030477
vt -0.111296 1.042470
vt 0.111296 1.042470
vt 0.110913 1.030477
vt 0.116910 1.030285
vt 0.117292 1.042279
vt 0.115885 1.062997
vt 0.109885 1.062997
vt 0.109882 0.936997
vt 0.115882 0.936997
vt -0.115882 0.936997
vt -0.109882 0.936997
vt -0.109885 1.062997
vt -0.115885 1.062997
vt -0.036162 1.069118
vt -0.054824 0.944508
vt -0.042956 0.942731
vt -0.024294 1.067341
vt 0.024294 1.067341
vt 0.042956 0.942731
vt 0.054824 0.944508
vt 0.036162 1.069118
vt 0.054370 1.057594
vt 0.041098 0.932295
vt 0.043911 0.931997
vt 0.057182 1.057296
vt 0.101574 1.074107
vt 0.114841 0.948807
vt 0.117653 0.949105
vt 0.104387 1.074405
vt -0.100168 1.073958
vt -0.113434 0.948658
vt -0.110622 0.948361
vt -0.097355 1.073660
vt -0.061401 1.056849
vt -0.048130 0.931550
vt -0.045318 0.931848
vt -0.058589 1.057147
vt -0.053043 0.971564
vt -0.041303 0.969078
vt -0.040717 0.971845
vt -0.052457 0.974331
vt -0.037546 1.044731
vt -0.025807 1.042244
vt -0.025221 1.045011
vt -0.036960 1.047498
vt 0.019378 1.130509
vt 0.007639 1.128023
vt 0.008225 1.125256
vt 0.019965 1.127742
vt 0.070038 0.891320
vt 0.058298 0.888834
vt 0.058884 0.886067
vt 0.070624 0.888553
vt 0.115884 1.013430
vt 0.109884 1.013430
vt 0.109884 1.010602
vt 0.115884 1.010602
vt -0.115886 1.067172
vt -0.109886 1.067172
vt -0.109886 1.070000
vt -0.115886 1.070000
vt 0.115883 0.989390
vt 0.109883 0.989390
vt 0.109883 0.986562
vt 0.115883 0.986561
vt -0.115881 0.929992
vt -0.109881 0.929992
vt -0.109881 0.932820
vt -0.115881 0.932820
vt 0.047129 0.980248
vt 0.045388 0.978019
vt 0.048189 0.977626
vt 0.097111 1.091066
vt 0.099912 1.091458
vt 0.098171 1.093688
vt -0.104566 1.029933
vt -0.101757 1.029595
vt -0.102868 1.032196
vt -0.066668 1.104578
vt -0.067779 1.101977
vt -0.064971 1.102316
vt 0.052316 1.009264
vt 0.049508 1.009603
vt 0.050619 1.007002
vt 0.118913 0.934619
vt 0.120024 0.937220
vt 0.117216 0.936882
vt -0.107684 0.995259
vt -0.105944 0.997489
vt -0.108745 0.997881
vt -0.036552 0.884442
vt -0.039353 0.884049
vt -0.037612 0.881820
vt -0.115857 0.997302
vt -0.115474 0.985308
vt -0.109477 0.985500
vt -0.109860 0.997493
vt 0.109860 0.997493
vt 0.109477 0.985500
vt 0.115474 0.985308
vt 0.115857 0.997302
vt 0.115885 1.062997
vt 0.109885 1.062997
vt 0.109882 0.936997
vt 0.115882 0.936997
vt -0.115882 0.936997
vt -0.109882 0.936997
vt -0.109885 1.062997
vt -0.115885 1.062997
vt 0.008342 1.062453
vt -0.010320 0.937843
vt 0.001548 0.936066
vt 0.020210 1.060676
vt -0.020210 1.060676
vt -0.001548 0.936066
vt 0.010320 0.937843
vt -0.008342 1.062453
vt 0.086012 1.054242
vt 0.072741 0.928943
vt 0.075554 0.928645
vt 0.088825 1.053944
vt 0.069931 1.070756
vt 0.083198 0.945457
vt 0.086011 0.945755
vt 0.072744 1.071054
vt -0.068525 1.070608
vt -0.081791 0.945308
vt -0.078979 0.945010
vt -0.065712 1.070310
vt -0.093044 1.053498
vt -0.079773 0.928198
vt -0.076960 0.928496
vt -0.090231 1.053795
vt -0.009019 0.962241
vt 0.002720 0.959754
vt 0.003306 0.962521
vt -0.008433 0.965008
vt 0.006477 1.035407
vt 0.018217 1.032920
vt 0.018803 1.035687
vt 0.007063 1.038174
vt -0.024645 1.121185
vt -0.036384 1.118698
vt -0.035798 1.115931
vt -0.024059 1.118418
vt 0.026014 0.881996
vt 0.014275 0.879510
vt 0.014861 0.876743
vt 0.026600 0.879229
vt 0.115886 1.045250
vt 0.109886 1.045250
vt 0.109885 1.042422
vt 0.115885 1.042422
vt -0.115885 1.035352
vt -0.109885 1.035352
vt -0.109885 1.038180
vt -0.115885 1.038180
vt 0.115882 0.957570
vt 0.109882 0.957570
vt 0.109882 0.954742
vt 0.115882 0.954742
vt -0.115882 0.961811
vt -0.109882 0.961812
vt -0.109882 0.964640
vt -0.115882 0.964640
vt 0.081192 0.994023
vt 0.079451 0.991793
vt 0.082252 0.991400
vt 0.063049 1.104842
vt 0.065850 1.105234
vt 0.064109 1.107464
vt -0.075175 1.007883
vt -0.072367 1.007545
vt -0.073478 1.010146
vt -0.096058 1.082527
vt -0.097168 1.079926
vt -0.094360 1.080264
vt 0.081706 0.987213
vt 0.078898 0.987552
vt 0.080008 0.984951
vt 0.089523 0.912569
vt 0.090634 0.915170
vt 0.087825 0.914832
vt -0.073623 1.009035
vt -0.071882 1.011265
vt -0.074683 1.011657
vt -0.070614 0.898217
vt -0.073415 0.897824
vt -0.071674 0.895595
vt -0.114421 0.952325
vt -0.114038 0.940331
vt -0.108041 0.940522
vt -0.108424 0.952516
vt 0.108424 0.952516
vt 0.108041 0.940522
vt 0.114038 0.940331
vt 0.114421 0.952325
vt 0.115885 1.062997
vt 0.109885 1.062997
vt 0.109882 0.936997
vt 0.115882 0.936997
vt -0.115882 0.936997
vt -0.109882 0.936997
vt -0.109885 1.062997
vt -0.115885 1.062997
vt 0.052846 1.055788
vt 0.034184 0.931178
vt 0.046051 0.929401
vt 0.064713 1.054011
vt -0.064713 1.054011
vt -0.046051 0.929401
vt -0.034184 0.931178
vt -0.052846 1.055788
vt 0.117655 1.050891
vt 0.104384 0.925592
vt 0.107197 0.925294
vt 0.120468 1.050593
vt 0.038288 1.067406
vt 0.051555 0.942106
vt 0.054368 0.942404
vt 0.041101 1.067704
vt -0.036882 1.067257
vt -0.050149 0.941958
vt -0.047336 0.941660
vt -0.034069 1.066959
vt -0.124687 1.050146
vt -0.111416 0.924847
vt -0.108603 0.925145
vt -0.121874 1.050444
vt 0.035004 0.952917
vt 0.046744 0.950431
vt 0.047330 0.953198
vt 0.035590 0.955684
vt 0.050500 1.026082
vt 0.062240 1.023596
vt 0.062826 1.026363
vt 0.051086 1.028849
vt -0.068668 1.111861
vt -0.080408 1.109374
vt -0.079822 1.106607
vt -0.068082 1.109094
vt -0.018009 0.872672
vt -0.029749 0.870186
vt -0.029163 0.867419
vt -0.017423 0.869905
vt 0.115887 1.077070
vt 0.109887 1.077070
vt 0.109887 1.074242
vt 0.115887 1.074241
vt -0.115884 1.003532
vt -0.109884 1.003532
vt -0.109884 1.006361
vt -0.115884 1.006360
vt 0.115881 0.925750
vt 0.109881 0.925750
vt 0.109881 0.922922
vt 0.115881 0.922922
vt -0.115883 0.993631
vt -0.109883 0.993631
vt -0.109884 0.996460
vt -0.115884 0.996460
vt 0.115254 1.007797
vt 0.113513 1.005568
vt 0.116315 1.005175
vt 0.028987 1.118618
vt 0.031788 1.119011
vt 0.030048 1.121240
vt -0.045785 0.985833
vt -0.042977 0.985495
vt -0.044087 0.988096
vt -0.125447 1.060475
vt -0.126558 1.057874
vt -0.123750 1.058213
vt 0.111095 0.965162
vt 0.108287 0.965501
vt 0.109398 0.962899
vt 0.060133 0.890519
vt 0.061243 0.893120
vt 0.058435 0.892782
vt -0.039561 1.022812
vt -0.037820 1.025041
vt -0.040621 1.025434
vt -0.104677 0.911991
vt -0.107478 0.911599
vt -0.105737 0.909369
vt -0.112985 0.907348
vt -0.112602 0.895354
vt -0.106605 0.895545
vt -0.106988 0.907539
vt 0.106988 0.907539
vt 0.106605 0.895545
vt 0.112602 0.895354
vt 0.112985 0.907348
vt 0.115885 1.062997
vt 0.109885 1.062997
vt 0.109882 0.936997
vt 0.115882 0.936997
vt -0.115882 0.936997
vt -0.109882 0.936997
vt -0.109885 1.062997
vt -0.115885 1.062997
vt 0.097349 1.049123
vt 0.078687 0.924513
vt 0.090555 0.922736
vt 0.109217 1.047346
vt -0.109217 1.047346
vt -0.090555 0.922736
vt -0.078687 0.924513
vt -0.097349 1.049123
vt 0.149298 1.047539
vt 0.136027 0.922240
vt 0.138840 0.921942
vt 0.152111 1.047242
vt 0.006645 1.064056
vt 0.019912 0.938756
vt 0.022725 0.939054
vt 0.009458 1.064354
vt -0.005239 1.063907
vt -0.018506 0.938607
vt -0.015693 0.938309
vt -0.002426 1.063609
vt -0.156330 1.046795
vt -0.143059 0.921495
vt -0.140246 0.921793
vt -0.153517 1.047093
vt 0.079028 0.943593
vt 0.090767 0.941107
vt 0.091353 0.943874
vt 0.079614 0.946360
vt 0.094524 1.016758
vt 0.106263 1.014272
vt 0.106849 1.017039
vt 0.095110 1.019525
vt -0.112692 1.102537
vt -0.124431 1.100050
vt -0.123845 1.097283
vt -0.112106 1.099769
vt -0.062033 0.863349
vt -0.073772 0.860862
vt -0.073186 0.858095
vt -0.061447 0.860582
vt 0.115888 1.108890
vt 0.109888 1.108890
vt 0.109888 1.106061
vt 0.115888 1.106061
vt -0.115883 0.971712
vt -0.109883 0.971712
vt -0.109883 0.974541
vt -0.115883 0.974541
vt 0.115880 0.893930
vt 0.109880 0.893931
vt 0.109880 0.891102
vt 0.115880 0.891102
vt -0.115885 1.025451
vt -0.109885 1.025451
vt -0.109885 1.028280
vt -0.115885 1.028279
vt 0.149317 1.021572
vt 0.147576 1.019343
vt 0.150377 1.018950
vt -0.005075 1.132394
vt -0.002274 1.132787
vt -0.004014 1.135016
vt -0.016394 0.963783
vt -0.013586 0.963445
vt -0.014697 0.966046
vt -0.154836 1.038424
vt -0.155947 1.035823
vt -0.153139 1.036162
vt 0.140485 0.943111
vt 0.137677 0.943449
vt 0.138787 0.940848
vt 0.030742 0.868469
vt 0.031853 0.871070
vt 0.029045 0.870731
vt -0.005499 1.036588
vt -0.003758 1.038817
vt -0.006559 1.039210
vt -0.138739 0.925766
vt -0.141540 0.925373
vt -0.139800 0.923144
vt -0.111549 0.862371
vt -0.111166 0.850377
vt -0.105169 0.850568
vt -0.105552 0.862562
vt 0.105552 0.862562
vt 0.105169 0.850568
vt 0.111166 0.850377
vt 0.111549 0.862371
vt 0.115885 1.062997
vt 0.109885 1.062997
vt 0.109882 0.936997
vt 0.115882 0.936997
vt -0.115882 0.936997
vt -0.109882 0.936997
vt -0.109885 1.062997
vt -0.115885 1.062997
vt 0.141853 1.042458
vt 0.123191 0.917848
vt 0.135059 0.916071
vt 0.153721 1.040681
vt -0.153721 1.040681
vt -0.135059 0.916071
vt -0.123191 0.917848
vt -0.141853 1.042458
vt 0.180941 1.044188
vt 0.167670 0.918889
vt 0.170482 0.918591
vt 0.183754 1.043890
vt -0.024998 1.060705
vt -0.011731 0.935406
vt -0.008918 0.935704
vt -0.022185 1.061003
vt 0.026404 1.060557
vt 0.013137 0.935257
vt 0.015950 0.934959
vt 0.029217 1.060259
vt -0.187973 1.043443
vt -0.174701 0.918144
vt -0.171889 0.918442
vt -0.185160 1.043741
vt 0.123051 0.934269
vt 0.134791 0.931783
vt 0.135377 0.934550
vt 0.123637 0.937037
vt 0.138547 1.007434
vt 0.150287 1.004948
vt 0.150873 1.007715
vt 0.139133 1.010201
vt -0.156715 1.093212
vt -0.168455 1.090726
vt -0.167869 1.087959
vt -0.156129 1.090445
vt -0.106056 0.854025
vt -0.117796 0.851539
vt -0.117210 0.848772
vt -0.105470 0.851258
vt 0.115890 1.140709
vt 0.109890 1.140710
vt 0.109889 1.137881
vt 0.115889 1.137881
vt -0.115882 0.939892
vt -0.109882 0.939893
vt -0.109882 0.942721
vt -0.115882 0.942721
vt 0.115879 0.862111
vt 0.109879 0.862111
vt 0.109879 0.859282
vt 0.115879 0.859282
vt -0.115886 1.057271
vt -0.109886 1.057271
vt -0.109886 1.060099
vt -0.115886 1.060099
vt 0.183379 1.035347
vt 0.181639 1.033117
vt 0.184440 1.032725
vt -0.039137 1.146170
vt -0.036336 1.146563
vt -0.038076 1.148792
vt 0.012996 0.941733
vt 0.015804 0.941394
vt 0.014693 0.943996
vt -0.184226 1.016373
vt -0.185336 1.013772
vt -0.182528 1.014110
vt 0.169874 0.921059
vt 0.167066 0.921398
vt 0.168177 0.918797
vt 0.001352 0.846419
vt 0.002462 0.849020
vt -0.000346 0.848681
vt 0.028563 1.050364
vt 0.030304 1.052593
vt 0.027503 1.052986
vt -0.172802 0.939541
vt -0.175603 0.939148
vt -0.173862 0.936919
vt -0.110113 0.817394
vt -0.109730 0.805400
vt -0.103733 0.805591
vt -0.104116 0.817585
vt 0.104116 0.817585
vt 0.103733 0.805591
vt 0.109730 0.805400
vt 0.110113 0.817394
vt 0.115885 1.062997
vt 0.109885 1.062997
vt 0.109882 0.936997
vt 0.115882 0.936997
vt -0.115882 0.936997
vt -0.109882 0.936997
vt -0.109885 1.062997
vt -0.115885 1.062997
vt 0.186357 1.035793
vt 0.167695 0.911183
vt 0.179562 0.909406
vt 0.198224 1.034016
vt -0.198224 1.034016
vt -0.179562 0.909406
vt -0.167695 0.911183
vt -0.186357 1.035793
vt 0.212584 1.040836
vt 0.199313 0.915537
vt 0.202125 0.915239
vt 0.215396 1.040539
vt -0.056641 1.057355
vt -0.043374 0.932055
vt -0.040561 0.932353
vt -0.053828 1.057653
vt 0.058047 1.057206
vt 0.044780 0.931907
vt 0.047593 0.931609
vt 0.060860 1.056908
vt -0.219615 1.040092
vt -0.206344 0.914793
vt -0.203532 0.915091
vt -0.216803 1.040390
vt 0.167075 0.924946
vt 0.178814 0.922459
vt 0.179400 0.925226
vt 0.167661 0.927713
vt 0.182571 0.998110
vt 0.194310 0.995623
vt 0.194896 0.998390
vt 0.183157 1.000877
vt -0.200738 1.083888
vt -0.212478 1.081402
vt -0.211892 1.078635
vt -0.200152 1.081121
vt -0.150080 0.844701
vt -0.161819 0.842215
vt -0.161233 0.839448
vt -0.149494 0.841934
vt 0.115891 1.172529
vt 0.109891 1.172529
vt 0.109891 1.169701
vt 0.115891 1.169701
vt -0.115881 0.908073
vt -0.109881 0.908073
vt -0.109881 0.910901
vt -0.115881 0.910901
vt 0.115879 0.830291
vt 0.109879 0.830291
vt 0.109878 0.827463
vt 0.115878 0.827462
vt -0.115887 1.089091
vt -0.109887 1.089091
vt -0.109888 1.091919
vt -0.115888 1.091919
vt 0.217442 1.049122
vt 0.215701 1.046892
vt 0.218502 1.046499
vt -0.073199 1.159946
vt -0.070398 1.160339
vt -0.072138 1.162568
vt 0.042386 0.919683
vt 0.045194 0.919344
vt 0.044084 0.921946
vt -0.213615 0.994322
vt -0.214726 0.991720
vt -0.211918 0.992059
vt 0.199264 0.899008
vt 0.196456 0.899347
vt 0.197566 0.896746
vt -0.028039 0.824369
vt -0.026928 0.826970
vt -0.029736 0.826631
vt 0.062625 1.064140
vt 0.064366 1.066369
vt 0.061565 1.066762
vt -0.206864 0.953316
vt -0.209665 0.952923
vt -0.207925 0.950693
vt -0.108677 0.772416
vt -0.108295 0.760423
vt -0.102298 0.760614
vt -0.102680 0.772608
vt 0.102680 0.772608
vt 0.102298 0.760614
vt 0.108295 0.760423
vt 0.108677 0.772416
vt 0.115885 1.062997
vt 0.109885 1.062997
vt 0.109882 0.936997
vt 0.115882 0.936997
vt -0.115882 0.936997
vt -0.109882 0.936997
vt -0.109885 1.062997
vt -0.115885 1.062997
vt 0.230860 1.029128
vt 0.212199 0.904518
vt 0.224066 0.902741
vt 0.242728 1.027351
vt -0.242728 1.027351
vt -0.224066 0.902741
vt -0.212199 0.904518
vt -0.230860 1.029128
vt 0.244226 1.037485
vt 0.230955 0.912186
vt 0.233768 0.911888
vt 0.247039 1.037187
vt -0.088284 1.054005
vt -0.075017 0.928705
vt -0.072204 0.929003
vt -0.085471 1.054302
vt 0.089690 1.053856
vt 0.076423 0.928556
vt 0.079236 0.928258
vt 0.092503 1.053558
vt -0.251258 1.036740
vt -0.237987 0.911441
vt -0.235174 0.911739
vt -0.248446 1.037038
vt 0.211098 0.915622
vt 0.222838 0.913136
vt 0.223424 0.915903
vt 0.211684 0.918389
vt 0.226594 0.988786
vt 0.238334 0.986299
vt 0.238920 0.989066
vt 0.227180 0.991553
vt -0.244762 1.074564
vt -0.256501 1.072078
vt -0.255915 1.069310
vt -0.244176 1.071797
vt -0.194103 0.835378
vt -0.205843 0.832891
vt -0.205257 0.830124
vt -0.193517 0.832610
vt 0.115892 1.204349
vt 0.109892 1.204349
vt 0.109892 1.201521
vt 0.115892 1.201521
vt -0.115880 0.876253
vt -0.109880 0.876253
vt -0.109880 0.879081
vt -0.115880 0.879081
vt 0.115878 0.798471
vt 0.109878 0.798471
vt 0.109877 0.795643
vt 0.115877 0.795643
vt -0.115889 1.120910
vt -0.109889 1.120911
vt -0.109889 1.123739
vt -0.115889 1.123739
vt 0.251504 1.062896
vt 0.249764 1.060667
vt 0.252565 1.060274
vt -0.107261 1.173723
vt -0.104460 1.174115
vt -0.106200 1.176345
vt 0.071777 0.897633
vt 0.074585 0.897294
vt 0.073474 0.899896
vt -0.243005 0.972270
vt -0.244115 0.969669
vt -0.241307 0.970008
vt 0.228653 0.876957
vt 0.225845 0.877295
vt 0.226956 0.874694
vt -0.057429 0.802319
vt -0.056318 0.804920
vt -0.059126 0.804581
vt 0.096687 1.077916
vt 0.098428 1.080146
vt 0.095627 1.080538
vt -0.240927 0.967090
vt -0.243728 0.966698
vt -0.241987 0.964468
usemtl Surface_2
f 4/4 2/2 1/1
usemtl Surface_2
f 3/3 2/2 4/4
usemtl Surface_2
f 8/8 6/6 5/5
usemtl Surface_2
f 7/7 6/6 8/8
usemtl Surface_2
f 12/12 10/10 9/9
usemtl Surface_2
f 11/11 10/10 12/12
usemtl Surface_2
f 16/16 14/14 13/13
usemtl Surface_2
f 15/15 14/14 16/16
usemtl Surface_2
f 20/20 18/18 17/17
usemtl Surface_2
f 19/19 18/18 20/20
usemtl Surface_2
f 24/24 22/22 21/21
usemtl Surface_2
f 23/23 22/22 24/24
usemtl Surface_2
f 28/28 26/26 25/25
usemtl Surface_2
f 27/27 26/26 28/28
usemtl Surface_2
f 32/32 30/30 29/29
usemtl Surface_2
f 31/31 30/30 32/32
usemtl Surface_2
f 36/36 34/34 33/33
usemtl Surface_2
f 35/35 34/34 36/36
usemtl Surface_2
f 40/40 38/38 37/37
usemtl Surface_2
f 39/39 38/38 40/40
usemtl Surface_2
f 44/44 42/42 41/41
usemtl Surface_2
f 43/43 42/42 44/44
usemtl Surface_2
f 48/48 46/46 45/45
usemtl Surface_2
f 47/47 46/46 48/48
usemtl Surface_2
f 52/52 50/50 49/49
usemtl Surface_2
f 51/51 50/50 52/52
usemtl Surface_2
f 56/56 54/54 53/53
usemtl Surface_2
f 55/55 54/54 56/56
usemtl Surface_2
f 60/60 58/58 57/57
usemtl Surface_2
f 59/59 58/58 60/60
usemtl Surface_2
f 64/64 62/62 61/61
usemtl Surface_2
f 63/63 62/62 64/64
usemtl Surface_2
f 68/68 66/66 65/65
usemtl Surface_2
f 67/67 66/66 68/68
usemtl Surface_2
f 72/72 70/70 69/69
usemtl Surface_2
f 71/71 70/70 72/72
usemtl Surface_2
f 73/73 75/75 74/74
usemtl Surface_2
f 76/76 78/78 77/77
usemtl Surface_2
f 79/79 81/81 80/80
usemtl Surface_2
f 82/82 84/84 83/83
usemtl Surface_2
f 85/85 87/87 86/86
usemtl Surface_2
f 88/88 90/90 89/89
usemtl Surface_2
f 91/91 93/93 92/92
usemtl Surface_2
f 94/94 96/96 95/95
usemtl Surface_0
f 100/100 98/98 97/97
usemtl Surface_0
f 99/99 98/98 100/100
usemtl Surface_0
f 104/104 102/102 101/101
usemtl Surface_0
f 103/103 102/102 104/104
usemtl Surface_0
f 108/108 106/106 105/105
usemtl Surface_0
f 107/107 106/106 108/108
usemtl Surface_0
f 112/112 110/110 109/109
usemtl Surface_0
f 111/111 110/110 112/112
usemtl Surface_0
f 116/116 114/114 113/113
usemtl Surface_0
f 115/115 114/114 116/116
usemtl Surface_0
f 120/120 118/118 117/117
usemtl Surface_0
f 119/119 118/118 120/120
usemtl Surface_0
f 124/124 122/122 121/121
usemtl Surface_0
f 123/123 122/122 124/124
usemtl Surface_0
f 128/128 126/126 125/125
usemtl Surface_0
f 127/127 126/126 128/128
usemtl Surface_0
f 132/132 130/130 129/129
usemtl Surface_0
f 131/131 130/130 132/132
usemtl Surface_0
f 136/136 134/134 133/133
usemtl Surface_0
f 135/135 134/134 136/136
usemtl Surface_0
f 140/140 138/138 137/137
usemtl Surface_0
f 139/139 138/138 140/140
usemtl Surface_0
f 144/144 142/142 141/141
usemtl Surface_0
f 143/143 142/142 144/144
usemtl Surface_0
f 148/148 146/146 145/145
usemtl Surface_0
f 147/147 146/146 148/148
usemtl Surface_0
f 152/152 150/150 149/149
usemtl Surface_0
f 151/151 150/150 152/152
usemtl Surface_0
f 156/156 154/154 153/153
usemtl Surface_0
f 155/155 154/154 156/156
usemtl Surface_0
f 160/160 158/158 157/157
usemtl Surface_0
f 159/159 158/158 160/160
usemtl Surface_0
f 164/164 162/162 161/161
usemtl Surface_0
f 163/163 162/162 164/164
usemtl Surface_0
f 168/168 166/166 165/165
usemtl Surface_0
f 167/167 166/166 168/168
usemtl Surface_0
f 169/169 171/171 170/170
usemtl Surface_0
f 172/172 174/174 173/173
usemtl Surface_0
f 175/175 177/177 176/176
usemtl Surface_0
f 178/178 180/180 179/179
usemtl Surface_0
f 181/181 183/183 182/182
usemtl Surface_0
f 184/184 186/186 185/185
usemtl Surface_0
f 187/187 189/189 188/188
usemtl Surface_0
f 190/190 192/192 191/191
usemtl Surface_0
f 196/196 194/194 193/193
usemtl Surface_0
f 195/195 194/194 196/196
usemtl Surface_0
f 200/200 198/198 197/197
usemtl Surface_0
f 199/199 198/198 200/200
usemtl Surface_0
f 204/204 202/202 201/201
usemtl Surface_0
f 203/203 202/202 204/204
usemtl Surface_0
f 208/208 206/206 205/205
usemtl Surface_0
f 207/207 206/206 208/208
usemtl Surface_0
f 212/212 210/210 209/209
usemtl Surface_0
f 211/211 210/210 212/212
usemtl Surface_0
f 216/216 214/214 213/213
usemtl Surface_0
f 215/215 214/214 216/216
usemtl Surface_0
f 220/220 218/218 217/217
usemtl Surface_0
f 219/219 218/218 220/220
usemtl Surface_0
f 224/224 222/222 221/221
usemtl Surface_0
f 223/223 222/222 224/224
usemtl Surface_0
f 228/228 226/226 225/225
usemtl Surface_0
f 227/227 226/226 228/228
usemtl Surface_0
f 232/232 230/230 229/229
usemtl Surface_0
f 231/231 230/230 232/232
usemtl Surface_0
f 236/236 234/234 233/233
usemtl Surface_0
f 235/235 234/234 236/236
usemtl Surface_0
f 240/240 238/238 237/237
usemtl Surface_0
f 239/239 238/238 240/240
usemtl Surface_0
f 244/244 242/242 241/241
usemtl Surface_0
f 243/243 242/242 244/244
usemtl Surface_0
f 248/248 246/246 245/245
usemtl Surface_0
f 247/247 246/246 248/248
usemtl Surface_0
f 252/252 250/250 249/249
usemtl Surface_0
f 251/251 250/250 252/252
usemtl Surface_0
f 256/256 254/254 253/253
usemtl Surface_0
f 255/255 254/254 256/256
usemtl Surface_0
f 260/260 258/258 257/257
usemtl Surface_0
f 259/259 258/258 260/260
usemtl Surface_0
f 264/264 262/262 261/261
usemtl Surface_0
f 263/263 262/262 264/264
usemtl Surface_0
f 265/265 267/267 266/266
usemtl Surface_0
f 268/268 270/270 269/269
usemtl Surface_0
f 271/271 273/273 272/272
usemtl Surface_0
f 274/274 276/276 275/275
usemtl Surface_0
f 277/277 279/279 278/278
usemtl Surface_0
f 280/280 282/282 281/281
usemtl Surface_0
f 283/283 285/285 284/284
usemtl Surface_0
f 286/286 288/288 287/287
usemtl Surface_0
f 296/296 290/290 289/289
usemtl Surface_0
f 295/295 290/290 296/296
usemtl Surface_0
f 294/294 290/290 295/295
usemtl Surface_0
f 293/293 290/290 294/294
usemtl Surface_0
f 292/292 290/290 293/293
usemtl Surface_0
f 291/291 290/290 292/292
usemtl Surface_0
f 304/304 298/298 297/297
usemtl Surface_0
f 303/303 298/298 304/304
usemtl Surface_0
f 302/302 298/298 303/303
usemtl Surface_0
f 301/301 298/298 302/302
usemtl Surface_0
f 300/300 298/298 301/301
usemtl Surface_0
f 299/299 298/298 300/300
usemtl Surface_0
f 308/308 306/306 305/305
usemtl Surface_0
f 307/307 306/306 308/308
usemtl Surface_4
f 312/312 310/310 309/309
usemtl Surface_4
f 311/311 310/310 312/312
usemtl Surface_0
f 316/316 314/314 313/313
usemtl Surface_0
f 315/315 314/314 316/316
usemtl Surface_4
f 320/320 318/318 317/317
usemtl Surface_4
f 319/319 318/318 320/320
usemtl Surface_0
f 324/324 322/322 321/321
usemtl Surface_0
f 323/323 322/322 324/324
usemtl Surface_4
f 328/328 326/326 325/325
usemtl Surface_4
f 327/327 326/326 328/328
usemtl Surface_0
f 332/332 330/330 329/329
usemtl Surface_0
f 331/331 330/330 332/332
usemtl Surface_4
f 336/336 334/334 333/333
usemtl Surface_4
f 335/335 334/334 336/336
usemtl Surface_0
f 340/340 338/338 337/337
usemtl Surface_0
f 339/339 338/338 340/340
usemtl Surface_4
f 344/344 342/342 341/341
usemtl Surface_4
f 343/343 342/342 344/344
usemtl Surface_0
f 348/348 346/346 345/345
usemtl Surface_0
f 347/347 346/346 348/348
usemtl Surface_4
f 352/352 350/350 349/349
usemtl Surface_4
f 351/351 350/350 352/352
usemtl Surface_0
f 356/356 354/354 353/353
usemtl Surface_0
f 355/355 354/354 356/356
usemtl Surface_4
f 360/360 358/358 357/357
usemtl Surface_4
f 359/359 358/358 360/360
usemtl Surface_0
f 364/364 362/362 361/361
usemtl Surface_0
f 363/363 362/362 364/364
usemtl Surface_4
f 368/368 366/366 365/365
usemtl Surface_4
f 367/367 366/366 368/368
usemtl Surface_1
f 372/372 370/370 369/369
usemtl Surface_1
f 371/371 370/370 372/372
usemtl Surface_0
f 376/376 374/374 373/373
usemtl Surface_0
f 375/375 374/374 376/376
usemtl Surface_1
f 380/380 378/378 377/377
usemtl Surface_1
f 379/379 378/378 380/380
usemtl Surface_0
f 384/384 382/382 381/381
usemtl Surface_0
f 383/383 382/382 384/384
usemtl Surface_1
f 388/388 386/386 385/385
usemtl Surface_1
f 387/387 386/386 388/388
usemtl Surface_0
f 392/392 390/390 389/389
usemtl Surface_0
f 391/391 390/390 392/392
usemtl Surface_1
f 396/396 394/394 393/393
usemtl Surface_1
f 395/395 394/394 396/396
usemtl Surface_0
f 400/400 398/398 397/397
usemtl Surface_0
f 399/399 398/398 400/400
usemtl Surface_1
f 404/404 402/402 401/401
usemtl Surface_1
f 403/403 402/402 404/404
usemtl Surface_0
f 408/408 406/406 405/405
usemtl Surface_0
f 407/407 406/406 408/408
usemtl Surface_1
f 412/412 410/410 409/409
usemtl Surface_1
f 411/411 410/410 412/412
usemtl Surface_0
f 416/416 414/414 413/413
usemtl Surface_0
f 415/415 414/414 416/416
usemtl Surface_1
f 420/420 418/418 417/417
usemtl Surface_1
f 419/419 418/418 420/420
usemtl Surface_0
f 424/424 422/422 421/421
usemtl Surface_0
f 423/423 422/422 424/424
usemtl Surface_1
f 428/428 426/426 425/425
usemtl Surface_1
f 427/427 426/426 428/428
usemtl Surface_0
f 432/432 430/430 429/429
usemtl Surface_0
f 431/431 430/430 432/432
usemtl Surface_1
f 436/436 434/434 433/433
usemtl Surface_1
f 435/435 434/434 436/436
usemtl Surface_0
f 440/440 438/438 437/437
usemtl Surface_0
f 439/439 438/438 440/440
usemtl Surface_1
f 444/444 442/442 441/441
usemtl Surface_1
f 443/443 442/442 444/444
usemtl Surface_0
f 448/448 446/446 445/445
usemtl Surface_0
f 447/447 446/446 448/448
usemtl Surface_1
f 452/452 450/450 449/449
usemtl Surface_1
f 451/451 450/450 452/452
usemtl Surface_0
f 456/456 454/454 453/453
usemtl Surface_0
f 455/455 454/454 456/456
usemtl Surface_1
f 460/460 458/458 457/457
usemtl Surface_1
f 459/459 458/458 460/460
usemtl Surface_0
f 464/464 462/462 461/461
usemtl Surface_0
f 463/463 462/462 464/464
usemtl Surface_1
f 468/468 466/466 465/465
usemtl Surface_1
f 467/467 466/466 468/468
usemtl Surface_0
f 472/472 470/470 469/469
usemtl Surface_0
f 471/471 470/470 472/472
usemtl Surface_1
f 476/476 474/474 473/473
usemtl Surface_1
f 475/475 474/474 476/476
usemtl Surface_0
f 480/480 478/478 477/477
usemtl Surface_0
f 479/479 478/478 480/480
usemtl Surface_1
f 484/484 482/482 481/481
usemtl Surface_1
f 483/483 482/482 484/484
usemtl Surface_0
f 488/488 486/486 485/485
usemtl Surface_0
f 487/487 486/486 488/488
usemtl Surface_1
f 492/492 490/490 489/489
usemtl Surface_1
f 491/491 490/490 492/492
usemtl Surface_0
f 496/496 494/494 493/493
usemtl Surface_0
f 495/495 494/494 496/496
usemtl Surface_1
f 500/500 498/498 497/497
usemtl Surface_1
f 499/499 498/498 500/500
usemtl Surface_0
f 504/504 502/502 501/501
usemtl Surface_0
f 503/503 502/502 504/504
usemtl Surface_1
f 508/508 506/506 505/505
usemtl Surface_1
f 507/507 506/506 508/508
usemtl Surface_0
f 512/512 510/510 509/509
usemtl Surface_0
f 511/511 510/510 512/512
usemtl Surface_1
f 516/516 514/514 513/513
usemtl Surface_1
f 515/515 514/514 516/516
usemtl Surface_0
f 520/520 518/518 517/517
usemtl Surface_0
f 519/519 518/518 520/520
usemtl Surface_1
f 524/524 522/522 521/521
usemtl Surface_1
f 523/523 522/522 524/524
usemtl Surface_0
f 528/528 526/526 525/525
usemtl Surface_0
f 527/527 526/526 528/528
usemtl Surface_1
f 532/532 530/530 529/529
usemtl Surface_1
f 531/531 530/530 532/532
usemtl Surface_0
f 536/536 534/534 533/533
usemtl Surface_0
f 535/535 534/534 536/536
usemtl Surface_1
f 540/540 538/538 537/537
usemtl Surface_1
f 539/539 538/538 540/540
usemtl Surface_0
f 544/544 542/542 541/541
usemtl Surface_0
f 543/543 542/542 544/544
usemtl Surface_1
f 548/548 546/546 545/545
usemtl Surface_1
f 547/547 546/546 548/548
usemtl Surface_0
f 552/552 550/550 549/549
usemtl Surface_0
f 551/551 550/550 552/552
usemtl Surface_1
f 556/556 554/554 553/553
usemtl Surface_1
f 555/555 554/554 556/556
usemtl Surface_0
f 560/560 558/558 557/557
usemtl Surface_0
f 559/559 558/558 560/560
usemtl Surface_1
f 564/564 562/562 561/561
usemtl Surface_1
f 563/563 562/562 564/564
usemtl Surface_0
f 568/568 566/566 565/565
usemtl Surface_0
f 567/567 566/566 568/568
usemtl Surface_1
f 572/572 570/570 569/569
usemtl Surface_1
f 571/571 570/570 572/572
usemtl Surface_0
f 576/576 574/574 573/573
usemtl Surface_0
f 575/575 574/574 576/576
usemtl Surface_1
f 580/580 578/578 577/577
usemtl Surface_1
f 579/579 578/578 580/580
usemtl Surface_0
f 584/584 582/582 581/581
usemtl Surface_0
f 583/583 582/582 584/584
usemtl Surface_1
f 588/588 586/586 585/585
usemtl Surface_1
f 587/587 586/586 588/588
usemtl Surface_0
f 592/592 590/590 589/589
usemtl Surface_0
f 591/591 590/590 592/592
usemtl Surface_1
f 596/596 594/594 593/593
usemtl Surface_1
f 595/595 594/594 596/596
usemtl Surface_0
f 600/600 598/598 597/597
usemtl Surface_0
f 599/599 598/598 600/600
usemtl Surface_1
f 604/604 602/602 601/601
usemtl Surface_1
f 603/603 602/602 604/604
usemtl Surface_0
f 608/608 606/606 605/605
usemtl Surface_0
f 607/607 606/606 608/608
usemtl Surface_0
f 612/612 610/610 609/609
usemtl Surface_0
f 611/611 610/610 612/612
usemtl Surface_0
f 616/616 614/614 613/613
usemtl Surface_0
f 615/615 614/614 616/616
usemtl Surface_0
f 620/620 618/618 617/617
usemtl Surface_0
f 619/619 618/618 620/620
usemtl Surface_0
f 624/624 622/622 621/621
usemtl Surface_0
f 623/623 622/622 624/624
usemtl Surface_0
f 628/628 626/626 625/625
usemtl Surface_0
f 627/627 626/626 628/628
usemtl Surface_0
f 632/632 630/630 629/629
usemtl Surface_0
f 631/631 630/630 632/632
usemtl Surface_0
f 636/636 634/634 633/633
usemtl Surface_0
f 635/635 634/634 636/636
usemtl Surface_0
f 640/640 638/638 637/637
usemtl Surface_0
f 639/639 638/638 640/640
usemtl Surface_0
f 644/644 642/642 641/641
usemtl Surface_0
f 643/643 642/642 644/644
usemtl Surface_0
f 648/648 646/646 645/645
usemtl Surface_0
f 647/647 646/646 648/648
usemtl Surface_0
f 652/652 650/650 649/649
usemtl Surface_0
f 651/651 650/650 652/652
usemtl Surface_0
f 656/656 654/654 653/653
usemtl Surface_0
f 655/655 654/654 656/656
usemtl Surface_0
f 660/660 658/658 657/657
usemtl Surface_0
f 659/659 658/658 660/660
usemtl Surface_0
f 664/664 662/662 661/661
usemtl Surface_0
f 663/663 662/662 664/664
usemtl Surface_0
f 668/668 666/666 665/665
usemtl Surface_0
f 667/667 666/666 668/668
usemtl Surface_0
f 672/672 670/670 669/669
usemtl Surface_0
f 671/671 670/670 672/672
usemtl Surface_0
f 676/676 674/674 673/673
usemtl Surface_0
f 675/675 674/674 676/676
usemtl Surface_0
f 680/680 678/678 677/677
usemtl Surface_0
f 679/679 678/678 680/680
usemtl Surface_0
f 684/684 682/682 681/681
usemtl Surface_0
f 683/683 682/682 684/684
usemtl Surface_0
f 688/688 686/686 685/685
usemtl Surface_0
f 687/687 686/686 688/688
usemtl Surface_0
f 692/692 690/690 689/689
usemtl Surface_0
f 691/691 690/690 692/692
usemtl Surface_0
f 696/696 694/694 693/693
usemtl Surface_0
f 695/695 694/694 696/696
usemtl Surface_0
f 700/700 698/698 697/697
usemtl Surface_0
f 699/699 698/698 700/700
usemtl Surface_0
f 704/704 702/702 701/701
usemtl Surface_0
f 703/703 702/702 704/704
usemtl Surface_0
f 708/708 706/706 705/705
usemtl Surface_0
f 707/707 706/706 708/708
usemtl Surface_0
f 712/712 710/710 709/709
usemtl Surface_0
f 711/711 710/710 712/712
usemtl Surface_0
f 716/716 714/714 713/713
usemtl Surface_0
f 715/715 714/714 716/716
usemtl Surface_0
f 720/720 718/718 717/717
usemtl Surface_0
f 719/719 718/718 720/720
usemtl Surface_0
f 724/724 722/722 721/721
usemtl Surface_0
f 723/723 722/722 724/724
usemtl Surface_0
f 728/728 726/726 725/725
usemtl Surface_0
f 727/727 726/726 728/728
usemtl Surface_0
f 732/732 730/730 729/729
usemtl Surface_0
f 731/731 730/730 732/732
usemtl Surface_0
f 736/736 734/734 733/733
usemtl Surface_0
f 735/735 734/734 736/736
usemtl Surface_0
f 740/740 738/738 737/737
usemtl Surface_0
f 739/739 738/738 740/740
usemtl Surface_0
f 744/744 742/742 741/741
usemtl Surface_0
f 743/743 742/742 744/744
usemtl Surface_0
f 748/748 746/746 745/745
usemtl Surface_0
f 747/747 746/746 748/748
usemtl Surface_0
f 752/752 750/750 749/749
usemtl Surface_0
f 751/751 750/750 752/752
usemtl Surface_0
f 756/756 754/754 753/753
usemtl Surface_0
f 755/755 754/754 756/756
usemtl Surface_0
f 760/760 758/758 757/757
usemtl Surface_0
f 759/759 758/758 760/760
usemtl Surface_0
f 764/764 762/762 761/761
usemtl Surface_0
f 763/763 762/762 764/764
usemtl Surface_0
f 768/768 766/766 765/765
usemtl Surface_0
f 767/767 766/766 768/768
usemtl Surface_0
f 772/772 770/770 769/769
usemtl Surface_0
f 771/771 770/770 772/772
usemtl Surface_0
f 776/776 774/774 773/773
usemtl Surface_0
f 775/775 774/774 776/776
usemtl Surface_0
f 780/780 778/778 777/777
usemtl Surface_0
f 779/779 778/778 780/780
usemtl Surface_0
f 784/784 782/782 781/781
usemtl Surface_0
f 783/783 782/782 784/784
usemtl Surface_0
f 788/788 786/786 785/785
usemtl Surface_0
f 787/787 786/786 788/788
usemtl Surface_0
f 792/792 790/790 789/789
usemtl Surface_0
f 791/791 790/790 792/792
usemtl Surface_0
f 796/796 794/794 793/793
usemtl Surface_0
f 795/795 794/794 796/796
usemtl Surface_0
f 800/800 798/798 797/797
usemtl Surface_0
f 799/799 798/798 800/800
usemtl Surface_0
f 804/804 802/802 801/801
usemtl Surface_0
f 803/803 802/802 804/804
usemtl Surface_0
f 808/808 806/806 805/805
usemtl Surface_0
f 807/807 806/806 808/808
usemtl Surface_0
f 812/812 810/810 809/809
usemtl Surface_0
f 811/811 810/810 812/812
usemtl Surface_0
f 816/816 814/814 813/813
usemtl Surface_0
f 815/815 814/814 816/816
usemtl Surface_0
f 820/820 818/818 817/817
usemtl Surface_0
f 819/819 818/818 820/820
usemtl Surface_0
f 824/824 822/822 821/821
usemtl Surface_0
f 823/823 822/822 824/824
usemtl Surface_0
f 828/828 826/826 825/825
usemtl Surface_0
f 827/827 826/826 828/828
usemtl Surface_0
f 832/832 830/830 829/829
usemtl Surface_0
f 831/831 830/830 832/832
usemtl Surface_0
f 836/836 834/834 833/833
usemtl Surface_0
f 835/835 834/834 836/836
usemtl Surface_0
f 840/840 838/838 837/837
usemtl Surface_0
f 839/839 838/838 840/840
usemtl Surface_0
f 844/844 842/842 841/841
usemtl Surface_0
f 843/843 842/842 844/844
usemtl Surface_0
f 848/848 846/846 845/845
usemtl Surface_0
f 847/847 846/846 848/848
usemtl Surface_1
f 852/852 850/850 849/849
usemtl Surface_1
f 851/851 850/850 852/852
usemtl Surface_0
f 856/856 854/854 853/853
usemtl Surface_0
f 855/855 854/854 856/856
usemtl Surface_1
f 860/860 858/858 857/857
usemtl Surface_1
f 859/859 858/858 860/860
usemtl Surface_0
f 864/864 862/862 861/861
usemtl Surface_0
f 863/863 862/862 864/864
usemtl Surface_1
f 868/868 866/866 865/865
usemtl Surface_1
f 867/867 866/866 868/868
usemtl Surface_0
f 872/872 870/870 869/869
usemtl Surface_0
f 871/871 870/870 872/872
usemtl Surface_1
f 876/876 874/874 873/873
usemtl Surface_1
f 875/875 874/874 876/876
usemtl Surface_0
f 880/880 878/878 877/877
usemtl Surface_0
f 879/879 878/878 880/880
usemtl Surface_1
f 884/884 882/882 881/881
usemtl Surface_1
f 883/883 882/882 884/884
usemtl Surface_0
f 888/888 886/886 885/885
usemtl Surface_0
f 887/887 886/886 888/888
usemtl Surface_1
f 892/892 890/890 889/889
usemtl Surface_1
f 891/891 890/890 892/892
usemtl Surface_0
f 896/896 894/894 893/893
usemtl Surface_0
f 895/895 894/894 896/896
usemtl Surface_1
f 900/900 898/898 897/897
usemtl Surface_1
f 899/899 898/898 900/900
usemtl Surface_0
f 904/904 902/902 901/901
usemtl Surface_0
f 903/903 902/902 904/904
usemtl Surface_1
f 908/908 906/906 905/905
usemtl Surface_1
f 907/907 906/906 908/908
usemtl Surface_0
f 912/912 910/910 909/909
usemtl Surface_0
f 911/911 910/910 912/912
usemtl Surface_1
f 916/916 914/914 913/913
usemtl Surface_1
f 915/915 914/914 916/916
usemtl Surface_0
f 920/920 918/918 917/917
usemtl Surface_0
f 919/919 918/918 920/920
usemtl Surface_1
f 924/924 922/922 921/921
usemtl Surface_1
f 923/923 922/922 924/924
usemtl Surface_0
f 928/928 926/926 925/925
usemtl Surface_0
f 927/927 926/926 928/928
usemtl Surface_1
f 932/932 930/930 929/929
usemtl Surface_1
f 931/931 930/930 932/932
usemtl Surface_0
f 936/936 934/934 933/933
usemtl Surface_0
f 935/935 934/934 936/936
usemtl Surface_1
f 940/940 938/938 937/937
usemtl Surface_1
f 939/939 938/938 940/940
usemtl Surface_0
f 944/944 942/942 941/941
usemtl Surface_0
f 943/943 942/942 944/944
usemtl Surface_1
f 948/948 946/946 945/945
usemtl Surface_1
f 947/947 946/946 948/948
usemtl Surface_0
f 952/952 950/950 949/949
usemtl Surface_0
f 951/951 950/950 952/952
usemtl Surface_1
f 956/956 954/954 953/953
usemtl Surface_1
f 955/955 954/954 956/956
usemtl Surface_0
f 960/960 958/958 957/957
usemtl Surface_0
f 959/959 958/958 960/960
usemtl Surface_1
f 964/964 962/962 961/961
usemtl Surface_1
f 963/963 962/962 964/964
usemtl Surface_0
f 968/968 966/966 965/965
usemtl Surface_0
f 967/967 966/966 968/968
usemtl Surface_1
f 972/972 970/970 969/969
usemtl Surface_1
f 971/971 970/970 972/972
usemtl Surface_0
f 976/976 974/974 973/973
usemtl Surface_0
f 975/975 974/974 976/976
usemtl Surface_1
f 980/980 978/978 977/977
usemtl Surface_1
f 979/979 978/978 980/980
usemtl Surface_0
f 984/984 982/982 981/981
usemtl Surface_0
f 983/983 982/982 984/984
usemtl Surface_1
f 988/988 986/986 985/985
usemtl Surface_1
f 987/987 986/986 988/988
usemtl Surface_0
f 992/992 990/990 989/989
usemtl Surface_0
f 991/991 990/990 992/992
usemtl Surface_1
f 996/996 994/994 993/993
usemtl Surface_1
f 995/995 994/994 996/996
usemtl Surface_0
f 1000/1000 998/998 997/997
usemtl Surface_0
f 999/999 998/998 1000/1000
usemtl Surface_1
f 1004/1004 1002/1002 1001/1001
usemtl Surface_1
f 1003/1003 1002/1002 1004/1004
usemtl Surface_0
f 1008/1008 1006/1006 1005/1005
usemtl Surface_0
f 1007/1007 1006/1006 1008/1008
usemtl Surface_1
f 1012/1012 1010/1010 1009/1009
usemtl Surface_1
f 1011/1011 1010/1010 1012/1012
usemtl Surface_0
f 1016/1016 1014/1014 1013/1013
usemtl Surface_0
f 1015/1015 1014/1014 1016/1016
usemtl Surface_1
f 1020/1020 1018/1018 1017/1017
usemtl Surface_1
f 1019/1019 1018/1018 1020/1020
usemtl Surface_0
f 1024/1024 1022/1022 1021/1021
usemtl Surface_0
f 1023/1023 1022/1022 1024/1024
usemtl Surface_1
f 1028/1028 1026/1026 1025/1025
usemtl Surface_1
f 1027/1027 1026/1026 1028/1028
usemtl Surface_0
f 1032/1032 1030/1030 1029/1029
usemtl Surface_0
f 1031/1031 1030/1030 1032/1032
usemtl Surface_1
f 1036/1036 1034/1034 1033/1033
usemtl Surface_1
f 1035/1035 1034/1034 1036/1036
usemtl Surface_0
f 1040/1040 1038/1038 1037/1037
usemtl Surface_0
f 1039/1039 1038/1038 1040/1040
usemtl Surface_1
f 1044/1044 1042/1042 1041/1041
usemtl Surface_1
f 1043/1043 1042/1042 1044/1044
usemtl Surface_0
f 1048/1048 1046/1046 1045/1045
usemtl Surface_0
f 1047/1047 1046/1046 1048/1048
usemtl Surface_1
f 1052/1052 1050/1050 1049/1049
usemtl Surface_1
f 1051/1051 1050/1050 1052/1052
usemtl Surface_0
f 1056/1056 1054/1054 1053/1053
usemtl Surface_0
f 1055/1055 1054/1054 1056/1056
usemtl Surface_1
f 1060/1060 1058/1058 1057/1057
usemtl Surface_1
f 1059/1059 1058/1058 1060/1060
usemtl Surface_0
f 1064/1064 1062/1062 1061/1061
usemtl Surface_0
f 1063/1063 1062/1062 1064/1064
usemtl Surface_1
f 1068/1068 1066/1066 1065/1065
usemtl Surface_1
f 1067/1067 1066/1066 1068/1068
usemtl Surface_0
f 1072/1072 1070/1070 1069/1069
usemtl Surface_0
f 1071/1071 1070/1070 1072/1072
usemtl Surface_1
f 1076/1076 1074/1074 1073/1073
usemtl Surface_1
f 1075/1075 1074/1074 1076/1076
usemtl Surface_0
f 1080/1080 1078/1078 1077/1077
usemtl Surface_0
f 1079/1079 1078/1078 1080/1080
usemtl Surface_1
f 1084/1084 1082/1082 1081/1081
usemtl Surface_1
f 1083/1083 1082/1082 1084/1084
usemtl Surface_0
f 1088/1088 1086/1086 1085/1085
usemtl Surface_0
f 1087/1087 1086/1086 1088/1088
usemtl Surface_1
f 1092/1092 1090/1090 1089/1089
usemtl Surface_1
f 1091/1091 1090/1090 1092/1092
usemtl Surface_1
f 1096/1096 1094/1094 1093/1093
usemtl Surface_1
f 1095/1095 1094/1094 1096/1096
usemtl Surface_1
f 1100/1100 1098/1098 1097/1097
usemtl Surface_1
f 1099/1099 1098/1098 1100/1100
usemtl Surface_1
f 1104/1104 1102/1102 1101/1101
usemtl Surface_1
f 1103/1103 1102/1102 1104/1104
usemtl Surface_1
f 1108/1108 1106/1106 1105/1105
usemtl Surface_1
f 1107/1107 1106/1106 1108/1108
usemtl Surface_1
f 1112/1112 1110/1110 1109/1109
usemtl Surface_1
f 1111/1111 1110/1110 1112/1112
usemtl Surface_1
f 1116/1116 1114/1114 1113/1113
usemtl Surface_1
f 1115/1115 1114/1114 1116/1116
usemtl Surface_1
f 1120/1120 1118/1118 1117/1117
usemtl Surface_1
f 1119/1119 1118/1118 1120/1120
usemtl Surface_1
f 1124/1124 1122/1122 1121/1121
usemtl Surface_1
f 1123/1123 1122/1122 1124/1124
usemtl Surface_1
f 1128/1128 1126/1126 1125/1125
usemtl Surface_1
f 1127/1127 1126/1126 1128/1128
usemtl Surface_1
f 1132/1132 1130/1130 1129/1129
usemtl Surface_1
f 1131/1131 1130/1130 1132/1132
usemtl Surface_1
f 1136/1136 1134/1134 1133/1133
usemtl Surface_1
f 1135/1135 1134/1134 1136/1136
usemtl Surface_1
f 1140/1140 1138/1138 1137/1137
usemtl Surface_1
f 1139/1139 1138/1138 1140/1140
usemtl Surface_1
f 1144/1144 1142/1142 1141/1141
usemtl Surface_1
f 1143/1143 1142/1142 1144/1144
usemtl Surface_1
f 1148/1148 1146/1146 1145/1145
usemtl Surface_1
f 1147/1147 1146/1146 1148/1148
usemtl Surface_1
f 1152/1152 1150/1150 1149/1149
usemtl Surface_1
f 1151/1151 1150/1150 1152/1152
usemtl Surface_1
f 1156/1156 1154/1154 1153/1153
usemtl Surface_1
f 1155/1155 1154/1154 1156/1156
usemtl Surface_1
f 1160/1160 1158/1158 1157/1157
usemtl Surface_1
f 1159/1159 1158/1158 1160/1160
usemtl Surface_1
f 1164/1164 1162/1162 1161/1161
usemtl Surface_1
f 1163/1163 1162/1162 1164/1164
usemtl Surface_1
f 1168/1168 1166/1166 1165/1165
usemtl Surface_1
f 1167/1167 1166/1166 1168/1168
usemtl Surface_1
f 1172/1172 1170/1170 1169/1169
usemtl Surface_1
f 1171/1171 1170/1170 1172/1172
usemtl Surface_1
f 1176/1176 1174/1174 1173/1173
usemtl Surface_1
f 1175/1175 1174/1174 1176/1176
usemtl Surface_1
f 1180/1180 1178/1178 1177/1177
usemtl Surface_1
f 1179/1179 1178/1178 1180/1180
usemtl Surface_1
f 1184/1184 1182/1182 1181/1181
usemtl Surface_1
f 1183/1183 1182/1182 1184/1184
usemtl Surface_1
f 1188/1188 1186/1186 1185/1185
usemtl Surface_1
f 1187/1187 1186/1186 1188/1188
usemtl Surface_1
f 1192/1192 1190/1190 1189/1189
usemtl Surface_1
f 1191/1191 1190/1190 1192/1192
usemtl Surface_1
f 1196/1196 1194/1194 1193/1193
usemtl Surface_1
f 1195/1195 1194/1194 1196/1196
usemtl Surface_1
f 1200/1200 1198/1198 1197/1197
usemtl Surface_1
f 1199/1199 1198/1198 1200/1200
usemtl Surface_1
f 1204/1204 1202/1202 1201/1201
usemtl Surface_1
f 1203/1203 1202/1202 1204/1204
usemtl Surface_1
f 1208/1208 1206/1206 1205/1205
usemtl Surface_1
f 1207/1207 1206/1206 1208/1208
usemtl Surface_1
f 1212/1212 1210/1210 1209/1209
usemtl Surface_1
f 1211/1211 1210/1210 1212/1212
usemtl Surface_1
f 1216/1216 1214/1214 1213/1213
usemtl Surface_1
f 1215/1215 1214/1214 1216/1216
usemtl Surface_1
f 1220/1220 1218/1218 1217/1217
usemtl Surface_1
f 1219/1219 1218/1218 1220/1220
usemtl Surface_1
f 1224/1224 1222/1222 1221/1221
usemtl Surface_1
f 1223/1223 1222/1222 1224/1224
usemtl Surface_1
f 1228/1228 1226/1226 1225/1225
usemtl Surface_1
f 1227/1227 1226/1226 1228/1228
usemtl Surface_1
f 1232/1232 1230/1230 1229/1229
usemtl Surface_1
f 1231/1231 1230/1230 1232/1232
usemtl Surface_1
f 1236/1236 1234/1234 1233/1233
usemtl Surface_1
f 1235/1235 1234/1234 1236/1236
usemtl Surface_1
f 1240/1240 1238/1238 1237/1237
usemtl Surface_1
f 1239/1239 1238/1238 1240/1240
usemtl Surface_1
f 1244/1244 1242/1242 1241/1241
usemtl Surface_1
f 1243/1243 1242/1242 1244/1244
usemtl Surface_1
f 1248/1248 1246/1246 1245/1245
usemtl Surface_1
f 1247/1247 1246/1246 1248/1248
usemtl Surface_1
f 1252/1252 1250/1250 1249/1249
usemtl Surface_1
f 1251/1251 1250/1250 1252/1252
usemtl Surface_1
f 1256/1256 1254/1254 1253/1253
usemtl Surface_1
f 1255/1255 1254/1254 1256/1256
usemtl Surface_1
f 1260/1260 1258/1258 1257/1257
usemtl Surface_1
f 1259/1259 1258/1258 1260/1260
usemtl Surface_1
f 1264/1264 1262/1262 1261/1261
usemtl Surface_1
f 1263/1263 1262/1262 1264/1264
usemtl Surface_1
f 1268/1268 1266/1266 1265/1265
usemtl Surface_1
f 1267/1267 1266/1266 1268/1268
usemtl Surface_1
f 1272/1272 1270/1270 1269/1269
usemtl Surface_1
f 1271/1271 1270/1270 1272/1272
usemtl Surface_1
f 1276/1276 1274/1274 1273/1273
usemtl Surface_1
f 1275/1275 1274/1274 1276/1276
usemtl Surface_1
f 1280/1280 1278/1278 1277/1277
usemtl Surface_1
f 1279/1279 1278/1278 1280/1280
usemtl Surface_1
f 1284/1284 1282/1282 1281/1281
usemtl Surface_1
f 1283/1283 1282/1282 1284/1284
usemtl Surface_1
f 1288/1288 1286/1286 1285/1285
usemtl Surface_1
f 1287/1287 1286/1286 1288/1288
usemtl Surface_1
f 1292/1292 1290/1290 1289/1289
usemtl Surface_1
f 1291/1291 1290/1290 1292/1292
usemtl Surface_1
f 1296/1296 1294/1294 1293/1293
usemtl Surface_1
f 1295/1295 1294/1294 1296/1296
usemtl Surface_1
f 1300/1300 1298/1298 1297/1297
usemtl Surface_1
f 1299/1299 1298/1298 1300/1300
usemtl Surface_1
f 1304/1304 1302/1302 1301/1301
usemtl Surface_1
f 1303/1303 1302/1302 1304/1304
usemtl Surface_1
f 1308/1308 1306/1306 1305/1305
usemtl Surface_1
f 1307/1307 1306/1306 1308/1308
usemtl Surface_1
f 1312/1312 1310/1310 1309/1309
usemtl Surface_1
f 1311/1311 1310/1310 1312/1312
usemtl Surface_1
f 1316/1316 1314/1314 1313/1313
usemtl Surface_1
f 1315/1315 1314/1314 1316/1316
usemtl Surface_1
f 1320/1320 1318/1318 1317/1317
usemtl Surface_1
f 1319/1319 1318/1318 1320/1320
usemtl Surface_1
f 1324/1324 1322/1322 1321/1321
usemtl Surface_1
f 1323/1323 1322/1322 1324/1324
usemtl Surface_1
f 1328/1328 1326/1326 1325/1325
usemtl Surface_1
f 1327/1327 1326/1326 1328/1328
usemtl Surface_1
f 1332/1332 1330/1330 1329/1329
usemtl Surface_1
f 1331/1331 1330/1330 1332/1332
usemtl Surface_1
f 1336/1336 1334/1334 1333/1333
usemtl Surface_1
f 1335/1335 1334/1334 1336/1336
usemtl Surface_1
f 1340/1340 1338/1338 1337/1337
usemtl Surface_1
f 1339/1339 1338/1338 1340/1340
usemtl Surface_1
f 1344/1344 1342/1342 1341/1341
usemtl Surface_1
f 1343/1343 1342/1342 1344/1344
usemtl Surface_1
f 1348/1348 1346/1346 1345/1345
usemtl Surface_1
f 1347/1347 1346/1346 1348/1348
usemtl Surface_1
f 1352/1352 1350/1350 1349/1349
usemtl Surface_1
f 1351/1351 1350/1350 1352/1352
usemtl Surface_2
f 1356/1356 1354/1354 1353/1353
usemtl Surface_2
f 1355/1355 1354/1354 1356/1356
usemtl Surface_2
f 1360/1360 1358/1358 1357/1357
usemtl Surface_2
f 1359/1359 1358/1358 1360/1360
usemtl Surface_2
f 1364/1364 1362/1362 1361/1361
usemtl Surface_2
f 1363/1363 1362/1362 1364/1364
usemtl Surface_2
f 1368/1368 1366/1366 1365/1365
usemtl Surface_2
f 1367/1367 1366/1366 1368/1368
usemtl Surface_2
f 1372/1372 1370/1370 1369/1369
usemtl Surface_2
f 1371/1371 1370/1370 1372/1372
usemtl Surface_2
f 1376/1376 1374/1374 1373/1373
usemtl Surface_2
f 1375/1375 1374/1374 1376/1376
usemtl Surface_2
f 1380/1380 1378/1378 1377/1377
usemtl Surface_2
f 1379/1379 1378/1378 1380/1380
usemtl Surface_2
f 1384/1384 1382/1382 1381/1381
usemtl Surface_2
f 1383/1383 1382/1382 1384/1384
usemtl Surface_2
f 1388/1388 1386/1386 1385/1385
usemtl Surface_2
f 1387/1387 1386/1386 1388/1388
usemtl Surface_2
f 1392/1392 1390/1390 1389/1389
usemtl Surface_2
f 1391/1391 1390/1390 1392/1392
usemtl Surface_2
f 1396/1396 1394/1394 1393/1393
usemtl Surface_2
f 1395/1395 1394/1394 1396/1396
usemtl Surface_2
f 1400/1400 1398/1398 1397/1397
usemtl Surface_2
f 1399/1399 1398/1398 1400/1400
usemtl Surface_2
f 1404/1404 1402/1402 1401/1401
usemtl Surface_2
f 1403/1403 1402/1402 1404/1404
usemtl Surface_2
f 1408/1408 1406/1406 1405/1405
usemtl Surface_2
f 1407/1407 1406/1406 1408/1408
usemtl Surface_2
f 1412/1412 1410/1410 1409/1409
usemtl Surface_2
f 1411/1411 1410/1410 1412/1412
usemtl Surface_2
f 1416/1416 1414/1414 1413/1413
usemtl Surface_2
f 1415/1415 1414/1414 1416/1416
usemtl Surface_2
f 1420/1420 1418/1418 1417/1417
usemtl Surface_2
f 1419/1419 1418/1418 1420/1420
usemtl Surface_2
f 1424/1424 1422/1422 1421/1421
usemtl Surface_2
f 1423/1423 1422/1422 1424/1424
usemtl Surface_2
f 1425/1425 1427/1427 1426/1426
usemtl Surface_2
f 1428/1428 1430/1430 1429/1429
usemtl Surface_2
f 1431/1431 1433/1433 1432/1432
usemtl Surface_2
f 1434/1434 1436/1436 1435/1435
usemtl Surface_2
f 1437/1437 1439/1439 1438/1438
usemtl Surface_2
f 1440/1440 1442/1442 1441/1441
usemtl Surface_2
f 1443/1443 1445/1445 1444/1444
usemtl Surface_2
f 1446/1446 1448/1448 1447/1447
usemtl Surface_2
f 1452/1452 1450/1450 1449/1449
usemtl Surface_2
f 1451/1451 1450/1450 1452/1452
usemtl Surface_2
f 1456/1456 1454/1454 1453/1453
usemtl Surface_2
f 1455/1455 1454/1454 1456/1456
usemtl Surface_2
f 1460/1460 1458/1458 1457/1457
usemtl Surface_2
f 1459/1459 1458/1458 1460/1460
usemtl Surface_2
f 1464/1464 1462/1462 1461/1461
usemtl Surface_2
f 1463/1463 1462/1462 1464/1464
usemtl Surface_2
f 1468/1468 1466/1466 1465/1465
usemtl Surface_2
f 1467/1467 1466/1466 1468/1468
usemtl Surface_2
f 1472/1472 1470/1470 1469/1469
usemtl Surface_2
f 1471/1471 1470/1470 1472/1472
usemtl Surface_2
f 1476/1476 1474/1474 1473/1473
usemtl Surface_2
f 1475/1475 1474/1474 1476/1476
usemtl Surface_2
f 1480/1480 1478/1478 1477/1477
usemtl Surface_2
f 1479/1479 1478/1478 1480/1480
usemtl Surface_2
f 1484/1484 1482/1482 1481/1481
usemtl Surface_2
f 1483/1483 1482/1482 1484/1484
usemtl Surface_2
f 1488/1488 1486/1486 1485/1485
usemtl Surface_2
f 1487/1487 1486/1486 1488/1488
usemtl Surface_2
f 1492/1492 1490/1490 1489/1489
usemtl Surface_2
f 1491/1491 1490/1490 1492/1492
usemtl Surface_2
f 1496/1496 1494/1494 1493/1493
usemtl Surface_2
f 1495/1495 1494/1494 1496/1496
usemtl Surface_2
f 1500/1500 1498/1498 1497/1497
usemtl Surface_2
f 1499/1499 1498/1498 1500/1500
usemtl Surface_2
f 1504/1504 1502/1502 1501/1501
usemtl Surface_2
f 1503/1503 1502/1502 1504/1504
usemtl Surface_2
f 1508/1508 1506/1506 1505/1505
usemtl Surface_2
f 1507/1507 1506/1506 1508/1508
usemtl Surface_2
f 1512/1512 1510/1510 1509/1509
usemtl Surface_2
f 1511/1511 1510/1510 1512/1512
usemtl Surface_2
f 1516/1516 1514/1514 1513/1513
usemtl Surface_2
f 1515/1515 1514/1514 1516/1516
usemtl Surface_2
f 1520/1520 1518/1518 1517/1517
usemtl Surface_2
f 1519/1519 1518/1518 1520/1520
usemtl Surface_2
f 1521/1521 1523/1523 1522/1522
usemtl Surface_2
f 1524/1524 1526/1526 1525/1525
usemtl Surface_2
f 1527/1527 1529/1529 1528/1528
usemtl Surface_2
f 1530/1530 1532/1532 1531/1531
usemtl Surface_2
f 1533/1533 1535/1535 1534/1534
usemtl Surface_2
f 1536/1536 1538/1538 1537/1537
usemtl Surface_2
f 1539/1539 1541/1541 1540/1540
usemtl Surface_2
f 1542/1542 1544/1544 1543/1543
usemtl Surface_2
f 1548/1548 1546/1546 1545/1545
usemtl Surface_2
f 1547/1547 1546/1546 1548/1548
usemtl Surface_2
f 1552/1552 1550/1550 1549/1549
usemtl Surface_2
f 1551/1551 1550/1550 1552/1552
usemtl Surface_2
f 1556/1556 1554/1554 1553/1553
usemtl Surface_2
f 1555/1555 1554/1554 1556/1556
usemtl Surface_2
f 1560/1560 1558/1558 1557/1557
usemtl Surface_2
f 1559/1559 1558/1558 1560/1560
usemtl Surface_2
f 1564/1564 1562/1562 1561/1561
usemtl Surface_2
f 1563/1563 1562/1562 1564/1564
usemtl Surface_2
f 1568/1568 1566/1566 1565/1565
usemtl Surface_2
f 1567/1567 1566/1566 1568/1568
usemtl Surface_2
f 1572/1572 1570/1570 1569/1569
usemtl Surface_2
f 1571/1571 1570/1570 1572/1572
usemtl Surface_2
f 1576/1576 1574/1574 1573/1573
usemtl Surface_2
f 1575/1575 1574/1574 1576/1576
usemtl Surface_2
f 1580/1580 1578/1578 1577/1577
usemtl Surface_2
f 1579/1579 1578/1578 1580/1580
usemtl Surface_2
f 1584/1584 1582/1582 1581/1581
usemtl Surface_2
f 1583/1583 1582/1582 1584/1584
usemtl Surface_2
f 1588/1588 1586/1586 1585/1585
usemtl Surface_2
f 1587/1587 1586/1586 1588/1588
usemtl Surface_2
f 1592/1592 1590/1590 1589/1589
usemtl Surface_2
f 1591/1591 1590/1590 1592/1592
usemtl Surface_2
f 1596/1596 1594/1594 1593/1593
usemtl Surface_2
f 1595/1595 1594/1594 1596/1596
usemtl Surface_2
f 1600/1600 1598/1598 1597/1597
usemtl Surface_2
f 1599/1599 1598/1598 1600/1600
usemtl Surface_2
f 1604/1604 1602/1602 1601/1601
usemtl Surface_2
f 1603/1603 1602/1602 1604/1604
usemtl Surface_2
f 1608/1608 1606/1606 1605/1605
usemtl Surface_2
f 1607/1607 1606/1606 1608/1608
usemtl Surface_2
f 1612/1612 1610/1610 1609/1609
usemtl Surface_2
f 1611/1611 1610/1610 1612/1612
usemtl Surface_2
f 1616/1616 1614/1614 1613/1613
usemtl Surface_2
f 1615/1615 1614/1614 1616/1616
usemtl Surface_2
f 1617/1617 1619/1619 1618/1618
usemtl Surface_2
f 1620/1620 1622/1622 1621/1621
usemtl Surface_2
f 1623/1623 1625/1625 1624/1624
usemtl Surface_2
f 1626/1626 1628/1628 1627/1627
usemtl Surface_2
f 1629/1629 1631/1631 1630/1630
usemtl Surface_2
f 1632/1632 1634/1634 1633/1633
usemtl Surface_2
f 1635/1635 1637/1637 1636/1636
usemtl Surface_2
f 1638/1638 1640/1640 1639/1639
usemtl Surface_4
f 1644/1644 1642/1642 1641/1641
usemtl Surface_4
f 1643/1643 1642/1642 1644/1644
usemtl Surface_4
f 1648/1648 1646/1646 1645/1645
usemtl Surface_4
f 1647/1647 1646/1646 1648/1648
usemtl Surface_4
f 1652/1652 1650/1650 1649/1649
usemtl Surface_4
f 1651/1651 1650/1650 1652/1652
usemtl Surface_4
f 1656/1656 1654/1654 1653/1653
usemtl Surface_4
f 1655/1655 1654/1654 1656/1656
usemtl Surface_4
f 1660/1660 1658/1658 1657/1657
usemtl Surface_4
f 1659/1659 1658/1658 1660/1660
usemtl Surface_4
f 1664/1664 1662/1662 1661/1661
usemtl Surface_4
f 1663/1663 1662/1662 1664/1664
usemtl Surface_4
f 1668/1668 1666/1666 1665/1665
usemtl Surface_4
f 1667/1667 1666/1666 1668/1668
usemtl Surface_4
f 1672/1672 1670/1670 1669/1669
usemtl Surface_4
f 1671/1671 1670/1670 1672/1672
usemtl Surface_4
f 1676/1676 1674/1674 1673/1673
usemtl Surface_4
f 1675/1675 1674/1674 1676/1676
usemtl Surface_4
f 1680/1680 1678/1678 1677/1677
usemtl Surface_4
f 1679/1679 1678/1678 1680/1680
usemtl Surface_4
f 1684/1684 1682/1682 1681/1681
usemtl Surface_4
f 1683/1683 1682/1682 1684/1684
usemtl Surface_4
f 1688/1688 1686/1686 1685/1685
usemtl Surface_4
f 1687/1687 1686/1686 1688/1688
usemtl Surface_4
f 1692/1692 1690/1690 1689/1689
usemtl Surface_4
f 1691/1691 1690/1690 1692/1692
usemtl Surface_4
f 1696/1696 1694/1694 1693/1693
usemtl Surface_4
f 1695/1695 1694/1694 1696/1696
usemtl Surface_4
f 1700/1700 1698/1698 1697/1697
usemtl Surface_4
f 1699/1699 1698/1698 1700/1700
usemtl Surface_4
f 1704/1704 1702/1702 1701/1701
usemtl Surface_4
f 1703/1703 1702/1702 1704/1704
usemtl Surface_4
f 1708/1708 1706/1706 1705/1705
usemtl Surface_4
f 1707/1707 1706/1706 1708/1708
usemtl Surface_4
f 1712/1712 1710/1710 1709/1709
usemtl Surface_4
f 1711/1711 1710/1710 1712/1712
usemtl Surface_4
f 1713/1713 1715/1715 1714/1714
usemtl Surface_4
f 1716/1716 1718/1718 1717/1717
usemtl Surface_4
f 1719/1719 1721/1721 1720/1720
usemtl Surface_4
f 1722/1722 1724/1724 1723/1723
usemtl Surface_4
f 1725/1725 1727/1727 1726/1726
usemtl Surface_4
f 1728/1728 1730/1730 1729/1729
usemtl Surface_4
f 1731/1731 1733/1733 1732/1732
usemtl Surface_4
f 1734/1734 1736/1736 1735/1735
usemtl Surface_4
f 1740/1740 1738/1738 1737/1737
usemtl Surface_4
f 1739/1739 1738/1738 1740/1740
usemtl Surface_4
f 1744/1744 1742/1742 1741/1741
usemtl Surface_4
f 1743/1743 1742/1742 1744/1744
usemtl Surface_4
f 1748/1748 1746/1746 1745/1745
usemtl Surface_4
f 1747/1747 1746/1746 1748/1748
usemtl Surface_4
f 1752/1752 1750/1750 1749/1749
usemtl Surface_4
f 1751/1751 1750/1750 1752/1752
usemtl Surface_4
f 1756/1756 1754/1754 1753/1753
usemtl Surface_4
f 1755/1755 1754/1754 1756/1756
usemtl Surface_4
f 1760/1760 1758/1758 1757/1757
usemtl Surface_4
f 1759/1759 1758/1758 1760/1760
usemtl Surface_4
f 1764/1764 1762/1762 1761/1761
usemtl Surface_4
f 1763/1763 1762/1762 1764/1764
usemtl Surface_4
f 1768/1768 1766/1766 1765/1765
usemtl Surface_4
f 1767/1767 1766/1766 1768/1768
usemtl Surface_4
f 1772/1772 1770/1770 1769/1769
usemtl Surface_4
f 1771/1771 1770/1770 1772/1772
usemtl Surface_4
f 1776/1776 1774/1774 1773/1773
usemtl Surface_4
f 1775/1775 1774/1774 1776/1776
usemtl Surface_4
f 1780/1780 1778/1778 1777/1777
usemtl Surface_4
f 1779/1779 1778/1778 1780/1780
usemtl Surface_4
f 1784/1784 1782/1782 1781/1781
usemtl Surface_4
f 1783/1783 1782/1782 1784/1784
usemtl Surface_4
f 1788/1788 1786/1786 1785/1785
usemtl Surface_4
f 1787/1787 1786/1786 1788/1788
usemtl Surface_4
f 1792/1792 1790/1790 1789/1789
usemtl Surface_4
f 1791/1791 1790/1790 1792/1792
usemtl Surface_4
f 1796/1796 1794/1794 1793/1793
usemtl Surface_4
f 1795/1795 1794/1794 1796/1796
usemtl Surface_4
f 1800/1800 1798/1798 1797/1797
usemtl Surface_4
f 1799/1799 1798/1798 1800/1800
usemtl Surface_4
f 1804/1804 1802/1802 1801/1801
usemtl Surface_4
f 1803/1803 1802/1802 1804/1804
usemtl Surface_4
f 1808/1808 1806/1806 1805/1805
usemtl Surface_4
f 1807/1807 1806/1806 1808/1808
usemtl Surface_4
f 1809/1809 1811/1811 1810/1810
usemtl Surface_4
f 1812/1812 1814/1814 1813/1813
usemtl Surface_4
f 1815/1815 1817/1817 1816/1816
usemtl Surface_4
f 1818/1818 1820/1820 1819/1819
usemtl Surface_4
f 1821/1821 1823/1823 1822/1822
usemtl Surface_4
f 1824/1824 1826/1826 1825/1825
usemtl Surface_4
f 1827/1827 1829/1829 1828/1828
usemtl Surface_4
f 1830/1830 1832/1832 1831/1831
usemtl Surface_4
f 1836/1836 1834/1834 1833/1833
usemtl Surface_4
f 1835/1835 1834/1834 1836/1836
usemtl Surface_4
f 1840/1840 1838/1838 1837/1837
usemtl Surface_4
f 1839/1839 1838/1838 1840/1840
usemtl Surface_4
f 1844/1844 1842/1842 1841/1841
usemtl Surface_4
f 1843/1843 1842/1842 1844/1844
usemtl Surface_4
f 1848/1848 1846/1846 1845/1845
usemtl Surface_4
f 1847/1847 1846/1846 1848/1848
usemtl Surface_4
f 1852/1852 1850/1850 1849/1849
usemtl Surface_4
f 1851/1851 1850/1850 1852/1852
usemtl Surface_4
f 1856/1856 1854/1854 1853/1853
usemtl Surface_4
f 1855/1855 1854/1854 1856/1856
usemtl Surface_4
f 1860/1860 1858/1858 1857/1857
usemtl Surface_4
f 1859/1859 1858/1858 1860/1860
usemtl Surface_4
f 1864/1864 1862/1862 1861/1861
usemtl Surface_4
f 1863/1863 1862/1862 1864/1864
usemtl Surface_4
f 1868/1868 1866/1866 1865/1865
usemtl Surface_4
f 1867/1867 1866/1866 1868/1868
usemtl Surface_4
f 1872/1872 1870/1870 1869/1869
usemtl Surface_4
f 1871/1871 1870/1870 1872/1872
usemtl Surface_4
f 1876/1876 1874/1874 1873/1873
usemtl Surface_4
f 1875/1875 1874/1874 1876/1876
usemtl Surface_4
f 1880/1880 1878/1878 1877/1877
usemtl Surface_4
f 1879/1879 1878/1878 1880/1880
usemtl Surface_4
f 1884/1884 1882/1882 1881/1881
usemtl Surface_4
f 1883/1883 1882/1882 1884/1884
usemtl Surface_4
f 1888/1888 1886/1886 1885/1885
usemtl Surface_4
f 1887/1887 1886/1886 1888/1888
usemtl Surface_4
f 1892/1892 1890/1890 1889/1889
usemtl Surface_4
f 1891/1891 1890/1890 1892/1892
usemtl Surface_4
f 1896/1896 1894/1894 1893/1893
usemtl Surface_4
f 1895/1895 1894/1894 1896/1896
usemtl Surface_4
f 1900/1900 1898/1898 1897/1897
usemtl Surface_4
f 1899/1899 1898/1898 1900/1900
usemtl Surface_4
f 1904/1904 1902/1902 1901/1901
usemtl Surface_4
f 1903/1903 1902/1902 1904/1904
usemtl Surface_4
f 1905/1905 1907/1907 1906/1906
usemtl Surface_4
f 1908/1908 1910/1910 1909/1909
usemtl Surface_4
f 1911/1911 1913/1913 1912/1912
usemtl Surface_4
f 1914/1914 1916/1916 1915/1915
usemtl Surface_4
f 1917/1917 1919/1919 1918/1918
usemtl Surface_4
f 1920/1920 1922/1922 1921/1921
usemtl Surface_4
f 1923/1923 1925/1925 1924/1924
usemtl Surface_4
f 1926/1926 1928/1928 1927/1927
usemtl Surface_4
f 1932/1932 1930/1930 1929/1929
usemtl Surface_4
f 1931/1931 1930/1930 1932/1932
usemtl Surface_4
f 1936/1936 1934/1934 1933/1933
usemtl Surface_4
f 1935/1935 1934/1934 1936/1936
usemtl Surface_4
f 1940/1940 1938/1938 1937/1937
usemtl Surface_4
f 1939/1939 1938/1938 1940/1940
usemtl Surface_4
f 1944/1944 1942/1942 1941/1941
usemtl Surface_4
f 1943/1943 1942/1942 1944/1944
usemtl Surface_4
f 1948/1948 1946/1946 1945/1945
usemtl Surface_4
f 1947/1947 1946/1946 1948/1948
usemtl Surface_4
f 1952/1952 1950/1950 1949/1949
usemtl Surface_4
f 1951/1951 1950/1950 1952/1952
usemtl Surface_4
f 1956/1956 1954/1954 1953/1953
usemtl Surface_4
f 1955/1955 1954/1954 1956/1956
usemtl Surface_4
f 1960/1960 1958/1958 1957/1957
usemtl Surface_4
f 1959/1959 1958/1958 1960/1960
usemtl Surface_4
f 1964/1964 1962/1962 1961/1961
usemtl Surface_4
f 1963/1963 1962/1962 1964/1964
usemtl Surface_4
f 1968/1968 1966/1966 1965/1965
usemtl Surface_4
f 1967/1967 1966/1966 1968/1968
usemtl Surface_4
f 1972/1972 1970/1970 1969/1969
usemtl Surface_4
f 1971/1971 1970/1970 1972/1972
usemtl Surface_4
f 1976/1976 1974/1974 1973/1973
usemtl Surface_4
f 1975/1975 1974/1974 1976/1976
usemtl Surface_4
f 1980/1980 1978/1978 1977/1977
usemtl Surface_4
f 1979/1979 1978/1978 1980/1980
usemtl Surface_4
f 1984/1984 1982/1982 1981/1981
usemtl Surface_4
f 1983/1983 1982/1982 1984/1984
usemtl Surface_4
f 1988/1988 1986/1986 1985/1985
usemtl Surface_4
f 1987/1987 1986/1986 1988/1988
usemtl Surface_4
f 1992/1992 1990/1990 1989/1989
usemtl Surface_4
f 1991/1991 1990/1990 1992/1992
usemtl Surface_4
f 1996/1996 1994/1994 1993/1993
usemtl Surface_4
f 1995/1995 1994/1994 1996/1996
usemtl Surface_4
f 2000/2000 1998/1998 1997/1997
usemtl Surface_4
f 1999/1999 1998/1998 2000/2000
usemtl Surface_4
f 2001/2001 2003/2003 2002/2002
usemtl Surface_4
f 2004/2004 2006/2006 2005/2005
usemtl Surface_4
f 2007/2007 2009/2009 2008/2008
usemtl Surface_4
f 2010/2010 2012/2012 2011/2011
usemtl Surface_4
f 2013/2013 2015/2015 2014/2014
usemtl Surface_4
f 2016/2016 2018/2018 2017/2017
usemtl Surface_4
f 2019/2019 2021/2021 2020/2020
usemtl Surface_4
f 2022/2022 2024/2024 2023/2023
usemtl Surface_4
f 2028/2028 2026/2026 2025/2025
usemtl Surface_4
f 2027/2027 2026/2026 2028/2028
usemtl Surface_4
f 2032/2032 2030/2030 2029/2029
usemtl Surface_4
f 2031/2031 2030/2030 2032/2032
usemtl Surface_4
f 2036/2036 2034/2034 2033/2033
usemtl Surface_4
f 2035/2035 2034/2034 2036/2036
usemtl Surface_4
f 2040/2040 2038/2038 2037/2037
usemtl Surface_4
f 2039/2039 2038/2038 2040/2040
usemtl Surface_4
f 2044/2044 2042/2042 2041/2041
usemtl Surface_4
f 2043/2043 2042/2042 2044/2044
usemtl Surface_4
f 2048/2048 2046/2046 2045/2045
usemtl Surface_4
f 2047/2047 2046/2046 2048/2048
usemtl Surface_4
f 2052/2052 2050/2050 2049/2049
usemtl Surface_4
f 2051/2051 2050/2050 2052/2052
usemtl Surface_4
f 2056/2056 2054/2054 2053/2053
usemtl Surface_4
f 2055/2055 2054/2054 2056/2056
usemtl Surface_4
f 2060/2060 2058/2058 2057/2057
usemtl Surface_4
f 2059/2059 2058/2058 2060/2060
usemtl Surface_4
f 2064/2064 2062/2062 2061/2061
usemtl Surface_4
f 2063/2063 2062/2062 2064/2064
usemtl Surface_4
f 2068/2068 2066/2066 2065/2065
usemtl Surface_4
f 2067/2067 2066/2066 2068/2068
usemtl Surface_4
f 2072/2072 2070/2070 2069/2069
usemtl Surface_4
f 2071/2071 2070/2070 2072/2072
usemtl Surface_4
f 2076/2076 2074/2074 2073/2073
usemtl Surface_4
f 2075/2075 2074/2074 2076/2076
usemtl Surface_4
f 2080/2080 2078/2078 2077/2077
usemtl Surface_4
f 2079/2079 2078/2078 2080/2080
usemtl Surface_4
f 2084/2084 2082/2082 2081/2081
usemtl Surface_4
f 2083/2083 2082/2082 2084/2084
usemtl Surface_4
f 2088/2088 2086/2086 2085/2085
usemtl Surface_4
f 2087/2087 2086/2086 2088/2088
usemtl Surface_4
f 2092/2092 2090/2090 2089/2089
usemtl Surface_4
f 2091/2091 2090/2090 2092/2092
usemtl Surface_4
f 2096/2096 2094/2094 2093/2093
usemtl Surface_4
f 2095/2095 2094/2094 2096/2096
usemtl Surface_4
f 2097/2097 2099/2099 2098/2098
usemtl Surface_4
f 2100/2100 2102/2102 2101/2101
usemtl Surface_4
f 2103/2103 2105/2105 2104/2104
usemtl Surface_4
f 2106/2106 2108/2108 2107/2107
usemtl Surface_4
f 2109/2109 2111/2111 2110/2110
usemtl Surface_4
f 2112/2112 2114/2114 2113/2113
usemtl Surface_4
f 2115/2115 2117/2117 2116/2116
usemtl Surface_4
f 2118/2118 2120/2120 2119/2119
usemtl Surface_4
f 2124/2124 2122/2122 2121/2121
usemtl Surface_4
f 2123/2123 2122/2122 2124/2124
usemtl Surface_4
f 2128/2128 2126/2126 2125/2125
usemtl Surface_4
f 2127/2127 2126/2126 2128/2128
usemtl Surface_4
f 2132/2132 2130/2130 2129/2129
usemtl Surface_4
f 2131/2131 2130/2130 2132/2132
usemtl Surface_4
f 2136/2136 2134/2134 2133/2133
usemtl Surface_4
f 2135/2135 2134/2134 2136/2136
usemtl Surface_4
f 2140/2140 2138/2138 2137/2137
usemtl Surface_4
f 2139/2139 2138/2138 2140/2140
usemtl Surface_4
f 2144/2144 2142/2142 2141/2141
usemtl Surface_4
f 2143/2143 2142/2142 2144/2144
usemtl Surface_4
f 2148/2148 2146/2146 2145/2145
usemtl Surface_4
f 2147/2147 2146/2146 2148/2148
usemtl Surface_4
f 2152/2152 2150/2150 2149/2149
usemtl Surface_4
f 2151/2151 2150/2150 2152/2152
usemtl Surface_4
f 2156/2156 2154/2154 2153/2153
usemtl Surface_4
f 2155/2155 2154/2154 2156/2156
usemtl Surface_4
f 2160/2160 2158/2158 2157/2157
usemtl Surface_4
f 2159/2159 2158/2158 2160/2160
usemtl Surface_4
f 2164/2164 2162/2162 2161/2161
usemtl Surface_4
f 2163/2163 2162/2162 2164/2164
usemtl Surface_4
f 2168/2168 2166/2166 2165/2165
usemtl Surface_4
f 2167/2167 2166/2166 2168/2168
usemtl Surface_4
f 2172/2172 2170/2170 2169/2169
usemtl Surface_4
f 2171/2171 2170/2170 2172/2172
usemtl Surface_4
f 2176/2176 2174/2174 2173/2173
usemtl Surface_4
f 2175/2175 2174/2174 2176/2176
usemtl Surface_4
f 2180/2180 2178/2178 2177/2177
usemtl Surface_4
f 2179/2179 2178/2178 2180/2180
usemtl Surface_4
f 2184/2184 2182/2182 2181/2181
usemtl Surface_4
f 2183/2183 2182/2182 2184/2184
usemtl Surface_4
f 2188/2188 2186/2186 2185/2185
usemtl Surface_4
f 2187/2187 2186/2186 2188/2188
usemtl Surface_4
f 2192/2192 2190/2190 2189/2189
usemtl Surface_4
f 2191/2191 2190/2190 2192/2192
usemtl Surface_4
f 2193/2193 2195/2195 2194/2194
usemtl Surface_4
f 2196/2196 2198/2198 2197/2197
usemtl Surface_4
f 2199/2199 2201/2201 2200/2200
usemtl Surface_4
f 2202/2202 2204/2204 2203/2203
usemtl Surface_4
f 2205/2205 2207/2207 2206/2206
usemtl Surface_4
f 2208/2208 2210/2210 2209/2209
usemtl Surface_4
f 2211/2211 2213/2213 2212/2212
usemtl Surface_4
f 2214/2214 2216/2216 2215/2215
usemtl Surface_4
f 2220/2220 2218/2218 2217/2217
usemtl Surface_4
f 2219/2219 2218/2218 2220/2220
usemtl Surface_4
f 2224/2224 2222/2222 2221/2221
usemtl Surface_4
f 2223/2223 2222/2222 2224/2224
usemtl Surface_4
f 2228/2228 2226/2226 2225/2225
usemtl Surface_4
f 2227/2227 2226/2226 2228/2228
usemtl Surface_4
f 2232/2232 2230/2230 2229/2229
usemtl Surface_4
f 2231/2231 2230/2230 2232/2232
usemtl Surface_4
f 2236/2236 2234/2234 2233/2233
usemtl Surface_4
f 2235/2235 2234/2234 2236/2236
usemtl Surface_4
f 2240/2240 2238/2238 2237/2237
usemtl Surface_4
f 2239/2239 2238/2238 2240/2240
usemtl Surface_4
f 2244/2244 2242/2242 2241/2241
usemtl Surface_4
f 2243/2243 2242/2242 2244/2244
usemtl Surface_4
f 2248/2248 2246/2246 2245/2245
usemtl Surface_4
f 2247/2247 2246/2246 2248/2248
usemtl Surface_4
f 2252/2252 2250/2250 2249/2249
usemtl Surface_4
f 2251/2251 2250/2250 2252/2252
usemtl Surface_4
f 2256/2256 2254/2254 2253/2253
usemtl Surface_4
f 2255/2255 2254/2254 2256/2256
usemtl Surface_4
f 2260/2260 2258/2258 2257/2257
usemtl Surface_4
f 2259/2259 2258/2258 2260/2260
usemtl Surface_4
f 2264/2264 2262/2262 2261/2261
usemtl Surface_4
f 2263/2263 2262/2262 2264/2264
usemtl Surface_4
f 2268/2268 2266/2266 2265/2265
usemtl Surface_4
f 2267/2267 2266/2266 2268/2268
usemtl Surface_4
f 2272/2272 2270/2270 2269/2269
usemtl Surface_4
f 2271/2271 2270/2270 2272/2272
usemtl Surface_4
f 2276/2276 2274/2274 2273/2273
usemtl Surface_4
f 2275/2275 2274/2274 2276/2276
usemtl Surface_4
f 2280/2280 2278/2278 2277/2277
usemtl Surface_4
f 2279/2279 2278/2278 2280/2280
usemtl Surface_4
f 2284/2284 2282/2282 2281/2281
usemtl Surface_4
f 2283/2283 2282/2282 2284/2284
usemtl Surface_4
f 2288/2288 2286/2286 2285/2285
usemtl Surface_4
f 2287/2287 2286/2286 2288/2288
usemtl Surface_4
f 2289/2289 2291/2291 2290/2290
usemtl Surface_4
f 2292/2292 2294/2294 2293/2293
usemtl Surface_4
f 2295/2295 2297/2297 2296/2296
usemtl Surface_4
f 2298/2298 2300/2300 2299/2299
usemtl Surface_4
f 2301/2301 2303/2303 2302/2302
usemtl Surface_4
f 2304/2304 2306/2306 2305/2305
usemtl Surface_4
f 2307/2307 2309/2309 2308/2308
usemtl Surface_4
f 2310/2310 2312/2312 2311/2311
