# Null Route authored hard-surface mesh. Centimeters, Z up.
v -10.45049 -7.96748 6.08908
v -9.49541 22.27995 10.62127
v -3.89820 22.10324 10.62113
v -4.85327 -8.14420 6.08894
v -4.78586 -5.99765 -8.25113
v -3.83078 24.24978 -3.71895
v -9.42800 24.42649 -3.71881
v -10.38307 -5.82094 -8.25100
v -10.48236 -8.97601 4.72458
v -4.88515 -9.15272 4.72445
v -4.82889 -7.36147 -7.24210
v -10.42610 -7.18476 -7.24196
v -9.39612 25.43502 -2.35431
v -3.79891 25.25831 -2.35445
v -3.85517 23.46705 9.61210
v -9.45238 23.64377 9.61223
v -11.64431 -7.75197 4.90234
v -11.58805 -5.96071 -7.06420
v -10.63298 24.28672 -2.53202
v -10.68924 22.49546 9.43453
v -2.69322 22.24301 9.43433
v -2.63696 24.03427 -2.53221
v -3.59203 -6.21316 -7.06440
v -3.64829 -8.00442 4.90215
v -10.48236 -8.97601 4.72458
v -10.42610 -7.18476 -7.24196
v -11.58805 -5.96071 -7.06420
v -11.64431 -7.75197 4.90234
v -3.64829 -8.00442 4.90215
v -3.59203 -6.21316 -7.06440
v -4.82889 -7.36147 -7.24210
v -4.88515 -9.15272 4.72445
v -10.68924 22.49546 9.43453
v -10.63298 24.28672 -2.53202
v -9.39612 25.43502 -2.35431
v -9.45238 23.64377 9.61223
v -3.85517 23.46705 9.61210
v -3.79891 25.25831 -2.35445
v -2.63696 24.03427 -2.53221
v -2.69322 22.24301 9.43433
v -11.64431 -7.75197 4.90234
v -10.68924 22.49546 9.43453
v -9.49541 22.27995 10.62127
v -10.45049 -7.96748 6.08908
v -10.38307 -5.82094 -8.25100
v -9.42800 24.42649 -3.71881
v -10.63298 24.28672 -2.53202
v -11.58805 -5.96071 -7.06420
v -4.85327 -8.14420 6.08894
v -3.89820 22.10324 10.62113
v -2.69322 22.24301 9.43433
v -3.64829 -8.00442 4.90215
v -3.59203 -6.21316 -7.06440
v -2.63696 24.03427 -2.53221
v -3.83078 24.24978 -3.71895
v -4.78586 -5.99765 -8.25113
v -10.45049 -7.96748 6.08908
v -4.85327 -8.14420 6.08894
v -4.88515 -9.15272 4.72445
v -10.48236 -8.97601 4.72458
v -9.45238 23.64377 9.61223
v -3.85517 23.46705 9.61210
v -3.89820 22.10324 10.62113
v -9.49541 22.27995 10.62127
v -10.42610 -7.18476 -7.24196
v -4.82889 -7.36147 -7.24210
v -4.78586 -5.99765 -8.25113
v -10.38307 -5.82094 -8.25100
v -9.42800 24.42649 -3.71881
v -3.83078 24.24978 -3.71895
v -3.79891 25.25831 -2.35445
v -9.39612 25.43502 -2.35431
v -10.45049 -7.96748 6.08908
v -10.48236 -8.97601 4.72458
v -11.64431 -7.75197 4.90234
v -3.64829 -8.00442 4.90215
v -4.88515 -9.15272 4.72445
v -4.85327 -8.14420 6.08894
v -10.68924 22.49546 9.43453
v -9.45238 23.64377 9.61223
v -9.49541 22.27995 10.62127
v -3.89820 22.10324 10.62113
v -3.85517 23.46705 9.61210
v -2.69322 22.24301 9.43433
v -11.58805 -5.96071 -7.06420
v -10.42610 -7.18476 -7.24196
v -10.38307 -5.82094 -8.25100
v -4.78586 -5.99765 -8.25113
v -4.82889 -7.36147 -7.24210
v -3.59203 -6.21316 -7.06440
v -9.42800 24.42649 -3.71881
v -9.39612 25.43502 -2.35431
v -10.63298 24.28672 -2.53202
v -2.63696 24.03427 -2.53221
v -3.79891 25.25831 -2.35445
v -3.83078 24.24978 -3.71895
v -4.44498 -4.71882 6.09803
v -3.63972 20.78392 9.91928
v 1.15789 20.63245 9.91916
v 0.35263 -4.87029 6.09791
v 0.41540 -2.87178 -7.25320
v 1.22065 22.63096 -3.43194
v -3.57695 22.78243 -3.43182
v -4.38221 -2.72031 -7.25308
v -4.48748 -6.06352 4.27870
v 0.31013 -6.21499 4.27858
v 0.35802 -4.69020 -5.90782
v -4.43959 -4.53873 -5.90770
v -3.53446 24.12713 -1.61249
v 1.26315 23.97566 -1.61261
v 1.21526 22.45088 8.57379
v -3.58235 22.60234 8.57390
v -6.03674 -4.43147 4.51571
v -5.98885 -2.90668 -5.67069
v -5.18360 22.59606 -1.84943
v -5.23149 21.07127 8.33697
v 2.76453 20.81882 8.33677
v 2.81242 22.34361 -1.84963
v 2.00716 -3.15913 -5.67088
v 1.95927 -4.68392 4.51552
v -4.48748 -6.06352 4.27870
v -4.43959 -4.53873 -5.90770
v -5.98885 -2.90668 -5.67069
v -6.03674 -4.43147 4.51571
v 1.95927 -4.68392 4.51552
v 2.00716 -3.15913 -5.67088
v 0.35802 -4.69020 -5.90782
v 0.31013 -6.21499 4.27858
v -5.23149 21.07127 8.33697
v -5.18360 22.59606 -1.84943
v -3.53446 24.12713 -1.61249
v -3.58235 22.60234 8.57390
v 1.21526 22.45088 8.57379
v 1.26315 23.97566 -1.61261
v 2.81242 22.34361 -1.84963
v 2.76453 20.81882 8.33677
v -6.03674 -4.43147 4.51571
v -5.23149 21.07127 8.33697
v -3.63972 20.78392 9.91928
v -4.44498 -4.71882 6.09803
v -4.38221 -2.72031 -7.25308
v -3.57695 22.78243 -3.43182
v -5.18360 22.59606 -1.84943
v -5.98885 -2.90668 -5.67069
v 0.35263 -4.87029 6.09791
v 1.15789 20.63245 9.91916
v 2.76453 20.81882 8.33677
v 1.95927 -4.68392 4.51552
v 2.00716 -3.15913 -5.67088
v 2.81242 22.34361 -1.84963
v 1.22065 22.63096 -3.43194
v 0.41540 -2.87178 -7.25320
v -4.44498 -4.71882 6.09803
v 0.35263 -4.87029 6.09791
v 0.31013 -6.21499 4.27858
v -4.48748 -6.06352 4.27870
v -3.58235 22.60234 8.57390
v 1.21526 22.45088 8.57379
v 1.15789 20.63245 9.91916
v -3.63972 20.78392 9.91928
v -4.43959 -4.53873 -5.90770
v 0.35802 -4.69020 -5.90782
v 0.41540 -2.87178 -7.25320
v -4.38221 -2.72031 -7.25308
v -3.57695 22.78243 -3.43182
v 1.22065 22.63096 -3.43194
v 1.26315 23.97566 -1.61261
v -3.53446 24.12713 -1.61249
v -4.44498 -4.71882 6.09803
v -4.48748 -6.06352 4.27870
v -6.03674 -4.43147 4.51571
v 1.95927 -4.68392 4.51552
v 0.31013 -6.21499 4.27858
v 0.35263 -4.87029 6.09791
v -5.23149 21.07127 8.33697
v -3.58235 22.60234 8.57390
v -3.63972 20.78392 9.91928
v 1.15789 20.63245 9.91916
v 1.21526 22.45088 8.57379
v 2.76453 20.81882 8.33677
v -5.98885 -2.90668 -5.67069
v -4.43959 -4.53873 -5.90770
v -4.38221 -2.72031 -7.25308
v 0.41540 -2.87178 -7.25320
v 0.35802 -4.69020 -5.90782
v 2.00716 -3.15913 -5.67088
v -3.57695 22.78243 -3.43182
v -3.53446 24.12713 -1.61249
v -5.18360 22.59606 -1.84943
v 2.81242 22.34361 -1.84963
v 1.26315 23.97566 -1.61261
v 1.22065 22.63096 -3.43194
v -4.64648 14.24820 9.18901
v -4.41552 21.56294 10.28503
v -0.01771 21.42409 10.28492
v -0.24867 14.10935 9.18891
v -0.18358 16.18188 -4.65669
v 0.04738 23.49662 -3.56067
v -4.35042 23.63546 -3.56056
v -4.58139 16.32073 -4.65658
v -4.68101 13.15563 7.71081
v -0.28321 13.01678 7.71070
v -0.23020 14.70441 -3.56357
v -4.62801 14.84326 -3.56346
v -4.31589 24.72804 -2.08235
v 0.08191 24.58919 -2.08246
v 0.02891 22.90156 9.19181
v -4.36890 23.04041 9.19191
v -5.93979 14.48167 7.90338
v -5.88679 16.16930 -3.37088
v -5.65582 23.48404 -2.27486
v -5.70883 21.79641 8.99940
v 1.28769 21.57552 8.99923
v 1.34069 23.26315 -2.27504
v 1.10973 15.94841 -3.37106
v 1.05672 14.26078 7.90321
v -4.68101 13.15563 7.71081
v -4.62801 14.84326 -3.56346
v -5.88679 16.16930 -3.37088
v -5.93979 14.48167 7.90338
v 1.05672 14.26078 7.90321
v 1.10973 15.94841 -3.37106
v -0.23020 14.70441 -3.56357
v -0.28321 13.01678 7.71070
v -5.70883 21.79641 8.99940
v -5.65582 23.48404 -2.27486
v -4.31589 24.72804 -2.08235
v -4.36890 23.04041 9.19191
v 0.02891 22.90156 9.19181
v 0.08191 24.58919 -2.08246
v 1.34069 23.26315 -2.27504
v 1.28769 21.57552 8.99923
v -5.93979 14.48167 7.90338
v -5.70883 21.79641 8.99940
v -4.41552 21.56294 10.28503
v -4.64648 14.24820 9.18901
v -4.58139 16.32073 -4.65658
v -4.35042 23.63546 -3.56056
v -5.65582 23.48404 -2.27486
v -5.88679 16.16930 -3.37088
v -0.24867 14.10935 9.18891
v -0.01771 21.42409 10.28492
v 1.28769 21.57552 8.99923
v 1.05672 14.26078 7.90321
v 1.10973 15.94841 -3.37106
v 1.34069 23.26315 -2.27504
v 0.04738 23.49662 -3.56067
v -0.18358 16.18188 -4.65669
v -4.64648 14.24820 9.18901
v -0.24867 14.10935 9.18891
v -0.28321 13.01678 7.71070
v -4.68101 13.15563 7.71081
v -4.36890 23.04041 9.19191
v 0.02891 22.90156 9.19181
v -0.01771 21.42409 10.28492
v -4.41552 21.56294 10.28503
v -4.62801 14.84326 -3.56346
v -0.23020 14.70441 -3.56357
v -0.18358 16.18188 -4.65669
v -4.58139 16.32073 -4.65658
v -4.35042 23.63546 -3.56056
v 0.04738 23.49662 -3.56067
v 0.08191 24.58919 -2.08246
v -4.31589 24.72804 -2.08235
v -4.64648 14.24820 9.18901
v -4.68101 13.15563 7.71081
v -5.93979 14.48167 7.90338
v 1.05672 14.26078 7.90321
v -0.28321 13.01678 7.71070
v -0.24867 14.10935 9.18891
v -5.70883 21.79641 8.99940
v -4.36890 23.04041 9.19191
v -4.41552 21.56294 10.28503
v -0.01771 21.42409 10.28492
v 0.02891 22.90156 9.19181
v 1.28769 21.57552 8.99923
v -5.88679 16.16930 -3.37088
v -4.62801 14.84326 -3.56346
v -4.58139 16.32073 -4.65658
v -0.18358 16.18188 -4.65669
v -0.23020 14.70441 -3.56357
v 1.10973 15.94841 -3.37106
v -4.35042 23.63546 -3.56056
v -4.31589 24.72804 -2.08235
v -5.65582 23.48404 -2.27486
v 1.34069 23.26315 -2.27504
v 0.08191 24.58919 -2.08246
v 0.04738 23.49662 -3.56067
v -3.49804 22.10279 9.86458
v 0.22192 22.04314 9.47879
v 1.31287 22.37471 7.03601
v 1.34672 23.45243 -0.16370
v 0.27874 23.85216 -2.60643
v -3.43759 24.02728 -2.99204
v -4.64787 23.71874 -0.67782
v -4.68656 22.48707 7.55042
v -4.30466 24.12596 7.33483
v -4.27023 25.22215 0.01170
v -3.19308 25.49675 -2.04795
v 0.11446 25.34089 -1.70476
v 1.06496 24.98513 0.46927
v 1.03484 24.02597 6.87701
v 0.06389 23.73087 9.05109
v -3.24687 23.78396 9.39444
v -4.68656 22.48707 7.55042
v -4.64787 23.71874 -0.67782
v -4.60730 25.00377 -0.48528
v -4.64598 23.77209 7.74296
v -4.64598 23.77209 7.74296
v -4.60730 25.00377 -0.48528
v -4.27023 25.22215 0.01170
v -4.30466 24.12596 7.33483
v -4.64787 23.71874 -0.67782
v -3.43759 24.02728 -2.99204
v -3.39702 25.31231 -2.79950
v -4.60730 25.00377 -0.48528
v -4.60730 25.00377 -0.48528
v -3.39702 25.31231 -2.79950
v -3.19308 25.49675 -2.04795
v -4.27023 25.22215 0.01170
v -3.43759 24.02728 -2.99204
v 0.27874 23.85216 -2.60643
v 0.31932 25.13718 -2.41389
v -3.39702 25.31231 -2.79950
v -3.39702 25.31231 -2.79950
v 0.31932 25.13718 -2.41389
v 0.11446 25.34089 -1.70476
v -3.19308 25.49675 -2.04795
v 0.27874 23.85216 -2.60643
v 1.34672 23.45243 -0.16370
v 1.38729 24.73745 0.02884
v 0.31932 25.13718 -2.41389
v 0.31932 25.13718 -2.41389
v 1.38729 24.73745 0.02884
v 1.06496 24.98513 0.46927
v 0.11446 25.34089 -1.70476
v 1.34672 23.45243 -0.16370
v 1.31287 22.37471 7.03601
v 1.35345 23.65973 7.22855
v 1.38729 24.73745 0.02884
v 1.38729 24.73745 0.02884
v 1.35345 23.65973 7.22855
v 1.03484 24.02597 6.87701
v 1.06496 24.98513 0.46927
v 1.31287 22.37471 7.03601
v 0.22192 22.04314 9.47879
v 0.26250 23.32816 9.67133
v 1.35345 23.65973 7.22855
v 1.35345 23.65973 7.22855
v 0.26250 23.32816 9.67133
v 0.06389 23.73087 9.05109
v 1.03484 24.02597 6.87701
v 0.22192 22.04314 9.47879
v -3.49804 22.10279 9.86458
v -3.45746 23.38782 10.05712
v 0.26250 23.32816 9.67133
v 0.26250 23.32816 9.67133
v -3.45746 23.38782 10.05712
v -3.24687 23.78396 9.39444
v 0.06389 23.73087 9.05109
v -3.49804 22.10279 9.86458
v -4.68656 22.48707 7.55042
v -4.64598 23.77209 7.74296
v -3.45746 23.38782 10.05712
v -3.45746 23.38782 10.05712
v -4.64598 23.77209 7.74296
v -4.30466 24.12596 7.33483
v -3.24687 23.78396 9.39444
v -0.05012 -4.94574 -0.74056
v -0.05163 -4.99465 0.47145
v 0.53222 -5.51549 0.52237
v 0.53398 -5.45891 -0.81463
v -0.01891 -3.95726 -0.59245
v 0.56519 -4.47043 -0.66652
v 0.56372 -4.51783 0.46163
v -0.02014 -3.99699 0.41071
v -0.05163 -4.99465 0.47145
v -0.04490 -4.78222 1.66933
v 0.53941 -5.28879 1.84301
v 0.53222 -5.51549 0.52237
v -0.02014 -3.99699 0.41071
v 0.56372 -4.51783 0.46163
v 0.56982 -4.32556 1.57606
v -0.01449 -3.81898 1.40238
v -0.04490 -4.78222 1.66933
v -0.03021 -4.31772 2.80072
v 0.55523 -4.78871 3.08957
v 0.53941 -5.28879 1.84301
v -0.01449 -3.81898 1.40238
v 0.56982 -4.32556 1.57606
v 0.58321 -3.90200 2.62809
v -0.00222 -3.43101 2.33924
v -0.03021 -4.31772 2.80072
v -0.00820 -3.62147 3.81618
v 0.57899 -4.03712 4.20758
v 0.55523 -4.78871 3.08957
v -0.00222 -3.43101 2.33924
v 0.58321 -3.90200 2.62809
v 0.60333 -3.26569 3.57174
v 0.01614 -2.85004 3.18033
v -0.00820 -3.62147 3.81618
v 0.02016 -2.72389 4.67132
v 0.60964 -3.06686 5.14817
v 0.57899 -4.03712 4.20758
v 0.01614 -2.85004 3.18033
v 0.60333 -3.26569 3.57174
v 0.62927 -2.44442 4.36575
v 0.03979 -2.10144 3.88891
v 0.02016 -2.72389 4.67132
v 0.05363 -1.66420 5.32879
v 0.64586 -1.92034 5.87023
v 0.60964 -3.06686 5.14817
v 0.03979 -2.10144 3.88891
v 0.62927 -2.44442 4.36575
v 0.65992 -1.47409 4.97543
v 0.06770 -1.21795 4.43399
v 0.05363 -1.66420 5.32879
v 0.09075 -0.48873 5.75983
v 0.68605 -0.64766 6.34220
v 0.64586 -1.92034 5.87023
v 0.06770 -1.21795 4.43399
v 0.65992 -1.47409 4.97543
v 0.69394 -0.39711 5.37413
v 0.09864 -0.23818 4.79175
v 0.09075 -0.48873 5.75983
v 0.12990 0.75116 5.94561
v 0.72846 0.69556 6.54346
v 0.68605 -0.64766 6.34220
v 0.09864 -0.23818 4.79175
v 0.69394 -0.39711 5.37413
v 0.72982 0.73946 5.54443
v 0.13127 0.79507 4.94657
v 0.12990 0.75116 5.94561
v 0.16937 2.00128 5.87801
v 0.77124 2.05060 6.46522
v 0.72846 0.69556 6.54346
v 0.13127 0.79507 4.94657
v 0.72982 0.73946 5.54443
v 0.76602 1.88593 5.47888
v 0.16415 1.83661 4.89167
v 0.16937 2.00128 5.87801
v 0.20743 3.20698 5.55999
v 0.81252 3.35825 6.11089
v 0.77124 2.05060 6.46522
v 0.16415 1.83661 4.89167
v 0.76602 1.88593 5.47888
v 0.80094 2.99221 5.18036
v 0.19585 2.84095 4.62946
v 0.20743 3.20698 5.55999
v 0.24242 4.31558 5.00544
v 0.85049 4.56135 5.49595
v 0.81252 3.35825 6.11089
v 0.19585 2.84095 4.62946
v 0.80094 2.99221 5.18036
v 0.83306 4.00994 4.66190
v 0.22499 3.76417 4.17139
v 0.24242 4.31558 5.00544
v 0.27280 5.27862 4.23861
v 0.88349 5.60733 4.64729
v 0.85049 4.56135 5.49595
v 0.22499 3.76417 4.17139
v 0.83306 4.00994 4.66190
v 0.86097 4.89465 3.94616
v 0.25028 4.56594 3.53748
v 0.27280 5.27862 4.23861
v 0.29726 6.05402 3.29300
v 0.91008 6.45047 3.60199
v 0.88349 5.60733 4.64729
v 0.25028 4.56594 3.53748
v 0.86097 4.89465 3.94616
v 0.88346 5.60766 3.06443
v 0.27064 5.21121 2.75544
v 0.29726 6.05402 3.29300
v 0.31472 6.60788 2.20994
v 0.92910 7.05392 2.40573
v 0.91008 6.45047 3.60199
v 0.27064 5.21121 2.75544
v 0.88346 5.60766 3.06443
v 0.89954 6.11782 2.05524
v 0.28516 5.67178 1.85945
v 0.31472 6.60788 2.20994
v 0.32442 6.91600 1.03677
v 0.93973 7.39131 1.11081
v 0.92910 7.05392 2.40573
v 0.28516 5.67178 1.85945
v 0.89954 6.11782 2.05524
v 0.90851 6.40283 0.96270
v 0.29321 5.92752 0.88866
v 0.32442 6.91600 1.03677
v 0.32593 6.96492 -0.17524
v 0.94148 7.44789 -0.22619
v 0.93973 7.39131 1.11081
v 0.29321 5.92752 0.88866
v 0.90851 6.40283 0.96270
v 0.90998 6.45023 -0.16544
v 0.29444 5.96726 -0.11449
v 0.32593 6.96492 -0.17524
v 0.31920 6.75248 -1.37311
v 0.93429 7.22119 -1.54682
v 0.94148 7.44789 -0.22619
v 0.29444 5.96726 -0.11449
v 0.90998 6.45023 -0.16544
v 0.90388 6.25796 -1.27988
v 0.28879 5.78925 -1.10617
v 0.31920 6.75248 -1.37311
v 0.30450 6.28799 -2.50450
v 0.91847 6.72111 -2.79339
v 0.93429 7.22119 -1.54682
v 0.28879 5.78925 -1.10617
v 0.90388 6.25796 -1.27988
v 0.89049 5.83440 -2.33191
v 0.27652 5.40128 -2.04302
v 0.30450 6.28799 -2.50450
v 0.28250 5.59174 -3.51996
v 0.89471 5.96952 -3.91139
v 0.91847 6.72111 -2.79339
v 0.27652 5.40128 -2.04302
v 0.89049 5.83440 -2.33191
v 0.87037 5.19809 -3.27555
v 0.25816 4.82030 -2.88412
v 0.28250 5.59174 -3.51996
v 0.25414 4.69415 -4.37511
v 0.86406 4.99926 -4.85198
v 0.89471 5.96952 -3.91139
v 0.25816 4.82030 -2.88412
v 0.87037 5.19809 -3.27555
v 0.84443 4.37682 -4.06956
v 0.23451 4.07171 -3.59269
v 0.25414 4.69415 -4.37511
v 0.22067 3.63447 -5.03257
v 0.82784 3.85274 -5.57404
v 0.86406 4.99926 -4.85198
v 0.23451 4.07171 -3.59269
v 0.84443 4.37682 -4.06956
v 0.81378 3.40649 -4.67924
v 0.20660 3.18822 -4.13777
v 0.22067 3.63447 -5.03257
v 0.18354 2.45899 -5.46361
v 0.78765 2.58006 -6.04602
v 0.82784 3.85274 -5.57404
v 0.20660 3.18822 -4.13777
v 0.81378 3.40649 -4.67924
v 0.77976 2.32951 -5.07794
v 0.17566 2.20844 -4.49554
v 0.18354 2.45899 -5.46361
v 0.14439 1.21910 -5.64939
v 0.74524 1.23684 -6.24728
v 0.78765 2.58006 -6.04602
v 0.17566 2.20844 -4.49554
v 0.77976 2.32951 -5.07794
v 0.74388 1.19294 -5.24824
v 0.14303 1.17520 -4.65036
v 0.14439 1.21910 -5.64939
v 0.10493 -0.03101 -5.58179
v 0.70246 -0.11820 -6.16903
v 0.74524 1.23684 -6.24728
v 0.14303 1.17520 -4.65036
v 0.74388 1.19294 -5.24824
v 0.70768 0.04647 -5.18270
v 0.11015 0.13365 -4.59546
v 0.10493 -0.03101 -5.58179
v 0.06687 -1.23672 -5.26377
v 0.66118 -1.42585 -5.81470
v 0.70246 -0.11820 -6.16903
v 0.11015 0.13365 -4.59546
v 0.70768 0.04647 -5.18270
v 0.67276 -1.05981 -4.88417
v 0.07845 -0.87068 -4.33324
v 0.06687 -1.23672 -5.26377
v 0.03188 -2.34531 -4.70923
v 0.62321 -2.62895 -5.19976
v 0.66118 -1.42585 -5.81470
v 0.07845 -0.87068 -4.33324
v 0.67276 -1.05981 -4.88417
v 0.64064 -2.07754 -4.36571
v 0.04931 -1.79391 -3.87517
v 0.03188 -2.34531 -4.70923
v 0.00150 -3.30836 -3.94239
v 0.59021 -3.67493 -4.35110
v 0.62321 -2.62895 -5.19976
v 0.04931 -1.79391 -3.87517
v 0.64064 -2.07754 -4.36571
v 0.61273 -2.96225 -3.64997
v 0.02401 -2.59568 -3.24126
v 0.00150 -3.30836 -3.94239
v -0.02296 -4.08375 -2.99678
v 0.56362 -4.51807 -3.30580
v 0.59021 -3.67493 -4.35110
v 0.02401 -2.59568 -3.24126
v 0.61273 -2.96225 -3.64997
v 0.59024 -3.67526 -2.76824
v 0.00366 -3.24095 -2.45922
v -0.02296 -4.08375 -2.99678
v -0.04042 -4.63762 -1.91372
v 0.54460 -5.12152 -2.10955
v 0.56362 -4.51807 -3.30580
v 0.00366 -3.24095 -2.45922
v 0.59024 -3.67526 -2.76824
v 0.57416 -4.18542 -1.75905
v -0.01086 -3.70152 -1.56323
v -0.04042 -4.63762 -1.91372
v -0.05012 -4.94574 -0.74056
v 0.53398 -5.45891 -0.81463
v 0.54460 -5.12152 -2.10955
v -0.01086 -3.70152 -1.56323
v 0.57416 -4.18542 -1.75905
v 0.56519 -4.47043 -0.66651
v -0.01891 -3.95726 -0.59244
v 0.53398 -5.45891 -0.81463
v 0.53222 -5.51549 0.52237
v 5.93583 -5.48636 0.51009
v 5.93753 -5.43161 -0.78514
v 0.56519 -4.47043 -0.66652
v 5.96874 -4.44314 -0.63703
v 5.96733 -4.48870 0.44934
v 0.56372 -4.51783 0.46163
v 0.53222 -5.51549 0.52237
v 0.53941 -5.28879 1.84301
v 5.94280 -5.26654 1.78949
v 5.93583 -5.48636 0.51009
v 0.56372 -4.51783 0.46163
v 5.96733 -4.48870 0.44934
v 5.97321 -4.30331 1.52254
v 0.56982 -4.32556 1.57606
v 0.53941 -5.28879 1.84301
v 0.55523 -4.78871 3.08957
v 5.95814 -4.78177 2.99714
v 5.94280 -5.26654 1.78949
v 0.56982 -4.32556 1.57606
v 5.97321 -4.30331 1.52254
v 5.98612 -3.89506 2.53567
v 0.58321 -3.90200 2.62809
v 0.55523 -4.78871 3.08957
v 0.57899 -4.03712 4.20758
v 5.98117 -4.05324 4.08028
v 5.95814 -4.78177 2.99714
v 0.58321 -3.90200 2.62809
v 5.98612 -3.89506 2.53567
v 6.00551 -3.28180 3.44443
v 0.60333 -3.26569 3.57174
v 0.57899 -4.03712 4.20758
v 0.60964 -3.06686 5.14817
v 6.01088 -3.11278 4.99155
v 5.98117 -4.05324 4.08028
v 0.60333 -3.26569 3.57174
v 6.00551 -3.28180 3.44443
v 6.03051 -2.49033 4.20913
v 0.62927 -2.44442 4.36575
v 0.60964 -3.06686 5.14817
v 0.64586 -1.92034 5.87023
v 6.04598 -2.00149 5.69113
v 6.01088 -3.11278 4.99155
v 0.62927 -2.44442 4.36575
v 6.03051 -2.49033 4.20913
v 6.06005 -1.55524 4.79634
v 0.65992 -1.47409 4.97543
v 0.64586 -1.92034 5.87023
v 0.68605 -0.64766 6.34220
v 6.08494 -0.76795 6.14846
v 6.04598 -2.00149 5.69113
v 0.65992 -1.47409 4.97543
v 6.06005 -1.55524 4.79634
v 6.09282 -0.51740 5.18038
v 0.69394 -0.39711 5.37413
v 0.68605 -0.64766 6.34220
v 0.72846 0.69556 6.54346
v 6.12605 0.53394 6.34353
v 6.08494 -0.76795 6.14846
v 0.69394 -0.39711 5.37413
v 6.09282 -0.51740 5.18038
v 6.12741 0.57784 5.34449
v 0.72982 0.73946 5.54443
v 0.72846 0.69556 6.54346
v 0.77124 2.05060 6.46522
v 6.16751 1.84726 6.26782
v 6.12605 0.53394 6.34353
v 0.72982 0.73946 5.54443
v 6.12741 0.57784 5.34449
v 6.16228 1.68260 5.28148
v 0.76602 1.88593 5.47888
v 0.77124 2.05060 6.46522
v 0.81252 3.35825 6.11089
v 6.20751 3.11464 5.92465
v 6.16751 1.84726 6.26782
v 0.76602 1.88593 5.47888
v 6.16228 1.68260 5.28148
v 6.19593 2.74860 4.99412
v 0.80094 2.99221 5.18036
v 0.81252 3.35825 6.11089
v 0.85049 4.56135 5.49595
v 6.24431 4.28067 5.32901
v 6.20751 3.11464 5.92465
v 0.80094 2.99221 5.18036
v 6.19593 2.74860 4.99412
v 6.22688 3.72926 4.49495
v 0.83306 4.00994 4.66190
v 0.85049 4.56135 5.49595
v 0.88349 5.60733 4.64729
v 6.27630 5.29439 4.50693
v 6.24431 4.28067 5.32901
v 0.83306 4.00994 4.66190
v 6.22688 3.72926 4.49495
v 6.25378 4.58171 3.80580
v 0.86097 4.89465 3.94616
v 0.88349 5.60733 4.64729
v 0.91008 6.45047 3.60199
v 6.30207 6.11151 3.49434
v 6.27630 5.29439 4.50693
v 0.86097 4.89465 3.94616
v 6.25378 4.58171 3.80580
v 6.27545 5.26870 2.95679
v 0.88346 5.60766 3.06443
v 0.91008 6.45047 3.60199
v 0.92910 7.05392 2.40573
v 6.32050 6.69630 2.33550
v 6.30207 6.11151 3.49434
v 0.88346 5.60766 3.06443
v 6.27545 5.26870 2.95679
v 6.29094 5.76020 1.98501
v 0.89954 6.11782 2.05524
v 0.92910 7.05392 2.40573
v 0.93973 7.39131 1.11081
v 6.33079 7.02321 1.08106
v 6.32050 6.69630 2.33550
v 0.89954 6.11782 2.05524
v 6.29094 5.76020 1.98501
v 6.29958 6.03473 0.93295
v 0.90851 6.40283 0.96270
v 0.93973 7.39131 1.11081
v 0.94148 7.44789 -0.22619
v 6.33249 7.07795 -0.21417
v 6.33079 7.02321 1.08106
v 0.90851 6.40283 0.96270
v 6.29958 6.03473 0.93295
v 6.30099 6.08030 -0.15342
v 0.90998 6.45023 -0.16544
v 0.94148 7.44789 -0.22619
v 0.93429 7.22119 -1.54682
v 6.32552 6.85814 -1.49357
v 6.33249 7.07795 -0.21417
v 0.90998 6.45023 -0.16544
v 6.30099 6.08030 -0.15342
v 6.29511 5.89491 -1.22662
v 0.90388 6.25796 -1.27988
v 0.93429 7.22119 -1.54682
v 0.91847 6.72111 -2.79339
v 6.31018 6.37337 -2.70122
v 6.32552 6.85814 -1.49357
v 0.90388 6.25796 -1.27988
v 6.29511 5.89491 -1.22662
v 6.28220 5.48666 -2.23975
v 0.89049 5.83440 -2.33191
v 0.91847 6.72111 -2.79339
v 0.89471 5.96952 -3.91139
v 6.28716 5.64483 -3.78436
v 6.31018 6.37337 -2.70122
v 0.89049 5.83440 -2.33191
v 6.28220 5.48666 -2.23975
v 6.26282 4.87340 -3.14851
v 0.87037 5.19809 -3.27555
v 0.89471 5.96952 -3.91139
v 0.86406 4.99926 -4.85198
v 6.25744 4.70437 -4.69563
v 6.28716 5.64483 -3.78436
v 0.87037 5.19809 -3.27555
v 6.26282 4.87340 -3.14851
v 6.23781 4.08193 -3.91321
v 0.84443 4.37682 -4.06956
v 0.86406 4.99926 -4.85198
v 0.82784 3.85274 -5.57404
v 6.22234 3.59309 -5.39521
v 6.25744 4.70437 -4.69563
v 0.84443 4.37682 -4.06956
v 6.23781 4.08193 -3.91321
v 6.20827 3.14684 -4.50041
v 0.81378 3.40649 -4.67924
v 0.82784 3.85274 -5.57404
v 0.78765 2.58006 -6.04602
v 6.18338 2.35955 -5.85253
v 6.22234 3.59309 -5.39521
v 0.81378 3.40649 -4.67924
v 6.20827 3.14684 -4.50041
v 6.17550 2.10899 -4.88446
v 0.77976 2.32951 -5.07794
v 0.78765 2.58006 -6.04602
v 0.74524 1.23684 -6.24728
v 6.14228 1.05766 -6.04760
v 6.18338 2.35955 -5.85253
v 0.77976 2.32951 -5.07794
v 6.17550 2.10899 -4.88446
v 6.14091 1.01376 -5.04857
v 0.74388 1.19294 -5.24824
v 0.74524 1.23684 -6.24728
v 0.70246 -0.11820 -6.16903
v 6.10081 -0.25567 -5.97190
v 6.14228 1.05766 -6.04760
v 0.74388 1.19294 -5.24824
v 6.14091 1.01376 -5.04857
v 6.10604 -0.09100 -4.98556
v 0.70768 0.04647 -5.18270
v 0.70246 -0.11820 -6.16903
v 0.66118 -1.42585 -5.81470
v 6.06081 -1.52304 -5.62873
v 6.10081 -0.25567 -5.97190
v 0.70768 0.04647 -5.18270
v 6.10604 -0.09100 -4.98556
v 6.07239 -1.15701 -4.69820
v 0.67276 -1.05981 -4.88417
v 0.66118 -1.42585 -5.81470
v 0.62321 -2.62895 -5.19976
v 6.02401 -2.68907 -5.03308
v 6.06081 -1.52304 -5.62873
v 0.67276 -1.05981 -4.88417
v 6.07239 -1.15701 -4.69820
v 6.04144 -2.13766 -4.19903
v 0.64064 -2.07754 -4.36571
v 0.62321 -2.62895 -5.19976
v 0.59021 -3.67493 -4.35110
v 5.99203 -3.70280 -4.21101
v 6.02401 -2.68907 -5.03308
v 0.64064 -2.07754 -4.36571
v 6.04144 -2.13766 -4.19903
v 6.01454 -2.99011 -3.50988
v 0.61273 -2.96225 -3.64997
v 0.59021 -3.67493 -4.35110
v 0.56362 -4.51807 -3.30580
v 5.96625 -4.51991 -3.19842
v 5.99203 -3.70280 -4.21101
v 0.61273 -2.96225 -3.64997
v 6.01454 -2.99011 -3.50988
v 5.99288 -3.67710 -2.66086
v 0.59024 -3.67526 -2.76824
v 0.56362 -4.51807 -3.30580
v 0.54460 -5.12152 -2.10955
v 5.94782 -5.10470 -2.03958
v 5.96625 -4.51991 -3.19842
v 0.59024 -3.67526 -2.76824
v 5.99288 -3.67710 -2.66086
v 5.97738 -4.16860 -1.68909
v 0.57416 -4.18542 -1.75905
v 0.54460 -5.12152 -2.10955
v 0.53398 -5.45891 -0.81463
v 5.93753 -5.43161 -0.78514
v 5.94782 -5.10470 -2.03958
v 0.57416 -4.18542 -1.75905
v 5.97738 -4.16860 -1.68909
v 5.96874 -4.44314 -0.63703
v 0.56519 -4.47043 -0.66651
v 5.93753 -5.43161 -0.78514
v 5.93583 -5.48636 0.51009
v 6.34823 -5.09992 0.48578
v 6.34981 -5.04885 -0.72590
v 5.96874 -4.44314 -0.63703
v 6.38103 -4.06037 -0.57779
v 6.37973 -4.10226 0.42504
v 5.96733 -4.48870 0.44934
v 5.93583 -5.48636 0.51009
v 5.94280 -5.26654 1.78949
v 6.35477 -4.89387 1.68270
v 6.34823 -5.09992 0.48578
v 5.96733 -4.48870 0.44934
v 6.37973 -4.10226 0.42504
v 6.38517 -3.93064 1.41576
v 5.97321 -4.30331 1.52254
v 5.94280 -5.26654 1.78949
v 5.95814 -4.78177 2.99714
v 6.36913 -4.43971 2.81254
v 6.35477 -4.89387 1.68270
v 5.97321 -4.30331 1.52254
v 6.38517 -3.93064 1.41576
v 6.39712 -3.55300 2.35106
v 5.98612 -3.89506 2.53567
v 5.95814 -4.78177 2.99714
v 5.98117 -4.05324 4.08028
v 6.39070 -3.75729 3.82593
v 6.36913 -4.43971 2.81254
v 5.98612 -3.89506 2.53567
v 6.39712 -3.55300 2.35106
v 6.41504 -2.98585 3.19009
v 6.00551 -3.28180 3.44443
v 5.98117 -4.05324 4.08028
v 6.01088 -3.11278 4.99155
v 6.41853 -2.87642 4.67857
v 6.39070 -3.75729 3.82593
v 6.00551 -3.28180 3.44443
v 6.41504 -2.98585 3.19009
v 6.43817 -2.25398 3.89615
v 6.03051 -2.49033 4.20913
v 6.01088 -3.11278 4.99155
v 6.04598 -2.00149 5.69113
v 6.45141 -1.83561 5.33321
v 6.41853 -2.87642 4.67857
v 6.03051 -2.49033 4.20913
v 6.43817 -2.25398 3.89615
v 6.46548 -1.38936 4.43841
v 6.06005 -1.55524 4.79634
v 6.04598 -2.00149 5.69113
v 6.08494 -0.76795 6.14846
v 6.48789 -0.68035 5.76122
v 6.45141 -1.83561 5.33321
v 6.06005 -1.55524 4.79634
v 6.46548 -1.38936 4.43841
v 6.49578 -0.42980 4.79315
v 6.09282 -0.51740 5.18038
v 6.08494 -0.76795 6.14846
v 6.12605 0.53394 6.34353
v 6.52639 0.53887 5.94390
v 6.48789 -0.68035 5.76122
v 6.09282 -0.51740 5.18038
v 6.49578 -0.42980 4.79315
v 6.52775 0.58278 4.94487
v 6.12741 0.57784 5.34449
v 6.12605 0.53394 6.34353
v 6.16751 1.84726 6.26782
v 6.56522 1.76878 5.87328
v 6.52639 0.53887 5.94390
v 6.12741 0.57784 5.34449
v 6.52775 0.58278 4.94487
v 6.56000 1.60411 4.88694
v 6.16228 1.68260 5.28148
v 6.16751 1.84726 6.26782
v 6.20751 3.11464 5.92465
v 6.60268 2.95560 5.55243
v 6.56522 1.76878 5.87328
v 6.16228 1.68260 5.28148
v 6.56000 1.60411 4.88694
v 6.59110 2.58957 4.62190
v 6.19593 2.74860 4.99412
v 6.20751 3.11464 5.92465
v 6.24431 4.28067 5.32901
v 6.63714 4.04748 4.99537
v 6.60268 2.95560 5.55243
v 6.19593 2.74860 4.99412
v 6.59110 2.58957 4.62190
v 6.61971 3.49607 4.16132
v 6.22688 3.72926 4.49495
v 6.24431 4.28067 5.32901
v 6.27630 5.29439 4.50693
v 6.66709 4.99670 4.22647
v 6.63714 4.04748 4.99537
v 6.22688 3.72926 4.49495
v 6.61971 3.49607 4.16132
v 6.64457 4.28402 3.52534
v 6.25378 4.58171 3.80580
v 6.27630 5.29439 4.50693
v 6.30207 6.11151 3.49434
v 6.69122 5.76176 3.27931
v 6.66709 4.99670 4.22647
v 6.25378 4.58171 3.80580
v 6.64457 4.28402 3.52534
v 6.66460 4.91895 2.74175
v 6.27545 5.26870 2.95679
v 6.30207 6.11151 3.49434
v 6.32050 6.69630 2.33550
v 6.70848 6.30924 2.19530
v 6.69122 5.76176 3.27931
v 6.27545 5.26870 2.95679
v 6.66460 4.91895 2.74175
v 6.67892 5.37314 1.84480
v 6.29094 5.76020 1.98501
v 6.32050 6.69630 2.33550
v 6.33079 7.02321 1.08106
v 6.71811 6.61520 1.02180
v 6.70848 6.30924 2.19530
v 6.29094 5.76020 1.98501
v 6.67892 5.37314 1.84480
v 6.68690 5.62672 0.87369
v 6.29958 6.03473 0.93295
v 6.33079 7.02321 1.08106
v 6.33249 7.07795 -0.21417
v 6.71969 6.66627 -0.18988
v 6.71811 6.61520 1.02180
v 6.29958 6.03473 0.93295
v 6.68690 5.62672 0.87369
v 6.68820 5.66861 -0.12914
v 6.30099 6.08030 -0.15342
v 6.33249 7.07795 -0.21417
v 6.32552 6.85814 -1.49357
v 6.71316 6.46022 -1.38680
v 6.71969 6.66627 -0.18988
v 6.30099 6.08030 -0.15342
v 6.68820 5.66861 -0.12914
v 6.68275 5.49699 -1.11985
v 6.29511 5.89491 -1.22662
v 6.32552 6.85814 -1.49357
v 6.31018 6.37337 -2.70122
v 6.69879 6.00606 -2.51664
v 6.71316 6.46022 -1.38680
v 6.29511 5.89491 -1.22662
v 6.68275 5.49699 -1.11985
v 6.67081 5.11935 -2.05516
v 6.28220 5.48666 -2.23975
v 6.31018 6.37337 -2.70122
v 6.28716 5.64483 -3.78436
v 6.67722 5.32364 -3.53003
v 6.69879 6.00606 -2.51664
v 6.28220 5.48666 -2.23975
v 6.67081 5.11935 -2.05516
v 6.65288 4.55220 -2.89419
v 6.26282 4.87340 -3.14851
v 6.28716 5.64483 -3.78436
v 6.25744 4.70437 -4.69563
v 6.64939 4.44277 -4.38267
v 6.67722 5.32364 -3.53003
v 6.26282 4.87340 -3.14851
v 6.65288 4.55220 -2.89419
v 6.62976 3.82033 -3.60025
v 6.23781 4.08193 -3.91321
v 6.25744 4.70437 -4.69563
v 6.22234 3.59309 -5.39521
v 6.61651 3.40196 -5.03730
v 6.64939 4.44277 -4.38267
v 6.23781 4.08193 -3.91321
v 6.62976 3.82033 -3.60025
v 6.60245 2.95572 -4.14250
v 6.20827 3.14684 -4.50041
v 6.22234 3.59309 -5.39521
v 6.18338 2.35955 -5.85253
v 6.58003 2.24670 -5.46531
v 6.61651 3.40196 -5.03730
v 6.20827 3.14684 -4.50041
v 6.60245 2.95572 -4.14250
v 6.57214 1.99615 -4.49724
v 6.17550 2.10899 -4.88446
v 6.18338 2.35955 -5.85253
v 6.14228 1.05766 -6.04760
v 6.54153 1.02748 -5.64800
v 6.58003 2.24670 -5.46531
v 6.17550 2.10899 -4.88446
v 6.57214 1.99615 -4.49724
v 6.54017 0.98358 -4.64896
v 6.14091 1.01376 -5.04857
v 6.14228 1.05766 -6.04760
v 6.10081 -0.25567 -5.97190
v 6.50270 -0.20242 -5.57737
v 6.54153 1.02748 -5.64800
v 6.14091 1.01376 -5.04857
v 6.54017 0.98358 -4.64896
v 6.50793 -0.03776 -4.59104
v 6.10604 -0.09100 -4.98556
v 6.10081 -0.25567 -5.97190
v 6.06081 -1.52304 -5.62873
v 6.46524 -1.38925 -5.25652
v 6.50270 -0.20242 -5.57737
v 6.10604 -0.09100 -4.98556
v 6.50793 -0.03776 -4.59104
v 6.47682 -1.02322 -4.32599
v 6.07239 -1.15701 -4.69820
v 6.06081 -1.52304 -5.62873
v 6.02401 -2.68907 -5.03308
v 6.43078 -2.48113 -4.69947
v 6.46524 -1.38925 -5.25652
v 6.07239 -1.15701 -4.69820
v 6.47682 -1.02322 -4.32599
v 6.44821 -1.92972 -3.86542
v 6.04144 -2.13766 -4.19903
v 6.02401 -2.68907 -5.03308
v 5.99203 -3.70280 -4.21101
v 6.40083 -3.43035 -3.93056
v 6.43078 -2.48113 -4.69947
v 6.04144 -2.13766 -4.19903
v 6.44821 -1.92972 -3.86542
v 6.42335 -2.71766 -3.22944
v 6.01454 -2.99011 -3.50988
v 5.99203 -3.70280 -4.21101
v 5.96625 -4.51991 -3.19842
v 6.37670 -4.19541 -2.98341
v 6.40083 -3.43035 -3.93056
v 6.01454 -2.99011 -3.50988
v 6.42335 -2.71766 -3.22944
v 6.40333 -3.35260 -2.44585
v 5.99288 -3.67710 -2.66086
v 5.96625 -4.51991 -3.19842
v 5.94782 -5.10470 -2.03958
v 6.35944 -4.74289 -1.89939
v 6.37670 -4.19541 -2.98341
v 5.99288 -3.67710 -2.66086
v 6.40333 -3.35260 -2.44585
v 6.38901 -3.80679 -1.54890
v 5.97738 -4.16860 -1.68909
v 5.94782 -5.10470 -2.03958
v 5.93753 -5.43161 -0.78514
v 6.34981 -5.04885 -0.72590
v 6.35944 -4.74289 -1.89939
v 5.97738 -4.16860 -1.68909
v 6.38901 -3.80679 -1.54890
v 6.38103 -4.06037 -0.57779
v 5.96874 -4.44314 -0.63703
v -0.05012 -4.94574 -0.74056
v -0.01891 -3.95726 -0.59245
v -0.02014 -3.99699 0.41071
v -0.05163 -4.99465 0.47145
v 6.34981 -5.04885 -0.72590
v 6.34823 -5.09992 0.48578
v 6.37973 -4.10226 0.42504
v 6.38103 -4.06037 -0.57779
v -0.05163 -4.99465 0.47145
v -0.02014 -3.99699 0.41071
v -0.01449 -3.81898 1.40238
v -0.04490 -4.78222 1.66933
v 6.34823 -5.09992 0.48578
v 6.35477 -4.89387 1.68270
v 6.38517 -3.93064 1.41576
v 6.37973 -4.10226 0.42504
v -0.04490 -4.78222 1.66933
v -0.01449 -3.81898 1.40238
v -0.00222 -3.43101 2.33924
v -0.03021 -4.31772 2.80072
v 6.35477 -4.89387 1.68270
v 6.36913 -4.43971 2.81254
v 6.39712 -3.55300 2.35106
v 6.38517 -3.93064 1.41576
v -0.03021 -4.31772 2.80072
v -0.00222 -3.43101 2.33924
v 0.01614 -2.85004 3.18033
v -0.00820 -3.62147 3.81618
v 6.36913 -4.43971 2.81254
v 6.39070 -3.75729 3.82593
v 6.41504 -2.98585 3.19009
v 6.39712 -3.55300 2.35106
v -0.00820 -3.62147 3.81618
v 0.01614 -2.85004 3.18033
v 0.03979 -2.10144 3.88891
v 0.02016 -2.72389 4.67132
v 6.39070 -3.75729 3.82593
v 6.41853 -2.87642 4.67857
v 6.43817 -2.25398 3.89615
v 6.41504 -2.98585 3.19009
v 0.02016 -2.72389 4.67132
v 0.03979 -2.10144 3.88891
v 0.06770 -1.21795 4.43399
v 0.05363 -1.66420 5.32879
v 6.41853 -2.87642 4.67857
v 6.45141 -1.83561 5.33321
v 6.46548 -1.38936 4.43841
v 6.43817 -2.25398 3.89615
v 0.05363 -1.66420 5.32879
v 0.06770 -1.21795 4.43399
v 0.09864 -0.23818 4.79175
v 0.09075 -0.48873 5.75983
v 6.45141 -1.83561 5.33321
v 6.48789 -0.68035 5.76122
v 6.49578 -0.42980 4.79315
v 6.46548 -1.38936 4.43841
v 0.09075 -0.48873 5.75983
v 0.09864 -0.23818 4.79175
v 0.13127 0.79507 4.94657
v 0.12990 0.75116 5.94561
v 6.48789 -0.68035 5.76122
v 6.52639 0.53887 5.94390
v 6.52775 0.58278 4.94487
v 6.49578 -0.42980 4.79315
v 0.12990 0.75116 5.94561
v 0.13127 0.79507 4.94657
v 0.16415 1.83661 4.89167
v 0.16937 2.00128 5.87801
v 6.52639 0.53887 5.94390
v 6.56522 1.76878 5.87328
v 6.56000 1.60411 4.88694
v 6.52775 0.58278 4.94487
v 0.16937 2.00128 5.87801
v 0.16415 1.83661 4.89167
v 0.19585 2.84095 4.62946
v 0.20743 3.20698 5.55999
v 6.56522 1.76878 5.87328
v 6.60268 2.95560 5.55243
v 6.59110 2.58957 4.62190
v 6.56000 1.60411 4.88694
v 0.20743 3.20698 5.55999
v 0.19585 2.84095 4.62946
v 0.22499 3.76417 4.17139
v 0.24242 4.31558 5.00544
v 6.60268 2.95560 5.55243
v 6.63714 4.04748 4.99537
v 6.61971 3.49607 4.16132
v 6.59110 2.58957 4.62190
v 0.24242 4.31558 5.00544
v 0.22499 3.76417 4.17139
v 0.25028 4.56594 3.53748
v 0.27280 5.27862 4.23861
v 6.63714 4.04748 4.99537
v 6.66709 4.99670 4.22647
v 6.64457 4.28402 3.52534
v 6.61971 3.49607 4.16132
v 0.27280 5.27862 4.23861
v 0.25028 4.56594 3.53748
v 0.27064 5.21121 2.75544
v 0.29726 6.05402 3.29300
v 6.66709 4.99670 4.22647
v 6.69122 5.76176 3.27931
v 6.66460 4.91895 2.74175
v 6.64457 4.28402 3.52534
v 0.29726 6.05402 3.29300
v 0.27064 5.21121 2.75544
v 0.28516 5.67178 1.85945
v 0.31472 6.60788 2.20994
v 6.69122 5.76176 3.27931
v 6.70848 6.30924 2.19530
v 6.67892 5.37314 1.84480
v 6.66460 4.91895 2.74175
v 0.31472 6.60788 2.20994
v 0.28516 5.67178 1.85945
v 0.29321 5.92752 0.88866
v 0.32442 6.91600 1.03677
v 6.70848 6.30924 2.19530
v 6.71811 6.61520 1.02180
v 6.68690 5.62672 0.87369
v 6.67892 5.37314 1.84480
v 0.32442 6.91600 1.03677
v 0.29321 5.92752 0.88866
v 0.29444 5.96726 -0.11449
v 0.32593 6.96492 -0.17524
v 6.71811 6.61520 1.02180
v 6.71969 6.66627 -0.18988
v 6.68820 5.66861 -0.12914
v 6.68690 5.62672 0.87369
v 0.32593 6.96492 -0.17524
v 0.29444 5.96726 -0.11449
v 0.28879 5.78925 -1.10617
v 0.31920 6.75248 -1.37311
v 6.71969 6.66627 -0.18988
v 6.71316 6.46022 -1.38680
v 6.68275 5.49699 -1.11985
v 6.68820 5.66861 -0.12914
v 0.31920 6.75248 -1.37311
v 0.28879 5.78925 -1.10617
v 0.27652 5.40128 -2.04302
v 0.30450 6.28799 -2.50450
v 6.71316 6.46022 -1.38680
v 6.69879 6.00606 -2.51664
v 6.67081 5.11935 -2.05516
v 6.68275 5.49699 -1.11985
v 0.30450 6.28799 -2.50450
v 0.27652 5.40128 -2.04302
v 0.25816 4.82030 -2.88412
v 0.28250 5.59174 -3.51996
v 6.69879 6.00606 -2.51664
v 6.67722 5.32364 -3.53003
v 6.65288 4.55220 -2.89419
v 6.67081 5.11935 -2.05516
v 0.28250 5.59174 -3.51996
v 0.25816 4.82030 -2.88412
v 0.23451 4.07171 -3.59269
v 0.25414 4.69415 -4.37511
v 6.67722 5.32364 -3.53003
v 6.64939 4.44277 -4.38267
v 6.62976 3.82033 -3.60025
v 6.65288 4.55220 -2.89419
v 0.25414 4.69415 -4.37511
v 0.23451 4.07171 -3.59269
v 0.20660 3.18822 -4.13777
v 0.22067 3.63447 -5.03257
v 6.64939 4.44277 -4.38267
v 6.61651 3.40196 -5.03730
v 6.60245 2.95572 -4.14250
v 6.62976 3.82033 -3.60025
v 0.22067 3.63447 -5.03257
v 0.20660 3.18822 -4.13777
v 0.17566 2.20844 -4.49554
v 0.18354 2.45899 -5.46361
v 6.61651 3.40196 -5.03730
v 6.58003 2.24670 -5.46531
v 6.57214 1.99615 -4.49724
v 6.60245 2.95572 -4.14250
v 0.18354 2.45899 -5.46361
v 0.17566 2.20844 -4.49554
v 0.14303 1.17520 -4.65036
v 0.14439 1.21910 -5.64939
v 6.58003 2.24670 -5.46531
v 6.54153 1.02748 -5.64800
v 6.54017 0.98358 -4.64896
v 6.57214 1.99615 -4.49724
v 0.14439 1.21910 -5.64939
v 0.14303 1.17520 -4.65036
v 0.11015 0.13365 -4.59546
v 0.10493 -0.03101 -5.58179
v 6.54153 1.02748 -5.64800
v 6.50270 -0.20242 -5.57737
v 6.50793 -0.03776 -4.59104
v 6.54017 0.98358 -4.64896
v 0.10493 -0.03101 -5.58179
v 0.11015 0.13365 -4.59546
v 0.07845 -0.87068 -4.33324
v 0.06687 -1.23672 -5.26377
v 6.50270 -0.20242 -5.57737
v 6.46524 -1.38925 -5.25652
v 6.47682 -1.02322 -4.32599
v 6.50793 -0.03776 -4.59104
v 0.06687 -1.23672 -5.26377
v 0.07845 -0.87068 -4.33324
v 0.04931 -1.79391 -3.87517
v 0.03188 -2.34531 -4.70923
v 6.46524 -1.38925 -5.25652
v 6.43078 -2.48113 -4.69947
v 6.44821 -1.92972 -3.86542
v 6.47682 -1.02322 -4.32599
v 0.03188 -2.34531 -4.70923
v 0.04931 -1.79391 -3.87517
v 0.02401 -2.59568 -3.24126
v 0.00150 -3.30836 -3.94239
v 6.43078 -2.48113 -4.69947
v 6.40083 -3.43035 -3.93056
v 6.42335 -2.71766 -3.22944
v 6.44821 -1.92972 -3.86542
v 0.00150 -3.30836 -3.94239
v 0.02401 -2.59568 -3.24126
v 0.00366 -3.24095 -2.45922
v -0.02296 -4.08375 -2.99678
v 6.40083 -3.43035 -3.93056
v 6.37670 -4.19541 -2.98341
v 6.40333 -3.35260 -2.44585
v 6.42335 -2.71766 -3.22944
v -0.02296 -4.08375 -2.99678
v 0.00366 -3.24095 -2.45922
v -0.01086 -3.70152 -1.56323
v -0.04042 -4.63762 -1.91372
v 6.37670 -4.19541 -2.98341
v 6.35944 -4.74289 -1.89939
v 6.38901 -3.80679 -1.54890
v 6.40333 -3.35260 -2.44585
v -0.04042 -4.63762 -1.91372
v -0.01086 -3.70152 -1.56323
v -0.01891 -3.95726 -0.59244
v -0.05012 -4.94574 -0.74056
v 6.35944 -4.74289 -1.89939
v 6.34981 -5.04885 -0.72590
v 6.38103 -4.06037 -0.57779
v 6.38901 -3.80679 -1.54890
v -0.05012 -4.94574 -0.74056
v 0.53398 -5.45891 -0.81463
v 0.56519 -4.47043 -0.66652
v -0.01891 -3.95726 -0.59245
v -0.01891 -3.95726 -0.59244
v 0.56519 -4.47043 -0.66651
v 0.53398 -5.45891 -0.81463
v -0.05012 -4.94574 -0.74056
v 0.53398 -5.45891 -0.81463
v 5.93753 -5.43161 -0.78514
v 5.96874 -4.44314 -0.63703
v 0.56519 -4.47043 -0.66652
v 0.56519 -4.47043 -0.66651
v 5.96874 -4.44314 -0.63703
v 5.93753 -5.43161 -0.78514
v 0.53398 -5.45891 -0.81463
v 5.93753 -5.43161 -0.78514
v 6.34981 -5.04885 -0.72590
v 6.38103 -4.06037 -0.57779
v 5.96874 -4.44314 -0.63703
v 5.96874 -4.44314 -0.63703
v 6.38103 -4.06037 -0.57779
v 6.34981 -5.04885 -0.72590
v 5.93753 -5.43161 -0.78514
v 2.04569 2.80603 5.48541
v 2.06754 3.49797 5.58909
v 2.76719 3.47588 5.58907
v 2.74534 2.78394 5.48539
v 2.79184 4.26432 -4.40431
v 2.81369 4.95626 -4.30064
v 2.11403 4.97835 -4.30062
v 2.09219 4.28641 -4.40430
v 2.03507 2.46986 5.03058
v 2.73472 2.44777 5.03056
v 2.77749 3.80972 -4.06797
v 2.07784 3.83180 -4.06795
v 2.12466 5.31452 -3.84579
v 2.82431 5.29243 -3.84581
v 2.78153 3.93049 5.25273
v 2.08188 3.95257 5.25274
v 1.64775 2.87787 5.08983
v 1.69053 4.23982 -4.00870
v 1.71237 4.93175 -3.90502
v 1.66960 3.56981 5.19351
v 3.16885 3.52247 5.19347
v 3.21163 4.88442 -3.90506
v 3.18978 4.19248 -4.00874
v 3.14700 2.83054 5.08979
v 2.03507 2.46986 5.03058
v 2.07784 3.83180 -4.06795
v 1.69053 4.23982 -4.00870
v 1.64775 2.87787 5.08983
v 3.14700 2.83054 5.08979
v 3.18978 4.19248 -4.00874
v 2.77749 3.80972 -4.06797
v 2.73472 2.44777 5.03056
v 1.66960 3.56981 5.19351
v 1.71237 4.93175 -3.90502
v 2.12466 5.31452 -3.84579
v 2.08188 3.95257 5.25274
v 2.78153 3.93049 5.25273
v 2.82431 5.29243 -3.84581
v 3.21163 4.88442 -3.90506
v 3.16885 3.52247 5.19347
v 1.64775 2.87787 5.08983
v 1.66960 3.56981 5.19351
v 2.06754 3.49797 5.58909
v 2.04569 2.80603 5.48541
v 2.09219 4.28641 -4.40430
v 2.11403 4.97835 -4.30062
v 1.71237 4.93175 -3.90502
v 1.69053 4.23982 -4.00870
v 2.74534 2.78394 5.48539
v 2.76719 3.47588 5.58907
v 3.16885 3.52247 5.19347
v 3.14700 2.83054 5.08979
v 3.18978 4.19248 -4.00874
v 3.21163 4.88442 -3.90506
v 2.81369 4.95626 -4.30064
v 2.79184 4.26432 -4.40431
v 2.04569 2.80603 5.48541
v 2.74534 2.78394 5.48539
v 2.73472 2.44777 5.03056
v 2.03507 2.46986 5.03058
v 2.08188 3.95257 5.25274
v 2.78153 3.93049 5.25273
v 2.76719 3.47588 5.58907
v 2.06754 3.49797 5.58909
v 2.07784 3.83180 -4.06795
v 2.77749 3.80972 -4.06797
v 2.79184 4.26432 -4.40431
v 2.09219 4.28641 -4.40430
v 2.11403 4.97835 -4.30062
v 2.81369 4.95626 -4.30064
v 2.82431 5.29243 -3.84581
v 2.12466 5.31452 -3.84579
v 2.04569 2.80603 5.48541
v 2.03507 2.46986 5.03058
v 1.64775 2.87787 5.08983
v 3.14700 2.83054 5.08979
v 2.73472 2.44777 5.03056
v 2.74534 2.78394 5.48539
v 1.66960 3.56981 5.19351
v 2.08188 3.95257 5.25274
v 2.06754 3.49797 5.58909
v 2.76719 3.47588 5.58907
v 2.78153 3.93049 5.25273
v 3.16885 3.52247 5.19347
v 1.69053 4.23982 -4.00870
v 2.07784 3.83180 -4.06795
v 2.09219 4.28641 -4.40430
v 2.79184 4.26432 -4.40431
v 2.77749 3.80972 -4.06797
v 3.18978 4.19248 -4.00874
v 2.11403 4.97835 -4.30062
v 2.12466 5.31452 -3.84579
v 1.71237 4.93175 -3.90502
v 3.21163 4.88442 -3.90506
v 2.82431 5.29243 -3.84581
v 2.81369 4.95626 -4.30064
v 1.67079 6.77572 6.07786
v 1.69263 7.46766 6.18154
v 2.39229 7.44557 6.18153
v 2.37044 6.75364 6.07785
v 2.41693 8.23401 -3.81186
v 2.43878 8.92595 -3.70818
v 1.73913 8.94804 -3.70817
v 1.71728 8.25610 -3.81184
v 1.66016 6.43955 5.62303
v 2.35981 6.41746 5.62301
v 2.40259 7.77941 -3.47552
v 1.70294 7.80149 -3.47550
v 1.74975 9.28421 -3.25333
v 2.44941 9.26212 -3.25335
v 2.40663 7.90018 5.84518
v 1.70698 7.92227 5.84520
v 1.27284 6.84756 5.68229
v 1.31562 8.20951 -3.41624
v 1.33747 8.90144 -3.31257
v 1.29469 7.53950 5.78596
v 2.79395 7.49216 5.78593
v 2.83672 8.85411 -3.31260
v 2.81487 8.16217 -3.41628
v 2.77210 6.80023 5.68225
v 1.66016 6.43955 5.62303
v 1.70294 7.80149 -3.47550
v 1.31562 8.20951 -3.41624
v 1.27284 6.84756 5.68229
v 2.77210 6.80023 5.68225
v 2.81487 8.16217 -3.41628
v 2.40259 7.77941 -3.47552
v 2.35981 6.41746 5.62301
v 1.29469 7.53950 5.78596
v 1.33747 8.90144 -3.31257
v 1.74975 9.28421 -3.25333
v 1.70698 7.92227 5.84520
v 2.40663 7.90018 5.84518
v 2.44941 9.26212 -3.25335
v 2.83672 8.85411 -3.31260
v 2.79395 7.49216 5.78593
v 1.27284 6.84756 5.68229
v 1.29469 7.53950 5.78596
v 1.69263 7.46766 6.18154
v 1.67079 6.77572 6.07786
v 1.71728 8.25610 -3.81184
v 1.73913 8.94804 -3.70817
v 1.33747 8.90144 -3.31257
v 1.31562 8.20951 -3.41624
v 2.37044 6.75364 6.07785
v 2.39229 7.44557 6.18153
v 2.79395 7.49216 5.78593
v 2.77210 6.80023 5.68225
v 2.81487 8.16217 -3.41628
v 2.83672 8.85411 -3.31260
v 2.43878 8.92595 -3.70818
v 2.41693 8.23401 -3.81186
v 1.67079 6.77572 6.07786
v 2.37044 6.75364 6.07785
v 2.35981 6.41746 5.62301
v 1.66016 6.43955 5.62303
v 1.70698 7.92227 5.84520
v 2.40663 7.90018 5.84518
v 2.39229 7.44557 6.18153
v 1.69263 7.46766 6.18154
v 1.70294 7.80149 -3.47550
v 2.40259 7.77941 -3.47552
v 2.41693 8.23401 -3.81186
v 1.71728 8.25610 -3.81184
v 1.73913 8.94804 -3.70817
v 2.43878 8.92595 -3.70818
v 2.44941 9.26212 -3.25335
v 1.74975 9.28421 -3.25333
v 1.67079 6.77572 6.07786
v 1.66016 6.43955 5.62303
v 1.27284 6.84756 5.68229
v 2.77210 6.80023 5.68225
v 2.35981 6.41746 5.62301
v 2.37044 6.75364 6.07785
v 1.29469 7.53950 5.78596
v 1.70698 7.92227 5.84520
v 1.69263 7.46766 6.18154
v 2.39229 7.44557 6.18153
v 2.40663 7.90018 5.84518
v 2.79395 7.49216 5.78593
v 1.31562 8.20951 -3.41624
v 1.70294 7.80149 -3.47550
v 1.71728 8.25610 -3.81184
v 2.41693 8.23401 -3.81186
v 2.40259 7.77941 -3.47552
v 2.81487 8.16217 -3.41628
v 1.73913 8.94804 -3.70817
v 1.74975 9.28421 -3.25333
v 1.33747 8.90144 -3.31257
v 2.83672 8.85411 -3.31260
v 2.44941 9.26212 -3.25335
v 2.43878 8.92595 -3.70818
v 1.29588 10.74541 6.67032
v 1.31773 11.43735 6.77400
v 2.01738 11.41526 6.77398
v 1.99553 10.72333 6.67030
v 2.04203 12.20370 -3.21941
v 2.06388 12.89564 -3.11573
v 1.36422 12.91773 -3.11571
v 1.34238 12.22579 -3.21939
v 1.28526 10.40924 6.21549
v 1.98491 10.38715 6.21547
v 2.02768 11.74910 -2.88306
v 1.32803 11.77119 -2.88304
v 1.37485 13.25390 -2.66088
v 2.07450 13.23181 -2.66090
v 2.03172 11.86987 6.43764
v 1.33207 11.89196 6.43765
v 0.89794 10.81725 6.27474
v 0.94072 12.17920 -2.82379
v 0.96256 12.87113 -2.72011
v 0.91979 11.50919 6.37842
v 2.41904 11.46185 6.37838
v 2.46182 12.82380 -2.72015
v 2.43997 12.13187 -2.82383
v 2.39719 10.76992 6.27470
v 1.28526 10.40924 6.21549
v 1.32803 11.77119 -2.88304
v 0.94072 12.17920 -2.82379
v 0.89794 10.81725 6.27474
v 2.39719 10.76992 6.27470
v 2.43997 12.13187 -2.82383
v 2.02768 11.74910 -2.88306
v 1.98491 10.38715 6.21547
v 0.91979 11.50919 6.37842
v 0.96256 12.87113 -2.72011
v 1.37485 13.25390 -2.66088
v 1.33207 11.89196 6.43765
v 2.03172 11.86987 6.43764
v 2.07450 13.23181 -2.66090
v 2.46182 12.82380 -2.72015
v 2.41904 11.46185 6.37838
v 0.89794 10.81725 6.27474
v 0.91979 11.50919 6.37842
v 1.31773 11.43735 6.77400
v 1.29588 10.74541 6.67032
v 1.34238 12.22579 -3.21939
v 1.36422 12.91773 -3.11571
v 0.96256 12.87113 -2.72011
v 0.94072 12.17920 -2.82379
v 1.99553 10.72333 6.67030
v 2.01738 11.41526 6.77398
v 2.41904 11.46185 6.37838
v 2.39719 10.76992 6.27470
v 2.43997 12.13187 -2.82383
v 2.46182 12.82380 -2.72015
v 2.06388 12.89564 -3.11573
v 2.04203 12.20370 -3.21941
v 1.29588 10.74541 6.67032
v 1.99553 10.72333 6.67030
v 1.98491 10.38715 6.21547
v 1.28526 10.40924 6.21549
v 1.33207 11.89196 6.43765
v 2.03172 11.86987 6.43764
v 2.01738 11.41526 6.77398
v 1.31773 11.43735 6.77400
v 1.32803 11.77119 -2.88304
v 2.02768 11.74910 -2.88306
v 2.04203 12.20370 -3.21941
v 1.34238 12.22579 -3.21939
v 1.36422 12.91773 -3.11571
v 2.06388 12.89564 -3.11573
v 2.07450 13.23181 -2.66090
v 1.37485 13.25390 -2.66088
v 1.29588 10.74541 6.67032
v 1.28526 10.40924 6.21549
v 0.89794 10.81725 6.27474
v 2.39719 10.76992 6.27470
v 1.98491 10.38715 6.21547
v 1.99553 10.72333 6.67030
v 0.91979 11.50919 6.37842
v 1.33207 11.89196 6.43765
v 1.31773 11.43735 6.77400
v 2.01738 11.41526 6.77398
v 2.03172 11.86987 6.43764
v 2.41904 11.46185 6.37838
v 0.94072 12.17920 -2.82379
v 1.32803 11.77119 -2.88304
v 1.34238 12.22579 -3.21939
v 2.04203 12.20370 -3.21941
v 2.02768 11.74910 -2.88306
v 2.43997 12.13187 -2.82383
v 1.36422 12.91773 -3.11571
v 1.37485 13.25390 -2.66088
v 0.96256 12.87113 -2.72011
v 2.46182 12.82380 -2.72015
v 2.07450 13.23181 -2.66090
v 2.06388 12.89564 -3.11573
v -11.76203 -5.14338 5.74729
v -11.72458 -3.95721 5.92502
v -11.12488 -3.97614 5.92500
v -11.16233 -5.16232 5.74727
v -11.10189 -3.23783 -7.10935
v -11.06443 -2.05165 -6.93162
v -11.66413 -2.03272 -6.93160
v -11.70159 -3.21890 -7.10933
v -11.76734 -5.31147 5.51987
v -11.16764 -5.33041 5.51985
v -11.10906 -3.46513 -6.94118
v -11.70876 -3.44620 -6.94116
v -11.65882 -1.86463 -6.70419
v -11.05912 -1.88357 -6.70420
v -11.11770 -3.74884 5.75683
v -11.71740 -3.72991 5.75685
v -11.96100 -5.10747 5.54950
v -11.90242 -3.24219 -6.91154
v -11.86496 -2.05602 -6.73380
v -11.92355 -3.92129 5.72723
v -10.92405 -3.95285 5.72720
v -10.86546 -2.08757 -6.73383
v -10.90292 -3.27375 -6.91156
v -10.96150 -5.13902 5.54947
v -11.76734 -5.31147 5.51987
v -11.70876 -3.44620 -6.94116
v -11.90242 -3.24219 -6.91154
v -11.96100 -5.10747 5.54950
v -10.96150 -5.13902 5.54947
v -10.90292 -3.27375 -6.91156
v -11.10906 -3.46513 -6.94118
v -11.16764 -5.33041 5.51985
v -11.92355 -3.92129 5.72723
v -11.86496 -2.05602 -6.73380
v -11.65882 -1.86463 -6.70419
v -11.71740 -3.72991 5.75685
v -11.11770 -3.74884 5.75683
v -11.05912 -1.88357 -6.70420
v -10.86546 -2.08757 -6.73383
v -10.92405 -3.95285 5.72720
v -11.96100 -5.10747 5.54950
v -11.92355 -3.92129 5.72723
v -11.72458 -3.95721 5.92502
v -11.76203 -5.14338 5.74729
v -11.70159 -3.21890 -7.10933
v -11.66413 -2.03272 -6.93160
v -11.86496 -2.05602 -6.73380
v -11.90242 -3.24219 -6.91154
v -11.16233 -5.16232 5.74727
v -11.12488 -3.97614 5.92500
v -10.92405 -3.95285 5.72720
v -10.96150 -5.13902 5.54947
v -10.90292 -3.27375 -6.91156
v -10.86546 -2.08757 -6.73383
v -11.06443 -2.05165 -6.93162
v -11.10189 -3.23783 -7.10935
v -11.76203 -5.14338 5.74729
v -11.16233 -5.16232 5.74727
v -11.16764 -5.33041 5.51985
v -11.76734 -5.31147 5.51987
v -11.71740 -3.72991 5.75685
v -11.11770 -3.74884 5.75683
v -11.12488 -3.97614 5.92500
v -11.72458 -3.95721 5.92502
v -11.70876 -3.44620 -6.94116
v -11.10906 -3.46513 -6.94118
v -11.10189 -3.23783 -7.10935
v -11.70159 -3.21890 -7.10933
v -11.66413 -2.03272 -6.93160
v -11.06443 -2.05165 -6.93162
v -11.05912 -1.88357 -6.70420
v -11.65882 -1.86463 -6.70419
v -11.76203 -5.14338 5.74729
v -11.76734 -5.31147 5.51987
v -11.96100 -5.10747 5.54950
v -10.96150 -5.13902 5.54947
v -11.16764 -5.33041 5.51985
v -11.16233 -5.16232 5.74727
v -11.92355 -3.92129 5.72723
v -11.71740 -3.72991 5.75685
v -11.72458 -3.95721 5.92502
v -11.12488 -3.97614 5.92500
v -11.11770 -3.74884 5.75683
v -10.92405 -3.95285 5.72720
v -11.90242 -3.24219 -6.91154
v -11.70876 -3.44620 -6.94116
v -11.70159 -3.21890 -7.10933
v -11.10189 -3.23783 -7.10935
v -11.10906 -3.46513 -6.94118
v -10.90292 -3.27375 -6.91156
v -11.66413 -2.03272 -6.93160
v -11.65882 -1.86463 -6.70419
v -11.86496 -2.05602 -6.73380
v -10.86546 -2.08757 -6.73383
v -11.05912 -1.88357 -6.70420
v -11.06443 -2.05165 -6.93162
v -11.62158 -0.69523 6.41378
v -11.58412 0.49094 6.59152
v -10.98442 0.47201 6.59150
v -11.02188 -0.71417 6.41377
v -10.96143 1.21032 -6.44285
v -10.92398 2.39650 -6.26512
v -11.52368 2.41543 -6.26510
v -11.56114 1.22926 -6.44284
v -11.62689 -0.86332 6.18637
v -11.02719 -0.88225 6.18635
v -10.96861 0.98302 -6.27468
v -11.56831 1.00195 -6.27466
v -11.51837 2.58352 -6.03769
v -10.91867 2.56458 -6.03770
v -10.97725 0.69931 6.42333
v -11.57695 0.71824 6.42334
v -11.82055 -0.65931 6.21599
v -11.76196 1.20596 -6.24504
v -11.72451 2.39213 -6.06731
v -11.78310 0.52686 6.39373
v -10.78359 0.49530 6.39370
v -10.72501 2.36058 -6.06733
v -10.76246 1.17440 -6.24506
v -10.82105 -0.69087 6.21597
v -11.62689 -0.86332 6.18637
v -11.56831 1.00195 -6.27466
v -11.76196 1.20596 -6.24504
v -11.82055 -0.65931 6.21599
v -10.82105 -0.69087 6.21597
v -10.76246 1.17440 -6.24506
v -10.96861 0.98302 -6.27468
v -11.02719 -0.88225 6.18635
v -11.78310 0.52686 6.39373
v -11.72451 2.39213 -6.06731
v -11.51837 2.58352 -6.03769
v -11.57695 0.71824 6.42334
v -10.97725 0.69931 6.42333
v -10.91867 2.56458 -6.03770
v -10.72501 2.36058 -6.06733
v -10.78359 0.49530 6.39370
v -11.82055 -0.65931 6.21599
v -11.78310 0.52686 6.39373
v -11.58412 0.49094 6.59152
v -11.62158 -0.69523 6.41378
v -11.56114 1.22926 -6.44284
v -11.52368 2.41543 -6.26510
v -11.72451 2.39213 -6.06731
v -11.76196 1.20596 -6.24504
v -11.02188 -0.71417 6.41377
v -10.98442 0.47201 6.59150
v -10.78359 0.49530 6.39370
v -10.82105 -0.69087 6.21597
v -10.76246 1.17440 -6.24506
v -10.72501 2.36058 -6.06733
v -10.92398 2.39650 -6.26512
v -10.96143 1.21032 -6.44285
v -11.62158 -0.69523 6.41378
v -11.02188 -0.71417 6.41377
v -11.02719 -0.88225 6.18635
v -11.62689 -0.86332 6.18637
v -11.57695 0.71824 6.42334
v -10.97725 0.69931 6.42333
v -10.98442 0.47201 6.59150
v -11.58412 0.49094 6.59152
v -11.56831 1.00195 -6.27466
v -10.96861 0.98302 -6.27468
v -10.96143 1.21032 -6.44285
v -11.56114 1.22926 -6.44284
v -11.52368 2.41543 -6.26510
v -10.92398 2.39650 -6.26512
v -10.91867 2.56458 -6.03770
v -11.51837 2.58352 -6.03769
v -11.62158 -0.69523 6.41378
v -11.62689 -0.86332 6.18637
v -11.82055 -0.65931 6.21599
v -10.82105 -0.69087 6.21597
v -11.02719 -0.88225 6.18635
v -11.02188 -0.71417 6.41377
v -11.78310 0.52686 6.39373
v -11.57695 0.71824 6.42334
v -11.58412 0.49094 6.59152
v -10.98442 0.47201 6.59150
v -10.97725 0.69931 6.42333
v -10.78359 0.49530 6.39370
v -11.76196 1.20596 -6.24504
v -11.56831 1.00195 -6.27466
v -11.56114 1.22926 -6.44284
v -10.96143 1.21032 -6.44285
v -10.96861 0.98302 -6.27468
v -10.76246 1.17440 -6.24506
v -11.52368 2.41543 -6.26510
v -11.51837 2.58352 -6.03769
v -11.72451 2.39213 -6.06731
v -10.72501 2.36058 -6.06733
v -10.91867 2.56458 -6.03770
v -10.92398 2.39650 -6.26512
v -11.48113 3.75292 7.08028
v -11.44367 4.93909 7.25801
v -10.84397 4.92016 7.25800
v -10.88143 3.73399 7.08027
v -10.82098 5.65847 -5.77635
v -10.78353 6.84465 -5.59862
v -11.38323 6.86358 -5.59861
v -11.42068 5.67741 -5.77634
v -11.48644 3.58483 6.85287
v -10.88674 3.56590 6.85285
v -10.82815 5.43117 -5.60818
v -11.42786 5.45011 -5.60817
v -11.37792 7.03167 -5.37119
v -10.77822 7.01274 -5.37120
v -10.83680 5.14746 7.08983
v -11.43650 5.16640 7.08984
v -11.68010 3.78884 6.88249
v -11.62151 5.65411 -5.57854
v -11.58406 6.84029 -5.40081
v -11.64264 4.97501 7.06023
v -10.64314 4.94346 7.06020
v -10.58456 6.80873 -5.40083
v -10.62201 5.62256 -5.57856
v -10.68060 3.75728 6.88247
v -11.48644 3.58483 6.85287
v -11.42786 5.45011 -5.60817
v -11.62151 5.65411 -5.57854
v -11.68010 3.78884 6.88249
v -10.68060 3.75728 6.88247
v -10.62201 5.62256 -5.57856
v -10.82815 5.43117 -5.60818
v -10.88674 3.56590 6.85285
v -11.64264 4.97501 7.06023
v -11.58406 6.84029 -5.40081
v -11.37792 7.03167 -5.37119
v -11.43650 5.16640 7.08984
v -10.83680 5.14746 7.08983
v -10.77822 7.01274 -5.37120
v -10.58456 6.80873 -5.40083
v -10.64314 4.94346 7.06020
v -11.68010 3.78884 6.88249
v -11.64264 4.97501 7.06023
v -11.44367 4.93909 7.25801
v -11.48113 3.75292 7.08028
v -11.42068 5.67741 -5.77634
v -11.38323 6.86358 -5.59861
v -11.58406 6.84029 -5.40081
v -11.62151 5.65411 -5.57854
v -10.88143 3.73399 7.08027
v -10.84397 4.92016 7.25800
v -10.64314 4.94346 7.06020
v -10.68060 3.75728 6.88247
v -10.62201 5.62256 -5.57856
v -10.58456 6.80873 -5.40083
v -10.78353 6.84465 -5.59862
v -10.82098 5.65847 -5.77635
v -11.48113 3.75292 7.08028
v -10.88143 3.73399 7.08027
v -10.88674 3.56590 6.85285
v -11.48644 3.58483 6.85287
v -11.43650 5.16640 7.08984
v -10.83680 5.14746 7.08983
v -10.84397 4.92016 7.25800
v -11.44367 4.93909 7.25801
v -11.42786 5.45011 -5.60817
v -10.82815 5.43117 -5.60818
v -10.82098 5.65847 -5.77635
v -11.42068 5.67741 -5.77634
v -11.38323 6.86358 -5.59861
v -10.78353 6.84465 -5.59862
v -10.77822 7.01274 -5.37120
v -11.37792 7.03167 -5.37119
v -11.48113 3.75292 7.08028
v -11.48644 3.58483 6.85287
v -11.68010 3.78884 6.88249
v -10.68060 3.75728 6.88247
v -10.88674 3.56590 6.85285
v -10.88143 3.73399 7.08027
v -11.64264 4.97501 7.06023
v -11.43650 5.16640 7.08984
v -11.44367 4.93909 7.25801
v -10.84397 4.92016 7.25800
v -10.83680 5.14746 7.08983
v -10.64314 4.94346 7.06020
v -11.62151 5.65411 -5.57854
v -11.42786 5.45011 -5.60817
v -11.42068 5.67741 -5.77634
v -10.82098 5.65847 -5.77635
v -10.82815 5.43117 -5.60818
v -10.62201 5.62256 -5.57856
v -11.38323 6.86358 -5.59861
v -11.37792 7.03167 -5.37119
v -11.58406 6.84029 -5.40081
v -10.58456 6.80873 -5.40083
v -10.77822 7.01274 -5.37120
v -10.78353 6.84465 -5.59862
v -11.34068 8.20107 7.74678
v -11.30322 9.38724 7.92451
v -10.70352 9.36831 7.92450
v -10.74097 8.18214 7.74676
v -10.68053 10.10663 -5.10986
v -10.64308 11.29280 -4.93212
v -11.24278 11.31173 -4.93211
v -11.28023 10.12556 -5.10984
v -11.34599 8.03298 7.51936
v -10.74629 8.01405 7.51935
v -10.68770 9.87932 -4.94168
v -11.28740 9.89826 -4.94167
v -11.23746 11.47982 -4.70469
v -10.63776 11.46089 -4.70471
v -10.69635 9.59561 7.75633
v -11.29605 9.61455 7.75634
v -11.53965 8.23699 7.54899
v -11.48106 10.10226 -4.91204
v -11.44361 11.28844 -4.73431
v -11.50219 9.42316 7.72672
v -10.50269 9.39161 7.72670
v -10.44411 11.25688 -4.73433
v -10.48156 10.07071 -4.91207
v -10.54014 8.20543 7.54897
v -11.34599 8.03298 7.51936
v -11.28740 9.89826 -4.94167
v -11.48106 10.10226 -4.91204
v -11.53965 8.23699 7.54899
v -10.54014 8.20543 7.54897
v -10.48156 10.07071 -4.91207
v -10.68770 9.87932 -4.94168
v -10.74629 8.01405 7.51935
v -11.50219 9.42316 7.72672
v -11.44361 11.28844 -4.73431
v -11.23746 11.47982 -4.70469
v -11.29605 9.61455 7.75634
v -10.69635 9.59561 7.75633
v -10.63776 11.46089 -4.70471
v -10.44411 11.25688 -4.73433
v -10.50269 9.39161 7.72670
v -11.53965 8.23699 7.54899
v -11.50219 9.42316 7.72672
v -11.30322 9.38724 7.92451
v -11.34068 8.20107 7.74678
v -11.28023 10.12556 -5.10984
v -11.24278 11.31173 -4.93211
v -11.44361 11.28844 -4.73431
v -11.48106 10.10226 -4.91204
v -10.74097 8.18214 7.74676
v -10.70352 9.36831 7.92450
v -10.50269 9.39161 7.72670
v -10.54014 8.20543 7.54897
v -10.48156 10.07071 -4.91207
v -10.44411 11.25688 -4.73433
v -10.64308 11.29280 -4.93212
v -10.68053 10.10663 -5.10986
v -11.34068 8.20107 7.74678
v -10.74097 8.18214 7.74676
v -10.74629 8.01405 7.51935
v -11.34599 8.03298 7.51936
v -11.29605 9.61455 7.75634
v -10.69635 9.59561 7.75633
v -10.70352 9.36831 7.92450
v -11.30322 9.38724 7.92451
v -11.28740 9.89826 -4.94167
v -10.68770 9.87932 -4.94168
v -10.68053 10.10663 -5.10986
v -11.28023 10.12556 -5.10984
v -11.24278 11.31173 -4.93211
v -10.64308 11.29280 -4.93212
v -10.63776 11.46089 -4.70471
v -11.23746 11.47982 -4.70469
v -11.34068 8.20107 7.74678
v -11.34599 8.03298 7.51936
v -11.53965 8.23699 7.54899
v -10.54014 8.20543 7.54897
v -10.74629 8.01405 7.51935
v -10.74097 8.18214 7.74676
v -11.50219 9.42316 7.72672
v -11.29605 9.61455 7.75634
v -11.30322 9.38724 7.92451
v -10.70352 9.36831 7.92450
v -10.69635 9.59561 7.75633
v -10.50269 9.39161 7.72670
v -11.48106 10.10226 -4.91204
v -11.28740 9.89826 -4.94167
v -11.28023 10.12556 -5.10984
v -10.68053 10.10663 -5.10986
v -10.68770 9.87932 -4.94168
v -10.48156 10.07071 -4.91207
v -11.24278 11.31173 -4.93211
v -11.23746 11.47982 -4.70469
v -11.44361 11.28844 -4.73431
v -10.44411 11.25688 -4.73433
v -10.63776 11.46089 -4.70471
v -10.64308 11.29280 -4.93212
v -11.20022 12.64922 8.41328
v -11.16277 13.83540 8.59101
v -10.56307 13.81646 8.59100
v -10.60052 12.63029 8.41326
v -10.54008 14.55478 -4.44336
v -10.50262 15.74095 -4.26562
v -11.10233 15.75989 -4.26561
v -11.13978 14.57371 -4.44334
v -11.20554 12.48113 8.18586
v -10.60583 12.46220 8.18585
v -10.54725 14.32747 -4.27519
v -11.14695 14.34641 -4.27517
v -11.09701 15.92797 -4.03819
v -10.49731 15.90904 -4.03821
v -10.55590 14.04377 8.42282
v -11.15560 14.06270 8.42284
v -11.39919 12.68514 8.21549
v -11.34061 14.55042 -4.24554
v -11.30316 15.73659 -4.06781
v -11.36174 13.87132 8.39322
v -10.36224 13.83976 8.39320
v -10.30365 15.70503 -4.06784
v -10.34111 14.51886 -4.24557
v -10.39969 12.65358 8.21546
v -11.20554 12.48113 8.18586
v -11.14695 14.34641 -4.27517
v -11.34061 14.55042 -4.24554
v -11.39919 12.68514 8.21549
v -10.39969 12.65358 8.21546
v -10.34111 14.51886 -4.24557
v -10.54725 14.32747 -4.27519
v -10.60583 12.46220 8.18585
v -11.36174 13.87132 8.39322
v -11.30316 15.73659 -4.06781
v -11.09701 15.92797 -4.03819
v -11.15560 14.06270 8.42284
v -10.55590 14.04377 8.42282
v -10.49731 15.90904 -4.03821
v -10.30365 15.70503 -4.06784
v -10.36224 13.83976 8.39320
v -11.39919 12.68514 8.21549
v -11.36174 13.87132 8.39322
v -11.16277 13.83540 8.59101
v -11.20022 12.64922 8.41328
v -11.13978 14.57371 -4.44334
v -11.10233 15.75989 -4.26561
v -11.30316 15.73659 -4.06781
v -11.34061 14.55042 -4.24554
v -10.60052 12.63029 8.41326
v -10.56307 13.81646 8.59100
v -10.36224 13.83976 8.39320
v -10.39969 12.65358 8.21546
v -10.34111 14.51886 -4.24557
v -10.30365 15.70503 -4.06784
v -10.50262 15.74095 -4.26562
v -10.54008 14.55478 -4.44336
v -11.20022 12.64922 8.41328
v -10.60052 12.63029 8.41326
v -10.60583 12.46220 8.18585
v -11.20554 12.48113 8.18586
v -11.15560 14.06270 8.42284
v -10.55590 14.04377 8.42282
v -10.56307 13.81646 8.59100
v -11.16277 13.83540 8.59101
v -11.14695 14.34641 -4.27517
v -10.54725 14.32747 -4.27519
v -10.54008 14.55478 -4.44336
v -11.13978 14.57371 -4.44334
v -11.10233 15.75989 -4.26561
v -10.50262 15.74095 -4.26562
v -10.49731 15.90904 -4.03821
v -11.09701 15.92797 -4.03819
v -11.20022 12.64922 8.41328
v -11.20554 12.48113 8.18586
v -11.39919 12.68514 8.21549
v -10.39969 12.65358 8.21546
v -10.60583 12.46220 8.18585
v -10.60052 12.63029 8.41326
v -11.36174 13.87132 8.39322
v -11.15560 14.06270 8.42284
v -11.16277 13.83540 8.59101
v -10.56307 13.81646 8.59100
v -10.55590 14.04377 8.42282
v -10.36224 13.83976 8.39320
v -11.34061 14.55042 -4.24554
v -11.14695 14.34641 -4.27517
v -11.13978 14.57371 -4.44334
v -10.54008 14.55478 -4.44336
v -10.54725 14.32747 -4.27519
v -10.34111 14.51886 -4.24557
v -11.10233 15.75989 -4.26561
v -11.09701 15.92797 -4.03819
v -11.30316 15.73659 -4.06781
v -10.30365 15.70503 -4.06784
v -10.49731 15.90904 -4.03821
v -10.50262 15.74095 -4.26562
v -11.05977 17.09737 9.07977
v -11.02232 18.28355 9.25751
v -10.42262 18.26461 9.25749
v -10.46007 17.07844 9.07976
v -10.39963 19.00293 -3.77686
v -10.36217 20.18910 -3.59913
v -10.96187 20.20804 -3.59911
v -10.99933 19.02186 -3.77684
v -11.06508 16.92929 8.85236
v -10.46538 16.91035 8.85234
v -10.40680 18.77563 -3.60869
v -11.00650 18.79456 -3.60867
v -10.95656 20.37613 -3.37170
v -10.35686 20.35719 -3.37171
v -10.41544 18.49192 9.08932
v -11.01515 18.51085 9.08934
v -11.25874 17.13329 8.88199
v -11.20016 18.99857 -3.57905
v -11.16270 20.18474 -3.40131
v -11.22129 18.31947 9.05972
v -10.22179 18.28791 9.05969
v -10.16320 20.15318 -3.40134
v -10.20066 18.96701 -3.57907
v -10.25924 17.10174 8.88196
v -11.06508 16.92929 8.85236
v -11.00650 18.79456 -3.60867
v -11.20016 18.99857 -3.57905
v -11.25874 17.13329 8.88199
v -10.25924 17.10174 8.88196
v -10.20066 18.96701 -3.57907
v -10.40680 18.77563 -3.60869
v -10.46538 16.91035 8.85234
v -11.22129 18.31947 9.05972
v -11.16270 20.18474 -3.40131
v -10.95656 20.37613 -3.37170
v -11.01515 18.51085 9.08934
v -10.41544 18.49192 9.08932
v -10.35686 20.35719 -3.37171
v -10.16320 20.15318 -3.40134
v -10.22179 18.28791 9.05969
v -11.25874 17.13329 8.88199
v -11.22129 18.31947 9.05972
v -11.02232 18.28355 9.25751
v -11.05977 17.09737 9.07977
v -10.99933 19.02186 -3.77684
v -10.96187 20.20804 -3.59911
v -11.16270 20.18474 -3.40131
v -11.20016 18.99857 -3.57905
v -10.46007 17.07844 9.07976
v -10.42262 18.26461 9.25749
v -10.22179 18.28791 9.05969
v -10.25924 17.10174 8.88196
v -10.20066 18.96701 -3.57907
v -10.16320 20.15318 -3.40134
v -10.36217 20.18910 -3.59913
v -10.39963 19.00293 -3.77686
v -11.05977 17.09737 9.07977
v -10.46007 17.07844 9.07976
v -10.46538 16.91035 8.85234
v -11.06508 16.92929 8.85236
v -11.01515 18.51085 9.08934
v -10.41544 18.49192 9.08932
v -10.42262 18.26461 9.25749
v -11.02232 18.28355 9.25751
v -11.00650 18.79456 -3.60867
v -10.40680 18.77563 -3.60869
v -10.39963 19.00293 -3.77686
v -10.99933 19.02186 -3.77684
v -10.96187 20.20804 -3.59911
v -10.36217 20.18910 -3.59913
v -10.35686 20.35719 -3.37171
v -10.95656 20.37613 -3.37170
v -11.05977 17.09737 9.07977
v -11.06508 16.92929 8.85236
v -11.25874 17.13329 8.88199
v -10.25924 17.10174 8.88196
v -10.46538 16.91035 8.85234
v -10.46007 17.07844 9.07976
v -11.22129 18.31947 9.05972
v -11.01515 18.51085 9.08934
v -11.02232 18.28355 9.25751
v -10.42262 18.26461 9.25749
v -10.41544 18.49192 9.08932
v -10.22179 18.28791 9.05969
v -11.20016 18.99857 -3.57905
v -11.00650 18.79456 -3.60867
v -10.99933 19.02186 -3.77684
v -10.39963 19.00293 -3.77686
v -10.40680 18.77563 -3.60869
v -10.20066 18.96701 -3.57907
v -10.96187 20.20804 -3.59911
v -10.95656 20.37613 -3.37170
v -11.16270 20.18474 -3.40131
v -10.16320 20.15318 -3.40134
v -10.35686 20.35719 -3.37171
v -10.36217 20.18910 -3.59913
v -10.91932 21.54552 9.74627
v -10.88187 22.73170 9.92401
v -10.28216 22.71277 9.92399
v -10.31962 21.52659 9.74626
v -10.25917 23.45108 -3.11036
v -10.22172 24.63725 -2.93263
v -10.82142 24.65619 -2.93261
v -10.85888 23.47001 -3.11035
v -10.92463 21.37744 9.51886
v -10.32493 21.35850 9.51884
v -10.26635 23.22378 -2.94219
v -10.86605 23.24271 -2.94217
v -10.81611 24.82428 -2.70520
v -10.21641 24.80534 -2.70521
v -10.27499 22.94007 9.75582
v -10.87469 22.95900 9.75583
v -11.11829 21.58144 9.54848
v -11.05971 23.44672 -2.91255
v -11.02225 24.63289 -2.73482
v -11.08084 22.76762 9.72622
v -10.08134 22.73606 9.72619
v -10.02275 24.60134 -2.73484
v -10.06020 23.41516 -2.91257
v -10.11879 21.54989 9.54846
v -10.92463 21.37744 9.51886
v -10.86605 23.24271 -2.94217
v -11.05971 23.44672 -2.91255
v -11.11829 21.58144 9.54848
v -10.11879 21.54989 9.54846
v -10.06020 23.41516 -2.91257
v -10.26635 23.22378 -2.94219
v -10.32493 21.35850 9.51884
v -11.08084 22.76762 9.72622
v -11.02225 24.63289 -2.73482
v -10.81611 24.82428 -2.70520
v -10.87469 22.95900 9.75583
v -10.27499 22.94007 9.75582
v -10.21641 24.80534 -2.70521
v -10.02275 24.60134 -2.73484
v -10.08134 22.73606 9.72619
v -11.11829 21.58144 9.54848
v -11.08084 22.76762 9.72622
v -10.88187 22.73170 9.92401
v -10.91932 21.54552 9.74627
v -10.85888 23.47001 -3.11035
v -10.82142 24.65619 -2.93261
v -11.02225 24.63289 -2.73482
v -11.05971 23.44672 -2.91255
v -10.31962 21.52659 9.74626
v -10.28216 22.71277 9.92399
v -10.08134 22.73606 9.72619
v -10.11879 21.54989 9.54846
v -10.06020 23.41516 -2.91257
v -10.02275 24.60134 -2.73484
v -10.22172 24.63725 -2.93263
v -10.25917 23.45108 -3.11036
v -10.91932 21.54552 9.74627
v -10.31962 21.52659 9.74626
v -10.32493 21.35850 9.51884
v -10.92463 21.37744 9.51886
v -10.87469 22.95900 9.75583
v -10.27499 22.94007 9.75582
v -10.28216 22.71277 9.92399
v -10.88187 22.73170 9.92401
v -10.86605 23.24271 -2.94217
v -10.26635 23.22378 -2.94219
v -10.25917 23.45108 -3.11036
v -10.85888 23.47001 -3.11035
v -10.82142 24.65619 -2.93261
v -10.22172 24.63725 -2.93263
v -10.21641 24.80534 -2.70521
v -10.81611 24.82428 -2.70520
v -10.91932 21.54552 9.74627
v -10.92463 21.37744 9.51886
v -11.11829 21.58144 9.54848
v -10.11879 21.54989 9.54846
v -10.32493 21.35850 9.51884
v -10.31962 21.52659 9.74626
v -11.08084 22.76762 9.72622
v -10.87469 22.95900 9.75583
v -10.88187 22.73170 9.92401
v -10.28216 22.71277 9.92399
v -10.27499 22.94007 9.75582
v -10.08134 22.73606 9.72619
v -11.05971 23.44672 -2.91255
v -10.86605 23.24271 -2.94217
v -10.85888 23.47001 -3.11035
v -10.25917 23.45108 -3.11036
v -10.26635 23.22378 -2.94219
v -10.06020 23.41516 -2.91257
v -10.82142 24.65619 -2.93261
v -10.81611 24.82428 -2.70520
v -11.02225 24.63289 -2.73482
v -10.02275 24.60134 -2.73484
v -10.21641 24.80534 -2.70521
v -10.22172 24.63725 -2.93263
vt 0.104217 0.930290
vt 0.094454 1.236134
vt 0.038482 1.234347
vt 0.048246 0.928503
vt -0.048246 0.928503
vt -0.038482 1.234347
vt -0.094454 1.236134
vt -0.104217 0.930290
vt 0.101939 1.060503
vt 0.045939 1.060501
vt 0.045942 0.939501
vt 0.101942 0.939503
vt -0.101942 0.939503
vt -0.045942 0.939501
vt -0.045939 1.060501
vt -0.101939 1.060503
vt -0.081156 1.049021
vt -0.063234 0.929355
vt 0.239391 0.974677
vt 0.221470 1.094342
vt -0.221470 1.094342
vt -0.239391 0.974677
vt 0.063234 0.929355
vt 0.081156 1.049021
vt 0.005540 1.061425
vt 0.018284 0.941098
vt 0.035160 0.942886
vt 0.022416 1.063213
vt 0.081568 1.052202
vt 0.068828 0.931874
vt 0.085704 0.930087
vt 0.098444 1.050415
vt 0.077350 1.069028
vt 0.090090 0.948701
vt 0.106966 0.950487
vt 0.094226 1.070815
vt -0.198209 1.081832
vt -0.210954 0.961505
vt -0.194077 0.959717
vt -0.181333 1.080044
vt -0.063586 0.947906
vt 0.235773 1.011311
vt 0.232257 1.027913
vt -0.067102 0.964509
vt -0.075729 1.005240
vt 0.223631 1.068642
vt 0.220114 1.085244
vt -0.079245 1.021843
vt 0.088768 1.066807
vt -0.210591 1.130209
vt -0.214108 1.113606
vt 0.085252 1.050205
vt 0.057579 0.919544
vt -0.241780 0.982949
vt -0.245297 0.966347
vt 0.054062 0.902942
vt 0.101940 0.999650
vt 0.045940 0.999648
vt 0.045941 0.982677
vt 0.101941 0.982679
vt -0.101945 0.869543
vt -0.045945 0.869541
vt -0.045945 0.886511
vt -0.101945 0.886514
vt 0.101939 1.017328
vt 0.045939 1.017326
vt 0.045940 1.000355
vt 0.101940 1.000358
vt -0.101937 1.113494
vt -0.045937 1.113492
vt -0.045936 1.130463
vt -0.101936 1.130464
vt 0.021781 0.990317
vt 0.015118 0.974709
vt 0.031966 0.976743
vt 0.079080 1.024154
vt 0.095929 1.022121
vt 0.089265 1.037729
vt 0.096177 0.920340
vt 0.112984 0.922696
vt 0.102540 0.936073
vt -0.197714 1.010384
vt -0.208158 0.997008
vt -0.191352 0.994651
vt 0.024930 1.030679
vt 0.008124 1.028322
vt 0.018568 1.014946
vt 0.076605 0.940642
vt 0.087048 0.954019
vt 0.070242 0.956375
vt 0.082719 1.088084
vt 0.089383 1.103692
vt 0.072534 1.101659
vt -0.183577 1.054254
vt -0.200425 1.056287
vt -0.193762 1.040679
vt 0.044163 0.962390
vt 0.035930 1.220259
vt -0.012045 1.218727
vt -0.003813 0.960858
vt 0.003813 0.960858
vt 0.012045 1.218727
vt -0.035930 1.220259
vt -0.044163 0.962390
vt 0.042939 1.051501
vt -0.005061 1.051500
vt -0.005059 0.948500
vt 0.042941 0.948501
vt -0.042941 0.948501
vt 0.005059 0.948500
vt 0.005061 1.051500
vt -0.042939 1.051501
vt -0.046198 1.045156
vt -0.030942 0.943292
vt 0.224212 0.981504
vt 0.208957 1.083368
vt -0.208957 1.083368
vt -0.224212 0.981504
vt 0.030942 0.943292
vt 0.046198 1.045156
vt -0.013905 1.050315
vt -0.003056 0.947888
vt 0.019446 0.950272
vt 0.008597 1.052699
vt 0.018038 1.049878
vt 0.007193 0.947451
vt 0.029694 0.945068
vt 0.040539 1.047496
vt 0.107128 1.063131
vt 0.117973 0.960703
vt 0.140474 0.963086
vt 0.129629 1.065513
vt -0.156264 1.068339
vt -0.167112 0.965912
vt -0.144611 0.963528
vt -0.133762 1.065956
vt -0.037064 0.986772
vt 0.215337 1.040231
vt 0.210649 1.062367
vt -0.041752 1.008909
vt -0.034555 0.974930
vt 0.217846 1.028386
vt 0.213158 1.050522
vt -0.039244 0.997066
vt 0.047302 1.035113
vt -0.205100 1.088569
vt -0.209788 1.066433
vt 0.042613 1.012977
vt 0.033694 0.970862
vt -0.218707 1.024321
vt -0.223396 1.002184
vt 0.029005 0.948725
vt 0.042939 1.020154
vt -0.005061 1.020152
vt -0.005060 0.997525
vt 0.042940 0.997526
vt -0.042945 0.870248
vt 0.005055 0.870246
vt 0.005055 0.892873
vt -0.042945 0.892875
vt 0.042940 1.002477
vt -0.005060 1.002475
vt -0.005059 0.979847
vt 0.042941 0.979849
vt -0.042937 1.107128
vt 0.005063 1.107126
vt 0.005064 1.129754
vt -0.042936 1.129755
vt 0.000171 1.021839
vt -0.008714 1.001029
vt 0.013751 1.003740
vt 0.014694 1.015885
vt 0.037158 1.013175
vt 0.028273 1.033984
vt 0.121998 0.944984
vt 0.144406 0.948125
vt 0.130482 0.965961
vt -0.154862 0.985000
vt -0.168787 0.967165
vt -0.146379 0.964023
vt 0.014250 0.999912
vt -0.008158 0.996770
vt 0.005767 0.978935
vt 0.018613 0.959902
vt 0.032538 0.977737
vt 0.010129 0.980879
vt 0.117390 1.066361
vt 0.126275 1.087171
vt 0.103811 1.084461
vt -0.132252 1.072321
vt -0.154717 1.075032
vt -0.145832 1.054222
vt 0.046032 1.154547
vt 0.043671 1.228510
vt -0.000306 1.227106
vt 0.002055 1.153144
vt -0.002055 1.153144
vt 0.000306 1.227106
vt -0.043671 1.228510
vt -0.046032 1.154547
vt 0.050939 1.057001
vt 0.006939 1.057000
vt 0.006942 0.943000
vt 0.050942 0.943001
vt -0.050942 0.943001
vt -0.006942 0.943000
vt -0.006939 1.057000
vt -0.050939 1.057001
vt 0.142870 1.079032
vt 0.159755 0.966290
vt 0.232939 0.977250
vt 0.216054 1.089992
vt -0.216054 1.089992
vt -0.232939 0.977250
vt -0.159755 0.966290
vt -0.142870 1.079032
vt 0.128260 1.070904
vt 0.140268 0.957538
vt 0.158550 0.959474
vt 0.146543 1.072840
vt -0.105846 1.068526
vt -0.117849 0.955159
vt -0.099566 0.953224
vt -0.087563 1.066590
vt 0.108658 1.068823
vt 0.120661 0.955457
vt 0.138944 0.957393
vt 0.126941 1.070759
vt -0.167638 1.075074
vt -0.179645 0.961708
vt -0.161363 0.959772
vt -0.149356 1.073138
vt 0.150696 1.026901
vt 0.223090 1.042235
vt 0.219281 1.060220
vt 0.146887 1.044887
vt 0.152472 1.018516
vt 0.224866 1.033848
vt 0.221057 1.051834
vt 0.148663 1.036502
vt -0.138407 1.084925
vt -0.210802 1.100258
vt -0.214611 1.082272
vt -0.142217 1.066939
vt -0.157143 0.996464
vt -0.229537 1.011797
vt -0.233347 0.993811
vt -0.160952 0.978478
vt 0.050935 1.157686
vt 0.006935 1.157685
vt 0.006936 1.139300
vt 0.050936 1.139302
vt -0.050945 0.870602
vt -0.006945 0.870600
vt -0.006945 0.888985
vt -0.050945 0.888986
vt 0.050946 0.860702
vt 0.006946 0.860700
vt 0.006947 0.842315
vt 0.050947 0.842317
vt -0.050937 1.111017
vt -0.006937 1.111016
vt -0.006936 1.129401
vt -0.050936 1.129402
vt 0.131328 1.115387
vt 0.124110 1.098478
vt 0.142362 1.100681
vt -0.098903 1.119233
vt -0.080651 1.117031
vt -0.087870 1.133939
vt 0.124212 0.944470
vt 0.142419 0.947022
vt 0.131105 0.961513
vt -0.168357 0.990602
vt -0.179671 0.976111
vt -0.161464 0.973559
vt 0.163425 0.939205
vt 0.145218 0.936652
vt 0.156532 0.922161
vt -0.119278 0.893073
vt -0.107965 0.907564
vt -0.126171 0.910116
vt 0.116852 1.070819
vt 0.124071 1.087727
vt 0.105819 1.085525
vt -0.149279 1.066974
vt -0.167531 1.069177
vt -0.160313 1.052269
vt 0.041938 1.065001
vt 0.004739 1.061100
vt -0.006061 1.036400
vt -0.006059 0.963600
vt 0.004742 0.938900
vt 0.041942 0.935001
vt 0.053941 0.958401
vt 0.053939 1.041601
vt -0.050639 1.037025
vt -0.050641 0.962977
vt -0.039962 0.942151
vt -0.006853 0.945621
vt 0.002759 0.967604
vt 0.002761 1.032396
vt -0.006851 1.054379
vt -0.039959 1.057851
vt 0.223280 1.075503
vt 0.235603 0.993221
vt 0.248459 0.995146
vt 0.236136 1.077428
vt 0.129969 1.055594
vt 0.138729 0.972856
vt 0.142677 0.977876
vt 0.134880 1.051512
vt 0.230841 1.026275
vt 0.235205 1.000342
vt 0.248025 1.002499
vt 0.243660 1.028432
vt 0.118794 1.043446
vt 0.130204 1.019753
vt 0.132948 1.027133
vt 0.122792 1.048220
vt -0.037458 1.234034
vt -0.000096 1.232265
vt 0.000519 1.245250
vt -0.036843 1.247020
vt -0.064781 1.123356
vt -0.027684 1.128135
vt -0.029967 1.134902
vt -0.062984 1.130649
vt -0.238299 0.980301
vt -0.233950 1.006906
vt -0.246780 1.009003
vt -0.251128 0.982399
vt -0.168977 1.008891
vt -0.158438 1.033704
vt -0.162484 1.037972
vt -0.171865 1.015889
vt -0.234832 0.998363
vt -0.224050 1.070360
vt -0.236907 1.072286
vt -0.247689 1.000289
vt -0.171850 0.981598
vt -0.164182 1.053993
vt -0.169034 1.050481
vt -0.175859 0.986049
vt -0.223973 1.067943
vt -0.219625 1.094547
vt -0.232455 1.096644
vt -0.236803 1.070040
vt -0.161983 1.000141
vt -0.167106 1.026607
vt -0.171392 1.020367
vt -0.166832 0.996812
vt 0.007341 1.232149
vt 0.044740 1.232752
vt 0.044530 1.245750
vt 0.007131 1.245147
vt -0.033385 0.873231
vt -0.070232 0.879664
vt -0.068762 0.872298
vt -0.035969 0.866572
vt 0.222359 1.076669
vt 0.226724 1.050737
vt 0.239543 1.052894
vt 0.235179 1.078827
vt 0.131463 1.007804
vt 0.125238 0.982254
vt 0.130143 0.978418
vt 0.135683 1.001157
vt -0.001002 1.014811
vt -0.001033 0.990571
vt 0.010644 0.989553
vt 0.010680 1.016293
vt -0.000378 1.011849
vt 0.011304 1.013330
vt 0.011274 0.990767
vt -0.000403 0.991786
vt -0.001033 0.990571
vt -0.000898 0.966613
vt 0.010788 0.963140
vt 0.010644 0.989553
vt -0.000403 0.991786
vt 0.011274 0.990767
vt 0.011396 0.968479
vt -0.000290 0.971952
vt -0.000898 0.966613
vt -0.000604 0.943986
vt 0.011105 0.938209
vt 0.010788 0.963140
vt -0.000290 0.971952
vt 0.011396 0.968479
vt 0.011664 0.947438
vt -0.000044 0.953215
vt -0.000604 0.943986
vt -0.000164 0.923676
vt 0.011580 0.915848
vt 0.011105 0.938209
vt -0.000044 0.953215
vt 0.011664 0.947438
vt 0.012067 0.928565
vt 0.000323 0.936393
vt -0.000164 0.923676
vt 0.000403 0.906574
vt 0.012193 0.897037
vt 0.011580 0.915848
vt 0.000323 0.936393
vt 0.012067 0.928565
vt 0.012585 0.912685
vt 0.000796 0.922222
vt 0.000403 0.906574
vt 0.001073 0.893424
vt 0.012917 0.882595
vt 0.012193 0.897037
vt 0.000796 0.922222
vt 0.012585 0.912685
vt 0.013198 0.900491
vt 0.001354 0.911320
vt 0.001073 0.893424
vt 0.001815 0.884803
vt 0.013721 0.873156
vt 0.012917 0.882595
vt 0.001354 0.911320
vt 0.013198 0.900491
vt 0.013879 0.892517
vt 0.001973 0.904165
vt 0.001815 0.884803
vt 0.002598 0.881088
vt 0.014569 0.869131
vt 0.013721 0.873156
vt 0.001973 0.904165
vt 0.013879 0.892517
vt 0.014596 0.889111
vt 0.002625 0.901069
vt 0.002598 0.881088
vt 0.003387 0.882440
vt 0.015425 0.870696
vt 0.014569 0.869131
vt 0.002625 0.901069
vt 0.014596 0.889111
vt 0.015320 0.890422
vt 0.003283 0.902167
vt 0.003387 0.882440
vt 0.004149 0.888800
vt 0.016250 0.877782
vt 0.015425 0.870696
vt 0.003283 0.902167
vt 0.015320 0.890422
vt 0.016019 0.896393
vt 0.003917 0.907411
vt 0.004149 0.888800
vt 0.004848 0.899891
vt 0.017010 0.890081
vt 0.016250 0.877782
vt 0.003917 0.907411
vt 0.016019 0.896393
vt 0.016661 0.906762
vt 0.004500 0.916572
vt 0.004848 0.899891
vt 0.005456 0.915228
vt 0.017670 0.907054
vt 0.017010 0.890081
vt 0.004500 0.916572
vt 0.016661 0.906762
vt 0.017219 0.921077
vt 0.005006 0.929250
vt 0.005456 0.915228
vt 0.005945 0.934140
vt 0.018202 0.927960
vt 0.017670 0.907054
vt 0.005006 0.929250
vt 0.017219 0.921077
vt 0.017669 0.938711
vt 0.005413 0.944891
vt 0.005945 0.934140
vt 0.006294 0.955801
vt 0.018582 0.951885
vt 0.018202 0.927960
vt 0.005413 0.944891
vt 0.017669 0.938711
vt 0.017991 0.958895
vt 0.005703 0.962811
vt 0.006294 0.955801
vt 0.006488 0.979265
vt 0.018795 0.977784
vt 0.018582 0.951885
vt 0.005703 0.962811
vt 0.017991 0.958895
vt 0.018170 0.980746
vt 0.005864 0.982227
vt 0.006488 0.979265
vt 0.006519 1.003505
vt 0.018830 1.004524
vt 0.018795 0.977784
vt 0.005864 0.982227
vt 0.018170 0.980746
vt 0.018200 1.003309
vt 0.005889 1.002290
vt 0.006519 1.003505
vt 0.006384 1.027462
vt 0.018686 1.030936
vt 0.018830 1.004524
vt 0.005889 1.002290
vt 0.018200 1.003309
vt 0.018078 1.025598
vt 0.005776 1.022123
vt 0.006384 1.027462
vt 0.006090 1.050090
vt 0.018369 1.055868
vt 0.018686 1.030936
vt 0.005776 1.022123
vt 0.018078 1.025598
vt 0.017810 1.046638
vt 0.005530 1.040861
vt 0.006090 1.050090
vt 0.005650 1.070399
vt 0.017894 1.078228
vt 0.018369 1.055868
vt 0.005530 1.040861
vt 0.017810 1.046638
vt 0.017407 1.065511
vt 0.005163 1.057682
vt 0.005650 1.070399
vt 0.005083 1.087502
vt 0.017281 1.097040
vt 0.017894 1.078228
vt 0.005163 1.057682
vt 0.017407 1.065511
vt 0.016889 1.081391
vt 0.004690 1.071854
vt 0.005083 1.087502
vt 0.004413 1.100651
vt 0.016557 1.111481
vt 0.017281 1.097040
vt 0.004690 1.071854
vt 0.016889 1.081391
vt 0.016276 1.093585
vt 0.004132 1.082755
vt 0.004413 1.100651
vt 0.003671 1.109272
vt 0.015753 1.120920
vt 0.016557 1.111481
vt 0.004132 1.082755
vt 0.016276 1.093585
vt 0.015595 1.101559
vt 0.003513 1.089911
vt 0.003671 1.109272
vt 0.002888 1.112988
vt 0.014905 1.124946
vt 0.015753 1.120920
vt 0.003513 1.089911
vt 0.015595 1.101559
vt 0.014878 1.104965
vt 0.002861 1.093007
vt 0.002888 1.112988
vt 0.002099 1.111636
vt 0.014049 1.123381
vt 0.014905 1.124946
vt 0.002861 1.093007
vt 0.014878 1.104965
vt 0.014154 1.103654
vt 0.002203 1.091909
vt 0.002099 1.111636
vt 0.001337 1.105275
vt 0.013224 1.116294
vt 0.014049 1.123381
vt 0.002203 1.091909
vt 0.014154 1.103654
vt 0.013455 1.097683
vt 0.001569 1.086665
vt 0.001337 1.105275
vt 0.000638 1.094185
vt 0.012464 1.103995
vt 0.013224 1.116294
vt 0.001569 1.086665
vt 0.013455 1.097683
vt 0.012813 1.087314
vt 0.000986 1.077503
vt 0.000638 1.094185
vt 0.000030 1.078848
vt 0.011804 1.087022
vt 0.012464 1.103995
vt 0.000986 1.077503
vt 0.012813 1.087314
vt 0.012255 1.072999
vt 0.000480 1.064825
vt 0.000030 1.078848
vt -0.000459 1.059936
vt 0.011272 1.066116
vt 0.011804 1.087022
vt 0.000480 1.064825
vt 0.012255 1.072999
vt 0.011805 1.055365
vt 0.000073 1.049184
vt -0.000459 1.059936
vt -0.000808 1.038275
vt 0.010892 1.042191
vt 0.011272 1.066116
vt 0.000073 1.049184
vt 0.011805 1.055365
vt 0.011483 1.035181
vt -0.000217 1.031265
vt -0.000808 1.038275
vt -0.001002 1.014811
vt 0.010680 1.016292
vt 0.010892 1.042191
vt -0.000217 1.031265
vt 0.011483 1.035181
vt 0.011304 1.013330
vt -0.000378 1.011849
vt 0.010680 1.016293
vt 0.010644 0.989553
vt 0.118717 0.989798
vt 0.118751 1.015703
vt 0.011304 1.013330
vt 0.119375 1.012740
vt 0.119347 0.991013
vt 0.011274 0.990767
vt 0.010644 0.989553
vt 0.010788 0.963140
vt 0.118856 0.964210
vt 0.118717 0.989798
vt 0.011274 0.990767
vt 0.119347 0.991013
vt 0.119464 0.969549
vt 0.011396 0.968479
vt 0.010788 0.963140
vt 0.011105 0.938209
vt 0.119163 0.940057
vt 0.118856 0.964210
vt 0.011396 0.968479
vt 0.119464 0.969549
vt 0.119722 0.949287
vt 0.011664 0.947438
vt 0.011105 0.938209
vt 0.011580 0.915848
vt 0.119623 0.918394
vt 0.119163 0.940057
vt 0.011664 0.947438
vt 0.119722 0.949287
vt 0.120110 0.931111
vt 0.012067 0.928565
vt 0.011580 0.915848
vt 0.012193 0.897037
vt 0.120218 0.900169
vt 0.119623 0.918394
vt 0.012067 0.928565
vt 0.120110 0.931111
vt 0.120610 0.915817
vt 0.012585 0.912685
vt 0.012193 0.897037
vt 0.012917 0.882595
vt 0.120920 0.886177
vt 0.120218 0.900169
vt 0.012585 0.912685
vt 0.120610 0.915817
vt 0.121201 0.904073
vt 0.013198 0.900491
vt 0.012917 0.882595
vt 0.013721 0.873156
vt 0.121699 0.877031
vt 0.120920 0.886177
vt 0.013198 0.900491
vt 0.121201 0.904073
vt 0.121856 0.896392
vt 0.013879 0.892517
vt 0.013721 0.873156
vt 0.014569 0.869131
vt 0.122521 0.873129
vt 0.121699 0.877031
vt 0.013879 0.892517
vt 0.121856 0.896392
vt 0.122548 0.893110
vt 0.014596 0.889111
vt 0.014569 0.869131
vt 0.015425 0.870696
vt 0.123350 0.874644
vt 0.122521 0.873129
vt 0.014596 0.889111
vt 0.122548 0.893110
vt 0.123246 0.894370
vt 0.015320 0.890422
vt 0.015425 0.870696
vt 0.016250 0.877782
vt 0.124150 0.881507
vt 0.123350 0.874644
vt 0.015320 0.890422
vt 0.123246 0.894370
vt 0.123919 0.900118
vt 0.016019 0.896393
vt 0.016250 0.877782
vt 0.017010 0.890081
vt 0.124886 0.893420
vt 0.124150 0.881507
vt 0.016019 0.896393
vt 0.123919 0.900118
vt 0.124538 0.910101
vt 0.016661 0.906762
vt 0.017010 0.890081
vt 0.017670 0.907054
vt 0.125526 0.909861
vt 0.124886 0.893420
vt 0.016661 0.906762
vt 0.124538 0.910101
vt 0.125076 0.923884
vt 0.017219 0.921077
vt 0.017670 0.907054
vt 0.018202 0.927960
vt 0.126041 0.930113
vt 0.125526 0.909861
vt 0.017219 0.921077
vt 0.125076 0.923884
vt 0.125509 0.940864
vt 0.017669 0.938711
vt 0.018202 0.927960
vt 0.018582 0.951885
vt 0.126410 0.953290
vt 0.126041 0.930113
vt 0.017669 0.938711
vt 0.125509 0.940864
vt 0.125819 0.960300
vt 0.017991 0.958895
vt 0.018582 0.951885
vt 0.018795 0.977784
vt 0.126616 0.978379
vt 0.126410 0.953290
vt 0.017991 0.958895
vt 0.125819 0.960300
vt 0.125992 0.981341
vt 0.018170 0.980746
vt 0.018795 0.977784
vt 0.018830 1.004524
vt 0.126650 1.004283
vt 0.126616 0.978379
vt 0.018170 0.980746
vt 0.125992 0.981341
vt 0.126020 1.003068
vt 0.018200 1.003309
vt 0.018830 1.004524
vt 0.018686 1.030936
vt 0.126510 1.029871
vt 0.126650 1.004283
vt 0.018200 1.003309
vt 0.126020 1.003068
vt 0.125902 1.024532
vt 0.018078 1.025598
vt 0.018686 1.030936
vt 0.018369 1.055868
vt 0.126204 1.054024
vt 0.126510 1.029871
vt 0.018078 1.025598
vt 0.125902 1.024532
vt 0.125644 1.044795
vt 0.017810 1.046638
vt 0.018369 1.055868
vt 0.017894 1.078228
vt 0.125743 1.075687
vt 0.126204 1.054024
vt 0.017810 1.046638
vt 0.125644 1.044795
vt 0.125256 1.062970
vt 0.017407 1.065511
vt 0.017894 1.078228
vt 0.017281 1.097040
vt 0.125149 1.093913
vt 0.125743 1.075687
vt 0.017407 1.065511
vt 0.125256 1.062970
vt 0.124756 1.078264
vt 0.016889 1.081391
vt 0.017281 1.097040
vt 0.016557 1.111481
vt 0.124447 1.107904
vt 0.125149 1.093913
vt 0.016889 1.081391
vt 0.124756 1.078264
vt 0.124165 1.090008
vt 0.016276 1.093585
vt 0.016557 1.111481
vt 0.015753 1.120920
vt 0.123668 1.117051
vt 0.124447 1.107904
vt 0.016276 1.093585
vt 0.124165 1.090008
vt 0.123510 1.097689
vt 0.015595 1.101559
vt 0.015753 1.120920
vt 0.014905 1.124946
vt 0.122846 1.120952
vt 0.123668 1.117051
vt 0.015595 1.101559
vt 0.123510 1.097689
vt 0.122818 1.100971
vt 0.014878 1.104965
vt 0.014905 1.124946
vt 0.014049 1.123381
vt 0.122016 1.119438
vt 0.122846 1.120952
vt 0.014878 1.104965
vt 0.122818 1.100971
vt 0.122121 1.099711
vt 0.014154 1.103654
vt 0.014049 1.123381
vt 0.013224 1.116294
vt 0.121216 1.112574
vt 0.122016 1.119438
vt 0.014154 1.103654
vt 0.122121 1.099711
vt 0.121448 1.093964
vt 0.013455 1.097683
vt 0.013224 1.116294
vt 0.012464 1.103995
vt 0.120480 1.100662
vt 0.121216 1.112574
vt 0.013455 1.097683
vt 0.121448 1.093964
vt 0.120829 1.083981
vt 0.012813 1.087314
vt 0.012464 1.103995
vt 0.011804 1.087022
vt 0.119841 1.084220
vt 0.120480 1.100662
vt 0.012813 1.087314
vt 0.120829 1.083981
vt 0.120291 1.070198
vt 0.012255 1.072999
vt 0.011804 1.087022
vt 0.011272 1.066116
vt 0.119325 1.063968
vt 0.119841 1.084220
vt 0.012255 1.072999
vt 0.120291 1.070198
vt 0.119858 1.053217
vt 0.011805 1.055365
vt 0.011272 1.066116
vt 0.010892 1.042191
vt 0.118956 1.040792
vt 0.119325 1.063968
vt 0.011805 1.055365
vt 0.119858 1.053217
vt 0.119548 1.033782
vt 0.011483 1.035181
vt 0.010892 1.042191
vt 0.010680 1.016292
vt 0.118751 1.015703
vt 0.118956 1.040792
vt 0.011483 1.035181
vt 0.119548 1.033782
vt 0.119375 1.012740
vt 0.011304 1.013330
vt 0.118751 1.015703
vt 0.118717 0.989798
vt 0.126965 0.990284
vt 0.126996 1.014518
vt 0.119375 1.012740
vt 0.127621 1.011556
vt 0.127595 0.991499
vt 0.119347 0.991013
vt 0.118717 0.989798
vt 0.118856 0.964210
vt 0.127095 0.966346
vt 0.126965 0.990284
vt 0.119347 0.991013
vt 0.127595 0.991499
vt 0.127703 0.971685
vt 0.119464 0.969549
vt 0.118856 0.964210
vt 0.119163 0.940057
vt 0.127383 0.943749
vt 0.127095 0.966346
vt 0.119464 0.969549
vt 0.127703 0.971685
vt 0.127942 0.952979
vt 0.119722 0.949287
vt 0.119163 0.940057
vt 0.119623 0.918394
vt 0.127814 0.923481
vt 0.127383 0.943749
vt 0.119722 0.949287
vt 0.127942 0.952979
vt 0.128301 0.936198
vt 0.120110 0.931111
vt 0.119623 0.918394
vt 0.120218 0.900169
vt 0.128371 0.906429
vt 0.127814 0.923481
vt 0.120110 0.931111
vt 0.128301 0.936198
vt 0.128763 0.922077
vt 0.120610 0.915817
vt 0.120218 0.900169
vt 0.120920 0.886177
vt 0.129028 0.893336
vt 0.128371 0.906429
vt 0.120610 0.915817
vt 0.128763 0.922077
vt 0.129310 0.911232
vt 0.121201 0.904073
vt 0.120920 0.886177
vt 0.121699 0.877031
vt 0.129758 0.884776
vt 0.129028 0.893336
vt 0.121201 0.904073
vt 0.129310 0.911232
vt 0.129916 0.904137
vt 0.121856 0.896392
vt 0.121699 0.877031
vt 0.122521 0.873129
vt 0.130528 0.881122
vt 0.129758 0.884776
vt 0.121856 0.896392
vt 0.129916 0.904137
vt 0.130555 0.901103
vt 0.122548 0.893110
vt 0.122521 0.873129
vt 0.123350 0.874644
vt 0.131304 0.882535
vt 0.130528 0.881122
vt 0.122548 0.893110
vt 0.130555 0.901103
vt 0.131200 0.902261
vt 0.123246 0.894370
vt 0.123350 0.874644
vt 0.124150 0.881507
vt 0.132054 0.888951
vt 0.131304 0.882535
vt 0.123246 0.894370
vt 0.131200 0.902261
vt 0.131822 0.907562
vt 0.123919 0.900118
vt 0.124150 0.881507
vt 0.124886 0.893420
vt 0.132743 0.900092
vt 0.132054 0.888951
vt 0.123919 0.900118
vt 0.131822 0.907562
vt 0.132394 0.916774
vt 0.124538 0.910101
vt 0.124886 0.893420
vt 0.125526 0.909861
vt 0.133342 0.915471
vt 0.132743 0.900092
vt 0.124538 0.910101
vt 0.132394 0.916774
vt 0.132891 0.929493
vt 0.125076 0.923884
vt 0.125526 0.909861
vt 0.126041 0.930113
vt 0.133824 0.934414
vt 0.133342 0.915471
vt 0.125076 0.923884
vt 0.132891 0.929493
vt 0.133292 0.945165
vt 0.125509 0.940864
vt 0.126041 0.930113
vt 0.126410 0.953290
vt 0.134170 0.956094
vt 0.133824 0.934414
vt 0.125509 0.940864
vt 0.133292 0.945165
vt 0.133578 0.963104
vt 0.125819 0.960300
vt 0.126410 0.953290
vt 0.126616 0.978379
vt 0.134362 0.979564
vt 0.134170 0.956094
vt 0.125819 0.960300
vt 0.133578 0.963104
vt 0.133738 0.982526
vt 0.125992 0.981341
vt 0.126616 0.978379
vt 0.126650 1.004283
vt 0.134394 1.003798
vt 0.134362 0.979564
vt 0.125992 0.981341
vt 0.133738 0.982526
vt 0.133764 1.002583
vt 0.126020 1.003068
vt 0.126650 1.004283
vt 0.126510 1.029871
vt 0.134263 1.027736
vt 0.134394 1.003798
vt 0.126020 1.003068
vt 0.133764 1.002583
vt 0.133655 1.022397
vt 0.125902 1.024532
vt 0.126510 1.029871
vt 0.126204 1.054024
vt 0.133976 1.050333
vt 0.134263 1.027736
vt 0.125902 1.024532
vt 0.133655 1.022397
vt 0.133416 1.041103
vt 0.125644 1.044795
vt 0.126204 1.054024
vt 0.125743 1.075687
vt 0.133544 1.070601
vt 0.133976 1.050333
vt 0.125644 1.044795
vt 0.133416 1.041103
vt 0.133058 1.057884
vt 0.125256 1.062970
vt 0.125743 1.075687
vt 0.125149 1.093913
vt 0.132988 1.087653
vt 0.133544 1.070601
vt 0.125256 1.062970
vt 0.133058 1.057884
vt 0.132595 1.072005
vt 0.124756 1.078264
vt 0.125149 1.093913
vt 0.124447 1.107904
vt 0.132330 1.100746
vt 0.132988 1.087653
vt 0.124756 1.078264
vt 0.132595 1.072005
vt 0.132049 1.082850
vt 0.124165 1.090008
vt 0.124447 1.107904
vt 0.123668 1.117051
vt 0.131601 1.109306
vt 0.132330 1.100746
vt 0.124165 1.090008
vt 0.132049 1.082850
vt 0.131443 1.089945
vt 0.123510 1.097689
vt 0.123668 1.117051
vt 0.122846 1.120952
vt 0.130831 1.112960
vt 0.131601 1.109306
vt 0.123510 1.097689
vt 0.131443 1.089945
vt 0.130803 1.092979
vt 0.122818 1.100971
vt 0.122846 1.120952
vt 0.122016 1.119438
vt 0.130054 1.111547
vt 0.130831 1.112960
vt 0.122818 1.100971
vt 0.130803 1.092979
vt 0.130159 1.091821
vt 0.122121 1.099711
vt 0.122016 1.119438
vt 0.121216 1.112574
vt 0.129305 1.105130
vt 0.130054 1.111547
vt 0.122121 1.099711
vt 0.130159 1.091821
vt 0.129536 1.086520
vt 0.121448 1.093964
vt 0.121216 1.112574
vt 0.120480 1.100662
vt 0.128616 1.093989
vt 0.129305 1.105130
vt 0.121448 1.093964
vt 0.129536 1.086520
vt 0.128964 1.077308
vt 0.120829 1.083981
vt 0.120480 1.100662
vt 0.119841 1.084220
vt 0.128017 1.078611
vt 0.128616 1.093989
vt 0.120829 1.083981
vt 0.128964 1.077308
vt 0.128467 1.064589
vt 0.120291 1.070198
vt 0.119841 1.084220
vt 0.119325 1.063968
vt 0.127534 1.059668
vt 0.128017 1.078611
vt 0.120291 1.070198
vt 0.128467 1.064589
vt 0.128066 1.048917
vt 0.119858 1.053217
vt 0.119325 1.063968
vt 0.118956 1.040792
vt 0.127189 1.037988
vt 0.127534 1.059668
vt 0.119858 1.053217
vt 0.128066 1.048917
vt 0.127780 1.030978
vt 0.119548 1.033782
vt 0.118956 1.040792
vt 0.118751 1.015703
vt 0.126996 1.014518
vt 0.127189 1.037988
vt 0.119548 1.033782
vt 0.127780 1.030978
vt 0.127621 1.011556
vt 0.119375 1.012740
vt -0.049449 0.992594
vt -0.039559 0.994076
vt -0.039956 1.004107
vt -0.049938 1.004714
vt 0.048460 0.992743
vt 0.048971 1.004859
vt 0.038989 1.004252
vt 0.038570 0.994224
vt -0.049938 1.004714
vt -0.039956 1.004107
vt -0.038175 1.014024
vt -0.047813 1.016693
vt 0.048971 1.004859
vt 0.046909 1.016829
vt 0.037272 1.014159
vt 0.038989 1.004252
vt -0.047813 1.016693
vt -0.038175 1.014024
vt -0.034294 1.023392
vt -0.043165 1.028007
vt 0.046909 1.016829
vt 0.042365 1.028127
vt 0.033494 1.023512
vt 0.037272 1.014159
vt -0.043165 1.028007
vt -0.034294 1.023392
vt -0.028481 1.031803
vt -0.036199 1.038162
vt 0.042365 1.028127
vt 0.035538 1.038261
vt 0.027819 1.031902
vt 0.033494 1.023512
vt -0.036199 1.038162
vt -0.028481 1.031803
vt -0.020991 1.038889
vt -0.027219 1.046713
vt 0.035538 1.038261
vt 0.026724 1.046787
vt 0.020497 1.038963
vt 0.027819 1.031902
vt -0.027219 1.046713
vt -0.020991 1.038889
vt -0.012152 1.044340
vt -0.016617 1.053288
vt 0.026724 1.046787
vt 0.016311 1.053334
vt 0.011846 1.044386
vt 0.020497 1.038963
vt -0.016617 1.053288
vt -0.012152 1.044340
vt -0.002349 1.047918
vt -0.004856 1.057598
vt 0.016311 1.053334
vt 0.004753 1.057614
vt 0.002246 1.047933
vt 0.011846 1.044386
vt -0.004856 1.057598
vt -0.002349 1.047918
vt 0.007988 1.049466
vt 0.007549 1.059456
vt 0.004753 1.057614
vt -0.007446 1.059441
vt -0.007885 1.049450
vt 0.002246 1.047933
vt 0.007549 1.059456
vt 0.007988 1.049466
vt 0.018409 1.048917
vt 0.020056 1.058780
vt -0.007446 1.059441
vt -0.019751 1.058734
vt -0.018103 1.048871
vt -0.007885 1.049450
vt 0.020056 1.058780
vt 0.018409 1.048917
vt 0.028457 1.046295
vt 0.032119 1.055600
vt -0.019751 1.058734
vt -0.031625 1.055526
vt -0.027963 1.046221
vt -0.018103 1.048871
vt 0.032119 1.055600
vt 0.028457 1.046295
vt 0.037694 1.041714
vt 0.043211 1.050054
vt -0.031625 1.055526
vt -0.042549 1.049955
vt -0.037032 1.041615
vt -0.027963 1.046221
vt 0.043211 1.050054
vt 0.037694 1.041714
vt 0.045716 1.035375
vt 0.052846 1.042386
vt -0.042549 1.049955
vt -0.052046 1.042266
vt -0.044916 1.035255
vt -0.037032 1.041615
vt 0.052846 1.042386
vt 0.045716 1.035375
vt 0.052172 1.027554
vt 0.060604 1.032930
vt -0.052046 1.042266
vt -0.059700 1.032795
vt -0.051268 1.027419
vt -0.044916 1.035255
vt 0.060604 1.032930
vt 0.052172 1.027554
vt 0.056780 1.018595
vt 0.066145 1.022099
vt -0.059700 1.032795
vt -0.065178 1.021955
vt -0.055812 1.018450
vt -0.051268 1.027419
vt 0.066145 1.022099
vt 0.056780 1.018595
vt 0.059338 1.008887
vt 0.069228 1.010368
vt -0.065178 1.021955
vt -0.068239 1.010220
vt -0.058349 1.008739
vt -0.055812 1.018450
vt 0.069228 1.010368
vt 0.059338 1.008887
vt 0.059736 0.998855
vt 0.069717 0.998248
vt -0.068239 1.010220
vt -0.068750 0.998103
vt -0.058768 0.998710
vt -0.058349 1.008739
vt 0.069717 0.998248
vt 0.059736 0.998855
vt 0.057955 0.988938
vt 0.067592 0.986269
vt -0.068750 0.998103
vt -0.066688 0.986134
vt -0.057051 0.988803
vt -0.058768 0.998710
vt 0.067592 0.986269
vt 0.057955 0.988938
vt 0.054073 0.979570
vt 0.062945 0.974955
vt -0.066688 0.986134
vt -0.062145 0.974835
vt -0.053273 0.979450
vt -0.057051 0.988803
vt 0.062945 0.974955
vt 0.054073 0.979570
vt 0.048260 0.971159
vt 0.055979 0.964800
vt -0.062145 0.974835
vt -0.055317 0.964701
vt -0.047599 0.971060
vt -0.053273 0.979450
vt 0.055979 0.964800
vt 0.048260 0.971159
vt 0.040771 0.964073
vt 0.046998 0.956249
vt -0.055317 0.964701
vt -0.046504 0.956175
vt -0.040276 0.963999
vt -0.047599 0.971060
vt 0.046998 0.956249
vt 0.040771 0.964073
vt 0.031932 0.958622
vt 0.036396 0.949674
vt -0.046504 0.956175
vt -0.036091 0.949629
vt -0.031626 0.958577
vt -0.040276 0.963999
vt 0.036396 0.949674
vt 0.031932 0.958622
vt 0.022129 0.955045
vt 0.024636 0.945364
vt -0.036091 0.949629
vt -0.024532 0.945348
vt -0.022025 0.955029
vt -0.031626 0.958577
vt 0.024636 0.945364
vt 0.022129 0.955045
vt 0.011791 0.953496
vt 0.012231 0.943506
vt -0.024532 0.945348
vt -0.012334 0.943522
vt -0.011895 0.953512
vt -0.022025 0.955029
vt 0.012231 0.943506
vt 0.011791 0.953496
vt 0.001371 0.954045
vt -0.000277 0.944182
vt -0.012334 0.943522
vt -0.000029 0.944228
vt -0.001676 0.954091
vt -0.011895 0.953512
vt -0.000277 0.944182
vt 0.001371 0.954045
vt -0.008678 0.956668
vt -0.012340 0.947362
vt -0.000029 0.944228
vt 0.011845 0.947436
vt 0.008183 0.956742
vt -0.001676 0.954091
vt -0.012340 0.947362
vt -0.008678 0.956668
vt -0.017915 0.961248
vt -0.023431 0.952908
vt 0.011845 0.947436
vt 0.022770 0.953007
vt 0.017253 0.961347
vt 0.008183 0.956742
vt -0.023431 0.952908
vt -0.017915 0.961248
vt -0.025936 0.967587
vt -0.033067 0.960576
vt 0.022770 0.953007
vt 0.032267 0.960696
vt 0.025136 0.967707
vt 0.017253 0.961347
vt -0.033067 0.960576
vt -0.025936 0.967587
vt -0.032392 0.975408
vt -0.040824 0.970032
vt 0.032267 0.960696
vt 0.039921 0.970168
vt 0.031489 0.975543
vt 0.025136 0.967707
vt -0.040824 0.970032
vt -0.032392 0.975408
vt -0.037000 0.984368
vt -0.046366 0.980863
vt 0.039921 0.970168
vt 0.045398 0.981008
vt 0.036033 0.984513
vt 0.031489 0.975543
vt -0.046366 0.980863
vt -0.037000 0.984368
vt -0.039559 0.994076
vt -0.049449 0.992594
vt 0.045398 0.981008
vt 0.048460 0.992743
vt 0.038570 0.994224
vt 0.036033 0.984513
vt -0.000510 0.950284
vt 0.005330 0.945127
vt 0.005644 0.955063
vt -0.000196 0.960221
vt 0.000238 0.960221
vt -0.005597 0.955057
vt -0.005272 0.945121
vt 0.000562 0.950285
vt 0.005329 0.945115
vt 0.059365 0.945397
vt 0.059679 0.955336
vt 0.005643 0.955054
vt -0.005597 0.955048
vt -0.059633 0.955275
vt -0.059309 0.945336
vt -0.005273 0.945110
vt 0.059365 0.945397
vt 0.063489 0.949247
vt 0.063803 0.959185
vt 0.059679 0.955336
vt -0.059633 0.955275
vt -0.063761 0.959120
vt -0.063436 0.949181
vt -0.059309 0.945337
vt -0.020715 1.035857
vt -0.020938 1.042854
vt -0.027934 1.042630
vt -0.027711 1.035634
vt 0.027711 1.035634
vt 0.027934 1.042630
vt 0.020938 1.042854
vt 0.020715 1.035857
vt -0.019561 1.046000
vt -0.026561 1.045999
vt -0.026559 0.953999
vt -0.019559 0.954000
vt 0.019559 0.954000
vt 0.026559 0.953999
vt 0.026561 1.045999
vt 0.019561 1.046000
vt 0.029284 1.050899
vt 0.042911 0.959913
vt 0.049833 0.960950
vt 0.036207 1.051935
vt -0.036207 1.051935
vt -0.049833 0.960950
vt -0.042911 0.959913
vt -0.029284 1.050899
vt 0.004254 1.046708
vt 0.013944 0.955220
vt 0.019570 0.955815
vt 0.009880 1.047304
vt -0.042312 1.050737
vt -0.051998 0.959248
vt -0.046373 0.958653
vt -0.036686 1.050141
vt 0.036686 1.050141
vt 0.046373 0.958653
vt 0.051998 0.959248
vt 0.042312 1.050737
vt -0.009880 1.047304
vt -0.019570 0.955815
vt -0.013944 0.955220
vt -0.004254 1.046708
vt 0.026688 1.050148
vt 0.033536 1.051598
vt 0.032364 1.057132
vt 0.025516 1.055682
vt 0.045899 0.959444
vt 0.052747 0.960894
vt 0.051575 0.966428
vt 0.044727 0.964978
vt -0.032274 1.023778
vt -0.039122 1.025228
vt -0.040294 1.019694
vt -0.033446 1.018243
vt -0.037970 0.996882
vt -0.044818 0.998333
vt -0.045990 0.992798
vt -0.039142 0.991348
vt -0.019562 1.061164
vt -0.026562 1.061164
vt -0.026562 1.055507
vt -0.019562 1.055507
vt 0.019560 0.998939
vt 0.026560 0.998938
vt 0.026560 1.004595
vt 0.019560 1.004595
vt -0.019558 0.944491
vt -0.026558 0.944491
vt -0.026557 0.938834
vt -0.019557 0.938834
vt 0.019560 0.995403
vt 0.026560 0.995403
vt 0.026560 1.001060
vt 0.019560 1.001060
vt 0.004259 1.064687
vt 0.002038 1.059485
vt 0.007654 1.060163
vt -0.042288 1.045375
vt -0.036672 1.044698
vt -0.038893 1.049900
vt 0.037727 1.031696
vt 0.043329 1.032482
vt 0.039848 1.036941
vt -0.010165 1.013768
vt -0.013646 1.009309
vt -0.008044 1.008524
vt 0.022830 0.943814
vt 0.017228 0.943028
vt 0.020709 0.938569
vt -0.050389 0.961742
vt -0.046908 0.966200
vt -0.052510 0.966986
vt 0.047988 0.974513
vt 0.050210 0.979715
vt 0.044593 0.979038
vt -0.009962 0.993825
vt -0.015578 0.994503
vt -0.013357 0.989300
vt -0.016993 1.075997
vt -0.017217 1.082993
vt -0.024213 1.082770
vt -0.023990 1.075773
vt 0.023990 1.075773
vt 0.024213 1.082770
vt 0.017217 1.082993
vt 0.016993 1.075997
vt -0.014561 1.046000
vt -0.021561 1.046000
vt -0.021559 0.953999
vt -0.014559 0.954000
vt 0.014559 0.954000
vt 0.021559 0.953999
vt 0.021561 1.046000
vt 0.014561 1.046000
vt 0.068843 1.056823
vt 0.082469 0.965838
vt 0.089392 0.966875
vt 0.075766 1.057860
vt -0.075766 1.057860
vt -0.089392 0.966875
vt -0.082469 0.965838
vt -0.068843 1.056823
vt 0.035897 1.050059
vt 0.045587 0.958571
vt 0.051212 0.959167
vt 0.041522 1.050655
vt -0.066923 1.053343
vt -0.076610 0.961854
vt -0.070984 0.961259
vt -0.061297 1.052747
vt 0.061297 1.052747
vt 0.070984 0.961259
vt 0.076610 0.961854
vt 0.066923 1.053343
vt -0.041522 1.050655
vt -0.051212 0.959167
vt -0.045587 0.958571
vt -0.035897 1.050059
vt 0.066553 1.054977
vt 0.073401 1.056427
vt 0.072229 1.061962
vt 0.065381 1.060511
vt 0.084299 0.971190
vt 0.091147 0.972641
vt 0.089975 0.978175
vt 0.083126 0.976724
vt -0.070673 1.035524
vt -0.077521 1.036975
vt -0.078693 1.031440
vt -0.071845 1.029990
vt -0.077835 1.001711
vt -0.084683 1.003162
vt -0.085855 0.997628
vt -0.079007 0.996177
vt -0.014563 1.089449
vt -0.021563 1.089448
vt -0.021562 1.083791
vt -0.014562 1.083792
vt 0.014559 0.970654
vt 0.021559 0.970654
vt 0.021559 0.976311
vt 0.014559 0.976311
vt -0.014556 0.916207
vt -0.021556 0.916207
vt -0.021556 0.910550
vt -0.014556 0.910550
vt 0.014561 1.023688
vt 0.021561 1.023687
vt 0.021561 1.029344
vt 0.014561 1.029344
vt 0.034137 1.082686
vt 0.031916 1.077483
vt 0.037532 1.078161
vt -0.064658 1.066579
vt -0.059042 1.065901
vt -0.061264 1.071104
vt 0.064786 1.016939
vt 0.070388 1.017724
vt 0.066907 1.022183
vt -0.043661 1.004036
vt -0.047142 0.999577
vt -0.041540 0.998792
vt 0.056326 0.934082
vt 0.050724 0.933296
vt 0.054205 0.928838
vt -0.077448 0.946984
vt -0.073967 0.951443
vt -0.079569 0.952228
vt 0.070358 0.995716
vt 0.072580 1.000919
vt 0.066964 1.000241
vt -0.039840 1.011823
vt -0.045456 1.012501
vt -0.043235 1.007298
vt -0.013272 1.116136
vt -0.013496 1.123132
vt -0.020492 1.122909
vt -0.020269 1.115912
vt 0.020269 1.115912
vt 0.020492 1.122909
vt 0.013496 1.123132
vt 0.013272 1.116136
vt -0.009561 1.046000
vt -0.016561 1.046000
vt -0.016559 0.954000
vt -0.009559 0.954000
vt 0.009559 0.954000
vt 0.016559 0.954000
vt 0.016561 1.046000
vt 0.009561 1.046000
vt 0.108402 1.062748
vt 0.122028 0.971762
vt 0.128951 0.972799
vt 0.115325 1.063784
vt -0.115325 1.063784
vt -0.128951 0.972799
vt -0.122028 0.971762
vt -0.108402 1.062748
vt 0.067540 1.053411
vt 0.077230 0.961923
vt 0.082855 0.962518
vt 0.073165 1.054007
vt -0.091534 1.055949
vt -0.101221 0.964460
vt -0.095595 0.963865
vt -0.085908 1.055353
vt 0.085908 1.055353
vt 0.095595 0.963865
vt 0.101221 0.964460
vt 0.091534 1.055949
vt -0.073165 1.054007
vt -0.082855 0.962518
vt -0.077230 0.961923
vt -0.067540 1.053411
vt 0.106417 1.059806
vt 0.113265 1.061257
vt 0.112093 1.066791
vt 0.105245 1.065341
vt 0.122698 0.982937
vt 0.129546 0.984387
vt 0.128374 0.989921
vt 0.121526 0.988471
vt -0.109073 1.047271
vt -0.115921 1.048721
vt -0.117093 1.043187
vt -0.110245 1.041737
vt -0.117699 1.006541
vt -0.124547 1.007991
vt -0.125719 1.002457
vt -0.118871 1.001007
vt -0.009563 1.117733
vt -0.016563 1.117733
vt -0.016563 1.112076
vt -0.009563 1.112076
vt 0.009558 0.942370
vt 0.016558 0.942370
vt 0.016558 0.948027
vt 0.009558 0.948027
vt -0.009555 0.887923
vt -0.016555 0.887923
vt -0.016555 0.882266
vt -0.009555 0.882266
vt 0.009561 1.051972
vt 0.016561 1.051972
vt 0.016562 1.057629
vt 0.009562 1.057629
vt 0.064016 1.100684
vt 0.061795 1.095481
vt 0.067411 1.096159
vt -0.087029 1.087782
vt -0.081412 1.087104
vt -0.083634 1.092307
vt 0.091846 1.002181
vt 0.097448 1.002966
vt 0.093967 1.007425
vt -0.077156 0.994304
vt -0.080638 0.989846
vt -0.075036 0.989060
vt 0.089821 0.924350
vt 0.084219 0.923565
vt 0.087701 0.919106
vt -0.104508 0.932226
vt -0.101027 0.936685
vt -0.106629 0.937470
vt 0.092729 1.016919
vt 0.094950 1.022122
vt 0.089334 1.021444
vt -0.069719 1.029822
vt -0.075335 1.030499
vt -0.073114 1.025297
vt 0.117349 0.957723
vt 0.116966 0.969717
vt 0.110969 0.969525
vt 0.111352 0.957531
vt -0.111352 0.957531
vt -0.110969 0.969525
vt -0.116966 0.969717
vt -0.117349 0.957723
vt 0.115939 1.063003
vt 0.109939 1.063003
vt 0.109942 0.937003
vt 0.115942 0.937003
vt -0.115942 0.937003
vt -0.109942 0.937003
vt -0.109939 1.063003
vt -0.115939 1.063003
vt -0.054824 1.055492
vt -0.036162 0.930882
vt -0.024294 0.932659
vt -0.042956 1.057269
vt 0.042956 1.057269
vt 0.024294 0.932659
vt 0.036162 0.930882
vt 0.054824 1.055492
vt 0.041138 1.067710
vt 0.054409 0.942410
vt 0.057222 0.942708
vt 0.043951 1.068007
vt 0.114880 1.051189
vt 0.101614 0.925889
vt 0.104426 0.925591
vt 0.117693 1.050891
vt -0.113474 1.051337
vt -0.100207 0.926038
vt -0.097395 0.926336
vt -0.110661 1.051635
vt -0.048170 1.068454
vt -0.061441 0.943155
vt -0.058628 0.942857
vt -0.045357 1.068156
vt -0.036952 0.952463
vt -0.025213 0.954950
vt -0.025799 0.957717
vt -0.037538 0.955230
vt -0.052465 1.025707
vt -0.040725 1.028194
vt -0.041311 1.030961
vt -0.053051 1.028475
vt 0.070632 1.111486
vt 0.058892 1.113972
vt 0.058306 1.111205
vt 0.070046 1.108719
vt 0.019956 0.872219
vt 0.008217 0.874705
vt 0.007631 0.871938
vt 0.019370 0.869452
vt 0.115940 1.013439
vt 0.109940 1.013438
vt 0.109940 1.010610
vt 0.115940 1.010610
vt -0.115937 1.067180
vt -0.109937 1.067180
vt -0.109937 1.070008
vt -0.115937 1.070008
vt 0.115941 0.989398
vt 0.109941 0.989398
vt 0.109941 0.986570
vt 0.115941 0.986570
vt -0.115942 0.930000
vt -0.109942 0.930000
vt -0.109942 0.932828
vt -0.115942 0.932828
vt 0.050661 0.992980
vt 0.049551 0.990379
vt 0.052359 0.990717
vt 0.117258 1.063136
vt 0.120066 1.062798
vt 0.118956 1.065399
vt -0.108781 1.002090
vt -0.105980 1.002483
vt -0.107721 1.004712
vt -0.037648 1.118209
vt -0.039389 1.115979
vt -0.036588 1.115586
vt 0.048226 1.022403
vt 0.045425 1.022010
vt 0.047165 1.019780
vt 0.098208 0.906284
vt 0.099948 0.908513
vt 0.097147 0.908906
vt -0.102910 0.967822
vt -0.101800 0.970423
vt -0.104608 0.970085
vt -0.065013 0.897666
vt -0.067821 0.898005
vt -0.066710 0.895404
vt 0.115913 1.002700
vt 0.115530 1.014694
vt 0.109533 1.014502
vt 0.109916 1.002508
vt -0.109916 1.002508
vt -0.109533 1.014502
vt -0.115530 1.014694
vt -0.115913 1.002700
vt 0.115939 1.063003
vt 0.109939 1.063003
vt 0.109942 0.937003
vt 0.115942 0.937003
vt -0.115942 0.937003
vt -0.109942 0.937003
vt -0.109939 1.063003
vt -0.115939 1.063003
vt -0.010320 1.062157
vt 0.008342 0.937547
vt 0.020210 0.939324
vt 0.001548 1.063934
vt -0.001548 1.063934
vt -0.020210 0.939324
vt -0.008342 0.937547
vt 0.010320 1.062157
vt 0.072781 1.071061
vt 0.086052 0.945762
vt 0.088865 0.946060
vt 0.075594 1.071359
vt 0.083237 1.054539
vt 0.069971 0.929239
vt 0.072783 0.928941
vt 0.086050 1.054241
vt -0.081831 1.054688
vt -0.068564 0.929388
vt -0.065752 0.929686
vt -0.079018 1.054986
vt -0.079813 1.071806
vt -0.093084 0.946507
vt -0.090271 0.946209
vt -0.077000 1.071508
vt 0.007071 0.961787
vt 0.018811 0.964274
vt 0.018225 0.967041
vt 0.006485 0.964554
vt -0.008441 1.035031
vt 0.003298 1.037518
vt 0.002712 1.040285
vt -0.009028 1.037798
vt 0.026609 1.120810
vt 0.014869 1.123296
vt 0.014283 1.120529
vt 0.026023 1.118043
vt -0.024067 0.881543
vt -0.035807 0.884030
vt -0.036393 0.881263
vt -0.024653 0.878776
vt 0.115939 1.045258
vt 0.109939 1.045258
vt 0.109939 1.042430
vt 0.115939 1.042430
vt -0.115939 1.035360
vt -0.109939 1.035360
vt -0.109939 1.038188
vt -0.115939 1.038189
vt 0.115942 0.957578
vt 0.109942 0.957578
vt 0.109942 0.954750
vt 0.115942 0.954750
vt -0.115941 0.961820
vt -0.109941 0.961820
vt -0.109941 0.964648
vt -0.115941 0.964648
vt 0.080051 1.015031
vt 0.078940 1.012430
vt 0.081748 1.012769
vt 0.087868 1.085186
vt 0.090676 1.084848
vt 0.089565 1.087449
vt -0.074719 0.988314
vt -0.071918 0.988707
vt -0.073659 0.990936
vt -0.071711 1.104434
vt -0.073451 1.102204
vt -0.070650 1.101812
vt 0.082288 1.008628
vt 0.079487 1.008235
vt 0.081228 1.006006
vt 0.064146 0.892508
vt 0.065886 0.894737
vt 0.063085 0.895130
vt -0.073520 0.989872
vt -0.072409 0.992473
vt -0.075217 0.992135
vt -0.094402 0.919718
vt -0.097210 0.920056
vt -0.096100 0.917455
vt 0.114477 1.047677
vt 0.114094 1.059671
vt 0.108097 1.059479
vt 0.108480 1.047485
vt -0.108480 1.047485
vt -0.108097 1.059479
vt -0.114094 1.059671
vt -0.114477 1.047677
vt 0.115939 1.063003
vt 0.109939 1.063003
vt 0.109942 0.937003
vt 0.115942 0.937003
vt -0.115942 0.937003
vt -0.109942 0.937003
vt -0.109939 1.063003
vt -0.115939 1.063003
vt 0.034184 1.068822
vt 0.052846 0.944212
vt 0.064713 0.945989
vt 0.046051 1.070599
vt -0.046051 1.070599
vt -0.064713 0.945989
vt -0.052846 0.944212
vt -0.034184 1.068822
vt 0.104424 1.074412
vt 0.117695 0.949113
vt 0.120508 0.949411
vt 0.107236 1.074710
vt 0.051595 1.057889
vt 0.038328 0.932590
vt 0.041140 0.932292
vt 0.054407 1.057591
vt -0.050188 1.058038
vt -0.036921 0.932739
vt -0.034109 0.933036
vt -0.047375 1.058336
vt -0.111455 1.075157
vt -0.124727 0.949858
vt -0.121914 0.949560
vt -0.108643 1.074859
vt 0.051095 0.971112
vt 0.062834 0.973598
vt 0.062248 0.976365
vt 0.050509 0.973879
vt 0.035582 1.044355
vt 0.047322 1.046841
vt 0.046736 1.049608
vt 0.034996 1.047122
vt -0.017415 1.130134
vt -0.029155 1.132620
vt -0.029741 1.129853
vt -0.018001 1.127367
vt -0.068091 0.890867
vt -0.079830 0.893354
vt -0.080416 0.890587
vt -0.068677 0.888100
vt 0.115938 1.077078
vt 0.109938 1.077078
vt 0.109938 1.074250
vt 0.115938 1.074250
vt -0.115940 1.003540
vt -0.109940 1.003540
vt -0.109940 1.006369
vt -0.115940 1.006369
vt 0.115943 0.925759
vt 0.109943 0.925758
vt 0.109943 0.922930
vt 0.115943 0.922930
vt -0.115940 0.993640
vt -0.109940 0.993639
vt -0.109940 0.996468
vt -0.115940 0.996468
vt 0.109440 1.037083
vt 0.108330 1.034481
vt 0.111138 1.034820
vt 0.058477 1.107237
vt 0.061286 1.106898
vt 0.060175 1.109499
vt -0.040657 0.974538
vt -0.037856 0.974931
vt -0.039597 0.977160
vt -0.105773 1.090659
vt -0.107514 1.088430
vt -0.104713 1.088037
vt 0.116351 0.994853
vt 0.113550 0.994460
vt 0.115290 0.992231
vt 0.030084 0.878732
vt 0.031824 0.880961
vt 0.029023 0.881354
vt -0.044130 1.011922
vt -0.043019 1.014524
vt -0.045827 1.014185
vt -0.123792 0.941769
vt -0.126600 0.942108
vt -0.125489 0.939506
vt 0.113041 1.092654
vt 0.112658 1.104648
vt 0.106661 1.104456
vt 0.107044 1.092463
vt -0.107044 1.092463
vt -0.106661 1.104456
vt -0.112658 1.104648
vt -0.113041 1.092654
vt 0.115939 1.063003
vt 0.109939 1.063003
vt 0.109942 0.937003
vt 0.115942 0.937003
vt -0.115942 0.937003
vt -0.109942 0.937003
vt -0.109939 1.063003
vt -0.115939 1.063003
vt 0.078687 1.075487
vt 0.097349 0.950877
vt 0.109217 0.952654
vt 0.090555 1.077264
vt -0.090555 1.077264
vt -0.109217 0.952654
vt -0.097349 0.950877
vt -0.078687 1.075487
vt 0.136067 1.077764
vt 0.149338 0.952465
vt 0.152150 0.952763
vt 0.138879 1.078062
vt 0.019952 1.061240
vt 0.006685 0.935940
vt 0.009498 0.935642
vt 0.022764 1.060942
vt -0.018545 1.061389
vt -0.005278 0.936089
vt -0.002466 0.936387
vt -0.015733 1.061686
vt -0.143098 1.078509
vt -0.156369 0.953210
vt -0.153557 0.952912
vt -0.140286 1.078211
vt 0.095118 0.980436
vt 0.106858 0.982922
vt 0.106272 0.985689
vt 0.094532 0.983203
vt 0.079605 1.053679
vt 0.091345 1.056165
vt 0.090759 1.058932
vt 0.079019 1.056446
vt -0.061438 1.139457
vt -0.073178 1.141944
vt -0.073764 1.139177
vt -0.062024 1.136690
vt -0.112114 0.900192
vt -0.123853 0.902678
vt -0.124440 0.899911
vt -0.112700 0.897425
vt 0.115937 1.108898
vt 0.109937 1.108898
vt 0.109937 1.106069
vt 0.115937 1.106070
vt -0.115941 0.971721
vt -0.109941 0.971720
vt -0.109941 0.974549
vt -0.115941 0.974549
vt 0.115944 0.893939
vt 0.109944 0.893939
vt 0.109945 0.891110
vt 0.115945 0.891110
vt -0.115939 1.025459
vt -0.109939 1.025459
vt -0.109939 1.028288
vt -0.115939 1.028288
vt 0.138830 1.059134
vt 0.137719 1.056533
vt 0.140527 1.056871
vt 0.029087 1.129287
vt 0.031895 1.128948
vt 0.030785 1.131549
vt -0.006595 0.960762
vt -0.003794 0.961155
vt -0.005535 0.963384
vt -0.139836 1.076884
vt -0.141576 1.074655
vt -0.138775 1.074262
vt 0.150413 0.981078
vt 0.147612 0.980686
vt 0.149353 0.978456
vt -0.003978 0.864955
vt -0.002238 0.867185
vt -0.005039 0.867578
vt -0.014739 1.033972
vt -0.013629 1.036574
vt -0.016437 1.036235
vt -0.153181 0.963820
vt -0.155989 0.964159
vt -0.154879 0.961558
vt 0.111605 1.137631
vt 0.111223 1.149625
vt 0.105226 1.149434
vt 0.105609 1.137440
vt -0.105609 1.137440
vt -0.105226 1.149434
vt -0.111223 1.149625
vt -0.111605 1.137631
vt 0.115939 1.063003
vt 0.109939 1.063003
vt 0.109942 0.937003
vt 0.115942 0.937003
vt -0.115942 0.937003
vt -0.109942 0.937003
vt -0.109939 1.063003
vt -0.115939 1.063003
vt 0.123191 1.082152
vt 0.141853 0.957542
vt 0.153721 0.959319
vt 0.135059 1.083929
vt -0.135059 1.083929
vt -0.153721 0.959319
vt -0.141853 0.957542
vt -0.123191 1.082152
vt 0.167709 1.081115
vt 0.180981 0.955816
vt 0.183793 0.956114
vt 0.170522 1.081413
vt -0.011691 1.064590
vt -0.024958 0.939290
vt -0.022145 0.938993
vt -0.008879 1.064292
vt 0.013098 1.064739
vt 0.026364 0.939439
vt 0.029177 0.939737
vt 0.015910 1.065037
vt -0.174741 1.081860
vt -0.188012 0.956561
vt -0.185200 0.956263
vt -0.171928 1.081562
vt 0.139141 0.989760
vt 0.150881 0.992246
vt 0.150295 0.995014
vt 0.138555 0.992527
vt 0.123629 1.063003
vt 0.135369 1.065489
vt 0.134783 1.068256
vt 0.123043 1.065770
vt -0.105462 1.148781
vt -0.117201 1.151267
vt -0.117788 1.148500
vt -0.106048 1.146014
vt -0.156137 0.909516
vt -0.167877 0.912002
vt -0.168463 0.909235
vt -0.156723 0.906749
vt 0.115936 1.140718
vt 0.109936 1.140718
vt 0.109936 1.137889
vt 0.115936 1.137889
vt -0.115943 0.939901
vt -0.109943 0.939900
vt -0.109942 0.942729
vt -0.115942 0.942729
vt 0.115946 0.862119
vt 0.109946 0.862119
vt 0.109946 0.859290
vt 0.115946 0.859291
vt -0.115938 1.057279
vt -0.109938 1.057279
vt -0.109938 1.060107
vt -0.115938 1.060108
vt 0.168219 1.081185
vt 0.167108 1.078584
vt 0.169916 1.078923
vt -0.000303 1.151337
vt 0.002505 1.150998
vt 0.001394 1.153599
vt 0.027467 0.946986
vt 0.030268 0.947378
vt 0.028527 0.949608
vt -0.173898 1.063110
vt -0.175639 1.060880
vt -0.172838 1.060488
vt 0.184476 0.967304
vt 0.181675 0.966911
vt 0.183416 0.964682
vt -0.038040 0.851179
vt -0.036300 0.853409
vt -0.039101 0.853801
vt 0.014651 1.056022
vt 0.015762 1.058624
vt 0.012954 1.058285
vt -0.182571 0.985871
vt -0.185379 0.986210
vt -0.184268 0.983609
vt 0.110170 1.182608
vt 0.109787 1.194602
vt 0.103790 1.194411
vt 0.104173 1.182417
vt -0.104173 1.182417
vt -0.103790 1.194411
vt -0.109787 1.194602
vt -0.110170 1.182608
vt 0.115939 1.063003
vt 0.109939 1.063003
vt 0.109942 0.937003
vt 0.115942 0.937003
vt -0.115942 0.937003
vt -0.109942 0.937003
vt -0.109939 1.063003
vt -0.115939 1.063003
vt 0.167695 1.088817
vt 0.186357 0.964207
vt 0.198224 0.965984
vt 0.179562 1.090594
vt -0.179562 1.090594
vt -0.198224 0.965984
vt -0.186357 0.964207
vt -0.167695 1.088817
vt 0.199352 1.084467
vt 0.212623 0.959168
vt 0.215436 0.959466
vt 0.202165 1.084765
vt -0.043334 1.067940
vt -0.056601 0.942641
vt -0.053788 0.942343
vt -0.040522 1.067643
vt 0.044741 1.068089
vt 0.058007 0.942790
vt 0.060820 0.943088
vt 0.047553 1.068387
vt -0.206384 1.085212
vt -0.219655 0.959912
vt -0.216842 0.959615
vt -0.203571 1.084914
vt 0.183165 0.999084
vt 0.194904 1.001571
vt 0.194318 1.004338
vt 0.182579 1.001851
vt 0.167652 1.072326
vt 0.179392 1.074813
vt 0.178806 1.077580
vt 0.167066 1.075093
vt -0.149485 1.158105
vt -0.161225 1.160591
vt -0.161811 1.157824
vt -0.150071 1.155338
vt -0.200161 0.918840
vt -0.211900 0.921326
vt -0.212486 0.918559
vt -0.200747 0.916073
vt 0.115935 1.172538
vt 0.109935 1.172537
vt 0.109935 1.169709
vt 0.115935 1.169709
vt -0.115944 0.908081
vt -0.109944 0.908081
vt -0.109944 0.910909
vt -0.115944 0.910909
vt 0.115947 0.830299
vt 0.109947 0.830299
vt 0.109947 0.827470
vt 0.115947 0.827471
vt -0.115937 1.089099
vt -0.109937 1.089099
vt -0.109937 1.091927
vt -0.115937 1.091927
vt 0.197608 1.103236
vt 0.196498 1.100635
vt 0.199306 1.100974
vt -0.029694 1.173387
vt -0.026886 1.173048
vt -0.027996 1.175649
vt 0.061529 0.933210
vt 0.064330 0.933602
vt 0.062589 0.935832
vt -0.207961 1.049335
vt -0.209702 1.047106
vt -0.206900 1.046713
vt 0.218538 0.953529
vt 0.215737 0.953136
vt 0.217478 0.950907
vt -0.072102 0.837403
vt -0.070362 0.839633
vt -0.073163 0.840025
vt 0.044041 1.078072
vt 0.045152 1.080674
vt 0.042344 1.080335
vt -0.211960 1.007923
vt -0.214768 1.008262
vt -0.213658 1.005660
vt 0.108734 1.227585
vt 0.108351 1.239579
vt 0.102354 1.239388
vt 0.102737 1.227394
vt -0.102737 1.227394
vt -0.102354 1.239388
vt -0.108351 1.239579
vt -0.108734 1.227585
vt 0.115939 1.063003
vt 0.109939 1.063003
vt 0.109942 0.937003
vt 0.115942 0.937003
vt -0.115942 0.937003
vt -0.109942 0.937003
vt -0.109939 1.063003
vt -0.115939 1.063003
vt 0.212198 1.095482
vt 0.230860 0.970872
vt 0.242728 0.972649
vt 0.224066 1.097259
vt -0.224066 1.097259
vt -0.242728 0.972649
vt -0.230860 0.970872
vt -0.212198 1.095482
vt 0.230995 1.087818
vt 0.244266 0.962519
vt 0.247079 0.962817
vt 0.233808 1.088116
vt -0.074977 1.071291
vt -0.088244 0.945991
vt -0.085431 0.945693
vt -0.072164 1.070993
vt 0.076384 1.071440
vt 0.089650 0.946140
vt 0.092463 0.946438
vt 0.079196 1.071738
vt -0.238027 1.088563
vt -0.251298 0.963264
vt -0.248485 0.962966
vt -0.235214 1.088265
vt 0.227188 1.008408
vt 0.238928 1.010895
vt 0.238342 1.013662
vt 0.226602 1.011176
vt 0.211676 1.081650
vt 0.223416 1.084136
vt 0.222830 1.086903
vt 0.211090 1.084417
vt -0.193509 1.167429
vt -0.205248 1.169915
vt -0.205834 1.167148
vt -0.194095 1.164662
vt -0.244184 0.928164
vt -0.255924 0.930651
vt -0.256510 0.927884
vt -0.244770 0.925397
vt 0.115934 1.204357
vt 0.109934 1.204357
vt 0.109934 1.201529
vt 0.115934 1.201529
vt -0.115945 0.876261
vt -0.109945 0.876261
vt -0.109945 0.879089
vt -0.115945 0.879090
vt 0.115948 0.798479
vt 0.109948 0.798479
vt 0.109949 0.795651
vt 0.115949 0.795651
vt -0.115936 1.120919
vt -0.109936 1.120919
vt -0.109936 1.123747
vt -0.115936 1.123747
vt 0.226998 1.125288
vt 0.225887 1.122687
vt 0.228695 1.123025
vt -0.059084 1.195437
vt -0.056276 1.195098
vt -0.057387 1.197699
vt 0.095591 0.919433
vt 0.098392 0.919826
vt 0.096651 0.922056
vt -0.242023 1.035560
vt -0.243764 1.033331
vt -0.240963 1.032938
vt 0.252601 0.939754
vt 0.249800 0.939361
vt 0.251541 0.937132
vt -0.106164 0.823627
vt -0.104424 0.825857
vt -0.107225 0.826249
vt 0.073432 1.100123
vt 0.074542 1.102724
vt 0.071734 1.102385
vt -0.241350 1.029974
vt -0.244158 1.030313
vt -0.243047 1.027712
usemtl Surface_2
f 4/4 2/2 1/1
usemtl Surface_2
f 3/3 2/2 4/4
usemtl Surface_2
f 8/8 6/6 5/5
usemtl Surface_2
f 7/7 6/6 8/8
usemtl Surface_2
f 12/12 10/10 9/9
usemtl Surface_2
f 11/11 10/10 12/12
usemtl Surface_2
f 16/16 14/14 13/13
usemtl Surface_2
f 15/15 14/14 16/16
usemtl Surface_2
f 20/20 18/18 17/17
usemtl Surface_2
f 19/19 18/18 20/20
usemtl Surface_2
f 24/24 22/22 21/21
usemtl Surface_2
f 23/23 22/22 24/24
usemtl Surface_2
f 28/28 26/26 25/25
usemtl Surface_2
f 27/27 26/26 28/28
usemtl Surface_2
f 32/32 30/30 29/29
usemtl Surface_2
f 31/31 30/30 32/32
usemtl Surface_2
f 36/36 34/34 33/33
usemtl Surface_2
f 35/35 34/34 36/36
usemtl Surface_2
f 40/40 38/38 37/37
usemtl Surface_2
f 39/39 38/38 40/40
usemtl Surface_2
f 44/44 42/42 41/41
usemtl Surface_2
f 43/43 42/42 44/44
usemtl Surface_2
f 48/48 46/46 45/45
usemtl Surface_2
f 47/47 46/46 48/48
usemtl Surface_2
f 52/52 50/50 49/49
usemtl Surface_2
f 51/51 50/50 52/52
usemtl Surface_2
f 56/56 54/54 53/53
usemtl Surface_2
f 55/55 54/54 56/56
usemtl Surface_2
f 60/60 58/58 57/57
usemtl Surface_2
f 59/59 58/58 60/60
usemtl Surface_2
f 64/64 62/62 61/61
usemtl Surface_2
f 63/63 62/62 64/64
usemtl Surface_2
f 68/68 66/66 65/65
usemtl Surface_2
f 67/67 66/66 68/68
usemtl Surface_2
f 72/72 70/70 69/69
usemtl Surface_2
f 71/71 70/70 72/72
usemtl Surface_2
f 73/73 75/75 74/74
usemtl Surface_2
f 76/76 78/78 77/77
usemtl Surface_2
f 79/79 81/81 80/80
usemtl Surface_2
f 82/82 84/84 83/83
usemtl Surface_2
f 85/85 87/87 86/86
usemtl Surface_2
f 88/88 90/90 89/89
usemtl Surface_2
f 91/91 93/93 92/92
usemtl Surface_2
f 94/94 96/96 95/95
usemtl Surface_0
f 100/100 98/98 97/97
usemtl Surface_0
f 99/99 98/98 100/100
usemtl Surface_0
f 104/104 102/102 101/101
usemtl Surface_0
f 103/103 102/102 104/104
usemtl Surface_0
f 108/108 106/106 105/105
usemtl Surface_0
f 107/107 106/106 108/108
usemtl Surface_0
f 112/112 110/110 109/109
usemtl Surface_0
f 111/111 110/110 112/112
usemtl Surface_0
f 116/116 114/114 113/113
usemtl Surface_0
f 115/115 114/114 116/116
usemtl Surface_0
f 120/120 118/118 117/117
usemtl Surface_0
f 119/119 118/118 120/120
usemtl Surface_0
f 124/124 122/122 121/121
usemtl Surface_0
f 123/123 122/122 124/124
usemtl Surface_0
f 128/128 126/126 125/125
usemtl Surface_0
f 127/127 126/126 128/128
usemtl Surface_0
f 132/132 130/130 129/129
usemtl Surface_0
f 131/131 130/130 132/132
usemtl Surface_0
f 136/136 134/134 133/133
usemtl Surface_0
f 135/135 134/134 136/136
usemtl Surface_0
f 140/140 138/138 137/137
usemtl Surface_0
f 139/139 138/138 140/140
usemtl Surface_0
f 144/144 142/142 141/141
usemtl Surface_0
f 143/143 142/142 144/144
usemtl Surface_0
f 148/148 146/146 145/145
usemtl Surface_0
f 147/147 146/146 148/148
usemtl Surface_0
f 152/152 150/150 149/149
usemtl Surface_0
f 151/151 150/150 152/152
usemtl Surface_0
f 156/156 154/154 153/153
usemtl Surface_0
f 155/155 154/154 156/156
usemtl Surface_0
f 160/160 158/158 157/157
usemtl Surface_0
f 159/159 158/158 160/160
usemtl Surface_0
f 164/164 162/162 161/161
usemtl Surface_0
f 163/163 162/162 164/164
usemtl Surface_0
f 168/168 166/166 165/165
usemtl Surface_0
f 167/167 166/166 168/168
usemtl Surface_0
f 169/169 171/171 170/170
usemtl Surface_0
f 172/172 174/174 173/173
usemtl Surface_0
f 175/175 177/177 176/176
usemtl Surface_0
f 178/178 180/180 179/179
usemtl Surface_0
f 181/181 183/183 182/182
usemtl Surface_0
f 184/184 186/186 185/185
usemtl Surface_0
f 187/187 189/189 188/188
usemtl Surface_0
f 190/190 192/192 191/191
usemtl Surface_0
f 196/196 194/194 193/193
usemtl Surface_0
f 195/195 194/194 196/196
usemtl Surface_0
f 200/200 198/198 197/197
usemtl Surface_0
f 199/199 198/198 200/200
usemtl Surface_0
f 204/204 202/202 201/201
usemtl Surface_0
f 203/203 202/202 204/204
usemtl Surface_0
f 208/208 206/206 205/205
usemtl Surface_0
f 207/207 206/206 208/208
usemtl Surface_0
f 212/212 210/210 209/209
usemtl Surface_0
f 211/211 210/210 212/212
usemtl Surface_0
f 216/216 214/214 213/213
usemtl Surface_0
f 215/215 214/214 216/216
usemtl Surface_0
f 220/220 218/218 217/217
usemtl Surface_0
f 219/219 218/218 220/220
usemtl Surface_0
f 224/224 222/222 221/221
usemtl Surface_0
f 223/223 222/222 224/224
usemtl Surface_0
f 228/228 226/226 225/225
usemtl Surface_0
f 227/227 226/226 228/228
usemtl Surface_0
f 232/232 230/230 229/229
usemtl Surface_0
f 231/231 230/230 232/232
usemtl Surface_0
f 236/236 234/234 233/233
usemtl Surface_0
f 235/235 234/234 236/236
usemtl Surface_0
f 240/240 238/238 237/237
usemtl Surface_0
f 239/239 238/238 240/240
usemtl Surface_0
f 244/244 242/242 241/241
usemtl Surface_0
f 243/243 242/242 244/244
usemtl Surface_0
f 248/248 246/246 245/245
usemtl Surface_0
f 247/247 246/246 248/248
usemtl Surface_0
f 252/252 250/250 249/249
usemtl Surface_0
f 251/251 250/250 252/252
usemtl Surface_0
f 256/256 254/254 253/253
usemtl Surface_0
f 255/255 254/254 256/256
usemtl Surface_0
f 260/260 258/258 257/257
usemtl Surface_0
f 259/259 258/258 260/260
usemtl Surface_0
f 264/264 262/262 261/261
usemtl Surface_0
f 263/263 262/262 264/264
usemtl Surface_0
f 265/265 267/267 266/266
usemtl Surface_0
f 268/268 270/270 269/269
usemtl Surface_0
f 271/271 273/273 272/272
usemtl Surface_0
f 274/274 276/276 275/275
usemtl Surface_0
f 277/277 279/279 278/278
usemtl Surface_0
f 280/280 282/282 281/281
usemtl Surface_0
f 283/283 285/285 284/284
usemtl Surface_0
f 286/286 288/288 287/287
usemtl Surface_0
f 296/296 290/290 289/289
usemtl Surface_0
f 295/295 290/290 296/296
usemtl Surface_0
f 294/294 290/290 295/295
usemtl Surface_0
f 293/293 290/290 294/294
usemtl Surface_0
f 292/292 290/290 293/293
usemtl Surface_0
f 291/291 290/290 292/292
usemtl Surface_0
f 304/304 298/298 297/297
usemtl Surface_0
f 303/303 298/298 304/304
usemtl Surface_0
f 302/302 298/298 303/303
usemtl Surface_0
f 301/301 298/298 302/302
usemtl Surface_0
f 300/300 298/298 301/301
usemtl Surface_0
f 299/299 298/298 300/300
usemtl Surface_0
f 308/308 306/306 305/305
usemtl Surface_0
f 307/307 306/306 308/308
usemtl Surface_4
f 312/312 310/310 309/309
usemtl Surface_4
f 311/311 310/310 312/312
usemtl Surface_0
f 316/316 314/314 313/313
usemtl Surface_0
f 315/315 314/314 316/316
usemtl Surface_4
f 320/320 318/318 317/317
usemtl Surface_4
f 319/319 318/318 320/320
usemtl Surface_0
f 324/324 322/322 321/321
usemtl Surface_0
f 323/323 322/322 324/324
usemtl Surface_4
f 328/328 326/326 325/325
usemtl Surface_4
f 327/327 326/326 328/328
usemtl Surface_0
f 332/332 330/330 329/329
usemtl Surface_0
f 331/331 330/330 332/332
usemtl Surface_4
f 336/336 334/334 333/333
usemtl Surface_4
f 335/335 334/334 336/336
usemtl Surface_0
f 340/340 338/338 337/337
usemtl Surface_0
f 339/339 338/338 340/340
usemtl Surface_4
f 344/344 342/342 341/341
usemtl Surface_4
f 343/343 342/342 344/344
usemtl Surface_0
f 348/348 346/346 345/345
usemtl Surface_0
f 347/347 346/346 348/348
usemtl Surface_4
f 352/352 350/350 349/349
usemtl Surface_4
f 351/351 350/350 352/352
usemtl Surface_0
f 356/356 354/354 353/353
usemtl Surface_0
f 355/355 354/354 356/356
usemtl Surface_4
f 360/360 358/358 357/357
usemtl Surface_4
f 359/359 358/358 360/360
usemtl Surface_0
f 364/364 362/362 361/361
usemtl Surface_0
f 363/363 362/362 364/364
usemtl Surface_4
f 368/368 366/366 365/365
usemtl Surface_4
f 367/367 366/366 368/368
usemtl Surface_1
f 372/372 370/370 369/369
usemtl Surface_1
f 371/371 370/370 372/372
usemtl Surface_0
f 376/376 374/374 373/373
usemtl Surface_0
f 375/375 374/374 376/376
usemtl Surface_1
f 380/380 378/378 377/377
usemtl Surface_1
f 379/379 378/378 380/380
usemtl Surface_0
f 384/384 382/382 381/381
usemtl Surface_0
f 383/383 382/382 384/384
usemtl Surface_1
f 388/388 386/386 385/385
usemtl Surface_1
f 387/387 386/386 388/388
usemtl Surface_0
f 392/392 390/390 389/389
usemtl Surface_0
f 391/391 390/390 392/392
usemtl Surface_1
f 396/396 394/394 393/393
usemtl Surface_1
f 395/395 394/394 396/396
usemtl Surface_0
f 400/400 398/398 397/397
usemtl Surface_0
f 399/399 398/398 400/400
usemtl Surface_1
f 404/404 402/402 401/401
usemtl Surface_1
f 403/403 402/402 404/404
usemtl Surface_0
f 408/408 406/406 405/405
usemtl Surface_0
f 407/407 406/406 408/408
usemtl Surface_1
f 412/412 410/410 409/409
usemtl Surface_1
f 411/411 410/410 412/412
usemtl Surface_0
f 416/416 414/414 413/413
usemtl Surface_0
f 415/415 414/414 416/416
usemtl Surface_1
f 420/420 418/418 417/417
usemtl Surface_1
f 419/419 418/418 420/420
usemtl Surface_0
f 424/424 422/422 421/421
usemtl Surface_0
f 423/423 422/422 424/424
usemtl Surface_1
f 428/428 426/426 425/425
usemtl Surface_1
f 427/427 426/426 428/428
usemtl Surface_0
f 432/432 430/430 429/429
usemtl Surface_0
f 431/431 430/430 432/432
usemtl Surface_1
f 436/436 434/434 433/433
usemtl Surface_1
f 435/435 434/434 436/436
usemtl Surface_0
f 440/440 438/438 437/437
usemtl Surface_0
f 439/439 438/438 440/440
usemtl Surface_1
f 444/444 442/442 441/441
usemtl Surface_1
f 443/443 442/442 444/444
usemtl Surface_0
f 448/448 446/446 445/445
usemtl Surface_0
f 447/447 446/446 448/448
usemtl Surface_1
f 452/452 450/450 449/449
usemtl Surface_1
f 451/451 450/450 452/452
usemtl Surface_0
f 456/456 454/454 453/453
usemtl Surface_0
f 455/455 454/454 456/456
usemtl Surface_1
f 460/460 458/458 457/457
usemtl Surface_1
f 459/459 458/458 460/460
usemtl Surface_0
f 464/464 462/462 461/461
usemtl Surface_0
f 463/463 462/462 464/464
usemtl Surface_1
f 468/468 466/466 465/465
usemtl Surface_1
f 467/467 466/466 468/468
usemtl Surface_0
f 472/472 470/470 469/469
usemtl Surface_0
f 471/471 470/470 472/472
usemtl Surface_1
f 476/476 474/474 473/473
usemtl Surface_1
f 475/475 474/474 476/476
usemtl Surface_0
f 480/480 478/478 477/477
usemtl Surface_0
f 479/479 478/478 480/480
usemtl Surface_1
f 484/484 482/482 481/481
usemtl Surface_1
f 483/483 482/482 484/484
usemtl Surface_0
f 488/488 486/486 485/485
usemtl Surface_0
f 487/487 486/486 488/488
usemtl Surface_1
f 492/492 490/490 489/489
usemtl Surface_1
f 491/491 490/490 492/492
usemtl Surface_0
f 496/496 494/494 493/493
usemtl Surface_0
f 495/495 494/494 496/496
usemtl Surface_1
f 500/500 498/498 497/497
usemtl Surface_1
f 499/499 498/498 500/500
usemtl Surface_0
f 504/504 502/502 501/501
usemtl Surface_0
f 503/503 502/502 504/504
usemtl Surface_1
f 508/508 506/506 505/505
usemtl Surface_1
f 507/507 506/506 508/508
usemtl Surface_0
f 512/512 510/510 509/509
usemtl Surface_0
f 511/511 510/510 512/512
usemtl Surface_1
f 516/516 514/514 513/513
usemtl Surface_1
f 515/515 514/514 516/516
usemtl Surface_0
f 520/520 518/518 517/517
usemtl Surface_0
f 519/519 518/518 520/520
usemtl Surface_1
f 524/524 522/522 521/521
usemtl Surface_1
f 523/523 522/522 524/524
usemtl Surface_0
f 528/528 526/526 525/525
usemtl Surface_0
f 527/527 526/526 528/528
usemtl Surface_1
f 532/532 530/530 529/529
usemtl Surface_1
f 531/531 530/530 532/532
usemtl Surface_0
f 536/536 534/534 533/533
usemtl Surface_0
f 535/535 534/534 536/536
usemtl Surface_1
f 540/540 538/538 537/537
usemtl Surface_1
f 539/539 538/538 540/540
usemtl Surface_0
f 544/544 542/542 541/541
usemtl Surface_0
f 543/543 542/542 544/544
usemtl Surface_1
f 548/548 546/546 545/545
usemtl Surface_1
f 547/547 546/546 548/548
usemtl Surface_0
f 552/552 550/550 549/549
usemtl Surface_0
f 551/551 550/550 552/552
usemtl Surface_1
f 556/556 554/554 553/553
usemtl Surface_1
f 555/555 554/554 556/556
usemtl Surface_0
f 560/560 558/558 557/557
usemtl Surface_0
f 559/559 558/558 560/560
usemtl Surface_1
f 564/564 562/562 561/561
usemtl Surface_1
f 563/563 562/562 564/564
usemtl Surface_0
f 568/568 566/566 565/565
usemtl Surface_0
f 567/567 566/566 568/568
usemtl Surface_1
f 572/572 570/570 569/569
usemtl Surface_1
f 571/571 570/570 572/572
usemtl Surface_0
f 576/576 574/574 573/573
usemtl Surface_0
f 575/575 574/574 576/576
usemtl Surface_1
f 580/580 578/578 577/577
usemtl Surface_1
f 579/579 578/578 580/580
usemtl Surface_0
f 584/584 582/582 581/581
usemtl Surface_0
f 583/583 582/582 584/584
usemtl Surface_1
f 588/588 586/586 585/585
usemtl Surface_1
f 587/587 586/586 588/588
usemtl Surface_0
f 592/592 590/590 589/589
usemtl Surface_0
f 591/591 590/590 592/592
usemtl Surface_1
f 596/596 594/594 593/593
usemtl Surface_1
f 595/595 594/594 596/596
usemtl Surface_0
f 600/600 598/598 597/597
usemtl Surface_0
f 599/599 598/598 600/600
usemtl Surface_1
f 604/604 602/602 601/601
usemtl Surface_1
f 603/603 602/602 604/604
usemtl Surface_0
f 608/608 606/606 605/605
usemtl Surface_0
f 607/607 606/606 608/608
usemtl Surface_0
f 612/612 610/610 609/609
usemtl Surface_0
f 611/611 610/610 612/612
usemtl Surface_0
f 616/616 614/614 613/613
usemtl Surface_0
f 615/615 614/614 616/616
usemtl Surface_0
f 620/620 618/618 617/617
usemtl Surface_0
f 619/619 618/618 620/620
usemtl Surface_0
f 624/624 622/622 621/621
usemtl Surface_0
f 623/623 622/622 624/624
usemtl Surface_0
f 628/628 626/626 625/625
usemtl Surface_0
f 627/627 626/626 628/628
usemtl Surface_0
f 632/632 630/630 629/629
usemtl Surface_0
f 631/631 630/630 632/632
usemtl Surface_0
f 636/636 634/634 633/633
usemtl Surface_0
f 635/635 634/634 636/636
usemtl Surface_0
f 640/640 638/638 637/637
usemtl Surface_0
f 639/639 638/638 640/640
usemtl Surface_0
f 644/644 642/642 641/641
usemtl Surface_0
f 643/643 642/642 644/644
usemtl Surface_0
f 648/648 646/646 645/645
usemtl Surface_0
f 647/647 646/646 648/648
usemtl Surface_0
f 652/652 650/650 649/649
usemtl Surface_0
f 651/651 650/650 652/652
usemtl Surface_0
f 656/656 654/654 653/653
usemtl Surface_0
f 655/655 654/654 656/656
usemtl Surface_0
f 660/660 658/658 657/657
usemtl Surface_0
f 659/659 658/658 660/660
usemtl Surface_0
f 664/664 662/662 661/661
usemtl Surface_0
f 663/663 662/662 664/664
usemtl Surface_0
f 668/668 666/666 665/665
usemtl Surface_0
f 667/667 666/666 668/668
usemtl Surface_0
f 672/672 670/670 669/669
usemtl Surface_0
f 671/671 670/670 672/672
usemtl Surface_0
f 676/676 674/674 673/673
usemtl Surface_0
f 675/675 674/674 676/676
usemtl Surface_0
f 680/680 678/678 677/677
usemtl Surface_0
f 679/679 678/678 680/680
usemtl Surface_0
f 684/684 682/682 681/681
usemtl Surface_0
f 683/683 682/682 684/684
usemtl Surface_0
f 688/688 686/686 685/685
usemtl Surface_0
f 687/687 686/686 688/688
usemtl Surface_0
f 692/692 690/690 689/689
usemtl Surface_0
f 691/691 690/690 692/692
usemtl Surface_0
f 696/696 694/694 693/693
usemtl Surface_0
f 695/695 694/694 696/696
usemtl Surface_0
f 700/700 698/698 697/697
usemtl Surface_0
f 699/699 698/698 700/700
usemtl Surface_0
f 704/704 702/702 701/701
usemtl Surface_0
f 703/703 702/702 704/704
usemtl Surface_0
f 708/708 706/706 705/705
usemtl Surface_0
f 707/707 706/706 708/708
usemtl Surface_0
f 712/712 710/710 709/709
usemtl Surface_0
f 711/711 710/710 712/712
usemtl Surface_0
f 716/716 714/714 713/713
usemtl Surface_0
f 715/715 714/714 716/716
usemtl Surface_0
f 720/720 718/718 717/717
usemtl Surface_0
f 719/719 718/718 720/720
usemtl Surface_0
f 724/724 722/722 721/721
usemtl Surface_0
f 723/723 722/722 724/724
usemtl Surface_0
f 728/728 726/726 725/725
usemtl Surface_0
f 727/727 726/726 728/728
usemtl Surface_0
f 732/732 730/730 729/729
usemtl Surface_0
f 731/731 730/730 732/732
usemtl Surface_0
f 736/736 734/734 733/733
usemtl Surface_0
f 735/735 734/734 736/736
usemtl Surface_0
f 740/740 738/738 737/737
usemtl Surface_0
f 739/739 738/738 740/740
usemtl Surface_0
f 744/744 742/742 741/741
usemtl Surface_0
f 743/743 742/742 744/744
usemtl Surface_0
f 748/748 746/746 745/745
usemtl Surface_0
f 747/747 746/746 748/748
usemtl Surface_0
f 752/752 750/750 749/749
usemtl Surface_0
f 751/751 750/750 752/752
usemtl Surface_0
f 756/756 754/754 753/753
usemtl Surface_0
f 755/755 754/754 756/756
usemtl Surface_0
f 760/760 758/758 757/757
usemtl Surface_0
f 759/759 758/758 760/760
usemtl Surface_0
f 764/764 762/762 761/761
usemtl Surface_0
f 763/763 762/762 764/764
usemtl Surface_0
f 768/768 766/766 765/765
usemtl Surface_0
f 767/767 766/766 768/768
usemtl Surface_0
f 772/772 770/770 769/769
usemtl Surface_0
f 771/771 770/770 772/772
usemtl Surface_0
f 776/776 774/774 773/773
usemtl Surface_0
f 775/775 774/774 776/776
usemtl Surface_0
f 780/780 778/778 777/777
usemtl Surface_0
f 779/779 778/778 780/780
usemtl Surface_0
f 784/784 782/782 781/781
usemtl Surface_0
f 783/783 782/782 784/784
usemtl Surface_0
f 788/788 786/786 785/785
usemtl Surface_0
f 787/787 786/786 788/788
usemtl Surface_0
f 792/792 790/790 789/789
usemtl Surface_0
f 791/791 790/790 792/792
usemtl Surface_0
f 796/796 794/794 793/793
usemtl Surface_0
f 795/795 794/794 796/796
usemtl Surface_0
f 800/800 798/798 797/797
usemtl Surface_0
f 799/799 798/798 800/800
usemtl Surface_0
f 804/804 802/802 801/801
usemtl Surface_0
f 803/803 802/802 804/804
usemtl Surface_0
f 808/808 806/806 805/805
usemtl Surface_0
f 807/807 806/806 808/808
usemtl Surface_0
f 812/812 810/810 809/809
usemtl Surface_0
f 811/811 810/810 812/812
usemtl Surface_0
f 816/816 814/814 813/813
usemtl Surface_0
f 815/815 814/814 816/816
usemtl Surface_0
f 820/820 818/818 817/817
usemtl Surface_0
f 819/819 818/818 820/820
usemtl Surface_0
f 824/824 822/822 821/821
usemtl Surface_0
f 823/823 822/822 824/824
usemtl Surface_0
f 828/828 826/826 825/825
usemtl Surface_0
f 827/827 826/826 828/828
usemtl Surface_0
f 832/832 830/830 829/829
usemtl Surface_0
f 831/831 830/830 832/832
usemtl Surface_0
f 836/836 834/834 833/833
usemtl Surface_0
f 835/835 834/834 836/836
usemtl Surface_0
f 840/840 838/838 837/837
usemtl Surface_0
f 839/839 838/838 840/840
usemtl Surface_0
f 844/844 842/842 841/841
usemtl Surface_0
f 843/843 842/842 844/844
usemtl Surface_0
f 848/848 846/846 845/845
usemtl Surface_0
f 847/847 846/846 848/848
usemtl Surface_1
f 852/852 850/850 849/849
usemtl Surface_1
f 851/851 850/850 852/852
usemtl Surface_0
f 856/856 854/854 853/853
usemtl Surface_0
f 855/855 854/854 856/856
usemtl Surface_1
f 860/860 858/858 857/857
usemtl Surface_1
f 859/859 858/858 860/860
usemtl Surface_0
f 864/864 862/862 861/861
usemtl Surface_0
f 863/863 862/862 864/864
usemtl Surface_1
f 868/868 866/866 865/865
usemtl Surface_1
f 867/867 866/866 868/868
usemtl Surface_0
f 872/872 870/870 869/869
usemtl Surface_0
f 871/871 870/870 872/872
usemtl Surface_1
f 876/876 874/874 873/873
usemtl Surface_1
f 875/875 874/874 876/876
usemtl Surface_0
f 880/880 878/878 877/877
usemtl Surface_0
f 879/879 878/878 880/880
usemtl Surface_1
f 884/884 882/882 881/881
usemtl Surface_1
f 883/883 882/882 884/884
usemtl Surface_0
f 888/888 886/886 885/885
usemtl Surface_0
f 887/887 886/886 888/888
usemtl Surface_1
f 892/892 890/890 889/889
usemtl Surface_1
f 891/891 890/890 892/892
usemtl Surface_0
f 896/896 894/894 893/893
usemtl Surface_0
f 895/895 894/894 896/896
usemtl Surface_1
f 900/900 898/898 897/897
usemtl Surface_1
f 899/899 898/898 900/900
usemtl Surface_0
f 904/904 902/902 901/901
usemtl Surface_0
f 903/903 902/902 904/904
usemtl Surface_1
f 908/908 906/906 905/905
usemtl Surface_1
f 907/907 906/906 908/908
usemtl Surface_0
f 912/912 910/910 909/909
usemtl Surface_0
f 911/911 910/910 912/912
usemtl Surface_1
f 916/916 914/914 913/913
usemtl Surface_1
f 915/915 914/914 916/916
usemtl Surface_0
f 920/920 918/918 917/917
usemtl Surface_0
f 919/919 918/918 920/920
usemtl Surface_1
f 924/924 922/922 921/921
usemtl Surface_1
f 923/923 922/922 924/924
usemtl Surface_0
f 928/928 926/926 925/925
usemtl Surface_0
f 927/927 926/926 928/928
usemtl Surface_1
f 932/932 930/930 929/929
usemtl Surface_1
f 931/931 930/930 932/932
usemtl Surface_0
f 936/936 934/934 933/933
usemtl Surface_0
f 935/935 934/934 936/936
usemtl Surface_1
f 940/940 938/938 937/937
usemtl Surface_1
f 939/939 938/938 940/940
usemtl Surface_0
f 944/944 942/942 941/941
usemtl Surface_0
f 943/943 942/942 944/944
usemtl Surface_1
f 948/948 946/946 945/945
usemtl Surface_1
f 947/947 946/946 948/948
usemtl Surface_0
f 952/952 950/950 949/949
usemtl Surface_0
f 951/951 950/950 952/952
usemtl Surface_1
f 956/956 954/954 953/953
usemtl Surface_1
f 955/955 954/954 956/956
usemtl Surface_0
f 960/960 958/958 957/957
usemtl Surface_0
f 959/959 958/958 960/960
usemtl Surface_1
f 964/964 962/962 961/961
usemtl Surface_1
f 963/963 962/962 964/964
usemtl Surface_0
f 968/968 966/966 965/965
usemtl Surface_0
f 967/967 966/966 968/968
usemtl Surface_1
f 972/972 970/970 969/969
usemtl Surface_1
f 971/971 970/970 972/972
usemtl Surface_0
f 976/976 974/974 973/973
usemtl Surface_0
f 975/975 974/974 976/976
usemtl Surface_1
f 980/980 978/978 977/977
usemtl Surface_1
f 979/979 978/978 980/980
usemtl Surface_0
f 984/984 982/982 981/981
usemtl Surface_0
f 983/983 982/982 984/984
usemtl Surface_1
f 988/988 986/986 985/985
usemtl Surface_1
f 987/987 986/986 988/988
usemtl Surface_0
f 992/992 990/990 989/989
usemtl Surface_0
f 991/991 990/990 992/992
usemtl Surface_1
f 996/996 994/994 993/993
usemtl Surface_1
f 995/995 994/994 996/996
usemtl Surface_0
f 1000/1000 998/998 997/997
usemtl Surface_0
f 999/999 998/998 1000/1000
usemtl Surface_1
f 1004/1004 1002/1002 1001/1001
usemtl Surface_1
f 1003/1003 1002/1002 1004/1004
usemtl Surface_0
f 1008/1008 1006/1006 1005/1005
usemtl Surface_0
f 1007/1007 1006/1006 1008/1008
usemtl Surface_1
f 1012/1012 1010/1010 1009/1009
usemtl Surface_1
f 1011/1011 1010/1010 1012/1012
usemtl Surface_0
f 1016/1016 1014/1014 1013/1013
usemtl Surface_0
f 1015/1015 1014/1014 1016/1016
usemtl Surface_1
f 1020/1020 1018/1018 1017/1017
usemtl Surface_1
f 1019/1019 1018/1018 1020/1020
usemtl Surface_0
f 1024/1024 1022/1022 1021/1021
usemtl Surface_0
f 1023/1023 1022/1022 1024/1024
usemtl Surface_1
f 1028/1028 1026/1026 1025/1025
usemtl Surface_1
f 1027/1027 1026/1026 1028/1028
usemtl Surface_0
f 1032/1032 1030/1030 1029/1029
usemtl Surface_0
f 1031/1031 1030/1030 1032/1032
usemtl Surface_1
f 1036/1036 1034/1034 1033/1033
usemtl Surface_1
f 1035/1035 1034/1034 1036/1036
usemtl Surface_0
f 1040/1040 1038/1038 1037/1037
usemtl Surface_0
f 1039/1039 1038/1038 1040/1040
usemtl Surface_1
f 1044/1044 1042/1042 1041/1041
usemtl Surface_1
f 1043/1043 1042/1042 1044/1044
usemtl Surface_0
f 1048/1048 1046/1046 1045/1045
usemtl Surface_0
f 1047/1047 1046/1046 1048/1048
usemtl Surface_1
f 1052/1052 1050/1050 1049/1049
usemtl Surface_1
f 1051/1051 1050/1050 1052/1052
usemtl Surface_0
f 1056/1056 1054/1054 1053/1053
usemtl Surface_0
f 1055/1055 1054/1054 1056/1056
usemtl Surface_1
f 1060/1060 1058/1058 1057/1057
usemtl Surface_1
f 1059/1059 1058/1058 1060/1060
usemtl Surface_0
f 1064/1064 1062/1062 1061/1061
usemtl Surface_0
f 1063/1063 1062/1062 1064/1064
usemtl Surface_1
f 1068/1068 1066/1066 1065/1065
usemtl Surface_1
f 1067/1067 1066/1066 1068/1068
usemtl Surface_0
f 1072/1072 1070/1070 1069/1069
usemtl Surface_0
f 1071/1071 1070/1070 1072/1072
usemtl Surface_1
f 1076/1076 1074/1074 1073/1073
usemtl Surface_1
f 1075/1075 1074/1074 1076/1076
usemtl Surface_0
f 1080/1080 1078/1078 1077/1077
usemtl Surface_0
f 1079/1079 1078/1078 1080/1080
usemtl Surface_1
f 1084/1084 1082/1082 1081/1081
usemtl Surface_1
f 1083/1083 1082/1082 1084/1084
usemtl Surface_0
f 1088/1088 1086/1086 1085/1085
usemtl Surface_0
f 1087/1087 1086/1086 1088/1088
usemtl Surface_1
f 1092/1092 1090/1090 1089/1089
usemtl Surface_1
f 1091/1091 1090/1090 1092/1092
usemtl Surface_1
f 1096/1096 1094/1094 1093/1093
usemtl Surface_1
f 1095/1095 1094/1094 1096/1096
usemtl Surface_1
f 1100/1100 1098/1098 1097/1097
usemtl Surface_1
f 1099/1099 1098/1098 1100/1100
usemtl Surface_1
f 1104/1104 1102/1102 1101/1101
usemtl Surface_1
f 1103/1103 1102/1102 1104/1104
usemtl Surface_1
f 1108/1108 1106/1106 1105/1105
usemtl Surface_1
f 1107/1107 1106/1106 1108/1108
usemtl Surface_1
f 1112/1112 1110/1110 1109/1109
usemtl Surface_1
f 1111/1111 1110/1110 1112/1112
usemtl Surface_1
f 1116/1116 1114/1114 1113/1113
usemtl Surface_1
f 1115/1115 1114/1114 1116/1116
usemtl Surface_1
f 1120/1120 1118/1118 1117/1117
usemtl Surface_1
f 1119/1119 1118/1118 1120/1120
usemtl Surface_1
f 1124/1124 1122/1122 1121/1121
usemtl Surface_1
f 1123/1123 1122/1122 1124/1124
usemtl Surface_1
f 1128/1128 1126/1126 1125/1125
usemtl Surface_1
f 1127/1127 1126/1126 1128/1128
usemtl Surface_1
f 1132/1132 1130/1130 1129/1129
usemtl Surface_1
f 1131/1131 1130/1130 1132/1132
usemtl Surface_1
f 1136/1136 1134/1134 1133/1133
usemtl Surface_1
f 1135/1135 1134/1134 1136/1136
usemtl Surface_1
f 1140/1140 1138/1138 1137/1137
usemtl Surface_1
f 1139/1139 1138/1138 1140/1140
usemtl Surface_1
f 1144/1144 1142/1142 1141/1141
usemtl Surface_1
f 1143/1143 1142/1142 1144/1144
usemtl Surface_1
f 1148/1148 1146/1146 1145/1145
usemtl Surface_1
f 1147/1147 1146/1146 1148/1148
usemtl Surface_1
f 1152/1152 1150/1150 1149/1149
usemtl Surface_1
f 1151/1151 1150/1150 1152/1152
usemtl Surface_1
f 1156/1156 1154/1154 1153/1153
usemtl Surface_1
f 1155/1155 1154/1154 1156/1156
usemtl Surface_1
f 1160/1160 1158/1158 1157/1157
usemtl Surface_1
f 1159/1159 1158/1158 1160/1160
usemtl Surface_1
f 1164/1164 1162/1162 1161/1161
usemtl Surface_1
f 1163/1163 1162/1162 1164/1164
usemtl Surface_1
f 1168/1168 1166/1166 1165/1165
usemtl Surface_1
f 1167/1167 1166/1166 1168/1168
usemtl Surface_1
f 1172/1172 1170/1170 1169/1169
usemtl Surface_1
f 1171/1171 1170/1170 1172/1172
usemtl Surface_1
f 1176/1176 1174/1174 1173/1173
usemtl Surface_1
f 1175/1175 1174/1174 1176/1176
usemtl Surface_1
f 1180/1180 1178/1178 1177/1177
usemtl Surface_1
f 1179/1179 1178/1178 1180/1180
usemtl Surface_1
f 1184/1184 1182/1182 1181/1181
usemtl Surface_1
f 1183/1183 1182/1182 1184/1184
usemtl Surface_1
f 1188/1188 1186/1186 1185/1185
usemtl Surface_1
f 1187/1187 1186/1186 1188/1188
usemtl Surface_1
f 1192/1192 1190/1190 1189/1189
usemtl Surface_1
f 1191/1191 1190/1190 1192/1192
usemtl Surface_1
f 1196/1196 1194/1194 1193/1193
usemtl Surface_1
f 1195/1195 1194/1194 1196/1196
usemtl Surface_1
f 1200/1200 1198/1198 1197/1197
usemtl Surface_1
f 1199/1199 1198/1198 1200/1200
usemtl Surface_1
f 1204/1204 1202/1202 1201/1201
usemtl Surface_1
f 1203/1203 1202/1202 1204/1204
usemtl Surface_1
f 1208/1208 1206/1206 1205/1205
usemtl Surface_1
f 1207/1207 1206/1206 1208/1208
usemtl Surface_1
f 1212/1212 1210/1210 1209/1209
usemtl Surface_1
f 1211/1211 1210/1210 1212/1212
usemtl Surface_1
f 1216/1216 1214/1214 1213/1213
usemtl Surface_1
f 1215/1215 1214/1214 1216/1216
usemtl Surface_1
f 1220/1220 1218/1218 1217/1217
usemtl Surface_1
f 1219/1219 1218/1218 1220/1220
usemtl Surface_1
f 1224/1224 1222/1222 1221/1221
usemtl Surface_1
f 1223/1223 1222/1222 1224/1224
usemtl Surface_1
f 1228/1228 1226/1226 1225/1225
usemtl Surface_1
f 1227/1227 1226/1226 1228/1228
usemtl Surface_1
f 1232/1232 1230/1230 1229/1229
usemtl Surface_1
f 1231/1231 1230/1230 1232/1232
usemtl Surface_1
f 1236/1236 1234/1234 1233/1233
usemtl Surface_1
f 1235/1235 1234/1234 1236/1236
usemtl Surface_1
f 1240/1240 1238/1238 1237/1237
usemtl Surface_1
f 1239/1239 1238/1238 1240/1240
usemtl Surface_1
f 1244/1244 1242/1242 1241/1241
usemtl Surface_1
f 1243/1243 1242/1242 1244/1244
usemtl Surface_1
f 1248/1248 1246/1246 1245/1245
usemtl Surface_1
f 1247/1247 1246/1246 1248/1248
usemtl Surface_1
f 1252/1252 1250/1250 1249/1249
usemtl Surface_1
f 1251/1251 1250/1250 1252/1252
usemtl Surface_1
f 1256/1256 1254/1254 1253/1253
usemtl Surface_1
f 1255/1255 1254/1254 1256/1256
usemtl Surface_1
f 1260/1260 1258/1258 1257/1257
usemtl Surface_1
f 1259/1259 1258/1258 1260/1260
usemtl Surface_1
f 1264/1264 1262/1262 1261/1261
usemtl Surface_1
f 1263/1263 1262/1262 1264/1264
usemtl Surface_1
f 1268/1268 1266/1266 1265/1265
usemtl Surface_1
f 1267/1267 1266/1266 1268/1268
usemtl Surface_1
f 1272/1272 1270/1270 1269/1269
usemtl Surface_1
f 1271/1271 1270/1270 1272/1272
usemtl Surface_1
f 1276/1276 1274/1274 1273/1273
usemtl Surface_1
f 1275/1275 1274/1274 1276/1276
usemtl Surface_1
f 1280/1280 1278/1278 1277/1277
usemtl Surface_1
f 1279/1279 1278/1278 1280/1280
usemtl Surface_1
f 1284/1284 1282/1282 1281/1281
usemtl Surface_1
f 1283/1283 1282/1282 1284/1284
usemtl Surface_1
f 1288/1288 1286/1286 1285/1285
usemtl Surface_1
f 1287/1287 1286/1286 1288/1288
usemtl Surface_1
f 1292/1292 1290/1290 1289/1289
usemtl Surface_1
f 1291/1291 1290/1290 1292/1292
usemtl Surface_1
f 1296/1296 1294/1294 1293/1293
usemtl Surface_1
f 1295/1295 1294/1294 1296/1296
usemtl Surface_1
f 1300/1300 1298/1298 1297/1297
usemtl Surface_1
f 1299/1299 1298/1298 1300/1300
usemtl Surface_1
f 1304/1304 1302/1302 1301/1301
usemtl Surface_1
f 1303/1303 1302/1302 1304/1304
usemtl Surface_1
f 1308/1308 1306/1306 1305/1305
usemtl Surface_1
f 1307/1307 1306/1306 1308/1308
usemtl Surface_1
f 1312/1312 1310/1310 1309/1309
usemtl Surface_1
f 1311/1311 1310/1310 1312/1312
usemtl Surface_1
f 1316/1316 1314/1314 1313/1313
usemtl Surface_1
f 1315/1315 1314/1314 1316/1316
usemtl Surface_1
f 1320/1320 1318/1318 1317/1317
usemtl Surface_1
f 1319/1319 1318/1318 1320/1320
usemtl Surface_1
f 1324/1324 1322/1322 1321/1321
usemtl Surface_1
f 1323/1323 1322/1322 1324/1324
usemtl Surface_1
f 1328/1328 1326/1326 1325/1325
usemtl Surface_1
f 1327/1327 1326/1326 1328/1328
usemtl Surface_1
f 1332/1332 1330/1330 1329/1329
usemtl Surface_1
f 1331/1331 1330/1330 1332/1332
usemtl Surface_1
f 1336/1336 1334/1334 1333/1333
usemtl Surface_1
f 1335/1335 1334/1334 1336/1336
usemtl Surface_1
f 1340/1340 1338/1338 1337/1337
usemtl Surface_1
f 1339/1339 1338/1338 1340/1340
usemtl Surface_1
f 1344/1344 1342/1342 1341/1341
usemtl Surface_1
f 1343/1343 1342/1342 1344/1344
usemtl Surface_1
f 1348/1348 1346/1346 1345/1345
usemtl Surface_1
f 1347/1347 1346/1346 1348/1348
usemtl Surface_1
f 1352/1352 1350/1350 1349/1349
usemtl Surface_1
f 1351/1351 1350/1350 1352/1352
usemtl Surface_2
f 1356/1356 1354/1354 1353/1353
usemtl Surface_2
f 1355/1355 1354/1354 1356/1356
usemtl Surface_2
f 1360/1360 1358/1358 1357/1357
usemtl Surface_2
f 1359/1359 1358/1358 1360/1360
usemtl Surface_2
f 1364/1364 1362/1362 1361/1361
usemtl Surface_2
f 1363/1363 1362/1362 1364/1364
usemtl Surface_2
f 1368/1368 1366/1366 1365/1365
usemtl Surface_2
f 1367/1367 1366/1366 1368/1368
usemtl Surface_2
f 1372/1372 1370/1370 1369/1369
usemtl Surface_2
f 1371/1371 1370/1370 1372/1372
usemtl Surface_2
f 1376/1376 1374/1374 1373/1373
usemtl Surface_2
f 1375/1375 1374/1374 1376/1376
usemtl Surface_2
f 1380/1380 1378/1378 1377/1377
usemtl Surface_2
f 1379/1379 1378/1378 1380/1380
usemtl Surface_2
f 1384/1384 1382/1382 1381/1381
usemtl Surface_2
f 1383/1383 1382/1382 1384/1384
usemtl Surface_2
f 1388/1388 1386/1386 1385/1385
usemtl Surface_2
f 1387/1387 1386/1386 1388/1388
usemtl Surface_2
f 1392/1392 1390/1390 1389/1389
usemtl Surface_2
f 1391/1391 1390/1390 1392/1392
usemtl Surface_2
f 1396/1396 1394/1394 1393/1393
usemtl Surface_2
f 1395/1395 1394/1394 1396/1396
usemtl Surface_2
f 1400/1400 1398/1398 1397/1397
usemtl Surface_2
f 1399/1399 1398/1398 1400/1400
usemtl Surface_2
f 1404/1404 1402/1402 1401/1401
usemtl Surface_2
f 1403/1403 1402/1402 1404/1404
usemtl Surface_2
f 1408/1408 1406/1406 1405/1405
usemtl Surface_2
f 1407/1407 1406/1406 1408/1408
usemtl Surface_2
f 1412/1412 1410/1410 1409/1409
usemtl Surface_2
f 1411/1411 1410/1410 1412/1412
usemtl Surface_2
f 1416/1416 1414/1414 1413/1413
usemtl Surface_2
f 1415/1415 1414/1414 1416/1416
usemtl Surface_2
f 1420/1420 1418/1418 1417/1417
usemtl Surface_2
f 1419/1419 1418/1418 1420/1420
usemtl Surface_2
f 1424/1424 1422/1422 1421/1421
usemtl Surface_2
f 1423/1423 1422/1422 1424/1424
usemtl Surface_2
f 1425/1425 1427/1427 1426/1426
usemtl Surface_2
f 1428/1428 1430/1430 1429/1429
usemtl Surface_2
f 1431/1431 1433/1433 1432/1432
usemtl Surface_2
f 1434/1434 1436/1436 1435/1435
usemtl Surface_2
f 1437/1437 1439/1439 1438/1438
usemtl Surface_2
f 1440/1440 1442/1442 1441/1441
usemtl Surface_2
f 1443/1443 1445/1445 1444/1444
usemtl Surface_2
f 1446/1446 1448/1448 1447/1447
usemtl Surface_2
f 1452/1452 1450/1450 1449/1449
usemtl Surface_2
f 1451/1451 1450/1450 1452/1452
usemtl Surface_2
f 1456/1456 1454/1454 1453/1453
usemtl Surface_2
f 1455/1455 1454/1454 1456/1456
usemtl Surface_2
f 1460/1460 1458/1458 1457/1457
usemtl Surface_2
f 1459/1459 1458/1458 1460/1460
usemtl Surface_2
f 1464/1464 1462/1462 1461/1461
usemtl Surface_2
f 1463/1463 1462/1462 1464/1464
usemtl Surface_2
f 1468/1468 1466/1466 1465/1465
usemtl Surface_2
f 1467/1467 1466/1466 1468/1468
usemtl Surface_2
f 1472/1472 1470/1470 1469/1469
usemtl Surface_2
f 1471/1471 1470/1470 1472/1472
usemtl Surface_2
f 1476/1476 1474/1474 1473/1473
usemtl Surface_2
f 1475/1475 1474/1474 1476/1476
usemtl Surface_2
f 1480/1480 1478/1478 1477/1477
usemtl Surface_2
f 1479/1479 1478/1478 1480/1480
usemtl Surface_2
f 1484/1484 1482/1482 1481/1481
usemtl Surface_2
f 1483/1483 1482/1482 1484/1484
usemtl Surface_2
f 1488/1488 1486/1486 1485/1485
usemtl Surface_2
f 1487/1487 1486/1486 1488/1488
usemtl Surface_2
f 1492/1492 1490/1490 1489/1489
usemtl Surface_2
f 1491/1491 1490/1490 1492/1492
usemtl Surface_2
f 1496/1496 1494/1494 1493/1493
usemtl Surface_2
f 1495/1495 1494/1494 1496/1496
usemtl Surface_2
f 1500/1500 1498/1498 1497/1497
usemtl Surface_2
f 1499/1499 1498/1498 1500/1500
usemtl Surface_2
f 1504/1504 1502/1502 1501/1501
usemtl Surface_2
f 1503/1503 1502/1502 1504/1504
usemtl Surface_2
f 1508/1508 1506/1506 1505/1505
usemtl Surface_2
f 1507/1507 1506/1506 1508/1508
usemtl Surface_2
f 1512/1512 1510/1510 1509/1509
usemtl Surface_2
f 1511/1511 1510/1510 1512/1512
usemtl Surface_2
f 1516/1516 1514/1514 1513/1513
usemtl Surface_2
f 1515/1515 1514/1514 1516/1516
usemtl Surface_2
f 1520/1520 1518/1518 1517/1517
usemtl Surface_2
f 1519/1519 1518/1518 1520/1520
usemtl Surface_2
f 1521/1521 1523/1523 1522/1522
usemtl Surface_2
f 1524/1524 1526/1526 1525/1525
usemtl Surface_2
f 1527/1527 1529/1529 1528/1528
usemtl Surface_2
f 1530/1530 1532/1532 1531/1531
usemtl Surface_2
f 1533/1533 1535/1535 1534/1534
usemtl Surface_2
f 1536/1536 1538/1538 1537/1537
usemtl Surface_2
f 1539/1539 1541/1541 1540/1540
usemtl Surface_2
f 1542/1542 1544/1544 1543/1543
usemtl Surface_2
f 1548/1548 1546/1546 1545/1545
usemtl Surface_2
f 1547/1547 1546/1546 1548/1548
usemtl Surface_2
f 1552/1552 1550/1550 1549/1549
usemtl Surface_2
f 1551/1551 1550/1550 1552/1552
usemtl Surface_2
f 1556/1556 1554/1554 1553/1553
usemtl Surface_2
f 1555/1555 1554/1554 1556/1556
usemtl Surface_2
f 1560/1560 1558/1558 1557/1557
usemtl Surface_2
f 1559/1559 1558/1558 1560/1560
usemtl Surface_2
f 1564/1564 1562/1562 1561/1561
usemtl Surface_2
f 1563/1563 1562/1562 1564/1564
usemtl Surface_2
f 1568/1568 1566/1566 1565/1565
usemtl Surface_2
f 1567/1567 1566/1566 1568/1568
usemtl Surface_2
f 1572/1572 1570/1570 1569/1569
usemtl Surface_2
f 1571/1571 1570/1570 1572/1572
usemtl Surface_2
f 1576/1576 1574/1574 1573/1573
usemtl Surface_2
f 1575/1575 1574/1574 1576/1576
usemtl Surface_2
f 1580/1580 1578/1578 1577/1577
usemtl Surface_2
f 1579/1579 1578/1578 1580/1580
usemtl Surface_2
f 1584/1584 1582/1582 1581/1581
usemtl Surface_2
f 1583/1583 1582/1582 1584/1584
usemtl Surface_2
f 1588/1588 1586/1586 1585/1585
usemtl Surface_2
f 1587/1587 1586/1586 1588/1588
usemtl Surface_2
f 1592/1592 1590/1590 1589/1589
usemtl Surface_2
f 1591/1591 1590/1590 1592/1592
usemtl Surface_2
f 1596/1596 1594/1594 1593/1593
usemtl Surface_2
f 1595/1595 1594/1594 1596/1596
usemtl Surface_2
f 1600/1600 1598/1598 1597/1597
usemtl Surface_2
f 1599/1599 1598/1598 1600/1600
usemtl Surface_2
f 1604/1604 1602/1602 1601/1601
usemtl Surface_2
f 1603/1603 1602/1602 1604/1604
usemtl Surface_2
f 1608/1608 1606/1606 1605/1605
usemtl Surface_2
f 1607/1607 1606/1606 1608/1608
usemtl Surface_2
f 1612/1612 1610/1610 1609/1609
usemtl Surface_2
f 1611/1611 1610/1610 1612/1612
usemtl Surface_2
f 1616/1616 1614/1614 1613/1613
usemtl Surface_2
f 1615/1615 1614/1614 1616/1616
usemtl Surface_2
f 1617/1617 1619/1619 1618/1618
usemtl Surface_2
f 1620/1620 1622/1622 1621/1621
usemtl Surface_2
f 1623/1623 1625/1625 1624/1624
usemtl Surface_2
f 1626/1626 1628/1628 1627/1627
usemtl Surface_2
f 1629/1629 1631/1631 1630/1630
usemtl Surface_2
f 1632/1632 1634/1634 1633/1633
usemtl Surface_2
f 1635/1635 1637/1637 1636/1636
usemtl Surface_2
f 1638/1638 1640/1640 1639/1639
usemtl Surface_4
f 1644/1644 1642/1642 1641/1641
usemtl Surface_4
f 1643/1643 1642/1642 1644/1644
usemtl Surface_4
f 1648/1648 1646/1646 1645/1645
usemtl Surface_4
f 1647/1647 1646/1646 1648/1648
usemtl Surface_4
f 1652/1652 1650/1650 1649/1649
usemtl Surface_4
f 1651/1651 1650/1650 1652/1652
usemtl Surface_4
f 1656/1656 1654/1654 1653/1653
usemtl Surface_4
f 1655/1655 1654/1654 1656/1656
usemtl Surface_4
f 1660/1660 1658/1658 1657/1657
usemtl Surface_4
f 1659/1659 1658/1658 1660/1660
usemtl Surface_4
f 1664/1664 1662/1662 1661/1661
usemtl Surface_4
f 1663/1663 1662/1662 1664/1664
usemtl Surface_4
f 1668/1668 1666/1666 1665/1665
usemtl Surface_4
f 1667/1667 1666/1666 1668/1668
usemtl Surface_4
f 1672/1672 1670/1670 1669/1669
usemtl Surface_4
f 1671/1671 1670/1670 1672/1672
usemtl Surface_4
f 1676/1676 1674/1674 1673/1673
usemtl Surface_4
f 1675/1675 1674/1674 1676/1676
usemtl Surface_4
f 1680/1680 1678/1678 1677/1677
usemtl Surface_4
f 1679/1679 1678/1678 1680/1680
usemtl Surface_4
f 1684/1684 1682/1682 1681/1681
usemtl Surface_4
f 1683/1683 1682/1682 1684/1684
usemtl Surface_4
f 1688/1688 1686/1686 1685/1685
usemtl Surface_4
f 1687/1687 1686/1686 1688/1688
usemtl Surface_4
f 1692/1692 1690/1690 1689/1689
usemtl Surface_4
f 1691/1691 1690/1690 1692/1692
usemtl Surface_4
f 1696/1696 1694/1694 1693/1693
usemtl Surface_4
f 1695/1695 1694/1694 1696/1696
usemtl Surface_4
f 1700/1700 1698/1698 1697/1697
usemtl Surface_4
f 1699/1699 1698/1698 1700/1700
usemtl Surface_4
f 1704/1704 1702/1702 1701/1701
usemtl Surface_4
f 1703/1703 1702/1702 1704/1704
usemtl Surface_4
f 1708/1708 1706/1706 1705/1705
usemtl Surface_4
f 1707/1707 1706/1706 1708/1708
usemtl Surface_4
f 1712/1712 1710/1710 1709/1709
usemtl Surface_4
f 1711/1711 1710/1710 1712/1712
usemtl Surface_4
f 1713/1713 1715/1715 1714/1714
usemtl Surface_4
f 1716/1716 1718/1718 1717/1717
usemtl Surface_4
f 1719/1719 1721/1721 1720/1720
usemtl Surface_4
f 1722/1722 1724/1724 1723/1723
usemtl Surface_4
f 1725/1725 1727/1727 1726/1726
usemtl Surface_4
f 1728/1728 1730/1730 1729/1729
usemtl Surface_4
f 1731/1731 1733/1733 1732/1732
usemtl Surface_4
f 1734/1734 1736/1736 1735/1735
usemtl Surface_4
f 1740/1740 1738/1738 1737/1737
usemtl Surface_4
f 1739/1739 1738/1738 1740/1740
usemtl Surface_4
f 1744/1744 1742/1742 1741/1741
usemtl Surface_4
f 1743/1743 1742/1742 1744/1744
usemtl Surface_4
f 1748/1748 1746/1746 1745/1745
usemtl Surface_4
f 1747/1747 1746/1746 1748/1748
usemtl Surface_4
f 1752/1752 1750/1750 1749/1749
usemtl Surface_4
f 1751/1751 1750/1750 1752/1752
usemtl Surface_4
f 1756/1756 1754/1754 1753/1753
usemtl Surface_4
f 1755/1755 1754/1754 1756/1756
usemtl Surface_4
f 1760/1760 1758/1758 1757/1757
usemtl Surface_4
f 1759/1759 1758/1758 1760/1760
usemtl Surface_4
f 1764/1764 1762/1762 1761/1761
usemtl Surface_4
f 1763/1763 1762/1762 1764/1764
usemtl Surface_4
f 1768/1768 1766/1766 1765/1765
usemtl Surface_4
f 1767/1767 1766/1766 1768/1768
usemtl Surface_4
f 1772/1772 1770/1770 1769/1769
usemtl Surface_4
f 1771/1771 1770/1770 1772/1772
usemtl Surface_4
f 1776/1776 1774/1774 1773/1773
usemtl Surface_4
f 1775/1775 1774/1774 1776/1776
usemtl Surface_4
f 1780/1780 1778/1778 1777/1777
usemtl Surface_4
f 1779/1779 1778/1778 1780/1780
usemtl Surface_4
f 1784/1784 1782/1782 1781/1781
usemtl Surface_4
f 1783/1783 1782/1782 1784/1784
usemtl Surface_4
f 1788/1788 1786/1786 1785/1785
usemtl Surface_4
f 1787/1787 1786/1786 1788/1788
usemtl Surface_4
f 1792/1792 1790/1790 1789/1789
usemtl Surface_4
f 1791/1791 1790/1790 1792/1792
usemtl Surface_4
f 1796/1796 1794/1794 1793/1793
usemtl Surface_4
f 1795/1795 1794/1794 1796/1796
usemtl Surface_4
f 1800/1800 1798/1798 1797/1797
usemtl Surface_4
f 1799/1799 1798/1798 1800/1800
usemtl Surface_4
f 1804/1804 1802/1802 1801/1801
usemtl Surface_4
f 1803/1803 1802/1802 1804/1804
usemtl Surface_4
f 1808/1808 1806/1806 1805/1805
usemtl Surface_4
f 1807/1807 1806/1806 1808/1808
usemtl Surface_4
f 1809/1809 1811/1811 1810/1810
usemtl Surface_4
f 1812/1812 1814/1814 1813/1813
usemtl Surface_4
f 1815/1815 1817/1817 1816/1816
usemtl Surface_4
f 1818/1818 1820/1820 1819/1819
usemtl Surface_4
f 1821/1821 1823/1823 1822/1822
usemtl Surface_4
f 1824/1824 1826/1826 1825/1825
usemtl Surface_4
f 1827/1827 1829/1829 1828/1828
usemtl Surface_4
f 1830/1830 1832/1832 1831/1831
usemtl Surface_4
f 1836/1836 1834/1834 1833/1833
usemtl Surface_4
f 1835/1835 1834/1834 1836/1836
usemtl Surface_4
f 1840/1840 1838/1838 1837/1837
usemtl Surface_4
f 1839/1839 1838/1838 1840/1840
usemtl Surface_4
f 1844/1844 1842/1842 1841/1841
usemtl Surface_4
f 1843/1843 1842/1842 1844/1844
usemtl Surface_4
f 1848/1848 1846/1846 1845/1845
usemtl Surface_4
f 1847/1847 1846/1846 1848/1848
usemtl Surface_4
f 1852/1852 1850/1850 1849/1849
usemtl Surface_4
f 1851/1851 1850/1850 1852/1852
usemtl Surface_4
f 1856/1856 1854/1854 1853/1853
usemtl Surface_4
f 1855/1855 1854/1854 1856/1856
usemtl Surface_4
f 1860/1860 1858/1858 1857/1857
usemtl Surface_4
f 1859/1859 1858/1858 1860/1860
usemtl Surface_4
f 1864/1864 1862/1862 1861/1861
usemtl Surface_4
f 1863/1863 1862/1862 1864/1864
usemtl Surface_4
f 1868/1868 1866/1866 1865/1865
usemtl Surface_4
f 1867/1867 1866/1866 1868/1868
usemtl Surface_4
f 1872/1872 1870/1870 1869/1869
usemtl Surface_4
f 1871/1871 1870/1870 1872/1872
usemtl Surface_4
f 1876/1876 1874/1874 1873/1873
usemtl Surface_4
f 1875/1875 1874/1874 1876/1876
usemtl Surface_4
f 1880/1880 1878/1878 1877/1877
usemtl Surface_4
f 1879/1879 1878/1878 1880/1880
usemtl Surface_4
f 1884/1884 1882/1882 1881/1881
usemtl Surface_4
f 1883/1883 1882/1882 1884/1884
usemtl Surface_4
f 1888/1888 1886/1886 1885/1885
usemtl Surface_4
f 1887/1887 1886/1886 1888/1888
usemtl Surface_4
f 1892/1892 1890/1890 1889/1889
usemtl Surface_4
f 1891/1891 1890/1890 1892/1892
usemtl Surface_4
f 1896/1896 1894/1894 1893/1893
usemtl Surface_4
f 1895/1895 1894/1894 1896/1896
usemtl Surface_4
f 1900/1900 1898/1898 1897/1897
usemtl Surface_4
f 1899/1899 1898/1898 1900/1900
usemtl Surface_4
f 1904/1904 1902/1902 1901/1901
usemtl Surface_4
f 1903/1903 1902/1902 1904/1904
usemtl Surface_4
f 1905/1905 1907/1907 1906/1906
usemtl Surface_4
f 1908/1908 1910/1910 1909/1909
usemtl Surface_4
f 1911/1911 1913/1913 1912/1912
usemtl Surface_4
f 1914/1914 1916/1916 1915/1915
usemtl Surface_4
f 1917/1917 1919/1919 1918/1918
usemtl Surface_4
f 1920/1920 1922/1922 1921/1921
usemtl Surface_4
f 1923/1923 1925/1925 1924/1924
usemtl Surface_4
f 1926/1926 1928/1928 1927/1927
usemtl Surface_4
f 1932/1932 1930/1930 1929/1929
usemtl Surface_4
f 1931/1931 1930/1930 1932/1932
usemtl Surface_4
f 1936/1936 1934/1934 1933/1933
usemtl Surface_4
f 1935/1935 1934/1934 1936/1936
usemtl Surface_4
f 1940/1940 1938/1938 1937/1937
usemtl Surface_4
f 1939/1939 1938/1938 1940/1940
usemtl Surface_4
f 1944/1944 1942/1942 1941/1941
usemtl Surface_4
f 1943/1943 1942/1942 1944/1944
usemtl Surface_4
f 1948/1948 1946/1946 1945/1945
usemtl Surface_4
f 1947/1947 1946/1946 1948/1948
usemtl Surface_4
f 1952/1952 1950/1950 1949/1949
usemtl Surface_4
f 1951/1951 1950/1950 1952/1952
usemtl Surface_4
f 1956/1956 1954/1954 1953/1953
usemtl Surface_4
f 1955/1955 1954/1954 1956/1956
usemtl Surface_4
f 1960/1960 1958/1958 1957/1957
usemtl Surface_4
f 1959/1959 1958/1958 1960/1960
usemtl Surface_4
f 1964/1964 1962/1962 1961/1961
usemtl Surface_4
f 1963/1963 1962/1962 1964/1964
usemtl Surface_4
f 1968/1968 1966/1966 1965/1965
usemtl Surface_4
f 1967/1967 1966/1966 1968/1968
usemtl Surface_4
f 1972/1972 1970/1970 1969/1969
usemtl Surface_4
f 1971/1971 1970/1970 1972/1972
usemtl Surface_4
f 1976/1976 1974/1974 1973/1973
usemtl Surface_4
f 1975/1975 1974/1974 1976/1976
usemtl Surface_4
f 1980/1980 1978/1978 1977/1977
usemtl Surface_4
f 1979/1979 1978/1978 1980/1980
usemtl Surface_4
f 1984/1984 1982/1982 1981/1981
usemtl Surface_4
f 1983/1983 1982/1982 1984/1984
usemtl Surface_4
f 1988/1988 1986/1986 1985/1985
usemtl Surface_4
f 1987/1987 1986/1986 1988/1988
usemtl Surface_4
f 1992/1992 1990/1990 1989/1989
usemtl Surface_4
f 1991/1991 1990/1990 1992/1992
usemtl Surface_4
f 1996/1996 1994/1994 1993/1993
usemtl Surface_4
f 1995/1995 1994/1994 1996/1996
usemtl Surface_4
f 2000/2000 1998/1998 1997/1997
usemtl Surface_4
f 1999/1999 1998/1998 2000/2000
usemtl Surface_4
f 2001/2001 2003/2003 2002/2002
usemtl Surface_4
f 2004/2004 2006/2006 2005/2005
usemtl Surface_4
f 2007/2007 2009/2009 2008/2008
usemtl Surface_4
f 2010/2010 2012/2012 2011/2011
usemtl Surface_4
f 2013/2013 2015/2015 2014/2014
usemtl Surface_4
f 2016/2016 2018/2018 2017/2017
usemtl Surface_4
f 2019/2019 2021/2021 2020/2020
usemtl Surface_4
f 2022/2022 2024/2024 2023/2023
usemtl Surface_4
f 2028/2028 2026/2026 2025/2025
usemtl Surface_4
f 2027/2027 2026/2026 2028/2028
usemtl Surface_4
f 2032/2032 2030/2030 2029/2029
usemtl Surface_4
f 2031/2031 2030/2030 2032/2032
usemtl Surface_4
f 2036/2036 2034/2034 2033/2033
usemtl Surface_4
f 2035/2035 2034/2034 2036/2036
usemtl Surface_4
f 2040/2040 2038/2038 2037/2037
usemtl Surface_4
f 2039/2039 2038/2038 2040/2040
usemtl Surface_4
f 2044/2044 2042/2042 2041/2041
usemtl Surface_4
f 2043/2043 2042/2042 2044/2044
usemtl Surface_4
f 2048/2048 2046/2046 2045/2045
usemtl Surface_4
f 2047/2047 2046/2046 2048/2048
usemtl Surface_4
f 2052/2052 2050/2050 2049/2049
usemtl Surface_4
f 2051/2051 2050/2050 2052/2052
usemtl Surface_4
f 2056/2056 2054/2054 2053/2053
usemtl Surface_4
f 2055/2055 2054/2054 2056/2056
usemtl Surface_4
f 2060/2060 2058/2058 2057/2057
usemtl Surface_4
f 2059/2059 2058/2058 2060/2060
usemtl Surface_4
f 2064/2064 2062/2062 2061/2061
usemtl Surface_4
f 2063/2063 2062/2062 2064/2064
usemtl Surface_4
f 2068/2068 2066/2066 2065/2065
usemtl Surface_4
f 2067/2067 2066/2066 2068/2068
usemtl Surface_4
f 2072/2072 2070/2070 2069/2069
usemtl Surface_4
f 2071/2071 2070/2070 2072/2072
usemtl Surface_4
f 2076/2076 2074/2074 2073/2073
usemtl Surface_4
f 2075/2075 2074/2074 2076/2076
usemtl Surface_4
f 2080/2080 2078/2078 2077/2077
usemtl Surface_4
f 2079/2079 2078/2078 2080/2080
usemtl Surface_4
f 2084/2084 2082/2082 2081/2081
usemtl Surface_4
f 2083/2083 2082/2082 2084/2084
usemtl Surface_4
f 2088/2088 2086/2086 2085/2085
usemtl Surface_4
f 2087/2087 2086/2086 2088/2088
usemtl Surface_4
f 2092/2092 2090/2090 2089/2089
usemtl Surface_4
f 2091/2091 2090/2090 2092/2092
usemtl Surface_4
f 2096/2096 2094/2094 2093/2093
usemtl Surface_4
f 2095/2095 2094/2094 2096/2096
usemtl Surface_4
f 2097/2097 2099/2099 2098/2098
usemtl Surface_4
f 2100/2100 2102/2102 2101/2101
usemtl Surface_4
f 2103/2103 2105/2105 2104/2104
usemtl Surface_4
f 2106/2106 2108/2108 2107/2107
usemtl Surface_4
f 2109/2109 2111/2111 2110/2110
usemtl Surface_4
f 2112/2112 2114/2114 2113/2113
usemtl Surface_4
f 2115/2115 2117/2117 2116/2116
usemtl Surface_4
f 2118/2118 2120/2120 2119/2119
usemtl Surface_4
f 2124/2124 2122/2122 2121/2121
usemtl Surface_4
f 2123/2123 2122/2122 2124/2124
usemtl Surface_4
f 2128/2128 2126/2126 2125/2125
usemtl Surface_4
f 2127/2127 2126/2126 2128/2128
usemtl Surface_4
f 2132/2132 2130/2130 2129/2129
usemtl Surface_4
f 2131/2131 2130/2130 2132/2132
usemtl Surface_4
f 2136/2136 2134/2134 2133/2133
usemtl Surface_4
f 2135/2135 2134/2134 2136/2136
usemtl Surface_4
f 2140/2140 2138/2138 2137/2137
usemtl Surface_4
f 2139/2139 2138/2138 2140/2140
usemtl Surface_4
f 2144/2144 2142/2142 2141/2141
usemtl Surface_4
f 2143/2143 2142/2142 2144/2144
usemtl Surface_4
f 2148/2148 2146/2146 2145/2145
usemtl Surface_4
f 2147/2147 2146/2146 2148/2148
usemtl Surface_4
f 2152/2152 2150/2150 2149/2149
usemtl Surface_4
f 2151/2151 2150/2150 2152/2152
usemtl Surface_4
f 2156/2156 2154/2154 2153/2153
usemtl Surface_4
f 2155/2155 2154/2154 2156/2156
usemtl Surface_4
f 2160/2160 2158/2158 2157/2157
usemtl Surface_4
f 2159/2159 2158/2158 2160/2160
usemtl Surface_4
f 2164/2164 2162/2162 2161/2161
usemtl Surface_4
f 2163/2163 2162/2162 2164/2164
usemtl Surface_4
f 2168/2168 2166/2166 2165/2165
usemtl Surface_4
f 2167/2167 2166/2166 2168/2168
usemtl Surface_4
f 2172/2172 2170/2170 2169/2169
usemtl Surface_4
f 2171/2171 2170/2170 2172/2172
usemtl Surface_4
f 2176/2176 2174/2174 2173/2173
usemtl Surface_4
f 2175/2175 2174/2174 2176/2176
usemtl Surface_4
f 2180/2180 2178/2178 2177/2177
usemtl Surface_4
f 2179/2179 2178/2178 2180/2180
usemtl Surface_4
f 2184/2184 2182/2182 2181/2181
usemtl Surface_4
f 2183/2183 2182/2182 2184/2184
usemtl Surface_4
f 2188/2188 2186/2186 2185/2185
usemtl Surface_4
f 2187/2187 2186/2186 2188/2188
usemtl Surface_4
f 2192/2192 2190/2190 2189/2189
usemtl Surface_4
f 2191/2191 2190/2190 2192/2192
usemtl Surface_4
f 2193/2193 2195/2195 2194/2194
usemtl Surface_4
f 2196/2196 2198/2198 2197/2197
usemtl Surface_4
f 2199/2199 2201/2201 2200/2200
usemtl Surface_4
f 2202/2202 2204/2204 2203/2203
usemtl Surface_4
f 2205/2205 2207/2207 2206/2206
usemtl Surface_4
f 2208/2208 2210/2210 2209/2209
usemtl Surface_4
f 2211/2211 2213/2213 2212/2212
usemtl Surface_4
f 2214/2214 2216/2216 2215/2215
usemtl Surface_4
f 2220/2220 2218/2218 2217/2217
usemtl Surface_4
f 2219/2219 2218/2218 2220/2220
usemtl Surface_4
f 2224/2224 2222/2222 2221/2221
usemtl Surface_4
f 2223/2223 2222/2222 2224/2224
usemtl Surface_4
f 2228/2228 2226/2226 2225/2225
usemtl Surface_4
f 2227/2227 2226/2226 2228/2228
usemtl Surface_4
f 2232/2232 2230/2230 2229/2229
usemtl Surface_4
f 2231/2231 2230/2230 2232/2232
usemtl Surface_4
f 2236/2236 2234/2234 2233/2233
usemtl Surface_4
f 2235/2235 2234/2234 2236/2236
usemtl Surface_4
f 2240/2240 2238/2238 2237/2237
usemtl Surface_4
f 2239/2239 2238/2238 2240/2240
usemtl Surface_4
f 2244/2244 2242/2242 2241/2241
usemtl Surface_4
f 2243/2243 2242/2242 2244/2244
usemtl Surface_4
f 2248/2248 2246/2246 2245/2245
usemtl Surface_4
f 2247/2247 2246/2246 2248/2248
usemtl Surface_4
f 2252/2252 2250/2250 2249/2249
usemtl Surface_4
f 2251/2251 2250/2250 2252/2252
usemtl Surface_4
f 2256/2256 2254/2254 2253/2253
usemtl Surface_4
f 2255/2255 2254/2254 2256/2256
usemtl Surface_4
f 2260/2260 2258/2258 2257/2257
usemtl Surface_4
f 2259/2259 2258/2258 2260/2260
usemtl Surface_4
f 2264/2264 2262/2262 2261/2261
usemtl Surface_4
f 2263/2263 2262/2262 2264/2264
usemtl Surface_4
f 2268/2268 2266/2266 2265/2265
usemtl Surface_4
f 2267/2267 2266/2266 2268/2268
usemtl Surface_4
f 2272/2272 2270/2270 2269/2269
usemtl Surface_4
f 2271/2271 2270/2270 2272/2272
usemtl Surface_4
f 2276/2276 2274/2274 2273/2273
usemtl Surface_4
f 2275/2275 2274/2274 2276/2276
usemtl Surface_4
f 2280/2280 2278/2278 2277/2277
usemtl Surface_4
f 2279/2279 2278/2278 2280/2280
usemtl Surface_4
f 2284/2284 2282/2282 2281/2281
usemtl Surface_4
f 2283/2283 2282/2282 2284/2284
usemtl Surface_4
f 2288/2288 2286/2286 2285/2285
usemtl Surface_4
f 2287/2287 2286/2286 2288/2288
usemtl Surface_4
f 2289/2289 2291/2291 2290/2290
usemtl Surface_4
f 2292/2292 2294/2294 2293/2293
usemtl Surface_4
f 2295/2295 2297/2297 2296/2296
usemtl Surface_4
f 2298/2298 2300/2300 2299/2299
usemtl Surface_4
f 2301/2301 2303/2303 2302/2302
usemtl Surface_4
f 2304/2304 2306/2306 2305/2305
usemtl Surface_4
f 2307/2307 2309/2309 2308/2308
usemtl Surface_4
f 2310/2310 2312/2312 2311/2311
