# Null Route authored hard-surface mesh. Centimeters, Z up.
v 5.42300 -16.20466 -0.00000
v 5.43005 -16.00780 3.12869
v 5.90143 -16.81536 3.25383
v 5.89402 -17.02206 -0.00000
v 5.48031 -14.60569 -0.00000
v 5.95133 -15.42309 -0.00000
v 5.95804 -15.23607 3.00354
v 5.48666 -14.42852 2.87839
v 5.43005 -16.00780 3.12869
v 5.45105 -15.42207 6.18034
v 5.92347 -16.20034 6.42755
v 5.90143 -16.81536 3.25383
v 5.48666 -14.42852 2.87839
v 5.95804 -15.23607 3.00354
v 5.97798 -14.67962 5.93313
v 5.50556 -13.90136 5.68591
v 5.45105 -15.42207 6.18034
v 5.48547 -14.46189 9.07981
v 5.95961 -15.19215 9.44300
v 5.92347 -16.20034 6.42755
v 5.50556 -13.90136 5.68591
v 5.97798 -14.67962 5.93313
v 6.01068 -13.76745 8.71662
v 5.53654 -13.03719 8.35343
v 5.48547 -14.46189 9.07981
v 5.53246 -13.15090 11.75570
v 6.00895 -13.81561 12.22593
v 5.95961 -15.19215 9.44300
v 5.53654 -13.03719 8.35343
v 6.01068 -13.76745 8.71662
v 6.05532 -12.52201 11.28547
v 5.57883 -11.85730 10.81525
v 5.53246 -13.15090 11.75570
v 5.59087 -11.52138 14.14213
v 6.07028 -12.10461 14.70782
v 6.00895 -13.81561 12.22593
v 5.57883 -11.85730 10.81525
v 6.05532 -12.52201 11.28547
v 6.11081 -10.97397 13.57645
v 5.63140 -10.39074 13.01076
v 5.59087 -11.52138 14.14213
v 5.65926 -9.61346 16.18034
v 6.14209 -10.10130 16.82755
v 6.07028 -12.10461 14.70782
v 5.63140 -10.39074 13.01076
v 6.11081 -10.97397 13.57645
v 6.17578 -9.16145 15.53312
v 5.69295 -8.67361 14.88591
v 5.65926 -9.61346 16.18034
v 5.73594 -7.47412 17.82013
v 6.22261 -7.85499 18.53294
v 6.14209 -10.10130 16.82755
v 5.69295 -8.67361 14.88591
v 6.17578 -9.16145 15.53312
v 6.24863 -7.12907 17.10732
v 5.76196 -6.74820 16.39452
v 5.73594 -7.47412 17.82013
v 5.81904 -5.15603 19.02113
v 6.30986 -5.42100 19.78197
v 6.22261 -7.85499 18.53294
v 5.76196 -6.74820 16.39452
v 6.24863 -7.12907 17.10732
v 6.32757 -4.92689 18.26028
v 5.83675 -4.66192 17.49944
v 5.81904 -5.15603 19.02113
v 5.90649 -2.71628 19.75377
v 6.40168 -2.85926 20.54392
v 6.30986 -5.42100 19.78197
v 5.83675 -4.66192 17.49944
v 6.32757 -4.92689 18.26028
v 6.41065 -2.60912 18.96362
v 5.91545 -2.46614 18.17347
v 5.90649 -2.71628 19.75377
v 5.99615 -0.21494 20.00000
v 6.49583 -0.23285 20.80000
v 6.40168 -2.85926 20.54392
v 5.91545 -2.46614 18.17347
v 6.41065 -2.60912 18.96362
v 6.49583 -0.23285 19.20000
v 5.99615 -0.21493 18.40000
v 5.99615 -0.21494 20.00000
v 6.08581 2.28641 19.75377
v 6.58997 2.39357 20.54392
v 6.49583 -0.23285 20.80000
v 5.99615 -0.21493 18.40000
v 6.49583 -0.23285 19.20000
v 6.58101 2.14343 18.96362
v 6.07684 2.03628 18.17347
v 6.08581 2.28641 19.75377
v 6.17326 4.72617 19.02113
v 6.68180 4.95531 19.78197
v 6.58997 2.39357 20.54392
v 6.07684 2.03628 18.17347
v 6.58101 2.14343 18.96362
v 6.66409 4.46120 18.26028
v 6.15555 4.23206 17.49944
v 6.17326 4.72617 19.02113
v 6.25635 7.04425 17.82013
v 6.76904 7.38930 18.53294
v 6.68180 4.95531 19.78197
v 6.15555 4.23206 17.49944
v 6.66409 4.46120 18.26028
v 6.74302 6.66338 17.10733
v 6.23033 6.31833 16.39452
v 6.25635 7.04425 17.82013
v 6.33304 9.18359 16.18034
v 6.84956 9.63561 16.82755
v 6.76904 7.38930 18.53294
v 6.23033 6.31833 16.39452
v 6.74302 6.66338 17.10733
v 6.81587 8.69576 15.53313
v 6.29935 8.24374 14.88591
v 6.33304 9.18359 16.18034
v 6.40143 11.09151 14.14214
v 6.92137 11.63892 14.70782
v 6.84956 9.63561 16.82755
v 6.29935 8.24374 14.88591
v 6.81587 8.69576 15.53313
v 6.88084 10.50828 13.57645
v 6.36090 9.96087 13.01077
v 6.40143 11.09151 14.14214
v 6.45984 12.72103 11.75571
v 6.98270 13.34992 12.22593
v 6.92137 11.63892 14.70782
v 6.36090 9.96087 13.01077
v 6.88084 10.50828 13.57645
v 6.93633 12.05632 11.28548
v 6.41347 11.42743 10.81525
v 6.45984 12.72103 11.75571
v 6.50683 14.03202 9.07981
v 7.03204 14.72646 9.44300
v 6.98270 13.34992 12.22593
v 6.41347 11.42743 10.81525
v 6.93633 12.05632 11.28548
v 6.98098 13.30176 8.71662
v 6.45576 12.60733 8.35343
v 6.50683 14.03202 9.07981
v 6.54125 14.99221 6.18034
v 7.06818 15.73465 6.42756
v 7.03204 14.72646 9.44300
v 6.45576 12.60733 8.35343
v 6.98098 13.30176 8.71662
v 7.01367 14.21394 5.93313
v 6.48674 13.47149 5.68591
v 6.54125 14.99221 6.18034
v 6.56224 15.57794 3.12869
v 7.09023 16.34967 3.25384
v 7.06818 15.73465 6.42756
v 6.48674 13.47149 5.68591
v 7.01367 14.21394 5.93313
v 7.03362 14.77038 3.00354
v 6.50563 13.99865 2.87840
v 6.56224 15.57794 3.12869
v 6.56930 15.77480 0.00000
v 7.09764 16.55638 0.00000
v 7.09023 16.34967 3.25384
v 6.50563 13.99865 2.87840
v 7.03362 14.77038 3.00354
v 7.04032 14.95740 0.00000
v 6.51199 14.17583 0.00000
v 6.56930 15.77480 0.00000
v 6.56224 15.57794 -3.12868
v 7.09023 16.34967 -3.25383
v 7.09764 16.55638 0.00000
v 6.51199 14.17583 0.00000
v 7.04032 14.95740 0.00000
v 7.03362 14.77038 -3.00353
v 6.50563 13.99865 -2.87839
v 6.56224 15.57794 -3.12868
v 6.54125 14.99221 -6.18034
v 7.06818 15.73465 -6.42755
v 7.09023 16.34967 -3.25383
v 6.50563 13.99865 -2.87839
v 7.03362 14.77038 -3.00353
v 7.01367 14.21394 -5.93312
v 6.48674 13.47149 -5.68591
v 6.54125 14.99221 -6.18034
v 6.50683 14.03202 -9.07981
v 7.03204 14.72646 -9.44300
v 7.06818 15.73465 -6.42755
v 6.48674 13.47149 -5.68591
v 7.01367 14.21394 -5.93312
v 6.98098 13.30177 -8.71662
v 6.45576 12.60733 -8.35342
v 6.50683 14.03202 -9.07981
v 6.45984 12.72103 -11.75571
v 6.98270 13.34992 -12.22594
v 7.03204 14.72646 -9.44300
v 6.45576 12.60733 -8.35342
v 6.98098 13.30177 -8.71662
v 6.93633 12.05632 -11.28548
v 6.41347 11.42743 -10.81525
v 6.45984 12.72103 -11.75571
v 6.40143 11.09152 -14.14213
v 6.92137 11.63893 -14.70782
v 6.98270 13.34992 -12.22594
v 6.41347 11.42743 -10.81525
v 6.93633 12.05632 -11.28548
v 6.88084 10.50828 -13.57645
v 6.36090 9.96087 -13.01076
v 6.40143 11.09152 -14.14213
v 6.33304 9.18360 -16.18034
v 6.84956 9.63562 -16.82755
v 6.92137 11.63893 -14.70782
v 6.36090 9.96087 -13.01076
v 6.88084 10.50828 -13.57645
v 6.81587 8.69576 -15.53312
v 6.29935 8.24375 -14.88591
v 6.33304 9.18360 -16.18034
v 6.25635 7.04426 -17.82013
v 6.76904 7.38931 -18.53293
v 6.84956 9.63562 -16.82755
v 6.29935 8.24375 -14.88591
v 6.81587 8.69576 -15.53312
v 6.74302 6.66339 -17.10732
v 6.23033 6.31834 -16.39452
v 6.25635 7.04426 -17.82013
v 6.17326 4.72617 -19.02113
v 6.68180 4.95531 -19.78197
v 6.76904 7.38931 -18.53293
v 6.23033 6.31834 -16.39452
v 6.74302 6.66339 -17.10732
v 6.66409 4.46120 -18.26028
v 6.15555 4.23206 -17.49944
v 6.17326 4.72617 -19.02113
v 6.08581 2.28642 -19.75377
v 6.58997 2.39357 -20.54392
v 6.68180 4.95531 -19.78197
v 6.15555 4.23206 -17.49944
v 6.66409 4.46120 -18.26028
v 6.58101 2.14344 -18.96362
v 6.07684 2.03628 -18.17347
v 6.08581 2.28642 -19.75377
v 5.99615 -0.21493 -20.00000
v 6.49583 -0.23284 -20.80000
v 6.58997 2.39357 -20.54392
v 6.07684 2.03628 -18.17347
v 6.58101 2.14344 -18.96362
v 6.49583 -0.23284 -19.20000
v 5.99615 -0.21493 -18.40000
v 5.99615 -0.21493 -20.00000
v 5.90649 -2.71627 -19.75377
v 6.40168 -2.85925 -20.54392
v 6.49583 -0.23284 -20.80000
v 5.99615 -0.21493 -18.40000
v 6.49583 -0.23284 -19.20000
v 6.41065 -2.60912 -18.96362
v 5.91545 -2.46614 -18.17347
v 5.90649 -2.71627 -19.75377
v 5.81904 -5.15603 -19.02113
v 6.30986 -5.42099 -19.78198
v 6.40168 -2.85925 -20.54392
v 5.91545 -2.46614 -18.17347
v 6.41065 -2.60912 -18.96362
v 6.32757 -4.92688 -18.26029
v 5.83675 -4.66192 -17.49944
v 5.81904 -5.15603 -19.02113
v 5.73594 -7.47411 -17.82013
v 6.22261 -7.85498 -18.53294
v 6.30986 -5.42099 -19.78198
v 5.83675 -4.66192 -17.49944
v 6.32757 -4.92688 -18.26029
v 6.24863 -7.12907 -17.10733
v 5.76196 -6.74820 -16.39452
v 5.73594 -7.47411 -17.82013
v 5.65926 -9.61346 -16.18034
v 6.14209 -10.10129 -16.82755
v 6.22261 -7.85498 -18.53294
v 5.76196 -6.74820 -16.39452
v 6.24863 -7.12907 -17.10733
v 6.17578 -9.16144 -15.53313
v 5.69295 -8.67360 -14.88591
v 5.65926 -9.61346 -16.18034
v 5.59087 -11.52138 -14.14214
v 6.07028 -12.10461 -14.70782
v 6.14209 -10.10129 -16.82755
v 5.69295 -8.67360 -14.88591
v 6.17578 -9.16144 -15.53313
v 6.11081 -10.97397 -13.57645
v 5.63140 -10.39073 -13.01077
v 5.59087 -11.52138 -14.14214
v 5.53246 -13.15090 -11.75571
v 6.00895 -13.81560 -12.22593
v 6.07028 -12.10461 -14.70782
v 5.63140 -10.39073 -13.01077
v 6.11081 -10.97397 -13.57645
v 6.05532 -12.52201 -11.28548
v 5.57883 -11.85730 -10.81525
v 5.53246 -13.15090 -11.75571
v 5.48547 -14.46188 -9.07981
v 5.95961 -15.19214 -9.44301
v 6.00895 -13.81560 -12.22593
v 5.57883 -11.85730 -10.81525
v 6.05532 -12.52201 -11.28548
v 6.01068 -13.76745 -8.71662
v 5.53654 -13.03719 -8.35343
v 5.48547 -14.46188 -9.07981
v 5.45105 -15.42207 -6.18034
v 5.92347 -16.20034 -6.42756
v 5.95961 -15.19214 -9.44301
v 5.53654 -13.03719 -8.35343
v 6.01068 -13.76745 -8.71662
v 5.97798 -14.67962 -5.93313
v 5.50556 -13.90135 -5.68592
v 5.45105 -15.42207 -6.18034
v 5.43005 -16.00780 -3.12869
v 5.90143 -16.81536 -3.25384
v 5.92347 -16.20034 -6.42756
v 5.50556 -13.90135 -5.68592
v 5.97798 -14.67962 -5.93313
v 5.95804 -15.23607 -3.00354
v 5.48666 -14.42852 -2.87840
v 5.43005 -16.00780 -3.12869
v 5.42300 -16.20466 -0.00000
v 5.89402 -17.02206 -0.00000
v 5.90143 -16.81536 -3.25384
v 5.48666 -14.42852 -2.87840
v 5.95804 -15.23607 -3.00354
v 5.95133 -15.42309 -0.00000
v 5.48031 -14.60569 -0.00000
v 5.89402 -17.02206 -0.00000
v 5.90143 -16.81536 3.25383
v 11.39082 -17.20979 3.25383
v 11.38332 -17.41895 -0.00000
v 5.95133 -15.42309 -0.00000
v 11.44064 -15.81998 -0.00000
v 11.44743 -15.63050 3.00354
v 5.95804 -15.23607 3.00354
v 5.90143 -16.81536 3.25383
v 5.92347 -16.20034 6.42755
v 11.41313 -16.58745 6.42755
v 11.39082 -17.20979 3.25383
v 5.95804 -15.23607 3.00354
v 11.44743 -15.63050 3.00354
v 11.46764 -15.06673 5.93313
v 5.97798 -14.67962 5.93313
v 5.92347 -16.20034 6.42755
v 5.95961 -15.19215 9.44300
v 11.44970 -15.56725 9.44300
v 11.41313 -16.58745 6.42755
v 5.97798 -14.67962 5.93313
v 11.46764 -15.06673 5.93313
v 11.50077 -14.14256 8.71662
v 6.01068 -13.76745 8.71662
v 5.95961 -15.19215 9.44300
v 6.00895 -13.81561 12.22593
v 11.49963 -14.17433 12.22593
v 11.44970 -15.56725 9.44300
v 6.01068 -13.76745 8.71662
v 11.50077 -14.14256 8.71662
v 11.54600 -12.88073 11.28547
v 6.05532 -12.52201 11.28547
v 6.00895 -13.81561 12.22593
v 6.07028 -12.10461 14.70782
v 11.56169 -12.44297 14.70782
v 11.49963 -14.17433 12.22593
v 6.05532 -12.52201 11.28547
v 11.54600 -12.88073 11.28547
v 11.60222 -11.31232 13.57645
v 6.11081 -10.97397 13.57645
v 6.07028 -12.10461 14.70782
v 6.14209 -10.10130 16.82755
v 11.63435 -10.41580 16.82755
v 11.56169 -12.44297 14.70782
v 6.11081 -10.97397 13.57645
v 11.60222 -11.31232 13.57645
v 11.66804 -9.47595 15.53312
v 6.17578 -9.16145 15.53312
v 6.14209 -10.10130 16.82755
v 6.22261 -7.85499 18.53294
v 11.71583 -8.14275 18.53294
v 11.63435 -10.41580 16.82755
v 6.17578 -9.16145 15.53312
v 11.66804 -9.47595 15.53312
v 11.74185 -7.41683 17.10732
v 6.24863 -7.12907 17.10732
v 6.22261 -7.85499 18.53294
v 6.30986 -5.42100 19.78197
v 11.80412 -5.67978 19.78197
v 11.71583 -8.14275 18.53294
v 6.24863 -7.12907 17.10732
v 11.74185 -7.41683 17.10732
v 11.82183 -5.18567 18.26028
v 6.32757 -4.92689 18.26028
v 6.30986 -5.42100 19.78197
v 6.40168 -2.85926 20.54392
v 11.89703 -3.08755 20.54392
v 11.80412 -5.67978 19.78197
v 6.32757 -4.92689 18.26028
v 11.82183 -5.18567 18.26028
v 11.90600 -2.83741 18.96362
v 6.41065 -2.60912 18.96362
v 6.40168 -2.85926 20.54392
v 6.49583 -0.23285 20.80000
v 11.99230 -0.42987 20.80000
v 11.89703 -3.08755 20.54392
v 6.41065 -2.60912 18.96362
v 11.90600 -2.83741 18.96362
v 11.99230 -0.42987 19.20000
v 6.49583 -0.23285 19.20000
v 6.49583 -0.23285 20.80000
v 6.58997 2.39357 20.54392
v 12.08756 2.22781 20.54392
v 11.99230 -0.42987 20.80000
v 6.49583 -0.23285 19.20000
v 11.99230 -0.42987 19.20000
v 12.07860 1.97768 18.96362
v 6.58101 2.14343 18.96362
v 6.58997 2.39357 20.54392
v 6.68180 4.95531 19.78197
v 12.18048 4.82005 19.78197
v 12.08756 2.22781 20.54392
v 6.58101 2.14343 18.96362
v 12.07860 1.97768 18.96362
v 12.16277 4.32594 18.26028
v 6.66409 4.46120 18.26028
v 6.68180 4.95531 19.78197
v 6.76904 7.38930 18.53294
v 12.26877 7.28302 18.53294
v 12.18048 4.82005 19.78197
v 6.66409 4.46120 18.26028
v 12.16277 4.32594 18.26028
v 12.24275 6.55710 17.10733
v 6.74302 6.66338 17.10733
v 6.76904 7.38930 18.53294
v 6.84956 9.63561 16.82755
v 12.35024 9.55607 16.82755
v 12.26877 7.28302 18.53294
v 6.74302 6.66338 17.10733
v 12.24275 6.55710 17.10733
v 12.31656 8.61622 15.53313
v 6.81587 8.69576 15.53313
v 6.84956 9.63561 16.82755
v 6.92137 11.63892 14.70782
v 12.42291 11.58323 14.70782
v 12.35024 9.55607 16.82755
v 6.81587 8.69576 15.53313
v 12.31656 8.61622 15.53313
v 12.38238 10.45259 13.57645
v 6.88084 10.50828 13.57645
v 6.92137 11.63892 14.70782
v 6.98270 13.34992 12.22593
v 12.48497 13.31460 12.22593
v 12.42291 11.58323 14.70782
v 6.88084 10.50828 13.57645
v 12.38238 10.45259 13.57645
v 12.43860 12.02100 11.28548
v 6.93633 12.05632 11.28548
v 6.98270 13.34992 12.22593
v 7.03204 14.72646 9.44300
v 12.53490 14.70752 9.44300
v 12.48497 13.31460 12.22593
v 6.93633 12.05632 11.28548
v 12.43860 12.02100 11.28548
v 12.48383 13.28283 8.71662
v 6.98098 13.30176 8.71662
v 7.03204 14.72646 9.44300
v 7.06818 15.73465 6.42756
v 12.57147 15.72772 6.42756
v 12.53490 14.70752 9.44300
v 6.98098 13.30176 8.71662
v 12.48383 13.28283 8.71662
v 12.51696 14.20701 5.93313
v 7.01367 14.21394 5.93313
v 7.06818 15.73465 6.42756
v 7.09023 16.34967 3.25384
v 12.59377 16.35006 3.25384
v 12.57147 15.72772 6.42756
v 7.01367 14.21394 5.93313
v 12.51696 14.20701 5.93313
v 12.53716 14.77077 3.00354
v 7.03362 14.77038 3.00354
v 7.09023 16.34967 3.25384
v 7.09764 16.55638 0.00000
v 12.60127 16.55923 0.00000
v 12.59377 16.35006 3.25384
v 7.03362 14.77038 3.00354
v 12.53716 14.77077 3.00354
v 12.54396 14.96025 0.00000
v 7.04032 14.95740 0.00000
v 7.09764 16.55638 0.00000
v 7.09023 16.34967 -3.25383
v 12.59377 16.35006 -3.25383
v 12.60127 16.55923 0.00000
v 7.04032 14.95740 0.00000
v 12.54396 14.96025 0.00000
v 12.53716 14.77077 -3.00353
v 7.03362 14.77038 -3.00353
v 7.09023 16.34967 -3.25383
v 7.06818 15.73465 -6.42755
v 12.57147 15.72772 -6.42755
v 12.59377 16.35006 -3.25383
v 7.03362 14.77038 -3.00353
v 12.53716 14.77077 -3.00353
v 12.51696 14.20701 -5.93312
v 7.01367 14.21394 -5.93312
v 7.06818 15.73465 -6.42755
v 7.03204 14.72646 -9.44300
v 12.53490 14.70753 -9.44300
v 12.57147 15.72772 -6.42755
v 7.01367 14.21394 -5.93312
v 12.51696 14.20701 -5.93312
v 12.48383 13.28283 -8.71662
v 6.98098 13.30177 -8.71662
v 7.03204 14.72646 -9.44300
v 6.98270 13.34992 -12.22594
v 12.48497 13.31460 -12.22594
v 12.53490 14.70753 -9.44300
v 6.98098 13.30177 -8.71662
v 12.48383 13.28283 -8.71662
v 12.43860 12.02100 -11.28548
v 6.93633 12.05632 -11.28548
v 6.98270 13.34992 -12.22594
v 6.92137 11.63893 -14.70782
v 12.42291 11.58324 -14.70782
v 12.48497 13.31460 -12.22594
v 6.93633 12.05632 -11.28548
v 12.43860 12.02100 -11.28548
v 12.38238 10.45259 -13.57645
v 6.88084 10.50828 -13.57645
v 6.92137 11.63893 -14.70782
v 6.84956 9.63562 -16.82755
v 12.35024 9.55608 -16.82755
v 12.42291 11.58324 -14.70782
v 6.88084 10.50828 -13.57645
v 12.38238 10.45259 -13.57645
v 12.31656 8.61623 -15.53312
v 6.81587 8.69576 -15.53312
v 6.84956 9.63562 -16.82755
v 6.76904 7.38931 -18.53293
v 12.26877 7.28302 -18.53293
v 12.35024 9.55608 -16.82755
v 6.81587 8.69576 -15.53312
v 12.31656 8.61623 -15.53312
v 12.24275 6.55711 -17.10732
v 6.74302 6.66339 -17.10732
v 6.76904 7.38931 -18.53293
v 6.68180 4.95531 -19.78197
v 12.18048 4.82006 -19.78197
v 12.26877 7.28302 -18.53293
v 6.74302 6.66339 -17.10732
v 12.24275 6.55711 -17.10732
v 12.16277 4.32595 -18.26028
v 6.66409 4.46120 -18.26028
v 6.68180 4.95531 -19.78197
v 6.58997 2.39357 -20.54392
v 12.08756 2.22782 -20.54392
v 12.18048 4.82006 -19.78197
v 6.66409 4.46120 -18.26028
v 12.16277 4.32595 -18.26028
v 12.07860 1.97768 -18.96362
v 6.58101 2.14344 -18.96362
v 6.58997 2.39357 -20.54392
v 6.49583 -0.23284 -20.80000
v 11.99230 -0.42986 -20.80000
v 12.08756 2.22782 -20.54392
v 6.58101 2.14344 -18.96362
v 12.07860 1.97768 -18.96362
v 11.99230 -0.42986 -19.20000
v 6.49583 -0.23284 -19.20000
v 6.49583 -0.23284 -20.80000
v 6.40168 -2.85925 -20.54392
v 11.89703 -3.08754 -20.54392
v 11.99230 -0.42986 -20.80000
v 6.49583 -0.23284 -19.20000
v 11.99230 -0.42986 -19.20000
v 11.90600 -2.83741 -18.96362
v 6.41065 -2.60912 -18.96362
v 6.40168 -2.85925 -20.54392
v 6.30986 -5.42099 -19.78198
v 11.80412 -5.67978 -19.78198
v 11.89703 -3.08754 -20.54392
v 6.41065 -2.60912 -18.96362
v 11.90600 -2.83741 -18.96362
v 11.82183 -5.18567 -18.26029
v 6.32757 -4.92688 -18.26029
v 6.30986 -5.42099 -19.78198
v 6.22261 -7.85498 -18.53294
v 11.71583 -8.14275 -18.53294
v 11.80412 -5.67978 -19.78198
v 6.32757 -4.92688 -18.26029
v 11.82183 -5.18567 -18.26029
v 11.74185 -7.41683 -17.10733
v 6.24863 -7.12907 -17.10733
v 6.22261 -7.85498 -18.53294
v 6.14209 -10.10129 -16.82755
v 11.63435 -10.41580 -16.82755
v 11.71583 -8.14275 -18.53294
v 6.24863 -7.12907 -17.10733
v 11.74185 -7.41683 -17.10733
v 11.66804 -9.47594 -15.53313
v 6.17578 -9.16144 -15.53313
v 6.14209 -10.10129 -16.82755
v 6.07028 -12.10461 -14.70782
v 11.56169 -12.44296 -14.70782
v 11.63435 -10.41580 -16.82755
v 6.17578 -9.16144 -15.53313
v 11.66804 -9.47594 -15.53313
v 11.60222 -11.31232 -13.57645
v 6.11081 -10.97397 -13.57645
v 6.07028 -12.10461 -14.70782
v 6.00895 -13.81560 -12.22593
v 11.49963 -14.17432 -12.22593
v 11.56169 -12.44296 -14.70782
v 6.11081 -10.97397 -13.57645
v 11.60222 -11.31232 -13.57645
v 11.54600 -12.88073 -11.28548
v 6.05532 -12.52201 -11.28548
v 6.00895 -13.81560 -12.22593
v 5.95961 -15.19214 -9.44301
v 11.44970 -15.56725 -9.44301
v 11.49963 -14.17432 -12.22593
v 6.05532 -12.52201 -11.28548
v 11.54600 -12.88073 -11.28548
v 11.50077 -14.14256 -8.71662
v 6.01068 -13.76745 -8.71662
v 5.95961 -15.19214 -9.44301
v 5.92347 -16.20034 -6.42756
v 11.41313 -16.58745 -6.42756
v 11.44970 -15.56725 -9.44301
v 6.01068 -13.76745 -8.71662
v 11.50077 -14.14256 -8.71662
v 11.46764 -15.06673 -5.93313
v 5.97798 -14.67962 -5.93313
v 5.92347 -16.20034 -6.42756
v 5.90143 -16.81536 -3.25384
v 11.39082 -17.20979 -3.25384
v 11.41313 -16.58745 -6.42756
v 5.97798 -14.67962 -5.93313
v 11.46764 -15.06673 -5.93313
v 11.44743 -15.63050 -3.00354
v 5.95804 -15.23607 -3.00354
v 5.90143 -16.81536 -3.25384
v 5.89402 -17.02206 -0.00000
v 11.38332 -17.41895 -0.00000
v 11.39082 -17.20979 -3.25384
v 5.95804 -15.23607 -3.00354
v 11.44743 -15.63050 -3.00354
v 11.44064 -15.81998 -0.00000
v 5.95133 -15.42309 -0.00000
v 11.38332 -17.41895 -0.00000
v 11.39082 -17.20979 3.25383
v 11.91173 -16.63547 3.12869
v 11.90450 -16.83725 -0.00000
v 11.44064 -15.81998 -0.00000
v 11.96181 -15.23828 -0.00000
v 11.96834 -15.05618 2.87839
v 11.44743 -15.63050 3.00354
v 11.39082 -17.20979 3.25383
v 11.41313 -16.58745 6.42755
v 11.93325 -16.03509 6.18034
v 11.91173 -16.63547 3.12869
v 11.44743 -15.63050 3.00354
v 11.96834 -15.05618 2.87839
v 11.98776 -14.51438 5.68591
v 11.46764 -15.06673 5.93313
v 11.41313 -16.58745 6.42755
v 11.44970 -15.56725 9.44300
v 11.96853 -15.05090 9.07981
v 11.93325 -16.03509 6.18034
v 11.46764 -15.06673 5.93313
v 11.98776 -14.51438 5.68591
v 12.01960 -13.62621 8.35343
v 11.50077 -14.14256 8.71662
v 11.44970 -15.56725 9.44300
v 11.49963 -14.17433 12.22593
v 12.01670 -13.70714 11.75570
v 11.96853 -15.05090 9.07981
v 11.50077 -14.14256 8.71662
v 12.01960 -13.62621 8.35343
v 12.06306 -12.41354 10.81525
v 11.54600 -12.88073 11.28547
v 11.49963 -14.17433 12.22593
v 11.56169 -12.44297 14.70782
v 12.07657 -12.03688 14.14213
v 12.01670 -13.70714 11.75570
v 11.54600 -12.88073 11.28547
v 12.06306 -12.41354 10.81525
v 12.11709 -10.90624 13.01076
v 11.60222 -11.31232 13.57645
v 11.56169 -12.44297 14.70782
v 11.63435 -10.41580 16.82755
v 12.14667 -10.08127 16.18034
v 12.07657 -12.03688 14.14213
v 11.60222 -11.31232 13.57645
v 12.11709 -10.90624 13.01076
v 12.18035 -9.14141 14.88591
v 11.66804 -9.47595 15.53312
v 11.63435 -10.41580 16.82755
v 11.71583 -8.14275 18.53294
v 12.22527 -7.88844 17.82013
v 12.14667 -10.08127 16.18034
v 11.66804 -9.47595 15.53312
v 12.18035 -9.14141 14.88591
v 12.25129 -7.16252 16.39452
v 11.74185 -7.41683 17.10732
v 11.71583 -8.14275 18.53294
v 11.80412 -5.67978 19.78197
v 12.31044 -5.51240 19.02113
v 12.22527 -7.88844 17.82013
v 11.74185 -7.41683 17.10732
v 12.25129 -7.16252 16.39452
v 12.32815 -5.01829 17.49944
v 11.82183 -5.18567 18.26028
v 11.80412 -5.67978 19.78197
v 11.89703 -3.08755 20.54392
v 12.40007 -3.01166 19.75377
v 12.31044 -5.51240 19.02113
v 11.82183 -5.18567 18.26028
v 12.32815 -5.01829 17.49944
v 12.40904 -2.76152 18.17347
v 11.90600 -2.83741 18.96362
v 11.89703 -3.08755 20.54392
v 11.99230 -0.42987 20.80000
v 12.49198 -0.44778 20.00000
v 12.40007 -3.01166 19.75377
v 11.90600 -2.83741 18.96362
v 12.40904 -2.76152 18.17347
v 12.49198 -0.44778 18.40000
v 11.99230 -0.42987 19.20000
v 11.99230 -0.42987 20.80000
v 12.08756 2.22781 20.54392
v 12.58388 2.11610 19.75377
v 12.49198 -0.44778 20.00000
v 11.99230 -0.42987 19.20000
v 12.49198 -0.44778 18.40000
v 12.57491 1.86597 18.17347
v 12.07860 1.97768 18.96362
v 12.08756 2.22781 20.54392
v 12.18048 4.82005 19.78197
v 12.67352 4.61685 19.02113
v 12.58388 2.11610 19.75377
v 12.07860 1.97768 18.96362
v 12.57491 1.86597 18.17347
v 12.65581 4.12274 17.49944
v 12.16277 4.32594 18.26028
v 12.18048 4.82005 19.78197
v 12.26877 7.28302 18.53294
v 12.75869 6.99289 17.82013
v 12.67352 4.61685 19.02113
v 12.16277 4.32594 18.26028
v 12.65581 4.12274 17.49944
v 12.73267 6.26697 16.39452
v 12.24275 6.55710 17.10733
v 12.26877 7.28302 18.53294
v 12.35024 9.55607 16.82755
v 12.83729 9.18572 16.18034
v 12.75869 6.99289 17.82013
v 12.24275 6.55710 17.10733
v 12.73267 6.26697 16.39452
v 12.80360 8.24586 14.88591
v 12.31656 8.61622 15.53313
v 12.35024 9.55607 16.82755
v 12.42291 11.58323 14.70782
v 12.90739 11.14133 14.14214
v 12.83729 9.18572 16.18034
v 12.31656 8.61622 15.53313
v 12.80360 8.24586 14.88591
v 12.86686 10.01069 13.01077
v 12.38238 10.45259 13.57645
v 12.42291 11.58323 14.70782
v 12.48497 13.31460 12.22593
v 12.96726 12.81159 11.75571
v 12.90739 11.14133 14.14214
v 12.38238 10.45259 13.57645
v 12.86686 10.01069 13.01077
v 12.92089 11.51799 10.81525
v 12.43860 12.02100 11.28548
v 12.48497 13.31460 12.22593
v 12.53490 14.70752 9.44300
v 13.01543 14.15535 9.07981
v 12.96726 12.81159 11.75571
v 12.43860 12.02100 11.28548
v 12.92089 11.51799 10.81525
v 12.96436 12.73066 8.35343
v 12.48383 13.28283 8.71662
v 12.53490 14.70752 9.44300
v 12.57147 15.72772 6.42756
v 13.05070 15.13954 6.18034
v 13.01543 14.15535 9.07981
v 12.48383 13.28283 8.71662
v 12.96436 12.73066 8.35343
v 12.99619 13.61883 5.68591
v 12.51696 14.20701 5.93313
v 12.57147 15.72772 6.42756
v 12.59377 16.35006 3.25384
v 13.07222 15.73992 3.12869
v 13.05070 15.13954 6.18034
v 12.51696 14.20701 5.93313
v 12.99619 13.61883 5.68591
v 13.01562 14.16063 2.87840
v 12.53716 14.77077 3.00354
v 12.59377 16.35006 3.25384
v 12.60127 16.55923 0.00000
v 13.07946 15.94170 0.00000
v 13.07222 15.73992 3.12869
v 12.53716 14.77077 3.00354
v 13.01562 14.16063 2.87840
v 13.02214 14.34273 0.00000
v 12.54396 14.96025 0.00000
v 12.60127 16.55923 0.00000
v 12.59377 16.35006 -3.25383
v 13.07222 15.73992 -3.12868
v 13.07946 15.94170 0.00000
v 12.54396 14.96025 0.00000
v 13.02214 14.34273 0.00000
v 13.01562 14.16063 -2.87839
v 12.53716 14.77077 -3.00353
v 12.59377 16.35006 -3.25383
v 12.57147 15.72772 -6.42755
v 13.05070 15.13954 -6.18034
v 13.07222 15.73992 -3.12868
v 12.53716 14.77077 -3.00353
v 13.01562 14.16063 -2.87839
v 12.99619 13.61883 -5.68591
v 12.51696 14.20701 -5.93312
v 12.57147 15.72772 -6.42755
v 12.53490 14.70753 -9.44300
v 13.01543 14.15536 -9.07981
v 13.05070 15.13954 -6.18034
v 12.51696 14.20701 -5.93312
v 12.99619 13.61883 -5.68591
v 12.96436 12.73066 -8.35342
v 12.48383 13.28283 -8.71662
v 12.53490 14.70753 -9.44300
v 12.48497 13.31460 -12.22594
v 12.96726 12.81159 -11.75571
v 13.01543 14.15536 -9.07981
v 12.48383 13.28283 -8.71662
v 12.96436 12.73066 -8.35342
v 12.92089 11.51799 -10.81525
v 12.43860 12.02100 -11.28548
v 12.48497 13.31460 -12.22594
v 12.42291 11.58324 -14.70782
v 12.90739 11.14134 -14.14213
v 12.96726 12.81159 -11.75571
v 12.43860 12.02100 -11.28548
v 12.92089 11.51799 -10.81525
v 12.86686 10.01069 -13.01076
v 12.38238 10.45259 -13.57645
v 12.42291 11.58324 -14.70782
v 12.35024 9.55608 -16.82755
v 12.83729 9.18572 -16.18034
v 12.90739 11.14134 -14.14213
v 12.38238 10.45259 -13.57645
v 12.86686 10.01069 -13.01076
v 12.80360 8.24587 -14.88591
v 12.31656 8.61623 -15.53312
v 12.35024 9.55608 -16.82755
v 12.26877 7.28302 -18.53293
v 12.75869 6.99289 -17.82013
v 12.83729 9.18572 -16.18034
v 12.31656 8.61623 -15.53312
v 12.80360 8.24587 -14.88591
v 12.73267 6.26697 -16.39452
v 12.24275 6.55711 -17.10732
v 12.26877 7.28302 -18.53293
v 12.18048 4.82006 -19.78197
v 12.67352 4.61685 -19.02113
v 12.75869 6.99289 -17.82013
v 12.24275 6.55711 -17.10732
v 12.73267 6.26697 -16.39452
v 12.65581 4.12274 -17.49944
v 12.16277 4.32595 -18.26028
v 12.18048 4.82006 -19.78197
v 12.08756 2.22782 -20.54392
v 12.58388 2.11611 -19.75377
v 12.67352 4.61685 -19.02113
v 12.16277 4.32595 -18.26028
v 12.65581 4.12274 -17.49944
v 12.57491 1.86597 -18.17347
v 12.07860 1.97768 -18.96362
v 12.08756 2.22782 -20.54392
v 11.99230 -0.42986 -20.80000
v 12.49198 -0.44777 -20.00000
v 12.58388 2.11611 -19.75377
v 12.07860 1.97768 -18.96362
v 12.57491 1.86597 -18.17347
v 12.49198 -0.44777 -18.40000
v 11.99230 -0.42986 -19.20000
v 11.99230 -0.42986 -20.80000
v 11.89703 -3.08754 -20.54392
v 12.40007 -3.01165 -19.75377
v 12.49198 -0.44777 -20.00000
v 11.99230 -0.42986 -19.20000
v 12.49198 -0.44777 -18.40000
v 12.40904 -2.76152 -18.17347
v 11.90600 -2.83741 -18.96362
v 11.89703 -3.08754 -20.54392
v 11.80412 -5.67978 -19.78198
v 12.31044 -5.51240 -19.02113
v 12.40007 -3.01165 -19.75377
v 11.90600 -2.83741 -18.96362
v 12.40904 -2.76152 -18.17347
v 12.32815 -5.01829 -17.49944
v 11.82183 -5.18567 -18.26029
v 11.80412 -5.67978 -19.78198
v 11.71583 -8.14275 -18.53294
v 12.22527 -7.88844 -17.82013
v 12.31044 -5.51240 -19.02113
v 11.82183 -5.18567 -18.26029
v 12.32815 -5.01829 -17.49944
v 12.25129 -7.16252 -16.39452
v 11.74185 -7.41683 -17.10733
v 11.71583 -8.14275 -18.53294
v 11.63435 -10.41580 -16.82755
v 12.14667 -10.08126 -16.18034
v 12.22527 -7.88844 -17.82013
v 11.74185 -7.41683 -17.10733
v 12.25129 -7.16252 -16.39452
v 12.18035 -9.14141 -14.88591
v 11.66804 -9.47594 -15.53313
v 11.63435 -10.41580 -16.82755
v 11.56169 -12.44296 -14.70782
v 12.07657 -12.03688 -14.14214
v 12.14667 -10.08126 -16.18034
v 11.66804 -9.47594 -15.53313
v 12.18035 -9.14141 -14.88591
v 12.11709 -10.90624 -13.01077
v 11.60222 -11.31232 -13.57645
v 11.56169 -12.44296 -14.70782
v 11.49963 -14.17432 -12.22593
v 12.01670 -13.70714 -11.75571
v 12.07657 -12.03688 -14.14214
v 11.60222 -11.31232 -13.57645
v 12.11709 -10.90624 -13.01077
v 12.06306 -12.41354 -10.81525
v 11.54600 -12.88073 -11.28548
v 11.49963 -14.17432 -12.22593
v 11.44970 -15.56725 -9.44301
v 11.96853 -15.05090 -9.07981
v 12.01670 -13.70714 -11.75571
v 11.54600 -12.88073 -11.28548
v 12.06306 -12.41354 -10.81525
v 12.01960 -13.62621 -8.35343
v 11.50077 -14.14256 -8.71662
v 11.44970 -15.56725 -9.44301
v 11.41313 -16.58745 -6.42756
v 11.93325 -16.03509 -6.18034
v 11.96853 -15.05090 -9.07981
v 11.50077 -14.14256 -8.71662
v 12.01960 -13.62621 -8.35343
v 11.98776 -14.51438 -5.68592
v 11.46764 -15.06673 -5.93313
v 11.41313 -16.58745 -6.42756
v 11.39082 -17.20979 -3.25384
v 11.91173 -16.63547 -3.12869
v 11.93325 -16.03509 -6.18034
v 11.46764 -15.06673 -5.93313
v 11.98776 -14.51438 -5.68592
v 11.96834 -15.05618 -2.87840
v 11.44743 -15.63050 -3.00354
v 11.39082 -17.20979 -3.25384
v 11.38332 -17.41895 -0.00000
v 11.90450 -16.83725 -0.00000
v 11.91173 -16.63547 -3.12869
v 11.44743 -15.63050 -3.00354
v 11.96834 -15.05618 -2.87840
v 11.96181 -15.23828 -0.00000
v 11.44064 -15.81998 -0.00000
v 5.42300 -16.20466 -0.00000
v 5.48031 -14.60569 -0.00000
v 5.48666 -14.42852 2.87839
v 5.43005 -16.00780 3.12869
v 11.90450 -16.83725 -0.00000
v 11.91173 -16.63547 3.12869
v 11.96834 -15.05618 2.87839
v 11.96181 -15.23828 -0.00000
v 5.43005 -16.00780 3.12869
v 5.48666 -14.42852 2.87839
v 5.50556 -13.90136 5.68591
v 5.45105 -15.42207 6.18034
v 11.91173 -16.63547 3.12869
v 11.93325 -16.03509 6.18034
v 11.98776 -14.51438 5.68591
v 11.96834 -15.05618 2.87839
v 5.45105 -15.42207 6.18034
v 5.50556 -13.90136 5.68591
v 5.53654 -13.03719 8.35343
v 5.48547 -14.46189 9.07981
v 11.93325 -16.03509 6.18034
v 11.96853 -15.05090 9.07981
v 12.01960 -13.62621 8.35343
v 11.98776 -14.51438 5.68591
v 5.48547 -14.46189 9.07981
v 5.53654 -13.03719 8.35343
v 5.57883 -11.85730 10.81525
v 5.53246 -13.15090 11.75570
v 11.96853 -15.05090 9.07981
v 12.01670 -13.70714 11.75570
v 12.06306 -12.41354 10.81525
v 12.01960 -13.62621 8.35343
v 5.53246 -13.15090 11.75570
v 5.57883 -11.85730 10.81525
v 5.63140 -10.39074 13.01076
v 5.59087 -11.52138 14.14213
v 12.01670 -13.70714 11.75570
v 12.07657 -12.03688 14.14213
v 12.11709 -10.90624 13.01076
v 12.06306 -12.41354 10.81525
v 5.59087 -11.52138 14.14213
v 5.63140 -10.39074 13.01076
v 5.69295 -8.67361 14.88591
v 5.65926 -9.61346 16.18034
v 12.07657 -12.03688 14.14213
v 12.14667 -10.08127 16.18034
v 12.18035 -9.14141 14.88591
v 12.11709 -10.90624 13.01076
v 5.65926 -9.61346 16.18034
v 5.69295 -8.67361 14.88591
v 5.76196 -6.74820 16.39452
v 5.73594 -7.47412 17.82013
v 12.14667 -10.08127 16.18034
v 12.22527 -7.88844 17.82013
v 12.25129 -7.16252 16.39452
v 12.18035 -9.14141 14.88591
v 5.73594 -7.47412 17.82013
v 5.76196 -6.74820 16.39452
v 5.83675 -4.66192 17.49944
v 5.81904 -5.15603 19.02113
v 12.22527 -7.88844 17.82013
v 12.31044 -5.51240 19.02113
v 12.32815 -5.01829 17.49944
v 12.25129 -7.16252 16.39452
v 5.81904 -5.15603 19.02113
v 5.83675 -4.66192 17.49944
v 5.91545 -2.46614 18.17347
v 5.90649 -2.71628 19.75377
v 12.31044 -5.51240 19.02113
v 12.40007 -3.01166 19.75377
v 12.40904 -2.76152 18.17347
v 12.32815 -5.01829 17.49944
v 5.90649 -2.71628 19.75377
v 5.91545 -2.46614 18.17347
v 5.99615 -0.21493 18.40000
v 5.99615 -0.21494 20.00000
v 12.40007 -3.01166 19.75377
v 12.49198 -0.44778 20.00000
v 12.49198 -0.44778 18.40000
v 12.40904 -2.76152 18.17347
v 5.99615 -0.21494 20.00000
v 5.99615 -0.21493 18.40000
v 6.07684 2.03628 18.17347
v 6.08581 2.28641 19.75377
v 12.49198 -0.44778 20.00000
v 12.58388 2.11610 19.75377
v 12.57491 1.86597 18.17347
v 12.49198 -0.44778 18.40000
v 6.08581 2.28641 19.75377
v 6.07684 2.03628 18.17347
v 6.15555 4.23206 17.49944
v 6.17326 4.72617 19.02113
v 12.58388 2.11610 19.75377
v 12.67352 4.61685 19.02113
v 12.65581 4.12274 17.49944
v 12.57491 1.86597 18.17347
v 6.17326 4.72617 19.02113
v 6.15555 4.23206 17.49944
v 6.23033 6.31833 16.39452
v 6.25635 7.04425 17.82013
v 12.67352 4.61685 19.02113
v 12.75869 6.99289 17.82013
v 12.73267 6.26697 16.39452
v 12.65581 4.12274 17.49944
v 6.25635 7.04425 17.82013
v 6.23033 6.31833 16.39452
v 6.29935 8.24374 14.88591
v 6.33304 9.18359 16.18034
v 12.75869 6.99289 17.82013
v 12.83729 9.18572 16.18034
v 12.80360 8.24586 14.88591
v 12.73267 6.26697 16.39452
v 6.33304 9.18359 16.18034
v 6.29935 8.24374 14.88591
v 6.36090 9.96087 13.01077
v 6.40143 11.09151 14.14214
v 12.83729 9.18572 16.18034
v 12.90739 11.14133 14.14214
v 12.86686 10.01069 13.01077
v 12.80360 8.24586 14.88591
v 6.40143 11.09151 14.14214
v 6.36090 9.96087 13.01077
v 6.41347 11.42743 10.81525
v 6.45984 12.72103 11.75571
v 12.90739 11.14133 14.14214
v 12.96726 12.81159 11.75571
v 12.92089 11.51799 10.81525
v 12.86686 10.01069 13.01077
v 6.45984 12.72103 11.75571
v 6.41347 11.42743 10.81525
v 6.45576 12.60733 8.35343
v 6.50683 14.03202 9.07981
v 12.96726 12.81159 11.75571
v 13.01543 14.15535 9.07981
v 12.96436 12.73066 8.35343
v 12.92089 11.51799 10.81525
v 6.50683 14.03202 9.07981
v 6.45576 12.60733 8.35343
v 6.48674 13.47149 5.68591
v 6.54125 14.99221 6.18034
v 13.01543 14.15535 9.07981
v 13.05070 15.13954 6.18034
v 12.99619 13.61883 5.68591
v 12.96436 12.73066 8.35343
v 6.54125 14.99221 6.18034
v 6.48674 13.47149 5.68591
v 6.50563 13.99865 2.87840
v 6.56224 15.57794 3.12869
v 13.05070 15.13954 6.18034
v 13.07222 15.73992 3.12869
v 13.01562 14.16063 2.87840
v 12.99619 13.61883 5.68591
v 6.56224 15.57794 3.12869
v 6.50563 13.99865 2.87840
v 6.51199 14.17583 0.00000
v 6.56930 15.77480 0.00000
v 13.07222 15.73992 3.12869
v 13.07946 15.94170 0.00000
v 13.02214 14.34273 0.00000
v 13.01562 14.16063 2.87840
v 6.56930 15.77480 0.00000
v 6.51199 14.17583 0.00000
v 6.50563 13.99865 -2.87839
v 6.56224 15.57794 -3.12868
v 13.07946 15.94170 0.00000
v 13.07222 15.73992 -3.12868
v 13.01562 14.16063 -2.87839
v 13.02214 14.34273 0.00000
v 6.56224 15.57794 -3.12868
v 6.50563 13.99865 -2.87839
v 6.48674 13.47149 -5.68591
v 6.54125 14.99221 -6.18034
v 13.07222 15.73992 -3.12868
v 13.05070 15.13954 -6.18034
v 12.99619 13.61883 -5.68591
v 13.01562 14.16063 -2.87839
v 6.54125 14.99221 -6.18034
v 6.48674 13.47149 -5.68591
v 6.45576 12.60733 -8.35342
v 6.50683 14.03202 -9.07981
v 13.05070 15.13954 -6.18034
v 13.01543 14.15536 -9.07981
v 12.96436 12.73066 -8.35342
v 12.99619 13.61883 -5.68591
v 6.50683 14.03202 -9.07981
v 6.45576 12.60733 -8.35342
v 6.41347 11.42743 -10.81525
v 6.45984 12.72103 -11.75571
v 13.01543 14.15536 -9.07981
v 12.96726 12.81159 -11.75571
v 12.92089 11.51799 -10.81525
v 12.96436 12.73066 -8.35342
v 6.45984 12.72103 -11.75571
v 6.41347 11.42743 -10.81525
v 6.36090 9.96087 -13.01076
v 6.40143 11.09152 -14.14213
v 12.96726 12.81159 -11.75571
v 12.90739 11.14134 -14.14213
v 12.86686 10.01069 -13.01076
v 12.92089 11.51799 -10.81525
v 6.40143 11.09152 -14.14213
v 6.36090 9.96087 -13.01076
v 6.29935 8.24375 -14.88591
v 6.33304 9.18360 -16.18034
v 12.90739 11.14134 -14.14213
v 12.83729 9.18572 -16.18034
v 12.80360 8.24587 -14.88591
v 12.86686 10.01069 -13.01076
v 6.33304 9.18360 -16.18034
v 6.29935 8.24375 -14.88591
v 6.23033 6.31834 -16.39452
v 6.25635 7.04426 -17.82013
v 12.83729 9.18572 -16.18034
v 12.75869 6.99289 -17.82013
v 12.73267 6.26697 -16.39452
v 12.80360 8.24587 -14.88591
v 6.25635 7.04426 -17.82013
v 6.23033 6.31834 -16.39452
v 6.15555 4.23206 -17.49944
v 6.17326 4.72617 -19.02113
v 12.75869 6.99289 -17.82013
v 12.67352 4.61685 -19.02113
v 12.65581 4.12274 -17.49944
v 12.73267 6.26697 -16.39452
v 6.17326 4.72617 -19.02113
v 6.15555 4.23206 -17.49944
v 6.07684 2.03628 -18.17347
v 6.08581 2.28642 -19.75377
v 12.67352 4.61685 -19.02113
v 12.58388 2.11611 -19.75377
v 12.57491 1.86597 -18.17347
v 12.65581 4.12274 -17.49944
v 6.08581 2.28642 -19.75377
v 6.07684 2.03628 -18.17347
v 5.99615 -0.21493 -18.40000
v 5.99615 -0.21493 -20.00000
v 12.58388 2.11611 -19.75377
v 12.49198 -0.44777 -20.00000
v 12.49198 -0.44777 -18.40000
v 12.57491 1.86597 -18.17347
v 5.99615 -0.21493 -20.00000
v 5.99615 -0.21493 -18.40000
v 5.91545 -2.46614 -18.17347
v 5.90649 -2.71627 -19.75377
v 12.49198 -0.44777 -20.00000
v 12.40007 -3.01165 -19.75377
v 12.40904 -2.76152 -18.17347
v 12.49198 -0.44777 -18.40000
v 5.90649 -2.71627 -19.75377
v 5.91545 -2.46614 -18.17347
v 5.83675 -4.66192 -17.49944
v 5.81904 -5.15603 -19.02113
v 12.40007 -3.01165 -19.75377
v 12.31044 -5.51240 -19.02113
v 12.32815 -5.01829 -17.49944
v 12.40904 -2.76152 -18.17347
v 5.81904 -5.15603 -19.02113
v 5.83675 -4.66192 -17.49944
v 5.76196 -6.74820 -16.39452
v 5.73594 -7.47411 -17.82013
v 12.31044 -5.51240 -19.02113
v 12.22527 -7.88844 -17.82013
v 12.25129 -7.16252 -16.39452
v 12.32815 -5.01829 -17.49944
v 5.73594 -7.47411 -17.82013
v 5.76196 -6.74820 -16.39452
v 5.69295 -8.67360 -14.88591
v 5.65926 -9.61346 -16.18034
v 12.22527 -7.88844 -17.82013
v 12.14667 -10.08126 -16.18034
v 12.18035 -9.14141 -14.88591
v 12.25129 -7.16252 -16.39452
v 5.65926 -9.61346 -16.18034
v 5.69295 -8.67360 -14.88591
v 5.63140 -10.39073 -13.01077
v 5.59087 -11.52138 -14.14214
v 12.14667 -10.08126 -16.18034
v 12.07657 -12.03688 -14.14214
v 12.11709 -10.90624 -13.01077
v 12.18035 -9.14141 -14.88591
v 5.59087 -11.52138 -14.14214
v 5.63140 -10.39073 -13.01077
v 5.57883 -11.85730 -10.81525
v 5.53246 -13.15090 -11.75571
v 12.07657 -12.03688 -14.14214
v 12.01670 -13.70714 -11.75571
v 12.06306 -12.41354 -10.81525
v 12.11709 -10.90624 -13.01077
v 5.53246 -13.15090 -11.75571
v 5.57883 -11.85730 -10.81525
v 5.53654 -13.03719 -8.35343
v 5.48547 -14.46188 -9.07981
v 12.01670 -13.70714 -11.75571
v 11.96853 -15.05090 -9.07981
v 12.01960 -13.62621 -8.35343
v 12.06306 -12.41354 -10.81525
v 5.48547 -14.46188 -9.07981
v 5.53654 -13.03719 -8.35343
v 5.50556 -13.90135 -5.68592
v 5.45105 -15.42207 -6.18034
v 11.96853 -15.05090 -9.07981
v 11.93325 -16.03509 -6.18034
v 11.98776 -14.51438 -5.68592
v 12.01960 -13.62621 -8.35343
v 5.45105 -15.42207 -6.18034
v 5.50556 -13.90135 -5.68592
v 5.48666 -14.42852 -2.87840
v 5.43005 -16.00780 -3.12869
v 11.93325 -16.03509 -6.18034
v 11.91173 -16.63547 -3.12869
v 11.96834 -15.05618 -2.87840
v 11.98776 -14.51438 -5.68592
v 5.43005 -16.00780 -3.12869
v 5.48666 -14.42852 -2.87840
v 5.48031 -14.60569 -0.00000
v 5.42300 -16.20466 -0.00000
v 11.91173 -16.63547 -3.12869
v 11.90450 -16.83725 -0.00000
v 11.96181 -15.23828 -0.00000
v 11.96834 -15.05618 -2.87840
v 5.42300 -16.20466 -0.00000
v 5.89402 -17.02206 -0.00000
v 5.95133 -15.42309 -0.00000
v 5.48031 -14.60569 -0.00000
v 5.48031 -14.60569 -0.00000
v 5.95133 -15.42309 -0.00000
v 5.89402 -17.02206 -0.00000
v 5.42300 -16.20466 -0.00000
v 5.89402 -17.02206 -0.00000
v 11.38332 -17.41895 -0.00000
v 11.44064 -15.81998 -0.00000
v 5.95133 -15.42309 -0.00000
v 5.95133 -15.42309 -0.00000
v 11.44064 -15.81998 -0.00000
v 11.38332 -17.41895 -0.00000
v 5.89402 -17.02206 -0.00000
v 11.38332 -17.41895 -0.00000
v 11.90450 -16.83725 -0.00000
v 11.96181 -15.23828 -0.00000
v 11.44064 -15.81998 -0.00000
v 11.44064 -15.81998 -0.00000
v 11.96181 -15.23828 -0.00000
v 11.90450 -16.83725 -0.00000
v 11.38332 -17.41895 -0.00000
v 8.18439 16.16719 4.00000
v 8.22380 17.26649 4.00000
v 12.02136 17.13037 4.00000
v 11.98195 16.03107 4.00000
v 11.98195 16.03107 -4.00000
v 12.02136 17.13037 -4.00000
v 8.22380 17.26649 -4.00000
v 8.18439 16.16720 -4.00000
v 8.16290 15.56758 3.40000
v 11.96046 15.43146 3.40000
v 11.96046 15.43146 -3.40000
v 8.16290 15.56758 -3.40000
v 8.24529 17.86610 -3.40000
v 12.04285 17.72998 -3.40000
v 12.04285 17.72998 3.40000
v 8.24529 17.86610 3.40000
v 7.58478 16.18869 3.40000
v 7.58478 16.18869 -3.40000
v 7.62418 17.28798 -3.40000
v 7.62418 17.28798 3.40000
v 12.62097 17.10887 3.40000
v 12.62097 17.10887 -3.40000
v 12.58157 16.00958 -3.40000
v 12.58157 16.00958 3.40000
v 8.16290 15.56758 3.40000
v 8.16290 15.56758 -3.40000
v 7.58478 16.18869 -3.40000
v 7.58478 16.18869 3.40000
v 12.58157 16.00958 3.40000
v 12.58157 16.00958 -3.40000
v 11.96046 15.43146 -3.40000
v 11.96046 15.43146 3.40000
v 7.62418 17.28798 3.40000
v 7.62418 17.28798 -3.40000
v 8.24529 17.86610 -3.40000
v 8.24529 17.86610 3.40000
v 12.04285 17.72998 3.40000
v 12.04285 17.72998 -3.40000
v 12.62097 17.10887 -3.40000
v 12.62097 17.10887 3.40000
v 7.58478 16.18869 3.40000
v 7.62418 17.28798 3.40000
v 8.22380 17.26649 4.00000
v 8.18439 16.16719 4.00000
v 8.18439 16.16720 -4.00000
v 8.22380 17.26649 -4.00000
v 7.62418 17.28798 -3.40000
v 7.58478 16.18869 -3.40000
v 11.98195 16.03107 4.00000
v 12.02136 17.13037 4.00000
v 12.62097 17.10887 3.40000
v 12.58157 16.00958 3.40000
v 12.58157 16.00958 -3.40000
v 12.62097 17.10887 -3.40000
v 12.02136 17.13037 -4.00000
v 11.98195 16.03107 -4.00000
v 8.18439 16.16719 4.00000
v 11.98195 16.03107 4.00000
v 11.96046 15.43146 3.40000
v 8.16290 15.56758 3.40000
v 8.24529 17.86610 3.40000
v 12.04285 17.72998 3.40000
v 12.02136 17.13037 4.00000
v 8.22380 17.26649 4.00000
v 8.16290 15.56758 -3.40000
v 11.96046 15.43146 -3.40000
v 11.98195 16.03107 -4.00000
v 8.18439 16.16720 -4.00000
v 8.22380 17.26649 -4.00000
v 12.02136 17.13037 -4.00000
v 12.04285 17.72998 -3.40000
v 8.24529 17.86610 -3.40000
v 8.18439 16.16719 4.00000
v 8.16290 15.56758 3.40000
v 7.58478 16.18869 3.40000
v 12.58157 16.00958 3.40000
v 11.96046 15.43146 3.40000
v 11.98195 16.03107 4.00000
v 7.62418 17.28798 3.40000
v 8.24529 17.86610 3.40000
v 8.22380 17.26649 4.00000
v 12.02136 17.13037 4.00000
v 12.04285 17.72998 3.40000
v 12.62097 17.10887 3.40000
v 7.58478 16.18869 -3.40000
v 8.16290 15.56758 -3.40000
v 8.18439 16.16720 -4.00000
v 11.98195 16.03107 -4.00000
v 11.96046 15.43146 -3.40000
v 12.58157 16.00958 -3.40000
v 8.22380 17.26649 -4.00000
v 8.24529 17.86610 -3.40000
v 7.62418 17.28798 -3.40000
v 12.62097 17.10887 -3.40000
v 12.04285 17.72998 -3.40000
v 12.02136 17.13037 -4.00000
v 9.18881 17.94736 2.25000
v 9.19131 18.01731 2.25000
v 11.11008 17.94853 2.25000
v 11.10757 17.87858 2.25000
v 11.10757 17.87858 -2.25000
v 11.11008 17.94853 -2.25000
v 9.19131 18.01731 -2.25000
v 9.18881 17.94736 -2.25000
v 9.18379 17.80745 2.11000
v 11.10256 17.73867 2.11000
v 11.10256 17.73867 -2.11000
v 9.18379 17.80745 -2.11000
v 9.19633 18.15722 -2.11000
v 11.11510 18.08845 -2.11000
v 11.11510 18.08844 2.11000
v 9.19633 18.15722 2.11000
v 9.04890 17.95237 2.11000
v 9.04890 17.95237 -2.11000
v 9.05140 18.02233 -2.11000
v 9.05140 18.02233 2.11000
v 11.24999 17.94352 2.11000
v 11.24999 17.94352 -2.11000
v 11.24749 17.87356 -2.11000
v 11.24749 17.87356 2.11000
v 9.18379 17.80745 2.11000
v 9.18379 17.80745 -2.11000
v 9.04890 17.95237 -2.11000
v 9.04890 17.95237 2.11000
v 11.24749 17.87356 2.11000
v 11.24749 17.87356 -2.11000
v 11.10256 17.73867 -2.11000
v 11.10256 17.73867 2.11000
v 9.05140 18.02233 2.11000
v 9.05140 18.02233 -2.11000
v 9.19633 18.15722 -2.11000
v 9.19633 18.15722 2.11000
v 11.11510 18.08844 2.11000
v 11.11510 18.08845 -2.11000
v 11.24999 17.94352 -2.11000
v 11.24999 17.94352 2.11000
v 9.04890 17.95237 2.11000
v 9.05140 18.02233 2.11000
v 9.19131 18.01731 2.25000
v 9.18881 17.94736 2.25000
v 9.18881 17.94736 -2.25000
v 9.19131 18.01731 -2.25000
v 9.05140 18.02233 -2.11000
v 9.04890 17.95237 -2.11000
v 11.10757 17.87858 2.25000
v 11.11008 17.94853 2.25000
v 11.24999 17.94352 2.11000
v 11.24749 17.87356 2.11000
v 11.24749 17.87356 -2.11000
v 11.24999 17.94352 -2.11000
v 11.11008 17.94853 -2.25000
v 11.10757 17.87858 -2.25000
v 9.18881 17.94736 2.25000
v 11.10757 17.87858 2.25000
v 11.10256 17.73867 2.11000
v 9.18379 17.80745 2.11000
v 9.19633 18.15722 2.11000
v 11.11510 18.08844 2.11000
v 11.11008 17.94853 2.25000
v 9.19131 18.01731 2.25000
v 9.18379 17.80745 -2.11000
v 11.10256 17.73867 -2.11000
v 11.10757 17.87858 -2.25000
v 9.18881 17.94736 -2.25000
v 9.19131 18.01731 -2.25000
v 11.11008 17.94853 -2.25000
v 11.11510 18.08845 -2.11000
v 9.19633 18.15722 -2.11000
v 9.18881 17.94736 2.25000
v 9.18379 17.80745 2.11000
v 9.04890 17.95237 2.11000
v 11.24749 17.87356 2.11000
v 11.10256 17.73867 2.11000
v 11.10757 17.87858 2.25000
v 9.05140 18.02233 2.11000
v 9.19633 18.15722 2.11000
v 9.19131 18.01731 2.25000
v 11.11008 17.94853 2.25000
v 11.11510 18.08844 2.11000
v 11.24999 17.94352 2.11000
v 9.04890 17.95237 -2.11000
v 9.18379 17.80745 -2.11000
v 9.18881 17.94736 -2.25000
v 11.10757 17.87858 -2.25000
v 11.10256 17.73867 -2.11000
v 11.24749 17.87356 -2.11000
v 9.19131 18.01731 -2.25000
v 9.19633 18.15722 -2.11000
v 9.05140 18.02233 -2.11000
v 11.24999 17.94352 -2.11000
v 11.11510 18.08845 -2.11000
v 11.11008 17.94853 -2.25000
v -0.39934 16.77507 8.00000
v 3.59809 16.63178 7.00000
v 3.59809 16.63178 -7.00000
v -0.39934 16.77507 -8.00000
v -12.39164 17.20494 -4.00000
v -12.39164 17.20494 4.00000
v -11.20279 19.66393 3.56000
v -11.20279 19.66393 -3.56000
v -0.52964 19.28135 -7.12000
v 3.02807 19.15382 -6.23000
v 3.02807 19.15382 6.23000
v -0.52964 19.28135 7.12000
v -12.39164 17.20494 4.00000
v -12.39164 17.20494 -4.00000
v -12.31641 19.30359 -4.00000
v -12.31641 19.30359 4.00000
v -12.31641 19.30359 4.00000
v -12.31641 19.30359 -4.00000
v -11.20279 19.66393 -3.56000
v -11.20279 19.66393 3.56000
v -12.39164 17.20494 -4.00000
v -0.39934 16.77507 -8.00000
v -0.32411 18.87372 -8.00000
v -12.31641 19.30359 -4.00000
v -12.31641 19.30359 -4.00000
v -0.32411 18.87372 -8.00000
v -0.52964 19.28135 -7.12000
v -11.20279 19.66393 -3.56000
v -0.39934 16.77507 -8.00000
v 3.59809 16.63178 -7.00000
v 3.67332 18.73044 -7.00000
v -0.32411 18.87372 -8.00000
v -0.32411 18.87372 -8.00000
v 3.67332 18.73044 -7.00000
v 3.02807 19.15382 -6.23000
v -0.52964 19.28135 -7.12000
v 3.59809 16.63178 -7.00000
v 3.59809 16.63178 7.00000
v 3.67332 18.73043 7.00000
v 3.67332 18.73044 -7.00000
v 3.67332 18.73044 -7.00000
v 3.67332 18.73043 7.00000
v 3.02807 19.15382 6.23000
v 3.02807 19.15382 -6.23000
v 3.59809 16.63178 7.00000
v -0.39934 16.77507 8.00000
v -0.32411 18.87372 8.00000
v 3.67332 18.73043 7.00000
v 3.67332 18.73043 7.00000
v -0.32411 18.87372 8.00000
v -0.52964 19.28135 7.12000
v 3.02807 19.15382 6.23000
v -0.39934 16.77507 8.00000
v -12.39164 17.20494 4.00000
v -12.31641 19.30359 4.00000
v -0.32411 18.87372 8.00000
v -0.32411 18.87372 8.00000
v -12.31641 19.30359 4.00000
v -11.20279 19.66393 3.56000
v -0.52964 19.28135 7.12000
v -2.58795 -2.40884 23.00000
v -2.33720 4.58666 23.00000
v 6.65703 4.26427 23.00000
v 6.40627 -2.73124 23.00000
v 6.40627 -2.73124 17.00000
v 6.65703 4.26427 17.00000
v -2.33720 4.58666 17.00000
v -2.58795 -2.40884 17.00000
v -2.62377 -3.40820 22.00000
v 6.37045 -3.73060 22.00000
v 6.37045 -3.73060 18.00000
v -2.62377 -3.40820 18.00000
v -2.30137 5.58602 18.00000
v 6.69285 5.26362 18.00000
v 6.69285 5.26362 22.00000
v -2.30137 5.58602 22.00000
v -3.58731 -2.37302 22.00000
v -3.58731 -2.37302 18.00000
v -3.33655 4.62249 18.00000
v -3.33655 4.62249 22.00000
v 7.65639 4.22844 22.00000
v 7.65639 4.22844 18.00000
v 7.40563 -2.76706 18.00000
v 7.40563 -2.76706 22.00000
v -2.62377 -3.40820 22.00000
v -2.62377 -3.40820 18.00000
v -3.58731 -2.37302 18.00000
v -3.58731 -2.37302 22.00000
v 7.40563 -2.76706 22.00000
v 7.40563 -2.76706 18.00000
v 6.37045 -3.73060 18.00000
v 6.37045 -3.73060 22.00000
v -3.33655 4.62249 22.00000
v -3.33655 4.62249 18.00000
v -2.30137 5.58602 18.00000
v -2.30137 5.58602 22.00000
v 6.69285 5.26362 22.00000
v 6.69285 5.26362 18.00000
v 7.65639 4.22844 18.00000
v 7.65639 4.22844 22.00000
v -3.58731 -2.37302 22.00000
v -3.33655 4.62249 22.00000
v -2.33720 4.58666 23.00000
v -2.58795 -2.40884 23.00000
v -2.58795 -2.40884 17.00000
v -2.33720 4.58666 17.00000
v -3.33655 4.62249 18.00000
v -3.58731 -2.37302 18.00000
v 6.40627 -2.73124 23.00000
v 6.65703 4.26427 23.00000
v 7.65639 4.22844 22.00000
v 7.40563 -2.76706 22.00000
v 7.40563 -2.76706 18.00000
v 7.65639 4.22844 18.00000
v 6.65703 4.26427 17.00000
v 6.40627 -2.73124 17.00000
v -2.58795 -2.40884 23.00000
v 6.40627 -2.73124 23.00000
v 6.37045 -3.73060 22.00000
v -2.62377 -3.40820 22.00000
v -2.30137 5.58602 22.00000
v 6.69285 5.26362 22.00000
v 6.65703 4.26427 23.00000
v -2.33720 4.58666 23.00000
v -2.62377 -3.40820 18.00000
v 6.37045 -3.73060 18.00000
v 6.40627 -2.73124 17.00000
v -2.58795 -2.40884 17.00000
v -2.33720 4.58666 17.00000
v 6.65703 4.26427 17.00000
v 6.69285 5.26362 18.00000
v -2.30137 5.58602 18.00000
v -2.58795 -2.40884 23.00000
v -2.62377 -3.40820 22.00000
v -3.58731 -2.37302 22.00000
v 7.40563 -2.76706 22.00000
v 6.37045 -3.73060 22.00000
v 6.40627 -2.73124 23.00000
v -3.33655 4.62249 22.00000
v -2.30137 5.58602 22.00000
v -2.33720 4.58666 23.00000
v 6.65703 4.26427 23.00000
v 6.69285 5.26362 22.00000
v 7.65639 4.22844 22.00000
v -3.58731 -2.37302 18.00000
v -2.62377 -3.40820 18.00000
v -2.58795 -2.40884 17.00000
v 6.40627 -2.73124 17.00000
v 6.37045 -3.73060 18.00000
v 7.40563 -2.76706 18.00000
v -2.33720 4.58666 17.00000
v -2.30137 5.58602 18.00000
v -3.33655 4.62249 18.00000
v 7.65639 4.22844 18.00000
v 6.69285 5.26362 18.00000
v 6.65703 4.26427 17.00000
v 2.48380 5.64465 22.25000
v 2.48881 5.78456 22.25000
v 5.92660 5.66133 22.25000
v 5.92159 5.52142 22.25000
v 5.92159 5.52142 17.75000
v 5.92660 5.66133 17.75000
v 2.48881 5.78456 17.75000
v 2.48380 5.64465 17.75000
v 2.47377 5.36483 21.97000
v 5.91156 5.24160 21.97000
v 5.91156 5.24160 18.03000
v 2.47377 5.36483 18.03000
v 2.49884 6.06438 18.03000
v 5.93663 5.94115 18.03000
v 5.93663 5.94115 21.97000
v 2.49884 6.06438 21.97000
v 2.20398 5.65468 21.97000
v 2.20398 5.65468 18.03000
v 2.20899 5.79459 18.03000
v 2.20899 5.79459 21.97000
v 6.20642 5.65130 21.97000
v 6.20642 5.65130 18.03000
v 6.20141 5.51139 18.03000
v 6.20141 5.51139 21.97000
v 2.47377 5.36483 21.97000
v 2.47377 5.36483 18.03000
v 2.20398 5.65468 18.03000
v 2.20398 5.65468 21.97000
v 6.20141 5.51139 21.97000
v 6.20141 5.51139 18.03000
v 5.91156 5.24160 18.03000
v 5.91156 5.24160 21.97000
v 2.20899 5.79459 21.97000
v 2.20899 5.79459 18.03000
v 2.49884 6.06438 18.03000
v 2.49884 6.06438 21.97000
v 5.93663 5.94115 21.97000
v 5.93663 5.94115 18.03000
v 6.20642 5.65130 18.03000
v 6.20642 5.65130 21.97000
v 2.20398 5.65468 21.97000
v 2.20899 5.79459 21.97000
v 2.48881 5.78456 22.25000
v 2.48380 5.64465 22.25000
v 2.48380 5.64465 17.75000
v 2.48881 5.78456 17.75000
v 2.20899 5.79459 18.03000
v 2.20398 5.65468 18.03000
v 5.92159 5.52142 22.25000
v 5.92660 5.66133 22.25000
v 6.20642 5.65130 21.97000
v 6.20141 5.51139 21.97000
v 6.20141 5.51139 18.03000
v 6.20642 5.65130 18.03000
v 5.92660 5.66133 17.75000
v 5.92159 5.52142 17.75000
v 2.48380 5.64465 22.25000
v 5.92159 5.52142 22.25000
v 5.91156 5.24160 21.97000
v 2.47377 5.36483 21.97000
v 2.49884 6.06438 21.97000
v 5.93663 5.94115 21.97000
v 5.92660 5.66133 22.25000
v 2.48881 5.78456 22.25000
v 2.47377 5.36483 18.03000
v 5.91156 5.24160 18.03000
v 5.92159 5.52142 17.75000
v 2.48380 5.64465 17.75000
v 2.48881 5.78456 17.75000
v 5.92660 5.66133 17.75000
v 5.93663 5.94115 18.03000
v 2.49884 6.06438 18.03000
v 2.48380 5.64465 22.25000
v 2.47377 5.36483 21.97000
v 2.20398 5.65468 21.97000
v 6.20141 5.51139 21.97000
v 5.91156 5.24160 21.97000
v 5.92159 5.52142 22.25000
v 2.20899 5.79459 21.97000
v 2.49884 6.06438 21.97000
v 2.48881 5.78456 22.25000
v 5.92660 5.66133 22.25000
v 5.93663 5.94115 21.97000
v 6.20642 5.65130 21.97000
v 2.20398 5.65468 18.03000
v 2.47377 5.36483 18.03000
v 2.48380 5.64465 17.75000
v 5.92159 5.52142 17.75000
v 5.91156 5.24160 18.03000
v 6.20141 5.51139 18.03000
v 2.48881 5.78456 17.75000
v 2.49884 6.06438 18.03000
v 2.20899 5.79459 18.03000
v 6.20642 5.65130 18.03000
v 5.93663 5.94115 18.03000
v 5.92660 5.66133 17.75000
v -2.58795 -2.40884 -17.00000
v -2.33720 4.58667 -17.00000
v 6.65703 4.26427 -17.00000
v 6.40627 -2.73124 -17.00000
v 6.40627 -2.73124 -23.00000
v 6.65703 4.26427 -23.00000
v -2.33720 4.58667 -23.00000
v -2.58795 -2.40884 -23.00000
v -2.62377 -3.40820 -18.00000
v 6.37045 -3.73059 -18.00000
v 6.37045 -3.73059 -22.00000
v -2.62377 -3.40820 -22.00000
v -2.30137 5.58603 -22.00000
v 6.69285 5.26363 -22.00000
v 6.69285 5.26363 -18.00000
v -2.30137 5.58603 -18.00000
v -3.58731 -2.37302 -18.00000
v -3.58731 -2.37302 -22.00000
v -3.33655 4.62249 -22.00000
v -3.33655 4.62249 -18.00000
v 7.65639 4.22845 -18.00000
v 7.65639 4.22845 -22.00000
v 7.40563 -2.76706 -22.00000
v 7.40563 -2.76706 -18.00000
v -2.62377 -3.40820 -18.00000
v -2.62377 -3.40820 -22.00000
v -3.58731 -2.37302 -22.00000
v -3.58731 -2.37302 -18.00000
v 7.40563 -2.76706 -18.00000
v 7.40563 -2.76706 -22.00000
v 6.37045 -3.73059 -22.00000
v 6.37045 -3.73059 -18.00000
v -3.33655 4.62249 -18.00000
v -3.33655 4.62249 -22.00000
v -2.30137 5.58603 -22.00000
v -2.30137 5.58603 -18.00000
v 6.69285 5.26363 -18.00000
v 6.69285 5.26363 -22.00000
v 7.65639 4.22845 -22.00000
v 7.65639 4.22845 -18.00000
v -3.58731 -2.37302 -18.00000
v -3.33655 4.62249 -18.00000
v -2.33720 4.58667 -17.00000
v -2.58795 -2.40884 -17.00000
v -2.58795 -2.40884 -23.00000
v -2.33720 4.58667 -23.00000
v -3.33655 4.62249 -22.00000
v -3.58731 -2.37302 -22.00000
v 6.40627 -2.73124 -17.00000
v 6.65703 4.26427 -17.00000
v 7.65639 4.22845 -18.00000
v 7.40563 -2.76706 -18.00000
v 7.40563 -2.76706 -22.00000
v 7.65639 4.22845 -22.00000
v 6.65703 4.26427 -23.00000
v 6.40627 -2.73124 -23.00000
v -2.58795 -2.40884 -17.00000
v 6.40627 -2.73124 -17.00000
v 6.37045 -3.73059 -18.00000
v -2.62377 -3.40820 -18.00000
v -2.30137 5.58603 -18.00000
v 6.69285 5.26363 -18.00000
v 6.65703 4.26427 -17.00000
v -2.33720 4.58667 -17.00000
v -2.62377 -3.40820 -22.00000
v 6.37045 -3.73059 -22.00000
v 6.40627 -2.73124 -23.00000
v -2.58795 -2.40884 -23.00000
v -2.33720 4.58667 -23.00000
v 6.65703 4.26427 -23.00000
v 6.69285 5.26363 -22.00000
v -2.30137 5.58603 -22.00000
v -2.58795 -2.40884 -17.00000
v -2.62377 -3.40820 -18.00000
v -3.58731 -2.37302 -18.00000
v 7.40563 -2.76706 -18.00000
v 6.37045 -3.73059 -18.00000
v 6.40627 -2.73124 -17.00000
v -3.33655 4.62249 -18.00000
v -2.30137 5.58603 -18.00000
v -2.33720 4.58667 -17.00000
v 6.65703 4.26427 -17.00000
v 6.69285 5.26363 -18.00000
v 7.65639 4.22845 -18.00000
v -3.58731 -2.37302 -22.00000
v -2.62377 -3.40820 -22.00000
v -2.58795 -2.40884 -23.00000
v 6.40627 -2.73124 -23.00000
v 6.37045 -3.73059 -22.00000
v 7.40563 -2.76706 -22.00000
v -2.33720 4.58667 -23.00000
v -2.30137 5.58603 -22.00000
v -3.33655 4.62249 -22.00000
v 7.65639 4.22845 -22.00000
v 6.69285 5.26363 -22.00000
v 6.65703 4.26427 -23.00000
v 2.48380 5.64465 -17.75000
v 2.48881 5.78456 -17.75000
v 5.92660 5.66133 -17.75000
v 5.92159 5.52142 -17.75000
v 5.92159 5.52142 -22.25000
v 5.92660 5.66133 -22.25000
v 2.48881 5.78456 -22.25000
v 2.48380 5.64465 -22.25000
v 2.47377 5.36483 -18.03000
v 5.91156 5.24160 -18.03000
v 5.91156 5.24160 -21.97000
v 2.47377 5.36483 -21.97000
v 2.49884 6.06438 -21.97000
v 5.93663 5.94115 -21.97000
v 5.93663 5.94115 -18.03000
v 2.49884 6.06438 -18.03000
v 2.20398 5.65468 -18.03000
v 2.20398 5.65468 -21.97000
v 2.20899 5.79459 -21.97000
v 2.20899 5.79459 -18.03000
v 6.20642 5.65130 -18.03000
v 6.20642 5.65130 -21.97000
v 6.20141 5.51139 -21.97000
v 6.20141 5.51139 -18.03000
v 2.47377 5.36483 -18.03000
v 2.47377 5.36483 -21.97000
v 2.20398 5.65468 -21.97000
v 2.20398 5.65468 -18.03000
v 6.20141 5.51139 -18.03000
v 6.20141 5.51139 -21.97000
v 5.91156 5.24160 -21.97000
v 5.91156 5.24160 -18.03000
v 2.20899 5.79459 -18.03000
v 2.20899 5.79459 -21.97000
v 2.49884 6.06438 -21.97000
v 2.49884 6.06438 -18.03000
v 5.93663 5.94115 -18.03000
v 5.93663 5.94115 -21.97000
v 6.20642 5.65130 -21.97000
v 6.20642 5.65130 -18.03000
v 2.20398 5.65468 -18.03000
v 2.20899 5.79459 -18.03000
v 2.48881 5.78456 -17.75000
v 2.48380 5.64465 -17.75000
v 2.48380 5.64465 -22.25000
v 2.48881 5.78456 -22.25000
v 2.20899 5.79459 -21.97000
v 2.20398 5.65468 -21.97000
v 5.92159 5.52142 -17.75000
v 5.92660 5.66133 -17.75000
v 6.20642 5.65130 -18.03000
v 6.20141 5.51139 -18.03000
v 6.20141 5.51139 -21.97000
v 6.20642 5.65130 -21.97000
v 5.92660 5.66133 -22.25000
v 5.92159 5.52142 -22.25000
v 2.48380 5.64465 -17.75000
v 5.92159 5.52142 -17.75000
v 5.91156 5.24160 -18.03000
v 2.47377 5.36483 -18.03000
v 2.49884 6.06438 -18.03000
v 5.93663 5.94115 -18.03000
v 5.92660 5.66133 -17.75000
v 2.48881 5.78456 -17.75000
v 2.47377 5.36483 -21.97000
v 5.91156 5.24160 -21.97000
v 5.92159 5.52142 -22.25000
v 2.48380 5.64465 -22.25000
v 2.48881 5.78456 -22.25000
v 5.92660 5.66133 -22.25000
v 5.93663 5.94115 -21.97000
v 2.49884 6.06438 -21.97000
v 2.48380 5.64465 -17.75000
v 2.47377 5.36483 -18.03000
v 2.20398 5.65468 -18.03000
v 6.20141 5.51139 -18.03000
v 5.91156 5.24160 -18.03000
v 5.92159 5.52142 -17.75000
v 2.20899 5.79459 -18.03000
v 2.49884 6.06438 -18.03000
v 2.48881 5.78456 -17.75000
v 5.92660 5.66133 -17.75000
v 5.93663 5.94115 -18.03000
v 6.20642 5.65130 -18.03000
v 2.20398 5.65468 -21.97000
v 2.47377 5.36483 -21.97000
v 2.48380 5.64465 -22.25000
v 5.92159 5.52142 -22.25000
v 5.91156 5.24160 -21.97000
v 6.20141 5.51139 -21.97000
v 2.48881 5.78456 -22.25000
v 2.49884 6.06438 -21.97000
v 2.20899 5.79459 -21.97000
v 6.20642 5.65130 -21.97000
v 5.93663 5.94115 -21.97000
v 5.92660 5.66133 -22.25000
vt 0.108460 1.000000
vt 0.108601 0.937426
vt 0.118029 0.934923
vt 0.117880 1.000000
vt 0.109606 1.000000
vt 0.119027 1.000000
vt 0.119161 0.939929
vt 0.109733 0.942432
vt 0.108601 0.937426
vt 0.109021 0.876393
vt 0.118469 0.871449
vt 0.118029 0.934923
vt 0.109733 0.942432
vt 0.119161 0.939929
vt 0.119560 0.881338
vt 0.110111 0.886282
vt 0.109021 0.876393
vt 0.109709 0.818404
vt 0.119192 0.811140
vt 0.118469 0.871449
vt 0.110111 0.886282
vt 0.119560 0.881338
vt 0.120214 0.825668
vt 0.110731 0.832932
vt 0.109709 0.818404
vt 0.110649 0.764886
vt 0.120179 0.755481
vt 0.119192 0.811140
vt 0.110731 0.832932
vt 0.120214 0.825668
vt 0.121106 0.774291
vt 0.111577 0.783695
vt 0.110649 0.764886
vt 0.111817 0.717157
vt 0.121406 0.705844
vt 0.120179 0.755481
vt 0.111577 0.783695
vt 0.121106 0.774291
vt 0.122216 0.728471
vt 0.112628 0.739785
vt 0.111817 0.717157
vt 0.113185 0.676393
vt 0.122842 0.663449
vt 0.121406 0.705844
vt 0.112628 0.739785
vt 0.122216 0.728471
vt 0.123516 0.689337
vt 0.113859 0.702282
vt 0.113185 0.676393
vt 0.114719 0.643597
vt 0.124452 0.629341
vt 0.122842 0.663449
vt 0.113859 0.702282
vt 0.123516 0.689337
vt 0.124973 0.657853
vt 0.115239 0.672110
vt 0.114719 0.643597
vt 0.116381 0.619577
vt 0.126197 0.604360
vt 0.124452 0.629341
vt 0.115239 0.672110
vt 0.124973 0.657853
vt 0.126551 0.634794
vt 0.116735 0.650011
vt 0.116381 0.619577
vt 0.118130 0.604925
vt 0.128034 0.589122
vt 0.126197 0.604360
vt 0.116735 0.650011
vt 0.126551 0.634794
vt 0.128213 0.620728
vt 0.118309 0.636531
vt 0.118130 0.604925
vt 0.119923 0.600000
vt 0.129917 0.584000
vt 0.128034 0.589122
vt 0.118309 0.636531
vt 0.128213 0.620728
vt 0.129917 0.616000
vt 0.119923 0.632000
vt 0.119923 0.600000
vt 0.121716 0.604925
vt 0.131799 0.589122
vt 0.129917 0.584000
vt 0.119923 0.632000
vt 0.129917 0.616000
vt 0.131620 0.620728
vt 0.121537 0.636531
vt 0.121716 0.604925
vt 0.123465 0.619577
vt 0.133636 0.604360
vt 0.131799 0.589122
vt 0.121537 0.636531
vt 0.131620 0.620728
vt 0.133282 0.634794
vt 0.123111 0.650011
vt 0.123465 0.619577
vt 0.125127 0.643597
vt 0.135381 0.629341
vt 0.133636 0.604360
vt 0.123111 0.650011
vt 0.133282 0.634794
vt 0.134860 0.657853
vt 0.124607 0.672110
vt 0.125127 0.643597
vt 0.126661 0.676393
vt 0.136991 0.663449
vt 0.135381 0.629341
vt 0.124607 0.672110
vt 0.134860 0.657853
vt 0.136317 0.689337
vt 0.125987 0.702282
vt 0.126661 0.676393
vt 0.128029 0.717157
vt 0.138427 0.705844
vt 0.136991 0.663449
vt 0.125987 0.702282
vt 0.136317 0.689337
vt 0.137617 0.728471
vt 0.127218 0.739785
vt 0.128029 0.717157
vt 0.129197 0.764886
vt 0.139654 0.755481
vt 0.138427 0.705844
vt 0.127218 0.739785
vt 0.137617 0.728471
vt 0.138727 0.774290
vt 0.128269 0.783695
vt 0.129197 0.764886
vt 0.130137 0.818404
vt 0.140641 0.811140
vt 0.139654 0.755481
vt 0.128269 0.783695
vt 0.138727 0.774290
vt 0.139620 0.825668
vt 0.129115 0.832931
vt 0.130137 0.818404
vt 0.130825 0.876393
vt 0.141364 0.871449
vt 0.140641 0.811140
vt 0.129115 0.832931
vt 0.139620 0.825668
vt 0.140273 0.881337
vt 0.129735 0.886282
vt 0.130825 0.876393
vt 0.131245 0.937426
vt 0.141805 0.934923
vt 0.141364 0.871449
vt 0.129735 0.886282
vt 0.140273 0.881337
vt 0.140672 0.939929
vt 0.130113 0.942432
vt 0.131245 0.937426
vt 0.131386 1.000000
vt 0.141953 1.000000
vt 0.141805 0.934923
vt 0.130113 0.942432
vt 0.140672 0.939929
vt 0.140806 1.000000
vt 0.130240 1.000000
vt 0.131386 1.000000
vt 0.131245 1.062574
vt 0.141805 1.065077
vt 0.141953 1.000000
vt 0.130240 1.000000
vt 0.140806 1.000000
vt 0.140672 1.060071
vt 0.130113 1.057568
vt 0.131245 1.062574
vt 0.130825 1.123607
vt 0.141364 1.128551
vt 0.141805 1.065077
vt 0.130113 1.057568
vt 0.140672 1.060071
vt 0.140273 1.118662
vt 0.129735 1.113718
vt 0.130825 1.123607
vt 0.130137 1.181596
vt 0.140641 1.188860
vt 0.141364 1.128551
vt 0.129735 1.113718
vt 0.140273 1.118662
vt 0.139620 1.174332
vt 0.129115 1.167068
vt 0.130137 1.181596
vt 0.129197 1.235114
vt 0.139654 1.244519
vt 0.140641 1.188860
vt 0.129115 1.167068
vt 0.139620 1.174332
vt 0.138727 1.225710
vt 0.128269 1.216305
vt 0.129197 1.235114
vt 0.128029 1.282843
vt 0.138427 1.294156
vt 0.139654 1.244519
vt 0.128269 1.216305
vt 0.138727 1.225710
vt 0.137617 1.271529
vt 0.127218 1.260215
vt 0.128029 1.282843
vt 0.126661 1.323607
vt 0.136991 1.336551
vt 0.138427 1.294156
vt 0.127218 1.260215
vt 0.137617 1.271529
vt 0.136317 1.310663
vt 0.125987 1.297718
vt 0.126661 1.323607
vt 0.125127 1.356403
vt 0.135381 1.370659
vt 0.136991 1.336551
vt 0.125987 1.297718
vt 0.136317 1.310663
vt 0.134860 1.342147
vt 0.124607 1.327890
vt 0.125127 1.356403
vt 0.123465 1.380423
vt 0.133636 1.395640
vt 0.135381 1.370659
vt 0.124607 1.327890
vt 0.134860 1.342147
vt 0.133282 1.365206
vt 0.123111 1.349989
vt 0.123465 1.380423
vt 0.121716 1.395075
vt 0.131799 1.410878
vt 0.133636 1.395640
vt 0.123111 1.349989
vt 0.133282 1.365206
vt 0.131620 1.379272
vt 0.121537 1.363469
vt 0.121716 1.395075
vt 0.119923 1.400000
vt 0.129917 1.416000
vt 0.131799 1.410878
vt 0.121537 1.363469
vt 0.131620 1.379272
vt 0.129917 1.384000
vt 0.119923 1.368000
vt 0.119923 1.400000
vt 0.118130 1.395075
vt 0.128034 1.410878
vt 0.129917 1.416000
vt 0.119923 1.368000
vt 0.129917 1.384000
vt 0.128213 1.379272
vt 0.118309 1.363469
vt 0.118130 1.395075
vt 0.116381 1.380423
vt 0.126197 1.395640
vt 0.128034 1.410878
vt 0.118309 1.363469
vt 0.128213 1.379272
vt 0.126551 1.365206
vt 0.116735 1.349989
vt 0.116381 1.380423
vt 0.114719 1.356403
vt 0.124452 1.370659
vt 0.126197 1.395640
vt 0.116735 1.349989
vt 0.126551 1.365206
vt 0.124973 1.342147
vt 0.115239 1.327890
vt 0.114719 1.356403
vt 0.113185 1.323607
vt 0.122842 1.336551
vt 0.124452 1.370659
vt 0.115239 1.327890
vt 0.124973 1.342147
vt 0.123516 1.310663
vt 0.113859 1.297718
vt 0.113185 1.323607
vt 0.111817 1.282843
vt 0.121406 1.294156
vt 0.122842 1.336551
vt 0.113859 1.297718
vt 0.123516 1.310663
vt 0.122216 1.271529
vt 0.112628 1.260215
vt 0.111817 1.282843
vt 0.110649 1.235114
vt 0.120179 1.244519
vt 0.121406 1.294156
vt 0.112628 1.260215
vt 0.122216 1.271529
vt 0.121106 1.225710
vt 0.111577 1.216305
vt 0.110649 1.235114
vt 0.109709 1.181596
vt 0.119192 1.188860
vt 0.120179 1.244519
vt 0.111577 1.216305
vt 0.121106 1.225710
vt 0.120214 1.174332
vt 0.110731 1.167069
vt 0.109709 1.181596
vt 0.109021 1.123607
vt 0.118469 1.128551
vt 0.119192 1.188860
vt 0.110731 1.167069
vt 0.120214 1.174332
vt 0.119560 1.118663
vt 0.110111 1.113718
vt 0.109021 1.123607
vt 0.108601 1.062574
vt 0.118029 1.065077
vt 0.118469 1.128551
vt 0.110111 1.113718
vt 0.119560 1.118663
vt 0.119161 1.060071
vt 0.109733 1.057568
vt 0.108601 1.062574
vt 0.108460 1.000000
vt 0.117880 1.000000
vt 0.118029 1.065077
vt 0.109733 1.057568
vt 0.119161 1.060071
vt 0.119027 1.000000
vt 0.109606 1.000000
vt 0.117880 1.000000
vt 0.118029 0.934923
vt 0.227816 0.934923
vt 0.227666 1.000000
vt 0.119027 1.000000
vt 0.228813 1.000000
vt 0.228949 0.939929
vt 0.119161 0.939929
vt 0.118029 0.934923
vt 0.118469 0.871449
vt 0.228263 0.871449
vt 0.227816 0.934923
vt 0.119161 0.939929
vt 0.228949 0.939929
vt 0.229353 0.881338
vt 0.119560 0.881338
vt 0.118469 0.871449
vt 0.119192 0.811140
vt 0.228994 0.811140
vt 0.228263 0.871449
vt 0.119560 0.881338
vt 0.229353 0.881338
vt 0.230015 0.825668
vt 0.120214 0.825668
vt 0.119192 0.811140
vt 0.120179 0.755481
vt 0.229993 0.755481
vt 0.228994 0.811140
vt 0.120214 0.825668
vt 0.230015 0.825668
vt 0.230920 0.774291
vt 0.121106 0.774291
vt 0.120179 0.755481
vt 0.121406 0.705844
vt 0.231234 0.705844
vt 0.229993 0.755481
vt 0.121106 0.774291
vt 0.230920 0.774291
vt 0.232044 0.728471
vt 0.122216 0.728471
vt 0.121406 0.705844
vt 0.122842 0.663449
vt 0.232687 0.663449
vt 0.231234 0.705844
vt 0.122216 0.728471
vt 0.232044 0.728471
vt 0.233361 0.689337
vt 0.123516 0.689337
vt 0.122842 0.663449
vt 0.124452 0.629341
vt 0.234317 0.629341
vt 0.232687 0.663449
vt 0.123516 0.689337
vt 0.233361 0.689337
vt 0.234837 0.657853
vt 0.124973 0.657853
vt 0.124452 0.629341
vt 0.126197 0.604360
vt 0.236082 0.604360
vt 0.234317 0.629341
vt 0.124973 0.657853
vt 0.234837 0.657853
vt 0.236437 0.634794
vt 0.126551 0.634794
vt 0.126197 0.604360
vt 0.128034 0.589122
vt 0.237941 0.589122
vt 0.236082 0.604360
vt 0.126551 0.634794
vt 0.236437 0.634794
vt 0.238120 0.620728
vt 0.128213 0.620728
vt 0.128034 0.589122
vt 0.129917 0.584000
vt 0.239846 0.584000
vt 0.237941 0.589122
vt 0.128213 0.620728
vt 0.238120 0.620728
vt 0.239846 0.616000
vt 0.129917 0.616000
vt 0.129917 0.584000
vt 0.131799 0.589122
vt 0.241751 0.589122
vt 0.239846 0.584000
vt 0.129917 0.616000
vt 0.239846 0.616000
vt 0.241572 0.620728
vt 0.131620 0.620728
vt 0.131799 0.589122
vt 0.133636 0.604360
vt 0.243610 0.604360
vt 0.241751 0.589122
vt 0.131620 0.620728
vt 0.241572 0.620728
vt 0.243255 0.634794
vt 0.133282 0.634794
vt 0.133636 0.604360
vt 0.135381 0.629341
vt 0.245375 0.629341
vt 0.243610 0.604360
vt 0.133282 0.634794
vt 0.243255 0.634794
vt 0.244855 0.657853
vt 0.134860 0.657853
vt 0.135381 0.629341
vt 0.136991 0.663449
vt 0.247005 0.663449
vt 0.245375 0.629341
vt 0.134860 0.657853
vt 0.244855 0.657853
vt 0.246331 0.689337
vt 0.136317 0.689337
vt 0.136991 0.663449
vt 0.138427 0.705844
vt 0.248458 0.705844
vt 0.247005 0.663449
vt 0.136317 0.689337
vt 0.246331 0.689337
vt 0.247648 0.728471
vt 0.137617 0.728471
vt 0.138427 0.705844
vt 0.139654 0.755481
vt 0.249699 0.755481
vt 0.248458 0.705844
vt 0.137617 0.728471
vt 0.247648 0.728471
vt 0.248772 0.774290
vt 0.138727 0.774290
vt 0.139654 0.755481
vt 0.140641 0.811140
vt 0.250698 0.811140
vt 0.249699 0.755481
vt 0.138727 0.774290
vt 0.248772 0.774290
vt 0.249677 0.825668
vt 0.139620 0.825668
vt 0.140641 0.811140
vt 0.141364 0.871449
vt 0.251429 0.871449
vt 0.250698 0.811140
vt 0.139620 0.825668
vt 0.249677 0.825668
vt 0.250339 0.881337
vt 0.140273 0.881337
vt 0.141364 0.871449
vt 0.141805 0.934923
vt 0.251875 0.934923
vt 0.251429 0.871449
vt 0.140273 0.881337
vt 0.250339 0.881337
vt 0.250743 0.939929
vt 0.140672 0.939929
vt 0.141805 0.934923
vt 0.141953 1.000000
vt 0.252025 1.000000
vt 0.251875 0.934923
vt 0.140672 0.939929
vt 0.250743 0.939929
vt 0.250879 1.000000
vt 0.140806 1.000000
vt 0.141953 1.000000
vt 0.141805 1.065077
vt 0.251875 1.065077
vt 0.252025 1.000000
vt 0.140806 1.000000
vt 0.250879 1.000000
vt 0.250743 1.060071
vt 0.140672 1.060071
vt 0.141805 1.065077
vt 0.141364 1.128551
vt 0.251429 1.128551
vt 0.251875 1.065077
vt 0.140672 1.060071
vt 0.250743 1.060071
vt 0.250339 1.118662
vt 0.140273 1.118662
vt 0.141364 1.128551
vt 0.140641 1.188860
vt 0.250698 1.188860
vt 0.251429 1.128551
vt 0.140273 1.118662
vt 0.250339 1.118662
vt 0.249677 1.174332
vt 0.139620 1.174332
vt 0.140641 1.188860
vt 0.139654 1.244519
vt 0.249699 1.244519
vt 0.250698 1.188860
vt 0.139620 1.174332
vt 0.249677 1.174332
vt 0.248772 1.225710
vt 0.138727 1.225710
vt 0.139654 1.244519
vt 0.138427 1.294156
vt 0.248458 1.294156
vt 0.249699 1.244519
vt 0.138727 1.225710
vt 0.248772 1.225710
vt 0.247648 1.271529
vt 0.137617 1.271529
vt 0.138427 1.294156
vt 0.136991 1.336551
vt 0.247005 1.336551
vt 0.248458 1.294156
vt 0.137617 1.271529
vt 0.247648 1.271529
vt 0.246331 1.310663
vt 0.136317 1.310663
vt 0.136991 1.336551
vt 0.135381 1.370659
vt 0.245375 1.370659
vt 0.247005 1.336551
vt 0.136317 1.310663
vt 0.246331 1.310663
vt 0.244855 1.342147
vt 0.134860 1.342147
vt 0.135381 1.370659
vt 0.133636 1.395640
vt 0.243610 1.395640
vt 0.245375 1.370659
vt 0.134860 1.342147
vt 0.244855 1.342147
vt 0.243255 1.365206
vt 0.133282 1.365206
vt 0.133636 1.395640
vt 0.131799 1.410878
vt 0.241751 1.410878
vt 0.243610 1.395640
vt 0.133282 1.365206
vt 0.243255 1.365206
vt 0.241572 1.379272
vt 0.131620 1.379272
vt 0.131799 1.410878
vt 0.129917 1.416000
vt 0.239846 1.416000
vt 0.241751 1.410878
vt 0.131620 1.379272
vt 0.241572 1.379272
vt 0.239846 1.384000
vt 0.129917 1.384000
vt 0.129917 1.416000
vt 0.128034 1.410878
vt 0.237941 1.410878
vt 0.239846 1.416000
vt 0.129917 1.384000
vt 0.239846 1.384000
vt 0.238120 1.379272
vt 0.128213 1.379272
vt 0.128034 1.410878
vt 0.126197 1.395640
vt 0.236082 1.395640
vt 0.237941 1.410878
vt 0.128213 1.379272
vt 0.238120 1.379272
vt 0.236437 1.365206
vt 0.126551 1.365206
vt 0.126197 1.395640
vt 0.124452 1.370659
vt 0.234317 1.370659
vt 0.236082 1.395640
vt 0.126551 1.365206
vt 0.236437 1.365206
vt 0.234837 1.342147
vt 0.124973 1.342147
vt 0.124452 1.370659
vt 0.122842 1.336551
vt 0.232687 1.336551
vt 0.234317 1.370659
vt 0.124973 1.342147
vt 0.234837 1.342147
vt 0.233361 1.310663
vt 0.123516 1.310663
vt 0.122842 1.336551
vt 0.121406 1.294156
vt 0.231234 1.294156
vt 0.232687 1.336551
vt 0.123516 1.310663
vt 0.233361 1.310663
vt 0.232044 1.271529
vt 0.122216 1.271529
vt 0.121406 1.294156
vt 0.120179 1.244519
vt 0.229993 1.244519
vt 0.231234 1.294156
vt 0.122216 1.271529
vt 0.232044 1.271529
vt 0.230920 1.225710
vt 0.121106 1.225710
vt 0.120179 1.244519
vt 0.119192 1.188860
vt 0.228994 1.188860
vt 0.229993 1.244519
vt 0.121106 1.225710
vt 0.230920 1.225710
vt 0.230015 1.174332
vt 0.120214 1.174332
vt 0.119192 1.188860
vt 0.118469 1.128551
vt 0.228263 1.128551
vt 0.228994 1.188860
vt 0.120214 1.174332
vt 0.230015 1.174332
vt 0.229353 1.118663
vt 0.119560 1.118663
vt 0.118469 1.128551
vt 0.118029 1.065077
vt 0.227816 1.065077
vt 0.228263 1.128551
vt 0.119560 1.118663
vt 0.229353 1.118663
vt 0.228949 1.060071
vt 0.119161 1.060071
vt 0.118029 1.065077
vt 0.117880 1.000000
vt 0.227666 1.000000
vt 0.227816 1.065077
vt 0.119161 1.060071
vt 0.228949 1.060071
vt 0.228813 1.000000
vt 0.119027 1.000000
vt 0.227666 1.000000
vt 0.227816 0.934923
vt 0.238235 0.937426
vt 0.238090 1.000000
vt 0.228813 1.000000
vt 0.239236 1.000000
vt 0.239367 0.942432
vt 0.228949 0.939929
vt 0.227816 0.934923
vt 0.228263 0.871449
vt 0.238665 0.876393
vt 0.238235 0.937426
vt 0.228949 0.939929
vt 0.239367 0.942432
vt 0.239755 0.886282
vt 0.229353 0.881338
vt 0.228263 0.871449
vt 0.228994 0.811140
vt 0.239371 0.818404
vt 0.238665 0.876393
vt 0.229353 0.881338
vt 0.239755 0.886282
vt 0.240392 0.832932
vt 0.230015 0.825668
vt 0.228994 0.811140
vt 0.229993 0.755481
vt 0.240334 0.764886
vt 0.239371 0.818404
vt 0.230015 0.825668
vt 0.240392 0.832932
vt 0.241261 0.783695
vt 0.230920 0.774291
vt 0.229993 0.755481
vt 0.231234 0.705844
vt 0.241531 0.717157
vt 0.240334 0.764886
vt 0.230920 0.774291
vt 0.241261 0.783695
vt 0.242342 0.739785
vt 0.232044 0.728471
vt 0.231234 0.705844
vt 0.232687 0.663449
vt 0.242933 0.676393
vt 0.241531 0.717157
vt 0.232044 0.728471
vt 0.242342 0.739785
vt 0.243607 0.702282
vt 0.233361 0.689337
vt 0.232687 0.663449
vt 0.234317 0.629341
vt 0.244505 0.643597
vt 0.242933 0.676393
vt 0.233361 0.689337
vt 0.243607 0.702282
vt 0.245026 0.672110
vt 0.234837 0.657853
vt 0.234317 0.629341
vt 0.236082 0.604360
vt 0.246209 0.619577
vt 0.244505 0.643597
vt 0.234837 0.657853
vt 0.245026 0.672110
vt 0.246563 0.650011
vt 0.236437 0.634794
vt 0.236082 0.604360
vt 0.237941 0.589122
vt 0.248002 0.604925
vt 0.246209 0.619577
vt 0.236437 0.634794
vt 0.246563 0.650011
vt 0.248181 0.636531
vt 0.238120 0.620728
vt 0.237941 0.589122
vt 0.239846 0.584000
vt 0.249840 0.600000
vt 0.248002 0.604925
vt 0.238120 0.620728
vt 0.248181 0.636531
vt 0.249840 0.632000
vt 0.239846 0.616000
vt 0.239846 0.584000
vt 0.241751 0.589122
vt 0.251678 0.604925
vt 0.249840 0.600000
vt 0.239846 0.616000
vt 0.249840 0.632000
vt 0.251498 0.636531
vt 0.241572 0.620728
vt 0.241751 0.589122
vt 0.243610 0.604360
vt 0.253470 0.619577
vt 0.251678 0.604925
vt 0.241572 0.620728
vt 0.251498 0.636531
vt 0.253116 0.650011
vt 0.243255 0.634794
vt 0.243610 0.604360
vt 0.245375 0.629341
vt 0.255174 0.643597
vt 0.253470 0.619577
vt 0.243255 0.634794
vt 0.253116 0.650011
vt 0.254653 0.672110
vt 0.244855 0.657853
vt 0.245375 0.629341
vt 0.247005 0.663449
vt 0.256746 0.676393
vt 0.255174 0.643597
vt 0.244855 0.657853
vt 0.254653 0.672110
vt 0.256072 0.702282
vt 0.246331 0.689337
vt 0.247005 0.663449
vt 0.248458 0.705844
vt 0.258148 0.717157
vt 0.256746 0.676393
vt 0.246331 0.689337
vt 0.256072 0.702282
vt 0.257337 0.739785
vt 0.247648 0.728471
vt 0.248458 0.705844
vt 0.249699 0.755481
vt 0.259345 0.764886
vt 0.258148 0.717157
vt 0.247648 0.728471
vt 0.257337 0.739785
vt 0.258418 0.783695
vt 0.248772 0.774290
vt 0.249699 0.755481
vt 0.250698 0.811140
vt 0.260309 0.818404
vt 0.259345 0.764886
vt 0.248772 0.774290
vt 0.258418 0.783695
vt 0.259287 0.832931
vt 0.249677 0.825668
vt 0.250698 0.811140
vt 0.251429 0.871449
vt 0.261014 0.876393
vt 0.260309 0.818404
vt 0.249677 0.825668
vt 0.259287 0.832931
vt 0.259924 0.886282
vt 0.250339 0.881337
vt 0.251429 0.871449
vt 0.251875 0.934923
vt 0.261445 0.937426
vt 0.261014 0.876393
vt 0.250339 0.881337
vt 0.259924 0.886282
vt 0.260312 0.942432
vt 0.250743 0.939929
vt 0.251875 0.934923
vt 0.252025 1.000000
vt 0.261589 1.000000
vt 0.261445 0.937426
vt 0.250743 0.939929
vt 0.260312 0.942432
vt 0.260443 1.000000
vt 0.250879 1.000000
vt 0.252025 1.000000
vt 0.251875 1.065077
vt 0.261445 1.062574
vt 0.261589 1.000000
vt 0.250879 1.000000
vt 0.260443 1.000000
vt 0.260312 1.057568
vt 0.250743 1.060071
vt 0.251875 1.065077
vt 0.251429 1.128551
vt 0.261014 1.123607
vt 0.261445 1.062574
vt 0.250743 1.060071
vt 0.260312 1.057568
vt 0.259924 1.113718
vt 0.250339 1.118662
vt 0.251429 1.128551
vt 0.250698 1.188860
vt 0.260309 1.181596
vt 0.261014 1.123607
vt 0.250339 1.118662
vt 0.259924 1.113718
vt 0.259287 1.167068
vt 0.249677 1.174332
vt 0.250698 1.188860
vt 0.249699 1.244519
vt 0.259345 1.235114
vt 0.260309 1.181596
vt 0.249677 1.174332
vt 0.259287 1.167068
vt 0.258418 1.216305
vt 0.248772 1.225710
vt 0.249699 1.244519
vt 0.248458 1.294156
vt 0.258148 1.282843
vt 0.259345 1.235114
vt 0.248772 1.225710
vt 0.258418 1.216305
vt 0.257337 1.260215
vt 0.247648 1.271529
vt 0.248458 1.294156
vt 0.247005 1.336551
vt 0.256746 1.323607
vt 0.258148 1.282843
vt 0.247648 1.271529
vt 0.257337 1.260215
vt 0.256072 1.297718
vt 0.246331 1.310663
vt 0.247005 1.336551
vt 0.245375 1.370659
vt 0.255174 1.356403
vt 0.256746 1.323607
vt 0.246331 1.310663
vt 0.256072 1.297718
vt 0.254653 1.327890
vt 0.244855 1.342147
vt 0.245375 1.370659
vt 0.243610 1.395640
vt 0.253470 1.380423
vt 0.255174 1.356403
vt 0.244855 1.342147
vt 0.254653 1.327890
vt 0.253116 1.349989
vt 0.243255 1.365206
vt 0.243610 1.395640
vt 0.241751 1.410878
vt 0.251678 1.395075
vt 0.253470 1.380423
vt 0.243255 1.365206
vt 0.253116 1.349989
vt 0.251498 1.363469
vt 0.241572 1.379272
vt 0.241751 1.410878
vt 0.239846 1.416000
vt 0.249840 1.400000
vt 0.251678 1.395075
vt 0.241572 1.379272
vt 0.251498 1.363469
vt 0.249840 1.368000
vt 0.239846 1.384000
vt 0.239846 1.416000
vt 0.237941 1.410878
vt 0.248002 1.395075
vt 0.249840 1.400000
vt 0.239846 1.384000
vt 0.249840 1.368000
vt 0.248181 1.363469
vt 0.238120 1.379272
vt 0.237941 1.410878
vt 0.236082 1.395640
vt 0.246209 1.380423
vt 0.248002 1.395075
vt 0.238120 1.379272
vt 0.248181 1.363469
vt 0.246563 1.349989
vt 0.236437 1.365206
vt 0.236082 1.395640
vt 0.234317 1.370659
vt 0.244505 1.356403
vt 0.246209 1.380423
vt 0.236437 1.365206
vt 0.246563 1.349989
vt 0.245026 1.327890
vt 0.234837 1.342147
vt 0.234317 1.370659
vt 0.232687 1.336551
vt 0.242933 1.323607
vt 0.244505 1.356403
vt 0.234837 1.342147
vt 0.245026 1.327890
vt 0.243607 1.297718
vt 0.233361 1.310663
vt 0.232687 1.336551
vt 0.231234 1.294156
vt 0.241531 1.282843
vt 0.242933 1.323607
vt 0.233361 1.310663
vt 0.243607 1.297718
vt 0.242342 1.260215
vt 0.232044 1.271529
vt 0.231234 1.294156
vt 0.229993 1.244519
vt 0.240334 1.235114
vt 0.241531 1.282843
vt 0.232044 1.271529
vt 0.242342 1.260215
vt 0.241261 1.216305
vt 0.230920 1.225710
vt 0.229993 1.244519
vt 0.228994 1.188860
vt 0.239371 1.181596
vt 0.240334 1.235114
vt 0.230920 1.225710
vt 0.241261 1.216305
vt 0.240392 1.167069
vt 0.230015 1.174332
vt 0.228994 1.188860
vt 0.228263 1.128551
vt 0.238665 1.123607
vt 0.239371 1.181596
vt 0.230015 1.174332
vt 0.240392 1.167069
vt 0.239755 1.113718
vt 0.229353 1.118663
vt 0.228263 1.128551
vt 0.227816 1.065077
vt 0.238235 1.062574
vt 0.238665 1.123607
vt 0.229353 1.118663
vt 0.239755 1.113718
vt 0.239367 1.057568
vt 0.228949 1.060071
vt 0.227816 1.065077
vt 0.227666 1.000000
vt 0.238090 1.000000
vt 0.238235 1.062574
vt 0.228949 1.060071
vt 0.239367 1.057568
vt 0.239236 1.000000
vt 0.228813 1.000000
vt -0.160000 1.000000
vt -0.144000 1.000000
vt -0.142227 1.028784
vt -0.158030 1.031287
vt 0.164000 1.000000
vt 0.161981 1.031287
vt 0.146178 1.028784
vt 0.148000 1.000000
vt -0.158030 1.031287
vt -0.142227 1.028784
vt -0.136952 1.056859
vt -0.152169 1.061803
vt 0.161981 1.031287
vt 0.155973 1.061803
vt 0.140756 1.056859
vt 0.146178 1.028784
vt -0.152169 1.061803
vt -0.136952 1.056859
vt -0.128305 1.083534
vt -0.142561 1.090798
vt 0.155973 1.061803
vt 0.146125 1.090798
vt 0.131869 1.083534
vt 0.140756 1.056859
vt -0.142561 1.090798
vt -0.128305 1.083534
vt -0.116498 1.108153
vt -0.129443 1.117557
vt 0.146125 1.090798
vt 0.132679 1.117557
vt 0.119735 1.108153
vt 0.131869 1.083534
vt -0.129443 1.117557
vt -0.116498 1.108153
vt -0.101823 1.130108
vt -0.113137 1.141421
vt 0.132679 1.117557
vt 0.115966 1.141421
vt 0.104652 1.130108
vt 0.119735 1.108153
vt -0.113137 1.141421
vt -0.101823 1.130108
vt -0.084641 1.148859
vt -0.094046 1.161803
vt 0.115966 1.141421
vt 0.096397 1.161803
vt 0.086992 1.148859
vt 0.104652 1.130108
vt -0.094046 1.161803
vt -0.084641 1.148859
vt -0.065375 1.163945
vt -0.072638 1.178201
vt 0.096397 1.161803
vt 0.074454 1.178201
vt 0.067191 1.163945
vt 0.086992 1.148859
vt -0.072638 1.178201
vt -0.065375 1.163945
vt -0.044498 1.174994
vt -0.049443 1.190211
vt 0.074454 1.178201
vt 0.050679 1.190211
vt 0.045735 1.174994
vt 0.067191 1.163945
vt -0.049443 1.190211
vt -0.044498 1.174994
vt -0.022527 1.181735
vt -0.025030 1.197538
vt 0.050679 1.190211
vt 0.025655 1.197538
vt 0.023152 1.181735
vt 0.045735 1.174994
vt -0.025030 1.197538
vt -0.022527 1.181735
vt -0.000000 1.184000
vt -0.000000 1.200000
vt 0.025655 1.197538
vt 0.000000 1.200000
vt 0.000000 1.184000
vt 0.023152 1.181735
vt -0.000000 1.200000
vt -0.000000 1.184000
vt 0.022527 1.181735
vt 0.025029 1.197538
vt 0.000000 1.200000
vt -0.025655 1.197538
vt -0.023152 1.181735
vt 0.000000 1.184000
vt 0.025029 1.197538
vt 0.022527 1.181735
vt 0.044498 1.174994
vt 0.049443 1.190211
vt -0.025655 1.197538
vt -0.050679 1.190211
vt -0.045735 1.174994
vt -0.023152 1.181735
vt 0.049443 1.190211
vt 0.044498 1.174994
vt 0.065375 1.163945
vt 0.072638 1.178201
vt -0.050679 1.190211
vt -0.074454 1.178201
vt -0.067191 1.163945
vt -0.045735 1.174994
vt 0.072638 1.178201
vt 0.065375 1.163945
vt 0.084641 1.148859
vt 0.094046 1.161803
vt -0.074454 1.178201
vt -0.096397 1.161803
vt -0.086992 1.148859
vt -0.067191 1.163945
vt 0.094046 1.161803
vt 0.084641 1.148859
vt 0.101823 1.130108
vt 0.113137 1.141421
vt -0.096397 1.161803
vt -0.115965 1.141421
vt -0.104652 1.130108
vt -0.086992 1.148859
vt 0.113137 1.141421
vt 0.101823 1.130108
vt 0.116498 1.108153
vt 0.129443 1.117557
vt -0.115965 1.141421
vt -0.132679 1.117557
vt -0.119735 1.108153
vt -0.104652 1.130108
vt 0.129443 1.117557
vt 0.116498 1.108153
vt 0.128305 1.083534
vt 0.142561 1.090798
vt -0.132679 1.117557
vt -0.146125 1.090798
vt -0.131869 1.083534
vt -0.119735 1.108153
vt 0.142561 1.090798
vt 0.128305 1.083534
vt 0.136952 1.056859
vt 0.152169 1.061803
vt -0.146125 1.090798
vt -0.155973 1.061803
vt -0.140756 1.056859
vt -0.131869 1.083534
vt 0.152169 1.061803
vt 0.136952 1.056859
vt 0.142227 1.028784
vt 0.158030 1.031287
vt -0.155973 1.061803
vt -0.161981 1.031287
vt -0.146178 1.028784
vt -0.140756 1.056859
vt 0.158030 1.031287
vt 0.142227 1.028784
vt 0.144000 1.000000
vt 0.160000 1.000000
vt -0.161981 1.031287
vt -0.164000 1.000000
vt -0.148000 1.000000
vt -0.146178 1.028784
vt 0.160000 1.000000
vt 0.144000 1.000000
vt 0.142227 0.971216
vt 0.158030 0.968713
vt -0.164000 1.000000
vt -0.161981 0.968713
vt -0.146178 0.971216
vt -0.148000 1.000000
vt 0.158030 0.968713
vt 0.142227 0.971216
vt 0.136952 0.943141
vt 0.152169 0.938197
vt -0.161981 0.968713
vt -0.155973 0.938197
vt -0.140756 0.943141
vt -0.146178 0.971216
vt 0.152169 0.938197
vt 0.136952 0.943141
vt 0.128305 0.916466
vt 0.142561 0.909202
vt -0.155973 0.938197
vt -0.146125 0.909202
vt -0.131869 0.916466
vt -0.140756 0.943141
vt 0.142561 0.909202
vt 0.128305 0.916466
vt 0.116498 0.891847
vt 0.129443 0.882443
vt -0.146125 0.909202
vt -0.132679 0.882443
vt -0.119735 0.891847
vt -0.131869 0.916466
vt 0.129443 0.882443
vt 0.116498 0.891847
vt 0.101823 0.869892
vt 0.113137 0.858579
vt -0.132679 0.882443
vt -0.115966 0.858579
vt -0.104652 0.869892
vt -0.119735 0.891847
vt 0.113137 0.858579
vt 0.101823 0.869892
vt 0.084641 0.851141
vt 0.094046 0.838197
vt -0.115966 0.858579
vt -0.096397 0.838197
vt -0.086992 0.851141
vt -0.104652 0.869892
vt 0.094046 0.838197
vt 0.084641 0.851141
vt 0.065375 0.836055
vt 0.072639 0.821799
vt -0.096397 0.838197
vt -0.074454 0.821799
vt -0.067191 0.836055
vt -0.086992 0.851141
vt 0.072639 0.821799
vt 0.065375 0.836055
vt 0.044498 0.825006
vt 0.049443 0.809789
vt -0.074454 0.821799
vt -0.050679 0.809789
vt -0.045735 0.825006
vt -0.067191 0.836055
vt 0.049443 0.809789
vt 0.044498 0.825006
vt 0.022527 0.818265
vt 0.025030 0.802462
vt -0.050679 0.809789
vt -0.025655 0.802462
vt -0.023152 0.818265
vt -0.045735 0.825006
vt 0.025030 0.802462
vt 0.022527 0.818265
vt 0.000000 0.816000
vt 0.000000 0.800000
vt -0.025655 0.802462
vt -0.000000 0.800000
vt -0.000000 0.816000
vt -0.023152 0.818265
vt 0.000000 0.800000
vt 0.000000 0.816000
vt -0.022527 0.818265
vt -0.025029 0.802462
vt -0.000000 0.800000
vt 0.025655 0.802462
vt 0.023152 0.818265
vt -0.000000 0.816000
vt -0.025029 0.802462
vt -0.022527 0.818265
vt -0.044498 0.825006
vt -0.049443 0.809789
vt 0.025655 0.802462
vt 0.050679 0.809789
vt 0.045734 0.825006
vt 0.023152 0.818265
vt -0.049443 0.809789
vt -0.044498 0.825006
vt -0.065375 0.836055
vt -0.072638 0.821799
vt 0.050679 0.809789
vt 0.074454 0.821799
vt 0.067191 0.836055
vt 0.045734 0.825006
vt -0.072638 0.821799
vt -0.065375 0.836055
vt -0.084641 0.851141
vt -0.094046 0.838197
vt 0.074454 0.821799
vt 0.096397 0.838197
vt 0.086992 0.851141
vt 0.067191 0.836055
vt -0.094046 0.838197
vt -0.084641 0.851141
vt -0.101823 0.869892
vt -0.113137 0.858579
vt 0.096397 0.838197
vt 0.115965 0.858579
vt 0.104652 0.869892
vt 0.086992 0.851141
vt -0.113137 0.858579
vt -0.101823 0.869892
vt -0.116498 0.891847
vt -0.129443 0.882443
vt 0.115965 0.858579
vt 0.132679 0.882443
vt 0.119735 0.891847
vt 0.104652 0.869892
vt -0.129443 0.882443
vt -0.116498 0.891847
vt -0.128305 0.916466
vt -0.142561 0.909202
vt 0.132679 0.882443
vt 0.146125 0.909202
vt 0.131869 0.916466
vt 0.119735 0.891847
vt -0.142561 0.909202
vt -0.128305 0.916466
vt -0.136952 0.943141
vt -0.152169 0.938197
vt 0.146125 0.909202
vt 0.155973 0.938197
vt 0.140756 0.943141
vt 0.131869 0.916466
vt -0.152169 0.938197
vt -0.136952 0.943141
vt -0.142227 0.971216
vt -0.158030 0.968713
vt 0.155973 0.938197
vt 0.161981 0.968713
vt 0.146178 0.971216
vt 0.140756 0.943141
vt -0.158030 0.968713
vt -0.142227 0.971216
vt -0.144000 1.000000
vt -0.160000 1.000000
vt 0.161981 0.968713
vt 0.164000 1.000000
vt 0.148000 1.000000
vt 0.146178 0.971216
vt 0.054230 0.838266
vt 0.058940 0.830107
vt 0.059513 0.846065
vt 0.054803 0.854224
vt -0.054803 0.854224
vt -0.059513 0.846065
vt -0.058940 0.830107
vt -0.054230 0.838266
vt 0.058940 0.830113
vt 0.113833 0.826144
vt 0.114406 0.842102
vt 0.059513 0.846071
vt -0.059513 0.846071
vt -0.114406 0.842102
vt -0.113833 0.826144
vt -0.058940 0.830113
vt 0.113833 0.826152
vt 0.119045 0.831957
vt 0.119618 0.847913
vt 0.114406 0.842109
vt -0.114406 0.842109
vt -0.119618 0.847913
vt -0.119045 0.831957
vt -0.113833 0.826152
vt -0.081844 1.161672
vt -0.082238 1.172665
vt -0.120214 1.171304
vt -0.119820 1.160311
vt 0.119820 1.160311
vt 0.120214 1.171304
vt 0.082238 1.172665
vt 0.081844 1.161672
vt -0.076000 1.034000
vt -0.114000 1.034000
vt -0.114000 0.966000
vt -0.076000 0.966000
vt 0.076000 0.966000
vt 0.114000 0.966000
vt 0.114000 1.034000
vt 0.076000 1.034000
vt 0.164500 1.034000
vt 0.164500 0.966000
vt 0.175500 0.966000
vt 0.175500 1.034000
vt -0.175500 1.034000
vt -0.175500 0.966000
vt -0.164500 0.966000
vt -0.164500 1.034000
vt 0.058336 1.034000
vt 0.058336 0.966000
vt 0.066822 0.966000
vt 0.066822 1.034000
vt -0.201172 1.034000
vt -0.201172 0.966000
vt -0.192687 0.966000
vt -0.192687 1.034000
vt 0.173595 1.034000
vt 0.173595 0.966000
vt 0.182080 0.966000
vt 0.182080 1.034000
vt -0.047730 1.034000
vt -0.047730 0.966000
vt -0.039244 0.966000
vt -0.039244 1.034000
vt 0.164500 1.073539
vt 0.175500 1.073539
vt 0.175500 1.082024
vt 0.164500 1.082024
vt 0.164500 0.917976
vt 0.175500 0.917976
vt 0.175500 0.926461
vt 0.164500 0.926461
vt -0.164500 0.947674
vt -0.175500 0.947674
vt -0.175500 0.939189
vt -0.164500 0.939189
vt -0.164500 1.060811
vt -0.175500 1.060811
vt -0.175500 1.052326
vt -0.164500 1.052326
vt -0.076000 1.144603
vt -0.114000 1.144603
vt -0.114000 1.136118
vt -0.076000 1.136118
vt 0.076000 0.895702
vt 0.114000 0.895702
vt 0.114000 0.904187
vt 0.076000 0.904187
vt -0.076000 0.863882
vt -0.114000 0.863882
vt -0.114000 0.855397
vt -0.076000 0.855397
vt 0.076000 1.095813
vt 0.114000 1.095813
vt 0.114000 1.104298
vt 0.076000 1.104298
vt 0.062579 1.130844
vt 0.058336 1.123495
vt 0.066822 1.123495
vt -0.201172 1.045928
vt -0.192687 1.045928
vt -0.196929 1.053276
vt 0.173595 0.984691
vt 0.182080 0.984691
vt 0.177837 0.992039
vt -0.043487 0.914472
vt -0.047730 0.907124
vt -0.039244 0.907124
vt 0.066822 0.876505
vt 0.058336 0.876505
vt 0.062579 0.869156
vt -0.196929 0.946724
vt -0.192687 0.954072
vt -0.201172 0.954072
vt 0.177837 1.007961
vt 0.182080 1.015309
vt 0.173595 1.015309
vt -0.039244 1.092876
vt -0.047730 1.092876
vt -0.043487 1.085528
vt -0.091888 1.179474
vt -0.091913 1.180173
vt -0.111101 1.179485
vt -0.111076 1.178786
vt 0.111076 1.178786
vt 0.111101 1.179485
vt 0.091913 1.180173
vt 0.091888 1.179474
vt -0.085400 1.021100
vt -0.104600 1.021100
vt -0.104600 0.978900
vt -0.085400 0.978900
vt 0.085400 0.978900
vt 0.104600 0.978900
vt 0.104600 1.021100
vt 0.085400 1.021100
vt 0.182650 1.021100
vt 0.182650 0.978900
vt 0.183350 0.978900
vt 0.183350 1.021100
vt -0.183350 1.021100
vt -0.183350 0.978900
vt -0.182650 0.978900
vt -0.182650 1.021100
vt 0.067776 1.021100
vt 0.067776 0.978900
vt 0.069756 0.978900
vt 0.069756 1.021100
vt -0.204106 1.021100
vt -0.204106 0.978900
vt -0.202126 0.978900
vt -0.202126 1.021100
vt 0.189045 1.021100
vt 0.189045 0.978900
vt 0.191025 0.978900
vt 0.191025 1.021100
vt -0.056675 1.021100
vt -0.056675 0.978900
vt -0.054695 0.978900
vt -0.054695 1.021100
vt 0.182650 1.074317
vt 0.183350 1.074317
vt 0.183350 1.076297
vt 0.182650 1.076297
vt 0.182650 0.923703
vt 0.183350 0.923703
vt 0.183350 0.925683
vt 0.182650 0.925683
vt -0.182650 0.941947
vt -0.183350 0.941947
vt -0.183350 0.939967
vt -0.182650 0.939967
vt -0.182650 1.060033
vt -0.183350 1.060033
vt -0.183350 1.058053
vt -0.182650 1.058053
vt -0.085400 1.145063
vt -0.104600 1.145063
vt -0.104600 1.143083
vt -0.085400 1.143083
vt 0.085400 0.884282
vt 0.104600 0.884282
vt 0.104600 0.886262
vt 0.085400 0.886262
vt -0.085400 0.856917
vt -0.104600 0.856917
vt -0.104600 0.854937
vt -0.085400 0.854937
vt 0.085400 1.113738
vt 0.104600 1.113738
vt 0.104600 1.115718
vt 0.085400 1.115718
vt 0.068766 1.127802
vt 0.067776 1.126087
vt 0.069756 1.126087
vt -0.204106 1.048520
vt -0.202126 1.048520
vt -0.203116 1.050235
vt 0.189045 0.976669
vt 0.191025 0.976669
vt 0.190035 0.978383
vt -0.055685 0.900816
vt -0.056675 0.899101
vt -0.054695 0.899101
vt 0.069756 0.873913
vt 0.067776 0.873913
vt 0.068766 0.872198
vt -0.203116 0.949765
vt -0.202126 0.951480
vt -0.204106 0.951480
vt 0.190035 1.021617
vt 0.191025 1.023331
vt 0.189045 1.023331
vt -0.054695 1.100899
vt -0.056675 1.100899
vt -0.055685 1.099184
vt 0.010000 1.080000
vt -0.030000 1.070000
vt -0.030000 0.930000
vt 0.010000 0.920000
vt 0.130000 0.960000
vt 0.130000 1.040000
vt -0.119000 1.035600
vt -0.119000 0.964400
vt -0.012200 0.928800
vt 0.023400 0.937700
vt 0.023400 1.062300
vt -0.012200 1.071200
vt 0.167500 1.040000
vt 0.167500 0.960000
vt 0.188500 0.960000
vt 0.188500 1.040000
vt 0.041366 1.040000
vt 0.041366 0.960000
vt 0.051972 0.964400
vt 0.051972 1.035600
vt 0.167500 1.110680
vt 0.167500 0.984189
vt 0.188500 0.984189
vt 0.188500 1.110680
vt -0.067115 1.117194
vt 0.047300 1.063258
vt 0.046409 1.072788
vt -0.055421 1.120791
vt -0.023265 1.168410
vt 0.017941 1.166977
vt 0.018671 1.187965
vt -0.022536 1.189398
vt -0.054148 1.065841
vt -0.015275 1.079585
vt -0.022632 1.086787
vt -0.057229 1.074555
vt -0.167500 0.930000
vt -0.167500 1.070000
vt -0.188500 1.070000
vt -0.188500 0.930000
vt -0.112076 0.930000
vt -0.112076 1.070000
vt -0.119572 1.062300
vt -0.119572 0.937700
vt -0.017941 1.166977
vt 0.023265 1.168410
vt 0.022536 1.189398
vt -0.018671 1.187965
vt -0.015275 0.920415
vt -0.054148 0.934159
vt -0.057229 0.925445
vt -0.022632 0.913213
vt 0.167500 1.015811
vt 0.167500 0.889320
vt 0.188500 0.889320
vt 0.188500 1.015811
vt 0.047300 0.936742
vt -0.067115 0.882806
vt -0.055421 0.879209
vt 0.046409 0.927212
vt 0.025880 0.975912
vt 0.023372 1.045867
vt -0.066570 1.042643
vt -0.064063 0.972688
vt 0.064063 0.972688
vt 0.066570 1.042643
vt -0.023372 1.045867
vt -0.025880 0.975912
vt 0.025000 1.220000
vt -0.065000 1.220000
vt -0.065000 1.180000
vt 0.025000 1.180000
vt -0.025000 1.180000
vt 0.065000 1.180000
vt 0.065000 1.220000
vt -0.025000 1.220000
vt -0.025000 1.220000
vt -0.025000 1.180000
vt 0.045000 1.180000
vt 0.045000 1.220000
vt -0.045000 1.220000
vt -0.045000 1.180000
vt 0.025000 1.180000
vt 0.025000 1.220000
vt -0.007071 1.220000
vt -0.007071 1.180000
vt 0.007071 1.180000
vt 0.007071 1.220000
vt -0.035355 1.220000
vt -0.035355 1.180000
vt -0.021213 1.180000
vt -0.021213 1.220000
vt 0.007071 1.220000
vt 0.007071 1.180000
vt 0.021213 1.180000
vt 0.021213 1.220000
vt 0.007071 1.220000
vt 0.007071 1.180000
vt 0.021213 1.180000
vt 0.021213 1.220000
vt -0.025000 1.130815
vt 0.045000 1.130815
vt 0.045000 1.144957
vt -0.025000 1.144957
vt -0.025000 1.137886
vt 0.045000 1.137886
vt 0.045000 1.152028
vt -0.025000 1.152028
vt 0.025000 1.116673
vt -0.045000 1.116673
vt -0.045000 1.102530
vt 0.025000 1.102530
vt 0.025000 1.180312
vt -0.045000 1.180312
vt -0.045000 1.166170
vt 0.025000 1.166170
vt 0.025000 1.144957
vt -0.065000 1.144957
vt -0.065000 1.130815
vt 0.025000 1.130815
vt -0.025000 1.116673
vt 0.065000 1.116673
vt 0.065000 1.130815
vt -0.025000 1.130815
vt 0.025000 1.152028
vt -0.065000 1.152028
vt -0.065000 1.137886
vt 0.025000 1.137886
vt -0.025000 1.152028
vt 0.065000 1.152028
vt 0.065000 1.166170
vt -0.025000 1.166170
vt -0.000000 1.167382
vt -0.007071 1.155134
vt 0.007071 1.155134
vt -0.035355 1.138804
vt -0.021213 1.138804
vt -0.028284 1.151052
vt 0.007071 1.146969
vt 0.021213 1.146969
vt 0.014142 1.159217
vt 0.014142 1.142887
vt 0.007071 1.130639
vt 0.021213 1.130639
vt 0.007071 1.171464
vt -0.007071 1.171464
vt -0.000000 1.159217
vt -0.028284 1.175547
vt -0.021213 1.187794
vt -0.035355 1.187794
vt 0.014142 1.167382
vt 0.021213 1.179629
vt 0.007071 1.179629
vt 0.021213 1.195959
vt 0.007071 1.195959
vt 0.014142 1.183712
vt -0.024838 1.056446
vt -0.024888 1.057846
vt -0.059266 1.056613
vt -0.059216 1.055214
vt 0.059216 1.055214
vt 0.059266 1.056613
vt 0.024888 1.057846
vt 0.024838 1.056446
vt -0.022800 1.219700
vt -0.057200 1.219700
vt -0.057200 1.180300
vt -0.022800 1.180300
vt 0.022800 1.180300
vt 0.057200 1.180300
vt 0.057200 1.219700
vt 0.022800 1.219700
vt 0.057300 1.219700
vt 0.057300 1.180300
vt 0.058700 1.180300
vt 0.058700 1.219700
vt -0.058700 1.219700
vt -0.058700 1.180300
vt -0.057300 1.180300
vt -0.057300 1.219700
vt 0.022415 1.219700
vt 0.022415 1.180300
vt 0.026375 1.180300
vt 0.026375 1.219700
vt -0.082944 1.219700
vt -0.082944 1.180300
vt -0.078984 1.180300
vt -0.078984 1.219700
vt 0.055649 1.219700
vt 0.055649 1.180300
vt 0.059609 1.180300
vt 0.059609 1.219700
vt -0.003041 1.219700
vt -0.003041 1.180300
vt 0.000919 1.180300
vt 0.000919 1.219700
vt 0.057300 1.169494
vt 0.058700 1.169494
vt 0.058700 1.173453
vt 0.057300 1.173453
vt 0.057300 1.109389
vt 0.058700 1.109389
vt 0.058700 1.113349
vt 0.057300 1.113349
vt -0.057300 1.116885
vt -0.058700 1.116885
vt -0.058700 1.112925
vt -0.057300 1.112925
vt -0.057300 1.169918
vt -0.058700 1.169918
vt -0.058700 1.165958
vt -0.057300 1.165958
vt -0.022800 1.197848
vt -0.057200 1.197848
vt -0.057200 1.193889
vt -0.022800 1.193889
vt 0.022800 1.111864
vt 0.057200 1.111864
vt 0.057200 1.115824
vt 0.022800 1.115824
vt -0.022800 1.088954
vt -0.057200 1.088954
vt -0.057200 1.084994
vt -0.022800 1.084994
vt 0.022800 1.167019
vt 0.057200 1.167019
vt 0.057200 1.170978
vt 0.022800 1.170978
vt 0.024395 1.214371
vt 0.022415 1.210942
vt 0.026375 1.210942
vt -0.082944 1.178282
vt -0.078984 1.178282
vt -0.080964 1.181711
vt 0.055649 1.163585
vt 0.059609 1.163585
vt 0.057629 1.167014
vt -0.001061 1.134354
vt -0.003041 1.130925
vt 0.000919 1.130925
vt 0.026375 1.115657
vt 0.022415 1.115657
vt 0.024395 1.112227
vt -0.080964 1.144887
vt -0.078984 1.148317
vt -0.082944 1.148317
vt 0.057629 1.159584
vt 0.059609 1.163014
vt 0.055649 1.163014
vt 0.000919 1.195673
vt -0.003041 1.195673
vt -0.001061 1.192244
vt 0.025880 0.975912
vt 0.023372 1.045867
vt -0.066570 1.042643
vt -0.064063 0.972688
vt 0.064063 0.972688
vt 0.066570 1.042643
vt -0.023372 1.045867
vt -0.025880 0.975912
vt 0.025000 0.820000
vt -0.065000 0.820000
vt -0.065000 0.780000
vt 0.025000 0.780000
vt -0.025000 0.780000
vt 0.065000 0.780000
vt 0.065000 0.820000
vt -0.025000 0.820000
vt -0.025000 0.820000
vt -0.025000 0.780000
vt 0.045000 0.780000
vt 0.045000 0.820000
vt -0.045000 0.820000
vt -0.045000 0.780000
vt 0.025000 0.780000
vt 0.025000 0.820000
vt -0.007071 0.820000
vt -0.007071 0.780000
vt 0.007071 0.780000
vt 0.007071 0.820000
vt -0.035355 0.820000
vt -0.035355 0.780000
vt -0.021213 0.780000
vt -0.021213 0.820000
vt 0.007071 0.820000
vt 0.007071 0.780000
vt 0.021213 0.780000
vt 0.021213 0.820000
vt 0.007071 0.820000
vt 0.007071 0.780000
vt 0.021213 0.780000
vt 0.021213 0.820000
vt -0.025000 0.847972
vt 0.045000 0.847972
vt 0.045000 0.862114
vt -0.025000 0.862114
vt -0.025000 0.855043
vt 0.045000 0.855043
vt 0.045000 0.869185
vt -0.025000 0.869185
vt 0.025000 0.833830
vt -0.045000 0.833830
vt -0.045000 0.819688
vt 0.025000 0.819688
vt 0.025000 0.897470
vt -0.045000 0.897470
vt -0.045000 0.883327
vt 0.025000 0.883327
vt 0.025000 0.862114
vt -0.065000 0.862114
vt -0.065000 0.847972
vt 0.025000 0.847972
vt -0.025000 0.833830
vt 0.065000 0.833830
vt 0.065000 0.847972
vt -0.025000 0.847972
vt 0.025000 0.869185
vt -0.065000 0.869185
vt -0.065000 0.855043
vt 0.025000 0.855043
vt -0.025000 0.869185
vt 0.065000 0.869185
vt 0.065000 0.883327
vt -0.025000 0.883327
vt 0.000000 0.840783
vt -0.007071 0.828536
vt 0.007071 0.828536
vt -0.035355 0.812206
vt -0.021213 0.812206
vt -0.028284 0.824453
vt 0.007071 0.820371
vt 0.021213 0.820371
vt 0.014142 0.832618
vt 0.014142 0.816288
vt 0.007071 0.804041
vt 0.021213 0.804041
vt 0.007071 0.844866
vt -0.007071 0.844866
vt 0.000000 0.832618
vt -0.028284 0.848948
vt -0.021213 0.861196
vt -0.035355 0.861196
vt 0.014142 0.840783
vt 0.021213 0.853031
vt 0.007071 0.853031
vt 0.021213 0.869361
vt 0.007071 0.869361
vt 0.014142 0.857113
vt -0.024838 1.056446
vt -0.024888 1.057846
vt -0.059266 1.056613
vt -0.059216 1.055214
vt 0.059216 1.055214
vt 0.059266 1.056613
vt 0.024888 1.057846
vt 0.024838 1.056446
vt -0.022800 0.819700
vt -0.057200 0.819700
vt -0.057200 0.780300
vt -0.022800 0.780300
vt 0.022800 0.780300
vt 0.057200 0.780300
vt 0.057200 0.819700
vt 0.022800 0.819700
vt 0.057300 0.819700
vt 0.057300 0.780300
vt 0.058700 0.780300
vt 0.058700 0.819700
vt -0.058700 0.819700
vt -0.058700 0.780300
vt -0.057300 0.780300
vt -0.057300 0.819700
vt 0.022415 0.819700
vt 0.022415 0.780300
vt 0.026375 0.780300
vt 0.026375 0.819700
vt -0.082944 0.819700
vt -0.082944 0.780300
vt -0.078984 0.780300
vt -0.078984 0.819700
vt 0.055649 0.819700
vt 0.055649 0.780300
vt 0.059609 0.780300
vt 0.059609 0.819700
vt -0.003041 0.819700
vt -0.003041 0.780300
vt 0.000919 0.780300
vt 0.000919 0.819700
vt 0.057300 0.886651
vt 0.058700 0.886651
vt 0.058700 0.890611
vt 0.057300 0.890611
vt 0.057300 0.826547
vt 0.058700 0.826547
vt 0.058700 0.830507
vt 0.057300 0.830507
vt -0.057300 0.834042
vt -0.058700 0.834042
vt -0.058700 0.830082
vt -0.057300 0.830082
vt -0.057300 0.887075
vt -0.058700 0.887075
vt -0.058700 0.883115
vt -0.057300 0.883115
vt -0.022800 0.915006
vt -0.057200 0.915006
vt -0.057200 0.911046
vt -0.022800 0.911046
vt 0.022800 0.829022
vt 0.057200 0.829022
vt 0.057200 0.832981
vt 0.022800 0.832981
vt -0.022800 0.806111
vt -0.057200 0.806111
vt -0.057200 0.802152
vt -0.022800 0.802152
vt 0.022800 0.884176
vt 0.057200 0.884176
vt 0.057200 0.888136
vt 0.022800 0.888136
vt 0.024395 0.887773
vt 0.022415 0.884343
vt 0.026375 0.884343
vt -0.082944 0.851683
vt -0.078984 0.851683
vt -0.080964 0.855113
vt 0.055649 0.836986
vt 0.059609 0.836986
vt 0.057629 0.840416
vt -0.001061 0.807756
vt -0.003041 0.804327
vt 0.000919 0.804327
vt 0.026375 0.789058
vt 0.022415 0.789058
vt 0.024395 0.785629
vt -0.080964 0.818289
vt -0.078984 0.821718
vt -0.082944 0.821718
vt 0.057629 0.832986
vt 0.059609 0.836415
vt 0.055649 0.836415
vt 0.000919 0.869075
vt -0.003041 0.869075
vt -0.001061 0.865645
usemtl Surface_2
f 4/4 2/2 1/1
usemtl Surface_2
f 3/3 2/2 4/4
usemtl Surface_2
f 8/8 6/6 5/5
usemtl Surface_2
f 7/7 6/6 8/8
usemtl Surface_2
f 12/12 10/10 9/9
usemtl Surface_2
f 11/11 10/10 12/12
usemtl Surface_2
f 16/16 14/14 13/13
usemtl Surface_2
f 15/15 14/14 16/16
usemtl Surface_2
f 20/20 18/18 17/17
usemtl Surface_2
f 19/19 18/18 20/20
usemtl Surface_2
f 24/24 22/22 21/21
usemtl Surface_2
f 23/23 22/22 24/24
usemtl Surface_2
f 28/28 26/26 25/25
usemtl Surface_2
f 27/27 26/26 28/28
usemtl Surface_2
f 32/32 30/30 29/29
usemtl Surface_2
f 31/31 30/30 32/32
usemtl Surface_2
f 36/36 34/34 33/33
usemtl Surface_2
f 35/35 34/34 36/36
usemtl Surface_2
f 40/40 38/38 37/37
usemtl Surface_2
f 39/39 38/38 40/40
usemtl Surface_2
f 44/44 42/42 41/41
usemtl Surface_2
f 43/43 42/42 44/44
usemtl Surface_2
f 48/48 46/46 45/45
usemtl Surface_2
f 47/47 46/46 48/48
usemtl Surface_2
f 52/52 50/50 49/49
usemtl Surface_2
f 51/51 50/50 52/52
usemtl Surface_2
f 56/56 54/54 53/53
usemtl Surface_2
f 55/55 54/54 56/56
usemtl Surface_2
f 60/60 58/58 57/57
usemtl Surface_2
f 59/59 58/58 60/60
usemtl Surface_2
f 64/64 62/62 61/61
usemtl Surface_2
f 63/63 62/62 64/64
usemtl Surface_2
f 68/68 66/66 65/65
usemtl Surface_2
f 67/67 66/66 68/68
usemtl Surface_2
f 72/72 70/70 69/69
usemtl Surface_2
f 71/71 70/70 72/72
usemtl Surface_2
f 76/76 74/74 73/73
usemtl Surface_2
f 75/75 74/74 76/76
usemtl Surface_2
f 80/80 78/78 77/77
usemtl Surface_2
f 79/79 78/78 80/80
usemtl Surface_2
f 84/84 82/82 81/81
usemtl Surface_2
f 83/83 82/82 84/84
usemtl Surface_2
f 88/88 86/86 85/85
usemtl Surface_2
f 87/87 86/86 88/88
usemtl Surface_2
f 92/92 90/90 89/89
usemtl Surface_2
f 91/91 90/90 92/92
usemtl Surface_2
f 96/96 94/94 93/93
usemtl Surface_2
f 95/95 94/94 96/96
usemtl Surface_2
f 100/100 98/98 97/97
usemtl Surface_2
f 99/99 98/98 100/100
usemtl Surface_2
f 104/104 102/102 101/101
usemtl Surface_2
f 103/103 102/102 104/104
usemtl Surface_2
f 108/108 106/106 105/105
usemtl Surface_2
f 107/107 106/106 108/108
usemtl Surface_2
f 112/112 110/110 109/109
usemtl Surface_2
f 111/111 110/110 112/112
usemtl Surface_2
f 116/116 114/114 113/113
usemtl Surface_2
f 115/115 114/114 116/116
usemtl Surface_2
f 120/120 118/118 117/117
usemtl Surface_2
f 119/119 118/118 120/120
usemtl Surface_2
f 124/124 122/122 121/121
usemtl Surface_2
f 123/123 122/122 124/124
usemtl Surface_2
f 128/128 126/126 125/125
usemtl Surface_2
f 127/127 126/126 128/128
usemtl Surface_2
f 132/132 130/130 129/129
usemtl Surface_2
f 131/131 130/130 132/132
usemtl Surface_2
f 136/136 134/134 133/133
usemtl Surface_2
f 135/135 134/134 136/136
usemtl Surface_2
f 140/140 138/138 137/137
usemtl Surface_2
f 139/139 138/138 140/140
usemtl Surface_2
f 144/144 142/142 141/141
usemtl Surface_2
f 143/143 142/142 144/144
usemtl Surface_2
f 148/148 146/146 145/145
usemtl Surface_2
f 147/147 146/146 148/148
usemtl Surface_2
f 152/152 150/150 149/149
usemtl Surface_2
f 151/151 150/150 152/152
usemtl Surface_2
f 156/156 154/154 153/153
usemtl Surface_2
f 155/155 154/154 156/156
usemtl Surface_2
f 160/160 158/158 157/157
usemtl Surface_2
f 159/159 158/158 160/160
usemtl Surface_2
f 164/164 162/162 161/161
usemtl Surface_2
f 163/163 162/162 164/164
usemtl Surface_2
f 168/168 166/166 165/165
usemtl Surface_2
f 167/167 166/166 168/168
usemtl Surface_2
f 172/172 170/170 169/169
usemtl Surface_2
f 171/171 170/170 172/172
usemtl Surface_2
f 176/176 174/174 173/173
usemtl Surface_2
f 175/175 174/174 176/176
usemtl Surface_2
f 180/180 178/178 177/177
usemtl Surface_2
f 179/179 178/178 180/180
usemtl Surface_2
f 184/184 182/182 181/181
usemtl Surface_2
f 183/183 182/182 184/184
usemtl Surface_2
f 188/188 186/186 185/185
usemtl Surface_2
f 187/187 186/186 188/188
usemtl Surface_2
f 192/192 190/190 189/189
usemtl Surface_2
f 191/191 190/190 192/192
usemtl Surface_2
f 196/196 194/194 193/193
usemtl Surface_2
f 195/195 194/194 196/196
usemtl Surface_2
f 200/200 198/198 197/197
usemtl Surface_2
f 199/199 198/198 200/200
usemtl Surface_2
f 204/204 202/202 201/201
usemtl Surface_2
f 203/203 202/202 204/204
usemtl Surface_2
f 208/208 206/206 205/205
usemtl Surface_2
f 207/207 206/206 208/208
usemtl Surface_2
f 212/212 210/210 209/209
usemtl Surface_2
f 211/211 210/210 212/212
usemtl Surface_2
f 216/216 214/214 213/213
usemtl Surface_2
f 215/215 214/214 216/216
usemtl Surface_2
f 220/220 218/218 217/217
usemtl Surface_2
f 219/219 218/218 220/220
usemtl Surface_2
f 224/224 222/222 221/221
usemtl Surface_2
f 223/223 222/222 224/224
usemtl Surface_2
f 228/228 226/226 225/225
usemtl Surface_2
f 227/227 226/226 228/228
usemtl Surface_2
f 232/232 230/230 229/229
usemtl Surface_2
f 231/231 230/230 232/232
usemtl Surface_2
f 236/236 234/234 233/233
usemtl Surface_2
f 235/235 234/234 236/236
usemtl Surface_2
f 240/240 238/238 237/237
usemtl Surface_2
f 239/239 238/238 240/240
usemtl Surface_2
f 244/244 242/242 241/241
usemtl Surface_2
f 243/243 242/242 244/244
usemtl Surface_2
f 248/248 246/246 245/245
usemtl Surface_2
f 247/247 246/246 248/248
usemtl Surface_2
f 252/252 250/250 249/249
usemtl Surface_2
f 251/251 250/250 252/252
usemtl Surface_2
f 256/256 254/254 253/253
usemtl Surface_2
f 255/255 254/254 256/256
usemtl Surface_2
f 260/260 258/258 257/257
usemtl Surface_2
f 259/259 258/258 260/260
usemtl Surface_2
f 264/264 262/262 261/261
usemtl Surface_2
f 263/263 262/262 264/264
usemtl Surface_2
f 268/268 266/266 265/265
usemtl Surface_2
f 267/267 266/266 268/268
usemtl Surface_2
f 272/272 270/270 269/269
usemtl Surface_2
f 271/271 270/270 272/272
usemtl Surface_2
f 276/276 274/274 273/273
usemtl Surface_2
f 275/275 274/274 276/276
usemtl Surface_2
f 280/280 278/278 277/277
usemtl Surface_2
f 279/279 278/278 280/280
usemtl Surface_2
f 284/284 282/282 281/281
usemtl Surface_2
f 283/283 282/282 284/284
usemtl Surface_2
f 288/288 286/286 285/285
usemtl Surface_2
f 287/287 286/286 288/288
usemtl Surface_2
f 292/292 290/290 289/289
usemtl Surface_2
f 291/291 290/290 292/292
usemtl Surface_2
f 296/296 294/294 293/293
usemtl Surface_2
f 295/295 294/294 296/296
usemtl Surface_2
f 300/300 298/298 297/297
usemtl Surface_2
f 299/299 298/298 300/300
usemtl Surface_2
f 304/304 302/302 301/301
usemtl Surface_2
f 303/303 302/302 304/304
usemtl Surface_2
f 308/308 306/306 305/305
usemtl Surface_2
f 307/307 306/306 308/308
usemtl Surface_2
f 312/312 310/310 309/309
usemtl Surface_2
f 311/311 310/310 312/312
usemtl Surface_2
f 316/316 314/314 313/313
usemtl Surface_2
f 315/315 314/314 316/316
usemtl Surface_2
f 320/320 318/318 317/317
usemtl Surface_2
f 319/319 318/318 320/320
usemtl Surface_2
f 324/324 322/322 321/321
usemtl Surface_2
f 323/323 322/322 324/324
usemtl Surface_2
f 328/328 326/326 325/325
usemtl Surface_2
f 327/327 326/326 328/328
usemtl Surface_2
f 332/332 330/330 329/329
usemtl Surface_2
f 331/331 330/330 332/332
usemtl Surface_2
f 336/336 334/334 333/333
usemtl Surface_2
f 335/335 334/334 336/336
usemtl Surface_2
f 340/340 338/338 337/337
usemtl Surface_2
f 339/339 338/338 340/340
usemtl Surface_2
f 344/344 342/342 341/341
usemtl Surface_2
f 343/343 342/342 344/344
usemtl Surface_2
f 348/348 346/346 345/345
usemtl Surface_2
f 347/347 346/346 348/348
usemtl Surface_2
f 352/352 350/350 349/349
usemtl Surface_2
f 351/351 350/350 352/352
usemtl Surface_2
f 356/356 354/354 353/353
usemtl Surface_2
f 355/355 354/354 356/356
usemtl Surface_2
f 360/360 358/358 357/357
usemtl Surface_2
f 359/359 358/358 360/360
usemtl Surface_2
f 364/364 362/362 361/361
usemtl Surface_2
f 363/363 362/362 364/364
usemtl Surface_2
f 368/368 366/366 365/365
usemtl Surface_2
f 367/367 366/366 368/368
usemtl Surface_2
f 372/372 370/370 369/369
usemtl Surface_2
f 371/371 370/370 372/372
usemtl Surface_2
f 376/376 374/374 373/373
usemtl Surface_2
f 375/375 374/374 376/376
usemtl Surface_2
f 380/380 378/378 377/377
usemtl Surface_2
f 379/379 378/378 380/380
usemtl Surface_2
f 384/384 382/382 381/381
usemtl Surface_2
f 383/383 382/382 384/384
usemtl Surface_2
f 388/388 386/386 385/385
usemtl Surface_2
f 387/387 386/386 388/388
usemtl Surface_2
f 392/392 390/390 389/389
usemtl Surface_2
f 391/391 390/390 392/392
usemtl Surface_2
f 396/396 394/394 393/393
usemtl Surface_2
f 395/395 394/394 396/396
usemtl Surface_2
f 400/400 398/398 397/397
usemtl Surface_2
f 399/399 398/398 400/400
usemtl Surface_2
f 404/404 402/402 401/401
usemtl Surface_2
f 403/403 402/402 404/404
usemtl Surface_2
f 408/408 406/406 405/405
usemtl Surface_2
f 407/407 406/406 408/408
usemtl Surface_2
f 412/412 410/410 409/409
usemtl Surface_2
f 411/411 410/410 412/412
usemtl Surface_2
f 416/416 414/414 413/413
usemtl Surface_2
f 415/415 414/414 416/416
usemtl Surface_2
f 420/420 418/418 417/417
usemtl Surface_2
f 419/419 418/418 420/420
usemtl Surface_2
f 424/424 422/422 421/421
usemtl Surface_2
f 423/423 422/422 424/424
usemtl Surface_2
f 428/428 426/426 425/425
usemtl Surface_2
f 427/427 426/426 428/428
usemtl Surface_2
f 432/432 430/430 429/429
usemtl Surface_2
f 431/431 430/430 432/432
usemtl Surface_2
f 436/436 434/434 433/433
usemtl Surface_2
f 435/435 434/434 436/436
usemtl Surface_2
f 440/440 438/438 437/437
usemtl Surface_2
f 439/439 438/438 440/440
usemtl Surface_2
f 444/444 442/442 441/441
usemtl Surface_2
f 443/443 442/442 444/444
usemtl Surface_2
f 448/448 446/446 445/445
usemtl Surface_2
f 447/447 446/446 448/448
usemtl Surface_2
f 452/452 450/450 449/449
usemtl Surface_2
f 451/451 450/450 452/452
usemtl Surface_2
f 456/456 454/454 453/453
usemtl Surface_2
f 455/455 454/454 456/456
usemtl Surface_2
f 460/460 458/458 457/457
usemtl Surface_2
f 459/459 458/458 460/460
usemtl Surface_2
f 464/464 462/462 461/461
usemtl Surface_2
f 463/463 462/462 464/464
usemtl Surface_2
f 468/468 466/466 465/465
usemtl Surface_2
f 467/467 466/466 468/468
usemtl Surface_2
f 472/472 470/470 469/469
usemtl Surface_2
f 471/471 470/470 472/472
usemtl Surface_2
f 476/476 474/474 473/473
usemtl Surface_2
f 475/475 474/474 476/476
usemtl Surface_2
f 480/480 478/478 477/477
usemtl Surface_2
f 479/479 478/478 480/480
usemtl Surface_2
f 484/484 482/482 481/481
usemtl Surface_2
f 483/483 482/482 484/484
usemtl Surface_2
f 488/488 486/486 485/485
usemtl Surface_2
f 487/487 486/486 488/488
usemtl Surface_2
f 492/492 490/490 489/489
usemtl Surface_2
f 491/491 490/490 492/492
usemtl Surface_2
f 496/496 494/494 493/493
usemtl Surface_2
f 495/495 494/494 496/496
usemtl Surface_2
f 500/500 498/498 497/497
usemtl Surface_2
f 499/499 498/498 500/500
usemtl Surface_2
f 504/504 502/502 501/501
usemtl Surface_2
f 503/503 502/502 504/504
usemtl Surface_2
f 508/508 506/506 505/505
usemtl Surface_2
f 507/507 506/506 508/508
usemtl Surface_2
f 512/512 510/510 509/509
usemtl Surface_2
f 511/511 510/510 512/512
usemtl Surface_2
f 516/516 514/514 513/513
usemtl Surface_2
f 515/515 514/514 516/516
usemtl Surface_2
f 520/520 518/518 517/517
usemtl Surface_2
f 519/519 518/518 520/520
usemtl Surface_2
f 524/524 522/522 521/521
usemtl Surface_2
f 523/523 522/522 524/524
usemtl Surface_2
f 528/528 526/526 525/525
usemtl Surface_2
f 527/527 526/526 528/528
usemtl Surface_2
f 532/532 530/530 529/529
usemtl Surface_2
f 531/531 530/530 532/532
usemtl Surface_2
f 536/536 534/534 533/533
usemtl Surface_2
f 535/535 534/534 536/536
usemtl Surface_2
f 540/540 538/538 537/537
usemtl Surface_2
f 539/539 538/538 540/540
usemtl Surface_2
f 544/544 542/542 541/541
usemtl Surface_2
f 543/543 542/542 544/544
usemtl Surface_2
f 548/548 546/546 545/545
usemtl Surface_2
f 547/547 546/546 548/548
usemtl Surface_2
f 552/552 550/550 549/549
usemtl Surface_2
f 551/551 550/550 552/552
usemtl Surface_2
f 556/556 554/554 553/553
usemtl Surface_2
f 555/555 554/554 556/556
usemtl Surface_2
f 560/560 558/558 557/557
usemtl Surface_2
f 559/559 558/558 560/560
usemtl Surface_2
f 564/564 562/562 561/561
usemtl Surface_2
f 563/563 562/562 564/564
usemtl Surface_2
f 568/568 566/566 565/565
usemtl Surface_2
f 567/567 566/566 568/568
usemtl Surface_2
f 572/572 570/570 569/569
usemtl Surface_2
f 571/571 570/570 572/572
usemtl Surface_2
f 576/576 574/574 573/573
usemtl Surface_2
f 575/575 574/574 576/576
usemtl Surface_2
f 580/580 578/578 577/577
usemtl Surface_2
f 579/579 578/578 580/580
usemtl Surface_2
f 584/584 582/582 581/581
usemtl Surface_2
f 583/583 582/582 584/584
usemtl Surface_2
f 588/588 586/586 585/585
usemtl Surface_2
f 587/587 586/586 588/588
usemtl Surface_2
f 592/592 590/590 589/589
usemtl Surface_2
f 591/591 590/590 592/592
usemtl Surface_2
f 596/596 594/594 593/593
usemtl Surface_2
f 595/595 594/594 596/596
usemtl Surface_2
f 600/600 598/598 597/597
usemtl Surface_2
f 599/599 598/598 600/600
usemtl Surface_2
f 604/604 602/602 601/601
usemtl Surface_2
f 603/603 602/602 604/604
usemtl Surface_2
f 608/608 606/606 605/605
usemtl Surface_2
f 607/607 606/606 608/608
usemtl Surface_2
f 612/612 610/610 609/609
usemtl Surface_2
f 611/611 610/610 612/612
usemtl Surface_2
f 616/616 614/614 613/613
usemtl Surface_2
f 615/615 614/614 616/616
usemtl Surface_2
f 620/620 618/618 617/617
usemtl Surface_2
f 619/619 618/618 620/620
usemtl Surface_2
f 624/624 622/622 621/621
usemtl Surface_2
f 623/623 622/622 624/624
usemtl Surface_2
f 628/628 626/626 625/625
usemtl Surface_2
f 627/627 626/626 628/628
usemtl Surface_2
f 632/632 630/630 629/629
usemtl Surface_2
f 631/631 630/630 632/632
usemtl Surface_2
f 636/636 634/634 633/633
usemtl Surface_2
f 635/635 634/634 636/636
usemtl Surface_2
f 640/640 638/638 637/637
usemtl Surface_2
f 639/639 638/638 640/640
usemtl Surface_2
f 644/644 642/642 641/641
usemtl Surface_2
f 643/643 642/642 644/644
usemtl Surface_2
f 648/648 646/646 645/645
usemtl Surface_2
f 647/647 646/646 648/648
usemtl Surface_2
f 652/652 650/650 649/649
usemtl Surface_2
f 651/651 650/650 652/652
usemtl Surface_2
f 656/656 654/654 653/653
usemtl Surface_2
f 655/655 654/654 656/656
usemtl Surface_2
f 660/660 658/658 657/657
usemtl Surface_2
f 659/659 658/658 660/660
usemtl Surface_2
f 664/664 662/662 661/661
usemtl Surface_2
f 663/663 662/662 664/664
usemtl Surface_2
f 668/668 666/666 665/665
usemtl Surface_2
f 667/667 666/666 668/668
usemtl Surface_2
f 672/672 670/670 669/669
usemtl Surface_2
f 671/671 670/670 672/672
usemtl Surface_2
f 676/676 674/674 673/673
usemtl Surface_2
f 675/675 674/674 676/676
usemtl Surface_2
f 680/680 678/678 677/677
usemtl Surface_2
f 679/679 678/678 680/680
usemtl Surface_2
f 684/684 682/682 681/681
usemtl Surface_2
f 683/683 682/682 684/684
usemtl Surface_2
f 688/688 686/686 685/685
usemtl Surface_2
f 687/687 686/686 688/688
usemtl Surface_2
f 692/692 690/690 689/689
usemtl Surface_2
f 691/691 690/690 692/692
usemtl Surface_2
f 696/696 694/694 693/693
usemtl Surface_2
f 695/695 694/694 696/696
usemtl Surface_2
f 700/700 698/698 697/697
usemtl Surface_2
f 699/699 698/698 700/700
usemtl Surface_2
f 704/704 702/702 701/701
usemtl Surface_2
f 703/703 702/702 704/704
usemtl Surface_2
f 708/708 706/706 705/705
usemtl Surface_2
f 707/707 706/706 708/708
usemtl Surface_2
f 712/712 710/710 709/709
usemtl Surface_2
f 711/711 710/710 712/712
usemtl Surface_2
f 716/716 714/714 713/713
usemtl Surface_2
f 715/715 714/714 716/716
usemtl Surface_2
f 720/720 718/718 717/717
usemtl Surface_2
f 719/719 718/718 720/720
usemtl Surface_2
f 724/724 722/722 721/721
usemtl Surface_2
f 723/723 722/722 724/724
usemtl Surface_2
f 728/728 726/726 725/725
usemtl Surface_2
f 727/727 726/726 728/728
usemtl Surface_2
f 732/732 730/730 729/729
usemtl Surface_2
f 731/731 730/730 732/732
usemtl Surface_2
f 736/736 734/734 733/733
usemtl Surface_2
f 735/735 734/734 736/736
usemtl Surface_2
f 740/740 738/738 737/737
usemtl Surface_2
f 739/739 738/738 740/740
usemtl Surface_2
f 744/744 742/742 741/741
usemtl Surface_2
f 743/743 742/742 744/744
usemtl Surface_2
f 748/748 746/746 745/745
usemtl Surface_2
f 747/747 746/746 748/748
usemtl Surface_2
f 752/752 750/750 749/749
usemtl Surface_2
f 751/751 750/750 752/752
usemtl Surface_2
f 756/756 754/754 753/753
usemtl Surface_2
f 755/755 754/754 756/756
usemtl Surface_2
f 760/760 758/758 757/757
usemtl Surface_2
f 759/759 758/758 760/760
usemtl Surface_2
f 764/764 762/762 761/761
usemtl Surface_2
f 763/763 762/762 764/764
usemtl Surface_2
f 768/768 766/766 765/765
usemtl Surface_2
f 767/767 766/766 768/768
usemtl Surface_2
f 772/772 770/770 769/769
usemtl Surface_2
f 771/771 770/770 772/772
usemtl Surface_2
f 776/776 774/774 773/773
usemtl Surface_2
f 775/775 774/774 776/776
usemtl Surface_2
f 780/780 778/778 777/777
usemtl Surface_2
f 779/779 778/778 780/780
usemtl Surface_2
f 784/784 782/782 781/781
usemtl Surface_2
f 783/783 782/782 784/784
usemtl Surface_2
f 788/788 786/786 785/785
usemtl Surface_2
f 787/787 786/786 788/788
usemtl Surface_2
f 792/792 790/790 789/789
usemtl Surface_2
f 791/791 790/790 792/792
usemtl Surface_2
f 796/796 794/794 793/793
usemtl Surface_2
f 795/795 794/794 796/796
usemtl Surface_2
f 800/800 798/798 797/797
usemtl Surface_2
f 799/799 798/798 800/800
usemtl Surface_2
f 804/804 802/802 801/801
usemtl Surface_2
f 803/803 802/802 804/804
usemtl Surface_2
f 808/808 806/806 805/805
usemtl Surface_2
f 807/807 806/806 808/808
usemtl Surface_2
f 812/812 810/810 809/809
usemtl Surface_2
f 811/811 810/810 812/812
usemtl Surface_2
f 816/816 814/814 813/813
usemtl Surface_2
f 815/815 814/814 816/816
usemtl Surface_2
f 820/820 818/818 817/817
usemtl Surface_2
f 819/819 818/818 820/820
usemtl Surface_2
f 824/824 822/822 821/821
usemtl Surface_2
f 823/823 822/822 824/824
usemtl Surface_2
f 828/828 826/826 825/825
usemtl Surface_2
f 827/827 826/826 828/828
usemtl Surface_2
f 832/832 830/830 829/829
usemtl Surface_2
f 831/831 830/830 832/832
usemtl Surface_2
f 836/836 834/834 833/833
usemtl Surface_2
f 835/835 834/834 836/836
usemtl Surface_2
f 840/840 838/838 837/837
usemtl Surface_2
f 839/839 838/838 840/840
usemtl Surface_2
f 844/844 842/842 841/841
usemtl Surface_2
f 843/843 842/842 844/844
usemtl Surface_2
f 848/848 846/846 845/845
usemtl Surface_2
f 847/847 846/846 848/848
usemtl Surface_2
f 852/852 850/850 849/849
usemtl Surface_2
f 851/851 850/850 852/852
usemtl Surface_2
f 856/856 854/854 853/853
usemtl Surface_2
f 855/855 854/854 856/856
usemtl Surface_2
f 860/860 858/858 857/857
usemtl Surface_2
f 859/859 858/858 860/860
usemtl Surface_2
f 864/864 862/862 861/861
usemtl Surface_2
f 863/863 862/862 864/864
usemtl Surface_2
f 868/868 866/866 865/865
usemtl Surface_2
f 867/867 866/866 868/868
usemtl Surface_2
f 872/872 870/870 869/869
usemtl Surface_2
f 871/871 870/870 872/872
usemtl Surface_2
f 876/876 874/874 873/873
usemtl Surface_2
f 875/875 874/874 876/876
usemtl Surface_2
f 880/880 878/878 877/877
usemtl Surface_2
f 879/879 878/878 880/880
usemtl Surface_2
f 884/884 882/882 881/881
usemtl Surface_2
f 883/883 882/882 884/884
usemtl Surface_2
f 888/888 886/886 885/885
usemtl Surface_2
f 887/887 886/886 888/888
usemtl Surface_2
f 892/892 890/890 889/889
usemtl Surface_2
f 891/891 890/890 892/892
usemtl Surface_2
f 896/896 894/894 893/893
usemtl Surface_2
f 895/895 894/894 896/896
usemtl Surface_2
f 900/900 898/898 897/897
usemtl Surface_2
f 899/899 898/898 900/900
usemtl Surface_2
f 904/904 902/902 901/901
usemtl Surface_2
f 903/903 902/902 904/904
usemtl Surface_2
f 908/908 906/906 905/905
usemtl Surface_2
f 907/907 906/906 908/908
usemtl Surface_2
f 912/912 910/910 909/909
usemtl Surface_2
f 911/911 910/910 912/912
usemtl Surface_2
f 916/916 914/914 913/913
usemtl Surface_2
f 915/915 914/914 916/916
usemtl Surface_2
f 920/920 918/918 917/917
usemtl Surface_2
f 919/919 918/918 920/920
usemtl Surface_2
f 924/924 922/922 921/921
usemtl Surface_2
f 923/923 922/922 924/924
usemtl Surface_2
f 928/928 926/926 925/925
usemtl Surface_2
f 927/927 926/926 928/928
usemtl Surface_2
f 932/932 930/930 929/929
usemtl Surface_2
f 931/931 930/930 932/932
usemtl Surface_2
f 936/936 934/934 933/933
usemtl Surface_2
f 935/935 934/934 936/936
usemtl Surface_2
f 940/940 938/938 937/937
usemtl Surface_2
f 939/939 938/938 940/940
usemtl Surface_2
f 944/944 942/942 941/941
usemtl Surface_2
f 943/943 942/942 944/944
usemtl Surface_2
f 948/948 946/946 945/945
usemtl Surface_2
f 947/947 946/946 948/948
usemtl Surface_2
f 952/952 950/950 949/949
usemtl Surface_2
f 951/951 950/950 952/952
usemtl Surface_2
f 956/956 954/954 953/953
usemtl Surface_2
f 955/955 954/954 956/956
usemtl Surface_2
f 960/960 958/958 957/957
usemtl Surface_2
f 959/959 958/958 960/960
usemtl Surface_2
f 964/964 962/962 961/961
usemtl Surface_2
f 963/963 962/962 964/964
usemtl Surface_2
f 968/968 966/966 965/965
usemtl Surface_2
f 967/967 966/966 968/968
usemtl Surface_2
f 972/972 970/970 969/969
usemtl Surface_2
f 971/971 970/970 972/972
usemtl Surface_2
f 976/976 974/974 973/973
usemtl Surface_2
f 975/975 974/974 976/976
usemtl Surface_2
f 980/980 978/978 977/977
usemtl Surface_2
f 979/979 978/978 980/980
usemtl Surface_2
f 984/984 982/982 981/981
usemtl Surface_2
f 983/983 982/982 984/984
usemtl Surface_2
f 988/988 986/986 985/985
usemtl Surface_2
f 987/987 986/986 988/988
usemtl Surface_2
f 992/992 990/990 989/989
usemtl Surface_2
f 991/991 990/990 992/992
usemtl Surface_2
f 996/996 994/994 993/993
usemtl Surface_2
f 995/995 994/994 996/996
usemtl Surface_2
f 1000/1000 998/998 997/997
usemtl Surface_2
f 999/999 998/998 1000/1000
usemtl Surface_2
f 1004/1004 1002/1002 1001/1001
usemtl Surface_2
f 1003/1003 1002/1002 1004/1004
usemtl Surface_2
f 1008/1008 1006/1006 1005/1005
usemtl Surface_2
f 1007/1007 1006/1006 1008/1008
usemtl Surface_2
f 1012/1012 1010/1010 1009/1009
usemtl Surface_2
f 1011/1011 1010/1010 1012/1012
usemtl Surface_2
f 1016/1016 1014/1014 1013/1013
usemtl Surface_2
f 1015/1015 1014/1014 1016/1016
usemtl Surface_2
f 1020/1020 1018/1018 1017/1017
usemtl Surface_2
f 1019/1019 1018/1018 1020/1020
usemtl Surface_2
f 1024/1024 1022/1022 1021/1021
usemtl Surface_2
f 1023/1023 1022/1022 1024/1024
usemtl Surface_2
f 1028/1028 1026/1026 1025/1025
usemtl Surface_2
f 1027/1027 1026/1026 1028/1028
usemtl Surface_2
f 1032/1032 1030/1030 1029/1029
usemtl Surface_2
f 1031/1031 1030/1030 1032/1032
usemtl Surface_2
f 1036/1036 1034/1034 1033/1033
usemtl Surface_2
f 1035/1035 1034/1034 1036/1036
usemtl Surface_2
f 1040/1040 1038/1038 1037/1037
usemtl Surface_2
f 1039/1039 1038/1038 1040/1040
usemtl Surface_2
f 1044/1044 1042/1042 1041/1041
usemtl Surface_2
f 1043/1043 1042/1042 1044/1044
usemtl Surface_2
f 1048/1048 1046/1046 1045/1045
usemtl Surface_2
f 1047/1047 1046/1046 1048/1048
usemtl Surface_2
f 1052/1052 1050/1050 1049/1049
usemtl Surface_2
f 1051/1051 1050/1050 1052/1052
usemtl Surface_2
f 1056/1056 1054/1054 1053/1053
usemtl Surface_2
f 1055/1055 1054/1054 1056/1056
usemtl Surface_2
f 1060/1060 1058/1058 1057/1057
usemtl Surface_2
f 1059/1059 1058/1058 1060/1060
usemtl Surface_2
f 1064/1064 1062/1062 1061/1061
usemtl Surface_2
f 1063/1063 1062/1062 1064/1064
usemtl Surface_2
f 1068/1068 1066/1066 1065/1065
usemtl Surface_2
f 1067/1067 1066/1066 1068/1068
usemtl Surface_2
f 1072/1072 1070/1070 1069/1069
usemtl Surface_2
f 1071/1071 1070/1070 1072/1072
usemtl Surface_2
f 1076/1076 1074/1074 1073/1073
usemtl Surface_2
f 1075/1075 1074/1074 1076/1076
usemtl Surface_2
f 1080/1080 1078/1078 1077/1077
usemtl Surface_2
f 1079/1079 1078/1078 1080/1080
usemtl Surface_2
f 1084/1084 1082/1082 1081/1081
usemtl Surface_2
f 1083/1083 1082/1082 1084/1084
usemtl Surface_2
f 1088/1088 1086/1086 1085/1085
usemtl Surface_2
f 1087/1087 1086/1086 1088/1088
usemtl Surface_2
f 1092/1092 1090/1090 1089/1089
usemtl Surface_2
f 1091/1091 1090/1090 1092/1092
usemtl Surface_2
f 1096/1096 1094/1094 1093/1093
usemtl Surface_2
f 1095/1095 1094/1094 1096/1096
usemtl Surface_2
f 1100/1100 1098/1098 1097/1097
usemtl Surface_2
f 1099/1099 1098/1098 1100/1100
usemtl Surface_2
f 1104/1104 1102/1102 1101/1101
usemtl Surface_2
f 1103/1103 1102/1102 1104/1104
usemtl Surface_2
f 1108/1108 1106/1106 1105/1105
usemtl Surface_2
f 1107/1107 1106/1106 1108/1108
usemtl Surface_2
f 1112/1112 1110/1110 1109/1109
usemtl Surface_2
f 1111/1111 1110/1110 1112/1112
usemtl Surface_2
f 1116/1116 1114/1114 1113/1113
usemtl Surface_2
f 1115/1115 1114/1114 1116/1116
usemtl Surface_2
f 1120/1120 1118/1118 1117/1117
usemtl Surface_2
f 1119/1119 1118/1118 1120/1120
usemtl Surface_2
f 1124/1124 1122/1122 1121/1121
usemtl Surface_2
f 1123/1123 1122/1122 1124/1124
usemtl Surface_2
f 1128/1128 1126/1126 1125/1125
usemtl Surface_2
f 1127/1127 1126/1126 1128/1128
usemtl Surface_2
f 1132/1132 1130/1130 1129/1129
usemtl Surface_2
f 1131/1131 1130/1130 1132/1132
usemtl Surface_2
f 1136/1136 1134/1134 1133/1133
usemtl Surface_2
f 1135/1135 1134/1134 1136/1136
usemtl Surface_2
f 1140/1140 1138/1138 1137/1137
usemtl Surface_2
f 1139/1139 1138/1138 1140/1140
usemtl Surface_2
f 1144/1144 1142/1142 1141/1141
usemtl Surface_2
f 1143/1143 1142/1142 1144/1144
usemtl Surface_2
f 1148/1148 1146/1146 1145/1145
usemtl Surface_2
f 1147/1147 1146/1146 1148/1148
usemtl Surface_2
f 1152/1152 1150/1150 1149/1149
usemtl Surface_2
f 1151/1151 1150/1150 1152/1152
usemtl Surface_2
f 1156/1156 1154/1154 1153/1153
usemtl Surface_2
f 1155/1155 1154/1154 1156/1156
usemtl Surface_2
f 1160/1160 1158/1158 1157/1157
usemtl Surface_2
f 1159/1159 1158/1158 1160/1160
usemtl Surface_2
f 1164/1164 1162/1162 1161/1161
usemtl Surface_2
f 1163/1163 1162/1162 1164/1164
usemtl Surface_2
f 1168/1168 1166/1166 1165/1165
usemtl Surface_2
f 1167/1167 1166/1166 1168/1168
usemtl Surface_2
f 1172/1172 1170/1170 1169/1169
usemtl Surface_2
f 1171/1171 1170/1170 1172/1172
usemtl Surface_2
f 1176/1176 1174/1174 1173/1173
usemtl Surface_2
f 1175/1175 1174/1174 1176/1176
usemtl Surface_2
f 1180/1180 1178/1178 1177/1177
usemtl Surface_2
f 1179/1179 1178/1178 1180/1180
usemtl Surface_2
f 1184/1184 1182/1182 1181/1181
usemtl Surface_2
f 1183/1183 1182/1182 1184/1184
usemtl Surface_2
f 1188/1188 1186/1186 1185/1185
usemtl Surface_2
f 1187/1187 1186/1186 1188/1188
usemtl Surface_2
f 1192/1192 1190/1190 1189/1189
usemtl Surface_2
f 1191/1191 1190/1190 1192/1192
usemtl Surface_2
f 1196/1196 1194/1194 1193/1193
usemtl Surface_2
f 1195/1195 1194/1194 1196/1196
usemtl Surface_2
f 1200/1200 1198/1198 1197/1197
usemtl Surface_2
f 1199/1199 1198/1198 1200/1200
usemtl Surface_2
f 1204/1204 1202/1202 1201/1201
usemtl Surface_2
f 1203/1203 1202/1202 1204/1204
usemtl Surface_2
f 1208/1208 1206/1206 1205/1205
usemtl Surface_2
f 1207/1207 1206/1206 1208/1208
usemtl Surface_2
f 1212/1212 1210/1210 1209/1209
usemtl Surface_2
f 1211/1211 1210/1210 1212/1212
usemtl Surface_2
f 1216/1216 1214/1214 1213/1213
usemtl Surface_2
f 1215/1215 1214/1214 1216/1216
usemtl Surface_2
f 1220/1220 1218/1218 1217/1217
usemtl Surface_2
f 1219/1219 1218/1218 1220/1220
usemtl Surface_2
f 1224/1224 1222/1222 1221/1221
usemtl Surface_2
f 1223/1223 1222/1222 1224/1224
usemtl Surface_2
f 1228/1228 1226/1226 1225/1225
usemtl Surface_2
f 1227/1227 1226/1226 1228/1228
usemtl Surface_2
f 1232/1232 1230/1230 1229/1229
usemtl Surface_2
f 1231/1231 1230/1230 1232/1232
usemtl Surface_2
f 1236/1236 1234/1234 1233/1233
usemtl Surface_2
f 1235/1235 1234/1234 1236/1236
usemtl Surface_2
f 1240/1240 1238/1238 1237/1237
usemtl Surface_2
f 1239/1239 1238/1238 1240/1240
usemtl Surface_2
f 1244/1244 1242/1242 1241/1241
usemtl Surface_2
f 1243/1243 1242/1242 1244/1244
usemtl Surface_2
f 1248/1248 1246/1246 1245/1245
usemtl Surface_2
f 1247/1247 1246/1246 1248/1248
usemtl Surface_2
f 1252/1252 1250/1250 1249/1249
usemtl Surface_2
f 1251/1251 1250/1250 1252/1252
usemtl Surface_2
f 1256/1256 1254/1254 1253/1253
usemtl Surface_2
f 1255/1255 1254/1254 1256/1256
usemtl Surface_2
f 1260/1260 1258/1258 1257/1257
usemtl Surface_2
f 1259/1259 1258/1258 1260/1260
usemtl Surface_2
f 1264/1264 1262/1262 1261/1261
usemtl Surface_2
f 1263/1263 1262/1262 1264/1264
usemtl Surface_2
f 1268/1268 1266/1266 1265/1265
usemtl Surface_2
f 1267/1267 1266/1266 1268/1268
usemtl Surface_2
f 1272/1272 1270/1270 1269/1269
usemtl Surface_2
f 1271/1271 1270/1270 1272/1272
usemtl Surface_2
f 1276/1276 1274/1274 1273/1273
usemtl Surface_2
f 1275/1275 1274/1274 1276/1276
usemtl Surface_2
f 1280/1280 1278/1278 1277/1277
usemtl Surface_2
f 1279/1279 1278/1278 1280/1280
usemtl Surface_2
f 1284/1284 1282/1282 1281/1281
usemtl Surface_2
f 1283/1283 1282/1282 1284/1284
usemtl Surface_2
f 1288/1288 1286/1286 1285/1285
usemtl Surface_2
f 1287/1287 1286/1286 1288/1288
usemtl Surface_2
f 1292/1292 1290/1290 1289/1289
usemtl Surface_2
f 1291/1291 1290/1290 1292/1292
usemtl Surface_2
f 1296/1296 1294/1294 1293/1293
usemtl Surface_2
f 1295/1295 1294/1294 1296/1296
usemtl Surface_2
f 1300/1300 1298/1298 1297/1297
usemtl Surface_2
f 1299/1299 1298/1298 1300/1300
usemtl Surface_2
f 1304/1304 1302/1302 1301/1301
usemtl Surface_2
f 1303/1303 1302/1302 1304/1304
usemtl Surface_4
f 1308/1308 1306/1306 1305/1305
usemtl Surface_4
f 1307/1307 1306/1306 1308/1308
usemtl Surface_4
f 1312/1312 1310/1310 1309/1309
usemtl Surface_4
f 1311/1311 1310/1310 1312/1312
usemtl Surface_4
f 1316/1316 1314/1314 1313/1313
usemtl Surface_4
f 1315/1315 1314/1314 1316/1316
usemtl Surface_4
f 1320/1320 1318/1318 1317/1317
usemtl Surface_4
f 1319/1319 1318/1318 1320/1320
usemtl Surface_4
f 1324/1324 1322/1322 1321/1321
usemtl Surface_4
f 1323/1323 1322/1322 1324/1324
usemtl Surface_4
f 1328/1328 1326/1326 1325/1325
usemtl Surface_4
f 1327/1327 1326/1326 1328/1328
usemtl Surface_4
f 1332/1332 1330/1330 1329/1329
usemtl Surface_4
f 1331/1331 1330/1330 1332/1332
usemtl Surface_4
f 1336/1336 1334/1334 1333/1333
usemtl Surface_4
f 1335/1335 1334/1334 1336/1336
usemtl Surface_4
f 1340/1340 1338/1338 1337/1337
usemtl Surface_4
f 1339/1339 1338/1338 1340/1340
usemtl Surface_4
f 1344/1344 1342/1342 1341/1341
usemtl Surface_4
f 1343/1343 1342/1342 1344/1344
usemtl Surface_4
f 1348/1348 1346/1346 1345/1345
usemtl Surface_4
f 1347/1347 1346/1346 1348/1348
usemtl Surface_4
f 1352/1352 1350/1350 1349/1349
usemtl Surface_4
f 1351/1351 1350/1350 1352/1352
usemtl Surface_4
f 1356/1356 1354/1354 1353/1353
usemtl Surface_4
f 1355/1355 1354/1354 1356/1356
usemtl Surface_4
f 1360/1360 1358/1358 1357/1357
usemtl Surface_4
f 1359/1359 1358/1358 1360/1360
usemtl Surface_4
f 1364/1364 1362/1362 1361/1361
usemtl Surface_4
f 1363/1363 1362/1362 1364/1364
usemtl Surface_4
f 1368/1368 1366/1366 1365/1365
usemtl Surface_4
f 1367/1367 1366/1366 1368/1368
usemtl Surface_4
f 1372/1372 1370/1370 1369/1369
usemtl Surface_4
f 1371/1371 1370/1370 1372/1372
usemtl Surface_4
f 1376/1376 1374/1374 1373/1373
usemtl Surface_4
f 1375/1375 1374/1374 1376/1376
usemtl Surface_4
f 1377/1377 1379/1379 1378/1378
usemtl Surface_4
f 1380/1380 1382/1382 1381/1381
usemtl Surface_4
f 1383/1383 1385/1385 1384/1384
usemtl Surface_4
f 1386/1386 1388/1388 1387/1387
usemtl Surface_4
f 1389/1389 1391/1391 1390/1390
usemtl Surface_4
f 1392/1392 1394/1394 1393/1393
usemtl Surface_4
f 1395/1395 1397/1397 1396/1396
usemtl Surface_4
f 1398/1398 1400/1400 1399/1399
usemtl Surface_1
f 1404/1404 1402/1402 1401/1401
usemtl Surface_1
f 1403/1403 1402/1402 1404/1404
usemtl Surface_1
f 1408/1408 1406/1406 1405/1405
usemtl Surface_1
f 1407/1407 1406/1406 1408/1408
usemtl Surface_1
f 1412/1412 1410/1410 1409/1409
usemtl Surface_1
f 1411/1411 1410/1410 1412/1412
usemtl Surface_1
f 1416/1416 1414/1414 1413/1413
usemtl Surface_1
f 1415/1415 1414/1414 1416/1416
usemtl Surface_1
f 1420/1420 1418/1418 1417/1417
usemtl Surface_1
f 1419/1419 1418/1418 1420/1420
usemtl Surface_1
f 1424/1424 1422/1422 1421/1421
usemtl Surface_1
f 1423/1423 1422/1422 1424/1424
usemtl Surface_1
f 1428/1428 1426/1426 1425/1425
usemtl Surface_1
f 1427/1427 1426/1426 1428/1428
usemtl Surface_1
f 1432/1432 1430/1430 1429/1429
usemtl Surface_1
f 1431/1431 1430/1430 1432/1432
usemtl Surface_1
f 1436/1436 1434/1434 1433/1433
usemtl Surface_1
f 1435/1435 1434/1434 1436/1436
usemtl Surface_1
f 1440/1440 1438/1438 1437/1437
usemtl Surface_1
f 1439/1439 1438/1438 1440/1440
usemtl Surface_1
f 1444/1444 1442/1442 1441/1441
usemtl Surface_1
f 1443/1443 1442/1442 1444/1444
usemtl Surface_1
f 1448/1448 1446/1446 1445/1445
usemtl Surface_1
f 1447/1447 1446/1446 1448/1448
usemtl Surface_1
f 1452/1452 1450/1450 1449/1449
usemtl Surface_1
f 1451/1451 1450/1450 1452/1452
usemtl Surface_1
f 1456/1456 1454/1454 1453/1453
usemtl Surface_1
f 1455/1455 1454/1454 1456/1456
usemtl Surface_1
f 1460/1460 1458/1458 1457/1457
usemtl Surface_1
f 1459/1459 1458/1458 1460/1460
usemtl Surface_1
f 1464/1464 1462/1462 1461/1461
usemtl Surface_1
f 1463/1463 1462/1462 1464/1464
usemtl Surface_1
f 1468/1468 1466/1466 1465/1465
usemtl Surface_1
f 1467/1467 1466/1466 1468/1468
usemtl Surface_1
f 1472/1472 1470/1470 1469/1469
usemtl Surface_1
f 1471/1471 1470/1470 1472/1472
usemtl Surface_1
f 1473/1473 1475/1475 1474/1474
usemtl Surface_1
f 1476/1476 1478/1478 1477/1477
usemtl Surface_1
f 1479/1479 1481/1481 1480/1480
usemtl Surface_1
f 1482/1482 1484/1484 1483/1483
usemtl Surface_1
f 1485/1485 1487/1487 1486/1486
usemtl Surface_1
f 1488/1488 1490/1490 1489/1489
usemtl Surface_1
f 1491/1491 1493/1493 1492/1492
usemtl Surface_1
f 1494/1494 1496/1496 1495/1495
usemtl Surface_0
f 1502/1502 1498/1498 1497/1497
usemtl Surface_0
f 1501/1501 1498/1498 1502/1502
usemtl Surface_0
f 1500/1500 1498/1498 1501/1501
usemtl Surface_0
f 1499/1499 1498/1498 1500/1500
usemtl Surface_0
f 1508/1508 1504/1504 1503/1503
usemtl Surface_0
f 1507/1507 1504/1504 1508/1508
usemtl Surface_0
f 1506/1506 1504/1504 1507/1507
usemtl Surface_0
f 1505/1505 1504/1504 1506/1506
usemtl Surface_0
f 1512/1512 1510/1510 1509/1509
usemtl Surface_0
f 1511/1511 1510/1510 1512/1512
usemtl Surface_4
f 1516/1516 1514/1514 1513/1513
usemtl Surface_4
f 1515/1515 1514/1514 1516/1516
usemtl Surface_0
f 1520/1520 1518/1518 1517/1517
usemtl Surface_0
f 1519/1519 1518/1518 1520/1520
usemtl Surface_4
f 1524/1524 1522/1522 1521/1521
usemtl Surface_4
f 1523/1523 1522/1522 1524/1524
usemtl Surface_0
f 1528/1528 1526/1526 1525/1525
usemtl Surface_0
f 1527/1527 1526/1526 1528/1528
usemtl Surface_4
f 1532/1532 1530/1530 1529/1529
usemtl Surface_4
f 1531/1531 1530/1530 1532/1532
usemtl Surface_0
f 1536/1536 1534/1534 1533/1533
usemtl Surface_0
f 1535/1535 1534/1534 1536/1536
usemtl Surface_4
f 1540/1540 1538/1538 1537/1537
usemtl Surface_4
f 1539/1539 1538/1538 1540/1540
usemtl Surface_0
f 1544/1544 1542/1542 1541/1541
usemtl Surface_0
f 1543/1543 1542/1542 1544/1544
usemtl Surface_4
f 1548/1548 1546/1546 1545/1545
usemtl Surface_4
f 1547/1547 1546/1546 1548/1548
usemtl Surface_0
f 1552/1552 1550/1550 1549/1549
usemtl Surface_0
f 1551/1551 1550/1550 1552/1552
usemtl Surface_4
f 1556/1556 1554/1554 1553/1553
usemtl Surface_4
f 1555/1555 1554/1554 1556/1556
usemtl Surface_2
f 1560/1560 1558/1558 1557/1557
usemtl Surface_2
f 1559/1559 1558/1558 1560/1560
usemtl Surface_2
f 1564/1564 1562/1562 1561/1561
usemtl Surface_2
f 1563/1563 1562/1562 1564/1564
usemtl Surface_2
f 1568/1568 1566/1566 1565/1565
usemtl Surface_2
f 1567/1567 1566/1566 1568/1568
usemtl Surface_2
f 1572/1572 1570/1570 1569/1569
usemtl Surface_2
f 1571/1571 1570/1570 1572/1572
usemtl Surface_2
f 1576/1576 1574/1574 1573/1573
usemtl Surface_2
f 1575/1575 1574/1574 1576/1576
usemtl Surface_2
f 1580/1580 1578/1578 1577/1577
usemtl Surface_2
f 1579/1579 1578/1578 1580/1580
usemtl Surface_2
f 1584/1584 1582/1582 1581/1581
usemtl Surface_2
f 1583/1583 1582/1582 1584/1584
usemtl Surface_2
f 1588/1588 1586/1586 1585/1585
usemtl Surface_2
f 1587/1587 1586/1586 1588/1588
usemtl Surface_2
f 1592/1592 1590/1590 1589/1589
usemtl Surface_2
f 1591/1591 1590/1590 1592/1592
usemtl Surface_2
f 1596/1596 1594/1594 1593/1593
usemtl Surface_2
f 1595/1595 1594/1594 1596/1596
usemtl Surface_2
f 1600/1600 1598/1598 1597/1597
usemtl Surface_2
f 1599/1599 1598/1598 1600/1600
usemtl Surface_2
f 1604/1604 1602/1602 1601/1601
usemtl Surface_2
f 1603/1603 1602/1602 1604/1604
usemtl Surface_2
f 1608/1608 1606/1606 1605/1605
usemtl Surface_2
f 1607/1607 1606/1606 1608/1608
usemtl Surface_2
f 1612/1612 1610/1610 1609/1609
usemtl Surface_2
f 1611/1611 1610/1610 1612/1612
usemtl Surface_2
f 1616/1616 1614/1614 1613/1613
usemtl Surface_2
f 1615/1615 1614/1614 1616/1616
usemtl Surface_2
f 1620/1620 1618/1618 1617/1617
usemtl Surface_2
f 1619/1619 1618/1618 1620/1620
usemtl Surface_2
f 1624/1624 1622/1622 1621/1621
usemtl Surface_2
f 1623/1623 1622/1622 1624/1624
usemtl Surface_2
f 1628/1628 1626/1626 1625/1625
usemtl Surface_2
f 1627/1627 1626/1626 1628/1628
usemtl Surface_2
f 1629/1629 1631/1631 1630/1630
usemtl Surface_2
f 1632/1632 1634/1634 1633/1633
usemtl Surface_2
f 1635/1635 1637/1637 1636/1636
usemtl Surface_2
f 1638/1638 1640/1640 1639/1639
usemtl Surface_2
f 1641/1641 1643/1643 1642/1642
usemtl Surface_2
f 1644/1644 1646/1646 1645/1645
usemtl Surface_2
f 1647/1647 1649/1649 1648/1648
usemtl Surface_2
f 1650/1650 1652/1652 1651/1651
usemtl Surface_0
f 1656/1656 1654/1654 1653/1653
usemtl Surface_0
f 1655/1655 1654/1654 1656/1656
usemtl Surface_0
f 1660/1660 1658/1658 1657/1657
usemtl Surface_0
f 1659/1659 1658/1658 1660/1660
usemtl Surface_0
f 1664/1664 1662/1662 1661/1661
usemtl Surface_0
f 1663/1663 1662/1662 1664/1664
usemtl Surface_0
f 1668/1668 1666/1666 1665/1665
usemtl Surface_0
f 1667/1667 1666/1666 1668/1668
usemtl Surface_0
f 1672/1672 1670/1670 1669/1669
usemtl Surface_0
f 1671/1671 1670/1670 1672/1672
usemtl Surface_0
f 1676/1676 1674/1674 1673/1673
usemtl Surface_0
f 1675/1675 1674/1674 1676/1676
usemtl Surface_0
f 1680/1680 1678/1678 1677/1677
usemtl Surface_0
f 1679/1679 1678/1678 1680/1680
usemtl Surface_0
f 1684/1684 1682/1682 1681/1681
usemtl Surface_0
f 1683/1683 1682/1682 1684/1684
usemtl Surface_0
f 1688/1688 1686/1686 1685/1685
usemtl Surface_0
f 1687/1687 1686/1686 1688/1688
usemtl Surface_0
f 1692/1692 1690/1690 1689/1689
usemtl Surface_0
f 1691/1691 1690/1690 1692/1692
usemtl Surface_0
f 1696/1696 1694/1694 1693/1693
usemtl Surface_0
f 1695/1695 1694/1694 1696/1696
usemtl Surface_0
f 1700/1700 1698/1698 1697/1697
usemtl Surface_0
f 1699/1699 1698/1698 1700/1700
usemtl Surface_0
f 1704/1704 1702/1702 1701/1701
usemtl Surface_0
f 1703/1703 1702/1702 1704/1704
usemtl Surface_0
f 1708/1708 1706/1706 1705/1705
usemtl Surface_0
f 1707/1707 1706/1706 1708/1708
usemtl Surface_0
f 1712/1712 1710/1710 1709/1709
usemtl Surface_0
f 1711/1711 1710/1710 1712/1712
usemtl Surface_0
f 1716/1716 1714/1714 1713/1713
usemtl Surface_0
f 1715/1715 1714/1714 1716/1716
usemtl Surface_0
f 1720/1720 1718/1718 1717/1717
usemtl Surface_0
f 1719/1719 1718/1718 1720/1720
usemtl Surface_0
f 1724/1724 1722/1722 1721/1721
usemtl Surface_0
f 1723/1723 1722/1722 1724/1724
usemtl Surface_0
f 1725/1725 1727/1727 1726/1726
usemtl Surface_0
f 1728/1728 1730/1730 1729/1729
usemtl Surface_0
f 1731/1731 1733/1733 1732/1732
usemtl Surface_0
f 1734/1734 1736/1736 1735/1735
usemtl Surface_0
f 1737/1737 1739/1739 1738/1738
usemtl Surface_0
f 1740/1740 1742/1742 1741/1741
usemtl Surface_0
f 1743/1743 1745/1745 1744/1744
usemtl Surface_0
f 1746/1746 1748/1748 1747/1747
usemtl Surface_2
f 1752/1752 1750/1750 1749/1749
usemtl Surface_2
f 1751/1751 1750/1750 1752/1752
usemtl Surface_2
f 1756/1756 1754/1754 1753/1753
usemtl Surface_2
f 1755/1755 1754/1754 1756/1756
usemtl Surface_2
f 1760/1760 1758/1758 1757/1757
usemtl Surface_2
f 1759/1759 1758/1758 1760/1760
usemtl Surface_2
f 1764/1764 1762/1762 1761/1761
usemtl Surface_2
f 1763/1763 1762/1762 1764/1764
usemtl Surface_2
f 1768/1768 1766/1766 1765/1765
usemtl Surface_2
f 1767/1767 1766/1766 1768/1768
usemtl Surface_2
f 1772/1772 1770/1770 1769/1769
usemtl Surface_2
f 1771/1771 1770/1770 1772/1772
usemtl Surface_2
f 1776/1776 1774/1774 1773/1773
usemtl Surface_2
f 1775/1775 1774/1774 1776/1776
usemtl Surface_2
f 1780/1780 1778/1778 1777/1777
usemtl Surface_2
f 1779/1779 1778/1778 1780/1780
usemtl Surface_2
f 1784/1784 1782/1782 1781/1781
usemtl Surface_2
f 1783/1783 1782/1782 1784/1784
usemtl Surface_2
f 1788/1788 1786/1786 1785/1785
usemtl Surface_2
f 1787/1787 1786/1786 1788/1788
usemtl Surface_2
f 1792/1792 1790/1790 1789/1789
usemtl Surface_2
f 1791/1791 1790/1790 1792/1792
usemtl Surface_2
f 1796/1796 1794/1794 1793/1793
usemtl Surface_2
f 1795/1795 1794/1794 1796/1796
usemtl Surface_2
f 1800/1800 1798/1798 1797/1797
usemtl Surface_2
f 1799/1799 1798/1798 1800/1800
usemtl Surface_2
f 1804/1804 1802/1802 1801/1801
usemtl Surface_2
f 1803/1803 1802/1802 1804/1804
usemtl Surface_2
f 1808/1808 1806/1806 1805/1805
usemtl Surface_2
f 1807/1807 1806/1806 1808/1808
usemtl Surface_2
f 1812/1812 1810/1810 1809/1809
usemtl Surface_2
f 1811/1811 1810/1810 1812/1812
usemtl Surface_2
f 1816/1816 1814/1814 1813/1813
usemtl Surface_2
f 1815/1815 1814/1814 1816/1816
usemtl Surface_2
f 1820/1820 1818/1818 1817/1817
usemtl Surface_2
f 1819/1819 1818/1818 1820/1820
usemtl Surface_2
f 1821/1821 1823/1823 1822/1822
usemtl Surface_2
f 1824/1824 1826/1826 1825/1825
usemtl Surface_2
f 1827/1827 1829/1829 1828/1828
usemtl Surface_2
f 1830/1830 1832/1832 1831/1831
usemtl Surface_2
f 1833/1833 1835/1835 1834/1834
usemtl Surface_2
f 1836/1836 1838/1838 1837/1837
usemtl Surface_2
f 1839/1839 1841/1841 1840/1840
usemtl Surface_2
f 1842/1842 1844/1844 1843/1843
usemtl Surface_0
f 1848/1848 1846/1846 1845/1845
usemtl Surface_0
f 1847/1847 1846/1846 1848/1848
usemtl Surface_0
f 1852/1852 1850/1850 1849/1849
usemtl Surface_0
f 1851/1851 1850/1850 1852/1852
usemtl Surface_0
f 1856/1856 1854/1854 1853/1853
usemtl Surface_0
f 1855/1855 1854/1854 1856/1856
usemtl Surface_0
f 1860/1860 1858/1858 1857/1857
usemtl Surface_0
f 1859/1859 1858/1858 1860/1860
usemtl Surface_0
f 1864/1864 1862/1862 1861/1861
usemtl Surface_0
f 1863/1863 1862/1862 1864/1864
usemtl Surface_0
f 1868/1868 1866/1866 1865/1865
usemtl Surface_0
f 1867/1867 1866/1866 1868/1868
usemtl Surface_0
f 1872/1872 1870/1870 1869/1869
usemtl Surface_0
f 1871/1871 1870/1870 1872/1872
usemtl Surface_0
f 1876/1876 1874/1874 1873/1873
usemtl Surface_0
f 1875/1875 1874/1874 1876/1876
usemtl Surface_0
f 1880/1880 1878/1878 1877/1877
usemtl Surface_0
f 1879/1879 1878/1878 1880/1880
usemtl Surface_0
f 1884/1884 1882/1882 1881/1881
usemtl Surface_0
f 1883/1883 1882/1882 1884/1884
usemtl Surface_0
f 1888/1888 1886/1886 1885/1885
usemtl Surface_0
f 1887/1887 1886/1886 1888/1888
usemtl Surface_0
f 1892/1892 1890/1890 1889/1889
usemtl Surface_0
f 1891/1891 1890/1890 1892/1892
usemtl Surface_0
f 1896/1896 1894/1894 1893/1893
usemtl Surface_0
f 1895/1895 1894/1894 1896/1896
usemtl Surface_0
f 1900/1900 1898/1898 1897/1897
usemtl Surface_0
f 1899/1899 1898/1898 1900/1900
usemtl Surface_0
f 1904/1904 1902/1902 1901/1901
usemtl Surface_0
f 1903/1903 1902/1902 1904/1904
usemtl Surface_0
f 1908/1908 1906/1906 1905/1905
usemtl Surface_0
f 1907/1907 1906/1906 1908/1908
usemtl Surface_0
f 1912/1912 1910/1910 1909/1909
usemtl Surface_0
f 1911/1911 1910/1910 1912/1912
usemtl Surface_0
f 1916/1916 1914/1914 1913/1913
usemtl Surface_0
f 1915/1915 1914/1914 1916/1916
usemtl Surface_0
f 1917/1917 1919/1919 1918/1918
usemtl Surface_0
f 1920/1920 1922/1922 1921/1921
usemtl Surface_0
f 1923/1923 1925/1925 1924/1924
usemtl Surface_0
f 1926/1926 1928/1928 1927/1927
usemtl Surface_0
f 1929/1929 1931/1931 1930/1930
usemtl Surface_0
f 1932/1932 1934/1934 1933/1933
usemtl Surface_0
f 1935/1935 1937/1937 1936/1936
usemtl Surface_0
f 1938/1938 1940/1940 1939/1939
