# Null Route authored hard-surface mesh. Centimeters, Z up.
v 5.54521 3.67781 6.32867
v 5.54521 4.20431 5.95866
v 6.54521 4.83254 6.84903
v 6.54521 4.22736 7.27433
v 5.54520 2.84678 4.96141
v 6.54520 3.39633 5.90707
v 6.54520 3.88176 5.56216
v 5.54520 3.25353 4.67179
v 5.54521 4.20431 5.95866
v 5.54520 4.69665 5.54022
v 6.54521 5.39845 6.36807
v 6.54521 4.83254 6.84903
v 5.54520 3.25353 4.67179
v 6.54520 3.88176 5.56216
v 6.54520 4.33565 5.17206
v 5.54520 3.63385 4.34421
v 5.54520 4.69665 5.54022
v 5.54520 5.15082 5.07677
v 6.54520 5.92049 5.83537
v 6.54521 5.39845 6.36807
v 5.54520 3.63385 4.34421
v 6.54520 4.33565 5.17206
v 6.54520 4.75430 4.73992
v 5.54520 3.98464 3.98132
v 5.54520 5.15082 5.07677
v 5.54520 5.56314 4.57207
v 6.54520 6.39442 5.25525
v 6.54520 5.92049 5.83537
v 5.54520 3.98464 3.98132
v 6.54520 4.75430 4.73992
v 6.54520 5.13432 4.26927
v 5.54520 4.30304 3.58609
v 5.54520 5.56314 4.57207
v 5.54520 5.93025 4.03021
v 6.54520 6.81638 4.63242
v 6.54520 6.39442 5.25525
v 5.54520 4.30304 3.58609
v 6.54520 5.13432 4.26927
v 6.54520 5.47262 3.76393
v 5.54520 4.58649 3.16171
v 5.54520 5.93025 4.03021
v 5.54520 6.24918 3.45560
v 6.54520 7.18296 3.97195
v 6.54520 6.81638 4.63242
v 5.54520 4.58649 3.16171
v 6.54520 5.47262 3.76393
v 6.54520 5.76644 3.22799
v 5.54520 4.83266 2.71164
v 5.54520 6.24918 3.45560
v 5.54520 6.51732 2.85291
v 6.54520 7.49117 3.27920
v 6.54520 7.18296 3.97195
v 5.54520 4.83266 2.71164
v 6.54520 5.76644 3.22799
v 6.54520 6.01341 2.66583
v 5.54520 5.03956 2.23954
v 5.54520 6.51732 2.85291
v 5.54520 6.73250 2.22703
v 6.54520 7.73850 2.55981
v 6.54520 7.49117 3.27920
v 5.54520 5.03956 2.23954
v 6.54520 6.01341 2.66583
v 6.54520 6.21151 2.08201
v 5.54520 5.20551 1.74923
v 5.54520 6.73250 2.22703
v 5.54520 6.89297 1.58306
v 6.54520 7.92295 1.81961
v 6.54520 7.73850 2.55981
v 5.54520 5.20551 1.74923
v 6.54520 6.21151 2.08201
v 6.54520 6.35914 1.48126
v 5.54520 5.32915 1.24471
v 5.54520 6.89297 1.58306
v 5.54520 6.99743 0.92623
v 6.54520 8.04302 1.06463
v 6.54520 7.92295 1.81961
v 5.54520 5.32915 1.24471
v 6.54520 6.35914 1.48126
v 6.54520 6.45509 0.86848
v 5.54520 5.40950 0.73008
v 5.54520 6.99743 0.92623
v 5.54520 7.04503 0.26187
v 6.54520 8.09773 0.30100
v 6.54520 8.04302 1.06463
v 5.54520 5.40950 0.73008
v 6.54520 6.45509 0.86848
v 6.54520 6.49859 0.24865
v 5.54520 5.44588 0.20952
v 5.54520 7.04503 0.26187
v 5.54520 7.03538 -0.40462
v 6.54520 8.08664 -0.46508
v 6.54520 8.09773 0.30100
v 5.54520 5.44588 0.20952
v 6.54520 6.49859 0.24865
v 6.54520 6.48928 -0.37321
v 5.54520 5.43801 -0.31275
v 5.54520 7.03538 -0.40462
v 5.54520 6.96855 -1.06782
v 6.54520 8.00983 -1.22738
v 6.54520 8.08664 -0.46508
v 5.54520 5.43801 -0.31275
v 6.54520 6.48928 -0.37321
v 6.54520 6.42723 -0.99204
v 5.54520 5.38596 -0.83248
v 5.54520 6.96855 -1.06782
v 5.54520 6.84511 -1.72234
v 6.54520 7.86794 -1.97970
v 6.54520 8.00983 -1.22738
v 5.54520 5.38596 -0.83248
v 6.54520 6.42723 -0.99204
v 6.54520 6.31296 -1.60280
v 5.54520 5.29013 -1.34544
v 5.54520 6.84511 -1.72234
v 5.54520 6.66603 -2.36287
v 6.54520 7.66211 -2.71594
v 6.54520 7.86794 -1.97970
v 5.54520 5.29013 -1.34544
v 6.54520 6.31296 -1.60280
v 6.54520 6.14739 -2.20054
v 5.54520 5.15132 -1.84747
v 5.54520 6.66603 -2.36287
v 5.54520 6.43279 -2.98420
v 6.54520 7.39401 -3.43011
v 6.54520 7.66211 -2.71594
v 5.54520 5.15132 -1.84747
v 6.54520 6.14739 -2.20054
v 6.54520 5.93187 -2.78040
v 5.54520 4.97064 -2.33449
v 5.54520 6.43279 -2.98420
v 5.54520 6.14728 -3.58127
v 6.54520 7.06584 -4.11641
v 6.54520 7.39401 -3.43011
v 5.54520 4.97064 -2.33449
v 6.54520 5.93187 -2.78040
v 6.54520 5.66814 -3.33766
v 5.54520 4.74958 -2.80253
v 5.54520 6.14728 -3.58127
v 5.54520 5.81181 -4.14925
v 6.54520 6.68024 -4.76925
v 6.54520 7.06584 -4.11641
v 5.54520 4.74958 -2.80253
v 6.54520 5.66814 -3.33766
v 6.54520 5.35835 -3.86781
v 5.54520 4.48992 -3.24780
v 5.54520 5.81181 -4.14925
v 5.54520 5.42911 -4.68351
v 6.54520 6.24036 -5.38334
v 6.54520 6.68024 -4.76925
v 5.54520 4.48992 -3.24780
v 6.54520 5.35835 -3.86781
v 6.54520 5.00502 -4.36652
v 5.54520 4.19377 -3.66668
v 5.54520 5.42911 -4.68351
v 5.54520 5.00230 -5.17971
v 6.54520 5.74977 -5.95369
v 6.54520 6.24036 -5.38334
v 5.54520 4.19377 -3.66668
v 6.54520 5.00502 -4.36652
v 6.54520 4.61102 -4.82975
v 5.54520 3.86355 -4.05577
v 5.54520 5.00230 -5.17971
v 5.54520 4.53484 -5.63382
v 6.54520 5.21246 -6.47565
v 6.54520 5.74977 -5.95369
v 5.54520 3.86355 -4.05577
v 6.54520 4.61102 -4.82975
v 6.54520 4.17955 -5.25373
v 5.54520 3.50193 -4.41189
v 5.54520 4.53484 -5.63382
v 5.54520 4.03053 -6.04214
v 6.54520 4.63279 -6.94499
v 6.54520 5.21246 -6.47565
v 5.54520 3.50193 -4.41189
v 6.54520 4.17955 -5.25373
v 6.54520 3.71411 -5.63502
v 5.54520 3.11185 -4.73217
v 5.54520 4.03053 -6.04214
v 5.54520 3.49346 -6.40137
v 6.54520 4.01548 -7.35790
v 6.54520 4.63279 -6.94499
v 5.54520 3.11185 -4.73217
v 6.54520 3.71411 -5.63502
v 6.54520 3.21850 -5.97052
v 5.54520 2.69649 -5.01399
v 5.54520 3.49346 -6.40137
v 5.54520 2.92801 -6.70858
v 6.54520 3.36553 -7.71102
v 6.54520 4.01548 -7.35790
v 5.54520 2.69649 -5.01399
v 6.54520 3.21850 -5.97052
v 6.54520 2.69673 -6.25750
v 5.54520 2.25921 -5.25507
v 6.54521 4.22736 7.27433
v 6.54521 4.83254 6.84903
v 11.44355 4.82028 6.63592
v 11.44355 4.21444 7.04955
v 6.54520 3.39633 5.90707
v 11.44355 3.38341 5.68229
v 11.44355 3.86951 5.34906
v 6.54520 3.88176 5.56216
v 6.54521 4.83254 6.84903
v 6.54521 5.39845 6.36807
v 11.44355 5.38696 6.16838
v 11.44355 4.82028 6.63592
v 6.54520 3.88176 5.56216
v 11.44355 3.86951 5.34906
v 11.44355 4.32416 4.97236
v 6.54520 4.33565 5.17206
v 6.54521 5.39845 6.36807
v 6.54520 5.92049 5.83537
v 11.44355 5.90987 5.65070
v 11.44355 5.38696 6.16838
v 6.54520 4.33565 5.17206
v 11.44355 4.32416 4.97236
v 11.44355 4.74368 4.55525
v 6.54520 4.75430 4.73992
v 6.54520 5.92049 5.83537
v 6.54520 6.39442 5.25525
v 11.44355 6.38475 5.08711
v 11.44355 5.90987 5.65070
v 6.54520 4.75430 4.73992
v 11.44355 4.74368 4.55525
v 11.44355 5.12465 4.10113
v 6.54520 5.13432 4.26927
v 6.54520 6.39442 5.25525
v 6.54520 6.81638 4.63242
v 11.44355 6.80774 4.48218
v 11.44355 6.38475 5.08711
v 6.54520 5.13432 4.26927
v 11.44355 5.12465 4.10113
v 11.44355 5.46398 3.61369
v 6.54520 5.47262 3.76393
v 6.54520 6.81638 4.63242
v 6.54520 7.18296 3.97195
v 11.44355 7.17542 3.84083
v 11.44355 6.80774 4.48218
v 6.54520 5.47262 3.76393
v 11.44355 5.46398 3.61369
v 11.44355 5.75890 3.09687
v 6.54520 5.76644 3.22799
v 6.54520 7.18296 3.97195
v 6.54520 7.49117 3.27920
v 11.44355 7.48479 3.16827
v 11.44355 7.17542 3.84083
v 6.54520 5.76644 3.22799
v 11.44355 5.75890 3.09687
v 11.44355 6.00703 2.55490
v 6.54520 6.01341 2.66583
v 6.54520 7.49117 3.27920
v 6.54520 7.73850 2.55981
v 11.44355 7.73334 2.46996
v 11.44355 7.48479 3.16827
v 6.54520 6.01341 2.66583
v 11.44355 6.00703 2.55490
v 11.44355 6.20634 1.99216
v 6.54520 6.21151 2.08201
v 6.54520 7.73850 2.55981
v 6.54520 7.92295 1.81961
v 11.44355 7.91904 1.75158
v 11.44355 7.73334 2.46996
v 6.54520 6.21151 2.08201
v 11.44355 6.20634 1.99216
v 11.44355 6.35523 1.41323
v 6.54520 6.35914 1.48126
v 6.54520 7.92295 1.81961
v 6.54520 8.04302 1.06463
v 11.44355 8.04040 1.01897
v 11.44355 7.91904 1.75158
v 6.54520 6.35914 1.48126
v 11.44355 6.35523 1.41323
v 11.44354 6.45246 0.82282
v 6.54520 6.45509 0.86848
v 6.54520 8.04302 1.06463
v 6.54520 8.09773 0.30100
v 11.44354 8.09641 0.27807
v 11.44355 8.04040 1.01897
v 6.54520 6.45509 0.86848
v 11.44354 6.45246 0.82282
v 11.44354 6.49727 0.22572
v 6.54520 6.49859 0.24865
v 6.54520 8.09773 0.30100
v 6.54520 8.08664 -0.46508
v 11.44354 8.08664 -0.46508
v 11.44354 8.09641 0.27807
v 6.54520 6.49859 0.24865
v 11.44354 6.49727 0.22572
v 11.44354 6.48928 -0.37321
v 6.54520 6.48928 -0.37321
v 6.54520 8.08664 -0.46508
v 6.54520 8.00983 -1.22738
v 11.44354 8.01115 -1.20446
v 11.44354 8.08664 -0.46508
v 6.54520 6.48928 -0.37321
v 11.44354 6.48928 -0.37321
v 11.44354 6.42855 -0.96912
v 6.54520 6.42723 -0.99204
v 6.54520 8.00983 -1.22738
v 6.54520 7.86794 -1.97970
v 11.44354 7.87056 -1.93404
v 11.44354 8.01115 -1.20446
v 6.54520 6.42723 -0.99204
v 11.44354 6.42855 -0.96912
v 11.44354 6.31559 -1.55714
v 6.54520 6.31296 -1.60280
v 6.54520 7.86794 -1.97970
v 6.54520 7.66211 -2.71594
v 11.44354 7.66602 -2.64791
v 11.44354 7.87056 -1.93404
v 6.54520 6.31296 -1.60280
v 11.44354 6.31559 -1.55714
v 11.44354 6.15130 -2.13251
v 6.54520 6.14739 -2.20054
v 6.54520 7.66211 -2.71594
v 6.54520 7.39401 -3.43011
v 11.44354 7.39918 -3.34027
v 11.44354 7.66602 -2.64791
v 6.54520 6.14739 -2.20054
v 11.44354 6.15130 -2.13251
v 11.44354 5.93703 -2.69055
v 6.54520 5.93187 -2.78040
v 6.54520 7.39401 -3.43011
v 6.54520 7.06584 -4.11641
v 11.44354 7.07222 -4.00548
v 11.44354 7.39918 -3.34027
v 6.54520 5.93187 -2.78040
v 11.44354 5.93703 -2.69055
v 11.44354 5.67452 -3.22673
v 6.54520 5.66814 -3.33766
v 6.54520 7.06584 -4.11641
v 6.54520 6.68024 -4.76925
v 11.44354 6.68778 -4.63814
v 11.44354 7.07222 -4.00548
v 6.54520 5.66814 -3.33766
v 11.44354 5.67452 -3.22673
v 11.44354 5.36589 -3.73669
v 6.54520 5.35835 -3.86781
v 6.54520 6.68024 -4.76925
v 6.54520 6.24036 -5.38334
v 11.44354 6.24900 -5.23311
v 11.44354 6.68778 -4.63814
v 6.54520 5.35835 -3.86781
v 11.44354 5.36589 -3.73669
v 11.44354 5.01366 -4.21628
v 6.54520 5.00502 -4.36652
v 6.54520 6.24036 -5.38334
v 6.54520 5.74977 -5.95369
v 11.44354 5.75944 -5.78555
v 11.44354 6.24900 -5.23311
v 6.54520 5.00502 -4.36652
v 11.44354 5.01366 -4.21628
v 11.44354 4.62069 -4.66162
v 6.54520 4.61102 -4.82975
v 6.54520 5.74977 -5.95369
v 6.54520 5.21246 -6.47565
v 11.44354 5.22308 -6.29099
v 11.44354 5.75944 -5.78555
v 6.54520 4.61102 -4.82975
v 11.44354 4.62069 -4.66162
v 11.44354 4.19017 -5.06907
v 6.54520 4.17955 -5.25373
v 6.54520 5.21246 -6.47565
v 6.54520 4.63279 -6.94499
v 11.44354 4.64428 -6.74530
v 11.44354 5.22308 -6.29099
v 6.54520 4.17955 -5.25373
v 11.44354 4.19017 -5.06907
v 11.44354 3.72560 -5.43533
v 6.54520 3.71411 -5.63502
v 6.54520 4.63279 -6.94499
v 6.54520 4.01548 -7.35790
v 11.44354 4.02773 -7.14480
v 11.44354 4.64428 -6.74530
v 6.54520 3.71411 -5.63502
v 11.44354 3.72560 -5.43533
v 11.44354 3.23075 -5.75742
v 6.54520 3.21850 -5.97052
v 6.54520 4.01548 -7.35790
v 6.54520 3.36553 -7.71102
v 11.44354 3.37846 -7.48624
v 11.44354 4.02773 -7.14480
v 6.54520 3.21850 -5.97052
v 11.44354 3.23075 -5.75742
v 11.44354 2.70966 -6.03272
v 6.54520 2.69673 -6.25750
v 11.44355 4.21444 7.04955
v 11.44355 4.82028 6.63592
v 18.26228 3.89393 5.19253
v 18.26228 3.40262 5.51757
v 11.44355 3.38341 5.68229
v 18.26228 2.57159 4.15031
v 18.26228 2.94315 3.90567
v 11.44355 3.86951 5.34906
v 11.44355 4.82028 6.63592
v 11.44355 5.38696 6.16838
v 18.26228 4.35360 4.82531
v 18.26228 3.89393 5.19253
v 11.44355 3.86951 5.34906
v 18.26228 2.94315 3.90567
v 18.26228 3.29080 3.62929
v 11.44355 4.32416 4.97236
v 11.44355 5.38696 6.16838
v 11.44355 5.90987 5.65070
v 18.26228 4.77789 4.41887
v 18.26228 4.35360 4.82531
v 11.44355 4.32416 4.97236
v 18.26228 3.29080 3.62929
v 18.26228 3.61171 3.32342
v 11.44355 4.74368 4.55525
v 11.44355 5.90987 5.65070
v 11.44355 6.38475 5.08711
v 18.26228 5.16336 3.97652
v 18.26228 4.77789 4.41887
v 11.44355 4.74368 4.55525
v 18.26228 3.61171 3.32342
v 18.26228 3.90326 2.99054
v 11.44355 5.12465 4.10113
v 11.44355 6.38475 5.08711
v 11.44355 6.80774 4.48218
v 18.26228 5.50687 3.50186
v 18.26228 5.16336 3.97652
v 11.44355 5.12465 4.10113
v 18.26228 3.90326 2.99054
v 18.26228 4.16310 2.63336
v 11.44355 5.46398 3.61369
v 11.44355 6.80774 4.48218
v 11.44355 7.17542 3.84083
v 18.26228 5.80563 2.99874
v 18.26228 5.50687 3.50186
v 11.44355 5.46398 3.61369
v 18.26228 4.16310 2.63336
v 18.26228 4.38911 2.25479
v 11.44355 5.75890 3.09687
v 11.44355 7.17542 3.84083
v 11.44355 7.48479 3.16827
v 18.26228 6.05721 2.47126
v 18.26228 5.80563 2.99874
v 11.44355 5.75890 3.09687
v 18.26228 4.38911 2.25479
v 18.26228 4.57945 1.85789
v 11.44355 6.00703 2.55490
v 11.44355 7.48479 3.16827
v 11.44355 7.73334 2.46996
v 18.26228 6.25958 1.92369
v 18.26228 6.05721 2.47126
v 11.44355 6.00703 2.55490
v 18.26228 4.57945 1.85789
v 18.26228 4.73258 1.44589
v 11.44355 6.20634 1.99216
v 11.44355 7.73334 2.46996
v 11.44355 7.91904 1.75158
v 18.26228 6.41107 1.36049
v 18.26228 6.25958 1.92369
v 11.44355 6.20634 1.99216
v 18.26228 4.73258 1.44589
v 18.26228 4.84726 1.02214
v 11.44355 6.35523 1.41323
v 11.44355 7.91904 1.75158
v 11.44355 8.04040 1.01897
v 18.26228 6.51047 0.78624
v 18.26228 6.41107 1.36049
v 11.44355 6.35523 1.41323
v 18.26228 4.84726 1.02214
v 18.26228 4.92254 0.59009
v 11.44354 6.45246 0.82282
v 11.44355 8.04040 1.01897
v 11.44354 8.09641 0.27807
v 18.26228 6.55696 0.20559
v 18.26228 6.51047 0.78624
v 11.44354 6.45246 0.82282
v 18.26228 4.92254 0.59009
v 18.26228 4.95782 0.15324
v 11.44354 6.49727 0.22572
v 11.44354 8.09641 0.27807
v 11.44354 8.08664 -0.46508
v 18.26228 6.55018 -0.37672
v 18.26228 6.55696 0.20559
v 11.44354 6.49727 0.22572
v 18.26228 4.95782 0.15324
v 18.26228 4.95282 -0.28485
v 11.44354 6.48928 -0.37321
v 11.44354 8.08664 -0.46508
v 11.44354 8.01115 -1.20446
v 18.26228 6.49016 -0.95597
v 18.26228 6.55018 -0.37672
v 11.44354 6.48928 -0.37321
v 18.26228 4.95282 -0.28485
v 18.26228 4.90756 -0.72063
v 11.44354 6.42855 -0.96912
v 11.44354 8.01115 -1.20446
v 11.44354 7.87056 -1.93404
v 18.26228 6.37741 -1.52746
v 18.26228 6.49016 -0.95597
v 11.44354 6.42855 -0.96912
v 18.26228 4.90756 -0.72063
v 18.26228 4.82243 -1.15056
v 11.44354 6.31559 -1.55714
v 11.44354 7.87056 -1.93404
v 11.44354 7.66602 -2.64791
v 18.26228 6.21283 -2.08653
v 18.26228 6.37741 -1.52746
v 11.44354 6.31559 -1.55714
v 18.26228 4.82243 -1.15056
v 18.26228 4.69811 -1.57113
v 11.44354 6.15130 -2.13251
v 11.44354 7.66602 -2.64791
v 11.44354 7.39918 -3.34027
v 18.26228 5.99776 -2.62865
v 18.26228 6.21283 -2.08653
v 11.44354 6.15130 -2.13251
v 18.26228 4.69811 -1.57113
v 18.26228 4.53562 -1.97894
v 11.44354 5.93703 -2.69055
v 11.44354 7.39918 -3.34027
v 11.44354 7.07222 -4.00548
v 18.26228 5.73396 -3.14941
v 18.26228 5.99776 -2.62865
v 11.44354 5.93703 -2.69055
v 18.26228 4.53562 -1.97894
v 18.26228 4.33626 -2.37066
v 11.44354 5.67452 -3.22673
v 11.44354 7.07222 -4.00548
v 11.44354 6.68778 -4.63814
v 18.26228 5.42356 -3.64457
v 18.26228 5.73396 -3.14941
v 11.44354 5.67452 -3.22673
v 18.26228 4.33626 -2.37066
v 18.26228 4.10167 -2.74312
v 11.44354 5.36589 -3.73669
v 11.44354 6.68778 -4.63814
v 11.44354 6.24900 -5.23311
v 18.26228 5.06909 -4.11012
v 18.26228 5.42356 -3.64457
v 11.44354 5.36589 -3.73669
v 18.26228 4.10167 -2.74312
v 18.26228 3.83375 -3.09330
v 11.44354 5.01366 -4.21628
v 11.44354 6.24900 -5.23311
v 11.44354 5.75944 -5.78555
v 18.26228 4.67343 -4.54227
v 18.26228 5.06909 -4.11012
v 11.44354 5.01366 -4.21628
v 18.26228 3.83375 -3.09330
v 18.26228 3.53468 -3.41833
v 11.44354 4.62069 -4.66162
v 11.44354 5.75944 -5.78555
v 11.44354 5.22308 -6.29099
v 18.26228 4.23979 -4.93751
v 18.26228 4.67343 -4.54227
v 11.44354 4.62069 -4.66162
v 18.26228 3.53468 -3.41833
v 18.26228 3.20688 -3.71559
v 11.44354 4.19017 -5.06907
v 11.44354 5.22308 -6.29099
v 11.44354 4.64428 -6.74530
v 18.26228 3.77170 -5.29262
v 18.26228 4.23979 -4.93751
v 11.44354 4.19017 -5.06907
v 18.26228 3.20688 -3.71559
v 18.26228 2.85302 -3.98265
v 11.44354 3.72560 -5.43533
v 11.44354 4.64428 -6.74530
v 11.44354 4.02773 -7.14480
v 18.26228 3.27296 -5.60473
v 18.26228 3.77170 -5.29262
v 11.44354 3.72560 -5.43533
v 18.26228 2.85302 -3.98265
v 18.26228 2.47598 -4.21735
v 11.44354 3.23075 -5.75742
v 11.44354 4.02773 -7.14480
v 11.44354 3.37846 -7.48624
v 18.26228 2.74763 -5.87130
v 18.26228 3.27296 -5.60473
v 11.44354 3.23075 -5.75742
v 18.26228 2.47598 -4.21735
v 18.26228 2.07882 -4.41778
v 11.44354 2.70966 -6.03272
v 18.26228 3.40262 5.51757
v 18.26228 3.89393 5.19253
v 19.26228 3.59989 4.71056
v 19.26228 3.14467 5.00618
v 18.26228 2.57159 4.15031
v 19.26228 2.31364 3.63892
v 19.26228 2.64911 3.42369
v 18.26228 2.94315 3.90567
v 18.26228 3.89393 5.19253
v 18.26228 4.35360 4.82531
v 19.26228 4.02587 4.37666
v 19.26228 3.59989 4.71056
v 18.26228 2.94315 3.90567
v 19.26228 2.64911 3.42369
v 19.26228 2.96306 3.18064
v 18.26228 3.29080 3.62929
v 18.26228 4.35360 4.82531
v 18.26228 4.77789 4.41887
v 19.26228 4.41913 4.00719
v 19.26228 4.02587 4.37666
v 18.26228 3.29080 3.62929
v 19.26228 2.96306 3.18064
v 19.26228 3.25294 2.91174
v 18.26228 3.61171 3.32342
v 18.26228 4.77789 4.41887
v 18.26228 5.16336 3.97652
v 19.26228 4.77647 3.60516
v 19.26228 4.41913 4.00719
v 18.26228 3.61171 3.32342
v 19.26228 3.25294 2.91174
v 19.26228 3.51637 2.61918
v 18.26228 3.90326 2.99054
v 18.26228 5.16336 3.97652
v 18.26228 5.50687 3.50186
v 19.26228 5.09501 3.17384
v 19.26228 4.77647 3.60516
v 18.26228 3.90326 2.99054
v 19.26228 3.51637 2.61918
v 19.26228 3.75124 2.30534
v 18.26228 4.16310 2.63336
v 18.26228 5.50687 3.50186
v 18.26228 5.80563 2.99874
v 19.26228 5.37214 2.71672
v 19.26228 5.09501 3.17384
v 18.26228 4.16310 2.63336
v 19.26228 3.75124 2.30534
v 19.26228 3.95562 1.97276
v 18.26228 4.38911 2.25479
v 18.26228 5.80563 2.99874
v 18.26228 6.05721 2.47126
v 19.26228 5.60562 2.23753
v 19.26228 5.37214 2.71672
v 18.26228 4.38911 2.25479
v 19.26228 3.95562 1.97276
v 19.26228 4.12786 1.62416
v 18.26228 4.57945 1.85789
v 18.26228 6.05721 2.47126
v 18.26228 6.25958 1.92369
v 19.26228 5.79354 1.74015
v 19.26228 5.60562 2.23753
v 18.26228 4.57945 1.85789
v 19.26228 4.12786 1.62416
v 19.26228 4.26655 1.26235
v 18.26228 4.73258 1.44589
v 18.26228 6.25958 1.92369
v 18.26228 6.41107 1.36049
v 19.26228 5.93439 1.22864
v 19.26228 5.79354 1.74015
v 18.26228 4.73258 1.44589
v 19.26228 4.26655 1.26235
v 19.26228 4.37057 0.89029
v 18.26228 4.84726 1.02214
v 18.26228 6.41107 1.36049
v 18.26228 6.51047 0.78624
v 19.26228 6.02701 0.70714
v 19.26228 5.93439 1.22864
v 18.26228 4.84726 1.02214
v 19.26228 4.37057 0.89029
v 19.26228 4.43908 0.51099
v 18.26228 4.92254 0.59009
v 18.26228 6.51047 0.78624
v 18.26228 6.55696 0.20559
v 19.26228 6.07066 0.17989
v 19.26228 6.02701 0.70714
v 18.26228 4.92254 0.59009
v 19.26228 4.43908 0.51099
v 19.26228 4.47152 0.12754
v 18.26228 4.95782 0.15324
v 18.26228 6.55696 0.20559
v 18.26228 6.55018 -0.37672
v 19.26228 6.06498 -0.34882
v 19.26228 6.07066 0.17989
v 18.26228 4.95782 0.15324
v 19.26228 4.47152 0.12754
v 19.26228 4.46762 -0.25695
v 18.26228 4.95282 -0.28485
v 18.26228 6.55018 -0.37672
v 18.26228 6.49016 -0.95597
v 19.26228 6.01001 -0.87469
v 19.26228 6.06498 -0.34882
v 18.26228 4.95282 -0.28485
v 19.26228 4.46762 -0.25695
v 19.26228 4.42741 -0.63935
v 18.26228 4.90756 -0.72063
v 18.26228 6.49016 -0.95597
v 18.26228 6.37741 -1.52746
v 19.26228 5.90621 -1.39346
v 19.26228 6.01001 -0.87469
v 18.26228 4.90756 -0.72063
v 19.26228 4.42741 -0.63935
v 19.26228 4.35123 -1.01655
v 18.26228 4.82243 -1.15056
v 18.26228 6.37741 -1.52746
v 18.26228 6.21283 -2.08653
v 19.26228 5.75441 -1.90090
v 19.26228 5.90621 -1.39346
v 18.26228 4.82243 -1.15056
v 19.26228 4.35123 -1.01655
v 19.26228 4.23969 -1.38550
v 18.26228 4.69811 -1.57113
v 18.26228 6.21283 -2.08653
v 18.26228 5.99776 -2.62865
v 19.26228 5.55584 -2.39289
v 19.26228 5.75441 -1.90090
v 18.26228 4.69811 -1.57113
v 19.26228 4.23969 -1.38550
v 19.26228 4.09370 -1.74318
v 18.26228 4.53562 -1.97894
v 18.26228 5.99776 -2.62865
v 18.26228 5.73396 -3.14941
v 19.26228 5.31214 -2.86544
v 19.26228 5.55584 -2.39289
v 18.26228 4.53562 -1.97894
v 19.26228 4.09370 -1.74318
v 19.26228 3.91444 -2.08670
v 18.26228 4.33626 -2.37066
v 18.26228 5.73396 -3.14941
v 18.26228 5.42356 -3.64457
v 19.26228 5.02526 -3.31471
v 19.26228 5.31214 -2.86544
v 18.26228 4.33626 -2.37066
v 19.26228 3.91444 -2.08670
v 19.26228 3.70337 -2.41326
v 18.26228 4.10167 -2.74312
v 18.26228 5.42356 -3.64457
v 18.26228 5.06909 -4.11012
v 19.26228 4.69755 -3.73704
v 19.26228 5.02526 -3.31471
v 18.26228 4.10167 -2.74312
v 19.26228 3.70337 -2.41326
v 19.26228 3.46221 -2.72022
v 18.26228 3.83375 -3.09330
v 18.26228 5.06909 -4.11012
v 18.26228 4.67343 -4.54227
v 19.26228 4.33167 -4.12900
v 19.26228 4.69755 -3.73704
v 18.26228 3.83375 -3.09330
v 19.26228 3.46221 -2.72022
v 19.26228 3.19292 -3.00506
v 18.26228 3.53468 -3.41833
v 18.26228 4.67343 -4.54227
v 18.26228 4.23979 -4.93751
v 19.26228 3.93059 -4.48741
v 19.26228 4.33167 -4.12900
v 18.26228 3.53468 -3.41833
v 19.26228 3.19292 -3.00506
v 19.26228 2.89767 -3.26549
v 18.26228 3.20688 -3.71559
v 18.26228 4.23979 -4.93751
v 18.26228 3.77170 -5.29262
v 19.26228 3.49756 -4.80936
v 19.26228 3.93059 -4.48741
v 18.26228 3.20688 -3.71559
v 19.26228 2.89767 -3.26549
v 19.26228 2.57889 -3.49939
v 18.26228 2.85302 -3.98265
v 18.26228 3.77170 -5.29262
v 18.26228 3.27296 -5.60473
v 19.26228 3.03612 -5.09222
v 19.26228 3.49756 -4.80936
v 18.26228 2.85302 -3.98265
v 19.26228 2.57889 -3.49939
v 19.26228 2.23914 -3.70484
v 18.26228 2.47598 -4.21735
v 18.26228 3.27296 -5.60473
v 18.26228 2.74763 -5.87130
v 19.26228 2.55000 -5.33371
v 19.26228 3.03612 -5.09222
v 18.26228 2.47598 -4.21735
v 19.26228 2.23914 -3.70484
v 19.26228 1.88120 -3.88019
v 18.26228 2.07882 -4.41778
v 5.54521 3.67781 6.32867
v 5.54520 2.84678 4.96141
v 5.54520 3.25353 4.67179
v 5.54521 4.20431 5.95866
v 19.26228 3.14467 5.00618
v 19.26228 3.59989 4.71056
v 19.26228 2.64911 3.42369
v 19.26228 2.31364 3.63892
v 5.54521 4.20431 5.95866
v 5.54520 3.25353 4.67179
v 5.54520 3.63385 4.34421
v 5.54520 4.69665 5.54022
v 19.26228 3.59989 4.71056
v 19.26228 4.02587 4.37666
v 19.26228 2.96306 3.18064
v 19.26228 2.64911 3.42369
v 5.54520 4.69665 5.54022
v 5.54520 3.63385 4.34421
v 5.54520 3.98464 3.98132
v 5.54520 5.15082 5.07677
v 19.26228 4.02587 4.37666
v 19.26228 4.41913 4.00719
v 19.26228 3.25294 2.91174
v 19.26228 2.96306 3.18064
v 5.54520 5.15082 5.07677
v 5.54520 3.98464 3.98132
v 5.54520 4.30304 3.58609
v 5.54520 5.56314 4.57207
v 19.26228 4.41913 4.00719
v 19.26228 4.77647 3.60516
v 19.26228 3.51637 2.61918
v 19.26228 3.25294 2.91174
v 5.54520 5.56314 4.57207
v 5.54520 4.30304 3.58609
v 5.54520 4.58649 3.16171
v 5.54520 5.93025 4.03021
v 19.26228 4.77647 3.60516
v 19.26228 5.09501 3.17384
v 19.26228 3.75124 2.30534
v 19.26228 3.51637 2.61918
v 5.54520 5.93025 4.03021
v 5.54520 4.58649 3.16171
v 5.54520 4.83266 2.71164
v 5.54520 6.24918 3.45560
v 19.26228 5.09501 3.17384
v 19.26228 5.37214 2.71672
v 19.26228 3.95562 1.97276
v 19.26228 3.75124 2.30534
v 5.54520 6.24918 3.45560
v 5.54520 4.83266 2.71164
v 5.54520 5.03956 2.23954
v 5.54520 6.51732 2.85291
v 19.26228 5.37214 2.71672
v 19.26228 5.60562 2.23753
v 19.26228 4.12786 1.62416
v 19.26228 3.95562 1.97276
v 5.54520 6.51732 2.85291
v 5.54520 5.03956 2.23954
v 5.54520 5.20551 1.74923
v 5.54520 6.73250 2.22703
v 19.26228 5.60562 2.23753
v 19.26228 5.79354 1.74015
v 19.26228 4.26655 1.26235
v 19.26228 4.12786 1.62416
v 5.54520 6.73250 2.22703
v 5.54520 5.20551 1.74923
v 5.54520 5.32915 1.24471
v 5.54520 6.89297 1.58306
v 19.26228 5.79354 1.74015
v 19.26228 5.93439 1.22864
v 19.26228 4.37057 0.89029
v 19.26228 4.26655 1.26235
v 5.54520 6.89297 1.58306
v 5.54520 5.32915 1.24471
v 5.54520 5.40950 0.73008
v 5.54520 6.99743 0.92623
v 19.26228 5.93439 1.22864
v 19.26228 6.02701 0.70714
v 19.26228 4.43908 0.51099
v 19.26228 4.37057 0.89029
v 5.54520 6.99743 0.92623
v 5.54520 5.40950 0.73008
v 5.54520 5.44588 0.20952
v 5.54520 7.04503 0.26187
v 19.26228 6.02701 0.70714
v 19.26228 6.07066 0.17989
v 19.26228 4.47152 0.12754
v 19.26228 4.43908 0.51099
v 5.54520 7.04503 0.26187
v 5.54520 5.44588 0.20952
v 5.54520 5.43801 -0.31275
v 5.54520 7.03538 -0.40462
v 19.26228 6.07066 0.17989
v 19.26228 6.06498 -0.34882
v 19.26228 4.46762 -0.25695
v 19.26228 4.47152 0.12754
v 5.54520 7.03538 -0.40462
v 5.54520 5.43801 -0.31275
v 5.54520 5.38596 -0.83248
v 5.54520 6.96855 -1.06782
v 19.26228 6.06498 -0.34882
v 19.26228 6.01001 -0.87469
v 19.26228 4.42741 -0.63935
v 19.26228 4.46762 -0.25695
v 5.54520 6.96855 -1.06782
v 5.54520 5.38596 -0.83248
v 5.54520 5.29013 -1.34544
v 5.54520 6.84511 -1.72234
v 19.26228 6.01001 -0.87469
v 19.26228 5.90621 -1.39346
v 19.26228 4.35123 -1.01655
v 19.26228 4.42741 -0.63935
v 5.54520 6.84511 -1.72234
v 5.54520 5.29013 -1.34544
v 5.54520 5.15132 -1.84747
v 5.54520 6.66603 -2.36287
v 19.26228 5.90621 -1.39346
v 19.26228 5.75441 -1.90090
v 19.26228 4.23969 -1.38550
v 19.26228 4.35123 -1.01655
v 5.54520 6.66603 -2.36287
v 5.54520 5.15132 -1.84747
v 5.54520 4.97064 -2.33449
v 5.54520 6.43279 -2.98420
v 19.26228 5.75441 -1.90090
v 19.26228 5.55584 -2.39289
v 19.26228 4.09370 -1.74318
v 19.26228 4.23969 -1.38550
v 5.54520 6.43279 -2.98420
v 5.54520 4.97064 -2.33449
v 5.54520 4.74958 -2.80253
v 5.54520 6.14728 -3.58127
v 19.26228 5.55584 -2.39289
v 19.26228 5.31214 -2.86544
v 19.26228 3.91444 -2.08670
v 19.26228 4.09370 -1.74318
v 5.54520 6.14728 -3.58127
v 5.54520 4.74958 -2.80253
v 5.54520 4.48992 -3.24780
v 5.54520 5.81181 -4.14925
v 19.26228 5.31214 -2.86544
v 19.26228 5.02526 -3.31471
v 19.26228 3.70337 -2.41326
v 19.26228 3.91444 -2.08670
v 5.54520 5.81181 -4.14925
v 5.54520 4.48992 -3.24780
v 5.54520 4.19377 -3.66668
v 5.54520 5.42911 -4.68351
v 19.26228 5.02526 -3.31471
v 19.26228 4.69755 -3.73704
v 19.26228 3.46221 -2.72022
v 19.26228 3.70337 -2.41326
v 5.54520 5.42911 -4.68351
v 5.54520 4.19377 -3.66668
v 5.54520 3.86355 -4.05577
v 5.54520 5.00230 -5.17971
v 19.26228 4.69755 -3.73704
v 19.26228 4.33167 -4.12900
v 19.26228 3.19292 -3.00506
v 19.26228 3.46221 -2.72022
v 5.54520 5.00230 -5.17971
v 5.54520 3.86355 -4.05577
v 5.54520 3.50193 -4.41189
v 5.54520 4.53484 -5.63382
v 19.26228 4.33167 -4.12900
v 19.26228 3.93059 -4.48741
v 19.26228 2.89767 -3.26549
v 19.26228 3.19292 -3.00506
v 5.54520 4.53484 -5.63382
v 5.54520 3.50193 -4.41189
v 5.54520 3.11185 -4.73217
v 5.54520 4.03053 -6.04214
v 19.26228 3.93059 -4.48741
v 19.26228 3.49756 -4.80936
v 19.26228 2.57889 -3.49939
v 19.26228 2.89767 -3.26549
v 5.54520 4.03053 -6.04214
v 5.54520 3.11185 -4.73217
v 5.54520 2.69649 -5.01399
v 5.54520 3.49346 -6.40137
v 19.26228 3.49756 -4.80936
v 19.26228 3.03612 -5.09222
v 19.26228 2.23914 -3.70484
v 19.26228 2.57889 -3.49939
v 5.54520 3.49346 -6.40137
v 5.54520 2.69649 -5.01399
v 5.54520 2.25921 -5.25507
v 5.54520 2.92801 -6.70858
v 19.26228 3.03612 -5.09222
v 19.26228 2.55000 -5.33371
v 19.26228 1.88120 -3.88019
v 19.26228 2.23914 -3.70484
v 5.54521 3.67781 6.32867
v 6.54521 4.22736 7.27433
v 6.54520 3.39633 5.90707
v 5.54520 2.84678 4.96141
v 5.54520 2.25921 -5.25507
v 6.54520 2.69673 -6.25750
v 6.54520 3.36553 -7.71102
v 5.54520 2.92801 -6.70858
v 6.54521 4.22736 7.27433
v 11.44355 4.21444 7.04955
v 11.44355 3.38341 5.68229
v 6.54520 3.39633 5.90707
v 6.54520 2.69673 -6.25750
v 11.44354 2.70966 -6.03272
v 11.44354 3.37846 -7.48624
v 6.54520 3.36553 -7.71102
v 11.44355 4.21444 7.04955
v 18.26228 3.40262 5.51757
v 18.26228 2.57159 4.15031
v 11.44355 3.38341 5.68229
v 11.44354 2.70966 -6.03272
v 18.26228 2.07882 -4.41778
v 18.26228 2.74763 -5.87130
v 11.44354 3.37846 -7.48624
v 18.26228 3.40262 5.51757
v 19.26228 3.14467 5.00618
v 19.26228 2.31364 3.63892
v 18.26228 2.57159 4.15031
v 18.26228 2.07882 -4.41778
v 19.26228 1.88120 -3.88019
v 19.26228 2.55000 -5.33371
v 18.26228 2.74763 -5.87130
v 8.54520 -2.49362 -6.73933
v 8.54520 -3.45348 -6.24955
v 9.14520 -3.69549 -6.61493
v 9.14520 -2.66676 -7.13424
v 8.54520 -2.13050 -5.80759
v 9.14520 -2.30364 -6.20250
v 9.14520 -3.19109 -5.75146
v 8.54520 -2.94908 -5.38608
v 8.54520 -3.45348 -6.24955
v 8.54520 -4.32830 -5.60588
v 9.14520 -4.63324 -5.93275
v 9.14520 -3.69549 -6.61493
v 8.54520 -2.94908 -5.38608
v 9.14520 -3.19109 -5.75146
v 9.14520 -3.99997 -5.15881
v 8.54520 -3.69504 -4.83195
v 8.54520 -4.32830 -5.60588
v 8.54520 -5.09655 -4.82418
v 9.14520 -5.45689 -5.10448
v 9.14520 -4.63324 -5.93275
v 8.54520 -3.69504 -4.83195
v 9.14520 -3.99997 -5.15881
v 9.14520 -4.71035 -4.43914
v 8.54520 -4.35001 -4.15884
v 8.54520 -5.09655 -4.82418
v 8.54520 -5.73931 -3.92369
v 9.14520 -6.14618 -4.15051
v 9.14520 -5.45689 -5.10448
v 8.54520 -4.35001 -4.15884
v 9.14520 -4.71035 -4.43914
v 9.14520 -5.30475 -3.61015
v 8.54520 -4.89787 -3.38333
v 8.54520 -5.73931 -3.92369
v 8.54520 -6.24074 -2.92659
v 9.14520 -6.68413 -3.09436
v 9.14520 -6.14618 -4.15051
v 8.54520 -4.89787 -3.38333
v 9.14520 -5.30475 -3.61015
v 9.14520 -5.76853 -2.69227
v 8.54520 -5.32514 -2.52451
v 8.54520 -6.24074 -2.92659
v 8.54520 -6.58850 -1.85743
v 9.14520 -7.05750 -1.96200
v 9.14520 -6.68413 -3.09436
v 8.54520 -5.32514 -2.52451
v 9.14520 -5.76853 -2.69227
v 9.14520 -6.09027 -1.70810
v 8.54520 -5.62127 -1.60353
v 8.54520 -6.58850 -1.85743
v 8.54520 -6.77404 -0.74252
v 9.14520 -7.25708 -0.78134
v 9.14520 -7.05750 -1.96200
v 8.54520 -5.62127 -1.60353
v 9.14520 -6.09027 -1.70810
v 9.14520 -6.26204 -0.68187
v 8.54520 -5.77900 -0.64306
v 8.54520 -6.77404 -0.74252
v 8.54520 -6.79278 0.39066
v 9.14520 -7.27797 0.41856
v 9.14520 -7.25708 -0.78134
v 8.54520 -5.77900 -0.64306
v 9.14520 -6.26204 -0.68187
v 9.14520 -6.27962 0.36115
v 8.54520 -5.79443 0.33324
v 8.54520 -6.79278 0.39066
v 8.54520 -6.64425 1.51422
v 9.14520 -7.11966 1.60816
v 9.14520 -7.27797 0.41856
v 8.54520 -5.79443 0.33324
v 9.14520 -6.27962 0.36115
v 9.14520 -6.14258 1.39527
v 8.54520 -5.66717 1.30134
v 8.54520 -6.64425 1.51422
v 8.54520 -6.33212 2.60050
v 9.14520 -6.78603 2.75816
v 9.14520 -7.11966 1.60816
v 8.54520 -5.66717 1.30134
v 9.14520 -6.14258 1.39527
v 9.14520 -5.85429 2.39504
v 8.54520 -5.40038 2.23739
v 8.54520 -6.33212 2.60050
v 8.54520 -5.86408 3.62275
v 9.14520 -6.28531 3.84024
v 9.14520 -6.78603 2.75816
v 8.54520 -5.40038 2.23739
v 9.14520 -5.85429 2.39504
v 9.14520 -5.42184 3.33584
v 8.54520 -5.00061 3.11835
v 8.54520 -5.86408 3.62275
v 8.54520 -5.25164 4.55579
v 9.14520 -5.62983 4.82776
v 9.14520 -6.28531 3.84024
v 8.54520 -5.00061 3.11835
v 9.14520 -5.42184 3.33584
v 9.14520 -4.85589 4.19450
v 8.54520 -4.47770 3.92252
v 8.54520 -5.25164 4.55579
v 8.54521 -4.50988 5.37665
v 9.14520 -4.83572 5.69641
v 9.14520 -5.62983 4.82776
v 8.54520 -4.47770 3.92252
v 9.14520 -4.85589 4.19450
v 9.14520 -4.17038 4.94987
v 8.54521 -3.84454 4.63011
v 8.54521 -4.50988 5.37665
v 8.54521 -3.65709 6.06513
v 9.14521 -3.92254 6.42479
v 9.14520 -4.83572 5.69641
v 8.54521 -3.84454 4.63011
v 9.14520 -4.17038 4.94987
v 9.14520 -3.38217 5.58336
v 8.54521 -3.11672 5.22369
v 8.54521 -3.65709 6.06513
v 8.54521 -2.71424 6.60425
v 9.14521 -2.91277 6.99498
v 9.14521 -3.92254 6.42479
v 8.54521 -3.11672 5.22369
v 9.14520 -3.38217 5.58336
v 9.14520 -2.51069 6.07937
v 8.54521 -2.31215 5.68865
v 8.54521 -2.71424 6.60425
v 8.54521 -1.70455 6.98076
v 9.14521 -1.83128 7.39292
v 9.14521 -2.91277 6.99498
v 8.54521 -2.31215 5.68865
v 9.14520 -2.51069 6.07937
v 9.14521 -1.57738 6.42569
v 8.54521 -1.45065 6.01353
v 9.14520 -2.66676 -7.13424
v 9.14520 -3.69549 -6.61493
v 16.26228 -3.07088 -5.36123
v 16.26228 -2.21301 -5.78379
v 9.14520 -2.30364 -6.20250
v 16.26228 -1.84990 -4.85205
v 16.26228 -2.56648 -4.49776
v 9.14520 -3.19109 -5.75146
v 9.14520 -3.69549 -6.61493
v 9.14520 -4.63324 -5.93275
v 16.26228 -3.85313 -4.80665
v 16.26228 -3.07088 -5.36123
v 9.14520 -3.19109 -5.75146
v 16.26228 -2.56648 -4.49776
v 16.26228 -3.21987 -4.03272
v 9.14520 -3.99997 -5.15881
v 9.14520 -4.63324 -5.93275
v 9.14520 -5.45689 -5.10448
v 16.26228 -4.54051 -4.13372
v 16.26228 -3.85313 -4.80665
v 9.14520 -3.99997 -5.15881
v 16.26228 -3.21987 -4.03272
v 16.26228 -3.79397 -3.46838
v 9.14520 -4.71035 -4.43914
v 9.14520 -5.45689 -5.10448
v 9.14520 -6.14618 -4.15051
v 16.26228 -5.11608 -3.35901
v 16.26228 -4.54051 -4.13372
v 9.14520 -4.71035 -4.43914
v 16.26228 -3.79397 -3.46838
v 16.26228 -4.27465 -2.81864
v 9.14520 -5.30475 -3.61015
v 9.14520 -6.14618 -4.15051
v 9.14520 -6.68413 -3.09436
v 16.26228 -5.56568 -2.50158
v 16.26228 -5.11608 -3.35901
v 9.14520 -5.30475 -3.61015
v 16.26228 -4.27465 -2.81864
v 16.26228 -4.65008 -2.09950
v 9.14520 -5.76853 -2.69227
v 9.14520 -6.68413 -3.09436
v 9.14520 -7.05750 -1.96200
v 16.26228 -5.87823 -1.58256
v 16.26228 -5.56568 -2.50158
v 9.14520 -5.76853 -2.69227
v 16.26228 -4.65008 -2.09950
v 16.26228 -4.91100 -1.32866
v 9.14520 -6.09027 -1.70810
v 9.14520 -7.05750 -1.96200
v 9.14520 -7.25708 -0.78134
v 16.26228 -6.04604 -0.62457
v 16.26228 -5.87823 -1.58256
v 9.14520 -6.09027 -1.70810
v 16.26228 -4.91100 -1.32866
v 16.26228 -5.05100 -0.52510
v 9.14520 -6.26204 -0.68187
v 9.14520 -7.25708 -0.78134
v 9.14520 -7.27797 0.41856
v 16.26228 -6.06498 0.34880
v 16.26228 -6.04604 -0.62457
v 9.14520 -6.26204 -0.68187
v 16.26228 -5.05100 -0.52510
v 16.26228 -5.06663 0.29138
v 9.14520 -6.27962 0.36115
v 9.14520 -7.27797 0.41856
v 9.14520 -7.11966 1.60816
v 16.26228 -5.93458 1.31358
v 16.26228 -6.06498 0.34880
v 9.14520 -6.27962 0.36115
v 16.26228 -5.06663 0.29138
v 16.26228 -4.95750 1.10069
v 9.14520 -6.14258 1.39527
v 9.14520 -7.11966 1.60816
v 9.14520 -6.78603 2.75816
v 16.26228 -5.65804 2.24601
v 16.26228 -5.93458 1.31358
v 9.14520 -6.14258 1.39527
v 16.26228 -4.95750 1.10069
v 16.26228 -4.72630 1.88290
v 9.14520 -5.85429 2.39504
v 9.14520 -6.78603 2.75816
v 9.14520 -6.28531 3.84024
v 16.26228 -5.24219 3.12314
v 16.26228 -5.65804 2.24601
v 9.14520 -5.85429 2.39504
v 16.26228 -4.72630 1.88290
v 16.26228 -4.37872 2.61874
v 9.14520 -5.42184 3.33584
v 9.14520 -6.28531 3.84024
v 9.14520 -5.62983 4.82776
v 16.26228 -4.69726 3.92337
v 16.26228 -5.24219 3.12314
v 9.14520 -5.42184 3.33584
v 16.26228 -4.37872 2.61874
v 16.26228 -3.92333 3.29011
v 9.14520 -4.85589 4.19450
v 9.14520 -5.62983 4.82776
v 9.14520 -4.83572 5.69641
v 16.26228 -4.03667 4.62699
v 16.26228 -4.69726 3.92337
v 9.14520 -4.85589 4.19450
v 16.26228 -3.92333 3.29011
v 16.26228 -3.37133 3.88045
v 9.14520 -4.17038 4.94987
v 9.14520 -4.83572 5.69641
v 9.14521 -3.92254 6.42479
v 16.26228 -3.27668 5.21668
v 16.26228 -4.03667 4.62699
v 9.14520 -4.17038 4.94987
v 16.26228 -3.37133 3.88045
v 16.26228 -2.73631 4.37525
v 9.14520 -3.38217 5.58336
v 9.14521 -3.92254 6.42479
v 9.14521 -2.91277 6.99498
v 16.26228 -2.43600 5.67792
v 16.26228 -3.27668 5.21668
v 9.14520 -3.38217 5.58336
v 16.26228 -2.73631 4.37525
v 16.26228 -2.03392 4.76232
v 9.14520 -2.51069 6.07937
v 9.14521 -2.91277 6.99498
v 9.14521 -1.83128 7.39292
v 16.26228 -1.53535 5.99935
v 16.26228 -2.43600 5.67792
v 9.14520 -2.51069 6.07937
v 16.26228 -2.03392 4.76232
v 16.26228 -1.28145 5.03212
v 9.14521 -1.57738 6.42569
v 16.26228 -2.21301 -5.78379
v 16.26228 -3.07088 -5.36123
v 16.66228 -2.87427 -5.14495
v 16.66228 -2.07414 -5.54886
v 16.26228 -1.84990 -4.85205
v 16.66228 -1.71103 -4.61711
v 16.66228 -2.36987 -4.28148
v 16.26228 -2.56648 -4.49776
v 16.26228 -3.07088 -5.36123
v 16.26228 -3.85313 -4.80665
v 16.66228 -3.60363 -4.61436
v 16.66228 -2.87427 -5.14495
v 16.26228 -2.56648 -4.49776
v 16.66228 -2.36987 -4.28148
v 16.66228 -2.97036 -3.84043
v 16.26228 -3.21987 -4.03272
v 16.26228 -3.85313 -4.80665
v 16.26228 -4.54051 -4.13372
v 16.66228 -4.24425 -3.97015
v 16.66228 -3.60363 -4.61436
v 16.26228 -3.21987 -4.03272
v 16.66228 -2.97036 -3.84043
v 16.66228 -3.49771 -3.30481
v 16.26228 -3.79397 -3.46838
v 16.26228 -4.54051 -4.13372
v 16.26228 -5.11608 -3.35901
v 16.66228 -4.78036 -3.22818
v 16.66228 -4.24425 -3.97015
v 16.26228 -3.79397 -3.46838
v 16.66228 -3.49771 -3.30481
v 16.66228 -3.93893 -2.68782
v 16.26228 -4.27465 -2.81864
v 16.26228 -5.11608 -3.35901
v 16.26228 -5.56568 -2.50158
v 16.66228 -5.19877 -2.40673
v 16.66228 -4.78036 -3.22818
v 16.26228 -4.27465 -2.81864
v 16.66228 -3.93893 -2.68782
v 16.66228 -4.28317 -2.00464
v 16.26228 -4.65008 -2.09950
v 16.26228 -5.56568 -2.50158
v 16.26228 -5.87823 -1.58256
v 16.66228 -5.48916 -1.52601
v 16.66228 -5.19877 -2.40673
v 16.26228 -4.65008 -2.09950
v 16.66228 -4.28317 -2.00464
v 16.66228 -4.52193 -1.27211
v 16.26228 -4.91100 -1.32866
v 16.26228 -5.87823 -1.58256
v 16.26228 -6.04604 -0.62457
v 16.66228 -5.64440 -0.60771
v 16.66228 -5.48916 -1.52601
v 16.26228 -4.91100 -1.32866
v 16.66228 -4.52193 -1.27211
v 16.66228 -4.64936 -0.50825
v 16.26228 -5.05100 -0.52510
v 16.26228 -6.04604 -0.62457
v 16.26228 -6.06498 0.34880
v 16.66228 -5.66065 0.32554
v 16.66228 -5.64440 -0.60771
v 16.26228 -5.05100 -0.52510
v 16.66228 -4.64936 -0.50825
v 16.66228 -4.66230 0.26813
v 16.26228 -5.06663 0.29138
v 16.26228 -6.06498 0.34880
v 16.26228 -5.93458 1.31358
v 16.66228 -5.53751 1.25079
v 16.66228 -5.66065 0.32554
v 16.26228 -5.06663 0.29138
v 16.66228 -4.66230 0.26813
v 16.66228 -4.56043 1.03790
v 16.26228 -4.95750 1.10069
v 16.26228 -5.93458 1.31358
v 16.26228 -5.65804 2.24601
v 16.66228 -5.27803 2.14523
v 16.66228 -5.53751 1.25079
v 16.26228 -4.95750 1.10069
v 16.66228 -4.56043 1.03790
v 16.66228 -4.34628 1.78211
v 16.26228 -4.72630 1.88290
v 16.26228 -5.65804 2.24601
v 16.26228 -5.24219 3.12314
v 16.66228 -4.88858 2.98685
v 16.66228 -5.27803 2.14523
v 16.26228 -4.72630 1.88290
v 16.66228 -4.34628 1.78211
v 16.66228 -4.02511 2.48245
v 16.26228 -4.37872 2.61874
v 16.26228 -5.24219 3.12314
v 16.26228 -4.69726 3.92337
v 16.66228 -4.37875 3.75492
v 16.66228 -4.88858 2.98685
v 16.26228 -4.37872 2.61874
v 16.66228 -4.02511 2.48245
v 16.66228 -3.60482 3.12165
v 16.26228 -3.92333 3.29011
v 16.26228 -4.69726 3.92337
v 16.26228 -4.03667 4.62699
v 16.66228 -3.76111 4.43054
v 16.66228 -4.37875 3.75492
v 16.26228 -3.92333 3.29011
v 16.66228 -3.60482 3.12165
v 16.66228 -3.09577 3.68400
v 16.26228 -3.37133 3.88045
v 16.26228 -4.03667 4.62699
v 16.26228 -3.27668 5.21668
v 16.66228 -3.05086 4.99706
v 16.66228 -3.76111 4.43054
v 16.26228 -3.37133 3.88045
v 16.66228 -3.09577 3.68400
v 16.66228 -2.51050 4.15562
v 16.26228 -2.73631 4.37525
v 16.26228 -3.27668 5.21668
v 16.26228 -2.43600 5.67792
v 16.66228 -2.26549 5.44053
v 16.66228 -3.05086 4.99706
v 16.26228 -2.73631 4.37525
v 16.66228 -2.51050 4.15562
v 16.66228 -1.86340 4.52493
v 16.26228 -2.03392 4.76232
v 16.26228 -2.43600 5.67792
v 16.26228 -1.53535 5.99935
v 16.66228 -1.42433 5.75004
v 16.66228 -2.26549 5.44053
v 16.26228 -2.03392 4.76232
v 16.66228 -1.86340 4.52493
v 16.66228 -1.17043 4.78281
v 16.26228 -1.28145 5.03212
v 8.54520 -2.49362 -6.73933
v 8.54520 -2.13050 -5.80759
v 8.54520 -2.94908 -5.38608
v 8.54520 -3.45348 -6.24955
v 16.66228 -2.07414 -5.54886
v 16.66228 -2.87427 -5.14495
v 16.66228 -2.36987 -4.28148
v 16.66228 -1.71103 -4.61711
v 8.54520 -3.45348 -6.24955
v 8.54520 -2.94908 -5.38608
v 8.54520 -3.69504 -4.83195
v 8.54520 -4.32830 -5.60588
v 16.66228 -2.87427 -5.14495
v 16.66228 -3.60363 -4.61436
v 16.66228 -2.97036 -3.84043
v 16.66228 -2.36987 -4.28148
v 8.54520 -4.32830 -5.60588
v 8.54520 -3.69504 -4.83195
v 8.54520 -4.35001 -4.15884
v 8.54520 -5.09655 -4.82418
v 16.66228 -3.60363 -4.61436
v 16.66228 -4.24425 -3.97015
v 16.66228 -3.49771 -3.30481
v 16.66228 -2.97036 -3.84043
v 8.54520 -5.09655 -4.82418
v 8.54520 -4.35001 -4.15884
v 8.54520 -4.89787 -3.38333
v 8.54520 -5.73931 -3.92369
v 16.66228 -4.24425 -3.97015
v 16.66228 -4.78036 -3.22818
v 16.66228 -3.93893 -2.68782
v 16.66228 -3.49771 -3.30481
v 8.54520 -5.73931 -3.92369
v 8.54520 -4.89787 -3.38333
v 8.54520 -5.32514 -2.52451
v 8.54520 -6.24074 -2.92659
v 16.66228 -4.78036 -3.22818
v 16.66228 -5.19877 -2.40673
v 16.66228 -4.28317 -2.00464
v 16.66228 -3.93893 -2.68782
v 8.54520 -6.24074 -2.92659
v 8.54520 -5.32514 -2.52451
v 8.54520 -5.62127 -1.60353
v 8.54520 -6.58850 -1.85743
v 16.66228 -5.19877 -2.40673
v 16.66228 -5.48916 -1.52601
v 16.66228 -4.52193 -1.27211
v 16.66228 -4.28317 -2.00464
v 8.54520 -6.58850 -1.85743
v 8.54520 -5.62127 -1.60353
v 8.54520 -5.77900 -0.64306
v 8.54520 -6.77404 -0.74252
v 16.66228 -5.48916 -1.52601
v 16.66228 -5.64440 -0.60771
v 16.66228 -4.64936 -0.50825
v 16.66228 -4.52193 -1.27211
v 8.54520 -6.77404 -0.74252
v 8.54520 -5.77900 -0.64306
v 8.54520 -5.79443 0.33324
v 8.54520 -6.79278 0.39066
v 16.66228 -5.64440 -0.60771
v 16.66228 -5.66065 0.32554
v 16.66228 -4.66230 0.26813
v 16.66228 -4.64936 -0.50825
v 8.54520 -6.79278 0.39066
v 8.54520 -5.79443 0.33324
v 8.54520 -5.66717 1.30134
v 8.54520 -6.64425 1.51422
v 16.66228 -5.66065 0.32554
v 16.66228 -5.53751 1.25079
v 16.66228 -4.56043 1.03790
v 16.66228 -4.66230 0.26813
v 8.54520 -6.64425 1.51422
v 8.54520 -5.66717 1.30134
v 8.54520 -5.40038 2.23739
v 8.54520 -6.33212 2.60050
v 16.66228 -5.53751 1.25079
v 16.66228 -5.27803 2.14523
v 16.66228 -4.34628 1.78211
v 16.66228 -4.56043 1.03790
v 8.54520 -6.33212 2.60050
v 8.54520 -5.40038 2.23739
v 8.54520 -5.00061 3.11835
v 8.54520 -5.86408 3.62275
v 16.66228 -5.27803 2.14523
v 16.66228 -4.88858 2.98685
v 16.66228 -4.02511 2.48245
v 16.66228 -4.34628 1.78211
v 8.54520 -5.86408 3.62275
v 8.54520 -5.00061 3.11835
v 8.54520 -4.47770 3.92252
v 8.54520 -5.25164 4.55579
v 16.66228 -4.88858 2.98685
v 16.66228 -4.37875 3.75492
v 16.66228 -3.60482 3.12165
v 16.66228 -4.02511 2.48245
v 8.54520 -5.25164 4.55579
v 8.54520 -4.47770 3.92252
v 8.54521 -3.84454 4.63011
v 8.54521 -4.50988 5.37665
v 16.66228 -4.37875 3.75492
v 16.66228 -3.76111 4.43054
v 16.66228 -3.09577 3.68400
v 16.66228 -3.60482 3.12165
v 8.54521 -4.50988 5.37665
v 8.54521 -3.84454 4.63011
v 8.54521 -3.11672 5.22369
v 8.54521 -3.65709 6.06513
v 16.66228 -3.76111 4.43054
v 16.66228 -3.05086 4.99706
v 16.66228 -2.51050 4.15562
v 16.66228 -3.09577 3.68400
v 8.54521 -3.65709 6.06513
v 8.54521 -3.11672 5.22369
v 8.54521 -2.31215 5.68865
v 8.54521 -2.71424 6.60425
v 16.66228 -3.05086 4.99706
v 16.66228 -2.26549 5.44053
v 16.66228 -1.86340 4.52493
v 16.66228 -2.51050 4.15562
v 8.54521 -2.71424 6.60425
v 8.54521 -2.31215 5.68865
v 8.54521 -1.45065 6.01353
v 8.54521 -1.70455 6.98076
v 16.66228 -2.26549 5.44053
v 16.66228 -1.42433 5.75004
v 16.66228 -1.17043 4.78281
v 16.66228 -1.86340 4.52493
v 8.54520 -2.49362 -6.73933
v 9.14520 -2.66676 -7.13424
v 9.14520 -2.30364 -6.20250
v 8.54520 -2.13050 -5.80759
v 8.54521 -1.45065 6.01353
v 9.14521 -1.57738 6.42569
v 9.14521 -1.83128 7.39292
v 8.54521 -1.70455 6.98076
v 9.14520 -2.66676 -7.13424
v 16.26228 -2.21301 -5.78379
v 16.26228 -1.84990 -4.85205
v 9.14520 -2.30364 -6.20250
v 9.14521 -1.57738 6.42569
v 16.26228 -1.28145 5.03212
v 16.26228 -1.53535 5.99935
v 9.14521 -1.83128 7.39292
v 16.26228 -2.21301 -5.78379
v 16.66228 -2.07414 -5.54886
v 16.66228 -1.71103 -4.61711
v 16.26228 -1.84990 -4.85205
v 16.26228 -1.28145 5.03212
v 16.66228 -1.17043 4.78281
v 16.66228 -1.42433 5.75004
v 16.26228 -1.53535 5.99935
v 8.54520 -8.28631 0.47655
v 8.54520 -8.02964 2.16188
v 8.84520 -8.22323 2.21210
v 8.84520 -8.48598 0.48804
v 8.54520 -7.48763 0.43062
v 8.84520 -7.68730 0.44210
v 8.84520 -7.44886 2.01123
v 8.54520 -7.25526 1.96102
v 8.54520 -8.02964 2.16188
v 8.54520 -7.46439 3.76413
v 8.84520 -7.64447 3.85115
v 8.84520 -8.22323 2.21210
v 8.54520 -7.25526 1.96102
v 8.84520 -7.44886 2.01123
v 8.84520 -6.92416 3.50307
v 8.54520 -6.74408 3.41605
v 8.54520 -7.46439 3.76413
v 8.54521 -6.61229 5.22173
v 8.84521 -6.77193 5.34221
v 8.84520 -7.64447 3.85115
v 8.54520 -6.74408 3.41605
v 8.84520 -6.92416 3.50307
v 8.84520 -6.13337 4.86029
v 8.54521 -5.97373 4.73981
v 8.54521 -6.61229 5.22173
v 8.54521 -5.50609 6.47865
v 8.84521 -5.63915 6.62796
v 8.84521 -6.77193 5.34221
v 8.54521 -5.97373 4.73981
v 8.84520 -6.13337 4.86029
v 8.84521 -5.10688 6.03073
v 8.54521 -4.97381 5.88142
v 8.54521 -5.50609 6.47865
v 8.54521 -4.18829 7.48661
v 8.84521 -4.28967 7.65901
v 8.84521 -5.63915 6.62796
v 8.54521 -4.97381 5.88142
v 8.84521 -5.10688 6.03073
v 8.84521 -3.88414 6.96941
v 8.54521 -3.78275 6.79701
v 8.54521 -4.18829 7.48661
v 8.54521 -2.70953 8.20686
v 8.84521 -2.77533 8.39572
v 8.84521 -4.28967 7.65901
v 8.54521 -3.78275 6.79701
v 8.84521 -3.88414 6.96941
v 8.84521 -2.51213 7.64026
v 8.54521 -2.44633 7.45140
v 8.54521 -2.70953 8.20686
v 8.54521 -1.12665 8.61172
v 8.84521 -1.15434 8.80980
v 8.84521 -2.77533 8.39572
v 8.54521 -2.44633 7.45140
v 8.84521 -2.51213 7.64026
v 8.84521 -1.04358 8.01750
v 8.54521 -1.01589 7.81943
v 8.54521 -1.12665 8.61172
v 8.54521 0.49953 8.68564
v 8.84521 0.51101 8.88531
v 8.84521 -1.15434 8.80980
v 8.54521 -1.01589 7.81943
v 8.84521 -1.04358 8.01750
v 8.84521 0.46508 8.08663
v 8.54521 0.45359 7.88696
v 8.54521 0.49953 8.68564
v 8.54521 2.10651 8.42578
v 8.84521 2.15672 8.61937
v 8.84521 0.51101 8.88531
v 8.54521 0.45359 7.88696
v 8.84521 0.46508 8.08663
v 8.84521 1.95586 7.84500
v 8.54521 1.90564 7.65141
v 8.54521 2.10651 8.42578
v 8.54521 3.63253 7.84212
v 8.84521 3.71955 8.02219
v 8.84521 2.15672 8.61937
v 8.54521 1.90564 7.65141
v 8.84521 1.95586 7.84500
v 8.84521 3.37148 7.30189
v 8.54521 3.28446 7.12181
v 8.54521 3.63253 7.84212
v 8.54521 5.01897 6.95709
v 8.84521 5.13945 7.11672
v 8.84521 3.71955 8.02219
v 8.54521 3.28446 7.12181
v 8.84521 3.37148 7.30189
v 8.84521 4.65753 6.47817
v 8.54521 4.53705 6.31853
v 8.54521 5.01897 6.95709
v 8.54521 6.21252 5.80470
v 8.84521 6.36183 5.93777
v 8.84521 5.13945 7.11672
v 8.54521 4.53705 6.31853
v 8.84521 4.65753 6.47817
v 8.84521 5.76460 5.40549
v 8.54521 5.61529 5.27243
v 8.54521 6.21252 5.80470
v 8.54520 7.16733 4.42924
v 8.84520 7.33973 4.53062
v 8.84521 6.36183 5.93777
v 8.54521 5.61529 5.27243
v 8.84521 5.76460 5.40549
v 8.84520 6.65014 4.12509
v 8.54520 6.47774 4.02371
v 8.54520 7.16733 4.42924
v 8.54520 7.84671 2.88357
v 8.84520 8.03558 2.94937
v 8.84520 7.33973 4.53062
v 8.54520 6.47774 4.02371
v 8.84520 6.65014 4.12509
v 8.84520 7.28011 2.68616
v 8.54520 7.09125 2.62036
v 8.54520 7.84671 2.88357
v 8.54520 8.22454 1.22708
v 8.84520 8.42262 1.25477
v 8.84520 8.03558 2.94937
v 8.54520 7.09125 2.62036
v 8.84520 7.28011 2.68616
v 8.84520 7.63032 1.14401
v 8.54520 7.43225 1.11632
v 8.54520 8.22454 1.22708
v 8.54520 8.28631 -0.47656
v 8.84520 8.48598 -0.48805
v 8.84520 8.42262 1.25477
v 8.54520 7.43225 1.11632
v 8.84520 7.63032 1.14401
v 8.84520 7.68730 -0.44211
v 8.54520 7.48763 -0.43063
v 8.54520 8.28631 -0.47656
v 8.54520 8.02964 -2.16189
v 8.84520 8.22323 -2.21211
v 8.84520 8.48598 -0.48805
v 8.54520 7.48763 -0.43063
v 8.84520 7.68730 -0.44211
v 8.84520 7.44886 -2.01124
v 8.54520 7.25526 -1.96103
v 8.54520 8.02964 -2.16189
v 8.54520 7.46439 -3.76414
v 8.84520 7.64447 -3.85116
v 8.84520 8.22323 -2.21211
v 8.54520 7.25526 -1.96103
v 8.84520 7.44886 -2.01124
v 8.84520 6.92416 -3.50308
v 8.54520 6.74408 -3.41606
v 8.54520 7.46439 -3.76414
v 8.54520 6.61229 -5.22174
v 8.84520 6.77193 -5.34222
v 8.84520 7.64447 -3.85116
v 8.54520 6.74408 -3.41606
v 8.84520 6.92416 -3.50308
v 8.84520 6.13337 -4.86030
v 8.54520 5.97373 -4.73982
v 8.54520 6.61229 -5.22174
v 8.54520 5.50609 -6.47866
v 8.84520 5.63915 -6.62797
v 8.84520 6.77193 -5.34222
v 8.54520 5.97373 -4.73982
v 8.84520 6.13337 -4.86030
v 8.84520 5.10688 -6.03074
v 8.54520 4.97381 -5.88143
v 8.54520 5.50609 -6.47866
v 8.54520 4.18829 -7.48662
v 8.84520 4.28967 -7.65902
v 8.84520 5.63915 -6.62797
v 8.54520 4.97381 -5.88143
v 8.84520 5.10688 -6.03074
v 8.84520 3.88414 -6.96942
v 8.54520 3.78275 -6.79702
v 8.54520 4.18829 -7.48662
v 8.54520 2.70953 -8.20687
v 8.84520 2.77533 -8.39573
v 8.84520 4.28967 -7.65902
v 8.54520 3.78275 -6.79702
v 8.84520 3.88414 -6.96942
v 8.84520 2.51213 -7.64027
v 8.54520 2.44633 -7.45141
v 8.54520 2.70953 -8.20687
v 8.54520 1.12665 -8.61173
v 8.84520 1.15434 -8.80981
v 8.84520 2.77533 -8.39573
v 8.54520 2.44633 -7.45141
v 8.84520 2.51213 -7.64027
v 8.84520 1.04358 -8.01751
v 8.54520 1.01589 -7.81944
v 8.54520 1.12665 -8.61173
v 8.54520 -0.49953 -8.68565
v 8.84520 -0.51101 -8.88532
v 8.84520 1.15434 -8.80981
v 8.54520 1.01589 -7.81944
v 8.84520 1.04358 -8.01751
v 8.84520 -0.46508 -8.08664
v 8.54520 -0.45359 -7.88697
v 8.54520 -0.49953 -8.68565
v 8.54520 -2.10651 -8.42579
v 8.84520 -2.15672 -8.61938
v 8.84520 -0.51101 -8.88532
v 8.54520 -0.45359 -7.88697
v 8.84520 -0.46508 -8.08664
v 8.84520 -1.95586 -7.84501
v 8.54520 -1.90564 -7.65141
v 8.54520 -2.10651 -8.42579
v 8.54520 -3.63253 -7.84213
v 8.84520 -3.71955 -8.02220
v 8.84520 -2.15672 -8.61938
v 8.54520 -1.90564 -7.65141
v 8.84520 -1.95586 -7.84501
v 8.84520 -3.37147 -7.30190
v 8.54520 -3.28446 -7.12182
v 8.54520 -3.63253 -7.84213
v 8.54520 -5.01897 -6.95710
v 8.84520 -5.13944 -7.11673
v 8.84520 -3.71955 -8.02220
v 8.54520 -3.28446 -7.12182
v 8.84520 -3.37147 -7.30190
v 8.84520 -4.65753 -6.47818
v 8.54520 -4.53705 -6.31854
v 8.54520 -5.01897 -6.95710
v 8.54520 -6.21252 -5.80471
v 8.84520 -6.36183 -5.93777
v 8.84520 -5.13944 -7.11673
v 8.54520 -4.53705 -6.31854
v 8.84520 -4.65753 -6.47818
v 8.84520 -5.76460 -5.40550
v 8.54520 -5.61529 -5.27243
v 8.54520 -6.21252 -5.80471
v 8.54520 -7.16734 -4.42925
v 8.84520 -7.33973 -4.53063
v 8.84520 -6.36183 -5.93777
v 8.54520 -5.61529 -5.27243
v 8.84520 -5.76460 -5.40550
v 8.84520 -6.65014 -4.12510
v 8.54520 -6.47774 -4.02372
v 8.54520 -7.16734 -4.42925
v 8.54520 -7.84671 -2.88358
v 8.84520 -8.03558 -2.94938
v 8.84520 -7.33973 -4.53063
v 8.54520 -6.47774 -4.02372
v 8.84520 -6.65014 -4.12510
v 8.84520 -7.28011 -2.68617
v 8.54520 -7.09125 -2.62037
v 8.54520 -7.84671 -2.88358
v 8.54520 -8.22454 -1.22709
v 8.84520 -8.42262 -1.25478
v 8.84520 -8.03558 -2.94938
v 8.54520 -7.09125 -2.62037
v 8.84520 -7.28011 -2.68617
v 8.84520 -7.63032 -1.14402
v 8.54520 -7.43225 -1.11632
v 8.54520 -8.22454 -1.22709
v 8.54520 -8.28631 0.47656
v 8.84520 -8.48598 0.48804
v 8.84520 -8.42262 -1.25478
v 8.54520 -7.43225 -1.11632
v 8.84520 -7.63032 -1.14402
v 8.84520 -7.68730 0.44210
v 8.54520 -7.48763 0.43062
v 8.84520 -8.48598 0.48804
v 8.84520 -8.22323 2.21210
v 10.04520 -8.22323 2.21210
v 10.04520 -8.48598 0.48804
v 8.84520 -7.68730 0.44210
v 10.04520 -7.68730 0.44210
v 10.04520 -7.44886 2.01123
v 8.84520 -7.44886 2.01123
v 8.84520 -8.22323 2.21210
v 8.84520 -7.64447 3.85115
v 10.04520 -7.64447 3.85115
v 10.04520 -8.22323 2.21210
v 8.84520 -7.44886 2.01123
v 10.04520 -7.44886 2.01123
v 10.04520 -6.92416 3.50307
v 8.84520 -6.92416 3.50307
v 8.84520 -7.64447 3.85115
v 8.84521 -6.77193 5.34221
v 10.04521 -6.77193 5.34220
v 10.04520 -7.64447 3.85115
v 8.84520 -6.92416 3.50307
v 10.04520 -6.92416 3.50307
v 10.04521 -6.13337 4.86029
v 8.84520 -6.13337 4.86029
v 8.84521 -6.77193 5.34221
v 8.84521 -5.63915 6.62796
v 10.04521 -5.63915 6.62796
v 10.04521 -6.77193 5.34220
v 8.84520 -6.13337 4.86029
v 10.04521 -6.13337 4.86029
v 10.04521 -5.10688 6.03073
v 8.84521 -5.10688 6.03073
v 8.84521 -5.63915 6.62796
v 8.84521 -4.28967 7.65901
v 10.04521 -4.28967 7.65901
v 10.04521 -5.63915 6.62796
v 8.84521 -5.10688 6.03073
v 10.04521 -5.10688 6.03073
v 10.04521 -3.88414 6.96941
v 8.84521 -3.88414 6.96941
v 8.84521 -4.28967 7.65901
v 8.84521 -2.77533 8.39572
v 10.04521 -2.77533 8.39572
v 10.04521 -4.28967 7.65901
v 8.84521 -3.88414 6.96941
v 10.04521 -3.88414 6.96941
v 10.04521 -2.51213 7.64026
v 8.84521 -2.51213 7.64026
v 8.84521 -2.77533 8.39572
v 8.84521 -1.15434 8.80980
v 10.04521 -1.15434 8.80980
v 10.04521 -2.77533 8.39572
v 8.84521 -2.51213 7.64026
v 10.04521 -2.51213 7.64026
v 10.04521 -1.04358 8.01750
v 8.84521 -1.04358 8.01750
v 8.84521 -1.15434 8.80980
v 8.84521 0.51101 8.88531
v 10.04521 0.51101 8.88531
v 10.04521 -1.15434 8.80980
v 8.84521 -1.04358 8.01750
v 10.04521 -1.04358 8.01750
v 10.04521 0.46508 8.08663
v 8.84521 0.46508 8.08663
v 8.84521 0.51101 8.88531
v 8.84521 2.15672 8.61937
v 10.04521 2.15672 8.61937
v 10.04521 0.51101 8.88531
v 8.84521 0.46508 8.08663
v 10.04521 0.46508 8.08663
v 10.04521 1.95586 7.84500
v 8.84521 1.95586 7.84500
v 8.84521 2.15672 8.61937
v 8.84521 3.71955 8.02219
v 10.04521 3.71955 8.02219
v 10.04521 2.15672 8.61937
v 8.84521 1.95586 7.84500
v 10.04521 1.95586 7.84500
v 10.04521 3.37148 7.30189
v 8.84521 3.37148 7.30189
v 8.84521 3.71955 8.02219
v 8.84521 5.13945 7.11672
v 10.04521 5.13945 7.11672
v 10.04521 3.71955 8.02219
v 8.84521 3.37148 7.30189
v 10.04521 3.37148 7.30189
v 10.04521 4.65753 6.47817
v 8.84521 4.65753 6.47817
v 8.84521 5.13945 7.11672
v 8.84521 6.36183 5.93777
v 10.04521 6.36183 5.93777
v 10.04521 5.13945 7.11672
v 8.84521 4.65753 6.47817
v 10.04521 4.65753 6.47817
v 10.04521 5.76460 5.40549
v 8.84521 5.76460 5.40549
v 8.84521 6.36183 5.93777
v 8.84520 7.33973 4.53062
v 10.04520 7.33973 4.53062
v 10.04521 6.36183 5.93777
v 8.84521 5.76460 5.40549
v 10.04521 5.76460 5.40549
v 10.04520 6.65014 4.12509
v 8.84520 6.65014 4.12509
v 8.84520 7.33973 4.53062
v 8.84520 8.03558 2.94937
v 10.04520 8.03558 2.94937
v 10.04520 7.33973 4.53062
v 8.84520 6.65014 4.12509
v 10.04520 6.65014 4.12509
v 10.04520 7.28011 2.68616
v 8.84520 7.28011 2.68616
v 8.84520 8.03558 2.94937
v 8.84520 8.42262 1.25477
v 10.04520 8.42262 1.25477
v 10.04520 8.03558 2.94937
v 8.84520 7.28011 2.68616
v 10.04520 7.28011 2.68616
v 10.04520 7.63032 1.14401
v 8.84520 7.63032 1.14401
v 8.84520 8.42262 1.25477
v 8.84520 8.48598 -0.48805
v 10.04520 8.48598 -0.48805
v 10.04520 8.42262 1.25477
v 8.84520 7.63032 1.14401
v 10.04520 7.63032 1.14401
v 10.04520 7.68730 -0.44211
v 8.84520 7.68730 -0.44211
v 8.84520 8.48598 -0.48805
v 8.84520 8.22323 -2.21211
v 10.04520 8.22323 -2.21211
v 10.04520 8.48598 -0.48805
v 8.84520 7.68730 -0.44211
v 10.04520 7.68730 -0.44211
v 10.04520 7.44886 -2.01124
v 8.84520 7.44886 -2.01124
v 8.84520 8.22323 -2.21211
v 8.84520 7.64447 -3.85116
v 10.04520 7.64447 -3.85116
v 10.04520 8.22323 -2.21211
v 8.84520 7.44886 -2.01124
v 10.04520 7.44886 -2.01124
v 10.04520 6.92416 -3.50308
v 8.84520 6.92416 -3.50308
v 8.84520 7.64447 -3.85116
v 8.84520 6.77193 -5.34222
v 10.04520 6.77193 -5.34222
v 10.04520 7.64447 -3.85116
v 8.84520 6.92416 -3.50308
v 10.04520 6.92416 -3.50308
v 10.04520 6.13337 -4.86030
v 8.84520 6.13337 -4.86030
v 8.84520 6.77193 -5.34222
v 8.84520 5.63915 -6.62797
v 10.04520 5.63915 -6.62797
v 10.04520 6.77193 -5.34222
v 8.84520 6.13337 -4.86030
v 10.04520 6.13337 -4.86030
v 10.04520 5.10688 -6.03074
v 8.84520 5.10688 -6.03074
v 8.84520 5.63915 -6.62797
v 8.84520 4.28967 -7.65902
v 10.04520 4.28967 -7.65902
v 10.04520 5.63915 -6.62797
v 8.84520 5.10688 -6.03074
v 10.04520 5.10688 -6.03074
v 10.04520 3.88414 -6.96942
v 8.84520 3.88414 -6.96942
v 8.84520 4.28967 -7.65902
v 8.84520 2.77533 -8.39573
v 10.04520 2.77533 -8.39573
v 10.04520 4.28967 -7.65902
v 8.84520 3.88414 -6.96942
v 10.04520 3.88414 -6.96942
v 10.04520 2.51213 -7.64027
v 8.84520 2.51213 -7.64027
v 8.84520 2.77533 -8.39573
v 8.84520 1.15434 -8.80981
v 10.04520 1.15434 -8.80981
v 10.04520 2.77533 -8.39573
v 8.84520 2.51213 -7.64027
v 10.04520 2.51213 -7.64027
v 10.04520 1.04358 -8.01751
v 8.84520 1.04358 -8.01751
v 8.84520 1.15434 -8.80981
v 8.84520 -0.51101 -8.88532
v 10.04520 -0.51101 -8.88532
v 10.04520 1.15434 -8.80981
v 8.84520 1.04358 -8.01751
v 10.04520 1.04358 -8.01751
v 10.04520 -0.46508 -8.08664
v 8.84520 -0.46508 -8.08664
v 8.84520 -0.51101 -8.88532
v 8.84520 -2.15672 -8.61938
v 10.04520 -2.15672 -8.61938
v 10.04520 -0.51101 -8.88532
v 8.84520 -0.46508 -8.08664
v 10.04520 -0.46508 -8.08664
v 10.04520 -1.95586 -7.84501
v 8.84520 -1.95586 -7.84501
v 8.84520 -2.15672 -8.61938
v 8.84520 -3.71955 -8.02220
v 10.04520 -3.71955 -8.02220
v 10.04520 -2.15672 -8.61938
v 8.84520 -1.95586 -7.84501
v 10.04520 -1.95586 -7.84501
v 10.04520 -3.37147 -7.30190
v 8.84520 -3.37147 -7.30190
v 8.84520 -3.71955 -8.02220
v 8.84520 -5.13944 -7.11673
v 10.04520 -5.13944 -7.11674
v 10.04520 -3.71955 -8.02220
v 8.84520 -3.37147 -7.30190
v 10.04520 -3.37147 -7.30190
v 10.04520 -4.65753 -6.47818
v 8.84520 -4.65753 -6.47818
v 8.84520 -5.13944 -7.11673
v 8.84520 -6.36183 -5.93777
v 10.04520 -6.36183 -5.93778
v 10.04520 -5.13944 -7.11674
v 8.84520 -4.65753 -6.47818
v 10.04520 -4.65753 -6.47818
v 10.04520 -5.76460 -5.40550
v 8.84520 -5.76460 -5.40550
v 8.84520 -6.36183 -5.93777
v 8.84520 -7.33973 -4.53063
v 10.04520 -7.33973 -4.53063
v 10.04520 -6.36183 -5.93778
v 8.84520 -5.76460 -5.40550
v 10.04520 -5.76460 -5.40550
v 10.04520 -6.65014 -4.12510
v 8.84520 -6.65014 -4.12510
v 8.84520 -7.33973 -4.53063
v 8.84520 -8.03558 -2.94938
v 10.04520 -8.03558 -2.94938
v 10.04520 -7.33973 -4.53063
v 8.84520 -6.65014 -4.12510
v 10.04520 -6.65014 -4.12510
v 10.04520 -7.28011 -2.68617
v 8.84520 -7.28011 -2.68617
v 8.84520 -8.03558 -2.94938
v 8.84520 -8.42262 -1.25478
v 10.04520 -8.42262 -1.25478
v 10.04520 -8.03558 -2.94938
v 8.84520 -7.28011 -2.68617
v 10.04520 -7.28011 -2.68617
v 10.04520 -7.63032 -1.14402
v 8.84520 -7.63032 -1.14402
v 8.84520 -8.42262 -1.25478
v 8.84520 -8.48598 0.48804
v 10.04520 -8.48598 0.48804
v 10.04520 -8.42262 -1.25478
v 8.84520 -7.63032 -1.14402
v 10.04520 -7.63032 -1.14402
v 10.04520 -7.68730 0.44210
v 8.84520 -7.68730 0.44210
v 10.04520 -8.48598 0.48804
v 10.04520 -8.22323 2.21210
v 10.34520 -8.02964 2.16188
v 10.34520 -8.28631 0.47655
v 10.04520 -7.68730 0.44210
v 10.34520 -7.48763 0.43062
v 10.34520 -7.25526 1.96102
v 10.04520 -7.44886 2.01123
v 10.04520 -8.22323 2.21210
v 10.04520 -7.64447 3.85115
v 10.34520 -7.46439 3.76413
v 10.34520 -8.02964 2.16188
v 10.04520 -7.44886 2.01123
v 10.34520 -7.25526 1.96102
v 10.34520 -6.74408 3.41605
v 10.04520 -6.92416 3.50307
v 10.04520 -7.64447 3.85115
v 10.04521 -6.77193 5.34220
v 10.34521 -6.61229 5.22173
v 10.34520 -7.46439 3.76413
v 10.04520 -6.92416 3.50307
v 10.34520 -6.74408 3.41605
v 10.34520 -5.97373 4.73981
v 10.04521 -6.13337 4.86029
v 10.04521 -6.77193 5.34220
v 10.04521 -5.63915 6.62796
v 10.34521 -5.50609 6.47865
v 10.34521 -6.61229 5.22173
v 10.04521 -6.13337 4.86029
v 10.34520 -5.97373 4.73981
v 10.34521 -4.97381 5.88142
v 10.04521 -5.10688 6.03073
v 10.04521 -5.63915 6.62796
v 10.04521 -4.28967 7.65901
v 10.34521 -4.18829 7.48661
v 10.34521 -5.50609 6.47865
v 10.04521 -5.10688 6.03073
v 10.34521 -4.97381 5.88142
v 10.34521 -3.78275 6.79701
v 10.04521 -3.88414 6.96941
v 10.04521 -4.28967 7.65901
v 10.04521 -2.77533 8.39572
v 10.34521 -2.70953 8.20686
v 10.34521 -4.18829 7.48661
v 10.04521 -3.88414 6.96941
v 10.34521 -3.78275 6.79701
v 10.34521 -2.44633 7.45140
v 10.04521 -2.51213 7.64026
v 10.04521 -2.77533 8.39572
v 10.04521 -1.15434 8.80980
v 10.34521 -1.12665 8.61172
v 10.34521 -2.70953 8.20686
v 10.04521 -2.51213 7.64026
v 10.34521 -2.44633 7.45140
v 10.34521 -1.01589 7.81943
v 10.04521 -1.04358 8.01750
v 10.04521 -1.15434 8.80980
v 10.04521 0.51101 8.88531
v 10.34521 0.49953 8.68564
v 10.34521 -1.12665 8.61172
v 10.04521 -1.04358 8.01750
v 10.34521 -1.01589 7.81943
v 10.34521 0.45359 7.88696
v 10.04521 0.46508 8.08663
v 10.04521 0.51101 8.88531
v 10.04521 2.15672 8.61937
v 10.34521 2.10651 8.42578
v 10.34521 0.49953 8.68564
v 10.04521 0.46508 8.08663
v 10.34521 0.45359 7.88696
v 10.34521 1.90564 7.65140
v 10.04521 1.95586 7.84500
v 10.04521 2.15672 8.61937
v 10.04521 3.71955 8.02219
v 10.34521 3.63253 7.84212
v 10.34521 2.10651 8.42578
v 10.04521 1.95586 7.84500
v 10.34521 1.90564 7.65140
v 10.34521 3.28446 7.12181
v 10.04521 3.37148 7.30189
v 10.04521 3.71955 8.02219
v 10.04521 5.13945 7.11672
v 10.34521 5.01897 6.95708
v 10.34521 3.63253 7.84212
v 10.04521 3.37148 7.30189
v 10.34521 3.28446 7.12181
v 10.34521 4.53705 6.31853
v 10.04521 4.65753 6.47817
v 10.04521 5.13945 7.11672
v 10.04521 6.36183 5.93777
v 10.34521 6.21252 5.80470
v 10.34521 5.01897 6.95708
v 10.04521 4.65753 6.47817
v 10.34521 4.53705 6.31853
v 10.34521 5.61529 5.27242
v 10.04521 5.76460 5.40549
v 10.04521 6.36183 5.93777
v 10.04520 7.33973 4.53062
v 10.34520 7.16733 4.42924
v 10.34521 6.21252 5.80470
v 10.04521 5.76460 5.40549
v 10.34521 5.61529 5.27242
v 10.34520 6.47774 4.02371
v 10.04520 6.65014 4.12509
v 10.04520 7.33973 4.53062
v 10.04520 8.03558 2.94937
v 10.34520 7.84671 2.88357
v 10.34520 7.16733 4.42924
v 10.04520 6.65014 4.12509
v 10.34520 6.47774 4.02371
v 10.34520 7.09125 2.62036
v 10.04520 7.28011 2.68616
v 10.04520 8.03558 2.94937
v 10.04520 8.42262 1.25477
v 10.34520 8.22454 1.22708
v 10.34520 7.84671 2.88357
v 10.04520 7.28011 2.68616
v 10.34520 7.09125 2.62036
v 10.34520 7.43225 1.11631
v 10.04520 7.63032 1.14401
v 10.04520 8.42262 1.25477
v 10.04520 8.48598 -0.48805
v 10.34520 8.28631 -0.47656
v 10.34520 8.22454 1.22708
v 10.04520 7.63032 1.14401
v 10.34520 7.43225 1.11631
v 10.34520 7.48763 -0.43063
v 10.04520 7.68730 -0.44211
v 10.04520 8.48598 -0.48805
v 10.04520 8.22323 -2.21211
v 10.34520 8.02964 -2.16189
v 10.34520 8.28631 -0.47656
v 10.04520 7.68730 -0.44211
v 10.34520 7.48763 -0.43063
v 10.34520 7.25526 -1.96103
v 10.04520 7.44886 -2.01124
v 10.04520 8.22323 -2.21211
v 10.04520 7.64447 -3.85116
v 10.34520 7.46439 -3.76414
v 10.34520 8.02964 -2.16189
v 10.04520 7.44886 -2.01124
v 10.34520 7.25526 -1.96103
v 10.34520 6.74408 -3.41606
v 10.04520 6.92416 -3.50308
v 10.04520 7.64447 -3.85116
v 10.04520 6.77193 -5.34222
v 10.34520 6.61229 -5.22174
v 10.34520 7.46439 -3.76414
v 10.04520 6.92416 -3.50308
v 10.34520 6.74408 -3.41606
v 10.34520 5.97373 -4.73982
v 10.04520 6.13337 -4.86030
v 10.04520 6.77193 -5.34222
v 10.04520 5.63915 -6.62797
v 10.34520 5.50609 -6.47866
v 10.34520 6.61229 -5.22174
v 10.04520 6.13337 -4.86030
v 10.34520 5.97373 -4.73982
v 10.34520 4.97381 -5.88143
v 10.04520 5.10688 -6.03074
v 10.04520 5.63915 -6.62797
v 10.04520 4.28967 -7.65902
v 10.34520 4.18829 -7.48662
v 10.34520 5.50609 -6.47866
v 10.04520 5.10688 -6.03074
v 10.34520 4.97381 -5.88143
v 10.34520 3.78275 -6.79702
v 10.04520 3.88414 -6.96942
v 10.04520 4.28967 -7.65902
v 10.04520 2.77533 -8.39573
v 10.34520 2.70953 -8.20687
v 10.34520 4.18829 -7.48662
v 10.04520 3.88414 -6.96942
v 10.34520 3.78275 -6.79702
v 10.34520 2.44633 -7.45141
v 10.04520 2.51213 -7.64027
v 10.04520 2.77533 -8.39573
v 10.04520 1.15434 -8.80981
v 10.34520 1.12665 -8.61173
v 10.34520 2.70953 -8.20687
v 10.04520 2.51213 -7.64027
v 10.34520 2.44633 -7.45141
v 10.34520 1.01589 -7.81944
v 10.04520 1.04358 -8.01751
v 10.04520 1.15434 -8.80981
v 10.04520 -0.51101 -8.88532
v 10.34520 -0.49953 -8.68565
v 10.34520 1.12665 -8.61173
v 10.04520 1.04358 -8.01751
v 10.34520 1.01589 -7.81944
v 10.34520 -0.45359 -7.88697
v 10.04520 -0.46508 -8.08664
v 10.04520 -0.51101 -8.88532
v 10.04520 -2.15672 -8.61938
v 10.34520 -2.10651 -8.42579
v 10.34520 -0.49953 -8.68565
v 10.04520 -0.46508 -8.08664
v 10.34520 -0.45359 -7.88697
v 10.34520 -1.90564 -7.65142
v 10.04520 -1.95586 -7.84501
v 10.04520 -2.15672 -8.61938
v 10.04520 -3.71955 -8.02220
v 10.34520 -3.63253 -7.84213
v 10.34520 -2.10651 -8.42579
v 10.04520 -1.95586 -7.84501
v 10.34520 -1.90564 -7.65142
v 10.34520 -3.28446 -7.12182
v 10.04520 -3.37147 -7.30190
v 10.04520 -3.71955 -8.02220
v 10.04520 -5.13944 -7.11674
v 10.34520 -5.01897 -6.95710
v 10.34520 -3.63253 -7.84213
v 10.04520 -3.37147 -7.30190
v 10.34520 -3.28446 -7.12182
v 10.34520 -4.53705 -6.31854
v 10.04520 -4.65753 -6.47818
v 10.04520 -5.13944 -7.11674
v 10.04520 -6.36183 -5.93778
v 10.34520 -6.21252 -5.80471
v 10.34520 -5.01897 -6.95710
v 10.04520 -4.65753 -6.47818
v 10.34520 -4.53705 -6.31854
v 10.34520 -5.61529 -5.27244
v 10.04520 -5.76460 -5.40550
v 10.04520 -6.36183 -5.93778
v 10.04520 -7.33973 -4.53063
v 10.34520 -7.16734 -4.42925
v 10.34520 -6.21252 -5.80471
v 10.04520 -5.76460 -5.40550
v 10.34520 -5.61529 -5.27244
v 10.34520 -6.47774 -4.02372
v 10.04520 -6.65014 -4.12510
v 10.04520 -7.33973 -4.53063
v 10.04520 -8.03558 -2.94938
v 10.34520 -7.84671 -2.88358
v 10.34520 -7.16734 -4.42925
v 10.04520 -6.65014 -4.12510
v 10.34520 -6.47774 -4.02372
v 10.34520 -7.09125 -2.62037
v 10.04520 -7.28011 -2.68617
v 10.04520 -8.03558 -2.94938
v 10.04520 -8.42262 -1.25478
v 10.34520 -8.22454 -1.22709
v 10.34520 -7.84671 -2.88358
v 10.04520 -7.28011 -2.68617
v 10.34520 -7.09125 -2.62037
v 10.34520 -7.43225 -1.11633
v 10.04520 -7.63032 -1.14402
v 10.04520 -8.42262 -1.25478
v 10.04520 -8.48598 0.48804
v 10.34520 -8.28631 0.47655
v 10.34520 -8.22454 -1.22709
v 10.04520 -7.63032 -1.14402
v 10.34520 -7.43225 -1.11633
v 10.34520 -7.48763 0.43062
v 10.04520 -7.68730 0.44210
v 8.54520 -8.28631 0.47655
v 8.54520 -7.48763 0.43062
v 8.54520 -7.25526 1.96102
v 8.54520 -8.02964 2.16188
v 10.34520 -8.28631 0.47655
v 10.34520 -8.02964 2.16188
v 10.34520 -7.25526 1.96102
v 10.34520 -7.48763 0.43062
v 8.54520 -8.02964 2.16188
v 8.54520 -7.25526 1.96102
v 8.54520 -6.74408 3.41605
v 8.54520 -7.46439 3.76413
v 10.34520 -8.02964 2.16188
v 10.34520 -7.46439 3.76413
v 10.34520 -6.74408 3.41605
v 10.34520 -7.25526 1.96102
v 8.54520 -7.46439 3.76413
v 8.54520 -6.74408 3.41605
v 8.54521 -5.97373 4.73981
v 8.54521 -6.61229 5.22173
v 10.34520 -7.46439 3.76413
v 10.34521 -6.61229 5.22173
v 10.34520 -5.97373 4.73981
v 10.34520 -6.74408 3.41605
v 8.54521 -6.61229 5.22173
v 8.54521 -5.97373 4.73981
v 8.54521 -4.97381 5.88142
v 8.54521 -5.50609 6.47865
v 10.34521 -6.61229 5.22173
v 10.34521 -5.50609 6.47865
v 10.34521 -4.97381 5.88142
v 10.34520 -5.97373 4.73981
v 8.54521 -5.50609 6.47865
v 8.54521 -4.97381 5.88142
v 8.54521 -3.78275 6.79701
v 8.54521 -4.18829 7.48661
v 10.34521 -5.50609 6.47865
v 10.34521 -4.18829 7.48661
v 10.34521 -3.78275 6.79701
v 10.34521 -4.97381 5.88142
v 8.54521 -4.18829 7.48661
v 8.54521 -3.78275 6.79701
v 8.54521 -2.44633 7.45140
v 8.54521 -2.70953 8.20686
v 10.34521 -4.18829 7.48661
v 10.34521 -2.70953 8.20686
v 10.34521 -2.44633 7.45140
v 10.34521 -3.78275 6.79701
v 8.54521 -2.70953 8.20686
v 8.54521 -2.44633 7.45140
v 8.54521 -1.01589 7.81943
v 8.54521 -1.12665 8.61172
v 10.34521 -2.70953 8.20686
v 10.34521 -1.12665 8.61172
v 10.34521 -1.01589 7.81943
v 10.34521 -2.44633 7.45140
v 8.54521 -1.12665 8.61172
v 8.54521 -1.01589 7.81943
v 8.54521 0.45359 7.88696
v 8.54521 0.49953 8.68564
v 10.34521 -1.12665 8.61172
v 10.34521 0.49953 8.68564
v 10.34521 0.45359 7.88696
v 10.34521 -1.01589 7.81943
v 8.54521 0.49953 8.68564
v 8.54521 0.45359 7.88696
v 8.54521 1.90564 7.65141
v 8.54521 2.10651 8.42578
v 10.34521 0.49953 8.68564
v 10.34521 2.10651 8.42578
v 10.34521 1.90564 7.65140
v 10.34521 0.45359 7.88696
v 8.54521 2.10651 8.42578
v 8.54521 1.90564 7.65141
v 8.54521 3.28446 7.12181
v 8.54521 3.63253 7.84212
v 10.34521 2.10651 8.42578
v 10.34521 3.63253 7.84212
v 10.34521 3.28446 7.12181
v 10.34521 1.90564 7.65140
v 8.54521 3.63253 7.84212
v 8.54521 3.28446 7.12181
v 8.54521 4.53705 6.31853
v 8.54521 5.01897 6.95709
v 10.34521 3.63253 7.84212
v 10.34521 5.01897 6.95708
v 10.34521 4.53705 6.31853
v 10.34521 3.28446 7.12181
v 8.54521 5.01897 6.95709
v 8.54521 4.53705 6.31853
v 8.54521 5.61529 5.27243
v 8.54521 6.21252 5.80470
v 10.34521 5.01897 6.95708
v 10.34521 6.21252 5.80470
v 10.34521 5.61529 5.27242
v 10.34521 4.53705 6.31853
v 8.54521 6.21252 5.80470
v 8.54521 5.61529 5.27243
v 8.54520 6.47774 4.02371
v 8.54520 7.16733 4.42924
v 10.34521 6.21252 5.80470
v 10.34520 7.16733 4.42924
v 10.34520 6.47774 4.02371
v 10.34521 5.61529 5.27242
v 8.54520 7.16733 4.42924
v 8.54520 6.47774 4.02371
v 8.54520 7.09125 2.62036
v 8.54520 7.84671 2.88357
v 10.34520 7.16733 4.42924
v 10.34520 7.84671 2.88357
v 10.34520 7.09125 2.62036
v 10.34520 6.47774 4.02371
v 8.54520 7.84671 2.88357
v 8.54520 7.09125 2.62036
v 8.54520 7.43225 1.11632
v 8.54520 8.22454 1.22708
v 10.34520 7.84671 2.88357
v 10.34520 8.22454 1.22708
v 10.34520 7.43225 1.11631
v 10.34520 7.09125 2.62036
v 8.54520 8.22454 1.22708
v 8.54520 7.43225 1.11632
v 8.54520 7.48763 -0.43063
v 8.54520 8.28631 -0.47656
v 10.34520 8.22454 1.22708
v 10.34520 8.28631 -0.47656
v 10.34520 7.48763 -0.43063
v 10.34520 7.43225 1.11631
v 8.54520 8.28631 -0.47656
v 8.54520 7.48763 -0.43063
v 8.54520 7.25526 -1.96103
v 8.54520 8.02964 -2.16189
v 10.34520 8.28631 -0.47656
v 10.34520 8.02964 -2.16189
v 10.34520 7.25526 -1.96103
v 10.34520 7.48763 -0.43063
v 8.54520 8.02964 -2.16189
v 8.54520 7.25526 -1.96103
v 8.54520 6.74408 -3.41606
v 8.54520 7.46439 -3.76414
v 10.34520 8.02964 -2.16189
v 10.34520 7.46439 -3.76414
v 10.34520 6.74408 -3.41606
v 10.34520 7.25526 -1.96103
v 8.54520 7.46439 -3.76414
v 8.54520 6.74408 -3.41606
v 8.54520 5.97373 -4.73982
v 8.54520 6.61229 -5.22174
v 10.34520 7.46439 -3.76414
v 10.34520 6.61229 -5.22174
v 10.34520 5.97373 -4.73982
v 10.34520 6.74408 -3.41606
v 8.54520 6.61229 -5.22174
v 8.54520 5.97373 -4.73982
v 8.54520 4.97381 -5.88143
v 8.54520 5.50609 -6.47866
v 10.34520 6.61229 -5.22174
v 10.34520 5.50609 -6.47866
v 10.34520 4.97381 -5.88143
v 10.34520 5.97373 -4.73982
v 8.54520 5.50609 -6.47866
v 8.54520 4.97381 -5.88143
v 8.54520 3.78275 -6.79702
v 8.54520 4.18829 -7.48662
v 10.34520 5.50609 -6.47866
v 10.34520 4.18829 -7.48662
v 10.34520 3.78275 -6.79702
v 10.34520 4.97381 -5.88143
v 8.54520 4.18829 -7.48662
v 8.54520 3.78275 -6.79702
v 8.54520 2.44633 -7.45141
v 8.54520 2.70953 -8.20687
v 10.34520 4.18829 -7.48662
v 10.34520 2.70953 -8.20687
v 10.34520 2.44633 -7.45141
v 10.34520 3.78275 -6.79702
v 8.54520 2.70953 -8.20687
v 8.54520 2.44633 -7.45141
v 8.54520 1.01589 -7.81944
v 8.54520 1.12665 -8.61173
v 10.34520 2.70953 -8.20687
v 10.34520 1.12665 -8.61173
v 10.34520 1.01589 -7.81944
v 10.34520 2.44633 -7.45141
v 8.54520 1.12665 -8.61173
v 8.54520 1.01589 -7.81944
v 8.54520 -0.45359 -7.88697
v 8.54520 -0.49953 -8.68565
v 10.34520 1.12665 -8.61173
v 10.34520 -0.49953 -8.68565
v 10.34520 -0.45359 -7.88697
v 10.34520 1.01589 -7.81944
v 8.54520 -0.49953 -8.68565
v 8.54520 -0.45359 -7.88697
v 8.54520 -1.90564 -7.65141
v 8.54520 -2.10651 -8.42579
v 10.34520 -0.49953 -8.68565
v 10.34520 -2.10651 -8.42579
v 10.34520 -1.90564 -7.65142
v 10.34520 -0.45359 -7.88697
v 8.54520 -2.10651 -8.42579
v 8.54520 -1.90564 -7.65141
v 8.54520 -3.28446 -7.12182
v 8.54520 -3.63253 -7.84213
v 10.34520 -2.10651 -8.42579
v 10.34520 -3.63253 -7.84213
v 10.34520 -3.28446 -7.12182
v 10.34520 -1.90564 -7.65142
v 8.54520 -3.63253 -7.84213
v 8.54520 -3.28446 -7.12182
v 8.54520 -4.53705 -6.31854
v 8.54520 -5.01897 -6.95710
v 10.34520 -3.63253 -7.84213
v 10.34520 -5.01897 -6.95710
v 10.34520 -4.53705 -6.31854
v 10.34520 -3.28446 -7.12182
v 8.54520 -5.01897 -6.95710
v 8.54520 -4.53705 -6.31854
v 8.54520 -5.61529 -5.27243
v 8.54520 -6.21252 -5.80471
v 10.34520 -5.01897 -6.95710
v 10.34520 -6.21252 -5.80471
v 10.34520 -5.61529 -5.27244
v 10.34520 -4.53705 -6.31854
v 8.54520 -6.21252 -5.80471
v 8.54520 -5.61529 -5.27243
v 8.54520 -6.47774 -4.02372
v 8.54520 -7.16734 -4.42925
v 10.34520 -6.21252 -5.80471
v 10.34520 -7.16734 -4.42925
v 10.34520 -6.47774 -4.02372
v 10.34520 -5.61529 -5.27244
v 8.54520 -7.16734 -4.42925
v 8.54520 -6.47774 -4.02372
v 8.54520 -7.09125 -2.62037
v 8.54520 -7.84671 -2.88358
v 10.34520 -7.16734 -4.42925
v 10.34520 -7.84671 -2.88358
v 10.34520 -7.09125 -2.62037
v 10.34520 -6.47774 -4.02372
v 8.54520 -7.84671 -2.88358
v 8.54520 -7.09125 -2.62037
v 8.54520 -7.43225 -1.11632
v 8.54520 -8.22454 -1.22709
v 10.34520 -7.84671 -2.88358
v 10.34520 -8.22454 -1.22709
v 10.34520 -7.43225 -1.11633
v 10.34520 -7.09125 -2.62037
v 8.54520 -8.22454 -1.22709
v 8.54520 -7.43225 -1.11632
v 8.54520 -7.48763 0.43062
v 8.54520 -8.28631 0.47656
v 10.34520 -8.22454 -1.22709
v 10.34520 -8.28631 0.47655
v 10.34520 -7.48763 0.43062
v 10.34520 -7.43225 -1.11633
v 8.54520 -8.28631 0.47655
v 8.84520 -8.48598 0.48804
v 8.84520 -7.68730 0.44210
v 8.54520 -7.48763 0.43062
v 8.54520 -7.48763 0.43062
v 8.84520 -7.68730 0.44210
v 8.84520 -8.48598 0.48804
v 8.54520 -8.28631 0.47656
v 8.84520 -8.48598 0.48804
v 10.04520 -8.48598 0.48804
v 10.04520 -7.68730 0.44210
v 8.84520 -7.68730 0.44210
v 8.84520 -7.68730 0.44210
v 10.04520 -7.68730 0.44210
v 10.04520 -8.48598 0.48804
v 8.84520 -8.48598 0.48804
v 10.04520 -8.48598 0.48804
v 10.34520 -8.28631 0.47655
v 10.34520 -7.48763 0.43062
v 10.04520 -7.68730 0.44210
v 10.04520 -7.68730 0.44210
v 10.34520 -7.48763 0.43062
v 10.34520 -8.28631 0.47655
v 10.04520 -8.48598 0.48804
v 16.26228 -8.28631 0.47655
v 16.26228 -8.02964 2.16188
v 16.56228 -8.22323 2.21210
v 16.56228 -8.48598 0.48803
v 16.26228 -7.48763 0.43062
v 16.56228 -7.68730 0.44210
v 16.56228 -7.44886 2.01123
v 16.26228 -7.25526 1.96101
v 16.26228 -8.02964 2.16188
v 16.26228 -7.46439 3.76413
v 16.56228 -7.64447 3.85115
v 16.56228 -8.22323 2.21210
v 16.26228 -7.25526 1.96101
v 16.56228 -7.44886 2.01123
v 16.56228 -6.92416 3.50307
v 16.26228 -6.74408 3.41605
v 16.26228 -7.46439 3.76413
v 16.26228 -6.61229 5.22172
v 16.56228 -6.77193 5.34220
v 16.56228 -7.64447 3.85115
v 16.26228 -6.74408 3.41605
v 16.56228 -6.92416 3.50307
v 16.56228 -6.13337 4.86029
v 16.26228 -5.97373 4.73981
v 16.26228 -6.61229 5.22172
v 16.26228 -5.50609 6.47865
v 16.56228 -5.63915 6.62796
v 16.56228 -6.77193 5.34220
v 16.26228 -5.97373 4.73981
v 16.56228 -6.13337 4.86029
v 16.56228 -5.10688 6.03073
v 16.26228 -4.97381 5.88142
v 16.26228 -5.50609 6.47865
v 16.26228 -4.18829 7.48661
v 16.56228 -4.28967 7.65901
v 16.56228 -5.63915 6.62796
v 16.26228 -4.97381 5.88142
v 16.56228 -5.10688 6.03073
v 16.56228 -3.88414 6.96941
v 16.26228 -3.78275 6.79701
v 16.26228 -4.18829 7.48661
v 16.26228 -2.70953 8.20685
v 16.56228 -2.77533 8.39572
v 16.56228 -4.28967 7.65901
v 16.26228 -3.78275 6.79701
v 16.56228 -3.88414 6.96941
v 16.56228 -2.51213 7.64026
v 16.26228 -2.44633 7.45139
v 16.26228 -2.70953 8.20685
v 16.26228 -1.12665 8.61172
v 16.56228 -1.15434 8.80979
v 16.56228 -2.77533 8.39572
v 16.26228 -2.44633 7.45139
v 16.56228 -2.51213 7.64026
v 16.56228 -1.04358 8.01750
v 16.26228 -1.01589 7.81942
v 16.26228 -1.12665 8.61172
v 16.26228 0.49953 8.68564
v 16.56228 0.51101 8.88531
v 16.56228 -1.15434 8.80979
v 16.26228 -1.01589 7.81942
v 16.56228 -1.04358 8.01750
v 16.56228 0.46508 8.08663
v 16.26228 0.45359 7.88696
v 16.26228 0.49953 8.68564
v 16.26228 2.10651 8.42577
v 16.56228 2.15672 8.61937
v 16.56228 0.51101 8.88531
v 16.26228 0.45359 7.88696
v 16.56228 0.46508 8.08663
v 16.56228 1.95586 7.84500
v 16.26228 1.90564 7.65140
v 16.26228 2.10651 8.42577
v 16.26228 3.63253 7.84211
v 16.56228 3.71955 8.02219
v 16.56228 2.15672 8.61937
v 16.26228 1.90564 7.65140
v 16.56228 1.95586 7.84500
v 16.56228 3.37148 7.30188
v 16.26228 3.28446 7.12181
v 16.26228 3.63253 7.84211
v 16.26228 5.01897 6.95708
v 16.56228 5.13945 7.11672
v 16.56228 3.71955 8.02219
v 16.26228 3.28446 7.12181
v 16.56228 3.37148 7.30188
v 16.56228 4.65753 6.47816
v 16.26228 4.53705 6.31852
v 16.26228 5.01897 6.95708
v 16.26228 6.21252 5.80469
v 16.56228 6.36183 5.93776
v 16.56228 5.13945 7.11672
v 16.26228 4.53705 6.31852
v 16.56228 4.65753 6.47816
v 16.56228 5.76460 5.40549
v 16.26228 5.61529 5.27242
v 16.26228 6.21252 5.80469
v 16.26228 7.16733 4.42923
v 16.56228 7.33973 4.53062
v 16.56228 6.36183 5.93776
v 16.26228 5.61529 5.27242
v 16.56228 5.76460 5.40549
v 16.56228 6.65014 4.12509
v 16.26228 6.47774 4.02370
v 16.26228 7.16733 4.42923
v 16.26228 7.84671 2.88356
v 16.56228 8.03558 2.94936
v 16.56228 7.33973 4.53062
v 16.26228 6.47774 4.02370
v 16.56228 6.65014 4.12509
v 16.56228 7.28011 2.68616
v 16.26228 7.09125 2.62036
v 16.26228 7.84671 2.88356
v 16.26228 8.22454 1.22708
v 16.56228 8.42262 1.25477
v 16.56228 8.03558 2.94936
v 16.26228 7.09125 2.62036
v 16.56228 7.28011 2.68616
v 16.56228 7.63032 1.14400
v 16.26228 7.43225 1.11631
v 16.26228 8.22454 1.22708
v 16.26228 8.28631 -0.47657
v 16.56228 8.48598 -0.48805
v 16.56228 8.42262 1.25477
v 16.26228 7.43225 1.11631
v 16.56228 7.63032 1.14400
v 16.56228 7.68730 -0.44212
v 16.26228 7.48763 -0.43063
v 16.26228 8.28631 -0.47657
v 16.26228 8.02964 -2.16190
v 16.56228 8.22323 -2.21211
v 16.56228 8.48598 -0.48805
v 16.26228 7.48763 -0.43063
v 16.56228 7.68730 -0.44212
v 16.56228 7.44886 -2.01125
v 16.26228 7.25526 -1.96103
v 16.26228 8.02964 -2.16190
v 16.26228 7.46439 -3.76415
v 16.56228 7.64447 -3.85117
v 16.56228 8.22323 -2.21211
v 16.26228 7.25526 -1.96103
v 16.56228 7.44886 -2.01125
v 16.56228 6.92416 -3.50309
v 16.26228 6.74408 -3.41607
v 16.26228 7.46439 -3.76415
v 16.26228 6.61229 -5.22174
v 16.56228 6.77193 -5.34222
v 16.56228 7.64447 -3.85117
v 16.26228 6.74408 -3.41607
v 16.56228 6.92416 -3.50309
v 16.56228 6.13337 -4.86030
v 16.26228 5.97373 -4.73982
v 16.26228 6.61229 -5.22174
v 16.26228 5.50609 -6.47867
v 16.56228 5.63915 -6.62797
v 16.56228 6.77193 -5.34222
v 16.26228 5.97373 -4.73982
v 16.56228 6.13337 -4.86030
v 16.56228 5.10688 -6.03074
v 16.26228 4.97381 -5.88143
v 16.26228 5.50609 -6.47867
v 16.26228 4.18829 -7.48662
v 16.56227 4.28967 -7.65902
v 16.56228 5.63915 -6.62797
v 16.26228 4.97381 -5.88143
v 16.56228 5.10688 -6.03074
v 16.56227 3.88414 -6.96942
v 16.26228 3.78275 -6.79702
v 16.26228 4.18829 -7.48662
v 16.26228 2.70953 -8.20687
v 16.56227 2.77533 -8.39574
v 16.56227 4.28967 -7.65902
v 16.26228 3.78275 -6.79702
v 16.56227 3.88414 -6.96942
v 16.56227 2.51213 -7.64028
v 16.26228 2.44633 -7.45141
v 16.26228 2.70953 -8.20687
v 16.26228 1.12665 -8.61174
v 16.56227 1.15434 -8.80981
v 16.56227 2.77533 -8.39574
v 16.26228 2.44633 -7.45141
v 16.56227 2.51213 -7.64028
v 16.56227 1.04358 -8.01751
v 16.26228 1.01589 -7.81944
v 16.26228 1.12665 -8.61174
v 16.26228 -0.49953 -8.68566
v 16.56227 -0.51101 -8.88533
v 16.56227 1.15434 -8.80981
v 16.26228 1.01589 -7.81944
v 16.56227 1.04358 -8.01751
v 16.56227 -0.46508 -8.08665
v 16.26228 -0.45359 -7.88698
v 16.26228 -0.49953 -8.68566
v 16.26228 -2.10651 -8.42579
v 16.56227 -2.15672 -8.61938
v 16.56227 -0.51101 -8.88533
v 16.26228 -0.45359 -7.88698
v 16.56227 -0.46508 -8.08665
v 16.56227 -1.95586 -7.84501
v 16.26228 -1.90564 -7.65142
v 16.26228 -2.10651 -8.42579
v 16.26228 -3.63253 -7.84213
v 16.56227 -3.71955 -8.02221
v 16.56227 -2.15672 -8.61938
v 16.26228 -1.90564 -7.65142
v 16.56227 -1.95586 -7.84501
v 16.56227 -3.37147 -7.30190
v 16.26228 -3.28446 -7.12182
v 16.26228 -3.63253 -7.84213
v 16.26228 -5.01897 -6.95710
v 16.56227 -5.13944 -7.11674
v 16.56227 -3.71955 -8.02221
v 16.26228 -3.28446 -7.12182
v 16.56227 -3.37147 -7.30190
v 16.56228 -4.65753 -6.47818
v 16.26228 -4.53705 -6.31854
v 16.26228 -5.01897 -6.95710
v 16.26228 -6.21252 -5.80471
v 16.56228 -6.36183 -5.93778
v 16.56227 -5.13944 -7.11674
v 16.26228 -4.53705 -6.31854
v 16.56228 -4.65753 -6.47818
v 16.56228 -5.76460 -5.40551
v 16.26228 -5.61529 -5.27244
v 16.26228 -6.21252 -5.80471
v 16.26228 -7.16734 -4.42925
v 16.56228 -7.33973 -4.53063
v 16.56228 -6.36183 -5.93778
v 16.26228 -5.61529 -5.27244
v 16.56228 -5.76460 -5.40551
v 16.56228 -6.65014 -4.12510
v 16.26228 -6.47774 -4.02372
v 16.26228 -7.16734 -4.42925
v 16.26228 -7.84671 -2.88358
v 16.56228 -8.03558 -2.94938
v 16.56228 -7.33973 -4.53063
v 16.26228 -6.47774 -4.02372
v 16.56228 -6.65014 -4.12510
v 16.56228 -7.28011 -2.68618
v 16.26228 -7.09125 -2.62037
v 16.26228 -7.84671 -2.88358
v 16.26228 -8.22454 -1.22709
v 16.56228 -8.42262 -1.25478
v 16.56228 -8.03558 -2.94938
v 16.26228 -7.09125 -2.62037
v 16.56228 -7.28011 -2.68618
v 16.56228 -7.63032 -1.14402
v 16.26228 -7.43225 -1.11633
v 16.26228 -8.22454 -1.22709
v 16.26228 -8.28631 0.47655
v 16.56228 -8.48598 0.48803
v 16.56228 -8.42262 -1.25478
v 16.26228 -7.43225 -1.11633
v 16.56228 -7.63032 -1.14402
v 16.56228 -7.68730 0.44210
v 16.26228 -7.48763 0.43062
v 16.56228 -8.48598 0.48803
v 16.56228 -8.22323 2.21210
v 17.76228 -8.22323 2.21209
v 17.76228 -8.48598 0.48803
v 16.56228 -7.68730 0.44210
v 17.76228 -7.68730 0.44210
v 17.76228 -7.44886 2.01123
v 16.56228 -7.44886 2.01123
v 16.56228 -8.22323 2.21210
v 16.56228 -7.64447 3.85115
v 17.76228 -7.64447 3.85115
v 17.76228 -8.22323 2.21209
v 16.56228 -7.44886 2.01123
v 17.76228 -7.44886 2.01123
v 17.76228 -6.92416 3.50307
v 16.56228 -6.92416 3.50307
v 16.56228 -7.64447 3.85115
v 16.56228 -6.77193 5.34220
v 17.76228 -6.77193 5.34220
v 17.76228 -7.64447 3.85115
v 16.56228 -6.92416 3.50307
v 17.76228 -6.92416 3.50307
v 17.76228 -6.13337 4.86029
v 16.56228 -6.13337 4.86029
v 16.56228 -6.77193 5.34220
v 16.56228 -5.63915 6.62796
v 17.76228 -5.63915 6.62796
v 17.76228 -6.77193 5.34220
v 16.56228 -6.13337 4.86029
v 17.76228 -6.13337 4.86029
v 17.76228 -5.10688 6.03073
v 16.56228 -5.10688 6.03073
v 16.56228 -5.63915 6.62796
v 16.56228 -4.28967 7.65901
v 17.76228 -4.28967 7.65900
v 17.76228 -5.63915 6.62796
v 16.56228 -5.10688 6.03073
v 17.76228 -5.10688 6.03073
v 17.76228 -3.88414 6.96941
v 16.56228 -3.88414 6.96941
v 16.56228 -4.28967 7.65901
v 16.56228 -2.77533 8.39572
v 17.76228 -2.77533 8.39572
v 17.76228 -4.28967 7.65900
v 16.56228 -3.88414 6.96941
v 17.76228 -3.88414 6.96941
v 17.76228 -2.51213 7.64026
v 16.56228 -2.51213 7.64026
v 16.56228 -2.77533 8.39572
v 16.56228 -1.15434 8.80979
v 17.76228 -1.15434 8.80979
v 17.76228 -2.77533 8.39572
v 16.56228 -2.51213 7.64026
v 17.76228 -2.51213 7.64026
v 17.76228 -1.04358 8.01750
v 16.56228 -1.04358 8.01750
v 16.56228 -1.15434 8.80979
v 16.56228 0.51101 8.88531
v 17.76228 0.51101 8.88531
v 17.76228 -1.15434 8.80979
v 16.56228 -1.04358 8.01750
v 17.76228 -1.04358 8.01750
v 17.76228 0.46508 8.08663
v 16.56228 0.46508 8.08663
v 16.56228 0.51101 8.88531
v 16.56228 2.15672 8.61937
v 17.76228 2.15672 8.61937
v 17.76228 0.51101 8.88531
v 16.56228 0.46508 8.08663
v 17.76228 0.46508 8.08663
v 17.76228 1.95586 7.84499
v 16.56228 1.95586 7.84500
v 16.56228 2.15672 8.61937
v 16.56228 3.71955 8.02219
v 17.76228 3.71955 8.02219
v 17.76228 2.15672 8.61937
v 16.56228 1.95586 7.84500
v 17.76228 1.95586 7.84499
v 17.76228 3.37148 7.30188
v 16.56228 3.37148 7.30188
v 16.56228 3.71955 8.02219
v 16.56228 5.13945 7.11672
v 17.76228 5.13945 7.11672
v 17.76228 3.71955 8.02219
v 16.56228 3.37148 7.30188
v 17.76228 3.37148 7.30188
v 17.76228 4.65753 6.47816
v 16.56228 4.65753 6.47816
v 16.56228 5.13945 7.11672
v 16.56228 6.36183 5.93776
v 17.76228 6.36183 5.93776
v 17.76228 5.13945 7.11672
v 16.56228 4.65753 6.47816
v 17.76228 4.65753 6.47816
v 17.76228 5.76460 5.40549
v 16.56228 5.76460 5.40549
v 16.56228 6.36183 5.93776
v 16.56228 7.33973 4.53062
v 17.76228 7.33973 4.53062
v 17.76228 6.36183 5.93776
v 16.56228 5.76460 5.40549
v 17.76228 5.76460 5.40549
v 17.76228 6.65014 4.12509
v 16.56228 6.65014 4.12509
v 16.56228 7.33973 4.53062
v 16.56228 8.03558 2.94936
v 17.76228 8.03558 2.94936
v 17.76228 7.33973 4.53062
v 16.56228 6.65014 4.12509
v 17.76228 6.65014 4.12509
v 17.76228 7.28011 2.68616
v 16.56228 7.28011 2.68616
v 16.56228 8.03558 2.94936
v 16.56228 8.42262 1.25477
v 17.76228 8.42262 1.25477
v 17.76228 8.03558 2.94936
v 16.56228 7.28011 2.68616
v 17.76228 7.28011 2.68616
v 17.76228 7.63032 1.14400
v 16.56228 7.63032 1.14400
v 16.56228 8.42262 1.25477
v 16.56228 8.48598 -0.48805
v 17.76228 8.48598 -0.48805
v 17.76228 8.42262 1.25477
v 16.56228 7.63032 1.14400
v 17.76228 7.63032 1.14400
v 17.76228 7.68730 -0.44212
v 16.56228 7.68730 -0.44212
v 16.56228 8.48598 -0.48805
v 16.56228 8.22323 -2.21211
v 17.76228 8.22323 -2.21211
v 17.76228 8.48598 -0.48805
v 16.56228 7.68730 -0.44212
v 17.76228 7.68730 -0.44212
v 17.76228 7.44886 -2.01125
v 16.56228 7.44886 -2.01125
v 16.56228 8.22323 -2.21211
v 16.56228 7.64447 -3.85117
v 17.76228 7.64447 -3.85117
v 17.76228 8.22323 -2.21211
v 16.56228 7.44886 -2.01125
v 17.76228 7.44886 -2.01125
v 17.76228 6.92416 -3.50309
v 16.56228 6.92416 -3.50309
v 16.56228 7.64447 -3.85117
v 16.56228 6.77193 -5.34222
v 17.76228 6.77193 -5.34222
v 17.76228 7.64447 -3.85117
v 16.56228 6.92416 -3.50309
v 17.76228 6.92416 -3.50309
v 17.76228 6.13337 -4.86030
v 16.56228 6.13337 -4.86030
v 16.56228 6.77193 -5.34222
v 16.56228 5.63915 -6.62797
v 17.76228 5.63915 -6.62798
v 17.76228 6.77193 -5.34222
v 16.56228 6.13337 -4.86030
v 17.76228 6.13337 -4.86030
v 17.76228 5.10688 -6.03074
v 16.56228 5.10688 -6.03074
v 16.56228 5.63915 -6.62797
v 16.56227 4.28967 -7.65902
v 17.76228 4.28967 -7.65902
v 17.76228 5.63915 -6.62798
v 16.56228 5.10688 -6.03074
v 17.76228 5.10688 -6.03074
v 17.76228 3.88414 -6.96942
v 16.56227 3.88414 -6.96942
v 16.56227 4.28967 -7.65902
v 16.56227 2.77533 -8.39574
v 17.76228 2.77533 -8.39574
v 17.76228 4.28967 -7.65902
v 16.56227 3.88414 -6.96942
v 17.76228 3.88414 -6.96942
v 17.76228 2.51213 -7.64028
v 16.56227 2.51213 -7.64028
v 16.56227 2.77533 -8.39574
v 16.56227 1.15434 -8.80981
v 17.76228 1.15434 -8.80981
v 17.76228 2.77533 -8.39574
v 16.56227 2.51213 -7.64028
v 17.76228 2.51213 -7.64028
v 17.76228 1.04358 -8.01752
v 16.56227 1.04358 -8.01751
v 16.56227 1.15434 -8.80981
v 16.56227 -0.51101 -8.88533
v 17.76228 -0.51101 -8.88533
v 17.76228 1.15434 -8.80981
v 16.56227 1.04358 -8.01751
v 17.76228 1.04358 -8.01752
v 17.76228 -0.46508 -8.08665
v 16.56227 -0.46508 -8.08665
v 16.56227 -0.51101 -8.88533
v 16.56227 -2.15672 -8.61938
v 17.76228 -2.15672 -8.61939
v 17.76228 -0.51101 -8.88533
v 16.56227 -0.46508 -8.08665
v 17.76228 -0.46508 -8.08665
v 17.76228 -1.95586 -7.84501
v 16.56227 -1.95586 -7.84501
v 16.56227 -2.15672 -8.61938
v 16.56227 -3.71955 -8.02221
v 17.76228 -3.71955 -8.02221
v 17.76228 -2.15672 -8.61939
v 16.56227 -1.95586 -7.84501
v 17.76228 -1.95586 -7.84501
v 17.76228 -3.37147 -7.30190
v 16.56227 -3.37147 -7.30190
v 16.56227 -3.71955 -8.02221
v 16.56227 -5.13944 -7.11674
v 17.76228 -5.13944 -7.11674
v 17.76228 -3.71955 -8.02221
v 16.56227 -3.37147 -7.30190
v 17.76228 -3.37147 -7.30190
v 17.76228 -4.65753 -6.47818
v 16.56228 -4.65753 -6.47818
v 16.56227 -5.13944 -7.11674
v 16.56228 -6.36183 -5.93778
v 17.76228 -6.36183 -5.93778
v 17.76228 -5.13944 -7.11674
v 16.56228 -4.65753 -6.47818
v 17.76228 -4.65753 -6.47818
v 17.76228 -5.76460 -5.40551
v 16.56228 -5.76460 -5.40551
v 16.56228 -6.36183 -5.93778
v 16.56228 -7.33973 -4.53063
v 17.76228 -7.33973 -4.53063
v 17.76228 -6.36183 -5.93778
v 16.56228 -5.76460 -5.40551
v 17.76228 -5.76460 -5.40551
v 17.76228 -6.65014 -4.12510
v 16.56228 -6.65014 -4.12510
v 16.56228 -7.33973 -4.53063
v 16.56228 -8.03558 -2.94938
v 17.76228 -8.03558 -2.94938
v 17.76228 -7.33973 -4.53063
v 16.56228 -6.65014 -4.12510
v 17.76228 -6.65014 -4.12510
v 17.76228 -7.28011 -2.68618
v 16.56228 -7.28011 -2.68618
v 16.56228 -8.03558 -2.94938
v 16.56228 -8.42262 -1.25478
v 17.76228 -8.42262 -1.25478
v 17.76228 -8.03558 -2.94938
v 16.56228 -7.28011 -2.68618
v 17.76228 -7.28011 -2.68618
v 17.76228 -7.63032 -1.14402
v 16.56228 -7.63032 -1.14402
v 16.56228 -8.42262 -1.25478
v 16.56228 -8.48598 0.48803
v 17.76228 -8.48598 0.48803
v 17.76228 -8.42262 -1.25478
v 16.56228 -7.63032 -1.14402
v 17.76228 -7.63032 -1.14402
v 17.76228 -7.68730 0.44210
v 16.56228 -7.68730 0.44210
v 17.76228 -8.48598 0.48803
v 17.76228 -8.22323 2.21209
v 18.06228 -8.02964 2.16188
v 18.06228 -8.28631 0.47655
v 17.76228 -7.68730 0.44210
v 18.06228 -7.48763 0.43062
v 18.06228 -7.25526 1.96101
v 17.76228 -7.44886 2.01123
v 17.76228 -8.22323 2.21209
v 17.76228 -7.64447 3.85115
v 18.06228 -7.46439 3.76413
v 18.06228 -8.02964 2.16188
v 17.76228 -7.44886 2.01123
v 18.06228 -7.25526 1.96101
v 18.06228 -6.74408 3.41605
v 17.76228 -6.92416 3.50307
v 17.76228 -7.64447 3.85115
v 17.76228 -6.77193 5.34220
v 18.06228 -6.61229 5.22172
v 18.06228 -7.46439 3.76413
v 17.76228 -6.92416 3.50307
v 18.06228 -6.74408 3.41605
v 18.06228 -5.97373 4.73981
v 17.76228 -6.13337 4.86029
v 17.76228 -6.77193 5.34220
v 17.76228 -5.63915 6.62796
v 18.06228 -5.50609 6.47865
v 18.06228 -6.61229 5.22172
v 17.76228 -6.13337 4.86029
v 18.06228 -5.97373 4.73981
v 18.06228 -4.97381 5.88142
v 17.76228 -5.10688 6.03073
v 17.76228 -5.63915 6.62796
v 17.76228 -4.28967 7.65900
v 18.06228 -4.18829 7.48660
v 18.06228 -5.50609 6.47865
v 17.76228 -5.10688 6.03073
v 18.06228 -4.97381 5.88142
v 18.06228 -3.78275 6.79701
v 17.76228 -3.88414 6.96941
v 17.76228 -4.28967 7.65900
v 17.76228 -2.77533 8.39572
v 18.06228 -2.70953 8.20685
v 18.06228 -4.18829 7.48660
v 17.76228 -3.88414 6.96941
v 18.06228 -3.78275 6.79701
v 18.06228 -2.44633 7.45139
v 17.76228 -2.51213 7.64026
v 17.76228 -2.77533 8.39572
v 17.76228 -1.15434 8.80979
v 18.06228 -1.12665 8.61172
v 18.06228 -2.70953 8.20685
v 17.76228 -2.51213 7.64026
v 18.06228 -2.44633 7.45139
v 18.06228 -1.01589 7.81942
v 17.76228 -1.04358 8.01750
v 17.76228 -1.15434 8.80979
v 17.76228 0.51101 8.88531
v 18.06228 0.49953 8.68564
v 18.06228 -1.12665 8.61172
v 17.76228 -1.04358 8.01750
v 18.06228 -1.01589 7.81942
v 18.06228 0.45359 7.88696
v 17.76228 0.46508 8.08663
v 17.76228 0.51101 8.88531
v 17.76228 2.15672 8.61937
v 18.06228 2.10651 8.42577
v 18.06228 0.49953 8.68564
v 17.76228 0.46508 8.08663
v 18.06228 0.45359 7.88696
v 18.06228 1.90564 7.65140
v 17.76228 1.95586 7.84499
v 17.76228 2.15672 8.61937
v 17.76228 3.71955 8.02219
v 18.06228 3.63253 7.84211
v 18.06228 2.10651 8.42577
v 17.76228 1.95586 7.84499
v 18.06228 1.90564 7.65140
v 18.06228 3.28446 7.12180
v 17.76228 3.37148 7.30188
v 17.76228 3.71955 8.02219
v 17.76228 5.13945 7.11672
v 18.06228 5.01897 6.95708
v 18.06228 3.63253 7.84211
v 17.76228 3.37148 7.30188
v 18.06228 3.28446 7.12180
v 18.06228 4.53705 6.31852
v 17.76228 4.65753 6.47816
v 17.76228 5.13945 7.11672
v 17.76228 6.36183 5.93776
v 18.06228 6.21252 5.80469
v 18.06228 5.01897 6.95708
v 17.76228 4.65753 6.47816
v 18.06228 4.53705 6.31852
v 18.06228 5.61529 5.27242
v 17.76228 5.76460 5.40549
v 17.76228 6.36183 5.93776
v 17.76228 7.33973 4.53062
v 18.06228 7.16733 4.42923
v 18.06228 6.21252 5.80469
v 17.76228 5.76460 5.40549
v 18.06228 5.61529 5.27242
v 18.06228 6.47774 4.02370
v 17.76228 6.65014 4.12509
v 17.76228 7.33973 4.53062
v 17.76228 8.03558 2.94936
v 18.06228 7.84671 2.88356
v 18.06228 7.16733 4.42923
v 17.76228 6.65014 4.12509
v 18.06228 6.47774 4.02370
v 18.06228 7.09125 2.62036
v 17.76228 7.28011 2.68616
v 17.76228 8.03558 2.94936
v 17.76228 8.42262 1.25477
v 18.06228 8.22454 1.22707
v 18.06228 7.84671 2.88356
v 17.76228 7.28011 2.68616
v 18.06228 7.09125 2.62036
v 18.06228 7.43225 1.11631
v 17.76228 7.63032 1.14400
v 17.76228 8.42262 1.25477
v 17.76228 8.48598 -0.48805
v 18.06228 8.28631 -0.47657
v 18.06228 8.22454 1.22707
v 17.76228 7.63032 1.14400
v 18.06228 7.43225 1.11631
v 18.06228 7.48763 -0.43063
v 17.76228 7.68730 -0.44212
v 17.76228 8.48598 -0.48805
v 17.76228 8.22323 -2.21211
v 18.06228 8.02964 -2.16190
v 18.06228 8.28631 -0.47657
v 17.76228 7.68730 -0.44212
v 18.06228 7.48763 -0.43063
v 18.06228 7.25526 -1.96103
v 17.76228 7.44886 -2.01125
v 17.76228 8.22323 -2.21211
v 17.76228 7.64447 -3.85117
v 18.06228 7.46439 -3.76415
v 18.06228 8.02964 -2.16190
v 17.76228 7.44886 -2.01125
v 18.06228 7.25526 -1.96103
v 18.06228 6.74408 -3.41607
v 17.76228 6.92416 -3.50309
v 17.76228 7.64447 -3.85117
v 17.76228 6.77193 -5.34222
v 18.06228 6.61229 -5.22174
v 18.06228 7.46439 -3.76415
v 17.76228 6.92416 -3.50309
v 18.06228 6.74408 -3.41607
v 18.06228 5.97373 -4.73983
v 17.76228 6.13337 -4.86030
v 17.76228 6.77193 -5.34222
v 17.76228 5.63915 -6.62798
v 18.06228 5.50609 -6.47867
v 18.06228 6.61229 -5.22174
v 17.76228 6.13337 -4.86030
v 18.06228 5.97373 -4.73983
v 18.06228 4.97381 -5.88144
v 17.76228 5.10688 -6.03074
v 17.76228 5.63915 -6.62798
v 17.76228 4.28967 -7.65902
v 18.06227 4.18829 -7.48662
v 18.06228 5.50609 -6.47867
v 17.76228 5.10688 -6.03074
v 18.06228 4.97381 -5.88144
v 18.06228 3.78275 -6.79703
v 17.76228 3.88414 -6.96942
v 17.76228 4.28967 -7.65902
v 17.76228 2.77533 -8.39574
v 18.06227 2.70953 -8.20687
v 18.06227 4.18829 -7.48662
v 17.76228 3.88414 -6.96942
v 18.06228 3.78275 -6.79703
v 18.06227 2.44633 -7.45141
v 17.76228 2.51213 -7.64028
v 17.76228 2.77533 -8.39574
v 17.76228 1.15434 -8.80981
v 18.06227 1.12665 -8.61174
v 18.06227 2.70953 -8.20687
v 17.76228 2.51213 -7.64028
v 18.06227 2.44633 -7.45141
v 18.06227 1.01589 -7.81944
v 17.76228 1.04358 -8.01752
v 17.76228 1.15434 -8.80981
v 17.76228 -0.51101 -8.88533
v 18.06227 -0.49953 -8.68566
v 18.06227 1.12665 -8.61174
v 17.76228 1.04358 -8.01752
v 18.06227 1.01589 -7.81944
v 18.06227 -0.45359 -7.88698
v 17.76228 -0.46508 -8.08665
v 17.76228 -0.51101 -8.88533
v 17.76228 -2.15672 -8.61939
v 18.06227 -2.10651 -8.42579
v 18.06227 -0.49953 -8.68566
v 17.76228 -0.46508 -8.08665
v 18.06227 -0.45359 -7.88698
v 18.06227 -1.90564 -7.65142
v 17.76228 -1.95586 -7.84501
v 17.76228 -2.15672 -8.61939
v 17.76228 -3.71955 -8.02221
v 18.06227 -3.63253 -7.84213
v 18.06227 -2.10651 -8.42579
v 17.76228 -1.95586 -7.84501
v 18.06227 -1.90564 -7.65142
v 18.06227 -3.28446 -7.12182
v 17.76228 -3.37147 -7.30190
v 17.76228 -3.71955 -8.02221
v 17.76228 -5.13944 -7.11674
v 18.06227 -5.01897 -6.95710
v 18.06227 -3.63253 -7.84213
v 17.76228 -3.37147 -7.30190
v 18.06227 -3.28446 -7.12182
v 18.06228 -4.53705 -6.31854
v 17.76228 -4.65753 -6.47818
v 17.76228 -5.13944 -7.11674
v 17.76228 -6.36183 -5.93778
v 18.06228 -6.21252 -5.80471
v 18.06227 -5.01897 -6.95710
v 17.76228 -4.65753 -6.47818
v 18.06228 -4.53705 -6.31854
v 18.06228 -5.61529 -5.27244
v 17.76228 -5.76460 -5.40551
v 17.76228 -6.36183 -5.93778
v 17.76228 -7.33973 -4.53063
v 18.06228 -7.16734 -4.42925
v 18.06228 -6.21252 -5.80471
v 17.76228 -5.76460 -5.40551
v 18.06228 -5.61529 -5.27244
v 18.06228 -6.47774 -4.02372
v 17.76228 -6.65014 -4.12510
v 17.76228 -7.33973 -4.53063
v 17.76228 -8.03558 -2.94938
v 18.06228 -7.84671 -2.88358
v 18.06228 -7.16734 -4.42925
v 17.76228 -6.65014 -4.12510
v 18.06228 -6.47774 -4.02372
v 18.06228 -7.09125 -2.62038
v 17.76228 -7.28011 -2.68618
v 17.76228 -8.03558 -2.94938
v 17.76228 -8.42262 -1.25478
v 18.06228 -8.22454 -1.22709
v 18.06228 -7.84671 -2.88358
v 17.76228 -7.28011 -2.68618
v 18.06228 -7.09125 -2.62038
v 18.06228 -7.43225 -1.11633
v 17.76228 -7.63032 -1.14402
v 17.76228 -8.42262 -1.25478
v 17.76228 -8.48598 0.48803
v 18.06228 -8.28631 0.47655
v 18.06228 -8.22454 -1.22709
v 17.76228 -7.63032 -1.14402
v 18.06228 -7.43225 -1.11633
v 18.06228 -7.48763 0.43062
v 17.76228 -7.68730 0.44210
v 16.26228 -8.28631 0.47655
v 16.26228 -7.48763 0.43062
v 16.26228 -7.25526 1.96101
v 16.26228 -8.02964 2.16188
v 18.06228 -8.28631 0.47655
v 18.06228 -8.02964 2.16188
v 18.06228 -7.25526 1.96101
v 18.06228 -7.48763 0.43062
v 16.26228 -8.02964 2.16188
v 16.26228 -7.25526 1.96101
v 16.26228 -6.74408 3.41605
v 16.26228 -7.46439 3.76413
v 18.06228 -8.02964 2.16188
v 18.06228 -7.46439 3.76413
v 18.06228 -6.74408 3.41605
v 18.06228 -7.25526 1.96101
v 16.26228 -7.46439 3.76413
v 16.26228 -6.74408 3.41605
v 16.26228 -5.97373 4.73981
v 16.26228 -6.61229 5.22172
v 18.06228 -7.46439 3.76413
v 18.06228 -6.61229 5.22172
v 18.06228 -5.97373 4.73981
v 18.06228 -6.74408 3.41605
v 16.26228 -6.61229 5.22172
v 16.26228 -5.97373 4.73981
v 16.26228 -4.97381 5.88142
v 16.26228 -5.50609 6.47865
v 18.06228 -6.61229 5.22172
v 18.06228 -5.50609 6.47865
v 18.06228 -4.97381 5.88142
v 18.06228 -5.97373 4.73981
v 16.26228 -5.50609 6.47865
v 16.26228 -4.97381 5.88142
v 16.26228 -3.78275 6.79701
v 16.26228 -4.18829 7.48661
v 18.06228 -5.50609 6.47865
v 18.06228 -4.18829 7.48660
v 18.06228 -3.78275 6.79701
v 18.06228 -4.97381 5.88142
v 16.26228 -4.18829 7.48661
v 16.26228 -3.78275 6.79701
v 16.26228 -2.44633 7.45139
v 16.26228 -2.70953 8.20685
v 18.06228 -4.18829 7.48660
v 18.06228 -2.70953 8.20685
v 18.06228 -2.44633 7.45139
v 18.06228 -3.78275 6.79701
v 16.26228 -2.70953 8.20685
v 16.26228 -2.44633 7.45139
v 16.26228 -1.01589 7.81942
v 16.26228 -1.12665 8.61172
v 18.06228 -2.70953 8.20685
v 18.06228 -1.12665 8.61172
v 18.06228 -1.01589 7.81942
v 18.06228 -2.44633 7.45139
v 16.26228 -1.12665 8.61172
v 16.26228 -1.01589 7.81942
v 16.26228 0.45359 7.88696
v 16.26228 0.49953 8.68564
v 18.06228 -1.12665 8.61172
v 18.06228 0.49953 8.68564
v 18.06228 0.45359 7.88696
v 18.06228 -1.01589 7.81942
v 16.26228 0.49953 8.68564
v 16.26228 0.45359 7.88696
v 16.26228 1.90564 7.65140
v 16.26228 2.10651 8.42577
v 18.06228 0.49953 8.68564
v 18.06228 2.10651 8.42577
v 18.06228 1.90564 7.65140
v 18.06228 0.45359 7.88696
v 16.26228 2.10651 8.42577
v 16.26228 1.90564 7.65140
v 16.26228 3.28446 7.12181
v 16.26228 3.63253 7.84211
v 18.06228 2.10651 8.42577
v 18.06228 3.63253 7.84211
v 18.06228 3.28446 7.12180
v 18.06228 1.90564 7.65140
v 16.26228 3.63253 7.84211
v 16.26228 3.28446 7.12181
v 16.26228 4.53705 6.31852
v 16.26228 5.01897 6.95708
v 18.06228 3.63253 7.84211
v 18.06228 5.01897 6.95708
v 18.06228 4.53705 6.31852
v 18.06228 3.28446 7.12180
v 16.26228 5.01897 6.95708
v 16.26228 4.53705 6.31852
v 16.26228 5.61529 5.27242
v 16.26228 6.21252 5.80469
v 18.06228 5.01897 6.95708
v 18.06228 6.21252 5.80469
v 18.06228 5.61529 5.27242
v 18.06228 4.53705 6.31852
v 16.26228 6.21252 5.80469
v 16.26228 5.61529 5.27242
v 16.26228 6.47774 4.02370
v 16.26228 7.16733 4.42923
v 18.06228 6.21252 5.80469
v 18.06228 7.16733 4.42923
v 18.06228 6.47774 4.02370
v 18.06228 5.61529 5.27242
v 16.26228 7.16733 4.42923
v 16.26228 6.47774 4.02370
v 16.26228 7.09125 2.62036
v 16.26228 7.84671 2.88356
v 18.06228 7.16733 4.42923
v 18.06228 7.84671 2.88356
v 18.06228 7.09125 2.62036
v 18.06228 6.47774 4.02370
v 16.26228 7.84671 2.88356
v 16.26228 7.09125 2.62036
v 16.26228 7.43225 1.11631
v 16.26228 8.22454 1.22708
v 18.06228 7.84671 2.88356
v 18.06228 8.22454 1.22707
v 18.06228 7.43225 1.11631
v 18.06228 7.09125 2.62036
v 16.26228 8.22454 1.22708
v 16.26228 7.43225 1.11631
v 16.26228 7.48763 -0.43063
v 16.26228 8.28631 -0.47657
v 18.06228 8.22454 1.22707
v 18.06228 8.28631 -0.47657
v 18.06228 7.48763 -0.43063
v 18.06228 7.43225 1.11631
v 16.26228 8.28631 -0.47657
v 16.26228 7.48763 -0.43063
v 16.26228 7.25526 -1.96103
v 16.26228 8.02964 -2.16190
v 18.06228 8.28631 -0.47657
v 18.06228 8.02964 -2.16190
v 18.06228 7.25526 -1.96103
v 18.06228 7.48763 -0.43063
v 16.26228 8.02964 -2.16190
v 16.26228 7.25526 -1.96103
v 16.26228 6.74408 -3.41607
v 16.26228 7.46439 -3.76415
v 18.06228 8.02964 -2.16190
v 18.06228 7.46439 -3.76415
v 18.06228 6.74408 -3.41607
v 18.06228 7.25526 -1.96103
v 16.26228 7.46439 -3.76415
v 16.26228 6.74408 -3.41607
v 16.26228 5.97373 -4.73982
v 16.26228 6.61229 -5.22174
v 18.06228 7.46439 -3.76415
v 18.06228 6.61229 -5.22174
v 18.06228 5.97373 -4.73983
v 18.06228 6.74408 -3.41607
v 16.26228 6.61229 -5.22174
v 16.26228 5.97373 -4.73982
v 16.26228 4.97381 -5.88143
v 16.26228 5.50609 -6.47867
v 18.06228 6.61229 -5.22174
v 18.06228 5.50609 -6.47867
v 18.06228 4.97381 -5.88144
v 18.06228 5.97373 -4.73983
v 16.26228 5.50609 -6.47867
v 16.26228 4.97381 -5.88143
v 16.26228 3.78275 -6.79702
v 16.26228 4.18829 -7.48662
v 18.06228 5.50609 -6.47867
v 18.06227 4.18829 -7.48662
v 18.06228 3.78275 -6.79703
v 18.06228 4.97381 -5.88144
v 16.26228 4.18829 -7.48662
v 16.26228 3.78275 -6.79702
v 16.26228 2.44633 -7.45141
v 16.26228 2.70953 -8.20687
v 18.06227 4.18829 -7.48662
v 18.06227 2.70953 -8.20687
v 18.06227 2.44633 -7.45141
v 18.06228 3.78275 -6.79703
v 16.26228 2.70953 -8.20687
v 16.26228 2.44633 -7.45141
v 16.26228 1.01589 -7.81944
v 16.26228 1.12665 -8.61174
v 18.06227 2.70953 -8.20687
v 18.06227 1.12665 -8.61174
v 18.06227 1.01589 -7.81944
v 18.06227 2.44633 -7.45141
v 16.26228 1.12665 -8.61174
v 16.26228 1.01589 -7.81944
v 16.26228 -0.45359 -7.88698
v 16.26228 -0.49953 -8.68566
v 18.06227 1.12665 -8.61174
v 18.06227 -0.49953 -8.68566
v 18.06227 -0.45359 -7.88698
v 18.06227 1.01589 -7.81944
v 16.26228 -0.49953 -8.68566
v 16.26228 -0.45359 -7.88698
v 16.26228 -1.90564 -7.65142
v 16.26228 -2.10651 -8.42579
v 18.06227 -0.49953 -8.68566
v 18.06227 -2.10651 -8.42579
v 18.06227 -1.90564 -7.65142
v 18.06227 -0.45359 -7.88698
v 16.26228 -2.10651 -8.42579
v 16.26228 -1.90564 -7.65142
v 16.26228 -3.28446 -7.12182
v 16.26228 -3.63253 -7.84213
v 18.06227 -2.10651 -8.42579
v 18.06227 -3.63253 -7.84213
v 18.06227 -3.28446 -7.12182
v 18.06227 -1.90564 -7.65142
v 16.26228 -3.63253 -7.84213
v 16.26228 -3.28446 -7.12182
v 16.26228 -4.53705 -6.31854
v 16.26228 -5.01897 -6.95710
v 18.06227 -3.63253 -7.84213
v 18.06227 -5.01897 -6.95710
v 18.06228 -4.53705 -6.31854
v 18.06227 -3.28446 -7.12182
v 16.26228 -5.01897 -6.95710
v 16.26228 -4.53705 -6.31854
v 16.26228 -5.61529 -5.27244
v 16.26228 -6.21252 -5.80471
v 18.06227 -5.01897 -6.95710
v 18.06228 -6.21252 -5.80471
v 18.06228 -5.61529 -5.27244
v 18.06228 -4.53705 -6.31854
v 16.26228 -6.21252 -5.80471
v 16.26228 -5.61529 -5.27244
v 16.26228 -6.47774 -4.02372
v 16.26228 -7.16734 -4.42925
v 18.06228 -6.21252 -5.80471
v 18.06228 -7.16734 -4.42925
v 18.06228 -6.47774 -4.02372
v 18.06228 -5.61529 -5.27244
v 16.26228 -7.16734 -4.42925
v 16.26228 -6.47774 -4.02372
v 16.26228 -7.09125 -2.62037
v 16.26228 -7.84671 -2.88358
v 18.06228 -7.16734 -4.42925
v 18.06228 -7.84671 -2.88358
v 18.06228 -7.09125 -2.62038
v 18.06228 -6.47774 -4.02372
v 16.26228 -7.84671 -2.88358
v 16.26228 -7.09125 -2.62037
v 16.26228 -7.43225 -1.11633
v 16.26228 -8.22454 -1.22709
v 18.06228 -7.84671 -2.88358
v 18.06228 -8.22454 -1.22709
v 18.06228 -7.43225 -1.11633
v 18.06228 -7.09125 -2.62038
v 16.26228 -8.22454 -1.22709
v 16.26228 -7.43225 -1.11633
v 16.26228 -7.48763 0.43062
v 16.26228 -8.28631 0.47655
v 18.06228 -8.22454 -1.22709
v 18.06228 -8.28631 0.47655
v 18.06228 -7.48763 0.43062
v 18.06228 -7.43225 -1.11633
v 16.26228 -8.28631 0.47655
v 16.56228 -8.48598 0.48803
v 16.56228 -7.68730 0.44210
v 16.26228 -7.48763 0.43062
v 16.26228 -7.48763 0.43062
v 16.56228 -7.68730 0.44210
v 16.56228 -8.48598 0.48803
v 16.26228 -8.28631 0.47655
v 16.56228 -8.48598 0.48803
v 17.76228 -8.48598 0.48803
v 17.76228 -7.68730 0.44210
v 16.56228 -7.68730 0.44210
v 16.56228 -7.68730 0.44210
v 17.76228 -7.68730 0.44210
v 17.76228 -8.48598 0.48803
v 16.56228 -8.48598 0.48803
v 17.76228 -8.48598 0.48803
v 18.06228 -8.28631 0.47655
v 18.06228 -7.48763 0.43062
v 17.76228 -7.68730 0.44210
v 17.76228 -7.68730 0.44210
v 18.06228 -7.48763 0.43062
v 18.06228 -8.28631 0.47655
v 17.76228 -8.48598 0.48803
v 8.91262 0.55407 9.63408
v 8.80494 1.23279 9.59504
v 8.80494 1.14666 8.09752
v 8.91262 0.46795 8.13655
v 8.80494 1.23279 9.59504
v 8.49246 1.84507 9.55983
v 8.49245 1.75894 8.06230
v 8.80494 1.14666 8.09752
v 8.49246 1.84507 9.55983
v 8.00574 2.33097 9.53188
v 8.00574 2.24485 8.03436
v 8.49245 1.75894 8.06230
v 8.00574 2.33097 9.53188
v 7.39246 2.64294 9.51394
v 7.39245 2.55682 8.01642
v 8.00574 2.24485 8.03436
v 7.39246 2.64294 9.51394
v 6.71262 2.75044 9.50776
v 6.71262 2.66432 8.01023
v 7.39245 2.55682 8.01642
v 6.71262 2.75044 9.50776
v 6.03278 2.64294 9.51394
v 6.03278 2.55682 8.01642
v 6.71262 2.66432 8.01023
v 6.03278 2.64294 9.51394
v 5.41949 2.33097 9.53189
v 5.41949 2.24485 8.03436
v 6.03278 2.55682 8.01642
v 5.41949 2.33097 9.53189
v 4.93278 1.84507 9.55983
v 4.93278 1.75894 8.06231
v 5.41949 2.24485 8.03436
v 4.93278 1.84507 9.55983
v 4.62029 1.23279 9.59504
v 4.62029 1.14666 8.09752
v 4.93278 1.75894 8.06231
v 4.62029 1.23279 9.59504
v 4.51262 0.55407 9.63408
v 4.51262 0.46795 8.13655
v 4.62029 1.14666 8.09752
v 4.51262 0.55407 9.63408
v 4.62029 -0.12464 9.67311
v 4.62029 -0.21077 8.17559
v 4.51262 0.46795 8.13655
v 4.62029 -0.12464 9.67311
v 4.93278 -0.73692 9.70833
v 4.93278 -0.82305 8.21080
v 4.62029 -0.21077 8.17559
v 4.93278 -0.73692 9.70833
v 5.41949 -1.22283 9.73627
v 5.41949 -1.30896 8.23874
v 4.93278 -0.82305 8.21080
v 5.41949 -1.22283 9.73627
v 6.03278 -1.53480 9.75421
v 6.03278 -1.62093 8.25669
v 5.41949 -1.30896 8.23874
v 6.03278 -1.53480 9.75421
v 6.71262 -1.64230 9.76039
v 6.71262 -1.72842 8.26287
v 6.03278 -1.62093 8.25669
v 6.71262 -1.64230 9.76039
v 7.39246 -1.53480 9.75421
v 7.39245 -1.62093 8.25669
v 6.71262 -1.72842 8.26287
v 7.39246 -1.53480 9.75421
v 8.00575 -1.22283 9.73627
v 8.00574 -1.30895 8.23874
v 7.39245 -1.62093 8.25669
v 8.00575 -1.22283 9.73627
v 8.49246 -0.73692 9.70832
v 8.49245 -0.82305 8.21080
v 8.00574 -1.30895 8.23874
v 8.49246 -0.73692 9.70832
v 8.80494 -0.12464 9.67311
v 8.80494 -0.21077 8.17558
v 8.49245 -0.82305 8.21080
v 8.80494 -0.12464 9.67311
v 8.91262 0.55407 9.63408
v 8.91262 0.46795 8.13655
v 8.80494 -0.21077 8.17558
v 8.80494 -0.12464 9.67311
v 8.49246 -0.73692 9.70832
v 8.00575 -1.22283 9.73627
v 7.39246 -1.53480 9.75421
v 6.71262 -1.64230 9.76039
v 6.03278 -1.53480 9.75421
v 5.41949 -1.22283 9.73627
v 4.93278 -0.73692 9.70833
v 4.62029 -0.12464 9.67311
v 4.51262 0.55407 9.63408
v 4.62029 1.23279 9.59504
v 4.93278 1.84507 9.55983
v 5.41949 2.33097 9.53189
v 6.03278 2.64294 9.51394
v 6.71262 2.75044 9.50776
v 7.39246 2.64294 9.51394
v 8.00574 2.33097 9.53188
v 8.49246 1.84507 9.55983
v 8.80494 1.23279 9.59504
v 8.91262 0.55407 9.63408
v 8.91262 0.46795 8.13655
v 8.80494 1.14666 8.09752
v 8.49245 1.75894 8.06230
v 8.00574 2.24485 8.03436
v 7.39245 2.55682 8.01642
v 6.71262 2.66432 8.01023
v 6.03278 2.55682 8.01642
v 5.41949 2.24485 8.03436
v 4.93278 1.75894 8.06231
v 4.62029 1.14666 8.09752
v 4.51262 0.46795 8.13655
v 4.62029 -0.21077 8.17559
v 4.93278 -0.82305 8.21080
v 5.41949 -1.30896 8.23874
v 6.03278 -1.62093 8.25669
v 6.71262 -1.72842 8.26287
v 7.39245 -1.62093 8.25669
v 8.00574 -1.30895 8.23874
v 8.49245 -0.82305 8.21080
v 8.80494 -0.21077 8.17558
v 9.04744 6.83131 4.72055
v 8.80057 6.83591 4.80063
v 8.80057 6.53641 4.81786
v 9.04744 6.53180 4.73778
v 8.80057 6.83591 4.80063
v 8.64799 6.84797 5.01029
v 8.64799 6.54847 5.02751
v 8.80057 6.53641 4.81786
v 8.64799 6.84797 5.01029
v 8.64799 6.86288 5.26943
v 8.64799 6.56337 5.28666
v 8.64799 6.54847 5.02751
v 8.64799 6.86288 5.26943
v 8.80057 6.87493 5.47908
v 8.80057 6.57543 5.49631
v 8.64799 6.56337 5.28666
v 8.80057 6.87493 5.47908
v 9.04744 6.87954 5.55917
v 9.04744 6.58003 5.57639
v 8.80057 6.57543 5.49631
v 9.04744 6.87954 5.55917
v 9.29431 6.87493 5.47908
v 9.29431 6.57543 5.49631
v 9.04744 6.58003 5.57639
v 9.29431 6.87493 5.47908
v 9.44688 6.86288 5.26943
v 9.44688 6.56337 5.28666
v 9.29431 6.57543 5.49631
v 9.44688 6.86288 5.26943
v 9.44688 6.84797 5.01029
v 9.44688 6.54847 5.02751
v 9.44688 6.56337 5.28666
v 9.44688 6.84797 5.01029
v 9.29431 6.83591 4.80063
v 9.29431 6.53641 4.81786
v 9.44688 6.54847 5.02751
v 9.29431 6.83591 4.80063
v 9.04744 6.83131 4.72055
v 9.04744 6.53180 4.73778
v 9.29431 6.53641 4.81786
v 9.29431 6.83591 4.80063
v 9.44688 6.84797 5.01029
v 9.44688 6.86288 5.26943
v 9.29431 6.87493 5.47908
v 9.04744 6.87954 5.55917
v 8.80057 6.87493 5.47908
v 8.64799 6.86288 5.26943
v 8.64799 6.84797 5.01029
v 8.80057 6.83591 4.80063
v 9.04744 6.83131 4.72055
v 9.04744 6.53180 4.73778
v 8.80057 6.53641 4.81786
v 8.64799 6.54847 5.02751
v 8.64799 6.56337 5.28666
v 8.80057 6.57543 5.49631
v 9.04744 6.58003 5.57639
v 9.29431 6.57543 5.49631
v 9.44688 6.56337 5.28666
v 9.44688 6.54847 5.02751
v 9.29431 6.53641 4.81786
v 8.99744 6.85750 5.35009
v 8.99744 6.93737 5.34549
v 9.09744 6.93737 5.34549
v 9.09744 6.85750 5.35009
v 9.09744 6.83338 4.93078
v 9.09744 6.91325 4.92619
v 8.99744 6.91325 4.92619
v 8.99744 6.83338 4.93078
v 8.99744 6.85750 5.35009
v 9.09744 6.85750 5.35009
v 9.09744 6.83338 4.93078
v 8.99744 6.83338 4.93078
v 8.99744 6.91325 4.92619
v 9.09744 6.91325 4.92619
v 9.09744 6.93737 5.34549
v 8.99744 6.93737 5.34549
v 8.99744 6.85750 5.35009
v 8.99744 6.83338 4.93078
v 8.99744 6.91325 4.92619
v 8.99744 6.93737 5.34549
v 9.09744 6.93737 5.34549
v 9.09744 6.91325 4.92619
v 9.09744 6.83338 4.93078
v 9.09744 6.85750 5.35009
v 8.91261 -0.46795 -8.13656
v 8.80493 0.21077 -8.17559
v 8.80493 0.12464 -9.67312
v 8.91261 -0.55407 -9.63408
v 8.80493 0.21077 -8.17559
v 8.49245 0.82305 -8.21081
v 8.49244 0.73692 -9.70833
v 8.80493 0.12464 -9.67312
v 8.49245 0.82305 -8.21081
v 8.00574 1.30895 -8.23875
v 8.00574 1.22283 -9.73628
v 8.49244 0.73692 -9.70833
v 8.00574 1.30895 -8.23875
v 7.39245 1.62093 -8.25669
v 7.39244 1.53480 -9.75422
v 8.00574 1.22283 -9.73628
v 7.39245 1.62093 -8.25669
v 6.71261 1.72842 -8.26288
v 6.71261 1.64230 -9.76040
v 7.39244 1.53480 -9.75422
v 6.71261 1.72842 -8.26288
v 6.03277 1.62093 -8.25669
v 6.03277 1.53480 -9.75422
v 6.71261 1.64230 -9.76040
v 6.03277 1.62093 -8.25669
v 5.41948 1.30895 -8.23875
v 5.41948 1.22283 -9.73628
v 6.03277 1.53480 -9.75422
v 5.41948 1.30895 -8.23875
v 4.93277 0.82305 -8.21080
v 4.93277 0.73692 -9.70833
v 5.41948 1.22283 -9.73628
v 4.93277 0.82305 -8.21080
v 4.62028 0.21077 -8.17559
v 4.62028 0.12464 -9.67312
v 4.93277 0.73692 -9.70833
v 4.62028 0.21077 -8.17559
v 4.51261 -0.46795 -8.13656
v 4.51261 -0.55407 -9.63408
v 4.62028 0.12464 -9.67312
v 4.51261 -0.46795 -8.13656
v 4.62028 -1.14666 -8.09752
v 4.62028 -1.23279 -9.59505
v 4.51261 -0.55407 -9.63408
v 4.62028 -1.14666 -8.09752
v 4.93277 -1.75894 -8.06231
v 4.93277 -1.84507 -9.55984
v 4.62028 -1.23279 -9.59505
v 4.93277 -1.75894 -8.06231
v 5.41948 -2.24485 -8.03437
v 5.41948 -2.33097 -9.53189
v 4.93277 -1.84507 -9.55984
v 5.41948 -2.24485 -8.03437
v 6.03277 -2.55682 -8.01642
v 6.03277 -2.64294 -9.51395
v 5.41948 -2.33097 -9.53189
v 6.03277 -2.55682 -8.01642
v 6.71261 -2.66432 -8.01024
v 6.71261 -2.75044 -9.50777
v 6.03277 -2.64294 -9.51395
v 6.71261 -2.66432 -8.01024
v 7.39245 -2.55682 -8.01642
v 7.39245 -2.64294 -9.51395
v 6.71261 -2.75044 -9.50777
v 7.39245 -2.55682 -8.01642
v 8.00574 -2.24485 -8.03437
v 8.00574 -2.33097 -9.53189
v 7.39245 -2.64294 -9.51395
v 8.00574 -2.24485 -8.03437
v 8.49245 -1.75894 -8.06231
v 8.49244 -1.84507 -9.55984
v 8.00574 -2.33097 -9.53189
v 8.49245 -1.75894 -8.06231
v 8.80493 -1.14666 -8.09753
v 8.80493 -1.23279 -9.59505
v 8.49244 -1.84507 -9.55984
v 8.80493 -1.14666 -8.09753
v 8.91261 -0.46795 -8.13656
v 8.91261 -0.55407 -9.63408
v 8.80493 -1.23279 -9.59505
v 8.80493 -1.14666 -8.09753
v 8.49245 -1.75894 -8.06231
v 8.00574 -2.24485 -8.03437
v 7.39245 -2.55682 -8.01642
v 6.71261 -2.66432 -8.01024
v 6.03277 -2.55682 -8.01642
v 5.41948 -2.24485 -8.03437
v 4.93277 -1.75894 -8.06231
v 4.62028 -1.14666 -8.09752
v 4.51261 -0.46795 -8.13656
v 4.62028 0.21077 -8.17559
v 4.93277 0.82305 -8.21080
v 5.41948 1.30895 -8.23875
v 6.03277 1.62093 -8.25669
v 6.71261 1.72842 -8.26288
v 7.39245 1.62093 -8.25669
v 8.00574 1.30895 -8.23875
v 8.49245 0.82305 -8.21081
v 8.80493 0.21077 -8.17559
v 8.91261 -0.46795 -8.13656
v 8.91261 -0.55407 -9.63408
v 8.80493 0.12464 -9.67312
v 8.49244 0.73692 -9.70833
v 8.00574 1.22283 -9.73628
v 7.39244 1.53480 -9.75422
v 6.71261 1.64230 -9.76040
v 6.03277 1.53480 -9.75422
v 5.41948 1.22283 -9.73628
v 4.93277 0.73692 -9.70833
v 4.62028 0.12464 -9.67312
v 4.51261 -0.55407 -9.63408
v 4.62028 -1.23279 -9.59505
v 4.93277 -1.84507 -9.55984
v 5.41948 -2.33097 -9.53189
v 6.03277 -2.64294 -9.51395
v 6.71261 -2.75044 -9.50777
v 7.39245 -2.64294 -9.51395
v 8.00574 -2.33097 -9.53189
v 8.49244 -1.84507 -9.55984
v 8.80493 -1.23279 -9.59505
v 9.04743 6.19685 -6.31122
v 8.80056 6.20146 -6.23114
v 8.80056 5.90195 -6.21391
v 9.04743 5.89735 -6.29399
v 8.80056 6.20146 -6.23114
v 8.64799 6.21352 -6.02149
v 8.64799 5.91401 -6.00426
v 8.80056 5.90195 -6.21391
v 8.64799 6.21352 -6.02149
v 8.64799 6.22842 -5.76234
v 8.64799 5.92892 -5.74511
v 8.64799 5.91401 -6.00426
v 8.64799 6.22842 -5.76234
v 8.80056 6.24048 -5.55269
v 8.80056 5.94097 -5.53546
v 8.64799 5.92892 -5.74511
v 8.80056 6.24048 -5.55269
v 9.04743 6.24508 -5.47261
v 9.04743 5.94558 -5.45538
v 8.80056 5.94097 -5.53546
v 9.04743 6.24508 -5.47261
v 9.29430 6.24048 -5.55269
v 9.29430 5.94097 -5.53546
v 9.04743 5.94558 -5.45538
v 9.29430 6.24048 -5.55269
v 9.44688 6.22842 -5.76234
v 9.44688 5.92892 -5.74511
v 9.29430 5.94097 -5.53546
v 9.44688 6.22842 -5.76234
v 9.44687 6.21352 -6.02149
v 9.44687 5.91401 -6.00426
v 9.44688 5.92892 -5.74511
v 9.44687 6.21352 -6.02149
v 9.29430 6.20146 -6.23114
v 9.29430 5.90195 -6.21391
v 9.44687 5.91401 -6.00426
v 9.29430 6.20146 -6.23114
v 9.04743 6.19685 -6.31122
v 9.04743 5.89735 -6.29399
v 9.29430 5.90195 -6.21391
v 9.29430 6.20146 -6.23114
v 9.44687 6.21352 -6.02149
v 9.44688 6.22842 -5.76234
v 9.29430 6.24048 -5.55269
v 9.04743 6.24508 -5.47261
v 8.80056 6.24048 -5.55269
v 8.64799 6.22842 -5.76234
v 8.64799 6.21352 -6.02149
v 8.80056 6.20146 -6.23114
v 9.04743 6.19685 -6.31122
v 9.04743 5.89735 -6.29399
v 8.80056 5.90195 -6.21391
v 8.64799 5.91401 -6.00426
v 8.64799 5.92892 -5.74511
v 8.80056 5.94097 -5.53546
v 9.04743 5.94558 -5.45538
v 9.29430 5.94097 -5.53546
v 9.44688 5.92892 -5.74511
v 9.44687 5.91401 -6.00426
v 9.29430 5.90195 -6.21391
v 8.99743 6.22304 -5.68168
v 8.99743 6.30291 -5.68628
v 9.09743 6.30291 -5.68628
v 9.09743 6.22304 -5.68168
v 9.09743 6.19893 -6.10099
v 9.09743 6.27880 -6.10559
v 8.99743 6.27880 -6.10559
v 8.99743 6.19893 -6.10099
v 8.99743 6.22304 -5.68168
v 9.09743 6.22304 -5.68168
v 9.09743 6.19893 -6.10099
v 8.99743 6.19893 -6.10099
v 8.99743 6.27880 -6.10559
v 9.09743 6.27880 -6.10559
v 9.09743 6.30291 -5.68628
v 8.99743 6.30291 -5.68628
v 8.99743 6.22304 -5.68168
v 8.99743 6.19893 -6.10099
v 8.99743 6.27880 -6.10559
v 8.99743 6.30291 -5.68628
v 9.09743 6.30291 -5.68628
v 9.09743 6.27880 -6.10559
v 9.09743 6.19893 -6.10099
v 9.09743 6.22304 -5.68168
v -3.00000 -2.07001 6.89602
v -3.00000 -0.94500 7.13772
v 0.00001 -1.28624 9.71522
v 0.00000 -2.81752 9.38624
v -3.00000 -1.75376 5.84246
v 0.00000 -2.50127 8.33269
v 0.00000 -1.14187 8.62474
v -3.00000 -0.80062 6.04723
v -3.00000 -0.94500 7.13772
v -3.00000 0.20416 7.19711
v 0.00001 0.27789 9.79606
v 0.00001 -1.28624 9.71522
v -3.00000 -0.80062 6.04723
v 0.00000 -1.14187 8.62474
v 0.00000 0.24670 8.69650
v -3.00000 0.17297 6.09755
v -3.00000 0.20416 7.19711
v -3.00000 1.34810 7.07267
v 0.00001 1.83492 9.62669
v 0.00001 0.27789 9.79606
v -3.00000 0.17297 6.09755
v 0.00000 0.24670 8.69650
v 0.00000 1.62896 8.54614
v -3.00000 1.14214 5.99212
v -3.00000 1.34810 7.07267
v -3.00000 2.45761 6.76758
v 0.00000 3.34508 9.21143
v 0.00001 1.83492 9.62669
v -3.00000 1.14214 5.99212
v 0.00000 1.62896 8.54614
v 0.00000 2.96961 8.17749
v -3.00000 2.08214 5.73365
v -3.00000 2.45761 6.76758
v -3.00000 3.50435 6.28964
v 0.00000 4.76980 8.56090
v 0.00000 3.34508 9.21143
v -3.00000 2.08214 5.73365
v 0.00000 2.96961 8.17749
v 0.00000 4.23442 7.59998
v -3.00000 2.96896 5.32872
v -3.00000 3.50435 6.28964
v -3.00000 4.46158 5.65105
v 0.00000 6.07270 7.69170
v 0.00000 4.76980 8.56090
v -3.00000 2.96896 5.32872
v 0.00000 4.23442 7.59998
v 0.00000 5.39107 6.82835
v -3.00000 3.77995 4.78770
v -3.00000 4.46158 5.65105
v -3.00000 5.30485 4.86812
v 0.00000 7.22049 6.62605
v 0.00000 6.07270 7.69170
v -3.00000 3.77995 4.78770
v 0.00000 5.39107 6.82835
v 0.00000 6.41002 5.88231
v -3.00000 4.49438 4.12438
v -3.00000 5.30485 4.86812
v -3.00000 6.01263 3.96085
v 0.00000 8.18385 5.39116
v 0.00000 7.22049 6.62605
v -3.00000 4.49438 4.12438
v 0.00000 6.41002 5.88231
v 0.00000 7.26526 4.78603
v -3.00000 5.09403 3.35572
v -3.00000 6.01263 3.96085
v -3.00000 6.56683 2.95242
v 0.00000 8.93818 4.01856
v 0.00000 8.18385 5.39116
v -3.00000 5.09403 3.35572
v 0.00000 7.26526 4.78603
v 0.00000 7.93492 3.56750
v -3.00000 5.56356 2.50135
v -3.00000 6.56683 2.95242
v -3.00000 6.95331 1.86857
v 0.00000 9.46422 2.54333
v 0.00000 8.93818 4.01856
v -3.00000 5.56356 2.50135
v 0.00000 7.93492 3.56750
v 0.00000 8.40191 2.25785
v -3.00000 5.89099 1.58309
v -3.00000 6.95331 1.86857
v -3.00000 7.16218 0.73700
v 0.00000 9.74852 1.00313
v 0.00000 9.46422 2.54333
v -3.00000 5.89099 1.58309
v 0.00000 8.40191 2.25785
v 0.00000 8.65430 0.89054
v -3.00000 6.06796 0.62440
v -3.00000 7.16218 0.73700
v -3.00000 7.18812 -0.41340
v -0.00000 9.78383 -0.56268
v 0.00000 9.74852 1.00313
v -3.00000 6.06796 0.62440
v 0.00000 8.65430 0.89054
v -0.00000 8.68565 -0.49953
v -3.00000 6.08994 -0.35024
v -3.00000 7.18812 -0.41340
v -3.00000 7.03047 -1.55324
v -0.00000 9.56925 -2.11413
v -0.00000 9.78383 -0.56268
v -3.00000 6.08994 -0.35024
v -0.00000 8.68565 -0.49953
v -0.00000 8.49515 -1.87683
v -3.00000 5.95637 -1.31594
v -3.00000 7.03047 -1.55324
v -3.00000 6.69324 -2.65340
v -0.00000 9.11024 -3.61158
v -0.00000 9.56925 -2.11413
v -3.00000 5.95637 -1.31594
v -0.00000 8.49515 -1.87683
v -0.00000 8.08766 -3.20619
v -3.00000 5.67066 -2.24802
v -3.00000 6.69324 -2.65340
v -3.00000 6.18505 -3.68579
v -0.00000 8.41855 -5.01678
v -0.00000 9.11024 -3.61158
v -3.00000 5.67066 -2.24802
v -0.00000 8.08766 -3.20619
v -0.00000 7.47361 -4.45367
v -3.00000 5.24012 -3.12269
v -3.00000 6.18505 -3.68579
v -3.00000 5.51889 -4.62405
v -0.00000 7.51183 -6.29384
v -0.00000 8.41855 -5.01678
v -3.00000 5.24012 -3.12269
v -0.00000 7.47361 -4.45367
v -0.00000 6.66866 -5.58739
v -3.00000 4.67573 -3.91759
v -3.00000 5.51889 -4.62405
v -3.00000 4.71177 -5.44419
v -0.00000 6.41324 -7.41015
v -0.00000 7.51183 -6.29384
v -3.00000 4.67573 -3.91759
v -0.00000 6.66866 -5.58739
v -0.00000 5.69339 -6.57840
v -3.00000 3.99192 -4.61244
v -3.00000 4.71177 -5.44419
v -3.00000 3.78430 -6.12528
v -0.00000 5.15085 -8.33719
v -0.00000 6.41324 -7.41015
v -3.00000 3.99192 -4.61244
v -0.00000 5.69339 -6.57840
v -0.00000 4.57270 -7.40138
v -3.00000 3.20614 -5.18947
v -3.00000 3.78430 -6.12528
v -3.00000 2.76017 -6.64992
v -0.00000 3.75690 -9.05128
v -0.00000 5.15085 -8.33719
v -3.00000 3.20614 -5.18947
v -0.00000 4.57270 -7.40138
v -0.00000 3.33521 -8.03532
v -3.00000 2.33848 -5.63396
v -3.00000 2.76017 -6.64992
v -3.00000 1.66554 -7.00471
v -0.00000 2.26699 -9.53419
v -0.00000 3.75690 -9.05128
v -3.00000 2.33848 -5.63396
v -0.00000 3.33521 -8.03532
v -0.00000 2.01253 -8.46402
v -3.00000 1.41109 -5.93454
v -3.00000 1.66554 -7.00471
v -3.00000 0.52837 -7.18058
v -0.00001 0.71918 -9.77358
v -0.00000 2.26699 -9.53419
v -3.00000 1.41109 -5.93454
v -0.00000 2.01253 -8.46402
v -0.00000 0.63845 -8.67654
v -3.00000 0.44765 -6.08355
v -3.00000 0.52837 -7.18058
v -3.00000 -0.62229 -7.17306
v -0.00001 -0.84701 -9.76333
v -0.00001 0.71918 -9.77358
v -3.00000 0.44765 -6.08355
v -0.00000 0.63845 -8.67654
v -0.00000 -0.75193 -8.66744
v -3.00000 -0.52722 -6.07717
v -3.00000 -0.62229 -7.17306
v -3.00000 -1.75706 -6.98232
v -0.00000 -2.39155 -9.50371
v -0.00001 -0.84701 -9.76333
v -3.00000 -0.52722 -6.07717
v -0.00000 -0.75193 -8.66744
v -0.00000 -2.12311 -8.43697
v -3.00000 -1.48862 -5.91557
v -3.00000 -1.75706 -6.98232
v -3.00000 -2.84695 -6.61323
v -0.00000 -3.87502 -9.00135
v -0.00000 -2.39155 -9.50371
v -3.00000 -1.48862 -5.91557
v -0.00000 -2.12311 -8.43697
v -0.00000 -3.44007 -7.99099
v -3.00000 -2.41200 -5.60288
v 0.00000 -2.81752 9.38624
v 0.00001 -1.28624 9.71522
v 4.00001 -1.37996 10.70441
v 4.00001 -3.03673 10.34010
v 0.00000 -2.50127 8.33269
v 4.00000 -2.72048 9.28654
v 4.00001 -1.23559 9.61393
v 0.00000 -1.14187 8.62474
v 0.00001 -1.28624 9.71522
v 0.00001 0.27789 9.79606
v 4.00001 0.31205 10.79532
v 4.00001 -1.37996 10.70441
v 0.00000 -1.14187 8.62474
v 4.00001 -1.23559 9.61393
v 4.00001 0.28086 9.69576
v 0.00000 0.24670 8.69650
v 0.00001 0.27789 9.79606
v 0.00001 1.83492 9.62669
v 4.00001 1.99609 10.61050
v 4.00001 0.31205 10.79532
v 0.00000 0.24670 8.69650
v 4.00001 0.28086 9.69576
v 4.00000 1.79013 9.52995
v 0.00000 1.62896 8.54614
v 0.00001 1.83492 9.62669
v 0.00000 3.34508 9.21143
v 4.00001 3.62915 10.15466
v 4.00001 1.99609 10.61050
v 0.00000 1.62896 8.54614
v 4.00000 1.79013 9.52995
v 4.00000 3.25368 9.12073
v 0.00000 2.96961 8.17749
v 0.00000 3.34508 9.21143
v 0.00000 4.76980 8.56090
v 4.00000 5.16951 9.43946
v 4.00001 3.62915 10.15466
v 0.00000 2.96961 8.17749
v 4.00000 3.25368 9.12073
v 4.00000 4.63413 8.47854
v 0.00000 4.23442 7.59998
v 0.00000 4.76980 8.56090
v 0.00000 6.07270 7.69170
v 4.00000 6.57784 8.48316
v 4.00000 5.16951 9.43946
v 0.00000 4.23442 7.59998
v 4.00000 4.63413 8.47854
v 4.00000 5.89621 7.61980
v 0.00000 5.39107 6.82835
v 0.00000 6.07270 7.69170
v 0.00000 7.22049 6.62605
v 4.00000 7.81815 7.31018
v 4.00000 6.57784 8.48316
v 0.00000 5.39107 6.82835
v 4.00000 5.89621 7.61980
v 4.00000 7.00769 6.56644
v 0.00000 6.41002 5.88231
v 0.00000 7.22049 6.62605
v 0.00000 8.18385 5.39116
v 4.00000 8.85878 5.95048
v 4.00000 7.81815 7.31018
v 0.00000 6.41002 5.88231
v 4.00000 7.00769 6.56644
v 4.00000 7.94018 5.34535
v 0.00000 7.26526 4.78603
v 0.00000 8.18385 5.39116
v 0.00000 8.93818 4.01856
v 4.00000 9.67313 4.43881
v 4.00000 8.85878 5.95048
v 0.00000 7.26526 4.78603
v 4.00000 7.94018 5.34535
v 4.00000 8.66987 3.98774
v 0.00000 7.93492 3.56750
v 0.00000 8.93818 4.01856
v 0.00000 9.46422 2.54333
v 4.00000 10.24042 2.81375
v 4.00000 9.67313 4.43881
v 0.00000 7.93492 3.56750
v 4.00000 8.66987 3.98774
v 4.00000 9.17811 2.52828
v 0.00000 8.40191 2.25785
v 0.00000 9.46422 2.54333
v 0.00000 9.74852 1.00313
v 4.00000 10.54615 1.11683
v 4.00000 10.24042 2.81375
v 0.00000 8.40191 2.25785
v 4.00000 9.17811 2.52828
v 4.00000 9.45193 1.00423
v 0.00000 8.65430 0.89054
v 0.00000 9.74852 1.00313
v -0.00000 9.78383 -0.56268
v 4.00000 10.58251 -0.60862
v 4.00000 10.54615 1.11683
v 0.00000 8.65430 0.89054
v 4.00000 9.45193 1.00423
v 4.00000 9.48433 -0.54546
v -0.00000 8.68565 -0.49953
v -0.00000 9.78383 -0.56268
v -0.00000 9.56925 -2.11413
v 4.00000 10.34858 -2.31852
v 4.00000 10.58251 -0.60862
v -0.00000 8.68565 -0.49953
v 4.00000 9.48433 -0.54546
v 4.00000 9.27448 -2.08122
v -0.00000 8.49515 -1.87683
v -0.00000 9.56925 -2.11413
v -0.00000 9.11024 -3.61158
v 4.00000 9.85032 -3.96921
v 4.00000 10.34858 -2.31852
v -0.00000 8.49515 -1.87683
v 4.00000 9.27448 -2.08122
v 4.00000 8.82775 -3.56382
v -0.00000 8.08766 -3.20619
v -0.00000 9.11024 -3.61158
v -0.00000 8.41855 -5.01678
v 4.00000 9.10047 -5.51851
v 4.00000 9.85032 -3.96921
v -0.00000 8.08766 -3.20619
v 4.00000 8.82775 -3.56382
v 4.00000 8.15553 -4.95540
v -0.00000 7.47361 -4.45367
v -0.00000 8.41855 -5.01678
v -0.00000 7.51183 -6.29384
v 4.00000 8.11818 -6.92686
v 4.00000 9.10047 -5.51851
v -0.00000 7.47361 -4.45367
v 4.00000 8.15553 -4.95540
v 4.00000 7.27502 -6.22041
v -0.00000 6.66866 -5.58739
v -0.00000 7.51183 -6.29384
v -0.00000 6.41324 -7.41015
v 4.00000 6.92854 -8.15829
v 4.00000 8.11818 -6.92686
v -0.00000 6.66866 -5.58739
v 4.00000 7.27502 -6.22041
v 4.00000 6.20868 -7.32654
v -0.00000 5.69339 -6.57840
v -0.00000 6.41324 -7.41015
v -0.00000 5.15085 -8.33719
v 4.00000 5.56192 -9.18134
v 4.00000 6.92854 -8.15829
v -0.00000 5.69339 -6.57840
v 4.00000 6.20868 -7.32654
v 4.00000 4.98377 -8.24553
v -0.00000 4.57270 -7.40138
v -0.00000 5.15085 -8.33719
v -0.00000 3.75690 -9.05128
v 3.99999 4.05325 -9.96988
v 4.00000 5.56192 -9.18134
v -0.00000 4.57270 -7.40138
v 4.00000 4.98377 -8.24553
v 4.00000 3.63156 -8.95392
v -0.00000 3.33521 -8.03532
v -0.00000 3.75690 -9.05128
v -0.00000 2.26699 -9.53419
v 3.99999 2.44105 -10.50377
v 3.99999 4.05325 -9.96988
v -0.00000 3.33521 -8.03532
v 4.00000 3.63156 -8.95392
v 3.99999 2.18659 -9.43361
v -0.00000 2.01253 -8.46402
v -0.00000 2.26699 -9.53419
v -0.00001 0.71918 -9.77358
v 3.99999 0.76650 -10.76938
v 3.99999 2.44105 -10.50377
v -0.00000 2.01253 -8.46402
v 3.99999 2.18659 -9.43361
v 3.99999 0.68578 -9.67235
v -0.00000 0.63845 -8.67654
v -0.00001 0.71918 -9.77358
v -0.00001 -0.84701 -9.76333
v 3.99999 -0.92763 -10.75992
v 3.99999 0.76650 -10.76938
v -0.00000 0.63845 -8.67654
v 3.99999 0.68578 -9.67235
v 3.99999 -0.83256 -9.66404
v -0.00000 -0.75193 -8.66744
v -0.00001 -0.84701 -9.76333
v -0.00000 -2.39155 -9.50371
v 3.99999 -2.59806 -10.47563
v 3.99999 -0.92763 -10.75992
v -0.00000 -0.75193 -8.66744
v 3.99999 -0.83256 -9.66404
v 3.99999 -2.32962 -9.40889
v -0.00000 -2.12311 -8.43697
v -0.00000 -2.39155 -9.50371
v -0.00000 -3.87502 -9.00135
v 3.99999 -4.20214 -9.92378
v 3.99999 -2.59806 -10.47563
v -0.00000 -2.12311 -8.43697
v 3.99999 -2.32962 -9.40889
v 4.00000 -3.76719 -8.91343
v -0.00000 -3.44007 -7.99099
v 4.00001 -3.03673 10.34010
v 4.00001 -1.37996 10.70441
v 10.00000 -1.28624 9.71522
v 10.00000 -2.81752 9.38624
v 4.00000 -2.72048 9.28654
v 10.00000 -2.50127 8.33268
v 10.00000 -1.14187 8.62473
v 4.00001 -1.23559 9.61393
v 4.00001 -1.37996 10.70441
v 4.00001 0.31205 10.79532
v 10.00000 0.27789 9.79605
v 10.00000 -1.28624 9.71522
v 4.00001 -1.23559 9.61393
v 10.00000 -1.14187 8.62473
v 10.00000 0.24670 8.69650
v 4.00001 0.28086 9.69576
v 4.00001 0.31205 10.79532
v 4.00001 1.99609 10.61050
v 10.00000 1.83492 9.62668
v 10.00000 0.27789 9.79605
v 4.00001 0.28086 9.69576
v 10.00000 0.24670 8.69650
v 10.00000 1.62896 8.54613
v 4.00000 1.79013 9.52995
v 4.00001 1.99609 10.61050
v 4.00001 3.62915 10.15466
v 10.00000 3.34508 9.21142
v 10.00000 1.83492 9.62668
v 4.00000 1.79013 9.52995
v 10.00000 1.62896 8.54613
v 10.00000 2.96961 8.17749
v 4.00000 3.25368 9.12073
v 4.00001 3.62915 10.15466
v 4.00000 5.16951 9.43946
v 10.00000 4.76980 8.56089
v 10.00000 3.34508 9.21142
v 4.00000 3.25368 9.12073
v 10.00000 2.96961 8.17749
v 10.00000 4.23442 7.59998
v 4.00000 4.63413 8.47854
v 4.00000 5.16951 9.43946
v 4.00000 6.57784 8.48316
v 10.00000 6.07270 7.69170
v 10.00000 4.76980 8.56089
v 4.00000 4.63413 8.47854
v 10.00000 4.23442 7.59998
v 10.00000 5.39107 6.82834
v 4.00000 5.89621 7.61980
v 4.00000 6.57784 8.48316
v 4.00000 7.81815 7.31018
v 10.00000 7.22049 6.62605
v 10.00000 6.07270 7.69170
v 4.00000 5.89621 7.61980
v 10.00000 5.39107 6.82834
v 10.00000 6.41002 5.88231
v 4.00000 7.00769 6.56644
v 4.00000 7.81815 7.31018
v 4.00000 8.85878 5.95048
v 10.00000 8.18385 5.39115
v 10.00000 7.22049 6.62605
v 4.00000 7.00769 6.56644
v 10.00000 6.41002 5.88231
v 10.00000 7.26526 4.78602
v 4.00000 7.94018 5.34535
v 4.00000 8.85878 5.95048
v 4.00000 9.67313 4.43881
v 10.00000 8.93818 4.01856
v 10.00000 8.18385 5.39115
v 4.00000 7.94018 5.34535
v 10.00000 7.26526 4.78602
v 10.00000 7.93492 3.56750
v 4.00000 8.66987 3.98774
v 4.00000 9.67313 4.43881
v 4.00000 10.24042 2.81375
v 10.00000 9.46422 2.54332
v 10.00000 8.93818 4.01856
v 4.00000 8.66987 3.98774
v 10.00000 7.93492 3.56750
v 10.00000 8.40191 2.25785
v 4.00000 9.17811 2.52828
v 4.00000 10.24042 2.81375
v 4.00000 10.54615 1.11683
v 10.00000 9.74852 1.00313
v 10.00000 9.46422 2.54332
v 4.00000 9.17811 2.52828
v 10.00000 8.40191 2.25785
v 10.00000 8.65430 0.89053
v 4.00000 9.45193 1.00423
v 4.00000 10.54615 1.11683
v 4.00000 10.58251 -0.60862
v 10.00000 9.78383 -0.56269
v 10.00000 9.74852 1.00313
v 4.00000 9.45193 1.00423
v 10.00000 8.65430 0.89053
v 10.00000 8.68565 -0.49953
v 4.00000 9.48433 -0.54546
v 4.00000 10.58251 -0.60862
v 4.00000 10.34858 -2.31852
v 10.00000 9.56925 -2.11414
v 10.00000 9.78383 -0.56269
v 4.00000 9.48433 -0.54546
v 10.00000 8.68565 -0.49953
v 10.00000 8.49515 -1.87684
v 4.00000 9.27448 -2.08122
v 4.00000 10.34858 -2.31852
v 4.00000 9.85032 -3.96921
v 10.00000 9.11024 -3.61158
v 10.00000 9.56925 -2.11414
v 4.00000 9.27448 -2.08122
v 10.00000 8.49515 -1.87684
v 10.00000 8.08766 -3.20620
v 4.00000 8.82775 -3.56382
v 4.00000 9.85032 -3.96921
v 4.00000 9.10047 -5.51851
v 10.00000 8.41855 -5.01678
v 10.00000 9.11024 -3.61158
v 4.00000 8.82775 -3.56382
v 10.00000 8.08766 -3.20620
v 10.00000 7.47361 -4.45368
v 4.00000 8.15553 -4.95540
v 4.00000 9.10047 -5.51851
v 4.00000 8.11818 -6.92686
v 10.00000 7.51183 -6.29385
v 10.00000 8.41855 -5.01678
v 4.00000 8.15553 -4.95540
v 10.00000 7.47361 -4.45368
v 10.00000 6.66866 -5.58740
v 4.00000 7.27502 -6.22041
v 4.00000 8.11818 -6.92686
v 4.00000 6.92854 -8.15829
v 10.00000 6.41324 -7.41015
v 10.00000 7.51183 -6.29385
v 4.00000 7.27502 -6.22041
v 10.00000 6.66866 -5.58740
v 10.00000 5.69339 -6.57840
v 4.00000 6.20868 -7.32654
v 4.00000 6.92854 -8.15829
v 4.00000 5.56192 -9.18134
v 10.00000 5.15085 -8.33719
v 10.00000 6.41324 -7.41015
v 4.00000 6.20868 -7.32654
v 10.00000 5.69339 -6.57840
v 10.00000 4.57270 -7.40139
v 4.00000 4.98377 -8.24553
v 4.00000 5.56192 -9.18134
v 3.99999 4.05325 -9.96988
v 10.00000 3.75690 -9.05129
v 10.00000 5.15085 -8.33719
v 4.00000 4.98377 -8.24553
v 10.00000 4.57270 -7.40139
v 10.00000 3.33521 -8.03533
v 4.00000 3.63156 -8.95392
v 3.99999 4.05325 -9.96988
v 3.99999 2.44105 -10.50377
v 10.00000 2.26699 -9.53419
v 10.00000 3.75690 -9.05129
v 4.00000 3.63156 -8.95392
v 10.00000 3.33521 -8.03533
v 10.00000 2.01253 -8.46403
v 3.99999 2.18659 -9.43361
v 3.99999 2.44105 -10.50377
v 3.99999 0.76650 -10.76938
v 10.00000 0.71918 -9.77358
v 10.00000 2.26699 -9.53419
v 3.99999 2.18659 -9.43361
v 10.00000 2.01253 -8.46403
v 10.00000 0.63845 -8.67655
v 3.99999 0.68578 -9.67235
v 3.99999 0.76650 -10.76938
v 3.99999 -0.92763 -10.75992
v 10.00000 -0.84701 -9.76333
v 10.00000 0.71918 -9.77358
v 3.99999 0.68578 -9.67235
v 10.00000 0.63845 -8.67655
v 10.00000 -0.75193 -8.66745
v 3.99999 -0.83256 -9.66404
v 3.99999 -0.92763 -10.75992
v 3.99999 -2.59806 -10.47563
v 10.00000 -2.39155 -9.50371
v 10.00000 -0.84701 -9.76333
v 3.99999 -0.83256 -9.66404
v 10.00000 -0.75193 -8.66745
v 10.00000 -2.12311 -8.43697
v 3.99999 -2.32962 -9.40889
v 3.99999 -2.59806 -10.47563
v 3.99999 -4.20214 -9.92378
v 10.00000 -3.87502 -9.00135
v 10.00000 -2.39155 -9.50371
v 3.99999 -2.32962 -9.40889
v 10.00000 -2.12311 -8.43697
v 10.00000 -3.44007 -7.99100
v 4.00000 -3.76719 -8.91343
v -3.00000 -2.07001 6.89602
v -3.00000 -1.75376 5.84246
v -3.00000 -0.80062 6.04723
v -3.00000 -0.94500 7.13772
v 10.00000 -2.81752 9.38624
v 10.00000 -1.28624 9.71522
v 10.00000 -1.14187 8.62473
v 10.00000 -2.50127 8.33268
v -3.00000 -0.94500 7.13772
v -3.00000 -0.80062 6.04723
v -3.00000 0.17297 6.09755
v -3.00000 0.20416 7.19711
v 10.00000 -1.28624 9.71522
v 10.00000 0.27789 9.79605
v 10.00000 0.24670 8.69650
v 10.00000 -1.14187 8.62473
v -3.00000 0.20416 7.19711
v -3.00000 0.17297 6.09755
v -3.00000 1.14214 5.99212
v -3.00000 1.34810 7.07267
v 10.00000 0.27789 9.79605
v 10.00000 1.83492 9.62668
v 10.00000 1.62896 8.54613
v 10.00000 0.24670 8.69650
v -3.00000 1.34810 7.07267
v -3.00000 1.14214 5.99212
v -3.00000 2.08214 5.73365
v -3.00000 2.45761 6.76758
v 10.00000 1.83492 9.62668
v 10.00000 3.34508 9.21142
v 10.00000 2.96961 8.17749
v 10.00000 1.62896 8.54613
v -3.00000 2.45761 6.76758
v -3.00000 2.08214 5.73365
v -3.00000 2.96896 5.32872
v -3.00000 3.50435 6.28964
v 10.00000 3.34508 9.21142
v 10.00000 4.76980 8.56089
v 10.00000 4.23442 7.59998
v 10.00000 2.96961 8.17749
v -3.00000 3.50435 6.28964
v -3.00000 2.96896 5.32872
v -3.00000 3.77995 4.78770
v -3.00000 4.46158 5.65105
v 10.00000 4.76980 8.56089
v 10.00000 6.07270 7.69170
v 10.00000 5.39107 6.82834
v 10.00000 4.23442 7.59998
v -3.00000 4.46158 5.65105
v -3.00000 3.77995 4.78770
v -3.00000 4.49438 4.12438
v -3.00000 5.30485 4.86812
v 10.00000 6.07270 7.69170
v 10.00000 7.22049 6.62605
v 10.00000 6.41002 5.88231
v 10.00000 5.39107 6.82834
v -3.00000 5.30485 4.86812
v -3.00000 4.49438 4.12438
v -3.00000 5.09403 3.35572
v -3.00000 6.01263 3.96085
v 10.00000 7.22049 6.62605
v 10.00000 8.18385 5.39115
v 10.00000 7.26526 4.78602
v 10.00000 6.41002 5.88231
v -3.00000 6.01263 3.96085
v -3.00000 5.09403 3.35572
v -3.00000 5.56356 2.50135
v -3.00000 6.56683 2.95242
v 10.00000 8.18385 5.39115
v 10.00000 8.93818 4.01856
v 10.00000 7.93492 3.56750
v 10.00000 7.26526 4.78602
v -3.00000 6.56683 2.95242
v -3.00000 5.56356 2.50135
v -3.00000 5.89099 1.58309
v -3.00000 6.95331 1.86857
v 10.00000 8.93818 4.01856
v 10.00000 9.46422 2.54332
v 10.00000 8.40191 2.25785
v 10.00000 7.93492 3.56750
v -3.00000 6.95331 1.86857
v -3.00000 5.89099 1.58309
v -3.00000 6.06796 0.62440
v -3.00000 7.16218 0.73700
v 10.00000 9.46422 2.54332
v 10.00000 9.74852 1.00313
v 10.00000 8.65430 0.89053
v 10.00000 8.40191 2.25785
v -3.00000 7.16218 0.73700
v -3.00000 6.06796 0.62440
v -3.00000 6.08994 -0.35024
v -3.00000 7.18812 -0.41340
v 10.00000 9.74852 1.00313
v 10.00000 9.78383 -0.56269
v 10.00000 8.68565 -0.49953
v 10.00000 8.65430 0.89053
v -3.00000 7.18812 -0.41340
v -3.00000 6.08994 -0.35024
v -3.00000 5.95637 -1.31594
v -3.00000 7.03047 -1.55324
v 10.00000 9.78383 -0.56269
v 10.00000 9.56925 -2.11414
v 10.00000 8.49515 -1.87684
v 10.00000 8.68565 -0.49953
v -3.00000 7.03047 -1.55324
v -3.00000 5.95637 -1.31594
v -3.00000 5.67066 -2.24802
v -3.00000 6.69324 -2.65340
v 10.00000 9.56925 -2.11414
v 10.00000 9.11024 -3.61158
v 10.00000 8.08766 -3.20620
v 10.00000 8.49515 -1.87684
v -3.00000 6.69324 -2.65340
v -3.00000 5.67066 -2.24802
v -3.00000 5.24012 -3.12269
v -3.00000 6.18505 -3.68579
v 10.00000 9.11024 -3.61158
v 10.00000 8.41855 -5.01678
v 10.00000 7.47361 -4.45368
v 10.00000 8.08766 -3.20620
v -3.00000 6.18505 -3.68579
v -3.00000 5.24012 -3.12269
v -3.00000 4.67573 -3.91759
v -3.00000 5.51889 -4.62405
v 10.00000 8.41855 -5.01678
v 10.00000 7.51183 -6.29385
v 10.00000 6.66866 -5.58740
v 10.00000 7.47361 -4.45368
v -3.00000 5.51889 -4.62405
v -3.00000 4.67573 -3.91759
v -3.00000 3.99192 -4.61244
v -3.00000 4.71177 -5.44419
v 10.00000 7.51183 -6.29385
v 10.00000 6.41324 -7.41015
v 10.00000 5.69339 -6.57840
v 10.00000 6.66866 -5.58740
v -3.00000 4.71177 -5.44419
v -3.00000 3.99192 -4.61244
v -3.00000 3.20614 -5.18947
v -3.00000 3.78430 -6.12528
v 10.00000 6.41324 -7.41015
v 10.00000 5.15085 -8.33719
v 10.00000 4.57270 -7.40139
v 10.00000 5.69339 -6.57840
v -3.00000 3.78430 -6.12528
v -3.00000 3.20614 -5.18947
v -3.00000 2.33848 -5.63396
v -3.00000 2.76017 -6.64992
v 10.00000 5.15085 -8.33719
v 10.00000 3.75690 -9.05129
v 10.00000 3.33521 -8.03533
v 10.00000 4.57270 -7.40139
v -3.00000 2.76017 -6.64992
v -3.00000 2.33848 -5.63396
v -3.00000 1.41109 -5.93454
v -3.00000 1.66554 -7.00471
v 10.00000 3.75690 -9.05129
v 10.00000 2.26699 -9.53419
v 10.00000 2.01253 -8.46403
v 10.00000 3.33521 -8.03533
v -3.00000 1.66554 -7.00471
v -3.00000 1.41109 -5.93454
v -3.00000 0.44765 -6.08355
v -3.00000 0.52837 -7.18058
v 10.00000 2.26699 -9.53419
v 10.00000 0.71918 -9.77358
v 10.00000 0.63845 -8.67655
v 10.00000 2.01253 -8.46403
v -3.00000 0.52837 -7.18058
v -3.00000 0.44765 -6.08355
v -3.00000 -0.52722 -6.07717
v -3.00000 -0.62229 -7.17306
v 10.00000 0.71918 -9.77358
v 10.00000 -0.84701 -9.76333
v 10.00000 -0.75193 -8.66745
v 10.00000 0.63845 -8.67655
v -3.00000 -0.62229 -7.17306
v -3.00000 -0.52722 -6.07717
v -3.00000 -1.48862 -5.91557
v -3.00000 -1.75706 -6.98232
v 10.00000 -0.84701 -9.76333
v 10.00000 -2.39155 -9.50371
v 10.00000 -2.12311 -8.43697
v 10.00000 -0.75193 -8.66745
v -3.00000 -1.75706 -6.98232
v -3.00000 -1.48862 -5.91557
v -3.00000 -2.41200 -5.60288
v -3.00000 -2.84695 -6.61323
v 10.00000 -2.39155 -9.50371
v 10.00000 -3.87502 -9.00135
v 10.00000 -3.44007 -7.99100
v 10.00000 -2.12311 -8.43697
v -3.00000 -2.07001 6.89602
v 0.00000 -2.81752 9.38624
v 0.00000 -2.50127 8.33269
v -3.00000 -1.75376 5.84246
v -3.00000 -2.41200 -5.60288
v -0.00000 -3.44007 -7.99099
v -0.00000 -3.87502 -9.00135
v -3.00000 -2.84695 -6.61323
v 0.00000 -2.81752 9.38624
v 4.00001 -3.03673 10.34010
v 4.00000 -2.72048 9.28654
v 0.00000 -2.50127 8.33269
v -0.00000 -3.44007 -7.99099
v 4.00000 -3.76719 -8.91343
v 3.99999 -4.20214 -9.92378
v -0.00000 -3.87502 -9.00135
v 4.00001 -3.03673 10.34010
v 10.00000 -2.81752 9.38624
v 10.00000 -2.50127 8.33268
v 4.00000 -2.72048 9.28654
v 4.00000 -3.76719 -8.91343
v 10.00000 -3.44007 -7.99100
v 10.00000 -3.87502 -9.00135
v 3.99999 -4.20214 -9.92378
v 2.57000 10.78060 2.83569
v 7.59200 10.76872 2.62903
v 9.05000 10.69344 1.32019
v 9.05000 10.47158 -2.53743
v 7.59200 10.39631 -3.84627
v 2.57000 10.38443 -4.05293
v 0.95000 10.45574 -2.81298
v 0.95000 10.70929 1.59574
v 1.39550 11.09468 1.33029
v 1.39550 10.86902 -2.59346
v 2.83730 10.80556 -3.69702
v 7.30688 10.81613 -3.51310
v 8.60450 10.88313 -2.34823
v 8.60450 11.08058 1.08505
v 7.30688 11.14757 2.24992
v 2.83730 11.15815 2.43385
v 0.95000 10.70929 1.59574
v 0.95000 10.45574 -2.81298
v 0.95000 10.70532 -2.82733
v 0.95000 10.95888 1.58139
v 0.95000 10.95888 1.58139
v 0.95000 10.70532 -2.82733
v 1.39550 10.86902 -2.59346
v 1.39550 11.09468 1.33029
v 0.95000 10.45574 -2.81298
v 2.57000 10.38443 -4.05293
v 2.57000 10.63401 -4.06728
v 0.95000 10.70532 -2.82733
v 0.95000 10.70532 -2.82733
v 2.57000 10.63401 -4.06728
v 2.83730 10.80556 -3.69702
v 1.39550 10.86902 -2.59346
v 2.57000 10.38443 -4.05293
v 7.59200 10.39631 -3.84627
v 7.59200 10.64590 -3.86063
v 2.57000 10.63401 -4.06728
v 2.57000 10.63401 -4.06728
v 7.59200 10.64590 -3.86063
v 7.30688 10.81613 -3.51310
v 2.83730 10.80556 -3.69702
v 7.59200 10.39631 -3.84627
v 9.05000 10.47158 -2.53743
v 9.05000 10.72117 -2.55179
v 7.59200 10.64590 -3.86063
v 7.59200 10.64590 -3.86063
v 9.05000 10.72117 -2.55179
v 8.60450 10.88313 -2.34823
v 7.30688 10.81613 -3.51310
v 9.05000 10.47158 -2.53743
v 9.05000 10.69344 1.32019
v 9.05000 10.94303 1.30584
v 9.05000 10.72117 -2.55179
v 9.05000 10.72117 -2.55179
v 9.05000 10.94303 1.30584
v 8.60450 11.08058 1.08505
v 8.60450 10.88313 -2.34823
v 9.05000 10.69344 1.32019
v 7.59200 10.76872 2.62903
v 7.59200 11.01830 2.61467
v 9.05000 10.94303 1.30584
v 9.05000 10.94303 1.30584
v 7.59200 11.01830 2.61467
v 7.30688 11.14757 2.24992
v 8.60450 11.08058 1.08505
v 7.59200 10.76872 2.62903
v 2.57000 10.78060 2.83569
v 2.57000 11.03019 2.82134
v 7.59200 11.01830 2.61467
v 7.59200 11.01830 2.61467
v 2.57000 11.03019 2.82134
v 2.83730 11.15815 2.43385
v 7.30688 11.14757 2.24992
v 2.57000 10.78060 2.83569
v 0.95000 10.70929 1.59574
v 0.95000 10.95888 1.58139
v 2.57000 11.03019 2.82134
v 2.57000 11.03019 2.82134
v 0.95000 10.95888 1.58139
v 1.39550 11.09468 1.33029
v 2.83730 11.15815 2.43385
v 8.15000 11.04480 2.20448
v 8.15000 10.71924 -3.45617
v 3.50000 10.71924 -3.45617
v 1.25000 10.88202 -0.62584
v 3.50000 11.04480 2.20448
v 3.66500 11.42623 1.87018
v 1.66250 11.28136 -0.64881
v 3.66500 11.13649 -3.16780
v 7.80350 11.13649 -3.16780
v 7.80350 11.42623 1.87017
v 8.15000 11.04480 2.20448
v 8.15000 10.71924 -3.45617
v 8.15000 11.01875 -3.47339
v 8.15000 11.34430 2.18725
v 7.80350 11.42623 1.87017
v 7.80350 11.13649 -3.16780
v 8.15000 11.01875 -3.47339
v 8.15000 11.34430 2.18725
v 8.15000 10.71924 -3.45617
v 3.50000 10.71924 -3.45617
v 3.50000 11.01875 -3.47339
v 8.15000 11.01875 -3.47339
v 7.80350 11.13649 -3.16780
v 3.66500 11.13649 -3.16780
v 3.50000 11.01875 -3.47339
v 8.15000 11.01875 -3.47339
v 3.50000 10.71924 -3.45617
v 1.25000 10.88202 -0.62584
v 1.25000 11.18152 -0.64307
v 3.50000 11.01875 -3.47339
v 3.66500 11.13649 -3.16780
v 1.66250 11.28136 -0.64881
v 1.25000 11.18152 -0.64307
v 3.50000 11.01875 -3.47339
v 1.25000 10.88202 -0.62584
v 3.50000 11.04480 2.20448
v 3.50000 11.34430 2.18725
v 1.25000 11.18152 -0.64307
v 1.66250 11.28136 -0.64881
v 3.66500 11.42623 1.87018
v 3.50000 11.34430 2.18725
v 1.25000 11.18152 -0.64307
v 3.50000 11.04480 2.20448
v 8.15000 11.04480 2.20448
v 8.15000 11.34430 2.18725
v 3.50000 11.34430 2.18725
v 3.66500 11.42623 1.87018
v 7.80350 11.42623 1.87017
v 8.15000 11.34430 2.18725
v 3.50000 11.34430 2.18725
v 7.14719 11.37508 -1.80582
v 7.11282 11.51532 -1.74291
v 5.03436 11.45745 -2.74924
v 5.06873 11.31721 -2.81215
v 7.11282 11.51532 -1.74291
v 7.04410 11.52346 -1.60143
v 4.96563 11.46558 -2.60776
v 5.03436 11.45745 -2.74924
v 7.04410 11.52346 -1.60143
v 7.00973 11.39136 -1.52286
v 4.93127 11.33348 -2.52919
v 4.96563 11.46558 -2.60776
v 7.00973 11.39136 -1.52286
v 7.04410 11.25111 -1.58577
v 4.96563 11.19324 -2.59210
v 4.93127 11.33348 -2.52919
v 7.04410 11.25111 -1.58577
v 7.11282 11.24298 -1.72724
v 5.03436 11.18510 -2.73358
v 4.96563 11.19324 -2.59210
v 7.11282 11.24298 -1.72724
v 7.14719 11.37508 -1.80582
v 5.06873 11.31721 -2.81215
v 5.03436 11.18510 -2.73358
v 7.11282 11.24298 -1.72724
v 7.04410 11.25111 -1.58577
v 7.00973 11.39136 -1.52286
v 7.04410 11.52346 -1.60143
v 7.11282 11.51532 -1.74291
v 7.14719 11.37508 -1.80582
v 5.06873 11.31721 -2.81215
v 5.03436 11.45745 -2.74924
v 4.96563 11.46558 -2.60776
v 4.93127 11.33348 -2.52919
v 4.96563 11.19324 -2.59210
v 5.03436 11.18510 -2.73358
v 7.23596 11.49897 0.34834
v 7.15721 11.63514 0.34051
v 7.15721 11.51939 -1.67217
v 7.23596 11.38322 -1.66434
v 7.15721 11.63514 0.34051
v 6.99971 11.63514 0.34051
v 6.99971 11.51939 -1.67217
v 7.15721 11.51939 -1.67217
v 6.99971 11.63514 0.34051
v 6.92096 11.49897 0.34834
v 6.92096 11.38322 -1.66434
v 6.99971 11.51939 -1.67217
v 6.92096 11.49897 0.34834
v 6.99971 11.36280 0.35617
v 6.99971 11.24704 -1.65650
v 6.92096 11.38322 -1.66434
v 6.99971 11.36280 0.35617
v 7.15721 11.36280 0.35617
v 7.15721 11.24704 -1.65650
v 6.99971 11.24704 -1.65650
v 7.15721 11.36280 0.35617
v 7.23596 11.49897 0.34834
v 7.23596 11.38322 -1.66434
v 7.15721 11.24704 -1.65650
v 7.15721 11.36280 0.35617
v 6.99971 11.36280 0.35617
v 6.92096 11.49897 0.34834
v 6.99971 11.63514 0.34051
v 7.15721 11.63514 0.34051
v 7.23596 11.49897 0.34834
v 7.23596 11.38322 -1.66434
v 7.15721 11.51939 -1.67217
v 6.99971 11.51939 -1.67217
v 6.92096 11.38322 -1.66434
v 6.99971 11.24704 -1.65650
v 7.15721 11.24704 -1.65650
v 5.06873 11.56498 1.49616
v 5.03436 11.69709 1.41758
v 7.11282 11.63921 0.41125
v 7.14719 11.50711 0.48982
v 5.03436 11.69709 1.41758
v 4.96564 11.68895 1.27610
v 7.04410 11.63108 0.26977
v 7.11282 11.63921 0.41125
v 4.96564 11.68895 1.27610
v 4.93127 11.54871 1.21320
v 7.00973 11.49083 0.20686
v 7.04410 11.63108 0.26977
v 4.93127 11.54871 1.21320
v 4.96564 11.41660 1.29177
v 7.04410 11.35873 0.28543
v 7.00973 11.49083 0.20686
v 4.96564 11.41660 1.29177
v 5.03436 11.42474 1.43325
v 7.11282 11.36687 0.42691
v 7.04410 11.35873 0.28543
v 5.03436 11.42474 1.43325
v 5.06873 11.56498 1.49616
v 7.14719 11.50711 0.48982
v 7.11282 11.36687 0.42691
v 5.03436 11.42474 1.43325
v 4.96564 11.41660 1.29177
v 4.93127 11.54871 1.21320
v 4.96564 11.68895 1.27610
v 5.03436 11.69709 1.41758
v 5.06873 11.56498 1.49616
v 7.14719 11.50711 0.48982
v 7.11282 11.63921 0.41125
v 7.04410 11.63108 0.26977
v 7.00973 11.49083 0.20686
v 7.04410 11.35873 0.28543
v 7.11282 11.36687 0.42691
v 2.85281 11.50711 0.48982
v 2.88718 11.63921 0.41125
v 4.96564 11.69709 1.41758
v 4.93127 11.56498 1.49616
v 2.88718 11.63921 0.41125
v 2.95590 11.63108 0.26977
v 5.03436 11.68895 1.27610
v 4.96564 11.69709 1.41758
v 2.95590 11.63108 0.26977
v 2.99027 11.49083 0.20686
v 5.06873 11.54871 1.21320
v 5.03436 11.68895 1.27610
v 2.99027 11.49083 0.20686
v 2.95590 11.35873 0.28543
v 5.03436 11.41660 1.29177
v 5.06873 11.54871 1.21320
v 2.95590 11.35873 0.28543
v 2.88718 11.36687 0.42691
v 4.96564 11.42474 1.43325
v 5.03436 11.41660 1.29177
v 2.88718 11.36687 0.42691
v 2.85281 11.50711 0.48982
v 4.93127 11.56498 1.49616
v 4.96564 11.42474 1.43325
v 2.88718 11.36687 0.42691
v 2.95590 11.35873 0.28543
v 2.99027 11.49083 0.20686
v 2.95590 11.63108 0.26977
v 2.88718 11.63921 0.41125
v 2.85281 11.50711 0.48982
v 4.93127 11.56498 1.49616
v 4.96564 11.69709 1.41758
v 5.03436 11.68895 1.27610
v 5.06873 11.54871 1.21320
v 5.03436 11.41660 1.29177
v 4.96564 11.42474 1.43325
v 2.76404 11.38322 -1.66434
v 2.84279 11.51939 -1.67217
v 2.84279 11.63514 0.34051
v 2.76404 11.49897 0.34834
v 2.84279 11.51939 -1.67217
v 3.00029 11.51939 -1.67217
v 3.00029 11.63514 0.34051
v 2.84279 11.63514 0.34051
v 3.00029 11.51939 -1.67217
v 3.07904 11.38322 -1.66434
v 3.07904 11.49897 0.34834
v 3.00029 11.63514 0.34051
v 3.07904 11.38322 -1.66434
v 3.00029 11.24704 -1.65650
v 3.00029 11.36280 0.35617
v 3.07904 11.49897 0.34834
v 3.00029 11.24704 -1.65650
v 2.84279 11.24704 -1.65650
v 2.84279 11.36280 0.35617
v 3.00029 11.36280 0.35617
v 2.84279 11.24704 -1.65650
v 2.76404 11.38322 -1.66434
v 2.76404 11.49897 0.34834
v 2.84279 11.36280 0.35617
v 2.84279 11.24704 -1.65650
v 3.00029 11.24704 -1.65650
v 3.07904 11.38322 -1.66434
v 3.00029 11.51939 -1.67217
v 2.84279 11.51939 -1.67217
v 2.76404 11.38322 -1.66434
v 2.76404 11.49897 0.34834
v 2.84279 11.63514 0.34051
v 3.00029 11.63514 0.34051
v 3.07904 11.49897 0.34834
v 3.00029 11.36280 0.35617
v 2.84279 11.36280 0.35617
v 4.93127 11.31721 -2.81215
v 4.96564 11.45745 -2.74924
v 2.88717 11.51532 -1.74291
v 2.85281 11.37508 -1.80582
v 4.96564 11.45745 -2.74924
v 5.03436 11.46558 -2.60776
v 2.95590 11.52346 -1.60143
v 2.88717 11.51532 -1.74291
v 5.03436 11.46558 -2.60776
v 5.06873 11.33348 -2.52919
v 2.99027 11.39135 -1.52286
v 2.95590 11.52346 -1.60143
v 5.06873 11.33348 -2.52919
v 5.03436 11.19324 -2.59210
v 2.95590 11.25111 -1.58576
v 2.99027 11.39135 -1.52286
v 5.03436 11.19324 -2.59210
v 4.96564 11.18510 -2.73358
v 2.88717 11.24298 -1.72724
v 2.95590 11.25111 -1.58576
v 4.96564 11.18510 -2.73358
v 4.93127 11.31721 -2.81215
v 2.85281 11.37508 -1.80582
v 2.88717 11.24298 -1.72724
v 4.96564 11.18510 -2.73358
v 5.03436 11.19324 -2.59210
v 5.06873 11.33348 -2.52919
v 5.03436 11.46558 -2.60776
v 4.96564 11.45745 -2.74924
v 4.93127 11.31721 -2.81215
v 2.85281 11.37508 -1.80582
v 2.88717 11.51532 -1.74291
v 2.95590 11.52346 -1.60143
v 2.99027 11.39135 -1.52286
v 2.95590 11.25111 -1.58576
v 2.88717 11.24298 -1.72724
v 4.92440 11.32534 -2.67067
v 4.96220 11.39071 -2.67443
v 4.96220 11.50646 -0.66176
v 4.92440 11.44109 -0.65800
v 4.96220 11.39071 -2.67443
v 5.03780 11.39071 -2.67443
v 5.03780 11.50646 -0.66176
v 4.96220 11.50646 -0.66176
v 5.03780 11.39071 -2.67443
v 5.07560 11.32534 -2.67067
v 5.07560 11.44109 -0.65800
v 5.03780 11.50646 -0.66176
v 5.07560 11.32534 -2.67067
v 5.03780 11.25998 -2.66691
v 5.03780 11.37573 -0.65424
v 5.07560 11.44109 -0.65800
v 5.03780 11.25998 -2.66691
v 4.96220 11.25998 -2.66691
v 4.96220 11.37573 -0.65424
v 5.03780 11.37573 -0.65424
v 4.96220 11.25998 -2.66691
v 4.92440 11.32534 -2.67067
v 4.92440 11.44109 -0.65800
v 4.96220 11.37573 -0.65424
v 4.96220 11.25998 -2.66691
v 5.03780 11.25998 -2.66691
v 5.07560 11.32534 -2.67067
v 5.03780 11.39071 -2.67443
v 4.96220 11.39071 -2.67443
v 4.92440 11.32534 -2.67067
v 4.92440 11.44109 -0.65800
v 4.96220 11.50646 -0.66176
v 5.03780 11.50646 -0.66176
v 5.07560 11.44109 -0.65800
v 5.03780 11.37573 -0.65424
v 4.96220 11.37573 -0.65424
v 5.35464 11.35397 -2.83824
v 5.35464 11.31359 -2.87509
v 5.40950 11.32534 -2.67067
v 5.35464 11.38343 -2.73739
v 5.35464 11.35397 -2.83824
v 5.40950 11.32534 -2.67067
v 5.35464 11.39069 -2.61106
v 5.35464 11.38343 -2.73739
v 5.40950 11.32534 -2.67067
v 5.35464 11.37300 -2.50749
v 5.35464 11.39069 -2.61106
v 5.40950 11.32534 -2.67067
v 5.35464 11.33710 -2.46626
v 5.35464 11.37300 -2.50749
v 5.40950 11.32534 -2.67067
v 5.35464 11.29671 -2.50311
v 5.35464 11.33710 -2.46626
v 5.40950 11.32534 -2.67067
v 5.35464 11.26726 -2.60396
v 5.35464 11.29671 -2.50311
v 5.40950 11.32534 -2.67067
v 5.35464 11.25999 -2.73029
v 5.35464 11.26726 -2.60396
v 5.40950 11.32534 -2.67067
v 5.35464 11.27769 -2.83385
v 5.35464 11.25999 -2.73029
v 5.40950 11.32534 -2.67067
v 5.35464 11.31359 -2.87509
v 5.35464 11.27769 -2.83385
v 5.40950 11.32534 -2.67067
v 5.35464 11.35397 -2.83824
v 5.20475 11.37493 -2.96091
v 5.20475 11.30498 -3.02473
v 5.35464 11.31359 -2.87509
v 5.35464 11.38343 -2.73739
v 5.20475 11.42595 -2.78623
v 5.20475 11.37493 -2.96091
v 5.35464 11.35397 -2.83824
v 5.35464 11.39069 -2.61106
v 5.20475 11.43853 -2.56741
v 5.20475 11.42595 -2.78623
v 5.35464 11.38343 -2.73739
v 5.35464 11.37300 -2.50749
v 5.20475 11.40788 -2.38804
v 5.20475 11.43853 -2.56741
v 5.35464 11.39069 -2.61106
v 5.35464 11.33710 -2.46626
v 5.20475 11.34570 -2.31662
v 5.20475 11.40788 -2.38804
v 5.35464 11.37300 -2.50749
v 5.35464 11.29671 -2.50311
v 5.20475 11.27575 -2.38044
v 5.20475 11.34570 -2.31662
v 5.35464 11.33710 -2.46626
v 5.35464 11.26726 -2.60396
v 5.20475 11.22474 -2.55512
v 5.20475 11.27575 -2.38044
v 5.35464 11.29671 -2.50311
v 5.35464 11.25999 -2.73029
v 5.20475 11.21215 -2.77393
v 5.20475 11.22474 -2.55512
v 5.35464 11.26726 -2.60396
v 5.35464 11.27769 -2.83385
v 5.20475 11.24280 -2.95331
v 5.20475 11.21215 -2.77393
v 5.35464 11.25999 -2.73029
v 5.35464 11.31359 -2.87509
v 5.20475 11.30498 -3.02473
v 5.20475 11.24280 -2.95331
v 5.35464 11.27769 -2.83385
v 5.20475 11.37493 -2.96091
v 5.00000 11.38261 -3.00581
v 5.00000 11.30183 -3.07950
v 5.20475 11.30498 -3.02473
v 5.20475 11.42595 -2.78623
v 5.00000 11.44151 -2.80411
v 5.00000 11.38261 -3.00581
v 5.20475 11.37493 -2.96091
v 5.20475 11.43853 -2.56741
v 5.00000 11.45604 -2.55144
v 5.00000 11.44151 -2.80411
v 5.20475 11.42595 -2.78623
v 5.20475 11.40788 -2.38804
v 5.00000 11.42065 -2.34431
v 5.00000 11.45604 -2.55144
v 5.20475 11.43853 -2.56741
v 5.20475 11.34570 -2.31662
v 5.00000 11.34885 -2.26185
v 5.00000 11.42065 -2.34431
v 5.20475 11.40788 -2.38804
v 5.20475 11.27575 -2.38044
v 5.00000 11.26808 -2.33554
v 5.00000 11.34885 -2.26185
v 5.20475 11.34570 -2.31662
v 5.20475 11.22474 -2.55512
v 5.00000 11.20917 -2.53724
v 5.00000 11.26808 -2.33554
v 5.20475 11.27575 -2.38044
v 5.20475 11.21215 -2.77393
v 5.00000 11.19464 -2.78991
v 5.00000 11.20917 -2.53724
v 5.20475 11.22474 -2.55512
v 5.20475 11.24280 -2.95331
v 5.00000 11.23003 -2.99703
v 5.00000 11.19464 -2.78991
v 5.20475 11.21215 -2.77393
v 5.20475 11.30498 -3.02473
v 5.00000 11.30183 -3.07950
v 5.00000 11.23003 -2.99703
v 5.20475 11.24280 -2.95331
v 5.00000 11.38261 -3.00581
v 4.79525 11.37493 -2.96091
v 4.79525 11.30498 -3.02472
v 5.00000 11.30183 -3.07950
v 5.00000 11.44151 -2.80411
v 4.79525 11.42595 -2.78623
v 4.79525 11.37493 -2.96091
v 5.00000 11.38261 -3.00581
v 5.00000 11.45604 -2.55144
v 4.79525 11.43853 -2.56741
v 4.79525 11.42595 -2.78623
v 5.00000 11.44151 -2.80411
v 5.00000 11.42065 -2.34431
v 4.79525 11.40788 -2.38804
v 4.79525 11.43853 -2.56741
v 5.00000 11.45604 -2.55144
v 5.00000 11.34885 -2.26185
v 4.79525 11.34570 -2.31662
v 4.79525 11.40788 -2.38804
v 5.00000 11.42065 -2.34431
v 5.00000 11.26808 -2.33554
v 4.79525 11.27575 -2.38044
v 4.79525 11.34570 -2.31662
v 5.00000 11.34885 -2.26185
v 5.00000 11.20917 -2.53724
v 4.79525 11.22474 -2.55512
v 4.79525 11.27575 -2.38044
v 5.00000 11.26808 -2.33554
v 5.00000 11.19464 -2.78991
v 4.79525 11.21215 -2.77393
v 4.79525 11.22474 -2.55512
v 5.00000 11.20917 -2.53724
v 5.00000 11.23003 -2.99703
v 4.79525 11.24280 -2.95331
v 4.79525 11.21215 -2.77393
v 5.00000 11.19464 -2.78991
v 5.00000 11.30183 -3.07950
v 4.79525 11.30498 -3.02472
v 4.79525 11.24280 -2.95331
v 5.00000 11.23003 -2.99703
v 4.79525 11.37493 -2.96091
v 4.64536 11.35397 -2.83824
v 4.64536 11.31359 -2.87508
v 4.79525 11.30498 -3.02472
v 4.79525 11.42595 -2.78623
v 4.64536 11.38343 -2.73739
v 4.64536 11.35397 -2.83824
v 4.79525 11.37493 -2.96091
v 4.79525 11.43853 -2.56741
v 4.64536 11.39069 -2.61106
v 4.64536 11.38343 -2.73739
v 4.79525 11.42595 -2.78623
v 4.79525 11.40788 -2.38804
v 4.64536 11.37300 -2.50749
v 4.64536 11.39069 -2.61106
v 4.79525 11.43853 -2.56741
v 4.79525 11.34570 -2.31662
v 4.64536 11.33710 -2.46626
v 4.64536 11.37300 -2.50749
v 4.79525 11.40788 -2.38804
v 4.79525 11.27575 -2.38044
v 4.64536 11.29671 -2.50311
v 4.64536 11.33710 -2.46626
v 4.79525 11.34570 -2.31662
v 4.79525 11.22474 -2.55512
v 4.64536 11.26726 -2.60396
v 4.64536 11.29671 -2.50311
v 4.79525 11.27575 -2.38044
v 4.79525 11.21215 -2.77393
v 4.64536 11.25999 -2.73029
v 4.64536 11.26726 -2.60396
v 4.79525 11.22474 -2.55512
v 4.79525 11.24280 -2.95331
v 4.64536 11.27769 -2.83385
v 4.64536 11.25999 -2.73029
v 4.79525 11.21215 -2.77393
v 4.79525 11.30498 -3.02472
v 4.64536 11.31359 -2.87508
v 4.64536 11.27769 -2.83385
v 4.79525 11.24280 -2.95331
v 4.64536 11.35397 -2.83824
v 4.59050 11.32534 -2.67067
v 4.64536 11.31359 -2.87508
v 4.64536 11.38343 -2.73739
v 4.59050 11.32534 -2.67067
v 4.64536 11.35397 -2.83824
v 4.64536 11.39069 -2.61106
v 4.59050 11.32534 -2.67067
v 4.64536 11.38343 -2.73739
v 4.64536 11.37300 -2.50749
v 4.59050 11.32534 -2.67067
v 4.64536 11.39069 -2.61106
v 4.64536 11.33710 -2.46626
v 4.59050 11.32534 -2.67067
v 4.64536 11.37300 -2.50749
v 4.64536 11.29671 -2.50311
v 4.59050 11.32534 -2.67067
v 4.64536 11.33710 -2.46626
v 4.64536 11.26726 -2.60396
v 4.59050 11.32534 -2.67067
v 4.64536 11.29671 -2.50311
v 4.64536 11.25999 -2.73029
v 4.59050 11.32534 -2.67067
v 4.64536 11.26726 -2.60396
v 4.64536 11.27769 -2.83385
v 4.59050 11.32534 -2.67067
v 4.64536 11.25999 -2.73029
v 4.64536 11.31359 -2.87508
v 4.59050 11.32534 -2.67067
v 4.64536 11.27769 -2.83385
v 7.04547 11.37931 -1.73225
v 7.06197 11.44663 -1.70205
v 4.98350 11.50451 -0.69571
v 4.96701 11.43719 -0.72591
v 7.06197 11.44663 -1.70205
v 7.09495 11.45053 -1.63414
v 5.01649 11.50841 -0.62780
v 4.98350 11.50451 -0.69571
v 7.09495 11.45053 -1.63414
v 7.11145 11.38712 -1.59643
v 5.03299 11.44500 -0.59009
v 5.01649 11.50841 -0.62780
v 7.11145 11.38712 -1.59643
v 7.09495 11.31981 -1.62662
v 5.01649 11.37768 -0.62028
v 5.03299 11.44500 -0.59009
v 7.09495 11.31981 -1.62662
v 7.06197 11.31590 -1.69453
v 4.98350 11.37378 -0.68819
v 5.01649 11.37768 -0.62028
v 7.06197 11.31590 -1.69453
v 7.04547 11.37931 -1.73225
v 4.96701 11.43719 -0.72591
v 4.98350 11.37378 -0.68819
v 7.06197 11.31590 -1.69453
v 7.09495 11.31981 -1.62662
v 7.11145 11.38712 -1.59643
v 7.09495 11.45053 -1.63414
v 7.06197 11.44663 -1.70205
v 7.04547 11.37931 -1.73225
v 4.96701 11.43719 -0.72591
v 4.98350 11.50451 -0.69571
v 5.01649 11.50841 -0.62780
v 5.03299 11.44500 -0.59009
v 5.01649 11.37768 -0.62028
v 4.98350 11.37378 -0.68819
v 7.43310 11.41185 -1.83190
v 7.43310 11.37146 -1.86875
v 7.48796 11.38322 -1.66434
v 7.43310 11.44130 -1.73105
v 7.43310 11.41185 -1.83190
v 7.48796 11.38322 -1.66434
v 7.43310 11.44857 -1.60472
v 7.43310 11.44130 -1.73105
v 7.48796 11.38322 -1.66434
v 7.43310 11.43087 -1.50116
v 7.43310 11.44857 -1.60472
v 7.48796 11.38322 -1.66434
v 7.43310 11.39497 -1.45992
v 7.43310 11.43087 -1.50116
v 7.48796 11.38322 -1.66434
v 7.43310 11.35459 -1.49677
v 7.43310 11.39497 -1.45992
v 7.48796 11.38322 -1.66434
v 7.43310 11.32513 -1.59762
v 7.43310 11.35459 -1.49677
v 7.48796 11.38322 -1.66434
v 7.43310 11.31787 -1.72395
v 7.43310 11.32513 -1.59762
v 7.48796 11.38322 -1.66434
v 7.43310 11.33556 -1.82752
v 7.43310 11.31787 -1.72395
v 7.48796 11.38322 -1.66434
v 7.43310 11.37146 -1.86875
v 7.43310 11.33556 -1.82752
v 7.48796 11.38322 -1.66434
v 7.43310 11.41185 -1.83190
v 7.28321 11.43281 -1.95457
v 7.28321 11.36286 -2.01839
v 7.43310 11.37146 -1.86875
v 7.43310 11.44130 -1.73105
v 7.28321 11.48382 -1.77989
v 7.28321 11.43281 -1.95457
v 7.43310 11.41185 -1.83190
v 7.43310 11.44857 -1.60472
v 7.28321 11.49641 -1.56108
v 7.28321 11.48382 -1.77989
v 7.43310 11.44130 -1.73105
v 7.43310 11.43087 -1.50116
v 7.28321 11.46576 -1.38170
v 7.28321 11.49641 -1.56108
v 7.43310 11.44857 -1.60472
v 7.43310 11.39497 -1.45992
v 7.28321 11.40358 -1.31028
v 7.28321 11.46576 -1.38170
v 7.43310 11.43087 -1.50116
v 7.43310 11.35459 -1.49677
v 7.28321 11.33363 -1.37410
v 7.28321 11.40358 -1.31028
v 7.43310 11.39497 -1.45992
v 7.43310 11.32513 -1.59762
v 7.28321 11.28261 -1.54878
v 7.28321 11.33363 -1.37410
v 7.43310 11.35459 -1.49677
v 7.43310 11.31787 -1.72395
v 7.28321 11.27003 -1.76760
v 7.28321 11.28261 -1.54878
v 7.43310 11.32513 -1.59762
v 7.43310 11.33556 -1.82752
v 7.28321 11.30068 -1.94697
v 7.28321 11.27003 -1.76760
v 7.43310 11.31787 -1.72395
v 7.43310 11.37146 -1.86875
v 7.28321 11.36286 -2.01839
v 7.28321 11.30068 -1.94697
v 7.43310 11.33556 -1.82752
v 7.28321 11.43281 -1.95457
v 7.07846 11.44048 -1.99947
v 7.07846 11.35971 -2.07316
v 7.28321 11.36286 -2.01839
v 7.28321 11.48382 -1.77989
v 7.07846 11.49939 -1.79777
v 7.07846 11.44048 -1.99947
v 7.28321 11.43281 -1.95457
v 7.28321 11.49641 -1.56108
v 7.07846 11.51392 -1.54510
v 7.07846 11.49939 -1.79777
v 7.28321 11.48382 -1.77989
v 7.28321 11.46576 -1.38170
v 7.07846 11.47853 -1.33798
v 7.07846 11.51392 -1.54510
v 7.28321 11.49641 -1.56108
v 7.28321 11.40358 -1.31028
v 7.07846 11.40673 -1.25551
v 7.07846 11.47853 -1.33798
v 7.28321 11.46576 -1.38170
v 7.28321 11.33363 -1.37410
v 7.07846 11.32595 -1.32920
v 7.07846 11.40673 -1.25551
v 7.28321 11.40358 -1.31028
v 7.28321 11.28261 -1.54878
v 7.07846 11.26705 -1.53090
v 7.07846 11.32595 -1.32920
v 7.28321 11.33363 -1.37410
v 7.28321 11.27003 -1.76760
v 7.07846 11.25252 -1.78357
v 7.07846 11.26705 -1.53090
v 7.28321 11.28261 -1.54878
v 7.28321 11.30068 -1.94697
v 7.07846 11.28791 -1.99070
v 7.07846 11.25252 -1.78357
v 7.28321 11.27003 -1.76760
v 7.28321 11.36286 -2.01839
v 7.07846 11.35971 -2.07316
v 7.07846 11.28791 -1.99070
v 7.28321 11.30068 -1.94697
v 7.07846 11.44048 -1.99947
v 6.87371 11.43281 -1.95457
v 6.87371 11.36286 -2.01839
v 7.07846 11.35971 -2.07316
v 7.07846 11.49939 -1.79777
v 6.87371 11.48382 -1.77989
v 6.87371 11.43281 -1.95457
v 7.07846 11.44048 -1.99947
v 7.07846 11.51392 -1.54510
v 6.87371 11.49641 -1.56108
v 6.87371 11.48382 -1.77989
v 7.07846 11.49939 -1.79777
v 7.07846 11.47853 -1.33798
v 6.87371 11.46576 -1.38170
v 6.87371 11.49641 -1.56108
v 7.07846 11.51392 -1.54510
v 7.07846 11.40673 -1.25551
v 6.87371 11.40358 -1.31028
v 6.87371 11.46576 -1.38170
v 7.07846 11.47853 -1.33798
v 7.07846 11.32595 -1.32920
v 6.87371 11.33363 -1.37410
v 6.87371 11.40358 -1.31028
v 7.07846 11.40673 -1.25551
v 7.07846 11.26705 -1.53090
v 6.87371 11.28261 -1.54878
v 6.87371 11.33363 -1.37410
v 7.07846 11.32595 -1.32920
v 7.07846 11.25252 -1.78357
v 6.87371 11.27003 -1.76760
v 6.87371 11.28261 -1.54878
v 7.07846 11.26705 -1.53090
v 7.07846 11.28791 -1.99070
v 6.87371 11.30068 -1.94697
v 6.87371 11.27003 -1.76760
v 7.07846 11.25252 -1.78357
v 7.07846 11.35971 -2.07316
v 6.87371 11.36286 -2.01839
v 6.87371 11.30068 -1.94697
v 7.07846 11.28791 -1.99070
v 6.87371 11.43281 -1.95457
v 6.72382 11.41185 -1.83190
v 6.72382 11.37146 -1.86875
v 6.87371 11.36286 -2.01839
v 6.87371 11.48382 -1.77989
v 6.72382 11.44130 -1.73105
v 6.72382 11.41185 -1.83190
v 6.87371 11.43281 -1.95457
v 6.87371 11.49641 -1.56108
v 6.72382 11.44857 -1.60472
v 6.72382 11.44130 -1.73105
v 6.87371 11.48382 -1.77989
v 6.87371 11.46576 -1.38170
v 6.72382 11.43087 -1.50116
v 6.72382 11.44857 -1.60472
v 6.87371 11.49641 -1.56108
v 6.87371 11.40358 -1.31028
v 6.72382 11.39497 -1.45992
v 6.72382 11.43087 -1.50116
v 6.87371 11.46576 -1.38170
v 6.87371 11.33363 -1.37410
v 6.72382 11.35459 -1.49677
v 6.72382 11.39497 -1.45992
v 6.87371 11.40358 -1.31028
v 6.87371 11.28261 -1.54878
v 6.72382 11.32513 -1.59762
v 6.72382 11.35459 -1.49677
v 6.87371 11.33363 -1.37410
v 6.87371 11.27003 -1.76760
v 6.72382 11.31787 -1.72395
v 6.72382 11.32513 -1.59762
v 6.87371 11.28261 -1.54878
v 6.87371 11.30068 -1.94697
v 6.72382 11.33556 -1.82752
v 6.72382 11.31787 -1.72395
v 6.87371 11.27003 -1.76760
v 6.87371 11.36286 -2.01839
v 6.72382 11.37146 -1.86875
v 6.72382 11.33556 -1.82752
v 6.87371 11.30068 -1.94697
v 6.72382 11.41185 -1.83190
v 6.66896 11.38322 -1.66434
v 6.72382 11.37146 -1.86875
v 6.72382 11.44130 -1.73105
v 6.66896 11.38322 -1.66434
v 6.72382 11.41185 -1.83190
v 6.72382 11.44857 -1.60472
v 6.66896 11.38322 -1.66434
v 6.72382 11.44130 -1.73105
v 6.72382 11.43087 -1.50116
v 6.66896 11.38322 -1.66434
v 6.72382 11.44857 -1.60472
v 6.72382 11.39497 -1.45992
v 6.66896 11.38322 -1.66434
v 6.72382 11.43087 -1.50116
v 6.72382 11.35459 -1.49677
v 6.66896 11.38322 -1.66434
v 6.72382 11.39497 -1.45992
v 6.72382 11.32513 -1.59762
v 6.66896 11.38322 -1.66434
v 6.72382 11.35459 -1.49677
v 6.72382 11.31787 -1.72395
v 6.66896 11.38322 -1.66434
v 6.72382 11.32513 -1.59762
v 6.72382 11.33556 -1.82752
v 6.66896 11.38322 -1.66434
v 6.72382 11.31787 -1.72395
v 6.72382 11.37146 -1.86875
v 6.66896 11.38322 -1.66434
v 6.72382 11.33556 -1.82752
v 7.11145 11.49506 0.28043
v 7.09496 11.56238 0.31062
v 5.01649 11.50451 -0.69571
v 5.03299 11.43719 -0.72591
v 7.09496 11.56238 0.31062
v 7.06197 11.56629 0.37853
v 4.98351 11.50841 -0.62780
v 5.01649 11.50451 -0.69571
v 7.06197 11.56629 0.37853
v 7.04547 11.50288 0.41625
v 4.96701 11.44500 -0.59009
v 4.98351 11.50841 -0.62780
v 7.04547 11.50288 0.41625
v 7.06197 11.43556 0.38605
v 4.98351 11.37768 -0.62028
v 4.96701 11.44500 -0.59009
v 7.06197 11.43556 0.38605
v 7.09496 11.43165 0.31814
v 5.01649 11.37378 -0.68819
v 4.98351 11.37768 -0.62028
v 7.09496 11.43165 0.31814
v 7.11145 11.49506 0.28043
v 5.03299 11.43719 -0.72591
v 5.01649 11.37378 -0.68819
v 7.09496 11.43165 0.31814
v 7.06197 11.43556 0.38605
v 7.04547 11.50288 0.41625
v 7.06197 11.56629 0.37853
v 7.09496 11.56238 0.31062
v 7.11145 11.49506 0.28043
v 5.03299 11.43719 -0.72591
v 5.01649 11.50451 -0.69571
v 4.98351 11.50841 -0.62780
v 4.96701 11.44500 -0.59009
v 4.98351 11.37768 -0.62028
v 5.01649 11.37378 -0.68819
v 7.43310 11.52760 0.18077
v 7.43310 11.48721 0.14393
v 7.48796 11.49897 0.34834
v 7.43310 11.55705 0.28162
v 7.43310 11.52760 0.18077
v 7.48796 11.49897 0.34834
v 7.43310 11.56432 0.40796
v 7.43310 11.55705 0.28162
v 7.48796 11.49897 0.34834
v 7.43310 11.54662 0.51152
v 7.43310 11.56432 0.40796
v 7.48796 11.49897 0.34834
v 7.43310 11.51073 0.55275
v 7.43310 11.54662 0.51152
v 7.48796 11.49897 0.34834
v 7.43310 11.47034 0.51590
v 7.43310 11.51073 0.55275
v 7.48796 11.49897 0.34834
v 7.43310 11.44089 0.41505
v 7.43310 11.47034 0.51590
v 7.48796 11.49897 0.34834
v 7.43310 11.43362 0.28872
v 7.43310 11.44089 0.41505
v 7.48796 11.49897 0.34834
v 7.43310 11.45132 0.18516
v 7.43310 11.43362 0.28872
v 7.48796 11.49897 0.34834
v 7.43310 11.48721 0.14393
v 7.43310 11.45132 0.18516
v 7.48796 11.49897 0.34834
v 7.43310 11.52760 0.18077
v 7.28321 11.54856 0.05810
v 7.28321 11.47861 -0.00571
v 7.43310 11.48721 0.14393
v 7.43310 11.55705 0.28162
v 7.28321 11.59958 0.23278
v 7.28321 11.54856 0.05810
v 7.43310 11.52760 0.18077
v 7.43310 11.56432 0.40796
v 7.28321 11.61216 0.45160
v 7.28321 11.59958 0.23278
v 7.43310 11.55705 0.28162
v 7.43310 11.54662 0.51152
v 7.28321 11.58151 0.63097
v 7.28321 11.61216 0.45160
v 7.43310 11.56432 0.40796
v 7.43310 11.51073 0.55275
v 7.28321 11.51933 0.70239
v 7.28321 11.58151 0.63097
v 7.43310 11.54662 0.51152
v 7.43310 11.47034 0.51590
v 7.28321 11.44938 0.63857
v 7.28321 11.51933 0.70239
v 7.43310 11.51073 0.55275
v 7.43310 11.44089 0.41505
v 7.28321 11.39837 0.46389
v 7.28321 11.44938 0.63857
v 7.43310 11.47034 0.51590
v 7.43310 11.43362 0.28872
v 7.28321 11.38578 0.24508
v 7.28321 11.39837 0.46389
v 7.43310 11.44089 0.41505
v 7.43310 11.45132 0.18516
v 7.28321 11.41643 0.06570
v 7.28321 11.38578 0.24508
v 7.43310 11.43362 0.28872
v 7.43310 11.48721 0.14393
v 7.28321 11.47861 -0.00571
v 7.28321 11.41643 0.06570
v 7.43310 11.45132 0.18516
v 7.28321 11.54856 0.05810
v 7.07846 11.55623 0.01320
v 7.07846 11.47546 -0.06049
v 7.28321 11.47861 -0.00571
v 7.28321 11.59958 0.23278
v 7.07846 11.61514 0.21491
v 7.07846 11.55623 0.01320
v 7.28321 11.54856 0.05810
v 7.28321 11.61216 0.45160
v 7.07846 11.62967 0.46757
v 7.07846 11.61514 0.21491
v 7.28321 11.59958 0.23278
v 7.28321 11.58151 0.63097
v 7.07846 11.59428 0.67470
v 7.07846 11.62967 0.46757
v 7.28321 11.61216 0.45160
v 7.28321 11.51933 0.70239
v 7.07846 11.52248 0.75716
v 7.07846 11.59428 0.67470
v 7.28321 11.58151 0.63097
v 7.28321 11.44938 0.63857
v 7.07846 11.44171 0.68347
v 7.07846 11.52248 0.75716
v 7.28321 11.51933 0.70239
v 7.28321 11.39837 0.46389
v 7.07846 11.38280 0.48177
v 7.07846 11.44171 0.68347
v 7.28321 11.44938 0.63857
v 7.28321 11.38578 0.24508
v 7.07846 11.36827 0.22910
v 7.07846 11.38280 0.48177
v 7.28321 11.39837 0.46389
v 7.28321 11.41643 0.06570
v 7.07846 11.40366 0.02198
v 7.07846 11.36827 0.22910
v 7.28321 11.38578 0.24508
v 7.28321 11.47861 -0.00571
v 7.07846 11.47546 -0.06049
v 7.07846 11.40366 0.02198
v 7.28321 11.41643 0.06570
v 7.07846 11.55623 0.01320
v 6.87371 11.54856 0.05810
v 6.87371 11.47861 -0.00571
v 7.07846 11.47546 -0.06049
v 7.07846 11.61514 0.21491
v 6.87371 11.59958 0.23278
v 6.87371 11.54856 0.05810
v 7.07846 11.55623 0.01320
v 7.07846 11.62967 0.46757
v 6.87371 11.61216 0.45160
v 6.87371 11.59958 0.23278
v 7.07846 11.61514 0.21491
v 7.07846 11.59428 0.67470
v 6.87371 11.58151 0.63097
v 6.87371 11.61216 0.45160
v 7.07846 11.62967 0.46757
v 7.07846 11.52248 0.75716
v 6.87371 11.51933 0.70239
v 6.87371 11.58151 0.63097
v 7.07846 11.59428 0.67470
v 7.07846 11.44171 0.68347
v 6.87371 11.44938 0.63857
v 6.87371 11.51933 0.70239
v 7.07846 11.52248 0.75716
v 7.07846 11.38280 0.48177
v 6.87371 11.39837 0.46389
v 6.87371 11.44938 0.63857
v 7.07846 11.44171 0.68347
v 7.07846 11.36827 0.22910
v 6.87371 11.38578 0.24508
v 6.87371 11.39837 0.46389
v 7.07846 11.38280 0.48177
v 7.07846 11.40366 0.02198
v 6.87371 11.41643 0.06570
v 6.87371 11.38578 0.24508
v 7.07846 11.36827 0.22910
v 7.07846 11.47546 -0.06049
v 6.87371 11.47861 -0.00571
v 6.87371 11.41643 0.06570
v 7.07846 11.40366 0.02198
v 6.87371 11.54856 0.05810
v 6.72382 11.52760 0.18077
v 6.72382 11.48721 0.14393
v 6.87371 11.47861 -0.00571
v 6.87371 11.59958 0.23278
v 6.72382 11.55705 0.28162
v 6.72382 11.52760 0.18077
v 6.87371 11.54856 0.05810
v 6.87371 11.61216 0.45160
v 6.72382 11.56432 0.40796
v 6.72382 11.55705 0.28162
v 6.87371 11.59958 0.23278
v 6.87371 11.58151 0.63097
v 6.72382 11.54662 0.51152
v 6.72382 11.56432 0.40796
v 6.87371 11.61216 0.45160
v 6.87371 11.51933 0.70239
v 6.72382 11.51073 0.55275
v 6.72382 11.54662 0.51152
v 6.87371 11.58151 0.63097
v 6.87371 11.44938 0.63857
v 6.72382 11.47034 0.51590
v 6.72382 11.51073 0.55275
v 6.87371 11.51933 0.70239
v 6.87371 11.39837 0.46389
v 6.72382 11.44089 0.41505
v 6.72382 11.47034 0.51590
v 6.87371 11.44938 0.63857
v 6.87371 11.38578 0.24508
v 6.72382 11.43362 0.28872
v 6.72382 11.44089 0.41505
v 6.87371 11.39837 0.46389
v 6.87371 11.41643 0.06570
v 6.72382 11.45132 0.18516
v 6.72382 11.43362 0.28872
v 6.87371 11.38578 0.24508
v 6.87371 11.47861 -0.00571
v 6.72382 11.48721 0.14393
v 6.72382 11.45132 0.18516
v 6.87371 11.41643 0.06570
v 6.72382 11.52760 0.18077
v 6.66896 11.49897 0.34834
v 6.72382 11.48721 0.14393
v 6.72382 11.55705 0.28162
v 6.66896 11.49897 0.34834
v 6.72382 11.52760 0.18077
v 6.72382 11.56432 0.40796
v 6.66896 11.49897 0.34834
v 6.72382 11.55705 0.28162
v 6.72382 11.54662 0.51152
v 6.66896 11.49897 0.34834
v 6.72382 11.56432 0.40796
v 6.72382 11.51073 0.55275
v 6.66896 11.49897 0.34834
v 6.72382 11.54662 0.51152
v 6.72382 11.47034 0.51590
v 6.66896 11.49897 0.34834
v 6.72382 11.51073 0.55275
v 6.72382 11.44089 0.41505
v 6.66896 11.49897 0.34834
v 6.72382 11.47034 0.51590
v 6.72382 11.43362 0.28872
v 6.66896 11.49897 0.34834
v 6.72382 11.44089 0.41505
v 6.72382 11.45132 0.18516
v 6.66896 11.49897 0.34834
v 6.72382 11.43362 0.28872
v 6.72382 11.48721 0.14393
v 6.66896 11.49897 0.34834
v 6.72382 11.45132 0.18516
v 5.07560 11.55685 1.35468
v 5.03780 11.62221 1.35092
v 5.03780 11.50646 -0.66176
v 5.07560 11.44109 -0.65800
v 5.03780 11.62221 1.35092
v 4.96220 11.62221 1.35092
v 4.96220 11.50646 -0.66176
v 5.03780 11.50646 -0.66176
v 4.96220 11.62221 1.35092
v 4.92440 11.55685 1.35468
v 4.92440 11.44109 -0.65800
v 4.96220 11.50646 -0.66176
v 4.92440 11.55685 1.35468
v 4.96220 11.49148 1.35844
v 4.96220 11.37573 -0.65424
v 4.92440 11.44109 -0.65800
v 4.96220 11.49148 1.35844
v 5.03780 11.49148 1.35844
v 5.03780 11.37573 -0.65424
v 4.96220 11.37573 -0.65424
v 5.03780 11.49148 1.35844
v 5.07560 11.55685 1.35468
v 5.07560 11.44109 -0.65800
v 5.03780 11.37573 -0.65424
v 5.03780 11.49148 1.35844
v 4.96220 11.49148 1.35844
v 4.92440 11.55685 1.35468
v 4.96220 11.62221 1.35092
v 5.03780 11.62221 1.35092
v 5.07560 11.55685 1.35468
v 5.07560 11.44109 -0.65800
v 5.03780 11.50646 -0.66176
v 4.96220 11.50646 -0.66176
v 4.92440 11.44109 -0.65800
v 4.96220 11.37573 -0.65424
v 5.03780 11.37573 -0.65424
v 5.35464 11.58548 1.18711
v 5.35464 11.54509 1.15026
v 5.40950 11.55685 1.35468
v 5.35464 11.61493 1.28796
v 5.35464 11.58548 1.18711
v 5.40950 11.55685 1.35468
v 5.35464 11.62220 1.41429
v 5.35464 11.61493 1.28796
v 5.40950 11.55685 1.35468
v 5.35464 11.60450 1.51786
v 5.35464 11.62220 1.41429
v 5.40950 11.55685 1.35468
v 5.35464 11.56860 1.55909
v 5.35464 11.60450 1.51786
v 5.40950 11.55685 1.35468
v 5.35464 11.52821 1.52224
v 5.35464 11.56860 1.55909
v 5.40950 11.55685 1.35468
v 5.35464 11.49876 1.42139
v 5.35464 11.52821 1.52224
v 5.40950 11.55685 1.35468
v 5.35464 11.49150 1.29506
v 5.35464 11.49876 1.42139
v 5.40950 11.55685 1.35468
v 5.35464 11.50919 1.19150
v 5.35464 11.49150 1.29506
v 5.40950 11.55685 1.35468
v 5.35464 11.54509 1.15026
v 5.35464 11.50919 1.19150
v 5.40950 11.55685 1.35468
v 5.35464 11.58548 1.18711
v 5.20475 11.60644 1.06444
v 5.20475 11.53648 1.00062
v 5.35464 11.54509 1.15026
v 5.35464 11.61493 1.28796
v 5.20475 11.65745 1.23912
v 5.20475 11.60644 1.06444
v 5.35464 11.58548 1.18711
v 5.35464 11.62220 1.41429
v 5.20475 11.67004 1.45794
v 5.20475 11.65745 1.23912
v 5.35464 11.61493 1.28796
v 5.35464 11.60450 1.51786
v 5.20475 11.63939 1.63731
v 5.20475 11.67004 1.45794
v 5.35464 11.62220 1.41429
v 5.35464 11.56860 1.55909
v 5.20475 11.57721 1.70873
v 5.20475 11.63939 1.63731
v 5.35464 11.60450 1.51786
v 5.35464 11.52821 1.52224
v 5.20475 11.50725 1.64491
v 5.20475 11.57721 1.70873
v 5.35464 11.56860 1.55909
v 5.35464 11.49876 1.42139
v 5.20475 11.45624 1.47023
v 5.20475 11.50725 1.64491
v 5.35464 11.52821 1.52224
v 5.35464 11.49150 1.29506
v 5.20475 11.44366 1.25142
v 5.20475 11.45624 1.47023
v 5.35464 11.49876 1.42139
v 5.35464 11.50919 1.19150
v 5.20475 11.47431 1.07204
v 5.20475 11.44366 1.25142
v 5.35464 11.49150 1.29506
v 5.35464 11.54509 1.15026
v 5.20475 11.53648 1.00062
v 5.20475 11.47431 1.07204
v 5.35464 11.50919 1.19150
v 5.20475 11.60644 1.06444
v 5.00000 11.61411 1.01954
v 5.00000 11.53333 0.94585
v 5.20475 11.53648 1.00062
v 5.20475 11.65745 1.23912
v 5.00000 11.67301 1.22124
v 5.00000 11.61411 1.01954
v 5.20475 11.60644 1.06444
v 5.20475 11.67004 1.45794
v 5.00000 11.68755 1.47391
v 5.00000 11.67301 1.22124
v 5.20475 11.65745 1.23912
v 5.20475 11.63939 1.63731
v 5.00000 11.65215 1.68103
v 5.00000 11.68755 1.47391
v 5.20475 11.67004 1.45794
v 5.20475 11.57721 1.70873
v 5.00000 11.58036 1.76350
v 5.00000 11.65215 1.68103
v 5.20475 11.63939 1.63731
v 5.20475 11.50725 1.64491
v 5.00000 11.49958 1.68981
v 5.00000 11.58036 1.76350
v 5.20475 11.57721 1.70873
v 5.20475 11.45624 1.47023
v 5.00000 11.44068 1.48811
v 5.00000 11.49958 1.68981
v 5.20475 11.50725 1.64491
v 5.20475 11.44366 1.25142
v 5.00000 11.42615 1.23544
v 5.00000 11.44068 1.48811
v 5.20475 11.45624 1.47023
v 5.20475 11.47431 1.07204
v 5.00000 11.46154 1.02832
v 5.00000 11.42615 1.23544
v 5.20475 11.44366 1.25142
v 5.20475 11.53648 1.00062
v 5.00000 11.53333 0.94585
v 5.00000 11.46154 1.02832
v 5.20475 11.47431 1.07204
v 5.00000 11.61411 1.01954
v 4.79525 11.60644 1.06444
v 4.79525 11.53648 1.00062
v 5.00000 11.53333 0.94585
v 5.00000 11.67301 1.22124
v 4.79525 11.65745 1.23912
v 4.79525 11.60644 1.06444
v 5.00000 11.61411 1.01954
v 5.00000 11.68755 1.47391
v 4.79525 11.67004 1.45794
v 4.79525 11.65745 1.23912
v 5.00000 11.67301 1.22124
v 5.00000 11.65215 1.68103
v 4.79525 11.63939 1.63731
v 4.79525 11.67004 1.45794
v 5.00000 11.68755 1.47391
v 5.00000 11.58036 1.76350
v 4.79525 11.57721 1.70873
v 4.79525 11.63939 1.63731
v 5.00000 11.65215 1.68103
v 5.00000 11.49958 1.68981
v 4.79525 11.50725 1.64491
v 4.79525 11.57721 1.70873
v 5.00000 11.58036 1.76350
v 5.00000 11.44068 1.48811
v 4.79525 11.45624 1.47023
v 4.79525 11.50725 1.64491
v 5.00000 11.49958 1.68981
v 5.00000 11.42615 1.23544
v 4.79525 11.44366 1.25142
v 4.79525 11.45624 1.47023
v 5.00000 11.44068 1.48811
v 5.00000 11.46154 1.02832
v 4.79525 11.47431 1.07204
v 4.79525 11.44366 1.25142
v 5.00000 11.42615 1.23544
v 5.00000 11.53333 0.94585
v 4.79525 11.53648 1.00062
v 4.79525 11.47431 1.07204
v 5.00000 11.46154 1.02832
v 4.79525 11.60644 1.06444
v 4.64536 11.58548 1.18711
v 4.64536 11.54509 1.15026
v 4.79525 11.53648 1.00062
v 4.79525 11.65745 1.23912
v 4.64536 11.61493 1.28796
v 4.64536 11.58548 1.18711
v 4.79525 11.60644 1.06444
v 4.79525 11.67004 1.45794
v 4.64536 11.62220 1.41429
v 4.64536 11.61493 1.28796
v 4.79525 11.65745 1.23912
v 4.79525 11.63939 1.63731
v 4.64536 11.60450 1.51786
v 4.64536 11.62220 1.41429
v 4.79525 11.67004 1.45794
v 4.79525 11.57721 1.70873
v 4.64536 11.56860 1.55909
v 4.64536 11.60450 1.51786
v 4.79525 11.63939 1.63731
v 4.79525 11.50725 1.64491
v 4.64536 11.52821 1.52224
v 4.64536 11.56860 1.55909
v 4.79525 11.57721 1.70873
v 4.79525 11.45624 1.47023
v 4.64536 11.49876 1.42139
v 4.64536 11.52821 1.52224
v 4.79525 11.50725 1.64491
v 4.79525 11.44366 1.25142
v 4.64536 11.49150 1.29506
v 4.64536 11.49876 1.42139
v 4.79525 11.45624 1.47023
v 4.79525 11.47431 1.07204
v 4.64536 11.50919 1.19150
v 4.64536 11.49150 1.29506
v 4.79525 11.44366 1.25142
v 4.79525 11.53648 1.00062
v 4.64536 11.54509 1.15026
v 4.64536 11.50919 1.19150
v 4.79525 11.47431 1.07204
v 4.64536 11.58548 1.18711
v 4.59050 11.55685 1.35468
v 4.64536 11.54509 1.15026
v 4.64536 11.61493 1.28796
v 4.59050 11.55685 1.35468
v 4.64536 11.58548 1.18711
v 4.64536 11.62220 1.41429
v 4.59050 11.55685 1.35468
v 4.64536 11.61493 1.28796
v 4.64536 11.60450 1.51786
v 4.59050 11.55685 1.35468
v 4.64536 11.62220 1.41429
v 4.64536 11.56860 1.55909
v 4.59050 11.55685 1.35468
v 4.64536 11.60450 1.51786
v 4.64536 11.52821 1.52224
v 4.59050 11.55685 1.35468
v 4.64536 11.56860 1.55909
v 4.64536 11.49876 1.42139
v 4.59050 11.55685 1.35468
v 4.64536 11.52821 1.52224
v 4.64536 11.49150 1.29506
v 4.59050 11.55685 1.35468
v 4.64536 11.49876 1.42139
v 4.64536 11.50919 1.19150
v 4.59050 11.55685 1.35468
v 4.64536 11.49150 1.29506
v 4.64536 11.54509 1.15026
v 4.59050 11.55685 1.35468
v 4.64536 11.50919 1.19150
v 2.95453 11.50288 0.41625
v 2.93803 11.56629 0.37854
v 5.01649 11.50841 -0.62780
v 5.03299 11.44500 -0.59009
v 2.93803 11.56629 0.37854
v 2.90504 11.56238 0.31063
v 4.98350 11.50451 -0.69571
v 5.01649 11.50841 -0.62780
v 2.90504 11.56238 0.31063
v 2.88855 11.49506 0.28043
v 4.96701 11.43719 -0.72591
v 4.98350 11.50451 -0.69571
v 2.88855 11.49506 0.28043
v 2.90504 11.43165 0.31814
v 4.98350 11.37378 -0.68819
v 4.96701 11.43719 -0.72591
v 2.90504 11.43165 0.31814
v 2.93803 11.43556 0.38605
v 5.01649 11.37768 -0.62028
v 4.98350 11.37378 -0.68819
v 2.93803 11.43556 0.38605
v 2.95453 11.50288 0.41625
v 5.03299 11.44500 -0.59009
v 5.01649 11.37768 -0.62028
v 2.93803 11.43556 0.38605
v 2.90504 11.43165 0.31814
v 2.88855 11.49506 0.28043
v 2.90504 11.56238 0.31063
v 2.93803 11.56629 0.37854
v 2.95453 11.50288 0.41625
v 5.03299 11.44500 -0.59009
v 5.01649 11.50841 -0.62780
v 4.98350 11.50451 -0.69571
v 4.96701 11.43719 -0.72591
v 4.98350 11.37378 -0.68819
v 5.01649 11.37768 -0.62028
v 3.27618 11.52760 0.18077
v 3.27618 11.48721 0.14393
v 3.33104 11.49897 0.34834
v 3.27618 11.55705 0.28162
v 3.27618 11.52760 0.18077
v 3.33104 11.49897 0.34834
v 3.27618 11.56432 0.40796
v 3.27618 11.55705 0.28162
v 3.33104 11.49897 0.34834
v 3.27618 11.54662 0.51152
v 3.27618 11.56432 0.40796
v 3.33104 11.49897 0.34834
v 3.27618 11.51073 0.55275
v 3.27618 11.54662 0.51152
v 3.33104 11.49897 0.34834
v 3.27618 11.47034 0.51591
v 3.27618 11.51073 0.55275
v 3.33104 11.49897 0.34834
v 3.27618 11.44089 0.41506
v 3.27618 11.47034 0.51591
v 3.33104 11.49897 0.34834
v 3.27618 11.43362 0.28872
v 3.27618 11.44089 0.41506
v 3.33104 11.49897 0.34834
v 3.27618 11.45132 0.18516
v 3.27618 11.43362 0.28872
v 3.33104 11.49897 0.34834
v 3.27618 11.48721 0.14393
v 3.27618 11.45132 0.18516
v 3.33104 11.49897 0.34834
v 3.27618 11.52760 0.18077
v 3.12629 11.54856 0.05811
v 3.12629 11.47861 -0.00571
v 3.27618 11.48721 0.14393
v 3.27618 11.55705 0.28162
v 3.12629 11.59958 0.23278
v 3.12629 11.54856 0.05811
v 3.27618 11.52760 0.18077
v 3.27618 11.56432 0.40796
v 3.12629 11.61216 0.45160
v 3.12629 11.59958 0.23278
v 3.27618 11.55705 0.28162
v 3.27618 11.54662 0.51152
v 3.12629 11.58151 0.63097
v 3.12629 11.61216 0.45160
v 3.27618 11.56432 0.40796
v 3.27618 11.51073 0.55275
v 3.12629 11.51933 0.70239
v 3.12629 11.58151 0.63097
v 3.27618 11.54662 0.51152
v 3.27618 11.47034 0.51591
v 3.12629 11.44938 0.63857
v 3.12629 11.51933 0.70239
v 3.27618 11.51073 0.55275
v 3.27618 11.44089 0.41506
v 3.12629 11.39837 0.46390
v 3.12629 11.44938 0.63857
v 3.27618 11.47034 0.51591
v 3.27618 11.43362 0.28872
v 3.12629 11.38578 0.24508
v 3.12629 11.39837 0.46390
v 3.27618 11.44089 0.41506
v 3.27618 11.45132 0.18516
v 3.12629 11.41643 0.06570
v 3.12629 11.38578 0.24508
v 3.27618 11.43362 0.28872
v 3.27618 11.48721 0.14393
v 3.12629 11.47861 -0.00571
v 3.12629 11.41643 0.06570
v 3.27618 11.45132 0.18516
v 3.12629 11.54856 0.05811
v 2.92154 11.55623 0.01321
v 2.92154 11.47546 -0.06048
v 3.12629 11.47861 -0.00571
v 3.12629 11.59958 0.23278
v 2.92154 11.61514 0.21491
v 2.92154 11.55623 0.01321
v 3.12629 11.54856 0.05811
v 3.12629 11.61216 0.45160
v 2.92154 11.62967 0.46757
v 2.92154 11.61514 0.21491
v 3.12629 11.59958 0.23278
v 3.12629 11.58151 0.63097
v 2.92154 11.59428 0.67470
v 2.92154 11.62967 0.46757
v 3.12629 11.61216 0.45160
v 3.12629 11.51933 0.70239
v 2.92154 11.52248 0.75716
v 2.92154 11.59428 0.67470
v 3.12629 11.58151 0.63097
v 3.12629 11.44938 0.63857
v 2.92154 11.44171 0.68347
v 2.92154 11.52248 0.75716
v 3.12629 11.51933 0.70239
v 3.12629 11.39837 0.46390
v 2.92154 11.38280 0.48177
v 2.92154 11.44171 0.68347
v 3.12629 11.44938 0.63857
v 3.12629 11.38578 0.24508
v 2.92154 11.36827 0.22910
v 2.92154 11.38280 0.48177
v 3.12629 11.39837 0.46390
v 3.12629 11.41643 0.06570
v 2.92154 11.40366 0.02198
v 2.92154 11.36827 0.22910
v 3.12629 11.38578 0.24508
v 3.12629 11.47861 -0.00571
v 2.92154 11.47546 -0.06048
v 2.92154 11.40366 0.02198
v 3.12629 11.41643 0.06570
v 2.92154 11.55623 0.01321
v 2.71679 11.54856 0.05811
v 2.71679 11.47861 -0.00571
v 2.92154 11.47546 -0.06048
v 2.92154 11.61514 0.21491
v 2.71679 11.59958 0.23278
v 2.71679 11.54856 0.05811
v 2.92154 11.55623 0.01321
v 2.92154 11.62967 0.46757
v 2.71679 11.61216 0.45160
v 2.71679 11.59958 0.23278
v 2.92154 11.61514 0.21491
v 2.92154 11.59428 0.67470
v 2.71679 11.58151 0.63097
v 2.71679 11.61216 0.45160
v 2.92154 11.62967 0.46757
v 2.92154 11.52248 0.75716
v 2.71679 11.51933 0.70239
v 2.71679 11.58151 0.63097
v 2.92154 11.59428 0.67470
v 2.92154 11.44171 0.68347
v 2.71679 11.44938 0.63857
v 2.71679 11.51933 0.70239
v 2.92154 11.52248 0.75716
v 2.92154 11.38280 0.48177
v 2.71679 11.39837 0.46390
v 2.71679 11.44938 0.63857
v 2.92154 11.44171 0.68347
v 2.92154 11.36827 0.22910
v 2.71679 11.38578 0.24508
v 2.71679 11.39837 0.46390
v 2.92154 11.38280 0.48177
v 2.92154 11.40366 0.02198
v 2.71679 11.41643 0.06570
v 2.71679 11.38578 0.24508
v 2.92154 11.36827 0.22910
v 2.92154 11.47546 -0.06048
v 2.71679 11.47861 -0.00571
v 2.71679 11.41643 0.06570
v 2.92154 11.40366 0.02198
v 2.71679 11.54856 0.05811
v 2.56690 11.52760 0.18077
v 2.56690 11.48721 0.14393
v 2.71679 11.47861 -0.00571
v 2.71679 11.59958 0.23278
v 2.56690 11.55705 0.28162
v 2.56690 11.52760 0.18077
v 2.71679 11.54856 0.05811
v 2.71679 11.61216 0.45160
v 2.56690 11.56432 0.40796
v 2.56690 11.55705 0.28162
v 2.71679 11.59958 0.23278
v 2.71679 11.58151 0.63097
v 2.56690 11.54662 0.51152
v 2.56690 11.56432 0.40796
v 2.71679 11.61216 0.45160
v 2.71679 11.51933 0.70239
v 2.56690 11.51073 0.55275
v 2.56690 11.54662 0.51152
v 2.71679 11.58151 0.63097
v 2.71679 11.44938 0.63857
v 2.56690 11.47034 0.51591
v 2.56690 11.51073 0.55275
v 2.71679 11.51933 0.70239
v 2.71679 11.39837 0.46390
v 2.56690 11.44089 0.41506
v 2.56690 11.47034 0.51591
v 2.71679 11.44938 0.63857
v 2.71679 11.38578 0.24508
v 2.56690 11.43362 0.28872
v 2.56690 11.44089 0.41506
v 2.71679 11.39837 0.46390
v 2.71679 11.41643 0.06570
v 2.56690 11.45132 0.18516
v 2.56690 11.43362 0.28872
v 2.71679 11.38578 0.24508
v 2.71679 11.47861 -0.00571
v 2.56690 11.48721 0.14393
v 2.56690 11.45132 0.18516
v 2.71679 11.41643 0.06570
v 2.56690 11.52760 0.18077
v 2.51204 11.49897 0.34834
v 2.56690 11.48721 0.14393
v 2.56690 11.55705 0.28162
v 2.51204 11.49897 0.34834
v 2.56690 11.52760 0.18077
v 2.56690 11.56432 0.40796
v 2.51204 11.49897 0.34834
v 2.56690 11.55705 0.28162
v 2.56690 11.54662 0.51152
v 2.51204 11.49897 0.34834
v 2.56690 11.56432 0.40796
v 2.56690 11.51073 0.55275
v 2.51204 11.49897 0.34834
v 2.56690 11.54662 0.51152
v 2.56690 11.47034 0.51591
v 2.51204 11.49897 0.34834
v 2.56690 11.51073 0.55275
v 2.56690 11.44089 0.41506
v 2.51204 11.49897 0.34834
v 2.56690 11.47034 0.51591
v 2.56690 11.43362 0.28872
v 2.51204 11.49897 0.34834
v 2.56690 11.44089 0.41506
v 2.56690 11.45132 0.18516
v 2.51204 11.49897 0.34834
v 2.56690 11.43362 0.28872
v 2.56690 11.48721 0.14393
v 2.51204 11.49897 0.34834
v 2.56690 11.45132 0.18516
v 2.88855 11.38712 -1.59642
v 2.90504 11.45053 -1.63414
v 4.98351 11.50841 -0.62780
v 4.96701 11.44500 -0.59009
v 2.90504 11.45053 -1.63414
v 2.93803 11.44663 -1.70205
v 5.01649 11.50451 -0.69571
v 4.98351 11.50841 -0.62780
v 2.93803 11.44663 -1.70205
v 2.95453 11.37931 -1.73225
v 5.03299 11.43719 -0.72591
v 5.01649 11.50451 -0.69571
v 2.95453 11.37931 -1.73225
v 2.93803 11.31590 -1.69453
v 5.01649 11.37378 -0.68819
v 5.03299 11.43719 -0.72591
v 2.93803 11.31590 -1.69453
v 2.90504 11.31981 -1.62662
v 4.98351 11.37768 -0.62028
v 5.01649 11.37378 -0.68819
v 2.90504 11.31981 -1.62662
v 2.88855 11.38712 -1.59642
v 4.96701 11.44500 -0.59009
v 4.98351 11.37768 -0.62028
v 2.90504 11.31981 -1.62662
v 2.93803 11.31590 -1.69453
v 2.95453 11.37931 -1.73225
v 2.93803 11.44663 -1.70205
v 2.90504 11.45053 -1.63414
v 2.88855 11.38712 -1.59642
v 4.96701 11.44500 -0.59009
v 4.98351 11.50841 -0.62780
v 5.01649 11.50451 -0.69571
v 5.03299 11.43719 -0.72591
v 5.01649 11.37378 -0.68819
v 4.98351 11.37768 -0.62028
v 3.27618 11.41185 -1.83190
v 3.27618 11.37146 -1.86875
v 3.33104 11.38322 -1.66434
v 3.27618 11.44130 -1.73105
v 3.27618 11.41185 -1.83190
v 3.33104 11.38322 -1.66434
v 3.27618 11.44857 -1.60472
v 3.27618 11.44130 -1.73105
v 3.33104 11.38322 -1.66434
v 3.27618 11.43087 -1.50116
v 3.27618 11.44857 -1.60472
v 3.33104 11.38322 -1.66434
v 3.27618 11.39497 -1.45992
v 3.27618 11.43087 -1.50116
v 3.33104 11.38322 -1.66434
v 3.27618 11.35459 -1.49677
v 3.27618 11.39497 -1.45992
v 3.33104 11.38322 -1.66434
v 3.27618 11.32513 -1.59762
v 3.27618 11.35459 -1.49677
v 3.33104 11.38322 -1.66434
v 3.27618 11.31787 -1.72395
v 3.27618 11.32513 -1.59762
v 3.33104 11.38322 -1.66434
v 3.27618 11.33556 -1.82751
v 3.27618 11.31787 -1.72395
v 3.33104 11.38322 -1.66434
v 3.27618 11.37146 -1.86875
v 3.27618 11.33556 -1.82751
v 3.33104 11.38322 -1.66434
v 3.27618 11.41185 -1.83190
v 3.12629 11.43281 -1.95457
v 3.12629 11.36286 -2.01839
v 3.27618 11.37146 -1.86875
v 3.27618 11.44130 -1.73105
v 3.12629 11.48382 -1.77989
v 3.12629 11.43281 -1.95457
v 3.27618 11.41185 -1.83190
v 3.27618 11.44857 -1.60472
v 3.12629 11.49641 -1.56107
v 3.12629 11.48382 -1.77989
v 3.27618 11.44130 -1.73105
v 3.27618 11.43087 -1.50116
v 3.12629 11.46576 -1.38170
v 3.12629 11.49641 -1.56107
v 3.27618 11.44857 -1.60472
v 3.27618 11.39497 -1.45992
v 3.12629 11.40358 -1.31028
v 3.12629 11.46576 -1.38170
v 3.27618 11.43087 -1.50116
v 3.27618 11.35459 -1.49677
v 3.12629 11.33363 -1.37410
v 3.12629 11.40358 -1.31028
v 3.27618 11.39497 -1.45992
v 3.27618 11.32513 -1.59762
v 3.12629 11.28261 -1.54878
v 3.12629 11.33363 -1.37410
v 3.27618 11.35459 -1.49677
v 3.27618 11.31787 -1.72395
v 3.12629 11.27003 -1.76760
v 3.12629 11.28261 -1.54878
v 3.27618 11.32513 -1.59762
v 3.27618 11.33556 -1.82751
v 3.12629 11.30068 -1.94697
v 3.12629 11.27003 -1.76760
v 3.27618 11.31787 -1.72395
v 3.27618 11.37146 -1.86875
v 3.12629 11.36286 -2.01839
v 3.12629 11.30068 -1.94697
v 3.27618 11.33556 -1.82751
v 3.12629 11.43281 -1.95457
v 2.92154 11.44048 -1.99947
v 2.92154 11.35971 -2.07316
v 3.12629 11.36286 -2.01839
v 3.12629 11.48382 -1.77989
v 2.92154 11.49939 -1.79777
v 2.92154 11.44048 -1.99947
v 3.12629 11.43281 -1.95457
v 3.12629 11.49641 -1.56107
v 2.92154 11.51392 -1.54510
v 2.92154 11.49939 -1.79777
v 3.12629 11.48382 -1.77989
v 3.12629 11.46576 -1.38170
v 2.92154 11.47853 -1.33798
v 2.92154 11.51392 -1.54510
v 3.12629 11.49641 -1.56107
v 3.12629 11.40358 -1.31028
v 2.92154 11.40673 -1.25551
v 2.92154 11.47853 -1.33798
v 3.12629 11.46576 -1.38170
v 3.12629 11.33363 -1.37410
v 2.92154 11.32595 -1.32920
v 2.92154 11.40673 -1.25551
v 3.12629 11.40358 -1.31028
v 3.12629 11.28261 -1.54878
v 2.92154 11.26705 -1.53090
v 2.92154 11.32595 -1.32920
v 3.12629 11.33363 -1.37410
v 3.12629 11.27003 -1.76760
v 2.92154 11.25252 -1.78357
v 2.92154 11.26705 -1.53090
v 3.12629 11.28261 -1.54878
v 3.12629 11.30068 -1.94697
v 2.92154 11.28791 -1.99069
v 2.92154 11.25252 -1.78357
v 3.12629 11.27003 -1.76760
v 3.12629 11.36286 -2.01839
v 2.92154 11.35971 -2.07316
v 2.92154 11.28791 -1.99069
v 3.12629 11.30068 -1.94697
v 2.92154 11.44048 -1.99947
v 2.71679 11.43281 -1.95457
v 2.71679 11.36286 -2.01839
v 2.92154 11.35971 -2.07316
v 2.92154 11.49939 -1.79777
v 2.71679 11.48382 -1.77989
v 2.71679 11.43281 -1.95457
v 2.92154 11.44048 -1.99947
v 2.92154 11.51392 -1.54510
v 2.71679 11.49641 -1.56107
v 2.71679 11.48382 -1.77989
v 2.92154 11.49939 -1.79777
v 2.92154 11.47853 -1.33798
v 2.71679 11.46576 -1.38170
v 2.71679 11.49641 -1.56107
v 2.92154 11.51392 -1.54510
v 2.92154 11.40673 -1.25551
v 2.71679 11.40358 -1.31028
v 2.71679 11.46576 -1.38170
v 2.92154 11.47853 -1.33798
v 2.92154 11.32595 -1.32920
v 2.71679 11.33363 -1.37410
v 2.71679 11.40358 -1.31028
v 2.92154 11.40673 -1.25551
v 2.92154 11.26705 -1.53090
v 2.71679 11.28261 -1.54878
v 2.71679 11.33363 -1.37410
v 2.92154 11.32595 -1.32920
v 2.92154 11.25252 -1.78357
v 2.71679 11.27003 -1.76760
v 2.71679 11.28261 -1.54878
v 2.92154 11.26705 -1.53090
v 2.92154 11.28791 -1.99069
v 2.71679 11.30068 -1.94697
v 2.71679 11.27003 -1.76760
v 2.92154 11.25252 -1.78357
v 2.92154 11.35971 -2.07316
v 2.71679 11.36286 -2.01839
v 2.71679 11.30068 -1.94697
v 2.92154 11.28791 -1.99069
v 2.71679 11.43281 -1.95457
v 2.56690 11.41185 -1.83190
v 2.56690 11.37146 -1.86875
v 2.71679 11.36286 -2.01839
v 2.71679 11.48382 -1.77989
v 2.56690 11.44130 -1.73105
v 2.56690 11.41185 -1.83190
v 2.71679 11.43281 -1.95457
v 2.71679 11.49641 -1.56107
v 2.56690 11.44857 -1.60472
v 2.56690 11.44130 -1.73105
v 2.71679 11.48382 -1.77989
v 2.71679 11.46576 -1.38170
v 2.56690 11.43087 -1.50116
v 2.56690 11.44857 -1.60472
v 2.71679 11.49641 -1.56107
v 2.71679 11.40358 -1.31028
v 2.56690 11.39497 -1.45992
v 2.56690 11.43087 -1.50116
v 2.71679 11.46576 -1.38170
v 2.71679 11.33363 -1.37410
v 2.56690 11.35459 -1.49677
v 2.56690 11.39497 -1.45992
v 2.71679 11.40358 -1.31028
v 2.71679 11.28261 -1.54878
v 2.56690 11.32513 -1.59762
v 2.56690 11.35459 -1.49677
v 2.71679 11.33363 -1.37410
v 2.71679 11.27003 -1.76760
v 2.56690 11.31787 -1.72395
v 2.56690 11.32513 -1.59762
v 2.71679 11.28261 -1.54878
v 2.71679 11.30068 -1.94697
v 2.56690 11.33556 -1.82751
v 2.56690 11.31787 -1.72395
v 2.71679 11.27003 -1.76760
v 2.71679 11.36286 -2.01839
v 2.56690 11.37146 -1.86875
v 2.56690 11.33556 -1.82751
v 2.71679 11.30068 -1.94697
v 2.56690 11.41185 -1.83190
v 2.51204 11.38322 -1.66433
v 2.56690 11.37146 -1.86875
v 2.56690 11.44130 -1.73105
v 2.51204 11.38322 -1.66433
v 2.56690 11.41185 -1.83190
v 2.56690 11.44857 -1.60472
v 2.51204 11.38322 -1.66433
v 2.56690 11.44130 -1.73105
v 2.56690 11.43087 -1.50116
v 2.51204 11.38322 -1.66433
v 2.56690 11.44857 -1.60472
v 2.56690 11.39497 -1.45992
v 2.51204 11.38322 -1.66433
v 2.56690 11.43087 -1.50116
v 2.56690 11.35459 -1.49677
v 2.51204 11.38322 -1.66434
v 2.56690 11.39497 -1.45992
v 2.56690 11.32513 -1.59762
v 2.51204 11.38322 -1.66433
v 2.56690 11.35459 -1.49677
v 2.56690 11.31787 -1.72395
v 2.51204 11.38322 -1.66433
v 2.56690 11.32513 -1.59762
v 2.56690 11.33556 -1.82751
v 2.51204 11.38322 -1.66433
v 2.56690 11.31787 -1.72395
v 2.56690 11.37146 -1.86875
v 2.51204 11.38322 -1.66433
v 2.56690 11.33556 -1.82751
v 5.69845 11.59704 -0.91793
v 5.69845 11.56425 -0.95487
v 5.75600 11.58086 -0.66604
v 5.69845 11.62550 -0.81350
v 5.69845 11.59704 -0.91793
v 5.75600 11.58086 -0.66604
v 5.69845 11.64199 -0.66955
v 5.69845 11.62550 -0.81350
v 5.75600 11.58086 -0.66604
v 5.69845 11.64211 -0.52467
v 5.69845 11.64199 -0.66955
v 5.75600 11.58086 -0.66604
v 5.69845 11.62581 -0.41766
v 5.69845 11.64211 -0.52467
v 5.75600 11.58086 -0.66604
v 5.69845 11.59748 -0.37721
v 5.69845 11.62581 -0.41766
v 5.75600 11.58086 -0.66604
v 5.69845 11.56468 -0.41414
v 5.69845 11.59748 -0.37721
v 5.75600 11.58086 -0.66604
v 5.69845 11.53623 -0.51858
v 5.69845 11.56468 -0.41414
v 5.75600 11.58086 -0.66604
v 5.69845 11.51974 -0.66252
v 5.69845 11.53623 -0.51858
v 5.75600 11.58086 -0.66604
v 5.69845 11.51962 -0.80741
v 5.69845 11.51974 -0.66252
v 5.75600 11.58086 -0.66604
v 5.69845 11.53591 -0.91441
v 5.69845 11.51962 -0.80741
v 5.75600 11.58086 -0.66604
v 5.69845 11.56425 -0.95487
v 5.69845 11.53591 -0.91441
v 5.75600 11.58086 -0.66604
v 5.69845 11.59704 -0.91793
v 5.53457 11.61076 -1.13147
v 5.53457 11.55017 -1.19973
v 5.69845 11.56425 -0.95487
v 5.69845 11.62550 -0.81350
v 5.53457 11.66333 -0.93851
v 5.53457 11.61076 -1.13147
v 5.69845 11.59704 -0.91793
v 5.69845 11.64199 -0.66955
v 5.53457 11.69381 -0.67253
v 5.53457 11.66333 -0.93851
v 5.69845 11.62550 -0.81350
v 5.69845 11.64211 -0.52467
v 5.53457 11.69403 -0.40482
v 5.53457 11.69381 -0.67253
v 5.69845 11.64199 -0.66955
v 5.69845 11.62581 -0.41766
v 5.53457 11.66392 -0.20710
v 5.53457 11.69403 -0.40482
v 5.69845 11.64211 -0.52467
v 5.69845 11.59748 -0.37721
v 5.53457 11.61156 -0.13235
v 5.53457 11.66392 -0.20710
v 5.69845 11.62581 -0.41766
v 5.69845 11.56468 -0.41414
v 5.53457 11.55097 -0.20060
v 5.53457 11.61156 -0.13235
v 5.69845 11.59748 -0.37721
v 5.69845 11.53623 -0.51858
v 5.53457 11.49839 -0.39357
v 5.53457 11.55097 -0.20060
v 5.69845 11.56468 -0.41414
v 5.69845 11.51974 -0.66252
v 5.53457 11.46791 -0.65954
v 5.53457 11.49839 -0.39357
v 5.69845 11.53623 -0.51858
v 5.69845 11.51962 -0.80741
v 5.53457 11.46770 -0.92726
v 5.53457 11.46791 -0.65954
v 5.69845 11.51974 -0.66252
v 5.69845 11.53591 -0.91441
v 5.53457 11.49781 -1.12498
v 5.53457 11.46770 -0.92726
v 5.69845 11.51962 -0.80741
v 5.69845 11.56425 -0.95487
v 5.53457 11.55017 -1.19973
v 5.53457 11.49781 -1.12498
v 5.69845 11.53591 -0.91441
v 5.53457 11.61076 -1.13147
v 5.28931 11.61992 -1.27416
v 5.28931 11.54076 -1.36334
v 5.53457 11.55017 -1.19973
v 5.53457 11.66333 -0.93851
v 5.28931 11.68862 -1.02204
v 5.28931 11.61992 -1.27416
v 5.53457 11.61076 -1.13147
v 5.53457 11.69381 -0.67253
v 5.28931 11.72844 -0.67452
v 5.28931 11.68862 -1.02204
v 5.53457 11.66333 -0.93851
v 5.53457 11.69403 -0.40482
v 5.28931 11.72872 -0.32474
v 5.28931 11.72844 -0.67452
v 5.53457 11.69381 -0.67253
v 5.53457 11.66392 -0.20710
v 5.28931 11.68938 -0.06640
v 5.28931 11.72872 -0.32474
v 5.53457 11.69403 -0.40482
v 5.53457 11.61156 -0.13235
v 5.28931 11.62097 0.03126
v 5.28931 11.68938 -0.06640
v 5.53457 11.66392 -0.20710
v 5.53457 11.55097 -0.20060
v 5.28931 11.54181 -0.05791
v 5.28931 11.62097 0.03126
v 5.53457 11.61156 -0.13235
v 5.53457 11.49839 -0.39357
v 5.28931 11.47311 -0.31004
v 5.28931 11.54181 -0.05791
v 5.53457 11.55097 -0.20060
v 5.53457 11.46791 -0.65954
v 5.28931 11.43329 -0.65755
v 5.28931 11.47311 -0.31004
v 5.53457 11.49839 -0.39357
v 5.53457 11.46770 -0.92726
v 5.28931 11.43301 -1.00734
v 5.28931 11.43329 -0.65755
v 5.53457 11.46791 -0.65954
v 5.53457 11.49781 -1.12498
v 5.28931 11.47235 -1.26567
v 5.28931 11.43301 -1.00734
v 5.53457 11.46770 -0.92726
v 5.53457 11.55017 -1.19973
v 5.28931 11.54076 -1.36334
v 5.28931 11.47235 -1.26567
v 5.53457 11.49781 -1.12498
v 5.28931 11.61992 -1.27416
v 5.00000 11.62314 -1.32427
v 5.00000 11.53746 -1.42079
v 5.28931 11.54076 -1.36334
v 5.28931 11.68862 -1.02204
v 5.00000 11.69750 -1.05137
v 5.00000 11.62314 -1.32427
v 5.28931 11.61992 -1.27416
v 5.28931 11.72844 -0.67452
v 5.00000 11.74060 -0.67522
v 5.00000 11.69750 -1.05137
v 5.28931 11.68862 -1.02204
v 5.28931 11.72872 -0.32474
v 5.00000 11.74090 -0.29662
v 5.00000 11.74060 -0.67522
v 5.28931 11.72844 -0.67452
v 5.28931 11.68938 -0.06640
v 5.00000 11.69832 -0.01699
v 5.00000 11.74090 -0.29662
v 5.28931 11.72872 -0.32474
v 5.28931 11.62097 0.03126
v 5.00000 11.62427 0.08872
v 5.00000 11.69832 -0.01699
v 5.28931 11.68938 -0.06640
v 5.28931 11.54181 -0.05791
v 5.00000 11.53859 -0.00781
v 5.00000 11.62427 0.08872
v 5.28931 11.62097 0.03126
v 5.28931 11.47311 -0.31004
v 5.00000 11.46423 -0.28070
v 5.00000 11.53859 -0.00781
v 5.28931 11.54181 -0.05791
v 5.28931 11.43329 -0.65755
v 5.00000 11.42113 -0.65685
v 5.00000 11.46423 -0.28070
v 5.28931 11.47311 -0.31004
v 5.28931 11.43301 -1.00734
v 5.00000 11.42082 -1.03546
v 5.00000 11.42113 -0.65685
v 5.28931 11.43329 -0.65755
v 5.28931 11.47235 -1.26567
v 5.00000 11.46340 -1.31508
v 5.00000 11.42082 -1.03546
v 5.28931 11.43301 -1.00734
v 5.28931 11.54076 -1.36334
v 5.00000 11.53746 -1.42079
v 5.00000 11.46340 -1.31508
v 5.28931 11.47235 -1.26567
v 5.00000 11.62314 -1.32427
v 4.71069 11.61992 -1.27416
v 4.71069 11.54076 -1.36334
v 5.00000 11.53746 -1.42079
v 5.00000 11.69750 -1.05137
v 4.71069 11.68862 -1.02204
v 4.71069 11.61992 -1.27416
v 5.00000 11.62314 -1.32427
v 5.00000 11.74060 -0.67522
v 4.71069 11.72844 -0.67452
v 4.71069 11.68862 -1.02204
v 5.00000 11.69750 -1.05137
v 5.00000 11.74090 -0.29662
v 4.71069 11.72872 -0.32474
v 4.71069 11.72844 -0.67452
v 5.00000 11.74060 -0.67522
v 5.00000 11.69832 -0.01699
v 4.71069 11.68938 -0.06640
v 4.71069 11.72872 -0.32474
v 5.00000 11.74090 -0.29662
v 5.00000 11.62427 0.08872
v 4.71069 11.62097 0.03126
v 4.71069 11.68938 -0.06640
v 5.00000 11.69832 -0.01699
v 5.00000 11.53859 -0.00781
v 4.71069 11.54181 -0.05791
v 4.71069 11.62097 0.03126
v 5.00000 11.62427 0.08872
v 5.00000 11.46423 -0.28070
v 4.71069 11.47311 -0.31004
v 4.71069 11.54181 -0.05791
v 5.00000 11.53859 -0.00781
v 5.00000 11.42113 -0.65685
v 4.71069 11.43329 -0.65755
v 4.71069 11.47311 -0.31004
v 5.00000 11.46423 -0.28070
v 5.00000 11.42082 -1.03546
v 4.71069 11.43301 -1.00734
v 4.71069 11.43329 -0.65755
v 5.00000 11.42113 -0.65685
v 5.00000 11.46340 -1.31508
v 4.71069 11.47235 -1.26567
v 4.71069 11.43301 -1.00734
v 5.00000 11.42082 -1.03546
v 5.00000 11.53746 -1.42079
v 4.71069 11.54076 -1.36334
v 4.71069 11.47235 -1.26567
v 5.00000 11.46340 -1.31508
v 4.71069 11.61992 -1.27416
v 4.46543 11.61076 -1.13147
v 4.46543 11.55017 -1.19973
v 4.71069 11.54076 -1.36334
v 4.71069 11.68862 -1.02204
v 4.46543 11.66333 -0.93851
v 4.46543 11.61076 -1.13147
v 4.71069 11.61992 -1.27416
v 4.71069 11.72844 -0.67452
v 4.46543 11.69381 -0.67253
v 4.46543 11.66333 -0.93851
v 4.71069 11.68862 -1.02204
v 4.71069 11.72872 -0.32474
v 4.46543 11.69403 -0.40482
v 4.46543 11.69381 -0.67253
v 4.71069 11.72844 -0.67452
v 4.71069 11.68938 -0.06640
v 4.46543 11.66392 -0.20709
v 4.46543 11.69403 -0.40482
v 4.71069 11.72872 -0.32474
v 4.71069 11.62097 0.03126
v 4.46543 11.61156 -0.13235
v 4.46543 11.66392 -0.20709
v 4.71069 11.68938 -0.06640
v 4.71069 11.54181 -0.05791
v 4.46543 11.55097 -0.20060
v 4.46543 11.61156 -0.13235
v 4.71069 11.62097 0.03126
v 4.71069 11.47311 -0.31004
v 4.46543 11.49839 -0.39357
v 4.46543 11.55097 -0.20060
v 4.71069 11.54181 -0.05791
v 4.71069 11.43329 -0.65755
v 4.46543 11.46791 -0.65954
v 4.46543 11.49839 -0.39357
v 4.71069 11.47311 -0.31004
v 4.71069 11.43301 -1.00734
v 4.46543 11.46770 -0.92726
v 4.46543 11.46791 -0.65954
v 4.71069 11.43329 -0.65755
v 4.71069 11.47235 -1.26567
v 4.46543 11.49781 -1.12498
v 4.46543 11.46770 -0.92726
v 4.71069 11.43301 -1.00734
v 4.71069 11.54076 -1.36334
v 4.46543 11.55017 -1.19973
v 4.46543 11.49781 -1.12498
v 4.71069 11.47235 -1.26567
v 4.46543 11.61076 -1.13147
v 4.30155 11.59704 -0.91793
v 4.30155 11.56425 -0.95487
v 4.46543 11.55017 -1.19973
v 4.46543 11.66333 -0.93851
v 4.30155 11.62550 -0.81350
v 4.30155 11.59704 -0.91793
v 4.46543 11.61076 -1.13147
v 4.46543 11.69381 -0.67253
v 4.30155 11.64199 -0.66955
v 4.30155 11.62550 -0.81350
v 4.46543 11.66333 -0.93851
v 4.46543 11.69403 -0.40482
v 4.30155 11.64211 -0.52467
v 4.30155 11.64199 -0.66955
v 4.46543 11.69381 -0.67253
v 4.46543 11.66392 -0.20709
v 4.30155 11.62581 -0.41766
v 4.30155 11.64211 -0.52467
v 4.46543 11.69403 -0.40482
v 4.46543 11.61156 -0.13235
v 4.30155 11.59748 -0.37721
v 4.30155 11.62581 -0.41766
v 4.46543 11.66392 -0.20709
v 4.46543 11.55097 -0.20060
v 4.30155 11.56468 -0.41414
v 4.30155 11.59748 -0.37721
v 4.46543 11.61156 -0.13235
v 4.46543 11.49839 -0.39357
v 4.30155 11.53623 -0.51858
v 4.30155 11.56468 -0.41414
v 4.46543 11.55097 -0.20060
v 4.46543 11.46791 -0.65954
v 4.30155 11.51974 -0.66252
v 4.30155 11.53623 -0.51858
v 4.46543 11.49839 -0.39357
v 4.46543 11.46770 -0.92726
v 4.30155 11.51962 -0.80741
v 4.30155 11.51974 -0.66252
v 4.46543 11.46791 -0.65954
v 4.46543 11.49781 -1.12498
v 4.30155 11.53591 -0.91441
v 4.30155 11.51962 -0.80741
v 4.46543 11.46770 -0.92726
v 4.46543 11.55017 -1.19973
v 4.30155 11.56425 -0.95487
v 4.30155 11.53591 -0.91441
v 4.46543 11.49781 -1.12498
v 4.30155 11.59704 -0.91793
v 4.24400 11.58086 -0.66604
v 4.30155 11.56425 -0.95487
v 4.30155 11.62550 -0.81350
v 4.24400 11.58086 -0.66604
v 4.30155 11.59704 -0.91793
v 4.30155 11.64199 -0.66955
v 4.24400 11.58086 -0.66604
v 4.30155 11.62550 -0.81350
v 4.30155 11.64211 -0.52467
v 4.24400 11.58086 -0.66604
v 4.30155 11.64199 -0.66955
v 4.30155 11.62581 -0.41766
v 4.24400 11.58086 -0.66604
v 4.30155 11.64211 -0.52467
v 4.30155 11.59748 -0.37721
v 4.24400 11.58086 -0.66604
v 4.30155 11.62581 -0.41766
v 4.30155 11.56468 -0.41414
v 4.24400 11.58086 -0.66604
v 4.30155 11.59748 -0.37721
v 4.30155 11.53623 -0.51858
v 4.24400 11.58086 -0.66604
v 4.30155 11.56468 -0.41414
v 4.30155 11.51974 -0.66252
v 4.24400 11.58086 -0.66604
v 4.30155 11.53623 -0.51858
v 4.30155 11.51962 -0.80741
v 4.24400 11.58086 -0.66604
v 4.30155 11.51974 -0.66252
v 4.30155 11.53591 -0.91441
v 4.24400 11.58086 -0.66604
v 4.30155 11.51962 -0.80741
v 4.30155 11.56425 -0.95487
v 4.24400 11.58086 -0.66604
v 4.30155 11.53591 -0.91441
v 3.52169 10.87402 -1.08293
v 3.52169 10.75379 -1.11371
v 3.60000 10.78218 -0.62010
v 3.52169 10.98026 -0.98168
v 3.52169 10.87402 -1.08293
v 3.60000 10.78218 -0.62010
v 3.52169 11.05634 -0.82539
v 3.52169 10.98026 -0.98168
v 3.60000 10.78218 -0.62010
v 3.52169 11.09069 -0.63785
v 3.52169 11.05634 -0.82539
v 3.60000 10.78218 -0.62010
v 3.52169 11.07807 -0.44760
v 3.52169 11.09069 -0.63785
v 3.60000 10.78218 -0.62010
v 3.52169 11.02040 -0.28361
v 3.52169 11.07807 -0.44760
v 3.60000 10.78218 -0.62010
v 3.52169 10.92647 -0.17085
v 3.52169 11.02040 -0.28361
v 3.60000 10.78218 -0.62010
v 3.52169 10.81057 -0.12649
v 3.52169 10.92647 -0.17085
v 3.60000 10.78218 -0.62010
v 3.52169 10.69035 -0.15728
v 3.52169 10.81057 -0.12649
v 3.60000 10.78218 -0.62010
v 3.52169 10.58411 -0.25852
v 3.52169 10.69035 -0.15728
v 3.60000 10.78218 -0.62010
v 3.52169 10.50802 -0.41481
v 3.52169 10.58411 -0.25852
v 3.60000 10.78218 -0.62010
v 3.52169 10.47368 -0.60236
v 3.52169 10.50802 -0.41481
v 3.60000 10.78218 -0.62010
v 3.52169 10.48630 -0.79261
v 3.52169 10.47368 -0.60236
v 3.60000 10.78218 -0.62010
v 3.52169 10.54396 -0.95659
v 3.52169 10.48630 -0.79261
v 3.60000 10.78218 -0.62010
v 3.52169 10.63790 -1.06935
v 3.52169 10.54396 -0.95659
v 3.60000 10.78218 -0.62010
v 3.52169 10.75379 -1.11371
v 3.52169 10.63790 -1.06935
v 3.60000 10.78218 -0.62010
v 3.52169 10.87402 -1.08293
v 3.29443 10.95686 -1.50045
v 3.29443 10.72819 -1.55901
v 3.52169 10.75379 -1.11371
v 3.52169 10.98026 -0.98168
v 3.29443 11.15894 -1.30787
v 3.29443 10.95686 -1.50045
v 3.52169 10.87402 -1.08293
v 3.52169 11.05634 -0.82539
v 3.29443 11.30367 -1.01059
v 3.29443 11.15894 -1.30787
v 3.52169 10.98026 -0.98168
v 3.52169 11.09069 -0.63785
v 3.29443 11.36900 -0.65385
v 3.29443 11.30367 -1.01059
v 3.52169 11.05634 -0.82539
v 3.52169 11.07807 -0.44760
v 3.29443 11.34499 -0.29198
v 3.29443 11.36900 -0.65385
v 3.52169 11.09069 -0.63785
v 3.52169 11.02040 -0.28361
v 3.29443 11.23531 0.01994
v 3.29443 11.34499 -0.29198
v 3.52169 11.07807 -0.44760
v 3.52169 10.92647 -0.17085
v 3.29443 11.05663 0.23442
v 3.29443 11.23531 0.01994
v 3.52169 11.02040 -0.28361
v 3.52169 10.81057 -0.12649
v 3.29443 10.83618 0.31880
v 3.29443 11.05663 0.23442
v 3.52169 10.92647 -0.17085
v 3.52169 10.69035 -0.15728
v 3.29443 10.60751 0.26025
v 3.29443 10.83618 0.31880
v 3.52169 10.81057 -0.12649
v 3.52169 10.58411 -0.25852
v 3.29443 10.40542 0.06767
v 3.29443 10.60751 0.26025
v 3.52169 10.69035 -0.15728
v 3.52169 10.50802 -0.41481
v 3.29443 10.26070 -0.22962
v 3.29443 10.40542 0.06767
v 3.52169 10.58411 -0.25852
v 3.52169 10.47368 -0.60236
v 3.29443 10.19537 -0.58635
v 3.29443 10.26070 -0.22962
v 3.52169 10.50802 -0.41481
v 3.52169 10.48630 -0.79261
v 3.29443 10.21937 -0.94823
v 3.29443 10.19537 -0.58635
v 3.52169 10.47368 -0.60236
v 3.52169 10.54396 -0.95659
v 3.29443 10.32906 -1.26014
v 3.29443 10.21937 -0.94823
v 3.52169 10.48630 -0.79261
v 3.52169 10.63790 -1.06935
v 3.29443 10.50773 -1.47462
v 3.29443 10.32906 -1.26014
v 3.52169 10.54396 -0.95659
v 3.52169 10.75379 -1.11371
v 3.29443 10.72819 -1.55901
v 3.29443 10.50773 -1.47462
v 3.52169 10.63790 -1.06935
v 3.29443 10.95686 -1.50045
v 2.94046 11.02261 -1.83180
v 2.94046 10.70786 -1.91239
v 3.29443 10.72819 -1.55901
v 3.29443 11.15894 -1.30787
v 2.94046 11.30075 -1.56674
v 2.94046 11.02261 -1.83180
v 3.29443 10.95686 -1.50045
v 3.29443 11.30367 -1.01059
v 2.94046 11.49994 -1.15756
v 2.94046 11.30075 -1.56674
v 3.29443 11.15894 -1.30787
v 3.29443 11.36900 -0.65385
v 2.94046 11.58987 -0.66655
v 2.94046 11.49994 -1.15756
v 3.29443 11.30367 -1.01059
v 3.29443 11.34499 -0.29198
v 2.94046 11.55683 -0.16848
v 2.94046 11.58987 -0.66655
v 3.29443 11.36900 -0.65385
v 3.29443 11.23531 0.01994
v 2.94046 11.40585 0.26084
v 2.94046 11.55683 -0.16848
v 3.29443 11.34499 -0.29198
v 3.29443 11.05663 0.23442
v 2.94046 11.15993 0.55604
v 2.94046 11.40585 0.26084
v 3.29443 11.23531 0.01994
v 3.29443 10.83618 0.31880
v 2.94046 10.85651 0.67219
v 2.94046 11.15993 0.55604
v 3.29443 11.05663 0.23442
v 3.29443 10.60751 0.26025
v 2.94046 10.54176 0.59160
v 2.94046 10.85651 0.67219
v 3.29443 10.83618 0.31880
v 3.29443 10.40542 0.06767
v 2.94046 10.26362 0.32653
v 2.94046 10.54176 0.59160
v 3.29443 10.60751 0.26025
v 3.29443 10.26070 -0.22962
v 2.94046 10.06442 -0.08265
v 2.94046 10.26362 0.32653
v 3.29443 10.40542 0.06767
v 3.29443 10.19537 -0.58635
v 2.94046 9.97450 -0.57365
v 2.94046 10.06442 -0.08265
v 3.29443 10.26070 -0.22962
v 3.29443 10.21937 -0.94823
v 2.94046 10.00754 -1.07173
v 2.94046 9.97450 -0.57365
v 3.29443 10.19537 -0.58635
v 3.29443 10.32906 -1.26014
v 2.94046 10.15851 -1.50104
v 2.94046 10.00754 -1.07173
v 3.29443 10.21937 -0.94823
v 3.29443 10.50773 -1.47462
v 2.94046 10.40443 -1.79625
v 2.94046 10.15851 -1.50104
v 3.29443 10.32906 -1.26014
v 3.29443 10.72819 -1.55901
v 2.94046 10.70786 -1.91239
v 2.94046 10.40443 -1.79625
v 3.29443 10.50773 -1.47462
v 2.94046 11.02261 -1.83180
v 2.49443 11.06482 -2.04454
v 2.49443 10.69481 -2.13928
v 2.94046 10.70786 -1.91239
v 2.94046 11.30075 -1.56674
v 2.49443 11.39179 -1.73294
v 2.49443 11.06482 -2.04454
v 2.94046 11.02261 -1.83180
v 2.94046 11.49994 -1.15756
v 2.49443 11.62596 -1.25192
v 2.49443 11.39179 -1.73294
v 2.94046 11.30075 -1.56674
v 2.94046 11.58987 -0.66655
v 2.49443 11.73167 -0.67471
v 2.49443 11.62596 -1.25192
v 2.94046 11.49994 -1.15756
v 2.94046 11.55683 -0.16848
v 2.49443 11.69283 -0.08919
v 2.49443 11.73167 -0.67471
v 2.94046 11.58987 -0.66655
v 2.94046 11.40585 0.26084
v 2.49443 11.51535 0.41551
v 2.49443 11.69283 -0.08919
v 2.94046 11.55683 -0.16848
v 2.94046 11.15993 0.55604
v 2.49443 11.22626 0.76254
v 2.49443 11.51535 0.41551
v 2.94046 11.40585 0.26084
v 2.94046 10.85651 0.67219
v 2.49443 10.86955 0.89908
v 2.49443 11.22626 0.76254
v 2.94046 11.15993 0.55604
v 2.94046 10.54176 0.59160
v 2.49443 10.49955 0.80433
v 2.49443 10.86955 0.89908
v 2.94046 10.85651 0.67219
v 2.94046 10.26362 0.32653
v 2.49443 10.17257 0.49273
v 2.49443 10.49955 0.80433
v 2.94046 10.54176 0.59160
v 2.94046 10.06442 -0.08265
v 2.49443 9.93841 0.01171
v 2.49443 10.17257 0.49273
v 2.94046 10.26362 0.32653
v 2.94046 9.97450 -0.57365
v 2.49443 9.83270 -0.56550
v 2.49443 9.93841 0.01171
v 2.94046 10.06442 -0.08265
v 2.94046 10.00754 -1.07173
v 2.49443 9.87154 -1.15102
v 2.49443 9.83270 -0.56550
v 2.94046 9.97450 -0.57365
v 2.94046 10.15851 -1.50104
v 2.49443 10.04901 -1.65571
v 2.49443 9.87154 -1.15102
v 2.94046 10.00754 -1.07173
v 2.94046 10.40443 -1.79625
v 2.49443 10.33811 -2.00274
v 2.49443 10.04901 -1.65571
v 2.94046 10.15851 -1.50104
v 2.94046 10.70786 -1.91239
v 2.49443 10.69481 -2.13928
v 2.49443 10.33811 -2.00274
v 2.94046 10.40443 -1.79625
v 2.49443 11.06482 -2.04454
v 2.00000 11.07936 -2.11784
v 2.00000 10.69032 -2.21746
v 2.49443 10.69481 -2.13928
v 2.49443 11.39179 -1.73294
v 2.00000 11.42316 -1.79021
v 2.00000 11.07936 -2.11784
v 2.49443 11.06482 -2.04454
v 2.49443 11.62596 -1.25192
v 2.00000 11.66938 -1.28443
v 2.00000 11.42316 -1.79021
v 2.49443 11.39179 -1.73294
v 2.49443 11.73167 -0.67471
v 2.00000 11.78053 -0.67752
v 2.00000 11.66938 -1.28443
v 2.49443 11.62596 -1.25192
v 2.49443 11.69283 -0.08919
v 2.00000 11.73969 -0.06186
v 2.00000 11.78053 -0.67752
v 2.49443 11.73167 -0.67471
v 2.49443 11.51535 0.41551
v 2.00000 11.55308 0.46880
v 2.00000 11.73969 -0.06186
v 2.49443 11.69283 -0.08919
v 2.49443 11.22626 0.76254
v 2.00000 11.24911 0.83369
v 2.00000 11.55308 0.46880
v 2.49443 11.51535 0.41551
v 2.49443 10.86955 0.89908
v 2.00000 10.87405 0.97726
v 2.00000 11.24911 0.83369
v 2.49443 11.22626 0.76254
v 2.49443 10.49955 0.80433
v 2.00000 10.48501 0.87764
v 2.00000 10.87405 0.97726
v 2.49443 10.86955 0.89908
v 2.49443 10.17257 0.49273
v 2.00000 10.14120 0.55000
v 2.00000 10.48501 0.87764
v 2.49443 10.49955 0.80433
v 2.49443 9.93841 0.01171
v 2.00000 9.89498 0.04423
v 2.00000 10.14120 0.55000
v 2.49443 10.17257 0.49273
v 2.49443 9.83270 -0.56550
v 2.00000 9.78383 -0.56269
v 2.00000 9.89498 0.04423
v 2.49443 9.93841 0.01171
v 2.49443 9.87154 -1.15102
v 2.00000 9.82467 -1.17834
v 2.00000 9.78383 -0.56269
v 2.49443 9.83270 -0.56550
v 2.49443 10.04901 -1.65571
v 2.00000 10.01128 -1.70901
v 2.00000 9.82467 -1.17834
v 2.49443 9.87154 -1.15102
v 2.49443 10.33811 -2.00274
v 2.00000 10.31526 -2.07390
v 2.00000 10.01128 -1.70901
v 2.49443 10.04901 -1.65571
v 2.49443 10.69481 -2.13928
v 2.00000 10.69032 -2.21746
v 2.00000 10.31526 -2.07390
v 2.49443 10.33811 -2.00274
v 2.00000 11.07936 -2.11784
v 1.50557 11.06482 -2.04454
v 1.50557 10.69481 -2.13928
v 2.00000 10.69032 -2.21746
v 2.00000 11.42316 -1.79021
v 1.50557 11.39179 -1.73294
v 1.50557 11.06482 -2.04454
v 2.00000 11.07936 -2.11784
v 2.00000 11.66938 -1.28443
v 1.50557 11.62596 -1.25192
v 1.50557 11.39179 -1.73294
v 2.00000 11.42316 -1.79021
v 2.00000 11.78053 -0.67752
v 1.50557 11.73167 -0.67471
v 1.50557 11.62596 -1.25192
v 2.00000 11.66938 -1.28443
v 2.00000 11.73969 -0.06186
v 1.50557 11.69283 -0.08919
v 1.50557 11.73167 -0.67471
v 2.00000 11.78053 -0.67752
v 2.00000 11.55308 0.46880
v 1.50557 11.51535 0.41551
v 1.50557 11.69283 -0.08919
v 2.00000 11.73969 -0.06186
v 2.00000 11.24911 0.83369
v 1.50557 11.22626 0.76254
v 1.50557 11.51535 0.41551
v 2.00000 11.55308 0.46880
v 2.00000 10.87405 0.97726
v 1.50557 10.86955 0.89908
v 1.50557 11.22626 0.76254
v 2.00000 11.24911 0.83369
v 2.00000 10.48501 0.87764
v 1.50557 10.49955 0.80433
v 1.50557 10.86955 0.89908
v 2.00000 10.87405 0.97726
v 2.00000 10.14120 0.55000
v 1.50557 10.17257 0.49273
v 1.50557 10.49955 0.80433
v 2.00000 10.48501 0.87764
v 2.00000 9.89498 0.04423
v 1.50557 9.93841 0.01171
v 1.50557 10.17257 0.49273
v 2.00000 10.14120 0.55000
v 2.00000 9.78383 -0.56269
v 1.50557 9.83270 -0.56550
v 1.50557 9.93841 0.01171
v 2.00000 9.89498 0.04423
v 2.00000 9.82467 -1.17834
v 1.50557 9.87154 -1.15102
v 1.50557 9.83270 -0.56550
v 2.00000 9.78383 -0.56269
v 2.00000 10.01128 -1.70901
v 1.50557 10.04901 -1.65571
v 1.50557 9.87154 -1.15102
v 2.00000 9.82467 -1.17834
v 2.00000 10.31526 -2.07390
v 1.50557 10.33811 -2.00274
v 1.50557 10.04901 -1.65571
v 2.00000 10.01128 -1.70901
v 2.00000 10.69032 -2.21746
v 1.50557 10.69481 -2.13928
v 1.50557 10.33811 -2.00274
v 2.00000 10.31526 -2.07390
v 1.50557 11.06482 -2.04454
v 1.05954 11.02261 -1.83180
v 1.05954 10.70786 -1.91239
v 1.50557 10.69481 -2.13928
v 1.50557 11.39179 -1.73294
v 1.05954 11.30075 -1.56674
v 1.05954 11.02261 -1.83180
v 1.50557 11.06482 -2.04454
v 1.50557 11.62596 -1.25192
v 1.05954 11.49994 -1.15756
v 1.05954 11.30075 -1.56674
v 1.50557 11.39179 -1.73294
v 1.50557 11.73167 -0.67471
v 1.05954 11.58987 -0.66655
v 1.05954 11.49994 -1.15756
v 1.50557 11.62596 -1.25192
v 1.50557 11.69283 -0.08919
v 1.05954 11.55683 -0.16848
v 1.05954 11.58987 -0.66655
v 1.50557 11.73167 -0.67471
v 1.50557 11.51535 0.41551
v 1.05954 11.40585 0.26084
v 1.05954 11.55683 -0.16848
v 1.50557 11.69283 -0.08919
v 1.50557 11.22626 0.76254
v 1.05954 11.15993 0.55604
v 1.05954 11.40585 0.26084
v 1.50557 11.51535 0.41551
v 1.50557 10.86955 0.89908
v 1.05954 10.85651 0.67219
v 1.05954 11.15993 0.55604
v 1.50557 11.22626 0.76254
v 1.50557 10.49955 0.80433
v 1.05954 10.54176 0.59160
v 1.05954 10.85651 0.67219
v 1.50557 10.86955 0.89908
v 1.50557 10.17257 0.49273
v 1.05954 10.26362 0.32653
v 1.05954 10.54176 0.59160
v 1.50557 10.49955 0.80433
v 1.50557 9.93841 0.01171
v 1.05954 10.06442 -0.08265
v 1.05954 10.26362 0.32653
v 1.50557 10.17257 0.49273
v 1.50557 9.83270 -0.56550
v 1.05954 9.97450 -0.57365
v 1.05954 10.06442 -0.08265
v 1.50557 9.93841 0.01171
v 1.50557 9.87154 -1.15102
v 1.05954 10.00754 -1.07172
v 1.05954 9.97450 -0.57365
v 1.50557 9.83270 -0.56550
v 1.50557 10.04901 -1.65571
v 1.05954 10.15851 -1.50104
v 1.05954 10.00754 -1.07172
v 1.50557 9.87154 -1.15102
v 1.50557 10.33811 -2.00274
v 1.05954 10.40443 -1.79625
v 1.05954 10.15851 -1.50104
v 1.50557 10.04901 -1.65571
v 1.50557 10.69481 -2.13928
v 1.05954 10.70786 -1.91239
v 1.05954 10.40443 -1.79625
v 1.50557 10.33811 -2.00274
v 1.05954 11.02261 -1.83180
v 0.70557 10.95686 -1.50045
v 0.70557 10.72819 -1.55901
v 1.05954 10.70786 -1.91239
v 1.05954 11.30075 -1.56674
v 0.70557 11.15894 -1.30787
v 0.70557 10.95686 -1.50045
v 1.05954 11.02261 -1.83180
v 1.05954 11.49994 -1.15756
v 0.70557 11.30367 -1.01058
v 0.70557 11.15894 -1.30787
v 1.05954 11.30075 -1.56674
v 1.05954 11.58987 -0.66655
v 0.70557 11.36900 -0.65385
v 0.70557 11.30367 -1.01058
v 1.05954 11.49994 -1.15756
v 1.05954 11.55683 -0.16848
v 0.70557 11.34499 -0.29198
v 0.70557 11.36900 -0.65385
v 1.05954 11.58987 -0.66655
v 1.05954 11.40585 0.26084
v 0.70557 11.23531 0.01994
v 0.70557 11.34499 -0.29198
v 1.05954 11.55683 -0.16848
v 1.05954 11.15993 0.55604
v 0.70557 11.05663 0.23442
v 0.70557 11.23531 0.01994
v 1.05954 11.40585 0.26084
v 1.05954 10.85651 0.67219
v 0.70557 10.83618 0.31880
v 0.70557 11.05663 0.23442
v 1.05954 11.15993 0.55604
v 1.05954 10.54176 0.59160
v 0.70557 10.60751 0.26025
v 0.70557 10.83618 0.31880
v 1.05954 10.85651 0.67219
v 1.05954 10.26362 0.32653
v 0.70557 10.40542 0.06767
v 0.70557 10.60751 0.26025
v 1.05954 10.54176 0.59160
v 1.05954 10.06442 -0.08265
v 0.70557 10.26070 -0.22962
v 0.70557 10.40542 0.06767
v 1.05954 10.26362 0.32653
v 1.05954 9.97450 -0.57365
v 0.70557 10.19537 -0.58635
v 0.70557 10.26070 -0.22962
v 1.05954 10.06442 -0.08265
v 1.05954 10.00754 -1.07172
v 0.70557 10.21937 -0.94822
v 0.70557 10.19537 -0.58635
v 1.05954 9.97450 -0.57365
v 1.05954 10.15851 -1.50104
v 0.70557 10.32906 -1.26014
v 0.70557 10.21937 -0.94822
v 1.05954 10.00754 -1.07172
v 1.05954 10.40443 -1.79625
v 0.70557 10.50773 -1.47462
v 0.70557 10.32906 -1.26014
v 1.05954 10.15851 -1.50104
v 1.05954 10.70786 -1.91239
v 0.70557 10.72819 -1.55901
v 0.70557 10.50773 -1.47462
v 1.05954 10.40443 -1.79625
v 0.70557 10.95686 -1.50045
v 0.47831 10.87402 -1.08293
v 0.47831 10.75379 -1.11371
v 0.70557 10.72819 -1.55901
v 0.70557 11.15894 -1.30787
v 0.47831 10.98026 -0.98168
v 0.47831 10.87402 -1.08293
v 0.70557 10.95686 -1.50045
v 0.70557 11.30367 -1.01058
v 0.47831 11.05634 -0.82539
v 0.47831 10.98026 -0.98168
v 0.70557 11.15894 -1.30787
v 0.70557 11.36900 -0.65385
v 0.47831 11.09069 -0.63784
v 0.47831 11.05634 -0.82539
v 0.70557 11.30367 -1.01058
v 0.70557 11.34499 -0.29198
v 0.47831 11.07807 -0.44760
v 0.47831 11.09069 -0.63784
v 0.70557 11.36900 -0.65385
v 0.70557 11.23531 0.01994
v 0.47831 11.02040 -0.28361
v 0.47831 11.07807 -0.44760
v 0.70557 11.34499 -0.29198
v 0.70557 11.05663 0.23442
v 0.47831 10.92647 -0.17085
v 0.47831 11.02040 -0.28361
v 0.70557 11.23531 0.01994
v 0.70557 10.83618 0.31880
v 0.47831 10.81057 -0.12649
v 0.47831 10.92647 -0.17085
v 0.70557 11.05663 0.23442
v 0.70557 10.60751 0.26025
v 0.47831 10.69035 -0.15727
v 0.47831 10.81057 -0.12649
v 0.70557 10.83618 0.31880
v 0.70557 10.40542 0.06767
v 0.47831 10.58411 -0.25852
v 0.47831 10.69035 -0.15727
v 0.70557 10.60751 0.26025
v 0.70557 10.26070 -0.22962
v 0.47831 10.50802 -0.41481
v 0.47831 10.58411 -0.25852
v 0.70557 10.40542 0.06767
v 0.70557 10.19537 -0.58635
v 0.47831 10.47368 -0.60236
v 0.47831 10.50802 -0.41481
v 0.70557 10.26070 -0.22962
v 0.70557 10.21937 -0.94822
v 0.47831 10.48630 -0.79261
v 0.47831 10.47368 -0.60236
v 0.70557 10.19537 -0.58635
v 0.70557 10.32906 -1.26014
v 0.47831 10.54396 -0.95659
v 0.47831 10.48630 -0.79261
v 0.70557 10.21937 -0.94822
v 0.70557 10.50773 -1.47462
v 0.47831 10.63790 -1.06935
v 0.47831 10.54396 -0.95659
v 0.70557 10.32906 -1.26014
v 0.70557 10.72819 -1.55901
v 0.47831 10.75379 -1.11371
v 0.47831 10.63790 -1.06935
v 0.70557 10.50773 -1.47462
v 0.47831 10.87402 -1.08293
v 0.40000 10.78218 -0.62010
v 0.47831 10.75379 -1.11371
v 0.47831 10.98026 -0.98168
v 0.40000 10.78218 -0.62010
v 0.47831 10.87402 -1.08293
v 0.47831 11.05634 -0.82539
v 0.40000 10.78218 -0.62010
v 0.47831 10.98026 -0.98168
v 0.47831 11.09069 -0.63784
v 0.40000 10.78218 -0.62010
v 0.47831 11.05634 -0.82539
v 0.47831 11.07807 -0.44760
v 0.40000 10.78218 -0.62010
v 0.47831 11.09069 -0.63784
v 0.47831 11.02040 -0.28361
v 0.40000 10.78218 -0.62010
v 0.47831 11.07807 -0.44760
v 0.47831 10.92647 -0.17085
v 0.40000 10.78218 -0.62010
v 0.47831 11.02040 -0.28361
v 0.47831 10.81057 -0.12649
v 0.40000 10.78218 -0.62010
v 0.47831 10.92647 -0.17085
v 0.47831 10.69035 -0.15727
v 0.40000 10.78218 -0.62010
v 0.47831 10.81057 -0.12649
v 0.47831 10.58411 -0.25852
v 0.40000 10.78218 -0.62010
v 0.47831 10.69035 -0.15727
v 0.47831 10.50802 -0.41481
v 0.40000 10.78218 -0.62010
v 0.47831 10.58411 -0.25852
v 0.47831 10.47368 -0.60236
v 0.40000 10.78218 -0.62010
v 0.47831 10.50802 -0.41481
v 0.47831 10.48630 -0.79261
v 0.40000 10.78218 -0.62010
v 0.47831 10.47368 -0.60236
v 0.47831 10.54396 -0.95659
v 0.40000 10.78218 -0.62010
v 0.47831 10.48630 -0.79261
v 0.47831 10.63790 -1.06935
v 0.40000 10.78218 -0.62010
v 0.47831 10.54396 -0.95659
v 0.47831 10.75379 -1.11371
v 0.40000 10.78218 -0.62010
v 0.47831 10.63790 -1.06935
vt 0.110904 0.873427
vt 0.110904 0.880827
vt 0.130904 0.863019
vt 0.130904 0.854513
vt 0.110904 0.900772
vt 0.130904 0.881859
vt 0.130904 0.888757
vt 0.110904 0.906564
vt 0.110904 0.880827
vt 0.110904 0.889196
vt 0.130904 0.872639
vt 0.130904 0.863019
vt 0.110904 0.906564
vt 0.130904 0.888757
vt 0.130904 0.896559
vt 0.110904 0.913116
vt 0.110904 0.889196
vt 0.110904 0.898465
vt 0.130904 0.883293
vt 0.130904 0.872639
vt 0.110904 0.913116
vt 0.130904 0.896559
vt 0.130904 0.905202
vt 0.110904 0.920373
vt 0.110904 0.898465
vt 0.110904 0.908559
vt 0.130904 0.894895
vt 0.130904 0.883293
vt 0.110904 0.920373
vt 0.130904 0.905202
vt 0.130904 0.914615
vt 0.110904 0.928278
vt 0.110904 0.908559
vt 0.110904 0.919396
vt 0.130904 0.907352
vt 0.130904 0.894895
vt 0.110904 0.928278
vt 0.130904 0.914615
vt 0.130904 0.924721
vt 0.110904 0.936766
vt 0.110904 0.919396
vt 0.110904 0.930888
vt 0.130904 0.920561
vt 0.130904 0.907352
vt 0.110904 0.936766
vt 0.130904 0.924721
vt 0.130904 0.935440
vt 0.110904 0.945767
vt 0.110904 0.930888
vt 0.110904 0.942942
vt 0.130904 0.934416
vt 0.130904 0.920561
vt 0.110904 0.945767
vt 0.130904 0.935440
vt 0.130904 0.946683
vt 0.110904 0.955209
vt 0.110904 0.942942
vt 0.110904 0.955459
vt 0.130904 0.948804
vt 0.130904 0.934416
vt 0.110904 0.955209
vt 0.130904 0.946683
vt 0.130904 0.958360
vt 0.110904 0.965015
vt 0.110904 0.955459
vt 0.110904 0.968339
vt 0.130904 0.963608
vt 0.130904 0.948804
vt 0.110904 0.965015
vt 0.130904 0.958360
vt 0.130904 0.970375
vt 0.110904 0.975106
vt 0.110904 0.968339
vt 0.110904 0.981475
vt 0.130904 0.978707
vt 0.130904 0.963608
vt 0.110904 0.975106
vt 0.130904 0.970375
vt 0.130904 0.982630
vt 0.110904 0.985398
vt 0.110904 0.981475
vt 0.110904 0.994763
vt 0.130904 0.993980
vt 0.130904 0.978707
vt 0.110904 0.985398
vt 0.130904 0.982630
vt 0.130904 0.995027
vt 0.110904 0.995810
vt 0.110904 0.994763
vt 0.110904 1.008092
vt 0.130904 1.009302
vt 0.130904 0.993980
vt 0.110904 0.995810
vt 0.130904 0.995027
vt 0.130904 1.007464
vt 0.110904 1.006255
vt 0.110904 1.008092
vt 0.110904 1.021356
vt 0.130904 1.024548
vt 0.130904 1.009302
vt 0.110904 1.006255
vt 0.130904 1.007464
vt 0.130904 1.019841
vt 0.110904 1.016650
vt 0.110904 1.021356
vt 0.110904 1.034447
vt 0.130904 1.039594
vt 0.130904 1.024548
vt 0.110904 1.016650
vt 0.130904 1.019841
vt 0.130904 1.032056
vt 0.110904 1.026909
vt 0.110904 1.034447
vt 0.110904 1.047257
vt 0.130904 1.054319
vt 0.130904 1.039594
vt 0.110904 1.026909
vt 0.130904 1.032056
vt 0.130904 1.044011
vt 0.110904 1.036949
vt 0.110904 1.047257
vt 0.110904 1.059684
vt 0.130904 1.068602
vt 0.130904 1.054319
vt 0.110904 1.036949
vt 0.130904 1.044011
vt 0.130904 1.055608
vt 0.110904 1.046690
vt 0.110904 1.059684
vt 0.110904 1.071625
vt 0.130904 1.082328
vt 0.130904 1.068602
vt 0.110904 1.046690
vt 0.130904 1.055608
vt 0.130904 1.066753
vt 0.110904 1.056051
vt 0.110904 1.071625
vt 0.110904 1.082985
vt 0.130904 1.095385
vt 0.130904 1.082328
vt 0.110904 1.056051
vt 0.130904 1.066753
vt 0.130904 1.077356
vt 0.110904 1.064956
vt 0.110904 1.082985
vt 0.110904 1.093670
vt 0.130904 1.107667
vt 0.130904 1.095385
vt 0.110904 1.064956
vt 0.130904 1.077356
vt 0.130904 1.087330
vt 0.110904 1.073334
vt 0.110904 1.093670
vt 0.110904 1.103594
vt 0.130904 1.119074
vt 0.130904 1.107667
vt 0.110904 1.073334
vt 0.130904 1.087330
vt 0.130904 1.096595
vt 0.110904 1.081115
vt 0.110904 1.103594
vt 0.110904 1.112676
vt 0.130904 1.129513
vt 0.130904 1.119074
vt 0.110904 1.081115
vt 0.130904 1.096595
vt 0.130904 1.105075
vt 0.110904 1.088238
vt 0.110904 1.112676
vt 0.110904 1.120843
vt 0.130904 1.138900
vt 0.130904 1.129513
vt 0.110904 1.088238
vt 0.130904 1.105075
vt 0.130904 1.112700
vt 0.110904 1.094643
vt 0.110904 1.120843
vt 0.110904 1.128027
vt 0.130904 1.147158
vt 0.130904 1.138900
vt 0.110904 1.094643
vt 0.130904 1.112700
vt 0.130904 1.119410
vt 0.110904 1.100280
vt 0.110904 1.128027
vt 0.110904 1.134172
vt 0.130904 1.154220
vt 0.130904 1.147158
vt 0.110904 1.100280
vt 0.130904 1.119410
vt 0.130904 1.125150
vt 0.110904 1.105101
vt 0.130904 0.854513
vt 0.130904 0.863019
vt 0.228871 0.867282
vt 0.228871 0.859009
vt 0.130904 0.881859
vt 0.228871 0.886354
vt 0.228871 0.893019
vt 0.130904 0.888757
vt 0.130904 0.863019
vt 0.130904 0.872639
vt 0.228871 0.876633
vt 0.228871 0.867282
vt 0.130904 0.888757
vt 0.228871 0.893019
vt 0.228871 0.900553
vt 0.130904 0.896559
vt 0.130904 0.872639
vt 0.130904 0.883293
vt 0.228871 0.886986
vt 0.228871 0.876633
vt 0.130904 0.896559
vt 0.228871 0.900553
vt 0.228871 0.908895
vt 0.130904 0.905202
vt 0.130904 0.883293
vt 0.130904 0.894895
vt 0.228871 0.898258
vt 0.228871 0.886986
vt 0.130904 0.905202
vt 0.228871 0.908895
vt 0.228871 0.917977
vt 0.130904 0.914615
vt 0.130904 0.894895
vt 0.130904 0.907352
vt 0.228871 0.910356
vt 0.228871 0.898258
vt 0.130904 0.914615
vt 0.228871 0.917977
vt 0.228871 0.927726
vt 0.130904 0.924721
vt 0.130904 0.907352
vt 0.130904 0.920561
vt 0.228871 0.923183
vt 0.228871 0.910356
vt 0.130904 0.924721
vt 0.228871 0.927726
vt 0.228871 0.938063
vt 0.130904 0.935440
vt 0.130904 0.920561
vt 0.130904 0.934416
vt 0.228871 0.936635
vt 0.228871 0.923183
vt 0.130904 0.935440
vt 0.228871 0.938063
vt 0.228871 0.948902
vt 0.130904 0.946683
vt 0.130904 0.934416
vt 0.130904 0.948804
vt 0.228871 0.950601
vt 0.228871 0.936635
vt 0.130904 0.946683
vt 0.228871 0.948902
vt 0.228871 0.960157
vt 0.130904 0.958360
vt 0.130904 0.948804
vt 0.130904 0.963608
vt 0.228871 0.964968
vt 0.228871 0.950601
vt 0.130904 0.958360
vt 0.228871 0.960157
vt 0.228871 0.971735
vt 0.130904 0.970375
vt 0.130904 0.963608
vt 0.130904 0.978707
vt 0.228871 0.979621
vt 0.228871 0.964968
vt 0.130904 0.970375
vt 0.228871 0.971735
vt 0.228871 0.983544
vt 0.130904 0.982630
vt 0.130904 0.978707
vt 0.130904 0.993980
vt 0.228871 0.994439
vt 0.228871 0.979621
vt 0.130904 0.982630
vt 0.228871 0.983544
vt 0.228871 0.995486
vt 0.130904 0.995027
vt 0.130904 0.993980
vt 0.130904 1.009302
vt 0.228871 1.009302
vt 0.228871 0.994439
vt 0.130904 0.995027
vt 0.228871 0.995486
vt 0.228871 1.007464
vt 0.130904 1.007464
vt 0.130904 1.009302
vt 0.130904 1.024548
vt 0.228871 1.024089
vt 0.228871 1.009302
vt 0.130904 1.007464
vt 0.228871 1.007464
vt 0.228871 1.019382
vt 0.130904 1.019841
vt 0.130904 1.024548
vt 0.130904 1.039594
vt 0.228871 1.038681
vt 0.228871 1.024089
vt 0.130904 1.019841
vt 0.228871 1.019382
vt 0.228871 1.031143
vt 0.130904 1.032056
vt 0.130904 1.039594
vt 0.130904 1.054319
vt 0.228871 1.052958
vt 0.228871 1.038681
vt 0.130904 1.032056
vt 0.228871 1.031143
vt 0.228871 1.042650
vt 0.130904 1.044011
vt 0.130904 1.054319
vt 0.130904 1.068602
vt 0.228871 1.066805
vt 0.228871 1.052958
vt 0.130904 1.044011
vt 0.228871 1.042650
vt 0.228871 1.053811
vt 0.130904 1.055608
vt 0.130904 1.068602
vt 0.130904 1.082328
vt 0.228871 1.080109
vt 0.228871 1.066805
vt 0.130904 1.055608
vt 0.228871 1.053811
vt 0.228871 1.064535
vt 0.130904 1.066753
vt 0.130904 1.082328
vt 0.130904 1.095385
vt 0.228871 1.092763
vt 0.228871 1.080109
vt 0.130904 1.066753
vt 0.228871 1.064535
vt 0.228871 1.074734
vt 0.130904 1.077356
vt 0.130904 1.095385
vt 0.130904 1.107667
vt 0.228871 1.104662
vt 0.228871 1.092763
vt 0.130904 1.077356
vt 0.228871 1.074734
vt 0.228871 1.084326
vt 0.130904 1.087330
vt 0.130904 1.107667
vt 0.130904 1.119074
vt 0.228871 1.115711
vt 0.228871 1.104662
vt 0.130904 1.087330
vt 0.228871 1.084326
vt 0.228871 1.093232
vt 0.130904 1.096595
vt 0.130904 1.119074
vt 0.130904 1.129513
vt 0.228871 1.125820
vt 0.228871 1.115711
vt 0.130904 1.096595
vt 0.228871 1.093232
vt 0.228871 1.101381
vt 0.130904 1.105075
vt 0.130904 1.129513
vt 0.130904 1.138900
vt 0.228871 1.134906
vt 0.228871 1.125820
vt 0.130904 1.105075
vt 0.228871 1.101381
vt 0.228871 1.108706
vt 0.130904 1.112700
vt 0.130904 1.138900
vt 0.130904 1.147158
vt 0.228871 1.142896
vt 0.228871 1.134906
vt 0.130904 1.112700
vt 0.228871 1.108706
vt 0.228871 1.115148
vt 0.130904 1.119410
vt 0.130904 1.147158
vt 0.130904 1.154220
vt 0.228871 1.149725
vt 0.228871 1.142896
vt 0.130904 1.119410
vt 0.228871 1.115148
vt 0.228871 1.120654
vt 0.130904 1.125150
vt 0.228871 0.859009
vt 0.228871 0.867282
vt 0.365246 0.896149
vt 0.365246 0.889649
vt 0.228871 0.886354
vt 0.365246 0.916994
vt 0.365246 0.921887
vt 0.228871 0.893019
vt 0.228871 0.867282
vt 0.228871 0.876633
vt 0.365246 0.903494
vt 0.365246 0.896149
vt 0.228871 0.893019
vt 0.365246 0.921887
vt 0.365246 0.927414
vt 0.228871 0.900553
vt 0.228871 0.876633
vt 0.228871 0.886986
vt 0.365246 0.911623
vt 0.365246 0.903494
vt 0.228871 0.900553
vt 0.365246 0.927414
vt 0.365246 0.933532
vt 0.228871 0.908895
vt 0.228871 0.886986
vt 0.228871 0.898258
vt 0.365246 0.920470
vt 0.365246 0.911623
vt 0.228871 0.908895
vt 0.365246 0.933532
vt 0.365246 0.940189
vt 0.228871 0.917977
vt 0.228871 0.898258
vt 0.228871 0.910356
vt 0.365246 0.929963
vt 0.365246 0.920470
vt 0.228871 0.917977
vt 0.365246 0.940189
vt 0.365246 0.947333
vt 0.228871 0.927726
vt 0.228871 0.910356
vt 0.228871 0.923183
vt 0.365246 0.940025
vt 0.365246 0.929963
vt 0.228871 0.927726
vt 0.365246 0.947333
vt 0.365246 0.954904
vt 0.228871 0.938063
vt 0.228871 0.923183
vt 0.228871 0.936635
vt 0.365246 0.950575
vt 0.365246 0.940025
vt 0.228871 0.938063
vt 0.365246 0.954904
vt 0.365246 0.962842
vt 0.228871 0.948902
vt 0.228871 0.936635
vt 0.228871 0.950601
vt 0.365246 0.961526
vt 0.365246 0.950575
vt 0.228871 0.948902
vt 0.365246 0.962842
vt 0.365246 0.971082
vt 0.228871 0.960157
vt 0.228871 0.950601
vt 0.228871 0.964968
vt 0.365246 0.972790
vt 0.365246 0.961526
vt 0.228871 0.960157
vt 0.365246 0.971082
vt 0.365246 0.979557
vt 0.228871 0.971735
vt 0.228871 0.964968
vt 0.228871 0.979621
vt 0.365246 0.984275
vt 0.365246 0.972790
vt 0.228871 0.971735
vt 0.365246 0.979557
vt 0.365246 0.988198
vt 0.228871 0.983544
vt 0.228871 0.979621
vt 0.228871 0.994439
vt 0.365246 0.995888
vt 0.365246 0.984275
vt 0.228871 0.983544
vt 0.365246 0.988198
vt 0.365246 0.996935
vt 0.228871 0.995486
vt 0.228871 0.994439
vt 0.228871 1.009302
vt 0.365246 1.007534
vt 0.365246 0.995888
vt 0.228871 0.995486
vt 0.365246 0.996935
vt 0.365246 1.005697
vt 0.228871 1.007464
vt 0.228871 1.009302
vt 0.228871 1.024089
vt 0.365246 1.019120
vt 0.365246 1.007534
vt 0.228871 1.007464
vt 0.365246 1.005697
vt 0.365246 1.014413
vt 0.228871 1.019382
vt 0.228871 1.024089
vt 0.228871 1.038681
vt 0.365246 1.030549
vt 0.365246 1.019120
vt 0.228871 1.019382
vt 0.365246 1.014413
vt 0.365246 1.023011
vt 0.228871 1.031143
vt 0.228871 1.038681
vt 0.228871 1.052958
vt 0.365246 1.041731
vt 0.365246 1.030549
vt 0.228871 1.031143
vt 0.365246 1.023011
vt 0.365246 1.031423
vt 0.228871 1.042650
vt 0.228871 1.052958
vt 0.228871 1.066805
vt 0.365246 1.052573
vt 0.365246 1.041731
vt 0.228871 1.042650
vt 0.365246 1.031423
vt 0.365246 1.039579
vt 0.228871 1.053811
vt 0.228871 1.066805
vt 0.228871 1.080109
vt 0.365246 1.062988
vt 0.365246 1.052573
vt 0.228871 1.053811
vt 0.365246 1.039579
vt 0.365246 1.047413
vt 0.228871 1.064535
vt 0.228871 1.080109
vt 0.228871 1.092763
vt 0.365246 1.072891
vt 0.365246 1.062988
vt 0.228871 1.064535
vt 0.365246 1.047413
vt 0.365246 1.054862
vt 0.228871 1.074734
vt 0.228871 1.092763
vt 0.228871 1.104662
vt 0.365246 1.082202
vt 0.365246 1.072891
vt 0.228871 1.074734
vt 0.365246 1.054862
vt 0.365246 1.061866
vt 0.228871 1.084326
vt 0.228871 1.104662
vt 0.228871 1.115711
vt 0.365246 1.090845
vt 0.365246 1.082202
vt 0.228871 1.084326
vt 0.365246 1.061866
vt 0.365246 1.068367
vt 0.228871 1.093232
vt 0.228871 1.115711
vt 0.228871 1.125820
vt 0.365246 1.098750
vt 0.365246 1.090845
vt 0.228871 1.093232
vt 0.365246 1.068367
vt 0.365246 1.074312
vt 0.228871 1.101381
vt 0.228871 1.125820
vt 0.228871 1.134906
vt 0.365246 1.105852
vt 0.365246 1.098750
vt 0.228871 1.101381
vt 0.365246 1.074312
vt 0.365246 1.079653
vt 0.228871 1.108706
vt 0.228871 1.134906
vt 0.228871 1.142896
vt 0.365246 1.112095
vt 0.365246 1.105852
vt 0.228871 1.108706
vt 0.365246 1.079653
vt 0.365246 1.084347
vt 0.228871 1.115148
vt 0.228871 1.142896
vt 0.228871 1.149725
vt 0.365246 1.117426
vt 0.365246 1.112095
vt 0.228871 1.115148
vt 0.365246 1.084347
vt 0.365246 1.088356
vt 0.228871 1.120654
vt 0.365246 0.889649
vt 0.365246 0.896149
vt 0.385246 0.905789
vt 0.385246 0.899876
vt 0.365246 0.916994
vt 0.385246 0.927222
vt 0.385246 0.931526
vt 0.365246 0.921887
vt 0.365246 0.896149
vt 0.365246 0.903494
vt 0.385246 0.912467
vt 0.385246 0.905789
vt 0.365246 0.921887
vt 0.385246 0.931526
vt 0.385246 0.936387
vt 0.365246 0.927414
vt 0.365246 0.903494
vt 0.365246 0.911623
vt 0.385246 0.919856
vt 0.385246 0.912467
vt 0.365246 0.927414
vt 0.385246 0.936387
vt 0.385246 0.941765
vt 0.365246 0.933532
vt 0.365246 0.911623
vt 0.365246 0.920470
vt 0.385246 0.927897
vt 0.385246 0.919856
vt 0.365246 0.933532
vt 0.385246 0.941765
vt 0.385246 0.947616
vt 0.365246 0.940189
vt 0.365246 0.920470
vt 0.365246 0.929963
vt 0.385246 0.936523
vt 0.385246 0.927897
vt 0.365246 0.940189
vt 0.385246 0.947616
vt 0.385246 0.953893
vt 0.365246 0.947333
vt 0.365246 0.929963
vt 0.365246 0.940025
vt 0.385246 0.945666
vt 0.385246 0.936523
vt 0.365246 0.947333
vt 0.385246 0.953893
vt 0.385246 0.960545
vt 0.365246 0.954904
vt 0.365246 0.940025
vt 0.365246 0.950575
vt 0.385246 0.955249
vt 0.385246 0.945666
vt 0.365246 0.954904
vt 0.385246 0.960545
vt 0.385246 0.967517
vt 0.365246 0.962842
vt 0.365246 0.950575
vt 0.365246 0.961526
vt 0.385246 0.965197
vt 0.385246 0.955249
vt 0.365246 0.962842
vt 0.385246 0.967517
vt 0.385246 0.974753
vt 0.365246 0.971082
vt 0.365246 0.961526
vt 0.365246 0.972790
vt 0.385246 0.975427
vt 0.385246 0.965197
vt 0.365246 0.971082
vt 0.385246 0.974753
vt 0.385246 0.982194
vt 0.365246 0.979557
vt 0.365246 0.972790
vt 0.365246 0.984275
vt 0.385246 0.985857
vt 0.385246 0.975427
vt 0.365246 0.979557
vt 0.385246 0.982194
vt 0.385246 0.989780
vt 0.365246 0.988198
vt 0.365246 0.984275
vt 0.365246 0.995888
vt 0.385246 0.996402
vt 0.385246 0.985857
vt 0.365246 0.988198
vt 0.385246 0.989780
vt 0.385246 0.997449
vt 0.365246 0.996935
vt 0.365246 0.995888
vt 0.365246 1.007534
vt 0.385246 1.006976
vt 0.385246 0.996402
vt 0.365246 0.996935
vt 0.385246 0.997449
vt 0.385246 1.005139
vt 0.365246 1.005697
vt 0.365246 1.007534
vt 0.365246 1.019120
vt 0.385246 1.017494
vt 0.385246 1.006976
vt 0.365246 1.005697
vt 0.385246 1.005139
vt 0.385246 1.012787
vt 0.365246 1.014413
vt 0.365246 1.019120
vt 0.365246 1.030549
vt 0.385246 1.027869
vt 0.385246 1.017494
vt 0.365246 1.014413
vt 0.385246 1.012787
vt 0.385246 1.020331
vt 0.365246 1.023011
vt 0.365246 1.030549
vt 0.365246 1.041731
vt 0.385246 1.038018
vt 0.385246 1.027869
vt 0.365246 1.023011
vt 0.385246 1.020331
vt 0.385246 1.027710
vt 0.365246 1.031423
vt 0.365246 1.041731
vt 0.365246 1.052573
vt 0.385246 1.047858
vt 0.385246 1.038018
vt 0.365246 1.031423
vt 0.385246 1.027710
vt 0.385246 1.034864
vt 0.365246 1.039579
vt 0.365246 1.052573
vt 0.365246 1.062988
vt 0.385246 1.057309
vt 0.385246 1.047858
vt 0.365246 1.039579
vt 0.385246 1.034864
vt 0.385246 1.041734
vt 0.365246 1.047413
vt 0.365246 1.062988
vt 0.365246 1.072891
vt 0.385246 1.066294
vt 0.385246 1.057309
vt 0.365246 1.047413
vt 0.385246 1.041734
vt 0.385246 1.048265
vt 0.365246 1.054862
vt 0.365246 1.072891
vt 0.365246 1.082202
vt 0.385246 1.074741
vt 0.385246 1.066294
vt 0.365246 1.054862
vt 0.385246 1.048265
vt 0.385246 1.054404
vt 0.365246 1.061866
vt 0.365246 1.082202
vt 0.365246 1.090845
vt 0.385246 1.082580
vt 0.385246 1.074741
vt 0.365246 1.061866
vt 0.385246 1.054404
vt 0.385246 1.060101
vt 0.365246 1.068367
vt 0.365246 1.090845
vt 0.365246 1.098750
vt 0.385246 1.089748
vt 0.385246 1.082580
vt 0.365246 1.068367
vt 0.385246 1.060101
vt 0.385246 1.065310
vt 0.365246 1.074312
vt 0.365246 1.098750
vt 0.365246 1.105852
vt 0.385246 1.096187
vt 0.385246 1.089748
vt 0.365246 1.074312
vt 0.385246 1.065310
vt 0.385246 1.069988
vt 0.365246 1.079653
vt 0.365246 1.105852
vt 0.365246 1.112095
vt 0.385246 1.101845
vt 0.385246 1.096187
vt 0.365246 1.079653
vt 0.385246 1.069988
vt 0.385246 1.074097
vt 0.365246 1.084347
vt 0.365246 1.112095
vt 0.365246 1.117426
vt 0.385246 1.106674
vt 0.385246 1.101845
vt 0.365246 1.084347
vt 0.385246 1.074097
vt 0.385246 1.077604
vt 0.365246 1.088356
vt 0.036778 1.063287
vt 0.028468 1.049614
vt 0.032535 1.046718
vt 0.042043 1.059587
vt -0.031447 1.050062
vt -0.035999 1.047106
vt -0.026491 1.034237
vt -0.023136 1.036389
vt 0.042043 1.059587
vt 0.032535 1.046718
vt 0.036338 1.043442
vt 0.046967 1.055402
vt -0.035999 1.047106
vt -0.040259 1.043767
vt -0.029631 1.031806
vt -0.026491 1.034237
vt 0.046967 1.055402
vt 0.036338 1.043442
vt 0.039846 1.039813
vt 0.051508 1.050768
vt -0.040259 1.043767
vt -0.044191 1.040072
vt -0.032529 1.029117
vt -0.029631 1.031806
vt 0.051508 1.050768
vt 0.039846 1.039813
vt 0.043030 1.035861
vt 0.055631 1.045721
vt -0.044191 1.040072
vt -0.047765 1.036052
vt -0.035164 1.026192
vt -0.032529 1.029117
vt 0.055631 1.045721
vt 0.043030 1.035861
vt 0.045865 1.031617
vt 0.059303 1.040302
vt -0.047765 1.036052
vt -0.050950 1.031738
vt -0.037512 1.023054
vt -0.035164 1.026192
vt 0.059303 1.040302
vt 0.045865 1.031617
vt 0.048327 1.027116
vt 0.062492 1.034556
vt -0.050950 1.031738
vt -0.053721 1.027167
vt -0.039556 1.019728
vt -0.037512 1.023054
vt 0.062492 1.034556
vt 0.048327 1.027116
vt 0.050396 1.022395
vt 0.065173 1.028529
vt -0.053721 1.027167
vt -0.056056 1.022375
vt -0.041279 1.016242
vt -0.039556 1.019728
vt 0.065173 1.028529
vt 0.050396 1.022395
vt 0.052055 1.017492
vt 0.067325 1.022270
vt -0.056056 1.022375
vt -0.057935 1.017402
vt -0.042666 1.012624
vt -0.041279 1.016242
vt 0.067325 1.022270
vt 0.052055 1.017492
vt 0.053292 1.012447
vt 0.068930 1.015831
vt -0.057935 1.017402
vt -0.059344 1.012286
vt -0.043706 1.008903
vt -0.042666 1.012624
vt 0.068930 1.015831
vt 0.053292 1.012447
vt 0.054095 1.007301
vt 0.069974 1.009262
vt -0.059344 1.012286
vt -0.060270 1.007071
vt -0.044391 1.005110
vt -0.043706 1.008903
vt 0.069974 1.009262
vt 0.054095 1.007301
vt 0.054459 1.002095
vt 0.070450 1.002619
vt -0.060270 1.007071
vt -0.060707 1.001799
vt -0.044715 1.001275
vt -0.044391 1.005110
vt 0.070450 1.002619
vt 0.054459 1.002095
vt 0.054380 0.996872
vt 0.070354 0.995954
vt -0.060707 1.001799
vt -0.060650 0.996512
vt -0.044676 0.997431
vt -0.044715 1.001275
vt 0.070354 0.995954
vt 0.054380 0.996872
vt 0.053860 0.991675
vt 0.069686 0.989322
vt -0.060650 0.996512
vt -0.060100 0.991253
vt -0.044274 0.993607
vt -0.044676 0.997431
vt 0.069686 0.989322
vt 0.053860 0.991675
vt 0.052901 0.986546
vt 0.068451 0.982777
vt -0.060100 0.991253
vt -0.059062 0.986066
vt -0.043512 0.989835
vt -0.044274 0.993607
vt 0.068451 0.982777
vt 0.052901 0.986546
vt 0.051513 0.981525
vt 0.066660 0.976371
vt -0.059062 0.986066
vt -0.057544 0.980991
vt -0.042397 0.986145
vt -0.043512 0.989835
vt 0.066660 0.976371
vt 0.051513 0.981525
vt 0.049706 0.976655
vt 0.064328 0.970158
vt -0.057544 0.980991
vt -0.055558 0.976071
vt -0.040937 0.982568
vt -0.042397 0.986145
vt 0.064328 0.970158
vt 0.049706 0.976655
vt 0.047496 0.971975
vt 0.061473 0.964187
vt -0.055558 0.976071
vt -0.053121 0.971346
vt -0.039144 0.979133
vt -0.040937 0.982568
vt 0.061473 0.964187
vt 0.047496 0.971975
vt 0.044899 0.967522
vt 0.058118 0.958508
vt -0.053121 0.971346
vt -0.050253 0.966853
vt -0.037034 0.975867
vt -0.039144 0.979133
vt 0.058118 0.958508
vt 0.044899 0.967522
vt 0.041938 0.963333
vt 0.054291 0.953165
vt -0.050253 0.966853
vt -0.046976 0.962630
vt -0.034622 0.972798
vt -0.037034 0.975867
vt 0.054291 0.953165
vt 0.041938 0.963333
vt 0.038635 0.959442
vt 0.050023 0.948203
vt -0.046976 0.962630
vt -0.043317 0.958710
vt -0.031929 0.969949
vt -0.034622 0.972798
vt 0.050023 0.948203
vt 0.038635 0.959442
vt 0.035019 0.955881
vt 0.045348 0.943662
vt -0.043317 0.958710
vt -0.039306 0.955126
vt -0.028977 0.967345
vt -0.031929 0.969949
vt 0.045348 0.943662
vt 0.035019 0.955881
vt 0.031119 0.952678
vt 0.040305 0.939579
vt -0.039306 0.955126
vt -0.034976 0.951907
vt -0.025789 0.965006
vt -0.028977 0.967345
vt 0.040305 0.939579
vt 0.031119 0.952678
vt 0.026965 0.949860
vt 0.034935 0.935986
vt -0.034976 0.951907
vt -0.030361 0.949078
vt -0.022391 0.962952
vt -0.025789 0.965006
vt 0.034935 0.935986
vt 0.026965 0.949860
vt 0.022592 0.947449
vt 0.029280 0.932914
vt -0.030361 0.949078
vt -0.025500 0.946663
vt -0.018812 0.961198
vt -0.022391 0.962952
vt -0.055452 1.072926
vt -0.065452 1.083823
vt -0.065452 1.067858
vt -0.055452 1.056961
vt -0.055452 0.943039
vt -0.065452 0.932142
vt -0.065452 0.916177
vt -0.055452 0.927074
vt -0.065452 1.083823
vt -0.114435 1.081909
vt -0.114435 1.065945
vt -0.065452 1.067858
vt -0.065452 0.932142
vt -0.114435 0.934055
vt -0.114435 0.918091
vt -0.065452 0.916177
vt -0.114435 1.081984
vt -0.182623 1.064754
vt -0.182623 1.048776
vt -0.114435 1.066006
vt -0.114435 0.933994
vt -0.182623 0.951223
vt -0.182623 0.935246
vt -0.114435 0.918016
vt -0.182623 1.064791
vt -0.192623 1.059103
vt -0.192623 1.043114
vt -0.182623 1.048803
vt -0.182623 0.951197
vt -0.192623 0.956885
vt -0.192623 0.940897
vt -0.182623 0.935209
vt 0.170904 1.134787
vt 0.170904 1.124991
vt 0.182904 1.132299
vt 0.182904 1.142685
vt 0.170904 1.116152
vt 0.182904 1.124050
vt 0.182904 1.115029
vt 0.170904 1.107722
vt 0.170904 1.124991
vt 0.170904 1.112118
vt 0.182904 1.118655
vt 0.182904 1.132299
vt 0.170904 1.107722
vt 0.182904 1.115029
vt 0.182904 1.103176
vt 0.170904 1.096639
vt 0.170904 1.112118
vt 0.170904 1.096484
vt 0.182904 1.102090
vt 0.182904 1.118655
vt 0.170904 1.096639
vt 0.182904 1.103176
vt 0.182904 1.088783
vt 0.170904 1.083177
vt 0.170904 1.096484
vt 0.170904 1.078474
vt 0.182904 1.083010
vt 0.182904 1.102090
vt 0.170904 1.083177
vt 0.182904 1.088783
vt 0.182904 1.072203
vt 0.170904 1.067667
vt 0.170904 1.078474
vt 0.170904 1.058532
vt 0.182904 1.061887
vt 0.182904 1.083010
vt 0.170904 1.067667
vt 0.182904 1.072203
vt 0.182904 1.053846
vt 0.170904 1.050490
vt 0.170904 1.058532
vt 0.170904 1.037148
vt 0.182904 1.039240
vt 0.182904 1.061887
vt 0.170904 1.050490
vt 0.182904 1.053846
vt 0.182904 1.034162
vt 0.170904 1.032071
vt 0.170904 1.037148
vt 0.170904 1.014850
vt 0.182904 1.015627
vt 0.182904 1.039240
vt 0.170904 1.032071
vt 0.182904 1.034162
vt 0.182904 1.013637
vt 0.170904 1.012861
vt 0.170904 1.014850
vt 0.170904 0.992187
vt 0.182904 0.991629
vt 0.182904 1.015627
vt 0.170904 1.012861
vt 0.182904 1.013637
vt 0.182904 0.992777
vt 0.170904 0.993335
vt 0.170904 0.992187
vt 0.170904 0.969716
vt 0.182904 0.967837
vt 0.182904 0.991629
vt 0.170904 0.993335
vt 0.182904 0.992777
vt 0.182904 0.972095
vt 0.170904 0.973973
vt 0.170904 0.969716
vt 0.170904 0.947990
vt 0.182904 0.944837
vt 0.182904 0.967837
vt 0.170904 0.973973
vt 0.182904 0.972095
vt 0.182904 0.952099
vt 0.170904 0.955252
vt 0.170904 0.947990
vt 0.170904 0.927545
vt 0.182904 0.923195
vt 0.182904 0.944837
vt 0.170904 0.955252
vt 0.182904 0.952099
vt 0.182904 0.933283
vt 0.170904 0.937633
vt 0.170904 0.927545
vt 0.170904 0.908884
vt 0.182904 0.903445
vt 0.182904 0.923195
vt 0.170904 0.937633
vt 0.182904 0.933283
vt 0.182904 0.916110
vt 0.170904 0.921549
vt 0.170904 0.908884
vt 0.170904 0.892467
vt 0.182904 0.886072
vt 0.182904 0.903445
vt 0.170904 0.921549
vt 0.182904 0.916110
vt 0.182904 0.901003
vt 0.170904 0.907398
vt 0.170904 0.892467
vt 0.170904 0.878698
vt 0.182904 0.871504
vt 0.182904 0.886072
vt 0.170904 0.907398
vt 0.182904 0.901003
vt 0.182904 0.888333
vt 0.170904 0.895526
vt 0.170904 0.878698
vt 0.170904 0.867915
vt 0.182904 0.860101
vt 0.182904 0.871504
vt 0.170904 0.895526
vt 0.182904 0.888333
vt 0.182904 0.878413
vt 0.170904 0.886227
vt 0.170904 0.867915
vt 0.170904 0.860385
vt 0.182904 0.852142
vt 0.182904 0.860101
vt 0.170904 0.886227
vt 0.182904 0.878413
vt 0.182904 0.871486
vt 0.170904 0.879729
vt 0.182904 1.142685
vt 0.182904 1.132299
vt 0.325246 1.107225
vt 0.325246 1.115676
vt 0.182904 1.124050
vt 0.325246 1.097041
vt 0.325246 1.089955
vt 0.182904 1.115029
vt 0.182904 1.132299
vt 0.182904 1.118655
vt 0.325246 1.096133
vt 0.325246 1.107225
vt 0.182904 1.115029
vt 0.325246 1.089955
vt 0.325246 1.080654
vt 0.182904 1.103176
vt 0.182904 1.118655
vt 0.182904 1.102090
vt 0.325246 1.082675
vt 0.325246 1.096133
vt 0.182904 1.103176
vt 0.325246 1.080654
vt 0.325246 1.069368
vt 0.182904 1.088783
vt 0.182904 1.102090
vt 0.182904 1.083010
vt 0.325246 1.067180
vt 0.325246 1.082675
vt 0.182904 1.088783
vt 0.325246 1.069368
vt 0.325246 1.056373
vt 0.182904 1.072203
vt 0.182904 1.083010
vt 0.182904 1.061887
vt 0.325246 1.050032
vt 0.325246 1.067180
vt 0.182904 1.072203
vt 0.325246 1.056373
vt 0.325246 1.041990
vt 0.182904 1.053846
vt 0.182904 1.061887
vt 0.182904 1.039240
vt 0.325246 1.031651
vt 0.325246 1.050032
vt 0.182904 1.053846
vt 0.325246 1.041990
vt 0.325246 1.026573
vt 0.182904 1.034162
vt 0.182904 1.039240
vt 0.182904 1.015627
vt 0.325246 1.012491
vt 0.325246 1.031651
vt 0.182904 1.034162
vt 0.325246 1.026573
vt 0.325246 1.010502
vt 0.182904 1.013637
vt 0.182904 1.015627
vt 0.182904 0.991629
vt 0.325246 0.993024
vt 0.325246 1.012491
vt 0.182904 1.013637
vt 0.325246 1.010502
vt 0.325246 0.994172
vt 0.182904 0.992777
vt 0.182904 0.991629
vt 0.182904 0.967837
vt 0.325246 0.973728
vt 0.325246 0.993024
vt 0.182904 0.992777
vt 0.325246 0.994172
vt 0.325246 0.977986
vt 0.182904 0.972095
vt 0.182904 0.967837
vt 0.182904 0.944837
vt 0.325246 0.955080
vt 0.325246 0.973728
vt 0.182904 0.972095
vt 0.325246 0.977986
vt 0.325246 0.962342
vt 0.182904 0.952099
vt 0.182904 0.944837
vt 0.182904 0.923195
vt 0.325246 0.937537
vt 0.325246 0.955080
vt 0.182904 0.952099
vt 0.325246 0.962342
vt 0.325246 0.947625
vt 0.182904 0.933283
vt 0.182904 0.923195
vt 0.182904 0.903445
vt 0.325246 0.921533
vt 0.325246 0.937537
vt 0.182904 0.933283
vt 0.325246 0.947625
vt 0.325246 0.934198
vt 0.182904 0.916110
vt 0.182904 0.903445
vt 0.182904 0.886072
vt 0.325246 0.907460
vt 0.325246 0.921533
vt 0.182904 0.916110
vt 0.325246 0.934198
vt 0.325246 0.922391
vt 0.182904 0.901003
vt 0.182904 0.886072
vt 0.182904 0.871504
vt 0.325246 0.895666
vt 0.325246 0.907460
vt 0.182904 0.901003
vt 0.325246 0.922391
vt 0.325246 0.912495
vt 0.182904 0.888333
vt 0.182904 0.871504
vt 0.182904 0.860101
vt 0.325246 0.886442
vt 0.325246 0.895666
vt 0.182904 0.888333
vt 0.325246 0.912495
vt 0.325246 0.904754
vt 0.182904 0.878413
vt 0.182904 0.860101
vt 0.182904 0.852142
vt 0.325246 0.880013
vt 0.325246 0.886442
vt 0.182904 0.878413
vt 0.325246 0.904754
vt 0.325246 0.899358
vt 0.182904 0.871486
vt 0.325246 1.115676
vt 0.325246 1.107225
vt 0.333246 1.102899
vt 0.333246 1.110977
vt 0.325246 1.097041
vt 0.333246 1.092342
vt 0.333246 1.085630
vt 0.325246 1.089955
vt 0.325246 1.107225
vt 0.325246 1.096133
vt 0.333246 1.092287
vt 0.333246 1.102899
vt 0.325246 1.089955
vt 0.333246 1.085630
vt 0.333246 1.076809
vt 0.325246 1.080654
vt 0.325246 1.096133
vt 0.325246 1.082675
vt 0.333246 1.079403
vt 0.333246 1.092287
vt 0.325246 1.080654
vt 0.333246 1.076809
vt 0.333246 1.066096
vt 0.325246 1.069368
vt 0.325246 1.082675
vt 0.325246 1.067180
vt 0.333246 1.064564
vt 0.333246 1.079403
vt 0.325246 1.069368
vt 0.333246 1.066096
vt 0.333246 1.053756
vt 0.325246 1.056373
vt 0.325246 1.067180
vt 0.325246 1.050032
vt 0.333246 1.048135
vt 0.333246 1.064564
vt 0.325246 1.056373
vt 0.333246 1.053756
vt 0.333246 1.040093
vt 0.325246 1.041990
vt 0.325246 1.050032
vt 0.325246 1.031651
vt 0.333246 1.030520
vt 0.333246 1.048135
vt 0.325246 1.041990
vt 0.333246 1.040093
vt 0.333246 1.025442
vt 0.325246 1.026573
vt 0.325246 1.031651
vt 0.325246 1.012491
vt 0.333246 1.012154
vt 0.333246 1.030520
vt 0.325246 1.026573
vt 0.333246 1.025442
vt 0.333246 1.010165
vt 0.325246 1.010502
vt 0.325246 1.012491
vt 0.325246 0.993024
vt 0.333246 0.993489
vt 0.333246 1.012154
vt 0.325246 1.010502
vt 0.333246 1.010165
vt 0.333246 0.994637
vt 0.325246 0.994172
vt 0.325246 0.993024
vt 0.325246 0.973728
vt 0.333246 0.974984
vt 0.333246 0.993489
vt 0.325246 0.994172
vt 0.333246 0.994637
vt 0.333246 0.979242
vt 0.325246 0.977986
vt 0.325246 0.973728
vt 0.325246 0.955080
vt 0.333246 0.957095
vt 0.333246 0.974984
vt 0.325246 0.977986
vt 0.333246 0.979242
vt 0.333246 0.964358
vt 0.325246 0.962342
vt 0.325246 0.955080
vt 0.325246 0.937537
vt 0.333246 0.940263
vt 0.333246 0.957095
vt 0.325246 0.962342
vt 0.333246 0.964358
vt 0.333246 0.950351
vt 0.325246 0.947625
vt 0.325246 0.937537
vt 0.325246 0.921533
vt 0.333246 0.924902
vt 0.333246 0.940263
vt 0.325246 0.947625
vt 0.333246 0.950351
vt 0.333246 0.937567
vt 0.325246 0.934198
vt 0.325246 0.921533
vt 0.325246 0.907460
vt 0.333246 0.911389
vt 0.333246 0.924902
vt 0.325246 0.934198
vt 0.333246 0.937567
vt 0.333246 0.926320
vt 0.325246 0.922391
vt 0.325246 0.907460
vt 0.325246 0.895666
vt 0.333246 0.900059
vt 0.333246 0.911389
vt 0.325246 0.922391
vt 0.333246 0.926320
vt 0.333246 0.916888
vt 0.325246 0.912495
vt 0.325246 0.895666
vt 0.325246 0.886442
vt 0.333246 0.891189
vt 0.333246 0.900059
vt 0.325246 0.912495
vt 0.333246 0.916888
vt 0.333246 0.909501
vt 0.325246 0.904754
vt 0.325246 0.886442
vt 0.325246 0.880013
vt 0.333246 0.884999
vt 0.333246 0.891189
vt 0.325246 0.904754
vt 0.333246 0.909501
vt 0.333246 0.904344
vt 0.325246 0.899358
vt -0.024936 0.932607
vt -0.021305 0.941924
vt -0.029491 0.946139
vt -0.034535 0.937505
vt 0.020741 0.944512
vt 0.028743 0.948551
vt 0.023699 0.957185
vt 0.017110 0.953829
vt -0.034535 0.937505
vt -0.029491 0.946139
vt -0.036950 0.951681
vt -0.043283 0.943941
vt 0.028743 0.948551
vt 0.036036 0.953856
vt 0.029704 0.961596
vt 0.023699 0.957185
vt -0.043283 0.943941
vt -0.036950 0.951681
vt -0.043500 0.958412
vt -0.050966 0.951758
vt 0.036036 0.953856
vt 0.042443 0.960299
vt 0.034977 0.966952
vt 0.029704 0.961596
vt -0.050966 0.951758
vt -0.043500 0.958412
vt -0.048979 0.966167
vt -0.057393 0.960763
vt 0.042443 0.960299
vt 0.047804 0.967718
vt 0.039389 0.973122
vt 0.034977 0.966952
vt -0.057393 0.960763
vt -0.048979 0.966167
vt -0.053251 0.974755
vt -0.062407 0.970734
vt 0.047804 0.967718
vt 0.051988 0.975933
vt 0.042832 0.979954
vt 0.039389 0.973122
vt -0.062407 0.970734
vt -0.053251 0.974755
vt -0.056213 0.983965
vt -0.065885 0.981426
vt 0.051988 0.975933
vt 0.054892 0.984740
vt 0.045219 0.987279
vt 0.042832 0.979954
vt -0.065885 0.981426
vt -0.056213 0.983965
vt -0.057790 0.993569
vt -0.067740 0.992575
vt 0.054892 0.984740
vt 0.056444 0.993923
vt 0.046494 0.994918
vt 0.045219 0.987279
vt -0.067740 0.992575
vt -0.057790 0.993569
vt -0.057944 1.003332
vt -0.067928 1.003907
vt 0.056444 0.993923
vt 0.056606 1.003255
vt 0.046623 1.002681
vt 0.046494 0.994918
vt -0.067928 1.003907
vt -0.057944 1.003332
vt -0.056672 1.013013
vt -0.066443 1.015142
vt 0.056606 1.003255
vt 0.055375 1.012508
vt 0.045604 1.010379
vt 0.046623 1.002681
vt -0.066443 1.015142
vt -0.056672 1.013013
vt -0.054004 1.022374
vt -0.063321 1.026005
vt 0.055375 1.012508
vt 0.052780 1.021452
vt 0.043463 1.017821
vt 0.045604 1.010379
vt -0.063321 1.026005
vt -0.054004 1.022374
vt -0.050006 1.031183
vt -0.058641 1.036228
vt 0.052780 1.021452
vt 0.048886 1.029869
vt 0.040251 1.024825
vt 0.043463 1.017821
vt -0.058641 1.036228
vt -0.050006 1.031183
vt -0.044777 1.039225
vt -0.052516 1.045558
vt 0.048886 1.029869
vt 0.043788 1.037549
vt 0.036048 1.031217
vt 0.040251 1.024825
vt -0.052516 1.045558
vt -0.044777 1.039225
vt -0.038445 1.046301
vt -0.045099 1.053767
vt 0.043788 1.037549
vt 0.037611 1.044305
vt 0.030958 1.036840
vt 0.036048 1.031217
vt -0.045099 1.053767
vt -0.038445 1.046301
vt -0.031167 1.052237
vt -0.036571 1.060651
vt 0.037611 1.044305
vt 0.030509 1.049971
vt 0.025105 1.041556
vt 0.030958 1.036840
vt -0.036571 1.060651
vt -0.031167 1.052237
vt -0.023122 1.056887
vt -0.027142 1.066043
vt 0.030509 1.049971
vt 0.022655 1.054405
vt 0.018634 1.045249
vt 0.025105 1.041556
vt -0.027142 1.066043
vt -0.023122 1.056887
vt -0.014507 1.060135
vt -0.017046 1.069808
vt 0.022655 1.054405
vt 0.014243 1.057500
vt 0.011704 1.047828
vt 0.018634 1.045249
vt 0.085452 0.928636
vt 0.091452 0.924332
vt 0.091452 0.934281
vt 0.085452 0.938586
vt 0.085452 1.061414
vt 0.091452 1.065718
vt 0.091452 1.075668
vt 0.085452 1.071364
vt 0.091452 0.924295
vt 0.162623 0.938395
vt 0.162623 0.948349
vt 0.091452 0.934249
vt 0.091452 1.065751
vt 0.162623 1.051651
vt 0.162623 1.061605
vt 0.091452 1.075705
vt 0.162623 0.938336
vt 0.166623 0.941057
vt 0.166623 0.951020
vt 0.162623 0.948299
vt 0.162623 1.051701
vt 0.166623 1.048980
vt 0.166623 1.058942
vt 0.162623 1.061664
vt 0.170904 0.990469
vt 0.170904 0.956762
vt 0.176904 0.955758
vt 0.176904 0.990239
vt 0.170904 0.991388
vt 0.176904 0.991158
vt 0.176904 0.959775
vt 0.170904 0.960780
vt 0.170904 0.956762
vt 0.170904 0.924717
vt 0.176904 0.922977
vt 0.176904 0.955758
vt 0.170904 0.960780
vt 0.176904 0.959775
vt 0.176904 0.929939
vt 0.170904 0.931679
vt 0.170904 0.924717
vt 0.170904 0.895565
vt 0.176904 0.893156
vt 0.176904 0.922977
vt 0.170904 0.931679
vt 0.176904 0.929939
vt 0.176904 0.902794
vt 0.170904 0.905204
vt 0.170904 0.895565
vt 0.170904 0.870427
vt 0.176904 0.867441
vt 0.176904 0.893156
vt 0.170904 0.905204
vt 0.176904 0.902794
vt 0.176904 0.879385
vt 0.170904 0.882372
vt 0.170904 0.870427
vt 0.170904 0.850268
vt 0.176904 0.846820
vt 0.176904 0.867441
vt 0.170904 0.882372
vt 0.176904 0.879385
vt 0.176904 0.860612
vt 0.170904 0.864060
vt 0.170904 0.850268
vt 0.170904 0.835863
vt 0.176904 0.832085
vt 0.176904 0.846820
vt 0.170904 0.864060
vt 0.176904 0.860612
vt 0.176904 0.847195
vt 0.170904 0.850972
vt 0.170904 0.835863
vt 0.170904 0.827766
vt 0.176904 0.823804
vt 0.176904 0.832085
vt 0.170904 0.850972
vt 0.176904 0.847195
vt 0.176904 0.839650
vt 0.170904 0.843611
vt 0.170904 0.827766
vt 0.170904 0.826287
vt 0.176904 0.822294
vt 0.176904 0.823804
vt 0.170904 0.843611
vt 0.176904 0.839650
vt 0.176904 0.838267
vt 0.170904 0.842261
vt 0.170904 0.826287
vt 0.170904 0.831484
vt 0.176904 0.827613
vt 0.176904 0.822294
vt 0.170904 0.842261
vt 0.176904 0.838267
vt 0.176904 0.843100
vt 0.170904 0.846972
vt 0.170904 0.831484
vt 0.170904 0.843158
vt 0.176904 0.839556
vt 0.176904 0.827613
vt 0.170904 0.846972
vt 0.176904 0.843100
vt 0.176904 0.853962
vt 0.170904 0.857564
vt 0.170904 0.843158
vt 0.170904 0.860858
vt 0.176904 0.857665
vt 0.176904 0.839556
vt 0.170904 0.857564
vt 0.176904 0.853962
vt 0.176904 0.870437
vt 0.170904 0.873629
vt 0.170904 0.860858
vt 0.170904 0.883906
vt 0.176904 0.881245
vt 0.176904 0.857665
vt 0.170904 0.873629
vt 0.176904 0.870437
vt 0.176904 0.891890
vt 0.170904 0.894552
vt 0.170904 0.883906
vt 0.170904 0.911415
vt 0.176904 0.909388
vt 0.176904 0.881245
vt 0.170904 0.894552
vt 0.176904 0.891890
vt 0.176904 0.917498
vt 0.170904 0.919526
vt 0.170904 0.911415
vt 0.170904 0.942329
vt 0.176904 0.941013
vt 0.176904 0.909388
vt 0.170904 0.919526
vt 0.176904 0.917498
vt 0.176904 0.946277
vt 0.170904 0.947593
vt 0.170904 0.942329
vt 0.170904 0.975458
vt 0.176904 0.974905
vt 0.176904 0.941013
vt 0.170904 0.947593
vt 0.176904 0.946277
vt 0.176904 0.977120
vt 0.170904 0.977674
vt 0.170904 0.975458
vt 0.170904 1.009531
vt 0.176904 1.009761
vt 0.176904 0.974905
vt 0.170904 0.977674
vt 0.176904 0.977120
vt 0.176904 1.008842
vt 0.170904 1.008613
vt 0.170904 1.009531
vt 0.170904 1.043238
vt 0.176904 1.044242
vt 0.176904 1.009761
vt 0.170904 1.008613
vt 0.176904 1.008842
vt 0.176904 1.040225
vt 0.170904 1.039221
vt 0.170904 1.043238
vt 0.170904 1.075283
vt 0.176904 1.077023
vt 0.176904 1.044242
vt 0.170904 1.039221
vt 0.176904 1.040225
vt 0.176904 1.070062
vt 0.170904 1.068321
vt 0.170904 1.075283
vt 0.170904 1.104435
vt 0.176904 1.106844
vt 0.176904 1.077023
vt 0.170904 1.068321
vt 0.176904 1.070062
vt 0.176904 1.097206
vt 0.170904 1.094796
vt 0.170904 1.104435
vt 0.170904 1.129573
vt 0.176904 1.132559
vt 0.176904 1.106844
vt 0.170904 1.094796
vt 0.176904 1.097206
vt 0.176904 1.120615
vt 0.170904 1.117629
vt 0.170904 1.129573
vt 0.170904 1.149732
vt 0.176904 1.153180
vt 0.176904 1.132559
vt 0.170904 1.117629
vt 0.176904 1.120615
vt 0.176904 1.139388
vt 0.170904 1.135940
vt 0.170904 1.149732
vt 0.170904 1.164137
vt 0.176904 1.167915
vt 0.176904 1.153180
vt 0.170904 1.135940
vt 0.176904 1.139388
vt 0.176904 1.152805
vt 0.170904 1.149028
vt 0.170904 1.164137
vt 0.170904 1.172235
vt 0.176904 1.176196
vt 0.176904 1.167915
vt 0.170904 1.149028
vt 0.176904 1.152805
vt 0.176904 1.160350
vt 0.170904 1.156389
vt 0.170904 1.172235
vt 0.170904 1.173713
vt 0.176904 1.177706
vt 0.176904 1.176196
vt 0.170904 1.156389
vt 0.176904 1.160350
vt 0.176904 1.161733
vt 0.170904 1.157739
vt 0.170904 1.173713
vt 0.170904 1.168516
vt 0.176904 1.172388
vt 0.176904 1.177706
vt 0.170904 1.157739
vt 0.176904 1.161733
vt 0.176904 1.156900
vt 0.170904 1.153028
vt 0.170904 1.168516
vt 0.170904 1.156842
vt 0.176904 1.160444
vt 0.176904 1.172388
vt 0.170904 1.153028
vt 0.176904 1.156900
vt 0.176904 1.146038
vt 0.170904 1.142436
vt 0.170904 1.156842
vt 0.170904 1.139142
vt 0.176904 1.142335
vt 0.176904 1.160444
vt 0.170904 1.142436
vt 0.176904 1.146038
vt 0.176904 1.129564
vt 0.170904 1.126371
vt 0.170904 1.139142
vt 0.170904 1.116094
vt 0.176904 1.118755
vt 0.176904 1.142335
vt 0.170904 1.126371
vt 0.176904 1.129564
vt 0.176904 1.108110
vt 0.170904 1.105449
vt 0.170904 1.116094
vt 0.170904 1.088585
vt 0.176904 1.090613
vt 0.176904 1.118755
vt 0.170904 1.105449
vt 0.176904 1.108110
vt 0.176904 1.082502
vt 0.170904 1.080474
vt 0.170904 1.088585
vt 0.170904 1.057672
vt 0.176904 1.058987
vt 0.176904 1.090613
vt 0.170904 1.080474
vt 0.176904 1.082502
vt 0.176904 1.053723
vt 0.170904 1.052407
vt 0.170904 1.057672
vt 0.170904 1.024542
vt 0.176904 1.025096
vt 0.176904 1.058987
vt 0.170904 1.052407
vt 0.176904 1.053723
vt 0.176904 1.022880
vt 0.170904 1.022326
vt 0.170904 1.024542
vt 0.170904 0.990469
vt 0.176904 0.990239
vt 0.176904 1.025096
vt 0.170904 1.022326
vt 0.176904 1.022880
vt 0.176904 0.991158
vt 0.170904 0.991388
vt 0.176904 0.990239
vt 0.176904 0.955758
vt 0.200904 0.955758
vt 0.200904 0.990239
vt 0.176904 0.991158
vt 0.200904 0.991158
vt 0.200904 0.959775
vt 0.176904 0.959775
vt 0.176904 0.955758
vt 0.176904 0.922977
vt 0.200904 0.922977
vt 0.200904 0.955758
vt 0.176904 0.959775
vt 0.200904 0.959775
vt 0.200904 0.929939
vt 0.176904 0.929939
vt 0.176904 0.922977
vt 0.176904 0.893156
vt 0.200904 0.893156
vt 0.200904 0.922977
vt 0.176904 0.929939
vt 0.200904 0.929939
vt 0.200904 0.902794
vt 0.176904 0.902794
vt 0.176904 0.893156
vt 0.176904 0.867441
vt 0.200904 0.867441
vt 0.200904 0.893156
vt 0.176904 0.902794
vt 0.200904 0.902794
vt 0.200904 0.879385
vt 0.176904 0.879385
vt 0.176904 0.867441
vt 0.176904 0.846820
vt 0.200904 0.846820
vt 0.200904 0.867441
vt 0.176904 0.879385
vt 0.200904 0.879385
vt 0.200904 0.860612
vt 0.176904 0.860612
vt 0.176904 0.846820
vt 0.176904 0.832085
vt 0.200904 0.832085
vt 0.200904 0.846820
vt 0.176904 0.860612
vt 0.200904 0.860612
vt 0.200904 0.847195
vt 0.176904 0.847195
vt 0.176904 0.832085
vt 0.176904 0.823804
vt 0.200904 0.823804
vt 0.200904 0.832085
vt 0.176904 0.847195
vt 0.200904 0.847195
vt 0.200904 0.839650
vt 0.176904 0.839650
vt 0.176904 0.823804
vt 0.176904 0.822294
vt 0.200904 0.822294
vt 0.200904 0.823804
vt 0.176904 0.839650
vt 0.200904 0.839650
vt 0.200904 0.838267
vt 0.176904 0.838267
vt 0.176904 0.822294
vt 0.176904 0.827613
vt 0.200904 0.827613
vt 0.200904 0.822294
vt 0.176904 0.838267
vt 0.200904 0.838267
vt 0.200904 0.843100
vt 0.176904 0.843100
vt 0.176904 0.827613
vt 0.176904 0.839556
vt 0.200904 0.839556
vt 0.200904 0.827613
vt 0.176904 0.843100
vt 0.200904 0.843100
vt 0.200904 0.853962
vt 0.176904 0.853962
vt 0.176904 0.839556
vt 0.176904 0.857665
vt 0.200904 0.857666
vt 0.200904 0.839556
vt 0.176904 0.853962
vt 0.200904 0.853962
vt 0.200904 0.870437
vt 0.176904 0.870437
vt 0.176904 0.857665
vt 0.176904 0.881245
vt 0.200904 0.881245
vt 0.200904 0.857666
vt 0.176904 0.870437
vt 0.200904 0.870437
vt 0.200904 0.891890
vt 0.176904 0.891890
vt 0.176904 0.881245
vt 0.176904 0.909388
vt 0.200904 0.909388
vt 0.200904 0.881245
vt 0.176904 0.891890
vt 0.200904 0.891890
vt 0.200904 0.917498
vt 0.176904 0.917498
vt 0.176904 0.909388
vt 0.176904 0.941013
vt 0.200904 0.941013
vt 0.200904 0.909388
vt 0.176904 0.917498
vt 0.200904 0.917498
vt 0.200904 0.946277
vt 0.176904 0.946277
vt 0.176904 0.941013
vt 0.176904 0.974905
vt 0.200904 0.974905
vt 0.200904 0.941013
vt 0.176904 0.946277
vt 0.200904 0.946277
vt 0.200904 0.977120
vt 0.176904 0.977120
vt 0.176904 0.974905
vt 0.176904 1.009761
vt 0.200904 1.009761
vt 0.200904 0.974905
vt 0.176904 0.977120
vt 0.200904 0.977120
vt 0.200904 1.008842
vt 0.176904 1.008842
vt 0.176904 1.009761
vt 0.176904 1.044242
vt 0.200904 1.044242
vt 0.200904 1.009761
vt 0.176904 1.008842
vt 0.200904 1.008842
vt 0.200904 1.040225
vt 0.176904 1.040225
vt 0.176904 1.044242
vt 0.176904 1.077023
vt 0.200904 1.077023
vt 0.200904 1.044242
vt 0.176904 1.040225
vt 0.200904 1.040225
vt 0.200904 1.070062
vt 0.176904 1.070062
vt 0.176904 1.077023
vt 0.176904 1.106844
vt 0.200904 1.106844
vt 0.200904 1.077023
vt 0.176904 1.070062
vt 0.200904 1.070062
vt 0.200904 1.097206
vt 0.176904 1.097206
vt 0.176904 1.106844
vt 0.176904 1.132559
vt 0.200904 1.132559
vt 0.200904 1.106844
vt 0.176904 1.097206
vt 0.200904 1.097206
vt 0.200904 1.120615
vt 0.176904 1.120615
vt 0.176904 1.132559
vt 0.176904 1.153180
vt 0.200904 1.153180
vt 0.200904 1.132559
vt 0.176904 1.120615
vt 0.200904 1.120615
vt 0.200904 1.139388
vt 0.176904 1.139388
vt 0.176904 1.153180
vt 0.176904 1.167915
vt 0.200904 1.167915
vt 0.200904 1.153180
vt 0.176904 1.139388
vt 0.200904 1.139388
vt 0.200904 1.152805
vt 0.176904 1.152805
vt 0.176904 1.167915
vt 0.176904 1.176196
vt 0.200904 1.176196
vt 0.200904 1.167915
vt 0.176904 1.152805
vt 0.200904 1.152805
vt 0.200904 1.160350
vt 0.176904 1.160350
vt 0.176904 1.176196
vt 0.176904 1.177706
vt 0.200904 1.177706
vt 0.200904 1.176196
vt 0.176904 1.160350
vt 0.200904 1.160350
vt 0.200904 1.161733
vt 0.176904 1.161733
vt 0.176904 1.177706
vt 0.176904 1.172388
vt 0.200904 1.172388
vt 0.200904 1.177706
vt 0.176904 1.161733
vt 0.200904 1.161733
vt 0.200904 1.156900
vt 0.176904 1.156900
vt 0.176904 1.172388
vt 0.176904 1.160444
vt 0.200904 1.160444
vt 0.200904 1.172388
vt 0.176904 1.156900
vt 0.200904 1.156900
vt 0.200904 1.146038
vt 0.176904 1.146038
vt 0.176904 1.160444
vt 0.176904 1.142335
vt 0.200904 1.142335
vt 0.200904 1.160444
vt 0.176904 1.146038
vt 0.200904 1.146038
vt 0.200904 1.129564
vt 0.176904 1.129564
vt 0.176904 1.142335
vt 0.176904 1.118755
vt 0.200904 1.118755
vt 0.200904 1.142335
vt 0.176904 1.129564
vt 0.200904 1.129564
vt 0.200904 1.108110
vt 0.176904 1.108110
vt 0.176904 1.118755
vt 0.176904 1.090613
vt 0.200904 1.090613
vt 0.200904 1.118755
vt 0.176904 1.108110
vt 0.200904 1.108110
vt 0.200904 1.082502
vt 0.176904 1.082502
vt 0.176904 1.090613
vt 0.176904 1.058987
vt 0.200904 1.058987
vt 0.200904 1.090613
vt 0.176904 1.082502
vt 0.200904 1.082502
vt 0.200904 1.053723
vt 0.176904 1.053723
vt 0.176904 1.058987
vt 0.176904 1.025096
vt 0.200904 1.025096
vt 0.200904 1.058987
vt 0.176904 1.053723
vt 0.200904 1.053723
vt 0.200904 1.022880
vt 0.176904 1.022880
vt 0.176904 1.025096
vt 0.176904 0.990239
vt 0.200904 0.990239
vt 0.200904 1.025096
vt 0.176904 1.022880
vt 0.200904 1.022880
vt 0.200904 0.991158
vt 0.176904 0.991158
vt 0.200904 0.990239
vt 0.200904 0.955758
vt 0.206904 0.956762
vt 0.206904 0.990469
vt 0.200904 0.991158
vt 0.206904 0.991388
vt 0.206904 0.960780
vt 0.200904 0.959775
vt 0.200904 0.955758
vt 0.200904 0.922977
vt 0.206904 0.924717
vt 0.206904 0.956762
vt 0.200904 0.959775
vt 0.206904 0.960780
vt 0.206904 0.931679
vt 0.200904 0.929939
vt 0.200904 0.922977
vt 0.200904 0.893156
vt 0.206904 0.895566
vt 0.206904 0.924717
vt 0.200904 0.929939
vt 0.206904 0.931679
vt 0.206904 0.905204
vt 0.200904 0.902794
vt 0.200904 0.893156
vt 0.200904 0.867441
vt 0.206904 0.870427
vt 0.206904 0.895566
vt 0.200904 0.902794
vt 0.206904 0.905204
vt 0.206904 0.882372
vt 0.200904 0.879385
vt 0.200904 0.867441
vt 0.200904 0.846820
vt 0.206904 0.850268
vt 0.206904 0.870427
vt 0.200904 0.879385
vt 0.206904 0.882372
vt 0.206904 0.864060
vt 0.200904 0.860612
vt 0.200904 0.846820
vt 0.200904 0.832085
vt 0.206904 0.835863
vt 0.206904 0.850268
vt 0.200904 0.860612
vt 0.206904 0.864060
vt 0.206904 0.850972
vt 0.200904 0.847195
vt 0.200904 0.832085
vt 0.200904 0.823804
vt 0.206904 0.827766
vt 0.206904 0.835863
vt 0.200904 0.847195
vt 0.206904 0.850972
vt 0.206904 0.843611
vt 0.200904 0.839650
vt 0.200904 0.823804
vt 0.200904 0.822294
vt 0.206904 0.826287
vt 0.206904 0.827766
vt 0.200904 0.839650
vt 0.206904 0.843611
vt 0.206904 0.842261
vt 0.200904 0.838267
vt 0.200904 0.822294
vt 0.200904 0.827613
vt 0.206904 0.831484
vt 0.206904 0.826287
vt 0.200904 0.838267
vt 0.206904 0.842261
vt 0.206904 0.846972
vt 0.200904 0.843100
vt 0.200904 0.827613
vt 0.200904 0.839556
vt 0.206904 0.843158
vt 0.206904 0.831484
vt 0.200904 0.843100
vt 0.206904 0.846972
vt 0.206904 0.857564
vt 0.200904 0.853962
vt 0.200904 0.839556
vt 0.200904 0.857666
vt 0.206904 0.860858
vt 0.206904 0.843158
vt 0.200904 0.853962
vt 0.206904 0.857564
vt 0.206904 0.873630
vt 0.200904 0.870437
vt 0.200904 0.857666
vt 0.200904 0.881245
vt 0.206904 0.883906
vt 0.206904 0.860858
vt 0.200904 0.870437
vt 0.206904 0.873630
vt 0.206904 0.894552
vt 0.200904 0.891890
vt 0.200904 0.881245
vt 0.200904 0.909388
vt 0.206904 0.911415
vt 0.206904 0.883906
vt 0.200904 0.891890
vt 0.206904 0.894552
vt 0.206904 0.919526
vt 0.200904 0.917498
vt 0.200904 0.909388
vt 0.200904 0.941013
vt 0.206904 0.942329
vt 0.206904 0.911415
vt 0.200904 0.917498
vt 0.206904 0.919526
vt 0.206904 0.947593
vt 0.200904 0.946277
vt 0.200904 0.941013
vt 0.200904 0.974905
vt 0.206904 0.975458
vt 0.206904 0.942329
vt 0.200904 0.946277
vt 0.206904 0.947593
vt 0.206904 0.977674
vt 0.200904 0.977120
vt 0.200904 0.974905
vt 0.200904 1.009761
vt 0.206904 1.009531
vt 0.206904 0.975458
vt 0.200904 0.977120
vt 0.206904 0.977674
vt 0.206904 1.008613
vt 0.200904 1.008842
vt 0.200904 1.009761
vt 0.200904 1.044242
vt 0.206904 1.043238
vt 0.206904 1.009531
vt 0.200904 1.008842
vt 0.206904 1.008613
vt 0.206904 1.039221
vt 0.200904 1.040225
vt 0.200904 1.044242
vt 0.200904 1.077023
vt 0.206904 1.075283
vt 0.206904 1.043238
vt 0.200904 1.040225
vt 0.206904 1.039221
vt 0.206904 1.068321
vt 0.200904 1.070062
vt 0.200904 1.077023
vt 0.200904 1.106844
vt 0.206904 1.104435
vt 0.206904 1.075283
vt 0.200904 1.070062
vt 0.206904 1.068321
vt 0.206904 1.094796
vt 0.200904 1.097206
vt 0.200904 1.106844
vt 0.200904 1.132559
vt 0.206904 1.129573
vt 0.206904 1.104435
vt 0.200904 1.097206
vt 0.206904 1.094796
vt 0.206904 1.117629
vt 0.200904 1.120615
vt 0.200904 1.132559
vt 0.200904 1.153180
vt 0.206904 1.149732
vt 0.206904 1.129573
vt 0.200904 1.120615
vt 0.206904 1.117629
vt 0.206904 1.135940
vt 0.200904 1.139388
vt 0.200904 1.153180
vt 0.200904 1.167915
vt 0.206904 1.164137
vt 0.206904 1.149732
vt 0.200904 1.139388
vt 0.206904 1.135940
vt 0.206904 1.149028
vt 0.200904 1.152805
vt 0.200904 1.167915
vt 0.200904 1.176196
vt 0.206904 1.172235
vt 0.206904 1.164137
vt 0.200904 1.152805
vt 0.206904 1.149028
vt 0.206904 1.156389
vt 0.200904 1.160350
vt 0.200904 1.176196
vt 0.200904 1.177706
vt 0.206904 1.173713
vt 0.206904 1.172235
vt 0.200904 1.160350
vt 0.206904 1.156389
vt 0.206904 1.157739
vt 0.200904 1.161733
vt 0.200904 1.177706
vt 0.200904 1.172388
vt 0.206904 1.168516
vt 0.206904 1.173713
vt 0.200904 1.161733
vt 0.206904 1.157739
vt 0.206904 1.153028
vt 0.200904 1.156900
vt 0.200904 1.172388
vt 0.200904 1.160444
vt 0.206904 1.156842
vt 0.206904 1.168516
vt 0.200904 1.156900
vt 0.206904 1.153028
vt 0.206904 1.142436
vt 0.200904 1.146038
vt 0.200904 1.160444
vt 0.200904 1.142335
vt 0.206904 1.139142
vt 0.206904 1.156842
vt 0.200904 1.146038
vt 0.206904 1.142436
vt 0.206904 1.126371
vt 0.200904 1.129564
vt 0.200904 1.142335
vt 0.200904 1.118755
vt 0.206904 1.116094
vt 0.206904 1.139142
vt 0.200904 1.129564
vt 0.206904 1.126371
vt 0.206904 1.105449
vt 0.200904 1.108110
vt 0.200904 1.118755
vt 0.200904 1.090613
vt 0.206904 1.088585
vt 0.206904 1.116094
vt 0.200904 1.108110
vt 0.206904 1.105449
vt 0.206904 1.080474
vt 0.200904 1.082502
vt 0.200904 1.090613
vt 0.200904 1.058987
vt 0.206904 1.057672
vt 0.206904 1.088585
vt 0.200904 1.082502
vt 0.206904 1.080474
vt 0.206904 1.052407
vt 0.200904 1.053723
vt 0.200904 1.058987
vt 0.200904 1.025096
vt 0.206904 1.024542
vt 0.206904 1.057672
vt 0.200904 1.053723
vt 0.206904 1.052407
vt 0.206904 1.022326
vt 0.200904 1.022880
vt 0.200904 1.025096
vt 0.200904 0.990239
vt 0.206904 0.990469
vt 0.206904 1.024542
vt 0.200904 1.022880
vt 0.206904 1.022326
vt 0.206904 0.991388
vt 0.200904 0.991158
vt -0.082863 1.004766
vt -0.074876 1.004306
vt -0.072553 1.019610
vt -0.080296 1.021619
vt 0.082863 1.004766
vt 0.080296 1.021619
vt 0.072553 1.019610
vt 0.074876 1.004306
vt -0.080296 1.021619
vt -0.072553 1.019610
vt -0.067441 1.034161
vt -0.074644 1.037641
vt 0.080296 1.021619
vt 0.074644 1.037641
vt 0.067441 1.034161
vt 0.072553 1.019610
vt -0.074644 1.037641
vt -0.067441 1.034161
vt -0.059737 1.047398
vt -0.066123 1.052217
vt 0.074644 1.037641
vt 0.066123 1.052217
vt 0.059737 1.047398
vt 0.067441 1.034161
vt -0.066123 1.052217
vt -0.059737 1.047398
vt -0.049738 1.058814
vt -0.055061 1.064787
vt 0.066123 1.052217
vt 0.055061 1.064787
vt 0.049738 1.058814
vt 0.059737 1.047398
vt -0.055061 1.064787
vt -0.049738 1.058814
vt -0.037828 1.067970
vt -0.041883 1.074866
vt 0.055061 1.064787
vt 0.041883 1.074866
vt 0.037828 1.067970
vt 0.049738 1.058814
vt -0.041883 1.074866
vt -0.037828 1.067970
vt -0.024463 1.074514
vt -0.027095 1.082069
vt 0.041883 1.074866
vt 0.027095 1.082069
vt 0.024463 1.074514
vt 0.037828 1.067970
vt -0.027095 1.082069
vt -0.024463 1.074514
vt -0.010159 1.078194
vt -0.011267 1.086117
vt 0.027095 1.082069
vt 0.011267 1.086117
vt 0.010159 1.078194
vt 0.024463 1.074514
vt -0.011267 1.086117
vt -0.010159 1.078194
vt 0.004536 1.078870
vt 0.004995 1.086856
vt 0.011267 1.086117
vt -0.004995 1.086856
vt -0.004536 1.078870
vt 0.010159 1.078194
vt 0.004995 1.086856
vt 0.004536 1.078870
vt 0.019056 1.076514
vt 0.021065 1.084258
vt -0.004995 1.086856
vt -0.021065 1.084258
vt -0.019056 1.076514
vt -0.004536 1.078870
vt 0.021065 1.084258
vt 0.019056 1.076514
vt 0.032845 1.071218
vt 0.036325 1.078421
vt -0.021065 1.084258
vt -0.036325 1.078421
vt -0.032845 1.071218
vt -0.019056 1.076514
vt 0.036325 1.078421
vt 0.032845 1.071218
vt 0.045371 1.063185
vt 0.050190 1.069571
vt -0.036325 1.078421
vt -0.050190 1.069571
vt -0.045371 1.063185
vt -0.032845 1.071218
vt 0.050190 1.069571
vt 0.045371 1.063185
vt 0.056153 1.052724
vt 0.062125 1.058047
vt -0.050190 1.069571
vt -0.062125 1.058047
vt -0.056153 1.052724
vt -0.045371 1.063185
vt 0.062125 1.058047
vt 0.056153 1.052724
vt 0.064777 1.040237
vt 0.071673 1.044292
vt -0.062125 1.058047
vt -0.071673 1.044292
vt -0.064777 1.040237
vt -0.056153 1.052724
vt 0.071673 1.044292
vt 0.064777 1.040237
vt 0.070912 1.026204
vt 0.078467 1.028836
vt -0.071673 1.044292
vt -0.078467 1.028836
vt -0.070912 1.026204
vt -0.064777 1.040237
vt 0.078467 1.028836
vt 0.070912 1.026204
vt 0.074322 1.011163
vt 0.082245 1.012271
vt -0.078467 1.028836
vt -0.082245 1.012271
vt -0.074322 1.011163
vt -0.070912 1.026204
vt 0.082245 1.012271
vt 0.074322 1.011163
vt 0.074876 0.995694
vt 0.082863 0.995234
vt -0.082245 1.012271
vt -0.082863 0.995234
vt -0.074876 0.995694
vt -0.074322 1.011163
vt 0.082863 0.995234
vt 0.074876 0.995694
vt 0.072553 0.980390
vt 0.080296 0.978381
vt -0.082863 0.995234
vt -0.080296 0.978381
vt -0.072553 0.980390
vt -0.074876 0.995694
vt 0.080296 0.978381
vt 0.072553 0.980390
vt 0.067441 0.965839
vt 0.074644 0.962359
vt -0.080296 0.978381
vt -0.074644 0.962359
vt -0.067441 0.965839
vt -0.072553 0.980390
vt 0.074644 0.962359
vt 0.067441 0.965839
vt 0.059737 0.952602
vt 0.066123 0.947783
vt -0.074644 0.962359
vt -0.066123 0.947783
vt -0.059737 0.952602
vt -0.067441 0.965839
vt 0.066123 0.947783
vt 0.059737 0.952602
vt 0.049738 0.941186
vt 0.055061 0.935213
vt -0.066123 0.947783
vt -0.055061 0.935213
vt -0.049738 0.941186
vt -0.059737 0.952602
vt 0.055061 0.935213
vt 0.049738 0.941186
vt 0.037828 0.932030
vt 0.041883 0.925134
vt -0.055061 0.935213
vt -0.041883 0.925134
vt -0.037828 0.932030
vt -0.049738 0.941186
vt 0.041883 0.925134
vt 0.037828 0.932030
vt 0.024463 0.925486
vt 0.027095 0.917931
vt -0.041883 0.925134
vt -0.027095 0.917931
vt -0.024463 0.925486
vt -0.037828 0.932030
vt 0.027095 0.917931
vt 0.024463 0.925486
vt 0.010159 0.921806
vt 0.011267 0.913883
vt -0.027095 0.917931
vt -0.011267 0.913883
vt -0.010159 0.921806
vt -0.024463 0.925486
vt 0.011267 0.913883
vt 0.010159 0.921806
vt -0.004536 0.921130
vt -0.004995 0.913144
vt -0.011267 0.913883
vt 0.004995 0.913144
vt 0.004536 0.921130
vt -0.010159 0.921806
vt -0.004995 0.913144
vt -0.004536 0.921130
vt -0.019056 0.923486
vt -0.021065 0.915742
vt 0.004995 0.913144
vt 0.021065 0.915742
vt 0.019056 0.923486
vt 0.004536 0.921130
vt -0.021065 0.915742
vt -0.019056 0.923486
vt -0.032845 0.928782
vt -0.036325 0.921579
vt 0.021065 0.915742
vt 0.036325 0.921579
vt 0.032845 0.928782
vt 0.019056 0.923486
vt -0.036325 0.921579
vt -0.032845 0.928782
vt -0.045371 0.936815
vt -0.050190 0.930429
vt 0.036325 0.921579
vt 0.050190 0.930429
vt 0.045371 0.936815
vt 0.032845 0.928782
vt -0.050190 0.930429
vt -0.045371 0.936815
vt -0.056153 0.947276
vt -0.062125 0.941953
vt 0.050190 0.930429
vt 0.062125 0.941953
vt 0.056153 0.947276
vt 0.045371 0.936815
vt -0.062125 0.941953
vt -0.056153 0.947276
vt -0.064777 0.959763
vt -0.071673 0.955708
vt 0.062125 0.941953
vt 0.071673 0.955708
vt 0.064777 0.959763
vt 0.056153 0.947276
vt -0.071673 0.955708
vt -0.064777 0.959763
vt -0.070912 0.973796
vt -0.078467 0.971164
vt 0.071673 0.955708
vt 0.078467 0.971164
vt 0.070912 0.973796
vt 0.064777 0.959763
vt -0.078467 0.971164
vt -0.070912 0.973796
vt -0.074322 0.988837
vt -0.082245 0.987729
vt 0.078467 0.971164
vt 0.082245 0.987729
vt 0.074322 0.988837
vt 0.070912 0.973796
vt -0.082245 0.987729
vt -0.074322 0.988837
vt -0.074876 1.004306
vt -0.082863 1.004766
vt 0.082245 0.987729
vt 0.082863 1.004766
vt 0.074876 1.004306
vt 0.074322 0.988837
vt 0.085452 0.917364
vt 0.088452 0.915373
vt 0.088452 0.923338
vt 0.085452 0.925329
vt -0.085452 0.925329
vt -0.088452 0.923338
vt -0.088452 0.915373
vt -0.085452 0.917364
vt 0.088452 0.915374
vt 0.100452 0.915374
vt 0.100452 0.923338
vt 0.088452 0.923338
vt -0.088452 0.923338
vt -0.100452 0.923338
vt -0.100452 0.915374
vt -0.088452 0.915374
vt 0.100452 0.915374
vt 0.103452 0.917365
vt 0.103452 0.925330
vt 0.100452 0.923338
vt -0.100452 0.923338
vt -0.103452 0.925330
vt -0.103452 0.917365
vt -0.100452 0.915374
vt 0.325246 0.990469
vt 0.325246 0.956762
vt 0.331246 0.955758
vt 0.331246 0.990239
vt 0.325246 0.991388
vt 0.331246 0.991158
vt 0.331246 0.959775
vt 0.325246 0.960780
vt 0.325246 0.956762
vt 0.325246 0.924717
vt 0.331246 0.922977
vt 0.331246 0.955758
vt 0.325246 0.960780
vt 0.331246 0.959775
vt 0.331246 0.929939
vt 0.325246 0.931679
vt 0.325246 0.924717
vt 0.325246 0.895566
vt 0.331246 0.893156
vt 0.331246 0.922977
vt 0.325246 0.931679
vt 0.331246 0.929939
vt 0.331246 0.902794
vt 0.325246 0.905204
vt 0.325246 0.895566
vt 0.325246 0.870427
vt 0.331246 0.867441
vt 0.331246 0.893156
vt 0.325246 0.905204
vt 0.331246 0.902794
vt 0.331246 0.879385
vt 0.325246 0.882372
vt 0.325246 0.870427
vt 0.325246 0.850268
vt 0.331246 0.846820
vt 0.331246 0.867441
vt 0.325246 0.882372
vt 0.331246 0.879385
vt 0.331246 0.860612
vt 0.325246 0.864060
vt 0.325246 0.850268
vt 0.325246 0.835863
vt 0.331246 0.832086
vt 0.331246 0.846820
vt 0.325246 0.864060
vt 0.331246 0.860612
vt 0.331246 0.847195
vt 0.325246 0.850972
vt 0.325246 0.835863
vt 0.325246 0.827766
vt 0.331246 0.823804
vt 0.331246 0.832086
vt 0.325246 0.850972
vt 0.331246 0.847195
vt 0.331246 0.839650
vt 0.325246 0.843612
vt 0.325246 0.827766
vt 0.325246 0.826287
vt 0.331246 0.822294
vt 0.331246 0.823804
vt 0.325246 0.843612
vt 0.331246 0.839650
vt 0.331246 0.838267
vt 0.325246 0.842261
vt 0.325246 0.826287
vt 0.325246 0.831484
vt 0.331246 0.827613
vt 0.331246 0.822294
vt 0.325246 0.842261
vt 0.331246 0.838267
vt 0.331246 0.843100
vt 0.325246 0.846972
vt 0.325246 0.831484
vt 0.325246 0.843158
vt 0.331246 0.839556
vt 0.331246 0.827613
vt 0.325246 0.846972
vt 0.331246 0.843100
vt 0.331246 0.853962
vt 0.325246 0.857564
vt 0.325246 0.843158
vt 0.325246 0.860858
vt 0.331246 0.857666
vt 0.331246 0.839556
vt 0.325246 0.857564
vt 0.331246 0.853962
vt 0.331246 0.870437
vt 0.325246 0.873630
vt 0.325246 0.860858
vt 0.325246 0.883906
vt 0.331246 0.881245
vt 0.331246 0.857666
vt 0.325246 0.873630
vt 0.331246 0.870437
vt 0.331246 0.891890
vt 0.325246 0.894552
vt 0.325246 0.883906
vt 0.325246 0.911415
vt 0.331246 0.909388
vt 0.331246 0.881245
vt 0.325246 0.894552
vt 0.331246 0.891890
vt 0.331246 0.917498
vt 0.325246 0.919526
vt 0.325246 0.911415
vt 0.325246 0.942329
vt 0.331246 0.941013
vt 0.331246 0.909388
vt 0.325246 0.919526
vt 0.331246 0.917498
vt 0.331246 0.946277
vt 0.325246 0.947593
vt 0.325246 0.942329
vt 0.325246 0.975459
vt 0.331246 0.974905
vt 0.331246 0.941013
vt 0.325246 0.947593
vt 0.331246 0.946277
vt 0.331246 0.977120
vt 0.325246 0.977674
vt 0.325246 0.975459
vt 0.325246 1.009531
vt 0.331246 1.009761
vt 0.331246 0.974905
vt 0.325246 0.977674
vt 0.331246 0.977120
vt 0.331246 1.008842
vt 0.325246 1.008613
vt 0.325246 1.009531
vt 0.325246 1.043238
vt 0.331246 1.044242
vt 0.331246 1.009761
vt 0.325246 1.008613
vt 0.331246 1.008842
vt 0.331246 1.040225
vt 0.325246 1.039221
vt 0.325246 1.043238
vt 0.325246 1.075283
vt 0.331246 1.077023
vt 0.331246 1.044242
vt 0.325246 1.039221
vt 0.331246 1.040225
vt 0.331246 1.070062
vt 0.325246 1.068321
vt 0.325246 1.075283
vt 0.325246 1.104435
vt 0.331246 1.106844
vt 0.331246 1.077023
vt 0.325246 1.068321
vt 0.331246 1.070062
vt 0.331246 1.097206
vt 0.325246 1.094797
vt 0.325246 1.104435
vt 0.325246 1.129573
vt 0.331246 1.132560
vt 0.331246 1.106844
vt 0.325246 1.094797
vt 0.331246 1.097206
vt 0.331246 1.120615
vt 0.325246 1.117629
vt 0.325246 1.129573
vt 0.325245 1.149732
vt 0.331246 1.153180
vt 0.331246 1.132560
vt 0.325246 1.117629
vt 0.331246 1.120615
vt 0.331246 1.139388
vt 0.325246 1.135941
vt 0.325245 1.149732
vt 0.325245 1.164137
vt 0.331246 1.167915
vt 0.331246 1.153180
vt 0.325246 1.135941
vt 0.331246 1.139388
vt 0.331246 1.152805
vt 0.325245 1.149028
vt 0.325245 1.164137
vt 0.325245 1.172235
vt 0.331246 1.176196
vt 0.331246 1.167915
vt 0.325245 1.149028
vt 0.331246 1.152805
vt 0.331246 1.160350
vt 0.325245 1.156389
vt 0.325245 1.172235
vt 0.325245 1.173713
vt 0.331246 1.177706
vt 0.331246 1.176196
vt 0.325245 1.156389
vt 0.331246 1.160350
vt 0.331246 1.161733
vt 0.325245 1.157740
vt 0.325245 1.173713
vt 0.325245 1.168516
vt 0.331246 1.172388
vt 0.331246 1.177706
vt 0.325245 1.157740
vt 0.331246 1.161733
vt 0.331246 1.156900
vt 0.325245 1.153028
vt 0.325245 1.168516
vt 0.325245 1.156843
vt 0.331246 1.160444
vt 0.331246 1.172388
vt 0.325245 1.153028
vt 0.331246 1.156900
vt 0.331246 1.146038
vt 0.325246 1.142437
vt 0.325245 1.156843
vt 0.325246 1.139142
vt 0.331246 1.142335
vt 0.331246 1.160444
vt 0.325246 1.142437
vt 0.331246 1.146038
vt 0.331246 1.129564
vt 0.325246 1.126371
vt 0.325246 1.139142
vt 0.325246 1.116094
vt 0.331246 1.118756
vt 0.331246 1.142335
vt 0.325246 1.126371
vt 0.331246 1.129564
vt 0.331246 1.108110
vt 0.325246 1.105449
vt 0.325246 1.116094
vt 0.325246 1.088585
vt 0.331246 1.090613
vt 0.331246 1.118756
vt 0.325246 1.105449
vt 0.331246 1.108110
vt 0.331246 1.082502
vt 0.325246 1.080474
vt 0.325246 1.088585
vt 0.325246 1.057672
vt 0.331246 1.058988
vt 0.331246 1.090613
vt 0.325246 1.080474
vt 0.331246 1.082502
vt 0.331246 1.053724
vt 0.325246 1.052408
vt 0.325246 1.057672
vt 0.325246 1.024542
vt 0.331246 1.025096
vt 0.331246 1.058988
vt 0.325246 1.052408
vt 0.331246 1.053724
vt 0.331246 1.022880
vt 0.325246 1.022327
vt 0.325246 1.024542
vt 0.325246 0.990469
vt 0.331246 0.990239
vt 0.331246 1.025096
vt 0.325246 1.022327
vt 0.331246 1.022880
vt 0.331246 0.991158
vt 0.325246 0.991388
vt 0.331246 0.990239
vt 0.331246 0.955758
vt 0.355246 0.955758
vt 0.355246 0.990239
vt 0.331246 0.991158
vt 0.355246 0.991158
vt 0.355246 0.959775
vt 0.331246 0.959775
vt 0.331246 0.955758
vt 0.331246 0.922977
vt 0.355246 0.922977
vt 0.355246 0.955758
vt 0.331246 0.959775
vt 0.355246 0.959775
vt 0.355246 0.929939
vt 0.331246 0.929939
vt 0.331246 0.922977
vt 0.331246 0.893156
vt 0.355246 0.893156
vt 0.355246 0.922977
vt 0.331246 0.929939
vt 0.355246 0.929939
vt 0.355246 0.902794
vt 0.331246 0.902794
vt 0.331246 0.893156
vt 0.331246 0.867441
vt 0.355246 0.867441
vt 0.355246 0.893156
vt 0.331246 0.902794
vt 0.355246 0.902794
vt 0.355246 0.879385
vt 0.331246 0.879385
vt 0.331246 0.867441
vt 0.331246 0.846820
vt 0.355246 0.846820
vt 0.355246 0.867441
vt 0.331246 0.879385
vt 0.355246 0.879385
vt 0.355246 0.860612
vt 0.331246 0.860612
vt 0.331246 0.846820
vt 0.331246 0.832086
vt 0.355246 0.832086
vt 0.355246 0.846820
vt 0.331246 0.860612
vt 0.355246 0.860612
vt 0.355246 0.847195
vt 0.331246 0.847195
vt 0.331246 0.832086
vt 0.331246 0.823804
vt 0.355246 0.823804
vt 0.355246 0.832086
vt 0.331246 0.847195
vt 0.355246 0.847195
vt 0.355246 0.839650
vt 0.331246 0.839650
vt 0.331246 0.823804
vt 0.331246 0.822294
vt 0.355246 0.822294
vt 0.355246 0.823804
vt 0.331246 0.839650
vt 0.355246 0.839650
vt 0.355246 0.838267
vt 0.331246 0.838267
vt 0.331246 0.822294
vt 0.331246 0.827613
vt 0.355246 0.827613
vt 0.355246 0.822294
vt 0.331246 0.838267
vt 0.355246 0.838267
vt 0.355246 0.843100
vt 0.331246 0.843100
vt 0.331246 0.827613
vt 0.331246 0.839556
vt 0.355246 0.839556
vt 0.355246 0.827613
vt 0.331246 0.843100
vt 0.355246 0.843100
vt 0.355246 0.853962
vt 0.331246 0.853962
vt 0.331246 0.839556
vt 0.331246 0.857666
vt 0.355246 0.857666
vt 0.355246 0.839556
vt 0.331246 0.853962
vt 0.355246 0.853962
vt 0.355246 0.870437
vt 0.331246 0.870437
vt 0.331246 0.857666
vt 0.331246 0.881245
vt 0.355246 0.881245
vt 0.355246 0.857666
vt 0.331246 0.870437
vt 0.355246 0.870437
vt 0.355246 0.891890
vt 0.331246 0.891890
vt 0.331246 0.881245
vt 0.331246 0.909388
vt 0.355246 0.909388
vt 0.355246 0.881245
vt 0.331246 0.891890
vt 0.355246 0.891890
vt 0.355246 0.917498
vt 0.331246 0.917498
vt 0.331246 0.909388
vt 0.331246 0.941013
vt 0.355246 0.941013
vt 0.355246 0.909388
vt 0.331246 0.917498
vt 0.355246 0.917498
vt 0.355246 0.946277
vt 0.331246 0.946277
vt 0.331246 0.941013
vt 0.331246 0.974905
vt 0.355246 0.974905
vt 0.355246 0.941013
vt 0.331246 0.946277
vt 0.355246 0.946277
vt 0.355246 0.977120
vt 0.331246 0.977120
vt 0.331246 0.974905
vt 0.331246 1.009761
vt 0.355246 1.009761
vt 0.355246 0.974905
vt 0.331246 0.977120
vt 0.355246 0.977120
vt 0.355246 1.008842
vt 0.331246 1.008842
vt 0.331246 1.009761
vt 0.331246 1.044242
vt 0.355246 1.044242
vt 0.355246 1.009761
vt 0.331246 1.008842
vt 0.355246 1.008842
vt 0.355246 1.040225
vt 0.331246 1.040225
vt 0.331246 1.044242
vt 0.331246 1.077023
vt 0.355246 1.077023
vt 0.355246 1.044242
vt 0.331246 1.040225
vt 0.355246 1.040225
vt 0.355246 1.070062
vt 0.331246 1.070062
vt 0.331246 1.077023
vt 0.331246 1.106844
vt 0.355246 1.106844
vt 0.355246 1.077023
vt 0.331246 1.070062
vt 0.355246 1.070062
vt 0.355246 1.097206
vt 0.331246 1.097206
vt 0.331246 1.106844
vt 0.331246 1.132560
vt 0.355246 1.132560
vt 0.355246 1.106844
vt 0.331246 1.097206
vt 0.355246 1.097206
vt 0.355246 1.120615
vt 0.331246 1.120615
vt 0.331246 1.132560
vt 0.331246 1.153180
vt 0.355246 1.153180
vt 0.355246 1.132560
vt 0.331246 1.120615
vt 0.355246 1.120615
vt 0.355246 1.139389
vt 0.331246 1.139388
vt 0.331246 1.153180
vt 0.331246 1.167915
vt 0.355246 1.167915
vt 0.355246 1.153180
vt 0.331246 1.139388
vt 0.355246 1.139389
vt 0.355246 1.152806
vt 0.331246 1.152805
vt 0.331246 1.167915
vt 0.331246 1.176196
vt 0.355246 1.176196
vt 0.355246 1.167915
vt 0.331246 1.152805
vt 0.355246 1.152806
vt 0.355246 1.160350
vt 0.331246 1.160350
vt 0.331246 1.176196
vt 0.331246 1.177706
vt 0.355246 1.177706
vt 0.355246 1.176196
vt 0.331246 1.160350
vt 0.355246 1.160350
vt 0.355246 1.161733
vt 0.331246 1.161733
vt 0.331246 1.177706
vt 0.331246 1.172388
vt 0.355246 1.172388
vt 0.355246 1.177706
vt 0.331246 1.161733
vt 0.355246 1.161733
vt 0.355246 1.156900
vt 0.331246 1.156900
vt 0.331246 1.172388
vt 0.331246 1.160444
vt 0.355246 1.160444
vt 0.355246 1.172388
vt 0.331246 1.156900
vt 0.355246 1.156900
vt 0.355246 1.146038
vt 0.331246 1.146038
vt 0.331246 1.160444
vt 0.331246 1.142335
vt 0.355246 1.142335
vt 0.355246 1.160444
vt 0.331246 1.146038
vt 0.355246 1.146038
vt 0.355246 1.129564
vt 0.331246 1.129564
vt 0.331246 1.142335
vt 0.331246 1.118756
vt 0.355246 1.118756
vt 0.355246 1.142335
vt 0.331246 1.129564
vt 0.355246 1.129564
vt 0.355246 1.108110
vt 0.331246 1.108110
vt 0.331246 1.118756
vt 0.331246 1.090613
vt 0.355246 1.090613
vt 0.355246 1.118756
vt 0.331246 1.108110
vt 0.355246 1.108110
vt 0.355246 1.082502
vt 0.331246 1.082502
vt 0.331246 1.090613
vt 0.331246 1.058988
vt 0.355246 1.058988
vt 0.355246 1.090613
vt 0.331246 1.082502
vt 0.355246 1.082502
vt 0.355246 1.053724
vt 0.331246 1.053724
vt 0.331246 1.058988
vt 0.331246 1.025096
vt 0.355246 1.025096
vt 0.355246 1.058988
vt 0.331246 1.053724
vt 0.355246 1.053724
vt 0.355246 1.022880
vt 0.331246 1.022880
vt 0.331246 1.025096
vt 0.331246 0.990239
vt 0.355246 0.990239
vt 0.355246 1.025096
vt 0.331246 1.022880
vt 0.355246 1.022880
vt 0.355246 0.991158
vt 0.331246 0.991158
vt 0.355246 0.990239
vt 0.355246 0.955758
vt 0.361246 0.956762
vt 0.361246 0.990469
vt 0.355246 0.991158
vt 0.361246 0.991388
vt 0.361246 0.960780
vt 0.355246 0.959775
vt 0.355246 0.955758
vt 0.355246 0.922977
vt 0.361246 0.924717
vt 0.361246 0.956762
vt 0.355246 0.959775
vt 0.361246 0.960780
vt 0.361246 0.931679
vt 0.355246 0.929939
vt 0.355246 0.922977
vt 0.355246 0.893156
vt 0.361246 0.895566
vt 0.361246 0.924717
vt 0.355246 0.929939
vt 0.361246 0.931679
vt 0.361246 0.905204
vt 0.355246 0.902794
vt 0.355246 0.893156
vt 0.355246 0.867441
vt 0.361246 0.870427
vt 0.361246 0.895566
vt 0.355246 0.902794
vt 0.361246 0.905204
vt 0.361246 0.882372
vt 0.355246 0.879385
vt 0.355246 0.867441
vt 0.355246 0.846820
vt 0.361246 0.850268
vt 0.361246 0.870427
vt 0.355246 0.879385
vt 0.361246 0.882372
vt 0.361246 0.864060
vt 0.355246 0.860612
vt 0.355246 0.846820
vt 0.355246 0.832086
vt 0.361246 0.835863
vt 0.361246 0.850268
vt 0.355246 0.860612
vt 0.361246 0.864060
vt 0.361246 0.850972
vt 0.355246 0.847195
vt 0.355246 0.832086
vt 0.355246 0.823804
vt 0.361246 0.827766
vt 0.361246 0.835863
vt 0.355246 0.847195
vt 0.361246 0.850972
vt 0.361246 0.843612
vt 0.355246 0.839650
vt 0.355246 0.823804
vt 0.355246 0.822294
vt 0.361246 0.826287
vt 0.361246 0.827766
vt 0.355246 0.839650
vt 0.361246 0.843612
vt 0.361246 0.842261
vt 0.355246 0.838267
vt 0.355246 0.822294
vt 0.355246 0.827613
vt 0.361246 0.831485
vt 0.361246 0.826287
vt 0.355246 0.838267
vt 0.361246 0.842261
vt 0.361246 0.846972
vt 0.355246 0.843100
vt 0.355246 0.827613
vt 0.355246 0.839556
vt 0.361246 0.843158
vt 0.361246 0.831485
vt 0.355246 0.843100
vt 0.361246 0.846972
vt 0.361246 0.857564
vt 0.355246 0.853962
vt 0.355246 0.839556
vt 0.355246 0.857666
vt 0.361246 0.860858
vt 0.361246 0.843158
vt 0.355246 0.853962
vt 0.361246 0.857564
vt 0.361246 0.873630
vt 0.355246 0.870437
vt 0.355246 0.857666
vt 0.355246 0.881245
vt 0.361246 0.883906
vt 0.361246 0.860858
vt 0.355246 0.870437
vt 0.361246 0.873630
vt 0.361246 0.894552
vt 0.355246 0.891890
vt 0.355246 0.881245
vt 0.355246 0.909388
vt 0.361246 0.911415
vt 0.361246 0.883906
vt 0.355246 0.891890
vt 0.361246 0.894552
vt 0.361246 0.919526
vt 0.355246 0.917498
vt 0.355246 0.909388
vt 0.355246 0.941013
vt 0.361246 0.942329
vt 0.361246 0.911415
vt 0.355246 0.917498
vt 0.361246 0.919526
vt 0.361246 0.947593
vt 0.355246 0.946277
vt 0.355246 0.941013
vt 0.355246 0.974905
vt 0.361246 0.975459
vt 0.361246 0.942329
vt 0.355246 0.946277
vt 0.361246 0.947593
vt 0.361246 0.977674
vt 0.355246 0.977120
vt 0.355246 0.974905
vt 0.355246 1.009761
vt 0.361246 1.009531
vt 0.361246 0.975459
vt 0.355246 0.977120
vt 0.361246 0.977674
vt 0.361246 1.008613
vt 0.355246 1.008842
vt 0.355246 1.009761
vt 0.355246 1.044242
vt 0.361246 1.043238
vt 0.361246 1.009531
vt 0.355246 1.008842
vt 0.361246 1.008613
vt 0.361246 1.039221
vt 0.355246 1.040225
vt 0.355246 1.044242
vt 0.355246 1.077023
vt 0.361246 1.075283
vt 0.361246 1.043238
vt 0.355246 1.040225
vt 0.361246 1.039221
vt 0.361246 1.068321
vt 0.355246 1.070062
vt 0.355246 1.077023
vt 0.355246 1.106844
vt 0.361246 1.104435
vt 0.361246 1.075283
vt 0.355246 1.070062
vt 0.361246 1.068321
vt 0.361246 1.094797
vt 0.355246 1.097206
vt 0.355246 1.106844
vt 0.355246 1.132560
vt 0.361246 1.129573
vt 0.361246 1.104435
vt 0.355246 1.097206
vt 0.361246 1.094797
vt 0.361246 1.117629
vt 0.355246 1.120615
vt 0.355246 1.132560
vt 0.355246 1.153180
vt 0.361246 1.149732
vt 0.361246 1.129573
vt 0.355246 1.120615
vt 0.361246 1.117629
vt 0.361246 1.135941
vt 0.355246 1.139389
vt 0.355246 1.153180
vt 0.355246 1.167915
vt 0.361246 1.164137
vt 0.361246 1.149732
vt 0.355246 1.139389
vt 0.361246 1.135941
vt 0.361246 1.149028
vt 0.355246 1.152806
vt 0.355246 1.167915
vt 0.355246 1.176196
vt 0.361246 1.172235
vt 0.361246 1.164137
vt 0.355246 1.152806
vt 0.361246 1.149028
vt 0.361246 1.156389
vt 0.355246 1.160350
vt 0.355246 1.176196
vt 0.355246 1.177706
vt 0.361246 1.173713
vt 0.361246 1.172235
vt 0.355246 1.160350
vt 0.361246 1.156389
vt 0.361246 1.157740
vt 0.355246 1.161733
vt 0.355246 1.177706
vt 0.355246 1.172388
vt 0.361246 1.168516
vt 0.361246 1.173713
vt 0.355246 1.161733
vt 0.361246 1.157740
vt 0.361246 1.153028
vt 0.355246 1.156900
vt 0.355246 1.172388
vt 0.355246 1.160444
vt 0.361246 1.156843
vt 0.361246 1.168516
vt 0.355246 1.156900
vt 0.361246 1.153028
vt 0.361246 1.142437
vt 0.355246 1.146038
vt 0.355246 1.160444
vt 0.355246 1.142335
vt 0.361246 1.139142
vt 0.361246 1.156843
vt 0.355246 1.146038
vt 0.361246 1.142437
vt 0.361246 1.126371
vt 0.355246 1.129564
vt 0.355246 1.142335
vt 0.355246 1.118756
vt 0.361246 1.116094
vt 0.361246 1.139142
vt 0.355246 1.129564
vt 0.361246 1.126371
vt 0.361246 1.105449
vt 0.355246 1.108110
vt 0.355246 1.118756
vt 0.355246 1.090613
vt 0.361246 1.088585
vt 0.361246 1.116094
vt 0.355246 1.108110
vt 0.361246 1.105449
vt 0.361246 1.080474
vt 0.355246 1.082502
vt 0.355246 1.090613
vt 0.355246 1.058988
vt 0.361246 1.057672
vt 0.361246 1.088585
vt 0.355246 1.082502
vt 0.361246 1.080474
vt 0.361246 1.052408
vt 0.355246 1.053724
vt 0.355246 1.058988
vt 0.355246 1.025096
vt 0.361246 1.024542
vt 0.361246 1.057672
vt 0.355246 1.053724
vt 0.361246 1.052408
vt 0.361246 1.022327
vt 0.355246 1.022880
vt 0.355246 1.025096
vt 0.355246 0.990239
vt 0.361246 0.990469
vt 0.361246 1.024542
vt 0.355246 1.022880
vt 0.361246 1.022327
vt 0.361246 0.991388
vt 0.355246 0.991158
vt -0.082863 1.004766
vt -0.074876 1.004306
vt -0.072553 1.019610
vt -0.080296 1.021619
vt 0.082863 1.004766
vt 0.080296 1.021619
vt 0.072553 1.019610
vt 0.074876 1.004306
vt -0.080296 1.021619
vt -0.072553 1.019610
vt -0.067441 1.034161
vt -0.074644 1.037641
vt 0.080296 1.021619
vt 0.074644 1.037641
vt 0.067441 1.034161
vt 0.072553 1.019610
vt -0.074644 1.037641
vt -0.067441 1.034161
vt -0.059737 1.047398
vt -0.066123 1.052217
vt 0.074644 1.037641
vt 0.066123 1.052217
vt 0.059737 1.047398
vt 0.067441 1.034161
vt -0.066123 1.052217
vt -0.059737 1.047398
vt -0.049738 1.058814
vt -0.055061 1.064787
vt 0.066123 1.052217
vt 0.055061 1.064787
vt 0.049738 1.058814
vt 0.059737 1.047398
vt -0.055061 1.064787
vt -0.049738 1.058814
vt -0.037828 1.067970
vt -0.041883 1.074866
vt 0.055061 1.064787
vt 0.041883 1.074866
vt 0.037828 1.067970
vt 0.049738 1.058814
vt -0.041883 1.074866
vt -0.037828 1.067970
vt -0.024463 1.074514
vt -0.027095 1.082069
vt 0.041883 1.074866
vt 0.027095 1.082069
vt 0.024463 1.074514
vt 0.037828 1.067970
vt -0.027095 1.082069
vt -0.024463 1.074514
vt -0.010159 1.078194
vt -0.011267 1.086117
vt 0.027095 1.082069
vt 0.011267 1.086117
vt 0.010159 1.078194
vt 0.024463 1.074514
vt -0.011267 1.086117
vt -0.010159 1.078194
vt 0.004536 1.078870
vt 0.004995 1.086856
vt 0.011267 1.086117
vt -0.004995 1.086856
vt -0.004536 1.078870
vt 0.010159 1.078194
vt 0.004995 1.086856
vt 0.004536 1.078870
vt 0.019056 1.076514
vt 0.021065 1.084258
vt -0.004995 1.086856
vt -0.021065 1.084258
vt -0.019056 1.076514
vt -0.004536 1.078870
vt 0.021065 1.084258
vt 0.019056 1.076514
vt 0.032845 1.071218
vt 0.036325 1.078421
vt -0.021065 1.084258
vt -0.036325 1.078421
vt -0.032845 1.071218
vt -0.019056 1.076514
vt 0.036325 1.078421
vt 0.032845 1.071218
vt 0.045371 1.063185
vt 0.050190 1.069571
vt -0.036325 1.078421
vt -0.050190 1.069571
vt -0.045371 1.063185
vt -0.032845 1.071218
vt 0.050190 1.069571
vt 0.045371 1.063185
vt 0.056153 1.052724
vt 0.062125 1.058047
vt -0.050190 1.069571
vt -0.062125 1.058047
vt -0.056153 1.052724
vt -0.045371 1.063185
vt 0.062125 1.058047
vt 0.056153 1.052724
vt 0.064777 1.040237
vt 0.071673 1.044292
vt -0.062125 1.058047
vt -0.071673 1.044292
vt -0.064777 1.040237
vt -0.056153 1.052724
vt 0.071673 1.044292
vt 0.064777 1.040237
vt 0.070912 1.026204
vt 0.078467 1.028836
vt -0.071673 1.044292
vt -0.078467 1.028836
vt -0.070912 1.026204
vt -0.064777 1.040237
vt 0.078467 1.028836
vt 0.070912 1.026204
vt 0.074322 1.011163
vt 0.082245 1.012271
vt -0.078467 1.028836
vt -0.082245 1.012271
vt -0.074322 1.011163
vt -0.070912 1.026204
vt 0.082245 1.012271
vt 0.074322 1.011163
vt 0.074876 0.995694
vt 0.082863 0.995234
vt -0.082245 1.012271
vt -0.082863 0.995234
vt -0.074876 0.995694
vt -0.074322 1.011163
vt 0.082863 0.995234
vt 0.074876 0.995694
vt 0.072553 0.980390
vt 0.080296 0.978381
vt -0.082863 0.995234
vt -0.080296 0.978381
vt -0.072553 0.980390
vt -0.074876 0.995694
vt 0.080296 0.978381
vt 0.072553 0.980390
vt 0.067441 0.965839
vt 0.074644 0.962359
vt -0.080296 0.978381
vt -0.074644 0.962359
vt -0.067441 0.965839
vt -0.072553 0.980390
vt 0.074644 0.962359
vt 0.067441 0.965839
vt 0.059737 0.952602
vt 0.066123 0.947783
vt -0.074644 0.962359
vt -0.066123 0.947783
vt -0.059737 0.952602
vt -0.067441 0.965839
vt 0.066123 0.947783
vt 0.059737 0.952602
vt 0.049738 0.941186
vt 0.055061 0.935213
vt -0.066123 0.947783
vt -0.055061 0.935213
vt -0.049738 0.941186
vt -0.059737 0.952602
vt 0.055061 0.935213
vt 0.049738 0.941186
vt 0.037828 0.932030
vt 0.041883 0.925134
vt -0.055061 0.935213
vt -0.041883 0.925134
vt -0.037828 0.932030
vt -0.049738 0.941186
vt 0.041883 0.925134
vt 0.037828 0.932030
vt 0.024463 0.925486
vt 0.027095 0.917931
vt -0.041883 0.925134
vt -0.027095 0.917931
vt -0.024463 0.925486
vt -0.037828 0.932030
vt 0.027095 0.917931
vt 0.024463 0.925486
vt 0.010159 0.921806
vt 0.011267 0.913883
vt -0.027095 0.917931
vt -0.011267 0.913883
vt -0.010159 0.921806
vt -0.024463 0.925486
vt 0.011267 0.913883
vt 0.010159 0.921806
vt -0.004536 0.921130
vt -0.004995 0.913144
vt -0.011267 0.913883
vt 0.004995 0.913144
vt 0.004536 0.921130
vt -0.010159 0.921806
vt -0.004995 0.913144
vt -0.004536 0.921130
vt -0.019056 0.923486
vt -0.021065 0.915742
vt 0.004995 0.913144
vt 0.021065 0.915742
vt 0.019056 0.923486
vt 0.004536 0.921130
vt -0.021065 0.915742
vt -0.019056 0.923486
vt -0.032845 0.928782
vt -0.036325 0.921579
vt 0.021065 0.915742
vt 0.036325 0.921579
vt 0.032845 0.928782
vt 0.019056 0.923486
vt -0.036325 0.921579
vt -0.032845 0.928782
vt -0.045371 0.936815
vt -0.050190 0.930429
vt 0.036325 0.921579
vt 0.050190 0.930429
vt 0.045371 0.936815
vt 0.032845 0.928782
vt -0.050190 0.930429
vt -0.045371 0.936815
vt -0.056153 0.947276
vt -0.062125 0.941953
vt 0.050190 0.930429
vt 0.062125 0.941953
vt 0.056153 0.947276
vt 0.045371 0.936815
vt -0.062125 0.941953
vt -0.056153 0.947276
vt -0.064777 0.959763
vt -0.071673 0.955708
vt 0.062125 0.941953
vt 0.071673 0.955708
vt 0.064777 0.959763
vt 0.056153 0.947276
vt -0.071673 0.955708
vt -0.064777 0.959763
vt -0.070912 0.973796
vt -0.078467 0.971164
vt 0.071673 0.955708
vt 0.078467 0.971164
vt 0.070912 0.973796
vt 0.064777 0.959763
vt -0.078467 0.971164
vt -0.070912 0.973796
vt -0.074322 0.988837
vt -0.082245 0.987729
vt 0.078467 0.971164
vt 0.082245 0.987729
vt 0.074322 0.988837
vt 0.070912 0.973796
vt -0.082245 0.987729
vt -0.074322 0.988837
vt -0.074876 1.004306
vt -0.082863 1.004766
vt 0.082245 0.987729
vt 0.082863 1.004766
vt 0.074876 1.004306
vt 0.074322 0.988837
vt 0.162623 0.917364
vt 0.165623 0.915373
vt 0.165623 0.923338
vt 0.162623 0.925329
vt -0.162623 0.925329
vt -0.165623 0.923338
vt -0.165623 0.915373
vt -0.162623 0.917364
vt 0.165623 0.915374
vt 0.177623 0.915374
vt 0.177623 0.923338
vt 0.165623 0.923338
vt -0.165623 0.923338
vt -0.177623 0.923338
vt -0.177623 0.915374
vt -0.165623 0.915374
vt 0.177623 0.915374
vt 0.180623 0.917365
vt 0.180623 0.925330
vt 0.177623 0.923338
vt -0.177623 0.923338
vt -0.180623 0.925330
vt -0.180623 0.917365
vt -0.177623 0.915374
vt 0.008447 1.097135
vt 0.001575 1.096745
vt 0.002426 1.081769
vt 0.009298 1.082160
vt 0.028933 1.098109
vt 0.022059 1.097757
vt 0.022827 1.082777
vt 0.029701 1.083129
vt 0.046944 1.098489
vt 0.040066 1.098209
vt 0.040676 1.083222
vt 0.047553 1.083501
vt 0.060711 1.098118
vt 0.053830 1.097938
vt 0.054222 1.082943
vt 0.061103 1.083123
vt 0.068870 1.097124
vt 0.061987 1.097062
vt 0.062122 1.082062
vt 0.069005 1.082124
vt 0.070607 1.095869
vt 0.063724 1.095931
vt 0.063589 1.080931
vt 0.070472 1.080869
vt 0.065749 1.094816
vt 0.058868 1.094996
vt 0.058476 1.080001
vt 0.065357 1.079821
vt 0.054786 1.094352
vt 0.047909 1.094631
vt 0.047299 1.079644
vt 0.054176 1.079364
vt 0.038810 1.094638
vt 0.031936 1.094990
vt 0.031169 1.080010
vt 0.038043 1.079658
vt 0.019393 1.095554
vt 0.012521 1.095944
vt 0.011670 1.080968
vt 0.018542 1.080578
vt -0.001575 1.096745
vt -0.008447 1.097135
vt -0.009298 1.082160
vt -0.002426 1.081769
vt -0.022059 1.097757
vt -0.028933 1.098109
vt -0.029701 1.083129
vt -0.022827 1.082777
vt -0.040066 1.098209
vt -0.046944 1.098489
vt -0.047553 1.083501
vt -0.040676 1.083222
vt -0.053830 1.097938
vt -0.060711 1.098118
vt -0.061103 1.083123
vt -0.054222 1.082943
vt -0.061987 1.097062
vt -0.068870 1.097124
vt -0.069005 1.082124
vt -0.062122 1.082062
vt -0.063724 1.095931
vt -0.070607 1.095869
vt -0.070472 1.080869
vt -0.063589 1.080931
vt -0.058868 1.094996
vt -0.065749 1.094816
vt -0.065357 1.079821
vt -0.058476 1.080001
vt -0.047909 1.094631
vt -0.054786 1.094352
vt -0.054176 1.079364
vt -0.047299 1.079644
vt -0.031936 1.094990
vt -0.038810 1.094638
vt -0.038043 1.079658
vt -0.031169 1.080010
vt -0.012521 1.095944
vt -0.019393 1.095554
vt -0.018542 1.080578
vt -0.011670 1.080968
vt -0.088049 0.993202
vt -0.084924 0.987069
vt -0.080057 0.982202
vt -0.073925 0.979077
vt -0.067126 0.978000
vt -0.060328 0.979077
vt -0.054195 0.982202
vt -0.049328 0.987069
vt -0.046203 0.993202
vt -0.045126 1.000000
vt -0.046203 1.006798
vt -0.049328 1.012931
vt -0.054195 1.017798
vt -0.060328 1.020923
vt -0.067126 1.022000
vt -0.073924 1.020923
vt -0.080057 1.017798
vt -0.084924 1.012931
vt -0.088049 1.006798
vt -0.089126 1.000000
vt 0.089126 1.000000
vt 0.088049 1.006798
vt 0.084924 1.012931
vt 0.080057 1.017798
vt 0.073924 1.020923
vt 0.067126 1.022000
vt 0.060328 1.020923
vt 0.054195 1.017798
vt 0.049328 1.012931
vt 0.046203 1.006798
vt 0.045126 1.000000
vt 0.046203 0.993202
vt 0.049328 0.987069
vt 0.054195 0.982202
vt 0.060328 0.979077
vt 0.067126 0.978000
vt 0.073925 0.979077
vt 0.080057 0.982202
vt 0.084924 0.987069
vt 0.088049 0.993202
vt 0.051527 0.918933
vt 0.052002 0.921485
vt 0.049053 0.922034
vt 0.048578 0.919482
vt 0.064632 0.985602
vt 0.064816 0.988191
vt 0.061823 0.988404
vt 0.061639 0.985814
vt 0.068480 1.050103
vt 0.068629 1.052694
vt 0.065634 1.052867
vt 0.065485 1.050275
vt 0.072174 1.091693
vt 0.072358 1.094282
vt 0.069365 1.094495
vt 0.069181 1.091906
vt 0.083015 1.088120
vt 0.083490 1.090672
vt 0.080540 1.091221
vt 0.080065 1.088669
vt -0.052002 0.921485
vt -0.051527 0.918933
vt -0.048578 0.919482
vt -0.049053 0.922034
vt -0.064816 0.988191
vt -0.064632 0.985602
vt -0.061639 0.985814
vt -0.061823 0.988404
vt -0.068629 1.052694
vt -0.068480 1.050103
vt -0.065485 1.050275
vt -0.065634 1.052867
vt -0.072358 1.094282
vt -0.072174 1.091693
vt -0.069181 1.091906
vt -0.069365 1.094495
vt -0.083490 1.090672
vt -0.083015 1.088120
vt -0.080065 1.088669
vt -0.080540 1.091221
vt 0.092943 1.051852
vt 0.094469 1.053952
vt 0.094469 1.056548
vt 0.092943 1.058648
vt 0.090474 1.059450
vt 0.088006 1.058648
vt 0.086480 1.056548
vt 0.086480 1.053952
vt 0.088006 1.051852
vt 0.090474 1.051050
vt -0.090474 1.051050
vt -0.088006 1.051852
vt -0.086480 1.053952
vt -0.086480 1.056548
vt -0.088006 1.058648
vt -0.090474 1.059450
vt -0.092943 1.058648
vt -0.094469 1.056548
vt -0.094469 1.053952
vt -0.092943 1.051852
vt -0.089974 1.065390
vt -0.089974 1.066190
vt -0.090974 1.066190
vt -0.090974 1.065390
vt 0.090974 1.065390
vt 0.090974 1.066190
vt 0.089974 1.066190
vt 0.089974 1.065390
vt -0.089974 1.057350
vt -0.090974 1.057350
vt -0.090974 1.053150
vt -0.089974 1.053150
vt 0.089974 1.053150
vt 0.090974 1.053150
vt 0.090974 1.057350
vt 0.089974 1.057350
vt 0.068575 1.053501
vt 0.068334 1.049308
vt 0.069133 1.049262
vt 0.069374 1.053455
vt -0.069374 1.053455
vt -0.069133 1.049262
vt -0.068334 1.049308
vt -0.068575 1.053501
vt 0.018542 0.919422
vt 0.011670 0.919032
vt 0.012521 0.904056
vt 0.019393 0.904446
vt 0.038043 0.920343
vt 0.031168 0.919990
vt 0.031936 0.905010
vt 0.038810 0.905362
vt 0.054176 0.920636
vt 0.047299 0.920356
vt 0.047908 0.905369
vt 0.054786 0.905648
vt 0.065357 0.920179
vt 0.058476 0.919999
vt 0.058868 0.905004
vt 0.065749 0.905184
vt 0.070472 0.919131
vt 0.063589 0.919069
vt 0.063724 0.904069
vt 0.070607 0.904131
vt 0.069005 0.917876
vt 0.062122 0.917938
vt 0.061987 0.902938
vt 0.068870 0.902876
vt 0.061103 0.916877
vt 0.054222 0.917057
vt 0.053830 0.902062
vt 0.060711 0.901882
vt 0.047553 0.916499
vt 0.040676 0.916778
vt 0.040066 0.901791
vt 0.046944 0.901511
vt 0.029701 0.916871
vt 0.022827 0.917223
vt 0.022059 0.902243
vt 0.028933 0.901891
vt 0.009298 0.917840
vt 0.002426 0.918231
vt 0.001575 0.903255
vt 0.008447 0.902865
vt -0.011670 0.919032
vt -0.018542 0.919422
vt -0.019393 0.904446
vt -0.012521 0.904056
vt -0.031168 0.919990
vt -0.038043 0.920343
vt -0.038810 0.905362
vt -0.031936 0.905010
vt -0.047299 0.920356
vt -0.054176 0.920636
vt -0.054786 0.905648
vt -0.047909 0.905369
vt -0.058476 0.919999
vt -0.065357 0.920179
vt -0.065749 0.905184
vt -0.058868 0.905004
vt -0.063589 0.919069
vt -0.070472 0.919131
vt -0.070607 0.904131
vt -0.063724 0.904069
vt -0.062122 0.917938
vt -0.069005 0.917876
vt -0.068870 0.902876
vt -0.061987 0.902938
vt -0.054222 0.917057
vt -0.061103 0.916877
vt -0.060711 0.901882
vt -0.053830 0.902062
vt -0.040676 0.916778
vt -0.047553 0.916499
vt -0.046944 0.901511
vt -0.040066 0.901791
vt -0.022827 0.917223
vt -0.029701 0.916871
vt -0.028933 0.901891
vt -0.022059 0.902243
vt -0.002426 0.918231
vt -0.009298 0.917840
vt -0.008447 0.902865
vt -0.001575 0.903255
vt -0.088049 0.993202
vt -0.084925 0.987069
vt -0.080057 0.982202
vt -0.073925 0.979077
vt -0.067126 0.978000
vt -0.060328 0.979077
vt -0.054195 0.982202
vt -0.049328 0.987069
vt -0.046203 0.993202
vt -0.045126 1.000000
vt -0.046203 1.006798
vt -0.049328 1.012931
vt -0.054195 1.017798
vt -0.060328 1.020923
vt -0.067126 1.022000
vt -0.073925 1.020923
vt -0.080057 1.017798
vt -0.084925 1.012931
vt -0.088049 1.006798
vt -0.089126 1.000000
vt 0.089126 1.000000
vt 0.088049 1.006798
vt 0.084925 1.012931
vt 0.080057 1.017798
vt 0.073925 1.020923
vt 0.067126 1.022000
vt 0.060328 1.020923
vt 0.054195 1.017798
vt 0.049328 1.012931
vt 0.046203 1.006798
vt 0.045126 1.000000
vt 0.046203 0.993202
vt 0.049328 0.987069
vt 0.054195 0.982202
vt 0.060328 0.979077
vt 0.067126 0.978000
vt 0.073925 0.979077
vt 0.080057 0.982202
vt 0.084925 0.987069
vt 0.088049 0.993202
vt 0.045279 0.885363
vt 0.045754 0.887915
vt 0.042805 0.888464
vt 0.042330 0.885912
vt 0.058293 0.896430
vt 0.058477 0.899019
vt 0.055484 0.899232
vt 0.055300 0.896643
vt 0.062135 0.939785
vt 0.062284 0.942377
vt 0.059289 0.942549
vt 0.059140 0.939957
vt 0.065835 1.002522
vt 0.066019 1.005111
vt 0.063026 1.005323
vt 0.062842 1.002734
vt 0.076767 1.054550
vt 0.077242 1.057102
vt 0.074293 1.057651
vt 0.073818 1.055099
vt -0.045754 0.887915
vt -0.045279 0.885363
vt -0.042330 0.885912
vt -0.042805 0.888464
vt -0.058477 0.899019
vt -0.058293 0.896430
vt -0.055300 0.896643
vt -0.055484 0.899232
vt -0.062284 0.942377
vt -0.062135 0.939785
vt -0.059140 0.939957
vt -0.059289 0.942549
vt -0.066019 1.005111
vt -0.065835 1.002522
vt -0.062842 1.002734
vt -0.063026 1.005323
vt -0.077242 1.057102
vt -0.076767 1.054550
vt -0.073818 1.055099
vt -0.074293 1.057651
vt 0.092943 0.941352
vt 0.094469 0.943452
vt 0.094469 0.946048
vt 0.092943 0.948148
vt 0.090474 0.948950
vt 0.088006 0.948148
vt 0.086480 0.946048
vt 0.086480 0.943452
vt 0.088006 0.941352
vt 0.090474 0.940550
vt -0.090474 0.940550
vt -0.088006 0.941352
vt -0.086480 0.943452
vt -0.086480 0.946048
vt -0.088006 0.948148
vt -0.090474 0.948950
vt -0.092943 0.948148
vt -0.094469 0.946048
vt -0.094469 0.943452
vt -0.092943 0.941352
vt -0.089974 1.065390
vt -0.089974 1.066190
vt -0.090974 1.066190
vt -0.090974 1.065390
vt 0.090974 1.065390
vt 0.090974 1.066190
vt 0.089974 1.066190
vt 0.089974 1.065390
vt -0.089974 0.946850
vt -0.090974 0.946850
vt -0.090974 0.942650
vt -0.089974 0.942650
vt 0.089974 0.942650
vt 0.090974 0.942650
vt 0.090974 0.946850
vt 0.089974 0.946850
vt 0.062230 0.943183
vt 0.061989 0.938990
vt 0.062788 0.938944
vt 0.063029 0.943137
vt -0.063029 0.943137
vt -0.062788 0.938944
vt -0.061989 0.938990
vt -0.062230 0.943183
vt -0.060000 0.862080
vt -0.060000 0.857246
vt 0.000000 0.805696
vt 0.000000 0.812275
vt -0.060000 0.883151
vt 0.000000 0.833346
vt 0.000000 0.827505
vt -0.060000 0.879055
vt -0.060000 0.857246
vt -0.060000 0.856058
vt 0.000000 0.804079
vt 0.000000 0.805696
vt -0.060000 0.879055
vt 0.000000 0.827505
vt 0.000000 0.826070
vt -0.060000 0.878049
vt -0.060000 0.856058
vt -0.060000 0.858547
vt 0.000000 0.807466
vt 0.000000 0.804079
vt -0.060000 0.878049
vt 0.000000 0.826070
vt 0.000000 0.829077
vt -0.060000 0.880158
vt -0.060000 0.858547
vt -0.060000 0.864648
vt 0.000000 0.815771
vt 0.000000 0.807466
vt -0.060000 0.880158
vt 0.000000 0.829077
vt 0.000000 0.836450
vt -0.060000 0.885327
vt -0.060000 0.864648
vt -0.060000 0.874207
vt 0.000000 0.828782
vt 0.000000 0.815771
vt -0.060000 0.885327
vt 0.000000 0.836450
vt 0.000000 0.848000
vt -0.060000 0.893426
vt -0.060000 0.874207
vt -0.060000 0.886979
vt 0.000000 0.846166
vt 0.000000 0.828782
vt -0.060000 0.893426
vt 0.000000 0.848000
vt 0.000000 0.863433
vt -0.060000 0.904246
vt -0.060000 0.886979
vt -0.060000 0.902638
vt 0.000000 0.867479
vt 0.000000 0.846166
vt -0.060000 0.904246
vt 0.000000 0.863433
vt 0.000000 0.882354
vt -0.060000 0.917512
vt -0.060000 0.902638
vt -0.060000 0.920783
vt 0.000000 0.892177
vt 0.000000 0.867479
vt -0.060000 0.917512
vt 0.000000 0.882354
vt 0.000000 0.904279
vt -0.060000 0.932886
vt -0.060000 0.920783
vt -0.060000 0.940952
vt 0.000000 0.919629
vt 0.000000 0.892177
vt -0.060000 0.932886
vt 0.000000 0.904279
vt 0.000000 0.928650
vt -0.060000 0.949973
vt -0.060000 0.940952
vt -0.060000 0.962629
vt 0.000000 0.949133
vt 0.000000 0.919629
vt -0.060000 0.949973
vt 0.000000 0.928650
vt 0.000000 0.954843
vt -0.060000 0.968338
vt -0.060000 0.962629
vt -0.060000 0.985260
vt 0.000000 0.979937
vt 0.000000 0.949133
vt -0.060000 0.968338
vt 0.000000 0.954843
vt 0.000000 0.982189
vt -0.060000 0.987512
vt -0.060000 0.985260
vt -0.060000 1.008268
vt -0.000000 1.011254
vt 0.000000 0.979937
vt -0.060000 0.987512
vt 0.000000 0.982189
vt -0.000000 1.009990
vt -0.060000 1.007005
vt -0.060000 1.008268
vt -0.060000 1.031065
vt -0.000000 1.042283
vt -0.000000 1.011254
vt -0.060000 1.007005
vt -0.000000 1.009990
vt -0.000000 1.037537
vt -0.060000 1.026319
vt -0.060000 1.031065
vt -0.060000 1.053068
vt -0.000000 1.072232
vt -0.000000 1.042283
vt -0.060000 1.026319
vt -0.000000 1.037537
vt -0.000000 1.064124
vt -0.060000 1.044960
vt -0.060000 1.053068
vt -0.060000 1.073716
vt -0.000000 1.100336
vt -0.000000 1.072232
vt -0.060000 1.044960
vt -0.000000 1.064124
vt -0.000000 1.089073
vt -0.060000 1.062454
vt -0.060000 1.073716
vt -0.060000 1.092481
vt -0.000000 1.125877
vt -0.000000 1.100336
vt -0.060000 1.062454
vt -0.000000 1.089073
vt -0.000000 1.111748
vt -0.060000 1.078352
vt -0.060000 1.092481
vt -0.060000 1.108884
vt -0.000000 1.148203
vt -0.000000 1.125877
vt -0.060000 1.078352
vt -0.000000 1.111748
vt -0.000000 1.131568
vt -0.060000 1.092249
vt -0.060000 1.108884
vt -0.060000 1.122506
vt -0.000000 1.166744
vt -0.000000 1.148203
vt -0.060000 1.092249
vt -0.000000 1.131568
vt -0.000000 1.148028
vt -0.060000 1.103789
vt -0.060000 1.122506
vt -0.060000 1.132998
vt -0.000000 1.181026
vt -0.000000 1.166744
vt -0.060000 1.103789
vt -0.000000 1.148028
vt -0.000000 1.160706
vt -0.060000 1.112679
vt -0.060000 1.132998
vt -0.060000 1.140094
vt -0.000000 1.190684
vt -0.000000 1.181026
vt -0.060000 1.112679
vt -0.000000 1.160706
vt -0.000000 1.169281
vt -0.060000 1.118691
vt -0.060000 1.140094
vt -0.060000 1.143612
vt -0.000000 1.195472
vt -0.000000 1.190684
vt -0.060000 1.118691
vt -0.000000 1.169281
vt -0.000000 1.173531
vt -0.060000 1.121671
vt -0.060000 1.143612
vt -0.060000 1.143461
vt -0.000000 1.195267
vt -0.000000 1.195472
vt -0.060000 1.121671
vt -0.000000 1.173531
vt -0.000000 1.173349
vt -0.060000 1.121543
vt -0.060000 1.143461
vt -0.060000 1.139646
vt -0.000000 1.190074
vt -0.000000 1.195267
vt -0.060000 1.121543
vt -0.000000 1.173349
vt -0.000000 1.168739
vt -0.060000 1.118311
vt -0.060000 1.139646
vt -0.060000 1.132265
vt -0.000000 1.180027
vt -0.000000 1.190074
vt -0.060000 1.118311
vt -0.000000 1.168739
vt -0.000000 1.159820
vt -0.060000 1.112058
vt 0.000000 0.812275
vt 0.000000 0.805696
vt 0.080000 0.785912
vt 0.080000 0.793198
vt 0.000000 0.833346
vt 0.080000 0.814269
vt 0.080000 0.807721
vt 0.000000 0.827505
vt 0.000000 0.805696
vt 0.000000 0.804079
vt 0.080000 0.784094
vt 0.080000 0.785912
vt 0.000000 0.827505
vt 0.080000 0.807721
vt 0.080000 0.806085
vt 0.000000 0.826070
vt 0.000000 0.804079
vt 0.000000 0.807466
vt 0.080000 0.787790
vt 0.080000 0.784094
vt 0.000000 0.826070
vt 0.080000 0.806085
vt 0.080000 0.809401
vt 0.000000 0.829077
vt 0.000000 0.807466
vt 0.000000 0.815771
vt 0.080000 0.796907
vt 0.080000 0.787790
vt 0.000000 0.829077
vt 0.080000 0.809401
vt 0.080000 0.817585
vt 0.000000 0.836450
vt 0.000000 0.815771
vt 0.000000 0.828782
vt 0.080000 0.811211
vt 0.080000 0.796907
vt 0.000000 0.836450
vt 0.080000 0.817585
vt 0.080000 0.830429
vt 0.000000 0.848000
vt 0.000000 0.828782
vt 0.000000 0.846166
vt 0.080000 0.830337
vt 0.080000 0.811211
vt 0.000000 0.848000
vt 0.080000 0.830429
vt 0.080000 0.847604
vt 0.000000 0.863433
vt 0.000000 0.846166
vt 0.000000 0.867479
vt 0.080000 0.853796
vt 0.080000 0.830337
vt 0.000000 0.863433
vt 0.080000 0.847604
vt 0.080000 0.868671
vt 0.000000 0.882354
vt 0.000000 0.867479
vt 0.000000 0.892177
vt 0.080000 0.880990
vt 0.080000 0.853796
vt 0.000000 0.882354
vt 0.080000 0.868671
vt 0.080000 0.893093
vt 0.000000 0.904279
vt 0.000000 0.892177
vt 0.000000 0.919629
vt 0.080000 0.911224
vt 0.080000 0.880990
vt 0.000000 0.904279
vt 0.080000 0.893093
vt 0.080000 0.920245
vt 0.000000 0.928650
vt 0.000000 0.919629
vt 0.000000 0.949133
vt 0.080000 0.943725
vt 0.080000 0.911224
vt 0.000000 0.928650
vt 0.080000 0.920245
vt 0.080000 0.949434
vt 0.000000 0.954843
vt 0.000000 0.949133
vt 0.000000 0.979937
vt 0.080000 0.977663
vt 0.080000 0.943725
vt 0.000000 0.954843
vt 0.080000 0.949434
vt 0.080000 0.979915
vt 0.000000 0.982189
vt 0.000000 0.979937
vt -0.000000 1.011254
vt 0.080000 1.012172
vt 0.080000 0.977663
vt 0.000000 0.982189
vt 0.080000 0.979915
vt 0.080000 1.010909
vt -0.000000 1.009990
vt -0.000000 1.011254
vt -0.000000 1.042283
vt 0.080000 1.046371
vt 0.080000 1.012172
vt -0.000000 1.009990
vt 0.080000 1.010909
vt 0.080000 1.041624
vt -0.000000 1.037537
vt -0.000000 1.042283
vt -0.000000 1.072232
vt 0.080000 1.079384
vt 0.080000 1.046371
vt -0.000000 1.037537
vt 0.080000 1.041624
vt 0.080000 1.071277
vt -0.000000 1.064124
vt -0.000000 1.072232
vt -0.000000 1.100336
vt 0.080000 1.110370
vt 0.080000 1.079384
vt -0.000000 1.064124
vt 0.080000 1.071277
vt 0.080000 1.099108
vt -0.000000 1.089073
vt -0.000000 1.100336
vt -0.000000 1.125877
vt 0.080000 1.138537
vt 0.080000 1.110370
vt -0.000000 1.089073
vt 0.080000 1.099108
vt 0.080000 1.124408
vt -0.000000 1.111748
vt -0.000000 1.125877
vt -0.000000 1.148203
vt 0.080000 1.163166
vt 0.080000 1.138537
vt -0.000000 1.111748
vt 0.080000 1.124408
vt 0.080000 1.146531
vt -0.000000 1.131568
vt -0.000000 1.148203
vt -0.000000 1.166744
vt 0.080000 1.183627
vt 0.080000 1.163166
vt -0.000000 1.131568
vt 0.080000 1.146531
vt 0.080000 1.164911
vt -0.000000 1.148028
vt -0.000000 1.166744
vt -0.000000 1.181026
vt 0.080000 1.199398
vt 0.080000 1.183627
vt -0.000000 1.148028
vt 0.080000 1.164911
vt 0.080000 1.179078
vt -0.000000 1.160706
vt -0.000000 1.181026
vt -0.000000 1.190684
vt 0.080000 1.210075
vt 0.080000 1.199398
vt -0.000000 1.160706
vt 0.080000 1.179078
vt 0.080000 1.188672
vt -0.000000 1.169281
vt -0.000000 1.190684
vt -0.000000 1.195472
vt 0.080000 1.215388
vt 0.080000 1.210075
vt -0.000000 1.169281
vt 0.080000 1.188672
vt 0.080000 1.193447
vt -0.000000 1.173531
vt -0.000000 1.195472
vt -0.000000 1.195267
vt 0.080000 1.215198
vt 0.080000 1.215388
vt -0.000000 1.173531
vt 0.080000 1.193447
vt 0.080000 1.193281
vt -0.000000 1.173349
vt -0.000000 1.195267
vt -0.000000 1.190074
vt 0.080000 1.209513
vt 0.080000 1.215198
vt -0.000000 1.173349
vt 0.080000 1.193281
vt 0.080000 1.188178
vt -0.000000 1.168739
vt -0.000000 1.190074
vt -0.000000 1.180027
vt 0.080000 1.198476
vt 0.080000 1.209513
vt -0.000000 1.168739
vt 0.080000 1.188178
vt 0.080000 1.178269
vt -0.000000 1.159820
vt 0.080000 0.793198
vt 0.080000 0.785912
vt 0.200000 0.805696
vt 0.200000 0.812275
vt 0.080000 0.814269
vt 0.200000 0.833346
vt 0.200000 0.827505
vt 0.080000 0.807721
vt 0.080000 0.785912
vt 0.080000 0.784094
vt 0.200000 0.804079
vt 0.200000 0.805696
vt 0.080000 0.807721
vt 0.200000 0.827505
vt 0.200000 0.826070
vt 0.080000 0.806085
vt 0.080000 0.784094
vt 0.080000 0.787790
vt 0.200000 0.807466
vt 0.200000 0.804079
vt 0.080000 0.806085
vt 0.200000 0.826070
vt 0.200000 0.829077
vt 0.080000 0.809401
vt 0.080000 0.787790
vt 0.080000 0.796907
vt 0.200000 0.815772
vt 0.200000 0.807466
vt 0.080000 0.809401
vt 0.200000 0.829077
vt 0.200000 0.836450
vt 0.080000 0.817585
vt 0.080000 0.796907
vt 0.080000 0.811211
vt 0.200000 0.828782
vt 0.200000 0.815772
vt 0.080000 0.817585
vt 0.200000 0.836450
vt 0.200000 0.848001
vt 0.080000 0.830429
vt 0.080000 0.811211
vt 0.080000 0.830337
vt 0.200000 0.846166
vt 0.200000 0.828782
vt 0.080000 0.830429
vt 0.200000 0.848001
vt 0.200000 0.863433
vt 0.080000 0.847604
vt 0.080000 0.830337
vt 0.080000 0.853796
vt 0.200000 0.867479
vt 0.200000 0.846166
vt 0.080000 0.847604
vt 0.200000 0.863433
vt 0.200000 0.882354
vt 0.080000 0.868671
vt 0.080000 0.853796
vt 0.080000 0.880990
vt 0.200000 0.892177
vt 0.200000 0.867479
vt 0.080000 0.868671
vt 0.200000 0.882354
vt 0.200000 0.904280
vt 0.080000 0.893093
vt 0.080000 0.880990
vt 0.080000 0.911224
vt 0.200000 0.919629
vt 0.200000 0.892177
vt 0.080000 0.893093
vt 0.200000 0.904280
vt 0.200000 0.928650
vt 0.080000 0.920245
vt 0.080000 0.911224
vt 0.080000 0.943725
vt 0.200000 0.949134
vt 0.200000 0.919629
vt 0.080000 0.920245
vt 0.200000 0.928650
vt 0.200000 0.954843
vt 0.080000 0.949434
vt 0.080000 0.943725
vt 0.080000 0.977663
vt 0.200000 0.979937
vt 0.200000 0.949134
vt 0.080000 0.949434
vt 0.200000 0.954843
vt 0.200000 0.982189
vt 0.080000 0.979915
vt 0.080000 0.977663
vt 0.080000 1.012172
vt 0.200000 1.011254
vt 0.200000 0.979937
vt 0.080000 0.979915
vt 0.200000 0.982189
vt 0.200000 1.009991
vt 0.080000 1.010909
vt 0.080000 1.012172
vt 0.080000 1.046371
vt 0.200000 1.042283
vt 0.200000 1.011254
vt 0.080000 1.010909
vt 0.200000 1.009991
vt 0.200000 1.037537
vt 0.080000 1.041624
vt 0.080000 1.046371
vt 0.080000 1.079384
vt 0.200000 1.072232
vt 0.200000 1.042283
vt 0.080000 1.041624
vt 0.200000 1.037537
vt 0.200000 1.064124
vt 0.080000 1.071277
vt 0.080000 1.079384
vt 0.080000 1.110370
vt 0.200000 1.100336
vt 0.200000 1.072232
vt 0.080000 1.071277
vt 0.200000 1.064124
vt 0.200000 1.089074
vt 0.080000 1.099108
vt 0.080000 1.110370
vt 0.080000 1.138537
vt 0.200000 1.125877
vt 0.200000 1.100336
vt 0.080000 1.099108
vt 0.200000 1.089074
vt 0.200000 1.111748
vt 0.080000 1.124408
vt 0.080000 1.138537
vt 0.080000 1.163166
vt 0.200000 1.148203
vt 0.200000 1.125877
vt 0.080000 1.124408
vt 0.200000 1.111748
vt 0.200000 1.131568
vt 0.080000 1.146531
vt 0.080000 1.163166
vt 0.080000 1.183627
vt 0.200000 1.166744
vt 0.200000 1.148203
vt 0.080000 1.146531
vt 0.200000 1.131568
vt 0.200000 1.148028
vt 0.080000 1.164911
vt 0.080000 1.183627
vt 0.080000 1.199398
vt 0.200000 1.181026
vt 0.200000 1.166744
vt 0.080000 1.164911
vt 0.200000 1.148028
vt 0.200000 1.160707
vt 0.080000 1.179078
vt 0.080000 1.199398
vt 0.080000 1.210075
vt 0.200000 1.190684
vt 0.200000 1.181026
vt 0.080000 1.179078
vt 0.200000 1.160707
vt 0.200000 1.169281
vt 0.080000 1.188672
vt 0.080000 1.210075
vt 0.080000 1.215388
vt 0.200000 1.195472
vt 0.200000 1.190684
vt 0.080000 1.188672
vt 0.200000 1.169281
vt 0.200000 1.173531
vt 0.080000 1.193447
vt 0.080000 1.215388
vt 0.080000 1.215198
vt 0.200000 1.195267
vt 0.200000 1.195472
vt 0.080000 1.193447
vt 0.200000 1.173531
vt 0.200000 1.173349
vt 0.080000 1.193281
vt 0.080000 1.215198
vt 0.080000 1.209513
vt 0.200000 1.190074
vt 0.200000 1.195267
vt 0.080000 1.193281
vt 0.200000 1.173349
vt 0.200000 1.168739
vt 0.080000 1.188178
vt 0.080000 1.209513
vt 0.080000 1.198476
vt 0.200000 1.180027
vt 0.200000 1.190074
vt 0.080000 1.188178
vt 0.200000 1.168739
vt 0.200000 1.159820
vt 0.080000 1.178269
vt -0.020700 1.068960
vt -0.017538 1.058425
vt -0.008006 1.060472
vt -0.009450 1.071377
vt 0.028175 1.093862
vt 0.012862 1.097152
vt 0.011419 1.086247
vt 0.025013 1.083327
vt -0.009450 1.071377
vt -0.008006 1.060472
vt 0.001730 1.060975
vt 0.002042 1.071971
vt 0.012862 1.097152
vt -0.002779 1.097961
vt -0.002467 1.086965
vt 0.011419 1.086247
vt 0.002042 1.071971
vt 0.001730 1.060975
vt 0.011421 1.059921
vt 0.013481 1.070727
vt -0.002779 1.097961
vt -0.018349 1.096267
vt -0.016290 1.085461
vt -0.002467 1.086965
vt 0.013481 1.070727
vt 0.011421 1.059921
vt 0.020821 1.057336
vt 0.024576 1.067676
vt -0.018349 1.096267
vt -0.033451 1.092114
vt -0.029696 1.081775
vt -0.016290 1.085461
vt 0.024576 1.067676
vt 0.020821 1.057336
vt 0.029690 1.053287
vt 0.035043 1.062896
vt -0.033451 1.092114
vt -0.047698 1.085609
vt -0.042344 1.076000
vt -0.029696 1.081775
vt 0.035043 1.062896
vt 0.029690 1.053287
vt 0.037799 1.047877
vt 0.044616 1.056510
vt -0.047698 1.085609
vt -0.060727 1.076917
vt -0.053911 1.068284
vt -0.042344 1.076000
vt 0.044616 1.056510
vt 0.037799 1.047877
vt 0.044944 1.041244
vt 0.053048 1.048681
vt -0.060727 1.076917
vt -0.072205 1.066261
vt -0.064100 1.058823
vt -0.053911 1.068284
vt 0.053048 1.048681
vt 0.044944 1.041244
vt 0.050940 1.033557
vt 0.060126 1.039608
vt -0.072205 1.066261
vt -0.081839 1.053912
vt -0.072653 1.047860
vt -0.064100 1.058823
vt 0.060126 1.039608
vt 0.050940 1.033557
vt 0.055636 1.025014
vt 0.065668 1.029524
vt -0.081839 1.053912
vt -0.089382 1.040186
vt -0.079349 1.035675
vt -0.072653 1.047860
vt 0.065668 1.029524
vt 0.055636 1.025014
vt 0.058910 1.015831
vt 0.069533 1.018686
vt -0.089382 1.040186
vt -0.094642 1.025433
vt -0.084019 1.022579
vt -0.079349 1.035675
vt 0.069533 1.018686
vt 0.058910 1.015831
vt 0.060680 1.006244
vt 0.071622 1.007370
vt -0.094642 1.025433
vt -0.097485 1.010031
vt -0.086543 1.008905
vt -0.084019 1.022579
vt 0.071622 1.007370
vt 0.060680 1.006244
vt 0.060899 0.996498
vt 0.071881 0.995866
vt -0.097485 1.010031
vt -0.097838 0.994373
vt -0.086856 0.995005
vt -0.086543 1.008905
vt 0.071881 0.995866
vt 0.060899 0.996498
vt 0.059564 0.986841
vt 0.070305 0.984468
vt -0.097838 0.994373
vt -0.095692 0.978859
vt -0.084951 0.981232
vt -0.086856 0.995005
vt 0.070305 0.984468
vt 0.059564 0.986841
vt 0.056707 0.977520
vt 0.066932 0.973466
vt -0.095692 0.978859
vt -0.091102 0.963884
vt -0.080877 0.967938
vt -0.084951 0.981232
vt 0.066932 0.973466
vt 0.056707 0.977520
vt 0.052401 0.968773
vt 0.061851 0.963142
vt -0.091102 0.963884
vt -0.084185 0.949832
vt -0.074736 0.955463
vt -0.080877 0.967938
vt 0.061851 0.963142
vt 0.052401 0.968773
vt 0.046757 0.960824
vt 0.055189 0.953760
vt -0.084185 0.949832
vt -0.075118 0.937062
vt -0.066687 0.944126
vt -0.074736 0.955463
vt 0.055189 0.953760
vt 0.046757 0.960824
vt 0.039919 0.953876
vt 0.047118 0.945558
vt -0.075118 0.937062
vt -0.064132 0.925898
vt -0.056934 0.934216
vt -0.066687 0.944126
vt 0.047118 0.945558
vt 0.039919 0.953876
vt 0.032061 0.948105
vt 0.037843 0.938747
vt -0.064132 0.925898
vt -0.051509 0.916628
vt -0.045727 0.925986
vt -0.056934 0.934216
vt 0.037843 0.938747
vt 0.032061 0.948105
vt 0.023385 0.943660
vt 0.027602 0.933501
vt -0.051509 0.916628
vt -0.037569 0.909487
vt -0.033352 0.919647
vt -0.045727 0.925986
vt 0.027602 0.933501
vt 0.023385 0.943660
vt 0.014111 0.940655
vt 0.016655 0.929953
vt -0.037569 0.909487
vt -0.022670 0.904658
vt -0.020125 0.915360
vt -0.033352 0.919647
vt 0.016655 0.929953
vt 0.014111 0.940655
vt 0.004477 0.939164
vt 0.005284 0.928194
vt -0.022670 0.904658
vt -0.007192 0.902264
vt -0.006385 0.913235
vt -0.020125 0.915360
vt 0.005284 0.928194
vt 0.004477 0.939164
vt -0.005272 0.939228
vt -0.006223 0.928269
vt -0.007192 0.902264
vt 0.008470 0.902367
vt 0.007519 0.913326
vt -0.006385 0.913235
vt -0.006223 0.928269
vt -0.005272 0.939228
vt -0.014886 0.940844
vt -0.017571 0.930177
vt 0.008470 0.902367
vt 0.023916 0.904963
vt 0.021231 0.915630
vt 0.007519 0.913326
vt -0.017571 0.930177
vt -0.014886 0.940844
vt -0.024120 0.943971
vt -0.028470 0.933868
vt 0.023916 0.904963
vt 0.038750 0.909987
vt 0.034401 0.920090
vt 0.021231 0.915630
vt 0.030000 1.071770
vt -0.000000 1.097687
vt -0.000000 1.086722
vt 0.030000 1.060805
vt 0.030000 0.939195
vt 0.000000 0.913278
vt 0.000000 0.902313
vt 0.030000 0.928230
vt -0.000000 1.097687
vt -0.040000 1.107473
vt -0.040000 1.096508
vt -0.000000 1.086722
vt 0.000000 0.913278
vt -0.040000 0.903492
vt -0.040000 0.892527
vt 0.000000 0.902313
vt -0.040000 1.107510
vt -0.100000 1.097723
vt -0.100000 1.086754
vt -0.040000 1.096541
vt -0.040000 0.903459
vt -0.100000 0.913246
vt -0.100000 0.902277
vt -0.040000 0.892490
vt -0.025700 1.034500
vt -0.075920 1.032430
vt -0.090500 1.019320
vt -0.090500 0.980680
vt -0.075920 0.967570
vt -0.025700 0.965500
vt -0.009500 0.977920
vt -0.009500 1.022080
vt 0.013955 1.019651
vt 0.013955 0.980349
vt 0.028373 0.969295
vt 0.073069 0.971137
vt 0.086045 0.982805
vt 0.086045 1.017195
vt 0.073069 1.028863
vt 0.028373 1.030705
vt 0.107093 1.015957
vt 0.104557 0.971870
vt 0.107053 0.971727
vt 0.109589 1.015814
vt 0.084267 1.018671
vt 0.082472 0.974548
vt 0.086779 0.976804
vt 0.088376 1.016073
vt 0.103556 0.969145
vt 0.101635 0.948822
vt 0.104124 0.948587
vt 0.106045 0.968909
vt 0.065623 1.028538
vt 0.078893 1.013027
vt 0.082069 1.015991
vt 0.070259 1.029796
vt 0.024006 1.106057
vt 0.074269 1.106176
vt 0.074263 1.108676
vt 0.024000 1.108557
vt 0.021026 1.052997
vt 0.071193 1.056100
vt 0.068270 1.059590
vt 0.023621 1.056829
vt -0.108590 1.025558
vt -0.110270 1.045094
vt -0.112761 1.044879
vt -0.111081 1.025344
vt 0.001176 1.042105
vt 0.012691 1.057975
vt 0.008113 1.058960
vt -0.002136 1.044836
vt -0.104716 0.974626
vt -0.106934 1.013202
vt -0.109430 1.013058
vt -0.107212 0.974482
vt -0.011932 0.980179
vt -0.013502 1.018787
vt -0.017623 1.016492
vt -0.016226 0.982131
vt -0.100950 0.936738
vt -0.102630 0.956273
vt -0.105121 0.956059
vt -0.103441 0.936524
vt 0.017010 0.943142
vt 0.004336 0.958102
vt 0.001238 0.955130
vt 0.012519 0.941816
vt -0.074771 1.105823
vt -0.024508 1.105942
vt -0.024514 1.108442
vt -0.074777 1.108323
vt 0.071567 0.944379
vt 0.021381 0.947145
vt 0.024002 0.943331
vt 0.068668 0.940869
vt 0.109424 1.031228
vt 0.107503 1.010905
vt 0.109992 1.010670
vt 0.111913 1.030993
vt 0.077746 0.981310
vt 0.063391 0.966797
vt 0.067924 0.965208
vt 0.080700 0.978124
vt -0.081500 1.028350
vt -0.081500 0.971650
vt -0.035000 0.971650
vt -0.012500 1.000000
vt -0.035000 1.028350
vt 0.036650 1.025231
vt 0.016625 1.000000
vt 0.036650 0.974768
vt 0.078035 0.974768
vt 0.078035 1.025231
vt 0.110448 1.022045
vt 0.107192 0.965438
vt 0.110187 0.965266
vt 0.113443 1.021873
vt 0.135996 1.019722
vt 0.133945 0.969300
vt 0.135560 0.966114
vt 0.137864 1.022767
vt -0.081500 1.109000
vt -0.035000 1.109000
vt -0.035000 1.112000
vt -0.081500 1.112000
vt 0.078035 0.902256
vt 0.036650 0.902256
vt 0.035000 0.900758
vt 0.081500 0.900757
vt -0.105488 0.948172
vt -0.108138 0.984268
vt -0.111130 0.984049
vt -0.108480 0.947952
vt -0.038030 0.926776
vt -0.054867 0.954237
vt -0.057552 0.955599
vt -0.038634 0.924743
vt -0.109276 0.999768
vt -0.111927 1.035865
vt -0.114919 1.035645
vt -0.112268 0.999549
vt -0.058306 1.041292
vt -0.043687 1.069996
vt -0.044450 1.071975
vt -0.060875 1.039723
vt 0.035000 1.109000
vt 0.081500 1.109000
vt 0.081500 1.112000
vt 0.035000 1.112000
vt 0.036650 1.097744
vt 0.078035 1.097744
vt 0.081500 1.099242
vt 0.035000 1.099242
vt -0.017778 1.096740
vt -0.018939 1.097804
vt -0.034550 1.080777
vt -0.033389 1.079713
vt 0.071128 0.989211
vt 0.070441 0.990629
vt 0.049656 0.980549
vt 0.050344 0.979131
vt 0.123600 0.948603
vt 0.122564 0.949790
vt 0.105164 0.934595
vt 0.106200 0.933409
vt 0.018939 1.097804
vt 0.017778 1.096740
vt 0.033389 1.079713
vt 0.034550 1.080777
vt -0.070441 0.990629
vt -0.071128 0.989211
vt -0.050344 0.979131
vt -0.049656 0.980549
vt -0.122564 0.949790
vt -0.123600 0.948603
vt -0.106200 0.933409
vt -0.105164 0.934595
vt -0.110406 0.952115
vt -0.110507 0.953687
vt -0.111918 0.954385
vt -0.113229 0.953513
vt -0.113129 0.951941
vt -0.111717 0.951242
vt 0.111717 0.951242
vt 0.113129 0.951941
vt 0.113229 0.953513
vt 0.111918 0.954385
vt 0.110507 0.953687
vt 0.110406 0.952115
vt -0.063490 1.006930
vt -0.065063 1.006852
vt -0.064060 0.986717
vt -0.062487 0.986795
vt 0.071572 1.010080
vt 0.069997 1.010080
vt 0.069997 0.989920
vt 0.071572 0.989920
vt 0.135760 1.003331
vt 0.134187 1.003409
vt 0.133184 0.983274
vt 0.134757 0.983196
vt 0.065063 1.006852
vt 0.063490 1.006930
vt 0.062487 0.986795
vt 0.064060 0.986717
vt -0.069997 1.010080
vt -0.071572 1.010080
vt -0.071572 0.989920
vt -0.069997 0.989920
vt -0.134187 1.003409
vt -0.135760 1.003331
vt -0.134757 0.983196
vt -0.133184 0.983274
vt -0.071572 1.113236
vt -0.069997 1.113236
vt -0.069210 1.114600
vt -0.069997 1.115964
vt -0.071572 1.115964
vt -0.072360 1.114600
vt 0.072360 1.114600
vt 0.071572 1.115964
vt 0.069997 1.115964
vt 0.069210 1.114600
vt 0.069997 1.113236
vt 0.071572 1.113236
vt -0.024362 0.917082
vt -0.025397 0.915895
vt -0.007998 0.900701
vt -0.006962 0.901887
vt 0.050344 1.020869
vt 0.049656 1.019451
vt 0.070441 1.009371
vt 0.071128 1.010789
vt 0.112918 1.054428
vt 0.111757 1.053363
vt 0.127368 1.036337
vt 0.128529 1.037401
vt 0.025397 0.915895
vt 0.024361 0.917082
vt 0.006962 0.901887
vt 0.007998 0.900701
vt -0.049656 1.019451
vt -0.050344 1.020869
vt -0.071128 1.010789
vt -0.070441 1.009371
vt -0.111757 1.053363
vt -0.112918 1.054428
vt -0.128529 1.037401
vt -0.127368 1.036337
vt 0.115604 1.033439
vt 0.115504 1.031867
vt 0.116815 1.030994
vt 0.118226 1.031693
vt 0.118327 1.033265
vt 0.117016 1.034138
vt -0.117016 1.034138
vt -0.118327 1.033265
vt -0.118226 1.031693
vt -0.116815 1.030994
vt -0.115504 1.031867
vt -0.115604 1.033439
vt 0.089086 0.944637
vt 0.090122 0.943451
vt 0.107521 0.958645
vt 0.106485 0.959831
vt 0.028872 1.010789
vt 0.029559 1.009371
vt 0.050344 1.019451
vt 0.049656 1.020869
vt -0.051641 1.088978
vt -0.050480 1.087913
vt -0.034869 1.104940
vt -0.036030 1.106004
vt -0.090122 0.943451
vt -0.089086 0.944637
vt -0.106485 0.959831
vt -0.107521 0.958645
vt -0.029559 1.009371
vt -0.028872 1.010789
vt -0.049656 1.020869
vt -0.050344 1.019451
vt 0.050480 1.087913
vt 0.051641 1.088978
vt 0.036030 1.106004
vt 0.034869 1.104940
vt 0.112821 0.989891
vt 0.112720 0.988320
vt 0.114031 0.987447
vt 0.115443 0.988146
vt 0.115543 0.989717
vt 0.114232 0.990590
vt -0.114232 0.990590
vt -0.115543 0.989717
vt -0.115443 0.988146
vt -0.114031 0.987447
vt -0.112720 0.988320
vt -0.112821 0.989891
vt 0.112425 0.984308
vt 0.113998 0.984230
vt 0.115001 1.004365
vt 0.113428 1.004443
vt 0.028428 0.989920
vt 0.030003 0.989920
vt 0.030003 1.010080
vt 0.028428 1.010080
vt -0.084819 0.985683
vt -0.083246 0.985761
vt -0.084249 1.005896
vt -0.085822 1.005818
vt -0.113998 0.984230
vt -0.112425 0.984308
vt -0.113428 1.004443
vt -0.115001 1.004365
vt -0.030003 0.989920
vt -0.028428 0.989920
vt -0.028428 1.010080
vt -0.030003 1.010080
vt 0.083246 0.985761
vt 0.084819 0.985683
vt 0.085822 1.005818
vt 0.084249 1.005896
vt 0.028428 1.113236
vt 0.030003 1.113236
vt 0.030790 1.114600
vt 0.030003 1.115964
vt 0.028428 1.115964
vt 0.027640 1.114600
vt -0.027640 1.114600
vt -0.028428 1.115964
vt -0.030003 1.115964
vt -0.030790 1.114600
vt -0.030003 1.113236
vt -0.028428 1.113236
vt 0.110277 1.028136
vt 0.111438 1.029201
vt 0.095827 1.046227
vt 0.094666 1.045163
vt 0.049656 0.979131
vt 0.050344 0.980549
vt 0.029559 0.990629
vt 0.028872 0.989211
vt -0.024077 0.890659
vt -0.023041 0.891846
vt -0.040440 0.907040
vt -0.041476 0.905854
vt -0.111438 1.029201
vt -0.110277 1.028136
vt -0.094666 1.045163
vt -0.095827 1.046227
vt -0.050344 0.980549
vt -0.049656 0.979131
vt -0.028872 0.989211
vt -0.029559 0.990629
vt 0.023041 0.891846
vt 0.024077 0.890659
vt 0.041476 0.905854
vt 0.040440 0.907040
vt -0.113190 0.995662
vt -0.113290 0.997234
vt -0.114702 0.997933
vt -0.116013 0.997060
vt -0.115912 0.995488
vt -0.114501 0.994789
vt 0.114501 0.994789
vt 0.115912 0.995488
vt 0.116013 0.997060
vt 0.114702 0.997933
vt 0.113290 0.997234
vt 0.113190 0.995662
vt 0.122712 0.973703
vt 0.123467 0.973665
vt 0.124470 0.993801
vt 0.123715 0.993838
vt 0.049622 0.979840
vt 0.050378 0.979840
vt 0.050378 1.000000
vt 0.049622 1.000000
vt -0.073529 0.976153
vt -0.072774 0.976190
vt -0.073777 0.996325
vt -0.074532 0.996288
vt -0.123467 0.973665
vt -0.122712 0.973703
vt -0.123715 0.993838
vt -0.124470 0.993801
vt -0.050378 0.979840
vt -0.049622 0.979840
vt -0.049622 1.000000
vt -0.050378 1.000000
vt 0.072774 0.976190
vt 0.073529 0.976153
vt 0.074532 0.996288
vt 0.073777 0.996325
vt 0.049622 1.113945
vt 0.050378 1.113945
vt 0.050756 1.114600
vt 0.050378 1.115255
vt 0.049622 1.115255
vt 0.049244 1.114600
vt -0.049244 1.114600
vt -0.049622 1.115255
vt -0.050378 1.115255
vt -0.050756 1.114600
vt -0.050378 1.113945
vt -0.049622 1.113945
vt -0.109845 0.986953
vt -0.109442 0.986589
vt -0.109524 0.988707
vt -0.101322 0.984623
vt -0.101033 0.983618
vt -0.100646 0.985348
vt -0.097188 0.975026
vt -0.097118 0.973763
vt -0.096419 0.974435
vt -0.099976 0.964981
vt -0.100149 0.963950
vt -0.099395 0.963306
vt -0.107955 0.961328
vt -0.108312 0.960919
vt -0.107787 0.959215
vt -0.116189 0.964673
vt -0.116592 0.965037
vt -0.116510 0.962919
vt -0.120904 0.969475
vt -0.121193 0.970480
vt -0.121580 0.968749
vt -0.122326 0.972358
vt -0.122396 0.973621
vt -0.123095 0.972949
vt -0.121497 0.975746
vt -0.121324 0.976777
vt -0.122078 0.977422
vt -0.117588 0.981890
vt -0.117231 0.982299
vt -0.117756 0.984002
vt -0.097799 1.031302
vt -0.098354 1.029449
vt -0.097674 1.028864
vt -0.097406 1.030964
vt -0.059936 1.023640
vt -0.061167 1.022784
vt -0.060756 1.021080
vt -0.059699 1.022656
vt -0.045734 0.978550
vt -0.047113 0.978956
vt -0.047022 0.976766
vt -0.045681 0.977286
vt -0.055341 0.934698
vt -0.056550 0.936161
vt -0.056789 0.934425
vt -0.055479 0.933695
vt -0.089682 0.924831
vt -0.090253 0.926870
vt -0.090840 0.926192
vt -0.090021 0.924440
vt -0.122380 0.964321
vt -0.121824 0.966173
vt -0.122504 0.966759
vt -0.122772 0.964659
vt -0.122483 0.986900
vt -0.121253 0.987756
vt -0.121663 0.989460
vt -0.122721 0.987883
vt -0.118525 0.974250
vt -0.117146 0.973844
vt -0.117238 0.976034
vt -0.118578 0.975514
vt -0.121510 0.963028
vt -0.120301 0.961565
vt -0.120062 0.963301
vt -0.121372 0.964030
vt -0.124417 0.986745
vt -0.123847 0.984706
vt -0.123259 0.985384
vt -0.124078 0.987137
vt -0.049656 1.096081
vt -0.051083 1.094549
vt -0.050483 1.093777
vt -0.049136 1.095412
vt 0.009823 1.054208
vt 0.007845 1.053729
vt 0.008047 1.051792
vt 0.009997 1.052531
vt 0.019024 0.981230
vt 0.017006 0.981368
vt 0.017046 0.978838
vt 0.019059 0.979039
vt 0.013133 0.914745
vt 0.011151 0.915393
vt 0.011039 0.913450
vt 0.013036 0.913061
vt -0.028430 0.880747
vt -0.030067 0.882092
vt -0.030507 0.881219
vt -0.028811 0.879990
vt -0.118606 1.025591
vt -0.117178 1.027123
vt -0.117778 1.027896
vt -0.119125 1.026260
vt -0.087304 1.033183
vt -0.085327 1.033663
vt -0.085529 1.035599
vt -0.087479 1.034860
vt -0.080543 0.977485
vt -0.078525 0.977347
vt -0.078564 0.979878
vt -0.080577 0.979677
vt -0.085051 0.927921
vt -0.083069 0.927273
vt -0.082957 0.929216
vt -0.084954 0.929604
vt -0.110422 0.935131
vt -0.108785 0.933785
vt -0.108345 0.934659
vt -0.110041 0.935887
vt 0.118029 1.025390
vt 0.116601 1.026922
vt 0.116081 1.026253
vt 0.117429 1.024618
vt 0.086122 1.032878
vt 0.084145 1.033357
vt 0.083970 1.031680
vt 0.085921 1.030942
vt 0.079235 0.979867
vt 0.077217 0.979729
vt 0.077182 0.977538
vt 0.079195 0.977337
vt 0.083674 0.931907
vt 0.081692 0.931259
vt 0.081789 0.929576
vt 0.083786 0.929964
vt 0.109074 0.937069
vt 0.107437 0.935723
vt 0.107818 0.934967
vt 0.109514 0.936195
vt 0.050232 1.096282
vt 0.051660 1.094750
vt 0.052180 1.095419
vt 0.050833 1.097054
vt -0.008640 1.054513
vt -0.006663 1.054034
vt -0.006488 1.055711
vt -0.008439 1.056450
vt -0.017716 0.978848
vt -0.015698 0.978986
vt -0.015664 0.981178
vt -0.017677 0.981379
vt -0.011757 0.910759
vt -0.009775 0.911407
vt -0.009872 0.913090
vt -0.011869 0.912702
vt 0.029778 0.878808
vt 0.031415 0.880154
vt 0.031034 0.880910
vt 0.029338 0.879682
vt 0.121827 0.964655
vt 0.121272 0.966508
vt 0.120879 0.966170
vt 0.121147 0.964070
vt 0.120446 0.987636
vt 0.119215 0.988493
vt 0.118977 0.987509
vt 0.120035 0.985933
vt 0.115968 0.976086
vt 0.114589 0.975680
vt 0.114537 0.974416
vt 0.115877 0.973897
vt 0.119031 0.965236
vt 0.117822 0.963773
vt 0.117960 0.962771
vt 0.119270 0.963500
vt 0.122895 0.987564
vt 0.122324 0.985525
vt 0.122664 0.985134
vt 0.123483 0.986886
vt 0.098351 1.030968
vt 0.098907 1.029115
vt 0.099300 1.029453
vt 0.099031 1.031553
vt 0.061974 1.022903
vt 0.063205 1.022047
vt 0.063442 1.023031
vt 0.062385 1.024607
vt 0.048291 0.976713
vt 0.049670 0.977119
vt 0.049723 0.978384
vt 0.048382 0.978903
vt 0.057820 0.932489
vt 0.059028 0.933953
vt 0.058890 0.934955
vt 0.057580 0.934225
vt 0.091204 0.924012
vt 0.091775 0.926051
vt 0.091436 0.926443
vt 0.090617 0.924690
vt 0.116302 0.963118
vt 0.115981 0.964871
vt 0.115899 0.962754
vt 0.120672 0.969280
vt 0.119996 0.970006
vt 0.120383 0.968275
vt 0.121844 0.973652
vt 0.121075 0.973061
vt 0.121774 0.972389
vt 0.120942 0.978028
vt 0.120361 0.976353
vt 0.121115 0.976997
vt 0.117169 0.984239
vt 0.117001 0.982126
vt 0.117526 0.983830
vt 0.109732 0.988508
vt 0.110053 0.986754
vt 0.110135 0.988872
vt 0.101554 0.984817
vt 0.102231 0.984092
vt 0.101843 0.985822
vt 0.097670 0.973732
vt 0.098439 0.974323
vt 0.097741 0.974995
vt 0.100531 0.962699
vt 0.101112 0.964374
vt 0.100358 0.963730
vt 0.108374 0.958979
vt 0.108542 0.961092
vt 0.108017 0.959388
vt 0.126930 1.024000
vt 0.127487 1.024511
vt 0.111876 1.041538
vt 0.111319 1.041027
vt 0.070620 0.989580
vt 0.070950 0.990260
vt 0.050165 1.000340
vt 0.049835 0.999660
vt -0.007068 0.888391
vt -0.006571 0.888961
vt -0.023970 0.904155
vt -0.024468 0.903586
vt -0.127487 1.024511
vt -0.126930 1.024000
vt -0.111319 1.041027
vt -0.111876 1.041538
vt -0.070950 0.990260
vt -0.070620 0.989580
vt -0.049835 0.999660
vt -0.050165 1.000340
vt 0.006571 0.888961
vt 0.007068 0.888391
vt 0.024468 0.903586
vt 0.023970 0.904155
vt -0.115081 1.014128
vt -0.115129 1.014883
vt -0.115807 1.015218
vt -0.116436 1.014799
vt -0.116388 1.014045
vt -0.115710 1.013709
vt 0.115710 1.013709
vt 0.116388 1.014045
vt 0.116436 1.014799
vt 0.115807 1.015218
vt 0.115129 1.014883
vt 0.115081 1.014128
vt -0.109081 1.001688
vt -0.108678 1.001324
vt -0.108760 1.003442
vt -0.097868 0.997769
vt -0.097579 0.996764
vt -0.097192 0.998494
vt -0.092624 0.985376
vt -0.092554 0.984113
vt -0.091856 0.984785
vt -0.096184 0.972227
vt -0.096357 0.971195
vt -0.095603 0.970551
vt -0.106616 0.966347
vt -0.106974 0.965938
vt -0.106449 0.964234
vt -0.118108 0.969500
vt -0.118511 0.969864
vt -0.118429 0.967746
vt -0.125494 0.976243
vt -0.125783 0.977248
vt -0.126170 0.975518
vt -0.128012 0.982136
vt -0.128082 0.983400
vt -0.128780 0.982727
vt -0.126420 0.988415
vt -0.126247 0.989446
vt -0.127001 0.990091
vt -0.120080 0.996433
vt -0.119722 0.996842
vt -0.120247 0.998545
vt -0.093483 1.052362
vt -0.094038 1.050509
vt -0.093358 1.049924
vt -0.093090 1.052024
vt -0.048081 1.040149
vt -0.049312 1.039293
vt -0.048901 1.037589
vt -0.047844 1.039166
vt -0.031842 0.989218
vt -0.033221 0.989624
vt -0.033130 0.987434
vt -0.031790 0.987953
vt -0.042806 0.937859
vt -0.044015 0.939322
vt -0.044255 0.937586
vt -0.042944 0.936857
vt -0.083444 0.919810
vt -0.084015 0.921848
vt -0.084603 0.921171
vt -0.083784 0.919418
vt -0.127821 0.958446
vt -0.127265 0.960298
vt -0.127945 0.960884
vt -0.128214 0.958783
vt -0.135270 0.988799
vt -0.134039 0.989655
vt -0.134450 0.991359
vt -0.135508 0.989782
vt -0.133256 0.983725
vt -0.131877 0.983319
vt -0.131969 0.985508
vt -0.133309 0.984989
vt -0.134948 0.978276
vt -0.133739 0.976813
vt -0.133500 0.978549
vt -0.134810 0.979279
vt -0.131749 1.006954
vt -0.131179 1.004915
vt -0.130591 1.005593
vt -0.131410 1.007345
vt -0.036171 1.114490
vt -0.037599 1.112958
vt -0.036999 1.112185
vt -0.035651 1.113821
vt 0.029155 1.066851
vt 0.027178 1.066372
vt 0.027380 1.064435
vt 0.029330 1.065174
vt 0.038871 0.991621
vt 0.036853 0.991759
vt 0.036892 0.989229
vt 0.038905 0.989429
vt 0.032659 0.919622
vt 0.030677 0.920271
vt 0.030564 0.918327
vt 0.032562 0.917939
vt -0.012363 0.873361
vt -0.014000 0.874707
vt -0.014440 0.873834
vt -0.012744 0.872605
vt -0.132950 1.015251
vt -0.131522 1.016783
vt -0.132122 1.017556
vt -0.133470 1.015920
vt -0.107033 1.037159
vt -0.105056 1.037638
vt -0.105257 1.039575
vt -0.107208 1.038836
vt -0.100703 0.987252
vt -0.098685 0.987114
vt -0.098725 0.989645
vt -0.100738 0.989444
vt -0.104944 0.939663
vt -0.102962 0.939015
vt -0.102849 0.940958
vt -0.104847 0.941346
vt -0.127198 0.950599
vt -0.125561 0.949254
vt -0.125121 0.950127
vt -0.126817 0.951356
vt 0.132373 1.015050
vt 0.130945 1.016582
vt 0.130426 1.015913
vt 0.131773 1.014278
vt 0.105851 1.036854
vt 0.103874 1.037333
vt 0.103699 1.035656
vt 0.105649 1.034917
vt 0.099395 0.989634
vt 0.097377 0.989496
vt 0.097343 0.987305
vt 0.099356 0.987104
vt 0.103567 0.943649
vt 0.101585 0.943001
vt 0.101682 0.941317
vt 0.103679 0.941706
vt 0.125850 0.952537
vt 0.124213 0.951192
vt 0.124594 0.950435
vt 0.126290 0.951664
vt 0.036748 1.114691
vt 0.038176 1.113159
vt 0.038695 1.113828
vt 0.037348 1.115463
vt -0.027973 1.067156
vt -0.025996 1.066677
vt -0.025821 1.068354
vt -0.027771 1.069093
vt -0.037562 0.989239
vt -0.035544 0.989377
vt -0.035510 0.991569
vt -0.037523 0.991769
vt -0.031282 0.915636
vt -0.029300 0.916284
vt -0.029397 0.917968
vt -0.031394 0.917579
vt 0.013712 0.871423
vt 0.015349 0.872769
vt 0.014968 0.873525
vt 0.013272 0.872297
vt 0.127268 0.958780
vt 0.126713 0.960633
vt 0.126320 0.960295
vt 0.126588 0.958195
vt 0.133232 0.989535
vt 0.132002 0.990391
vt 0.131764 0.989408
vt 0.132822 0.987832
vt 0.130699 0.985561
vt 0.129320 0.985155
vt 0.129268 0.983891
vt 0.130608 0.983371
vt 0.132470 0.980484
vt 0.131261 0.979021
vt 0.131399 0.978019
vt 0.132709 0.978748
vt 0.130227 1.007772
vt 0.129656 1.005734
vt 0.129995 1.005342
vt 0.130814 1.007095
vt 0.094035 1.052028
vt 0.094591 1.050175
vt 0.094983 1.050513
vt 0.094715 1.052613
vt 0.050119 1.039412
vt 0.051350 1.038556
vt 0.051587 1.039540
vt 0.050530 1.041116
vt 0.034399 0.987381
vt 0.035778 0.987787
vt 0.035831 0.989051
vt 0.034491 0.989571
vt 0.045285 0.935651
vt 0.046494 0.937114
vt 0.046356 0.938117
vt 0.045046 0.937387
vt 0.084967 0.918991
vt 0.085537 0.921030
vt 0.085198 0.921421
vt 0.084379 0.919669
vt 0.118222 0.967945
vt 0.117901 0.969698
vt 0.117819 0.967581
vt 0.125261 0.976048
vt 0.124585 0.976774
vt 0.124972 0.975043
vt 0.127529 0.983431
vt 0.126761 0.982840
vt 0.127459 0.982167
vt 0.125865 0.990698
vt 0.125284 0.989022
vt 0.126038 0.989666
vt 0.119660 0.998782
vt 0.119493 0.996669
vt 0.120018 0.998373
vt 0.108968 1.003243
vt 0.109289 1.001490
vt 0.109371 1.003607
vt 0.098101 0.997963
vt 0.098777 0.997238
vt 0.098389 0.998968
vt 0.093106 0.984082
vt 0.093875 0.984673
vt 0.093177 0.985345
vt 0.096739 0.969944
vt 0.097320 0.971620
vt 0.096566 0.970976
vt 0.107036 0.963998
vt 0.107203 0.966111
vt 0.106678 0.964407
vt -0.018820 1.109630
vt -0.019377 1.110141
vt -0.034988 1.093114
vt -0.034431 1.092603
vt 0.070950 1.009740
vt 0.070620 1.010420
vt 0.049835 1.000340
vt 0.050165 0.999660
vt 0.123991 0.961530
vt 0.123494 0.962099
vt 0.106094 0.946905
vt 0.106592 0.946335
vt 0.019377 1.110141
vt 0.018820 1.109630
vt 0.034431 1.092603
vt 0.034988 1.093114
vt -0.070620 1.010420
vt -0.070950 1.009740
vt -0.050165 0.999660
vt -0.049835 1.000340
vt -0.123494 0.962099
vt -0.123991 0.961530
vt -0.106592 0.946335
vt -0.106094 0.946905
vt -0.112297 0.970581
vt -0.112346 0.971335
vt -0.113023 0.971671
vt -0.113652 0.971252
vt -0.113604 0.970497
vt -0.112927 0.970162
vt 0.112927 0.970162
vt 0.113604 0.970497
vt 0.113652 0.971252
vt 0.113023 0.971671
vt 0.112346 0.971335
vt 0.112297 0.970581
vt -0.110236 1.021250
vt -0.109833 1.020886
vt -0.109915 1.023004
vt -0.099003 1.017683
vt -0.098715 1.016678
vt -0.098327 1.018409
vt -0.093746 1.005505
vt -0.093676 1.004241
vt -0.092977 1.004914
vt -0.097316 0.992141
vt -0.097489 0.991110
vt -0.096735 0.990465
vt -0.107769 0.985909
vt -0.108126 0.985500
vt -0.107601 0.983797
vt -0.119263 0.989062
vt -0.119666 0.989426
vt -0.119585 0.987308
vt -0.126630 0.996157
vt -0.126918 0.997162
vt -0.127306 0.995432
vt -0.129133 1.002265
vt -0.129204 1.003529
vt -0.129902 1.002856
vt -0.127552 1.008330
vt -0.127379 1.009361
vt -0.128133 1.010005
vt -0.121232 1.015995
vt -0.120875 1.016404
vt -0.121400 1.018108
vt -0.094608 1.067546
vt -0.095163 1.065693
vt -0.094483 1.065108
vt -0.094215 1.067208
vt -0.049013 1.058558
vt -0.050244 1.057701
vt -0.049833 1.055998
vt -0.048776 1.057574
vt -0.032682 1.009360
vt -0.034061 1.009766
vt -0.033970 1.007576
vt -0.032629 1.008096
vt -0.043710 0.956269
vt -0.044919 0.957732
vt -0.045158 0.955996
vt -0.043848 0.955267
vt -0.084539 0.934996
vt -0.085109 0.937035
vt -0.085697 0.936357
vt -0.084878 0.934605
vt -0.128946 0.973630
vt -0.128391 0.975483
vt -0.129071 0.976068
vt -0.129339 0.973968
vt -0.136203 1.007207
vt -0.134972 1.008063
vt -0.135383 1.009767
vt -0.136440 1.008191
vt -0.134096 1.003867
vt -0.132717 1.003461
vt -0.132808 1.005651
vt -0.134148 1.005131
vt -0.135852 0.996686
vt -0.134643 0.995223
vt -0.134404 0.996959
vt -0.135714 0.997688
vt -0.132843 1.022140
vt -0.132273 1.020102
vt -0.131685 1.020779
vt -0.132504 1.022532
vt -0.037031 1.122559
vt -0.038459 1.121027
vt -0.037859 1.120254
vt -0.036511 1.121890
vt 0.028759 1.083470
vt 0.026782 1.082990
vt 0.026984 1.081054
vt 0.028934 1.081793
vt 0.038556 1.011779
vt 0.036538 1.011917
vt 0.036578 1.009386
vt 0.038590 1.009587
vt 0.032291 0.936241
vt 0.030309 0.936890
vt 0.030197 0.934946
vt 0.032194 0.934558
vt -0.013073 0.881445
vt -0.014710 0.882790
vt -0.015150 0.881917
vt -0.013454 0.880688
vt -0.133810 1.023320
vt -0.132382 1.024852
vt -0.132982 1.025625
vt -0.134330 1.023989
vt -0.107429 1.053777
vt -0.105452 1.054257
vt -0.105653 1.056193
vt -0.107604 1.055454
vt -0.101018 1.007410
vt -0.099000 1.007272
vt -0.099039 1.009802
vt -0.101052 1.009601
vt -0.105311 0.956282
vt -0.103329 0.955634
vt -0.103217 0.957577
vt -0.105214 0.957966
vt -0.127908 0.958683
vt -0.126271 0.957337
vt -0.125831 0.958210
vt -0.127527 0.959439
vt 0.133233 1.023119
vt 0.131805 1.024651
vt 0.131286 1.023982
vt 0.132633 1.022346
vt 0.106247 1.053472
vt 0.104270 1.053952
vt 0.104095 1.052275
vt 0.106045 1.051536
vt 0.099710 1.009792
vt 0.097692 1.009654
vt 0.097657 1.007462
vt 0.099670 1.007261
vt 0.103935 0.960269
vt 0.101952 0.959620
vt 0.102050 0.957937
vt 0.104047 0.958325
vt 0.126559 0.960621
vt 0.124922 0.959275
vt 0.125303 0.958519
vt 0.126999 0.959747
vt 0.037608 1.122759
vt 0.039036 1.121227
vt 0.039555 1.121896
vt 0.038208 1.123532
vt -0.027577 1.083775
vt -0.025600 1.083296
vt -0.025425 1.084973
vt -0.027375 1.085711
vt -0.037248 1.009397
vt -0.035230 1.009535
vt -0.035196 1.011726
vt -0.037209 1.011927
vt -0.030914 0.932255
vt -0.028932 0.932904
vt -0.029030 0.934587
vt -0.031027 0.934199
vt 0.014421 0.879507
vt 0.016058 0.880852
vt 0.015677 0.881609
vt 0.013981 0.880380
vt 0.128394 0.973964
vt 0.127838 0.975817
vt 0.127445 0.975479
vt 0.127714 0.973379
vt 0.134165 1.007944
vt 0.132934 1.008800
vt 0.132697 1.007816
vt 0.133754 1.006240
vt 0.131539 1.005704
vt 0.130160 1.005298
vt 0.130107 1.004033
vt 0.131448 1.003514
vt 0.133373 0.998894
vt 0.132164 0.997431
vt 0.132303 0.996429
vt 0.133613 0.997158
vt 0.131321 1.022959
vt 0.130750 1.020920
vt 0.131090 1.020529
vt 0.131909 1.022281
vt 0.095160 1.067212
vt 0.095716 1.065359
vt 0.096109 1.065697
vt 0.095840 1.067797
vt 0.051051 1.057821
vt 0.052282 1.056965
vt 0.052519 1.057948
vt 0.051462 1.059525
vt 0.035239 1.007523
vt 0.036618 1.007929
vt 0.036670 1.009194
vt 0.035330 1.009713
vt 0.046189 0.954061
vt 0.047398 0.955524
vt 0.047259 0.956526
vt 0.045949 0.955797
vt 0.086061 0.934178
vt 0.086632 0.936216
vt 0.086292 0.936608
vt 0.085473 0.934855
vt 0.119377 0.987507
vt 0.119056 0.989260
vt 0.118974 0.987143
vt 0.126397 0.995963
vt 0.125721 0.996688
vt 0.126108 0.994958
vt 0.128651 1.003559
vt 0.127883 1.002969
vt 0.128581 1.002296
vt 0.126997 1.010612
vt 0.126416 1.008936
vt 0.127170 1.009580
vt 0.120813 1.018344
vt 0.120645 1.016231
vt 0.121170 1.017935
vt 0.110123 1.022805
vt 0.110444 1.021052
vt 0.110526 1.023169
vt 0.099236 1.017877
vt 0.099912 1.017152
vt 0.099525 1.018883
vt 0.094228 1.004211
vt 0.094997 1.004801
vt 0.094299 1.005474
vt 0.097871 0.989859
vt 0.098452 0.991534
vt 0.097698 0.990890
vt 0.108188 0.983561
vt 0.108356 0.985673
vt 0.107831 0.983969
vt -0.074780 1.016461
vt -0.075535 1.016423
vt -0.074532 0.996288
vt -0.073777 0.996325
vt 0.050378 1.020160
vt 0.049622 1.020160
vt 0.049622 1.000000
vt 0.050378 1.000000
vt 0.125473 1.013936
vt 0.124718 1.013973
vt 0.123715 0.993838
vt 0.124470 0.993801
vt 0.075535 1.016423
vt 0.074780 1.016461
vt 0.073777 0.996325
vt 0.074532 0.996288
vt -0.049622 1.020160
vt -0.050378 1.020160
vt -0.050378 1.000000
vt -0.049622 1.000000
vt -0.124718 1.013973
vt -0.125473 1.013936
vt -0.124470 0.993801
vt -0.123715 0.993838
vt -0.050378 1.113945
vt -0.049622 1.113945
vt -0.049244 1.114600
vt -0.049622 1.115255
vt -0.050378 1.115255
vt -0.050756 1.114600
vt 0.050756 1.114600
vt 0.050378 1.115255
vt 0.049622 1.115255
vt 0.049244 1.114600
vt 0.049622 1.113945
vt 0.050378 1.113945
vt -0.112156 1.026077
vt -0.111753 1.025713
vt -0.111835 1.027831
vt -0.103593 1.024451
vt -0.103304 1.023446
vt -0.102917 1.025177
vt -0.099432 1.015284
vt -0.099361 1.014020
vt -0.098663 1.014693
vt -0.102239 1.004810
vt -0.102412 1.003779
vt -0.101658 1.003134
vt -0.110260 1.000452
vt -0.110618 1.000043
vt -0.110093 0.998340
vt -0.118499 1.003797
vt -0.118902 1.004161
vt -0.118820 1.002043
vt -0.123176 1.009303
vt -0.123465 1.010308
vt -0.123852 1.008578
vt -0.124570 1.012615
vt -0.124640 1.013879
vt -0.125338 1.013206
vt -0.123760 1.015575
vt -0.123587 1.016606
vt -0.124341 1.017250
vt -0.119894 1.021014
vt -0.119536 1.021423
vt -0.120061 1.023127
vt -0.100049 1.061671
vt -0.100605 1.059818
vt -0.099925 1.059233
vt -0.099657 1.061333
vt -0.061800 1.060457
vt -0.063031 1.059600
vt -0.062620 1.057897
vt -0.061563 1.059473
vt -0.047413 1.018835
vt -0.048792 1.019241
vt -0.048701 1.017051
vt -0.047360 1.017571
vt -0.057148 0.971517
vt -0.058357 0.972980
vt -0.058597 0.971244
vt -0.057287 0.970515
vt -0.091870 0.955205
vt -0.092441 0.957244
vt -0.093029 0.956566
vt -0.092210 0.954813
vt -0.124630 0.994690
vt -0.124075 0.996542
vt -0.124755 0.997128
vt -0.125023 0.995027
vt -0.124348 1.023716
vt -0.123117 1.024573
vt -0.123528 1.026276
vt -0.124585 1.024700
vt -0.120204 1.014535
vt -0.118825 1.014129
vt -0.118916 1.016319
vt -0.120257 1.015799
vt -0.123317 0.999848
vt -0.122108 0.998384
vt -0.121869 1.000120
vt -0.123179 1.000850
vt -0.126606 1.017119
vt -0.126035 1.015080
vt -0.125447 1.015758
vt -0.126266 1.017510
vt -0.051375 1.112219
vt -0.052803 1.110687
vt -0.052203 1.109914
vt -0.050856 1.111550
vt 0.009031 1.087445
vt 0.007053 1.086966
vt 0.007255 1.085029
vt 0.009205 1.085768
vt 0.018396 1.021545
vt 0.016378 1.021683
vt 0.016417 1.019153
vt 0.018430 1.019354
vt 0.012398 0.947983
vt 0.010416 0.948632
vt 0.010304 0.946688
vt 0.012301 0.946300
vt -0.029849 0.896913
vt -0.031486 0.898259
vt -0.031926 0.897385
vt -0.030230 0.896157
vt -0.120325 1.041729
vt -0.118898 1.043261
vt -0.119498 1.044033
vt -0.120845 1.042398
vt -0.088096 1.066421
vt -0.086119 1.066900
vt -0.086321 1.068836
vt -0.088271 1.068097
vt -0.081172 1.017800
vt -0.079154 1.017662
vt -0.079193 1.020193
vt -0.081206 1.019992
vt -0.085786 0.961160
vt -0.083804 0.960511
vt -0.083692 0.962455
vt -0.085689 0.962843
vt -0.111841 0.951298
vt -0.110204 0.949952
vt -0.109764 0.950825
vt -0.111460 0.952054
vt 0.119749 1.041528
vt 0.118321 1.043060
vt 0.117801 1.042391
vt 0.119149 1.040755
vt 0.086914 1.066115
vt 0.084937 1.066595
vt 0.084762 1.064918
vt 0.086712 1.064179
vt 0.079864 1.020182
vt 0.077845 1.020044
vt 0.077811 1.017853
vt 0.079824 1.017652
vt 0.084409 0.965146
vt 0.082427 0.964497
vt 0.082524 0.962814
vt 0.084522 0.963202
vt 0.110493 0.953236
vt 0.108856 0.951890
vt 0.109237 0.951134
vt 0.110933 0.952362
vt 0.051952 1.112420
vt 0.053380 1.110887
vt 0.053900 1.111556
vt 0.052552 1.113192
vt -0.007848 1.087751
vt -0.005871 1.087271
vt -0.005696 1.088948
vt -0.007647 1.089687
vt -0.017088 1.019163
vt -0.015069 1.019301
vt -0.015035 1.021493
vt -0.017048 1.021694
vt -0.011022 0.943997
vt -0.009039 0.944646
vt -0.009137 0.946329
vt -0.011134 0.945941
vt 0.031197 0.894975
vt 0.032834 0.896321
vt 0.032453 0.897077
vt 0.030757 0.895849
vt 0.124077 0.995024
vt 0.123522 0.996877
vt 0.123129 0.996539
vt 0.123397 0.994439
vt 0.122310 1.024453
vt 0.121079 1.025309
vt 0.120842 1.024326
vt 0.121899 1.022749
vt 0.117647 1.016371
vt 0.116268 1.015965
vt 0.116216 1.014701
vt 0.117556 1.014182
vt 0.120839 1.002056
vt 0.119630 1.000593
vt 0.119768 0.999590
vt 0.121078 1.000320
vt 0.125083 1.017938
vt 0.124513 1.015899
vt 0.124852 1.015507
vt 0.125671 1.017260
vt 0.100602 1.061337
vt 0.101157 1.059484
vt 0.101550 1.059822
vt 0.101282 1.061922
vt 0.063838 1.059720
vt 0.065069 1.058864
vt 0.065306 1.059847
vt 0.064249 1.061424
vt 0.049970 1.016998
vt 0.051349 1.017404
vt 0.051401 1.018669
vt 0.050061 1.019188
vt 0.059627 0.969309
vt 0.060836 0.970772
vt 0.060698 0.971775
vt 0.059388 0.971045
vt 0.093393 0.954386
vt 0.093963 0.956425
vt 0.093624 0.956816
vt 0.092805 0.955064
vt 0.118612 1.002242
vt 0.118291 1.003995
vt 0.118209 1.001878
vt 0.122943 1.009109
vt 0.122267 1.009834
vt 0.122654 1.008104
vt 0.124088 1.013909
vt 0.123319 1.013319
vt 0.124017 1.012646
vt 0.123205 1.017857
vt 0.122624 1.016182
vt 0.123378 1.016826
vt 0.119474 1.023363
vt 0.119307 1.021250
vt 0.119832 1.022954
vt 0.112042 1.027632
vt 0.112363 1.025879
vt 0.112445 1.027996
vt 0.103826 1.024646
vt 0.104502 1.023920
vt 0.104115 1.025651
vt 0.099914 1.013989
vt 0.100682 1.014580
vt 0.099984 1.015253
vt 0.102794 1.002528
vt 0.103375 1.004203
vt 0.102621 1.003559
vt 0.110680 0.998104
vt 0.110847 1.000216
vt 0.110322 0.998512
vt -0.041370 0.919349
vt -0.041867 0.918780
vt -0.024468 0.903586
vt -0.023970 0.904155
vt 0.029380 1.010420
vt 0.029050 1.009740
vt 0.049835 0.999660
vt 0.050165 1.000340
vt 0.096265 1.058564
vt 0.095708 1.058053
vt 0.111319 1.041027
vt 0.111876 1.041538
vt 0.041867 0.918780
vt 0.041370 0.919349
vt 0.023970 0.904155
vt 0.024468 0.903586
vt -0.029050 1.009740
vt -0.029380 1.010420
vt -0.050165 1.000340
vt -0.049835 0.999660
vt -0.095708 1.058053
vt -0.096265 1.058564
vt -0.111876 1.041538
vt -0.111319 1.041027
vt 0.115129 1.014883
vt 0.115081 1.014128
vt 0.115710 1.013709
vt 0.116388 1.014045
vt 0.116436 1.014799
vt 0.115807 1.015218
vt -0.115807 1.015218
vt -0.116436 1.014799
vt -0.116388 1.014045
vt -0.115710 1.013709
vt -0.115081 1.014128
vt -0.115129 1.014883
vt -0.112920 1.011342
vt -0.112517 1.010978
vt -0.112599 1.013096
vt -0.107047 1.011305
vt -0.106758 1.010300
vt -0.106371 1.012031
vt -0.103995 1.004934
vt -0.103925 1.003670
vt -0.103227 1.004343
vt -0.106031 0.997565
vt -0.106204 0.996533
vt -0.105450 0.995889
vt -0.111599 0.995433
vt -0.111956 0.995024
vt -0.111431 0.993320
vt -0.116579 0.998970
vt -0.116982 0.999334
vt -0.116901 0.997216
vt -0.118586 1.002535
vt -0.118875 1.003540
vt -0.119262 1.001809
vt -0.118884 1.002836
vt -0.118955 1.004100
vt -0.119653 1.003427
vt -0.118837 1.002906
vt -0.118664 1.003937
vt -0.119418 1.004581
vt -0.117402 1.006471
vt -0.117045 1.006880
vt -0.117570 1.008584
vt -0.104365 1.040612
vt -0.104921 1.038759
vt -0.104241 1.038174
vt -0.103973 1.040274
vt -0.073655 1.043947
vt -0.074886 1.043091
vt -0.074475 1.041387
vt -0.073418 1.042964
vt -0.061304 1.008167
vt -0.062683 1.008573
vt -0.062592 1.006383
vt -0.061252 1.006903
vt -0.069683 0.968355
vt -0.070892 0.969819
vt -0.071131 0.968083
vt -0.069821 0.967353
vt -0.098108 0.960226
vt -0.098678 0.962265
vt -0.099266 0.961587
vt -0.098447 0.959835
vt -0.119189 1.000565
vt -0.118633 1.002417
vt -0.119313 1.003003
vt -0.119581 1.000903
vt -0.111561 1.021817
vt -0.110330 1.022674
vt -0.110741 1.024377
vt -0.111798 1.022801
vt -0.105473 1.005060
vt -0.104094 1.004654
vt -0.104185 1.006844
vt -0.105526 1.006324
vt -0.109879 0.984600
vt -0.108670 0.983136
vt -0.108431 0.984872
vt -0.109741 0.985602
vt -0.119274 0.996910
vt -0.118703 0.994872
vt -0.118116 0.995549
vt -0.118935 0.997302
vt -0.064860 1.093810
vt -0.066287 1.092278
vt -0.065687 1.091505
vt -0.064340 1.093141
vt -0.010302 1.074802
vt -0.012279 1.074323
vt -0.012078 1.072387
vt -0.010128 1.073125
vt -0.001450 1.011155
vt -0.003469 1.011293
vt -0.003429 1.008762
vt -0.001416 1.008963
vt -0.007127 0.943106
vt -0.009109 0.943755
vt -0.009221 0.941811
vt -0.007224 0.941423
vt -0.045915 0.904298
vt -0.047552 0.905644
vt -0.047992 0.904770
vt -0.046296 0.903542
vt -0.105981 1.052069
vt -0.104554 1.053601
vt -0.105154 1.054373
vt -0.106501 1.052738
vt -0.068368 1.062445
vt -0.066390 1.062924
vt -0.066592 1.064861
vt -0.068542 1.064122
vt -0.061011 1.008034
vt -0.058993 1.007896
vt -0.059032 1.010426
vt -0.061045 1.010225
vt -0.065893 0.949418
vt -0.063911 0.948769
vt -0.063799 0.950713
vt -0.065796 0.951101
vt -0.095065 0.935829
vt -0.093428 0.934483
vt -0.092988 0.935357
vt -0.094684 0.936586
vt 0.105404 1.051868
vt 0.103977 1.053400
vt 0.103457 1.052731
vt 0.104804 1.051095
vt 0.067185 1.062140
vt 0.065208 1.062619
vt 0.065034 1.060942
vt 0.066984 1.060203
vt 0.059703 1.010416
vt 0.057685 1.010278
vt 0.057651 1.008086
vt 0.059664 1.007885
vt 0.064516 0.953404
vt 0.062534 0.952755
vt 0.062632 0.951072
vt 0.064629 0.951460
vt 0.093717 0.937767
vt 0.092080 0.936422
vt 0.092461 0.935665
vt 0.094157 0.936894
vt 0.065437 1.094011
vt 0.066864 1.092479
vt 0.067384 1.093148
vt 0.066037 1.094783
vt 0.011485 1.075108
vt 0.013462 1.074628
vt 0.013636 1.076305
vt 0.011686 1.077044
vt 0.002759 1.008773
vt 0.004777 1.008911
vt 0.004811 1.011102
vt 0.002798 1.011303
vt 0.008504 0.939120
vt 0.010486 0.939768
vt 0.010389 0.941452
vt 0.008391 0.941063
vt 0.047264 0.902360
vt 0.048901 0.903706
vt 0.048520 0.904462
vt 0.046824 0.903234
vt 0.118636 1.000899
vt 0.118081 1.002752
vt 0.117688 1.002414
vt 0.117956 1.000314
vt 0.109523 1.022554
vt 0.108292 1.023410
vt 0.108055 1.022427
vt 0.109112 1.020850
vt 0.102916 1.006897
vt 0.101537 1.006490
vt 0.101485 1.005226
vt 0.102825 1.004707
vt 0.107400 0.986808
vt 0.106191 0.985344
vt 0.106330 0.984342
vt 0.107640 0.985072
vt 0.117752 0.997729
vt 0.117181 0.995690
vt 0.117520 0.995299
vt 0.118339 0.997051
vt 0.104918 1.040277
vt 0.105473 1.038425
vt 0.105866 1.038762
vt 0.105598 1.040863
vt 0.075693 1.043211
vt 0.076924 1.042354
vt 0.077161 1.043338
vt 0.076104 1.044914
vt 0.063861 1.006331
vt 0.065240 1.006737
vt 0.065293 1.008001
vt 0.063953 1.008520
vt 0.072162 0.966147
vt 0.073371 0.967611
vt 0.073232 0.968613
vt 0.071922 0.967883
vt 0.099630 0.959408
vt 0.100201 0.961446
vt 0.099862 0.961838
vt 0.099042 0.960085
vt 0.116693 0.997415
vt 0.116372 0.999168
vt 0.116290 0.997051
vt 0.118353 1.002340
vt 0.117677 1.003066
vt 0.118064 1.001335
vt 0.118402 1.004131
vt 0.117633 1.003540
vt 0.118332 1.002867
vt 0.118282 1.005188
vt 0.117701 1.003513
vt 0.118455 1.004157
vt 0.116983 1.008820
vt 0.116815 1.006707
vt 0.117340 1.008411
vt 0.112807 1.012897
vt 0.113128 1.011143
vt 0.113210 1.013261
vt 0.107280 1.011500
vt 0.107956 1.010774
vt 0.107569 1.012505
vt 0.104477 1.003639
vt 0.105246 1.004230
vt 0.104548 1.004903
vt 0.106586 0.995282
vt 0.107167 0.996958
vt 0.106413 0.996314
vt 0.112018 0.993084
vt 0.112186 0.995197
vt 0.111661 0.993493
vt 0.088695 0.931711
vt 0.089192 0.931141
vt 0.106592 0.946335
vt 0.106094 0.946905
vt 0.029050 0.990260
vt 0.029380 0.989580
vt 0.050165 0.999660
vt 0.049835 1.000340
vt -0.050599 1.076087
vt -0.050042 1.075576
vt -0.034431 1.092603
vt -0.034988 1.093114
vt -0.089192 0.931141
vt -0.088695 0.931711
vt -0.106094 0.946905
vt -0.106592 0.946335
vt -0.029380 0.989580
vt -0.029050 0.990260
vt -0.049835 1.000340
vt -0.050165 0.999660
vt 0.050042 1.075576
vt 0.050599 1.076087
vt 0.034988 1.093114
vt 0.034431 1.092603
vt 0.112346 0.971335
vt 0.112297 0.970581
vt 0.112927 0.970162
vt 0.113604 0.970497
vt 0.113652 0.971252
vt 0.113023 0.971671
vt -0.113023 0.971671
vt -0.113652 0.971252
vt -0.113604 0.970497
vt -0.112927 0.970162
vt -0.112297 0.970581
vt -0.112346 0.971335
vt -0.111765 0.991780
vt -0.111362 0.991416
vt -0.111444 0.993533
vt -0.105911 0.991391
vt -0.105622 0.990386
vt -0.105235 0.992117
vt -0.102873 0.984805
vt -0.102803 0.983541
vt -0.102105 0.984214
vt -0.104899 0.977650
vt -0.105072 0.976619
vt -0.104318 0.975975
vt -0.110446 0.975871
vt -0.110804 0.975462
vt -0.110279 0.973758
vt -0.115424 0.979408
vt -0.115827 0.979772
vt -0.115745 0.977654
vt -0.117450 0.982621
vt -0.117739 0.983626
vt -0.118126 0.981895
vt -0.117762 0.982708
vt -0.117833 0.983971
vt -0.118531 0.983299
vt -0.117705 0.982992
vt -0.117532 0.984023
vt -0.118286 0.984667
vt -0.116250 0.986909
vt -0.115892 0.987318
vt -0.116417 0.989022
vt -0.103240 1.025427
vt -0.103796 1.023574
vt -0.103116 1.022989
vt -0.102847 1.025089
vt -0.072723 1.025539
vt -0.073954 1.024683
vt -0.073543 1.022979
vt -0.072486 1.024555
vt -0.060465 0.988025
vt -0.061844 0.988431
vt -0.061753 0.986241
vt -0.060412 0.986760
vt -0.068779 0.949946
vt -0.069988 0.951409
vt -0.070228 0.949673
vt -0.068917 0.948943
vt -0.097014 0.945040
vt -0.097584 0.947078
vt -0.098172 0.946401
vt -0.097353 0.944648
vt -0.118064 0.985380
vt -0.117508 0.987233
vt -0.118188 0.987818
vt -0.118456 0.985718
vt -0.110629 1.003409
vt -0.109398 1.004265
vt -0.109809 1.005969
vt -0.110866 1.004393
vt -0.104634 0.984917
vt -0.103255 0.984511
vt -0.103346 0.986701
vt -0.104686 0.986182
vt -0.108975 0.966190
vt -0.107766 0.964727
vt -0.107527 0.966462
vt -0.108837 0.967192
vt -0.118180 0.981724
vt -0.117609 0.979685
vt -0.117022 0.980363
vt -0.117841 0.982115
vt -0.064000 1.085741
vt -0.065428 1.084209
vt -0.064828 1.083437
vt -0.063480 1.085072
vt -0.009906 1.058184
vt -0.011883 1.057704
vt -0.011682 1.055768
vt -0.009732 1.056507
vt -0.001136 0.990997
vt -0.003154 0.991135
vt -0.003115 0.988605
vt -0.001102 0.988806
vt -0.006759 0.926487
vt -0.008741 0.927135
vt -0.008854 0.925192
vt -0.006857 0.924803
vt -0.045206 0.896215
vt -0.046843 0.897561
vt -0.047283 0.896687
vt -0.045587 0.895458
vt -0.105121 1.044000
vt -0.103694 1.045532
vt -0.104294 1.046304
vt -0.105641 1.044669
vt -0.067972 1.045826
vt -0.065995 1.046306
vt -0.066196 1.048242
vt -0.068146 1.047503
vt -0.060697 0.987876
vt -0.058679 0.987738
vt -0.058718 0.990269
vt -0.060731 0.990068
vt -0.065526 0.932798
vt -0.063544 0.932150
vt -0.063431 0.934093
vt -0.065428 0.934482
vt -0.094356 0.927746
vt -0.092719 0.926400
vt -0.092279 0.927274
vt -0.093975 0.928502
vt 0.104544 1.043799
vt 0.103117 1.045331
vt 0.102597 1.044662
vt 0.103944 1.043026
vt 0.066789 1.045521
vt 0.064812 1.046000
vt 0.064638 1.044324
vt 0.066588 1.043585
vt 0.059389 0.990258
vt 0.057371 0.990120
vt 0.057336 0.987929
vt 0.059349 0.987728
vt 0.064149 0.936785
vt 0.062167 0.936136
vt 0.062264 0.934453
vt 0.064261 0.934841
vt 0.093007 0.929684
vt 0.091370 0.928338
vt 0.091751 0.927582
vt 0.093447 0.928810
vt 0.064577 1.085942
vt 0.066004 1.084410
vt 0.066524 1.085079
vt 0.065177 1.086715
vt 0.011089 1.058489
vt 0.013066 1.058010
vt 0.013240 1.059687
vt 0.011290 1.060425
vt 0.002444 0.988615
vt 0.004462 0.988753
vt 0.004496 0.990945
vt 0.002484 0.991146
vt 0.008136 0.922501
vt 0.010118 0.923149
vt 0.010021 0.924832
vt 0.008024 0.924444
vt 0.046554 0.894277
vt 0.048191 0.895622
vt 0.047810 0.896379
vt 0.046114 0.895150
vt 0.117511 0.985714
vt 0.116955 0.987567
vt 0.116563 0.987229
vt 0.116831 0.985129
vt 0.108591 1.004146
vt 0.107360 1.005002
vt 0.107123 1.004018
vt 0.108180 1.002442
vt 0.102077 0.986754
vt 0.100698 0.986348
vt 0.100645 0.985084
vt 0.101986 0.984564
vt 0.106497 0.968398
vt 0.105288 0.966935
vt 0.105426 0.965932
vt 0.106736 0.966662
vt 0.116658 0.982542
vt 0.116087 0.980504
vt 0.116426 0.980112
vt 0.117245 0.981865
vt 0.103793 1.025093
vt 0.104348 1.023240
vt 0.104741 1.023578
vt 0.104473 1.025678
vt 0.074761 1.024802
vt 0.075992 1.023946
vt 0.076229 1.024930
vt 0.075172 1.026506
vt 0.063022 0.986188
vt 0.064401 0.986594
vt 0.064454 0.987858
vt 0.063113 0.988378
vt 0.071258 0.947738
vt 0.072467 0.949201
vt 0.072329 0.950203
vt 0.071019 0.949474
vt 0.098536 0.944221
vt 0.099107 0.946260
vt 0.098767 0.946651
vt 0.097948 0.944899
vt 0.115538 0.977853
vt 0.115217 0.979606
vt 0.115135 0.977489
vt 0.117218 0.982426
vt 0.116542 0.983152
vt 0.116929 0.981421
vt 0.117280 0.984002
vt 0.116512 0.983411
vt 0.117210 0.982738
vt 0.117150 0.985274
vt 0.116569 0.983598
vt 0.117323 0.984242
vt 0.115830 0.989258
vt 0.115663 0.987145
vt 0.116188 0.988849
vt 0.111652 0.993335
vt 0.111973 0.991581
vt 0.112055 0.993699
vt 0.106144 0.991586
vt 0.106820 0.990860
vt 0.106433 0.992591
vt 0.103356 0.983511
vt 0.104124 0.984101
vt 0.103426 0.984774
vt 0.105454 0.975368
vt 0.106035 0.977043
vt 0.105281 0.976399
vt 0.110866 0.973522
vt 0.111033 0.975635
vt 0.110508 0.973931
vt -0.113662 1.002334
vt -0.113335 1.001969
vt -0.113478 1.004915
vt -0.108091 1.001985
vt -0.107808 1.000946
vt -0.107575 1.003517
vt -0.104303 0.997873
vt -0.104141 0.996435
vt -0.103598 0.997935
vt -0.103878 0.991789
vt -0.103877 0.990341
vt -0.103169 0.990359
vt -0.106989 0.986703
vt -0.107151 0.985638
vt -0.106463 0.984175
vt -0.112334 0.984848
vt -0.112617 0.984447
vt -0.112134 0.981905
vt -0.117779 0.986242
vt -0.118107 0.986607
vt -0.117963 0.983661
vt -0.121657 0.988964
vt -0.121939 0.990003
vt -0.122173 0.987432
vt -0.123554 0.991291
vt -0.123716 0.992730
vt -0.124258 0.991229
vt -0.123746 0.993261
vt -0.123747 0.994708
vt -0.124454 0.994691
vt -0.122281 0.995953
vt -0.122120 0.997018
vt -0.122808 0.998481
vt -0.118863 0.999549
vt -0.118580 0.999950
vt -0.119063 1.002492
vt -0.107588 1.030221
vt -0.107937 1.027558
vt -0.107336 1.026938
vt -0.107263 1.029885
vt -0.084338 1.032329
vt -0.085332 1.030637
vt -0.084849 1.028788
vt -0.084076 1.031329
vt -0.069490 1.012024
vt -0.070788 1.011803
vt -0.070528 1.009155
vt -0.069349 1.010591
vt -0.067972 0.982640
vt -0.069286 0.983953
vt -0.069284 0.981292
vt -0.067971 0.981200
vt -0.080000 0.959376
vt -0.081054 0.961812
vt -0.081325 0.959921
vt -0.080146 0.958352
vt -0.102353 0.956156
vt -0.102816 0.959067
vt -0.103330 0.958373
vt -0.102631 0.955780
vt -0.122068 0.974463
vt -0.121719 0.977126
vt -0.122320 0.977746
vt -0.122393 0.974799
vt -0.128487 0.992488
vt -0.127493 0.994181
vt -0.127976 0.996029
vt -0.128748 0.993489
vt -0.127996 0.995446
vt -0.126698 0.995667
vt -0.126958 0.998315
vt -0.128137 0.996879
vt -0.127823 0.990504
vt -0.126508 0.989190
vt -0.126510 0.991851
vt -0.127824 0.991944
vt -0.128660 0.991927
vt -0.127605 0.989491
vt -0.127334 0.991382
vt -0.128513 0.992951
vt -0.124654 1.008749
vt -0.124190 1.005838
vt -0.123677 1.006532
vt -0.124376 1.009125
vt -0.095833 1.062379
vt -0.096611 1.059659
vt -0.095851 1.058951
vt -0.095251 1.061837
vt -0.045695 1.066722
vt -0.047577 1.065085
vt -0.047082 1.062803
vt -0.045316 1.064976
vt -0.024127 1.026310
vt -0.026313 1.025990
vt -0.026078 1.022550
vt -0.023947 1.023677
vt -0.022270 0.974739
vt -0.024473 0.975717
vt -0.024472 0.972269
vt -0.022269 0.972100
vt -0.038680 0.930869
vt -0.040652 0.932856
vt -0.040920 0.930536
vt -0.038885 0.929093
vt -0.082874 0.922356
vt -0.083973 0.925092
vt -0.084596 0.924261
vt -0.083351 0.921720
vt -0.126418 0.982228
vt -0.125640 0.984948
vt -0.126400 0.985657
vt -0.127000 0.982770
vt -0.121239 1.021341
vt -0.119357 1.022978
vt -0.119852 1.025260
vt -0.121618 1.023088
vt -0.112262 1.009140
vt -0.110076 1.009460
vt -0.110310 1.012900
vt -0.112441 1.011773
vt -0.111371 0.980555
vt -0.109168 0.979577
vt -0.109170 0.983025
vt -0.111373 0.983195
vt -0.118745 0.965019
vt -0.116773 0.963032
vt -0.116505 0.965352
vt -0.118540 0.966795
vt -0.128049 0.994597
vt -0.126950 0.991861
vt -0.126327 0.992692
vt -0.127572 0.995233
vt 0.049139 1.109239
vt 0.046204 1.109291
vt 0.046006 1.108264
vt 0.048955 1.108290
vt 0.015968 1.086109
vt 0.013178 1.085345
vt 0.013398 1.082964
vt 0.016172 1.083909
vt 0.026832 1.032262
vt 0.023979 1.032103
vt 0.024070 1.028395
vt 0.026916 1.028836
vt 0.027623 0.971841
vt 0.024767 0.972211
vt 0.024767 0.968501
vt 0.027623 0.968413
vt 0.019905 0.916897
vt 0.017092 0.917717
vt 0.016979 0.915329
vt 0.019800 0.914691
vt -0.019528 0.882774
vt -0.021965 0.884436
vt -0.022371 0.883471
vt -0.019903 0.881883
vt -0.051880 1.115166
vt -0.048946 1.115114
vt -0.048747 1.116141
vt -0.051696 1.116115
vt -0.084451 1.066590
vt -0.081661 1.067354
vt -0.081881 1.069735
vt -0.084654 1.068790
vt -0.075925 1.024644
vt -0.073072 1.024803
vt -0.073164 1.028512
vt -0.076010 1.028071
vt -0.075290 0.970053
vt -0.072434 0.969683
vt -0.072435 0.973393
vt -0.075291 0.973481
vt -0.081495 0.927496
vt -0.078683 0.926676
vt -0.078569 0.929064
vt -0.081391 0.929702
vt -0.107535 0.932239
vt -0.105098 0.930577
vt -0.104691 0.931542
vt -0.107159 0.933130
vt 0.051655 1.113382
vt 0.048721 1.113329
vt 0.048904 1.112380
vt 0.051854 1.112354
vt 0.082351 1.063726
vt 0.079561 1.064489
vt 0.079358 1.062290
vt 0.082131 1.061345
vt 0.073749 1.025588
vt 0.070896 1.025746
vt 0.070812 1.022320
vt 0.073658 1.021879
vt 0.073093 0.976301
vt 0.070237 0.975931
vt 0.070236 0.972504
vt 0.073092 0.972592
vt 0.079307 0.935046
vt 0.076495 0.934226
vt 0.076599 0.932019
vt 0.079420 0.932658
vt 0.105574 0.935452
vt 0.103137 0.933791
vt 0.103512 0.932899
vt 0.105980 0.934488
vt -0.048914 1.111023
vt -0.045979 1.111076
vt -0.046163 1.112025
vt -0.049112 1.112051
vt -0.013868 1.088973
vt -0.011078 1.088210
vt -0.010875 1.090409
vt -0.013648 1.091354
vt -0.024656 1.031318
vt -0.021803 1.031160
vt -0.021718 1.034586
vt -0.024564 1.035027
vt -0.025425 0.965593
vt -0.022569 0.965963
vt -0.022568 0.969390
vt -0.025425 0.969302
vt -0.017717 0.909347
vt -0.014904 0.910167
vt -0.015009 0.912374
vt -0.017830 0.911736
vt 0.021489 0.879561
vt 0.023926 0.881222
vt 0.023550 0.882113
vt 0.021083 0.880525
vt 0.124761 0.982386
vt 0.123982 0.985106
vt 0.123401 0.984564
vt 0.124001 0.981678
vt 0.116899 1.020835
vt 0.115016 1.022472
vt 0.114637 1.020725
vt 0.116404 1.018553
vt 0.107137 1.010791
vt 0.104951 1.011111
vt 0.104771 1.008478
vt 0.106902 1.007351
vt 0.106148 0.985347
vt 0.103945 0.984369
vt 0.103944 0.981729
vt 0.106147 0.981899
vt 0.114004 0.970047
vt 0.112031 0.968059
vt 0.112236 0.966283
vt 0.114271 0.967726
vt 0.125290 0.996200
vt 0.124191 0.993464
vt 0.124668 0.992828
vt 0.125913 0.995369
vt 0.097490 1.062222
vt 0.098269 1.059501
vt 0.098850 1.060043
vt 0.098250 1.062930
vt 0.050035 1.067228
vt 0.051917 1.065591
vt 0.052296 1.067338
vt 0.050530 1.069510
vt 0.029252 1.024659
vt 0.031438 1.024339
vt 0.031617 1.026973
vt 0.029486 1.028100
vt 0.027493 0.969947
vt 0.029696 0.970926
vt 0.029698 0.973565
vt 0.027495 0.973396
vt 0.043421 0.925841
vt 0.045394 0.927829
vt 0.045189 0.929604
vt 0.043154 0.928161
vt 0.085633 0.920753
vt 0.086732 0.923488
vt 0.086255 0.924124
vt 0.085010 0.921583
vt 0.120923 0.974908
vt 0.120575 0.977571
vt 0.120249 0.977236
vt 0.120323 0.974288
vt 0.124790 0.993438
vt 0.123795 0.995131
vt 0.123534 0.994130
vt 0.124306 0.991590
vt 0.123038 0.997292
vt 0.121740 0.997513
vt 0.121599 0.996080
vt 0.122778 0.994644
vt 0.122710 0.993255
vt 0.121395 0.991942
vt 0.121394 0.990502
vt 0.122708 0.990595
vt 0.124461 0.994316
vt 0.123406 0.991879
vt 0.123553 0.990856
vt 0.124732 0.992425
vt 0.122670 1.009530
vt 0.122206 1.006618
vt 0.122484 1.006243
vt 0.123183 1.008836
vt 0.108732 1.029776
vt 0.109081 1.027113
vt 0.109406 1.027448
vt 0.109333 1.030396
vt 0.088035 1.031379
vt 0.089029 1.029687
vt 0.089291 1.030687
vt 0.088518 1.033228
vt 0.074448 1.010179
vt 0.075746 1.009958
vt 0.075887 1.011391
vt 0.074708 1.012827
vt 0.073085 0.979888
vt 0.074399 0.981201
vt 0.074400 0.982641
vt 0.073086 0.982549
vt 0.084199 0.956987
vt 0.085253 0.959424
vt 0.085106 0.960447
vt 0.083927 0.958878
vt 0.104337 0.955375
vt 0.104801 0.958287
vt 0.104523 0.958662
vt 0.103824 0.956069
vt 0.117558 0.983872
vt 0.117374 0.986453
vt 0.117231 0.983507
vt 0.120771 0.988012
vt 0.120255 0.989545
vt 0.120489 0.986973
vt 0.122250 0.992048
vt 0.121545 0.992110
vt 0.122087 0.990609
vt 0.122367 0.995552
vt 0.121659 0.994122
vt 0.122366 0.994104
vt 0.121188 0.999130
vt 0.120661 0.996602
vt 0.121349 0.998065
vt 0.118354 1.002731
vt 0.118153 0.999788
vt 0.118637 1.002330
vt 0.113883 1.004704
vt 0.114067 1.002123
vt 0.114211 1.005069
vt 0.108977 1.002937
vt 0.109492 1.001404
vt 0.109259 1.003976
vt 0.105607 0.997117
vt 0.106312 0.997055
vt 0.105770 0.998555
vt 0.105257 0.989498
vt 0.105965 0.990928
vt 0.105258 0.990945
vt 0.108083 0.983527
vt 0.108610 0.986054
vt 0.107922 0.984591
vt 0.112844 0.981667
vt 0.113044 0.984609
vt 0.112561 0.982068
vt -0.107958 0.995005
vt -0.106756 0.994696
vt -0.107023 0.999695
vt -0.106699 0.996055
vt -0.105640 0.995041
vt -0.104663 0.999722
vt -0.105390 0.996271
vt -0.104635 0.994706
vt -0.102573 0.998356
vt -0.104437 0.995604
vt -0.104098 0.993728
vt -0.101270 0.995794
vt -0.104138 0.994427
vt -0.104262 0.992525
vt -0.101094 0.992696
vt -0.104555 0.993318
vt -0.105127 0.991678
vt -0.102090 0.989928
vt -0.105508 0.992761
vt -0.106444 0.991631
vt -0.103999 0.988223
vt -0.106651 0.992894
vt -0.107809 0.992449
vt -0.106337 0.987899
vt -0.107636 0.993442
vt -0.108838 0.993751
vt -0.108571 0.988752
vt -0.108279 0.993892
vt -0.109338 0.994906
vt -0.110315 0.990225
vt -0.108615 0.993834
vt -0.109370 0.995398
vt -0.111432 0.991749
vt -0.108809 0.993239
vt -0.109149 0.995115
vt -0.111976 0.993049
vt -0.108999 0.992477
vt -0.108874 0.994379
vt -0.112042 0.994208
vt -0.109181 0.992090
vt -0.108609 0.993731
vt -0.111646 0.995481
vt -0.109197 0.992469
vt -0.108262 0.993599
vt -0.110707 0.997007
vt -0.108829 0.993592
vt -0.107671 0.994038
vt -0.109143 0.998588
vt -0.106050 1.009167
vt -0.107033 1.004445
vt -0.104752 1.003850
vt -0.104851 1.008854
vt -0.097792 1.014486
vt -0.100083 1.010796
vt -0.098124 1.008828
vt -0.096762 1.013451
vt -0.089647 1.011890
vt -0.092786 1.009785
vt -0.091442 1.006778
vt -0.088940 1.010309
vt -0.084504 1.002641
vt -0.087999 1.002388
vt -0.087411 0.998811
vt -0.084195 1.000760
vt -0.083665 0.990538
vt -0.087065 0.992144
vt -0.087280 0.988525
vt -0.083778 0.988635
vt -0.087280 0.980029
vt -0.090153 0.983266
vt -0.091160 0.980129
vt -0.087810 0.978380
vt -0.094475 0.975133
vt -0.096377 0.979562
vt -0.098087 0.977374
vt -0.095375 0.973983
vt -0.102880 0.977916
vt -0.103417 0.982892
vt -0.105605 0.982013
vt -0.104030 0.977454
vt -0.109079 0.986303
vt -0.108096 0.991025
vt -0.110377 0.991620
vt -0.110279 0.986615
vt -0.111248 0.994475
vt -0.108958 0.998165
vt -0.110917 1.000133
vt -0.112278 0.995510
vt -0.110650 0.997680
vt -0.107511 0.999786
vt -0.108855 1.002793
vt -0.111357 0.999262
vt -0.109620 0.995575
vt -0.106126 0.995828
vt -0.106714 0.999405
vt -0.109930 0.997456
vt -0.109604 0.991164
vt -0.106203 0.989558
vt -0.105988 0.993176
vt -0.109490 0.993066
vt -0.110770 0.988559
vt -0.107897 0.985323
vt -0.106890 0.988459
vt -0.110240 0.990208
vt -0.112015 0.991101
vt -0.110114 0.986673
vt -0.108403 0.988860
vt -0.111116 0.992251
vt -0.111086 0.999286
vt -0.110549 0.994310
vt -0.108361 0.995189
vt -0.109936 0.999749
vt -0.104139 1.022052
vt -0.105267 1.017293
vt -0.102148 1.016419
vt -0.101873 1.021417
vt -0.085255 1.037363
vt -0.088101 1.033767
vt -0.085610 1.030906
vt -0.083445 1.035284
vt -0.068698 1.031170
vt -0.072426 1.029172
vt -0.070857 1.024944
vt -0.067559 1.028098
vt -0.059769 1.011526
vt -0.063808 1.011217
vt -0.063156 1.006274
vt -0.059295 1.007935
vt -0.058425 0.987140
vt -0.062411 0.988472
vt -0.062648 0.983492
vt -0.058597 0.983522
vt -0.064530 0.965510
vt -0.068117 0.968330
vt -0.069270 0.963971
vt -0.065367 0.962342
vt -0.078435 0.954657
vt -0.081125 0.958733
vt -0.083243 0.955586
vt -0.079974 0.952370
vt -0.097341 0.963101
vt -0.098385 0.967996
vt -0.101331 0.966650
vt -0.099482 0.962123
vt -0.109543 0.989135
vt -0.108416 0.993893
vt -0.111534 0.994768
vt -0.111809 0.989770
vt -0.107840 1.010694
vt -0.104995 1.014290
vt -0.107485 1.017151
vt -0.109650 1.012773
vt -0.101102 1.013655
vt -0.097374 1.015653
vt -0.098942 1.019881
vt -0.102241 1.016727
vt -0.096622 1.002368
vt -0.092583 1.002678
vt -0.093235 1.007620
vt -0.097096 1.005959
vt -0.096259 0.985950
vt -0.092273 0.984618
vt -0.092036 0.989598
vt -0.096087 0.989568
vt -0.100148 0.973479
vt -0.096560 0.970658
vt -0.095408 0.975017
vt -0.099311 0.976646
vt -0.107225 0.973751
vt -0.104535 0.969674
vt -0.102418 0.972822
vt -0.105687 0.976038
vt -0.112047 0.992832
vt -0.111003 0.987937
vt -0.108057 0.989282
vt -0.109907 0.993809
vt -0.098936 1.041178
vt -0.100493 1.036471
vt -0.096917 1.035181
vt -0.095895 1.040081
vt -0.060347 1.066377
vt -0.064114 1.063351
vt -0.061774 1.059597
vt -0.058356 1.063184
vt -0.038086 1.050314
vt -0.042512 1.048781
vt -0.041235 1.043666
vt -0.037000 1.045964
vt -0.028899 1.019354
vt -0.033500 1.019083
vt -0.033000 1.013248
vt -0.028474 1.014390
vt -0.027645 0.984076
vt -0.032227 0.984969
vt -0.032407 0.979116
vt -0.027799 0.979097
vt -0.033691 0.951558
vt -0.038076 0.953554
vt -0.038992 0.948362
vt -0.034470 0.947142
vt -0.050616 0.930461
vt -0.054427 0.933626
vt -0.056315 0.929626
vt -0.052222 0.927058
vt -0.084952 0.940122
vt -0.087010 0.944684
vt -0.090222 0.942652
vt -0.087684 0.938393
vt -0.109434 1.001710
vt -0.107878 1.006418
vt -0.111453 1.007707
vt -0.112476 1.002807
vt -0.093995 1.040834
vt -0.090229 1.043860
vt -0.092569 1.047614
vt -0.095986 1.044027
vt -0.079545 1.035818
vt -0.075119 1.037352
vt -0.076397 1.042466
vt -0.080631 1.040169
vt -0.073078 1.010891
vt -0.068477 1.011163
vt -0.068977 1.016997
vt -0.073503 1.015855
vt -0.072527 0.980154
vt -0.067946 0.979260
vt -0.067765 0.985113
vt -0.072374 0.985133
vt -0.077621 0.954284
vt -0.073235 0.952288
vt -0.072319 0.957480
vt -0.076841 0.958700
vt -0.090217 0.945114
vt -0.086407 0.941948
vt -0.084519 0.945949
vt -0.088611 0.948516
vt -0.109204 0.972925
vt -0.107146 0.968363
vt -0.103934 0.970395
vt -0.106473 0.974654
vt 0.021329 1.106303
vt 0.016331 1.106457
vt 0.016171 1.102468
vt 0.021176 1.102510
vt -0.010811 1.089709
vt -0.015617 1.088385
vt -0.014574 1.083877
vt -0.009819 1.085421
vt 0.001395 1.060642
vt -0.003537 1.060051
vt -0.003049 1.054549
vt 0.001859 1.055410
vt 0.005299 1.023164
vt 0.000342 1.023054
vt 0.000525 1.016903
vt 0.005473 1.017313
vt 0.005802 0.982794
vt 0.000846 0.983110
vt 0.000781 0.976956
vt 0.005739 0.976941
vt 0.003314 0.944658
vt -0.001616 0.945389
vt -0.001959 0.939877
vt 0.002987 0.939415
vt -0.004975 0.914160
vt -0.009810 0.915433
vt -0.010597 0.910873
vt -0.005724 0.909823
vt -0.023125 1.102088
vt -0.018119 1.102142
vt -0.018355 1.106127
vt -0.023349 1.105877
vt -0.023325 1.105644
vt -0.018327 1.105490
vt -0.018167 1.109478
vt -0.023172 1.109437
vt -0.054645 1.078626
vt -0.049839 1.079950
vt -0.050883 1.084458
vt -0.055638 1.082914
vt -0.044157 1.055082
vt -0.039224 1.055673
vt -0.039713 1.061174
vt -0.044621 1.060314
vt -0.040785 1.017544
vt -0.035827 1.017654
vt -0.036010 1.023805
vt -0.040959 1.023395
vt -0.040506 0.975830
vt -0.035550 0.975513
vt -0.035485 0.981667
vt -0.040443 0.981682
vt -0.043022 0.938535
vt -0.038093 0.937804
vt -0.037749 0.943316
vt -0.042695 0.943778
vt -0.050862 0.914074
vt -0.046027 0.912801
vt -0.045240 0.917361
vt -0.050114 0.918411
vt 0.021084 1.109858
vt 0.016078 1.109804
vt 0.016315 1.105820
vt 0.021309 1.106069
vt 0.023148 1.107337
vt 0.018150 1.107183
vt 0.018302 1.103390
vt 0.023308 1.103348
vt 0.053730 1.078053
vt 0.048924 1.079377
vt 0.047932 1.075089
vt 0.052687 1.073545
vt 0.042743 1.055334
vt 0.037811 1.055925
vt 0.037346 1.050693
vt 0.042255 1.049832
vt 0.039113 1.021423
vt 0.034156 1.021532
vt 0.033982 1.015682
vt 0.038930 1.015271
vt 0.038632 0.983990
vt 0.033677 0.983674
vt 0.033740 0.977821
vt 0.038698 0.977836
vt 0.040932 0.949075
vt 0.036002 0.948344
vt 0.036329 0.943101
vt 0.041275 0.943563
vt 0.048446 0.923595
vt 0.043611 0.922322
vt 0.044359 0.917985
vt 0.049233 0.919035
vt -0.021336 1.103773
vt -0.016330 1.103719
vt -0.016105 1.107509
vt -0.021099 1.107758
vt -0.021152 1.104610
vt -0.016154 1.104764
vt -0.016306 1.108557
vt -0.021312 1.108598
vt 0.011726 1.090282
vt 0.016532 1.088958
vt 0.017525 1.093246
vt 0.012770 1.094790
vt 0.000019 1.060390
vt 0.004951 1.059799
vt 0.005415 1.065031
vt 0.000507 1.065891
vt -0.003627 1.019285
vt 0.001330 1.019176
vt 0.001504 1.025026
vt -0.003444 1.025437
vt -0.003928 0.974634
vt 0.001027 0.974950
vt 0.000965 0.980802
vt -0.003994 0.980787
vt -0.001223 0.934118
vt 0.003706 0.934849
vt 0.003379 0.940092
vt -0.001567 0.939630
vt 0.007392 0.904639
vt 0.012227 0.905912
vt 0.011478 0.910249
vt 0.006605 0.909200
vt 0.023376 1.108173
vt 0.018371 1.108227
vt 0.018146 1.104437
vt 0.023140 1.104188
vt 0.110793 1.002502
vt 0.109237 1.007210
vt 0.106196 1.006113
vt 0.107218 1.001213
vt 0.092049 1.041451
vt 0.088282 1.044478
vt 0.086292 1.041284
vt 0.089709 1.037698
vt 0.076037 1.037117
vt 0.071611 1.038650
vt 0.070525 1.034300
vt 0.074759 1.032002
vt 0.068745 1.014868
vt 0.064144 1.015139
vt 0.063719 1.010176
vt 0.068245 1.009033
vt 0.067649 0.987252
vt 0.063068 0.986358
vt 0.063221 0.981380
vt 0.067830 0.981399
vt 0.072335 0.962841
vt 0.067950 0.960846
vt 0.068729 0.956430
vt 0.073251 0.957650
vt 0.084719 0.952130
vt 0.080908 0.948965
vt 0.082514 0.945562
vt 0.086607 0.948130
vt 0.104416 0.975619
vt 0.102358 0.971057
vt 0.105090 0.969328
vt 0.107628 0.973587
vt 0.097577 1.040386
vt 0.099134 1.035679
vt 0.102175 1.036776
vt 0.101152 1.041675
vt 0.062293 1.065760
vt 0.066060 1.062734
vt 0.068051 1.065927
vt 0.064634 1.069513
vt 0.041594 1.049016
vt 0.046020 1.047482
vt 0.047107 1.051833
vt 0.042872 1.054130
vt 0.033233 1.015377
vt 0.037833 1.015106
vt 0.038258 1.020069
vt 0.033732 1.021212
vt 0.032523 0.976977
vt 0.037105 0.977871
vt 0.036952 0.982850
vt 0.032343 0.982830
vt 0.038976 0.943001
vt 0.043362 0.944996
vt 0.042582 0.949412
vt 0.038060 0.948192
vt 0.056115 0.923445
vt 0.059926 0.926610
vt 0.058320 0.930013
vt 0.054227 0.927445
vt 0.089740 0.937427
vt 0.091799 0.941990
vt 0.089067 0.943719
vt 0.086529 0.939460
vt 0.110649 0.989807
vt 0.109522 0.994565
vt 0.107256 0.993930
vt 0.107531 0.988933
vt 0.105908 1.012148
vt 0.103062 1.015744
vt 0.101253 1.013665
vt 0.103417 1.009287
vt 0.097083 1.015887
vt 0.093355 1.017885
vt 0.092216 1.014813
vt 0.095514 1.011659
vt 0.091348 1.006117
vt 0.087309 1.006426
vt 0.086835 1.002835
vt 0.090696 1.001174
vt 0.090281 0.991253
vt 0.086295 0.989921
vt 0.086467 0.986303
vt 0.090518 0.986274
vt 0.093942 0.979173
vt 0.090355 0.976352
vt 0.091192 0.973184
vt 0.095095 0.974813
vt 0.101472 0.977981
vt 0.098782 0.973905
vt 0.100321 0.971618
vt 0.103589 0.974834
vt 0.107949 0.994321
vt 0.106906 0.989426
vt 0.109046 0.988448
vt 0.110896 0.992975
vt 0.103033 1.021380
vt 0.104161 1.016622
vt 0.106427 1.017257
vt 0.106152 1.022254
vt 0.087187 1.035909
vt 0.090033 1.032313
vt 0.091842 1.034392
vt 0.089678 1.038770
vt 0.072717 1.028939
vt 0.076444 1.026941
vt 0.077584 1.030013
vt 0.074285 1.033167
vt 0.065043 1.007778
vt 0.069082 1.007469
vt 0.069556 1.011060
vt 0.065695 1.012720
vt 0.064403 0.981836
vt 0.068389 0.983169
vt 0.068216 0.986787
vt 0.064166 0.986816
vt 0.070736 0.959816
vt 0.074323 0.962636
vt 0.073486 0.965804
vt 0.069583 0.964175
vt 0.084188 0.950427
vt 0.086878 0.954503
vt 0.085340 0.956790
vt 0.082071 0.953574
vt 0.101439 0.961612
vt 0.102483 0.966507
vt 0.100342 0.967485
vt 0.098493 0.962958
vt 0.109794 0.986778
vt 0.108811 0.991500
vt 0.107612 0.991188
vt 0.107513 0.986183
vt 0.109905 0.995855
vt 0.107615 0.999545
vt 0.106585 0.998510
vt 0.107946 0.993886
vt 0.107606 0.999780
vt 0.104467 1.001886
vt 0.103760 1.000304
vt 0.106262 0.996773
vt 0.105417 0.998347
vt 0.101922 0.998599
vt 0.101613 0.996719
vt 0.104829 0.994770
vt 0.104808 0.994363
vt 0.101408 0.992757
vt 0.101521 0.990854
vt 0.105023 0.990744
vt 0.105978 0.991590
vt 0.103105 0.988353
vt 0.103635 0.986704
vt 0.106985 0.988454
vt 0.107907 0.993228
vt 0.106005 0.988800
vt 0.106905 0.987650
vt 0.109618 0.991041
vt 0.108397 1.000066
vt 0.107860 0.995089
vt 0.109010 0.994627
vt 0.110585 0.999186
vt 0.105335 1.008691
vt 0.106318 1.003969
vt 0.107518 1.004282
vt 0.107616 1.009286
vt 0.099135 1.013106
vt 0.101426 1.009416
vt 0.102456 1.010451
vt 0.101094 1.015074
vt 0.092691 1.009791
vt 0.095830 1.007685
vt 0.096536 1.009266
vt 0.094035 1.012798
vt 0.088707 0.999869
vt 0.092202 0.999617
vt 0.092511 1.001497
vt 0.089295 1.003446
vt 0.088460 0.987339
vt 0.091861 0.988945
vt 0.091748 0.990847
vt 0.088245 0.990957
vt 0.092072 0.976998
vt 0.094945 0.980235
vt 0.094415 0.981884
vt 0.091065 0.980134
vt 0.098583 0.973006
vt 0.100485 0.977435
vt 0.099585 0.978585
vt 0.096872 0.975193
vt 0.105569 0.977136
vt 0.106106 0.982113
vt 0.104956 0.982575
vt 0.103381 0.978016
vt 0.108818 0.988925
vt 0.107883 0.993616
vt 0.107616 0.988617
vt 0.109839 0.990779
vt 0.107803 0.994446
vt 0.108780 0.989765
vt 0.110312 0.992601
vt 0.107495 0.994685
vt 0.109557 0.991036
vt 0.110385 0.994080
vt 0.107218 0.994269
vt 0.110046 0.992204
vt 0.110220 0.995268
vt 0.107176 0.993536
vt 0.110345 0.993365
vt 0.109864 0.996403
vt 0.107399 0.993013
vt 0.110436 0.994762
vt 0.109235 0.997641
vt 0.107726 0.993103
vt 0.110170 0.996511
vt 0.108210 0.998833
vt 0.107896 0.993837
vt 0.109368 0.998388
vt 0.106776 0.999522
vt 0.107711 0.994831
vt 0.107978 0.999830
vt 0.105139 0.999168
vt 0.107175 0.995501
vt 0.106198 1.000182
vt 0.103693 0.997504
vt 0.106510 0.995419
vt 0.104448 0.999069
vt 0.102861 0.994763
vt 0.106028 0.994574
vt 0.103201 0.996639
vt 0.102916 0.991636
vt 0.105960 0.993368
vt 0.102792 0.993539
vt 0.103872 0.989005
vt 0.106337 0.992396
vt 0.103301 0.990646
vt 0.105471 0.987589
vt 0.106980 0.992127
vt 0.104535 0.988719
vt 0.107270 0.987654
vt 0.107584 0.992650
vt 0.106112 0.988099
usemtl Surface_4
f 4/4 2/2 1/1
usemtl Surface_4
f 3/3 2/2 4/4
usemtl Surface_0
f 8/8 6/6 5/5
usemtl Surface_0
f 7/7 6/6 8/8
usemtl Surface_4
f 12/12 10/10 9/9
usemtl Surface_4
f 11/11 10/10 12/12
usemtl Surface_0
f 16/16 14/14 13/13
usemtl Surface_0
f 15/15 14/14 16/16
usemtl Surface_4
f 20/20 18/18 17/17
usemtl Surface_4
f 19/19 18/18 20/20
usemtl Surface_0
f 24/24 22/22 21/21
usemtl Surface_0
f 23/23 22/22 24/24
usemtl Surface_4
f 28/28 26/26 25/25
usemtl Surface_4
f 27/27 26/26 28/28
usemtl Surface_0
f 32/32 30/30 29/29
usemtl Surface_0
f 31/31 30/30 32/32
usemtl Surface_4
f 36/36 34/34 33/33
usemtl Surface_4
f 35/35 34/34 36/36
usemtl Surface_0
f 40/40 38/38 37/37
usemtl Surface_0
f 39/39 38/38 40/40
usemtl Surface_4
f 44/44 42/42 41/41
usemtl Surface_4
f 43/43 42/42 44/44
usemtl Surface_0
f 48/48 46/46 45/45
usemtl Surface_0
f 47/47 46/46 48/48
usemtl Surface_4
f 52/52 50/50 49/49
usemtl Surface_4
f 51/51 50/50 52/52
usemtl Surface_0
f 56/56 54/54 53/53
usemtl Surface_0
f 55/55 54/54 56/56
usemtl Surface_4
f 60/60 58/58 57/57
usemtl Surface_4
f 59/59 58/58 60/60
usemtl Surface_0
f 64/64 62/62 61/61
usemtl Surface_0
f 63/63 62/62 64/64
usemtl Surface_4
f 68/68 66/66 65/65
usemtl Surface_4
f 67/67 66/66 68/68
usemtl Surface_0
f 72/72 70/70 69/69
usemtl Surface_0
f 71/71 70/70 72/72
usemtl Surface_4
f 76/76 74/74 73/73
usemtl Surface_4
f 75/75 74/74 76/76
usemtl Surface_0
f 80/80 78/78 77/77
usemtl Surface_0
f 79/79 78/78 80/80
usemtl Surface_4
f 84/84 82/82 81/81
usemtl Surface_4
f 83/83 82/82 84/84
usemtl Surface_0
f 88/88 86/86 85/85
usemtl Surface_0
f 87/87 86/86 88/88
usemtl Surface_4
f 92/92 90/90 89/89
usemtl Surface_4
f 91/91 90/90 92/92
usemtl Surface_0
f 96/96 94/94 93/93
usemtl Surface_0
f 95/95 94/94 96/96
usemtl Surface_4
f 100/100 98/98 97/97
usemtl Surface_4
f 99/99 98/98 100/100
usemtl Surface_0
f 104/104 102/102 101/101
usemtl Surface_0
f 103/103 102/102 104/104
usemtl Surface_4
f 108/108 106/106 105/105
usemtl Surface_4
f 107/107 106/106 108/108
usemtl Surface_0
f 112/112 110/110 109/109
usemtl Surface_0
f 111/111 110/110 112/112
usemtl Surface_4
f 116/116 114/114 113/113
usemtl Surface_4
f 115/115 114/114 116/116
usemtl Surface_0
f 120/120 118/118 117/117
usemtl Surface_0
f 119/119 118/118 120/120
usemtl Surface_4
f 124/124 122/122 121/121
usemtl Surface_4
f 123/123 122/122 124/124
usemtl Surface_0
f 128/128 126/126 125/125
usemtl Surface_0
f 127/127 126/126 128/128
usemtl Surface_4
f 132/132 130/130 129/129
usemtl Surface_4
f 131/131 130/130 132/132
usemtl Surface_0
f 136/136 134/134 133/133
usemtl Surface_0
f 135/135 134/134 136/136
usemtl Surface_4
f 140/140 138/138 137/137
usemtl Surface_4
f 139/139 138/138 140/140
usemtl Surface_0
f 144/144 142/142 141/141
usemtl Surface_0
f 143/143 142/142 144/144
usemtl Surface_4
f 148/148 146/146 145/145
usemtl Surface_4
f 147/147 146/146 148/148
usemtl Surface_0
f 152/152 150/150 149/149
usemtl Surface_0
f 151/151 150/150 152/152
usemtl Surface_4
f 156/156 154/154 153/153
usemtl Surface_4
f 155/155 154/154 156/156
usemtl Surface_0
f 160/160 158/158 157/157
usemtl Surface_0
f 159/159 158/158 160/160
usemtl Surface_4
f 164/164 162/162 161/161
usemtl Surface_4
f 163/163 162/162 164/164
usemtl Surface_0
f 168/168 166/166 165/165
usemtl Surface_0
f 167/167 166/166 168/168
usemtl Surface_4
f 172/172 170/170 169/169
usemtl Surface_4
f 171/171 170/170 172/172
usemtl Surface_0
f 176/176 174/174 173/173
usemtl Surface_0
f 175/175 174/174 176/176
usemtl Surface_4
f 180/180 178/178 177/177
usemtl Surface_4
f 179/179 178/178 180/180
usemtl Surface_0
f 184/184 182/182 181/181
usemtl Surface_0
f 183/183 182/182 184/184
usemtl Surface_4
f 188/188 186/186 185/185
usemtl Surface_4
f 187/187 186/186 188/188
usemtl Surface_0
f 192/192 190/190 189/189
usemtl Surface_0
f 191/191 190/190 192/192
usemtl Surface_0
f 196/196 194/194 193/193
usemtl Surface_0
f 195/195 194/194 196/196
usemtl Surface_0
f 200/200 198/198 197/197
usemtl Surface_0
f 199/199 198/198 200/200
usemtl Surface_0
f 204/204 202/202 201/201
usemtl Surface_0
f 203/203 202/202 204/204
usemtl Surface_0
f 208/208 206/206 205/205
usemtl Surface_0
f 207/207 206/206 208/208
usemtl Surface_0
f 212/212 210/210 209/209
usemtl Surface_0
f 211/211 210/210 212/212
usemtl Surface_0
f 216/216 214/214 213/213
usemtl Surface_0
f 215/215 214/214 216/216
usemtl Surface_0
f 220/220 218/218 217/217
usemtl Surface_0
f 219/219 218/218 220/220
usemtl Surface_0
f 224/224 222/222 221/221
usemtl Surface_0
f 223/223 222/222 224/224
usemtl Surface_0
f 228/228 226/226 225/225
usemtl Surface_0
f 227/227 226/226 228/228
usemtl Surface_0
f 232/232 230/230 229/229
usemtl Surface_0
f 231/231 230/230 232/232
usemtl Surface_0
f 236/236 234/234 233/233
usemtl Surface_0
f 235/235 234/234 236/236
usemtl Surface_0
f 240/240 238/238 237/237
usemtl Surface_0
f 239/239 238/238 240/240
usemtl Surface_0
f 244/244 242/242 241/241
usemtl Surface_0
f 243/243 242/242 244/244
usemtl Surface_0
f 248/248 246/246 245/245
usemtl Surface_0
f 247/247 246/246 248/248
usemtl Surface_0
f 252/252 250/250 249/249
usemtl Surface_0
f 251/251 250/250 252/252
usemtl Surface_0
f 256/256 254/254 253/253
usemtl Surface_0
f 255/255 254/254 256/256
usemtl Surface_0
f 260/260 258/258 257/257
usemtl Surface_0
f 259/259 258/258 260/260
usemtl Surface_0
f 264/264 262/262 261/261
usemtl Surface_0
f 263/263 262/262 264/264
usemtl Surface_0
f 268/268 266/266 265/265
usemtl Surface_0
f 267/267 266/266 268/268
usemtl Surface_0
f 272/272 270/270 269/269
usemtl Surface_0
f 271/271 270/270 272/272
usemtl Surface_0
f 276/276 274/274 273/273
usemtl Surface_0
f 275/275 274/274 276/276
usemtl Surface_0
f 280/280 278/278 277/277
usemtl Surface_0
f 279/279 278/278 280/280
usemtl Surface_0
f 284/284 282/282 281/281
usemtl Surface_0
f 283/283 282/282 284/284
usemtl Surface_0
f 288/288 286/286 285/285
usemtl Surface_0
f 287/287 286/286 288/288
usemtl Surface_0
f 292/292 290/290 289/289
usemtl Surface_0
f 291/291 290/290 292/292
usemtl Surface_0
f 296/296 294/294 293/293
usemtl Surface_0
f 295/295 294/294 296/296
usemtl Surface_0
f 300/300 298/298 297/297
usemtl Surface_0
f 299/299 298/298 300/300
usemtl Surface_0
f 304/304 302/302 301/301
usemtl Surface_0
f 303/303 302/302 304/304
usemtl Surface_0
f 308/308 306/306 305/305
usemtl Surface_0
f 307/307 306/306 308/308
usemtl Surface_0
f 312/312 310/310 309/309
usemtl Surface_0
f 311/311 310/310 312/312
usemtl Surface_0
f 316/316 314/314 313/313
usemtl Surface_0
f 315/315 314/314 316/316
usemtl Surface_0
f 320/320 318/318 317/317
usemtl Surface_0
f 319/319 318/318 320/320
usemtl Surface_0
f 324/324 322/322 321/321
usemtl Surface_0
f 323/323 322/322 324/324
usemtl Surface_0
f 328/328 326/326 325/325
usemtl Surface_0
f 327/327 326/326 328/328
usemtl Surface_0
f 332/332 330/330 329/329
usemtl Surface_0
f 331/331 330/330 332/332
usemtl Surface_0
f 336/336 334/334 333/333
usemtl Surface_0
f 335/335 334/334 336/336
usemtl Surface_0
f 340/340 338/338 337/337
usemtl Surface_0
f 339/339 338/338 340/340
usemtl Surface_0
f 344/344 342/342 341/341
usemtl Surface_0
f 343/343 342/342 344/344
usemtl Surface_0
f 348/348 346/346 345/345
usemtl Surface_0
f 347/347 346/346 348/348
usemtl Surface_0
f 352/352 350/350 349/349
usemtl Surface_0
f 351/351 350/350 352/352
usemtl Surface_0
f 356/356 354/354 353/353
usemtl Surface_0
f 355/355 354/354 356/356
usemtl Surface_0
f 360/360 358/358 357/357
usemtl Surface_0
f 359/359 358/358 360/360
usemtl Surface_0
f 364/364 362/362 361/361
usemtl Surface_0
f 363/363 362/362 364/364
usemtl Surface_0
f 368/368 366/366 365/365
usemtl Surface_0
f 367/367 366/366 368/368
usemtl Surface_0
f 372/372 370/370 369/369
usemtl Surface_0
f 371/371 370/370 372/372
usemtl Surface_0
f 376/376 374/374 373/373
usemtl Surface_0
f 375/375 374/374 376/376
usemtl Surface_0
f 380/380 378/378 377/377
usemtl Surface_0
f 379/379 378/378 380/380
usemtl Surface_0
f 384/384 382/382 381/381
usemtl Surface_0
f 383/383 382/382 384/384
usemtl Surface_0
f 388/388 386/386 385/385
usemtl Surface_0
f 387/387 386/386 388/388
usemtl Surface_0
f 392/392 390/390 389/389
usemtl Surface_0
f 391/391 390/390 392/392
usemtl Surface_0
f 396/396 394/394 393/393
usemtl Surface_0
f 395/395 394/394 396/396
usemtl Surface_0
f 400/400 398/398 397/397
usemtl Surface_0
f 399/399 398/398 400/400
usemtl Surface_0
f 404/404 402/402 401/401
usemtl Surface_0
f 403/403 402/402 404/404
usemtl Surface_0
f 408/408 406/406 405/405
usemtl Surface_0
f 407/407 406/406 408/408
usemtl Surface_0
f 412/412 410/410 409/409
usemtl Surface_0
f 411/411 410/410 412/412
usemtl Surface_0
f 416/416 414/414 413/413
usemtl Surface_0
f 415/415 414/414 416/416
usemtl Surface_0
f 420/420 418/418 417/417
usemtl Surface_0
f 419/419 418/418 420/420
usemtl Surface_0
f 424/424 422/422 421/421
usemtl Surface_0
f 423/423 422/422 424/424
usemtl Surface_0
f 428/428 426/426 425/425
usemtl Surface_0
f 427/427 426/426 428/428
usemtl Surface_0
f 432/432 430/430 429/429
usemtl Surface_0
f 431/431 430/430 432/432
usemtl Surface_0
f 436/436 434/434 433/433
usemtl Surface_0
f 435/435 434/434 436/436
usemtl Surface_0
f 440/440 438/438 437/437
usemtl Surface_0
f 439/439 438/438 440/440
usemtl Surface_0
f 444/444 442/442 441/441
usemtl Surface_0
f 443/443 442/442 444/444
usemtl Surface_0
f 448/448 446/446 445/445
usemtl Surface_0
f 447/447 446/446 448/448
usemtl Surface_0
f 452/452 450/450 449/449
usemtl Surface_0
f 451/451 450/450 452/452
usemtl Surface_0
f 456/456 454/454 453/453
usemtl Surface_0
f 455/455 454/454 456/456
usemtl Surface_0
f 460/460 458/458 457/457
usemtl Surface_0
f 459/459 458/458 460/460
usemtl Surface_0
f 464/464 462/462 461/461
usemtl Surface_0
f 463/463 462/462 464/464
usemtl Surface_0
f 468/468 466/466 465/465
usemtl Surface_0
f 467/467 466/466 468/468
usemtl Surface_0
f 472/472 470/470 469/469
usemtl Surface_0
f 471/471 470/470 472/472
usemtl Surface_0
f 476/476 474/474 473/473
usemtl Surface_0
f 475/475 474/474 476/476
usemtl Surface_0
f 480/480 478/478 477/477
usemtl Surface_0
f 479/479 478/478 480/480
usemtl Surface_0
f 484/484 482/482 481/481
usemtl Surface_0
f 483/483 482/482 484/484
usemtl Surface_0
f 488/488 486/486 485/485
usemtl Surface_0
f 487/487 486/486 488/488
usemtl Surface_0
f 492/492 490/490 489/489
usemtl Surface_0
f 491/491 490/490 492/492
usemtl Surface_0
f 496/496 494/494 493/493
usemtl Surface_0
f 495/495 494/494 496/496
usemtl Surface_0
f 500/500 498/498 497/497
usemtl Surface_0
f 499/499 498/498 500/500
usemtl Surface_0
f 504/504 502/502 501/501
usemtl Surface_0
f 503/503 502/502 504/504
usemtl Surface_0
f 508/508 506/506 505/505
usemtl Surface_0
f 507/507 506/506 508/508
usemtl Surface_0
f 512/512 510/510 509/509
usemtl Surface_0
f 511/511 510/510 512/512
usemtl Surface_0
f 516/516 514/514 513/513
usemtl Surface_0
f 515/515 514/514 516/516
usemtl Surface_0
f 520/520 518/518 517/517
usemtl Surface_0
f 519/519 518/518 520/520
usemtl Surface_0
f 524/524 522/522 521/521
usemtl Surface_0
f 523/523 522/522 524/524
usemtl Surface_0
f 528/528 526/526 525/525
usemtl Surface_0
f 527/527 526/526 528/528
usemtl Surface_0
f 532/532 530/530 529/529
usemtl Surface_0
f 531/531 530/530 532/532
usemtl Surface_0
f 536/536 534/534 533/533
usemtl Surface_0
f 535/535 534/534 536/536
usemtl Surface_0
f 540/540 538/538 537/537
usemtl Surface_0
f 539/539 538/538 540/540
usemtl Surface_0
f 544/544 542/542 541/541
usemtl Surface_0
f 543/543 542/542 544/544
usemtl Surface_0
f 548/548 546/546 545/545
usemtl Surface_0
f 547/547 546/546 548/548
usemtl Surface_0
f 552/552 550/550 549/549
usemtl Surface_0
f 551/551 550/550 552/552
usemtl Surface_0
f 556/556 554/554 553/553
usemtl Surface_0
f 555/555 554/554 556/556
usemtl Surface_0
f 560/560 558/558 557/557
usemtl Surface_0
f 559/559 558/558 560/560
usemtl Surface_0
f 564/564 562/562 561/561
usemtl Surface_0
f 563/563 562/562 564/564
usemtl Surface_0
f 568/568 566/566 565/565
usemtl Surface_0
f 567/567 566/566 568/568
usemtl Surface_0
f 572/572 570/570 569/569
usemtl Surface_0
f 571/571 570/570 572/572
usemtl Surface_0
f 576/576 574/574 573/573
usemtl Surface_0
f 575/575 574/574 576/576
usemtl Surface_4
f 580/580 578/578 577/577
usemtl Surface_4
f 579/579 578/578 580/580
usemtl Surface_0
f 584/584 582/582 581/581
usemtl Surface_0
f 583/583 582/582 584/584
usemtl Surface_4
f 588/588 586/586 585/585
usemtl Surface_4
f 587/587 586/586 588/588
usemtl Surface_0
f 592/592 590/590 589/589
usemtl Surface_0
f 591/591 590/590 592/592
usemtl Surface_4
f 596/596 594/594 593/593
usemtl Surface_4
f 595/595 594/594 596/596
usemtl Surface_0
f 600/600 598/598 597/597
usemtl Surface_0
f 599/599 598/598 600/600
usemtl Surface_4
f 604/604 602/602 601/601
usemtl Surface_4
f 603/603 602/602 604/604
usemtl Surface_0
f 608/608 606/606 605/605
usemtl Surface_0
f 607/607 606/606 608/608
usemtl Surface_4
f 612/612 610/610 609/609
usemtl Surface_4
f 611/611 610/610 612/612
usemtl Surface_0
f 616/616 614/614 613/613
usemtl Surface_0
f 615/615 614/614 616/616
usemtl Surface_4
f 620/620 618/618 617/617
usemtl Surface_4
f 619/619 618/618 620/620
usemtl Surface_0
f 624/624 622/622 621/621
usemtl Surface_0
f 623/623 622/622 624/624
usemtl Surface_4
f 628/628 626/626 625/625
usemtl Surface_4
f 627/627 626/626 628/628
usemtl Surface_0
f 632/632 630/630 629/629
usemtl Surface_0
f 631/631 630/630 632/632
usemtl Surface_4
f 636/636 634/634 633/633
usemtl Surface_4
f 635/635 634/634 636/636
usemtl Surface_0
f 640/640 638/638 637/637
usemtl Surface_0
f 639/639 638/638 640/640
usemtl Surface_4
f 644/644 642/642 641/641
usemtl Surface_4
f 643/643 642/642 644/644
usemtl Surface_0
f 648/648 646/646 645/645
usemtl Surface_0
f 647/647 646/646 648/648
usemtl Surface_4
f 652/652 650/650 649/649
usemtl Surface_4
f 651/651 650/650 652/652
usemtl Surface_0
f 656/656 654/654 653/653
usemtl Surface_0
f 655/655 654/654 656/656
usemtl Surface_4
f 660/660 658/658 657/657
usemtl Surface_4
f 659/659 658/658 660/660
usemtl Surface_0
f 664/664 662/662 661/661
usemtl Surface_0
f 663/663 662/662 664/664
usemtl Surface_4
f 668/668 666/666 665/665
usemtl Surface_4
f 667/667 666/666 668/668
usemtl Surface_0
f 672/672 670/670 669/669
usemtl Surface_0
f 671/671 670/670 672/672
usemtl Surface_4
f 676/676 674/674 673/673
usemtl Surface_4
f 675/675 674/674 676/676
usemtl Surface_0
f 680/680 678/678 677/677
usemtl Surface_0
f 679/679 678/678 680/680
usemtl Surface_4
f 684/684 682/682 681/681
usemtl Surface_4
f 683/683 682/682 684/684
usemtl Surface_0
f 688/688 686/686 685/685
usemtl Surface_0
f 687/687 686/686 688/688
usemtl Surface_4
f 692/692 690/690 689/689
usemtl Surface_4
f 691/691 690/690 692/692
usemtl Surface_0
f 696/696 694/694 693/693
usemtl Surface_0
f 695/695 694/694 696/696
usemtl Surface_4
f 700/700 698/698 697/697
usemtl Surface_4
f 699/699 698/698 700/700
usemtl Surface_0
f 704/704 702/702 701/701
usemtl Surface_0
f 703/703 702/702 704/704
usemtl Surface_4
f 708/708 706/706 705/705
usemtl Surface_4
f 707/707 706/706 708/708
usemtl Surface_0
f 712/712 710/710 709/709
usemtl Surface_0
f 711/711 710/710 712/712
usemtl Surface_4
f 716/716 714/714 713/713
usemtl Surface_4
f 715/715 714/714 716/716
usemtl Surface_0
f 720/720 718/718 717/717
usemtl Surface_0
f 719/719 718/718 720/720
usemtl Surface_4
f 724/724 722/722 721/721
usemtl Surface_4
f 723/723 722/722 724/724
usemtl Surface_0
f 728/728 726/726 725/725
usemtl Surface_0
f 727/727 726/726 728/728
usemtl Surface_4
f 732/732 730/730 729/729
usemtl Surface_4
f 731/731 730/730 732/732
usemtl Surface_0
f 736/736 734/734 733/733
usemtl Surface_0
f 735/735 734/734 736/736
usemtl Surface_4
f 740/740 738/738 737/737
usemtl Surface_4
f 739/739 738/738 740/740
usemtl Surface_0
f 744/744 742/742 741/741
usemtl Surface_0
f 743/743 742/742 744/744
usemtl Surface_4
f 748/748 746/746 745/745
usemtl Surface_4
f 747/747 746/746 748/748
usemtl Surface_0
f 752/752 750/750 749/749
usemtl Surface_0
f 751/751 750/750 752/752
usemtl Surface_4
f 756/756 754/754 753/753
usemtl Surface_4
f 755/755 754/754 756/756
usemtl Surface_0
f 760/760 758/758 757/757
usemtl Surface_0
f 759/759 758/758 760/760
usemtl Surface_4
f 764/764 762/762 761/761
usemtl Surface_4
f 763/763 762/762 764/764
usemtl Surface_0
f 768/768 766/766 765/765
usemtl Surface_0
f 767/767 766/766 768/768
usemtl Surface_4
f 772/772 770/770 769/769
usemtl Surface_4
f 771/771 770/770 772/772
usemtl Surface_4
f 776/776 774/774 773/773
usemtl Surface_4
f 775/775 774/774 776/776
usemtl Surface_4
f 780/780 778/778 777/777
usemtl Surface_4
f 779/779 778/778 780/780
usemtl Surface_4
f 784/784 782/782 781/781
usemtl Surface_4
f 783/783 782/782 784/784
usemtl Surface_4
f 788/788 786/786 785/785
usemtl Surface_4
f 787/787 786/786 788/788
usemtl Surface_4
f 792/792 790/790 789/789
usemtl Surface_4
f 791/791 790/790 792/792
usemtl Surface_4
f 796/796 794/794 793/793
usemtl Surface_4
f 795/795 794/794 796/796
usemtl Surface_4
f 800/800 798/798 797/797
usemtl Surface_4
f 799/799 798/798 800/800
usemtl Surface_4
f 804/804 802/802 801/801
usemtl Surface_4
f 803/803 802/802 804/804
usemtl Surface_4
f 808/808 806/806 805/805
usemtl Surface_4
f 807/807 806/806 808/808
usemtl Surface_4
f 812/812 810/810 809/809
usemtl Surface_4
f 811/811 810/810 812/812
usemtl Surface_4
f 816/816 814/814 813/813
usemtl Surface_4
f 815/815 814/814 816/816
usemtl Surface_4
f 820/820 818/818 817/817
usemtl Surface_4
f 819/819 818/818 820/820
usemtl Surface_4
f 824/824 822/822 821/821
usemtl Surface_4
f 823/823 822/822 824/824
usemtl Surface_4
f 828/828 826/826 825/825
usemtl Surface_4
f 827/827 826/826 828/828
usemtl Surface_4
f 832/832 830/830 829/829
usemtl Surface_4
f 831/831 830/830 832/832
usemtl Surface_4
f 836/836 834/834 833/833
usemtl Surface_4
f 835/835 834/834 836/836
usemtl Surface_4
f 840/840 838/838 837/837
usemtl Surface_4
f 839/839 838/838 840/840
usemtl Surface_4
f 844/844 842/842 841/841
usemtl Surface_4
f 843/843 842/842 844/844
usemtl Surface_4
f 848/848 846/846 845/845
usemtl Surface_4
f 847/847 846/846 848/848
usemtl Surface_4
f 852/852 850/850 849/849
usemtl Surface_4
f 851/851 850/850 852/852
usemtl Surface_4
f 856/856 854/854 853/853
usemtl Surface_4
f 855/855 854/854 856/856
usemtl Surface_4
f 860/860 858/858 857/857
usemtl Surface_4
f 859/859 858/858 860/860
usemtl Surface_4
f 864/864 862/862 861/861
usemtl Surface_4
f 863/863 862/862 864/864
usemtl Surface_4
f 868/868 866/866 865/865
usemtl Surface_4
f 867/867 866/866 868/868
usemtl Surface_4
f 872/872 870/870 869/869
usemtl Surface_4
f 871/871 870/870 872/872
usemtl Surface_4
f 876/876 874/874 873/873
usemtl Surface_4
f 875/875 874/874 876/876
usemtl Surface_4
f 880/880 878/878 877/877
usemtl Surface_4
f 879/879 878/878 880/880
usemtl Surface_4
f 884/884 882/882 881/881
usemtl Surface_4
f 883/883 882/882 884/884
usemtl Surface_4
f 888/888 886/886 885/885
usemtl Surface_4
f 887/887 886/886 888/888
usemtl Surface_4
f 892/892 890/890 889/889
usemtl Surface_4
f 891/891 890/890 892/892
usemtl Surface_4
f 896/896 894/894 893/893
usemtl Surface_4
f 895/895 894/894 896/896
usemtl Surface_4
f 900/900 898/898 897/897
usemtl Surface_4
f 899/899 898/898 900/900
usemtl Surface_4
f 904/904 902/902 901/901
usemtl Surface_4
f 903/903 902/902 904/904
usemtl Surface_4
f 908/908 906/906 905/905
usemtl Surface_4
f 907/907 906/906 908/908
usemtl Surface_4
f 912/912 910/910 909/909
usemtl Surface_4
f 911/911 910/910 912/912
usemtl Surface_4
f 916/916 914/914 913/913
usemtl Surface_4
f 915/915 914/914 916/916
usemtl Surface_4
f 920/920 918/918 917/917
usemtl Surface_4
f 919/919 918/918 920/920
usemtl Surface_4
f 924/924 922/922 921/921
usemtl Surface_4
f 923/923 922/922 924/924
usemtl Surface_4
f 928/928 926/926 925/925
usemtl Surface_4
f 927/927 926/926 928/928
usemtl Surface_4
f 932/932 930/930 929/929
usemtl Surface_4
f 931/931 930/930 932/932
usemtl Surface_4
f 936/936 934/934 933/933
usemtl Surface_4
f 935/935 934/934 936/936
usemtl Surface_4
f 940/940 938/938 937/937
usemtl Surface_4
f 939/939 938/938 940/940
usemtl Surface_4
f 944/944 942/942 941/941
usemtl Surface_4
f 943/943 942/942 944/944
usemtl Surface_4
f 948/948 946/946 945/945
usemtl Surface_4
f 947/947 946/946 948/948
usemtl Surface_4
f 952/952 950/950 949/949
usemtl Surface_4
f 951/951 950/950 952/952
usemtl Surface_4
f 956/956 954/954 953/953
usemtl Surface_4
f 955/955 954/954 956/956
usemtl Surface_4
f 960/960 958/958 957/957
usemtl Surface_4
f 959/959 958/958 960/960
usemtl Surface_4
f 964/964 962/962 961/961
usemtl Surface_4
f 963/963 962/962 964/964
usemtl Surface_4
f 968/968 966/966 965/965
usemtl Surface_4
f 967/967 966/966 968/968
usemtl Surface_4
f 972/972 970/970 969/969
usemtl Surface_4
f 971/971 970/970 972/972
usemtl Surface_4
f 976/976 974/974 973/973
usemtl Surface_4
f 975/975 974/974 976/976
usemtl Surface_4
f 980/980 978/978 977/977
usemtl Surface_4
f 979/979 978/978 980/980
usemtl Surface_4
f 984/984 982/982 981/981
usemtl Surface_4
f 983/983 982/982 984/984
usemtl Surface_4
f 988/988 986/986 985/985
usemtl Surface_4
f 987/987 986/986 988/988
usemtl Surface_4
f 992/992 990/990 989/989
usemtl Surface_4
f 991/991 990/990 992/992
usemtl Surface_4
f 996/996 994/994 993/993
usemtl Surface_4
f 995/995 994/994 996/996
usemtl Surface_0
f 1000/1000 998/998 997/997
usemtl Surface_0
f 999/999 998/998 1000/1000
usemtl Surface_4
f 1004/1004 1002/1002 1001/1001
usemtl Surface_4
f 1003/1003 1002/1002 1004/1004
usemtl Surface_0
f 1008/1008 1006/1006 1005/1005
usemtl Surface_0
f 1007/1007 1006/1006 1008/1008
usemtl Surface_4
f 1012/1012 1010/1010 1009/1009
usemtl Surface_4
f 1011/1011 1010/1010 1012/1012
usemtl Surface_0
f 1016/1016 1014/1014 1013/1013
usemtl Surface_0
f 1015/1015 1014/1014 1016/1016
usemtl Surface_4
f 1020/1020 1018/1018 1017/1017
usemtl Surface_4
f 1019/1019 1018/1018 1020/1020
usemtl Surface_0
f 1024/1024 1022/1022 1021/1021
usemtl Surface_0
f 1023/1023 1022/1022 1024/1024
usemtl Surface_4
f 1028/1028 1026/1026 1025/1025
usemtl Surface_4
f 1027/1027 1026/1026 1028/1028
usemtl Surface_0
f 1032/1032 1030/1030 1029/1029
usemtl Surface_0
f 1031/1031 1030/1030 1032/1032
usemtl Surface_4
f 1036/1036 1034/1034 1033/1033
usemtl Surface_4
f 1035/1035 1034/1034 1036/1036
usemtl Surface_0
f 1040/1040 1038/1038 1037/1037
usemtl Surface_0
f 1039/1039 1038/1038 1040/1040
usemtl Surface_4
f 1044/1044 1042/1042 1041/1041
usemtl Surface_4
f 1043/1043 1042/1042 1044/1044
usemtl Surface_0
f 1048/1048 1046/1046 1045/1045
usemtl Surface_0
f 1047/1047 1046/1046 1048/1048
usemtl Surface_4
f 1052/1052 1050/1050 1049/1049
usemtl Surface_4
f 1051/1051 1050/1050 1052/1052
usemtl Surface_0
f 1056/1056 1054/1054 1053/1053
usemtl Surface_0
f 1055/1055 1054/1054 1056/1056
usemtl Surface_4
f 1060/1060 1058/1058 1057/1057
usemtl Surface_4
f 1059/1059 1058/1058 1060/1060
usemtl Surface_0
f 1064/1064 1062/1062 1061/1061
usemtl Surface_0
f 1063/1063 1062/1062 1064/1064
usemtl Surface_4
f 1068/1068 1066/1066 1065/1065
usemtl Surface_4
f 1067/1067 1066/1066 1068/1068
usemtl Surface_0
f 1072/1072 1070/1070 1069/1069
usemtl Surface_0
f 1071/1071 1070/1070 1072/1072
usemtl Surface_4
f 1076/1076 1074/1074 1073/1073
usemtl Surface_4
f 1075/1075 1074/1074 1076/1076
usemtl Surface_0
f 1080/1080 1078/1078 1077/1077
usemtl Surface_0
f 1079/1079 1078/1078 1080/1080
usemtl Surface_4
f 1084/1084 1082/1082 1081/1081
usemtl Surface_4
f 1083/1083 1082/1082 1084/1084
usemtl Surface_0
f 1088/1088 1086/1086 1085/1085
usemtl Surface_0
f 1087/1087 1086/1086 1088/1088
usemtl Surface_4
f 1092/1092 1090/1090 1089/1089
usemtl Surface_4
f 1091/1091 1090/1090 1092/1092
usemtl Surface_0
f 1096/1096 1094/1094 1093/1093
usemtl Surface_0
f 1095/1095 1094/1094 1096/1096
usemtl Surface_4
f 1100/1100 1098/1098 1097/1097
usemtl Surface_4
f 1099/1099 1098/1098 1100/1100
usemtl Surface_0
f 1104/1104 1102/1102 1101/1101
usemtl Surface_0
f 1103/1103 1102/1102 1104/1104
usemtl Surface_4
f 1108/1108 1106/1106 1105/1105
usemtl Surface_4
f 1107/1107 1106/1106 1108/1108
usemtl Surface_0
f 1112/1112 1110/1110 1109/1109
usemtl Surface_0
f 1111/1111 1110/1110 1112/1112
usemtl Surface_4
f 1116/1116 1114/1114 1113/1113
usemtl Surface_4
f 1115/1115 1114/1114 1116/1116
usemtl Surface_0
f 1120/1120 1118/1118 1117/1117
usemtl Surface_0
f 1119/1119 1118/1118 1120/1120
usemtl Surface_0
f 1124/1124 1122/1122 1121/1121
usemtl Surface_0
f 1123/1123 1122/1122 1124/1124
usemtl Surface_0
f 1128/1128 1126/1126 1125/1125
usemtl Surface_0
f 1127/1127 1126/1126 1128/1128
usemtl Surface_0
f 1132/1132 1130/1130 1129/1129
usemtl Surface_0
f 1131/1131 1130/1130 1132/1132
usemtl Surface_0
f 1136/1136 1134/1134 1133/1133
usemtl Surface_0
f 1135/1135 1134/1134 1136/1136
usemtl Surface_0
f 1140/1140 1138/1138 1137/1137
usemtl Surface_0
f 1139/1139 1138/1138 1140/1140
usemtl Surface_0
f 1144/1144 1142/1142 1141/1141
usemtl Surface_0
f 1143/1143 1142/1142 1144/1144
usemtl Surface_0
f 1148/1148 1146/1146 1145/1145
usemtl Surface_0
f 1147/1147 1146/1146 1148/1148
usemtl Surface_0
f 1152/1152 1150/1150 1149/1149
usemtl Surface_0
f 1151/1151 1150/1150 1152/1152
usemtl Surface_0
f 1156/1156 1154/1154 1153/1153
usemtl Surface_0
f 1155/1155 1154/1154 1156/1156
usemtl Surface_0
f 1160/1160 1158/1158 1157/1157
usemtl Surface_0
f 1159/1159 1158/1158 1160/1160
usemtl Surface_0
f 1164/1164 1162/1162 1161/1161
usemtl Surface_0
f 1163/1163 1162/1162 1164/1164
usemtl Surface_0
f 1168/1168 1166/1166 1165/1165
usemtl Surface_0
f 1167/1167 1166/1166 1168/1168
usemtl Surface_0
f 1172/1172 1170/1170 1169/1169
usemtl Surface_0
f 1171/1171 1170/1170 1172/1172
usemtl Surface_0
f 1176/1176 1174/1174 1173/1173
usemtl Surface_0
f 1175/1175 1174/1174 1176/1176
usemtl Surface_0
f 1180/1180 1178/1178 1177/1177
usemtl Surface_0
f 1179/1179 1178/1178 1180/1180
usemtl Surface_0
f 1184/1184 1182/1182 1181/1181
usemtl Surface_0
f 1183/1183 1182/1182 1184/1184
usemtl Surface_0
f 1188/1188 1186/1186 1185/1185
usemtl Surface_0
f 1187/1187 1186/1186 1188/1188
usemtl Surface_0
f 1192/1192 1190/1190 1189/1189
usemtl Surface_0
f 1191/1191 1190/1190 1192/1192
usemtl Surface_0
f 1196/1196 1194/1194 1193/1193
usemtl Surface_0
f 1195/1195 1194/1194 1196/1196
usemtl Surface_0
f 1200/1200 1198/1198 1197/1197
usemtl Surface_0
f 1199/1199 1198/1198 1200/1200
usemtl Surface_0
f 1204/1204 1202/1202 1201/1201
usemtl Surface_0
f 1203/1203 1202/1202 1204/1204
usemtl Surface_0
f 1208/1208 1206/1206 1205/1205
usemtl Surface_0
f 1207/1207 1206/1206 1208/1208
usemtl Surface_0
f 1212/1212 1210/1210 1209/1209
usemtl Surface_0
f 1211/1211 1210/1210 1212/1212
usemtl Surface_0
f 1216/1216 1214/1214 1213/1213
usemtl Surface_0
f 1215/1215 1214/1214 1216/1216
usemtl Surface_0
f 1220/1220 1218/1218 1217/1217
usemtl Surface_0
f 1219/1219 1218/1218 1220/1220
usemtl Surface_0
f 1224/1224 1222/1222 1221/1221
usemtl Surface_0
f 1223/1223 1222/1222 1224/1224
usemtl Surface_0
f 1228/1228 1226/1226 1225/1225
usemtl Surface_0
f 1227/1227 1226/1226 1228/1228
usemtl Surface_0
f 1232/1232 1230/1230 1229/1229
usemtl Surface_0
f 1231/1231 1230/1230 1232/1232
usemtl Surface_0
f 1236/1236 1234/1234 1233/1233
usemtl Surface_0
f 1235/1235 1234/1234 1236/1236
usemtl Surface_0
f 1240/1240 1238/1238 1237/1237
usemtl Surface_0
f 1239/1239 1238/1238 1240/1240
usemtl Surface_0
f 1244/1244 1242/1242 1241/1241
usemtl Surface_0
f 1243/1243 1242/1242 1244/1244
usemtl Surface_0
f 1248/1248 1246/1246 1245/1245
usemtl Surface_0
f 1247/1247 1246/1246 1248/1248
usemtl Surface_4
f 1252/1252 1250/1250 1249/1249
usemtl Surface_4
f 1251/1251 1250/1250 1252/1252
usemtl Surface_0
f 1256/1256 1254/1254 1253/1253
usemtl Surface_0
f 1255/1255 1254/1254 1256/1256
usemtl Surface_4
f 1260/1260 1258/1258 1257/1257
usemtl Surface_4
f 1259/1259 1258/1258 1260/1260
usemtl Surface_0
f 1264/1264 1262/1262 1261/1261
usemtl Surface_0
f 1263/1263 1262/1262 1264/1264
usemtl Surface_4
f 1268/1268 1266/1266 1265/1265
usemtl Surface_4
f 1267/1267 1266/1266 1268/1268
usemtl Surface_0
f 1272/1272 1270/1270 1269/1269
usemtl Surface_0
f 1271/1271 1270/1270 1272/1272
usemtl Surface_4
f 1276/1276 1274/1274 1273/1273
usemtl Surface_4
f 1275/1275 1274/1274 1276/1276
usemtl Surface_0
f 1280/1280 1278/1278 1277/1277
usemtl Surface_0
f 1279/1279 1278/1278 1280/1280
usemtl Surface_4
f 1284/1284 1282/1282 1281/1281
usemtl Surface_4
f 1283/1283 1282/1282 1284/1284
usemtl Surface_0
f 1288/1288 1286/1286 1285/1285
usemtl Surface_0
f 1287/1287 1286/1286 1288/1288
usemtl Surface_4
f 1292/1292 1290/1290 1289/1289
usemtl Surface_4
f 1291/1291 1290/1290 1292/1292
usemtl Surface_0
f 1296/1296 1294/1294 1293/1293
usemtl Surface_0
f 1295/1295 1294/1294 1296/1296
usemtl Surface_4
f 1300/1300 1298/1298 1297/1297
usemtl Surface_4
f 1299/1299 1298/1298 1300/1300
usemtl Surface_0
f 1304/1304 1302/1302 1301/1301
usemtl Surface_0
f 1303/1303 1302/1302 1304/1304
usemtl Surface_4
f 1308/1308 1306/1306 1305/1305
usemtl Surface_4
f 1307/1307 1306/1306 1308/1308
usemtl Surface_0
f 1312/1312 1310/1310 1309/1309
usemtl Surface_0
f 1311/1311 1310/1310 1312/1312
usemtl Surface_4
f 1316/1316 1314/1314 1313/1313
usemtl Surface_4
f 1315/1315 1314/1314 1316/1316
usemtl Surface_0
f 1320/1320 1318/1318 1317/1317
usemtl Surface_0
f 1319/1319 1318/1318 1320/1320
usemtl Surface_4
f 1324/1324 1322/1322 1321/1321
usemtl Surface_4
f 1323/1323 1322/1322 1324/1324
usemtl Surface_0
f 1328/1328 1326/1326 1325/1325
usemtl Surface_0
f 1327/1327 1326/1326 1328/1328
usemtl Surface_4
f 1332/1332 1330/1330 1329/1329
usemtl Surface_4
f 1331/1331 1330/1330 1332/1332
usemtl Surface_0
f 1336/1336 1334/1334 1333/1333
usemtl Surface_0
f 1335/1335 1334/1334 1336/1336
usemtl Surface_4
f 1340/1340 1338/1338 1337/1337
usemtl Surface_4
f 1339/1339 1338/1338 1340/1340
usemtl Surface_0
f 1344/1344 1342/1342 1341/1341
usemtl Surface_0
f 1343/1343 1342/1342 1344/1344
usemtl Surface_4
f 1348/1348 1346/1346 1345/1345
usemtl Surface_4
f 1347/1347 1346/1346 1348/1348
usemtl Surface_0
f 1352/1352 1350/1350 1349/1349
usemtl Surface_0
f 1351/1351 1350/1350 1352/1352
usemtl Surface_4
f 1356/1356 1354/1354 1353/1353
usemtl Surface_4
f 1355/1355 1354/1354 1356/1356
usemtl Surface_0
f 1360/1360 1358/1358 1357/1357
usemtl Surface_0
f 1359/1359 1358/1358 1360/1360
usemtl Surface_4
f 1364/1364 1362/1362 1361/1361
usemtl Surface_4
f 1363/1363 1362/1362 1364/1364
usemtl Surface_0
f 1368/1368 1366/1366 1365/1365
usemtl Surface_0
f 1367/1367 1366/1366 1368/1368
usemtl Surface_4
f 1372/1372 1370/1370 1369/1369
usemtl Surface_4
f 1371/1371 1370/1370 1372/1372
usemtl Surface_0
f 1376/1376 1374/1374 1373/1373
usemtl Surface_0
f 1375/1375 1374/1374 1376/1376
usemtl Surface_4
f 1380/1380 1378/1378 1377/1377
usemtl Surface_4
f 1379/1379 1378/1378 1380/1380
usemtl Surface_4
f 1384/1384 1382/1382 1381/1381
usemtl Surface_4
f 1383/1383 1382/1382 1384/1384
usemtl Surface_4
f 1388/1388 1386/1386 1385/1385
usemtl Surface_4
f 1387/1387 1386/1386 1388/1388
usemtl Surface_4
f 1392/1392 1390/1390 1389/1389
usemtl Surface_4
f 1391/1391 1390/1390 1392/1392
usemtl Surface_4
f 1396/1396 1394/1394 1393/1393
usemtl Surface_4
f 1395/1395 1394/1394 1396/1396
usemtl Surface_4
f 1400/1400 1398/1398 1397/1397
usemtl Surface_4
f 1399/1399 1398/1398 1400/1400
usemtl Surface_4
f 1404/1404 1402/1402 1401/1401
usemtl Surface_4
f 1403/1403 1402/1402 1404/1404
usemtl Surface_4
f 1408/1408 1406/1406 1405/1405
usemtl Surface_4
f 1407/1407 1406/1406 1408/1408
usemtl Surface_4
f 1412/1412 1410/1410 1409/1409
usemtl Surface_4
f 1411/1411 1410/1410 1412/1412
usemtl Surface_4
f 1416/1416 1414/1414 1413/1413
usemtl Surface_4
f 1415/1415 1414/1414 1416/1416
usemtl Surface_4
f 1420/1420 1418/1418 1417/1417
usemtl Surface_4
f 1419/1419 1418/1418 1420/1420
usemtl Surface_4
f 1424/1424 1422/1422 1421/1421
usemtl Surface_4
f 1423/1423 1422/1422 1424/1424
usemtl Surface_4
f 1428/1428 1426/1426 1425/1425
usemtl Surface_4
f 1427/1427 1426/1426 1428/1428
usemtl Surface_4
f 1432/1432 1430/1430 1429/1429
usemtl Surface_4
f 1431/1431 1430/1430 1432/1432
usemtl Surface_4
f 1436/1436 1434/1434 1433/1433
usemtl Surface_4
f 1435/1435 1434/1434 1436/1436
usemtl Surface_4
f 1440/1440 1438/1438 1437/1437
usemtl Surface_4
f 1439/1439 1438/1438 1440/1440
usemtl Surface_4
f 1444/1444 1442/1442 1441/1441
usemtl Surface_4
f 1443/1443 1442/1442 1444/1444
usemtl Surface_4
f 1448/1448 1446/1446 1445/1445
usemtl Surface_4
f 1447/1447 1446/1446 1448/1448
usemtl Surface_4
f 1452/1452 1450/1450 1449/1449
usemtl Surface_4
f 1451/1451 1450/1450 1452/1452
usemtl Surface_4
f 1456/1456 1454/1454 1453/1453
usemtl Surface_4
f 1455/1455 1454/1454 1456/1456
usemtl Surface_4
f 1460/1460 1458/1458 1457/1457
usemtl Surface_4
f 1459/1459 1458/1458 1460/1460
usemtl Surface_4
f 1464/1464 1462/1462 1461/1461
usemtl Surface_4
f 1463/1463 1462/1462 1464/1464
usemtl Surface_4
f 1468/1468 1466/1466 1465/1465
usemtl Surface_4
f 1467/1467 1466/1466 1468/1468
usemtl Surface_4
f 1472/1472 1470/1470 1469/1469
usemtl Surface_4
f 1471/1471 1470/1470 1472/1472
usemtl Surface_4
f 1476/1476 1474/1474 1473/1473
usemtl Surface_4
f 1475/1475 1474/1474 1476/1476
usemtl Surface_4
f 1480/1480 1478/1478 1477/1477
usemtl Surface_4
f 1479/1479 1478/1478 1480/1480
usemtl Surface_4
f 1484/1484 1482/1482 1481/1481
usemtl Surface_4
f 1483/1483 1482/1482 1484/1484
usemtl Surface_4
f 1488/1488 1486/1486 1485/1485
usemtl Surface_4
f 1487/1487 1486/1486 1488/1488
usemtl Surface_4
f 1492/1492 1490/1490 1489/1489
usemtl Surface_4
f 1491/1491 1490/1490 1492/1492
usemtl Surface_4
f 1496/1496 1494/1494 1493/1493
usemtl Surface_4
f 1495/1495 1494/1494 1496/1496
usemtl Surface_4
f 1500/1500 1498/1498 1497/1497
usemtl Surface_4
f 1499/1499 1498/1498 1500/1500
usemtl Surface_4
f 1504/1504 1502/1502 1501/1501
usemtl Surface_4
f 1503/1503 1502/1502 1504/1504
usemtl Surface_4
f 1508/1508 1506/1506 1505/1505
usemtl Surface_4
f 1507/1507 1506/1506 1508/1508
usemtl Surface_4
f 1512/1512 1510/1510 1509/1509
usemtl Surface_4
f 1511/1511 1510/1510 1512/1512
usemtl Surface_4
f 1516/1516 1514/1514 1513/1513
usemtl Surface_4
f 1515/1515 1514/1514 1516/1516
usemtl Surface_4
f 1520/1520 1518/1518 1517/1517
usemtl Surface_4
f 1519/1519 1518/1518 1520/1520
usemtl Surface_4
f 1524/1524 1522/1522 1521/1521
usemtl Surface_4
f 1523/1523 1522/1522 1524/1524
usemtl Surface_4
f 1528/1528 1526/1526 1525/1525
usemtl Surface_4
f 1527/1527 1526/1526 1528/1528
usemtl Surface_2
f 1532/1532 1530/1530 1529/1529
usemtl Surface_2
f 1531/1531 1530/1530 1532/1532
usemtl Surface_2
f 1536/1536 1534/1534 1533/1533
usemtl Surface_2
f 1535/1535 1534/1534 1536/1536
usemtl Surface_2
f 1540/1540 1538/1538 1537/1537
usemtl Surface_2
f 1539/1539 1538/1538 1540/1540
usemtl Surface_2
f 1544/1544 1542/1542 1541/1541
usemtl Surface_2
f 1543/1543 1542/1542 1544/1544
usemtl Surface_2
f 1548/1548 1546/1546 1545/1545
usemtl Surface_2
f 1547/1547 1546/1546 1548/1548
usemtl Surface_2
f 1552/1552 1550/1550 1549/1549
usemtl Surface_2
f 1551/1551 1550/1550 1552/1552
usemtl Surface_2
f 1556/1556 1554/1554 1553/1553
usemtl Surface_2
f 1555/1555 1554/1554 1556/1556
usemtl Surface_2
f 1560/1560 1558/1558 1557/1557
usemtl Surface_2
f 1559/1559 1558/1558 1560/1560
usemtl Surface_2
f 1564/1564 1562/1562 1561/1561
usemtl Surface_2
f 1563/1563 1562/1562 1564/1564
usemtl Surface_2
f 1568/1568 1566/1566 1565/1565
usemtl Surface_2
f 1567/1567 1566/1566 1568/1568
usemtl Surface_2
f 1572/1572 1570/1570 1569/1569
usemtl Surface_2
f 1571/1571 1570/1570 1572/1572
usemtl Surface_2
f 1576/1576 1574/1574 1573/1573
usemtl Surface_2
f 1575/1575 1574/1574 1576/1576
usemtl Surface_2
f 1580/1580 1578/1578 1577/1577
usemtl Surface_2
f 1579/1579 1578/1578 1580/1580
usemtl Surface_2
f 1584/1584 1582/1582 1581/1581
usemtl Surface_2
f 1583/1583 1582/1582 1584/1584
usemtl Surface_2
f 1588/1588 1586/1586 1585/1585
usemtl Surface_2
f 1587/1587 1586/1586 1588/1588
usemtl Surface_2
f 1592/1592 1590/1590 1589/1589
usemtl Surface_2
f 1591/1591 1590/1590 1592/1592
usemtl Surface_2
f 1596/1596 1594/1594 1593/1593
usemtl Surface_2
f 1595/1595 1594/1594 1596/1596
usemtl Surface_2
f 1600/1600 1598/1598 1597/1597
usemtl Surface_2
f 1599/1599 1598/1598 1600/1600
usemtl Surface_2
f 1604/1604 1602/1602 1601/1601
usemtl Surface_2
f 1603/1603 1602/1602 1604/1604
usemtl Surface_2
f 1608/1608 1606/1606 1605/1605
usemtl Surface_2
f 1607/1607 1606/1606 1608/1608
usemtl Surface_2
f 1612/1612 1610/1610 1609/1609
usemtl Surface_2
f 1611/1611 1610/1610 1612/1612
usemtl Surface_2
f 1616/1616 1614/1614 1613/1613
usemtl Surface_2
f 1615/1615 1614/1614 1616/1616
usemtl Surface_2
f 1620/1620 1618/1618 1617/1617
usemtl Surface_2
f 1619/1619 1618/1618 1620/1620
usemtl Surface_2
f 1624/1624 1622/1622 1621/1621
usemtl Surface_2
f 1623/1623 1622/1622 1624/1624
usemtl Surface_2
f 1628/1628 1626/1626 1625/1625
usemtl Surface_2
f 1627/1627 1626/1626 1628/1628
usemtl Surface_2
f 1632/1632 1630/1630 1629/1629
usemtl Surface_2
f 1631/1631 1630/1630 1632/1632
usemtl Surface_2
f 1636/1636 1634/1634 1633/1633
usemtl Surface_2
f 1635/1635 1634/1634 1636/1636
usemtl Surface_2
f 1640/1640 1638/1638 1637/1637
usemtl Surface_2
f 1639/1639 1638/1638 1640/1640
usemtl Surface_2
f 1644/1644 1642/1642 1641/1641
usemtl Surface_2
f 1643/1643 1642/1642 1644/1644
usemtl Surface_2
f 1648/1648 1646/1646 1645/1645
usemtl Surface_2
f 1647/1647 1646/1646 1648/1648
usemtl Surface_2
f 1652/1652 1650/1650 1649/1649
usemtl Surface_2
f 1651/1651 1650/1650 1652/1652
usemtl Surface_2
f 1656/1656 1654/1654 1653/1653
usemtl Surface_2
f 1655/1655 1654/1654 1656/1656
usemtl Surface_2
f 1660/1660 1658/1658 1657/1657
usemtl Surface_2
f 1659/1659 1658/1658 1660/1660
usemtl Surface_2
f 1664/1664 1662/1662 1661/1661
usemtl Surface_2
f 1663/1663 1662/1662 1664/1664
usemtl Surface_2
f 1668/1668 1666/1666 1665/1665
usemtl Surface_2
f 1667/1667 1666/1666 1668/1668
usemtl Surface_2
f 1672/1672 1670/1670 1669/1669
usemtl Surface_2
f 1671/1671 1670/1670 1672/1672
usemtl Surface_2
f 1676/1676 1674/1674 1673/1673
usemtl Surface_2
f 1675/1675 1674/1674 1676/1676
usemtl Surface_2
f 1680/1680 1678/1678 1677/1677
usemtl Surface_2
f 1679/1679 1678/1678 1680/1680
usemtl Surface_2
f 1684/1684 1682/1682 1681/1681
usemtl Surface_2
f 1683/1683 1682/1682 1684/1684
usemtl Surface_2
f 1688/1688 1686/1686 1685/1685
usemtl Surface_2
f 1687/1687 1686/1686 1688/1688
usemtl Surface_2
f 1692/1692 1690/1690 1689/1689
usemtl Surface_2
f 1691/1691 1690/1690 1692/1692
usemtl Surface_2
f 1696/1696 1694/1694 1693/1693
usemtl Surface_2
f 1695/1695 1694/1694 1696/1696
usemtl Surface_2
f 1700/1700 1698/1698 1697/1697
usemtl Surface_2
f 1699/1699 1698/1698 1700/1700
usemtl Surface_2
f 1704/1704 1702/1702 1701/1701
usemtl Surface_2
f 1703/1703 1702/1702 1704/1704
usemtl Surface_2
f 1708/1708 1706/1706 1705/1705
usemtl Surface_2
f 1707/1707 1706/1706 1708/1708
usemtl Surface_2
f 1712/1712 1710/1710 1709/1709
usemtl Surface_2
f 1711/1711 1710/1710 1712/1712
usemtl Surface_2
f 1716/1716 1714/1714 1713/1713
usemtl Surface_2
f 1715/1715 1714/1714 1716/1716
usemtl Surface_2
f 1720/1720 1718/1718 1717/1717
usemtl Surface_2
f 1719/1719 1718/1718 1720/1720
usemtl Surface_2
f 1724/1724 1722/1722 1721/1721
usemtl Surface_2
f 1723/1723 1722/1722 1724/1724
usemtl Surface_2
f 1728/1728 1726/1726 1725/1725
usemtl Surface_2
f 1727/1727 1726/1726 1728/1728
usemtl Surface_2
f 1732/1732 1730/1730 1729/1729
usemtl Surface_2
f 1731/1731 1730/1730 1732/1732
usemtl Surface_2
f 1736/1736 1734/1734 1733/1733
usemtl Surface_2
f 1735/1735 1734/1734 1736/1736
usemtl Surface_2
f 1740/1740 1738/1738 1737/1737
usemtl Surface_2
f 1739/1739 1738/1738 1740/1740
usemtl Surface_2
f 1744/1744 1742/1742 1741/1741
usemtl Surface_2
f 1743/1743 1742/1742 1744/1744
usemtl Surface_2
f 1748/1748 1746/1746 1745/1745
usemtl Surface_2
f 1747/1747 1746/1746 1748/1748
usemtl Surface_2
f 1752/1752 1750/1750 1749/1749
usemtl Surface_2
f 1751/1751 1750/1750 1752/1752
usemtl Surface_2
f 1756/1756 1754/1754 1753/1753
usemtl Surface_2
f 1755/1755 1754/1754 1756/1756
usemtl Surface_2
f 1760/1760 1758/1758 1757/1757
usemtl Surface_2
f 1759/1759 1758/1758 1760/1760
usemtl Surface_2
f 1764/1764 1762/1762 1761/1761
usemtl Surface_2
f 1763/1763 1762/1762 1764/1764
usemtl Surface_2
f 1768/1768 1766/1766 1765/1765
usemtl Surface_2
f 1767/1767 1766/1766 1768/1768
usemtl Surface_2
f 1772/1772 1770/1770 1769/1769
usemtl Surface_2
f 1771/1771 1770/1770 1772/1772
usemtl Surface_2
f 1776/1776 1774/1774 1773/1773
usemtl Surface_2
f 1775/1775 1774/1774 1776/1776
usemtl Surface_2
f 1780/1780 1778/1778 1777/1777
usemtl Surface_2
f 1779/1779 1778/1778 1780/1780
usemtl Surface_2
f 1784/1784 1782/1782 1781/1781
usemtl Surface_2
f 1783/1783 1782/1782 1784/1784
usemtl Surface_2
f 1788/1788 1786/1786 1785/1785
usemtl Surface_2
f 1787/1787 1786/1786 1788/1788
usemtl Surface_2
f 1792/1792 1790/1790 1789/1789
usemtl Surface_2
f 1791/1791 1790/1790 1792/1792
usemtl Surface_2
f 1796/1796 1794/1794 1793/1793
usemtl Surface_2
f 1795/1795 1794/1794 1796/1796
usemtl Surface_2
f 1800/1800 1798/1798 1797/1797
usemtl Surface_2
f 1799/1799 1798/1798 1800/1800
usemtl Surface_2
f 1804/1804 1802/1802 1801/1801
usemtl Surface_2
f 1803/1803 1802/1802 1804/1804
usemtl Surface_2
f 1808/1808 1806/1806 1805/1805
usemtl Surface_2
f 1807/1807 1806/1806 1808/1808
usemtl Surface_2
f 1812/1812 1810/1810 1809/1809
usemtl Surface_2
f 1811/1811 1810/1810 1812/1812
usemtl Surface_2
f 1816/1816 1814/1814 1813/1813
usemtl Surface_2
f 1815/1815 1814/1814 1816/1816
usemtl Surface_2
f 1820/1820 1818/1818 1817/1817
usemtl Surface_2
f 1819/1819 1818/1818 1820/1820
usemtl Surface_2
f 1824/1824 1822/1822 1821/1821
usemtl Surface_2
f 1823/1823 1822/1822 1824/1824
usemtl Surface_2
f 1828/1828 1826/1826 1825/1825
usemtl Surface_2
f 1827/1827 1826/1826 1828/1828
usemtl Surface_2
f 1832/1832 1830/1830 1829/1829
usemtl Surface_2
f 1831/1831 1830/1830 1832/1832
usemtl Surface_2
f 1836/1836 1834/1834 1833/1833
usemtl Surface_2
f 1835/1835 1834/1834 1836/1836
usemtl Surface_2
f 1840/1840 1838/1838 1837/1837
usemtl Surface_2
f 1839/1839 1838/1838 1840/1840
usemtl Surface_2
f 1844/1844 1842/1842 1841/1841
usemtl Surface_2
f 1843/1843 1842/1842 1844/1844
usemtl Surface_2
f 1848/1848 1846/1846 1845/1845
usemtl Surface_2
f 1847/1847 1846/1846 1848/1848
usemtl Surface_2
f 1852/1852 1850/1850 1849/1849
usemtl Surface_2
f 1851/1851 1850/1850 1852/1852
usemtl Surface_2
f 1856/1856 1854/1854 1853/1853
usemtl Surface_2
f 1855/1855 1854/1854 1856/1856
usemtl Surface_2
f 1860/1860 1858/1858 1857/1857
usemtl Surface_2
f 1859/1859 1858/1858 1860/1860
usemtl Surface_2
f 1864/1864 1862/1862 1861/1861
usemtl Surface_2
f 1863/1863 1862/1862 1864/1864
usemtl Surface_2
f 1868/1868 1866/1866 1865/1865
usemtl Surface_2
f 1867/1867 1866/1866 1868/1868
usemtl Surface_2
f 1872/1872 1870/1870 1869/1869
usemtl Surface_2
f 1871/1871 1870/1870 1872/1872
usemtl Surface_2
f 1876/1876 1874/1874 1873/1873
usemtl Surface_2
f 1875/1875 1874/1874 1876/1876
usemtl Surface_2
f 1880/1880 1878/1878 1877/1877
usemtl Surface_2
f 1879/1879 1878/1878 1880/1880
usemtl Surface_2
f 1884/1884 1882/1882 1881/1881
usemtl Surface_2
f 1883/1883 1882/1882 1884/1884
usemtl Surface_2
f 1888/1888 1886/1886 1885/1885
usemtl Surface_2
f 1887/1887 1886/1886 1888/1888
usemtl Surface_2
f 1892/1892 1890/1890 1889/1889
usemtl Surface_2
f 1891/1891 1890/1890 1892/1892
usemtl Surface_2
f 1896/1896 1894/1894 1893/1893
usemtl Surface_2
f 1895/1895 1894/1894 1896/1896
usemtl Surface_2
f 1900/1900 1898/1898 1897/1897
usemtl Surface_2
f 1899/1899 1898/1898 1900/1900
usemtl Surface_2
f 1904/1904 1902/1902 1901/1901
usemtl Surface_2
f 1903/1903 1902/1902 1904/1904
usemtl Surface_2
f 1908/1908 1906/1906 1905/1905
usemtl Surface_2
f 1907/1907 1906/1906 1908/1908
usemtl Surface_2
f 1912/1912 1910/1910 1909/1909
usemtl Surface_2
f 1911/1911 1910/1910 1912/1912
usemtl Surface_2
f 1916/1916 1914/1914 1913/1913
usemtl Surface_2
f 1915/1915 1914/1914 1916/1916
usemtl Surface_2
f 1920/1920 1918/1918 1917/1917
usemtl Surface_2
f 1919/1919 1918/1918 1920/1920
usemtl Surface_2
f 1924/1924 1922/1922 1921/1921
usemtl Surface_2
f 1923/1923 1922/1922 1924/1924
usemtl Surface_2
f 1928/1928 1926/1926 1925/1925
usemtl Surface_2
f 1927/1927 1926/1926 1928/1928
usemtl Surface_2
f 1932/1932 1930/1930 1929/1929
usemtl Surface_2
f 1931/1931 1930/1930 1932/1932
usemtl Surface_2
f 1936/1936 1934/1934 1933/1933
usemtl Surface_2
f 1935/1935 1934/1934 1936/1936
usemtl Surface_2
f 1940/1940 1938/1938 1937/1937
usemtl Surface_2
f 1939/1939 1938/1938 1940/1940
usemtl Surface_2
f 1944/1944 1942/1942 1941/1941
usemtl Surface_2
f 1943/1943 1942/1942 1944/1944
usemtl Surface_2
f 1948/1948 1946/1946 1945/1945
usemtl Surface_2
f 1947/1947 1946/1946 1948/1948
usemtl Surface_2
f 1952/1952 1950/1950 1949/1949
usemtl Surface_2
f 1951/1951 1950/1950 1952/1952
usemtl Surface_2
f 1956/1956 1954/1954 1953/1953
usemtl Surface_2
f 1955/1955 1954/1954 1956/1956
usemtl Surface_2
f 1960/1960 1958/1958 1957/1957
usemtl Surface_2
f 1959/1959 1958/1958 1960/1960
usemtl Surface_2
f 1964/1964 1962/1962 1961/1961
usemtl Surface_2
f 1963/1963 1962/1962 1964/1964
usemtl Surface_2
f 1968/1968 1966/1966 1965/1965
usemtl Surface_2
f 1967/1967 1966/1966 1968/1968
usemtl Surface_2
f 1972/1972 1970/1970 1969/1969
usemtl Surface_2
f 1971/1971 1970/1970 1972/1972
usemtl Surface_2
f 1976/1976 1974/1974 1973/1973
usemtl Surface_2
f 1975/1975 1974/1974 1976/1976
usemtl Surface_2
f 1980/1980 1978/1978 1977/1977
usemtl Surface_2
f 1979/1979 1978/1978 1980/1980
usemtl Surface_2
f 1984/1984 1982/1982 1981/1981
usemtl Surface_2
f 1983/1983 1982/1982 1984/1984
usemtl Surface_2
f 1988/1988 1986/1986 1985/1985
usemtl Surface_2
f 1987/1987 1986/1986 1988/1988
usemtl Surface_2
f 1992/1992 1990/1990 1989/1989
usemtl Surface_2
f 1991/1991 1990/1990 1992/1992
usemtl Surface_2
f 1996/1996 1994/1994 1993/1993
usemtl Surface_2
f 1995/1995 1994/1994 1996/1996
usemtl Surface_2
f 2000/2000 1998/1998 1997/1997
usemtl Surface_2
f 1999/1999 1998/1998 2000/2000
usemtl Surface_2
f 2004/2004 2002/2002 2001/2001
usemtl Surface_2
f 2003/2003 2002/2002 2004/2004
usemtl Surface_2
f 2008/2008 2006/2006 2005/2005
usemtl Surface_2
f 2007/2007 2006/2006 2008/2008
usemtl Surface_2
f 2012/2012 2010/2010 2009/2009
usemtl Surface_2
f 2011/2011 2010/2010 2012/2012
usemtl Surface_2
f 2016/2016 2014/2014 2013/2013
usemtl Surface_2
f 2015/2015 2014/2014 2016/2016
usemtl Surface_2
f 2020/2020 2018/2018 2017/2017
usemtl Surface_2
f 2019/2019 2018/2018 2020/2020
usemtl Surface_2
f 2024/2024 2022/2022 2021/2021
usemtl Surface_2
f 2023/2023 2022/2022 2024/2024
usemtl Surface_2
f 2028/2028 2026/2026 2025/2025
usemtl Surface_2
f 2027/2027 2026/2026 2028/2028
usemtl Surface_2
f 2032/2032 2030/2030 2029/2029
usemtl Surface_2
f 2031/2031 2030/2030 2032/2032
usemtl Surface_2
f 2036/2036 2034/2034 2033/2033
usemtl Surface_2
f 2035/2035 2034/2034 2036/2036
usemtl Surface_2
f 2040/2040 2038/2038 2037/2037
usemtl Surface_2
f 2039/2039 2038/2038 2040/2040
usemtl Surface_2
f 2044/2044 2042/2042 2041/2041
usemtl Surface_2
f 2043/2043 2042/2042 2044/2044
usemtl Surface_2
f 2048/2048 2046/2046 2045/2045
usemtl Surface_2
f 2047/2047 2046/2046 2048/2048
usemtl Surface_2
f 2052/2052 2050/2050 2049/2049
usemtl Surface_2
f 2051/2051 2050/2050 2052/2052
usemtl Surface_2
f 2056/2056 2054/2054 2053/2053
usemtl Surface_2
f 2055/2055 2054/2054 2056/2056
usemtl Surface_2
f 2060/2060 2058/2058 2057/2057
usemtl Surface_2
f 2059/2059 2058/2058 2060/2060
usemtl Surface_2
f 2064/2064 2062/2062 2061/2061
usemtl Surface_2
f 2063/2063 2062/2062 2064/2064
usemtl Surface_2
f 2068/2068 2066/2066 2065/2065
usemtl Surface_2
f 2067/2067 2066/2066 2068/2068
usemtl Surface_2
f 2072/2072 2070/2070 2069/2069
usemtl Surface_2
f 2071/2071 2070/2070 2072/2072
usemtl Surface_2
f 2076/2076 2074/2074 2073/2073
usemtl Surface_2
f 2075/2075 2074/2074 2076/2076
usemtl Surface_2
f 2080/2080 2078/2078 2077/2077
usemtl Surface_2
f 2079/2079 2078/2078 2080/2080
usemtl Surface_2
f 2084/2084 2082/2082 2081/2081
usemtl Surface_2
f 2083/2083 2082/2082 2084/2084
usemtl Surface_2
f 2088/2088 2086/2086 2085/2085
usemtl Surface_2
f 2087/2087 2086/2086 2088/2088
usemtl Surface_2
f 2092/2092 2090/2090 2089/2089
usemtl Surface_2
f 2091/2091 2090/2090 2092/2092
usemtl Surface_2
f 2096/2096 2094/2094 2093/2093
usemtl Surface_2
f 2095/2095 2094/2094 2096/2096
usemtl Surface_2
f 2100/2100 2098/2098 2097/2097
usemtl Surface_2
f 2099/2099 2098/2098 2100/2100
usemtl Surface_2
f 2104/2104 2102/2102 2101/2101
usemtl Surface_2
f 2103/2103 2102/2102 2104/2104
usemtl Surface_2
f 2108/2108 2106/2106 2105/2105
usemtl Surface_2
f 2107/2107 2106/2106 2108/2108
usemtl Surface_2
f 2112/2112 2110/2110 2109/2109
usemtl Surface_2
f 2111/2111 2110/2110 2112/2112
usemtl Surface_2
f 2116/2116 2114/2114 2113/2113
usemtl Surface_2
f 2115/2115 2114/2114 2116/2116
usemtl Surface_2
f 2120/2120 2118/2118 2117/2117
usemtl Surface_2
f 2119/2119 2118/2118 2120/2120
usemtl Surface_2
f 2124/2124 2122/2122 2121/2121
usemtl Surface_2
f 2123/2123 2122/2122 2124/2124
usemtl Surface_2
f 2128/2128 2126/2126 2125/2125
usemtl Surface_2
f 2127/2127 2126/2126 2128/2128
usemtl Surface_2
f 2132/2132 2130/2130 2129/2129
usemtl Surface_2
f 2131/2131 2130/2130 2132/2132
usemtl Surface_2
f 2136/2136 2134/2134 2133/2133
usemtl Surface_2
f 2135/2135 2134/2134 2136/2136
usemtl Surface_2
f 2140/2140 2138/2138 2137/2137
usemtl Surface_2
f 2139/2139 2138/2138 2140/2140
usemtl Surface_2
f 2144/2144 2142/2142 2141/2141
usemtl Surface_2
f 2143/2143 2142/2142 2144/2144
usemtl Surface_2
f 2148/2148 2146/2146 2145/2145
usemtl Surface_2
f 2147/2147 2146/2146 2148/2148
usemtl Surface_2
f 2152/2152 2150/2150 2149/2149
usemtl Surface_2
f 2151/2151 2150/2150 2152/2152
usemtl Surface_2
f 2156/2156 2154/2154 2153/2153
usemtl Surface_2
f 2155/2155 2154/2154 2156/2156
usemtl Surface_2
f 2160/2160 2158/2158 2157/2157
usemtl Surface_2
f 2159/2159 2158/2158 2160/2160
usemtl Surface_2
f 2164/2164 2162/2162 2161/2161
usemtl Surface_2
f 2163/2163 2162/2162 2164/2164
usemtl Surface_2
f 2168/2168 2166/2166 2165/2165
usemtl Surface_2
f 2167/2167 2166/2166 2168/2168
usemtl Surface_2
f 2172/2172 2170/2170 2169/2169
usemtl Surface_2
f 2171/2171 2170/2170 2172/2172
usemtl Surface_2
f 2176/2176 2174/2174 2173/2173
usemtl Surface_2
f 2175/2175 2174/2174 2176/2176
usemtl Surface_2
f 2180/2180 2178/2178 2177/2177
usemtl Surface_2
f 2179/2179 2178/2178 2180/2180
usemtl Surface_2
f 2184/2184 2182/2182 2181/2181
usemtl Surface_2
f 2183/2183 2182/2182 2184/2184
usemtl Surface_2
f 2188/2188 2186/2186 2185/2185
usemtl Surface_2
f 2187/2187 2186/2186 2188/2188
usemtl Surface_2
f 2192/2192 2190/2190 2189/2189
usemtl Surface_2
f 2191/2191 2190/2190 2192/2192
usemtl Surface_2
f 2196/2196 2194/2194 2193/2193
usemtl Surface_2
f 2195/2195 2194/2194 2196/2196
usemtl Surface_2
f 2200/2200 2198/2198 2197/2197
usemtl Surface_2
f 2199/2199 2198/2198 2200/2200
usemtl Surface_2
f 2204/2204 2202/2202 2201/2201
usemtl Surface_2
f 2203/2203 2202/2202 2204/2204
usemtl Surface_2
f 2208/2208 2206/2206 2205/2205
usemtl Surface_2
f 2207/2207 2206/2206 2208/2208
usemtl Surface_2
f 2212/2212 2210/2210 2209/2209
usemtl Surface_2
f 2211/2211 2210/2210 2212/2212
usemtl Surface_2
f 2216/2216 2214/2214 2213/2213
usemtl Surface_2
f 2215/2215 2214/2214 2216/2216
usemtl Surface_2
f 2220/2220 2218/2218 2217/2217
usemtl Surface_2
f 2219/2219 2218/2218 2220/2220
usemtl Surface_2
f 2224/2224 2222/2222 2221/2221
usemtl Surface_2
f 2223/2223 2222/2222 2224/2224
usemtl Surface_2
f 2228/2228 2226/2226 2225/2225
usemtl Surface_2
f 2227/2227 2226/2226 2228/2228
usemtl Surface_2
f 2232/2232 2230/2230 2229/2229
usemtl Surface_2
f 2231/2231 2230/2230 2232/2232
usemtl Surface_2
f 2236/2236 2234/2234 2233/2233
usemtl Surface_2
f 2235/2235 2234/2234 2236/2236
usemtl Surface_2
f 2240/2240 2238/2238 2237/2237
usemtl Surface_2
f 2239/2239 2238/2238 2240/2240
usemtl Surface_2
f 2244/2244 2242/2242 2241/2241
usemtl Surface_2
f 2243/2243 2242/2242 2244/2244
usemtl Surface_2
f 2248/2248 2246/2246 2245/2245
usemtl Surface_2
f 2247/2247 2246/2246 2248/2248
usemtl Surface_2
f 2252/2252 2250/2250 2249/2249
usemtl Surface_2
f 2251/2251 2250/2250 2252/2252
usemtl Surface_2
f 2256/2256 2254/2254 2253/2253
usemtl Surface_2
f 2255/2255 2254/2254 2256/2256
usemtl Surface_2
f 2260/2260 2258/2258 2257/2257
usemtl Surface_2
f 2259/2259 2258/2258 2260/2260
usemtl Surface_2
f 2264/2264 2262/2262 2261/2261
usemtl Surface_2
f 2263/2263 2262/2262 2264/2264
usemtl Surface_2
f 2268/2268 2266/2266 2265/2265
usemtl Surface_2
f 2267/2267 2266/2266 2268/2268
usemtl Surface_2
f 2272/2272 2270/2270 2269/2269
usemtl Surface_2
f 2271/2271 2270/2270 2272/2272
usemtl Surface_2
f 2276/2276 2274/2274 2273/2273
usemtl Surface_2
f 2275/2275 2274/2274 2276/2276
usemtl Surface_2
f 2280/2280 2278/2278 2277/2277
usemtl Surface_2
f 2279/2279 2278/2278 2280/2280
usemtl Surface_2
f 2284/2284 2282/2282 2281/2281
usemtl Surface_2
f 2283/2283 2282/2282 2284/2284
usemtl Surface_2
f 2288/2288 2286/2286 2285/2285
usemtl Surface_2
f 2287/2287 2286/2286 2288/2288
usemtl Surface_2
f 2292/2292 2290/2290 2289/2289
usemtl Surface_2
f 2291/2291 2290/2290 2292/2292
usemtl Surface_2
f 2296/2296 2294/2294 2293/2293
usemtl Surface_2
f 2295/2295 2294/2294 2296/2296
usemtl Surface_2
f 2300/2300 2298/2298 2297/2297
usemtl Surface_2
f 2299/2299 2298/2298 2300/2300
usemtl Surface_2
f 2304/2304 2302/2302 2301/2301
usemtl Surface_2
f 2303/2303 2302/2302 2304/2304
usemtl Surface_2
f 2308/2308 2306/2306 2305/2305
usemtl Surface_2
f 2307/2307 2306/2306 2308/2308
usemtl Surface_2
f 2312/2312 2310/2310 2309/2309
usemtl Surface_2
f 2311/2311 2310/2310 2312/2312
usemtl Surface_2
f 2316/2316 2314/2314 2313/2313
usemtl Surface_2
f 2315/2315 2314/2314 2316/2316
usemtl Surface_2
f 2320/2320 2318/2318 2317/2317
usemtl Surface_2
f 2319/2319 2318/2318 2320/2320
usemtl Surface_2
f 2324/2324 2322/2322 2321/2321
usemtl Surface_2
f 2323/2323 2322/2322 2324/2324
usemtl Surface_2
f 2328/2328 2326/2326 2325/2325
usemtl Surface_2
f 2327/2327 2326/2326 2328/2328
usemtl Surface_2
f 2332/2332 2330/2330 2329/2329
usemtl Surface_2
f 2331/2331 2330/2330 2332/2332
usemtl Surface_2
f 2336/2336 2334/2334 2333/2333
usemtl Surface_2
f 2335/2335 2334/2334 2336/2336
usemtl Surface_2
f 2340/2340 2338/2338 2337/2337
usemtl Surface_2
f 2339/2339 2338/2338 2340/2340
usemtl Surface_2
f 2344/2344 2342/2342 2341/2341
usemtl Surface_2
f 2343/2343 2342/2342 2344/2344
usemtl Surface_2
f 2348/2348 2346/2346 2345/2345
usemtl Surface_2
f 2347/2347 2346/2346 2348/2348
usemtl Surface_2
f 2352/2352 2350/2350 2349/2349
usemtl Surface_2
f 2351/2351 2350/2350 2352/2352
usemtl Surface_2
f 2356/2356 2354/2354 2353/2353
usemtl Surface_2
f 2355/2355 2354/2354 2356/2356
usemtl Surface_2
f 2360/2360 2358/2358 2357/2357
usemtl Surface_2
f 2359/2359 2358/2358 2360/2360
usemtl Surface_2
f 2364/2364 2362/2362 2361/2361
usemtl Surface_2
f 2363/2363 2362/2362 2364/2364
usemtl Surface_2
f 2368/2368 2366/2366 2365/2365
usemtl Surface_2
f 2367/2367 2366/2366 2368/2368
usemtl Surface_2
f 2372/2372 2370/2370 2369/2369
usemtl Surface_2
f 2371/2371 2370/2370 2372/2372
usemtl Surface_2
f 2376/2376 2374/2374 2373/2373
usemtl Surface_2
f 2375/2375 2374/2374 2376/2376
usemtl Surface_2
f 2380/2380 2378/2378 2377/2377
usemtl Surface_2
f 2379/2379 2378/2378 2380/2380
usemtl Surface_2
f 2384/2384 2382/2382 2381/2381
usemtl Surface_2
f 2383/2383 2382/2382 2384/2384
usemtl Surface_2
f 2388/2388 2386/2386 2385/2385
usemtl Surface_2
f 2387/2387 2386/2386 2388/2388
usemtl Surface_2
f 2392/2392 2390/2390 2389/2389
usemtl Surface_2
f 2391/2391 2390/2390 2392/2392
usemtl Surface_2
f 2396/2396 2394/2394 2393/2393
usemtl Surface_2
f 2395/2395 2394/2394 2396/2396
usemtl Surface_2
f 2400/2400 2398/2398 2397/2397
usemtl Surface_2
f 2399/2399 2398/2398 2400/2400
usemtl Surface_2
f 2404/2404 2402/2402 2401/2401
usemtl Surface_2
f 2403/2403 2402/2402 2404/2404
usemtl Surface_2
f 2408/2408 2406/2406 2405/2405
usemtl Surface_2
f 2407/2407 2406/2406 2408/2408
usemtl Surface_2
f 2412/2412 2410/2410 2409/2409
usemtl Surface_2
f 2411/2411 2410/2410 2412/2412
usemtl Surface_2
f 2416/2416 2414/2414 2413/2413
usemtl Surface_2
f 2415/2415 2414/2414 2416/2416
usemtl Surface_2
f 2420/2420 2418/2418 2417/2417
usemtl Surface_2
f 2419/2419 2418/2418 2420/2420
usemtl Surface_2
f 2424/2424 2422/2422 2421/2421
usemtl Surface_2
f 2423/2423 2422/2422 2424/2424
usemtl Surface_2
f 2428/2428 2426/2426 2425/2425
usemtl Surface_2
f 2427/2427 2426/2426 2428/2428
usemtl Surface_2
f 2432/2432 2430/2430 2429/2429
usemtl Surface_2
f 2431/2431 2430/2430 2432/2432
usemtl Surface_2
f 2436/2436 2434/2434 2433/2433
usemtl Surface_2
f 2435/2435 2434/2434 2436/2436
usemtl Surface_2
f 2440/2440 2438/2438 2437/2437
usemtl Surface_2
f 2439/2439 2438/2438 2440/2440
usemtl Surface_2
f 2444/2444 2442/2442 2441/2441
usemtl Surface_2
f 2443/2443 2442/2442 2444/2444
usemtl Surface_2
f 2448/2448 2446/2446 2445/2445
usemtl Surface_2
f 2447/2447 2446/2446 2448/2448
usemtl Surface_2
f 2452/2452 2450/2450 2449/2449
usemtl Surface_2
f 2451/2451 2450/2450 2452/2452
usemtl Surface_2
f 2456/2456 2454/2454 2453/2453
usemtl Surface_2
f 2455/2455 2454/2454 2456/2456
usemtl Surface_2
f 2460/2460 2458/2458 2457/2457
usemtl Surface_2
f 2459/2459 2458/2458 2460/2460
usemtl Surface_2
f 2464/2464 2462/2462 2461/2461
usemtl Surface_2
f 2463/2463 2462/2462 2464/2464
usemtl Surface_2
f 2468/2468 2466/2466 2465/2465
usemtl Surface_2
f 2467/2467 2466/2466 2468/2468
usemtl Surface_2
f 2472/2472 2470/2470 2469/2469
usemtl Surface_2
f 2471/2471 2470/2470 2472/2472
usemtl Surface_2
f 2476/2476 2474/2474 2473/2473
usemtl Surface_2
f 2475/2475 2474/2474 2476/2476
usemtl Surface_2
f 2480/2480 2478/2478 2477/2477
usemtl Surface_2
f 2479/2479 2478/2478 2480/2480
usemtl Surface_2
f 2484/2484 2482/2482 2481/2481
usemtl Surface_2
f 2483/2483 2482/2482 2484/2484
usemtl Surface_2
f 2488/2488 2486/2486 2485/2485
usemtl Surface_2
f 2487/2487 2486/2486 2488/2488
usemtl Surface_2
f 2492/2492 2490/2490 2489/2489
usemtl Surface_2
f 2491/2491 2490/2490 2492/2492
usemtl Surface_2
f 2496/2496 2494/2494 2493/2493
usemtl Surface_2
f 2495/2495 2494/2494 2496/2496
usemtl Surface_2
f 2500/2500 2498/2498 2497/2497
usemtl Surface_2
f 2499/2499 2498/2498 2500/2500
usemtl Surface_2
f 2504/2504 2502/2502 2501/2501
usemtl Surface_2
f 2503/2503 2502/2502 2504/2504
usemtl Surface_2
f 2508/2508 2506/2506 2505/2505
usemtl Surface_2
f 2507/2507 2506/2506 2508/2508
usemtl Surface_2
f 2512/2512 2510/2510 2509/2509
usemtl Surface_2
f 2511/2511 2510/2510 2512/2512
usemtl Surface_2
f 2516/2516 2514/2514 2513/2513
usemtl Surface_2
f 2515/2515 2514/2514 2516/2516
usemtl Surface_2
f 2520/2520 2518/2518 2517/2517
usemtl Surface_2
f 2519/2519 2518/2518 2520/2520
usemtl Surface_2
f 2524/2524 2522/2522 2521/2521
usemtl Surface_2
f 2523/2523 2522/2522 2524/2524
usemtl Surface_2
f 2528/2528 2526/2526 2525/2525
usemtl Surface_2
f 2527/2527 2526/2526 2528/2528
usemtl Surface_2
f 2532/2532 2530/2530 2529/2529
usemtl Surface_2
f 2531/2531 2530/2530 2532/2532
usemtl Surface_2
f 2536/2536 2534/2534 2533/2533
usemtl Surface_2
f 2535/2535 2534/2534 2536/2536
usemtl Surface_2
f 2540/2540 2538/2538 2537/2537
usemtl Surface_2
f 2539/2539 2538/2538 2540/2540
usemtl Surface_2
f 2544/2544 2542/2542 2541/2541
usemtl Surface_2
f 2543/2543 2542/2542 2544/2544
usemtl Surface_2
f 2548/2548 2546/2546 2545/2545
usemtl Surface_2
f 2547/2547 2546/2546 2548/2548
usemtl Surface_2
f 2552/2552 2550/2550 2549/2549
usemtl Surface_2
f 2551/2551 2550/2550 2552/2552
usemtl Surface_2
f 2556/2556 2554/2554 2553/2553
usemtl Surface_2
f 2555/2555 2554/2554 2556/2556
usemtl Surface_2
f 2560/2560 2558/2558 2557/2557
usemtl Surface_2
f 2559/2559 2558/2558 2560/2560
usemtl Surface_2
f 2564/2564 2562/2562 2561/2561
usemtl Surface_2
f 2563/2563 2562/2562 2564/2564
usemtl Surface_2
f 2568/2568 2566/2566 2565/2565
usemtl Surface_2
f 2567/2567 2566/2566 2568/2568
usemtl Surface_2
f 2572/2572 2570/2570 2569/2569
usemtl Surface_2
f 2571/2571 2570/2570 2572/2572
usemtl Surface_2
f 2576/2576 2574/2574 2573/2573
usemtl Surface_2
f 2575/2575 2574/2574 2576/2576
usemtl Surface_2
f 2580/2580 2578/2578 2577/2577
usemtl Surface_2
f 2579/2579 2578/2578 2580/2580
usemtl Surface_2
f 2584/2584 2582/2582 2581/2581
usemtl Surface_2
f 2583/2583 2582/2582 2584/2584
usemtl Surface_2
f 2588/2588 2586/2586 2585/2585
usemtl Surface_2
f 2587/2587 2586/2586 2588/2588
usemtl Surface_2
f 2592/2592 2590/2590 2589/2589
usemtl Surface_2
f 2591/2591 2590/2590 2592/2592
usemtl Surface_2
f 2596/2596 2594/2594 2593/2593
usemtl Surface_2
f 2595/2595 2594/2594 2596/2596
usemtl Surface_2
f 2600/2600 2598/2598 2597/2597
usemtl Surface_2
f 2599/2599 2598/2598 2600/2600
usemtl Surface_2
f 2604/2604 2602/2602 2601/2601
usemtl Surface_2
f 2603/2603 2602/2602 2604/2604
usemtl Surface_2
f 2608/2608 2606/2606 2605/2605
usemtl Surface_2
f 2607/2607 2606/2606 2608/2608
usemtl Surface_2
f 2612/2612 2610/2610 2609/2609
usemtl Surface_2
f 2611/2611 2610/2610 2612/2612
usemtl Surface_2
f 2616/2616 2614/2614 2613/2613
usemtl Surface_2
f 2615/2615 2614/2614 2616/2616
usemtl Surface_2
f 2620/2620 2618/2618 2617/2617
usemtl Surface_2
f 2619/2619 2618/2618 2620/2620
usemtl Surface_2
f 2624/2624 2622/2622 2621/2621
usemtl Surface_2
f 2623/2623 2622/2622 2624/2624
usemtl Surface_2
f 2628/2628 2626/2626 2625/2625
usemtl Surface_2
f 2627/2627 2626/2626 2628/2628
usemtl Surface_2
f 2632/2632 2630/2630 2629/2629
usemtl Surface_2
f 2631/2631 2630/2630 2632/2632
usemtl Surface_2
f 2636/2636 2634/2634 2633/2633
usemtl Surface_2
f 2635/2635 2634/2634 2636/2636
usemtl Surface_2
f 2640/2640 2638/2638 2637/2637
usemtl Surface_2
f 2639/2639 2638/2638 2640/2640
usemtl Surface_2
f 2644/2644 2642/2642 2641/2641
usemtl Surface_2
f 2643/2643 2642/2642 2644/2644
usemtl Surface_2
f 2648/2648 2646/2646 2645/2645
usemtl Surface_2
f 2647/2647 2646/2646 2648/2648
usemtl Surface_2
f 2652/2652 2650/2650 2649/2649
usemtl Surface_2
f 2651/2651 2650/2650 2652/2652
usemtl Surface_2
f 2656/2656 2654/2654 2653/2653
usemtl Surface_2
f 2655/2655 2654/2654 2656/2656
usemtl Surface_2
f 2660/2660 2658/2658 2657/2657
usemtl Surface_2
f 2659/2659 2658/2658 2660/2660
usemtl Surface_2
f 2664/2664 2662/2662 2661/2661
usemtl Surface_2
f 2663/2663 2662/2662 2664/2664
usemtl Surface_2
f 2668/2668 2666/2666 2665/2665
usemtl Surface_2
f 2667/2667 2666/2666 2668/2668
usemtl Surface_2
f 2672/2672 2670/2670 2669/2669
usemtl Surface_2
f 2671/2671 2670/2670 2672/2672
usemtl Surface_2
f 2676/2676 2674/2674 2673/2673
usemtl Surface_2
f 2675/2675 2674/2674 2676/2676
usemtl Surface_2
f 2680/2680 2678/2678 2677/2677
usemtl Surface_2
f 2679/2679 2678/2678 2680/2680
usemtl Surface_2
f 2684/2684 2682/2682 2681/2681
usemtl Surface_2
f 2683/2683 2682/2682 2684/2684
usemtl Surface_2
f 2688/2688 2686/2686 2685/2685
usemtl Surface_2
f 2687/2687 2686/2686 2688/2688
usemtl Surface_2
f 2692/2692 2690/2690 2689/2689
usemtl Surface_2
f 2691/2691 2690/2690 2692/2692
usemtl Surface_2
f 2696/2696 2694/2694 2693/2693
usemtl Surface_2
f 2695/2695 2694/2694 2696/2696
usemtl Surface_2
f 2700/2700 2698/2698 2697/2697
usemtl Surface_2
f 2699/2699 2698/2698 2700/2700
usemtl Surface_2
f 2704/2704 2702/2702 2701/2701
usemtl Surface_2
f 2703/2703 2702/2702 2704/2704
usemtl Surface_2
f 2708/2708 2706/2706 2705/2705
usemtl Surface_2
f 2707/2707 2706/2706 2708/2708
usemtl Surface_2
f 2712/2712 2710/2710 2709/2709
usemtl Surface_2
f 2711/2711 2710/2710 2712/2712
usemtl Surface_2
f 2716/2716 2714/2714 2713/2713
usemtl Surface_2
f 2715/2715 2714/2714 2716/2716
usemtl Surface_2
f 2720/2720 2718/2718 2717/2717
usemtl Surface_2
f 2719/2719 2718/2718 2720/2720
usemtl Surface_2
f 2724/2724 2722/2722 2721/2721
usemtl Surface_2
f 2723/2723 2722/2722 2724/2724
usemtl Surface_2
f 2728/2728 2726/2726 2725/2725
usemtl Surface_2
f 2727/2727 2726/2726 2728/2728
usemtl Surface_2
f 2732/2732 2730/2730 2729/2729
usemtl Surface_2
f 2731/2731 2730/2730 2732/2732
usemtl Surface_2
f 2736/2736 2734/2734 2733/2733
usemtl Surface_2
f 2735/2735 2734/2734 2736/2736
usemtl Surface_2
f 2740/2740 2738/2738 2737/2737
usemtl Surface_2
f 2739/2739 2738/2738 2740/2740
usemtl Surface_2
f 2744/2744 2742/2742 2741/2741
usemtl Surface_2
f 2743/2743 2742/2742 2744/2744
usemtl Surface_2
f 2748/2748 2746/2746 2745/2745
usemtl Surface_2
f 2747/2747 2746/2746 2748/2748
usemtl Surface_2
f 2752/2752 2750/2750 2749/2749
usemtl Surface_2
f 2751/2751 2750/2750 2752/2752
usemtl Surface_2
f 2756/2756 2754/2754 2753/2753
usemtl Surface_2
f 2755/2755 2754/2754 2756/2756
usemtl Surface_2
f 2760/2760 2758/2758 2757/2757
usemtl Surface_2
f 2759/2759 2758/2758 2760/2760
usemtl Surface_2
f 2764/2764 2762/2762 2761/2761
usemtl Surface_2
f 2763/2763 2762/2762 2764/2764
usemtl Surface_2
f 2768/2768 2766/2766 2765/2765
usemtl Surface_2
f 2767/2767 2766/2766 2768/2768
usemtl Surface_2
f 2772/2772 2770/2770 2769/2769
usemtl Surface_2
f 2771/2771 2770/2770 2772/2772
usemtl Surface_2
f 2776/2776 2774/2774 2773/2773
usemtl Surface_2
f 2775/2775 2774/2774 2776/2776
usemtl Surface_2
f 2780/2780 2778/2778 2777/2777
usemtl Surface_2
f 2779/2779 2778/2778 2780/2780
usemtl Surface_2
f 2784/2784 2782/2782 2781/2781
usemtl Surface_2
f 2783/2783 2782/2782 2784/2784
usemtl Surface_2
f 2788/2788 2786/2786 2785/2785
usemtl Surface_2
f 2787/2787 2786/2786 2788/2788
usemtl Surface_2
f 2792/2792 2790/2790 2789/2789
usemtl Surface_2
f 2791/2791 2790/2790 2792/2792
usemtl Surface_2
f 2796/2796 2794/2794 2793/2793
usemtl Surface_2
f 2795/2795 2794/2794 2796/2796
usemtl Surface_2
f 2800/2800 2798/2798 2797/2797
usemtl Surface_2
f 2799/2799 2798/2798 2800/2800
usemtl Surface_2
f 2804/2804 2802/2802 2801/2801
usemtl Surface_2
f 2803/2803 2802/2802 2804/2804
usemtl Surface_2
f 2808/2808 2806/2806 2805/2805
usemtl Surface_2
f 2807/2807 2806/2806 2808/2808
usemtl Surface_2
f 2812/2812 2810/2810 2809/2809
usemtl Surface_2
f 2811/2811 2810/2810 2812/2812
usemtl Surface_2
f 2816/2816 2814/2814 2813/2813
usemtl Surface_2
f 2815/2815 2814/2814 2816/2816
usemtl Surface_2
f 2820/2820 2818/2818 2817/2817
usemtl Surface_2
f 2819/2819 2818/2818 2820/2820
usemtl Surface_2
f 2824/2824 2822/2822 2821/2821
usemtl Surface_2
f 2823/2823 2822/2822 2824/2824
usemtl Surface_2
f 2828/2828 2826/2826 2825/2825
usemtl Surface_2
f 2827/2827 2826/2826 2828/2828
usemtl Surface_2
f 2832/2832 2830/2830 2829/2829
usemtl Surface_2
f 2831/2831 2830/2830 2832/2832
usemtl Surface_2
f 2836/2836 2834/2834 2833/2833
usemtl Surface_2
f 2835/2835 2834/2834 2836/2836
usemtl Surface_2
f 2840/2840 2838/2838 2837/2837
usemtl Surface_2
f 2839/2839 2838/2838 2840/2840
usemtl Surface_2
f 2844/2844 2842/2842 2841/2841
usemtl Surface_2
f 2843/2843 2842/2842 2844/2844
usemtl Surface_2
f 2848/2848 2846/2846 2845/2845
usemtl Surface_2
f 2847/2847 2846/2846 2848/2848
usemtl Surface_2
f 2852/2852 2850/2850 2849/2849
usemtl Surface_2
f 2851/2851 2850/2850 2852/2852
usemtl Surface_2
f 2856/2856 2854/2854 2853/2853
usemtl Surface_2
f 2855/2855 2854/2854 2856/2856
usemtl Surface_2
f 2860/2860 2858/2858 2857/2857
usemtl Surface_2
f 2859/2859 2858/2858 2860/2860
usemtl Surface_2
f 2864/2864 2862/2862 2861/2861
usemtl Surface_2
f 2863/2863 2862/2862 2864/2864
usemtl Surface_2
f 2868/2868 2866/2866 2865/2865
usemtl Surface_2
f 2867/2867 2866/2866 2868/2868
usemtl Surface_2
f 2872/2872 2870/2870 2869/2869
usemtl Surface_2
f 2871/2871 2870/2870 2872/2872
usemtl Surface_2
f 2876/2876 2874/2874 2873/2873
usemtl Surface_2
f 2875/2875 2874/2874 2876/2876
usemtl Surface_2
f 2880/2880 2878/2878 2877/2877
usemtl Surface_2
f 2879/2879 2878/2878 2880/2880
usemtl Surface_2
f 2884/2884 2882/2882 2881/2881
usemtl Surface_2
f 2883/2883 2882/2882 2884/2884
usemtl Surface_2
f 2888/2888 2886/2886 2885/2885
usemtl Surface_2
f 2887/2887 2886/2886 2888/2888
usemtl Surface_2
f 2892/2892 2890/2890 2889/2889
usemtl Surface_2
f 2891/2891 2890/2890 2892/2892
usemtl Surface_2
f 2896/2896 2894/2894 2893/2893
usemtl Surface_2
f 2895/2895 2894/2894 2896/2896
usemtl Surface_2
f 2900/2900 2898/2898 2897/2897
usemtl Surface_2
f 2899/2899 2898/2898 2900/2900
usemtl Surface_2
f 2904/2904 2902/2902 2901/2901
usemtl Surface_2
f 2903/2903 2902/2902 2904/2904
usemtl Surface_2
f 2908/2908 2906/2906 2905/2905
usemtl Surface_2
f 2907/2907 2906/2906 2908/2908
usemtl Surface_2
f 2912/2912 2910/2910 2909/2909
usemtl Surface_2
f 2911/2911 2910/2910 2912/2912
usemtl Surface_2
f 2916/2916 2914/2914 2913/2913
usemtl Surface_2
f 2915/2915 2914/2914 2916/2916
usemtl Surface_2
f 2920/2920 2918/2918 2917/2917
usemtl Surface_2
f 2919/2919 2918/2918 2920/2920
usemtl Surface_2
f 2924/2924 2922/2922 2921/2921
usemtl Surface_2
f 2923/2923 2922/2922 2924/2924
usemtl Surface_2
f 2928/2928 2926/2926 2925/2925
usemtl Surface_2
f 2927/2927 2926/2926 2928/2928
usemtl Surface_2
f 2932/2932 2930/2930 2929/2929
usemtl Surface_2
f 2931/2931 2930/2930 2932/2932
usemtl Surface_2
f 2936/2936 2934/2934 2933/2933
usemtl Surface_2
f 2935/2935 2934/2934 2936/2936
usemtl Surface_2
f 2940/2940 2938/2938 2937/2937
usemtl Surface_2
f 2939/2939 2938/2938 2940/2940
usemtl Surface_2
f 2944/2944 2942/2942 2941/2941
usemtl Surface_2
f 2943/2943 2942/2942 2944/2944
usemtl Surface_2
f 2948/2948 2946/2946 2945/2945
usemtl Surface_2
f 2947/2947 2946/2946 2948/2948
usemtl Surface_2
f 2952/2952 2950/2950 2949/2949
usemtl Surface_2
f 2951/2951 2950/2950 2952/2952
usemtl Surface_2
f 2956/2956 2954/2954 2953/2953
usemtl Surface_2
f 2955/2955 2954/2954 2956/2956
usemtl Surface_2
f 2960/2960 2958/2958 2957/2957
usemtl Surface_2
f 2959/2959 2958/2958 2960/2960
usemtl Surface_2
f 2964/2964 2962/2962 2961/2961
usemtl Surface_2
f 2963/2963 2962/2962 2964/2964
usemtl Surface_2
f 2968/2968 2966/2966 2965/2965
usemtl Surface_2
f 2967/2967 2966/2966 2968/2968
usemtl Surface_2
f 2972/2972 2970/2970 2969/2969
usemtl Surface_2
f 2971/2971 2970/2970 2972/2972
usemtl Surface_2
f 2976/2976 2974/2974 2973/2973
usemtl Surface_2
f 2975/2975 2974/2974 2976/2976
usemtl Surface_2
f 2980/2980 2978/2978 2977/2977
usemtl Surface_2
f 2979/2979 2978/2978 2980/2980
usemtl Surface_2
f 2984/2984 2982/2982 2981/2981
usemtl Surface_2
f 2983/2983 2982/2982 2984/2984
usemtl Surface_2
f 2988/2988 2986/2986 2985/2985
usemtl Surface_2
f 2987/2987 2986/2986 2988/2988
usemtl Surface_2
f 2992/2992 2990/2990 2989/2989
usemtl Surface_2
f 2991/2991 2990/2990 2992/2992
usemtl Surface_2
f 2996/2996 2994/2994 2993/2993
usemtl Surface_2
f 2995/2995 2994/2994 2996/2996
usemtl Surface_2
f 3000/3000 2998/2998 2997/2997
usemtl Surface_2
f 2999/2999 2998/2998 3000/3000
usemtl Surface_2
f 3004/3004 3002/3002 3001/3001
usemtl Surface_2
f 3003/3003 3002/3002 3004/3004
usemtl Surface_2
f 3008/3008 3006/3006 3005/3005
usemtl Surface_2
f 3007/3007 3006/3006 3008/3008
usemtl Surface_2
f 3012/3012 3010/3010 3009/3009
usemtl Surface_2
f 3011/3011 3010/3010 3012/3012
usemtl Surface_2
f 3016/3016 3014/3014 3013/3013
usemtl Surface_2
f 3015/3015 3014/3014 3016/3016
usemtl Surface_2
f 3020/3020 3018/3018 3017/3017
usemtl Surface_2
f 3019/3019 3018/3018 3020/3020
usemtl Surface_2
f 3024/3024 3022/3022 3021/3021
usemtl Surface_2
f 3023/3023 3022/3022 3024/3024
usemtl Surface_2
f 3028/3028 3026/3026 3025/3025
usemtl Surface_2
f 3027/3027 3026/3026 3028/3028
usemtl Surface_2
f 3032/3032 3030/3030 3029/3029
usemtl Surface_2
f 3031/3031 3030/3030 3032/3032
usemtl Surface_2
f 3036/3036 3034/3034 3033/3033
usemtl Surface_2
f 3035/3035 3034/3034 3036/3036
usemtl Surface_2
f 3040/3040 3038/3038 3037/3037
usemtl Surface_2
f 3039/3039 3038/3038 3040/3040
usemtl Surface_2
f 3044/3044 3042/3042 3041/3041
usemtl Surface_2
f 3043/3043 3042/3042 3044/3044
usemtl Surface_2
f 3048/3048 3046/3046 3045/3045
usemtl Surface_2
f 3047/3047 3046/3046 3048/3048
usemtl Surface_2
f 3052/3052 3050/3050 3049/3049
usemtl Surface_2
f 3051/3051 3050/3050 3052/3052
usemtl Surface_2
f 3056/3056 3054/3054 3053/3053
usemtl Surface_2
f 3055/3055 3054/3054 3056/3056
usemtl Surface_2
f 3060/3060 3058/3058 3057/3057
usemtl Surface_2
f 3059/3059 3058/3058 3060/3060
usemtl Surface_2
f 3064/3064 3062/3062 3061/3061
usemtl Surface_2
f 3063/3063 3062/3062 3064/3064
usemtl Surface_2
f 3068/3068 3066/3066 3065/3065
usemtl Surface_2
f 3067/3067 3066/3066 3068/3068
usemtl Surface_2
f 3072/3072 3070/3070 3069/3069
usemtl Surface_2
f 3071/3071 3070/3070 3072/3072
usemtl Surface_2
f 3076/3076 3074/3074 3073/3073
usemtl Surface_2
f 3075/3075 3074/3074 3076/3076
usemtl Surface_2
f 3080/3080 3078/3078 3077/3077
usemtl Surface_2
f 3079/3079 3078/3078 3080/3080
usemtl Surface_2
f 3084/3084 3082/3082 3081/3081
usemtl Surface_2
f 3083/3083 3082/3082 3084/3084
usemtl Surface_2
f 3088/3088 3086/3086 3085/3085
usemtl Surface_2
f 3087/3087 3086/3086 3088/3088
usemtl Surface_2
f 3092/3092 3090/3090 3089/3089
usemtl Surface_2
f 3091/3091 3090/3090 3092/3092
usemtl Surface_2
f 3096/3096 3094/3094 3093/3093
usemtl Surface_2
f 3095/3095 3094/3094 3096/3096
usemtl Surface_2
f 3100/3100 3098/3098 3097/3097
usemtl Surface_2
f 3099/3099 3098/3098 3100/3100
usemtl Surface_2
f 3104/3104 3102/3102 3101/3101
usemtl Surface_2
f 3103/3103 3102/3102 3104/3104
usemtl Surface_2
f 3108/3108 3106/3106 3105/3105
usemtl Surface_2
f 3107/3107 3106/3106 3108/3108
usemtl Surface_2
f 3112/3112 3110/3110 3109/3109
usemtl Surface_2
f 3111/3111 3110/3110 3112/3112
usemtl Surface_2
f 3116/3116 3114/3114 3113/3113
usemtl Surface_2
f 3115/3115 3114/3114 3116/3116
usemtl Surface_2
f 3120/3120 3118/3118 3117/3117
usemtl Surface_2
f 3119/3119 3118/3118 3120/3120
usemtl Surface_2
f 3124/3124 3122/3122 3121/3121
usemtl Surface_2
f 3123/3123 3122/3122 3124/3124
usemtl Surface_2
f 3128/3128 3126/3126 3125/3125
usemtl Surface_2
f 3127/3127 3126/3126 3128/3128
usemtl Surface_2
f 3132/3132 3130/3130 3129/3129
usemtl Surface_2
f 3131/3131 3130/3130 3132/3132
usemtl Surface_2
f 3136/3136 3134/3134 3133/3133
usemtl Surface_2
f 3135/3135 3134/3134 3136/3136
usemtl Surface_2
f 3140/3140 3138/3138 3137/3137
usemtl Surface_2
f 3139/3139 3138/3138 3140/3140
usemtl Surface_2
f 3144/3144 3142/3142 3141/3141
usemtl Surface_2
f 3143/3143 3142/3142 3144/3144
usemtl Surface_2
f 3148/3148 3146/3146 3145/3145
usemtl Surface_2
f 3147/3147 3146/3146 3148/3148
usemtl Surface_2
f 3152/3152 3150/3150 3149/3149
usemtl Surface_2
f 3151/3151 3150/3150 3152/3152
usemtl Surface_2
f 3156/3156 3154/3154 3153/3153
usemtl Surface_2
f 3155/3155 3154/3154 3156/3156
usemtl Surface_2
f 3160/3160 3158/3158 3157/3157
usemtl Surface_2
f 3159/3159 3158/3158 3160/3160
usemtl Surface_2
f 3164/3164 3162/3162 3161/3161
usemtl Surface_2
f 3163/3163 3162/3162 3164/3164
usemtl Surface_2
f 3168/3168 3166/3166 3165/3165
usemtl Surface_2
f 3167/3167 3166/3166 3168/3168
usemtl Surface_2
f 3172/3172 3170/3170 3169/3169
usemtl Surface_2
f 3171/3171 3170/3170 3172/3172
usemtl Surface_2
f 3176/3176 3174/3174 3173/3173
usemtl Surface_2
f 3175/3175 3174/3174 3176/3176
usemtl Surface_2
f 3180/3180 3178/3178 3177/3177
usemtl Surface_2
f 3179/3179 3178/3178 3180/3180
usemtl Surface_2
f 3184/3184 3182/3182 3181/3181
usemtl Surface_2
f 3183/3183 3182/3182 3184/3184
usemtl Surface_2
f 3188/3188 3186/3186 3185/3185
usemtl Surface_2
f 3187/3187 3186/3186 3188/3188
usemtl Surface_2
f 3192/3192 3190/3190 3189/3189
usemtl Surface_2
f 3191/3191 3190/3190 3192/3192
usemtl Surface_2
f 3196/3196 3194/3194 3193/3193
usemtl Surface_2
f 3195/3195 3194/3194 3196/3196
usemtl Surface_2
f 3200/3200 3198/3198 3197/3197
usemtl Surface_2
f 3199/3199 3198/3198 3200/3200
usemtl Surface_2
f 3204/3204 3202/3202 3201/3201
usemtl Surface_2
f 3203/3203 3202/3202 3204/3204
usemtl Surface_2
f 3208/3208 3206/3206 3205/3205
usemtl Surface_2
f 3207/3207 3206/3206 3208/3208
usemtl Surface_2
f 3212/3212 3210/3210 3209/3209
usemtl Surface_2
f 3211/3211 3210/3210 3212/3212
usemtl Surface_2
f 3216/3216 3214/3214 3213/3213
usemtl Surface_2
f 3215/3215 3214/3214 3216/3216
usemtl Surface_2
f 3220/3220 3218/3218 3217/3217
usemtl Surface_2
f 3219/3219 3218/3218 3220/3220
usemtl Surface_2
f 3224/3224 3222/3222 3221/3221
usemtl Surface_2
f 3223/3223 3222/3222 3224/3224
usemtl Surface_2
f 3228/3228 3226/3226 3225/3225
usemtl Surface_2
f 3227/3227 3226/3226 3228/3228
usemtl Surface_2
f 3232/3232 3230/3230 3229/3229
usemtl Surface_2
f 3231/3231 3230/3230 3232/3232
usemtl Surface_2
f 3236/3236 3234/3234 3233/3233
usemtl Surface_2
f 3235/3235 3234/3234 3236/3236
usemtl Surface_2
f 3240/3240 3238/3238 3237/3237
usemtl Surface_2
f 3239/3239 3238/3238 3240/3240
usemtl Surface_2
f 3244/3244 3242/3242 3241/3241
usemtl Surface_2
f 3243/3243 3242/3242 3244/3244
usemtl Surface_2
f 3248/3248 3246/3246 3245/3245
usemtl Surface_2
f 3247/3247 3246/3246 3248/3248
usemtl Surface_2
f 3252/3252 3250/3250 3249/3249
usemtl Surface_2
f 3251/3251 3250/3250 3252/3252
usemtl Surface_2
f 3256/3256 3254/3254 3253/3253
usemtl Surface_2
f 3255/3255 3254/3254 3256/3256
usemtl Surface_2
f 3260/3260 3258/3258 3257/3257
usemtl Surface_2
f 3259/3259 3258/3258 3260/3260
usemtl Surface_2
f 3264/3264 3262/3262 3261/3261
usemtl Surface_2
f 3263/3263 3262/3262 3264/3264
usemtl Surface_2
f 3268/3268 3266/3266 3265/3265
usemtl Surface_2
f 3267/3267 3266/3266 3268/3268
usemtl Surface_2
f 3272/3272 3270/3270 3269/3269
usemtl Surface_2
f 3271/3271 3270/3270 3272/3272
usemtl Surface_2
f 3276/3276 3274/3274 3273/3273
usemtl Surface_2
f 3275/3275 3274/3274 3276/3276
usemtl Surface_2
f 3280/3280 3278/3278 3277/3277
usemtl Surface_2
f 3279/3279 3278/3278 3280/3280
usemtl Surface_2
f 3284/3284 3282/3282 3281/3281
usemtl Surface_2
f 3283/3283 3282/3282 3284/3284
usemtl Surface_2
f 3288/3288 3286/3286 3285/3285
usemtl Surface_2
f 3287/3287 3286/3286 3288/3288
usemtl Surface_2
f 3292/3292 3290/3290 3289/3289
usemtl Surface_2
f 3291/3291 3290/3290 3292/3292
usemtl Surface_2
f 3296/3296 3294/3294 3293/3293
usemtl Surface_2
f 3295/3295 3294/3294 3296/3296
usemtl Surface_2
f 3300/3300 3298/3298 3297/3297
usemtl Surface_2
f 3299/3299 3298/3298 3300/3300
usemtl Surface_2
f 3304/3304 3302/3302 3301/3301
usemtl Surface_2
f 3303/3303 3302/3302 3304/3304
usemtl Surface_2
f 3308/3308 3306/3306 3305/3305
usemtl Surface_2
f 3307/3307 3306/3306 3308/3308
usemtl Surface_2
f 3312/3312 3310/3310 3309/3309
usemtl Surface_2
f 3311/3311 3310/3310 3312/3312
usemtl Surface_2
f 3316/3316 3314/3314 3313/3313
usemtl Surface_2
f 3315/3315 3314/3314 3316/3316
usemtl Surface_2
f 3320/3320 3318/3318 3317/3317
usemtl Surface_2
f 3319/3319 3318/3318 3320/3320
usemtl Surface_2
f 3324/3324 3322/3322 3321/3321
usemtl Surface_2
f 3323/3323 3322/3322 3324/3324
usemtl Surface_2
f 3328/3328 3326/3326 3325/3325
usemtl Surface_2
f 3327/3327 3326/3326 3328/3328
usemtl Surface_2
f 3332/3332 3330/3330 3329/3329
usemtl Surface_2
f 3331/3331 3330/3330 3332/3332
usemtl Surface_2
f 3336/3336 3334/3334 3333/3333
usemtl Surface_2
f 3335/3335 3334/3334 3336/3336
usemtl Surface_2
f 3340/3340 3338/3338 3337/3337
usemtl Surface_2
f 3339/3339 3338/3338 3340/3340
usemtl Surface_2
f 3344/3344 3342/3342 3341/3341
usemtl Surface_2
f 3343/3343 3342/3342 3344/3344
usemtl Surface_2
f 3348/3348 3346/3346 3345/3345
usemtl Surface_2
f 3347/3347 3346/3346 3348/3348
usemtl Surface_2
f 3352/3352 3350/3350 3349/3349
usemtl Surface_2
f 3351/3351 3350/3350 3352/3352
usemtl Surface_2
f 3356/3356 3354/3354 3353/3353
usemtl Surface_2
f 3355/3355 3354/3354 3356/3356
usemtl Surface_2
f 3360/3360 3358/3358 3357/3357
usemtl Surface_2
f 3359/3359 3358/3358 3360/3360
usemtl Surface_2
f 3364/3364 3362/3362 3361/3361
usemtl Surface_2
f 3363/3363 3362/3362 3364/3364
usemtl Surface_2
f 3368/3368 3366/3366 3365/3365
usemtl Surface_2
f 3367/3367 3366/3366 3368/3368
usemtl Surface_2
f 3372/3372 3370/3370 3369/3369
usemtl Surface_2
f 3371/3371 3370/3370 3372/3372
usemtl Surface_2
f 3376/3376 3374/3374 3373/3373
usemtl Surface_2
f 3375/3375 3374/3374 3376/3376
usemtl Surface_2
f 3380/3380 3378/3378 3377/3377
usemtl Surface_2
f 3379/3379 3378/3378 3380/3380
usemtl Surface_2
f 3384/3384 3382/3382 3381/3381
usemtl Surface_2
f 3383/3383 3382/3382 3384/3384
usemtl Surface_2
f 3388/3388 3386/3386 3385/3385
usemtl Surface_2
f 3387/3387 3386/3386 3388/3388
usemtl Surface_2
f 3392/3392 3390/3390 3389/3389
usemtl Surface_2
f 3391/3391 3390/3390 3392/3392
usemtl Surface_2
f 3396/3396 3394/3394 3393/3393
usemtl Surface_2
f 3395/3395 3394/3394 3396/3396
usemtl Surface_2
f 3400/3400 3398/3398 3397/3397
usemtl Surface_2
f 3399/3399 3398/3398 3400/3400
usemtl Surface_2
f 3404/3404 3402/3402 3401/3401
usemtl Surface_2
f 3403/3403 3402/3402 3404/3404
usemtl Surface_2
f 3408/3408 3406/3406 3405/3405
usemtl Surface_2
f 3407/3407 3406/3406 3408/3408
usemtl Surface_2
f 3412/3412 3410/3410 3409/3409
usemtl Surface_2
f 3411/3411 3410/3410 3412/3412
usemtl Surface_2
f 3416/3416 3414/3414 3413/3413
usemtl Surface_2
f 3415/3415 3414/3414 3416/3416
usemtl Surface_2
f 3420/3420 3418/3418 3417/3417
usemtl Surface_2
f 3419/3419 3418/3418 3420/3420
usemtl Surface_2
f 3424/3424 3422/3422 3421/3421
usemtl Surface_2
f 3423/3423 3422/3422 3424/3424
usemtl Surface_2
f 3428/3428 3426/3426 3425/3425
usemtl Surface_2
f 3427/3427 3426/3426 3428/3428
usemtl Surface_2
f 3432/3432 3430/3430 3429/3429
usemtl Surface_2
f 3431/3431 3430/3430 3432/3432
usemtl Surface_2
f 3436/3436 3434/3434 3433/3433
usemtl Surface_2
f 3435/3435 3434/3434 3436/3436
usemtl Surface_2
f 3440/3440 3438/3438 3437/3437
usemtl Surface_2
f 3439/3439 3438/3438 3440/3440
usemtl Surface_2
f 3444/3444 3442/3442 3441/3441
usemtl Surface_2
f 3443/3443 3442/3442 3444/3444
usemtl Surface_2
f 3448/3448 3446/3446 3445/3445
usemtl Surface_2
f 3447/3447 3446/3446 3448/3448
usemtl Surface_2
f 3452/3452 3450/3450 3449/3449
usemtl Surface_2
f 3451/3451 3450/3450 3452/3452
usemtl Surface_2
f 3456/3456 3454/3454 3453/3453
usemtl Surface_2
f 3455/3455 3454/3454 3456/3456
usemtl Surface_2
f 3460/3460 3458/3458 3457/3457
usemtl Surface_2
f 3459/3459 3458/3458 3460/3460
usemtl Surface_2
f 3464/3464 3462/3462 3461/3461
usemtl Surface_2
f 3463/3463 3462/3462 3464/3464
usemtl Surface_2
f 3468/3468 3466/3466 3465/3465
usemtl Surface_2
f 3467/3467 3466/3466 3468/3468
usemtl Surface_2
f 3472/3472 3470/3470 3469/3469
usemtl Surface_2
f 3471/3471 3470/3470 3472/3472
usemtl Surface_2
f 3476/3476 3474/3474 3473/3473
usemtl Surface_2
f 3475/3475 3474/3474 3476/3476
usemtl Surface_2
f 3480/3480 3478/3478 3477/3477
usemtl Surface_2
f 3479/3479 3478/3478 3480/3480
usemtl Surface_2
f 3484/3484 3482/3482 3481/3481
usemtl Surface_2
f 3483/3483 3482/3482 3484/3484
usemtl Surface_2
f 3488/3488 3486/3486 3485/3485
usemtl Surface_2
f 3487/3487 3486/3486 3488/3488
usemtl Surface_2
f 3492/3492 3490/3490 3489/3489
usemtl Surface_2
f 3491/3491 3490/3490 3492/3492
usemtl Surface_2
f 3496/3496 3494/3494 3493/3493
usemtl Surface_2
f 3495/3495 3494/3494 3496/3496
usemtl Surface_2
f 3500/3500 3498/3498 3497/3497
usemtl Surface_2
f 3499/3499 3498/3498 3500/3500
usemtl Surface_2
f 3504/3504 3502/3502 3501/3501
usemtl Surface_2
f 3503/3503 3502/3502 3504/3504
usemtl Surface_2
f 3508/3508 3506/3506 3505/3505
usemtl Surface_2
f 3507/3507 3506/3506 3508/3508
usemtl Surface_2
f 3512/3512 3510/3510 3509/3509
usemtl Surface_2
f 3511/3511 3510/3510 3512/3512
usemtl Surface_2
f 3516/3516 3514/3514 3513/3513
usemtl Surface_2
f 3515/3515 3514/3514 3516/3516
usemtl Surface_2
f 3520/3520 3518/3518 3517/3517
usemtl Surface_2
f 3519/3519 3518/3518 3520/3520
usemtl Surface_2
f 3524/3524 3522/3522 3521/3521
usemtl Surface_2
f 3523/3523 3522/3522 3524/3524
usemtl Surface_2
f 3528/3528 3526/3526 3525/3525
usemtl Surface_2
f 3527/3527 3526/3526 3528/3528
usemtl Surface_2
f 3532/3532 3530/3530 3529/3529
usemtl Surface_2
f 3531/3531 3530/3530 3532/3532
usemtl Surface_2
f 3536/3536 3534/3534 3533/3533
usemtl Surface_2
f 3535/3535 3534/3534 3536/3536
usemtl Surface_2
f 3540/3540 3538/3538 3537/3537
usemtl Surface_2
f 3539/3539 3538/3538 3540/3540
usemtl Surface_2
f 3544/3544 3542/3542 3541/3541
usemtl Surface_2
f 3543/3543 3542/3542 3544/3544
usemtl Surface_2
f 3548/3548 3546/3546 3545/3545
usemtl Surface_2
f 3547/3547 3546/3546 3548/3548
usemtl Surface_2
f 3552/3552 3550/3550 3549/3549
usemtl Surface_2
f 3551/3551 3550/3550 3552/3552
usemtl Surface_2
f 3556/3556 3554/3554 3553/3553
usemtl Surface_2
f 3555/3555 3554/3554 3556/3556
usemtl Surface_2
f 3560/3560 3558/3558 3557/3557
usemtl Surface_2
f 3559/3559 3558/3558 3560/3560
usemtl Surface_2
f 3564/3564 3562/3562 3561/3561
usemtl Surface_2
f 3563/3563 3562/3562 3564/3564
usemtl Surface_2
f 3568/3568 3566/3566 3565/3565
usemtl Surface_2
f 3567/3567 3566/3566 3568/3568
usemtl Surface_2
f 3572/3572 3570/3570 3569/3569
usemtl Surface_2
f 3571/3571 3570/3570 3572/3572
usemtl Surface_2
f 3576/3576 3574/3574 3573/3573
usemtl Surface_2
f 3575/3575 3574/3574 3576/3576
usemtl Surface_2
f 3580/3580 3578/3578 3577/3577
usemtl Surface_2
f 3579/3579 3578/3578 3580/3580
usemtl Surface_2
f 3584/3584 3582/3582 3581/3581
usemtl Surface_2
f 3583/3583 3582/3582 3584/3584
usemtl Surface_2
f 3588/3588 3586/3586 3585/3585
usemtl Surface_2
f 3587/3587 3586/3586 3588/3588
usemtl Surface_2
f 3592/3592 3590/3590 3589/3589
usemtl Surface_2
f 3591/3591 3590/3590 3592/3592
usemtl Surface_2
f 3596/3596 3594/3594 3593/3593
usemtl Surface_2
f 3595/3595 3594/3594 3596/3596
usemtl Surface_2
f 3600/3600 3598/3598 3597/3597
usemtl Surface_2
f 3599/3599 3598/3598 3600/3600
usemtl Surface_2
f 3604/3604 3602/3602 3601/3601
usemtl Surface_2
f 3603/3603 3602/3602 3604/3604
usemtl Surface_2
f 3608/3608 3606/3606 3605/3605
usemtl Surface_2
f 3607/3607 3606/3606 3608/3608
usemtl Surface_2
f 3612/3612 3610/3610 3609/3609
usemtl Surface_2
f 3611/3611 3610/3610 3612/3612
usemtl Surface_2
f 3616/3616 3614/3614 3613/3613
usemtl Surface_2
f 3615/3615 3614/3614 3616/3616
usemtl Surface_2
f 3620/3620 3618/3618 3617/3617
usemtl Surface_2
f 3619/3619 3618/3618 3620/3620
usemtl Surface_2
f 3624/3624 3622/3622 3621/3621
usemtl Surface_2
f 3623/3623 3622/3622 3624/3624
usemtl Surface_4
f 3628/3628 3626/3626 3625/3625
usemtl Surface_4
f 3627/3627 3626/3626 3628/3628
usemtl Surface_4
f 3632/3632 3630/3630 3629/3629
usemtl Surface_4
f 3631/3631 3630/3630 3632/3632
usemtl Surface_4
f 3636/3636 3634/3634 3633/3633
usemtl Surface_4
f 3635/3635 3634/3634 3636/3636
usemtl Surface_4
f 3640/3640 3638/3638 3637/3637
usemtl Surface_4
f 3639/3639 3638/3638 3640/3640
usemtl Surface_4
f 3644/3644 3642/3642 3641/3641
usemtl Surface_4
f 3643/3643 3642/3642 3644/3644
usemtl Surface_4
f 3648/3648 3646/3646 3645/3645
usemtl Surface_4
f 3647/3647 3646/3646 3648/3648
usemtl Surface_4
f 3652/3652 3650/3650 3649/3649
usemtl Surface_4
f 3651/3651 3650/3650 3652/3652
usemtl Surface_4
f 3656/3656 3654/3654 3653/3653
usemtl Surface_4
f 3655/3655 3654/3654 3656/3656
usemtl Surface_4
f 3660/3660 3658/3658 3657/3657
usemtl Surface_4
f 3659/3659 3658/3658 3660/3660
usemtl Surface_4
f 3664/3664 3662/3662 3661/3661
usemtl Surface_4
f 3663/3663 3662/3662 3664/3664
usemtl Surface_4
f 3668/3668 3666/3666 3665/3665
usemtl Surface_4
f 3667/3667 3666/3666 3668/3668
usemtl Surface_4
f 3672/3672 3670/3670 3669/3669
usemtl Surface_4
f 3671/3671 3670/3670 3672/3672
usemtl Surface_4
f 3676/3676 3674/3674 3673/3673
usemtl Surface_4
f 3675/3675 3674/3674 3676/3676
usemtl Surface_4
f 3680/3680 3678/3678 3677/3677
usemtl Surface_4
f 3679/3679 3678/3678 3680/3680
usemtl Surface_4
f 3684/3684 3682/3682 3681/3681
usemtl Surface_4
f 3683/3683 3682/3682 3684/3684
usemtl Surface_4
f 3688/3688 3686/3686 3685/3685
usemtl Surface_4
f 3687/3687 3686/3686 3688/3688
usemtl Surface_4
f 3692/3692 3690/3690 3689/3689
usemtl Surface_4
f 3691/3691 3690/3690 3692/3692
usemtl Surface_4
f 3696/3696 3694/3694 3693/3693
usemtl Surface_4
f 3695/3695 3694/3694 3696/3696
usemtl Surface_4
f 3700/3700 3698/3698 3697/3697
usemtl Surface_4
f 3699/3699 3698/3698 3700/3700
usemtl Surface_4
f 3704/3704 3702/3702 3701/3701
usemtl Surface_4
f 3703/3703 3702/3702 3704/3704
usemtl Surface_4
f 3724/3724 3706/3706 3705/3705
usemtl Surface_4
f 3723/3723 3706/3706 3724/3724
usemtl Surface_4
f 3722/3722 3706/3706 3723/3723
usemtl Surface_4
f 3721/3721 3706/3706 3722/3722
usemtl Surface_4
f 3720/3720 3706/3706 3721/3721
usemtl Surface_4
f 3719/3719 3706/3706 3720/3720
usemtl Surface_4
f 3718/3718 3706/3706 3719/3719
usemtl Surface_4
f 3717/3717 3706/3706 3718/3718
usemtl Surface_4
f 3716/3716 3706/3706 3717/3717
usemtl Surface_4
f 3715/3715 3706/3706 3716/3716
usemtl Surface_4
f 3714/3714 3706/3706 3715/3715
usemtl Surface_4
f 3713/3713 3706/3706 3714/3714
usemtl Surface_4
f 3712/3712 3706/3706 3713/3713
usemtl Surface_4
f 3711/3711 3706/3706 3712/3712
usemtl Surface_4
f 3710/3710 3706/3706 3711/3711
usemtl Surface_4
f 3709/3709 3706/3706 3710/3710
usemtl Surface_4
f 3708/3708 3706/3706 3709/3709
usemtl Surface_4
f 3707/3707 3706/3706 3708/3708
usemtl Surface_4
f 3744/3744 3726/3726 3725/3725
usemtl Surface_4
f 3743/3743 3726/3726 3744/3744
usemtl Surface_4
f 3742/3742 3726/3726 3743/3743
usemtl Surface_4
f 3741/3741 3726/3726 3742/3742
usemtl Surface_4
f 3740/3740 3726/3726 3741/3741
usemtl Surface_4
f 3739/3739 3726/3726 3740/3740
usemtl Surface_4
f 3738/3738 3726/3726 3739/3739
usemtl Surface_4
f 3737/3737 3726/3726 3738/3738
usemtl Surface_4
f 3736/3736 3726/3726 3737/3737
usemtl Surface_4
f 3735/3735 3726/3726 3736/3736
usemtl Surface_4
f 3734/3734 3726/3726 3735/3735
usemtl Surface_4
f 3733/3733 3726/3726 3734/3734
usemtl Surface_4
f 3732/3732 3726/3726 3733/3733
usemtl Surface_4
f 3731/3731 3726/3726 3732/3732
usemtl Surface_4
f 3730/3730 3726/3726 3731/3731
usemtl Surface_4
f 3729/3729 3726/3726 3730/3730
usemtl Surface_4
f 3728/3728 3726/3726 3729/3729
usemtl Surface_4
f 3727/3727 3726/3726 3728/3728
usemtl Surface_4
f 3748/3748 3746/3746 3745/3745
usemtl Surface_4
f 3747/3747 3746/3746 3748/3748
usemtl Surface_4
f 3752/3752 3750/3750 3749/3749
usemtl Surface_4
f 3751/3751 3750/3750 3752/3752
usemtl Surface_4
f 3756/3756 3754/3754 3753/3753
usemtl Surface_4
f 3755/3755 3754/3754 3756/3756
usemtl Surface_4
f 3760/3760 3758/3758 3757/3757
usemtl Surface_4
f 3759/3759 3758/3758 3760/3760
usemtl Surface_4
f 3764/3764 3762/3762 3761/3761
usemtl Surface_4
f 3763/3763 3762/3762 3764/3764
usemtl Surface_4
f 3768/3768 3766/3766 3765/3765
usemtl Surface_4
f 3767/3767 3766/3766 3768/3768
usemtl Surface_4
f 3772/3772 3770/3770 3769/3769
usemtl Surface_4
f 3771/3771 3770/3770 3772/3772
usemtl Surface_4
f 3776/3776 3774/3774 3773/3773
usemtl Surface_4
f 3775/3775 3774/3774 3776/3776
usemtl Surface_4
f 3780/3780 3778/3778 3777/3777
usemtl Surface_4
f 3779/3779 3778/3778 3780/3780
usemtl Surface_4
f 3784/3784 3782/3782 3781/3781
usemtl Surface_4
f 3783/3783 3782/3782 3784/3784
usemtl Surface_4
f 3794/3794 3786/3786 3785/3785
usemtl Surface_4
f 3793/3793 3786/3786 3794/3794
usemtl Surface_4
f 3792/3792 3786/3786 3793/3793
usemtl Surface_4
f 3791/3791 3786/3786 3792/3792
usemtl Surface_4
f 3790/3790 3786/3786 3791/3791
usemtl Surface_4
f 3789/3789 3786/3786 3790/3790
usemtl Surface_4
f 3788/3788 3786/3786 3789/3789
usemtl Surface_4
f 3787/3787 3786/3786 3788/3788
usemtl Surface_4
f 3804/3804 3796/3796 3795/3795
usemtl Surface_4
f 3803/3803 3796/3796 3804/3804
usemtl Surface_4
f 3802/3802 3796/3796 3803/3803
usemtl Surface_4
f 3801/3801 3796/3796 3802/3802
usemtl Surface_4
f 3800/3800 3796/3796 3801/3801
usemtl Surface_4
f 3799/3799 3796/3796 3800/3800
usemtl Surface_4
f 3798/3798 3796/3796 3799/3799
usemtl Surface_4
f 3797/3797 3796/3796 3798/3798
usemtl Surface_2
f 3808/3808 3806/3806 3805/3805
usemtl Surface_2
f 3807/3807 3806/3806 3808/3808
usemtl Surface_2
f 3812/3812 3810/3810 3809/3809
usemtl Surface_2
f 3811/3811 3810/3810 3812/3812
usemtl Surface_2
f 3816/3816 3814/3814 3813/3813
usemtl Surface_2
f 3815/3815 3814/3814 3816/3816
usemtl Surface_2
f 3820/3820 3818/3818 3817/3817
usemtl Surface_2
f 3819/3819 3818/3818 3820/3820
usemtl Surface_2
f 3824/3824 3822/3822 3821/3821
usemtl Surface_2
f 3823/3823 3822/3822 3824/3824
usemtl Surface_2
f 3828/3828 3826/3826 3825/3825
usemtl Surface_2
f 3827/3827 3826/3826 3828/3828
usemtl Surface_4
f 3832/3832 3830/3830 3829/3829
usemtl Surface_4
f 3831/3831 3830/3830 3832/3832
usemtl Surface_4
f 3836/3836 3834/3834 3833/3833
usemtl Surface_4
f 3835/3835 3834/3834 3836/3836
usemtl Surface_4
f 3840/3840 3838/3838 3837/3837
usemtl Surface_4
f 3839/3839 3838/3838 3840/3840
usemtl Surface_4
f 3844/3844 3842/3842 3841/3841
usemtl Surface_4
f 3843/3843 3842/3842 3844/3844
usemtl Surface_4
f 3848/3848 3846/3846 3845/3845
usemtl Surface_4
f 3847/3847 3846/3846 3848/3848
usemtl Surface_4
f 3852/3852 3850/3850 3849/3849
usemtl Surface_4
f 3851/3851 3850/3850 3852/3852
usemtl Surface_4
f 3856/3856 3854/3854 3853/3853
usemtl Surface_4
f 3855/3855 3854/3854 3856/3856
usemtl Surface_4
f 3860/3860 3858/3858 3857/3857
usemtl Surface_4
f 3859/3859 3858/3858 3860/3860
usemtl Surface_4
f 3864/3864 3862/3862 3861/3861
usemtl Surface_4
f 3863/3863 3862/3862 3864/3864
usemtl Surface_4
f 3868/3868 3866/3866 3865/3865
usemtl Surface_4
f 3867/3867 3866/3866 3868/3868
usemtl Surface_4
f 3872/3872 3870/3870 3869/3869
usemtl Surface_4
f 3871/3871 3870/3870 3872/3872
usemtl Surface_4
f 3876/3876 3874/3874 3873/3873
usemtl Surface_4
f 3875/3875 3874/3874 3876/3876
usemtl Surface_4
f 3880/3880 3878/3878 3877/3877
usemtl Surface_4
f 3879/3879 3878/3878 3880/3880
usemtl Surface_4
f 3884/3884 3882/3882 3881/3881
usemtl Surface_4
f 3883/3883 3882/3882 3884/3884
usemtl Surface_4
f 3888/3888 3886/3886 3885/3885
usemtl Surface_4
f 3887/3887 3886/3886 3888/3888
usemtl Surface_4
f 3892/3892 3890/3890 3889/3889
usemtl Surface_4
f 3891/3891 3890/3890 3892/3892
usemtl Surface_4
f 3896/3896 3894/3894 3893/3893
usemtl Surface_4
f 3895/3895 3894/3894 3896/3896
usemtl Surface_4
f 3900/3900 3898/3898 3897/3897
usemtl Surface_4
f 3899/3899 3898/3898 3900/3900
usemtl Surface_4
f 3904/3904 3902/3902 3901/3901
usemtl Surface_4
f 3903/3903 3902/3902 3904/3904
usemtl Surface_4
f 3908/3908 3906/3906 3905/3905
usemtl Surface_4
f 3907/3907 3906/3906 3908/3908
usemtl Surface_4
f 3928/3928 3910/3910 3909/3909
usemtl Surface_4
f 3927/3927 3910/3910 3928/3928
usemtl Surface_4
f 3926/3926 3910/3910 3927/3927
usemtl Surface_4
f 3925/3925 3910/3910 3926/3926
usemtl Surface_4
f 3924/3924 3910/3910 3925/3925
usemtl Surface_4
f 3923/3923 3910/3910 3924/3924
usemtl Surface_4
f 3922/3922 3910/3910 3923/3923
usemtl Surface_4
f 3921/3921 3910/3910 3922/3922
usemtl Surface_4
f 3920/3920 3910/3910 3921/3921
usemtl Surface_4
f 3919/3919 3910/3910 3920/3920
usemtl Surface_4
f 3918/3918 3910/3910 3919/3919
usemtl Surface_4
f 3917/3917 3910/3910 3918/3918
usemtl Surface_4
f 3916/3916 3910/3910 3917/3917
usemtl Surface_4
f 3915/3915 3910/3910 3916/3916
usemtl Surface_4
f 3914/3914 3910/3910 3915/3915
usemtl Surface_4
f 3913/3913 3910/3910 3914/3914
usemtl Surface_4
f 3912/3912 3910/3910 3913/3913
usemtl Surface_4
f 3911/3911 3910/3910 3912/3912
usemtl Surface_4
f 3948/3948 3930/3930 3929/3929
usemtl Surface_4
f 3947/3947 3930/3930 3948/3948
usemtl Surface_4
f 3946/3946 3930/3930 3947/3947
usemtl Surface_4
f 3945/3945 3930/3930 3946/3946
usemtl Surface_4
f 3944/3944 3930/3930 3945/3945
usemtl Surface_4
f 3943/3943 3930/3930 3944/3944
usemtl Surface_4
f 3942/3942 3930/3930 3943/3943
usemtl Surface_4
f 3941/3941 3930/3930 3942/3942
usemtl Surface_4
f 3940/3940 3930/3930 3941/3941
usemtl Surface_4
f 3939/3939 3930/3930 3940/3940
usemtl Surface_4
f 3938/3938 3930/3930 3939/3939
usemtl Surface_4
f 3937/3937 3930/3930 3938/3938
usemtl Surface_4
f 3936/3936 3930/3930 3937/3937
usemtl Surface_4
f 3935/3935 3930/3930 3936/3936
usemtl Surface_4
f 3934/3934 3930/3930 3935/3935
usemtl Surface_4
f 3933/3933 3930/3930 3934/3934
usemtl Surface_4
f 3932/3932 3930/3930 3933/3933
usemtl Surface_4
f 3931/3931 3930/3930 3932/3932
usemtl Surface_4
f 3952/3952 3950/3950 3949/3949
usemtl Surface_4
f 3951/3951 3950/3950 3952/3952
usemtl Surface_4
f 3956/3956 3954/3954 3953/3953
usemtl Surface_4
f 3955/3955 3954/3954 3956/3956
usemtl Surface_4
f 3960/3960 3958/3958 3957/3957
usemtl Surface_4
f 3959/3959 3958/3958 3960/3960
usemtl Surface_4
f 3964/3964 3962/3962 3961/3961
usemtl Surface_4
f 3963/3963 3962/3962 3964/3964
usemtl Surface_4
f 3968/3968 3966/3966 3965/3965
usemtl Surface_4
f 3967/3967 3966/3966 3968/3968
usemtl Surface_4
f 3972/3972 3970/3970 3969/3969
usemtl Surface_4
f 3971/3971 3970/3970 3972/3972
usemtl Surface_4
f 3976/3976 3974/3974 3973/3973
usemtl Surface_4
f 3975/3975 3974/3974 3976/3976
usemtl Surface_4
f 3980/3980 3978/3978 3977/3977
usemtl Surface_4
f 3979/3979 3978/3978 3980/3980
usemtl Surface_4
f 3984/3984 3982/3982 3981/3981
usemtl Surface_4
f 3983/3983 3982/3982 3984/3984
usemtl Surface_4
f 3988/3988 3986/3986 3985/3985
usemtl Surface_4
f 3987/3987 3986/3986 3988/3988
usemtl Surface_4
f 3998/3998 3990/3990 3989/3989
usemtl Surface_4
f 3997/3997 3990/3990 3998/3998
usemtl Surface_4
f 3996/3996 3990/3990 3997/3997
usemtl Surface_4
f 3995/3995 3990/3990 3996/3996
usemtl Surface_4
f 3994/3994 3990/3990 3995/3995
usemtl Surface_4
f 3993/3993 3990/3990 3994/3994
usemtl Surface_4
f 3992/3992 3990/3990 3993/3993
usemtl Surface_4
f 3991/3991 3990/3990 3992/3992
usemtl Surface_4
f 4008/4008 4000/4000 3999/3999
usemtl Surface_4
f 4007/4007 4000/4000 4008/4008
usemtl Surface_4
f 4006/4006 4000/4000 4007/4007
usemtl Surface_4
f 4005/4005 4000/4000 4006/4006
usemtl Surface_4
f 4004/4004 4000/4000 4005/4005
usemtl Surface_4
f 4003/4003 4000/4000 4004/4004
usemtl Surface_4
f 4002/4002 4000/4000 4003/4003
usemtl Surface_4
f 4001/4001 4000/4000 4002/4002
usemtl Surface_2
f 4012/4012 4010/4010 4009/4009
usemtl Surface_2
f 4011/4011 4010/4010 4012/4012
usemtl Surface_2
f 4016/4016 4014/4014 4013/4013
usemtl Surface_2
f 4015/4015 4014/4014 4016/4016
usemtl Surface_2
f 4020/4020 4018/4018 4017/4017
usemtl Surface_2
f 4019/4019 4018/4018 4020/4020
usemtl Surface_2
f 4024/4024 4022/4022 4021/4021
usemtl Surface_2
f 4023/4023 4022/4022 4024/4024
usemtl Surface_2
f 4028/4028 4026/4026 4025/4025
usemtl Surface_2
f 4027/4027 4026/4026 4028/4028
usemtl Surface_2
f 4032/4032 4030/4030 4029/4029
usemtl Surface_2
f 4031/4031 4030/4030 4032/4032
usemtl Surface_1
f 4036/4036 4034/4034 4033/4033
usemtl Surface_1
f 4035/4035 4034/4034 4036/4036
usemtl Surface_0
f 4040/4040 4038/4038 4037/4037
usemtl Surface_0
f 4039/4039 4038/4038 4040/4040
usemtl Surface_1
f 4044/4044 4042/4042 4041/4041
usemtl Surface_1
f 4043/4043 4042/4042 4044/4044
usemtl Surface_0
f 4048/4048 4046/4046 4045/4045
usemtl Surface_0
f 4047/4047 4046/4046 4048/4048
usemtl Surface_1
f 4052/4052 4050/4050 4049/4049
usemtl Surface_1
f 4051/4051 4050/4050 4052/4052
usemtl Surface_0
f 4056/4056 4054/4054 4053/4053
usemtl Surface_0
f 4055/4055 4054/4054 4056/4056
usemtl Surface_1
f 4060/4060 4058/4058 4057/4057
usemtl Surface_1
f 4059/4059 4058/4058 4060/4060
usemtl Surface_0
f 4064/4064 4062/4062 4061/4061
usemtl Surface_0
f 4063/4063 4062/4062 4064/4064
usemtl Surface_1
f 4068/4068 4066/4066 4065/4065
usemtl Surface_1
f 4067/4067 4066/4066 4068/4068
usemtl Surface_0
f 4072/4072 4070/4070 4069/4069
usemtl Surface_0
f 4071/4071 4070/4070 4072/4072
usemtl Surface_1
f 4076/4076 4074/4074 4073/4073
usemtl Surface_1
f 4075/4075 4074/4074 4076/4076
usemtl Surface_0
f 4080/4080 4078/4078 4077/4077
usemtl Surface_0
f 4079/4079 4078/4078 4080/4080
usemtl Surface_1
f 4084/4084 4082/4082 4081/4081
usemtl Surface_1
f 4083/4083 4082/4082 4084/4084
usemtl Surface_0
f 4088/4088 4086/4086 4085/4085
usemtl Surface_0
f 4087/4087 4086/4086 4088/4088
usemtl Surface_1
f 4092/4092 4090/4090 4089/4089
usemtl Surface_1
f 4091/4091 4090/4090 4092/4092
usemtl Surface_0
f 4096/4096 4094/4094 4093/4093
usemtl Surface_0
f 4095/4095 4094/4094 4096/4096
usemtl Surface_1
f 4100/4100 4098/4098 4097/4097
usemtl Surface_1
f 4099/4099 4098/4098 4100/4100
usemtl Surface_0
f 4104/4104 4102/4102 4101/4101
usemtl Surface_0
f 4103/4103 4102/4102 4104/4104
usemtl Surface_1
f 4108/4108 4106/4106 4105/4105
usemtl Surface_1
f 4107/4107 4106/4106 4108/4108
usemtl Surface_0
f 4112/4112 4110/4110 4109/4109
usemtl Surface_0
f 4111/4111 4110/4110 4112/4112
usemtl Surface_1
f 4116/4116 4114/4114 4113/4113
usemtl Surface_1
f 4115/4115 4114/4114 4116/4116
usemtl Surface_0
f 4120/4120 4118/4118 4117/4117
usemtl Surface_0
f 4119/4119 4118/4118 4120/4120
usemtl Surface_1
f 4124/4124 4122/4122 4121/4121
usemtl Surface_1
f 4123/4123 4122/4122 4124/4124
usemtl Surface_0
f 4128/4128 4126/4126 4125/4125
usemtl Surface_0
f 4127/4127 4126/4126 4128/4128
usemtl Surface_1
f 4132/4132 4130/4130 4129/4129
usemtl Surface_1
f 4131/4131 4130/4130 4132/4132
usemtl Surface_0
f 4136/4136 4134/4134 4133/4133
usemtl Surface_0
f 4135/4135 4134/4134 4136/4136
usemtl Surface_1
f 4140/4140 4138/4138 4137/4137
usemtl Surface_1
f 4139/4139 4138/4138 4140/4140
usemtl Surface_0
f 4144/4144 4142/4142 4141/4141
usemtl Surface_0
f 4143/4143 4142/4142 4144/4144
usemtl Surface_1
f 4148/4148 4146/4146 4145/4145
usemtl Surface_1
f 4147/4147 4146/4146 4148/4148
usemtl Surface_0
f 4152/4152 4150/4150 4149/4149
usemtl Surface_0
f 4151/4151 4150/4150 4152/4152
usemtl Surface_1
f 4156/4156 4154/4154 4153/4153
usemtl Surface_1
f 4155/4155 4154/4154 4156/4156
usemtl Surface_0
f 4160/4160 4158/4158 4157/4157
usemtl Surface_0
f 4159/4159 4158/4158 4160/4160
usemtl Surface_1
f 4164/4164 4162/4162 4161/4161
usemtl Surface_1
f 4163/4163 4162/4162 4164/4164
usemtl Surface_0
f 4168/4168 4166/4166 4165/4165
usemtl Surface_0
f 4167/4167 4166/4166 4168/4168
usemtl Surface_1
f 4172/4172 4170/4170 4169/4169
usemtl Surface_1
f 4171/4171 4170/4170 4172/4172
usemtl Surface_0
f 4176/4176 4174/4174 4173/4173
usemtl Surface_0
f 4175/4175 4174/4174 4176/4176
usemtl Surface_1
f 4180/4180 4178/4178 4177/4177
usemtl Surface_1
f 4179/4179 4178/4178 4180/4180
usemtl Surface_0
f 4184/4184 4182/4182 4181/4181
usemtl Surface_0
f 4183/4183 4182/4182 4184/4184
usemtl Surface_1
f 4188/4188 4186/4186 4185/4185
usemtl Surface_1
f 4187/4187 4186/4186 4188/4188
usemtl Surface_0
f 4192/4192 4190/4190 4189/4189
usemtl Surface_0
f 4191/4191 4190/4190 4192/4192
usemtl Surface_1
f 4196/4196 4194/4194 4193/4193
usemtl Surface_1
f 4195/4195 4194/4194 4196/4196
usemtl Surface_0
f 4200/4200 4198/4198 4197/4197
usemtl Surface_0
f 4199/4199 4198/4198 4200/4200
usemtl Surface_1
f 4204/4204 4202/4202 4201/4201
usemtl Surface_1
f 4203/4203 4202/4202 4204/4204
usemtl Surface_0
f 4208/4208 4206/4206 4205/4205
usemtl Surface_0
f 4207/4207 4206/4206 4208/4208
usemtl Surface_1
f 4212/4212 4210/4210 4209/4209
usemtl Surface_1
f 4211/4211 4210/4210 4212/4212
usemtl Surface_0
f 4216/4216 4214/4214 4213/4213
usemtl Surface_0
f 4215/4215 4214/4214 4216/4216
usemtl Surface_1
f 4220/4220 4218/4218 4217/4217
usemtl Surface_1
f 4219/4219 4218/4218 4220/4220
usemtl Surface_0
f 4224/4224 4222/4222 4221/4221
usemtl Surface_0
f 4223/4223 4222/4222 4224/4224
usemtl Surface_0
f 4228/4228 4226/4226 4225/4225
usemtl Surface_0
f 4227/4227 4226/4226 4228/4228
usemtl Surface_0
f 4232/4232 4230/4230 4229/4229
usemtl Surface_0
f 4231/4231 4230/4230 4232/4232
usemtl Surface_0
f 4236/4236 4234/4234 4233/4233
usemtl Surface_0
f 4235/4235 4234/4234 4236/4236
usemtl Surface_0
f 4240/4240 4238/4238 4237/4237
usemtl Surface_0
f 4239/4239 4238/4238 4240/4240
usemtl Surface_0
f 4244/4244 4242/4242 4241/4241
usemtl Surface_0
f 4243/4243 4242/4242 4244/4244
usemtl Surface_0
f 4248/4248 4246/4246 4245/4245
usemtl Surface_0
f 4247/4247 4246/4246 4248/4248
usemtl Surface_0
f 4252/4252 4250/4250 4249/4249
usemtl Surface_0
f 4251/4251 4250/4250 4252/4252
usemtl Surface_0
f 4256/4256 4254/4254 4253/4253
usemtl Surface_0
f 4255/4255 4254/4254 4256/4256
usemtl Surface_0
f 4260/4260 4258/4258 4257/4257
usemtl Surface_0
f 4259/4259 4258/4258 4260/4260
usemtl Surface_0
f 4264/4264 4262/4262 4261/4261
usemtl Surface_0
f 4263/4263 4262/4262 4264/4264
usemtl Surface_0
f 4268/4268 4266/4266 4265/4265
usemtl Surface_0
f 4267/4267 4266/4266 4268/4268
usemtl Surface_0
f 4272/4272 4270/4270 4269/4269
usemtl Surface_0
f 4271/4271 4270/4270 4272/4272
usemtl Surface_0
f 4276/4276 4274/4274 4273/4273
usemtl Surface_0
f 4275/4275 4274/4274 4276/4276
usemtl Surface_0
f 4280/4280 4278/4278 4277/4277
usemtl Surface_0
f 4279/4279 4278/4278 4280/4280
usemtl Surface_0
f 4284/4284 4282/4282 4281/4281
usemtl Surface_0
f 4283/4283 4282/4282 4284/4284
usemtl Surface_0
f 4288/4288 4286/4286 4285/4285
usemtl Surface_0
f 4287/4287 4286/4286 4288/4288
usemtl Surface_0
f 4292/4292 4290/4290 4289/4289
usemtl Surface_0
f 4291/4291 4290/4290 4292/4292
usemtl Surface_0
f 4296/4296 4294/4294 4293/4293
usemtl Surface_0
f 4295/4295 4294/4294 4296/4296
usemtl Surface_0
f 4300/4300 4298/4298 4297/4297
usemtl Surface_0
f 4299/4299 4298/4298 4300/4300
usemtl Surface_0
f 4304/4304 4302/4302 4301/4301
usemtl Surface_0
f 4303/4303 4302/4302 4304/4304
usemtl Surface_0
f 4308/4308 4306/4306 4305/4305
usemtl Surface_0
f 4307/4307 4306/4306 4308/4308
usemtl Surface_0
f 4312/4312 4310/4310 4309/4309
usemtl Surface_0
f 4311/4311 4310/4310 4312/4312
usemtl Surface_0
f 4316/4316 4314/4314 4313/4313
usemtl Surface_0
f 4315/4315 4314/4314 4316/4316
usemtl Surface_0
f 4320/4320 4318/4318 4317/4317
usemtl Surface_0
f 4319/4319 4318/4318 4320/4320
usemtl Surface_0
f 4324/4324 4322/4322 4321/4321
usemtl Surface_0
f 4323/4323 4322/4322 4324/4324
usemtl Surface_0
f 4328/4328 4326/4326 4325/4325
usemtl Surface_0
f 4327/4327 4326/4326 4328/4328
usemtl Surface_0
f 4332/4332 4330/4330 4329/4329
usemtl Surface_0
f 4331/4331 4330/4330 4332/4332
usemtl Surface_0
f 4336/4336 4334/4334 4333/4333
usemtl Surface_0
f 4335/4335 4334/4334 4336/4336
usemtl Surface_0
f 4340/4340 4338/4338 4337/4337
usemtl Surface_0
f 4339/4339 4338/4338 4340/4340
usemtl Surface_0
f 4344/4344 4342/4342 4341/4341
usemtl Surface_0
f 4343/4343 4342/4342 4344/4344
usemtl Surface_0
f 4348/4348 4346/4346 4345/4345
usemtl Surface_0
f 4347/4347 4346/4346 4348/4348
usemtl Surface_0
f 4352/4352 4350/4350 4349/4349
usemtl Surface_0
f 4351/4351 4350/4350 4352/4352
usemtl Surface_0
f 4356/4356 4354/4354 4353/4353
usemtl Surface_0
f 4355/4355 4354/4354 4356/4356
usemtl Surface_0
f 4360/4360 4358/4358 4357/4357
usemtl Surface_0
f 4359/4359 4358/4358 4360/4360
usemtl Surface_0
f 4364/4364 4362/4362 4361/4361
usemtl Surface_0
f 4363/4363 4362/4362 4364/4364
usemtl Surface_0
f 4368/4368 4366/4366 4365/4365
usemtl Surface_0
f 4367/4367 4366/4366 4368/4368
usemtl Surface_0
f 4372/4372 4370/4370 4369/4369
usemtl Surface_0
f 4371/4371 4370/4370 4372/4372
usemtl Surface_0
f 4376/4376 4374/4374 4373/4373
usemtl Surface_0
f 4375/4375 4374/4374 4376/4376
usemtl Surface_0
f 4380/4380 4378/4378 4377/4377
usemtl Surface_0
f 4379/4379 4378/4378 4380/4380
usemtl Surface_0
f 4384/4384 4382/4382 4381/4381
usemtl Surface_0
f 4383/4383 4382/4382 4384/4384
usemtl Surface_0
f 4388/4388 4386/4386 4385/4385
usemtl Surface_0
f 4387/4387 4386/4386 4388/4388
usemtl Surface_0
f 4392/4392 4390/4390 4389/4389
usemtl Surface_0
f 4391/4391 4390/4390 4392/4392
usemtl Surface_0
f 4396/4396 4394/4394 4393/4393
usemtl Surface_0
f 4395/4395 4394/4394 4396/4396
usemtl Surface_0
f 4400/4400 4398/4398 4397/4397
usemtl Surface_0
f 4399/4399 4398/4398 4400/4400
usemtl Surface_0
f 4404/4404 4402/4402 4401/4401
usemtl Surface_0
f 4403/4403 4402/4402 4404/4404
usemtl Surface_0
f 4408/4408 4406/4406 4405/4405
usemtl Surface_0
f 4407/4407 4406/4406 4408/4408
usemtl Surface_0
f 4412/4412 4410/4410 4409/4409
usemtl Surface_0
f 4411/4411 4410/4410 4412/4412
usemtl Surface_0
f 4416/4416 4414/4414 4413/4413
usemtl Surface_0
f 4415/4415 4414/4414 4416/4416
usemtl Surface_1
f 4420/4420 4418/4418 4417/4417
usemtl Surface_1
f 4419/4419 4418/4418 4420/4420
usemtl Surface_0
f 4424/4424 4422/4422 4421/4421
usemtl Surface_0
f 4423/4423 4422/4422 4424/4424
usemtl Surface_1
f 4428/4428 4426/4426 4425/4425
usemtl Surface_1
f 4427/4427 4426/4426 4428/4428
usemtl Surface_0
f 4432/4432 4430/4430 4429/4429
usemtl Surface_0
f 4431/4431 4430/4430 4432/4432
usemtl Surface_1
f 4436/4436 4434/4434 4433/4433
usemtl Surface_1
f 4435/4435 4434/4434 4436/4436
usemtl Surface_0
f 4440/4440 4438/4438 4437/4437
usemtl Surface_0
f 4439/4439 4438/4438 4440/4440
usemtl Surface_1
f 4444/4444 4442/4442 4441/4441
usemtl Surface_1
f 4443/4443 4442/4442 4444/4444
usemtl Surface_0
f 4448/4448 4446/4446 4445/4445
usemtl Surface_0
f 4447/4447 4446/4446 4448/4448
usemtl Surface_1
f 4452/4452 4450/4450 4449/4449
usemtl Surface_1
f 4451/4451 4450/4450 4452/4452
usemtl Surface_0
f 4456/4456 4454/4454 4453/4453
usemtl Surface_0
f 4455/4455 4454/4454 4456/4456
usemtl Surface_1
f 4460/4460 4458/4458 4457/4457
usemtl Surface_1
f 4459/4459 4458/4458 4460/4460
usemtl Surface_0
f 4464/4464 4462/4462 4461/4461
usemtl Surface_0
f 4463/4463 4462/4462 4464/4464
usemtl Surface_1
f 4468/4468 4466/4466 4465/4465
usemtl Surface_1
f 4467/4467 4466/4466 4468/4468
usemtl Surface_0
f 4472/4472 4470/4470 4469/4469
usemtl Surface_0
f 4471/4471 4470/4470 4472/4472
usemtl Surface_1
f 4476/4476 4474/4474 4473/4473
usemtl Surface_1
f 4475/4475 4474/4474 4476/4476
usemtl Surface_0
f 4480/4480 4478/4478 4477/4477
usemtl Surface_0
f 4479/4479 4478/4478 4480/4480
usemtl Surface_1
f 4484/4484 4482/4482 4481/4481
usemtl Surface_1
f 4483/4483 4482/4482 4484/4484
usemtl Surface_0
f 4488/4488 4486/4486 4485/4485
usemtl Surface_0
f 4487/4487 4486/4486 4488/4488
usemtl Surface_1
f 4492/4492 4490/4490 4489/4489
usemtl Surface_1
f 4491/4491 4490/4490 4492/4492
usemtl Surface_0
f 4496/4496 4494/4494 4493/4493
usemtl Surface_0
f 4495/4495 4494/4494 4496/4496
usemtl Surface_1
f 4500/4500 4498/4498 4497/4497
usemtl Surface_1
f 4499/4499 4498/4498 4500/4500
usemtl Surface_0
f 4504/4504 4502/4502 4501/4501
usemtl Surface_0
f 4503/4503 4502/4502 4504/4504
usemtl Surface_1
f 4508/4508 4506/4506 4505/4505
usemtl Surface_1
f 4507/4507 4506/4506 4508/4508
usemtl Surface_0
f 4512/4512 4510/4510 4509/4509
usemtl Surface_0
f 4511/4511 4510/4510 4512/4512
usemtl Surface_1
f 4516/4516 4514/4514 4513/4513
usemtl Surface_1
f 4515/4515 4514/4514 4516/4516
usemtl Surface_0
f 4520/4520 4518/4518 4517/4517
usemtl Surface_0
f 4519/4519 4518/4518 4520/4520
usemtl Surface_1
f 4524/4524 4522/4522 4521/4521
usemtl Surface_1
f 4523/4523 4522/4522 4524/4524
usemtl Surface_0
f 4528/4528 4526/4526 4525/4525
usemtl Surface_0
f 4527/4527 4526/4526 4528/4528
usemtl Surface_1
f 4532/4532 4530/4530 4529/4529
usemtl Surface_1
f 4531/4531 4530/4530 4532/4532
usemtl Surface_0
f 4536/4536 4534/4534 4533/4533
usemtl Surface_0
f 4535/4535 4534/4534 4536/4536
usemtl Surface_1
f 4540/4540 4538/4538 4537/4537
usemtl Surface_1
f 4539/4539 4538/4538 4540/4540
usemtl Surface_0
f 4544/4544 4542/4542 4541/4541
usemtl Surface_0
f 4543/4543 4542/4542 4544/4544
usemtl Surface_1
f 4548/4548 4546/4546 4545/4545
usemtl Surface_1
f 4547/4547 4546/4546 4548/4548
usemtl Surface_0
f 4552/4552 4550/4550 4549/4549
usemtl Surface_0
f 4551/4551 4550/4550 4552/4552
usemtl Surface_1
f 4556/4556 4554/4554 4553/4553
usemtl Surface_1
f 4555/4555 4554/4554 4556/4556
usemtl Surface_0
f 4560/4560 4558/4558 4557/4557
usemtl Surface_0
f 4559/4559 4558/4558 4560/4560
usemtl Surface_1
f 4564/4564 4562/4562 4561/4561
usemtl Surface_1
f 4563/4563 4562/4562 4564/4564
usemtl Surface_0
f 4568/4568 4566/4566 4565/4565
usemtl Surface_0
f 4567/4567 4566/4566 4568/4568
usemtl Surface_1
f 4572/4572 4570/4570 4569/4569
usemtl Surface_1
f 4571/4571 4570/4570 4572/4572
usemtl Surface_0
f 4576/4576 4574/4574 4573/4573
usemtl Surface_0
f 4575/4575 4574/4574 4576/4576
usemtl Surface_1
f 4580/4580 4578/4578 4577/4577
usemtl Surface_1
f 4579/4579 4578/4578 4580/4580
usemtl Surface_0
f 4584/4584 4582/4582 4581/4581
usemtl Surface_0
f 4583/4583 4582/4582 4584/4584
usemtl Surface_1
f 4588/4588 4586/4586 4585/4585
usemtl Surface_1
f 4587/4587 4586/4586 4588/4588
usemtl Surface_0
f 4592/4592 4590/4590 4589/4589
usemtl Surface_0
f 4591/4591 4590/4590 4592/4592
usemtl Surface_1
f 4596/4596 4594/4594 4593/4593
usemtl Surface_1
f 4595/4595 4594/4594 4596/4596
usemtl Surface_0
f 4600/4600 4598/4598 4597/4597
usemtl Surface_0
f 4599/4599 4598/4598 4600/4600
usemtl Surface_1
f 4604/4604 4602/4602 4601/4601
usemtl Surface_1
f 4603/4603 4602/4602 4604/4604
usemtl Surface_0
f 4608/4608 4606/4606 4605/4605
usemtl Surface_0
f 4607/4607 4606/4606 4608/4608
usemtl Surface_1
f 4612/4612 4610/4610 4609/4609
usemtl Surface_1
f 4611/4611 4610/4610 4612/4612
usemtl Surface_1
f 4616/4616 4614/4614 4613/4613
usemtl Surface_1
f 4615/4615 4614/4614 4616/4616
usemtl Surface_1
f 4620/4620 4618/4618 4617/4617
usemtl Surface_1
f 4619/4619 4618/4618 4620/4620
usemtl Surface_1
f 4624/4624 4622/4622 4621/4621
usemtl Surface_1
f 4623/4623 4622/4622 4624/4624
usemtl Surface_1
f 4628/4628 4626/4626 4625/4625
usemtl Surface_1
f 4627/4627 4626/4626 4628/4628
usemtl Surface_1
f 4632/4632 4630/4630 4629/4629
usemtl Surface_1
f 4631/4631 4630/4630 4632/4632
usemtl Surface_1
f 4636/4636 4634/4634 4633/4633
usemtl Surface_1
f 4635/4635 4634/4634 4636/4636
usemtl Surface_1
f 4640/4640 4638/4638 4637/4637
usemtl Surface_1
f 4639/4639 4638/4638 4640/4640
usemtl Surface_1
f 4644/4644 4642/4642 4641/4641
usemtl Surface_1
f 4643/4643 4642/4642 4644/4644
usemtl Surface_1
f 4648/4648 4646/4646 4645/4645
usemtl Surface_1
f 4647/4647 4646/4646 4648/4648
usemtl Surface_1
f 4652/4652 4650/4650 4649/4649
usemtl Surface_1
f 4651/4651 4650/4650 4652/4652
usemtl Surface_1
f 4656/4656 4654/4654 4653/4653
usemtl Surface_1
f 4655/4655 4654/4654 4656/4656
usemtl Surface_1
f 4660/4660 4658/4658 4657/4657
usemtl Surface_1
f 4659/4659 4658/4658 4660/4660
usemtl Surface_1
f 4664/4664 4662/4662 4661/4661
usemtl Surface_1
f 4663/4663 4662/4662 4664/4664
usemtl Surface_1
f 4668/4668 4666/4666 4665/4665
usemtl Surface_1
f 4667/4667 4666/4666 4668/4668
usemtl Surface_1
f 4672/4672 4670/4670 4669/4669
usemtl Surface_1
f 4671/4671 4670/4670 4672/4672
usemtl Surface_1
f 4676/4676 4674/4674 4673/4673
usemtl Surface_1
f 4675/4675 4674/4674 4676/4676
usemtl Surface_1
f 4680/4680 4678/4678 4677/4677
usemtl Surface_1
f 4679/4679 4678/4678 4680/4680
usemtl Surface_1
f 4684/4684 4682/4682 4681/4681
usemtl Surface_1
f 4683/4683 4682/4682 4684/4684
usemtl Surface_1
f 4688/4688 4686/4686 4685/4685
usemtl Surface_1
f 4687/4687 4686/4686 4688/4688
usemtl Surface_1
f 4692/4692 4690/4690 4689/4689
usemtl Surface_1
f 4691/4691 4690/4690 4692/4692
usemtl Surface_1
f 4696/4696 4694/4694 4693/4693
usemtl Surface_1
f 4695/4695 4694/4694 4696/4696
usemtl Surface_1
f 4700/4700 4698/4698 4697/4697
usemtl Surface_1
f 4699/4699 4698/4698 4700/4700
usemtl Surface_1
f 4704/4704 4702/4702 4701/4701
usemtl Surface_1
f 4703/4703 4702/4702 4704/4704
usemtl Surface_1
f 4708/4708 4706/4706 4705/4705
usemtl Surface_1
f 4707/4707 4706/4706 4708/4708
usemtl Surface_1
f 4712/4712 4710/4710 4709/4709
usemtl Surface_1
f 4711/4711 4710/4710 4712/4712
usemtl Surface_1
f 4716/4716 4714/4714 4713/4713
usemtl Surface_1
f 4715/4715 4714/4714 4716/4716
usemtl Surface_1
f 4720/4720 4718/4718 4717/4717
usemtl Surface_1
f 4719/4719 4718/4718 4720/4720
usemtl Surface_1
f 4724/4724 4722/4722 4721/4721
usemtl Surface_1
f 4723/4723 4722/4722 4724/4724
usemtl Surface_1
f 4728/4728 4726/4726 4725/4725
usemtl Surface_1
f 4727/4727 4726/4726 4728/4728
usemtl Surface_1
f 4732/4732 4730/4730 4729/4729
usemtl Surface_1
f 4731/4731 4730/4730 4732/4732
usemtl Surface_1
f 4736/4736 4734/4734 4733/4733
usemtl Surface_1
f 4735/4735 4734/4734 4736/4736
usemtl Surface_1
f 4740/4740 4738/4738 4737/4737
usemtl Surface_1
f 4739/4739 4738/4738 4740/4740
usemtl Surface_1
f 4744/4744 4742/4742 4741/4741
usemtl Surface_1
f 4743/4743 4742/4742 4744/4744
usemtl Surface_1
f 4748/4748 4746/4746 4745/4745
usemtl Surface_1
f 4747/4747 4746/4746 4748/4748
usemtl Surface_1
f 4752/4752 4750/4750 4749/4749
usemtl Surface_1
f 4751/4751 4750/4750 4752/4752
usemtl Surface_1
f 4756/4756 4754/4754 4753/4753
usemtl Surface_1
f 4755/4755 4754/4754 4756/4756
usemtl Surface_1
f 4760/4760 4758/4758 4757/4757
usemtl Surface_1
f 4759/4759 4758/4758 4760/4760
usemtl Surface_1
f 4764/4764 4762/4762 4761/4761
usemtl Surface_1
f 4763/4763 4762/4762 4764/4764
usemtl Surface_1
f 4768/4768 4766/4766 4765/4765
usemtl Surface_1
f 4767/4767 4766/4766 4768/4768
usemtl Surface_1
f 4772/4772 4770/4770 4769/4769
usemtl Surface_1
f 4771/4771 4770/4770 4772/4772
usemtl Surface_1
f 4776/4776 4774/4774 4773/4773
usemtl Surface_1
f 4775/4775 4774/4774 4776/4776
usemtl Surface_1
f 4780/4780 4778/4778 4777/4777
usemtl Surface_1
f 4779/4779 4778/4778 4780/4780
usemtl Surface_1
f 4784/4784 4782/4782 4781/4781
usemtl Surface_1
f 4783/4783 4782/4782 4784/4784
usemtl Surface_1
f 4788/4788 4786/4786 4785/4785
usemtl Surface_1
f 4787/4787 4786/4786 4788/4788
usemtl Surface_1
f 4792/4792 4790/4790 4789/4789
usemtl Surface_1
f 4791/4791 4790/4790 4792/4792
usemtl Surface_1
f 4796/4796 4794/4794 4793/4793
usemtl Surface_1
f 4795/4795 4794/4794 4796/4796
usemtl Surface_1
f 4800/4800 4798/4798 4797/4797
usemtl Surface_1
f 4799/4799 4798/4798 4800/4800
usemtl Surface_1
f 4804/4804 4802/4802 4801/4801
usemtl Surface_1
f 4803/4803 4802/4802 4804/4804
usemtl Surface_1
f 4808/4808 4806/4806 4805/4805
usemtl Surface_1
f 4807/4807 4806/4806 4808/4808
usemtl Surface_1
f 4812/4812 4810/4810 4809/4809
usemtl Surface_1
f 4811/4811 4810/4810 4812/4812
usemtl Surface_1
f 4816/4816 4814/4814 4813/4813
usemtl Surface_1
f 4815/4815 4814/4814 4816/4816
usemtl Surface_1
f 4820/4820 4818/4818 4817/4817
usemtl Surface_1
f 4819/4819 4818/4818 4820/4820
usemtl Surface_1
f 4824/4824 4822/4822 4821/4821
usemtl Surface_1
f 4823/4823 4822/4822 4824/4824
usemtl Surface_2
f 4832/4832 4826/4826 4825/4825
usemtl Surface_2
f 4831/4831 4826/4826 4832/4832
usemtl Surface_2
f 4830/4830 4826/4826 4831/4831
usemtl Surface_2
f 4829/4829 4826/4826 4830/4830
usemtl Surface_2
f 4828/4828 4826/4826 4829/4829
usemtl Surface_2
f 4827/4827 4826/4826 4828/4828
usemtl Surface_2
f 4840/4840 4834/4834 4833/4833
usemtl Surface_2
f 4839/4839 4834/4834 4840/4840
usemtl Surface_2
f 4838/4838 4834/4834 4839/4839
usemtl Surface_2
f 4837/4837 4834/4834 4838/4838
usemtl Surface_2
f 4836/4836 4834/4834 4837/4837
usemtl Surface_2
f 4835/4835 4834/4834 4836/4836
usemtl Surface_2
f 4844/4844 4842/4842 4841/4841
usemtl Surface_2
f 4843/4843 4842/4842 4844/4844
usemtl Surface_2
f 4848/4848 4846/4846 4845/4845
usemtl Surface_2
f 4847/4847 4846/4846 4848/4848
usemtl Surface_2
f 4852/4852 4850/4850 4849/4849
usemtl Surface_2
f 4851/4851 4850/4850 4852/4852
usemtl Surface_2
f 4856/4856 4854/4854 4853/4853
usemtl Surface_2
f 4855/4855 4854/4854 4856/4856
usemtl Surface_2
f 4860/4860 4858/4858 4857/4857
usemtl Surface_2
f 4859/4859 4858/4858 4860/4860
usemtl Surface_2
f 4864/4864 4862/4862 4861/4861
usemtl Surface_2
f 4863/4863 4862/4862 4864/4864
usemtl Surface_2
f 4868/4868 4866/4866 4865/4865
usemtl Surface_2
f 4867/4867 4866/4866 4868/4868
usemtl Surface_2
f 4872/4872 4870/4870 4869/4869
usemtl Surface_2
f 4871/4871 4870/4870 4872/4872
usemtl Surface_2
f 4876/4876 4874/4874 4873/4873
usemtl Surface_2
f 4875/4875 4874/4874 4876/4876
usemtl Surface_2
f 4880/4880 4878/4878 4877/4877
usemtl Surface_2
f 4879/4879 4878/4878 4880/4880
usemtl Surface_2
f 4884/4884 4882/4882 4881/4881
usemtl Surface_2
f 4883/4883 4882/4882 4884/4884
usemtl Surface_2
f 4888/4888 4886/4886 4885/4885
usemtl Surface_2
f 4887/4887 4886/4886 4888/4888
usemtl Surface_2
f 4892/4892 4890/4890 4889/4889
usemtl Surface_2
f 4891/4891 4890/4890 4892/4892
usemtl Surface_2
f 4896/4896 4894/4894 4893/4893
usemtl Surface_2
f 4895/4895 4894/4894 4896/4896
usemtl Surface_2
f 4900/4900 4898/4898 4897/4897
usemtl Surface_2
f 4899/4899 4898/4898 4900/4900
usemtl Surface_2
f 4904/4904 4902/4902 4901/4901
usemtl Surface_2
f 4903/4903 4902/4902 4904/4904
usemtl Surface_0
f 4909/4909 4906/4906 4905/4905
usemtl Surface_0
f 4908/4908 4906/4906 4909/4909
usemtl Surface_0
f 4907/4907 4906/4906 4908/4908
usemtl Surface_0
f 4914/4914 4911/4911 4910/4910
usemtl Surface_0
f 4913/4913 4911/4911 4914/4914
usemtl Surface_0
f 4912/4912 4911/4911 4913/4913
usemtl Surface_0
f 4918/4918 4916/4916 4915/4915
usemtl Surface_0
f 4917/4917 4916/4916 4918/4918
usemtl Surface_1
f 4922/4922 4920/4920 4919/4919
usemtl Surface_1
f 4921/4921 4920/4920 4922/4922
usemtl Surface_0
f 4926/4926 4924/4924 4923/4923
usemtl Surface_0
f 4925/4925 4924/4924 4926/4926
usemtl Surface_1
f 4930/4930 4928/4928 4927/4927
usemtl Surface_1
f 4929/4929 4928/4928 4930/4930
usemtl Surface_0
f 4934/4934 4932/4932 4931/4931
usemtl Surface_0
f 4933/4933 4932/4932 4934/4934
usemtl Surface_1
f 4938/4938 4936/4936 4935/4935
usemtl Surface_1
f 4937/4937 4936/4936 4938/4938
usemtl Surface_0
f 4942/4942 4940/4940 4939/4939
usemtl Surface_0
f 4941/4941 4940/4940 4942/4942
usemtl Surface_1
f 4946/4946 4944/4944 4943/4943
usemtl Surface_1
f 4945/4945 4944/4944 4946/4946
usemtl Surface_0
f 4950/4950 4948/4948 4947/4947
usemtl Surface_0
f 4949/4949 4948/4948 4950/4950
usemtl Surface_1
f 4954/4954 4952/4952 4951/4951
usemtl Surface_1
f 4953/4953 4952/4952 4954/4954
usemtl Surface_1
f 4958/4958 4956/4956 4955/4955
usemtl Surface_1
f 4957/4957 4956/4956 4958/4958
usemtl Surface_1
f 4962/4962 4960/4960 4959/4959
usemtl Surface_1
f 4961/4961 4960/4960 4962/4962
usemtl Surface_1
f 4966/4966 4964/4964 4963/4963
usemtl Surface_1
f 4965/4965 4964/4964 4966/4966
usemtl Surface_1
f 4970/4970 4968/4968 4967/4967
usemtl Surface_1
f 4969/4969 4968/4968 4970/4970
usemtl Surface_1
f 4974/4974 4972/4972 4971/4971
usemtl Surface_1
f 4973/4973 4972/4972 4974/4974
usemtl Surface_1
f 4978/4978 4976/4976 4975/4975
usemtl Surface_1
f 4977/4977 4976/4976 4978/4978
usemtl Surface_1
f 4984/4984 4980/4980 4979/4979
usemtl Surface_1
f 4983/4983 4980/4980 4984/4984
usemtl Surface_1
f 4982/4982 4980/4980 4983/4983
usemtl Surface_1
f 4981/4981 4980/4980 4982/4982
usemtl Surface_1
f 4990/4990 4986/4986 4985/4985
usemtl Surface_1
f 4989/4989 4986/4986 4990/4990
usemtl Surface_1
f 4988/4988 4986/4986 4989/4989
usemtl Surface_1
f 4987/4987 4986/4986 4988/4988
usemtl Surface_1
f 4994/4994 4992/4992 4991/4991
usemtl Surface_1
f 4993/4993 4992/4992 4994/4994
usemtl Surface_1
f 4998/4998 4996/4996 4995/4995
usemtl Surface_1
f 4997/4997 4996/4996 4998/4998
usemtl Surface_1
f 5002/5002 5000/5000 4999/4999
usemtl Surface_1
f 5001/5001 5000/5000 5002/5002
usemtl Surface_1
f 5006/5006 5004/5004 5003/5003
usemtl Surface_1
f 5005/5005 5004/5004 5006/5006
usemtl Surface_1
f 5010/5010 5008/5008 5007/5007
usemtl Surface_1
f 5009/5009 5008/5008 5010/5010
usemtl Surface_1
f 5014/5014 5012/5012 5011/5011
usemtl Surface_1
f 5013/5013 5012/5012 5014/5014
usemtl Surface_1
f 5020/5020 5016/5016 5015/5015
usemtl Surface_1
f 5019/5019 5016/5016 5020/5020
usemtl Surface_1
f 5018/5018 5016/5016 5019/5019
usemtl Surface_1
f 5017/5017 5016/5016 5018/5018
usemtl Surface_1
f 5026/5026 5022/5022 5021/5021
usemtl Surface_1
f 5025/5025 5022/5022 5026/5026
usemtl Surface_1
f 5024/5024 5022/5022 5025/5025
usemtl Surface_1
f 5023/5023 5022/5022 5024/5024
usemtl Surface_1
f 5030/5030 5028/5028 5027/5027
usemtl Surface_1
f 5029/5029 5028/5028 5030/5030
usemtl Surface_1
f 5034/5034 5032/5032 5031/5031
usemtl Surface_1
f 5033/5033 5032/5032 5034/5034
usemtl Surface_1
f 5038/5038 5036/5036 5035/5035
usemtl Surface_1
f 5037/5037 5036/5036 5038/5038
usemtl Surface_1
f 5042/5042 5040/5040 5039/5039
usemtl Surface_1
f 5041/5041 5040/5040 5042/5042
usemtl Surface_1
f 5046/5046 5044/5044 5043/5043
usemtl Surface_1
f 5045/5045 5044/5044 5046/5046
usemtl Surface_1
f 5050/5050 5048/5048 5047/5047
usemtl Surface_1
f 5049/5049 5048/5048 5050/5050
usemtl Surface_1
f 5056/5056 5052/5052 5051/5051
usemtl Surface_1
f 5055/5055 5052/5052 5056/5056
usemtl Surface_1
f 5054/5054 5052/5052 5055/5055
usemtl Surface_1
f 5053/5053 5052/5052 5054/5054
usemtl Surface_1
f 5062/5062 5058/5058 5057/5057
usemtl Surface_1
f 5061/5061 5058/5058 5062/5062
usemtl Surface_1
f 5060/5060 5058/5058 5061/5061
usemtl Surface_1
f 5059/5059 5058/5058 5060/5060
usemtl Surface_1
f 5066/5066 5064/5064 5063/5063
usemtl Surface_1
f 5065/5065 5064/5064 5066/5066
usemtl Surface_1
f 5070/5070 5068/5068 5067/5067
usemtl Surface_1
f 5069/5069 5068/5068 5070/5070
usemtl Surface_1
f 5074/5074 5072/5072 5071/5071
usemtl Surface_1
f 5073/5073 5072/5072 5074/5074
usemtl Surface_1
f 5078/5078 5076/5076 5075/5075
usemtl Surface_1
f 5077/5077 5076/5076 5078/5078
usemtl Surface_1
f 5082/5082 5080/5080 5079/5079
usemtl Surface_1
f 5081/5081 5080/5080 5082/5082
usemtl Surface_1
f 5086/5086 5084/5084 5083/5083
usemtl Surface_1
f 5085/5085 5084/5084 5086/5086
usemtl Surface_1
f 5092/5092 5088/5088 5087/5087
usemtl Surface_1
f 5091/5091 5088/5088 5092/5092
usemtl Surface_1
f 5090/5090 5088/5088 5091/5091
usemtl Surface_1
f 5089/5089 5088/5088 5090/5090
usemtl Surface_1
f 5098/5098 5094/5094 5093/5093
usemtl Surface_1
f 5097/5097 5094/5094 5098/5098
usemtl Surface_1
f 5096/5096 5094/5094 5097/5097
usemtl Surface_1
f 5095/5095 5094/5094 5096/5096
usemtl Surface_1
f 5102/5102 5100/5100 5099/5099
usemtl Surface_1
f 5101/5101 5100/5100 5102/5102
usemtl Surface_1
f 5106/5106 5104/5104 5103/5103
usemtl Surface_1
f 5105/5105 5104/5104 5106/5106
usemtl Surface_1
f 5110/5110 5108/5108 5107/5107
usemtl Surface_1
f 5109/5109 5108/5108 5110/5110
usemtl Surface_1
f 5114/5114 5112/5112 5111/5111
usemtl Surface_1
f 5113/5113 5112/5112 5114/5114
usemtl Surface_1
f 5118/5118 5116/5116 5115/5115
usemtl Surface_1
f 5117/5117 5116/5116 5118/5118
usemtl Surface_1
f 5122/5122 5120/5120 5119/5119
usemtl Surface_1
f 5121/5121 5120/5120 5122/5122
usemtl Surface_1
f 5128/5128 5124/5124 5123/5123
usemtl Surface_1
f 5127/5127 5124/5124 5128/5128
usemtl Surface_1
f 5126/5126 5124/5124 5127/5127
usemtl Surface_1
f 5125/5125 5124/5124 5126/5126
usemtl Surface_1
f 5134/5134 5130/5130 5129/5129
usemtl Surface_1
f 5133/5133 5130/5130 5134/5134
usemtl Surface_1
f 5132/5132 5130/5130 5133/5133
usemtl Surface_1
f 5131/5131 5130/5130 5132/5132
usemtl Surface_1
f 5138/5138 5136/5136 5135/5135
usemtl Surface_1
f 5137/5137 5136/5136 5138/5138
usemtl Surface_1
f 5142/5142 5140/5140 5139/5139
usemtl Surface_1
f 5141/5141 5140/5140 5142/5142
usemtl Surface_1
f 5146/5146 5144/5144 5143/5143
usemtl Surface_1
f 5145/5145 5144/5144 5146/5146
usemtl Surface_1
f 5150/5150 5148/5148 5147/5147
usemtl Surface_1
f 5149/5149 5148/5148 5150/5150
usemtl Surface_1
f 5154/5154 5152/5152 5151/5151
usemtl Surface_1
f 5153/5153 5152/5152 5154/5154
usemtl Surface_1
f 5158/5158 5156/5156 5155/5155
usemtl Surface_1
f 5157/5157 5156/5156 5158/5158
usemtl Surface_1
f 5164/5164 5160/5160 5159/5159
usemtl Surface_1
f 5163/5163 5160/5160 5164/5164
usemtl Surface_1
f 5162/5162 5160/5160 5163/5163
usemtl Surface_1
f 5161/5161 5160/5160 5162/5162
usemtl Surface_1
f 5170/5170 5166/5166 5165/5165
usemtl Surface_1
f 5169/5169 5166/5166 5170/5170
usemtl Surface_1
f 5168/5168 5166/5166 5169/5169
usemtl Surface_1
f 5167/5167 5166/5166 5168/5168
usemtl Surface_3
f 5174/5174 5172/5172 5171/5171
usemtl Surface_3
f 5173/5173 5172/5172 5174/5174
usemtl Surface_3
f 5178/5178 5176/5176 5175/5175
usemtl Surface_3
f 5177/5177 5176/5176 5178/5178
usemtl Surface_3
f 5182/5182 5180/5180 5179/5179
usemtl Surface_3
f 5181/5181 5180/5180 5182/5182
usemtl Surface_3
f 5186/5186 5184/5184 5183/5183
usemtl Surface_3
f 5185/5185 5184/5184 5186/5186
usemtl Surface_3
f 5190/5190 5188/5188 5187/5187
usemtl Surface_3
f 5189/5189 5188/5188 5190/5190
usemtl Surface_3
f 5194/5194 5192/5192 5191/5191
usemtl Surface_3
f 5193/5193 5192/5192 5194/5194
usemtl Surface_3
f 5200/5200 5196/5196 5195/5195
usemtl Surface_3
f 5199/5199 5196/5196 5200/5200
usemtl Surface_3
f 5198/5198 5196/5196 5199/5199
usemtl Surface_3
f 5197/5197 5196/5196 5198/5198
usemtl Surface_3
f 5206/5206 5202/5202 5201/5201
usemtl Surface_3
f 5205/5205 5202/5202 5206/5206
usemtl Surface_3
f 5204/5204 5202/5202 5205/5205
usemtl Surface_3
f 5203/5203 5202/5202 5204/5204
usemtl Surface_3
f 5207/5207 5209/5209 5208/5208
usemtl Surface_3
f 5210/5210 5212/5212 5211/5211
usemtl Surface_3
f 5213/5213 5215/5215 5214/5214
usemtl Surface_3
f 5216/5216 5218/5218 5217/5217
usemtl Surface_3
f 5219/5219 5221/5221 5220/5220
usemtl Surface_3
f 5222/5222 5224/5224 5223/5223
usemtl Surface_3
f 5225/5225 5227/5227 5226/5226
usemtl Surface_3
f 5228/5228 5230/5230 5229/5229
usemtl Surface_3
f 5231/5231 5233/5233 5232/5232
usemtl Surface_3
f 5234/5234 5236/5236 5235/5235
usemtl Surface_3
f 5240/5240 5238/5238 5237/5237
usemtl Surface_3
f 5239/5239 5238/5238 5240/5240
usemtl Surface_3
f 5244/5244 5242/5242 5241/5241
usemtl Surface_3
f 5243/5243 5242/5242 5244/5244
usemtl Surface_3
f 5248/5248 5246/5246 5245/5245
usemtl Surface_3
f 5247/5247 5246/5246 5248/5248
usemtl Surface_3
f 5252/5252 5250/5250 5249/5249
usemtl Surface_3
f 5251/5251 5250/5250 5252/5252
usemtl Surface_3
f 5256/5256 5254/5254 5253/5253
usemtl Surface_3
f 5255/5255 5254/5254 5256/5256
usemtl Surface_3
f 5260/5260 5258/5258 5257/5257
usemtl Surface_3
f 5259/5259 5258/5258 5260/5260
usemtl Surface_3
f 5264/5264 5262/5262 5261/5261
usemtl Surface_3
f 5263/5263 5262/5262 5264/5264
usemtl Surface_3
f 5268/5268 5266/5266 5265/5265
usemtl Surface_3
f 5267/5267 5266/5266 5268/5268
usemtl Surface_3
f 5272/5272 5270/5270 5269/5269
usemtl Surface_3
f 5271/5271 5270/5270 5272/5272
usemtl Surface_3
f 5276/5276 5274/5274 5273/5273
usemtl Surface_3
f 5275/5275 5274/5274 5276/5276
usemtl Surface_3
f 5280/5280 5278/5278 5277/5277
usemtl Surface_3
f 5279/5279 5278/5278 5280/5280
usemtl Surface_3
f 5284/5284 5282/5282 5281/5281
usemtl Surface_3
f 5283/5283 5282/5282 5284/5284
usemtl Surface_3
f 5288/5288 5286/5286 5285/5285
usemtl Surface_3
f 5287/5287 5286/5286 5288/5288
usemtl Surface_3
f 5292/5292 5290/5290 5289/5289
usemtl Surface_3
f 5291/5291 5290/5290 5292/5292
usemtl Surface_3
f 5296/5296 5294/5294 5293/5293
usemtl Surface_3
f 5295/5295 5294/5294 5296/5296
usemtl Surface_3
f 5300/5300 5298/5298 5297/5297
usemtl Surface_3
f 5299/5299 5298/5298 5300/5300
usemtl Surface_3
f 5304/5304 5302/5302 5301/5301
usemtl Surface_3
f 5303/5303 5302/5302 5304/5304
usemtl Surface_3
f 5308/5308 5306/5306 5305/5305
usemtl Surface_3
f 5307/5307 5306/5306 5308/5308
usemtl Surface_3
f 5312/5312 5310/5310 5309/5309
usemtl Surface_3
f 5311/5311 5310/5310 5312/5312
usemtl Surface_3
f 5316/5316 5314/5314 5313/5313
usemtl Surface_3
f 5315/5315 5314/5314 5316/5316
usemtl Surface_3
f 5320/5320 5318/5318 5317/5317
usemtl Surface_3
f 5319/5319 5318/5318 5320/5320
usemtl Surface_3
f 5324/5324 5322/5322 5321/5321
usemtl Surface_3
f 5323/5323 5322/5322 5324/5324
usemtl Surface_3
f 5328/5328 5326/5326 5325/5325
usemtl Surface_3
f 5327/5327 5326/5326 5328/5328
usemtl Surface_3
f 5332/5332 5330/5330 5329/5329
usemtl Surface_3
f 5331/5331 5330/5330 5332/5332
usemtl Surface_3
f 5336/5336 5334/5334 5333/5333
usemtl Surface_3
f 5335/5335 5334/5334 5336/5336
usemtl Surface_3
f 5340/5340 5338/5338 5337/5337
usemtl Surface_3
f 5339/5339 5338/5338 5340/5340
usemtl Surface_3
f 5344/5344 5342/5342 5341/5341
usemtl Surface_3
f 5343/5343 5342/5342 5344/5344
usemtl Surface_3
f 5348/5348 5346/5346 5345/5345
usemtl Surface_3
f 5347/5347 5346/5346 5348/5348
usemtl Surface_3
f 5352/5352 5350/5350 5349/5349
usemtl Surface_3
f 5351/5351 5350/5350 5352/5352
usemtl Surface_3
f 5356/5356 5354/5354 5353/5353
usemtl Surface_3
f 5355/5355 5354/5354 5356/5356
usemtl Surface_3
f 5360/5360 5358/5358 5357/5357
usemtl Surface_3
f 5359/5359 5358/5358 5360/5360
usemtl Surface_3
f 5364/5364 5362/5362 5361/5361
usemtl Surface_3
f 5363/5363 5362/5362 5364/5364
usemtl Surface_3
f 5368/5368 5366/5366 5365/5365
usemtl Surface_3
f 5367/5367 5366/5366 5368/5368
usemtl Surface_3
f 5372/5372 5370/5370 5369/5369
usemtl Surface_3
f 5371/5371 5370/5370 5372/5372
usemtl Surface_3
f 5376/5376 5374/5374 5373/5373
usemtl Surface_3
f 5375/5375 5374/5374 5376/5376
usemtl Surface_3
f 5380/5380 5378/5378 5377/5377
usemtl Surface_3
f 5379/5379 5378/5378 5380/5380
usemtl Surface_3
f 5384/5384 5382/5382 5381/5381
usemtl Surface_3
f 5383/5383 5382/5382 5384/5384
usemtl Surface_3
f 5388/5388 5386/5386 5385/5385
usemtl Surface_3
f 5387/5387 5386/5386 5388/5388
usemtl Surface_3
f 5392/5392 5390/5390 5389/5389
usemtl Surface_3
f 5391/5391 5390/5390 5392/5392
usemtl Surface_3
f 5396/5396 5394/5394 5393/5393
usemtl Surface_3
f 5395/5395 5394/5394 5396/5396
usemtl Surface_3
f 5397/5397 5399/5399 5398/5398
usemtl Surface_3
f 5400/5400 5402/5402 5401/5401
usemtl Surface_3
f 5403/5403 5405/5405 5404/5404
usemtl Surface_3
f 5406/5406 5408/5408 5407/5407
usemtl Surface_3
f 5409/5409 5411/5411 5410/5410
usemtl Surface_3
f 5412/5412 5414/5414 5413/5413
usemtl Surface_3
f 5415/5415 5417/5417 5416/5416
usemtl Surface_3
f 5418/5418 5420/5420 5419/5419
usemtl Surface_3
f 5421/5421 5423/5423 5422/5422
usemtl Surface_3
f 5424/5424 5426/5426 5425/5425
usemtl Surface_3
f 5430/5430 5428/5428 5427/5427
usemtl Surface_3
f 5429/5429 5428/5428 5430/5430
usemtl Surface_3
f 5434/5434 5432/5432 5431/5431
usemtl Surface_3
f 5433/5433 5432/5432 5434/5434
usemtl Surface_3
f 5438/5438 5436/5436 5435/5435
usemtl Surface_3
f 5437/5437 5436/5436 5438/5438
usemtl Surface_3
f 5442/5442 5440/5440 5439/5439
usemtl Surface_3
f 5441/5441 5440/5440 5442/5442
usemtl Surface_3
f 5446/5446 5444/5444 5443/5443
usemtl Surface_3
f 5445/5445 5444/5444 5446/5446
usemtl Surface_3
f 5450/5450 5448/5448 5447/5447
usemtl Surface_3
f 5449/5449 5448/5448 5450/5450
usemtl Surface_3
f 5456/5456 5452/5452 5451/5451
usemtl Surface_3
f 5455/5455 5452/5452 5456/5456
usemtl Surface_3
f 5454/5454 5452/5452 5455/5455
usemtl Surface_3
f 5453/5453 5452/5452 5454/5454
usemtl Surface_3
f 5462/5462 5458/5458 5457/5457
usemtl Surface_3
f 5461/5461 5458/5458 5462/5462
usemtl Surface_3
f 5460/5460 5458/5458 5461/5461
usemtl Surface_3
f 5459/5459 5458/5458 5460/5460
usemtl Surface_3
f 5463/5463 5465/5465 5464/5464
usemtl Surface_3
f 5466/5466 5468/5468 5467/5467
usemtl Surface_3
f 5469/5469 5471/5471 5470/5470
usemtl Surface_3
f 5472/5472 5474/5474 5473/5473
usemtl Surface_3
f 5475/5475 5477/5477 5476/5476
usemtl Surface_3
f 5478/5478 5480/5480 5479/5479
usemtl Surface_3
f 5481/5481 5483/5483 5482/5482
usemtl Surface_3
f 5484/5484 5486/5486 5485/5485
usemtl Surface_3
f 5487/5487 5489/5489 5488/5488
usemtl Surface_3
f 5490/5490 5492/5492 5491/5491
usemtl Surface_3
f 5496/5496 5494/5494 5493/5493
usemtl Surface_3
f 5495/5495 5494/5494 5496/5496
usemtl Surface_3
f 5500/5500 5498/5498 5497/5497
usemtl Surface_3
f 5499/5499 5498/5498 5500/5500
usemtl Surface_3
f 5504/5504 5502/5502 5501/5501
usemtl Surface_3
f 5503/5503 5502/5502 5504/5504
usemtl Surface_3
f 5508/5508 5506/5506 5505/5505
usemtl Surface_3
f 5507/5507 5506/5506 5508/5508
usemtl Surface_3
f 5512/5512 5510/5510 5509/5509
usemtl Surface_3
f 5511/5511 5510/5510 5512/5512
usemtl Surface_3
f 5516/5516 5514/5514 5513/5513
usemtl Surface_3
f 5515/5515 5514/5514 5516/5516
usemtl Surface_3
f 5520/5520 5518/5518 5517/5517
usemtl Surface_3
f 5519/5519 5518/5518 5520/5520
usemtl Surface_3
f 5524/5524 5522/5522 5521/5521
usemtl Surface_3
f 5523/5523 5522/5522 5524/5524
usemtl Surface_3
f 5528/5528 5526/5526 5525/5525
usemtl Surface_3
f 5527/5527 5526/5526 5528/5528
usemtl Surface_3
f 5532/5532 5530/5530 5529/5529
usemtl Surface_3
f 5531/5531 5530/5530 5532/5532
usemtl Surface_3
f 5536/5536 5534/5534 5533/5533
usemtl Surface_3
f 5535/5535 5534/5534 5536/5536
usemtl Surface_3
f 5540/5540 5538/5538 5537/5537
usemtl Surface_3
f 5539/5539 5538/5538 5540/5540
usemtl Surface_3
f 5544/5544 5542/5542 5541/5541
usemtl Surface_3
f 5543/5543 5542/5542 5544/5544
usemtl Surface_3
f 5548/5548 5546/5546 5545/5545
usemtl Surface_3
f 5547/5547 5546/5546 5548/5548
usemtl Surface_3
f 5552/5552 5550/5550 5549/5549
usemtl Surface_3
f 5551/5551 5550/5550 5552/5552
usemtl Surface_3
f 5556/5556 5554/5554 5553/5553
usemtl Surface_3
f 5555/5555 5554/5554 5556/5556
usemtl Surface_3
f 5560/5560 5558/5558 5557/5557
usemtl Surface_3
f 5559/5559 5558/5558 5560/5560
usemtl Surface_3
f 5564/5564 5562/5562 5561/5561
usemtl Surface_3
f 5563/5563 5562/5562 5564/5564
usemtl Surface_3
f 5568/5568 5566/5566 5565/5565
usemtl Surface_3
f 5567/5567 5566/5566 5568/5568
usemtl Surface_3
f 5572/5572 5570/5570 5569/5569
usemtl Surface_3
f 5571/5571 5570/5570 5572/5572
usemtl Surface_3
f 5576/5576 5574/5574 5573/5573
usemtl Surface_3
f 5575/5575 5574/5574 5576/5576
usemtl Surface_3
f 5580/5580 5578/5578 5577/5577
usemtl Surface_3
f 5579/5579 5578/5578 5580/5580
usemtl Surface_3
f 5584/5584 5582/5582 5581/5581
usemtl Surface_3
f 5583/5583 5582/5582 5584/5584
usemtl Surface_3
f 5588/5588 5586/5586 5585/5585
usemtl Surface_3
f 5587/5587 5586/5586 5588/5588
usemtl Surface_3
f 5592/5592 5590/5590 5589/5589
usemtl Surface_3
f 5591/5591 5590/5590 5592/5592
usemtl Surface_3
f 5596/5596 5594/5594 5593/5593
usemtl Surface_3
f 5595/5595 5594/5594 5596/5596
usemtl Surface_3
f 5600/5600 5598/5598 5597/5597
usemtl Surface_3
f 5599/5599 5598/5598 5600/5600
usemtl Surface_3
f 5604/5604 5602/5602 5601/5601
usemtl Surface_3
f 5603/5603 5602/5602 5604/5604
usemtl Surface_3
f 5608/5608 5606/5606 5605/5605
usemtl Surface_3
f 5607/5607 5606/5606 5608/5608
usemtl Surface_3
f 5612/5612 5610/5610 5609/5609
usemtl Surface_3
f 5611/5611 5610/5610 5612/5612
usemtl Surface_3
f 5616/5616 5614/5614 5613/5613
usemtl Surface_3
f 5615/5615 5614/5614 5616/5616
usemtl Surface_3
f 5620/5620 5618/5618 5617/5617
usemtl Surface_3
f 5619/5619 5618/5618 5620/5620
usemtl Surface_3
f 5624/5624 5622/5622 5621/5621
usemtl Surface_3
f 5623/5623 5622/5622 5624/5624
usemtl Surface_3
f 5628/5628 5626/5626 5625/5625
usemtl Surface_3
f 5627/5627 5626/5626 5628/5628
usemtl Surface_3
f 5632/5632 5630/5630 5629/5629
usemtl Surface_3
f 5631/5631 5630/5630 5632/5632
usemtl Surface_3
f 5636/5636 5634/5634 5633/5633
usemtl Surface_3
f 5635/5635 5634/5634 5636/5636
usemtl Surface_3
f 5640/5640 5638/5638 5637/5637
usemtl Surface_3
f 5639/5639 5638/5638 5640/5640
usemtl Surface_3
f 5644/5644 5642/5642 5641/5641
usemtl Surface_3
f 5643/5643 5642/5642 5644/5644
usemtl Surface_3
f 5648/5648 5646/5646 5645/5645
usemtl Surface_3
f 5647/5647 5646/5646 5648/5648
usemtl Surface_3
f 5652/5652 5650/5650 5649/5649
usemtl Surface_3
f 5651/5651 5650/5650 5652/5652
usemtl Surface_3
f 5653/5653 5655/5655 5654/5654
usemtl Surface_3
f 5656/5656 5658/5658 5657/5657
usemtl Surface_3
f 5659/5659 5661/5661 5660/5660
usemtl Surface_3
f 5662/5662 5664/5664 5663/5663
usemtl Surface_3
f 5665/5665 5667/5667 5666/5666
usemtl Surface_3
f 5668/5668 5670/5670 5669/5669
usemtl Surface_3
f 5671/5671 5673/5673 5672/5672
usemtl Surface_3
f 5674/5674 5676/5676 5675/5675
usemtl Surface_3
f 5677/5677 5679/5679 5678/5678
usemtl Surface_3
f 5680/5680 5682/5682 5681/5681
usemtl Surface_3
f 5686/5686 5684/5684 5683/5683
usemtl Surface_3
f 5685/5685 5684/5684 5686/5686
usemtl Surface_3
f 5690/5690 5688/5688 5687/5687
usemtl Surface_3
f 5689/5689 5688/5688 5690/5690
usemtl Surface_3
f 5694/5694 5692/5692 5691/5691
usemtl Surface_3
f 5693/5693 5692/5692 5694/5694
usemtl Surface_3
f 5698/5698 5696/5696 5695/5695
usemtl Surface_3
f 5697/5697 5696/5696 5698/5698
usemtl Surface_3
f 5702/5702 5700/5700 5699/5699
usemtl Surface_3
f 5701/5701 5700/5700 5702/5702
usemtl Surface_3
f 5706/5706 5704/5704 5703/5703
usemtl Surface_3
f 5705/5705 5704/5704 5706/5706
usemtl Surface_3
f 5712/5712 5708/5708 5707/5707
usemtl Surface_3
f 5711/5711 5708/5708 5712/5712
usemtl Surface_3
f 5710/5710 5708/5708 5711/5711
usemtl Surface_3
f 5709/5709 5708/5708 5710/5710
usemtl Surface_3
f 5718/5718 5714/5714 5713/5713
usemtl Surface_3
f 5717/5717 5714/5714 5718/5718
usemtl Surface_3
f 5716/5716 5714/5714 5717/5717
usemtl Surface_3
f 5715/5715 5714/5714 5716/5716
usemtl Surface_3
f 5719/5719 5721/5721 5720/5720
usemtl Surface_3
f 5722/5722 5724/5724 5723/5723
usemtl Surface_3
f 5725/5725 5727/5727 5726/5726
usemtl Surface_3
f 5728/5728 5730/5730 5729/5729
usemtl Surface_3
f 5731/5731 5733/5733 5732/5732
usemtl Surface_3
f 5734/5734 5736/5736 5735/5735
usemtl Surface_3
f 5737/5737 5739/5739 5738/5738
usemtl Surface_3
f 5740/5740 5742/5742 5741/5741
usemtl Surface_3
f 5743/5743 5745/5745 5744/5744
usemtl Surface_3
f 5746/5746 5748/5748 5747/5747
usemtl Surface_3
f 5752/5752 5750/5750 5749/5749
usemtl Surface_3
f 5751/5751 5750/5750 5752/5752
usemtl Surface_3
f 5756/5756 5754/5754 5753/5753
usemtl Surface_3
f 5755/5755 5754/5754 5756/5756
usemtl Surface_3
f 5760/5760 5758/5758 5757/5757
usemtl Surface_3
f 5759/5759 5758/5758 5760/5760
usemtl Surface_3
f 5764/5764 5762/5762 5761/5761
usemtl Surface_3
f 5763/5763 5762/5762 5764/5764
usemtl Surface_3
f 5768/5768 5766/5766 5765/5765
usemtl Surface_3
f 5767/5767 5766/5766 5768/5768
usemtl Surface_3
f 5772/5772 5770/5770 5769/5769
usemtl Surface_3
f 5771/5771 5770/5770 5772/5772
usemtl Surface_3
f 5776/5776 5774/5774 5773/5773
usemtl Surface_3
f 5775/5775 5774/5774 5776/5776
usemtl Surface_3
f 5780/5780 5778/5778 5777/5777
usemtl Surface_3
f 5779/5779 5778/5778 5780/5780
usemtl Surface_3
f 5784/5784 5782/5782 5781/5781
usemtl Surface_3
f 5783/5783 5782/5782 5784/5784
usemtl Surface_3
f 5788/5788 5786/5786 5785/5785
usemtl Surface_3
f 5787/5787 5786/5786 5788/5788
usemtl Surface_3
f 5792/5792 5790/5790 5789/5789
usemtl Surface_3
f 5791/5791 5790/5790 5792/5792
usemtl Surface_3
f 5796/5796 5794/5794 5793/5793
usemtl Surface_3
f 5795/5795 5794/5794 5796/5796
usemtl Surface_3
f 5800/5800 5798/5798 5797/5797
usemtl Surface_3
f 5799/5799 5798/5798 5800/5800
usemtl Surface_3
f 5804/5804 5802/5802 5801/5801
usemtl Surface_3
f 5803/5803 5802/5802 5804/5804
usemtl Surface_3
f 5808/5808 5806/5806 5805/5805
usemtl Surface_3
f 5807/5807 5806/5806 5808/5808
usemtl Surface_3
f 5812/5812 5810/5810 5809/5809
usemtl Surface_3
f 5811/5811 5810/5810 5812/5812
usemtl Surface_3
f 5816/5816 5814/5814 5813/5813
usemtl Surface_3
f 5815/5815 5814/5814 5816/5816
usemtl Surface_3
f 5820/5820 5818/5818 5817/5817
usemtl Surface_3
f 5819/5819 5818/5818 5820/5820
usemtl Surface_3
f 5824/5824 5822/5822 5821/5821
usemtl Surface_3
f 5823/5823 5822/5822 5824/5824
usemtl Surface_3
f 5828/5828 5826/5826 5825/5825
usemtl Surface_3
f 5827/5827 5826/5826 5828/5828
usemtl Surface_3
f 5832/5832 5830/5830 5829/5829
usemtl Surface_3
f 5831/5831 5830/5830 5832/5832
usemtl Surface_3
f 5836/5836 5834/5834 5833/5833
usemtl Surface_3
f 5835/5835 5834/5834 5836/5836
usemtl Surface_3
f 5840/5840 5838/5838 5837/5837
usemtl Surface_3
f 5839/5839 5838/5838 5840/5840
usemtl Surface_3
f 5844/5844 5842/5842 5841/5841
usemtl Surface_3
f 5843/5843 5842/5842 5844/5844
usemtl Surface_3
f 5848/5848 5846/5846 5845/5845
usemtl Surface_3
f 5847/5847 5846/5846 5848/5848
usemtl Surface_3
f 5852/5852 5850/5850 5849/5849
usemtl Surface_3
f 5851/5851 5850/5850 5852/5852
usemtl Surface_3
f 5856/5856 5854/5854 5853/5853
usemtl Surface_3
f 5855/5855 5854/5854 5856/5856
usemtl Surface_3
f 5860/5860 5858/5858 5857/5857
usemtl Surface_3
f 5859/5859 5858/5858 5860/5860
usemtl Surface_3
f 5864/5864 5862/5862 5861/5861
usemtl Surface_3
f 5863/5863 5862/5862 5864/5864
usemtl Surface_3
f 5868/5868 5866/5866 5865/5865
usemtl Surface_3
f 5867/5867 5866/5866 5868/5868
usemtl Surface_3
f 5872/5872 5870/5870 5869/5869
usemtl Surface_3
f 5871/5871 5870/5870 5872/5872
usemtl Surface_3
f 5876/5876 5874/5874 5873/5873
usemtl Surface_3
f 5875/5875 5874/5874 5876/5876
usemtl Surface_3
f 5880/5880 5878/5878 5877/5877
usemtl Surface_3
f 5879/5879 5878/5878 5880/5880
usemtl Surface_3
f 5884/5884 5882/5882 5881/5881
usemtl Surface_3
f 5883/5883 5882/5882 5884/5884
usemtl Surface_3
f 5888/5888 5886/5886 5885/5885
usemtl Surface_3
f 5887/5887 5886/5886 5888/5888
usemtl Surface_3
f 5892/5892 5890/5890 5889/5889
usemtl Surface_3
f 5891/5891 5890/5890 5892/5892
usemtl Surface_3
f 5896/5896 5894/5894 5893/5893
usemtl Surface_3
f 5895/5895 5894/5894 5896/5896
usemtl Surface_3
f 5900/5900 5898/5898 5897/5897
usemtl Surface_3
f 5899/5899 5898/5898 5900/5900
usemtl Surface_3
f 5904/5904 5902/5902 5901/5901
usemtl Surface_3
f 5903/5903 5902/5902 5904/5904
usemtl Surface_3
f 5908/5908 5906/5906 5905/5905
usemtl Surface_3
f 5907/5907 5906/5906 5908/5908
usemtl Surface_3
f 5909/5909 5911/5911 5910/5910
usemtl Surface_3
f 5912/5912 5914/5914 5913/5913
usemtl Surface_3
f 5915/5915 5917/5917 5916/5916
usemtl Surface_3
f 5918/5918 5920/5920 5919/5919
usemtl Surface_3
f 5921/5921 5923/5923 5922/5922
usemtl Surface_3
f 5924/5924 5926/5926 5925/5925
usemtl Surface_3
f 5927/5927 5929/5929 5928/5928
usemtl Surface_3
f 5930/5930 5932/5932 5931/5931
usemtl Surface_3
f 5933/5933 5935/5935 5934/5934
usemtl Surface_3
f 5936/5936 5938/5938 5937/5937
usemtl Surface_3
f 5942/5942 5940/5940 5939/5939
usemtl Surface_3
f 5941/5941 5940/5940 5942/5942
usemtl Surface_3
f 5946/5946 5944/5944 5943/5943
usemtl Surface_3
f 5945/5945 5944/5944 5946/5946
usemtl Surface_3
f 5950/5950 5948/5948 5947/5947
usemtl Surface_3
f 5949/5949 5948/5948 5950/5950
usemtl Surface_3
f 5954/5954 5952/5952 5951/5951
usemtl Surface_3
f 5953/5953 5952/5952 5954/5954
usemtl Surface_3
f 5958/5958 5956/5956 5955/5955
usemtl Surface_3
f 5957/5957 5956/5956 5958/5958
usemtl Surface_3
f 5962/5962 5960/5960 5959/5959
usemtl Surface_3
f 5961/5961 5960/5960 5962/5962
usemtl Surface_3
f 5968/5968 5964/5964 5963/5963
usemtl Surface_3
f 5967/5967 5964/5964 5968/5968
usemtl Surface_3
f 5966/5966 5964/5964 5967/5967
usemtl Surface_3
f 5965/5965 5964/5964 5966/5966
usemtl Surface_3
f 5974/5974 5970/5970 5969/5969
usemtl Surface_3
f 5973/5973 5970/5970 5974/5974
usemtl Surface_3
f 5972/5972 5970/5970 5973/5973
usemtl Surface_3
f 5971/5971 5970/5970 5972/5972
usemtl Surface_3
f 5975/5975 5977/5977 5976/5976
usemtl Surface_3
f 5978/5978 5980/5980 5979/5979
usemtl Surface_3
f 5981/5981 5983/5983 5982/5982
usemtl Surface_3
f 5984/5984 5986/5986 5985/5985
usemtl Surface_3
f 5987/5987 5989/5989 5988/5988
usemtl Surface_3
f 5990/5990 5992/5992 5991/5991
usemtl Surface_3
f 5993/5993 5995/5995 5994/5994
usemtl Surface_3
f 5996/5996 5998/5998 5997/5997
usemtl Surface_3
f 5999/5999 6001/6001 6000/6000
usemtl Surface_3
f 6002/6002 6004/6004 6003/6003
usemtl Surface_3
f 6008/6008 6006/6006 6005/6005
usemtl Surface_3
f 6007/6007 6006/6006 6008/6008
usemtl Surface_3
f 6012/6012 6010/6010 6009/6009
usemtl Surface_3
f 6011/6011 6010/6010 6012/6012
usemtl Surface_3
f 6016/6016 6014/6014 6013/6013
usemtl Surface_3
f 6015/6015 6014/6014 6016/6016
usemtl Surface_3
f 6020/6020 6018/6018 6017/6017
usemtl Surface_3
f 6019/6019 6018/6018 6020/6020
usemtl Surface_3
f 6024/6024 6022/6022 6021/6021
usemtl Surface_3
f 6023/6023 6022/6022 6024/6024
usemtl Surface_3
f 6028/6028 6026/6026 6025/6025
usemtl Surface_3
f 6027/6027 6026/6026 6028/6028
usemtl Surface_3
f 6032/6032 6030/6030 6029/6029
usemtl Surface_3
f 6031/6031 6030/6030 6032/6032
usemtl Surface_3
f 6036/6036 6034/6034 6033/6033
usemtl Surface_3
f 6035/6035 6034/6034 6036/6036
usemtl Surface_3
f 6040/6040 6038/6038 6037/6037
usemtl Surface_3
f 6039/6039 6038/6038 6040/6040
usemtl Surface_3
f 6044/6044 6042/6042 6041/6041
usemtl Surface_3
f 6043/6043 6042/6042 6044/6044
usemtl Surface_3
f 6048/6048 6046/6046 6045/6045
usemtl Surface_3
f 6047/6047 6046/6046 6048/6048
usemtl Surface_3
f 6052/6052 6050/6050 6049/6049
usemtl Surface_3
f 6051/6051 6050/6050 6052/6052
usemtl Surface_3
f 6056/6056 6054/6054 6053/6053
usemtl Surface_3
f 6055/6055 6054/6054 6056/6056
usemtl Surface_3
f 6060/6060 6058/6058 6057/6057
usemtl Surface_3
f 6059/6059 6058/6058 6060/6060
usemtl Surface_3
f 6064/6064 6062/6062 6061/6061
usemtl Surface_3
f 6063/6063 6062/6062 6064/6064
usemtl Surface_3
f 6068/6068 6066/6066 6065/6065
usemtl Surface_3
f 6067/6067 6066/6066 6068/6068
usemtl Surface_3
f 6072/6072 6070/6070 6069/6069
usemtl Surface_3
f 6071/6071 6070/6070 6072/6072
usemtl Surface_3
f 6076/6076 6074/6074 6073/6073
usemtl Surface_3
f 6075/6075 6074/6074 6076/6076
usemtl Surface_3
f 6080/6080 6078/6078 6077/6077
usemtl Surface_3
f 6079/6079 6078/6078 6080/6080
usemtl Surface_3
f 6084/6084 6082/6082 6081/6081
usemtl Surface_3
f 6083/6083 6082/6082 6084/6084
usemtl Surface_3
f 6088/6088 6086/6086 6085/6085
usemtl Surface_3
f 6087/6087 6086/6086 6088/6088
usemtl Surface_3
f 6092/6092 6090/6090 6089/6089
usemtl Surface_3
f 6091/6091 6090/6090 6092/6092
usemtl Surface_3
f 6096/6096 6094/6094 6093/6093
usemtl Surface_3
f 6095/6095 6094/6094 6096/6096
usemtl Surface_3
f 6100/6100 6098/6098 6097/6097
usemtl Surface_3
f 6099/6099 6098/6098 6100/6100
usemtl Surface_3
f 6104/6104 6102/6102 6101/6101
usemtl Surface_3
f 6103/6103 6102/6102 6104/6104
usemtl Surface_3
f 6108/6108 6106/6106 6105/6105
usemtl Surface_3
f 6107/6107 6106/6106 6108/6108
usemtl Surface_3
f 6112/6112 6110/6110 6109/6109
usemtl Surface_3
f 6111/6111 6110/6110 6112/6112
usemtl Surface_3
f 6116/6116 6114/6114 6113/6113
usemtl Surface_3
f 6115/6115 6114/6114 6116/6116
usemtl Surface_3
f 6120/6120 6118/6118 6117/6117
usemtl Surface_3
f 6119/6119 6118/6118 6120/6120
usemtl Surface_3
f 6124/6124 6122/6122 6121/6121
usemtl Surface_3
f 6123/6123 6122/6122 6124/6124
usemtl Surface_3
f 6128/6128 6126/6126 6125/6125
usemtl Surface_3
f 6127/6127 6126/6126 6128/6128
usemtl Surface_3
f 6132/6132 6130/6130 6129/6129
usemtl Surface_3
f 6131/6131 6130/6130 6132/6132
usemtl Surface_3
f 6136/6136 6134/6134 6133/6133
usemtl Surface_3
f 6135/6135 6134/6134 6136/6136
usemtl Surface_3
f 6140/6140 6138/6138 6137/6137
usemtl Surface_3
f 6139/6139 6138/6138 6140/6140
usemtl Surface_3
f 6144/6144 6142/6142 6141/6141
usemtl Surface_3
f 6143/6143 6142/6142 6144/6144
usemtl Surface_3
f 6148/6148 6146/6146 6145/6145
usemtl Surface_3
f 6147/6147 6146/6146 6148/6148
usemtl Surface_3
f 6152/6152 6150/6150 6149/6149
usemtl Surface_3
f 6151/6151 6150/6150 6152/6152
usemtl Surface_3
f 6156/6156 6154/6154 6153/6153
usemtl Surface_3
f 6155/6155 6154/6154 6156/6156
usemtl Surface_3
f 6160/6160 6158/6158 6157/6157
usemtl Surface_3
f 6159/6159 6158/6158 6160/6160
usemtl Surface_3
f 6164/6164 6162/6162 6161/6161
usemtl Surface_3
f 6163/6163 6162/6162 6164/6164
usemtl Surface_3
f 6165/6165 6167/6167 6166/6166
usemtl Surface_3
f 6168/6168 6170/6170 6169/6169
usemtl Surface_3
f 6171/6171 6173/6173 6172/6172
usemtl Surface_3
f 6174/6174 6176/6176 6175/6175
usemtl Surface_3
f 6177/6177 6179/6179 6178/6178
usemtl Surface_3
f 6180/6180 6182/6182 6181/6181
usemtl Surface_3
f 6183/6183 6185/6185 6184/6184
usemtl Surface_3
f 6186/6186 6188/6188 6187/6187
usemtl Surface_3
f 6189/6189 6191/6191 6190/6190
usemtl Surface_3
f 6192/6192 6194/6194 6193/6193
usemtl Surface_3
f 6198/6198 6196/6196 6195/6195
usemtl Surface_3
f 6197/6197 6196/6196 6198/6198
usemtl Surface_3
f 6202/6202 6200/6200 6199/6199
usemtl Surface_3
f 6201/6201 6200/6200 6202/6202
usemtl Surface_3
f 6206/6206 6204/6204 6203/6203
usemtl Surface_3
f 6205/6205 6204/6204 6206/6206
usemtl Surface_3
f 6210/6210 6208/6208 6207/6207
usemtl Surface_3
f 6209/6209 6208/6208 6210/6210
usemtl Surface_3
f 6214/6214 6212/6212 6211/6211
usemtl Surface_3
f 6213/6213 6212/6212 6214/6214
usemtl Surface_3
f 6218/6218 6216/6216 6215/6215
usemtl Surface_3
f 6217/6217 6216/6216 6218/6218
usemtl Surface_3
f 6224/6224 6220/6220 6219/6219
usemtl Surface_3
f 6223/6223 6220/6220 6224/6224
usemtl Surface_3
f 6222/6222 6220/6220 6223/6223
usemtl Surface_3
f 6221/6221 6220/6220 6222/6222
usemtl Surface_3
f 6230/6230 6226/6226 6225/6225
usemtl Surface_3
f 6229/6229 6226/6226 6230/6230
usemtl Surface_3
f 6228/6228 6226/6226 6229/6229
usemtl Surface_3
f 6227/6227 6226/6226 6228/6228
usemtl Surface_3
f 6231/6231 6233/6233 6232/6232
usemtl Surface_3
f 6234/6234 6236/6236 6235/6235
usemtl Surface_3
f 6237/6237 6239/6239 6238/6238
usemtl Surface_3
f 6240/6240 6242/6242 6241/6241
usemtl Surface_3
f 6243/6243 6245/6245 6244/6244
usemtl Surface_3
f 6246/6246 6248/6248 6247/6247
usemtl Surface_3
f 6249/6249 6251/6251 6250/6250
usemtl Surface_3
f 6252/6252 6254/6254 6253/6253
usemtl Surface_3
f 6255/6255 6257/6257 6256/6256
usemtl Surface_3
f 6258/6258 6260/6260 6259/6259
usemtl Surface_3
f 6264/6264 6262/6262 6261/6261
usemtl Surface_3
f 6263/6263 6262/6262 6264/6264
usemtl Surface_3
f 6268/6268 6266/6266 6265/6265
usemtl Surface_3
f 6267/6267 6266/6266 6268/6268
usemtl Surface_3
f 6272/6272 6270/6270 6269/6269
usemtl Surface_3
f 6271/6271 6270/6270 6272/6272
usemtl Surface_3
f 6276/6276 6274/6274 6273/6273
usemtl Surface_3
f 6275/6275 6274/6274 6276/6276
usemtl Surface_3
f 6280/6280 6278/6278 6277/6277
usemtl Surface_3
f 6279/6279 6278/6278 6280/6280
usemtl Surface_3
f 6284/6284 6282/6282 6281/6281
usemtl Surface_3
f 6283/6283 6282/6282 6284/6284
usemtl Surface_3
f 6288/6288 6286/6286 6285/6285
usemtl Surface_3
f 6287/6287 6286/6286 6288/6288
usemtl Surface_3
f 6292/6292 6290/6290 6289/6289
usemtl Surface_3
f 6291/6291 6290/6290 6292/6292
usemtl Surface_3
f 6296/6296 6294/6294 6293/6293
usemtl Surface_3
f 6295/6295 6294/6294 6296/6296
usemtl Surface_3
f 6300/6300 6298/6298 6297/6297
usemtl Surface_3
f 6299/6299 6298/6298 6300/6300
usemtl Surface_3
f 6304/6304 6302/6302 6301/6301
usemtl Surface_3
f 6303/6303 6302/6302 6304/6304
usemtl Surface_3
f 6308/6308 6306/6306 6305/6305
usemtl Surface_3
f 6307/6307 6306/6306 6308/6308
usemtl Surface_3
f 6312/6312 6310/6310 6309/6309
usemtl Surface_3
f 6311/6311 6310/6310 6312/6312
usemtl Surface_3
f 6316/6316 6314/6314 6313/6313
usemtl Surface_3
f 6315/6315 6314/6314 6316/6316
usemtl Surface_3
f 6320/6320 6318/6318 6317/6317
usemtl Surface_3
f 6319/6319 6318/6318 6320/6320
usemtl Surface_3
f 6324/6324 6322/6322 6321/6321
usemtl Surface_3
f 6323/6323 6322/6322 6324/6324
usemtl Surface_3
f 6328/6328 6326/6326 6325/6325
usemtl Surface_3
f 6327/6327 6326/6326 6328/6328
usemtl Surface_3
f 6332/6332 6330/6330 6329/6329
usemtl Surface_3
f 6331/6331 6330/6330 6332/6332
usemtl Surface_3
f 6336/6336 6334/6334 6333/6333
usemtl Surface_3
f 6335/6335 6334/6334 6336/6336
usemtl Surface_3
f 6340/6340 6338/6338 6337/6337
usemtl Surface_3
f 6339/6339 6338/6338 6340/6340
usemtl Surface_3
f 6344/6344 6342/6342 6341/6341
usemtl Surface_3
f 6343/6343 6342/6342 6344/6344
usemtl Surface_3
f 6348/6348 6346/6346 6345/6345
usemtl Surface_3
f 6347/6347 6346/6346 6348/6348
usemtl Surface_3
f 6352/6352 6350/6350 6349/6349
usemtl Surface_3
f 6351/6351 6350/6350 6352/6352
usemtl Surface_3
f 6356/6356 6354/6354 6353/6353
usemtl Surface_3
f 6355/6355 6354/6354 6356/6356
usemtl Surface_3
f 6360/6360 6358/6358 6357/6357
usemtl Surface_3
f 6359/6359 6358/6358 6360/6360
usemtl Surface_3
f 6364/6364 6362/6362 6361/6361
usemtl Surface_3
f 6363/6363 6362/6362 6364/6364
usemtl Surface_3
f 6368/6368 6366/6366 6365/6365
usemtl Surface_3
f 6367/6367 6366/6366 6368/6368
usemtl Surface_3
f 6372/6372 6370/6370 6369/6369
usemtl Surface_3
f 6371/6371 6370/6370 6372/6372
usemtl Surface_3
f 6376/6376 6374/6374 6373/6373
usemtl Surface_3
f 6375/6375 6374/6374 6376/6376
usemtl Surface_3
f 6380/6380 6378/6378 6377/6377
usemtl Surface_3
f 6379/6379 6378/6378 6380/6380
usemtl Surface_3
f 6384/6384 6382/6382 6381/6381
usemtl Surface_3
f 6383/6383 6382/6382 6384/6384
usemtl Surface_3
f 6388/6388 6386/6386 6385/6385
usemtl Surface_3
f 6387/6387 6386/6386 6388/6388
usemtl Surface_3
f 6392/6392 6390/6390 6389/6389
usemtl Surface_3
f 6391/6391 6390/6390 6392/6392
usemtl Surface_3
f 6396/6396 6394/6394 6393/6393
usemtl Surface_3
f 6395/6395 6394/6394 6396/6396
usemtl Surface_3
f 6400/6400 6398/6398 6397/6397
usemtl Surface_3
f 6399/6399 6398/6398 6400/6400
usemtl Surface_3
f 6404/6404 6402/6402 6401/6401
usemtl Surface_3
f 6403/6403 6402/6402 6404/6404
usemtl Surface_3
f 6408/6408 6406/6406 6405/6405
usemtl Surface_3
f 6407/6407 6406/6406 6408/6408
usemtl Surface_3
f 6412/6412 6410/6410 6409/6409
usemtl Surface_3
f 6411/6411 6410/6410 6412/6412
usemtl Surface_3
f 6416/6416 6414/6414 6413/6413
usemtl Surface_3
f 6415/6415 6414/6414 6416/6416
usemtl Surface_3
f 6420/6420 6418/6418 6417/6417
usemtl Surface_3
f 6419/6419 6418/6418 6420/6420
usemtl Surface_3
f 6421/6421 6423/6423 6422/6422
usemtl Surface_3
f 6424/6424 6426/6426 6425/6425
usemtl Surface_3
f 6427/6427 6429/6429 6428/6428
usemtl Surface_3
f 6430/6430 6432/6432 6431/6431
usemtl Surface_3
f 6433/6433 6435/6435 6434/6434
usemtl Surface_3
f 6436/6436 6438/6438 6437/6437
usemtl Surface_3
f 6439/6439 6441/6441 6440/6440
usemtl Surface_3
f 6442/6442 6444/6444 6443/6443
usemtl Surface_3
f 6445/6445 6447/6447 6446/6446
usemtl Surface_3
f 6448/6448 6450/6450 6449/6449
usemtl Surface_3
f 6454/6454 6452/6452 6451/6451
usemtl Surface_3
f 6453/6453 6452/6452 6454/6454
usemtl Surface_3
f 6458/6458 6456/6456 6455/6455
usemtl Surface_3
f 6457/6457 6456/6456 6458/6458
usemtl Surface_3
f 6462/6462 6460/6460 6459/6459
usemtl Surface_3
f 6461/6461 6460/6460 6462/6462
usemtl Surface_3
f 6466/6466 6464/6464 6463/6463
usemtl Surface_3
f 6465/6465 6464/6464 6466/6466
usemtl Surface_3
f 6470/6470 6468/6468 6467/6467
usemtl Surface_3
f 6469/6469 6468/6468 6470/6470
usemtl Surface_3
f 6474/6474 6472/6472 6471/6471
usemtl Surface_3
f 6473/6473 6472/6472 6474/6474
usemtl Surface_3
f 6480/6480 6476/6476 6475/6475
usemtl Surface_3
f 6479/6479 6476/6476 6480/6480
usemtl Surface_3
f 6478/6478 6476/6476 6479/6479
usemtl Surface_3
f 6477/6477 6476/6476 6478/6478
usemtl Surface_3
f 6486/6486 6482/6482 6481/6481
usemtl Surface_3
f 6485/6485 6482/6482 6486/6486
usemtl Surface_3
f 6484/6484 6482/6482 6485/6485
usemtl Surface_3
f 6483/6483 6482/6482 6484/6484
usemtl Surface_3
f 6487/6487 6489/6489 6488/6488
usemtl Surface_3
f 6490/6490 6492/6492 6491/6491
usemtl Surface_3
f 6493/6493 6495/6495 6494/6494
usemtl Surface_3
f 6496/6496 6498/6498 6497/6497
usemtl Surface_3
f 6499/6499 6501/6501 6500/6500
usemtl Surface_3
f 6502/6502 6504/6504 6503/6503
usemtl Surface_3
f 6505/6505 6507/6507 6506/6506
usemtl Surface_3
f 6508/6508 6510/6510 6509/6509
usemtl Surface_3
f 6511/6511 6513/6513 6512/6512
usemtl Surface_3
f 6514/6514 6516/6516 6515/6515
usemtl Surface_3
f 6520/6520 6518/6518 6517/6517
usemtl Surface_3
f 6519/6519 6518/6518 6520/6520
usemtl Surface_3
f 6524/6524 6522/6522 6521/6521
usemtl Surface_3
f 6523/6523 6522/6522 6524/6524
usemtl Surface_3
f 6528/6528 6526/6526 6525/6525
usemtl Surface_3
f 6527/6527 6526/6526 6528/6528
usemtl Surface_3
f 6532/6532 6530/6530 6529/6529
usemtl Surface_3
f 6531/6531 6530/6530 6532/6532
usemtl Surface_3
f 6536/6536 6534/6534 6533/6533
usemtl Surface_3
f 6535/6535 6534/6534 6536/6536
usemtl Surface_3
f 6540/6540 6538/6538 6537/6537
usemtl Surface_3
f 6539/6539 6538/6538 6540/6540
usemtl Surface_3
f 6544/6544 6542/6542 6541/6541
usemtl Surface_3
f 6543/6543 6542/6542 6544/6544
usemtl Surface_3
f 6548/6548 6546/6546 6545/6545
usemtl Surface_3
f 6547/6547 6546/6546 6548/6548
usemtl Surface_3
f 6552/6552 6550/6550 6549/6549
usemtl Surface_3
f 6551/6551 6550/6550 6552/6552
usemtl Surface_3
f 6556/6556 6554/6554 6553/6553
usemtl Surface_3
f 6555/6555 6554/6554 6556/6556
usemtl Surface_3
f 6560/6560 6558/6558 6557/6557
usemtl Surface_3
f 6559/6559 6558/6558 6560/6560
usemtl Surface_3
f 6564/6564 6562/6562 6561/6561
usemtl Surface_3
f 6563/6563 6562/6562 6564/6564
usemtl Surface_3
f 6568/6568 6566/6566 6565/6565
usemtl Surface_3
f 6567/6567 6566/6566 6568/6568
usemtl Surface_3
f 6572/6572 6570/6570 6569/6569
usemtl Surface_3
f 6571/6571 6570/6570 6572/6572
usemtl Surface_3
f 6576/6576 6574/6574 6573/6573
usemtl Surface_3
f 6575/6575 6574/6574 6576/6576
usemtl Surface_3
f 6580/6580 6578/6578 6577/6577
usemtl Surface_3
f 6579/6579 6578/6578 6580/6580
usemtl Surface_3
f 6584/6584 6582/6582 6581/6581
usemtl Surface_3
f 6583/6583 6582/6582 6584/6584
usemtl Surface_3
f 6588/6588 6586/6586 6585/6585
usemtl Surface_3
f 6587/6587 6586/6586 6588/6588
usemtl Surface_3
f 6592/6592 6590/6590 6589/6589
usemtl Surface_3
f 6591/6591 6590/6590 6592/6592
usemtl Surface_3
f 6596/6596 6594/6594 6593/6593
usemtl Surface_3
f 6595/6595 6594/6594 6596/6596
usemtl Surface_3
f 6600/6600 6598/6598 6597/6597
usemtl Surface_3
f 6599/6599 6598/6598 6600/6600
usemtl Surface_3
f 6604/6604 6602/6602 6601/6601
usemtl Surface_3
f 6603/6603 6602/6602 6604/6604
usemtl Surface_3
f 6608/6608 6606/6606 6605/6605
usemtl Surface_3
f 6607/6607 6606/6606 6608/6608
usemtl Surface_3
f 6612/6612 6610/6610 6609/6609
usemtl Surface_3
f 6611/6611 6610/6610 6612/6612
usemtl Surface_3
f 6616/6616 6614/6614 6613/6613
usemtl Surface_3
f 6615/6615 6614/6614 6616/6616
usemtl Surface_3
f 6620/6620 6618/6618 6617/6617
usemtl Surface_3
f 6619/6619 6618/6618 6620/6620
usemtl Surface_3
f 6624/6624 6622/6622 6621/6621
usemtl Surface_3
f 6623/6623 6622/6622 6624/6624
usemtl Surface_3
f 6628/6628 6626/6626 6625/6625
usemtl Surface_3
f 6627/6627 6626/6626 6628/6628
usemtl Surface_3
f 6632/6632 6630/6630 6629/6629
usemtl Surface_3
f 6631/6631 6630/6630 6632/6632
usemtl Surface_3
f 6636/6636 6634/6634 6633/6633
usemtl Surface_3
f 6635/6635 6634/6634 6636/6636
usemtl Surface_3
f 6640/6640 6638/6638 6637/6637
usemtl Surface_3
f 6639/6639 6638/6638 6640/6640
usemtl Surface_3
f 6644/6644 6642/6642 6641/6641
usemtl Surface_3
f 6643/6643 6642/6642 6644/6644
usemtl Surface_3
f 6648/6648 6646/6646 6645/6645
usemtl Surface_3
f 6647/6647 6646/6646 6648/6648
usemtl Surface_3
f 6652/6652 6650/6650 6649/6649
usemtl Surface_3
f 6651/6651 6650/6650 6652/6652
usemtl Surface_3
f 6656/6656 6654/6654 6653/6653
usemtl Surface_3
f 6655/6655 6654/6654 6656/6656
usemtl Surface_3
f 6660/6660 6658/6658 6657/6657
usemtl Surface_3
f 6659/6659 6658/6658 6660/6660
usemtl Surface_3
f 6664/6664 6662/6662 6661/6661
usemtl Surface_3
f 6663/6663 6662/6662 6664/6664
usemtl Surface_3
f 6668/6668 6666/6666 6665/6665
usemtl Surface_3
f 6667/6667 6666/6666 6668/6668
usemtl Surface_3
f 6672/6672 6670/6670 6669/6669
usemtl Surface_3
f 6671/6671 6670/6670 6672/6672
usemtl Surface_3
f 6676/6676 6674/6674 6673/6673
usemtl Surface_3
f 6675/6675 6674/6674 6676/6676
usemtl Surface_3
f 6677/6677 6679/6679 6678/6678
usemtl Surface_3
f 6680/6680 6682/6682 6681/6681
usemtl Surface_3
f 6683/6683 6685/6685 6684/6684
usemtl Surface_3
f 6686/6686 6688/6688 6687/6687
usemtl Surface_3
f 6689/6689 6691/6691 6690/6690
usemtl Surface_3
f 6692/6692 6694/6694 6693/6693
usemtl Surface_3
f 6695/6695 6697/6697 6696/6696
usemtl Surface_3
f 6698/6698 6700/6700 6699/6699
usemtl Surface_3
f 6701/6701 6703/6703 6702/6702
usemtl Surface_3
f 6704/6704 6706/6706 6705/6705
usemtl Surface_3
f 6707/6707 6709/6709 6708/6708
usemtl Surface_3
f 6710/6710 6712/6712 6711/6711
usemtl Surface_3
f 6713/6713 6715/6715 6714/6714
usemtl Surface_3
f 6716/6716 6718/6718 6717/6717
usemtl Surface_3
f 6719/6719 6721/6721 6720/6720
usemtl Surface_3
f 6722/6722 6724/6724 6723/6723
usemtl Surface_3
f 6725/6725 6727/6727 6726/6726
usemtl Surface_3
f 6728/6728 6730/6730 6729/6729
usemtl Surface_3
f 6731/6731 6733/6733 6732/6732
usemtl Surface_3
f 6734/6734 6736/6736 6735/6735
usemtl Surface_3
f 6737/6737 6739/6739 6738/6738
usemtl Surface_3
f 6740/6740 6742/6742 6741/6741
usemtl Surface_3
f 6746/6746 6744/6744 6743/6743
usemtl Surface_3
f 6745/6745 6744/6744 6746/6746
usemtl Surface_3
f 6750/6750 6748/6748 6747/6747
usemtl Surface_3
f 6749/6749 6748/6748 6750/6750
usemtl Surface_3
f 6754/6754 6752/6752 6751/6751
usemtl Surface_3
f 6753/6753 6752/6752 6754/6754
usemtl Surface_3
f 6758/6758 6756/6756 6755/6755
usemtl Surface_3
f 6757/6757 6756/6756 6758/6758
usemtl Surface_3
f 6762/6762 6760/6760 6759/6759
usemtl Surface_3
f 6761/6761 6760/6760 6762/6762
usemtl Surface_3
f 6766/6766 6764/6764 6763/6763
usemtl Surface_3
f 6765/6765 6764/6764 6766/6766
usemtl Surface_3
f 6770/6770 6768/6768 6767/6767
usemtl Surface_3
f 6769/6769 6768/6768 6770/6770
usemtl Surface_3
f 6774/6774 6772/6772 6771/6771
usemtl Surface_3
f 6773/6773 6772/6772 6774/6774
usemtl Surface_3
f 6778/6778 6776/6776 6775/6775
usemtl Surface_3
f 6777/6777 6776/6776 6778/6778
usemtl Surface_3
f 6782/6782 6780/6780 6779/6779
usemtl Surface_3
f 6781/6781 6780/6780 6782/6782
usemtl Surface_3
f 6786/6786 6784/6784 6783/6783
usemtl Surface_3
f 6785/6785 6784/6784 6786/6786
usemtl Surface_3
f 6790/6790 6788/6788 6787/6787
usemtl Surface_3
f 6789/6789 6788/6788 6790/6790
usemtl Surface_3
f 6794/6794 6792/6792 6791/6791
usemtl Surface_3
f 6793/6793 6792/6792 6794/6794
usemtl Surface_3
f 6798/6798 6796/6796 6795/6795
usemtl Surface_3
f 6797/6797 6796/6796 6798/6798
usemtl Surface_3
f 6802/6802 6800/6800 6799/6799
usemtl Surface_3
f 6801/6801 6800/6800 6802/6802
usemtl Surface_3
f 6806/6806 6804/6804 6803/6803
usemtl Surface_3
f 6805/6805 6804/6804 6806/6806
usemtl Surface_3
f 6810/6810 6808/6808 6807/6807
usemtl Surface_3
f 6809/6809 6808/6808 6810/6810
usemtl Surface_3
f 6814/6814 6812/6812 6811/6811
usemtl Surface_3
f 6813/6813 6812/6812 6814/6814
usemtl Surface_3
f 6818/6818 6816/6816 6815/6815
usemtl Surface_3
f 6817/6817 6816/6816 6818/6818
usemtl Surface_3
f 6822/6822 6820/6820 6819/6819
usemtl Surface_3
f 6821/6821 6820/6820 6822/6822
usemtl Surface_3
f 6826/6826 6824/6824 6823/6823
usemtl Surface_3
f 6825/6825 6824/6824 6826/6826
usemtl Surface_3
f 6830/6830 6828/6828 6827/6827
usemtl Surface_3
f 6829/6829 6828/6828 6830/6830
usemtl Surface_3
f 6834/6834 6832/6832 6831/6831
usemtl Surface_3
f 6833/6833 6832/6832 6834/6834
usemtl Surface_3
f 6838/6838 6836/6836 6835/6835
usemtl Surface_3
f 6837/6837 6836/6836 6838/6838
usemtl Surface_3
f 6842/6842 6840/6840 6839/6839
usemtl Surface_3
f 6841/6841 6840/6840 6842/6842
usemtl Surface_3
f 6846/6846 6844/6844 6843/6843
usemtl Surface_3
f 6845/6845 6844/6844 6846/6846
usemtl Surface_3
f 6850/6850 6848/6848 6847/6847
usemtl Surface_3
f 6849/6849 6848/6848 6850/6850
usemtl Surface_3
f 6854/6854 6852/6852 6851/6851
usemtl Surface_3
f 6853/6853 6852/6852 6854/6854
usemtl Surface_3
f 6858/6858 6856/6856 6855/6855
usemtl Surface_3
f 6857/6857 6856/6856 6858/6858
usemtl Surface_3
f 6862/6862 6860/6860 6859/6859
usemtl Surface_3
f 6861/6861 6860/6860 6862/6862
usemtl Surface_3
f 6866/6866 6864/6864 6863/6863
usemtl Surface_3
f 6865/6865 6864/6864 6866/6866
usemtl Surface_3
f 6870/6870 6868/6868 6867/6867
usemtl Surface_3
f 6869/6869 6868/6868 6870/6870
usemtl Surface_3
f 6874/6874 6872/6872 6871/6871
usemtl Surface_3
f 6873/6873 6872/6872 6874/6874
usemtl Surface_3
f 6878/6878 6876/6876 6875/6875
usemtl Surface_3
f 6877/6877 6876/6876 6878/6878
usemtl Surface_3
f 6882/6882 6880/6880 6879/6879
usemtl Surface_3
f 6881/6881 6880/6880 6882/6882
usemtl Surface_3
f 6886/6886 6884/6884 6883/6883
usemtl Surface_3
f 6885/6885 6884/6884 6886/6886
usemtl Surface_3
f 6890/6890 6888/6888 6887/6887
usemtl Surface_3
f 6889/6889 6888/6888 6890/6890
usemtl Surface_3
f 6894/6894 6892/6892 6891/6891
usemtl Surface_3
f 6893/6893 6892/6892 6894/6894
usemtl Surface_3
f 6898/6898 6896/6896 6895/6895
usemtl Surface_3
f 6897/6897 6896/6896 6898/6898
usemtl Surface_3
f 6902/6902 6900/6900 6899/6899
usemtl Surface_3
f 6901/6901 6900/6900 6902/6902
usemtl Surface_3
f 6906/6906 6904/6904 6903/6903
usemtl Surface_3
f 6905/6905 6904/6904 6906/6906
usemtl Surface_3
f 6910/6910 6908/6908 6907/6907
usemtl Surface_3
f 6909/6909 6908/6908 6910/6910
usemtl Surface_3
f 6914/6914 6912/6912 6911/6911
usemtl Surface_3
f 6913/6913 6912/6912 6914/6914
usemtl Surface_3
f 6918/6918 6916/6916 6915/6915
usemtl Surface_3
f 6917/6917 6916/6916 6918/6918
usemtl Surface_3
f 6922/6922 6920/6920 6919/6919
usemtl Surface_3
f 6921/6921 6920/6920 6922/6922
usemtl Surface_3
f 6926/6926 6924/6924 6923/6923
usemtl Surface_3
f 6925/6925 6924/6924 6926/6926
usemtl Surface_3
f 6930/6930 6928/6928 6927/6927
usemtl Surface_3
f 6929/6929 6928/6928 6930/6930
usemtl Surface_3
f 6934/6934 6932/6932 6931/6931
usemtl Surface_3
f 6933/6933 6932/6932 6934/6934
usemtl Surface_3
f 6938/6938 6936/6936 6935/6935
usemtl Surface_3
f 6937/6937 6936/6936 6938/6938
usemtl Surface_3
f 6942/6942 6940/6940 6939/6939
usemtl Surface_3
f 6941/6941 6940/6940 6942/6942
usemtl Surface_3
f 6946/6946 6944/6944 6943/6943
usemtl Surface_3
f 6945/6945 6944/6944 6946/6946
usemtl Surface_3
f 6950/6950 6948/6948 6947/6947
usemtl Surface_3
f 6949/6949 6948/6948 6950/6950
usemtl Surface_3
f 6954/6954 6952/6952 6951/6951
usemtl Surface_3
f 6953/6953 6952/6952 6954/6954
usemtl Surface_3
f 6958/6958 6956/6956 6955/6955
usemtl Surface_3
f 6957/6957 6956/6956 6958/6958
usemtl Surface_3
f 6962/6962 6960/6960 6959/6959
usemtl Surface_3
f 6961/6961 6960/6960 6962/6962
usemtl Surface_3
f 6966/6966 6964/6964 6963/6963
usemtl Surface_3
f 6965/6965 6964/6964 6966/6966
usemtl Surface_3
f 6970/6970 6968/6968 6967/6967
usemtl Surface_3
f 6969/6969 6968/6968 6970/6970
usemtl Surface_3
f 6974/6974 6972/6972 6971/6971
usemtl Surface_3
f 6973/6973 6972/6972 6974/6974
usemtl Surface_3
f 6978/6978 6976/6976 6975/6975
usemtl Surface_3
f 6977/6977 6976/6976 6978/6978
usemtl Surface_3
f 6982/6982 6980/6980 6979/6979
usemtl Surface_3
f 6981/6981 6980/6980 6982/6982
usemtl Surface_3
f 6986/6986 6984/6984 6983/6983
usemtl Surface_3
f 6985/6985 6984/6984 6986/6986
usemtl Surface_3
f 6990/6990 6988/6988 6987/6987
usemtl Surface_3
f 6989/6989 6988/6988 6990/6990
usemtl Surface_3
f 6994/6994 6992/6992 6991/6991
usemtl Surface_3
f 6993/6993 6992/6992 6994/6994
usemtl Surface_3
f 6998/6998 6996/6996 6995/6995
usemtl Surface_3
f 6997/6997 6996/6996 6998/6998
usemtl Surface_3
f 7002/7002 7000/7000 6999/6999
usemtl Surface_3
f 7001/7001 7000/7000 7002/7002
usemtl Surface_3
f 7006/7006 7004/7004 7003/7003
usemtl Surface_3
f 7005/7005 7004/7004 7006/7006
usemtl Surface_3
f 7010/7010 7008/7008 7007/7007
usemtl Surface_3
f 7009/7009 7008/7008 7010/7010
usemtl Surface_3
f 7014/7014 7012/7012 7011/7011
usemtl Surface_3
f 7013/7013 7012/7012 7014/7014
usemtl Surface_3
f 7018/7018 7016/7016 7015/7015
usemtl Surface_3
f 7017/7017 7016/7016 7018/7018
usemtl Surface_3
f 7022/7022 7020/7020 7019/7019
usemtl Surface_3
f 7021/7021 7020/7020 7022/7022
usemtl Surface_3
f 7026/7026 7024/7024 7023/7023
usemtl Surface_3
f 7025/7025 7024/7024 7026/7026
usemtl Surface_3
f 7030/7030 7028/7028 7027/7027
usemtl Surface_3
f 7029/7029 7028/7028 7030/7030
usemtl Surface_3
f 7031/7031 7033/7033 7032/7032
usemtl Surface_3
f 7034/7034 7036/7036 7035/7035
usemtl Surface_3
f 7037/7037 7039/7039 7038/7038
usemtl Surface_3
f 7040/7040 7042/7042 7041/7041
usemtl Surface_3
f 7043/7043 7045/7045 7044/7044
usemtl Surface_3
f 7046/7046 7048/7048 7047/7047
usemtl Surface_3
f 7049/7049 7051/7051 7050/7050
usemtl Surface_3
f 7052/7052 7054/7054 7053/7053
usemtl Surface_3
f 7055/7055 7057/7057 7056/7056
usemtl Surface_3
f 7058/7058 7060/7060 7059/7059
usemtl Surface_3
f 7061/7061 7063/7063 7062/7062
usemtl Surface_3
f 7064/7064 7066/7066 7065/7065
usemtl Surface_3
f 7067/7067 7069/7069 7068/7068
usemtl Surface_3
f 7070/7070 7072/7072 7071/7071
usemtl Surface_3
f 7073/7073 7075/7075 7074/7074
usemtl Surface_3
f 7076/7076 7078/7078 7077/7077
usemtl Surface_3
f 7079/7079 7081/7081 7080/7080
usemtl Surface_3
f 7082/7082 7084/7084 7083/7083
usemtl Surface_3
f 7085/7085 7087/7087 7086/7086
usemtl Surface_3
f 7088/7088 7090/7090 7089/7089
usemtl Surface_3
f 7091/7091 7093/7093 7092/7092
usemtl Surface_3
f 7094/7094 7096/7096 7095/7095
usemtl Surface_3
f 7097/7097 7099/7099 7098/7098
usemtl Surface_3
f 7100/7100 7102/7102 7101/7101
usemtl Surface_3
f 7103/7103 7105/7105 7104/7104
usemtl Surface_3
f 7106/7106 7108/7108 7107/7107
usemtl Surface_3
f 7109/7109 7111/7111 7110/7110
usemtl Surface_3
f 7112/7112 7114/7114 7113/7113
usemtl Surface_3
f 7118/7118 7116/7116 7115/7115
usemtl Surface_3
f 7117/7117 7116/7116 7118/7118
usemtl Surface_3
f 7122/7122 7120/7120 7119/7119
usemtl Surface_3
f 7121/7121 7120/7120 7122/7122
usemtl Surface_3
f 7126/7126 7124/7124 7123/7123
usemtl Surface_3
f 7125/7125 7124/7124 7126/7126
usemtl Surface_3
f 7130/7130 7128/7128 7127/7127
usemtl Surface_3
f 7129/7129 7128/7128 7130/7130
usemtl Surface_3
f 7134/7134 7132/7132 7131/7131
usemtl Surface_3
f 7133/7133 7132/7132 7134/7134
usemtl Surface_3
f 7138/7138 7136/7136 7135/7135
usemtl Surface_3
f 7137/7137 7136/7136 7138/7138
usemtl Surface_3
f 7142/7142 7140/7140 7139/7139
usemtl Surface_3
f 7141/7141 7140/7140 7142/7142
usemtl Surface_3
f 7146/7146 7144/7144 7143/7143
usemtl Surface_3
f 7145/7145 7144/7144 7146/7146
usemtl Surface_3
f 7150/7150 7148/7148 7147/7147
usemtl Surface_3
f 7149/7149 7148/7148 7150/7150
usemtl Surface_3
f 7154/7154 7152/7152 7151/7151
usemtl Surface_3
f 7153/7153 7152/7152 7154/7154
usemtl Surface_3
f 7158/7158 7156/7156 7155/7155
usemtl Surface_3
f 7157/7157 7156/7156 7158/7158
usemtl Surface_3
f 7162/7162 7160/7160 7159/7159
usemtl Surface_3
f 7161/7161 7160/7160 7162/7162
usemtl Surface_3
f 7166/7166 7164/7164 7163/7163
usemtl Surface_3
f 7165/7165 7164/7164 7166/7166
usemtl Surface_3
f 7170/7170 7168/7168 7167/7167
usemtl Surface_3
f 7169/7169 7168/7168 7170/7170
usemtl Surface_3
f 7174/7174 7172/7172 7171/7171
usemtl Surface_3
f 7173/7173 7172/7172 7174/7174
usemtl Surface_3
f 7178/7178 7176/7176 7175/7175
usemtl Surface_3
f 7177/7177 7176/7176 7178/7178
usemtl Surface_3
f 7182/7182 7180/7180 7179/7179
usemtl Surface_3
f 7181/7181 7180/7180 7182/7182
usemtl Surface_3
f 7186/7186 7184/7184 7183/7183
usemtl Surface_3
f 7185/7185 7184/7184 7186/7186
usemtl Surface_3
f 7190/7190 7188/7188 7187/7187
usemtl Surface_3
f 7189/7189 7188/7188 7190/7190
usemtl Surface_3
f 7194/7194 7192/7192 7191/7191
usemtl Surface_3
f 7193/7193 7192/7192 7194/7194
usemtl Surface_3
f 7198/7198 7196/7196 7195/7195
usemtl Surface_3
f 7197/7197 7196/7196 7198/7198
usemtl Surface_3
f 7202/7202 7200/7200 7199/7199
usemtl Surface_3
f 7201/7201 7200/7200 7202/7202
usemtl Surface_3
f 7206/7206 7204/7204 7203/7203
usemtl Surface_3
f 7205/7205 7204/7204 7206/7206
usemtl Surface_3
f 7210/7210 7208/7208 7207/7207
usemtl Surface_3
f 7209/7209 7208/7208 7210/7210
usemtl Surface_3
f 7214/7214 7212/7212 7211/7211
usemtl Surface_3
f 7213/7213 7212/7212 7214/7214
usemtl Surface_3
f 7218/7218 7216/7216 7215/7215
usemtl Surface_3
f 7217/7217 7216/7216 7218/7218
usemtl Surface_3
f 7222/7222 7220/7220 7219/7219
usemtl Surface_3
f 7221/7221 7220/7220 7222/7222
usemtl Surface_3
f 7226/7226 7224/7224 7223/7223
usemtl Surface_3
f 7225/7225 7224/7224 7226/7226
usemtl Surface_3
f 7230/7230 7228/7228 7227/7227
usemtl Surface_3
f 7229/7229 7228/7228 7230/7230
usemtl Surface_3
f 7234/7234 7232/7232 7231/7231
usemtl Surface_3
f 7233/7233 7232/7232 7234/7234
usemtl Surface_3
f 7238/7238 7236/7236 7235/7235
usemtl Surface_3
f 7237/7237 7236/7236 7238/7238
usemtl Surface_3
f 7242/7242 7240/7240 7239/7239
usemtl Surface_3
f 7241/7241 7240/7240 7242/7242
usemtl Surface_3
f 7246/7246 7244/7244 7243/7243
usemtl Surface_3
f 7245/7245 7244/7244 7246/7246
usemtl Surface_3
f 7250/7250 7248/7248 7247/7247
usemtl Surface_3
f 7249/7249 7248/7248 7250/7250
usemtl Surface_3
f 7254/7254 7252/7252 7251/7251
usemtl Surface_3
f 7253/7253 7252/7252 7254/7254
usemtl Surface_3
f 7258/7258 7256/7256 7255/7255
usemtl Surface_3
f 7257/7257 7256/7256 7258/7258
usemtl Surface_3
f 7262/7262 7260/7260 7259/7259
usemtl Surface_3
f 7261/7261 7260/7260 7262/7262
usemtl Surface_3
f 7266/7266 7264/7264 7263/7263
usemtl Surface_3
f 7265/7265 7264/7264 7266/7266
usemtl Surface_3
f 7270/7270 7268/7268 7267/7267
usemtl Surface_3
f 7269/7269 7268/7268 7270/7270
usemtl Surface_3
f 7274/7274 7272/7272 7271/7271
usemtl Surface_3
f 7273/7273 7272/7272 7274/7274
usemtl Surface_3
f 7278/7278 7276/7276 7275/7275
usemtl Surface_3
f 7277/7277 7276/7276 7278/7278
usemtl Surface_3
f 7282/7282 7280/7280 7279/7279
usemtl Surface_3
f 7281/7281 7280/7280 7282/7282
usemtl Surface_3
f 7286/7286 7284/7284 7283/7283
usemtl Surface_3
f 7285/7285 7284/7284 7286/7286
usemtl Surface_3
f 7290/7290 7288/7288 7287/7287
usemtl Surface_3
f 7289/7289 7288/7288 7290/7290
usemtl Surface_3
f 7294/7294 7292/7292 7291/7291
usemtl Surface_3
f 7293/7293 7292/7292 7294/7294
usemtl Surface_3
f 7298/7298 7296/7296 7295/7295
usemtl Surface_3
f 7297/7297 7296/7296 7298/7298
usemtl Surface_3
f 7302/7302 7300/7300 7299/7299
usemtl Surface_3
f 7301/7301 7300/7300 7302/7302
usemtl Surface_3
f 7306/7306 7304/7304 7303/7303
usemtl Surface_3
f 7305/7305 7304/7304 7306/7306
usemtl Surface_3
f 7310/7310 7308/7308 7307/7307
usemtl Surface_3
f 7309/7309 7308/7308 7310/7310
usemtl Surface_3
f 7314/7314 7312/7312 7311/7311
usemtl Surface_3
f 7313/7313 7312/7312 7314/7314
usemtl Surface_3
f 7318/7318 7316/7316 7315/7315
usemtl Surface_3
f 7317/7317 7316/7316 7318/7318
usemtl Surface_3
f 7322/7322 7320/7320 7319/7319
usemtl Surface_3
f 7321/7321 7320/7320 7322/7322
usemtl Surface_3
f 7326/7326 7324/7324 7323/7323
usemtl Surface_3
f 7325/7325 7324/7324 7326/7326
usemtl Surface_3
f 7330/7330 7328/7328 7327/7327
usemtl Surface_3
f 7329/7329 7328/7328 7330/7330
usemtl Surface_3
f 7334/7334 7332/7332 7331/7331
usemtl Surface_3
f 7333/7333 7332/7332 7334/7334
usemtl Surface_3
f 7338/7338 7336/7336 7335/7335
usemtl Surface_3
f 7337/7337 7336/7336 7338/7338
usemtl Surface_3
f 7342/7342 7340/7340 7339/7339
usemtl Surface_3
f 7341/7341 7340/7340 7342/7342
usemtl Surface_3
f 7346/7346 7344/7344 7343/7343
usemtl Surface_3
f 7345/7345 7344/7344 7346/7346
usemtl Surface_3
f 7350/7350 7348/7348 7347/7347
usemtl Surface_3
f 7349/7349 7348/7348 7350/7350
usemtl Surface_3
f 7354/7354 7352/7352 7351/7351
usemtl Surface_3
f 7353/7353 7352/7352 7354/7354
usemtl Surface_3
f 7358/7358 7356/7356 7355/7355
usemtl Surface_3
f 7357/7357 7356/7356 7358/7358
usemtl Surface_3
f 7362/7362 7360/7360 7359/7359
usemtl Surface_3
f 7361/7361 7360/7360 7362/7362
usemtl Surface_3
f 7366/7366 7364/7364 7363/7363
usemtl Surface_3
f 7365/7365 7364/7364 7366/7366
usemtl Surface_3
f 7370/7370 7368/7368 7367/7367
usemtl Surface_3
f 7369/7369 7368/7368 7370/7370
usemtl Surface_3
f 7374/7374 7372/7372 7371/7371
usemtl Surface_3
f 7373/7373 7372/7372 7374/7374
usemtl Surface_3
f 7378/7378 7376/7376 7375/7375
usemtl Surface_3
f 7377/7377 7376/7376 7378/7378
usemtl Surface_3
f 7382/7382 7380/7380 7379/7379
usemtl Surface_3
f 7381/7381 7380/7380 7382/7382
usemtl Surface_3
f 7386/7386 7384/7384 7383/7383
usemtl Surface_3
f 7385/7385 7384/7384 7386/7386
usemtl Surface_3
f 7390/7390 7388/7388 7387/7387
usemtl Surface_3
f 7389/7389 7388/7388 7390/7390
usemtl Surface_3
f 7394/7394 7392/7392 7391/7391
usemtl Surface_3
f 7393/7393 7392/7392 7394/7394
usemtl Surface_3
f 7398/7398 7396/7396 7395/7395
usemtl Surface_3
f 7397/7397 7396/7396 7398/7398
usemtl Surface_3
f 7402/7402 7400/7400 7399/7399
usemtl Surface_3
f 7401/7401 7400/7400 7402/7402
usemtl Surface_3
f 7406/7406 7404/7404 7403/7403
usemtl Surface_3
f 7405/7405 7404/7404 7406/7406
usemtl Surface_3
f 7410/7410 7408/7408 7407/7407
usemtl Surface_3
f 7409/7409 7408/7408 7410/7410
usemtl Surface_3
f 7414/7414 7412/7412 7411/7411
usemtl Surface_3
f 7413/7413 7412/7412 7414/7414
usemtl Surface_3
f 7418/7418 7416/7416 7415/7415
usemtl Surface_3
f 7417/7417 7416/7416 7418/7418
usemtl Surface_3
f 7422/7422 7420/7420 7419/7419
usemtl Surface_3
f 7421/7421 7420/7420 7422/7422
usemtl Surface_3
f 7426/7426 7424/7424 7423/7423
usemtl Surface_3
f 7425/7425 7424/7424 7426/7426
usemtl Surface_3
f 7430/7430 7428/7428 7427/7427
usemtl Surface_3
f 7429/7429 7428/7428 7430/7430
usemtl Surface_3
f 7434/7434 7432/7432 7431/7431
usemtl Surface_3
f 7433/7433 7432/7432 7434/7434
usemtl Surface_3
f 7438/7438 7436/7436 7435/7435
usemtl Surface_3
f 7437/7437 7436/7436 7438/7438
usemtl Surface_3
f 7442/7442 7440/7440 7439/7439
usemtl Surface_3
f 7441/7441 7440/7440 7442/7442
usemtl Surface_3
f 7446/7446 7444/7444 7443/7443
usemtl Surface_3
f 7445/7445 7444/7444 7446/7446
usemtl Surface_3
f 7450/7450 7448/7448 7447/7447
usemtl Surface_3
f 7449/7449 7448/7448 7450/7450
usemtl Surface_3
f 7454/7454 7452/7452 7451/7451
usemtl Surface_3
f 7453/7453 7452/7452 7454/7454
usemtl Surface_3
f 7458/7458 7456/7456 7455/7455
usemtl Surface_3
f 7457/7457 7456/7456 7458/7458
usemtl Surface_3
f 7462/7462 7460/7460 7459/7459
usemtl Surface_3
f 7461/7461 7460/7460 7462/7462
usemtl Surface_3
f 7466/7466 7464/7464 7463/7463
usemtl Surface_3
f 7465/7465 7464/7464 7466/7466
usemtl Surface_3
f 7470/7470 7468/7468 7467/7467
usemtl Surface_3
f 7469/7469 7468/7468 7470/7470
usemtl Surface_3
f 7474/7474 7472/7472 7471/7471
usemtl Surface_3
f 7473/7473 7472/7472 7474/7474
usemtl Surface_3
f 7478/7478 7476/7476 7475/7475
usemtl Surface_3
f 7477/7477 7476/7476 7478/7478
usemtl Surface_3
f 7482/7482 7480/7480 7479/7479
usemtl Surface_3
f 7481/7481 7480/7480 7482/7482
usemtl Surface_3
f 7486/7486 7484/7484 7483/7483
usemtl Surface_3
f 7485/7485 7484/7484 7486/7486
usemtl Surface_3
f 7490/7490 7488/7488 7487/7487
usemtl Surface_3
f 7489/7489 7488/7488 7490/7490
usemtl Surface_3
f 7494/7494 7492/7492 7491/7491
usemtl Surface_3
f 7493/7493 7492/7492 7494/7494
usemtl Surface_3
f 7498/7498 7496/7496 7495/7495
usemtl Surface_3
f 7497/7497 7496/7496 7498/7498
usemtl Surface_3
f 7502/7502 7500/7500 7499/7499
usemtl Surface_3
f 7501/7501 7500/7500 7502/7502
usemtl Surface_3
f 7506/7506 7504/7504 7503/7503
usemtl Surface_3
f 7505/7505 7504/7504 7506/7506
usemtl Surface_3
f 7510/7510 7508/7508 7507/7507
usemtl Surface_3
f 7509/7509 7508/7508 7510/7510
usemtl Surface_3
f 7514/7514 7512/7512 7511/7511
usemtl Surface_3
f 7513/7513 7512/7512 7514/7514
usemtl Surface_3
f 7518/7518 7516/7516 7515/7515
usemtl Surface_3
f 7517/7517 7516/7516 7518/7518
usemtl Surface_3
f 7522/7522 7520/7520 7519/7519
usemtl Surface_3
f 7521/7521 7520/7520 7522/7522
usemtl Surface_3
f 7526/7526 7524/7524 7523/7523
usemtl Surface_3
f 7525/7525 7524/7524 7526/7526
usemtl Surface_3
f 7530/7530 7528/7528 7527/7527
usemtl Surface_3
f 7529/7529 7528/7528 7530/7530
usemtl Surface_3
f 7534/7534 7532/7532 7531/7531
usemtl Surface_3
f 7533/7533 7532/7532 7534/7534
usemtl Surface_3
f 7538/7538 7536/7536 7535/7535
usemtl Surface_3
f 7537/7537 7536/7536 7538/7538
usemtl Surface_3
f 7542/7542 7540/7540 7539/7539
usemtl Surface_3
f 7541/7541 7540/7540 7542/7542
usemtl Surface_3
f 7546/7546 7544/7544 7543/7543
usemtl Surface_3
f 7545/7545 7544/7544 7546/7546
usemtl Surface_3
f 7550/7550 7548/7548 7547/7547
usemtl Surface_3
f 7549/7549 7548/7548 7550/7550
usemtl Surface_3
f 7554/7554 7552/7552 7551/7551
usemtl Surface_3
f 7553/7553 7552/7552 7554/7554
usemtl Surface_3
f 7558/7558 7556/7556 7555/7555
usemtl Surface_3
f 7557/7557 7556/7556 7558/7558
usemtl Surface_3
f 7562/7562 7560/7560 7559/7559
usemtl Surface_3
f 7561/7561 7560/7560 7562/7562
usemtl Surface_3
f 7566/7566 7564/7564 7563/7563
usemtl Surface_3
f 7565/7565 7564/7564 7566/7566
usemtl Surface_3
f 7570/7570 7568/7568 7567/7567
usemtl Surface_3
f 7569/7569 7568/7568 7570/7570
usemtl Surface_3
f 7574/7574 7572/7572 7571/7571
usemtl Surface_3
f 7573/7573 7572/7572 7574/7574
usemtl Surface_3
f 7578/7578 7576/7576 7575/7575
usemtl Surface_3
f 7577/7577 7576/7576 7578/7578
usemtl Surface_3
f 7582/7582 7580/7580 7579/7579
usemtl Surface_3
f 7581/7581 7580/7580 7582/7582
usemtl Surface_3
f 7586/7586 7584/7584 7583/7583
usemtl Surface_3
f 7585/7585 7584/7584 7586/7586
usemtl Surface_3
f 7590/7590 7588/7588 7587/7587
usemtl Surface_3
f 7589/7589 7588/7588 7590/7590
usemtl Surface_3
f 7594/7594 7592/7592 7591/7591
usemtl Surface_3
f 7593/7593 7592/7592 7594/7594
usemtl Surface_3
f 7598/7598 7596/7596 7595/7595
usemtl Surface_3
f 7597/7597 7596/7596 7598/7598
usemtl Surface_3
f 7602/7602 7600/7600 7599/7599
usemtl Surface_3
f 7601/7601 7600/7600 7602/7602
usemtl Surface_3
f 7606/7606 7604/7604 7603/7603
usemtl Surface_3
f 7605/7605 7604/7604 7606/7606
usemtl Surface_3
f 7610/7610 7608/7608 7607/7607
usemtl Surface_3
f 7609/7609 7608/7608 7610/7610
usemtl Surface_3
f 7614/7614 7612/7612 7611/7611
usemtl Surface_3
f 7613/7613 7612/7612 7614/7614
usemtl Surface_3
f 7618/7618 7616/7616 7615/7615
usemtl Surface_3
f 7617/7617 7616/7616 7618/7618
usemtl Surface_3
f 7622/7622 7620/7620 7619/7619
usemtl Surface_3
f 7621/7621 7620/7620 7622/7622
usemtl Surface_3
f 7626/7626 7624/7624 7623/7623
usemtl Surface_3
f 7625/7625 7624/7624 7626/7626
usemtl Surface_3
f 7627/7627 7629/7629 7628/7628
usemtl Surface_3
f 7630/7630 7632/7632 7631/7631
usemtl Surface_3
f 7633/7633 7635/7635 7634/7634
usemtl Surface_3
f 7636/7636 7638/7638 7637/7637
usemtl Surface_3
f 7639/7639 7641/7641 7640/7640
usemtl Surface_3
f 7642/7642 7644/7644 7643/7643
usemtl Surface_3
f 7645/7645 7647/7647 7646/7646
usemtl Surface_3
f 7648/7648 7650/7650 7649/7649
usemtl Surface_3
f 7651/7651 7653/7653 7652/7652
usemtl Surface_3
f 7654/7654 7656/7656 7655/7655
usemtl Surface_3
f 7657/7657 7659/7659 7658/7658
usemtl Surface_3
f 7660/7660 7662/7662 7661/7661
usemtl Surface_3
f 7663/7663 7665/7665 7664/7664
usemtl Surface_3
f 7666/7666 7668/7668 7667/7667
usemtl Surface_3
f 7669/7669 7671/7671 7670/7670
usemtl Surface_3
f 7672/7672 7674/7674 7673/7673
