# Null Route authored hard-surface mesh. Centimeters, Z up.
v 5.42211 -0.08934 5.74197
v 5.42210 0.71419 5.69764
v 6.42210 0.82091 6.54902
v 6.42211 -0.10269 6.59997
v 5.42211 -0.06655 4.14214
v 6.42211 -0.07990 5.00013
v 6.42211 0.62314 4.96129
v 5.42211 0.51642 4.10991
v 5.42210 0.71419 5.69764
v 5.42210 1.50412 5.54471
v 6.42210 1.72887 6.37323
v 6.42210 0.82091 6.54902
v 5.42211 0.51642 4.10991
v 6.42211 0.62314 4.96129
v 6.42210 1.31430 4.82787
v 5.42210 1.08955 3.99935
v 5.42210 1.50412 5.54471
v 5.42210 2.26537 5.28609
v 6.42210 2.60388 6.07596
v 6.42210 1.72887 6.37323
v 5.42210 1.08955 3.99935
v 6.42210 1.31430 4.82787
v 6.42210 1.98041 4.60244
v 5.42210 1.64190 3.81256
v 5.42210 2.26537 5.28609
v 5.42210 2.98345 4.92671
v 6.42210 3.42925 5.66288
v 6.42210 2.60388 6.07596
v 5.42210 1.64190 3.81256
v 6.42210 1.98041 4.60244
v 6.42210 2.60877 4.28927
v 5.42210 2.16297 3.55310
v 5.42210 2.98345 4.92671
v 5.42210 3.64465 4.47342
v 6.42210 4.18926 5.14186
v 6.42210 3.42925 5.66288
v 5.42210 2.16297 3.55310
v 6.42210 2.60877 4.28927
v 6.42210 3.18741 3.89435
v 5.42210 2.64280 3.22591
v 5.42210 3.64465 4.47342
v 5.42210 4.23639 3.93486
v 6.42210 4.86941 4.52283
v 6.42210 4.18926 5.14186
v 5.42210 2.64280 3.22591
v 6.42210 3.18741 3.89435
v 6.42210 3.70529 3.42519
v 5.42210 3.07226 2.83723
v 5.42210 4.23639 3.93486
v 5.42210 4.74738 3.32130
v 6.42210 5.45675 3.81759
v 6.42210 4.86941 4.52283
v 5.42210 3.07226 2.83723
v 6.42210 3.70529 3.42519
v 6.42210 4.15254 2.89075
v 5.42210 3.44316 2.39446
v 5.42210 4.74738 3.32130
v 5.42210 5.16787 2.64444
v 6.42210 5.94008 3.03958
v 6.42210 5.45675 3.81759
v 5.42210 3.44316 2.39446
v 6.42210 4.15254 2.89075
v 6.42210 4.52064 2.30121
v 5.42210 3.74843 1.90606
v 5.42210 5.16787 2.64444
v 5.42210 5.48986 1.91716
v 6.42210 6.31018 2.20364
v 6.42210 5.94008 3.03958
v 5.42210 3.74843 1.90606
v 6.42210 4.52064 2.30121
v 6.42210 4.80258 1.66780
v 5.42210 3.98225 1.38133
v 5.42210 5.48986 1.91716
v 5.42210 5.70721 1.15335
v 6.42210 6.56001 1.32569
v 6.42210 6.31018 2.20364
v 5.42210 3.98225 1.38133
v 6.42210 4.80258 1.66780
v 6.42210 4.99297 1.00261
v 5.42210 4.14017 0.83027
v 5.42210 5.70721 1.15335
v 5.42210 5.81577 0.36755
v 6.42210 6.68479 0.42247
v 6.42210 6.56001 1.32569
v 5.42210 4.14017 0.83027
v 6.42210 4.99297 1.00261
v 6.42210 5.08819 0.31830
v 5.42210 4.21916 0.26338
v 5.42210 5.81577 0.36755
v 5.42210 5.81348 -0.42526
v 6.42210 6.68216 -0.48881
v 6.42210 6.68479 0.42247
v 5.42210 4.21916 0.26338
v 6.42210 5.08819 0.31830
v 6.42210 5.08642 -0.37208
v 5.42210 4.21774 -0.30853
v 5.42210 5.81348 -0.42526
v 5.42210 5.70037 -1.20996
v 6.42210 6.55215 -1.39076
v 6.42210 6.68216 -0.48881
v 5.42210 4.21774 -0.30853
v 6.42210 5.08642 -0.37208
v 6.42210 4.98770 -1.05536
v 5.42210 4.13592 -0.87456
v 5.42210 5.70037 -1.20996
v 5.42210 5.47861 -1.97160
v 6.42210 6.29726 -2.26620
v 6.42210 6.55215 -1.39076
v 5.42210 4.13592 -0.87456
v 6.42210 4.98770 -1.05536
v 6.42210 4.79391 -1.71852
v 5.42210 3.97527 -1.42392
v 5.42210 5.47861 -1.97160
v 5.42210 5.15243 -2.69565
v 6.42210 5.92233 -3.09845
v 6.42210 6.29726 -2.26620
v 5.42210 3.97527 -1.42392
v 6.42210 4.79391 -1.71852
v 6.42210 4.50875 -2.34893
v 5.42210 3.73884 -1.94613
v 5.42210 5.15243 -2.69565
v 5.42210 4.72803 -3.36833
v 6.42210 5.43451 -3.87164
v 6.42210 5.92233 -3.09845
v 5.42210 3.73884 -1.94613
v 6.42210 4.50875 -2.34893
v 6.42210 4.13764 -2.93457
v 5.42210 3.43115 -2.43125
v 5.42210 4.72803 -3.36833
v 5.42210 4.21351 -3.97680
v 6.42210 4.84311 -4.57103
v 6.42210 5.43451 -3.87164
v 5.42210 3.43115 -2.43125
v 6.42210 4.13764 -2.93457
v 6.42210 3.68766 -3.46427
v 5.42210 3.05806 -2.87003
v 5.42210 4.21351 -3.97680
v 5.42210 3.61867 -4.50947
v 6.42210 4.15940 -5.18329
v 6.42210 4.84311 -4.57103
v 5.42210 3.05806 -2.87003
v 6.42210 3.68766 -3.46427
v 6.42210 3.16739 -3.92793
v 5.42211 2.62667 -3.25410
v 5.42210 3.61867 -4.50947
v 5.42211 2.95486 -4.95618
v 6.42211 3.39640 -5.69676
v 6.42210 4.15940 -5.18329
v 5.42211 2.62667 -3.25410
v 6.42210 3.16739 -3.92793
v 6.42211 2.58675 -4.31673
v 5.42211 2.14522 -3.57615
v 5.42211 2.95486 -4.95618
v 5.42211 2.23473 -5.30842
v 6.42211 2.56866 -6.10163
v 6.42211 3.39640 -5.69676
v 5.42211 2.14522 -3.57615
v 6.42211 2.58675 -4.31673
v 6.42211 1.95681 -4.62324
v 5.42211 1.62288 -3.83003
v 5.42211 2.23473 -5.30842
v 5.42211 1.47200 -5.55948
v 6.42211 1.69196 -6.39020
v 6.42211 2.56866 -6.10163
v 5.42211 1.62288 -3.83003
v 6.42211 1.95681 -4.62324
v 6.42211 1.28956 -4.84163
v 5.42211 1.06961 -4.01090
v 5.42211 1.47200 -5.55948
v 5.42211 0.68122 -5.70456
v 6.42211 0.78301 -6.55697
v 6.42211 1.69196 -6.39020
v 5.42211 1.06961 -4.01090
v 6.42211 1.28956 -4.84163
v 6.42211 0.59774 -4.96773
v 5.42211 0.49594 -4.11533
v 5.42211 0.68122 -5.70456
v 5.42211 -0.12255 -5.74092
v 6.42211 -0.14087 -6.59875
v 6.42211 0.78301 -6.55697
v 5.42211 0.49594 -4.11533
v 6.42211 0.59774 -4.96773
v 6.42211 -0.10548 -4.99915
v 5.42211 -0.08717 -4.14131
v 5.42211 -0.12255 -5.74092
v 5.42211 -0.92399 -5.66784
v 6.42211 -1.06206 -6.51476
v 6.42211 -0.14087 -6.59875
v 5.42211 -0.08717 -4.14131
v 6.42211 -0.10548 -4.99915
v 6.42211 -0.80669 -4.93527
v 5.42211 -0.66862 -4.08835
v 6.42211 -0.10269 6.59997
v 6.42210 0.82091 6.54902
v 13.27560 0.80650 6.35180
v 13.27560 -0.11707 6.40325
v 6.42211 -0.07990 5.00013
v 13.27560 -0.09428 4.80341
v 13.27560 0.60872 4.76407
v 6.42211 0.62314 4.96129
v 6.42210 0.82091 6.54902
v 6.42210 1.72887 6.37323
v 13.27560 1.71470 6.17928
v 13.27560 0.80650 6.35180
v 6.42211 0.62314 4.96129
v 13.27560 0.60872 4.76407
v 13.27560 1.30013 4.63392
v 6.42210 1.31430 4.82787
v 6.42210 1.72887 6.37323
v 6.42210 2.60388 6.07596
v 13.27560 2.59021 5.88898
v 13.27560 1.71470 6.17928
v 6.42210 1.31430 4.82787
v 13.27560 1.30013 4.63392
v 13.27560 1.96674 4.41545
v 6.42210 1.98041 4.60244
v 6.42210 2.60388 6.07596
v 6.42210 3.42925 5.66288
v 13.27560 3.41636 5.48642
v 13.27560 2.59021 5.88898
v 6.42210 1.98041 4.60244
v 13.27560 1.96674 4.41545
v 13.27560 2.59588 4.11281
v 6.42210 2.60877 4.28927
v 6.42210 3.42925 5.66288
v 6.42210 4.18926 5.14186
v 13.27559 4.17738 4.97929
v 13.27560 3.41636 5.48642
v 6.42210 2.60877 4.28927
v 13.27560 2.59588 4.11281
v 13.27560 3.17553 3.73177
v 6.42210 3.18741 3.89435
v 6.42210 4.18926 5.14186
v 6.42210 4.86941 4.52283
v 13.27559 4.85878 4.37724
v 13.27559 4.17738 4.97929
v 6.42210 3.18741 3.89435
v 13.27560 3.17553 3.73177
v 13.27560 3.69465 3.27961
v 6.42210 3.70529 3.42519
v 6.42210 4.86941 4.52283
v 6.42210 5.45675 3.81759
v 13.27559 5.44756 3.69177
v 13.27559 4.85878 4.37724
v 6.42210 3.70529 3.42519
v 13.27560 3.69465 3.27961
v 13.27560 4.14335 2.76493
v 6.42210 4.15254 2.89075
v 6.42210 5.45675 3.81759
v 6.42210 5.94008 3.03958
v 13.27559 5.93251 2.93592
v 13.27559 5.44756 3.69177
v 6.42210 4.15254 2.89075
v 13.27560 4.14335 2.76493
v 13.27560 4.51307 2.19754
v 6.42210 4.52064 2.30121
v 6.42210 5.94008 3.03958
v 6.42210 6.31018 2.20364
v 13.27559 6.30438 2.12411
v 13.27559 5.93251 2.93592
v 6.42210 4.52064 2.30121
v 13.27560 4.51307 2.19754
v 13.27560 4.79677 1.58828
v 6.42210 4.80258 1.66780
v 6.42210 6.31018 2.20364
v 6.42210 6.56001 1.32569
v 13.27559 6.55608 1.27181
v 13.27559 6.30438 2.12411
v 6.42210 4.80258 1.66780
v 13.27560 4.79677 1.58828
v 13.27560 4.98904 0.94873
v 6.42210 4.99297 1.00261
v 6.42210 6.56001 1.32569
v 6.42210 6.68479 0.42247
v 13.27559 6.68282 0.39527
v 13.27559 6.55608 1.27181
v 6.42210 4.99297 1.00261
v 13.27560 4.98904 0.94873
v 13.27560 5.08621 0.29110
v 6.42210 5.08819 0.31830
v 6.42210 6.68479 0.42247
v 6.42210 6.68216 -0.48881
v 13.27559 6.68217 -0.48880
v 13.27559 6.68282 0.39527
v 6.42210 5.08819 0.31830
v 13.27560 5.08621 0.29110
v 13.27560 5.08644 -0.37207
v 6.42210 5.08642 -0.37208
v 6.42210 6.68216 -0.48881
v 6.42210 6.55215 -1.39076
v 13.27559 6.55416 -1.36356
v 13.27559 6.68217 -0.48880
v 6.42210 5.08642 -0.37208
v 13.27560 5.08644 -0.37207
v 13.27560 4.98971 -1.02816
v 6.42210 4.98770 -1.05536
v 6.42210 6.55215 -1.39076
v 6.42210 6.29726 -2.26620
v 13.27559 6.30121 -2.21232
v 13.27559 6.55416 -1.36356
v 6.42210 4.98770 -1.05536
v 13.27560 4.98971 -1.02816
v 13.27560 4.79787 -1.66464
v 6.42210 4.79391 -1.71852
v 6.42210 6.29726 -2.26620
v 6.42210 5.92233 -3.09845
v 13.27560 5.92816 -3.01892
v 13.27559 6.30121 -2.21232
v 6.42210 4.79391 -1.71852
v 13.27560 4.79787 -1.66464
v 13.27560 4.51458 -2.26940
v 6.42210 4.50875 -2.34893
v 6.42210 5.92233 -3.09845
v 6.42210 5.43451 -3.87164
v 13.27560 5.44211 -3.76797
v 13.27560 5.92816 -3.01892
v 6.42210 4.50875 -2.34893
v 13.27560 4.51458 -2.26940
v 13.27560 4.14523 -2.83090
v 6.42210 4.13764 -2.93457
v 6.42210 5.43451 -3.87164
v 6.42210 4.84311 -4.57103
v 13.27560 4.85233 -4.44520
v 13.27560 5.44211 -3.76797
v 6.42210 4.13764 -2.93457
v 13.27560 4.14523 -2.83090
v 13.27560 3.69688 -3.33843
v 6.42210 3.68766 -3.46427
v 6.42210 4.84311 -4.57103
v 6.42210 4.15940 -5.18329
v 13.27560 4.17006 -5.03770
v 13.27560 4.85233 -4.44520
v 6.42210 3.68766 -3.46427
v 13.27560 3.69688 -3.33843
v 13.27560 3.17806 -3.78234
v 6.42210 3.16739 -3.92793
v 6.42210 4.15940 -5.18329
v 6.42211 3.39640 -5.69676
v 13.27560 3.40830 -5.53417
v 13.27560 4.17006 -5.03770
v 6.42210 3.16739 -3.92793
v 13.27560 3.17806 -3.78234
v 13.27560 2.59866 -4.15414
v 6.42211 2.58675 -4.31673
v 6.42211 3.39640 -5.69676
v 6.42211 2.56866 -6.10163
v 13.27560 2.58158 -5.92516
v 13.27560 3.40830 -5.53417
v 6.42211 2.58675 -4.31673
v 13.27560 2.59866 -4.15414
v 13.27560 1.96973 -4.44677
v 6.42211 1.95681 -4.62324
v 6.42211 2.56866 -6.10163
v 6.42211 1.69196 -6.39020
v 13.27561 1.70565 -6.20321
v 13.27560 2.58158 -5.92516
v 6.42211 1.95681 -4.62324
v 13.27560 1.96973 -4.44677
v 13.27561 1.30325 -4.65463
v 6.42211 1.28956 -4.84163
v 6.42211 1.69196 -6.39020
v 6.42211 0.78301 -6.55697
v 13.27561 0.79721 -6.36301
v 13.27561 1.70565 -6.20321
v 6.42211 1.28956 -4.84163
v 13.27561 1.30325 -4.65463
v 13.27561 0.61194 -4.77378
v 6.42211 0.59774 -4.96773
v 6.42211 0.78301 -6.55697
v 6.42211 -0.14087 -6.59875
v 13.27561 -0.12643 -6.40153
v 13.27561 0.79721 -6.36301
v 6.42211 0.59774 -4.96773
v 13.27561 0.61194 -4.77378
v 13.27561 -0.09104 -4.80192
v 6.42211 -0.10548 -4.99915
v 6.42211 -0.14087 -6.59875
v 6.42211 -1.06206 -6.51476
v 13.27561 -1.04765 -6.31803
v 13.27561 -0.12643 -6.40153
v 6.42211 -0.10548 -4.99915
v 13.27561 -0.09104 -4.80192
v 13.27561 -0.79229 -4.73854
v 6.42211 -0.80669 -4.93527
v 13.27560 -0.11707 6.40325
v 13.27560 0.80650 6.35180
v 22.68605 0.64093 4.97602
v 22.68605 -0.10713 5.01812
v 13.27560 -0.09428 4.80341
v 22.68605 -0.08434 3.41828
v 22.68605 0.44315 3.38829
v 13.27560 0.60872 4.76407
v 13.27560 0.80650 6.35180
v 13.27560 1.71470 6.17928
v 22.68605 1.37678 4.83907
v 22.68605 0.64093 4.97602
v 13.27560 0.60872 4.76407
v 22.68605 0.44315 3.38829
v 22.68605 0.96220 3.29371
v 13.27560 1.30013 4.63392
v 13.27560 1.71470 6.17928
v 13.27560 2.59021 5.88898
v 22.68605 2.08638 4.60989
v 22.68605 1.37678 4.83907
v 13.27560 1.30013 4.63392
v 22.68605 0.96220 3.29371
v 22.68605 1.46291 3.13636
v 13.27560 1.96674 4.41545
v 13.27560 2.59021 5.88898
v 13.27560 3.41636 5.48642
v 22.68605 2.75621 4.29283
v 22.68605 2.08638 4.60989
v 13.27560 1.96674 4.41545
v 22.68605 1.46291 3.13636
v 22.68605 1.93573 2.91922
v 13.27560 2.59588 4.11281
v 13.27560 3.41636 5.48642
v 13.27559 4.17738 4.97929
v 22.68605 3.37351 3.89395
v 22.68605 2.75621 4.29283
v 13.27560 2.59588 4.11281
v 22.68605 1.93573 2.91922
v 22.68605 2.37166 2.64644
v 13.27560 3.17553 3.73177
v 13.27559 4.17738 4.97929
v 13.27559 4.85878 4.37724
v 22.68605 3.92651 3.42085
v 22.68605 3.37351 3.89395
v 13.27560 3.17553 3.73177
v 22.68605 2.37166 2.64644
v 22.68605 2.76238 2.32321
v 13.27560 3.69465 3.27961
v 13.27559 4.85878 4.37724
v 13.27559 5.44756 3.69177
v 22.68605 4.40466 2.88254
v 22.68605 3.92651 3.42085
v 13.27560 3.69465 3.27961
v 22.68605 2.76238 2.32321
v 22.68605 3.10045 1.95570
v 13.27560 4.14335 2.76493
v 13.27559 5.44756 3.69177
v 13.27559 5.93251 2.93592
v 22.68604 4.79886 2.28929
v 22.68605 4.40466 2.88254
v 13.27560 4.14335 2.76493
v 22.68605 3.10045 1.95570
v 22.68605 3.37942 1.55092
v 13.27560 4.51307 2.19754
v 13.27559 5.93251 2.93592
v 13.27559 6.30438 2.12411
v 22.68604 5.10159 1.65240
v 22.68604 4.79886 2.28929
v 13.27560 4.51307 2.19754
v 22.68605 3.37942 1.55092
v 22.68605 3.59398 1.11657
v 13.27560 4.79677 1.58828
v 13.27559 6.30438 2.12411
v 13.27559 6.55608 1.27181
v 22.68604 5.30707 0.98402
v 22.68604 5.10159 1.65240
v 13.27560 4.79677 1.58828
v 22.68605 3.59398 1.11657
v 22.68605 3.74003 0.66094
v 13.27560 4.98904 0.94873
v 13.27559 6.55608 1.27181
v 13.27559 6.68282 0.39527
v 22.68604 5.41140 0.29688
v 22.68604 5.30707 0.98402
v 13.27560 4.98904 0.94873
v 22.68605 3.74003 0.66094
v 22.68605 3.81480 0.19271
v 13.27560 5.08621 0.29110
v 13.27559 6.68282 0.39527
v 13.27559 6.68217 -0.48880
v 22.68604 5.41258 -0.39592
v 22.68604 5.41140 0.29688
v 13.27560 5.08621 0.29110
v 22.68605 3.81480 0.19271
v 22.68605 3.81685 -0.27919
v 13.27560 5.08644 -0.37207
v 13.27559 6.68217 -0.48880
v 13.27559 6.55416 -1.36356
v 22.68605 5.31060 -1.08118
v 22.68604 5.41258 -0.39592
v 13.27560 5.08644 -0.37207
v 22.68605 3.81685 -0.27919
v 22.68605 3.74614 -0.74577
v 13.27560 4.98971 -1.02816
v 13.27559 6.55416 -1.36356
v 13.27559 6.30121 -2.21232
v 22.68605 5.10738 -1.74582
v 22.68605 5.31060 -1.08118
v 13.27560 4.98971 -1.02816
v 22.68605 3.74614 -0.74577
v 22.68605 3.60404 -1.19814
v 13.27560 4.79787 -1.66464
v 13.27559 6.30121 -2.21232
v 13.27560 5.92816 -3.01892
v 22.68605 4.80682 -2.37719
v 22.68605 5.10738 -1.74582
v 13.27560 4.79787 -1.66464
v 22.68605 3.60404 -1.19814
v 22.68605 3.39323 -1.62766
v 13.27560 4.51458 -2.26940
v 13.27560 5.92816 -3.01892
v 13.27560 5.44211 -3.76797
v 22.68605 4.41463 -2.96324
v 22.68605 4.80682 -2.37719
v 13.27560 4.51458 -2.26940
v 22.68605 3.39323 -1.62766
v 22.68605 3.11775 -2.02617
v 13.27560 4.14523 -2.83090
v 13.27560 5.44211 -3.76797
v 13.27560 4.85233 -4.44520
v 22.68605 3.93830 -3.49281
v 22.68605 4.41463 -2.96324
v 13.27560 4.14523 -2.83090
v 22.68605 3.11775 -2.02617
v 22.68605 2.78285 -2.38604
v 13.27560 3.69688 -3.33843
v 13.27560 4.85233 -4.44520
v 13.27560 4.17006 -5.03770
v 22.68605 3.38690 -3.95581
v 22.68605 3.93830 -3.49281
v 13.27560 3.69688 -3.33843
v 22.68605 2.78285 -2.38604
v 22.68605 2.39490 -2.70044
v 13.27560 3.17806 -3.78234
v 13.27560 4.17006 -5.03770
v 13.27560 3.40830 -5.53417
v 22.68605 2.77094 -4.34340
v 22.68605 3.38690 -3.95581
v 13.27560 3.17806 -3.78234
v 22.68605 2.39490 -2.70044
v 22.68605 1.96129 -2.96337
v 13.27560 2.59866 -4.15414
v 13.27560 3.40830 -5.53417
v 13.27560 2.58158 -5.92516
v 22.68605 2.10216 -4.64820
v 22.68605 2.77094 -4.34340
v 13.27560 2.59866 -4.15414
v 22.68605 1.96129 -2.96337
v 22.68605 1.49031 -3.16981
v 13.27560 1.96973 -4.44677
v 13.27560 2.58158 -5.92516
v 13.27561 1.70565 -6.20321
v 22.68606 1.39332 -4.86440
v 22.68605 2.10216 -4.64820
v 13.27560 1.96973 -4.44677
v 22.68605 1.49031 -3.16981
v 22.68606 0.99092 -3.31583
v 13.27561 1.30325 -4.65463
v 13.27561 1.70565 -6.20321
v 13.27561 0.79721 -6.36301
v 22.68606 0.65792 -4.98788
v 22.68606 1.39332 -4.86440
v 13.27561 1.30325 -4.65463
v 22.68606 0.99092 -3.31583
v 22.68606 0.47265 -3.39864
v 13.27561 0.61194 -4.77378
v 13.27561 0.79721 -6.36301
v 13.27561 -0.12643 -6.40153
v 22.68606 -0.09002 -5.01629
v 22.68606 0.65792 -4.98788
v 13.27561 0.61194 -4.77378
v 22.68606 0.47265 -3.39864
v 22.68606 -0.05464 -3.41668
v 13.27561 -0.09104 -4.80192
v 13.27561 -0.12643 -6.40153
v 13.27561 -1.04765 -6.31803
v 22.68606 -0.83625 -4.94908
v 22.68606 -0.09002 -5.01629
v 13.27561 -0.09104 -4.80192
v 22.68606 -0.05464 -3.41668
v 22.68606 -0.58088 -3.36959
v 13.27561 -0.79229 -4.73854
v 22.68605 -0.10713 5.01812
v 22.68605 0.64093 4.97602
v 23.68605 0.58687 4.51734
v 23.68605 -0.10576 4.55655
v 22.68605 -0.08434 3.41828
v 23.68605 -0.08297 2.95671
v 23.68605 0.38909 2.92961
v 22.68605 0.44315 3.38829
v 22.68605 0.64093 4.97602
v 22.68605 1.37678 4.83907
v 23.68605 1.26832 4.39203
v 23.68605 0.58687 4.51734
v 22.68605 0.44315 3.38829
v 23.68605 0.38909 2.92961
v 23.68605 0.85374 2.84667
v 22.68605 0.96220 3.29371
v 22.68605 1.37678 4.83907
v 22.68605 2.08638 4.60989
v 23.68605 1.92559 4.18300
v 23.68605 1.26832 4.39203
v 22.68605 0.96220 3.29371
v 23.68605 0.85374 2.84667
v 23.68605 1.30212 2.70947
v 22.68605 1.46291 3.13636
v 22.68605 2.08638 4.60989
v 22.68605 2.75621 4.29283
v 23.68605 2.54616 3.89424
v 23.68605 1.92559 4.18300
v 22.68605 1.46291 3.13636
v 23.68605 1.30212 2.70947
v 23.68605 1.72568 2.52062
v 22.68605 1.93573 2.91922
v 22.68605 2.75621 4.29283
v 22.68605 3.37351 3.89395
v 23.68605 3.11820 3.53125
v 23.68605 2.54616 3.89424
v 22.68605 1.93573 2.91922
v 23.68605 1.72568 2.52062
v 23.68605 2.11634 2.28373
v 22.68605 2.37166 2.64644
v 22.68605 3.37351 3.89395
v 22.68605 3.92651 3.42085
v 23.68605 3.63080 3.10095
v 23.68605 3.11820 3.53125
v 22.68605 2.37166 2.64644
v 23.68605 2.11634 2.28373
v 23.68605 2.46667 2.00331
v 22.68605 2.76238 2.32321
v 22.68605 3.92651 3.42085
v 22.68605 4.40466 2.88254
v 23.68605 4.07419 2.61154
v 23.68605 3.63080 3.10095
v 22.68605 2.76238 2.32321
v 23.68605 2.46667 2.00331
v 23.68605 2.76998 1.68471
v 22.68605 3.10045 1.95570
v 22.68605 4.40466 2.88254
v 22.68604 4.79886 2.28929
v 23.68605 4.43993 2.07236
v 23.68605 4.07419 2.61154
v 22.68605 3.10045 1.95570
v 23.68605 2.76998 1.68471
v 23.68605 3.02049 1.33399
v 22.68605 3.37942 1.55092
v 22.68604 4.79886 2.28929
v 22.68604 5.10159 1.65240
v 23.68605 4.72104 1.49367
v 23.68605 4.43993 2.07236
v 22.68605 3.37942 1.55092
v 23.68605 3.02049 1.33399
v 23.68605 3.21343 0.95784
v 22.68605 3.59398 1.11657
v 22.68604 5.10159 1.65240
v 22.68604 5.30707 0.98402
v 23.68605 4.91216 0.88652
v 23.68605 4.72104 1.49367
v 22.68605 3.59398 1.11657
v 23.68605 3.21343 0.95784
v 23.68605 3.34512 0.56344
v 22.68605 3.74003 0.66094
v 22.68604 5.30707 0.98402
v 22.68604 5.41140 0.29688
v 23.68605 5.00965 0.26246
v 23.68605 4.91216 0.88652
v 22.68605 3.74003 0.66094
v 23.68605 3.34512 0.56344
v 23.68605 3.41305 0.15830
v 22.68605 3.81480 0.19271
v 22.68604 5.41140 0.29688
v 22.68604 5.41258 -0.39592
v 23.68605 5.01166 -0.36659
v 23.68605 5.00965 0.26246
v 22.68605 3.81480 0.19271
v 23.68605 3.41305 0.15830
v 23.68605 3.41592 -0.24986
v 22.68605 3.81685 -0.27919
v 22.68604 5.41258 -0.39592
v 22.68605 5.31060 -1.08118
v 23.68605 4.91813 -0.98866
v 23.68605 5.01166 -0.36659
v 22.68605 3.81685 -0.27919
v 23.68605 3.41592 -0.24986
v 23.68605 3.35368 -0.65326
v 22.68605 3.74614 -0.74577
v 22.68605 5.31060 -1.08118
v 22.68605 5.10738 -1.74582
v 23.68605 4.73086 -1.59189
v 23.68605 4.91813 -0.98866
v 22.68605 3.74614 -0.74577
v 23.68605 3.35368 -0.65326
v 23.68605 3.22752 -1.04420
v 22.68605 3.60404 -1.19814
v 22.68605 5.10738 -1.74582
v 22.68605 4.80682 -2.37719
v 23.68605 4.45342 -2.16477
v 23.68605 4.73086 -1.59189
v 22.68605 3.60404 -1.19814
v 23.68605 3.22752 -1.04420
v 23.68605 3.03984 -1.41525
v 22.68605 3.39323 -1.62766
v 22.68605 4.80682 -2.37719
v 22.68605 4.41463 -2.96324
v 23.68605 4.09109 -2.69639
v 23.68605 4.45342 -2.16477
v 22.68605 3.39323 -1.62766
v 23.68605 3.03984 -1.41525
v 23.68605 2.79421 -1.75931
v 22.68605 3.11775 -2.02617
v 22.68605 4.41463 -2.96324
v 22.68605 3.93830 -3.49281
v 23.68605 3.65078 -3.17661
v 23.68605 4.09109 -2.69639
v 22.68605 3.11775 -2.02617
v 23.68605 2.79421 -1.75931
v 23.68605 2.49533 -2.06984
v 22.68605 2.78285 -2.38604
v 22.68605 3.93830 -3.49281
v 22.68605 3.38690 -3.95581
v 23.68605 3.14089 -3.59628
v 23.68605 3.65078 -3.17661
v 22.68605 2.78285 -2.38604
v 23.68605 2.49533 -2.06984
v 23.68605 2.14888 -2.34091
v 22.68605 2.39490 -2.70044
v 22.68605 3.38690 -3.95581
v 22.68605 2.77094 -4.34340
v 23.68605 2.57112 -3.94740
v 23.68605 3.14089 -3.59628
v 22.68605 2.39490 -2.70044
v 23.68605 2.14888 -2.34091
v 23.68605 1.76148 -2.56737
v 22.68605 1.96129 -2.96337
v 22.68605 2.77094 -4.34340
v 22.68605 2.10216 -4.64820
v 23.68605 1.95235 -4.22328
v 23.68605 2.57112 -3.94740
v 22.68605 1.96129 -2.96337
v 23.68605 1.76148 -2.56737
v 23.68605 1.34050 -2.74489
v 22.68605 1.49031 -3.16981
v 22.68605 2.10216 -4.64820
v 22.68606 1.39332 -4.86440
v 23.68606 1.29636 -4.41866
v 23.68605 1.95235 -4.22328
v 22.68605 1.49031 -3.16981
v 23.68605 1.34050 -2.74489
v 23.68606 0.89397 -2.87008
v 22.68606 0.99092 -3.31583
v 22.68606 1.39332 -4.86440
v 22.68606 0.65792 -4.98788
v 23.68606 0.61567 -4.52981
v 23.68606 1.29636 -4.41866
v 22.68606 0.99092 -3.31583
v 23.68606 0.89397 -2.87008
v 23.68606 0.43040 -2.94057
v 22.68606 0.47265 -3.39864
v 22.68606 0.65792 -4.98788
v 22.68606 -0.09002 -5.01629
v 23.68606 -0.07676 -4.55462
v 23.68606 0.61567 -4.52981
v 22.68606 0.47265 -3.39864
v 23.68606 0.43040 -2.94057
v 23.68606 -0.04138 -2.95501
v 22.68606 -0.05464 -3.41668
v 22.68606 -0.09002 -5.01629
v 22.68606 -0.83625 -4.94908
v 23.68606 -0.76772 -4.49262
v 23.68606 -0.07676 -4.55462
v 22.68606 -0.05464 -3.41668
v 23.68606 -0.04138 -2.95501
v 23.68606 -0.51236 -2.91313
v 22.68606 -0.58088 -3.36959
v 5.42211 -0.08934 5.74197
v 5.42211 -0.06655 4.14214
v 5.42211 0.51642 4.10991
v 5.42210 0.71419 5.69764
v 23.68605 -0.10576 4.55655
v 23.68605 0.58687 4.51734
v 23.68605 0.38909 2.92961
v 23.68605 -0.08297 2.95671
v 5.42210 0.71419 5.69764
v 5.42211 0.51642 4.10991
v 5.42210 1.08955 3.99935
v 5.42210 1.50412 5.54471
v 23.68605 0.58687 4.51734
v 23.68605 1.26832 4.39203
v 23.68605 0.85374 2.84667
v 23.68605 0.38909 2.92961
v 5.42210 1.50412 5.54471
v 5.42210 1.08955 3.99935
v 5.42210 1.64190 3.81256
v 5.42210 2.26537 5.28609
v 23.68605 1.26832 4.39203
v 23.68605 1.92559 4.18300
v 23.68605 1.30212 2.70947
v 23.68605 0.85374 2.84667
v 5.42210 2.26537 5.28609
v 5.42210 1.64190 3.81256
v 5.42210 2.16297 3.55310
v 5.42210 2.98345 4.92671
v 23.68605 1.92559 4.18300
v 23.68605 2.54616 3.89424
v 23.68605 1.72568 2.52062
v 23.68605 1.30212 2.70947
v 5.42210 2.98345 4.92671
v 5.42210 2.16297 3.55310
v 5.42210 2.64280 3.22591
v 5.42210 3.64465 4.47342
v 23.68605 2.54616 3.89424
v 23.68605 3.11820 3.53125
v 23.68605 2.11634 2.28373
v 23.68605 1.72568 2.52062
v 5.42210 3.64465 4.47342
v 5.42210 2.64280 3.22591
v 5.42210 3.07226 2.83723
v 5.42210 4.23639 3.93486
v 23.68605 3.11820 3.53125
v 23.68605 3.63080 3.10095
v 23.68605 2.46667 2.00331
v 23.68605 2.11634 2.28373
v 5.42210 4.23639 3.93486
v 5.42210 3.07226 2.83723
v 5.42210 3.44316 2.39446
v 5.42210 4.74738 3.32130
v 23.68605 3.63080 3.10095
v 23.68605 4.07419 2.61154
v 23.68605 2.76998 1.68471
v 23.68605 2.46667 2.00331
v 5.42210 4.74738 3.32130
v 5.42210 3.44316 2.39446
v 5.42210 3.74843 1.90606
v 5.42210 5.16787 2.64444
v 23.68605 4.07419 2.61154
v 23.68605 4.43993 2.07236
v 23.68605 3.02049 1.33399
v 23.68605 2.76998 1.68471
v 5.42210 5.16787 2.64444
v 5.42210 3.74843 1.90606
v 5.42210 3.98225 1.38133
v 5.42210 5.48986 1.91716
v 23.68605 4.43993 2.07236
v 23.68605 4.72104 1.49367
v 23.68605 3.21343 0.95784
v 23.68605 3.02049 1.33399
v 5.42210 5.48986 1.91716
v 5.42210 3.98225 1.38133
v 5.42210 4.14017 0.83027
v 5.42210 5.70721 1.15335
v 23.68605 4.72104 1.49367
v 23.68605 4.91216 0.88652
v 23.68605 3.34512 0.56344
v 23.68605 3.21343 0.95784
v 5.42210 5.70721 1.15335
v 5.42210 4.14017 0.83027
v 5.42210 4.21916 0.26338
v 5.42210 5.81577 0.36755
v 23.68605 4.91216 0.88652
v 23.68605 5.00965 0.26246
v 23.68605 3.41305 0.15830
v 23.68605 3.34512 0.56344
v 5.42210 5.81577 0.36755
v 5.42210 4.21916 0.26338
v 5.42210 4.21774 -0.30853
v 5.42210 5.81348 -0.42526
v 23.68605 5.00965 0.26246
v 23.68605 5.01166 -0.36659
v 23.68605 3.41592 -0.24986
v 23.68605 3.41305 0.15830
v 5.42210 5.81348 -0.42526
v 5.42210 4.21774 -0.30853
v 5.42210 4.13592 -0.87456
v 5.42210 5.70037 -1.20996
v 23.68605 5.01166 -0.36659
v 23.68605 4.91813 -0.98866
v 23.68605 3.35368 -0.65326
v 23.68605 3.41592 -0.24986
v 5.42210 5.70037 -1.20996
v 5.42210 4.13592 -0.87456
v 5.42210 3.97527 -1.42392
v 5.42210 5.47861 -1.97160
v 23.68605 4.91813 -0.98866
v 23.68605 4.73086 -1.59189
v 23.68605 3.22752 -1.04420
v 23.68605 3.35368 -0.65326
v 5.42210 5.47861 -1.97160
v 5.42210 3.97527 -1.42392
v 5.42210 3.73884 -1.94613
v 5.42210 5.15243 -2.69565
v 23.68605 4.73086 -1.59189
v 23.68605 4.45342 -2.16477
v 23.68605 3.03984 -1.41525
v 23.68605 3.22752 -1.04420
v 5.42210 5.15243 -2.69565
v 5.42210 3.73884 -1.94613
v 5.42210 3.43115 -2.43125
v 5.42210 4.72803 -3.36833
v 23.68605 4.45342 -2.16477
v 23.68605 4.09109 -2.69639
v 23.68605 2.79421 -1.75931
v 23.68605 3.03984 -1.41525
v 5.42210 4.72803 -3.36833
v 5.42210 3.43115 -2.43125
v 5.42210 3.05806 -2.87003
v 5.42210 4.21351 -3.97680
v 23.68605 4.09109 -2.69639
v 23.68605 3.65078 -3.17661
v 23.68605 2.49533 -2.06984
v 23.68605 2.79421 -1.75931
v 5.42210 4.21351 -3.97680
v 5.42210 3.05806 -2.87003
v 5.42211 2.62667 -3.25410
v 5.42210 3.61867 -4.50947
v 23.68605 3.65078 -3.17661
v 23.68605 3.14089 -3.59628
v 23.68605 2.14888 -2.34091
v 23.68605 2.49533 -2.06984
v 5.42210 3.61867 -4.50947
v 5.42211 2.62667 -3.25410
v 5.42211 2.14522 -3.57615
v 5.42211 2.95486 -4.95618
v 23.68605 3.14089 -3.59628
v 23.68605 2.57112 -3.94740
v 23.68605 1.76148 -2.56737
v 23.68605 2.14888 -2.34091
v 5.42211 2.95486 -4.95618
v 5.42211 2.14522 -3.57615
v 5.42211 1.62288 -3.83003
v 5.42211 2.23473 -5.30842
v 23.68605 2.57112 -3.94740
v 23.68605 1.95235 -4.22328
v 23.68605 1.34050 -2.74489
v 23.68605 1.76148 -2.56737
v 5.42211 2.23473 -5.30842
v 5.42211 1.62288 -3.83003
v 5.42211 1.06961 -4.01090
v 5.42211 1.47200 -5.55948
v 23.68605 1.95235 -4.22328
v 23.68606 1.29636 -4.41866
v 23.68606 0.89397 -2.87008
v 23.68605 1.34050 -2.74489
v 5.42211 1.47200 -5.55948
v 5.42211 1.06961 -4.01090
v 5.42211 0.49594 -4.11533
v 5.42211 0.68122 -5.70456
v 23.68606 1.29636 -4.41866
v 23.68606 0.61567 -4.52981
v 23.68606 0.43040 -2.94057
v 23.68606 0.89397 -2.87008
v 5.42211 0.68122 -5.70456
v 5.42211 0.49594 -4.11533
v 5.42211 -0.08717 -4.14131
v 5.42211 -0.12255 -5.74092
v 23.68606 0.61567 -4.52981
v 23.68606 -0.07676 -4.55462
v 23.68606 -0.04138 -2.95501
v 23.68606 0.43040 -2.94057
v 5.42211 -0.12255 -5.74092
v 5.42211 -0.08717 -4.14131
v 5.42211 -0.66862 -4.08835
v 5.42211 -0.92399 -5.66784
v 23.68606 -0.07676 -4.55462
v 23.68606 -0.76772 -4.49262
v 23.68606 -0.51236 -2.91313
v 23.68606 -0.04138 -2.95501
v 5.42211 -0.08934 5.74197
v 6.42211 -0.10269 6.59997
v 6.42211 -0.07990 5.00013
v 5.42211 -0.06655 4.14214
v 5.42211 -0.66862 -4.08835
v 6.42211 -0.80669 -4.93527
v 6.42211 -1.06206 -6.51476
v 5.42211 -0.92399 -5.66784
v 6.42211 -0.10269 6.59997
v 13.27560 -0.11707 6.40325
v 13.27560 -0.09428 4.80341
v 6.42211 -0.07990 5.00013
v 6.42211 -0.80669 -4.93527
v 13.27561 -0.79229 -4.73854
v 13.27561 -1.04765 -6.31803
v 6.42211 -1.06206 -6.51476
v 13.27560 -0.11707 6.40325
v 22.68605 -0.10713 5.01812
v 22.68605 -0.08434 3.41828
v 13.27560 -0.09428 4.80341
v 13.27561 -0.79229 -4.73854
v 22.68606 -0.58088 -3.36959
v 22.68606 -0.83625 -4.94908
v 13.27561 -1.04765 -6.31803
v 22.68605 -0.10713 5.01812
v 23.68605 -0.10576 4.55655
v 23.68605 -0.08297 2.95671
v 22.68605 -0.08434 3.41828
v 22.68606 -0.58088 -3.36959
v 23.68606 -0.51236 -2.91313
v 23.68606 -0.76772 -4.49262
v 22.68606 -0.83625 -4.94908
v 8.42212 -2.12375 -5.19432
v 8.42212 -2.91291 -4.79881
v 9.02212 -3.11638 -5.07875
v 9.02212 -2.27054 -5.49827
v 8.42212 -1.74617 -4.26834
v 9.02212 -1.89296 -4.57229
v 9.02212 -2.59859 -4.22324
v 8.42212 -2.39512 -3.94330
v 8.42212 -2.91291 -4.79881
v 8.42212 -3.63034 -4.28514
v 9.02212 -3.88548 -4.53417
v 9.02212 -3.11638 -5.07875
v 8.42212 -2.39512 -3.94330
v 9.02212 -2.59859 -4.22324
v 9.02212 -3.24024 -3.77019
v 8.42212 -2.98510 -3.52116
v 8.42212 -3.63034 -4.28514
v 8.42212 -4.25838 -3.66596
v 9.02212 -4.55891 -3.87794
v 9.02212 -3.88548 -4.53417
v 8.42212 -2.98510 -3.52116
v 9.02212 -3.24024 -3.77019
v 9.02212 -3.80210 -3.22431
v 8.42212 -3.50157 -3.01232
v 8.42212 -4.25838 -3.66596
v 8.42212 -4.78157 -2.95650
v 9.02212 -5.12008 -3.12623
v 9.02212 -4.55891 -3.87794
v 8.42212 -3.50157 -3.01232
v 9.02212 -3.80210 -3.22431
v 9.02212 -4.27033 -2.59903
v 8.42212 -3.93183 -2.42931
v 8.42212 -4.78157 -2.95650
v 8.42212 -5.18702 -2.17425
v 9.02212 -5.55518 -2.29753
v 9.02212 -5.12008 -3.12623
v 8.42212 -3.93183 -2.42931
v 9.02212 -4.27033 -2.59903
v 9.02212 -4.63342 -1.90976
v 8.42212 -4.26526 -1.78647
v 8.42212 -5.18702 -2.17425
v 8.42212 -5.46474 -1.33846
v 9.02212 -5.85349 -1.41227
v 9.02212 -5.55518 -2.29753
v 8.42212 -4.26526 -1.78647
v 9.02212 -4.63342 -1.90976
v 9.02212 -4.88242 -1.17346
v 8.42212 -4.49367 -1.09965
v 8.42212 -5.46474 -1.33846
v 8.42212 -5.60791 -0.46971
v 9.02212 -6.00766 -0.49223
v 9.02212 -5.85349 -1.41227
v 8.42212 -4.49367 -1.09965
v 9.02212 -4.88242 -1.17346
v 9.02212 -5.01119 -0.40827
v 8.42212 -4.61144 -0.38575
v 8.42212 -5.60791 -0.46971
v 8.42212 -5.61299 0.41060
v 9.02212 -6.01391 0.43993
v 9.02212 -6.00766 -0.49223
v 8.42212 -4.61144 -0.38575
v 9.02212 -5.01119 -0.40827
v 9.02212 -5.01658 0.36698
v 8.42212 -4.61565 0.33765
v 8.42212 -5.61299 0.41060
v 8.42212 -5.47985 1.28081
v 9.02212 -5.87208 1.36126
v 9.02212 -6.01391 0.43993
v 8.42212 -4.61565 0.33765
v 9.02212 -5.01658 0.36698
v 9.02212 -4.89844 1.13318
v 8.42212 -4.50621 1.05273
v 8.42212 -5.47985 1.28081
v 8.42212 -5.21179 2.11947
v 9.02212 -5.58565 2.24907
v 9.02212 -5.87208 1.36126
v 8.42212 -4.50621 1.05273
v 9.02212 -4.89844 1.13318
v 9.02212 -4.65968 1.87149
v 8.42212 -4.28581 1.74189
v 8.42212 -5.21179 2.11947
v 8.42212 -4.81539 2.90595
v 9.02212 -5.16169 3.08150
v 9.02212 -5.58565 2.24907
v 8.42212 -4.28581 1.74189
v 9.02212 -4.65968 1.87149
v 9.02212 -4.30618 2.56372
v 8.42212 -3.95988 2.38817
v 8.42212 -4.81539 2.90595
v 8.42212 -4.30043 3.62087
v 9.02212 -4.61063 3.83805
v 9.02212 -5.16169 3.08150
v 8.42212 -3.95988 2.38817
v 9.02212 -4.30618 2.56372
v 9.02211 -3.84665 3.19281
v 8.42212 -3.53645 2.97563
v 8.42212 -4.30043 3.62087
v 8.42211 -3.67957 4.24664
v 9.02211 -3.94604 4.50010
v 9.02212 -4.61063 3.83805
v 8.42212 -3.53645 2.97563
v 9.02211 -3.84665 3.19281
v 9.02211 -3.29241 3.74329
v 8.42211 -3.02593 3.48983
v 8.42211 -3.67957 4.24664
v 8.42211 -2.96810 4.76784
v 9.02211 -3.18429 5.05134
v 9.02211 -3.94604 4.50010
v 8.42211 -3.02593 3.48983
v 9.02211 -3.29241 3.74329
v 9.02211 -2.65709 4.20160
v 8.42211 -2.44091 3.91809
v 8.42211 -2.96810 4.76784
v 8.42211 -2.18356 5.17164
v 9.02211 -2.34412 5.47820
v 9.02211 -3.18429 5.05134
v 8.42211 -2.44091 3.91809
v 9.02211 -2.65709 4.20160
v 9.02211 -1.95635 4.55645
v 8.42211 -1.79578 4.24989
v 8.42211 -2.18356 5.17164
v 8.42211 -1.34524 5.44810
v 9.02211 -1.44624 5.77017
v 9.02211 -2.34412 5.47820
v 8.42211 -1.79578 4.24989
v 9.02211 -1.95635 4.55645
v 9.02211 -1.20743 4.79910
v 8.42211 -1.10643 4.47703
v 9.02212 -2.27054 -5.49827
v 9.02212 -3.11638 -5.07875
v 20.68606 -2.58837 -4.11498
v 20.68606 -1.88293 -4.45668
v 9.02212 -1.89296 -4.57229
v 20.68606 -1.50535 -3.53070
v 20.68606 -2.07059 -3.25947
v 9.02212 -2.59859 -4.22324
v 9.02212 -3.11638 -5.07875
v 9.02212 -3.88548 -4.53417
v 20.68606 -3.23008 -3.67196
v 20.68606 -2.58837 -4.11498
v 9.02212 -2.59859 -4.22324
v 20.68606 -2.07059 -3.25947
v 20.68606 -2.58484 -2.90798
v 9.02212 -3.24024 -3.77019
v 9.02212 -3.88548 -4.53417
v 9.02212 -4.55891 -3.87794
v 20.68607 -3.79225 -3.13852
v 20.68606 -3.23008 -3.67196
v 9.02212 -3.24024 -3.77019
v 20.68606 -2.58484 -2.90798
v 20.68606 -3.03544 -2.48489
v 9.02212 -3.80210 -3.22431
v 9.02212 -4.55891 -3.87794
v 9.02212 -5.12008 -3.12623
v 20.68607 -4.26104 -2.52780
v 20.68607 -3.79225 -3.13852
v 9.02212 -3.80210 -3.22431
v 20.68606 -3.03544 -2.48489
v 20.68606 -3.41130 -2.00060
v 9.02212 -4.27033 -2.59903
v 9.02212 -5.12008 -3.12623
v 9.02212 -5.55518 -2.29753
v 20.68607 -4.62491 -1.85484
v 20.68607 -4.26104 -2.52780
v 9.02212 -4.27033 -2.59903
v 20.68606 -3.41130 -2.00060
v 20.68606 -3.70316 -1.46706
v 9.02212 -4.63342 -1.90976
v 9.02212 -5.55518 -2.29753
v 9.02212 -5.85349 -1.41227
v 20.68607 -4.87490 -1.13620
v 20.68607 -4.62491 -1.85484
v 9.02212 -4.63342 -1.90976
v 20.68606 -3.70316 -1.46706
v 20.68606 -3.90384 -0.89739
v 9.02212 -4.88242 -1.17346
v 9.02212 -5.85349 -1.41227
v 9.02212 -6.00766 -0.49223
v 20.68607 -5.00485 -0.38959
v 20.68607 -4.87490 -1.13620
v 9.02212 -4.88242 -1.17346
v 20.68606 -3.90384 -0.89739
v 20.68606 -4.00838 -0.30563
v 9.02212 -5.01119 -0.40827
v 9.02212 -6.00766 -0.49223
v 9.02212 -6.01391 0.43993
v 20.68607 -5.01157 0.36662
v 20.68607 -5.00485 -0.38959
v 9.02212 -5.01119 -0.40827
v 20.68606 -4.00838 -0.30563
v 20.68606 -4.01423 0.29366
v 9.02212 -5.01658 0.36698
v 9.02212 -6.01391 0.43993
v 9.02212 -5.87208 1.36126
v 20.68607 -4.89488 1.11380
v 20.68607 -5.01157 0.36662
v 9.02212 -5.01658 0.36698
v 20.68606 -4.01423 0.29366
v 20.68606 -3.92124 0.88572
v 9.02212 -4.89844 1.13318
v 9.02212 -5.87208 1.36126
v 9.02212 -5.58565 2.24907
v 20.68606 -4.65766 1.83355
v 20.68607 -4.89488 1.11380
v 9.02212 -4.89844 1.13318
v 20.68606 -3.92124 0.88572
v 20.68606 -3.73168 1.45597
v 9.02212 -4.65968 1.87149
v 9.02212 -5.58565 2.24907
v 9.02212 -5.16169 3.08150
v 20.68606 -4.30575 2.50816
v 20.68606 -4.65766 1.83355
v 9.02212 -4.65968 1.87149
v 20.68606 -3.73168 1.45597
v 20.68606 -3.45024 1.99037
v 9.02212 -4.30618 2.56372
v 9.02212 -5.16169 3.08150
v 9.02212 -4.61063 3.83805
v 20.68606 -3.84783 3.12100
v 20.68606 -4.30575 2.50816
v 9.02212 -4.30618 2.56372
v 20.68606 -3.45024 1.99037
v 20.68606 -3.08385 2.47576
v 9.02211 -3.84665 3.19281
v 9.02212 -4.61063 3.83805
v 9.02211 -3.94604 4.50010
v 20.68606 -3.29515 3.65700
v 20.68606 -3.84783 3.12100
v 9.02211 -3.84665 3.19281
v 20.68606 -3.08385 2.47576
v 20.68606 -2.64152 2.90019
v 9.02211 -3.29241 3.74329
v 9.02211 -3.94604 4.50010
v 9.02211 -3.18429 5.05134
v 20.68606 -2.66134 4.10295
v 20.68606 -3.29515 3.65700
v 9.02211 -3.29241 3.74329
v 20.68606 -2.64152 2.90019
v 20.68606 -2.13414 3.25321
v 9.02211 -2.65709 4.20160
v 9.02211 -3.18429 5.05134
v 9.02211 -2.34412 5.47820
v 20.68606 -1.96199 4.44788
v 20.68606 -2.66134 4.10295
v 9.02211 -2.65709 4.20160
v 20.68606 -2.13414 3.25321
v 20.68606 -1.57421 3.52612
v 9.02211 -1.95635 4.55645
v 9.02211 -2.34412 5.47820
v 9.02211 -1.44624 5.77017
v 20.68606 -1.21433 4.68328
v 20.68606 -1.96199 4.44788
v 9.02211 -1.95635 4.55645
v 20.68606 -1.57421 3.52612
v 20.68606 -0.97552 3.71221
v 9.02211 -1.20743 4.79910
v 20.68606 -1.88293 -4.45668
v 20.68606 -2.58837 -4.11498
v 21.08606 -2.42382 -3.95013
v 21.08606 -1.76595 -4.27643
v 20.68606 -1.50535 -3.53070
v 21.08606 -1.38837 -3.35045
v 21.08606 -1.90604 -3.09462
v 20.68606 -2.07059 -3.25947
v 20.68606 -2.58837 -4.11498
v 20.68606 -3.23008 -3.67196
v 21.08606 -3.02201 -3.52657
v 21.08606 -2.42382 -3.95013
v 20.68606 -2.07059 -3.25947
v 21.08606 -1.90604 -3.09462
v 21.08606 -2.37677 -2.76259
v 20.68606 -2.58484 -2.90798
v 20.68606 -3.23008 -3.67196
v 20.68607 -3.79225 -3.13852
v 21.08607 -3.54579 -3.01617
v 21.08606 -3.02201 -3.52657
v 20.68606 -2.58484 -2.90798
v 21.08606 -2.37677 -2.76259
v 21.08606 -2.78898 -2.36253
v 20.68606 -3.03544 -2.48489
v 20.68607 -3.79225 -3.13852
v 20.68607 -4.26104 -2.52780
v 21.08607 -3.98225 -2.43150
v 21.08607 -3.54579 -3.01617
v 20.68606 -3.03544 -2.48489
v 21.08606 -2.78898 -2.36253
v 21.08606 -3.13251 -1.90431
v 20.68606 -3.41130 -2.00060
v 20.68607 -4.26104 -2.52780
v 20.68607 -4.62491 -1.85484
v 21.08607 -4.32066 -1.78696
v 21.08607 -3.98225 -2.43150
v 20.68606 -3.41130 -2.00060
v 21.08606 -3.13251 -1.90431
v 21.08606 -3.39891 -1.39919
v 20.68606 -3.70316 -1.46706
v 20.68607 -4.62491 -1.85484
v 20.68607 -4.87490 -1.13620
v 21.08607 -4.55268 -1.09842
v 21.08607 -4.32066 -1.78696
v 20.68606 -3.70316 -1.46706
v 21.08606 -3.39891 -1.39919
v 21.08606 -3.58162 -0.85962
v 20.68606 -3.90384 -0.89739
v 20.68607 -4.87490 -1.13620
v 20.68607 -5.00485 -0.38959
v 21.08607 -4.67260 -0.38284
v 21.08607 -4.55268 -1.09842
v 20.68606 -3.90384 -0.89739
v 21.08606 -3.58162 -0.85962
v 21.08606 -3.67613 -0.29888
v 20.68606 -4.00838 -0.30563
v 20.68607 -5.00485 -0.38959
v 20.68607 -5.01157 0.36662
v 21.08607 -4.67746 0.34218
v 21.08607 -4.67260 -0.38284
v 20.68606 -4.00838 -0.30563
v 21.08606 -3.67613 -0.29888
v 21.08606 -3.68012 0.26922
v 20.68606 -4.01423 0.29366
v 20.68607 -5.01157 0.36662
v 20.68607 -4.89488 1.11380
v 21.08607 -4.56714 1.05877
v 21.08607 -4.67746 0.34218
v 20.68606 -4.01423 0.29366
v 21.08606 -3.68012 0.26922
v 21.08606 -3.59350 0.83069
v 20.68606 -3.92124 0.88572
v 20.68607 -4.89488 1.11380
v 20.68606 -4.65766 1.83355
v 21.08606 -4.34437 1.74928
v 21.08607 -4.56714 1.05877
v 20.68606 -3.92124 0.88572
v 21.08606 -3.59350 0.83069
v 21.08606 -3.41839 1.37171
v 20.68606 -3.73168 1.45597
v 20.68606 -4.65766 1.83355
v 20.68606 -4.30575 2.50816
v 21.08606 -4.01462 2.39673
v 21.08606 -4.34437 1.74928
v 20.68606 -3.73168 1.45597
v 21.08606 -3.41839 1.37171
v 21.08606 -3.15911 1.87895
v 20.68606 -3.45024 1.99037
v 20.68606 -4.30575 2.50816
v 20.68606 -3.84783 3.12100
v 21.08606 -3.58602 2.98516
v 21.08606 -4.01462 2.39673
v 20.68606 -3.45024 1.99037
v 21.08606 -3.15911 1.87895
v 21.08606 -2.82204 2.33992
v 20.68606 -3.08385 2.47576
v 20.68606 -3.84783 3.12100
v 20.68606 -3.29515 3.65700
v 21.08606 -3.06911 3.50009
v 21.08606 -3.58602 2.98516
v 20.68606 -3.08385 2.47576
v 21.08606 -2.82204 2.33992
v 21.08606 -2.41548 2.74328
v 20.68606 -2.64152 2.90019
v 20.68606 -3.29515 3.65700
v 20.68606 -2.66134 4.10295
v 21.08606 -2.47664 3.92883
v 21.08606 -3.06911 3.50009
v 20.68606 -2.64152 2.90019
v 21.08606 -2.41548 2.74328
v 21.08606 -1.94944 3.07909
v 20.68606 -2.13414 3.25321
v 20.68606 -2.66134 4.10295
v 20.68606 -1.96199 4.44788
v 21.08606 -1.82318 4.26083
v 21.08606 -2.47664 3.92883
v 20.68606 -2.13414 3.25321
v 21.08606 -1.94944 3.07909
v 21.08606 -1.43540 3.33908
v 20.68606 -1.57421 3.52612
v 20.68606 -1.96199 4.44788
v 20.68606 -1.21433 4.68328
v 21.08606 -1.12482 4.48792
v 21.08606 -1.82318 4.26083
v 20.68606 -1.57421 3.52612
v 21.08606 -1.43540 3.33908
v 21.08606 -0.88602 3.51685
v 20.68606 -0.97552 3.71221
v 8.42212 -2.12375 -5.19432
v 8.42212 -1.74617 -4.26834
v 8.42212 -2.39512 -3.94330
v 8.42212 -2.91291 -4.79881
v 21.08606 -1.76595 -4.27643
v 21.08606 -2.42382 -3.95013
v 21.08606 -1.90604 -3.09462
v 21.08606 -1.38837 -3.35045
v 8.42212 -2.91291 -4.79881
v 8.42212 -2.39512 -3.94330
v 8.42212 -2.98510 -3.52116
v 8.42212 -3.63034 -4.28514
v 21.08606 -2.42382 -3.95013
v 21.08606 -3.02201 -3.52657
v 21.08606 -2.37677 -2.76259
v 21.08606 -1.90604 -3.09462
v 8.42212 -3.63034 -4.28514
v 8.42212 -2.98510 -3.52116
v 8.42212 -3.50157 -3.01232
v 8.42212 -4.25838 -3.66596
v 21.08606 -3.02201 -3.52657
v 21.08607 -3.54579 -3.01617
v 21.08606 -2.78898 -2.36253
v 21.08606 -2.37677 -2.76259
v 8.42212 -4.25838 -3.66596
v 8.42212 -3.50157 -3.01232
v 8.42212 -3.93183 -2.42931
v 8.42212 -4.78157 -2.95650
v 21.08607 -3.54579 -3.01617
v 21.08607 -3.98225 -2.43150
v 21.08606 -3.13251 -1.90431
v 21.08606 -2.78898 -2.36253
v 8.42212 -4.78157 -2.95650
v 8.42212 -3.93183 -2.42931
v 8.42212 -4.26526 -1.78647
v 8.42212 -5.18702 -2.17425
v 21.08607 -3.98225 -2.43150
v 21.08607 -4.32066 -1.78696
v 21.08606 -3.39891 -1.39919
v 21.08606 -3.13251 -1.90431
v 8.42212 -5.18702 -2.17425
v 8.42212 -4.26526 -1.78647
v 8.42212 -4.49367 -1.09965
v 8.42212 -5.46474 -1.33846
v 21.08607 -4.32066 -1.78696
v 21.08607 -4.55268 -1.09842
v 21.08606 -3.58162 -0.85962
v 21.08606 -3.39891 -1.39919
v 8.42212 -5.46474 -1.33846
v 8.42212 -4.49367 -1.09965
v 8.42212 -4.61144 -0.38575
v 8.42212 -5.60791 -0.46971
v 21.08607 -4.55268 -1.09842
v 21.08607 -4.67260 -0.38284
v 21.08606 -3.67613 -0.29888
v 21.08606 -3.58162 -0.85962
v 8.42212 -5.60791 -0.46971
v 8.42212 -4.61144 -0.38575
v 8.42212 -4.61565 0.33765
v 8.42212 -5.61299 0.41060
v 21.08607 -4.67260 -0.38284
v 21.08607 -4.67746 0.34218
v 21.08606 -3.68012 0.26922
v 21.08606 -3.67613 -0.29888
v 8.42212 -5.61299 0.41060
v 8.42212 -4.61565 0.33765
v 8.42212 -4.50621 1.05273
v 8.42212 -5.47985 1.28081
v 21.08607 -4.67746 0.34218
v 21.08607 -4.56714 1.05877
v 21.08606 -3.59350 0.83069
v 21.08606 -3.68012 0.26922
v 8.42212 -5.47985 1.28081
v 8.42212 -4.50621 1.05273
v 8.42212 -4.28581 1.74189
v 8.42212 -5.21179 2.11947
v 21.08607 -4.56714 1.05877
v 21.08606 -4.34437 1.74928
v 21.08606 -3.41839 1.37171
v 21.08606 -3.59350 0.83069
v 8.42212 -5.21179 2.11947
v 8.42212 -4.28581 1.74189
v 8.42212 -3.95988 2.38817
v 8.42212 -4.81539 2.90595
v 21.08606 -4.34437 1.74928
v 21.08606 -4.01462 2.39673
v 21.08606 -3.15911 1.87895
v 21.08606 -3.41839 1.37171
v 8.42212 -4.81539 2.90595
v 8.42212 -3.95988 2.38817
v 8.42212 -3.53645 2.97563
v 8.42212 -4.30043 3.62087
v 21.08606 -4.01462 2.39673
v 21.08606 -3.58602 2.98516
v 21.08606 -2.82204 2.33992
v 21.08606 -3.15911 1.87895
v 8.42212 -4.30043 3.62087
v 8.42212 -3.53645 2.97563
v 8.42211 -3.02593 3.48983
v 8.42211 -3.67957 4.24664
v 21.08606 -3.58602 2.98516
v 21.08606 -3.06911 3.50009
v 21.08606 -2.41548 2.74328
v 21.08606 -2.82204 2.33992
v 8.42211 -3.67957 4.24664
v 8.42211 -3.02593 3.48983
v 8.42211 -2.44091 3.91809
v 8.42211 -2.96810 4.76784
v 21.08606 -3.06911 3.50009
v 21.08606 -2.47664 3.92883
v 21.08606 -1.94944 3.07909
v 21.08606 -2.41548 2.74328
v 8.42211 -2.96810 4.76784
v 8.42211 -2.44091 3.91809
v 8.42211 -1.79578 4.24989
v 8.42211 -2.18356 5.17164
v 21.08606 -2.47664 3.92883
v 21.08606 -1.82318 4.26083
v 21.08606 -1.43540 3.33908
v 21.08606 -1.94944 3.07909
v 8.42211 -2.18356 5.17164
v 8.42211 -1.79578 4.24989
v 8.42211 -1.10643 4.47703
v 8.42211 -1.34524 5.44810
v 21.08606 -1.82318 4.26083
v 21.08606 -1.12482 4.48792
v 21.08606 -0.88602 3.51685
v 21.08606 -1.43540 3.33908
v 8.42212 -2.12375 -5.19432
v 9.02212 -2.27054 -5.49827
v 9.02212 -1.89296 -4.57229
v 8.42212 -1.74617 -4.26834
v 8.42211 -1.10643 4.47703
v 9.02211 -1.20743 4.79910
v 9.02211 -1.44624 5.77017
v 8.42211 -1.34524 5.44810
v 9.02212 -2.27054 -5.49827
v 20.68606 -1.88293 -4.45668
v 20.68606 -1.50535 -3.53070
v 9.02212 -1.89296 -4.57229
v 9.02211 -1.20743 4.79910
v 20.68606 -0.97552 3.71221
v 20.68606 -1.21433 4.68328
v 9.02211 -1.44624 5.77017
v 20.68606 -1.88293 -4.45668
v 21.08606 -1.76595 -4.27643
v 21.08606 -1.38837 -3.35045
v 20.68606 -1.50535 -3.53070
v 20.68606 -0.97552 3.71221
v 21.08606 -0.88602 3.51685
v 21.08606 -1.12482 4.48792
v 20.68606 -1.21433 4.68328
v 8.42212 -6.88160 0.50340
v 8.42212 -6.65258 1.81681
v 8.72212 -6.84537 1.87004
v 8.72212 -7.08106 0.51800
v 8.42212 -6.08373 0.44504
v 8.72212 -6.28319 0.45963
v 8.72212 -6.07422 1.65714
v 8.42212 -5.88143 1.60391
v 8.42212 -6.65258 1.81681
v 8.42212 -6.16791 3.06040
v 8.72212 -6.34661 3.15021
v 8.72212 -6.84537 1.87004
v 8.42212 -5.88143 1.60391
v 8.72212 -6.07422 1.65714
v 8.72212 -5.63181 2.79096
v 8.42212 -5.45311 2.70115
v 8.42212 -6.16791 3.06040
v 8.42212 -5.44621 4.18638
v 8.72212 -5.60396 4.30933
v 8.72212 -6.34661 3.15021
v 8.42212 -5.45311 2.70115
v 8.72212 -5.63181 2.79096
v 8.72212 -4.97298 3.81753
v 8.42212 -4.81524 3.69458
v 8.42212 -5.44621 4.18638
v 8.42212 -4.51522 5.15147
v 8.72212 -4.64594 5.30284
v 8.72212 -5.60396 4.30933
v 8.42212 -4.81524 3.69458
v 8.72212 -4.97298 3.81753
v 8.72212 -4.12304 4.69739
v 8.42212 -3.99231 4.54603
v 8.42212 -4.51522 5.15147
v 8.42211 -3.41071 5.91861
v 8.72211 -3.50939 6.09256
v 8.72212 -4.64594 5.30284
v 8.42212 -3.99231 4.54603
v 8.72212 -4.12304 4.69739
v 8.72211 -3.11465 5.39673
v 8.42211 -3.01596 5.22278
v 8.42211 -3.41071 5.91861
v 8.42211 -2.17512 6.45829
v 8.72211 -2.23797 6.64815
v 8.72211 -3.50939 6.09256
v 8.42211 -3.01596 5.22278
v 8.72211 -3.11465 5.39673
v 8.72211 -1.98656 5.88868
v 8.42211 -1.92371 5.69882
v 8.42211 -2.17512 6.45829
v 8.42211 -0.85595 6.74978
v 8.72211 -0.88055 6.94826
v 8.72211 -2.23797 6.64815
v 8.42211 -1.92371 5.69882
v 8.72211 -1.98656 5.88868
v 8.72211 -0.78214 6.15434
v 8.42211 -0.75753 5.95586
v 8.42211 -0.85595 6.74978
v 8.42210 0.49612 6.78188
v 8.72211 0.51071 6.98135
v 8.72211 -0.88055 6.94826
v 8.42211 -0.75753 5.95586
v 8.72211 -0.78214 6.15434
v 8.72211 0.45235 6.18348
v 8.42211 0.43776 5.98401
v 8.42210 0.49612 6.78188
v 8.42210 1.82913 6.55336
v 8.72210 1.88235 6.74615
v 8.72211 0.51071 6.98135
v 8.42211 0.43776 5.98401
v 8.72211 0.45235 6.18348
v 8.72210 1.66945 5.97500
v 8.42210 1.61623 5.78221
v 8.42210 1.82913 6.55336
v 8.42210 3.09184 6.07300
v 8.72210 3.18165 6.25170
v 8.72210 1.88235 6.74615
v 8.42210 1.61623 5.78221
v 8.72210 1.66945 5.97500
v 8.72210 2.82240 5.53690
v 8.42210 2.73258 5.35820
v 8.42210 3.09184 6.07300
v 8.42210 4.23573 5.35926
v 8.72210 4.35868 5.51700
v 8.72210 3.18165 6.25170
v 8.42210 2.73258 5.35820
v 8.72210 2.82240 5.53690
v 8.72210 3.86688 4.88602
v 8.42210 3.74393 4.72828
v 8.42210 4.23573 5.35926
v 8.42210 5.21685 4.43956
v 8.72210 5.36821 4.57029
v 8.72210 4.35868 5.51700
v 8.42210 3.74393 4.72828
v 8.72210 3.86688 4.88602
v 8.72210 4.76276 4.04738
v 8.42210 4.61140 3.91665
v 8.42210 5.21685 4.43956
v 8.42210 5.99749 3.34925
v 8.72210 6.17145 3.44794
v 8.72210 5.36821 4.57029
v 8.42210 4.61140 3.91665
v 8.72210 4.76276 4.04738
v 8.72210 5.47562 3.05320
v 8.42210 5.30166 2.95451
v 8.42210 5.99749 3.34925
v 8.42210 6.54765 2.13024
v 8.72209 6.73752 2.19309
v 8.72210 6.17145 3.44794
v 8.42210 5.30166 2.95451
v 8.72210 5.47562 3.05320
v 8.72210 5.97805 1.94168
v 8.42210 5.78818 1.87883
v 8.42210 6.54765 2.13024
v 8.42210 6.84619 0.82936
v 8.72210 7.04467 0.85396
v 8.72209 6.73752 2.19309
v 8.42210 5.78818 1.87883
v 8.72210 5.97805 1.94168
v 8.72210 6.25074 0.75555
v 8.42210 6.05226 0.73094
v 8.42210 6.84619 0.82936
v 8.42210 6.88163 -0.50340
v 8.72210 7.08110 -0.51799
v 8.72210 7.04467 0.85396
v 8.42210 6.05226 0.73094
v 8.72210 6.25074 0.75555
v 8.72210 6.28323 -0.45962
v 8.42210 6.08376 -0.44503
v 8.42210 6.88163 -0.50340
v 8.42210 6.65262 -1.81680
v 8.72210 6.84540 -1.87003
v 8.72210 7.08110 -0.51799
v 8.42210 6.08376 -0.44503
v 8.72210 6.28323 -0.45962
v 8.72210 6.07425 -1.65713
v 8.42210 5.88146 -1.60390
v 8.42210 6.65262 -1.81680
v 8.42210 6.16795 -3.06039
v 8.72210 6.34665 -3.15020
v 8.72210 6.84540 -1.87003
v 8.42210 5.88146 -1.60390
v 8.72210 6.07425 -1.65713
v 8.72210 5.63185 -2.79095
v 8.42210 5.45315 -2.70114
v 8.42210 6.16795 -3.06039
v 8.42210 5.44625 -4.18637
v 8.72210 5.60399 -4.30932
v 8.72210 6.34665 -3.15020
v 8.42210 5.45315 -2.70114
v 8.72210 5.63185 -2.79095
v 8.72210 4.97301 -3.81752
v 8.42210 4.81527 -3.69457
v 8.42210 5.44625 -4.18637
v 8.42210 4.51525 -5.15147
v 8.72210 4.64598 -5.30283
v 8.72210 5.60399 -4.30932
v 8.42210 4.81527 -3.69457
v 8.72210 4.97301 -3.81752
v 8.72210 4.12307 -4.69738
v 8.42210 3.99234 -4.54602
v 8.42210 4.51525 -5.15147
v 8.42211 3.41074 -5.91860
v 8.72211 3.50943 -6.09255
v 8.72210 4.64598 -5.30283
v 8.42210 3.99234 -4.54602
v 8.72210 4.12307 -4.69738
v 8.72211 3.11468 -5.39672
v 8.42211 3.01600 -5.22277
v 8.42211 3.41074 -5.91860
v 8.42211 2.17515 -6.45828
v 8.72211 2.23801 -6.64814
v 8.72211 3.50943 -6.09255
v 8.42211 3.01600 -5.22277
v 8.72211 3.11468 -5.39672
v 8.72211 1.98660 -5.88868
v 8.42211 1.92375 -5.69881
v 8.42211 2.17515 -6.45828
v 8.42211 0.85598 -6.74977
v 8.72211 0.88058 -6.94825
v 8.72211 2.23801 -6.64814
v 8.42211 1.92375 -5.69881
v 8.72211 1.98660 -5.88868
v 8.72211 0.78217 -6.15433
v 8.42211 0.75757 -5.95585
v 8.42211 0.85598 -6.74977
v 8.42211 -0.49609 -6.78187
v 8.72211 -0.51068 -6.98134
v 8.72211 0.88058 -6.94825
v 8.42211 0.75757 -5.95585
v 8.72211 0.78217 -6.15433
v 8.72211 -0.45231 -6.18347
v 8.42211 -0.43772 -5.98401
v 8.42211 -0.49609 -6.78187
v 8.42212 -1.82909 -6.55335
v 8.72212 -1.88232 -6.74614
v 8.72211 -0.51068 -6.98134
v 8.42211 -0.43772 -5.98401
v 8.72211 -0.45231 -6.18347
v 8.72212 -1.66942 -5.97499
v 8.42212 -1.61619 -5.78220
v 8.42212 -1.82909 -6.55335
v 8.42212 -3.09180 -6.07299
v 8.72212 -3.18162 -6.25169
v 8.72212 -1.88232 -6.74614
v 8.42212 -1.61619 -5.78220
v 8.72212 -1.66942 -5.97499
v 8.72212 -2.82236 -5.53689
v 8.42212 -2.73255 -5.35819
v 8.42212 -3.09180 -6.07299
v 8.42212 -4.23570 -5.35925
v 8.72212 -4.35865 -5.51699
v 8.72212 -3.18162 -6.25169
v 8.42212 -2.73255 -5.35819
v 8.72212 -2.82236 -5.53689
v 8.72212 -3.86685 -4.88601
v 8.42212 -3.74390 -4.72827
v 8.42212 -4.23570 -5.35925
v 8.42212 -5.21682 -4.43955
v 8.72212 -5.36818 -4.57028
v 8.72212 -4.35865 -5.51699
v 8.42212 -3.74390 -4.72827
v 8.72212 -3.86685 -4.88601
v 8.72212 -4.76273 -4.04737
v 8.42212 -4.61137 -3.91664
v 8.42212 -5.21682 -4.43955
v 8.42212 -5.99746 -3.34924
v 8.72212 -6.17141 -3.44793
v 8.72212 -5.36818 -4.57028
v 8.42212 -4.61137 -3.91664
v 8.72212 -4.76273 -4.04737
v 8.72212 -5.47558 -3.05319
v 8.42212 -5.30163 -2.95450
v 8.42212 -5.99746 -3.34924
v 8.42212 -6.54761 -2.13023
v 8.72212 -6.73748 -2.19308
v 8.72212 -6.17141 -3.44793
v 8.42212 -5.30163 -2.95450
v 8.72212 -5.47558 -3.05319
v 8.72212 -5.97801 -1.94167
v 8.42212 -5.78815 -1.87882
v 8.42212 -6.54761 -2.13023
v 8.42212 -6.84615 -0.82935
v 8.72212 -7.04463 -0.85395
v 8.72212 -6.73748 -2.19308
v 8.42212 -5.78815 -1.87882
v 8.72212 -5.97801 -1.94167
v 8.72212 -6.25071 -0.75554
v 8.42212 -6.05223 -0.73093
v 8.42212 -6.84615 -0.82935
v 8.42212 -6.88160 0.50341
v 8.72212 -7.08106 0.51800
v 8.72212 -7.04463 -0.85395
v 8.42212 -6.05223 -0.73093
v 8.72212 -6.25071 -0.75554
v 8.72212 -6.28319 0.45963
v 8.42212 -6.08373 0.44504
v 8.72212 -7.08106 0.51800
v 8.72212 -6.84537 1.87004
v 9.92212 -6.84537 1.87004
v 9.92212 -7.08106 0.51800
v 8.72212 -6.28319 0.45963
v 9.92212 -6.28319 0.45963
v 9.92212 -6.07422 1.65714
v 8.72212 -6.07422 1.65714
v 8.72212 -6.84537 1.87004
v 8.72212 -6.34661 3.15021
v 9.92212 -6.34661 3.15021
v 9.92212 -6.84537 1.87004
v 8.72212 -6.07422 1.65714
v 9.92212 -6.07422 1.65714
v 9.92212 -5.63181 2.79096
v 8.72212 -5.63181 2.79096
v 8.72212 -6.34661 3.15021
v 8.72212 -5.60396 4.30933
v 9.92212 -5.60395 4.30933
v 9.92212 -6.34661 3.15021
v 8.72212 -5.63181 2.79096
v 9.92212 -5.63181 2.79096
v 9.92212 -4.97298 3.81753
v 8.72212 -4.97298 3.81753
v 8.72212 -5.60396 4.30933
v 8.72212 -4.64594 5.30284
v 9.92212 -4.64594 5.30284
v 9.92212 -5.60395 4.30933
v 8.72212 -4.97298 3.81753
v 9.92212 -4.97298 3.81753
v 9.92212 -4.12303 4.69739
v 8.72212 -4.12304 4.69739
v 8.72212 -4.64594 5.30284
v 8.72211 -3.50939 6.09256
v 9.92211 -3.50939 6.09256
v 9.92212 -4.64594 5.30284
v 8.72212 -4.12304 4.69739
v 9.92212 -4.12303 4.69739
v 9.92211 -3.11465 5.39673
v 8.72211 -3.11465 5.39673
v 8.72211 -3.50939 6.09256
v 8.72211 -2.23797 6.64815
v 9.92211 -2.23797 6.64815
v 9.92211 -3.50939 6.09256
v 8.72211 -3.11465 5.39673
v 9.92211 -3.11465 5.39673
v 9.92211 -1.98656 5.88869
v 8.72211 -1.98656 5.88868
v 8.72211 -2.23797 6.64815
v 8.72211 -0.88055 6.94826
v 9.92211 -0.88055 6.94826
v 9.92211 -2.23797 6.64815
v 8.72211 -1.98656 5.88868
v 9.92211 -1.98656 5.88869
v 9.92211 -0.78213 6.15434
v 8.72211 -0.78214 6.15434
v 8.72211 -0.88055 6.94826
v 8.72211 0.51071 6.98135
v 9.92210 0.51072 6.98135
v 9.92211 -0.88055 6.94826
v 8.72211 -0.78214 6.15434
v 9.92211 -0.78213 6.15434
v 9.92211 0.45235 6.18348
v 8.72211 0.45235 6.18348
v 8.72211 0.51071 6.98135
v 8.72210 1.88235 6.74615
v 9.92210 1.88235 6.74615
v 9.92210 0.51072 6.98135
v 8.72211 0.45235 6.18348
v 9.92211 0.45235 6.18348
v 9.92210 1.66945 5.97500
v 8.72210 1.66945 5.97500
v 8.72210 1.88235 6.74615
v 8.72210 3.18165 6.25170
v 9.92210 3.18165 6.25170
v 9.92210 1.88235 6.74615
v 8.72210 1.66945 5.97500
v 9.92210 1.66945 5.97500
v 9.92210 2.82240 5.53690
v 8.72210 2.82240 5.53690
v 8.72210 3.18165 6.25170
v 8.72210 4.35868 5.51700
v 9.92210 4.35869 5.51700
v 9.92210 3.18165 6.25170
v 8.72210 2.82240 5.53690
v 9.92210 2.82240 5.53690
v 9.92210 3.86688 4.88602
v 8.72210 3.86688 4.88602
v 8.72210 4.35868 5.51700
v 8.72210 5.36821 4.57029
v 9.92210 5.36822 4.57029
v 9.92210 4.35869 5.51700
v 8.72210 3.86688 4.88602
v 9.92210 3.86688 4.88602
v 9.92210 4.76277 4.04738
v 8.72210 4.76276 4.04738
v 8.72210 5.36821 4.57029
v 8.72210 6.17145 3.44794
v 9.92210 6.17145 3.44794
v 9.92210 5.36822 4.57029
v 8.72210 4.76276 4.04738
v 9.92210 4.76277 4.04738
v 9.92210 5.47562 3.05320
v 8.72210 5.47562 3.05320
v 8.72210 6.17145 3.44794
v 8.72209 6.73752 2.19309
v 9.92210 6.73752 2.19309
v 9.92210 6.17145 3.44794
v 8.72210 5.47562 3.05320
v 9.92210 5.47562 3.05320
v 9.92210 5.97805 1.94168
v 8.72210 5.97805 1.94168
v 8.72209 6.73752 2.19309
v 8.72210 7.04467 0.85396
v 9.92210 7.04467 0.85396
v 9.92210 6.73752 2.19309
v 8.72210 5.97805 1.94168
v 9.92210 5.97805 1.94168
v 9.92210 6.25075 0.75555
v 8.72210 6.25074 0.75555
v 8.72210 7.04467 0.85396
v 8.72210 7.08110 -0.51799
v 9.92210 7.08110 -0.51799
v 9.92210 7.04467 0.85396
v 8.72210 6.25074 0.75555
v 9.92210 6.25075 0.75555
v 9.92210 6.28323 -0.45962
v 8.72210 6.28323 -0.45962
v 8.72210 7.08110 -0.51799
v 8.72210 6.84540 -1.87003
v 9.92210 6.84541 -1.87003
v 9.92210 7.08110 -0.51799
v 8.72210 6.28323 -0.45962
v 9.92210 6.28323 -0.45962
v 9.92210 6.07426 -1.65713
v 8.72210 6.07425 -1.65713
v 8.72210 6.84540 -1.87003
v 8.72210 6.34665 -3.15020
v 9.92210 6.34665 -3.15020
v 9.92210 6.84541 -1.87003
v 8.72210 6.07425 -1.65713
v 9.92210 6.07426 -1.65713
v 9.92210 5.63185 -2.79095
v 8.72210 5.63185 -2.79095
v 8.72210 6.34665 -3.15020
v 8.72210 5.60399 -4.30932
v 9.92210 5.60399 -4.30932
v 9.92210 6.34665 -3.15020
v 8.72210 5.63185 -2.79095
v 9.92210 5.63185 -2.79095
v 9.92210 4.97302 -3.81752
v 8.72210 4.97301 -3.81752
v 8.72210 5.60399 -4.30932
v 8.72210 4.64598 -5.30283
v 9.92210 4.64598 -5.30283
v 9.92210 5.60399 -4.30932
v 8.72210 4.97301 -3.81752
v 9.92210 4.97302 -3.81752
v 9.92210 4.12307 -4.69738
v 8.72210 4.12307 -4.69738
v 8.72210 4.64598 -5.30283
v 8.72211 3.50943 -6.09255
v 9.92211 3.50943 -6.09255
v 9.92210 4.64598 -5.30283
v 8.72210 4.12307 -4.69738
v 9.92210 4.12307 -4.69738
v 9.92211 3.11469 -5.39672
v 8.72211 3.11468 -5.39672
v 8.72211 3.50943 -6.09255
v 8.72211 2.23801 -6.64814
v 9.92211 2.23801 -6.64814
v 9.92211 3.50943 -6.09255
v 8.72211 3.11468 -5.39672
v 9.92211 3.11469 -5.39672
v 9.92211 1.98660 -5.88867
v 8.72211 1.98660 -5.88868
v 8.72211 2.23801 -6.64814
v 8.72211 0.88058 -6.94825
v 9.92211 0.88059 -6.94825
v 9.92211 2.23801 -6.64814
v 8.72211 1.98660 -5.88868
v 9.92211 1.98660 -5.88867
v 9.92211 0.78217 -6.15433
v 8.72211 0.78217 -6.15433
v 8.72211 0.88058 -6.94825
v 8.72211 -0.51068 -6.98134
v 9.92211 -0.51068 -6.98134
v 9.92211 0.88059 -6.94825
v 8.72211 0.78217 -6.15433
v 9.92211 0.78217 -6.15433
v 9.92211 -0.45231 -6.18347
v 8.72211 -0.45231 -6.18347
v 8.72211 -0.51068 -6.98134
v 8.72212 -1.88232 -6.74614
v 9.92212 -1.88231 -6.74614
v 9.92211 -0.51068 -6.98134
v 8.72211 -0.45231 -6.18347
v 9.92211 -0.45231 -6.18347
v 9.92212 -1.66941 -5.97499
v 8.72212 -1.66942 -5.97499
v 8.72212 -1.88232 -6.74614
v 8.72212 -3.18162 -6.25169
v 9.92212 -3.18161 -6.25169
v 9.92212 -1.88231 -6.74614
v 8.72212 -1.66942 -5.97499
v 9.92212 -1.66941 -5.97499
v 9.92212 -2.82236 -5.53689
v 8.72212 -2.82236 -5.53689
v 8.72212 -3.18162 -6.25169
v 8.72212 -4.35865 -5.51699
v 9.92212 -4.35864 -5.51699
v 9.92212 -3.18161 -6.25169
v 8.72212 -2.82236 -5.53689
v 9.92212 -2.82236 -5.53689
v 9.92212 -3.86684 -4.88601
v 8.72212 -3.86685 -4.88601
v 8.72212 -4.35865 -5.51699
v 8.72212 -5.36818 -4.57028
v 9.92212 -5.36818 -4.57028
v 9.92212 -4.35864 -5.51699
v 8.72212 -3.86685 -4.88601
v 9.92212 -3.86684 -4.88601
v 9.92212 -4.76273 -4.04737
v 8.72212 -4.76273 -4.04737
v 8.72212 -5.36818 -4.57028
v 8.72212 -6.17141 -3.44793
v 9.92212 -6.17141 -3.44793
v 9.92212 -5.36818 -4.57028
v 8.72212 -4.76273 -4.04737
v 9.92212 -4.76273 -4.04737
v 9.92212 -5.47558 -3.05318
v 8.72212 -5.47558 -3.05319
v 8.72212 -6.17141 -3.44793
v 8.72212 -6.73748 -2.19308
v 9.92212 -6.73748 -2.19308
v 9.92212 -6.17141 -3.44793
v 8.72212 -5.47558 -3.05319
v 9.92212 -5.47558 -3.05318
v 9.92212 -5.97801 -1.94167
v 8.72212 -5.97801 -1.94167
v 8.72212 -6.73748 -2.19308
v 8.72212 -7.04463 -0.85395
v 9.92212 -7.04463 -0.85395
v 9.92212 -6.73748 -2.19308
v 8.72212 -5.97801 -1.94167
v 9.92212 -5.97801 -1.94167
v 9.92212 -6.25071 -0.75554
v 8.72212 -6.25071 -0.75554
v 8.72212 -7.04463 -0.85395
v 8.72212 -7.08106 0.51800
v 9.92212 -7.08106 0.51800
v 9.92212 -7.04463 -0.85395
v 8.72212 -6.25071 -0.75554
v 9.92212 -6.25071 -0.75554
v 9.92212 -6.28319 0.45963
v 8.72212 -6.28319 0.45963
v 9.92212 -7.08106 0.51800
v 9.92212 -6.84537 1.87004
v 10.22212 -6.65258 1.81681
v 10.22212 -6.88159 0.50341
v 9.92212 -6.28319 0.45963
v 10.22212 -6.08372 0.44504
v 10.22212 -5.88143 1.60391
v 9.92212 -6.07422 1.65714
v 9.92212 -6.84537 1.87004
v 9.92212 -6.34661 3.15021
v 10.22212 -6.16791 3.06040
v 10.22212 -6.65258 1.81681
v 9.92212 -6.07422 1.65714
v 10.22212 -5.88143 1.60391
v 10.22212 -5.45311 2.70115
v 9.92212 -5.63181 2.79096
v 9.92212 -6.34661 3.15021
v 9.92212 -5.60395 4.30933
v 10.22212 -5.44621 4.18638
v 10.22212 -6.16791 3.06040
v 9.92212 -5.63181 2.79096
v 10.22212 -5.45311 2.70115
v 10.22212 -4.81523 3.69458
v 9.92212 -4.97298 3.81753
v 9.92212 -5.60395 4.30933
v 9.92212 -4.64594 5.30284
v 10.22212 -4.51521 5.15148
v 10.22212 -5.44621 4.18638
v 9.92212 -4.97298 3.81753
v 10.22212 -4.81523 3.69458
v 10.22212 -3.99231 4.54603
v 9.92212 -4.12303 4.69739
v 9.92212 -4.64594 5.30284
v 9.92211 -3.50939 6.09256
v 10.22211 -3.41070 5.91861
v 10.22212 -4.51521 5.15148
v 9.92212 -4.12303 4.69739
v 10.22212 -3.99231 4.54603
v 10.22211 -3.01596 5.22278
v 9.92211 -3.11465 5.39673
v 9.92211 -3.50939 6.09256
v 9.92211 -2.23797 6.64815
v 10.22211 -2.17512 6.45829
v 10.22211 -3.41070 5.91861
v 9.92211 -3.11465 5.39673
v 10.22211 -3.01596 5.22278
v 10.22211 -1.92371 5.69882
v 9.92211 -1.98656 5.88869
v 9.92211 -2.23797 6.64815
v 9.92211 -0.88055 6.94826
v 10.22211 -0.85594 6.74978
v 10.22211 -2.17512 6.45829
v 9.92211 -1.98656 5.88869
v 10.22211 -1.92371 5.69882
v 10.22211 -0.75753 5.95586
v 9.92211 -0.78213 6.15434
v 9.92211 -0.88055 6.94826
v 9.92210 0.51072 6.98135
v 10.22211 0.49613 6.78188
v 10.22211 -0.85594 6.74978
v 9.92211 -0.78213 6.15434
v 10.22211 -0.75753 5.95586
v 10.22211 0.43776 5.98402
v 9.92211 0.45235 6.18348
v 9.92210 0.51072 6.98135
v 9.92210 1.88235 6.74615
v 10.22210 1.82913 6.55336
v 10.22211 0.49613 6.78188
v 9.92211 0.45235 6.18348
v 10.22211 0.43776 5.98402
v 10.22210 1.61623 5.78221
v 9.92210 1.66945 5.97500
v 9.92210 1.88235 6.74615
v 9.92210 3.18165 6.25170
v 10.22210 3.09184 6.07300
v 10.22210 1.82913 6.55336
v 9.92210 1.66945 5.97500
v 10.22210 1.61623 5.78221
v 10.22210 2.73259 5.35820
v 9.92210 2.82240 5.53690
v 9.92210 3.18165 6.25170
v 9.92210 4.35869 5.51700
v 10.22210 4.23574 5.35926
v 10.22210 3.09184 6.07300
v 9.92210 2.82240 5.53690
v 10.22210 2.73259 5.35820
v 10.22210 3.74393 4.72828
v 9.92210 3.86688 4.88602
v 9.92210 4.35869 5.51700
v 9.92210 5.36822 4.57029
v 10.22210 5.21685 4.43956
v 10.22210 4.23574 5.35926
v 9.92210 3.86688 4.88602
v 10.22210 3.74393 4.72828
v 10.22210 4.61141 3.91665
v 9.92210 4.76277 4.04738
v 9.92210 5.36822 4.57029
v 9.92210 6.17145 3.44794
v 10.22210 5.99749 3.34925
v 10.22210 5.21685 4.43956
v 9.92210 4.76277 4.04738
v 10.22210 4.61141 3.91665
v 10.22210 5.30166 2.95451
v 9.92210 5.47562 3.05320
v 9.92210 6.17145 3.44794
v 9.92210 6.73752 2.19309
v 10.22210 6.54765 2.13024
v 10.22210 5.99749 3.34925
v 9.92210 5.47562 3.05320
v 10.22210 5.30166 2.95451
v 10.22210 5.78818 1.87883
v 9.92210 5.97805 1.94168
v 9.92210 6.73752 2.19309
v 9.92210 7.04467 0.85396
v 10.22210 6.84619 0.82936
v 10.22210 6.54765 2.13024
v 9.92210 5.97805 1.94168
v 10.22210 5.78818 1.87883
v 10.22210 6.05227 0.73094
v 9.92210 6.25075 0.75555
v 9.92210 7.04467 0.85396
v 9.92210 7.08110 -0.51799
v 10.22210 6.88163 -0.50340
v 10.22210 6.84619 0.82936
v 9.92210 6.25075 0.75555
v 10.22210 6.05227 0.73094
v 10.22210 6.08376 -0.44503
v 9.92210 6.28323 -0.45962
v 9.92210 7.08110 -0.51799
v 9.92210 6.84541 -1.87003
v 10.22210 6.65262 -1.81680
v 10.22210 6.88163 -0.50340
v 9.92210 6.28323 -0.45962
v 10.22210 6.08376 -0.44503
v 10.22210 5.88147 -1.60390
v 9.92210 6.07426 -1.65713
v 9.92210 6.84541 -1.87003
v 9.92210 6.34665 -3.15020
v 10.22210 6.16795 -3.06039
v 10.22210 6.65262 -1.81680
v 9.92210 6.07426 -1.65713
v 10.22210 5.88147 -1.60390
v 10.22210 5.45315 -2.70114
v 9.92210 5.63185 -2.79095
v 9.92210 6.34665 -3.15020
v 9.92210 5.60399 -4.30932
v 10.22210 5.44625 -4.18637
v 10.22210 6.16795 -3.06039
v 9.92210 5.63185 -2.79095
v 10.22210 5.45315 -2.70114
v 10.22210 4.81527 -3.69457
v 9.92210 4.97302 -3.81752
v 9.92210 5.60399 -4.30932
v 9.92210 4.64598 -5.30283
v 10.22210 4.51526 -5.15146
v 10.22210 5.44625 -4.18637
v 9.92210 4.97302 -3.81752
v 10.22210 4.81527 -3.69457
v 10.22210 3.99235 -4.54602
v 9.92210 4.12307 -4.69738
v 9.92210 4.64598 -5.30283
v 9.92211 3.50943 -6.09255
v 10.22211 3.41074 -5.91859
v 10.22210 4.51526 -5.15146
v 9.92210 4.12307 -4.69738
v 10.22210 3.99235 -4.54602
v 10.22211 3.01600 -5.22277
v 9.92211 3.11469 -5.39672
v 9.92211 3.50943 -6.09255
v 9.92211 2.23801 -6.64814
v 10.22211 2.17516 -6.45828
v 10.22211 3.41074 -5.91859
v 9.92211 3.11469 -5.39672
v 10.22211 3.01600 -5.22277
v 10.22211 1.92375 -5.69881
v 9.92211 1.98660 -5.88867
v 9.92211 2.23801 -6.64814
v 9.92211 0.88059 -6.94825
v 10.22211 0.85598 -6.74977
v 10.22211 2.17516 -6.45828
v 9.92211 1.98660 -5.88867
v 10.22211 1.92375 -5.69881
v 10.22211 0.75757 -5.95585
v 9.92211 0.78217 -6.15433
v 9.92211 0.88059 -6.94825
v 9.92211 -0.51068 -6.98134
v 10.22211 -0.49608 -6.78187
v 10.22211 0.85598 -6.74977
v 9.92211 0.78217 -6.15433
v 10.22211 0.75757 -5.95585
v 10.22211 -0.43772 -5.98400
v 9.92211 -0.45231 -6.18347
v 9.92211 -0.51068 -6.98134
v 9.92212 -1.88231 -6.74614
v 10.22212 -1.82909 -6.55335
v 10.22211 -0.49608 -6.78187
v 9.92211 -0.45231 -6.18347
v 10.22211 -0.43772 -5.98400
v 10.22212 -1.61619 -5.78220
v 9.92212 -1.66941 -5.97499
v 9.92212 -1.88231 -6.74614
v 9.92212 -3.18161 -6.25169
v 10.22212 -3.09180 -6.07299
v 10.22212 -1.82909 -6.55335
v 9.92212 -1.66941 -5.97499
v 10.22212 -1.61619 -5.78220
v 10.22212 -2.73255 -5.35819
v 9.92212 -2.82236 -5.53689
v 9.92212 -3.18161 -6.25169
v 9.92212 -4.35864 -5.51699
v 10.22212 -4.23569 -5.35925
v 10.22212 -3.09180 -6.07299
v 9.92212 -2.82236 -5.53689
v 10.22212 -2.73255 -5.35819
v 10.22212 -3.74389 -4.72827
v 9.92212 -3.86684 -4.88601
v 9.92212 -4.35864 -5.51699
v 9.92212 -5.36818 -4.57028
v 10.22212 -5.21681 -4.43955
v 10.22212 -4.23569 -5.35925
v 9.92212 -3.86684 -4.88601
v 10.22212 -3.74389 -4.72827
v 10.22212 -4.61136 -3.91664
v 9.92212 -4.76273 -4.04737
v 9.92212 -5.36818 -4.57028
v 9.92212 -6.17141 -3.44793
v 10.22212 -5.99745 -3.34924
v 10.22212 -5.21681 -4.43955
v 9.92212 -4.76273 -4.04737
v 10.22212 -4.61136 -3.91664
v 10.22212 -5.30162 -2.95450
v 9.92212 -5.47558 -3.05318
v 9.92212 -6.17141 -3.44793
v 9.92212 -6.73748 -2.19308
v 10.22212 -6.54761 -2.13023
v 10.22212 -5.99745 -3.34924
v 9.92212 -5.47558 -3.05318
v 10.22212 -5.30162 -2.95450
v 10.22212 -5.78814 -1.87882
v 9.92212 -5.97801 -1.94167
v 9.92212 -6.73748 -2.19308
v 9.92212 -7.04463 -0.85395
v 10.22212 -6.84615 -0.82935
v 10.22212 -6.54761 -2.13023
v 9.92212 -5.97801 -1.94167
v 10.22212 -5.78814 -1.87882
v 10.22212 -6.05223 -0.73093
v 9.92212 -6.25071 -0.75554
v 9.92212 -7.04463 -0.85395
v 9.92212 -7.08106 0.51800
v 10.22212 -6.88159 0.50341
v 10.22212 -6.84615 -0.82935
v 9.92212 -6.25071 -0.75554
v 10.22212 -6.05223 -0.73093
v 10.22212 -6.08372 0.44504
v 9.92212 -6.28319 0.45963
v 8.42212 -6.88160 0.50340
v 8.42212 -6.08373 0.44504
v 8.42212 -5.88143 1.60391
v 8.42212 -6.65258 1.81681
v 10.22212 -6.88159 0.50341
v 10.22212 -6.65258 1.81681
v 10.22212 -5.88143 1.60391
v 10.22212 -6.08372 0.44504
v 8.42212 -6.65258 1.81681
v 8.42212 -5.88143 1.60391
v 8.42212 -5.45311 2.70115
v 8.42212 -6.16791 3.06040
v 10.22212 -6.65258 1.81681
v 10.22212 -6.16791 3.06040
v 10.22212 -5.45311 2.70115
v 10.22212 -5.88143 1.60391
v 8.42212 -6.16791 3.06040
v 8.42212 -5.45311 2.70115
v 8.42212 -4.81524 3.69458
v 8.42212 -5.44621 4.18638
v 10.22212 -6.16791 3.06040
v 10.22212 -5.44621 4.18638
v 10.22212 -4.81523 3.69458
v 10.22212 -5.45311 2.70115
v 8.42212 -5.44621 4.18638
v 8.42212 -4.81524 3.69458
v 8.42212 -3.99231 4.54603
v 8.42212 -4.51522 5.15147
v 10.22212 -5.44621 4.18638
v 10.22212 -4.51521 5.15148
v 10.22212 -3.99231 4.54603
v 10.22212 -4.81523 3.69458
v 8.42212 -4.51522 5.15147
v 8.42212 -3.99231 4.54603
v 8.42211 -3.01596 5.22278
v 8.42211 -3.41071 5.91861
v 10.22212 -4.51521 5.15148
v 10.22211 -3.41070 5.91861
v 10.22211 -3.01596 5.22278
v 10.22212 -3.99231 4.54603
v 8.42211 -3.41071 5.91861
v 8.42211 -3.01596 5.22278
v 8.42211 -1.92371 5.69882
v 8.42211 -2.17512 6.45829
v 10.22211 -3.41070 5.91861
v 10.22211 -2.17512 6.45829
v 10.22211 -1.92371 5.69882
v 10.22211 -3.01596 5.22278
v 8.42211 -2.17512 6.45829
v 8.42211 -1.92371 5.69882
v 8.42211 -0.75753 5.95586
v 8.42211 -0.85595 6.74978
v 10.22211 -2.17512 6.45829
v 10.22211 -0.85594 6.74978
v 10.22211 -0.75753 5.95586
v 10.22211 -1.92371 5.69882
v 8.42211 -0.85595 6.74978
v 8.42211 -0.75753 5.95586
v 8.42211 0.43776 5.98401
v 8.42210 0.49612 6.78188
v 10.22211 -0.85594 6.74978
v 10.22211 0.49613 6.78188
v 10.22211 0.43776 5.98402
v 10.22211 -0.75753 5.95586
v 8.42210 0.49612 6.78188
v 8.42211 0.43776 5.98401
v 8.42210 1.61623 5.78221
v 8.42210 1.82913 6.55336
v 10.22211 0.49613 6.78188
v 10.22210 1.82913 6.55336
v 10.22210 1.61623 5.78221
v 10.22211 0.43776 5.98402
v 8.42210 1.82913 6.55336
v 8.42210 1.61623 5.78221
v 8.42210 2.73258 5.35820
v 8.42210 3.09184 6.07300
v 10.22210 1.82913 6.55336
v 10.22210 3.09184 6.07300
v 10.22210 2.73259 5.35820
v 10.22210 1.61623 5.78221
v 8.42210 3.09184 6.07300
v 8.42210 2.73258 5.35820
v 8.42210 3.74393 4.72828
v 8.42210 4.23573 5.35926
v 10.22210 3.09184 6.07300
v 10.22210 4.23574 5.35926
v 10.22210 3.74393 4.72828
v 10.22210 2.73259 5.35820
v 8.42210 4.23573 5.35926
v 8.42210 3.74393 4.72828
v 8.42210 4.61140 3.91665
v 8.42210 5.21685 4.43956
v 10.22210 4.23574 5.35926
v 10.22210 5.21685 4.43956
v 10.22210 4.61141 3.91665
v 10.22210 3.74393 4.72828
v 8.42210 5.21685 4.43956
v 8.42210 4.61140 3.91665
v 8.42210 5.30166 2.95451
v 8.42210 5.99749 3.34925
v 10.22210 5.21685 4.43956
v 10.22210 5.99749 3.34925
v 10.22210 5.30166 2.95451
v 10.22210 4.61141 3.91665
v 8.42210 5.99749 3.34925
v 8.42210 5.30166 2.95451
v 8.42210 5.78818 1.87883
v 8.42210 6.54765 2.13024
v 10.22210 5.99749 3.34925
v 10.22210 6.54765 2.13024
v 10.22210 5.78818 1.87883
v 10.22210 5.30166 2.95451
v 8.42210 6.54765 2.13024
v 8.42210 5.78818 1.87883
v 8.42210 6.05226 0.73094
v 8.42210 6.84619 0.82936
v 10.22210 6.54765 2.13024
v 10.22210 6.84619 0.82936
v 10.22210 6.05227 0.73094
v 10.22210 5.78818 1.87883
v 8.42210 6.84619 0.82936
v 8.42210 6.05226 0.73094
v 8.42210 6.08376 -0.44503
v 8.42210 6.88163 -0.50340
v 10.22210 6.84619 0.82936
v 10.22210 6.88163 -0.50340
v 10.22210 6.08376 -0.44503
v 10.22210 6.05227 0.73094
v 8.42210 6.88163 -0.50340
v 8.42210 6.08376 -0.44503
v 8.42210 5.88146 -1.60390
v 8.42210 6.65262 -1.81680
v 10.22210 6.88163 -0.50340
v 10.22210 6.65262 -1.81680
v 10.22210 5.88147 -1.60390
v 10.22210 6.08376 -0.44503
v 8.42210 6.65262 -1.81680
v 8.42210 5.88146 -1.60390
v 8.42210 5.45315 -2.70114
v 8.42210 6.16795 -3.06039
v 10.22210 6.65262 -1.81680
v 10.22210 6.16795 -3.06039
v 10.22210 5.45315 -2.70114
v 10.22210 5.88147 -1.60390
v 8.42210 6.16795 -3.06039
v 8.42210 5.45315 -2.70114
v 8.42210 4.81527 -3.69457
v 8.42210 5.44625 -4.18637
v 10.22210 6.16795 -3.06039
v 10.22210 5.44625 -4.18637
v 10.22210 4.81527 -3.69457
v 10.22210 5.45315 -2.70114
v 8.42210 5.44625 -4.18637
v 8.42210 4.81527 -3.69457
v 8.42210 3.99234 -4.54602
v 8.42210 4.51525 -5.15147
v 10.22210 5.44625 -4.18637
v 10.22210 4.51526 -5.15146
v 10.22210 3.99235 -4.54602
v 10.22210 4.81527 -3.69457
v 8.42210 4.51525 -5.15147
v 8.42210 3.99234 -4.54602
v 8.42211 3.01600 -5.22277
v 8.42211 3.41074 -5.91860
v 10.22210 4.51526 -5.15146
v 10.22211 3.41074 -5.91859
v 10.22211 3.01600 -5.22277
v 10.22210 3.99235 -4.54602
v 8.42211 3.41074 -5.91860
v 8.42211 3.01600 -5.22277
v 8.42211 1.92375 -5.69881
v 8.42211 2.17515 -6.45828
v 10.22211 3.41074 -5.91859
v 10.22211 2.17516 -6.45828
v 10.22211 1.92375 -5.69881
v 10.22211 3.01600 -5.22277
v 8.42211 2.17515 -6.45828
v 8.42211 1.92375 -5.69881
v 8.42211 0.75757 -5.95585
v 8.42211 0.85598 -6.74977
v 10.22211 2.17516 -6.45828
v 10.22211 0.85598 -6.74977
v 10.22211 0.75757 -5.95585
v 10.22211 1.92375 -5.69881
v 8.42211 0.85598 -6.74977
v 8.42211 0.75757 -5.95585
v 8.42211 -0.43772 -5.98401
v 8.42211 -0.49609 -6.78187
v 10.22211 0.85598 -6.74977
v 10.22211 -0.49608 -6.78187
v 10.22211 -0.43772 -5.98400
v 10.22211 0.75757 -5.95585
v 8.42211 -0.49609 -6.78187
v 8.42211 -0.43772 -5.98401
v 8.42212 -1.61619 -5.78220
v 8.42212 -1.82909 -6.55335
v 10.22211 -0.49608 -6.78187
v 10.22212 -1.82909 -6.55335
v 10.22212 -1.61619 -5.78220
v 10.22211 -0.43772 -5.98400
v 8.42212 -1.82909 -6.55335
v 8.42212 -1.61619 -5.78220
v 8.42212 -2.73255 -5.35819
v 8.42212 -3.09180 -6.07299
v 10.22212 -1.82909 -6.55335
v 10.22212 -3.09180 -6.07299
v 10.22212 -2.73255 -5.35819
v 10.22212 -1.61619 -5.78220
v 8.42212 -3.09180 -6.07299
v 8.42212 -2.73255 -5.35819
v 8.42212 -3.74390 -4.72827
v 8.42212 -4.23570 -5.35925
v 10.22212 -3.09180 -6.07299
v 10.22212 -4.23569 -5.35925
v 10.22212 -3.74389 -4.72827
v 10.22212 -2.73255 -5.35819
v 8.42212 -4.23570 -5.35925
v 8.42212 -3.74390 -4.72827
v 8.42212 -4.61137 -3.91664
v 8.42212 -5.21682 -4.43955
v 10.22212 -4.23569 -5.35925
v 10.22212 -5.21681 -4.43955
v 10.22212 -4.61136 -3.91664
v 10.22212 -3.74389 -4.72827
v 8.42212 -5.21682 -4.43955
v 8.42212 -4.61137 -3.91664
v 8.42212 -5.30163 -2.95450
v 8.42212 -5.99746 -3.34924
v 10.22212 -5.21681 -4.43955
v 10.22212 -5.99745 -3.34924
v 10.22212 -5.30162 -2.95450
v 10.22212 -4.61136 -3.91664
v 8.42212 -5.99746 -3.34924
v 8.42212 -5.30163 -2.95450
v 8.42212 -5.78815 -1.87882
v 8.42212 -6.54761 -2.13023
v 10.22212 -5.99745 -3.34924
v 10.22212 -6.54761 -2.13023
v 10.22212 -5.78814 -1.87882
v 10.22212 -5.30162 -2.95450
v 8.42212 -6.54761 -2.13023
v 8.42212 -5.78815 -1.87882
v 8.42212 -6.05223 -0.73093
v 8.42212 -6.84615 -0.82935
v 10.22212 -6.54761 -2.13023
v 10.22212 -6.84615 -0.82935
v 10.22212 -6.05223 -0.73093
v 10.22212 -5.78814 -1.87882
v 8.42212 -6.84615 -0.82935
v 8.42212 -6.05223 -0.73093
v 8.42212 -6.08373 0.44504
v 8.42212 -6.88160 0.50341
v 10.22212 -6.84615 -0.82935
v 10.22212 -6.88159 0.50341
v 10.22212 -6.08372 0.44504
v 10.22212 -6.05223 -0.73093
v 8.42212 -6.88160 0.50340
v 8.72212 -7.08106 0.51800
v 8.72212 -6.28319 0.45963
v 8.42212 -6.08373 0.44504
v 8.42212 -6.08373 0.44504
v 8.72212 -6.28319 0.45963
v 8.72212 -7.08106 0.51800
v 8.42212 -6.88160 0.50341
v 8.72212 -7.08106 0.51800
v 9.92212 -7.08106 0.51800
v 9.92212 -6.28319 0.45963
v 8.72212 -6.28319 0.45963
v 8.72212 -6.28319 0.45963
v 9.92212 -6.28319 0.45963
v 9.92212 -7.08106 0.51800
v 8.72212 -7.08106 0.51800
v 9.92212 -7.08106 0.51800
v 10.22212 -6.88159 0.50341
v 10.22212 -6.08372 0.44504
v 9.92212 -6.28319 0.45963
v 9.92212 -6.28319 0.45963
v 10.22212 -6.08372 0.44504
v 10.22212 -6.88159 0.50341
v 9.92212 -7.08106 0.51800
v 20.68607 -6.88157 0.50341
v 20.68607 -6.65256 1.81682
v 20.98607 -6.84534 1.87004
v 20.98607 -7.08104 0.51800
v 20.68607 -6.08370 0.44505
v 20.98607 -6.28317 0.45964
v 20.98607 -6.07419 1.65714
v 20.68607 -5.88141 1.60392
v 20.68607 -6.65256 1.81682
v 20.68607 -6.16789 3.06041
v 20.98607 -6.34659 3.15022
v 20.98607 -6.84534 1.87004
v 20.68607 -5.88141 1.60392
v 20.98607 -6.07419 1.65714
v 20.98607 -5.63179 2.79097
v 20.68607 -5.45309 2.70115
v 20.68607 -6.16789 3.06041
v 20.68607 -5.44619 4.18638
v 20.98606 -5.60393 4.30933
v 20.98607 -6.34659 3.15022
v 20.68607 -5.45309 2.70115
v 20.98607 -5.63179 2.79097
v 20.98606 -4.97296 3.81753
v 20.68606 -4.81521 3.69458
v 20.68607 -5.44619 4.18638
v 20.68606 -4.51519 5.15148
v 20.98606 -4.64592 5.30284
v 20.98606 -5.60393 4.30933
v 20.68606 -4.81521 3.69458
v 20.98606 -4.97296 3.81753
v 20.98606 -4.12301 4.69740
v 20.68606 -3.99229 4.54603
v 20.68606 -4.51519 5.15148
v 20.68606 -3.41068 5.91861
v 20.98606 -3.50937 6.09257
v 20.98606 -4.64592 5.30284
v 20.68606 -3.99229 4.54603
v 20.98606 -4.12301 4.69740
v 20.98606 -3.11462 5.39674
v 20.68606 -3.01594 5.22278
v 20.68606 -3.41068 5.91861
v 20.68606 -2.17510 6.45829
v 20.98606 -2.23795 6.64816
v 20.98606 -3.50937 6.09257
v 20.68606 -3.01594 5.22278
v 20.98606 -3.11462 5.39674
v 20.98606 -1.98654 5.88869
v 20.68606 -1.92369 5.69882
v 20.68606 -2.17510 6.45829
v 20.68605 -0.85592 6.74979
v 20.98605 -0.88052 6.94827
v 20.98606 -2.23795 6.64816
v 20.68606 -1.92369 5.69882
v 20.98606 -1.98654 5.88869
v 20.98605 -0.78211 6.15434
v 20.68605 -0.75751 5.95586
v 20.68605 -0.85592 6.74979
v 20.68605 0.49615 6.78189
v 20.98605 0.51074 6.98136
v 20.98605 -0.88052 6.94827
v 20.68605 -0.75751 5.95586
v 20.98605 -0.78211 6.15434
v 20.98605 0.45237 6.18349
v 20.68605 0.43778 5.98402
v 20.68605 0.49615 6.78189
v 20.68605 1.82915 6.55337
v 20.98605 1.88238 6.74616
v 20.98605 0.51074 6.98136
v 20.68605 0.43778 5.98402
v 20.98605 0.45237 6.18349
v 20.98605 1.66948 5.97501
v 20.68605 1.61625 5.78222
v 20.68605 1.82915 6.55337
v 20.68605 3.09186 6.07301
v 20.98605 3.18168 6.25171
v 20.98605 1.88238 6.74616
v 20.68605 1.61625 5.78222
v 20.98605 1.66948 5.97501
v 20.98605 2.82242 5.53691
v 20.68605 2.73261 5.35821
v 20.68605 3.09186 6.07301
v 20.68604 4.23576 5.35926
v 20.98604 4.35871 5.51701
v 20.98605 3.18168 6.25171
v 20.68605 2.73261 5.35821
v 20.98605 2.82242 5.53691
v 20.98605 3.86691 4.88603
v 20.68605 3.74396 4.72829
v 20.68604 4.23576 5.35926
v 20.68604 5.21688 4.43957
v 20.98604 5.36824 4.57029
v 20.98604 4.35871 5.51701
v 20.68605 3.74396 4.72829
v 20.98605 3.86691 4.88603
v 20.98604 4.76279 4.04739
v 20.68604 4.61143 3.91666
v 20.68604 5.21688 4.43957
v 20.68604 5.99751 3.34926
v 20.98604 6.17147 3.44794
v 20.98604 5.36824 4.57029
v 20.68604 4.61143 3.91666
v 20.98604 4.76279 4.04739
v 20.98604 5.47564 3.05320
v 20.68604 5.30168 2.95452
v 20.68604 5.99751 3.34926
v 20.68604 6.54767 2.13024
v 20.98604 6.73754 2.19309
v 20.98604 6.17147 3.44794
v 20.68604 5.30168 2.95452
v 20.98604 5.47564 3.05320
v 20.98604 5.97807 1.94169
v 20.68604 5.78820 1.87883
v 20.68604 6.54767 2.13024
v 20.68604 6.84621 0.82936
v 20.98604 7.04469 0.85397
v 20.98604 6.73754 2.19309
v 20.68604 5.78820 1.87883
v 20.98604 5.97807 1.94169
v 20.98604 6.25077 0.75555
v 20.68604 6.05229 0.73095
v 20.68604 6.84621 0.82936
v 20.68604 6.88165 -0.50339
v 20.98604 7.08112 -0.51798
v 20.98604 7.04469 0.85397
v 20.68604 6.05229 0.73095
v 20.98604 6.25077 0.75555
v 20.98604 6.28325 -0.45962
v 20.68604 6.08379 -0.44502
v 20.68604 6.88165 -0.50339
v 20.68604 6.65264 -1.81680
v 20.98604 6.84543 -1.87002
v 20.98604 7.08112 -0.51798
v 20.68604 6.08379 -0.44502
v 20.98604 6.28325 -0.45962
v 20.98604 6.07428 -1.65712
v 20.68604 5.88149 -1.60390
v 20.68604 6.65264 -1.81680
v 20.68604 6.16797 -3.06038
v 20.98605 6.34667 -3.15020
v 20.98604 6.84543 -1.87002
v 20.68604 5.88149 -1.60390
v 20.98604 6.07428 -1.65712
v 20.98605 5.63187 -2.79094
v 20.68605 5.45317 -2.70113
v 20.68604 6.16797 -3.06038
v 20.68605 5.44627 -4.18636
v 20.98605 5.60402 -4.30931
v 20.98605 6.34667 -3.15020
v 20.68605 5.45317 -2.70113
v 20.98605 5.63187 -2.79094
v 20.98605 4.97304 -3.81751
v 20.68605 4.81529 -3.69456
v 20.68605 5.44627 -4.18636
v 20.68605 4.51528 -5.15146
v 20.98605 4.64600 -5.30282
v 20.98605 5.60402 -4.30931
v 20.68605 4.81529 -3.69456
v 20.98605 4.97304 -3.81751
v 20.98605 4.12310 -4.69737
v 20.68605 3.99237 -4.54601
v 20.68605 4.51528 -5.15146
v 20.68605 3.41076 -5.91859
v 20.98605 3.50945 -6.09255
v 20.98605 4.64600 -5.30282
v 20.68605 3.99237 -4.54601
v 20.98605 4.12310 -4.69737
v 20.98605 3.11471 -5.39672
v 20.68605 3.01602 -5.22276
v 20.68605 3.41076 -5.91859
v 20.68606 2.17518 -6.45827
v 20.98606 2.23803 -6.64814
v 20.98605 3.50945 -6.09255
v 20.68605 3.01602 -5.22276
v 20.98605 3.11471 -5.39672
v 20.98606 1.98662 -5.88867
v 20.68606 1.92377 -5.69880
v 20.68606 2.17518 -6.45827
v 20.68606 0.85601 -6.74976
v 20.98606 0.88061 -6.94825
v 20.98606 2.23803 -6.64814
v 20.68606 1.92377 -5.69880
v 20.98606 1.98662 -5.88867
v 20.98606 0.78220 -6.15432
v 20.68606 0.75759 -5.95584
v 20.68606 0.85601 -6.74976
v 20.68606 -0.49606 -6.78187
v 20.98606 -0.51065 -6.98133
v 20.98606 0.88061 -6.94825
v 20.68606 0.75759 -5.95584
v 20.98606 0.78220 -6.15432
v 20.98606 -0.45229 -6.18347
v 20.68606 -0.43770 -5.98400
v 20.68606 -0.49606 -6.78187
v 20.68606 -1.82907 -6.55335
v 20.98606 -1.88229 -6.74613
v 20.98606 -0.51065 -6.98133
v 20.68606 -0.43770 -5.98400
v 20.98606 -0.45229 -6.18347
v 20.98606 -1.66939 -5.97498
v 20.68606 -1.61617 -5.78220
v 20.68606 -1.82907 -6.55335
v 20.68607 -3.09178 -6.07299
v 20.98606 -3.18159 -6.25168
v 20.98606 -1.88229 -6.74613
v 20.68606 -1.61617 -5.78220
v 20.98606 -1.66939 -5.97498
v 20.98606 -2.82234 -5.53689
v 20.68606 -2.73252 -5.35819
v 20.68607 -3.09178 -6.07299
v 20.68607 -4.23567 -5.35924
v 20.98607 -4.35862 -5.51698
v 20.98606 -3.18159 -6.25168
v 20.68606 -2.73252 -5.35819
v 20.98606 -2.82234 -5.53689
v 20.98607 -3.86682 -4.88601
v 20.68607 -3.74387 -4.72826
v 20.68607 -4.23567 -5.35924
v 20.68607 -5.21679 -4.43954
v 20.98607 -5.36815 -4.57027
v 20.98607 -4.35862 -5.51698
v 20.68607 -3.74387 -4.72826
v 20.98607 -3.86682 -4.88601
v 20.98607 -4.76271 -4.04736
v 20.68607 -4.61134 -3.91664
v 20.68607 -5.21679 -4.43954
v 20.68607 -5.99743 -3.34924
v 20.98607 -6.17139 -3.44792
v 20.98607 -5.36815 -4.57027
v 20.68607 -4.61134 -3.91664
v 20.98607 -4.76271 -4.04736
v 20.98607 -5.47556 -3.05318
v 20.68607 -5.30160 -2.95449
v 20.68607 -5.99743 -3.34924
v 20.68607 -6.54759 -2.13022
v 20.98607 -6.73746 -2.19307
v 20.98607 -6.17139 -3.44792
v 20.68607 -5.30160 -2.95449
v 20.98607 -5.47556 -3.05318
v 20.98607 -5.97799 -1.94166
v 20.68607 -5.78812 -1.87881
v 20.68607 -6.54759 -2.13022
v 20.68607 -6.84613 -0.82934
v 20.98607 -7.04461 -0.85394
v 20.98607 -6.73746 -2.19307
v 20.68607 -5.78812 -1.87881
v 20.98607 -5.97799 -1.94166
v 20.98607 -6.25068 -0.75553
v 20.68607 -6.05220 -0.73093
v 20.68607 -6.84613 -0.82934
v 20.68607 -6.88157 0.50341
v 20.98607 -7.08104 0.51800
v 20.98607 -7.04461 -0.85394
v 20.68607 -6.05220 -0.73093
v 20.98607 -6.25068 -0.75553
v 20.98607 -6.28317 0.45964
v 20.68607 -6.08370 0.44505
v 20.98607 -7.08104 0.51800
v 20.98607 -6.84534 1.87004
v 22.18607 -6.84534 1.87004
v 22.18607 -7.08103 0.51800
v 20.98607 -6.28317 0.45964
v 22.18607 -6.28317 0.45964
v 22.18607 -6.07419 1.65714
v 20.98607 -6.07419 1.65714
v 20.98607 -6.84534 1.87004
v 20.98607 -6.34659 3.15022
v 22.18607 -6.34658 3.15022
v 22.18607 -6.84534 1.87004
v 20.98607 -6.07419 1.65714
v 22.18607 -6.07419 1.65714
v 22.18607 -5.63179 2.79097
v 20.98607 -5.63179 2.79097
v 20.98607 -6.34659 3.15022
v 20.98606 -5.60393 4.30933
v 22.18607 -5.60393 4.30933
v 22.18607 -6.34658 3.15022
v 20.98607 -5.63179 2.79097
v 22.18607 -5.63179 2.79097
v 22.18606 -4.97295 3.81753
v 20.98606 -4.97296 3.81753
v 20.98606 -5.60393 4.30933
v 20.98606 -4.64592 5.30284
v 22.18606 -4.64592 5.30284
v 22.18607 -5.60393 4.30933
v 20.98606 -4.97296 3.81753
v 22.18606 -4.97295 3.81753
v 22.18606 -4.12301 4.69740
v 20.98606 -4.12301 4.69740
v 20.98606 -4.64592 5.30284
v 20.98606 -3.50937 6.09257
v 22.18606 -3.50936 6.09257
v 22.18606 -4.64592 5.30284
v 20.98606 -4.12301 4.69740
v 22.18606 -4.12301 4.69740
v 22.18606 -3.11462 5.39674
v 20.98606 -3.11462 5.39674
v 20.98606 -3.50937 6.09257
v 20.98606 -2.23795 6.64816
v 22.18606 -2.23795 6.64816
v 22.18606 -3.50936 6.09257
v 20.98606 -3.11462 5.39674
v 22.18606 -3.11462 5.39674
v 22.18606 -1.98654 5.88869
v 20.98606 -1.98654 5.88869
v 20.98606 -2.23795 6.64816
v 20.98605 -0.88052 6.94827
v 22.18605 -0.88052 6.94827
v 22.18606 -2.23795 6.64816
v 20.98606 -1.98654 5.88869
v 22.18606 -1.98654 5.88869
v 22.18605 -0.78211 6.15434
v 20.98605 -0.78211 6.15434
v 20.98605 -0.88052 6.94827
v 20.98605 0.51074 6.98136
v 22.18605 0.51074 6.98136
v 22.18605 -0.88052 6.94827
v 20.98605 -0.78211 6.15434
v 22.18605 -0.78211 6.15434
v 22.18605 0.45238 6.18349
v 20.98605 0.45237 6.18349
v 20.98605 0.51074 6.98136
v 20.98605 1.88238 6.74616
v 22.18605 1.88238 6.74616
v 22.18605 0.51074 6.98136
v 20.98605 0.45237 6.18349
v 22.18605 0.45238 6.18349
v 22.18605 1.66948 5.97501
v 20.98605 1.66948 5.97501
v 20.98605 1.88238 6.74616
v 20.98605 3.18168 6.25171
v 22.18605 3.18168 6.25171
v 22.18605 1.88238 6.74616
v 20.98605 1.66948 5.97501
v 22.18605 1.66948 5.97501
v 22.18605 2.82242 5.53691
v 20.98605 2.82242 5.53691
v 20.98605 3.18168 6.25171
v 20.98604 4.35871 5.51701
v 22.18604 4.35871 5.51701
v 22.18605 3.18168 6.25171
v 20.98605 2.82242 5.53691
v 22.18605 2.82242 5.53691
v 22.18605 3.86691 4.88603
v 20.98605 3.86691 4.88603
v 20.98604 4.35871 5.51701
v 20.98604 5.36824 4.57029
v 22.18604 5.36824 4.57029
v 22.18604 4.35871 5.51701
v 20.98605 3.86691 4.88603
v 22.18605 3.86691 4.88603
v 22.18604 4.76279 4.04739
v 20.98604 4.76279 4.04739
v 20.98604 5.36824 4.57029
v 20.98604 6.17147 3.44794
v 22.18604 6.17147 3.44795
v 22.18604 5.36824 4.57029
v 20.98604 4.76279 4.04739
v 22.18604 4.76279 4.04739
v 22.18604 5.47565 3.05320
v 20.98604 5.47564 3.05320
v 20.98604 6.17147 3.44794
v 20.98604 6.73754 2.19309
v 22.18604 6.73754 2.19310
v 22.18604 6.17147 3.44795
v 20.98604 5.47564 3.05320
v 22.18604 5.47565 3.05320
v 22.18604 5.97807 1.94169
v 20.98604 5.97807 1.94169
v 20.98604 6.73754 2.19309
v 20.98604 7.04469 0.85397
v 22.18604 7.04469 0.85397
v 22.18604 6.73754 2.19310
v 20.98604 5.97807 1.94169
v 22.18604 5.97807 1.94169
v 22.18604 6.25077 0.75555
v 20.98604 6.25077 0.75555
v 20.98604 7.04469 0.85397
v 20.98604 7.08112 -0.51798
v 22.18604 7.08112 -0.51798
v 22.18604 7.04469 0.85397
v 20.98604 6.25077 0.75555
v 22.18604 6.25077 0.75555
v 22.18604 6.28326 -0.45961
v 20.98604 6.28325 -0.45962
v 20.98604 7.08112 -0.51798
v 20.98604 6.84543 -1.87002
v 22.18604 6.84543 -1.87002
v 22.18604 7.08112 -0.51798
v 20.98604 6.28325 -0.45962
v 22.18604 6.28326 -0.45961
v 22.18604 6.07428 -1.65712
v 20.98604 6.07428 -1.65712
v 20.98604 6.84543 -1.87002
v 20.98605 6.34667 -3.15020
v 22.18604 6.34667 -3.15020
v 22.18604 6.84543 -1.87002
v 20.98604 6.07428 -1.65712
v 22.18604 6.07428 -1.65712
v 22.18605 5.63188 -2.79094
v 20.98605 5.63187 -2.79094
v 20.98605 6.34667 -3.15020
v 20.98605 5.60402 -4.30931
v 22.18605 5.60402 -4.30931
v 22.18604 6.34667 -3.15020
v 20.98605 5.63187 -2.79094
v 22.18605 5.63188 -2.79094
v 22.18605 4.97304 -3.81751
v 20.98605 4.97304 -3.81751
v 20.98605 5.60402 -4.30931
v 20.98605 4.64600 -5.30282
v 22.18605 4.64601 -5.30282
v 22.18605 5.60402 -4.30931
v 20.98605 4.97304 -3.81751
v 22.18605 4.97304 -3.81751
v 22.18605 4.12310 -4.69737
v 20.98605 4.12310 -4.69737
v 20.98605 4.64600 -5.30282
v 20.98605 3.50945 -6.09255
v 22.18605 3.50945 -6.09255
v 22.18605 4.64601 -5.30282
v 20.98605 4.12310 -4.69737
v 22.18605 4.12310 -4.69737
v 22.18605 3.11471 -5.39672
v 20.98605 3.11471 -5.39672
v 20.98605 3.50945 -6.09255
v 20.98606 2.23803 -6.64814
v 22.18606 2.23803 -6.64814
v 22.18605 3.50945 -6.09255
v 20.98605 3.11471 -5.39672
v 22.18605 3.11471 -5.39672
v 22.18606 1.98663 -5.88867
v 20.98606 1.98662 -5.88867
v 20.98606 2.23803 -6.64814
v 20.98606 0.88061 -6.94825
v 22.18606 0.88061 -6.94824
v 22.18606 2.23803 -6.64814
v 20.98606 1.98662 -5.88867
v 22.18606 1.98663 -5.88867
v 22.18606 0.78220 -6.15432
v 20.98606 0.78220 -6.15432
v 20.98606 0.88061 -6.94825
v 20.98606 -0.51065 -6.98133
v 22.18606 -0.51065 -6.98133
v 22.18606 0.88061 -6.94824
v 20.98606 0.78220 -6.15432
v 22.18606 0.78220 -6.15432
v 22.18606 -0.45229 -6.18347
v 20.98606 -0.45229 -6.18347
v 20.98606 -0.51065 -6.98133
v 20.98606 -1.88229 -6.74613
v 22.18606 -1.88229 -6.74613
v 22.18606 -0.51065 -6.98133
v 20.98606 -0.45229 -6.18347
v 22.18606 -0.45229 -6.18347
v 22.18606 -1.66939 -5.97498
v 20.98606 -1.66939 -5.97498
v 20.98606 -1.88229 -6.74613
v 20.98606 -3.18159 -6.25168
v 22.18607 -3.18159 -6.25168
v 22.18606 -1.88229 -6.74613
v 20.98606 -1.66939 -5.97498
v 22.18606 -1.66939 -5.97498
v 22.18607 -2.82234 -5.53689
v 20.98606 -2.82234 -5.53689
v 20.98606 -3.18159 -6.25168
v 20.98607 -4.35862 -5.51698
v 22.18607 -4.35862 -5.51698
v 22.18607 -3.18159 -6.25168
v 20.98606 -2.82234 -5.53689
v 22.18607 -2.82234 -5.53689
v 22.18607 -3.86682 -4.88601
v 20.98607 -3.86682 -4.88601
v 20.98607 -4.35862 -5.51698
v 20.98607 -5.36815 -4.57027
v 22.18607 -5.36815 -4.57027
v 22.18607 -4.35862 -5.51698
v 20.98607 -3.86682 -4.88601
v 22.18607 -3.86682 -4.88601
v 22.18607 -4.76270 -4.04736
v 20.98607 -4.76271 -4.04736
v 20.98607 -5.36815 -4.57027
v 20.98607 -6.17139 -3.44792
v 22.18607 -6.17139 -3.44792
v 22.18607 -5.36815 -4.57027
v 20.98607 -4.76271 -4.04736
v 22.18607 -4.76270 -4.04736
v 22.18607 -5.47556 -3.05318
v 20.98607 -5.47556 -3.05318
v 20.98607 -6.17139 -3.44792
v 20.98607 -6.73746 -2.19307
v 22.18607 -6.73745 -2.19307
v 22.18607 -6.17139 -3.44792
v 20.98607 -5.47556 -3.05318
v 22.18607 -5.47556 -3.05318
v 22.18607 -5.97798 -1.94166
v 20.98607 -5.97799 -1.94166
v 20.98607 -6.73746 -2.19307
v 20.98607 -7.04461 -0.85394
v 22.18607 -7.04461 -0.85394
v 22.18607 -6.73745 -2.19307
v 20.98607 -5.97799 -1.94166
v 22.18607 -5.97798 -1.94166
v 22.18607 -6.25068 -0.75553
v 20.98607 -6.25068 -0.75553
v 20.98607 -7.04461 -0.85394
v 20.98607 -7.08104 0.51800
v 22.18607 -7.08103 0.51800
v 22.18607 -7.04461 -0.85394
v 20.98607 -6.25068 -0.75553
v 22.18607 -6.25068 -0.75553
v 22.18607 -6.28317 0.45964
v 20.98607 -6.28317 0.45964
v 22.18607 -7.08103 0.51800
v 22.18607 -6.84534 1.87004
v 22.48607 -6.65255 1.81682
v 22.48607 -6.88157 0.50341
v 22.18607 -6.28317 0.45964
v 22.48607 -6.08370 0.44505
v 22.48607 -5.88140 1.60392
v 22.18607 -6.07419 1.65714
v 22.18607 -6.84534 1.87004
v 22.18607 -6.34658 3.15022
v 22.48607 -6.16788 3.06041
v 22.48607 -6.65255 1.81682
v 22.18607 -6.07419 1.65714
v 22.48607 -5.88140 1.60392
v 22.48606 -5.45309 2.70115
v 22.18607 -5.63179 2.79097
v 22.18607 -6.34658 3.15022
v 22.18607 -5.60393 4.30933
v 22.48606 -5.44619 4.18638
v 22.48607 -6.16788 3.06041
v 22.18607 -5.63179 2.79097
v 22.48606 -5.45309 2.70115
v 22.48606 -4.81521 3.69458
v 22.18606 -4.97295 3.81753
v 22.18607 -5.60393 4.30933
v 22.18606 -4.64592 5.30284
v 22.48606 -4.51519 5.15148
v 22.48606 -5.44619 4.18638
v 22.18606 -4.97295 3.81753
v 22.48606 -4.81521 3.69458
v 22.48606 -3.99228 4.54603
v 22.18606 -4.12301 4.69740
v 22.18606 -4.64592 5.30284
v 22.18606 -3.50936 6.09257
v 22.48606 -3.41068 5.91861
v 22.48606 -4.51519 5.15148
v 22.18606 -4.12301 4.69740
v 22.48606 -3.99228 4.54603
v 22.48606 -3.01593 5.22278
v 22.18606 -3.11462 5.39674
v 22.18606 -3.50936 6.09257
v 22.18606 -2.23795 6.64816
v 22.48606 -2.17509 6.45829
v 22.48606 -3.41068 5.91861
v 22.18606 -3.11462 5.39674
v 22.48606 -3.01593 5.22278
v 22.48606 -1.92368 5.69882
v 22.18606 -1.98654 5.88869
v 22.18606 -2.23795 6.64816
v 22.18605 -0.88052 6.94827
v 22.48605 -0.85592 6.74979
v 22.48606 -2.17509 6.45829
v 22.18606 -1.98654 5.88869
v 22.48606 -1.92368 5.69882
v 22.48606 -0.75751 5.95586
v 22.18605 -0.78211 6.15434
v 22.18605 -0.88052 6.94827
v 22.18605 0.51074 6.98136
v 22.48605 0.49615 6.78189
v 22.48605 -0.85592 6.74979
v 22.18605 -0.78211 6.15434
v 22.48606 -0.75751 5.95586
v 22.48605 0.43778 5.98402
v 22.18605 0.45238 6.18349
v 22.18605 0.51074 6.98136
v 22.18605 1.88238 6.74616
v 22.48605 1.82915 6.55337
v 22.48605 0.49615 6.78189
v 22.18605 0.45238 6.18349
v 22.48605 0.43778 5.98402
v 22.48605 1.61625 5.78222
v 22.18605 1.66948 5.97501
v 22.18605 1.88238 6.74616
v 22.18605 3.18168 6.25171
v 22.48605 3.09187 6.07301
v 22.48605 1.82915 6.55337
v 22.18605 1.66948 5.97501
v 22.48605 1.61625 5.78222
v 22.48605 2.73261 5.35821
v 22.18605 2.82242 5.53691
v 22.18605 3.18168 6.25171
v 22.18604 4.35871 5.51701
v 22.48604 4.23576 5.35926
v 22.48605 3.09187 6.07301
v 22.18605 2.82242 5.53691
v 22.48605 2.73261 5.35821
v 22.48605 3.74396 4.72829
v 22.18605 3.86691 4.88603
v 22.18604 4.35871 5.51701
v 22.18604 5.36824 4.57029
v 22.48604 5.21688 4.43957
v 22.48604 4.23576 5.35926
v 22.18605 3.86691 4.88603
v 22.48605 3.74396 4.72829
v 22.48604 4.61143 3.91666
v 22.18604 4.76279 4.04739
v 22.18604 5.36824 4.57029
v 22.18604 6.17147 3.44795
v 22.48604 5.99752 3.34926
v 22.48604 5.21688 4.43957
v 22.18604 4.76279 4.04739
v 22.48604 4.61143 3.91666
v 22.48604 5.30169 2.95452
v 22.18604 5.47565 3.05320
v 22.18604 6.17147 3.44795
v 22.18604 6.73754 2.19310
v 22.48604 6.54768 2.13024
v 22.48604 5.99752 3.34926
v 22.18604 5.47565 3.05320
v 22.48604 5.30169 2.95452
v 22.48604 5.78821 1.87883
v 22.18604 5.97807 1.94169
v 22.18604 6.73754 2.19310
v 22.18604 7.04469 0.85397
v 22.48604 6.84621 0.82936
v 22.48604 6.54768 2.13024
v 22.18604 5.97807 1.94169
v 22.48604 5.78821 1.87883
v 22.48604 6.05229 0.73095
v 22.18604 6.25077 0.75555
v 22.18604 7.04469 0.85397
v 22.18604 7.08112 -0.51798
v 22.48604 6.88166 -0.50339
v 22.48604 6.84621 0.82936
v 22.18604 6.25077 0.75555
v 22.48604 6.05229 0.73095
v 22.48604 6.08379 -0.44502
v 22.18604 6.28326 -0.45961
v 22.18604 7.08112 -0.51798
v 22.18604 6.84543 -1.87002
v 22.48604 6.65264 -1.81679
v 22.48604 6.88166 -0.50339
v 22.18604 6.28326 -0.45961
v 22.48604 6.08379 -0.44502
v 22.48605 5.88149 -1.60389
v 22.18604 6.07428 -1.65712
v 22.18604 6.84543 -1.87002
v 22.18604 6.34667 -3.15020
v 22.48605 6.16797 -3.06038
v 22.48604 6.65264 -1.81679
v 22.18604 6.07428 -1.65712
v 22.48605 5.88149 -1.60389
v 22.48605 5.45318 -2.70113
v 22.18605 5.63188 -2.79094
v 22.18604 6.34667 -3.15020
v 22.18605 5.60402 -4.30931
v 22.48605 5.44628 -4.18636
v 22.48605 6.16797 -3.06038
v 22.18605 5.63188 -2.79094
v 22.48605 5.45318 -2.70113
v 22.48605 4.81530 -3.69456
v 22.18605 4.97304 -3.81751
v 22.18605 5.60402 -4.30931
v 22.18605 4.64601 -5.30282
v 22.48605 4.51528 -5.15146
v 22.48605 5.44628 -4.18636
v 22.18605 4.97304 -3.81751
v 22.48605 4.81530 -3.69456
v 22.48605 3.99237 -4.54601
v 22.18605 4.12310 -4.69737
v 22.18605 4.64601 -5.30282
v 22.18605 3.50945 -6.09255
v 22.48605 3.41077 -5.91859
v 22.48605 4.51528 -5.15146
v 22.18605 4.12310 -4.69737
v 22.48605 3.99237 -4.54601
v 22.48605 3.01603 -5.22276
v 22.18605 3.11471 -5.39672
v 22.18605 3.50945 -6.09255
v 22.18606 2.23803 -6.64814
v 22.48606 2.17518 -6.45827
v 22.48605 3.41077 -5.91859
v 22.18605 3.11471 -5.39672
v 22.48605 3.01603 -5.22276
v 22.48606 1.92377 -5.69880
v 22.18606 1.98663 -5.88867
v 22.18606 2.23803 -6.64814
v 22.18606 0.88061 -6.94824
v 22.48606 0.85601 -6.74976
v 22.48606 2.17518 -6.45827
v 22.18606 1.98663 -5.88867
v 22.48606 1.92377 -5.69880
v 22.48606 0.75760 -5.95584
v 22.18606 0.78220 -6.15432
v 22.18606 0.88061 -6.94824
v 22.18606 -0.51065 -6.98133
v 22.48606 -0.49606 -6.78187
v 22.48606 0.85601 -6.74976
v 22.18606 0.78220 -6.15432
v 22.48606 0.75760 -5.95584
v 22.48606 -0.43769 -5.98400
v 22.18606 -0.45229 -6.18347
v 22.18606 -0.51065 -6.98133
v 22.18606 -1.88229 -6.74613
v 22.48606 -1.82906 -6.55335
v 22.48606 -0.49606 -6.78187
v 22.18606 -0.45229 -6.18347
v 22.48606 -0.43769 -5.98400
v 22.48606 -1.61616 -5.78220
v 22.18606 -1.66939 -5.97498
v 22.18606 -1.88229 -6.74613
v 22.18607 -3.18159 -6.25168
v 22.48606 -3.09177 -6.07298
v 22.48606 -1.82906 -6.55335
v 22.18606 -1.66939 -5.97498
v 22.48606 -1.61616 -5.78220
v 22.48606 -2.73252 -5.35819
v 22.18607 -2.82234 -5.53689
v 22.18607 -3.18159 -6.25168
v 22.18607 -4.35862 -5.51698
v 22.48607 -4.23567 -5.35924
v 22.48606 -3.09177 -6.07298
v 22.18607 -2.82234 -5.53689
v 22.48606 -2.73252 -5.35819
v 22.48607 -3.74387 -4.72826
v 22.18607 -3.86682 -4.88601
v 22.18607 -4.35862 -5.51698
v 22.18607 -5.36815 -4.57027
v 22.48607 -5.21679 -4.43954
v 22.48607 -4.23567 -5.35924
v 22.18607 -3.86682 -4.88601
v 22.48607 -3.74387 -4.72826
v 22.48607 -4.61134 -3.91664
v 22.18607 -4.76270 -4.04736
v 22.18607 -5.36815 -4.57027
v 22.18607 -6.17139 -3.44792
v 22.48607 -5.99743 -3.34924
v 22.48607 -5.21679 -4.43954
v 22.18607 -4.76270 -4.04736
v 22.48607 -4.61134 -3.91664
v 22.48607 -5.30160 -2.95449
v 22.18607 -5.47556 -3.05318
v 22.18607 -6.17139 -3.44792
v 22.18607 -6.73745 -2.19307
v 22.48607 -6.54759 -2.13022
v 22.48607 -5.99743 -3.34924
v 22.18607 -5.47556 -3.05318
v 22.48607 -5.30160 -2.95449
v 22.48607 -5.78812 -1.87881
v 22.18607 -5.97798 -1.94166
v 22.18607 -6.73745 -2.19307
v 22.18607 -7.04461 -0.85394
v 22.48607 -6.84612 -0.82934
v 22.48607 -6.54759 -2.13022
v 22.18607 -5.97798 -1.94166
v 22.48607 -5.78812 -1.87881
v 22.48607 -6.05220 -0.73093
v 22.18607 -6.25068 -0.75553
v 22.18607 -7.04461 -0.85394
v 22.18607 -7.08103 0.51800
v 22.48607 -6.88157 0.50341
v 22.48607 -6.84612 -0.82934
v 22.18607 -6.25068 -0.75553
v 22.48607 -6.05220 -0.73093
v 22.48607 -6.08370 0.44505
v 22.18607 -6.28317 0.45964
v 20.68607 -6.88157 0.50341
v 20.68607 -6.08370 0.44505
v 20.68607 -5.88141 1.60392
v 20.68607 -6.65256 1.81682
v 22.48607 -6.88157 0.50341
v 22.48607 -6.65255 1.81682
v 22.48607 -5.88140 1.60392
v 22.48607 -6.08370 0.44505
v 20.68607 -6.65256 1.81682
v 20.68607 -5.88141 1.60392
v 20.68607 -5.45309 2.70115
v 20.68607 -6.16789 3.06041
v 22.48607 -6.65255 1.81682
v 22.48607 -6.16788 3.06041
v 22.48606 -5.45309 2.70115
v 22.48607 -5.88140 1.60392
v 20.68607 -6.16789 3.06041
v 20.68607 -5.45309 2.70115
v 20.68606 -4.81521 3.69458
v 20.68607 -5.44619 4.18638
v 22.48607 -6.16788 3.06041
v 22.48606 -5.44619 4.18638
v 22.48606 -4.81521 3.69458
v 22.48606 -5.45309 2.70115
v 20.68607 -5.44619 4.18638
v 20.68606 -4.81521 3.69458
v 20.68606 -3.99229 4.54603
v 20.68606 -4.51519 5.15148
v 22.48606 -5.44619 4.18638
v 22.48606 -4.51519 5.15148
v 22.48606 -3.99228 4.54603
v 22.48606 -4.81521 3.69458
v 20.68606 -4.51519 5.15148
v 20.68606 -3.99229 4.54603
v 20.68606 -3.01594 5.22278
v 20.68606 -3.41068 5.91861
v 22.48606 -4.51519 5.15148
v 22.48606 -3.41068 5.91861
v 22.48606 -3.01593 5.22278
v 22.48606 -3.99228 4.54603
v 20.68606 -3.41068 5.91861
v 20.68606 -3.01594 5.22278
v 20.68606 -1.92369 5.69882
v 20.68606 -2.17510 6.45829
v 22.48606 -3.41068 5.91861
v 22.48606 -2.17509 6.45829
v 22.48606 -1.92368 5.69882
v 22.48606 -3.01593 5.22278
v 20.68606 -2.17510 6.45829
v 20.68606 -1.92369 5.69882
v 20.68605 -0.75751 5.95586
v 20.68605 -0.85592 6.74979
v 22.48606 -2.17509 6.45829
v 22.48605 -0.85592 6.74979
v 22.48606 -0.75751 5.95586
v 22.48606 -1.92368 5.69882
v 20.68605 -0.85592 6.74979
v 20.68605 -0.75751 5.95586
v 20.68605 0.43778 5.98402
v 20.68605 0.49615 6.78189
v 22.48605 -0.85592 6.74979
v 22.48605 0.49615 6.78189
v 22.48605 0.43778 5.98402
v 22.48606 -0.75751 5.95586
v 20.68605 0.49615 6.78189
v 20.68605 0.43778 5.98402
v 20.68605 1.61625 5.78222
v 20.68605 1.82915 6.55337
v 22.48605 0.49615 6.78189
v 22.48605 1.82915 6.55337
v 22.48605 1.61625 5.78222
v 22.48605 0.43778 5.98402
v 20.68605 1.82915 6.55337
v 20.68605 1.61625 5.78222
v 20.68605 2.73261 5.35821
v 20.68605 3.09186 6.07301
v 22.48605 1.82915 6.55337
v 22.48605 3.09187 6.07301
v 22.48605 2.73261 5.35821
v 22.48605 1.61625 5.78222
v 20.68605 3.09186 6.07301
v 20.68605 2.73261 5.35821
v 20.68605 3.74396 4.72829
v 20.68604 4.23576 5.35926
v 22.48605 3.09187 6.07301
v 22.48604 4.23576 5.35926
v 22.48605 3.74396 4.72829
v 22.48605 2.73261 5.35821
v 20.68604 4.23576 5.35926
v 20.68605 3.74396 4.72829
v 20.68604 4.61143 3.91666
v 20.68604 5.21688 4.43957
v 22.48604 4.23576 5.35926
v 22.48604 5.21688 4.43957
v 22.48604 4.61143 3.91666
v 22.48605 3.74396 4.72829
v 20.68604 5.21688 4.43957
v 20.68604 4.61143 3.91666
v 20.68604 5.30168 2.95452
v 20.68604 5.99751 3.34926
v 22.48604 5.21688 4.43957
v 22.48604 5.99752 3.34926
v 22.48604 5.30169 2.95452
v 22.48604 4.61143 3.91666
v 20.68604 5.99751 3.34926
v 20.68604 5.30168 2.95452
v 20.68604 5.78820 1.87883
v 20.68604 6.54767 2.13024
v 22.48604 5.99752 3.34926
v 22.48604 6.54768 2.13024
v 22.48604 5.78821 1.87883
v 22.48604 5.30169 2.95452
v 20.68604 6.54767 2.13024
v 20.68604 5.78820 1.87883
v 20.68604 6.05229 0.73095
v 20.68604 6.84621 0.82936
v 22.48604 6.54768 2.13024
v 22.48604 6.84621 0.82936
v 22.48604 6.05229 0.73095
v 22.48604 5.78821 1.87883
v 20.68604 6.84621 0.82936
v 20.68604 6.05229 0.73095
v 20.68604 6.08379 -0.44502
v 20.68604 6.88165 -0.50339
v 22.48604 6.84621 0.82936
v 22.48604 6.88166 -0.50339
v 22.48604 6.08379 -0.44502
v 22.48604 6.05229 0.73095
v 20.68604 6.88165 -0.50339
v 20.68604 6.08379 -0.44502
v 20.68604 5.88149 -1.60390
v 20.68604 6.65264 -1.81680
v 22.48604 6.88166 -0.50339
v 22.48604 6.65264 -1.81679
v 22.48605 5.88149 -1.60389
v 22.48604 6.08379 -0.44502
v 20.68604 6.65264 -1.81680
v 20.68604 5.88149 -1.60390
v 20.68605 5.45317 -2.70113
v 20.68604 6.16797 -3.06038
v 22.48604 6.65264 -1.81679
v 22.48605 6.16797 -3.06038
v 22.48605 5.45318 -2.70113
v 22.48605 5.88149 -1.60389
v 20.68604 6.16797 -3.06038
v 20.68605 5.45317 -2.70113
v 20.68605 4.81529 -3.69456
v 20.68605 5.44627 -4.18636
v 22.48605 6.16797 -3.06038
v 22.48605 5.44628 -4.18636
v 22.48605 4.81530 -3.69456
v 22.48605 5.45318 -2.70113
v 20.68605 5.44627 -4.18636
v 20.68605 4.81529 -3.69456
v 20.68605 3.99237 -4.54601
v 20.68605 4.51528 -5.15146
v 22.48605 5.44628 -4.18636
v 22.48605 4.51528 -5.15146
v 22.48605 3.99237 -4.54601
v 22.48605 4.81530 -3.69456
v 20.68605 4.51528 -5.15146
v 20.68605 3.99237 -4.54601
v 20.68605 3.01602 -5.22276
v 20.68605 3.41076 -5.91859
v 22.48605 4.51528 -5.15146
v 22.48605 3.41077 -5.91859
v 22.48605 3.01603 -5.22276
v 22.48605 3.99237 -4.54601
v 20.68605 3.41076 -5.91859
v 20.68605 3.01602 -5.22276
v 20.68606 1.92377 -5.69880
v 20.68606 2.17518 -6.45827
v 22.48605 3.41077 -5.91859
v 22.48606 2.17518 -6.45827
v 22.48606 1.92377 -5.69880
v 22.48605 3.01603 -5.22276
v 20.68606 2.17518 -6.45827
v 20.68606 1.92377 -5.69880
v 20.68606 0.75759 -5.95584
v 20.68606 0.85601 -6.74976
v 22.48606 2.17518 -6.45827
v 22.48606 0.85601 -6.74976
v 22.48606 0.75760 -5.95584
v 22.48606 1.92377 -5.69880
v 20.68606 0.85601 -6.74976
v 20.68606 0.75759 -5.95584
v 20.68606 -0.43770 -5.98400
v 20.68606 -0.49606 -6.78187
v 22.48606 0.85601 -6.74976
v 22.48606 -0.49606 -6.78187
v 22.48606 -0.43769 -5.98400
v 22.48606 0.75760 -5.95584
v 20.68606 -0.49606 -6.78187
v 20.68606 -0.43770 -5.98400
v 20.68606 -1.61617 -5.78220
v 20.68606 -1.82907 -6.55335
v 22.48606 -0.49606 -6.78187
v 22.48606 -1.82906 -6.55335
v 22.48606 -1.61616 -5.78220
v 22.48606 -0.43769 -5.98400
v 20.68606 -1.82907 -6.55335
v 20.68606 -1.61617 -5.78220
v 20.68606 -2.73252 -5.35819
v 20.68607 -3.09178 -6.07299
v 22.48606 -1.82906 -6.55335
v 22.48606 -3.09177 -6.07298
v 22.48606 -2.73252 -5.35819
v 22.48606 -1.61616 -5.78220
v 20.68607 -3.09178 -6.07299
v 20.68606 -2.73252 -5.35819
v 20.68607 -3.74387 -4.72826
v 20.68607 -4.23567 -5.35924
v 22.48606 -3.09177 -6.07298
v 22.48607 -4.23567 -5.35924
v 22.48607 -3.74387 -4.72826
v 22.48606 -2.73252 -5.35819
v 20.68607 -4.23567 -5.35924
v 20.68607 -3.74387 -4.72826
v 20.68607 -4.61134 -3.91664
v 20.68607 -5.21679 -4.43954
v 22.48607 -4.23567 -5.35924
v 22.48607 -5.21679 -4.43954
v 22.48607 -4.61134 -3.91664
v 22.48607 -3.74387 -4.72826
v 20.68607 -5.21679 -4.43954
v 20.68607 -4.61134 -3.91664
v 20.68607 -5.30160 -2.95449
v 20.68607 -5.99743 -3.34924
v 22.48607 -5.21679 -4.43954
v 22.48607 -5.99743 -3.34924
v 22.48607 -5.30160 -2.95449
v 22.48607 -4.61134 -3.91664
v 20.68607 -5.99743 -3.34924
v 20.68607 -5.30160 -2.95449
v 20.68607 -5.78812 -1.87881
v 20.68607 -6.54759 -2.13022
v 22.48607 -5.99743 -3.34924
v 22.48607 -6.54759 -2.13022
v 22.48607 -5.78812 -1.87881
v 22.48607 -5.30160 -2.95449
v 20.68607 -6.54759 -2.13022
v 20.68607 -5.78812 -1.87881
v 20.68607 -6.05220 -0.73093
v 20.68607 -6.84613 -0.82934
v 22.48607 -6.54759 -2.13022
v 22.48607 -6.84612 -0.82934
v 22.48607 -6.05220 -0.73093
v 22.48607 -5.78812 -1.87881
v 20.68607 -6.84613 -0.82934
v 20.68607 -6.05220 -0.73093
v 20.68607 -6.08370 0.44505
v 20.68607 -6.88157 0.50341
v 22.48607 -6.84612 -0.82934
v 22.48607 -6.88157 0.50341
v 22.48607 -6.08370 0.44505
v 22.48607 -6.05220 -0.73093
v 20.68607 -6.88157 0.50341
v 20.98607 -7.08104 0.51800
v 20.98607 -6.28317 0.45964
v 20.68607 -6.08370 0.44505
v 20.68607 -6.08370 0.44505
v 20.98607 -6.28317 0.45964
v 20.98607 -7.08104 0.51800
v 20.68607 -6.88157 0.50341
v 20.98607 -7.08104 0.51800
v 22.18607 -7.08103 0.51800
v 22.18607 -6.28317 0.45964
v 20.98607 -6.28317 0.45964
v 20.98607 -6.28317 0.45964
v 22.18607 -6.28317 0.45964
v 22.18607 -7.08103 0.51800
v 20.98607 -7.08104 0.51800
v 22.18607 -7.08103 0.51800
v 22.48607 -6.88157 0.50341
v 22.48607 -6.08370 0.44505
v 22.18607 -6.28317 0.45964
v 22.18607 -6.28317 0.45964
v 22.48607 -6.08370 0.44505
v 22.48607 -6.88157 0.50341
v 22.18607 -7.08103 0.51800
v 8.76360 0.56543 7.72935
v 8.65592 1.24346 7.67975
v 8.65592 1.13402 6.18375
v 8.76360 0.45600 6.23335
v 8.65592 1.24346 7.67975
v 8.34344 1.85511 7.63501
v 8.34344 1.74568 6.13901
v 8.65592 1.13402 6.18375
v 8.34344 1.85511 7.63501
v 7.85672 2.34052 7.59950
v 7.85673 2.23109 6.10350
v 8.34344 1.74568 6.13901
v 7.85672 2.34052 7.59950
v 7.24343 2.65218 7.57670
v 7.24343 2.54274 6.08070
v 7.85673 2.23109 6.10350
v 7.24343 2.65218 7.57670
v 6.56360 2.75956 7.56885
v 6.56360 2.65013 6.07284
v 7.24343 2.54274 6.08070
v 6.56360 2.75956 7.56885
v 5.88376 2.65217 7.57670
v 5.88376 2.54274 6.08070
v 6.56360 2.65013 6.07284
v 5.88376 2.65217 7.57670
v 5.27047 2.34052 7.59950
v 5.27047 2.23108 6.10350
v 5.88376 2.54274 6.08070
v 5.27047 2.34052 7.59950
v 4.78376 1.85510 7.63501
v 4.78376 1.74567 6.13900
v 5.27047 2.23108 6.10350
v 4.78376 1.85510 7.63501
v 4.47127 1.24345 7.67975
v 4.47128 1.13401 6.18375
v 4.78376 1.74567 6.13900
v 4.47127 1.24345 7.67975
v 4.36360 0.56542 7.72935
v 4.36360 0.45599 6.23335
v 4.47128 1.13401 6.18375
v 4.36360 0.56542 7.72935
v 4.47128 -0.11260 7.77895
v 4.47128 -0.22204 6.28295
v 4.36360 0.45599 6.23335
v 4.47128 -0.11260 7.77895
v 4.78377 -0.72426 7.82369
v 4.78377 -0.83369 6.32769
v 4.47128 -0.22204 6.28295
v 4.78377 -0.72426 7.82369
v 5.27048 -1.20967 7.85920
v 5.27048 -1.31911 6.36320
v 4.78377 -0.83369 6.32769
v 5.27048 -1.20967 7.85920
v 5.88377 -1.52132 7.88200
v 5.88377 -1.63076 6.38600
v 5.27048 -1.31911 6.36320
v 5.88377 -1.52132 7.88200
v 6.56360 -1.62871 7.88985
v 6.56361 -1.73815 6.39385
v 5.88377 -1.63076 6.38600
v 6.56360 -1.62871 7.88985
v 7.24344 -1.52132 7.88200
v 7.24344 -1.63076 6.38600
v 6.56361 -1.73815 6.39385
v 7.24344 -1.52132 7.88200
v 7.85673 -1.20966 7.85920
v 7.85673 -1.31910 6.36320
v 7.24344 -1.63076 6.38600
v 7.85673 -1.20966 7.85920
v 8.34344 -0.72425 7.82369
v 8.34344 -0.83369 6.32769
v 7.85673 -1.31910 6.36320
v 8.34344 -0.72425 7.82369
v 8.65593 -0.11259 7.77895
v 8.65593 -0.22203 6.28295
v 8.34344 -0.83369 6.32769
v 8.65593 -0.11259 7.77895
v 8.76360 0.56543 7.72935
v 8.76360 0.45600 6.23335
v 8.65593 -0.22203 6.28295
v 8.65593 -0.11259 7.77895
v 8.34344 -0.72425 7.82369
v 7.85673 -1.20966 7.85920
v 7.24344 -1.52132 7.88200
v 6.56360 -1.62871 7.88985
v 5.88377 -1.52132 7.88200
v 5.27048 -1.20967 7.85920
v 4.78377 -0.72426 7.82369
v 4.47128 -0.11260 7.77895
v 4.36360 0.56542 7.72935
v 4.47127 1.24345 7.67975
v 4.78376 1.85510 7.63501
v 5.27047 2.34052 7.59950
v 5.88376 2.65217 7.57670
v 6.56360 2.75956 7.56885
v 7.24343 2.65218 7.57670
v 7.85672 2.34052 7.59950
v 8.34344 1.85511 7.63501
v 8.65592 1.24346 7.67975
v 8.76360 0.56543 7.72935
v 8.76360 0.45600 6.23335
v 8.65592 1.13402 6.18375
v 8.34344 1.74568 6.13901
v 7.85673 2.23109 6.10350
v 7.24343 2.54274 6.08070
v 6.56360 2.65013 6.07284
v 5.88376 2.54274 6.08070
v 5.27047 2.23108 6.10350
v 4.78376 1.74567 6.13900
v 4.47128 1.13401 6.18375
v 4.36360 0.45599 6.23335
v 4.47128 -0.22204 6.28295
v 4.78377 -0.83369 6.32769
v 5.27048 -1.31911 6.36320
v 5.88377 -1.63076 6.38600
v 6.56361 -1.73815 6.39385
v 7.24344 -1.63076 6.38600
v 7.85673 -1.31910 6.36320
v 8.34344 -0.83369 6.32769
v 8.65593 -0.22203 6.28295
v 8.84659 5.71085 3.46259
v 8.59972 5.71671 3.54259
v 8.59972 5.41751 3.56447
v 8.84659 5.41165 3.48448
v 8.59972 5.71671 3.54259
v 8.44714 5.73203 3.75203
v 8.44714 5.43283 3.77392
v 8.59972 5.41751 3.56447
v 8.44714 5.73203 3.75203
v 8.44714 5.75096 4.01091
v 8.44714 5.45176 4.03280
v 8.44714 5.43283 3.77392
v 8.44714 5.75096 4.01091
v 8.59972 5.76629 4.22035
v 8.59972 5.46708 4.24224
v 8.44714 5.45176 4.03280
v 8.59972 5.76629 4.22035
v 8.84659 5.77214 4.30035
v 8.84659 5.47294 4.32224
v 8.59972 5.46708 4.24224
v 8.84659 5.77214 4.30035
v 9.09346 5.76629 4.22035
v 9.09346 5.46709 4.24224
v 8.84659 5.47294 4.32224
v 9.09346 5.76629 4.22035
v 9.24603 5.75097 4.01091
v 9.24603 5.45177 4.03280
v 9.09346 5.46709 4.24224
v 9.24603 5.75097 4.01091
v 9.24603 5.73203 3.75203
v 9.24603 5.43283 3.77392
v 9.24603 5.45177 4.03280
v 9.24603 5.73203 3.75203
v 9.09346 5.71671 3.54259
v 9.09346 5.41751 3.56448
v 9.24603 5.43283 3.77392
v 9.09346 5.71671 3.54259
v 8.84659 5.71085 3.46259
v 8.84659 5.41165 3.48448
v 9.09346 5.41751 3.56448
v 9.09346 5.71671 3.54259
v 9.24603 5.73203 3.75203
v 9.24603 5.75097 4.01091
v 9.09346 5.76629 4.22035
v 8.84659 5.77214 4.30035
v 8.59972 5.76629 4.22035
v 8.44714 5.75096 4.01091
v 8.44714 5.73203 3.75203
v 8.59972 5.71671 3.54259
v 8.84659 5.71085 3.46259
v 8.84659 5.41165 3.48448
v 8.59972 5.41751 3.56447
v 8.44714 5.43283 3.77392
v 8.44714 5.45176 4.03280
v 8.59972 5.46708 4.24224
v 8.84659 5.47294 4.32224
v 9.09346 5.46709 4.24224
v 9.24603 5.45177 4.03280
v 9.24603 5.43283 3.77392
v 9.09346 5.41751 3.56448
v 8.79659 5.74684 4.09164
v 8.79659 5.82663 4.08580
v 8.89659 5.82663 4.08580
v 8.89659 5.74684 4.09164
v 8.89659 5.71620 3.67276
v 8.89659 5.79599 3.66692
v 8.79659 5.79599 3.66692
v 8.79659 5.71620 3.67276
v 8.79659 5.74684 4.09164
v 8.89659 5.74684 4.09164
v 8.89659 5.71620 3.67276
v 8.79659 5.71620 3.67276
v 8.79659 5.79599 3.66692
v 8.89659 5.79599 3.66692
v 8.89659 5.82663 4.08580
v 8.79659 5.82663 4.08580
v 8.79659 5.74684 4.09164
v 8.79659 5.71620 3.67276
v 8.79659 5.79599 3.66692
v 8.79659 5.82663 4.08580
v 8.89659 5.82663 4.08580
v 8.89659 5.79599 3.66692
v 8.89659 5.71620 3.67276
v 8.89659 5.74684 4.09164
v 8.76361 -0.45596 -6.23334
v 8.65593 0.22206 -6.28294
v 8.65593 0.11263 -7.77894
v 8.76361 -0.56540 -7.72934
v 8.65593 0.22206 -6.28294
v 8.34344 0.83372 -6.32768
v 8.34345 0.72428 -7.82368
v 8.65593 0.11263 -7.77894
v 8.34344 0.83372 -6.32768
v 7.85673 1.31913 -6.36319
v 7.85674 1.20970 -7.85919
v 8.34345 0.72428 -7.82368
v 7.85673 1.31913 -6.36319
v 7.24344 1.63078 -6.38599
v 7.24344 1.52135 -7.88199
v 7.85674 1.20970 -7.85919
v 7.24344 1.63078 -6.38599
v 6.56361 1.73817 -6.39385
v 6.56361 1.62874 -7.88985
v 7.24344 1.52135 -7.88199
v 6.56361 1.73817 -6.39385
v 5.88377 1.63078 -6.38599
v 5.88377 1.52135 -7.88199
v 6.56361 1.62874 -7.88985
v 5.88377 1.63078 -6.38599
v 5.27048 1.31913 -6.36319
v 5.27048 1.20969 -7.85920
v 5.88377 1.52135 -7.88199
v 5.27048 1.31913 -6.36319
v 4.78377 0.83371 -6.32768
v 4.78377 0.72428 -7.82369
v 5.27048 1.20969 -7.85920
v 4.78377 0.83371 -6.32768
v 4.47128 0.22206 -6.28294
v 4.47129 0.11262 -7.77894
v 4.78377 0.72428 -7.82369
v 4.47128 0.22206 -6.28294
v 4.36361 -0.45597 -6.23334
v 4.36361 -0.56541 -7.72934
v 4.47129 0.11262 -7.77894
v 4.36361 -0.45597 -6.23334
v 4.47129 -1.13400 -6.18374
v 4.47129 -1.24343 -7.67975
v 4.36361 -0.56541 -7.72934
v 4.47129 -1.13400 -6.18374
v 4.78378 -1.74565 -6.13900
v 4.78378 -1.85509 -7.63500
v 4.47129 -1.24343 -7.67975
v 4.78378 -1.74565 -6.13900
v 5.27049 -2.23106 -6.10349
v 5.27049 -2.34050 -7.59949
v 4.78378 -1.85509 -7.63500
v 5.27049 -2.23106 -6.10349
v 5.88378 -2.54272 -6.08069
v 5.88378 -2.65215 -7.57669
v 5.27049 -2.34050 -7.59949
v 5.88378 -2.54272 -6.08069
v 6.56361 -2.65010 -6.07284
v 6.56362 -2.75954 -7.56884
v 5.88378 -2.65215 -7.57669
v 6.56361 -2.65010 -6.07284
v 7.24345 -2.54271 -6.08069
v 7.24345 -2.65215 -7.57669
v 6.56362 -2.75954 -7.56884
v 7.24345 -2.54271 -6.08069
v 7.85674 -2.23106 -6.10349
v 7.85674 -2.34049 -7.59949
v 7.24345 -2.65215 -7.57669
v 7.85674 -2.23106 -6.10349
v 8.34345 -1.74564 -6.13900
v 8.34345 -1.85508 -7.63500
v 7.85674 -2.34049 -7.59949
v 8.34345 -1.74564 -6.13900
v 8.65594 -1.13399 -6.18374
v 8.65594 -1.24342 -7.67974
v 8.34345 -1.85508 -7.63500
v 8.65594 -1.13399 -6.18374
v 8.76361 -0.45596 -6.23334
v 8.76361 -0.56540 -7.72934
v 8.65594 -1.24342 -7.67974
v 8.65594 -1.13399 -6.18374
v 8.34345 -1.74564 -6.13900
v 7.85674 -2.23106 -6.10349
v 7.24345 -2.54271 -6.08069
v 6.56361 -2.65010 -6.07284
v 5.88378 -2.54272 -6.08069
v 5.27049 -2.23106 -6.10349
v 4.78378 -1.74565 -6.13900
v 4.47129 -1.13400 -6.18374
v 4.36361 -0.45597 -6.23334
v 4.47128 0.22206 -6.28294
v 4.78377 0.83371 -6.32768
v 5.27048 1.31913 -6.36319
v 5.88377 1.63078 -6.38599
v 6.56361 1.73817 -6.39385
v 7.24344 1.63078 -6.38599
v 7.85673 1.31913 -6.36319
v 8.34344 0.83372 -6.32768
v 8.65593 0.22206 -6.28294
v 8.76361 -0.45596 -6.23334
v 8.76361 -0.56540 -7.72934
v 8.65593 0.11263 -7.77894
v 8.34345 0.72428 -7.82368
v 7.85674 1.20970 -7.85919
v 7.24344 1.52135 -7.88199
v 6.56361 1.62874 -7.88985
v 5.88377 1.52135 -7.88199
v 5.27048 1.20969 -7.85920
v 4.78377 0.72428 -7.82369
v 4.47129 0.11262 -7.77894
v 4.36361 -0.56541 -7.72934
v 4.47129 -1.24343 -7.67975
v 4.78378 -1.85509 -7.63500
v 5.27049 -2.34050 -7.59949
v 5.88378 -2.65215 -7.57669
v 6.56362 -2.75954 -7.56884
v 7.24345 -2.65215 -7.57669
v 7.85674 -2.34049 -7.59949
v 8.34345 -1.85508 -7.63500
v 8.65594 -1.24342 -7.67974
v 8.84659 5.08489 -5.09455
v 8.59972 5.09074 -5.01455
v 8.59972 4.79154 -4.99266
v 8.84659 4.78569 -5.07266
v 8.59972 5.09074 -5.01455
v 8.44715 5.10606 -4.80511
v 8.44715 4.80686 -4.78322
v 8.59972 4.79154 -4.99266
v 8.44715 5.10606 -4.80511
v 8.44715 5.12500 -4.54622
v 8.44715 4.82580 -4.52434
v 8.44715 4.80686 -4.78322
v 8.44715 5.12500 -4.54622
v 8.59972 5.14032 -4.33678
v 8.59972 4.84112 -4.31490
v 8.44715 4.82580 -4.52434
v 8.59972 5.14032 -4.33678
v 8.84659 5.14617 -4.25678
v 8.84659 4.84697 -4.23490
v 8.59972 4.84112 -4.31490
v 8.84659 5.14617 -4.25678
v 9.09346 5.14032 -4.33678
v 9.09346 4.84112 -4.31490
v 8.84659 4.84697 -4.23490
v 9.09346 5.14032 -4.33678
v 9.24603 5.12500 -4.54622
v 9.24604 4.82580 -4.52434
v 9.09346 4.84112 -4.31490
v 9.24603 5.12500 -4.54622
v 9.24604 5.10606 -4.80511
v 9.24604 4.80686 -4.78322
v 9.24604 4.82580 -4.52434
v 9.24604 5.10606 -4.80511
v 9.09346 5.09074 -5.01455
v 9.09346 4.79154 -4.99266
v 9.24604 4.80686 -4.78322
v 9.09346 5.09074 -5.01455
v 8.84659 5.08489 -5.09455
v 8.84659 4.78569 -5.07266
v 9.09346 4.79154 -4.99266
v 9.09346 5.09074 -5.01455
v 9.24604 5.10606 -4.80511
v 9.24603 5.12500 -4.54622
v 9.09346 5.14032 -4.33678
v 8.84659 5.14617 -4.25678
v 8.59972 5.14032 -4.33678
v 8.44715 5.12500 -4.54622
v 8.44715 5.10606 -4.80511
v 8.59972 5.09074 -5.01455
v 8.84659 5.08489 -5.09455
v 8.84659 4.78569 -5.07266
v 8.59972 4.79154 -4.99266
v 8.44715 4.80686 -4.78322
v 8.44715 4.82580 -4.52434
v 8.59972 4.84112 -4.31490
v 8.84659 4.84697 -4.23490
v 9.09346 4.84112 -4.31490
v 9.24604 4.82580 -4.52434
v 9.24604 4.80686 -4.78322
v 9.09346 4.79154 -4.99266
v 8.79659 5.12088 -4.46550
v 8.79659 5.20066 -4.47133
v 8.89659 5.20066 -4.47133
v 8.89659 5.12088 -4.46550
v 8.89659 5.09023 -4.88438
v 8.89659 5.17002 -4.89021
v 8.79659 5.17002 -4.89021
v 8.79659 5.09023 -4.88438
v 8.79659 5.12088 -4.46550
v 8.89659 5.12088 -4.46550
v 8.89659 5.09023 -4.88438
v 8.79659 5.09023 -4.88438
v 8.79659 5.17002 -4.89021
v 8.89659 5.17002 -4.89021
v 8.89659 5.20066 -4.47133
v 8.79659 5.20066 -4.47133
v 8.79659 5.12088 -4.46550
v 8.79659 5.09023 -4.88438
v 8.79659 5.17002 -4.89021
v 8.79659 5.20066 -4.47133
v 8.89659 5.20066 -4.47133
v 8.89659 5.17002 -4.89021
v 8.89659 5.09023 -4.88438
v 8.89659 5.12088 -4.46550
v 9.82720 6.93751 3.00187
v 16.64720 6.92221 2.79243
v 18.62720 6.82518 1.46598
v 18.62720 6.53919 -2.44358
v 16.64720 6.44215 -3.77003
v 9.82720 6.42682 -3.97948
v 7.62720 6.51874 -2.72284
v 7.62720 6.84558 1.74523
v 8.23219 8.82228 1.35357
v 8.23220 8.53139 -2.62301
v 10.19020 8.44958 -3.74142
v 16.26000 8.46322 -3.55501
v 18.02220 8.54959 -2.37446
v 18.02219 8.80412 1.10504
v 16.25999 8.89047 2.28558
v 10.19019 8.90410 2.47198
v 7.62720 6.84558 1.74523
v 7.62720 6.51874 -2.72284
v 7.62720 8.11447 -2.83957
v 7.62719 8.44132 1.62850
v 7.62719 8.44132 1.62850
v 7.62720 8.11447 -2.83957
v 8.23220 8.53139 -2.62301
v 8.23219 8.82228 1.35357
v 7.62720 6.51874 -2.72284
v 9.82720 6.42682 -3.97948
v 9.82720 8.02255 -4.09621
v 7.62720 8.11447 -2.83957
v 7.62720 8.11447 -2.83957
v 9.82720 8.02255 -4.09621
v 10.19020 8.44958 -3.74142
v 8.23220 8.53139 -2.62301
v 9.82720 6.42682 -3.97948
v 16.64720 6.44215 -3.77003
v 16.64720 8.03789 -3.88676
v 9.82720 8.02255 -4.09621
v 9.82720 8.02255 -4.09621
v 16.64720 8.03789 -3.88676
v 16.26000 8.46322 -3.55501
v 10.19020 8.44958 -3.74142
v 16.64720 6.44215 -3.77003
v 18.62720 6.53919 -2.44358
v 18.62720 8.13492 -2.56031
v 16.64720 8.03789 -3.88676
v 16.64720 8.03789 -3.88676
v 18.62720 8.13492 -2.56031
v 18.02220 8.54959 -2.37446
v 16.26000 8.46322 -3.55501
v 18.62720 6.53919 -2.44358
v 18.62720 6.82518 1.46598
v 18.62719 8.42091 1.34925
v 18.62720 8.13492 -2.56031
v 18.62720 8.13492 -2.56031
v 18.62719 8.42091 1.34925
v 18.02219 8.80412 1.10504
v 18.02220 8.54959 -2.37446
v 18.62720 6.82518 1.46598
v 16.64720 6.92221 2.79243
v 16.64719 8.51794 2.67570
v 18.62719 8.42091 1.34925
v 18.62719 8.42091 1.34925
v 16.64719 8.51794 2.67570
v 16.25999 8.89047 2.28558
v 18.02219 8.80412 1.10504
v 16.64720 6.92221 2.79243
v 9.82720 6.93751 3.00187
v 9.82719 8.53325 2.88514
v 16.64719 8.51794 2.67570
v 16.64719 8.51794 2.67570
v 9.82719 8.53325 2.88514
v 10.19019 8.90410 2.47198
v 16.25999 8.89047 2.28558
v 9.82720 6.93751 3.00187
v 7.62720 6.84558 1.74523
v 7.62719 8.44132 1.62850
v 9.82719 8.53325 2.88514
v 9.82719 8.53325 2.88514
v 7.62719 8.44132 1.62850
v 8.23219 8.82228 1.35357
v 10.19019 8.90410 2.47198
v 9.76719 8.90581 1.60454
v 9.76719 8.97563 1.59944
v 16.48719 8.97564 1.59944
v 16.48719 8.90583 1.60455
v 16.48720 8.57752 -2.88346
v 16.48720 8.64734 -2.88857
v 9.76720 8.64732 -2.88857
v 9.76720 8.57751 -2.88346
v 9.76719 8.75597 1.47513
v 16.48719 8.75599 1.47514
v 16.48720 8.44811 -2.73362
v 9.76720 8.44810 -2.73362
v 9.76720 8.79716 -2.75916
v 16.48720 8.79718 -2.75915
v 16.48719 9.10505 1.44960
v 9.76719 9.10504 1.44960
v 9.62719 8.89560 1.46492
v 9.62720 8.58772 -2.74384
v 9.62720 8.65754 -2.74894
v 9.62719 8.96541 1.45981
v 16.62719 8.96543 1.45981
v 16.62720 8.65755 -2.74894
v 16.62720 8.58774 -2.74383
v 16.62719 8.89561 1.46492
v 9.76719 8.75597 1.47513
v 9.76720 8.44810 -2.73362
v 9.62720 8.58772 -2.74384
v 9.62719 8.89560 1.46492
v 16.62719 8.89561 1.46492
v 16.62720 8.58774 -2.74383
v 16.48720 8.44811 -2.73362
v 16.48719 8.75599 1.47514
v 9.62719 8.96541 1.45981
v 9.62720 8.65754 -2.74894
v 9.76720 8.79716 -2.75916
v 9.76719 9.10504 1.44960
v 16.48719 9.10505 1.44960
v 16.48720 8.79718 -2.75915
v 16.62720 8.65755 -2.74894
v 16.62719 8.96543 1.45981
v 9.62719 8.89560 1.46492
v 9.62719 8.96541 1.45981
v 9.76719 8.97563 1.59944
v 9.76719 8.90581 1.60454
v 9.76720 8.57751 -2.88346
v 9.76720 8.64732 -2.88857
v 9.62720 8.65754 -2.74894
v 9.62720 8.58772 -2.74384
v 16.48719 8.90583 1.60455
v 16.48719 8.97564 1.59944
v 16.62719 8.96543 1.45981
v 16.62719 8.89561 1.46492
v 16.62720 8.58774 -2.74383
v 16.62720 8.65755 -2.74894
v 16.48720 8.64734 -2.88857
v 16.48720 8.57752 -2.88346
v 9.76719 8.90581 1.60454
v 16.48719 8.90583 1.60455
v 16.48719 8.75599 1.47514
v 9.76719 8.75597 1.47513
v 9.76719 9.10504 1.44960
v 16.48719 9.10505 1.44960
v 16.48719 8.97564 1.59944
v 9.76719 8.97563 1.59944
v 9.76720 8.44810 -2.73362
v 16.48720 8.44811 -2.73362
v 16.48720 8.57752 -2.88346
v 9.76720 8.57751 -2.88346
v 9.76720 8.64732 -2.88857
v 16.48720 8.64734 -2.88857
v 16.48720 8.79718 -2.75915
v 9.76720 8.79716 -2.75916
v 9.76719 8.90581 1.60454
v 9.76719 8.75597 1.47513
v 9.62719 8.89560 1.46492
v 16.62719 8.89561 1.46492
v 16.48719 8.75599 1.47514
v 16.48719 8.90583 1.60455
v 9.62719 8.96541 1.45981
v 9.76719 9.10504 1.44960
v 9.76719 8.97563 1.59944
v 16.48719 8.97564 1.59944
v 16.48719 9.10505 1.44960
v 16.62719 8.96543 1.45981
v 9.62720 8.58772 -2.74384
v 9.76720 8.44810 -2.73362
v 9.76720 8.57751 -2.88346
v 16.48720 8.57752 -2.88346
v 16.48720 8.44811 -2.73362
v 16.62720 8.58774 -2.74383
v 9.76720 8.64732 -2.88857
v 9.76720 8.79716 -2.75916
v 9.62720 8.65754 -2.74894
v 16.62720 8.65755 -2.74894
v 16.48720 8.79718 -2.75915
v 16.48720 8.64734 -2.88857
v 10.31719 9.16184 1.33515
v 10.31719 9.18179 1.33369
v 10.53719 9.18179 1.33369
v 10.53719 9.16184 1.33515
v 10.53719 8.92838 -1.85632
v 10.53719 8.94833 -1.85778
v 10.31719 8.94833 -1.85778
v 10.31719 8.92838 -1.85632
v 10.31719 9.11903 1.29817
v 10.53719 9.11903 1.29817
v 10.53719 8.89141 -1.81351
v 10.31719 8.89141 -1.81351
v 10.31719 8.99114 -1.82081
v 10.53719 8.99114 -1.82081
v 10.53719 9.21877 1.29088
v 10.31719 9.21877 1.29088
v 10.27719 9.15893 1.29525
v 10.27719 8.93130 -1.81643
v 10.27719 8.95125 -1.81789
v 10.27719 9.17887 1.29380
v 10.57719 9.17887 1.29380
v 10.57719 8.95125 -1.81789
v 10.57719 8.93130 -1.81643
v 10.57719 9.15893 1.29525
v 10.31719 9.11903 1.29817
v 10.31719 8.89141 -1.81351
v 10.27719 8.93130 -1.81643
v 10.27719 9.15893 1.29525
v 10.57719 9.15893 1.29525
v 10.57719 8.93130 -1.81643
v 10.53719 8.89141 -1.81351
v 10.53719 9.11903 1.29817
v 10.27719 9.17887 1.29380
v 10.27719 8.95125 -1.81789
v 10.31719 8.99114 -1.82081
v 10.31719 9.21877 1.29088
v 10.53719 9.21877 1.29088
v 10.53719 8.99114 -1.82081
v 10.57719 8.95125 -1.81789
v 10.57719 9.17887 1.29380
v 10.27719 9.15893 1.29525
v 10.27719 9.17887 1.29380
v 10.31719 9.18179 1.33369
v 10.31719 9.16184 1.33515
v 10.31719 8.92838 -1.85632
v 10.31719 8.94833 -1.85778
v 10.27719 8.95125 -1.81789
v 10.27719 8.93130 -1.81643
v 10.53719 9.16184 1.33515
v 10.53719 9.18179 1.33369
v 10.57719 9.17887 1.29380
v 10.57719 9.15893 1.29525
v 10.57719 8.93130 -1.81643
v 10.57719 8.95125 -1.81789
v 10.53719 8.94833 -1.85778
v 10.53719 8.92838 -1.85632
v 10.31719 9.16184 1.33515
v 10.53719 9.16184 1.33515
v 10.53719 9.11903 1.29817
v 10.31719 9.11903 1.29817
v 10.31719 9.21877 1.29088
v 10.53719 9.21877 1.29088
v 10.53719 9.18179 1.33369
v 10.31719 9.18179 1.33369
v 10.31719 8.89141 -1.81351
v 10.53719 8.89141 -1.81351
v 10.53719 8.92838 -1.85632
v 10.31719 8.92838 -1.85632
v 10.31719 8.94833 -1.85778
v 10.53719 8.94833 -1.85778
v 10.53719 8.99114 -1.82081
v 10.31719 8.99114 -1.82081
v 10.31719 9.16184 1.33515
v 10.31719 9.11903 1.29817
v 10.27719 9.15893 1.29525
v 10.57719 9.15893 1.29525
v 10.53719 9.11903 1.29817
v 10.53719 9.16184 1.33515
v 10.27719 9.17887 1.29380
v 10.31719 9.21877 1.29088
v 10.31719 9.18179 1.33369
v 10.53719 9.18179 1.33369
v 10.53719 9.21877 1.29088
v 10.57719 9.17887 1.29380
v 10.27719 8.93130 -1.81643
v 10.31719 8.89141 -1.81351
v 10.31719 8.92838 -1.85632
v 10.53719 8.92838 -1.85632
v 10.53719 8.89141 -1.81351
v 10.57719 8.93130 -1.81643
v 10.31719 8.94833 -1.85778
v 10.31719 8.99114 -1.82081
v 10.27719 8.95125 -1.81789
v 10.57719 8.95125 -1.81789
v 10.53719 8.99114 -1.82081
v 10.53719 8.94833 -1.85778
v 11.51719 9.16185 1.33515
v 11.51719 9.18179 1.33369
v 11.73719 9.18179 1.33369
v 11.73719 9.16185 1.33515
v 11.73720 8.92838 -1.85632
v 11.73720 8.94833 -1.85778
v 11.51719 8.94833 -1.85778
v 11.51719 8.92838 -1.85632
v 11.51719 9.11903 1.29817
v 11.73719 9.11903 1.29817
v 11.73720 8.89141 -1.81351
v 11.51719 8.89141 -1.81351
v 11.51719 8.99114 -1.82081
v 11.73719 8.99114 -1.82081
v 11.73719 9.21877 1.29088
v 11.51719 9.21877 1.29088
v 11.47719 9.15893 1.29526
v 11.47719 8.93130 -1.81643
v 11.47719 8.95125 -1.81789
v 11.47719 9.17887 1.29380
v 11.77719 9.17887 1.29380
v 11.77719 8.95125 -1.81789
v 11.77719 8.93130 -1.81643
v 11.77719 9.15893 1.29526
v 11.51719 9.11903 1.29817
v 11.51719 8.89141 -1.81351
v 11.47719 8.93130 -1.81643
v 11.47719 9.15893 1.29526
v 11.77719 9.15893 1.29526
v 11.77719 8.93130 -1.81643
v 11.73720 8.89141 -1.81351
v 11.73719 9.11903 1.29817
v 11.47719 9.17887 1.29380
v 11.47719 8.95125 -1.81789
v 11.51719 8.99114 -1.82081
v 11.51719 9.21877 1.29088
v 11.73719 9.21877 1.29088
v 11.73719 8.99114 -1.82081
v 11.77719 8.95125 -1.81789
v 11.77719 9.17887 1.29380
v 11.47719 9.15893 1.29526
v 11.47719 9.17887 1.29380
v 11.51719 9.18179 1.33369
v 11.51719 9.16185 1.33515
v 11.51719 8.92838 -1.85632
v 11.51719 8.94833 -1.85778
v 11.47719 8.95125 -1.81789
v 11.47719 8.93130 -1.81643
v 11.73719 9.16185 1.33515
v 11.73719 9.18179 1.33369
v 11.77719 9.17887 1.29380
v 11.77719 9.15893 1.29526
v 11.77719 8.93130 -1.81643
v 11.77719 8.95125 -1.81789
v 11.73720 8.94833 -1.85778
v 11.73720 8.92838 -1.85632
v 11.51719 9.16185 1.33515
v 11.73719 9.16185 1.33515
v 11.73719 9.11903 1.29817
v 11.51719 9.11903 1.29817
v 11.51719 9.21877 1.29088
v 11.73719 9.21877 1.29088
v 11.73719 9.18179 1.33369
v 11.51719 9.18179 1.33369
v 11.51719 8.89141 -1.81351
v 11.73720 8.89141 -1.81351
v 11.73720 8.92838 -1.85632
v 11.51719 8.92838 -1.85632
v 11.51719 8.94833 -1.85778
v 11.73720 8.94833 -1.85778
v 11.73719 8.99114 -1.82081
v 11.51719 8.99114 -1.82081
v 11.51719 9.16185 1.33515
v 11.51719 9.11903 1.29817
v 11.47719 9.15893 1.29526
v 11.77719 9.15893 1.29526
v 11.73719 9.11903 1.29817
v 11.73719 9.16185 1.33515
v 11.47719 9.17887 1.29380
v 11.51719 9.21877 1.29088
v 11.51719 9.18179 1.33369
v 11.73719 9.18179 1.33369
v 11.73719 9.21877 1.29088
v 11.77719 9.17887 1.29380
v 11.47719 8.93130 -1.81643
v 11.51719 8.89141 -1.81351
v 11.51719 8.92838 -1.85632
v 11.73720 8.92838 -1.85632
v 11.73720 8.89141 -1.81351
v 11.77719 8.93130 -1.81643
v 11.51719 8.94833 -1.85778
v 11.51719 8.99114 -1.82081
v 11.47719 8.95125 -1.81789
v 11.77719 8.95125 -1.81789
v 11.73719 8.99114 -1.82081
v 11.73720 8.94833 -1.85778
v 12.71719 9.16185 1.33515
v 12.71719 9.18180 1.33369
v 12.93719 9.18180 1.33369
v 12.93719 9.16185 1.33515
v 12.93719 8.92839 -1.85632
v 12.93719 8.94833 -1.85778
v 12.71719 8.94833 -1.85778
v 12.71719 8.92839 -1.85632
v 12.71719 9.11904 1.29817
v 12.93719 9.11904 1.29817
v 12.93719 8.89141 -1.81351
v 12.71719 8.89141 -1.81351
v 12.71719 8.99115 -1.82081
v 12.93719 8.99115 -1.82081
v 12.93719 9.21877 1.29088
v 12.71719 9.21877 1.29088
v 12.67719 9.15893 1.29526
v 12.67719 8.93130 -1.81643
v 12.67719 8.95125 -1.81789
v 12.67719 9.17888 1.29380
v 12.97719 9.17888 1.29380
v 12.97719 8.95125 -1.81789
v 12.97719 8.93131 -1.81643
v 12.97719 9.15893 1.29526
v 12.71719 9.11904 1.29817
v 12.71719 8.89141 -1.81351
v 12.67719 8.93130 -1.81643
v 12.67719 9.15893 1.29526
v 12.97719 9.15893 1.29526
v 12.97719 8.93131 -1.81643
v 12.93719 8.89141 -1.81351
v 12.93719 9.11904 1.29817
v 12.67719 9.17888 1.29380
v 12.67719 8.95125 -1.81789
v 12.71719 8.99115 -1.82081
v 12.71719 9.21877 1.29088
v 12.93719 9.21877 1.29088
v 12.93719 8.99115 -1.82081
v 12.97719 8.95125 -1.81789
v 12.97719 9.17888 1.29380
v 12.67719 9.15893 1.29526
v 12.67719 9.17888 1.29380
v 12.71719 9.18180 1.33369
v 12.71719 9.16185 1.33515
v 12.71719 8.92839 -1.85632
v 12.71719 8.94833 -1.85778
v 12.67719 8.95125 -1.81789
v 12.67719 8.93130 -1.81643
v 12.93719 9.16185 1.33515
v 12.93719 9.18180 1.33369
v 12.97719 9.17888 1.29380
v 12.97719 9.15893 1.29526
v 12.97719 8.93131 -1.81643
v 12.97719 8.95125 -1.81789
v 12.93719 8.94833 -1.85778
v 12.93719 8.92839 -1.85632
v 12.71719 9.16185 1.33515
v 12.93719 9.16185 1.33515
v 12.93719 9.11904 1.29817
v 12.71719 9.11904 1.29817
v 12.71719 9.21877 1.29088
v 12.93719 9.21877 1.29088
v 12.93719 9.18180 1.33369
v 12.71719 9.18180 1.33369
v 12.71719 8.89141 -1.81351
v 12.93719 8.89141 -1.81351
v 12.93719 8.92839 -1.85632
v 12.71719 8.92839 -1.85632
v 12.71719 8.94833 -1.85778
v 12.93719 8.94833 -1.85778
v 12.93719 8.99115 -1.82081
v 12.71719 8.99115 -1.82081
v 12.71719 9.16185 1.33515
v 12.71719 9.11904 1.29817
v 12.67719 9.15893 1.29526
v 12.97719 9.15893 1.29526
v 12.93719 9.11904 1.29817
v 12.93719 9.16185 1.33515
v 12.67719 9.17888 1.29380
v 12.71719 9.21877 1.29088
v 12.71719 9.18180 1.33369
v 12.93719 9.18180 1.33369
v 12.93719 9.21877 1.29088
v 12.97719 9.17888 1.29380
v 12.67719 8.93130 -1.81643
v 12.71719 8.89141 -1.81351
v 12.71719 8.92839 -1.85632
v 12.93719 8.92839 -1.85632
v 12.93719 8.89141 -1.81351
v 12.97719 8.93131 -1.81643
v 12.71719 8.94833 -1.85778
v 12.71719 8.99115 -1.82081
v 12.67719 8.95125 -1.81789
v 12.97719 8.95125 -1.81789
v 12.93719 8.99115 -1.82081
v 12.93719 8.94833 -1.85778
v 13.91719 9.16185 1.33515
v 13.91719 9.18180 1.33369
v 14.13719 9.18180 1.33369
v 14.13719 9.16185 1.33515
v 14.13719 8.92839 -1.85632
v 14.13719 8.94834 -1.85778
v 13.91719 8.94834 -1.85778
v 13.91719 8.92839 -1.85632
v 13.91719 9.11904 1.29817
v 14.13719 9.11904 1.29818
v 14.13719 8.89141 -1.81351
v 13.91719 8.89141 -1.81351
v 13.91719 8.99115 -1.82081
v 14.13719 8.99115 -1.82081
v 14.13719 9.21877 1.29088
v 13.91719 9.21877 1.29088
v 13.87719 9.15893 1.29526
v 13.87719 8.93131 -1.81643
v 13.87719 8.95125 -1.81789
v 13.87719 9.17888 1.29380
v 14.17719 9.17888 1.29380
v 14.17719 8.95125 -1.81789
v 14.17719 8.93131 -1.81643
v 14.17719 9.15893 1.29526
v 13.91719 9.11904 1.29817
v 13.91719 8.89141 -1.81351
v 13.87719 8.93131 -1.81643
v 13.87719 9.15893 1.29526
v 14.17719 9.15893 1.29526
v 14.17719 8.93131 -1.81643
v 14.13719 8.89141 -1.81351
v 14.13719 9.11904 1.29818
v 13.87719 9.17888 1.29380
v 13.87719 8.95125 -1.81789
v 13.91719 8.99115 -1.82081
v 13.91719 9.21877 1.29088
v 14.13719 9.21877 1.29088
v 14.13719 8.99115 -1.82081
v 14.17719 8.95125 -1.81789
v 14.17719 9.17888 1.29380
v 13.87719 9.15893 1.29526
v 13.87719 9.17888 1.29380
v 13.91719 9.18180 1.33369
v 13.91719 9.16185 1.33515
v 13.91719 8.92839 -1.85632
v 13.91719 8.94834 -1.85778
v 13.87719 8.95125 -1.81789
v 13.87719 8.93131 -1.81643
v 14.13719 9.16185 1.33515
v 14.13719 9.18180 1.33369
v 14.17719 9.17888 1.29380
v 14.17719 9.15893 1.29526
v 14.17719 8.93131 -1.81643
v 14.17719 8.95125 -1.81789
v 14.13719 8.94834 -1.85778
v 14.13719 8.92839 -1.85632
v 13.91719 9.16185 1.33515
v 14.13719 9.16185 1.33515
v 14.13719 9.11904 1.29818
v 13.91719 9.11904 1.29817
v 13.91719 9.21877 1.29088
v 14.13719 9.21877 1.29088
v 14.13719 9.18180 1.33369
v 13.91719 9.18180 1.33369
v 13.91719 8.89141 -1.81351
v 14.13719 8.89141 -1.81351
v 14.13719 8.92839 -1.85632
v 13.91719 8.92839 -1.85632
v 13.91719 8.94834 -1.85778
v 14.13719 8.94834 -1.85778
v 14.13719 8.99115 -1.82081
v 13.91719 8.99115 -1.82081
v 13.91719 9.16185 1.33515
v 13.91719 9.11904 1.29817
v 13.87719 9.15893 1.29526
v 14.17719 9.15893 1.29526
v 14.13719 9.11904 1.29818
v 14.13719 9.16185 1.33515
v 13.87719 9.17888 1.29380
v 13.91719 9.21877 1.29088
v 13.91719 9.18180 1.33369
v 14.13719 9.18180 1.33369
v 14.13719 9.21877 1.29088
v 14.17719 9.17888 1.29380
v 13.87719 8.93131 -1.81643
v 13.91719 8.89141 -1.81351
v 13.91719 8.92839 -1.85632
v 14.13719 8.92839 -1.85632
v 14.13719 8.89141 -1.81351
v 14.17719 8.93131 -1.81643
v 13.91719 8.94834 -1.85778
v 13.91719 8.99115 -1.82081
v 13.87719 8.95125 -1.81789
v 14.17719 8.95125 -1.81789
v 14.13719 8.99115 -1.82081
v 14.13719 8.94834 -1.85778
v 15.11719 9.16185 1.33515
v 15.11719 9.18180 1.33369
v 15.33719 9.18180 1.33369
v 15.33719 9.16185 1.33515
v 15.33719 8.92839 -1.85632
v 15.33719 8.94834 -1.85778
v 15.11719 8.94834 -1.85778
v 15.11720 8.92839 -1.85632
v 15.11719 9.11904 1.29818
v 15.33719 9.11904 1.29818
v 15.33719 8.89142 -1.81351
v 15.11720 8.89142 -1.81351
v 15.11719 8.99115 -1.82081
v 15.33719 8.99115 -1.82081
v 15.33719 9.21877 1.29088
v 15.11719 9.21877 1.29088
v 15.07719 9.15893 1.29526
v 15.07719 8.93131 -1.81643
v 15.07719 8.95126 -1.81789
v 15.07719 9.17888 1.29380
v 15.37719 9.17888 1.29380
v 15.37719 8.95126 -1.81789
v 15.37719 8.93131 -1.81643
v 15.37719 9.15893 1.29526
v 15.11719 9.11904 1.29818
v 15.11720 8.89142 -1.81351
v 15.07719 8.93131 -1.81643
v 15.07719 9.15893 1.29526
v 15.37719 9.15893 1.29526
v 15.37719 8.93131 -1.81643
v 15.33719 8.89142 -1.81351
v 15.33719 9.11904 1.29818
v 15.07719 9.17888 1.29380
v 15.07719 8.95126 -1.81789
v 15.11719 8.99115 -1.82081
v 15.11719 9.21877 1.29088
v 15.33719 9.21877 1.29088
v 15.33719 8.99115 -1.82081
v 15.37719 8.95126 -1.81789
v 15.37719 9.17888 1.29380
v 15.07719 9.15893 1.29526
v 15.07719 9.17888 1.29380
v 15.11719 9.18180 1.33369
v 15.11719 9.16185 1.33515
v 15.11720 8.92839 -1.85632
v 15.11719 8.94834 -1.85778
v 15.07719 8.95126 -1.81789
v 15.07719 8.93131 -1.81643
v 15.33719 9.16185 1.33515
v 15.33719 9.18180 1.33369
v 15.37719 9.17888 1.29380
v 15.37719 9.15893 1.29526
v 15.37719 8.93131 -1.81643
v 15.37719 8.95126 -1.81789
v 15.33719 8.94834 -1.85778
v 15.33719 8.92839 -1.85632
v 15.11719 9.16185 1.33515
v 15.33719 9.16185 1.33515
v 15.33719 9.11904 1.29818
v 15.11719 9.11904 1.29818
v 15.11719 9.21877 1.29088
v 15.33719 9.21877 1.29088
v 15.33719 9.18180 1.33369
v 15.11719 9.18180 1.33369
v 15.11720 8.89142 -1.81351
v 15.33719 8.89142 -1.81351
v 15.33719 8.92839 -1.85632
v 15.11720 8.92839 -1.85632
v 15.11719 8.94834 -1.85778
v 15.33719 8.94834 -1.85778
v 15.33719 8.99115 -1.82081
v 15.11719 8.99115 -1.82081
v 15.11719 9.16185 1.33515
v 15.11719 9.11904 1.29818
v 15.07719 9.15893 1.29526
v 15.37719 9.15893 1.29526
v 15.33719 9.11904 1.29818
v 15.33719 9.16185 1.33515
v 15.07719 9.17888 1.29380
v 15.11719 9.21877 1.29088
v 15.11719 9.18180 1.33369
v 15.33719 9.18180 1.33369
v 15.33719 9.21877 1.29088
v 15.37719 9.17888 1.29380
v 15.07719 8.93131 -1.81643
v 15.11720 8.89142 -1.81351
v 15.11720 8.92839 -1.85632
v 15.33719 8.92839 -1.85632
v 15.33719 8.89142 -1.81351
v 15.37719 8.93131 -1.81643
v 15.11719 8.94834 -1.85778
v 15.11719 8.99115 -1.82081
v 15.07719 8.95126 -1.81789
v 15.37719 8.95126 -1.81789
v 15.33719 8.99115 -1.82081
v 15.33719 8.94834 -1.85778
v 11.06498 -8.09547 3.09888
v 11.06498 -6.89867 3.01134
v 11.76498 -6.89866 3.01134
v 11.76498 -8.09547 3.09888
v 11.76498 -8.46025 -1.88779
v 11.76498 -7.26345 -1.97534
v 11.06498 -7.26345 -1.97534
v 11.06498 -8.46025 -1.88779
v 11.06498 -8.52358 2.72913
v 11.76498 -8.52358 2.72913
v 11.76499 -8.83000 -1.45968
v 11.06499 -8.83000 -1.45968
v 11.06498 -6.83533 -1.60559
v 11.76498 -6.83533 -1.60559
v 11.76498 -6.52891 2.58322
v 11.06498 -6.52891 2.58322
v 10.66498 -8.12465 2.69995
v 10.66498 -8.43107 -1.48886
v 10.66498 -7.23427 -1.57641
v 10.66498 -6.92785 2.61240
v 12.16498 -6.92785 2.61240
v 12.16498 -7.23426 -1.57641
v 12.16498 -8.43107 -1.48886
v 12.16498 -8.12465 2.69995
v 11.06498 -8.52358 2.72913
v 11.06499 -8.83000 -1.45968
v 10.66498 -8.43107 -1.48886
v 10.66498 -8.12465 2.69995
v 12.16498 -8.12465 2.69995
v 12.16498 -8.43107 -1.48886
v 11.76499 -8.83000 -1.45968
v 11.76498 -8.52358 2.72913
v 10.66498 -6.92785 2.61240
v 10.66498 -7.23427 -1.57641
v 11.06498 -6.83533 -1.60559
v 11.06498 -6.52891 2.58322
v 11.76498 -6.52891 2.58322
v 11.76498 -6.83533 -1.60559
v 12.16498 -7.23426 -1.57641
v 12.16498 -6.92785 2.61240
v 10.66498 -8.12465 2.69995
v 10.66498 -6.92785 2.61240
v 11.06498 -6.89867 3.01134
v 11.06498 -8.09547 3.09888
v 11.06498 -8.46025 -1.88779
v 11.06498 -7.26345 -1.97534
v 10.66498 -7.23427 -1.57641
v 10.66498 -8.43107 -1.48886
v 11.76498 -8.09547 3.09888
v 11.76498 -6.89866 3.01134
v 12.16498 -6.92785 2.61240
v 12.16498 -8.12465 2.69995
v 12.16498 -8.43107 -1.48886
v 12.16498 -7.23426 -1.57641
v 11.76498 -7.26345 -1.97534
v 11.76498 -8.46025 -1.88779
v 11.06498 -8.09547 3.09888
v 11.76498 -8.09547 3.09888
v 11.76498 -8.52358 2.72913
v 11.06498 -8.52358 2.72913
v 11.06498 -6.52891 2.58322
v 11.76498 -6.52891 2.58322
v 11.76498 -6.89866 3.01134
v 11.06498 -6.89867 3.01134
v 11.06499 -8.83000 -1.45968
v 11.76499 -8.83000 -1.45968
v 11.76498 -8.46025 -1.88779
v 11.06498 -8.46025 -1.88779
v 11.06498 -7.26345 -1.97534
v 11.76498 -7.26345 -1.97534
v 11.76498 -6.83533 -1.60559
v 11.06498 -6.83533 -1.60559
v 11.06498 -8.09547 3.09888
v 11.06498 -8.52358 2.72913
v 10.66498 -8.12465 2.69995
v 12.16498 -8.12465 2.69995
v 11.76498 -8.52358 2.72913
v 11.76498 -8.09547 3.09888
v 10.66498 -6.92785 2.61240
v 11.06498 -6.52891 2.58322
v 11.06498 -6.89867 3.01134
v 11.76498 -6.89866 3.01134
v 11.76498 -6.52891 2.58322
v 12.16498 -6.92785 2.61240
v 10.66498 -8.43107 -1.48886
v 11.06499 -8.83000 -1.45968
v 11.06498 -8.46025 -1.88779
v 11.76498 -8.46025 -1.88779
v 11.76499 -8.83000 -1.45968
v 12.16498 -8.43107 -1.48886
v 11.06498 -7.26345 -1.97534
v 11.06498 -6.83533 -1.60559
v 10.66498 -7.23427 -1.57641
v 12.16498 -7.23426 -1.57641
v 11.76498 -6.83533 -1.60559
v 11.76498 -7.26345 -1.97534
v 14.06498 -8.09546 3.09889
v 14.06498 -6.89866 3.01134
v 14.76498 -6.89866 3.01134
v 14.76498 -8.09546 3.09889
v 14.76498 -8.46024 -1.88779
v 14.76498 -7.26344 -1.97534
v 14.06498 -7.26344 -1.97534
v 14.06498 -8.46024 -1.88779
v 14.06498 -8.52358 2.72913
v 14.76498 -8.52358 2.72913
v 14.76499 -8.82999 -1.45967
v 14.06499 -8.83000 -1.45967
v 14.06498 -6.83533 -1.60559
v 14.76498 -6.83532 -1.60559
v 14.76498 -6.52891 2.58322
v 14.06498 -6.52891 2.58322
v 13.66498 -8.12465 2.69995
v 13.66498 -8.43106 -1.48886
v 13.66498 -7.23426 -1.57640
v 13.66498 -6.92784 2.61240
v 15.16498 -6.92784 2.61240
v 15.16498 -7.23426 -1.57640
v 15.16498 -8.43106 -1.48886
v 15.16498 -8.12464 2.69995
v 14.06498 -8.52358 2.72913
v 14.06499 -8.83000 -1.45967
v 13.66498 -8.43106 -1.48886
v 13.66498 -8.12465 2.69995
v 15.16498 -8.12464 2.69995
v 15.16498 -8.43106 -1.48886
v 14.76499 -8.82999 -1.45967
v 14.76498 -8.52358 2.72913
v 13.66498 -6.92784 2.61240
v 13.66498 -7.23426 -1.57640
v 14.06498 -6.83533 -1.60559
v 14.06498 -6.52891 2.58322
v 14.76498 -6.52891 2.58322
v 14.76498 -6.83532 -1.60559
v 15.16498 -7.23426 -1.57640
v 15.16498 -6.92784 2.61240
v 13.66498 -8.12465 2.69995
v 13.66498 -6.92784 2.61240
v 14.06498 -6.89866 3.01134
v 14.06498 -8.09546 3.09889
v 14.06498 -8.46024 -1.88779
v 14.06498 -7.26344 -1.97534
v 13.66498 -7.23426 -1.57640
v 13.66498 -8.43106 -1.48886
v 14.76498 -8.09546 3.09889
v 14.76498 -6.89866 3.01134
v 15.16498 -6.92784 2.61240
v 15.16498 -8.12464 2.69995
v 15.16498 -8.43106 -1.48886
v 15.16498 -7.23426 -1.57640
v 14.76498 -7.26344 -1.97534
v 14.76498 -8.46024 -1.88779
v 14.06498 -8.09546 3.09889
v 14.76498 -8.09546 3.09889
v 14.76498 -8.52358 2.72913
v 14.06498 -8.52358 2.72913
v 14.06498 -6.52891 2.58322
v 14.76498 -6.52891 2.58322
v 14.76498 -6.89866 3.01134
v 14.06498 -6.89866 3.01134
v 14.06499 -8.83000 -1.45967
v 14.76499 -8.82999 -1.45967
v 14.76498 -8.46024 -1.88779
v 14.06498 -8.46024 -1.88779
v 14.06498 -7.26344 -1.97534
v 14.76498 -7.26344 -1.97534
v 14.76498 -6.83532 -1.60559
v 14.06498 -6.83533 -1.60559
v 14.06498 -8.09546 3.09889
v 14.06498 -8.52358 2.72913
v 13.66498 -8.12465 2.69995
v 15.16498 -8.12464 2.69995
v 14.76498 -8.52358 2.72913
v 14.76498 -8.09546 3.09889
v 13.66498 -6.92784 2.61240
v 14.06498 -6.52891 2.58322
v 14.06498 -6.89866 3.01134
v 14.76498 -6.89866 3.01134
v 14.76498 -6.52891 2.58322
v 15.16498 -6.92784 2.61240
v 13.66498 -8.43106 -1.48886
v 14.06499 -8.83000 -1.45967
v 14.06498 -8.46024 -1.88779
v 14.76498 -8.46024 -1.88779
v 14.76499 -8.82999 -1.45967
v 15.16498 -8.43106 -1.48886
v 14.06498 -7.26344 -1.97534
v 14.06498 -6.83533 -1.60559
v 13.66498 -7.23426 -1.57640
v 15.16498 -7.23426 -1.57640
v 14.76498 -6.83532 -1.60559
v 14.76498 -7.26344 -1.97534
v 17.06498 -8.09546 3.09889
v 17.06498 -6.89865 3.01134
v 17.76498 -6.89865 3.01134
v 17.76498 -8.09545 3.09889
v 17.76498 -8.46024 -1.88779
v 17.76498 -7.26343 -1.97534
v 17.06498 -7.26344 -1.97534
v 17.06499 -8.46024 -1.88779
v 17.06498 -8.52357 2.72914
v 17.76498 -8.52357 2.72914
v 17.76498 -8.82999 -1.45967
v 17.06499 -8.82999 -1.45967
v 17.06498 -6.83532 -1.60559
v 17.76498 -6.83532 -1.60559
v 17.76498 -6.52890 2.58322
v 17.06498 -6.52890 2.58322
v 16.66498 -8.12464 2.69995
v 16.66498 -8.43106 -1.48886
v 16.66498 -7.23425 -1.57640
v 16.66498 -6.92784 2.61240
v 18.16498 -6.92783 2.61241
v 18.16498 -7.23425 -1.57640
v 18.16498 -8.43105 -1.48885
v 18.16498 -8.12464 2.69995
v 17.06498 -8.52357 2.72914
v 17.06499 -8.82999 -1.45967
v 16.66498 -8.43106 -1.48886
v 16.66498 -8.12464 2.69995
v 18.16498 -8.12464 2.69995
v 18.16498 -8.43105 -1.48885
v 17.76498 -8.82999 -1.45967
v 17.76498 -8.52357 2.72914
v 16.66498 -6.92784 2.61240
v 16.66498 -7.23425 -1.57640
v 17.06498 -6.83532 -1.60559
v 17.06498 -6.52890 2.58322
v 17.76498 -6.52890 2.58322
v 17.76498 -6.83532 -1.60559
v 18.16498 -7.23425 -1.57640
v 18.16498 -6.92783 2.61241
v 16.66498 -8.12464 2.69995
v 16.66498 -6.92784 2.61240
v 17.06498 -6.89865 3.01134
v 17.06498 -8.09546 3.09889
v 17.06499 -8.46024 -1.88779
v 17.06498 -7.26344 -1.97534
v 16.66498 -7.23425 -1.57640
v 16.66498 -8.43106 -1.48886
v 17.76498 -8.09545 3.09889
v 17.76498 -6.89865 3.01134
v 18.16498 -6.92783 2.61241
v 18.16498 -8.12464 2.69995
v 18.16498 -8.43105 -1.48885
v 18.16498 -7.23425 -1.57640
v 17.76498 -7.26343 -1.97534
v 17.76498 -8.46024 -1.88779
v 17.06498 -8.09546 3.09889
v 17.76498 -8.09545 3.09889
v 17.76498 -8.52357 2.72914
v 17.06498 -8.52357 2.72914
v 17.06498 -6.52890 2.58322
v 17.76498 -6.52890 2.58322
v 17.76498 -6.89865 3.01134
v 17.06498 -6.89865 3.01134
v 17.06499 -8.82999 -1.45967
v 17.76498 -8.82999 -1.45967
v 17.76498 -8.46024 -1.88779
v 17.06499 -8.46024 -1.88779
v 17.06498 -7.26344 -1.97534
v 17.76498 -7.26343 -1.97534
v 17.76498 -6.83532 -1.60559
v 17.06498 -6.83532 -1.60559
v 17.06498 -8.09546 3.09889
v 17.06498 -8.52357 2.72914
v 16.66498 -8.12464 2.69995
v 18.16498 -8.12464 2.69995
v 17.76498 -8.52357 2.72914
v 17.76498 -8.09545 3.09889
v 16.66498 -6.92784 2.61240
v 17.06498 -6.52890 2.58322
v 17.06498 -6.89865 3.01134
v 17.76498 -6.89865 3.01134
v 17.76498 -6.52890 2.58322
v 18.16498 -6.92783 2.61241
v 16.66498 -8.43106 -1.48886
v 17.06499 -8.82999 -1.45967
v 17.06499 -8.46024 -1.88779
v 17.76498 -8.46024 -1.88779
v 17.76498 -8.82999 -1.45967
v 18.16498 -8.43105 -1.48885
v 17.06498 -7.26344 -1.97534
v 17.06498 -6.83532 -1.60559
v 16.66498 -7.23425 -1.57640
v 18.16498 -7.23425 -1.57640
v 17.76498 -6.83532 -1.60559
v 17.76498 -7.26343 -1.97534
vt 0.108442 0.885161
vt 0.108442 0.886047
vt 0.128442 0.869020
vt 0.128442 0.868001
vt 0.108442 0.917157
vt 0.128442 0.899997
vt 0.128442 0.900774
vt 0.108442 0.917802
vt 0.108442 0.886047
vt 0.108442 0.889106
vt 0.128442 0.872535
vt 0.128442 0.869020
vt 0.108442 0.917802
vt 0.128442 0.900774
vt 0.128442 0.903443
vt 0.108442 0.920013
vt 0.108442 0.889106
vt 0.108442 0.894278
vt 0.128442 0.878481
vt 0.128442 0.872535
vt 0.108442 0.920013
vt 0.128442 0.903443
vt 0.128442 0.907951
vt 0.108442 0.923749
vt 0.108442 0.894278
vt 0.108442 0.901466
vt 0.128442 0.886742
vt 0.128442 0.878481
vt 0.108442 0.923749
vt 0.128442 0.907951
vt 0.128442 0.914215
vt 0.108442 0.928938
vt 0.108442 0.901466
vt 0.108442 0.910532
vt 0.128442 0.897163
vt 0.128442 0.886742
vt 0.108442 0.928938
vt 0.128442 0.914215
vt 0.128442 0.922113
vt 0.108442 0.935482
vt 0.108442 0.910532
vt 0.108442 0.921303
vt 0.128442 0.909543
vt 0.128442 0.897163
vt 0.108442 0.935482
vt 0.128442 0.922113
vt 0.128442 0.931496
vt 0.108442 0.943255
vt 0.108442 0.921303
vt 0.108442 0.933574
vt 0.128442 0.923648
vt 0.128442 0.909543
vt 0.108442 0.943255
vt 0.128442 0.931496
vt 0.128442 0.942185
vt 0.108442 0.952111
vt 0.108442 0.933574
vt 0.108442 0.947111
vt 0.128442 0.939208
vt 0.128442 0.923648
vt 0.108442 0.952111
vt 0.128442 0.942185
vt 0.128442 0.953976
vt 0.108442 0.961879
vt 0.108442 0.947111
vt 0.108442 0.961657
vt 0.128442 0.955927
vt 0.128442 0.939208
vt 0.108442 0.961879
vt 0.128442 0.953976
vt 0.128442 0.966644
vt 0.108442 0.972373
vt 0.108442 0.961657
vt 0.108442 0.976933
vt 0.128442 0.973486
vt 0.128442 0.955927
vt 0.108442 0.972373
vt 0.128442 0.966644
vt 0.128442 0.979948
vt 0.108442 0.983395
vt 0.108442 0.976933
vt 0.108442 0.992649
vt 0.128442 0.991551
vt 0.128442 0.973486
vt 0.108442 0.983395
vt 0.128442 0.979948
vt 0.128442 0.993634
vt 0.108442 0.994732
vt 0.108442 0.992649
vt 0.108442 1.008505
vt 0.128442 1.009776
vt 0.128442 0.991551
vt 0.108442 0.994732
vt 0.128442 0.993634
vt 0.128442 1.007442
vt 0.108442 1.006171
vt 0.108442 1.008505
vt 0.108442 1.024199
vt 0.128442 1.027815
vt 0.128442 1.009776
vt 0.108442 1.006171
vt 0.128442 1.007442
vt 0.128442 1.021107
vt 0.108442 1.017491
vt 0.108442 1.024199
vt 0.108442 1.039432
vt 0.128442 1.045324
vt 0.128442 1.027815
vt 0.108442 1.017491
vt 0.128442 1.021107
vt 0.128442 1.034370
vt 0.108442 1.028478
vt 0.108442 1.039432
vt 0.108442 1.053913
vt 0.128442 1.061969
vt 0.128442 1.045324
vt 0.108442 1.028478
vt 0.128442 1.034370
vt 0.128442 1.046979
vt 0.108442 1.038923
vt 0.108442 1.053913
vt 0.108442 1.067367
vt 0.128442 1.077433
vt 0.128442 1.061969
vt 0.108442 1.038923
vt 0.128442 1.046979
vt 0.128442 1.058691
vt 0.108442 1.048625
vt 0.108442 1.067367
vt 0.108442 1.079536
vt 0.128442 1.091421
vt 0.128442 1.077433
vt 0.108442 1.048625
vt 0.128442 1.058691
vt 0.128442 1.069285
vt 0.108442 1.057401
vt 0.108442 1.079536
vt 0.108442 1.090189
vt 0.128442 1.103666
vt 0.128442 1.091421
vt 0.108442 1.057401
vt 0.128442 1.069285
vt 0.128442 1.078559
vt 0.108442 1.065082
vt 0.108442 1.090189
vt 0.108442 1.099124
vt 0.128442 1.113935
vt 0.128442 1.103666
vt 0.108442 1.065082
vt 0.128442 1.078559
vt 0.128442 1.086335
vt 0.108442 1.071523
vt 0.108442 1.099124
vt 0.108442 1.106168
vt 0.128442 1.122033
vt 0.128442 1.113935
vt 0.108442 1.071523
vt 0.128442 1.086335
vt 0.128442 1.092465
vt 0.108442 1.076601
vt 0.108442 1.106168
vt 0.108442 1.111189
vt 0.128442 1.127804
vt 0.128442 1.122033
vt 0.108442 1.076601
vt 0.128442 1.092465
vt 0.128442 1.096833
vt 0.108442 1.080218
vt 0.108442 1.111189
vt 0.108442 1.114091
vt 0.128442 1.131139
vt 0.128442 1.127804
vt 0.108442 1.080218
vt 0.128442 1.096833
vt 0.128442 1.099355
vt 0.108442 1.082307
vt 0.108442 1.114091
vt 0.108442 1.114818
vt 0.128442 1.131975
vt 0.128442 1.131139
vt 0.108442 1.082307
vt 0.128442 1.099355
vt 0.128442 1.099983
vt 0.108442 1.082826
vt 0.108442 1.114818
vt 0.108442 1.113357
vt 0.128442 1.130295
vt 0.128442 1.131975
vt 0.108442 1.082826
vt 0.128442 1.099983
vt 0.128442 1.098705
vt 0.108442 1.081767
vt 0.128442 0.868001
vt 0.128442 0.869020
vt 0.265512 0.872964
vt 0.265512 0.871935
vt 0.128442 0.899997
vt 0.265512 0.903932
vt 0.265512 0.904719
vt 0.128442 0.900774
vt 0.128442 0.869020
vt 0.128442 0.872535
vt 0.265512 0.876414
vt 0.265512 0.872964
vt 0.128442 0.900774
vt 0.265512 0.904719
vt 0.265512 0.907322
vt 0.128442 0.903443
vt 0.128442 0.872535
vt 0.128442 0.878481
vt 0.265512 0.882221
vt 0.265512 0.876414
vt 0.128442 0.903443
vt 0.265512 0.907322
vt 0.265512 0.911691
vt 0.128442 0.907951
vt 0.128442 0.878481
vt 0.128442 0.886742
vt 0.265512 0.890272
vt 0.265512 0.882221
vt 0.128442 0.907951
vt 0.265512 0.911691
vt 0.265512 0.917744
vt 0.128442 0.914215
vt 0.128442 0.886742
vt 0.128442 0.897163
vt 0.265512 0.900414
vt 0.265512 0.890272
vt 0.128442 0.914215
vt 0.265512 0.917744
vt 0.265512 0.925365
vt 0.128442 0.922113
vt 0.128442 0.897163
vt 0.128442 0.909543
vt 0.265512 0.912455
vt 0.265512 0.900414
vt 0.128442 0.922113
vt 0.265512 0.925365
vt 0.265512 0.934408
vt 0.128442 0.931496
vt 0.128442 0.909543
vt 0.128442 0.923648
vt 0.265512 0.926165
vt 0.265512 0.912455
vt 0.128442 0.931496
vt 0.265512 0.934408
vt 0.265512 0.944701
vt 0.128442 0.942185
vt 0.128442 0.923648
vt 0.128442 0.939208
vt 0.265512 0.941282
vt 0.265512 0.926165
vt 0.128442 0.942185
vt 0.265512 0.944701
vt 0.265512 0.956049
vt 0.128442 0.953976
vt 0.128442 0.939208
vt 0.128442 0.955927
vt 0.265512 0.957518
vt 0.265512 0.941282
vt 0.128442 0.953976
vt 0.265512 0.956049
vt 0.265512 0.968234
vt 0.128442 0.966644
vt 0.128442 0.955927
vt 0.128442 0.973486
vt 0.265512 0.974564
vt 0.265512 0.957518
vt 0.128442 0.966644
vt 0.265512 0.968234
vt 0.265512 0.981025
vt 0.128442 0.979948
vt 0.128442 0.973486
vt 0.128442 0.991551
vt 0.265512 0.992095
vt 0.265512 0.974564
vt 0.128442 0.979948
vt 0.265512 0.981025
vt 0.265512 0.994178
vt 0.128442 0.993634
vt 0.128442 0.991551
vt 0.128442 1.009776
vt 0.265512 1.009776
vt 0.265512 0.992095
vt 0.128442 0.993634
vt 0.265512 0.994178
vt 0.265512 1.007441
vt 0.128442 1.007442
vt 0.128442 1.009776
vt 0.128442 1.027815
vt 0.265512 1.027271
vt 0.265512 1.009776
vt 0.128442 1.007442
vt 0.265512 1.007441
vt 0.265512 1.020563
vt 0.128442 1.021107
vt 0.128442 1.027815
vt 0.128442 1.045324
vt 0.265512 1.044246
vt 0.265512 1.027271
vt 0.128442 1.021107
vt 0.265512 1.020563
vt 0.265512 1.033293
vt 0.128442 1.034370
vt 0.128442 1.045324
vt 0.128442 1.061969
vt 0.265512 1.060378
vt 0.265512 1.044246
vt 0.128442 1.034370
vt 0.265512 1.033293
vt 0.265512 1.045388
vt 0.128442 1.046979
vt 0.128442 1.061969
vt 0.128442 1.077433
vt 0.265512 1.075359
vt 0.265512 1.060378
vt 0.128442 1.046979
vt 0.265512 1.045388
vt 0.265512 1.056618
vt 0.128442 1.058691
vt 0.128442 1.077433
vt 0.128442 1.091421
vt 0.265512 1.088904
vt 0.265512 1.075359
vt 0.128442 1.058691
vt 0.265512 1.056618
vt 0.265512 1.066769
vt 0.128442 1.069285
vt 0.128442 1.091421
vt 0.128442 1.103666
vt 0.265512 1.100754
vt 0.265512 1.088904
vt 0.128442 1.069285
vt 0.265512 1.066769
vt 0.265512 1.075647
vt 0.128442 1.078559
vt 0.128442 1.103666
vt 0.128442 1.113935
vt 0.265512 1.110683
vt 0.265512 1.100754
vt 0.128442 1.078559
vt 0.265512 1.075647
vt 0.265512 1.083083
vt 0.128442 1.086335
vt 0.128442 1.113935
vt 0.128442 1.122033
vt 0.265512 1.118503
vt 0.265512 1.110683
vt 0.128442 1.086335
vt 0.265512 1.083083
vt 0.265512 1.088935
vt 0.128442 1.092465
vt 0.128442 1.122033
vt 0.128442 1.127804
vt 0.265512 1.124064
vt 0.265512 1.118503
vt 0.128442 1.092465
vt 0.265512 1.088935
vt 0.265512 1.093093
vt 0.128442 1.096833
vt 0.128442 1.127804
vt 0.128442 1.131139
vt 0.265512 1.127260
vt 0.265512 1.124064
vt 0.128442 1.096833
vt 0.265512 1.093093
vt 0.265512 1.095476
vt 0.128442 1.099355
vt 0.128442 1.131139
vt 0.128442 1.131975
vt 0.265512 1.128031
vt 0.265512 1.127260
vt 0.128442 1.099355
vt 0.265512 1.095476
vt 0.265512 1.096038
vt 0.128442 1.099983
vt 0.128442 1.131975
vt 0.128442 1.130295
vt 0.265512 1.126361
vt 0.265512 1.128031
vt 0.128442 1.099983
vt 0.265512 1.096038
vt 0.265512 1.094771
vt 0.128442 1.098705
vt 0.265512 0.871935
vt 0.265512 0.872964
vt 0.453721 0.900480
vt 0.453721 0.899638
vt 0.265512 0.903932
vt 0.453721 0.931634
vt 0.453721 0.932234
vt 0.265512 0.904719
vt 0.265512 0.872964
vt 0.265512 0.876414
vt 0.453721 0.903219
vt 0.453721 0.900480
vt 0.265512 0.904719
vt 0.453721 0.932234
vt 0.453721 0.934126
vt 0.265512 0.907322
vt 0.265512 0.876414
vt 0.265512 0.882221
vt 0.453721 0.907802
vt 0.453721 0.903219
vt 0.265512 0.907322
vt 0.453721 0.934126
vt 0.453721 0.937273
vt 0.265512 0.911691
vt 0.265512 0.882221
vt 0.265512 0.890272
vt 0.453721 0.914143
vt 0.453721 0.907802
vt 0.265512 0.911691
vt 0.453721 0.937273
vt 0.453721 0.941616
vt 0.265512 0.917744
vt 0.265512 0.890272
vt 0.265512 0.900414
vt 0.453721 0.922121
vt 0.453721 0.914143
vt 0.265512 0.917744
vt 0.453721 0.941616
vt 0.453721 0.947071
vt 0.265512 0.925365
vt 0.265512 0.900414
vt 0.265512 0.912455
vt 0.453721 0.931583
vt 0.453721 0.922121
vt 0.265512 0.925365
vt 0.453721 0.947071
vt 0.453721 0.953536
vt 0.265512 0.934408
vt 0.265512 0.912455
vt 0.265512 0.926165
vt 0.453721 0.942349
vt 0.453721 0.931583
vt 0.265512 0.934408
vt 0.453721 0.953536
vt 0.453721 0.960886
vt 0.265512 0.944701
vt 0.265512 0.926165
vt 0.265512 0.941282
vt 0.453721 0.954214
vt 0.453721 0.942349
vt 0.265512 0.944701
vt 0.453721 0.960886
vt 0.453721 0.968982
vt 0.265512 0.956049
vt 0.265512 0.941282
vt 0.265512 0.957518
vt 0.453721 0.966952
vt 0.453721 0.954214
vt 0.265512 0.956049
vt 0.453721 0.968982
vt 0.453721 0.977669
vt 0.265512 0.968234
vt 0.265512 0.957518
vt 0.265512 0.974564
vt 0.453721 0.980320
vt 0.453721 0.966952
vt 0.265512 0.968234
vt 0.453721 0.977669
vt 0.453721 0.986781
vt 0.265512 0.981025
vt 0.265512 0.974564
vt 0.265512 0.992095
vt 0.453721 0.994062
vt 0.453721 0.980320
vt 0.265512 0.981025
vt 0.453721 0.986781
vt 0.453721 0.996146
vt 0.265512 0.994178
vt 0.265512 0.992095
vt 0.265512 1.009776
vt 0.453721 1.007918
vt 0.453721 0.994062
vt 0.265512 0.994178
vt 0.453721 0.996146
vt 0.453721 1.005584
vt 0.265512 1.007441
vt 0.265512 1.009776
vt 0.265512 1.027271
vt 0.453721 1.021623
vt 0.453721 1.007918
vt 0.265512 1.007441
vt 0.453721 1.005584
vt 0.453721 1.014915
vt 0.265512 1.020563
vt 0.265512 1.027271
vt 0.265512 1.044246
vt 0.453721 1.034916
vt 0.453721 1.021623
vt 0.265512 1.020563
vt 0.453721 1.014915
vt 0.453721 1.023963
vt 0.265512 1.033293
vt 0.265512 1.044246
vt 0.265512 1.060378
vt 0.453721 1.047544
vt 0.453721 1.034916
vt 0.265512 1.033293
vt 0.453721 1.023963
vt 0.453721 1.032553
vt 0.265512 1.045388
vt 0.265512 1.060378
vt 0.265512 1.075359
vt 0.453721 1.059265
vt 0.453721 1.047544
vt 0.265512 1.045388
vt 0.453721 1.032553
vt 0.453721 1.040523
vt 0.265512 1.056618
vt 0.265512 1.075359
vt 0.265512 1.088904
vt 0.453721 1.069856
vt 0.453721 1.059265
vt 0.265512 1.056618
vt 0.453721 1.040523
vt 0.453721 1.047721
vt 0.265512 1.066769
vt 0.265512 1.088904
vt 0.265512 1.100754
vt 0.453721 1.079116
vt 0.453721 1.069856
vt 0.265512 1.066769
vt 0.453721 1.047721
vt 0.453721 1.054009
vt 0.265512 1.075647
vt 0.265512 1.100754
vt 0.265512 1.110683
vt 0.453721 1.086868
vt 0.453721 1.079116
vt 0.265512 1.075647
vt 0.453721 1.054009
vt 0.453721 1.059267
vt 0.265512 1.083083
vt 0.265512 1.110683
vt 0.265512 1.118503
vt 0.453721 1.092964
vt 0.453721 1.086868
vt 0.265512 1.083083
vt 0.453721 1.059267
vt 0.453721 1.063396
vt 0.265512 1.088935
vt 0.265512 1.118503
vt 0.265512 1.124064
vt 0.453721 1.097288
vt 0.453721 1.092964
vt 0.265512 1.088935
vt 0.453721 1.063396
vt 0.453721 1.066317
vt 0.265512 1.093093
vt 0.265512 1.124064
vt 0.265512 1.127260
vt 0.453721 1.099758
vt 0.453721 1.097288
vt 0.265512 1.093093
vt 0.453721 1.066317
vt 0.453721 1.067973
vt 0.265512 1.095476
vt 0.265512 1.127260
vt 0.265512 1.128031
vt 0.453721 1.100326
vt 0.453721 1.099758
vt 0.265512 1.095476
vt 0.453721 1.067973
vt 0.453721 1.068334
vt 0.265512 1.096038
vt 0.265512 1.128031
vt 0.265512 1.126361
vt 0.453721 1.098981
vt 0.453721 1.100326
vt 0.265512 1.096038
vt 0.453721 1.068334
vt 0.453721 1.067392
vt 0.265512 1.094771
vt 0.453721 0.899638
vt 0.453721 0.900480
vt 0.473721 0.909653
vt 0.473721 0.908869
vt 0.453721 0.931634
vt 0.473721 0.940866
vt 0.473721 0.941408
vt 0.453721 0.932234
vt 0.453721 0.900480
vt 0.453721 0.903219
vt 0.473721 0.912159
vt 0.473721 0.909653
vt 0.453721 0.932234
vt 0.473721 0.941408
vt 0.473721 0.943067
vt 0.453721 0.934126
vt 0.453721 0.903219
vt 0.453721 0.907802
vt 0.473721 0.916340
vt 0.473721 0.912159
vt 0.453721 0.934126
vt 0.473721 0.943067
vt 0.473721 0.945811
vt 0.453721 0.937273
vt 0.453721 0.907802
vt 0.453721 0.914143
vt 0.473721 0.922115
vt 0.473721 0.916340
vt 0.453721 0.937273
vt 0.473721 0.945811
vt 0.473721 0.949588
vt 0.453721 0.941616
vt 0.453721 0.914143
vt 0.453721 0.922121
vt 0.473721 0.929375
vt 0.473721 0.922115
vt 0.453721 0.941616
vt 0.473721 0.949588
vt 0.473721 0.954325
vt 0.453721 0.947071
vt 0.453721 0.922121
vt 0.453721 0.931583
vt 0.473721 0.937981
vt 0.473721 0.929375
vt 0.453721 0.947071
vt 0.473721 0.954325
vt 0.473721 0.959934
vt 0.453721 0.953536
vt 0.453721 0.931583
vt 0.453721 0.942349
vt 0.473721 0.947769
vt 0.473721 0.937981
vt 0.453721 0.953536
vt 0.473721 0.959934
vt 0.473721 0.966306
vt 0.453721 0.960886
vt 0.453721 0.942349
vt 0.453721 0.954214
vt 0.473721 0.958553
vt 0.473721 0.947769
vt 0.453721 0.960886
vt 0.473721 0.966306
vt 0.473721 0.973320
vt 0.453721 0.968982
vt 0.453721 0.954214
vt 0.453721 0.966952
vt 0.473721 0.970127
vt 0.473721 0.958553
vt 0.453721 0.968982
vt 0.473721 0.973320
vt 0.473721 0.980843
vt 0.453721 0.977669
vt 0.453721 0.966952
vt 0.453721 0.980320
vt 0.473721 0.982270
vt 0.473721 0.970127
vt 0.453721 0.977669
vt 0.473721 0.980843
vt 0.473721 0.988731
vt 0.453721 0.986781
vt 0.453721 0.980320
vt 0.453721 0.994062
vt 0.473721 0.994751
vt 0.473721 0.982270
vt 0.453721 0.986781
vt 0.473721 0.988731
vt 0.473721 0.996834
vt 0.453721 0.996146
vt 0.453721 0.994062
vt 0.453721 1.007918
vt 0.473721 1.007332
vt 0.473721 0.994751
vt 0.453721 0.996146
vt 0.473721 0.996834
vt 0.473721 1.004997
vt 0.453721 1.005584
vt 0.453721 1.007918
vt 0.453721 1.021623
vt 0.473721 1.019773
vt 0.473721 1.007332
vt 0.453721 1.005584
vt 0.473721 1.004997
vt 0.473721 1.013065
vt 0.453721 1.014915
vt 0.453721 1.021623
vt 0.453721 1.034916
vt 0.473721 1.031838
vt 0.473721 1.019773
vt 0.453721 1.014915
vt 0.473721 1.013065
vt 0.473721 1.020884
vt 0.453721 1.023963
vt 0.453721 1.034916
vt 0.453721 1.047544
vt 0.473721 1.043295
vt 0.473721 1.031838
vt 0.453721 1.023963
vt 0.473721 1.020884
vt 0.473721 1.028305
vt 0.453721 1.032553
vt 0.453721 1.047544
vt 0.453721 1.059265
vt 0.473721 1.053928
vt 0.473721 1.043295
vt 0.453721 1.032553
vt 0.473721 1.028305
vt 0.473721 1.035186
vt 0.453721 1.040523
vt 0.453721 1.059265
vt 0.453721 1.069856
vt 0.473721 1.063532
vt 0.473721 1.053928
vt 0.453721 1.040523
vt 0.473721 1.035186
vt 0.473721 1.041397
vt 0.453721 1.047721
vt 0.453721 1.069856
vt 0.453721 1.079116
vt 0.473721 1.071926
vt 0.473721 1.063532
vt 0.453721 1.047721
vt 0.473721 1.041397
vt 0.473721 1.046818
vt 0.453721 1.054009
vt 0.453721 1.079116
vt 0.453721 1.086868
vt 0.473721 1.078948
vt 0.473721 1.071926
vt 0.453721 1.054009
vt 0.473721 1.046818
vt 0.473721 1.051347
vt 0.453721 1.059267
vt 0.453721 1.086868
vt 0.453721 1.092964
vt 0.473721 1.084466
vt 0.473721 1.078948
vt 0.453721 1.059267
vt 0.473721 1.051347
vt 0.473721 1.054898
vt 0.453721 1.063396
vt 0.453721 1.092964
vt 0.453721 1.097288
vt 0.473721 1.088373
vt 0.473721 1.084466
vt 0.453721 1.063396
vt 0.473721 1.054898
vt 0.473721 1.057402
vt 0.453721 1.066317
vt 0.453721 1.097288
vt 0.453721 1.099758
vt 0.473721 1.090596
vt 0.473721 1.088373
vt 0.453721 1.066317
vt 0.473721 1.057402
vt 0.473721 1.058812
vt 0.453721 1.067973
vt 0.453721 1.099758
vt 0.453721 1.100326
vt 0.473721 1.091092
vt 0.473721 1.090596
vt 0.453721 1.067973
vt 0.473721 1.058812
vt 0.473721 1.059100
vt 0.453721 1.068334
vt 0.453721 1.100326
vt 0.453721 1.098981
vt 0.473721 1.089852
vt 0.473721 1.091092
vt 0.453721 1.068334
vt 0.473721 1.059100
vt 0.473721 1.058262
vt 0.453721 1.067392
vt -0.000894 1.057420
vt -0.000666 1.041421
vt 0.005164 1.041099
vt 0.007142 1.056976
vt 0.001058 1.045565
vt -0.005868 1.045173
vt -0.003890 1.029296
vt 0.000830 1.029567
vt 0.007142 1.056976
vt 0.005164 1.041099
vt 0.010895 1.039994
vt 0.015041 1.055447
vt -0.005868 1.045173
vt -0.012683 1.043920
vt -0.008537 1.028467
vt -0.003890 1.029296
vt 0.015041 1.055447
vt 0.010895 1.039994
vt 0.016419 1.038126
vt 0.022654 1.052861
vt -0.012683 1.043920
vt -0.019255 1.041830
vt -0.013021 1.027095
vt -0.008537 1.028467
vt 0.022654 1.052861
vt 0.016419 1.038126
vt 0.021630 1.035531
vt 0.029834 1.049267
vt -0.019255 1.041830
vt -0.025461 1.038942
vt -0.017256 1.025206
vt -0.013021 1.027095
vt 0.029834 1.049267
vt 0.021630 1.035531
vt 0.026428 1.032259
vt 0.036446 1.044734
vt -0.025461 1.038942
vt -0.031181 1.035312
vt -0.021163 1.022837
vt -0.017256 1.025206
vt 0.036446 1.044734
vt 0.026428 1.032259
vt 0.030723 1.028372
vt 0.042364 1.039349
vt -0.031181 1.035312
vt -0.036308 1.031009
vt -0.024666 1.020033
vt -0.021163 1.022837
vt 0.042364 1.039349
vt 0.030723 1.028372
vt 0.034432 1.023945
vt 0.047474 1.033213
vt -0.036308 1.031009
vt -0.040741 1.026115
vt -0.027699 1.016847
vt -0.024666 1.020033
vt 0.047474 1.033213
vt 0.034432 1.023945
vt 0.037484 1.019061
vt 0.051679 1.026444
vt -0.040741 1.026115
vt -0.044399 1.020723
vt -0.030204 1.013340
vt -0.027699 1.016847
vt 0.051679 1.026444
vt 0.037484 1.019061
vt 0.039822 1.013813
vt 0.054898 1.019172
vt -0.044399 1.020723
vt -0.047210 1.014937
vt -0.032134 1.009578
vt -0.030204 1.013340
vt 0.054898 1.019172
vt 0.039822 1.013813
vt 0.041402 1.008303
vt 0.057072 1.011533
vt -0.047210 1.014937
vt -0.049121 1.008865
vt -0.033451 1.005634
vt -0.032134 1.009578
vt 0.057072 1.011533
vt 0.041402 1.008303
vt 0.042192 1.002634
vt 0.058158 1.003675
vt -0.049121 1.008865
vt -0.050096 1.002625
vt -0.034130 1.001583
vt -0.033451 1.005634
vt 0.058158 1.003675
vt 0.042192 1.002634
vt 0.042177 0.996915
vt 0.058135 0.995747
vt -0.050096 1.002625
vt -0.050116 0.996334
vt -0.034159 0.997501
vt -0.034130 1.001583
vt 0.058135 0.995747
vt 0.042177 0.996915
vt 0.041359 0.991254
vt 0.057004 0.987900
vt -0.050116 0.996334
vt -0.049181 0.990113
vt -0.033536 0.993467
vt -0.034159 0.997501
vt 0.057004 0.987900
vt 0.041359 0.991254
vt 0.039753 0.985761
vt 0.054786 0.980284
vt -0.049181 0.990113
vt -0.047308 0.984081
vt -0.032275 0.989558
vt -0.033536 0.993467
vt 0.054786 0.980284
vt 0.039753 0.985761
vt 0.037388 0.980539
vt 0.051524 0.973043
vt -0.047308 0.984081
vt -0.044534 0.978352
vt -0.030398 0.985847
vt -0.032275 0.989558
vt 0.051524 0.973043
vt 0.037388 0.980539
vt 0.034311 0.975687
vt 0.047280 0.966317
vt -0.044534 0.978352
vt -0.040910 0.973036
vt -0.027942 0.982407
vt -0.030398 0.985847
vt 0.047280 0.966317
vt 0.034311 0.975687
vt 0.030580 0.971300
vt 0.042135 0.960232
vt -0.040910 0.973036
vt -0.036507 0.968234
vt -0.024953 0.979302
vt -0.027942 0.982407
vt 0.042135 0.960232
vt 0.030580 0.971300
vt 0.026267 0.967459
vt 0.036187 0.954905
vt -0.036507 0.968234
vt -0.031408 0.964037
vt -0.021488 0.976591
vt -0.024953 0.979302
vt 0.036187 0.954905
vt 0.026267 0.967459
vt 0.021452 0.964238
vt 0.029549 0.950438
vt -0.031408 0.964037
vt -0.025711 0.960526
vt -0.017614 0.974326
vt -0.021488 0.976591
vt 0.029549 0.950438
vt 0.021452 0.964238
vt 0.016229 0.961700
vt 0.022347 0.946916
vt -0.025711 0.960526
vt -0.019523 0.957767
vt -0.013405 0.972551
vt -0.017614 0.974326
vt 0.022347 0.946916
vt 0.016229 0.961700
vt 0.010696 0.959891
vt 0.014720 0.944405
vt -0.019523 0.957767
vt -0.012963 0.955813
vt -0.008939 0.971299
vt -0.013405 0.972551
vt 0.014720 0.944405
vt 0.010696 0.959891
vt 0.004959 0.958847
vt 0.006812 0.942954
vt -0.012963 0.955813
vt -0.006156 0.954702
vt -0.004303 0.970594
vt -0.008939 0.971299
vt 0.006812 0.942954
vt 0.004959 0.958847
vt -0.000872 0.958587
vt -0.001226 0.942591
vt -0.006156 0.954702
vt 0.000768 0.954454
vt 0.000414 0.970450
vt -0.004303 0.970594
vt -0.001226 0.942591
vt -0.000872 0.958587
vt -0.006686 0.959116
vt -0.009240 0.943322
vt 0.000768 0.954454
vt 0.007678 0.955074
vt 0.005124 0.970869
vt 0.000414 0.970450
vt -0.054221 1.057283
vt -0.064221 1.065843
vt -0.064221 1.049881
vt -0.054221 1.041322
vt -0.054221 0.958678
vt -0.064221 0.950119
vt -0.064221 0.934157
vt -0.054221 0.942717
vt -0.064221 1.065843
vt -0.132756 1.063871
vt -0.132756 1.047909
vt -0.064221 1.049881
vt -0.064221 0.950119
vt -0.132756 0.952091
vt -0.132756 0.936129
vt -0.064221 0.934157
vt -0.132756 1.063868
vt -0.226861 1.050044
vt -0.226861 1.034083
vt -0.132756 1.047907
vt -0.132756 0.952093
vt -0.226861 0.965917
vt -0.226861 0.949956
vt -0.132756 0.936132
vt -0.226861 1.050042
vt -0.236861 1.045434
vt -0.236861 1.029474
vt -0.226861 1.034081
vt -0.226861 0.965919
vt -0.236861 0.970527
vt -0.236861 0.954566
vt -0.226861 0.949959
vt 0.168442 1.103886
vt 0.168442 1.095976
vt 0.180442 1.101575
vt 0.180442 1.109965
vt 0.168442 1.085367
vt 0.180442 1.091446
vt 0.180442 1.084465
vt 0.168442 1.078866
vt 0.168442 1.095976
vt 0.168442 1.085703
vt 0.180442 1.090683
vt 0.180442 1.101575
vt 0.168442 1.078866
vt 0.180442 1.084465
vt 0.180442 1.075404
vt 0.168442 1.070423
vt 0.168442 1.085703
vt 0.168442 1.073319
vt 0.180442 1.077559
vt 0.180442 1.090683
vt 0.168442 1.070423
vt 0.180442 1.075404
vt 0.180442 1.064486
vt 0.168442 1.060246
vt 0.168442 1.073319
vt 0.168442 1.059130
vt 0.180442 1.062525
vt 0.180442 1.077559
vt 0.168442 1.060246
vt 0.180442 1.064486
vt 0.180442 1.051981
vt 0.168442 1.048586
vt 0.168442 1.059130
vt 0.168442 1.043485
vt 0.180442 1.045951
vt 0.180442 1.062525
vt 0.168442 1.048586
vt 0.180442 1.051981
vt 0.180442 1.038195
vt 0.168442 1.035729
vt 0.168442 1.043485
vt 0.168442 1.026769
vt 0.180442 1.028245
vt 0.180442 1.045951
vt 0.168442 1.035729
vt 0.180442 1.038195
vt 0.180442 1.023469
vt 0.168442 1.021993
vt 0.168442 1.026769
vt 0.168442 1.009394
vt 0.180442 1.009845
vt 0.180442 1.028245
vt 0.168442 1.021993
vt 0.180442 1.023469
vt 0.180442 1.008165
vt 0.168442 1.007715
vt 0.168442 1.009394
vt 0.168442 0.991788
vt 0.180442 0.991201
vt 0.180442 1.009845
vt 0.168442 1.007715
vt 0.180442 1.008165
vt 0.180442 0.992660
vt 0.168442 0.993247
vt 0.168442 0.991788
vt 0.168442 0.974384
vt 0.180442 0.972775
vt 0.180442 0.991201
vt 0.168442 0.993247
vt 0.180442 0.992660
vt 0.180442 0.977336
vt 0.168442 0.978945
vt 0.168442 0.974384
vt 0.168442 0.957611
vt 0.180442 0.955019
vt 0.180442 0.972775
vt 0.168442 0.978945
vt 0.180442 0.977336
vt 0.180442 0.962570
vt 0.168442 0.965162
vt 0.168442 0.957611
vt 0.168442 0.941881
vt 0.180442 0.938370
vt 0.180442 0.955019
vt 0.168442 0.965162
vt 0.180442 0.962570
vt 0.180442 0.948726
vt 0.168442 0.952237
vt 0.168442 0.941881
vt 0.168442 0.927583
vt 0.180442 0.923239
vt 0.180442 0.938370
vt 0.168442 0.952237
vt 0.180442 0.948726
vt 0.180442 0.936144
vt 0.168442 0.940487
vt 0.168442 0.927583
vt 0.168442 0.915067
vt 0.180442 0.909998
vt 0.180442 0.923239
vt 0.168442 0.940487
vt 0.180442 0.936144
vt 0.180442 0.925134
vt 0.168442 0.930203
vt 0.168442 0.915067
vt 0.168442 0.904643
vt 0.180442 0.898973
vt 0.180442 0.909998
vt 0.168442 0.930203
vt 0.180442 0.925134
vt 0.180442 0.915968
vt 0.168442 0.921638
vt 0.168442 0.904643
vt 0.168442 0.896567
vt 0.180442 0.890436
vt 0.180442 0.898973
vt 0.168442 0.921638
vt 0.180442 0.915968
vt 0.180442 0.908871
vt 0.168442 0.915002
vt 0.168442 0.896567
vt 0.168442 0.891038
vt 0.180442 0.884597
vt 0.180442 0.890436
vt 0.168442 0.915002
vt 0.180442 0.908871
vt 0.180442 0.904018
vt 0.168442 0.910459
vt 0.180442 1.109965
vt 0.180442 1.101575
vt 0.413721 1.082300
vt 0.413721 1.089134
vt 0.180442 1.091446
vt 0.413721 1.070614
vt 0.413721 1.065189
vt 0.180442 1.084465
vt 0.180442 1.101575
vt 0.180442 1.090683
vt 0.413721 1.073439
vt 0.413721 1.082300
vt 0.180442 1.084465
vt 0.413721 1.065189
vt 0.413721 1.058160
vt 0.180442 1.075404
vt 0.180442 1.090683
vt 0.180442 1.077559
vt 0.413721 1.062770
vt 0.413721 1.073439
vt 0.180442 1.075404
vt 0.413721 1.058160
vt 0.413721 1.049698
vt 0.180442 1.064486
vt 0.180442 1.077559
vt 0.180442 1.062525
vt 0.413721 1.050556
vt 0.413721 1.062770
vt 0.180442 1.064486
vt 0.413721 1.049698
vt 0.413721 1.040012
vt 0.180442 1.051981
vt 0.180442 1.062525
vt 0.180442 1.045951
vt 0.413721 1.037097
vt 0.413721 1.050556
vt 0.180442 1.051981
vt 0.413721 1.040012
vt 0.413721 1.029341
vt 0.180442 1.038195
vt 0.180442 1.045951
vt 0.180442 1.028245
vt 0.413721 1.022724
vt 0.413721 1.037097
vt 0.180442 1.038195
vt 0.413721 1.029341
vt 0.413721 1.017948
vt 0.180442 1.023469
vt 0.180442 1.028245
vt 0.180442 1.009845
vt 0.413721 1.007792
vt 0.413721 1.022724
vt 0.180442 1.023469
vt 0.413721 1.017948
vt 0.413721 1.006113
vt 0.180442 1.008165
vt 0.180442 1.009845
vt 0.180442 0.991201
vt 0.413721 0.992668
vt 0.413721 1.007792
vt 0.180442 1.008165
vt 0.413721 1.006113
vt 0.413721 0.994127
vt 0.180442 0.992660
vt 0.180442 0.991201
vt 0.180442 0.972775
vt 0.413721 0.977724
vt 0.413721 0.992668
vt 0.180442 0.992660
vt 0.413721 0.994127
vt 0.413721 0.982286
vt 0.180442 0.977336
vt 0.180442 0.972775
vt 0.180442 0.955019
vt 0.413721 0.963329
vt 0.413721 0.977724
vt 0.180442 0.977336
vt 0.413721 0.982286
vt 0.413721 0.970881
vt 0.180442 0.962570
vt 0.180442 0.955019
vt 0.180442 0.938370
vt 0.413721 0.949837
vt 0.413721 0.963329
vt 0.180442 0.962570
vt 0.413721 0.970881
vt 0.413721 0.960193
vt 0.180442 0.948726
vt 0.180442 0.938370
vt 0.180442 0.923239
vt 0.413721 0.937580
vt 0.413721 0.949837
vt 0.180442 0.948726
vt 0.413721 0.960193
vt 0.413721 0.950485
vt 0.180442 0.936144
vt 0.180442 0.923239
vt 0.180442 0.909998
vt 0.413721 0.926860
vt 0.413721 0.937580
vt 0.180442 0.936144
vt 0.413721 0.950485
vt 0.413721 0.941996
vt 0.180442 0.925134
vt 0.180442 0.909998
vt 0.180442 0.898973
vt 0.413721 0.917941
vt 0.413721 0.926860
vt 0.180442 0.925134
vt 0.413721 0.941996
vt 0.413721 0.934936
vt 0.180442 0.915968
vt 0.180442 0.898973
vt 0.180442 0.890436
vt 0.413721 0.911042
vt 0.413721 0.917941
vt 0.180442 0.915968
vt 0.413721 0.934936
vt 0.413721 0.929478
vt 0.180442 0.908871
vt 0.180442 0.890436
vt 0.180442 0.884597
vt 0.413721 0.906334
vt 0.413721 0.911042
vt 0.180442 0.908871
vt 0.413721 0.929478
vt 0.413721 0.925756
vt 0.180442 0.904018
vt 0.413721 1.089134
vt 0.413721 1.082300
vt 0.421721 1.079003
vt 0.421721 1.085528
vt 0.413721 1.070614
vt 0.421721 1.067009
vt 0.421721 1.061892
vt 0.413721 1.065189
vt 0.413721 1.082300
vt 0.413721 1.073439
vt 0.421721 1.070531
vt 0.421721 1.079003
vt 0.413721 1.065189
vt 0.421721 1.061892
vt 0.421721 1.055252
vt 0.413721 1.058160
vt 0.413721 1.073439
vt 0.413721 1.062770
vt 0.421721 1.060323
vt 0.421721 1.070531
vt 0.413721 1.058160
vt 0.421721 1.055252
vt 0.421721 1.047251
vt 0.413721 1.049698
vt 0.413721 1.062770
vt 0.413721 1.050556
vt 0.421721 1.048630
vt 0.421721 1.060323
vt 0.413721 1.049698
vt 0.421721 1.047251
vt 0.421721 1.038086
vt 0.413721 1.040012
vt 0.413721 1.050556
vt 0.413721 1.037097
vt 0.421721 1.035739
vt 0.421721 1.048630
vt 0.413721 1.040012
vt 0.421721 1.038086
vt 0.421721 1.027984
vt 0.413721 1.029341
vt 0.413721 1.037097
vt 0.413721 1.022724
vt 0.421721 1.021968
vt 0.421721 1.035739
vt 0.413721 1.029341
vt 0.421721 1.027984
vt 0.421721 1.017192
vt 0.413721 1.017948
vt 0.413721 1.022724
vt 0.413721 1.007792
vt 0.421721 1.007657
vt 0.421721 1.021968
vt 0.413721 1.017948
vt 0.421721 1.017192
vt 0.421721 1.005978
vt 0.413721 1.006113
vt 0.413721 1.007792
vt 0.413721 0.992668
vt 0.421721 0.993156
vt 0.421721 1.007657
vt 0.413721 1.006113
vt 0.421721 1.005978
vt 0.421721 0.994616
vt 0.413721 0.994127
vt 0.413721 0.992668
vt 0.413721 0.977724
vt 0.421721 0.978825
vt 0.421721 0.993156
vt 0.413721 0.994127
vt 0.421721 0.994616
vt 0.421721 0.983386
vt 0.413721 0.982286
vt 0.413721 0.977724
vt 0.413721 0.963329
vt 0.421721 0.965014
vt 0.421721 0.978825
vt 0.413721 0.982286
vt 0.421721 0.983386
vt 0.421721 0.972566
vt 0.413721 0.970881
vt 0.413721 0.963329
vt 0.413721 0.949837
vt 0.421721 0.952065
vt 0.421721 0.965014
vt 0.413721 0.970881
vt 0.421721 0.972566
vt 0.421721 0.962421
vt 0.413721 0.960193
vt 0.413721 0.949837
vt 0.413721 0.937580
vt 0.421721 0.940297
vt 0.421721 0.952065
vt 0.413721 0.960193
vt 0.421721 0.962421
vt 0.421721 0.953202
vt 0.413721 0.950485
vt 0.413721 0.937580
vt 0.413721 0.926860
vt 0.421721 0.929998
vt 0.421721 0.940297
vt 0.413721 0.950485
vt 0.421721 0.953202
vt 0.421721 0.945134
vt 0.413721 0.941996
vt 0.413721 0.926860
vt 0.413721 0.917941
vt 0.421721 0.921423
vt 0.421721 0.929998
vt 0.413721 0.941996
vt 0.421721 0.945134
vt 0.421721 0.938418
vt 0.413721 0.934936
vt 0.413721 0.917941
vt 0.413721 0.911042
vt 0.421721 0.914783
vt 0.421721 0.921423
vt 0.413721 0.934936
vt 0.421721 0.938418
vt 0.421721 0.933218
vt 0.413721 0.929478
vt 0.413721 0.911042
vt 0.413721 0.906334
vt 0.421721 0.910242
vt 0.421721 0.914783
vt 0.413721 0.929478
vt 0.421721 0.933218
vt 0.421721 0.929663
vt 0.413721 0.925756
vt -0.021238 0.948057
vt -0.017462 0.957317
vt -0.023951 0.960567
vt -0.029129 0.952012
vt 0.017660 0.957236
vt 0.024239 0.960499
vt 0.019061 0.969054
vt 0.013884 0.966495
vt -0.029129 0.952012
vt -0.023951 0.960567
vt -0.029851 0.964788
vt -0.036304 0.957149
vt 0.024239 0.960499
vt 0.030221 0.964734
vt 0.023768 0.972374
vt 0.019061 0.969054
vt -0.036304 0.957149
vt -0.029851 0.964788
vt -0.035016 0.969877
vt -0.042584 0.963340
vt 0.030221 0.964734
vt 0.035458 0.969838
vt 0.027890 0.976375
vt 0.023768 0.972374
vt -0.042584 0.963340
vt -0.035016 0.969877
vt -0.039318 0.975707
vt -0.047816 0.970435
vt 0.035458 0.969838
vt 0.039823 0.975685
vt 0.031326 0.980957
vt 0.027890 0.976375
vt -0.047816 0.970435
vt -0.039318 0.975707
vt -0.042653 0.982135
vt -0.051870 0.978257
vt 0.039823 0.975685
vt 0.043207 0.982130
vt 0.033990 0.986008
vt 0.031326 0.980957
vt -0.051870 0.978257
vt -0.042653 0.982135
vt -0.044937 0.989003
vt -0.054648 0.986615
vt 0.043207 0.982130
vt 0.045527 0.989016
vt 0.035817 0.991404
vt 0.033990 0.986008
vt -0.054648 0.986615
vt -0.044937 0.989003
vt -0.046115 0.996142
vt -0.056079 0.995303
vt 0.045527 0.989016
vt 0.046726 0.996172
vt 0.036762 0.997011
vt 0.035817 0.991404
vt -0.056079 0.995303
vt -0.046115 0.996142
vt -0.046157 1.003376
vt -0.056130 1.004106
vt 0.046726 0.996172
vt 0.046775 1.003422
vt 0.036802 1.002692
vt 0.036762 0.997011
vt -0.056130 1.004106
vt -0.046157 1.003376
vt -0.045062 1.010527
vt -0.054799 1.012808
vt 0.046775 1.003422
vt 0.045672 1.010588
vt 0.035935 1.008307
vt 0.036802 1.002692
vt -0.054799 1.012808
vt -0.045062 1.010527
vt -0.042858 1.017419
vt -0.052118 1.021195
vt 0.045672 1.010588
vt 0.043444 1.017493
vt 0.034184 1.013717
vt 0.035935 1.008307
vt -0.052118 1.021195
vt -0.042858 1.017419
vt -0.039599 1.023882
vt -0.048154 1.029059
vt 0.043444 1.017493
vt 0.040147 1.023967
vt 0.031592 1.018789
vt 0.034184 1.013717
vt -0.048154 1.029059
vt -0.039599 1.023882
vt -0.035365 1.029756
vt -0.043004 1.036209
vt 0.040147 1.023967
vt 0.035861 1.029851
vt 0.028221 1.023399
vt 0.031592 1.018789
vt -0.043004 1.036209
vt -0.035365 1.029756
vt -0.030259 1.034898
vt -0.036796 1.042466
vt 0.035861 1.029851
vt 0.030692 1.035001
vt 0.024155 1.027433
vt 0.028221 1.023399
vt -0.036796 1.042466
vt -0.030259 1.034898
vt -0.024409 1.039181
vt -0.029681 1.047678
vt 0.030692 1.035001
vt 0.024767 1.039288
vt 0.019495 1.030791
vt 0.024155 1.027433
vt -0.029681 1.047678
vt -0.024409 1.039181
vt -0.017958 1.042499
vt -0.021836 1.051716
vt 0.024767 1.039288
vt 0.018232 1.042608
vt 0.014354 1.033391
vt 0.019495 1.030791
vt -0.021836 1.051716
vt -0.017958 1.042499
vt -0.011065 1.044770
vt -0.013453 1.054481
vt 0.018232 1.042608
vt 0.011249 1.044879
vt 0.008861 1.035168
vt 0.014354 1.033391
vt 0.084221 0.944047
vt 0.090221 0.940672
vt 0.090221 0.950642
vt 0.084221 0.954017
vt 0.084221 1.045983
vt 0.090221 1.049358
vt 0.090221 1.059328
vt 0.084221 1.055953
vt 0.090221 0.940654
vt 0.206861 0.951708
vt 0.206861 0.961681
vt 0.090221 0.950627
vt 0.090221 1.049373
vt 0.206861 1.038319
vt 0.206861 1.048293
vt 0.090221 1.059346
vt 0.206861 0.951682
vt 0.210861 0.953815
vt 0.210861 0.963794
vt 0.206861 0.961662
vt 0.206861 1.038338
vt 0.210861 1.036206
vt 0.210861 1.046186
vt 0.206861 1.048318
vt 0.168442 0.989932
vt 0.168442 0.963664
vt 0.174442 0.962599
vt 0.174442 0.989640
vt 0.168442 0.991099
vt 0.174442 0.990807
vt 0.174442 0.966857
vt 0.168442 0.967922
vt 0.168442 0.963664
vt 0.168442 0.938792
vt 0.174442 0.936996
vt 0.174442 0.962599
vt 0.168442 0.967922
vt 0.174442 0.966857
vt 0.174442 0.944181
vt 0.168442 0.945977
vt 0.168442 0.938792
vt 0.168442 0.916272
vt 0.174442 0.913813
vt 0.174442 0.936996
vt 0.168442 0.945977
vt 0.174442 0.944181
vt 0.174442 0.923649
vt 0.168442 0.926108
vt 0.168442 0.916272
vt 0.168442 0.896971
vt 0.174442 0.893943
vt 0.174442 0.913813
vt 0.168442 0.926108
vt 0.174442 0.923649
vt 0.174442 0.906052
vt 0.168442 0.909079
vt 0.168442 0.896971
vt 0.168442 0.881628
vt 0.174442 0.878149
vt 0.174442 0.893943
vt 0.168442 0.909079
vt 0.174442 0.906052
vt 0.174442 0.892065
vt 0.168442 0.895544
vt 0.168442 0.881628
vt 0.168442 0.870834
vt 0.174442 0.867037
vt 0.174442 0.878149
vt 0.168442 0.895544
vt 0.174442 0.892065
vt 0.174442 0.882226
vt 0.168442 0.886024
vt 0.168442 0.870834
vt 0.168442 0.865004
vt 0.174442 0.861035
vt 0.174442 0.867037
vt 0.168442 0.886024
vt 0.174442 0.882226
vt 0.174442 0.876913
vt 0.168442 0.880883
vt 0.168442 0.865004
vt 0.168442 0.864362
vt 0.174442 0.860373
vt 0.174442 0.861035
vt 0.168442 0.880883
vt 0.174442 0.876913
vt 0.174442 0.876330
vt 0.168442 0.880320
vt 0.168442 0.864362
vt 0.168442 0.868933
vt 0.174442 0.865077
vt 0.174442 0.860373
vt 0.168442 0.880320
vt 0.174442 0.876330
vt 0.174442 0.880500
vt 0.168442 0.884356
vt 0.168442 0.868933
vt 0.168442 0.878540
vt 0.174442 0.874966
vt 0.174442 0.865077
vt 0.168442 0.884356
vt 0.174442 0.880500
vt 0.174442 0.889262
vt 0.168442 0.892836
vt 0.168442 0.878540
vt 0.168442 0.892815
vt 0.174442 0.889660
vt 0.174442 0.874966
vt 0.168442 0.892836
vt 0.174442 0.889262
vt 0.174442 0.902280
vt 0.168442 0.905434
vt 0.168442 0.892815
vt 0.168442 0.911209
vt 0.174442 0.908594
vt 0.174442 0.889660
vt 0.168442 0.905434
vt 0.174442 0.902280
vt 0.174442 0.919052
vt 0.168442 0.921667
vt 0.168442 0.911209
vt 0.168442 0.933015
vt 0.174442 0.931041
vt 0.174442 0.908594
vt 0.168442 0.921667
vt 0.174442 0.919052
vt 0.174442 0.938936
vt 0.168442 0.940910
vt 0.168442 0.933015
vt 0.168442 0.957395
vt 0.174442 0.956138
vt 0.174442 0.931041
vt 0.168442 0.940910
vt 0.174442 0.938936
vt 0.174442 0.961166
vt 0.168442 0.962423
vt 0.168442 0.957395
vt 0.168442 0.983413
vt 0.174442 0.982921
vt 0.174442 0.956138
vt 0.168442 0.962423
vt 0.174442 0.961166
vt 0.174442 0.984889
vt 0.168442 0.985381
vt 0.168442 0.983413
vt 0.168442 1.010068
vt 0.174442 1.010360
vt 0.174442 0.982921
vt 0.168442 0.985381
vt 0.174442 0.984889
vt 0.174442 1.009192
vt 0.168442 1.008901
vt 0.168442 1.010068
vt 0.168442 1.036336
vt 0.174442 1.037400
vt 0.174442 1.010360
vt 0.168442 1.008901
vt 0.174442 1.009192
vt 0.174442 1.033143
vt 0.168442 1.032078
vt 0.168442 1.036336
vt 0.168442 1.061208
vt 0.174442 1.063004
vt 0.174442 1.037400
vt 0.168442 1.032078
vt 0.174442 1.033143
vt 0.174442 1.055819
vt 0.168442 1.054023
vt 0.168442 1.061208
vt 0.168442 1.083727
vt 0.174442 1.086186
vt 0.174442 1.063004
vt 0.168442 1.054023
vt 0.174442 1.055819
vt 0.174442 1.076350
vt 0.168442 1.073891
vt 0.168442 1.083727
vt 0.168442 1.103029
vt 0.174442 1.106057
vt 0.174442 1.086186
vt 0.168442 1.073891
vt 0.174442 1.076350
vt 0.174442 1.093948
vt 0.168442 1.090920
vt 0.168442 1.103029
vt 0.168442 1.118372
vt 0.174442 1.121851
vt 0.174442 1.106057
vt 0.168442 1.090920
vt 0.174442 1.093948
vt 0.174442 1.107934
vt 0.168442 1.104455
vt 0.168442 1.118372
vt 0.168442 1.129166
vt 0.174442 1.132963
vt 0.174442 1.121851
vt 0.168442 1.104455
vt 0.174442 1.107934
vt 0.174442 1.117774
vt 0.168442 1.113976
vt 0.168442 1.129166
vt 0.168442 1.134995
vt 0.174442 1.138965
vt 0.174442 1.132963
vt 0.168442 1.113976
vt 0.174442 1.117774
vt 0.174442 1.123087
vt 0.168442 1.119117
vt 0.168442 1.134995
vt 0.168442 1.135638
vt 0.174442 1.139627
vt 0.174442 1.138965
vt 0.168442 1.119117
vt 0.174442 1.123087
vt 0.174442 1.123670
vt 0.168442 1.119680
vt 0.168442 1.135638
vt 0.168442 1.131067
vt 0.174442 1.134923
vt 0.174442 1.139627
vt 0.168442 1.119680
vt 0.174442 1.123670
vt 0.174442 1.119500
vt 0.168442 1.115644
vt 0.168442 1.131067
vt 0.168442 1.121460
vt 0.174442 1.125034
vt 0.174442 1.134923
vt 0.168442 1.115644
vt 0.174442 1.119500
vt 0.174442 1.110738
vt 0.168442 1.107164
vt 0.168442 1.121460
vt 0.168442 1.107185
vt 0.174442 1.110340
vt 0.174442 1.125034
vt 0.168442 1.107164
vt 0.174442 1.110738
vt 0.174442 1.097720
vt 0.168442 1.094565
vt 0.168442 1.107185
vt 0.168442 1.088791
vt 0.174442 1.091406
vt 0.174442 1.110340
vt 0.168442 1.094565
vt 0.174442 1.097720
vt 0.174442 1.080947
vt 0.168442 1.078333
vt 0.168442 1.088791
vt 0.168442 1.066985
vt 0.174442 1.068959
vt 0.174442 1.091406
vt 0.168442 1.078333
vt 0.174442 1.080947
vt 0.174442 1.061064
vt 0.168442 1.059090
vt 0.168442 1.066985
vt 0.168442 1.042605
vt 0.174442 1.043862
vt 0.174442 1.068959
vt 0.168442 1.059090
vt 0.174442 1.061064
vt 0.174442 1.038833
vt 0.168442 1.037576
vt 0.168442 1.042605
vt 0.168442 1.016587
vt 0.174442 1.017079
vt 0.174442 1.043862
vt 0.168442 1.037576
vt 0.174442 1.038833
vt 0.174442 1.015111
vt 0.168442 1.014619
vt 0.168442 1.016587
vt 0.168442 0.989932
vt 0.174442 0.989640
vt 0.174442 1.017079
vt 0.168442 1.014619
vt 0.174442 1.015111
vt 0.174442 0.990807
vt 0.168442 0.991099
vt 0.174442 0.989640
vt 0.174442 0.962599
vt 0.198442 0.962599
vt 0.198442 0.989640
vt 0.174442 0.990807
vt 0.198442 0.990807
vt 0.198442 0.966857
vt 0.174442 0.966857
vt 0.174442 0.962599
vt 0.174442 0.936996
vt 0.198442 0.936996
vt 0.198442 0.962599
vt 0.174442 0.966857
vt 0.198442 0.966857
vt 0.198442 0.944181
vt 0.174442 0.944181
vt 0.174442 0.936996
vt 0.174442 0.913813
vt 0.198442 0.913813
vt 0.198442 0.936996
vt 0.174442 0.944181
vt 0.198442 0.944181
vt 0.198442 0.923649
vt 0.174442 0.923649
vt 0.174442 0.913813
vt 0.174442 0.893943
vt 0.198442 0.893943
vt 0.198442 0.913813
vt 0.174442 0.923649
vt 0.198442 0.923649
vt 0.198442 0.906052
vt 0.174442 0.906052
vt 0.174442 0.893943
vt 0.174442 0.878149
vt 0.198442 0.878149
vt 0.198442 0.893943
vt 0.174442 0.906052
vt 0.198442 0.906052
vt 0.198442 0.892065
vt 0.174442 0.892065
vt 0.174442 0.878149
vt 0.174442 0.867037
vt 0.198442 0.867037
vt 0.198442 0.878149
vt 0.174442 0.892065
vt 0.198442 0.892065
vt 0.198442 0.882226
vt 0.174442 0.882226
vt 0.174442 0.867037
vt 0.174442 0.861035
vt 0.198442 0.861035
vt 0.198442 0.867037
vt 0.174442 0.882226
vt 0.198442 0.882226
vt 0.198442 0.876913
vt 0.174442 0.876913
vt 0.174442 0.861035
vt 0.174442 0.860373
vt 0.198442 0.860373
vt 0.198442 0.861035
vt 0.174442 0.876913
vt 0.198442 0.876913
vt 0.198442 0.876330
vt 0.174442 0.876330
vt 0.174442 0.860373
vt 0.174442 0.865077
vt 0.198442 0.865077
vt 0.198442 0.860373
vt 0.174442 0.876330
vt 0.198442 0.876330
vt 0.198442 0.880500
vt 0.174442 0.880500
vt 0.174442 0.865077
vt 0.174442 0.874966
vt 0.198442 0.874966
vt 0.198442 0.865077
vt 0.174442 0.880500
vt 0.198442 0.880500
vt 0.198442 0.889262
vt 0.174442 0.889262
vt 0.174442 0.874966
vt 0.174442 0.889660
vt 0.198442 0.889660
vt 0.198442 0.874966
vt 0.174442 0.889262
vt 0.198442 0.889262
vt 0.198442 0.902279
vt 0.174442 0.902280
vt 0.174442 0.889660
vt 0.174442 0.908594
vt 0.198442 0.908594
vt 0.198442 0.889660
vt 0.174442 0.902280
vt 0.198442 0.902279
vt 0.198442 0.919052
vt 0.174442 0.919052
vt 0.174442 0.908594
vt 0.174442 0.931041
vt 0.198442 0.931041
vt 0.198442 0.908594
vt 0.174442 0.919052
vt 0.198442 0.919052
vt 0.198442 0.938936
vt 0.174442 0.938936
vt 0.174442 0.931041
vt 0.174442 0.956138
vt 0.198442 0.956138
vt 0.198442 0.931041
vt 0.174442 0.938936
vt 0.198442 0.938936
vt 0.198442 0.961166
vt 0.174442 0.961166
vt 0.174442 0.956138
vt 0.174442 0.982921
vt 0.198442 0.982921
vt 0.198442 0.956138
vt 0.174442 0.961166
vt 0.198442 0.961166
vt 0.198442 0.984889
vt 0.174442 0.984889
vt 0.174442 0.982921
vt 0.174442 1.010360
vt 0.198442 1.010360
vt 0.198442 0.982921
vt 0.174442 0.984889
vt 0.198442 0.984889
vt 0.198442 1.009192
vt 0.174442 1.009192
vt 0.174442 1.010360
vt 0.174442 1.037400
vt 0.198442 1.037400
vt 0.198442 1.010360
vt 0.174442 1.009192
vt 0.198442 1.009192
vt 0.198442 1.033143
vt 0.174442 1.033143
vt 0.174442 1.037400
vt 0.174442 1.063004
vt 0.198442 1.063004
vt 0.198442 1.037400
vt 0.174442 1.033143
vt 0.198442 1.033143
vt 0.198442 1.055819
vt 0.174442 1.055819
vt 0.174442 1.063004
vt 0.174442 1.086186
vt 0.198442 1.086186
vt 0.198442 1.063004
vt 0.174442 1.055819
vt 0.198442 1.055819
vt 0.198442 1.076350
vt 0.174442 1.076350
vt 0.174442 1.086186
vt 0.174442 1.106057
vt 0.198442 1.106057
vt 0.198442 1.086186
vt 0.174442 1.076350
vt 0.198442 1.076350
vt 0.198442 1.093948
vt 0.174442 1.093948
vt 0.174442 1.106057
vt 0.174442 1.121851
vt 0.198442 1.121851
vt 0.198442 1.106057
vt 0.174442 1.093948
vt 0.198442 1.093948
vt 0.198442 1.107934
vt 0.174442 1.107934
vt 0.174442 1.121851
vt 0.174442 1.132963
vt 0.198442 1.132963
vt 0.198442 1.121851
vt 0.174442 1.107934
vt 0.198442 1.107934
vt 0.198442 1.117774
vt 0.174442 1.117774
vt 0.174442 1.132963
vt 0.174442 1.138965
vt 0.198442 1.138965
vt 0.198442 1.132963
vt 0.174442 1.117774
vt 0.198442 1.117774
vt 0.198442 1.123087
vt 0.174442 1.123087
vt 0.174442 1.138965
vt 0.174442 1.139627
vt 0.198442 1.139627
vt 0.198442 1.138965
vt 0.174442 1.123087
vt 0.198442 1.123087
vt 0.198442 1.123669
vt 0.174442 1.123670
vt 0.174442 1.139627
vt 0.174442 1.134923
vt 0.198442 1.134923
vt 0.198442 1.139627
vt 0.174442 1.123670
vt 0.198442 1.123669
vt 0.198442 1.119500
vt 0.174442 1.119500
vt 0.174442 1.134923
vt 0.174442 1.125034
vt 0.198442 1.125034
vt 0.198442 1.134923
vt 0.174442 1.119500
vt 0.198442 1.119500
vt 0.198442 1.110738
vt 0.174442 1.110738
vt 0.174442 1.125034
vt 0.174442 1.110340
vt 0.198442 1.110340
vt 0.198442 1.125034
vt 0.174442 1.110738
vt 0.198442 1.110738
vt 0.198442 1.097720
vt 0.174442 1.097720
vt 0.174442 1.110340
vt 0.174442 1.091406
vt 0.198442 1.091406
vt 0.198442 1.110340
vt 0.174442 1.097720
vt 0.198442 1.097720
vt 0.198442 1.080947
vt 0.174442 1.080947
vt 0.174442 1.091406
vt 0.174442 1.068959
vt 0.198442 1.068959
vt 0.198442 1.091406
vt 0.174442 1.080947
vt 0.198442 1.080947
vt 0.198442 1.061064
vt 0.174442 1.061064
vt 0.174442 1.068959
vt 0.174442 1.043862
vt 0.198442 1.043862
vt 0.198442 1.068959
vt 0.174442 1.061064
vt 0.198442 1.061064
vt 0.198442 1.038833
vt 0.174442 1.038833
vt 0.174442 1.043862
vt 0.174442 1.017079
vt 0.198442 1.017079
vt 0.198442 1.043862
vt 0.174442 1.038833
vt 0.198442 1.038833
vt 0.198442 1.015111
vt 0.174442 1.015111
vt 0.174442 1.017079
vt 0.174442 0.989640
vt 0.198442 0.989640
vt 0.198442 1.017079
vt 0.174442 1.015111
vt 0.198442 1.015111
vt 0.198442 0.990807
vt 0.174442 0.990807
vt 0.198442 0.989640
vt 0.198442 0.962599
vt 0.204442 0.963664
vt 0.204442 0.989932
vt 0.198442 0.990807
vt 0.204442 0.991099
vt 0.204442 0.967922
vt 0.198442 0.966857
vt 0.198442 0.962599
vt 0.198442 0.936996
vt 0.204442 0.938792
vt 0.204442 0.963664
vt 0.198442 0.966857
vt 0.204442 0.967922
vt 0.204442 0.945977
vt 0.198442 0.944181
vt 0.198442 0.936996
vt 0.198442 0.913813
vt 0.204442 0.916272
vt 0.204442 0.938792
vt 0.198442 0.944181
vt 0.204442 0.945977
vt 0.204442 0.926108
vt 0.198442 0.923649
vt 0.198442 0.913813
vt 0.198442 0.893943
vt 0.204442 0.896971
vt 0.204442 0.916272
vt 0.198442 0.923649
vt 0.204442 0.926108
vt 0.204442 0.909079
vt 0.198442 0.906052
vt 0.198442 0.893943
vt 0.198442 0.878149
vt 0.204442 0.881628
vt 0.204442 0.896971
vt 0.198442 0.906052
vt 0.204442 0.909079
vt 0.204442 0.895544
vt 0.198442 0.892065
vt 0.198442 0.878149
vt 0.198442 0.867037
vt 0.204442 0.870834
vt 0.204442 0.881628
vt 0.198442 0.892065
vt 0.204442 0.895544
vt 0.204442 0.886024
vt 0.198442 0.882226
vt 0.198442 0.867037
vt 0.198442 0.861035
vt 0.204442 0.865004
vt 0.204442 0.870834
vt 0.198442 0.882226
vt 0.204442 0.886024
vt 0.204442 0.880883
vt 0.198442 0.876913
vt 0.198442 0.861035
vt 0.198442 0.860373
vt 0.204442 0.864362
vt 0.204442 0.865004
vt 0.198442 0.876913
vt 0.204442 0.880883
vt 0.204442 0.880320
vt 0.198442 0.876330
vt 0.198442 0.860373
vt 0.198442 0.865077
vt 0.204442 0.868933
vt 0.204442 0.864362
vt 0.198442 0.876330
vt 0.204442 0.880320
vt 0.204442 0.884356
vt 0.198442 0.880500
vt 0.198442 0.865077
vt 0.198442 0.874966
vt 0.204442 0.878540
vt 0.204442 0.868933
vt 0.198442 0.880500
vt 0.204442 0.884356
vt 0.204442 0.892836
vt 0.198442 0.889262
vt 0.198442 0.874966
vt 0.198442 0.889660
vt 0.204442 0.892815
vt 0.204442 0.878540
vt 0.198442 0.889262
vt 0.204442 0.892836
vt 0.204442 0.905434
vt 0.198442 0.902279
vt 0.198442 0.889660
vt 0.198442 0.908594
vt 0.204442 0.911209
vt 0.204442 0.892815
vt 0.198442 0.902279
vt 0.204442 0.905434
vt 0.204442 0.921667
vt 0.198442 0.919052
vt 0.198442 0.908594
vt 0.198442 0.931041
vt 0.204442 0.933015
vt 0.204442 0.911209
vt 0.198442 0.919052
vt 0.204442 0.921667
vt 0.204442 0.940910
vt 0.198442 0.938936
vt 0.198442 0.931041
vt 0.198442 0.956138
vt 0.204442 0.957395
vt 0.204442 0.933015
vt 0.198442 0.938936
vt 0.204442 0.940910
vt 0.204442 0.962423
vt 0.198442 0.961166
vt 0.198442 0.956138
vt 0.198442 0.982921
vt 0.204442 0.983413
vt 0.204442 0.957395
vt 0.198442 0.961166
vt 0.204442 0.962423
vt 0.204442 0.985381
vt 0.198442 0.984889
vt 0.198442 0.982921
vt 0.198442 1.010360
vt 0.204442 1.010068
vt 0.204442 0.983413
vt 0.198442 0.984889
vt 0.204442 0.985381
vt 0.204442 1.008901
vt 0.198442 1.009192
vt 0.198442 1.010360
vt 0.198442 1.037400
vt 0.204442 1.036336
vt 0.204442 1.010068
vt 0.198442 1.009192
vt 0.204442 1.008901
vt 0.204442 1.032078
vt 0.198442 1.033143
vt 0.198442 1.037400
vt 0.198442 1.063004
vt 0.204442 1.061208
vt 0.204442 1.036336
vt 0.198442 1.033143
vt 0.204442 1.032078
vt 0.204442 1.054023
vt 0.198442 1.055819
vt 0.198442 1.063004
vt 0.198442 1.086186
vt 0.204442 1.083727
vt 0.204442 1.061208
vt 0.198442 1.055819
vt 0.204442 1.054023
vt 0.204442 1.073891
vt 0.198442 1.076350
vt 0.198442 1.086186
vt 0.198442 1.106057
vt 0.204442 1.103029
vt 0.204442 1.083727
vt 0.198442 1.076350
vt 0.204442 1.073891
vt 0.204442 1.090920
vt 0.198442 1.093948
vt 0.198442 1.106057
vt 0.198442 1.121851
vt 0.204442 1.118372
vt 0.204442 1.103029
vt 0.198442 1.093948
vt 0.204442 1.090920
vt 0.204442 1.104455
vt 0.198442 1.107934
vt 0.198442 1.121851
vt 0.198442 1.132963
vt 0.204442 1.129166
vt 0.204442 1.118372
vt 0.198442 1.107934
vt 0.204442 1.104455
vt 0.204442 1.113976
vt 0.198442 1.117774
vt 0.198442 1.132963
vt 0.198442 1.138965
vt 0.204442 1.134995
vt 0.204442 1.129166
vt 0.198442 1.117774
vt 0.204442 1.113976
vt 0.204442 1.119117
vt 0.198442 1.123087
vt 0.198442 1.138965
vt 0.198442 1.139627
vt 0.204442 1.135638
vt 0.204442 1.134995
vt 0.198442 1.123087
vt 0.204442 1.119117
vt 0.204442 1.119680
vt 0.198442 1.123669
vt 0.198442 1.139627
vt 0.198442 1.134923
vt 0.204442 1.131067
vt 0.204442 1.135638
vt 0.198442 1.123669
vt 0.204442 1.119680
vt 0.204442 1.115644
vt 0.198442 1.119500
vt 0.198442 1.134923
vt 0.198442 1.125034
vt 0.204442 1.121460
vt 0.204442 1.131067
vt 0.198442 1.119500
vt 0.204442 1.115644
vt 0.204442 1.107164
vt 0.198442 1.110738
vt 0.198442 1.125034
vt 0.198442 1.110340
vt 0.204442 1.107185
vt 0.204442 1.121460
vt 0.198442 1.110738
vt 0.204442 1.107164
vt 0.204442 1.094565
vt 0.198442 1.097720
vt 0.198442 1.110340
vt 0.198442 1.091406
vt 0.204442 1.088791
vt 0.204442 1.107185
vt 0.198442 1.097720
vt 0.204442 1.094565
vt 0.204442 1.078333
vt 0.198442 1.080947
vt 0.198442 1.091406
vt 0.198442 1.068959
vt 0.204442 1.066985
vt 0.204442 1.088791
vt 0.198442 1.080947
vt 0.204442 1.078333
vt 0.204442 1.059090
vt 0.198442 1.061064
vt 0.198442 1.068959
vt 0.198442 1.043862
vt 0.204442 1.042605
vt 0.204442 1.066985
vt 0.198442 1.061064
vt 0.204442 1.059090
vt 0.204442 1.037576
vt 0.198442 1.038833
vt 0.198442 1.043862
vt 0.198442 1.017079
vt 0.204442 1.016587
vt 0.204442 1.042605
vt 0.198442 1.038833
vt 0.204442 1.037576
vt 0.204442 1.014619
vt 0.198442 1.015111
vt 0.198442 1.017079
vt 0.198442 0.989640
vt 0.204442 0.989932
vt 0.204442 1.016587
vt 0.198442 1.015111
vt 0.204442 1.014619
vt 0.204442 0.991099
vt 0.198442 0.990807
vt -0.068816 1.005034
vt -0.060837 1.004450
vt -0.058814 1.016039
vt -0.066526 1.018168
vt 0.068816 1.005034
vt 0.066526 1.018168
vt 0.058814 1.016039
vt 0.060837 1.004450
vt -0.066526 1.018168
vt -0.058814 1.016039
vt -0.054531 1.027011
vt -0.061679 1.030604
vt 0.066526 1.018168
vt 0.061679 1.030604
vt 0.054531 1.027011
vt 0.058814 1.016039
vt -0.061679 1.030604
vt -0.054531 1.027011
vt -0.048153 1.036946
vt -0.054462 1.041864
vt 0.061679 1.030604
vt 0.054462 1.041864
vt 0.048153 1.036946
vt 0.054531 1.027011
vt -0.054462 1.041864
vt -0.048153 1.036946
vt -0.039923 1.045460
vt -0.045152 1.051515
vt 0.054462 1.041864
vt 0.045152 1.051515
vt 0.039923 1.045460
vt 0.048153 1.036946
vt -0.045152 1.051515
vt -0.039923 1.045460
vt -0.030160 1.052228
vt -0.034107 1.059186
vt 0.045152 1.051515
vt 0.034107 1.059186
vt 0.030160 1.052228
vt 0.039923 1.045460
vt -0.034107 1.059186
vt -0.030160 1.052228
vt -0.019237 1.056988
vt -0.021751 1.064583
vt 0.034107 1.059186
vt 0.021751 1.064583
vt 0.019237 1.056988
vt 0.030160 1.052228
vt -0.021751 1.064583
vt -0.019237 1.056988
vt -0.007576 1.059559
vt -0.008560 1.067498
vt 0.021751 1.064583
vt 0.008560 1.067498
vt 0.007576 1.059559
vt 0.019237 1.056988
vt -0.008560 1.067498
vt -0.007576 1.059559
vt 0.004377 1.059840
vt 0.004961 1.067819
vt 0.008560 1.067498
vt -0.004961 1.067819
vt -0.004377 1.059840
vt 0.007576 1.059559
vt 0.004961 1.067819
vt 0.004377 1.059840
vt 0.016162 1.057822
vt 0.018291 1.065534
vt -0.004961 1.067819
vt -0.018291 1.065534
vt -0.016162 1.057822
vt -0.004377 1.059840
vt 0.018291 1.065534
vt 0.016162 1.057822
vt 0.027326 1.053582
vt 0.030918 1.060730
vt -0.018291 1.065534
vt -0.030918 1.060730
vt -0.027326 1.053582
vt -0.016162 1.057822
vt 0.030918 1.060730
vt 0.027326 1.053582
vt 0.037439 1.047283
vt 0.042357 1.053593
vt -0.030918 1.060730
vt -0.042357 1.053593
vt -0.037439 1.047283
vt -0.027326 1.053582
vt 0.042357 1.053593
vt 0.037439 1.047283
vt 0.046114 1.039166
vt 0.052168 1.044396
vt -0.042357 1.053593
vt -0.052168 1.044396
vt -0.046114 1.039166
vt -0.037439 1.047283
vt 0.052168 1.044396
vt 0.046114 1.039166
vt 0.053016 1.029545
vt 0.059975 1.033492
vt -0.052168 1.044396
vt -0.059975 1.033492
vt -0.053016 1.029545
vt -0.046114 1.039166
vt 0.059975 1.033492
vt 0.053016 1.029545
vt 0.057882 1.018788
vt 0.065476 1.021302
vt -0.059975 1.033492
vt -0.065476 1.021302
vt -0.057882 1.018788
vt -0.053016 1.029545
vt 0.065476 1.021302
vt 0.057882 1.018788
vt 0.060522 1.007309
vt 0.068462 1.008294
vt -0.065476 1.021302
vt -0.068462 1.008294
vt -0.060522 1.007309
vt -0.057882 1.018788
vt 0.068462 1.008294
vt 0.060522 1.007309
vt 0.060837 0.995550
vt 0.068816 0.994966
vt -0.068462 1.008294
vt -0.068816 0.994966
vt -0.060837 0.995550
vt -0.060522 1.007309
vt 0.068816 0.994966
vt 0.060837 0.995550
vt 0.058814 0.983961
vt 0.066526 0.981832
vt -0.068816 0.994966
vt -0.066526 0.981832
vt -0.058814 0.983961
vt -0.060837 0.995550
vt 0.066526 0.981832
vt 0.058814 0.983961
vt 0.054531 0.972989
vt 0.061679 0.969396
vt -0.066526 0.981832
vt -0.061679 0.969396
vt -0.054531 0.972989
vt -0.058814 0.983961
vt 0.061679 0.969396
vt 0.054531 0.972989
vt 0.048153 0.963054
vt 0.054462 0.958136
vt -0.061679 0.969396
vt -0.054462 0.958136
vt -0.048153 0.963054
vt -0.054531 0.972989
vt 0.054462 0.958136
vt 0.048153 0.963054
vt 0.039923 0.954540
vt 0.045152 0.948485
vt -0.054462 0.958136
vt -0.045152 0.948485
vt -0.039923 0.954540
vt -0.048153 0.963054
vt 0.045152 0.948485
vt 0.039923 0.954540
vt 0.030160 0.947772
vt 0.034107 0.940814
vt -0.045152 0.948485
vt -0.034107 0.940814
vt -0.030160 0.947772
vt -0.039923 0.954540
vt 0.034107 0.940814
vt 0.030160 0.947772
vt 0.019237 0.943012
vt 0.021751 0.935417
vt -0.034107 0.940814
vt -0.021751 0.935417
vt -0.019237 0.943012
vt -0.030160 0.947772
vt 0.021751 0.935417
vt 0.019237 0.943012
vt 0.007576 0.940441
vt 0.008560 0.932502
vt -0.021751 0.935417
vt -0.008560 0.932502
vt -0.007576 0.940441
vt -0.019237 0.943012
vt 0.008560 0.932502
vt 0.007576 0.940441
vt -0.004377 0.940160
vt -0.004961 0.932181
vt -0.008560 0.932502
vt 0.004961 0.932181
vt 0.004377 0.940160
vt -0.007576 0.940441
vt -0.004961 0.932181
vt -0.004377 0.940160
vt -0.016162 0.942178
vt -0.018291 0.934466
vt 0.004961 0.932181
vt 0.018291 0.934466
vt 0.016162 0.942178
vt 0.004377 0.940160
vt -0.018291 0.934466
vt -0.016162 0.942178
vt -0.027326 0.946418
vt -0.030918 0.939270
vt 0.018291 0.934466
vt 0.030918 0.939270
vt 0.027326 0.946418
vt 0.016162 0.942178
vt -0.030918 0.939270
vt -0.027326 0.946418
vt -0.037439 0.952717
vt -0.042357 0.946407
vt 0.030918 0.939270
vt 0.042357 0.946407
vt 0.037439 0.952717
vt 0.027326 0.946418
vt -0.042357 0.946407
vt -0.037439 0.952717
vt -0.046114 0.960834
vt -0.052168 0.955604
vt 0.042357 0.946407
vt 0.052168 0.955604
vt 0.046114 0.960834
vt 0.037439 0.952717
vt -0.052168 0.955604
vt -0.046114 0.960834
vt -0.053016 0.970455
vt -0.059975 0.966508
vt 0.052168 0.955604
vt 0.059975 0.966508
vt 0.053016 0.970455
vt 0.046114 0.960834
vt -0.059975 0.966508
vt -0.053016 0.970455
vt -0.057882 0.981212
vt -0.065476 0.978698
vt 0.059975 0.966508
vt 0.065476 0.978698
vt 0.057882 0.981212
vt 0.053016 0.970455
vt -0.065476 0.978698
vt -0.057882 0.981212
vt -0.060522 0.992691
vt -0.068462 0.991706
vt 0.065476 0.978698
vt 0.068462 0.991706
vt 0.060522 0.992691
vt 0.057882 0.981212
vt -0.068462 0.991706
vt -0.060522 0.992691
vt -0.060837 1.004450
vt -0.068816 1.005034
vt 0.068462 0.991706
vt 0.068816 1.005034
vt 0.060837 1.004450
vt 0.060522 0.992691
vt 0.084221 0.931342
vt 0.087221 0.929352
vt 0.087221 0.937312
vt 0.084221 0.939303
vt -0.084221 0.939303
vt -0.087221 0.937312
vt -0.087221 0.929352
vt -0.084221 0.931342
vt 0.087221 0.929352
vt 0.099221 0.929352
vt 0.099221 0.937312
vt 0.087221 0.937312
vt -0.087221 0.937312
vt -0.099221 0.937312
vt -0.099221 0.929352
vt -0.087221 0.929352
vt 0.099221 0.929352
vt 0.102221 0.931342
vt 0.102221 0.939302
vt 0.099221 0.937312
vt -0.099221 0.937312
vt -0.102221 0.939302
vt -0.102221 0.931342
vt -0.099221 0.929352
vt 0.413721 0.989932
vt 0.413721 0.963664
vt 0.419721 0.962599
vt 0.419721 0.989640
vt 0.413721 0.991099
vt 0.419721 0.990807
vt 0.419721 0.966857
vt 0.413721 0.967922
vt 0.413721 0.963664
vt 0.413721 0.938792
vt 0.419721 0.936996
vt 0.419721 0.962599
vt 0.413721 0.967922
vt 0.419721 0.966857
vt 0.419721 0.944181
vt 0.413721 0.945977
vt 0.413721 0.938792
vt 0.413721 0.916272
vt 0.419721 0.913813
vt 0.419721 0.936996
vt 0.413721 0.945977
vt 0.419721 0.944181
vt 0.419721 0.923649
vt 0.413721 0.926108
vt 0.413721 0.916272
vt 0.413721 0.896970
vt 0.419721 0.893943
vt 0.419721 0.913813
vt 0.413721 0.926108
vt 0.419721 0.923649
vt 0.419721 0.906052
vt 0.413721 0.909079
vt 0.413721 0.896970
vt 0.413721 0.881628
vt 0.419721 0.878149
vt 0.419721 0.893943
vt 0.413721 0.909079
vt 0.419721 0.906052
vt 0.419721 0.892065
vt 0.413721 0.895544
vt 0.413721 0.881628
vt 0.413721 0.870834
vt 0.419721 0.867037
vt 0.419721 0.878149
vt 0.413721 0.895544
vt 0.419721 0.892065
vt 0.419721 0.882226
vt 0.413721 0.886024
vt 0.413721 0.870834
vt 0.413721 0.865004
vt 0.419721 0.861035
vt 0.419721 0.867037
vt 0.413721 0.886024
vt 0.419721 0.882226
vt 0.419721 0.876913
vt 0.413721 0.880883
vt 0.413721 0.865004
vt 0.413721 0.864362
vt 0.419721 0.860373
vt 0.419721 0.861035
vt 0.413721 0.880883
vt 0.419721 0.876913
vt 0.419721 0.876330
vt 0.413721 0.880320
vt 0.413721 0.864362
vt 0.413721 0.868933
vt 0.419721 0.865077
vt 0.419721 0.860373
vt 0.413721 0.880320
vt 0.419721 0.876330
vt 0.419721 0.880500
vt 0.413721 0.884356
vt 0.413721 0.868933
vt 0.413721 0.878540
vt 0.419721 0.874966
vt 0.419721 0.865077
vt 0.413721 0.884356
vt 0.419721 0.880500
vt 0.419721 0.889262
vt 0.413721 0.892836
vt 0.413721 0.878540
vt 0.413721 0.892815
vt 0.419721 0.889660
vt 0.419721 0.874966
vt 0.413721 0.892836
vt 0.419721 0.889262
vt 0.419721 0.902279
vt 0.413721 0.905434
vt 0.413721 0.892815
vt 0.413721 0.911209
vt 0.419721 0.908594
vt 0.419721 0.889660
vt 0.413721 0.905434
vt 0.419721 0.902279
vt 0.419721 0.919052
vt 0.413721 0.921667
vt 0.413721 0.911209
vt 0.413721 0.933015
vt 0.419721 0.931041
vt 0.419721 0.908594
vt 0.413721 0.921667
vt 0.419721 0.919052
vt 0.419721 0.938936
vt 0.413721 0.940910
vt 0.413721 0.933015
vt 0.413721 0.957395
vt 0.419721 0.956138
vt 0.419721 0.931041
vt 0.413721 0.940910
vt 0.419721 0.938936
vt 0.419721 0.961166
vt 0.413721 0.962423
vt 0.413721 0.957395
vt 0.413721 0.983413
vt 0.419721 0.982921
vt 0.419721 0.956138
vt 0.413721 0.962423
vt 0.419721 0.961166
vt 0.419721 0.984889
vt 0.413721 0.985381
vt 0.413721 0.983413
vt 0.413721 1.010068
vt 0.419721 1.010360
vt 0.419721 0.982921
vt 0.413721 0.985381
vt 0.419721 0.984889
vt 0.419721 1.009192
vt 0.413721 1.008901
vt 0.413721 1.010068
vt 0.413721 1.036336
vt 0.419721 1.037400
vt 0.419721 1.010360
vt 0.413721 1.008901
vt 0.419721 1.009192
vt 0.419721 1.033142
vt 0.413721 1.032078
vt 0.413721 1.036336
vt 0.413721 1.061208
vt 0.419721 1.063004
vt 0.419721 1.037400
vt 0.413721 1.032078
vt 0.419721 1.033142
vt 0.419721 1.055819
vt 0.413721 1.054023
vt 0.413721 1.061208
vt 0.413721 1.083727
vt 0.419721 1.086186
vt 0.419721 1.063004
vt 0.413721 1.054023
vt 0.419721 1.055819
vt 0.419721 1.076350
vt 0.413721 1.073891
vt 0.413721 1.083727
vt 0.413721 1.103029
vt 0.419721 1.106056
vt 0.419721 1.086186
vt 0.413721 1.073891
vt 0.419721 1.076350
vt 0.419721 1.093947
vt 0.413721 1.090920
vt 0.413721 1.103029
vt 0.413721 1.118372
vt 0.419721 1.121851
vt 0.419721 1.106056
vt 0.413721 1.090920
vt 0.419721 1.093947
vt 0.419721 1.107934
vt 0.413721 1.104455
vt 0.413721 1.118372
vt 0.413721 1.129165
vt 0.419721 1.132963
vt 0.419721 1.121851
vt 0.413721 1.104455
vt 0.419721 1.107934
vt 0.419721 1.117773
vt 0.413721 1.113976
vt 0.413721 1.129165
vt 0.413721 1.134995
vt 0.419721 1.138965
vt 0.419721 1.132963
vt 0.413721 1.113976
vt 0.419721 1.117773
vt 0.419721 1.123086
vt 0.413721 1.119117
vt 0.413721 1.134995
vt 0.413721 1.135637
vt 0.419721 1.139627
vt 0.419721 1.138965
vt 0.413721 1.119117
vt 0.419721 1.123086
vt 0.419721 1.123669
vt 0.413721 1.119680
vt 0.413721 1.135637
vt 0.413721 1.131067
vt 0.419721 1.134923
vt 0.419721 1.139627
vt 0.413721 1.119680
vt 0.419721 1.123669
vt 0.419721 1.119500
vt 0.413721 1.115644
vt 0.413721 1.131067
vt 0.413721 1.121460
vt 0.419721 1.125034
vt 0.419721 1.134923
vt 0.413721 1.115644
vt 0.419721 1.119500
vt 0.419721 1.110738
vt 0.413721 1.107164
vt 0.413721 1.121460
vt 0.413721 1.107185
vt 0.419721 1.110340
vt 0.419721 1.125034
vt 0.413721 1.107164
vt 0.419721 1.110738
vt 0.419721 1.097720
vt 0.413721 1.094565
vt 0.413721 1.107185
vt 0.413721 1.088791
vt 0.419721 1.091405
vt 0.419721 1.110340
vt 0.413721 1.094565
vt 0.419721 1.097720
vt 0.419721 1.080947
vt 0.413721 1.078333
vt 0.413721 1.088791
vt 0.413721 1.066985
vt 0.419721 1.068958
vt 0.419721 1.091405
vt 0.413721 1.078333
vt 0.419721 1.080947
vt 0.419721 1.061064
vt 0.413721 1.059090
vt 0.413721 1.066985
vt 0.413721 1.042604
vt 0.419721 1.043861
vt 0.419721 1.068958
vt 0.413721 1.059090
vt 0.419721 1.061064
vt 0.419721 1.038833
vt 0.413721 1.037576
vt 0.413721 1.042604
vt 0.413721 1.016587
vt 0.419721 1.017079
vt 0.419721 1.043861
vt 0.413721 1.037576
vt 0.419721 1.038833
vt 0.419721 1.015111
vt 0.413721 1.014619
vt 0.413721 1.016587
vt 0.413721 0.989932
vt 0.419721 0.989640
vt 0.419721 1.017079
vt 0.413721 1.014619
vt 0.419721 1.015111
vt 0.419721 0.990807
vt 0.413721 0.991099
vt 0.419721 0.989640
vt 0.419721 0.962599
vt 0.443721 0.962599
vt 0.443721 0.989640
vt 0.419721 0.990807
vt 0.443721 0.990807
vt 0.443721 0.966857
vt 0.419721 0.966857
vt 0.419721 0.962599
vt 0.419721 0.936996
vt 0.443721 0.936996
vt 0.443721 0.962599
vt 0.419721 0.966857
vt 0.443721 0.966857
vt 0.443721 0.944181
vt 0.419721 0.944181
vt 0.419721 0.936996
vt 0.419721 0.913813
vt 0.443721 0.913813
vt 0.443721 0.936996
vt 0.419721 0.944181
vt 0.443721 0.944181
vt 0.443721 0.923649
vt 0.419721 0.923649
vt 0.419721 0.913813
vt 0.419721 0.893943
vt 0.443721 0.893943
vt 0.443721 0.913813
vt 0.419721 0.923649
vt 0.443721 0.923649
vt 0.443721 0.906052
vt 0.419721 0.906052
vt 0.419721 0.893943
vt 0.419721 0.878149
vt 0.443721 0.878149
vt 0.443721 0.893943
vt 0.419721 0.906052
vt 0.443721 0.906052
vt 0.443721 0.892065
vt 0.419721 0.892065
vt 0.419721 0.878149
vt 0.419721 0.867037
vt 0.443721 0.867037
vt 0.443721 0.878149
vt 0.419721 0.892065
vt 0.443721 0.892065
vt 0.443721 0.882226
vt 0.419721 0.882226
vt 0.419721 0.867037
vt 0.419721 0.861035
vt 0.443721 0.861035
vt 0.443721 0.867037
vt 0.419721 0.882226
vt 0.443721 0.882226
vt 0.443721 0.876913
vt 0.419721 0.876913
vt 0.419721 0.861035
vt 0.419721 0.860373
vt 0.443721 0.860373
vt 0.443721 0.861035
vt 0.419721 0.876913
vt 0.443721 0.876913
vt 0.443721 0.876330
vt 0.419721 0.876330
vt 0.419721 0.860373
vt 0.419721 0.865077
vt 0.443721 0.865077
vt 0.443721 0.860373
vt 0.419721 0.876330
vt 0.443721 0.876330
vt 0.443721 0.880500
vt 0.419721 0.880500
vt 0.419721 0.865077
vt 0.419721 0.874966
vt 0.443721 0.874966
vt 0.443721 0.865077
vt 0.419721 0.880500
vt 0.443721 0.880500
vt 0.443721 0.889262
vt 0.419721 0.889262
vt 0.419721 0.874966
vt 0.419721 0.889660
vt 0.443721 0.889660
vt 0.443721 0.874966
vt 0.419721 0.889262
vt 0.443721 0.889262
vt 0.443721 0.902279
vt 0.419721 0.902279
vt 0.419721 0.889660
vt 0.419721 0.908594
vt 0.443721 0.908594
vt 0.443721 0.889660
vt 0.419721 0.902279
vt 0.443721 0.902279
vt 0.443721 0.919052
vt 0.419721 0.919052
vt 0.419721 0.908594
vt 0.419721 0.931041
vt 0.443721 0.931041
vt 0.443721 0.908594
vt 0.419721 0.919052
vt 0.443721 0.919052
vt 0.443721 0.938936
vt 0.419721 0.938936
vt 0.419721 0.931041
vt 0.419721 0.956138
vt 0.443721 0.956138
vt 0.443721 0.931041
vt 0.419721 0.938936
vt 0.443721 0.938936
vt 0.443721 0.961166
vt 0.419721 0.961166
vt 0.419721 0.956138
vt 0.419721 0.982921
vt 0.443721 0.982921
vt 0.443721 0.956138
vt 0.419721 0.961166
vt 0.443721 0.961166
vt 0.443721 0.984889
vt 0.419721 0.984889
vt 0.419721 0.982921
vt 0.419721 1.010360
vt 0.443721 1.010360
vt 0.443721 0.982921
vt 0.419721 0.984889
vt 0.443721 0.984889
vt 0.443721 1.009192
vt 0.419721 1.009192
vt 0.419721 1.010360
vt 0.419721 1.037400
vt 0.443721 1.037400
vt 0.443721 1.010360
vt 0.419721 1.009192
vt 0.443721 1.009192
vt 0.443721 1.033142
vt 0.419721 1.033142
vt 0.419721 1.037400
vt 0.419721 1.063004
vt 0.443721 1.063004
vt 0.443721 1.037400
vt 0.419721 1.033142
vt 0.443721 1.033142
vt 0.443721 1.055819
vt 0.419721 1.055819
vt 0.419721 1.063004
vt 0.419721 1.086186
vt 0.443721 1.086186
vt 0.443721 1.063004
vt 0.419721 1.055819
vt 0.443721 1.055819
vt 0.443721 1.076350
vt 0.419721 1.076350
vt 0.419721 1.086186
vt 0.419721 1.106056
vt 0.443721 1.106056
vt 0.443721 1.086186
vt 0.419721 1.076350
vt 0.443721 1.076350
vt 0.443721 1.093947
vt 0.419721 1.093947
vt 0.419721 1.106056
vt 0.419721 1.121851
vt 0.443721 1.121851
vt 0.443721 1.106056
vt 0.419721 1.093947
vt 0.443721 1.093947
vt 0.443721 1.107934
vt 0.419721 1.107934
vt 0.419721 1.121851
vt 0.419721 1.132963
vt 0.443721 1.132963
vt 0.443721 1.121851
vt 0.419721 1.107934
vt 0.443721 1.107934
vt 0.443721 1.117773
vt 0.419721 1.117773
vt 0.419721 1.132963
vt 0.419721 1.138965
vt 0.443721 1.138965
vt 0.443721 1.132963
vt 0.419721 1.117773
vt 0.443721 1.117773
vt 0.443721 1.123086
vt 0.419721 1.123086
vt 0.419721 1.138965
vt 0.419721 1.139627
vt 0.443721 1.139627
vt 0.443721 1.138965
vt 0.419721 1.123086
vt 0.443721 1.123086
vt 0.443721 1.123669
vt 0.419721 1.123669
vt 0.419721 1.139627
vt 0.419721 1.134923
vt 0.443721 1.134923
vt 0.443721 1.139627
vt 0.419721 1.123669
vt 0.443721 1.123669
vt 0.443721 1.119500
vt 0.419721 1.119500
vt 0.419721 1.134923
vt 0.419721 1.125034
vt 0.443721 1.125034
vt 0.443721 1.134923
vt 0.419721 1.119500
vt 0.443721 1.119500
vt 0.443721 1.110738
vt 0.419721 1.110738
vt 0.419721 1.125034
vt 0.419721 1.110340
vt 0.443721 1.110340
vt 0.443721 1.125034
vt 0.419721 1.110738
vt 0.443721 1.110738
vt 0.443721 1.097720
vt 0.419721 1.097720
vt 0.419721 1.110340
vt 0.419721 1.091405
vt 0.443721 1.091405
vt 0.443721 1.110340
vt 0.419721 1.097720
vt 0.443721 1.097720
vt 0.443721 1.080947
vt 0.419721 1.080947
vt 0.419721 1.091405
vt 0.419721 1.068958
vt 0.443721 1.068958
vt 0.443721 1.091405
vt 0.419721 1.080947
vt 0.443721 1.080947
vt 0.443721 1.061064
vt 0.419721 1.061064
vt 0.419721 1.068958
vt 0.419721 1.043861
vt 0.443721 1.043861
vt 0.443721 1.068958
vt 0.419721 1.061064
vt 0.443721 1.061064
vt 0.443721 1.038833
vt 0.419721 1.038833
vt 0.419721 1.043861
vt 0.419721 1.017079
vt 0.443721 1.017079
vt 0.443721 1.043861
vt 0.419721 1.038833
vt 0.443721 1.038833
vt 0.443721 1.015111
vt 0.419721 1.015111
vt 0.419721 1.017079
vt 0.419721 0.989640
vt 0.443721 0.989640
vt 0.443721 1.017079
vt 0.419721 1.015111
vt 0.443721 1.015111
vt 0.443721 0.990807
vt 0.419721 0.990807
vt 0.443721 0.989640
vt 0.443721 0.962599
vt 0.449721 0.963664
vt 0.449721 0.989932
vt 0.443721 0.990807
vt 0.449721 0.991099
vt 0.449721 0.967922
vt 0.443721 0.966857
vt 0.443721 0.962599
vt 0.443721 0.936996
vt 0.449721 0.938792
vt 0.449721 0.963664
vt 0.443721 0.966857
vt 0.449721 0.967922
vt 0.449721 0.945977
vt 0.443721 0.944181
vt 0.443721 0.936996
vt 0.443721 0.913813
vt 0.449721 0.916272
vt 0.449721 0.938792
vt 0.443721 0.944181
vt 0.449721 0.945977
vt 0.449721 0.926108
vt 0.443721 0.923649
vt 0.443721 0.913813
vt 0.443721 0.893943
vt 0.449721 0.896970
vt 0.449721 0.916272
vt 0.443721 0.923649
vt 0.449721 0.926108
vt 0.449721 0.909079
vt 0.443721 0.906052
vt 0.443721 0.893943
vt 0.443721 0.878149
vt 0.449721 0.881628
vt 0.449721 0.896970
vt 0.443721 0.906052
vt 0.449721 0.909079
vt 0.449721 0.895544
vt 0.443721 0.892065
vt 0.443721 0.878149
vt 0.443721 0.867037
vt 0.449721 0.870834
vt 0.449721 0.881628
vt 0.443721 0.892065
vt 0.449721 0.895544
vt 0.449721 0.886024
vt 0.443721 0.882226
vt 0.443721 0.867037
vt 0.443721 0.861035
vt 0.449721 0.865004
vt 0.449721 0.870834
vt 0.443721 0.882226
vt 0.449721 0.886024
vt 0.449721 0.880883
vt 0.443721 0.876913
vt 0.443721 0.861035
vt 0.443721 0.860373
vt 0.449721 0.864362
vt 0.449721 0.865004
vt 0.443721 0.876913
vt 0.449721 0.880883
vt 0.449721 0.880320
vt 0.443721 0.876330
vt 0.443721 0.860373
vt 0.443721 0.865077
vt 0.449721 0.868933
vt 0.449721 0.864362
vt 0.443721 0.876330
vt 0.449721 0.880320
vt 0.449721 0.884356
vt 0.443721 0.880500
vt 0.443721 0.865077
vt 0.443721 0.874966
vt 0.449721 0.878540
vt 0.449721 0.868933
vt 0.443721 0.880500
vt 0.449721 0.884356
vt 0.449721 0.892836
vt 0.443721 0.889262
vt 0.443721 0.874966
vt 0.443721 0.889660
vt 0.449721 0.892815
vt 0.449721 0.878540
vt 0.443721 0.889262
vt 0.449721 0.892836
vt 0.449721 0.905434
vt 0.443721 0.902279
vt 0.443721 0.889660
vt 0.443721 0.908594
vt 0.449721 0.911209
vt 0.449721 0.892815
vt 0.443721 0.902279
vt 0.449721 0.905434
vt 0.449721 0.921667
vt 0.443721 0.919052
vt 0.443721 0.908594
vt 0.443721 0.931041
vt 0.449721 0.933015
vt 0.449721 0.911209
vt 0.443721 0.919052
vt 0.449721 0.921667
vt 0.449721 0.940910
vt 0.443721 0.938936
vt 0.443721 0.931041
vt 0.443721 0.956138
vt 0.449721 0.957395
vt 0.449721 0.933015
vt 0.443721 0.938936
vt 0.449721 0.940910
vt 0.449721 0.962423
vt 0.443721 0.961166
vt 0.443721 0.956138
vt 0.443721 0.982921
vt 0.449721 0.983413
vt 0.449721 0.957395
vt 0.443721 0.961166
vt 0.449721 0.962423
vt 0.449721 0.985381
vt 0.443721 0.984889
vt 0.443721 0.982921
vt 0.443721 1.010360
vt 0.449721 1.010068
vt 0.449721 0.983413
vt 0.443721 0.984889
vt 0.449721 0.985381
vt 0.449721 1.008900
vt 0.443721 1.009192
vt 0.443721 1.010360
vt 0.443721 1.037400
vt 0.449721 1.036336
vt 0.449721 1.010068
vt 0.443721 1.009192
vt 0.449721 1.008900
vt 0.449721 1.032078
vt 0.443721 1.033142
vt 0.443721 1.037400
vt 0.443721 1.063004
vt 0.449721 1.061208
vt 0.449721 1.036336
vt 0.443721 1.033142
vt 0.449721 1.032078
vt 0.449721 1.054023
vt 0.443721 1.055819
vt 0.443721 1.063004
vt 0.443721 1.086186
vt 0.449721 1.083727
vt 0.449721 1.061208
vt 0.443721 1.055819
vt 0.449721 1.054023
vt 0.449721 1.073891
vt 0.443721 1.076350
vt 0.443721 1.086186
vt 0.443721 1.106056
vt 0.449721 1.103029
vt 0.449721 1.083727
vt 0.443721 1.076350
vt 0.449721 1.073891
vt 0.449721 1.090920
vt 0.443721 1.093947
vt 0.443721 1.106056
vt 0.443721 1.121851
vt 0.449721 1.118372
vt 0.449721 1.103029
vt 0.443721 1.093947
vt 0.449721 1.090920
vt 0.449721 1.104455
vt 0.443721 1.107934
vt 0.443721 1.121851
vt 0.443721 1.132963
vt 0.449721 1.129165
vt 0.449721 1.118372
vt 0.443721 1.107934
vt 0.449721 1.104455
vt 0.449721 1.113976
vt 0.443721 1.117773
vt 0.443721 1.132963
vt 0.443721 1.138965
vt 0.449721 1.134995
vt 0.449721 1.129165
vt 0.443721 1.117773
vt 0.449721 1.113976
vt 0.449721 1.119117
vt 0.443721 1.123086
vt 0.443721 1.138965
vt 0.443721 1.139627
vt 0.449721 1.135637
vt 0.449721 1.134995
vt 0.443721 1.123086
vt 0.449721 1.119117
vt 0.449721 1.119680
vt 0.443721 1.123669
vt 0.443721 1.139627
vt 0.443721 1.134923
vt 0.449721 1.131067
vt 0.449721 1.135637
vt 0.443721 1.123669
vt 0.449721 1.119680
vt 0.449721 1.115644
vt 0.443721 1.119500
vt 0.443721 1.134923
vt 0.443721 1.125034
vt 0.449721 1.121460
vt 0.449721 1.131067
vt 0.443721 1.119500
vt 0.449721 1.115644
vt 0.449721 1.107164
vt 0.443721 1.110738
vt 0.443721 1.125034
vt 0.443721 1.110340
vt 0.449721 1.107185
vt 0.449721 1.121460
vt 0.443721 1.110738
vt 0.449721 1.107164
vt 0.449721 1.094565
vt 0.443721 1.097720
vt 0.443721 1.110340
vt 0.443721 1.091405
vt 0.449721 1.088791
vt 0.449721 1.107185
vt 0.443721 1.097720
vt 0.449721 1.094565
vt 0.449721 1.078333
vt 0.443721 1.080947
vt 0.443721 1.091405
vt 0.443721 1.068958
vt 0.449721 1.066985
vt 0.449721 1.088791
vt 0.443721 1.080947
vt 0.449721 1.078333
vt 0.449721 1.059090
vt 0.443721 1.061064
vt 0.443721 1.068958
vt 0.443721 1.043861
vt 0.449721 1.042604
vt 0.449721 1.066985
vt 0.443721 1.061064
vt 0.449721 1.059090
vt 0.449721 1.037576
vt 0.443721 1.038833
vt 0.443721 1.043861
vt 0.443721 1.017079
vt 0.449721 1.016587
vt 0.449721 1.042604
vt 0.443721 1.038833
vt 0.449721 1.037576
vt 0.449721 1.014619
vt 0.443721 1.015111
vt 0.443721 1.017079
vt 0.443721 0.989640
vt 0.449721 0.989932
vt 0.449721 1.016587
vt 0.443721 1.015111
vt 0.449721 1.014619
vt 0.449721 0.991099
vt 0.443721 0.990807
vt -0.068816 1.005034
vt -0.060837 1.004450
vt -0.058814 1.016039
vt -0.066526 1.018168
vt 0.068816 1.005034
vt 0.066526 1.018168
vt 0.058814 1.016039
vt 0.060837 1.004450
vt -0.066526 1.018168
vt -0.058814 1.016039
vt -0.054531 1.027011
vt -0.061679 1.030604
vt 0.066526 1.018168
vt 0.061679 1.030604
vt 0.054531 1.027011
vt 0.058814 1.016039
vt -0.061679 1.030604
vt -0.054531 1.027011
vt -0.048153 1.036946
vt -0.054462 1.041864
vt 0.061679 1.030604
vt 0.054462 1.041864
vt 0.048153 1.036946
vt 0.054531 1.027011
vt -0.054462 1.041864
vt -0.048153 1.036946
vt -0.039923 1.045460
vt -0.045152 1.051515
vt 0.054462 1.041864
vt 0.045152 1.051515
vt 0.039923 1.045460
vt 0.048153 1.036946
vt -0.045152 1.051515
vt -0.039923 1.045460
vt -0.030160 1.052228
vt -0.034107 1.059186
vt 0.045152 1.051515
vt 0.034107 1.059186
vt 0.030160 1.052228
vt 0.039923 1.045460
vt -0.034107 1.059186
vt -0.030160 1.052228
vt -0.019237 1.056988
vt -0.021751 1.064583
vt 0.034107 1.059186
vt 0.021751 1.064583
vt 0.019237 1.056988
vt 0.030160 1.052228
vt -0.021751 1.064583
vt -0.019237 1.056988
vt -0.007576 1.059559
vt -0.008560 1.067498
vt 0.021751 1.064583
vt 0.008560 1.067498
vt 0.007576 1.059559
vt 0.019237 1.056988
vt -0.008560 1.067498
vt -0.007576 1.059559
vt 0.004377 1.059840
vt 0.004961 1.067819
vt 0.008560 1.067498
vt -0.004961 1.067819
vt -0.004377 1.059840
vt 0.007576 1.059559
vt 0.004961 1.067819
vt 0.004377 1.059840
vt 0.016162 1.057822
vt 0.018291 1.065534
vt -0.004961 1.067819
vt -0.018291 1.065534
vt -0.016162 1.057822
vt -0.004377 1.059840
vt 0.018291 1.065534
vt 0.016162 1.057822
vt 0.027326 1.053582
vt 0.030918 1.060730
vt -0.018291 1.065534
vt -0.030918 1.060730
vt -0.027326 1.053582
vt -0.016162 1.057822
vt 0.030918 1.060730
vt 0.027326 1.053582
vt 0.037439 1.047283
vt 0.042357 1.053593
vt -0.030918 1.060730
vt -0.042357 1.053593
vt -0.037439 1.047283
vt -0.027326 1.053582
vt 0.042357 1.053593
vt 0.037439 1.047283
vt 0.046114 1.039166
vt 0.052168 1.044396
vt -0.042357 1.053593
vt -0.052168 1.044396
vt -0.046114 1.039166
vt -0.037439 1.047283
vt 0.052168 1.044396
vt 0.046114 1.039166
vt 0.053016 1.029545
vt 0.059975 1.033492
vt -0.052168 1.044396
vt -0.059975 1.033492
vt -0.053016 1.029545
vt -0.046114 1.039166
vt 0.059975 1.033492
vt 0.053016 1.029545
vt 0.057882 1.018788
vt 0.065476 1.021302
vt -0.059975 1.033492
vt -0.065476 1.021302
vt -0.057882 1.018788
vt -0.053016 1.029545
vt 0.065476 1.021302
vt 0.057882 1.018788
vt 0.060522 1.007309
vt 0.068462 1.008294
vt -0.065476 1.021302
vt -0.068462 1.008294
vt -0.060522 1.007309
vt -0.057882 1.018788
vt 0.068462 1.008294
vt 0.060522 1.007309
vt 0.060837 0.995550
vt 0.068816 0.994966
vt -0.068462 1.008294
vt -0.068816 0.994966
vt -0.060837 0.995550
vt -0.060522 1.007309
vt 0.068816 0.994966
vt 0.060837 0.995550
vt 0.058814 0.983961
vt 0.066526 0.981832
vt -0.068816 0.994966
vt -0.066526 0.981832
vt -0.058814 0.983961
vt -0.060837 0.995550
vt 0.066526 0.981832
vt 0.058814 0.983961
vt 0.054531 0.972989
vt 0.061679 0.969396
vt -0.066526 0.981832
vt -0.061679 0.969396
vt -0.054531 0.972989
vt -0.058814 0.983961
vt 0.061679 0.969396
vt 0.054531 0.972989
vt 0.048153 0.963054
vt 0.054462 0.958136
vt -0.061679 0.969396
vt -0.054462 0.958136
vt -0.048153 0.963054
vt -0.054531 0.972989
vt 0.054462 0.958136
vt 0.048153 0.963054
vt 0.039923 0.954540
vt 0.045152 0.948485
vt -0.054462 0.958136
vt -0.045152 0.948485
vt -0.039923 0.954540
vt -0.048153 0.963054
vt 0.045152 0.948485
vt 0.039923 0.954540
vt 0.030160 0.947772
vt 0.034107 0.940814
vt -0.045152 0.948485
vt -0.034107 0.940814
vt -0.030160 0.947772
vt -0.039923 0.954540
vt 0.034107 0.940814
vt 0.030160 0.947772
vt 0.019237 0.943012
vt 0.021751 0.935417
vt -0.034107 0.940814
vt -0.021751 0.935417
vt -0.019237 0.943012
vt -0.030160 0.947772
vt 0.021751 0.935417
vt 0.019237 0.943012
vt 0.007576 0.940441
vt 0.008560 0.932502
vt -0.021751 0.935417
vt -0.008560 0.932502
vt -0.007576 0.940441
vt -0.019237 0.943012
vt 0.008560 0.932502
vt 0.007576 0.940441
vt -0.004377 0.940160
vt -0.004961 0.932181
vt -0.008560 0.932502
vt 0.004961 0.932181
vt 0.004377 0.940160
vt -0.007576 0.940441
vt -0.004961 0.932181
vt -0.004377 0.940160
vt -0.016162 0.942178
vt -0.018291 0.934466
vt 0.004961 0.932181
vt 0.018291 0.934466
vt 0.016162 0.942178
vt 0.004377 0.940160
vt -0.018291 0.934466
vt -0.016162 0.942178
vt -0.027326 0.946418
vt -0.030918 0.939270
vt 0.018291 0.934466
vt 0.030918 0.939270
vt 0.027326 0.946418
vt 0.016162 0.942178
vt -0.030918 0.939270
vt -0.027326 0.946418
vt -0.037439 0.952717
vt -0.042357 0.946407
vt 0.030918 0.939270
vt 0.042357 0.946407
vt 0.037439 0.952717
vt 0.027326 0.946418
vt -0.042357 0.946407
vt -0.037439 0.952717
vt -0.046114 0.960834
vt -0.052168 0.955604
vt 0.042357 0.946407
vt 0.052168 0.955604
vt 0.046114 0.960834
vt 0.037439 0.952717
vt -0.052168 0.955604
vt -0.046114 0.960834
vt -0.053016 0.970455
vt -0.059975 0.966508
vt 0.052168 0.955604
vt 0.059975 0.966508
vt 0.053016 0.970455
vt 0.046114 0.960834
vt -0.059975 0.966508
vt -0.053016 0.970455
vt -0.057882 0.981212
vt -0.065476 0.978698
vt 0.059975 0.966508
vt 0.065476 0.978698
vt 0.057882 0.981212
vt 0.053016 0.970455
vt -0.065476 0.978698
vt -0.057882 0.981212
vt -0.060522 0.992691
vt -0.068462 0.991706
vt 0.065476 0.978698
vt 0.068462 0.991706
vt 0.060522 0.992691
vt 0.057882 0.981212
vt -0.068462 0.991706
vt -0.060522 0.992691
vt -0.060837 1.004450
vt -0.068816 1.005034
vt 0.068462 0.991706
vt 0.068816 1.005034
vt 0.060837 1.004450
vt 0.060522 0.992691
vt 0.206861 0.931342
vt 0.209861 0.929352
vt 0.209861 0.937313
vt 0.206861 0.939303
vt -0.206861 0.939303
vt -0.209861 0.937313
vt -0.209861 0.929352
vt -0.206861 0.931342
vt 0.209861 0.929352
vt 0.221861 0.929352
vt 0.221861 0.937312
vt 0.209861 0.937312
vt -0.209861 0.937312
vt -0.221861 0.937312
vt -0.221861 0.929352
vt -0.209861 0.929352
vt 0.221861 0.929352
vt 0.224861 0.931342
vt 0.224861 0.939303
vt 0.221861 0.937312
vt -0.221861 0.937312
vt -0.224861 0.939303
vt -0.224861 0.931342
vt -0.221861 0.929352
vt 0.008089 1.078286
vt 0.001224 1.077790
vt 0.002304 1.062829
vt 0.009170 1.063325
vt 0.028129 1.079498
vt 0.021260 1.079050
vt 0.022236 1.064082
vt 0.029104 1.064530
vt 0.045783 1.079972
vt 0.038909 1.079616
vt 0.039684 1.064636
vt 0.046558 1.064992
vt 0.059317 1.079513
vt 0.052438 1.079284
vt 0.052936 1.064292
vt 0.059815 1.064521
vt 0.067378 1.078276
vt 0.060496 1.078197
vt 0.060667 1.063198
vt 0.067550 1.063277
vt 0.069152 1.076714
vt 0.062269 1.076792
vt 0.062098 1.061794
vt 0.068980 1.061715
vt 0.064462 1.075402
vt 0.057583 1.075630
vt 0.057085 1.060639
vt 0.063964 1.060410
vt 0.053790 1.074821
vt 0.046916 1.075177
vt 0.046141 1.060197
vt 0.053015 1.059841
vt 0.038210 1.075174
vt 0.031341 1.075622
vt 0.030366 1.060653
vt 0.037234 1.060206
vt 0.019259 1.076311
vt 0.012393 1.076807
vt 0.011312 1.061846
vt 0.018178 1.061350
vt -0.001224 1.077790
vt -0.008089 1.078286
vt -0.009170 1.063325
vt -0.002304 1.062829
vt -0.021260 1.079050
vt -0.028129 1.079498
vt -0.029104 1.064530
vt -0.022236 1.064082
vt -0.038909 1.079616
vt -0.045783 1.079972
vt -0.046558 1.064992
vt -0.039684 1.064636
vt -0.052438 1.079284
vt -0.059317 1.079513
vt -0.059815 1.064521
vt -0.052936 1.064292
vt -0.060496 1.078197
vt -0.067378 1.078276
vt -0.067550 1.063277
vt -0.060667 1.063198
vt -0.062269 1.076792
vt -0.069152 1.076714
vt -0.068980 1.061715
vt -0.062098 1.061794
vt -0.057583 1.075630
vt -0.064462 1.075402
vt -0.063964 1.060410
vt -0.057085 1.060639
vt -0.046916 1.075177
vt -0.053790 1.074821
vt -0.053015 1.059841
vt -0.046141 1.060197
vt -0.031341 1.075622
vt -0.038210 1.075174
vt -0.037234 1.060206
vt -0.030366 1.060653
vt -0.012393 1.076807
vt -0.019259 1.076311
vt -0.018178 1.061350
vt -0.011312 1.061846
vt -0.086559 0.993202
vt -0.083434 0.987069
vt -0.078567 0.982202
vt -0.072434 0.979077
vt -0.065636 0.978000
vt -0.058838 0.979077
vt -0.052705 0.982202
vt -0.047838 0.987069
vt -0.044713 0.993202
vt -0.043636 1.000000
vt -0.044713 1.006799
vt -0.047838 1.012931
vt -0.052705 1.017798
vt -0.058838 1.020923
vt -0.065636 1.022000
vt -0.072434 1.020923
vt -0.078567 1.017799
vt -0.083434 1.012931
vt -0.086559 1.006799
vt -0.087636 1.000000
vt 0.087636 1.000000
vt 0.086559 1.006799
vt 0.083434 1.012931
vt 0.078567 1.017799
vt 0.072434 1.020923
vt 0.065636 1.022000
vt 0.058838 1.020923
vt 0.052705 1.017798
vt 0.047838 1.012931
vt 0.044713 1.006799
vt 0.043636 1.000000
vt 0.044713 0.993202
vt 0.047838 0.987069
vt 0.052705 0.982202
vt 0.058838 0.979077
vt 0.065636 0.978000
vt 0.072434 0.979077
vt 0.078567 0.982202
vt 0.083434 0.987069
vt 0.086559 0.993202
vt 0.036340 0.917226
vt 0.036938 0.919752
vt 0.034018 0.920443
vt 0.033420 0.917917
vt 0.052535 0.976584
vt 0.052769 0.979169
vt 0.049781 0.979439
vt 0.049547 0.976854
vt 0.057320 1.037520
vt 0.057509 1.040109
vt 0.054517 1.040328
vt 0.054328 1.037739
vt 0.061900 1.080159
vt 0.062134 1.082745
vt 0.059146 1.083015
vt 0.058912 1.080430
vt 0.075102 1.080972
vt 0.075700 1.083498
vt 0.072781 1.084189
vt 0.072183 1.081663
vt -0.036938 0.919752
vt -0.036340 0.917226
vt -0.033420 0.917917
vt -0.034018 0.920443
vt -0.052769 0.979169
vt -0.052535 0.976584
vt -0.049547 0.976854
vt -0.049781 0.979439
vt -0.057509 1.040109
vt -0.057320 1.037520
vt -0.054328 1.037739
vt -0.054517 1.040328
vt -0.062134 1.082745
vt -0.061900 1.080159
vt -0.058912 1.080430
vt -0.059146 1.083015
vt -0.075700 1.083498
vt -0.075102 1.080972
vt -0.072183 1.081663
vt -0.072781 1.084189
vt 0.090935 1.039502
vt 0.092460 1.041602
vt 0.092460 1.044198
vt 0.090935 1.046298
vt 0.088466 1.047100
vt 0.085997 1.046298
vt 0.084472 1.044198
vt 0.084472 1.041602
vt 0.085997 1.039502
vt 0.088466 1.038700
vt -0.088466 1.038700
vt -0.085997 1.039502
vt -0.084472 1.041602
vt -0.084472 1.044198
vt -0.085997 1.046298
vt -0.088466 1.047100
vt -0.090935 1.046298
vt -0.092460 1.044198
vt -0.092460 1.041602
vt -0.090935 1.039502
vt -0.087966 1.054330
vt -0.087966 1.055130
vt -0.088966 1.055130
vt -0.088966 1.054330
vt 0.088966 1.054330
vt 0.088966 1.055130
vt 0.087966 1.055130
vt 0.087966 1.054330
vt -0.087966 1.045000
vt -0.088966 1.045000
vt -0.088966 1.040800
vt -0.087966 1.040800
vt 0.087966 1.040800
vt 0.088966 1.040800
vt 0.088966 1.045000
vt 0.087966 1.045000
vt 0.057468 1.040916
vt 0.057162 1.036728
vt 0.057960 1.036669
vt 0.058266 1.040858
vt -0.058266 1.040858
vt -0.057960 1.036669
vt -0.057162 1.036728
vt -0.057468 1.040916
vt 0.018178 0.938650
vt 0.011312 0.938154
vt 0.012393 0.923193
vt 0.019259 0.923689
vt 0.037234 0.939794
vt 0.030366 0.939347
vt 0.031341 0.924378
vt 0.038210 0.924826
vt 0.053015 0.940159
vt 0.046141 0.939803
vt 0.046916 0.924823
vt 0.053790 0.925179
vt 0.063964 0.939590
vt 0.057085 0.939361
vt 0.057583 0.924370
vt 0.064462 0.924598
vt 0.068980 0.938285
vt 0.062098 0.938207
vt 0.062269 0.923208
vt 0.069152 0.923286
vt 0.067550 0.936723
vt 0.060667 0.936802
vt 0.060496 0.921803
vt 0.067378 0.921724
vt 0.059815 0.935479
vt 0.052936 0.935708
vt 0.052438 0.920716
vt 0.059317 0.920487
vt 0.046558 0.935008
vt 0.039684 0.935364
vt 0.038909 0.920384
vt 0.045783 0.920028
vt 0.029104 0.935470
vt 0.022236 0.935918
vt 0.021260 0.920950
vt 0.028129 0.920502
vt 0.009170 0.936675
vt 0.002304 0.937171
vt 0.001224 0.922210
vt 0.008089 0.921714
vt -0.011312 0.938154
vt -0.018178 0.938650
vt -0.019259 0.923689
vt -0.012393 0.923193
vt -0.030366 0.939347
vt -0.037234 0.939794
vt -0.038210 0.924826
vt -0.031341 0.924378
vt -0.046141 0.939803
vt -0.053015 0.940159
vt -0.053790 0.925179
vt -0.046916 0.924823
vt -0.057085 0.939361
vt -0.063964 0.939590
vt -0.064462 0.924598
vt -0.057583 0.924370
vt -0.062098 0.938207
vt -0.068980 0.938285
vt -0.069152 0.923286
vt -0.062269 0.923208
vt -0.060667 0.936802
vt -0.067550 0.936723
vt -0.067378 0.921724
vt -0.060496 0.921803
vt -0.052936 0.935708
vt -0.059815 0.935479
vt -0.059317 0.920487
vt -0.052438 0.920716
vt -0.039684 0.935364
vt -0.046558 0.935008
vt -0.045783 0.920028
vt -0.038909 0.920384
vt -0.022236 0.935918
vt -0.029104 0.935470
vt -0.028129 0.920502
vt -0.021260 0.920950
vt -0.002304 0.937171
vt -0.009170 0.936675
vt -0.008089 0.921714
vt -0.001224 0.922210
vt -0.086559 0.993202
vt -0.083434 0.987069
vt -0.078567 0.982202
vt -0.072434 0.979077
vt -0.065636 0.978000
vt -0.058838 0.979077
vt -0.052705 0.982202
vt -0.047838 0.987069
vt -0.044713 0.993202
vt -0.043636 1.000000
vt -0.044713 1.006799
vt -0.047838 1.012931
vt -0.052705 1.017798
vt -0.058838 1.020923
vt -0.065636 1.022000
vt -0.072434 1.020923
vt -0.078567 1.017799
vt -0.083434 1.012931
vt -0.086559 1.006799
vt -0.087636 1.000000
vt 0.087636 1.000000
vt 0.086559 1.006799
vt 0.083434 1.012931
vt 0.078567 1.017799
vt 0.072434 1.020923
vt 0.065636 1.022000
vt 0.058838 1.020923
vt 0.052705 1.017798
vt 0.047838 1.012931
vt 0.044713 1.006799
vt 0.043636 1.000000
vt 0.044713 0.993202
vt 0.047838 0.987069
vt 0.052705 0.982202
vt 0.058838 0.979077
vt 0.065636 0.978000
vt 0.072434 0.979077
vt 0.078567 0.982202
vt 0.083434 0.987069
vt 0.086559 0.993202
vt 0.030232 0.891425
vt 0.030830 0.893951
vt 0.027911 0.894642
vt 0.027313 0.892116
vt 0.046284 0.907452
vt 0.046518 0.910037
vt 0.043530 0.910308
vt 0.043296 0.907722
vt 0.051060 0.951949
vt 0.051250 0.954538
vt 0.048258 0.954757
vt 0.048068 0.952168
vt 0.055649 1.011028
vt 0.055883 1.013613
vt 0.052895 1.013883
vt 0.052661 1.011298
vt 0.068995 1.055172
vt 0.069593 1.057698
vt 0.066673 1.058389
vt 0.066075 1.055863
vt -0.030830 0.893951
vt -0.030232 0.891425
vt -0.027313 0.892116
vt -0.027911 0.894642
vt -0.046518 0.910037
vt -0.046284 0.907452
vt -0.043296 0.907722
vt -0.043530 0.910308
vt -0.051250 0.954538
vt -0.051060 0.951949
vt -0.048068 0.952168
vt -0.048258 0.954757
vt -0.055883 1.013613
vt -0.055649 1.011028
vt -0.052661 1.011298
vt -0.052895 1.013883
vt -0.069593 1.057698
vt -0.068995 1.055172
vt -0.066075 1.055863
vt -0.066673 1.058389
vt 0.090935 0.953702
vt 0.092460 0.955802
vt 0.092460 0.958398
vt 0.090935 0.960498
vt 0.088466 0.961300
vt 0.085997 0.960498
vt 0.084472 0.958398
vt 0.084472 0.955802
vt 0.085997 0.953702
vt 0.088466 0.952900
vt -0.088466 0.952900
vt -0.085997 0.953702
vt -0.084472 0.955802
vt -0.084472 0.958398
vt -0.085997 0.960498
vt -0.088466 0.961300
vt -0.090935 0.960498
vt -0.092460 0.958398
vt -0.092460 0.955802
vt -0.090935 0.953702
vt -0.087966 1.054330
vt -0.087966 1.055130
vt -0.088966 1.055130
vt -0.088966 1.054330
vt 0.088966 1.054330
vt 0.088966 1.055130
vt 0.087966 1.055130
vt 0.087966 1.054330
vt -0.087966 0.959200
vt -0.088966 0.959200
vt -0.088966 0.955000
vt -0.087966 0.955000
vt 0.087966 0.955000
vt 0.088966 0.955000
vt 0.088966 0.959200
vt 0.087966 0.959200
vt 0.051209 0.955345
vt 0.050902 0.951156
vt 0.051700 0.951098
vt 0.052006 0.955287
vt -0.052006 0.955287
vt -0.051700 0.951098
vt -0.050902 0.951156
vt -0.051209 0.955345
vt -0.098272 1.035000
vt -0.166472 1.032900
vt -0.186272 1.019600
vt -0.186272 0.980400
vt -0.166472 0.967100
vt -0.098272 0.965000
vt -0.076272 0.977600
vt -0.076272 1.022400
vt 0.082322 1.019936
vt 0.082322 0.980064
vt 0.101902 0.968850
vt 0.162600 0.970719
vt 0.180222 0.982556
vt 0.180222 1.017444
vt 0.162600 1.029281
vt 0.101902 1.031150
vt 0.068456 1.017452
vt 0.065187 0.972772
vt 0.081145 0.971604
vt 0.084413 1.016285
vt 0.113629 1.016552
vt 0.111315 0.971812
vt 0.118539 0.973906
vt 0.120599 1.013725
vt 0.055027 0.913749
vt 0.051335 0.888667
vt 0.067164 0.886337
vt 0.070856 0.911419
vt 0.105450 1.002516
vt 0.124440 0.985719
vt 0.129650 0.989744
vt 0.112749 1.004693
vt 0.096997 1.067219
vt 0.165229 1.067373
vt 0.165193 1.083372
vt 0.096961 1.083219
vt 0.095548 1.036339
vt 0.163705 1.039541
vt 0.159694 1.044829
vt 0.099034 1.041979
vt -0.082020 1.110112
vt -0.085122 1.133762
vt -0.100986 1.131680
vt -0.097884 1.108031
vt 0.101936 1.068274
vt 0.118454 1.085482
vt 0.111134 1.087213
vt 0.096434 1.071898
vt -0.065392 0.975564
vt -0.068251 1.014660
vt -0.084209 1.013492
vt -0.081349 0.974397
vt 0.073939 0.984198
vt 0.071914 1.023346
vt 0.064929 1.020826
vt 0.066731 0.985984
vt -0.047739 0.848808
vt -0.050842 0.872458
vt -0.066706 0.870377
vt -0.063603 0.846727
vt 0.125519 0.925277
vt 0.107551 0.940964
vt 0.102388 0.936870
vt 0.118380 0.922908
vt -0.165531 1.066628
vt -0.097299 1.066781
vt -0.097335 1.082781
vt -0.165567 1.082628
vt 0.163955 0.961507
vt 0.095779 0.964273
vt 0.099301 0.958655
vt 0.159977 0.956193
vt 0.081237 1.091820
vt 0.077545 1.066737
vt 0.093374 1.064408
vt 0.097066 1.089490
vt 0.125194 1.003962
vt 0.104883 0.988789
vt 0.111977 0.986018
vt 0.130055 0.999521
vt -0.097672 1.087650
vt -0.097672 1.088350
vt -0.164872 1.088350
vt -0.164872 1.087650
vt 0.164872 1.087650
vt 0.164872 1.088350
vt 0.097672 1.088350
vt 0.097672 1.087650
vt -0.097672 1.021100
vt -0.164872 1.021100
vt -0.164872 0.978900
vt -0.097672 0.978900
vt 0.097672 0.978900
vt 0.164872 0.978900
vt 0.164872 1.021100
vt 0.097672 1.021100
vt 0.088956 1.014649
vt 0.085877 0.972562
vt 0.086575 0.972511
vt 0.089654 1.014598
vt -0.089654 1.014598
vt -0.086575 0.972511
vt -0.085877 0.972562
vt -0.088956 1.014649
vt -0.006976 1.021489
vt -0.009156 0.979345
vt -0.007179 0.979243
vt -0.004999 1.021387
vt -0.180400 1.011797
vt -0.178220 0.969653
vt -0.176243 0.969756
vt -0.178423 1.011899
vt 0.131463 1.014328
vt 0.129283 0.972185
vt 0.131261 0.972082
vt 0.133440 1.014226
vt 0.051958 1.023816
vt 0.054138 0.981672
vt 0.056116 0.981774
vt 0.053936 1.023918
vt 0.095725 1.073535
vt 0.096421 1.073463
vt 0.096625 1.075432
vt 0.095929 1.075504
vt 0.078441 0.906457
vt 0.079137 0.906385
vt 0.079341 0.908355
vt 0.078644 0.908427
vt -0.076825 0.890843
vt -0.077522 0.890771
vt -0.077318 0.888801
vt -0.076622 0.888873
vt -0.097748 1.093088
vt -0.098444 1.093016
vt -0.098240 1.091046
vt -0.097544 1.091118
vt -0.097672 1.077888
vt -0.164872 1.077888
vt -0.164872 1.075908
vt -0.097672 1.075908
vt 0.097672 0.951457
vt 0.164872 0.951457
vt 0.164872 0.953437
vt 0.097672 0.953437
vt -0.097672 0.924092
vt -0.164872 0.924092
vt -0.164872 0.922112
vt -0.097672 0.922112
vt 0.097672 1.046563
vt 0.164872 1.046563
vt 0.164872 1.048543
vt 0.097672 1.048543
vt -0.000902 1.094291
vt -0.002002 1.092645
vt -0.000026 1.092515
vt -0.178188 0.973382
vt -0.176212 0.973512
vt -0.177312 0.975158
vt 0.131553 1.012461
vt 0.133529 1.012340
vt 0.132645 1.014112
vt 0.059194 0.918453
vt 0.058311 0.916681
vt 0.060287 0.916802
vt -0.011717 0.908230
vt -0.013693 0.908351
vt -0.012809 0.906579
vt -0.179030 1.002238
vt -0.178146 1.004009
vt -0.180123 1.003889
vt 0.129799 0.969240
vt 0.130899 0.970886
vt 0.128924 0.971016
vt 0.049290 1.090149
vt 0.047315 1.090019
vt 0.048415 1.088374
vt -0.103172 1.090400
vt -0.103172 1.090600
vt -0.105372 1.090600
vt -0.105372 1.090400
vt 0.105372 1.090400
vt 0.105372 1.090600
vt 0.103172 1.090600
vt 0.103172 1.090400
vt -0.103172 1.019600
vt -0.105372 1.019600
vt -0.105372 0.988400
vt -0.103172 0.988400
vt 0.103172 0.988400
vt 0.105372 0.988400
vt 0.105372 1.019600
vt 0.103172 1.019600
vt 0.091589 1.012952
vt 0.089313 0.981836
vt 0.089512 0.981821
vt 0.091789 1.012938
vt -0.091789 1.012938
vt -0.089512 0.981821
vt -0.089313 0.981836
vt -0.091589 1.012952
vt -0.008289 1.020055
vt -0.009901 0.988897
vt -0.009336 0.988867
vt -0.007724 1.020026
vt -0.139542 1.012408
vt -0.137930 0.981250
vt -0.137365 0.981279
vt -0.138977 1.012438
vt 0.137565 1.012511
vt 0.135953 0.981352
vt 0.136518 0.981323
vt 0.138130 1.012481
vt 0.009137 1.020099
vt 0.010748 0.988940
vt 0.011313 0.988970
vt 0.009702 1.020128
vt 0.098824 1.076768
vt 0.099023 1.076748
vt 0.099081 1.077311
vt 0.098882 1.077331
vt 0.081540 0.909691
vt 0.081739 0.909670
vt 0.081797 0.910233
vt 0.081598 0.910254
vt -0.083708 0.930651
vt -0.083907 0.930630
vt -0.083849 0.930068
vt -0.083650 0.930088
vt -0.096772 1.056934
vt -0.096971 1.056913
vt -0.096913 1.056351
vt -0.096714 1.056371
vt -0.103172 1.078065
vt -0.105372 1.078065
vt -0.105372 1.077499
vt -0.103172 1.077499
vt 0.103172 0.949513
vt 0.105372 0.949513
vt 0.105372 0.950078
vt 0.103172 0.950078
vt -0.103172 0.928158
vt -0.105372 0.928158
vt -0.105372 0.927592
vt -0.103172 0.927592
vt 0.103172 1.055579
vt 0.105372 1.055579
vt 0.105372 1.056144
vt 0.103172 1.056144
vt -0.002755 1.095742
vt -0.003069 1.095272
vt -0.002505 1.095235
vt -0.139054 1.000605
vt -0.138490 1.000642
vt -0.138804 1.001112
vt 0.137759 1.012593
vt 0.138324 1.012558
vt 0.138072 1.013064
vt 0.014310 0.937080
vt 0.014058 0.936574
vt 0.014623 0.936609
vt -0.014121 0.912365
vt -0.014685 0.912399
vt -0.014433 0.911893
vt -0.137949 0.987877
vt -0.137697 0.988383
vt -0.138261 0.988348
vt 0.135743 0.976111
vt 0.136057 0.976582
vt 0.135493 0.976619
vt 0.006066 1.071249
vt 0.005502 1.071212
vt 0.005816 1.070741
vt -0.115172 1.090400
vt -0.115172 1.090600
vt -0.117372 1.090600
vt -0.117372 1.090400
vt 0.117372 1.090400
vt 0.117372 1.090600
vt 0.115172 1.090600
vt 0.115172 1.090400
vt -0.115172 1.019600
vt -0.117372 1.019600
vt -0.117372 0.988400
vt -0.115172 0.988400
vt 0.115172 0.988400
vt 0.117372 0.988400
vt 0.117372 1.019600
vt 0.115172 1.019600
vt 0.091589 1.012952
vt 0.089313 0.981836
vt 0.089512 0.981821
vt 0.091789 1.012938
vt -0.091789 1.012938
vt -0.089512 0.981821
vt -0.089313 0.981836
vt -0.091589 1.012952
vt -0.016763 1.020493
vt -0.018375 0.989335
vt -0.017810 0.989306
vt -0.016198 1.020464
vt -0.148016 1.011970
vt -0.146404 0.980812
vt -0.145839 0.980841
vt -0.147451 1.011999
vt 0.146039 1.012072
vt 0.144427 0.980914
vt 0.144992 0.980885
vt 0.146604 1.012043
vt 0.017611 1.020537
vt 0.019222 0.989379
vt 0.019787 0.989408
vt 0.018175 1.020566
vt 0.099697 1.085209
vt 0.099896 1.085188
vt 0.099955 1.085751
vt 0.099756 1.085771
vt 0.080667 0.901251
vt 0.080866 0.901230
vt 0.080924 0.901793
vt 0.080725 0.901813
vt -0.082835 0.922211
vt -0.083034 0.922190
vt -0.082976 0.921627
vt -0.082777 0.921648
vt -0.097646 1.065374
vt -0.097844 1.065354
vt -0.097786 1.064791
vt -0.097587 1.064811
vt -0.115172 1.078065
vt -0.117372 1.078065
vt -0.117372 1.077499
vt -0.115172 1.077499
vt 0.115172 0.949513
vt 0.117372 0.949513
vt 0.117372 0.950078
vt 0.115172 0.950078
vt -0.115172 0.928158
vt -0.117372 0.928158
vt -0.117372 0.927592
vt -0.115172 0.927592
vt 0.115172 1.055579
vt 0.117372 1.055579
vt 0.117372 1.056144
vt 0.115172 1.056144
vt -0.010901 1.101188
vt -0.011215 1.100717
vt -0.010651 1.100680
vt -0.147200 0.995160
vt -0.146635 0.995197
vt -0.146949 0.995667
vt 0.146528 1.016965
vt 0.147092 1.016930
vt 0.146840 1.017437
vt 0.023079 0.932708
vt 0.022826 0.932202
vt 0.023391 0.932236
vt -0.022889 0.907992
vt -0.023454 0.908027
vt -0.023201 0.907521
vt -0.146717 0.992249
vt -0.146465 0.992755
vt -0.147030 0.992721
vt 0.143888 0.970666
vt 0.144203 0.971137
vt 0.143638 0.971174
vt 0.014212 1.076694
vt 0.013647 1.076657
vt 0.013962 1.076187
vt -0.127172 1.090400
vt -0.127172 1.090600
vt -0.129372 1.090600
vt -0.129372 1.090400
vt 0.129372 1.090400
vt 0.129372 1.090600
vt 0.127172 1.090600
vt 0.127172 1.090400
vt -0.127172 1.019600
vt -0.129372 1.019600
vt -0.129372 0.988400
vt -0.127172 0.988400
vt 0.127172 0.988400
vt 0.129372 0.988400
vt 0.129372 1.019600
vt 0.127172 1.019600
vt 0.091589 1.012952
vt 0.089313 0.981836
vt 0.089512 0.981821
vt 0.091789 1.012938
vt -0.091789 1.012938
vt -0.089512 0.981821
vt -0.089313 0.981836
vt -0.091589 1.012952
vt -0.025237 1.020932
vt -0.026849 0.989773
vt -0.026284 0.989744
vt -0.024672 1.020902
vt -0.156490 1.011532
vt -0.154878 0.980373
vt -0.154313 0.980403
vt -0.155925 1.011561
vt 0.154513 1.011634
vt 0.152901 0.980476
vt 0.153466 0.980446
vt 0.155077 1.011605
vt 0.026084 1.020975
vt 0.027696 0.989817
vt 0.028261 0.989846
vt 0.026649 1.021005
vt 0.100571 1.093649
vt 0.100770 1.093628
vt 0.100828 1.094191
vt 0.100629 1.094212
vt 0.079793 0.892810
vt 0.079992 0.892790
vt 0.080051 0.893353
vt 0.079852 0.893373
vt -0.081962 0.913770
vt -0.082161 0.913750
vt -0.082103 0.913187
vt -0.081904 0.913208
vt -0.098519 1.073814
vt -0.098718 1.073794
vt -0.098659 1.073231
vt -0.098460 1.073252
vt -0.127172 1.078065
vt -0.129372 1.078065
vt -0.129372 1.077499
vt -0.127172 1.077499
vt 0.127172 0.949513
vt 0.129372 0.949513
vt 0.129372 0.950078
vt 0.127172 0.950078
vt -0.127172 0.928158
vt -0.129372 0.928158
vt -0.129372 0.927592
vt -0.127172 0.927592
vt 0.127172 1.055579
vt 0.129372 1.055579
vt 0.129372 1.056144
vt 0.127172 1.056144
vt -0.019046 1.106633
vt -0.019361 1.106163
vt -0.018796 1.106125
vt -0.155345 0.989715
vt -0.154781 0.989752
vt -0.155095 0.990222
vt 0.155296 1.021337
vt 0.155861 1.021302
vt 0.155608 1.021809
vt 0.031847 0.928336
vt 0.031595 0.927830
vt 0.032159 0.927864
vt -0.031657 0.903620
vt -0.032222 0.903655
vt -0.031970 0.903148
vt -0.155486 0.996621
vt -0.155233 0.997127
vt -0.155798 0.997093
vt 0.152034 0.965221
vt 0.152348 0.965691
vt 0.151784 0.965728
vt 0.022357 1.082139
vt 0.021793 1.082102
vt 0.022107 1.081632
vt -0.139172 1.090400
vt -0.139172 1.090600
vt -0.141372 1.090600
vt -0.141372 1.090400
vt 0.141372 1.090400
vt 0.141372 1.090600
vt 0.139172 1.090600
vt 0.139172 1.090400
vt -0.139172 1.019600
vt -0.141372 1.019600
vt -0.141372 0.988400
vt -0.139172 0.988400
vt 0.139172 0.988400
vt 0.141372 0.988400
vt 0.141372 1.019600
vt 0.139172 1.019600
vt 0.091589 1.012952
vt 0.089313 0.981836
vt 0.089512 0.981821
vt 0.091789 1.012938
vt -0.091789 1.012938
vt -0.089512 0.981821
vt -0.089313 0.981836
vt -0.091589 1.012952
vt -0.033711 1.021370
vt -0.035323 0.990212
vt -0.034758 0.990182
vt -0.033146 1.021341
vt -0.164964 1.011093
vt -0.163352 0.979935
vt -0.162787 0.979964
vt -0.164399 1.011123
vt 0.162987 1.011196
vt 0.161375 0.980037
vt 0.161940 0.980008
vt 0.163551 1.011166
vt 0.034558 1.021414
vt 0.036170 0.990255
vt 0.036735 0.990285
vt 0.035123 1.021443
vt 0.101444 1.102089
vt 0.101643 1.102069
vt 0.101701 1.102631
vt 0.101502 1.102652
vt 0.078920 0.884370
vt 0.079119 0.884350
vt 0.079177 0.884912
vt 0.078979 0.884933
vt -0.081089 0.905330
vt -0.081288 0.905310
vt -0.081229 0.904747
vt -0.081030 0.904767
vt -0.099392 1.082255
vt -0.099591 1.082234
vt -0.099533 1.081671
vt -0.099334 1.081692
vt -0.139172 1.078065
vt -0.141372 1.078065
vt -0.141372 1.077499
vt -0.139172 1.077499
vt 0.139172 0.949513
vt 0.141372 0.949513
vt 0.141372 0.950078
vt 0.139172 0.950078
vt -0.139172 0.928158
vt -0.141372 0.928158
vt -0.141372 0.927592
vt -0.139172 0.927592
vt 0.139172 1.055579
vt 0.141372 1.055579
vt 0.141372 1.056144
vt 0.139172 1.056144
vt -0.027192 1.112078
vt -0.027506 1.111608
vt -0.026942 1.111571
vt -0.163491 0.984270
vt -0.162926 0.984307
vt -0.163241 0.984777
vt 0.164064 1.025709
vt 0.164629 1.025675
vt 0.164377 1.026181
vt 0.040615 0.923964
vt 0.040363 0.923458
vt 0.040928 0.923492
vt -0.040426 0.899248
vt -0.040990 0.899282
vt -0.040738 0.898776
vt -0.164254 1.000993
vt -0.164002 1.001500
vt -0.164566 1.001465
vt 0.160179 0.959776
vt 0.160494 0.960246
vt 0.159929 0.960283
vt 0.030503 1.087584
vt 0.029939 1.087547
vt 0.030253 1.087077
vt -0.151172 1.090400
vt -0.151172 1.090600
vt -0.153372 1.090600
vt -0.153372 1.090400
vt 0.153372 1.090400
vt 0.153372 1.090600
vt 0.151172 1.090600
vt 0.151172 1.090400
vt -0.151172 1.019600
vt -0.153372 1.019600
vt -0.153372 0.988400
vt -0.151172 0.988400
vt 0.151172 0.988400
vt 0.153372 0.988400
vt 0.153372 1.019600
vt 0.151172 1.019600
vt 0.091589 1.012952
vt 0.089313 0.981836
vt 0.089512 0.981821
vt 0.091789 1.012938
vt -0.091789 1.012938
vt -0.089512 0.981821
vt -0.089313 0.981836
vt -0.091589 1.012952
vt -0.042185 1.021808
vt -0.043797 0.990650
vt -0.043232 0.990621
vt -0.041620 1.021779
vt -0.173438 1.010655
vt -0.171826 0.979497
vt -0.171261 0.979526
vt -0.172873 1.010684
vt 0.171460 1.010757
vt 0.169849 0.979599
vt 0.170414 0.979570
vt 0.172025 1.010728
vt 0.043032 1.021852
vt 0.044644 0.990694
vt 0.045209 0.990723
vt 0.043597 1.021881
vt 0.102317 1.110529
vt 0.102516 1.110509
vt 0.102574 1.111071
vt 0.102375 1.111092
vt 0.078047 0.875930
vt 0.078246 0.875909
vt 0.078304 0.876472
vt 0.078105 0.876493
vt -0.080216 0.896890
vt -0.080414 0.896869
vt -0.080356 0.896307
vt -0.080157 0.896327
vt -0.100265 1.090695
vt -0.100464 1.090674
vt -0.100406 1.090111
vt -0.100207 1.090132
vt -0.151172 1.078065
vt -0.153372 1.078065
vt -0.153372 1.077499
vt -0.151172 1.077499
vt 0.151172 0.949513
vt 0.153372 0.949513
vt 0.153372 0.950078
vt 0.151172 0.950078
vt -0.151172 0.928158
vt -0.153372 0.928158
vt -0.153372 0.927592
vt -0.151172 0.927592
vt 0.151172 1.055579
vt 0.153372 1.055579
vt 0.153372 1.056144
vt 0.151172 1.056144
vt -0.035337 1.117523
vt -0.035652 1.117053
vt -0.035087 1.117016
vt -0.171636 0.978824
vt -0.171072 0.978862
vt -0.171386 0.979332
vt 0.172833 1.030082
vt 0.173397 1.030047
vt 0.173145 1.030553
vt 0.049384 0.919591
vt 0.049131 0.919085
vt 0.049696 0.919120
vt -0.049194 0.894876
vt -0.049759 0.894910
vt -0.049506 0.894404
vt -0.173022 1.005366
vt -0.172770 1.005872
vt -0.173335 1.005837
vt 0.168325 0.954331
vt 0.168639 0.954801
vt 0.168075 0.954838
vt 0.038649 1.093029
vt 0.038084 1.092992
vt 0.038399 1.092522
vt -0.110650 0.917000
vt -0.110650 0.929000
vt -0.117650 0.929000
vt -0.117650 0.917000
vt 0.117650 0.917000
vt 0.117650 0.929000
vt 0.110650 0.929000
vt 0.110650 0.917000
vt -0.110650 1.021000
vt -0.117650 1.021000
vt -0.117650 0.979000
vt -0.110650 0.979000
vt 0.110650 0.979000
vt 0.117650 0.979000
vt 0.117650 1.021000
vt 0.110650 1.021000
vt -0.081247 1.026999
vt -0.084311 0.985111
vt -0.072343 0.984236
vt -0.069279 1.026124
vt 0.069279 1.026124
vt 0.072343 0.984236
vt 0.084311 0.985111
vt 0.081247 1.026999
vt -0.138488 1.028192
vt -0.140658 0.986248
vt -0.135008 0.985955
vt -0.132839 1.027899
vt -0.028378 1.019560
vt -0.026208 0.977616
vt -0.020559 0.977908
vt -0.022728 1.019852
vt 0.026259 1.019670
vt 0.024090 0.977726
vt 0.029739 0.977434
vt 0.031909 1.019378
vt 0.129308 1.027717
vt 0.131478 0.985773
vt 0.137127 0.986065
vt 0.134957 1.028009
vt -0.073271 1.098324
vt -0.061335 1.097089
vt -0.060753 1.102716
vt -0.072689 1.103951
vt -0.092430 0.913131
vt -0.080493 0.911896
vt -0.079911 0.917523
vt -0.091848 0.918758
vt 0.089301 0.943376
vt 0.077365 0.942141
vt 0.077947 0.936514
vt 0.089883 0.937749
vt 0.075236 1.079333
vt 0.063299 1.078098
vt 0.063882 1.072471
vt 0.075818 1.073706
vt -0.110650 0.958988
vt -0.117650 0.958988
vt -0.117650 0.953331
vt -0.110650 0.953331
vt 0.110650 1.062225
vt 0.117650 1.062225
vt 0.117650 1.067882
vt 0.110650 1.067882
vt -0.110650 1.046669
vt -0.117650 1.046669
vt -0.117650 1.041012
vt -0.110650 1.041012
vt 0.110650 0.932118
vt 0.117650 0.932118
vt 0.117650 0.937775
vt 0.110650 0.937775
vt -0.134556 1.040617
vt -0.137700 1.035914
vt -0.132055 1.035543
vt -0.022914 0.931948
vt -0.017269 0.932320
vt -0.020413 0.937022
vt 0.030631 1.087967
vt 0.036278 1.087622
vt 0.033753 1.092684
vt 0.133064 1.009503
vt 0.130539 1.004440
vt 0.136186 1.004785
vt -0.135488 0.981429
vt -0.141134 0.981774
vt -0.138610 0.976712
vt -0.028207 1.059893
vt -0.025683 1.064956
vt -0.031329 1.064611
vt 0.021771 0.903794
vt 0.024915 0.908496
vt 0.019270 0.908868
vt 0.135699 1.012462
vt 0.130054 1.012091
vt 0.133198 1.007388
vt -0.140650 0.917000
vt -0.140650 0.929000
vt -0.147650 0.929000
vt -0.147650 0.917000
vt 0.147650 0.917000
vt 0.147650 0.929000
vt 0.140650 0.929000
vt 0.140650 0.917000
vt -0.140650 1.021000
vt -0.147650 1.021000
vt -0.147650 0.979000
vt -0.140650 0.979000
vt 0.140650 0.979000
vt 0.147650 0.979000
vt 0.147650 1.021000
vt 0.140650 1.021000
vt -0.081247 1.026999
vt -0.084311 0.985111
vt -0.072343 0.984236
vt -0.069279 1.026124
vt 0.069279 1.026124
vt 0.072343 0.984236
vt 0.084311 0.985111
vt 0.081247 1.026999
vt -0.159673 1.029287
vt -0.161843 0.987343
vt -0.156193 0.987051
vt -0.154024 1.028995
vt -0.049563 1.018464
vt -0.047393 0.976520
vt -0.041744 0.976813
vt -0.043913 1.018757
vt 0.047444 1.018574
vt 0.045275 0.976630
vt 0.050924 0.976338
vt 0.053093 1.018282
vt 0.150493 1.028813
vt 0.152662 0.986869
vt 0.158312 0.987161
vt 0.156142 1.029105
vt -0.071088 1.119424
vt -0.059152 1.118189
vt -0.058570 1.123816
vt -0.070506 1.125051
vt -0.094613 0.892031
vt -0.082676 0.890796
vt -0.082094 0.896423
vt -0.094030 0.897658
vt 0.091484 0.922275
vt 0.079547 0.921040
vt 0.080130 0.915413
vt 0.092066 0.916648
vt 0.073053 1.100434
vt 0.061117 1.099199
vt 0.061699 1.093572
vt 0.073635 1.094807
vt -0.140650 0.958988
vt -0.147650 0.958988
vt -0.147650 0.953331
vt -0.140650 0.953331
vt 0.140650 1.062225
vt 0.147650 1.062225
vt 0.147650 1.067882
vt 0.140650 1.067882
vt -0.140650 1.046669
vt -0.147650 1.046669
vt -0.147650 1.041012
vt -0.140650 1.041012
vt 0.140650 0.932118
vt 0.147650 0.932118
vt 0.147650 0.937775
vt 0.140650 0.937775
vt -0.154920 1.054230
vt -0.158064 1.049527
vt -0.152419 1.049156
vt -0.043278 0.918335
vt -0.037633 0.918707
vt -0.040777 0.923410
vt 0.052552 1.098897
vt 0.058198 1.098552
vt 0.055674 1.103615
vt 0.154984 0.998572
vt 0.152460 0.993510
vt 0.158106 0.993855
vt -0.157409 0.970499
vt -0.163055 0.970844
vt -0.160531 0.965781
vt -0.050128 1.070824
vt -0.047604 1.075886
vt -0.053250 1.075541
vt 0.042135 0.890181
vt 0.045279 0.894884
vt 0.039634 0.895255
vt 0.156062 1.026075
vt 0.150418 1.025704
vt 0.153562 1.021001
vt -0.170650 0.917000
vt -0.170650 0.929000
vt -0.177650 0.929000
vt -0.177650 0.917000
vt 0.177650 0.917000
vt 0.177650 0.929000
vt 0.170650 0.929000
vt 0.170650 0.917000
vt -0.170650 1.021000
vt -0.177650 1.021000
vt -0.177650 0.979000
vt -0.170650 0.979000
vt 0.170650 0.979000
vt 0.177650 0.979000
vt 0.177650 1.021000
vt 0.170650 1.021000
vt -0.081247 1.026999
vt -0.084311 0.985111
vt -0.072343 0.984236
vt -0.069279 1.026124
vt 0.069279 1.026124
vt 0.072343 0.984236
vt 0.084311 0.985111
vt 0.081247 1.026999
vt -0.180858 1.030383
vt -0.183027 0.988439
vt -0.177378 0.988147
vt -0.175208 1.030091
vt -0.070748 1.017369
vt -0.068578 0.975425
vt -0.062929 0.975717
vt -0.065098 1.017661
vt 0.068629 1.017478
vt 0.066459 0.975534
vt 0.072109 0.975242
vt 0.074278 1.017186
vt 0.171678 1.029908
vt 0.173847 0.987964
vt 0.179497 0.988257
vt 0.177327 1.030201
vt -0.068905 1.140525
vt -0.056969 1.139290
vt -0.056387 1.144917
vt -0.068323 1.146152
vt -0.096795 0.870930
vt -0.084859 0.869695
vt -0.084277 0.875322
vt -0.096213 0.876557
vt 0.093667 0.901174
vt 0.081730 0.899939
vt 0.082312 0.894313
vt 0.094249 0.895548
vt 0.070870 1.121534
vt 0.058934 1.120300
vt 0.059516 1.114673
vt 0.071452 1.115908
vt -0.170650 0.958988
vt -0.177650 0.958988
vt -0.177650 0.953331
vt -0.170650 0.953331
vt 0.170650 1.062225
vt 0.177650 1.062226
vt 0.177650 1.067882
vt 0.170650 1.067882
vt -0.170650 1.046669
vt -0.177650 1.046669
vt -0.177650 1.041012
vt -0.170650 1.041012
vt 0.170650 0.932118
vt 0.177650 0.932118
vt 0.177650 0.937775
vt 0.170650 0.937775
vt -0.175284 1.067843
vt -0.178427 1.063140
vt -0.172783 1.062769
vt -0.063641 0.904723
vt -0.057997 0.905094
vt -0.061141 0.909797
vt 0.074473 1.109828
vt 0.080119 1.109483
vt 0.077595 1.114545
vt 0.176905 0.987642
vt 0.174381 0.982579
vt 0.180027 0.982924
vt -0.179329 0.959568
vt -0.184976 0.959913
vt -0.182451 0.954851
vt -0.072049 1.081755
vt -0.069524 1.086817
vt -0.075171 1.086472
vt 0.062499 0.876568
vt 0.065643 0.881271
vt 0.059998 0.881642
vt 0.176426 1.039688
vt 0.170782 1.039317
vt 0.173925 1.034614
usemtl Surface_1
f 4/4 2/2 1/1
usemtl Surface_1
f 3/3 2/2 4/4
usemtl Surface_0
f 8/8 6/6 5/5
usemtl Surface_0
f 7/7 6/6 8/8
usemtl Surface_1
f 12/12 10/10 9/9
usemtl Surface_1
f 11/11 10/10 12/12
usemtl Surface_0
f 16/16 14/14 13/13
usemtl Surface_0
f 15/15 14/14 16/16
usemtl Surface_1
f 20/20 18/18 17/17
usemtl Surface_1
f 19/19 18/18 20/20
usemtl Surface_0
f 24/24 22/22 21/21
usemtl Surface_0
f 23/23 22/22 24/24
usemtl Surface_1
f 28/28 26/26 25/25
usemtl Surface_1
f 27/27 26/26 28/28
usemtl Surface_0
f 32/32 30/30 29/29
usemtl Surface_0
f 31/31 30/30 32/32
usemtl Surface_1
f 36/36 34/34 33/33
usemtl Surface_1
f 35/35 34/34 36/36
usemtl Surface_0
f 40/40 38/38 37/37
usemtl Surface_0
f 39/39 38/38 40/40
usemtl Surface_1
f 44/44 42/42 41/41
usemtl Surface_1
f 43/43 42/42 44/44
usemtl Surface_0
f 48/48 46/46 45/45
usemtl Surface_0
f 47/47 46/46 48/48
usemtl Surface_1
f 52/52 50/50 49/49
usemtl Surface_1
f 51/51 50/50 52/52
usemtl Surface_0
f 56/56 54/54 53/53
usemtl Surface_0
f 55/55 54/54 56/56
usemtl Surface_1
f 60/60 58/58 57/57
usemtl Surface_1
f 59/59 58/58 60/60
usemtl Surface_0
f 64/64 62/62 61/61
usemtl Surface_0
f 63/63 62/62 64/64
usemtl Surface_1
f 68/68 66/66 65/65
usemtl Surface_1
f 67/67 66/66 68/68
usemtl Surface_0
f 72/72 70/70 69/69
usemtl Surface_0
f 71/71 70/70 72/72
usemtl Surface_1
f 76/76 74/74 73/73
usemtl Surface_1
f 75/75 74/74 76/76
usemtl Surface_0
f 80/80 78/78 77/77
usemtl Surface_0
f 79/79 78/78 80/80
usemtl Surface_1
f 84/84 82/82 81/81
usemtl Surface_1
f 83/83 82/82 84/84
usemtl Surface_0
f 88/88 86/86 85/85
usemtl Surface_0
f 87/87 86/86 88/88
usemtl Surface_1
f 92/92 90/90 89/89
usemtl Surface_1
f 91/91 90/90 92/92
usemtl Surface_0
f 96/96 94/94 93/93
usemtl Surface_0
f 95/95 94/94 96/96
usemtl Surface_1
f 100/100 98/98 97/97
usemtl Surface_1
f 99/99 98/98 100/100
usemtl Surface_0
f 104/104 102/102 101/101
usemtl Surface_0
f 103/103 102/102 104/104
usemtl Surface_1
f 108/108 106/106 105/105
usemtl Surface_1
f 107/107 106/106 108/108
usemtl Surface_0
f 112/112 110/110 109/109
usemtl Surface_0
f 111/111 110/110 112/112
usemtl Surface_1
f 116/116 114/114 113/113
usemtl Surface_1
f 115/115 114/114 116/116
usemtl Surface_0
f 120/120 118/118 117/117
usemtl Surface_0
f 119/119 118/118 120/120
usemtl Surface_1
f 124/124 122/122 121/121
usemtl Surface_1
f 123/123 122/122 124/124
usemtl Surface_0
f 128/128 126/126 125/125
usemtl Surface_0
f 127/127 126/126 128/128
usemtl Surface_1
f 132/132 130/130 129/129
usemtl Surface_1
f 131/131 130/130 132/132
usemtl Surface_0
f 136/136 134/134 133/133
usemtl Surface_0
f 135/135 134/134 136/136
usemtl Surface_1
f 140/140 138/138 137/137
usemtl Surface_1
f 139/139 138/138 140/140
usemtl Surface_0
f 144/144 142/142 141/141
usemtl Surface_0
f 143/143 142/142 144/144
usemtl Surface_1
f 148/148 146/146 145/145
usemtl Surface_1
f 147/147 146/146 148/148
usemtl Surface_0
f 152/152 150/150 149/149
usemtl Surface_0
f 151/151 150/150 152/152
usemtl Surface_1
f 156/156 154/154 153/153
usemtl Surface_1
f 155/155 154/154 156/156
usemtl Surface_0
f 160/160 158/158 157/157
usemtl Surface_0
f 159/159 158/158 160/160
usemtl Surface_1
f 164/164 162/162 161/161
usemtl Surface_1
f 163/163 162/162 164/164
usemtl Surface_0
f 168/168 166/166 165/165
usemtl Surface_0
f 167/167 166/166 168/168
usemtl Surface_1
f 172/172 170/170 169/169
usemtl Surface_1
f 171/171 170/170 172/172
usemtl Surface_0
f 176/176 174/174 173/173
usemtl Surface_0
f 175/175 174/174 176/176
usemtl Surface_1
f 180/180 178/178 177/177
usemtl Surface_1
f 179/179 178/178 180/180
usemtl Surface_0
f 184/184 182/182 181/181
usemtl Surface_0
f 183/183 182/182 184/184
usemtl Surface_1
f 188/188 186/186 185/185
usemtl Surface_1
f 187/187 186/186 188/188
usemtl Surface_0
f 192/192 190/190 189/189
usemtl Surface_0
f 191/191 190/190 192/192
usemtl Surface_0
f 196/196 194/194 193/193
usemtl Surface_0
f 195/195 194/194 196/196
usemtl Surface_0
f 200/200 198/198 197/197
usemtl Surface_0
f 199/199 198/198 200/200
usemtl Surface_0
f 204/204 202/202 201/201
usemtl Surface_0
f 203/203 202/202 204/204
usemtl Surface_0
f 208/208 206/206 205/205
usemtl Surface_0
f 207/207 206/206 208/208
usemtl Surface_0
f 212/212 210/210 209/209
usemtl Surface_0
f 211/211 210/210 212/212
usemtl Surface_0
f 216/216 214/214 213/213
usemtl Surface_0
f 215/215 214/214 216/216
usemtl Surface_0
f 220/220 218/218 217/217
usemtl Surface_0
f 219/219 218/218 220/220
usemtl Surface_0
f 224/224 222/222 221/221
usemtl Surface_0
f 223/223 222/222 224/224
usemtl Surface_0
f 228/228 226/226 225/225
usemtl Surface_0
f 227/227 226/226 228/228
usemtl Surface_0
f 232/232 230/230 229/229
usemtl Surface_0
f 231/231 230/230 232/232
usemtl Surface_0
f 236/236 234/234 233/233
usemtl Surface_0
f 235/235 234/234 236/236
usemtl Surface_0
f 240/240 238/238 237/237
usemtl Surface_0
f 239/239 238/238 240/240
usemtl Surface_0
f 244/244 242/242 241/241
usemtl Surface_0
f 243/243 242/242 244/244
usemtl Surface_0
f 248/248 246/246 245/245
usemtl Surface_0
f 247/247 246/246 248/248
usemtl Surface_0
f 252/252 250/250 249/249
usemtl Surface_0
f 251/251 250/250 252/252
usemtl Surface_0
f 256/256 254/254 253/253
usemtl Surface_0
f 255/255 254/254 256/256
usemtl Surface_0
f 260/260 258/258 257/257
usemtl Surface_0
f 259/259 258/258 260/260
usemtl Surface_0
f 264/264 262/262 261/261
usemtl Surface_0
f 263/263 262/262 264/264
usemtl Surface_0
f 268/268 266/266 265/265
usemtl Surface_0
f 267/267 266/266 268/268
usemtl Surface_0
f 272/272 270/270 269/269
usemtl Surface_0
f 271/271 270/270 272/272
usemtl Surface_0
f 276/276 274/274 273/273
usemtl Surface_0
f 275/275 274/274 276/276
usemtl Surface_0
f 280/280 278/278 277/277
usemtl Surface_0
f 279/279 278/278 280/280
usemtl Surface_0
f 284/284 282/282 281/281
usemtl Surface_0
f 283/283 282/282 284/284
usemtl Surface_0
f 288/288 286/286 285/285
usemtl Surface_0
f 287/287 286/286 288/288
usemtl Surface_0
f 292/292 290/290 289/289
usemtl Surface_0
f 291/291 290/290 292/292
usemtl Surface_0
f 296/296 294/294 293/293
usemtl Surface_0
f 295/295 294/294 296/296
usemtl Surface_0
f 300/300 298/298 297/297
usemtl Surface_0
f 299/299 298/298 300/300
usemtl Surface_0
f 304/304 302/302 301/301
usemtl Surface_0
f 303/303 302/302 304/304
usemtl Surface_0
f 308/308 306/306 305/305
usemtl Surface_0
f 307/307 306/306 308/308
usemtl Surface_0
f 312/312 310/310 309/309
usemtl Surface_0
f 311/311 310/310 312/312
usemtl Surface_0
f 316/316 314/314 313/313
usemtl Surface_0
f 315/315 314/314 316/316
usemtl Surface_0
f 320/320 318/318 317/317
usemtl Surface_0
f 319/319 318/318 320/320
usemtl Surface_0
f 324/324 322/322 321/321
usemtl Surface_0
f 323/323 322/322 324/324
usemtl Surface_0
f 328/328 326/326 325/325
usemtl Surface_0
f 327/327 326/326 328/328
usemtl Surface_0
f 332/332 330/330 329/329
usemtl Surface_0
f 331/331 330/330 332/332
usemtl Surface_0
f 336/336 334/334 333/333
usemtl Surface_0
f 335/335 334/334 336/336
usemtl Surface_0
f 340/340 338/338 337/337
usemtl Surface_0
f 339/339 338/338 340/340
usemtl Surface_0
f 344/344 342/342 341/341
usemtl Surface_0
f 343/343 342/342 344/344
usemtl Surface_0
f 348/348 346/346 345/345
usemtl Surface_0
f 347/347 346/346 348/348
usemtl Surface_0
f 352/352 350/350 349/349
usemtl Surface_0
f 351/351 350/350 352/352
usemtl Surface_0
f 356/356 354/354 353/353
usemtl Surface_0
f 355/355 354/354 356/356
usemtl Surface_0
f 360/360 358/358 357/357
usemtl Surface_0
f 359/359 358/358 360/360
usemtl Surface_0
f 364/364 362/362 361/361
usemtl Surface_0
f 363/363 362/362 364/364
usemtl Surface_0
f 368/368 366/366 365/365
usemtl Surface_0
f 367/367 366/366 368/368
usemtl Surface_0
f 372/372 370/370 369/369
usemtl Surface_0
f 371/371 370/370 372/372
usemtl Surface_0
f 376/376 374/374 373/373
usemtl Surface_0
f 375/375 374/374 376/376
usemtl Surface_0
f 380/380 378/378 377/377
usemtl Surface_0
f 379/379 378/378 380/380
usemtl Surface_0
f 384/384 382/382 381/381
usemtl Surface_0
f 383/383 382/382 384/384
usemtl Surface_0
f 388/388 386/386 385/385
usemtl Surface_0
f 387/387 386/386 388/388
usemtl Surface_0
f 392/392 390/390 389/389
usemtl Surface_0
f 391/391 390/390 392/392
usemtl Surface_0
f 396/396 394/394 393/393
usemtl Surface_0
f 395/395 394/394 396/396
usemtl Surface_0
f 400/400 398/398 397/397
usemtl Surface_0
f 399/399 398/398 400/400
usemtl Surface_0
f 404/404 402/402 401/401
usemtl Surface_0
f 403/403 402/402 404/404
usemtl Surface_0
f 408/408 406/406 405/405
usemtl Surface_0
f 407/407 406/406 408/408
usemtl Surface_0
f 412/412 410/410 409/409
usemtl Surface_0
f 411/411 410/410 412/412
usemtl Surface_0
f 416/416 414/414 413/413
usemtl Surface_0
f 415/415 414/414 416/416
usemtl Surface_0
f 420/420 418/418 417/417
usemtl Surface_0
f 419/419 418/418 420/420
usemtl Surface_0
f 424/424 422/422 421/421
usemtl Surface_0
f 423/423 422/422 424/424
usemtl Surface_0
f 428/428 426/426 425/425
usemtl Surface_0
f 427/427 426/426 428/428
usemtl Surface_0
f 432/432 430/430 429/429
usemtl Surface_0
f 431/431 430/430 432/432
usemtl Surface_0
f 436/436 434/434 433/433
usemtl Surface_0
f 435/435 434/434 436/436
usemtl Surface_0
f 440/440 438/438 437/437
usemtl Surface_0
f 439/439 438/438 440/440
usemtl Surface_0
f 444/444 442/442 441/441
usemtl Surface_0
f 443/443 442/442 444/444
usemtl Surface_0
f 448/448 446/446 445/445
usemtl Surface_0
f 447/447 446/446 448/448
usemtl Surface_0
f 452/452 450/450 449/449
usemtl Surface_0
f 451/451 450/450 452/452
usemtl Surface_0
f 456/456 454/454 453/453
usemtl Surface_0
f 455/455 454/454 456/456
usemtl Surface_0
f 460/460 458/458 457/457
usemtl Surface_0
f 459/459 458/458 460/460
usemtl Surface_0
f 464/464 462/462 461/461
usemtl Surface_0
f 463/463 462/462 464/464
usemtl Surface_0
f 468/468 466/466 465/465
usemtl Surface_0
f 467/467 466/466 468/468
usemtl Surface_0
f 472/472 470/470 469/469
usemtl Surface_0
f 471/471 470/470 472/472
usemtl Surface_0
f 476/476 474/474 473/473
usemtl Surface_0
f 475/475 474/474 476/476
usemtl Surface_0
f 480/480 478/478 477/477
usemtl Surface_0
f 479/479 478/478 480/480
usemtl Surface_0
f 484/484 482/482 481/481
usemtl Surface_0
f 483/483 482/482 484/484
usemtl Surface_0
f 488/488 486/486 485/485
usemtl Surface_0
f 487/487 486/486 488/488
usemtl Surface_0
f 492/492 490/490 489/489
usemtl Surface_0
f 491/491 490/490 492/492
usemtl Surface_0
f 496/496 494/494 493/493
usemtl Surface_0
f 495/495 494/494 496/496
usemtl Surface_0
f 500/500 498/498 497/497
usemtl Surface_0
f 499/499 498/498 500/500
usemtl Surface_0
f 504/504 502/502 501/501
usemtl Surface_0
f 503/503 502/502 504/504
usemtl Surface_0
f 508/508 506/506 505/505
usemtl Surface_0
f 507/507 506/506 508/508
usemtl Surface_0
f 512/512 510/510 509/509
usemtl Surface_0
f 511/511 510/510 512/512
usemtl Surface_0
f 516/516 514/514 513/513
usemtl Surface_0
f 515/515 514/514 516/516
usemtl Surface_0
f 520/520 518/518 517/517
usemtl Surface_0
f 519/519 518/518 520/520
usemtl Surface_0
f 524/524 522/522 521/521
usemtl Surface_0
f 523/523 522/522 524/524
usemtl Surface_0
f 528/528 526/526 525/525
usemtl Surface_0
f 527/527 526/526 528/528
usemtl Surface_0
f 532/532 530/530 529/529
usemtl Surface_0
f 531/531 530/530 532/532
usemtl Surface_0
f 536/536 534/534 533/533
usemtl Surface_0
f 535/535 534/534 536/536
usemtl Surface_0
f 540/540 538/538 537/537
usemtl Surface_0
f 539/539 538/538 540/540
usemtl Surface_0
f 544/544 542/542 541/541
usemtl Surface_0
f 543/543 542/542 544/544
usemtl Surface_0
f 548/548 546/546 545/545
usemtl Surface_0
f 547/547 546/546 548/548
usemtl Surface_0
f 552/552 550/550 549/549
usemtl Surface_0
f 551/551 550/550 552/552
usemtl Surface_0
f 556/556 554/554 553/553
usemtl Surface_0
f 555/555 554/554 556/556
usemtl Surface_0
f 560/560 558/558 557/557
usemtl Surface_0
f 559/559 558/558 560/560
usemtl Surface_0
f 564/564 562/562 561/561
usemtl Surface_0
f 563/563 562/562 564/564
usemtl Surface_0
f 568/568 566/566 565/565
usemtl Surface_0
f 567/567 566/566 568/568
usemtl Surface_0
f 572/572 570/570 569/569
usemtl Surface_0
f 571/571 570/570 572/572
usemtl Surface_0
f 576/576 574/574 573/573
usemtl Surface_0
f 575/575 574/574 576/576
usemtl Surface_1
f 580/580 578/578 577/577
usemtl Surface_1
f 579/579 578/578 580/580
usemtl Surface_0
f 584/584 582/582 581/581
usemtl Surface_0
f 583/583 582/582 584/584
usemtl Surface_1
f 588/588 586/586 585/585
usemtl Surface_1
f 587/587 586/586 588/588
usemtl Surface_0
f 592/592 590/590 589/589
usemtl Surface_0
f 591/591 590/590 592/592
usemtl Surface_1
f 596/596 594/594 593/593
usemtl Surface_1
f 595/595 594/594 596/596
usemtl Surface_0
f 600/600 598/598 597/597
usemtl Surface_0
f 599/599 598/598 600/600
usemtl Surface_1
f 604/604 602/602 601/601
usemtl Surface_1
f 603/603 602/602 604/604
usemtl Surface_0
f 608/608 606/606 605/605
usemtl Surface_0
f 607/607 606/606 608/608
usemtl Surface_1
f 612/612 610/610 609/609
usemtl Surface_1
f 611/611 610/610 612/612
usemtl Surface_0
f 616/616 614/614 613/613
usemtl Surface_0
f 615/615 614/614 616/616
usemtl Surface_1
f 620/620 618/618 617/617
usemtl Surface_1
f 619/619 618/618 620/620
usemtl Surface_0
f 624/624 622/622 621/621
usemtl Surface_0
f 623/623 622/622 624/624
usemtl Surface_1
f 628/628 626/626 625/625
usemtl Surface_1
f 627/627 626/626 628/628
usemtl Surface_0
f 632/632 630/630 629/629
usemtl Surface_0
f 631/631 630/630 632/632
usemtl Surface_1
f 636/636 634/634 633/633
usemtl Surface_1
f 635/635 634/634 636/636
usemtl Surface_0
f 640/640 638/638 637/637
usemtl Surface_0
f 639/639 638/638 640/640
usemtl Surface_1
f 644/644 642/642 641/641
usemtl Surface_1
f 643/643 642/642 644/644
usemtl Surface_0
f 648/648 646/646 645/645
usemtl Surface_0
f 647/647 646/646 648/648
usemtl Surface_1
f 652/652 650/650 649/649
usemtl Surface_1
f 651/651 650/650 652/652
usemtl Surface_0
f 656/656 654/654 653/653
usemtl Surface_0
f 655/655 654/654 656/656
usemtl Surface_1
f 660/660 658/658 657/657
usemtl Surface_1
f 659/659 658/658 660/660
usemtl Surface_0
f 664/664 662/662 661/661
usemtl Surface_0
f 663/663 662/662 664/664
usemtl Surface_1
f 668/668 666/666 665/665
usemtl Surface_1
f 667/667 666/666 668/668
usemtl Surface_0
f 672/672 670/670 669/669
usemtl Surface_0
f 671/671 670/670 672/672
usemtl Surface_1
f 676/676 674/674 673/673
usemtl Surface_1
f 675/675 674/674 676/676
usemtl Surface_0
f 680/680 678/678 677/677
usemtl Surface_0
f 679/679 678/678 680/680
usemtl Surface_1
f 684/684 682/682 681/681
usemtl Surface_1
f 683/683 682/682 684/684
usemtl Surface_0
f 688/688 686/686 685/685
usemtl Surface_0
f 687/687 686/686 688/688
usemtl Surface_1
f 692/692 690/690 689/689
usemtl Surface_1
f 691/691 690/690 692/692
usemtl Surface_0
f 696/696 694/694 693/693
usemtl Surface_0
f 695/695 694/694 696/696
usemtl Surface_1
f 700/700 698/698 697/697
usemtl Surface_1
f 699/699 698/698 700/700
usemtl Surface_0
f 704/704 702/702 701/701
usemtl Surface_0
f 703/703 702/702 704/704
usemtl Surface_1
f 708/708 706/706 705/705
usemtl Surface_1
f 707/707 706/706 708/708
usemtl Surface_0
f 712/712 710/710 709/709
usemtl Surface_0
f 711/711 710/710 712/712
usemtl Surface_1
f 716/716 714/714 713/713
usemtl Surface_1
f 715/715 714/714 716/716
usemtl Surface_0
f 720/720 718/718 717/717
usemtl Surface_0
f 719/719 718/718 720/720
usemtl Surface_1
f 724/724 722/722 721/721
usemtl Surface_1
f 723/723 722/722 724/724
usemtl Surface_0
f 728/728 726/726 725/725
usemtl Surface_0
f 727/727 726/726 728/728
usemtl Surface_1
f 732/732 730/730 729/729
usemtl Surface_1
f 731/731 730/730 732/732
usemtl Surface_0
f 736/736 734/734 733/733
usemtl Surface_0
f 735/735 734/734 736/736
usemtl Surface_1
f 740/740 738/738 737/737
usemtl Surface_1
f 739/739 738/738 740/740
usemtl Surface_0
f 744/744 742/742 741/741
usemtl Surface_0
f 743/743 742/742 744/744
usemtl Surface_1
f 748/748 746/746 745/745
usemtl Surface_1
f 747/747 746/746 748/748
usemtl Surface_0
f 752/752 750/750 749/749
usemtl Surface_0
f 751/751 750/750 752/752
usemtl Surface_1
f 756/756 754/754 753/753
usemtl Surface_1
f 755/755 754/754 756/756
usemtl Surface_0
f 760/760 758/758 757/757
usemtl Surface_0
f 759/759 758/758 760/760
usemtl Surface_1
f 764/764 762/762 761/761
usemtl Surface_1
f 763/763 762/762 764/764
usemtl Surface_0
f 768/768 766/766 765/765
usemtl Surface_0
f 767/767 766/766 768/768
usemtl Surface_1
f 772/772 770/770 769/769
usemtl Surface_1
f 771/771 770/770 772/772
usemtl Surface_1
f 776/776 774/774 773/773
usemtl Surface_1
f 775/775 774/774 776/776
usemtl Surface_1
f 780/780 778/778 777/777
usemtl Surface_1
f 779/779 778/778 780/780
usemtl Surface_1
f 784/784 782/782 781/781
usemtl Surface_1
f 783/783 782/782 784/784
usemtl Surface_1
f 788/788 786/786 785/785
usemtl Surface_1
f 787/787 786/786 788/788
usemtl Surface_1
f 792/792 790/790 789/789
usemtl Surface_1
f 791/791 790/790 792/792
usemtl Surface_1
f 796/796 794/794 793/793
usemtl Surface_1
f 795/795 794/794 796/796
usemtl Surface_1
f 800/800 798/798 797/797
usemtl Surface_1
f 799/799 798/798 800/800
usemtl Surface_1
f 804/804 802/802 801/801
usemtl Surface_1
f 803/803 802/802 804/804
usemtl Surface_1
f 808/808 806/806 805/805
usemtl Surface_1
f 807/807 806/806 808/808
usemtl Surface_1
f 812/812 810/810 809/809
usemtl Surface_1
f 811/811 810/810 812/812
usemtl Surface_1
f 816/816 814/814 813/813
usemtl Surface_1
f 815/815 814/814 816/816
usemtl Surface_1
f 820/820 818/818 817/817
usemtl Surface_1
f 819/819 818/818 820/820
usemtl Surface_1
f 824/824 822/822 821/821
usemtl Surface_1
f 823/823 822/822 824/824
usemtl Surface_1
f 828/828 826/826 825/825
usemtl Surface_1
f 827/827 826/826 828/828
usemtl Surface_1
f 832/832 830/830 829/829
usemtl Surface_1
f 831/831 830/830 832/832
usemtl Surface_1
f 836/836 834/834 833/833
usemtl Surface_1
f 835/835 834/834 836/836
usemtl Surface_1
f 840/840 838/838 837/837
usemtl Surface_1
f 839/839 838/838 840/840
usemtl Surface_1
f 844/844 842/842 841/841
usemtl Surface_1
f 843/843 842/842 844/844
usemtl Surface_1
f 848/848 846/846 845/845
usemtl Surface_1
f 847/847 846/846 848/848
usemtl Surface_1
f 852/852 850/850 849/849
usemtl Surface_1
f 851/851 850/850 852/852
usemtl Surface_1
f 856/856 854/854 853/853
usemtl Surface_1
f 855/855 854/854 856/856
usemtl Surface_1
f 860/860 858/858 857/857
usemtl Surface_1
f 859/859 858/858 860/860
usemtl Surface_1
f 864/864 862/862 861/861
usemtl Surface_1
f 863/863 862/862 864/864
usemtl Surface_1
f 868/868 866/866 865/865
usemtl Surface_1
f 867/867 866/866 868/868
usemtl Surface_1
f 872/872 870/870 869/869
usemtl Surface_1
f 871/871 870/870 872/872
usemtl Surface_1
f 876/876 874/874 873/873
usemtl Surface_1
f 875/875 874/874 876/876
usemtl Surface_1
f 880/880 878/878 877/877
usemtl Surface_1
f 879/879 878/878 880/880
usemtl Surface_1
f 884/884 882/882 881/881
usemtl Surface_1
f 883/883 882/882 884/884
usemtl Surface_1
f 888/888 886/886 885/885
usemtl Surface_1
f 887/887 886/886 888/888
usemtl Surface_1
f 892/892 890/890 889/889
usemtl Surface_1
f 891/891 890/890 892/892
usemtl Surface_1
f 896/896 894/894 893/893
usemtl Surface_1
f 895/895 894/894 896/896
usemtl Surface_1
f 900/900 898/898 897/897
usemtl Surface_1
f 899/899 898/898 900/900
usemtl Surface_1
f 904/904 902/902 901/901
usemtl Surface_1
f 903/903 902/902 904/904
usemtl Surface_1
f 908/908 906/906 905/905
usemtl Surface_1
f 907/907 906/906 908/908
usemtl Surface_1
f 912/912 910/910 909/909
usemtl Surface_1
f 911/911 910/910 912/912
usemtl Surface_1
f 916/916 914/914 913/913
usemtl Surface_1
f 915/915 914/914 916/916
usemtl Surface_1
f 920/920 918/918 917/917
usemtl Surface_1
f 919/919 918/918 920/920
usemtl Surface_1
f 924/924 922/922 921/921
usemtl Surface_1
f 923/923 922/922 924/924
usemtl Surface_1
f 928/928 926/926 925/925
usemtl Surface_1
f 927/927 926/926 928/928
usemtl Surface_1
f 932/932 930/930 929/929
usemtl Surface_1
f 931/931 930/930 932/932
usemtl Surface_1
f 936/936 934/934 933/933
usemtl Surface_1
f 935/935 934/934 936/936
usemtl Surface_1
f 940/940 938/938 937/937
usemtl Surface_1
f 939/939 938/938 940/940
usemtl Surface_1
f 944/944 942/942 941/941
usemtl Surface_1
f 943/943 942/942 944/944
usemtl Surface_1
f 948/948 946/946 945/945
usemtl Surface_1
f 947/947 946/946 948/948
usemtl Surface_1
f 952/952 950/950 949/949
usemtl Surface_1
f 951/951 950/950 952/952
usemtl Surface_1
f 956/956 954/954 953/953
usemtl Surface_1
f 955/955 954/954 956/956
usemtl Surface_1
f 960/960 958/958 957/957
usemtl Surface_1
f 959/959 958/958 960/960
usemtl Surface_1
f 964/964 962/962 961/961
usemtl Surface_1
f 963/963 962/962 964/964
usemtl Surface_1
f 968/968 966/966 965/965
usemtl Surface_1
f 967/967 966/966 968/968
usemtl Surface_1
f 972/972 970/970 969/969
usemtl Surface_1
f 971/971 970/970 972/972
usemtl Surface_1
f 976/976 974/974 973/973
usemtl Surface_1
f 975/975 974/974 976/976
usemtl Surface_1
f 980/980 978/978 977/977
usemtl Surface_1
f 979/979 978/978 980/980
usemtl Surface_1
f 984/984 982/982 981/981
usemtl Surface_1
f 983/983 982/982 984/984
usemtl Surface_1
f 988/988 986/986 985/985
usemtl Surface_1
f 987/987 986/986 988/988
usemtl Surface_1
f 992/992 990/990 989/989
usemtl Surface_1
f 991/991 990/990 992/992
usemtl Surface_4
f 996/996 994/994 993/993
usemtl Surface_4
f 995/995 994/994 996/996
usemtl Surface_0
f 1000/1000 998/998 997/997
usemtl Surface_0
f 999/999 998/998 1000/1000
usemtl Surface_4
f 1004/1004 1002/1002 1001/1001
usemtl Surface_4
f 1003/1003 1002/1002 1004/1004
usemtl Surface_0
f 1008/1008 1006/1006 1005/1005
usemtl Surface_0
f 1007/1007 1006/1006 1008/1008
usemtl Surface_4
f 1012/1012 1010/1010 1009/1009
usemtl Surface_4
f 1011/1011 1010/1010 1012/1012
usemtl Surface_0
f 1016/1016 1014/1014 1013/1013
usemtl Surface_0
f 1015/1015 1014/1014 1016/1016
usemtl Surface_4
f 1020/1020 1018/1018 1017/1017
usemtl Surface_4
f 1019/1019 1018/1018 1020/1020
usemtl Surface_0
f 1024/1024 1022/1022 1021/1021
usemtl Surface_0
f 1023/1023 1022/1022 1024/1024
usemtl Surface_4
f 1028/1028 1026/1026 1025/1025
usemtl Surface_4
f 1027/1027 1026/1026 1028/1028
usemtl Surface_0
f 1032/1032 1030/1030 1029/1029
usemtl Surface_0
f 1031/1031 1030/1030 1032/1032
usemtl Surface_4
f 1036/1036 1034/1034 1033/1033
usemtl Surface_4
f 1035/1035 1034/1034 1036/1036
usemtl Surface_0
f 1040/1040 1038/1038 1037/1037
usemtl Surface_0
f 1039/1039 1038/1038 1040/1040
usemtl Surface_4
f 1044/1044 1042/1042 1041/1041
usemtl Surface_4
f 1043/1043 1042/1042 1044/1044
usemtl Surface_0
f 1048/1048 1046/1046 1045/1045
usemtl Surface_0
f 1047/1047 1046/1046 1048/1048
usemtl Surface_4
f 1052/1052 1050/1050 1049/1049
usemtl Surface_4
f 1051/1051 1050/1050 1052/1052
usemtl Surface_0
f 1056/1056 1054/1054 1053/1053
usemtl Surface_0
f 1055/1055 1054/1054 1056/1056
usemtl Surface_4
f 1060/1060 1058/1058 1057/1057
usemtl Surface_4
f 1059/1059 1058/1058 1060/1060
usemtl Surface_0
f 1064/1064 1062/1062 1061/1061
usemtl Surface_0
f 1063/1063 1062/1062 1064/1064
usemtl Surface_4
f 1068/1068 1066/1066 1065/1065
usemtl Surface_4
f 1067/1067 1066/1066 1068/1068
usemtl Surface_0
f 1072/1072 1070/1070 1069/1069
usemtl Surface_0
f 1071/1071 1070/1070 1072/1072
usemtl Surface_4
f 1076/1076 1074/1074 1073/1073
usemtl Surface_4
f 1075/1075 1074/1074 1076/1076
usemtl Surface_0
f 1080/1080 1078/1078 1077/1077
usemtl Surface_0
f 1079/1079 1078/1078 1080/1080
usemtl Surface_4
f 1084/1084 1082/1082 1081/1081
usemtl Surface_4
f 1083/1083 1082/1082 1084/1084
usemtl Surface_0
f 1088/1088 1086/1086 1085/1085
usemtl Surface_0
f 1087/1087 1086/1086 1088/1088
usemtl Surface_4
f 1092/1092 1090/1090 1089/1089
usemtl Surface_4
f 1091/1091 1090/1090 1092/1092
usemtl Surface_0
f 1096/1096 1094/1094 1093/1093
usemtl Surface_0
f 1095/1095 1094/1094 1096/1096
usemtl Surface_4
f 1100/1100 1098/1098 1097/1097
usemtl Surface_4
f 1099/1099 1098/1098 1100/1100
usemtl Surface_0
f 1104/1104 1102/1102 1101/1101
usemtl Surface_0
f 1103/1103 1102/1102 1104/1104
usemtl Surface_4
f 1108/1108 1106/1106 1105/1105
usemtl Surface_4
f 1107/1107 1106/1106 1108/1108
usemtl Surface_0
f 1112/1112 1110/1110 1109/1109
usemtl Surface_0
f 1111/1111 1110/1110 1112/1112
usemtl Surface_4
f 1116/1116 1114/1114 1113/1113
usemtl Surface_4
f 1115/1115 1114/1114 1116/1116
usemtl Surface_0
f 1120/1120 1118/1118 1117/1117
usemtl Surface_0
f 1119/1119 1118/1118 1120/1120
usemtl Surface_0
f 1124/1124 1122/1122 1121/1121
usemtl Surface_0
f 1123/1123 1122/1122 1124/1124
usemtl Surface_0
f 1128/1128 1126/1126 1125/1125
usemtl Surface_0
f 1127/1127 1126/1126 1128/1128
usemtl Surface_0
f 1132/1132 1130/1130 1129/1129
usemtl Surface_0
f 1131/1131 1130/1130 1132/1132
usemtl Surface_0
f 1136/1136 1134/1134 1133/1133
usemtl Surface_0
f 1135/1135 1134/1134 1136/1136
usemtl Surface_0
f 1140/1140 1138/1138 1137/1137
usemtl Surface_0
f 1139/1139 1138/1138 1140/1140
usemtl Surface_0
f 1144/1144 1142/1142 1141/1141
usemtl Surface_0
f 1143/1143 1142/1142 1144/1144
usemtl Surface_0
f 1148/1148 1146/1146 1145/1145
usemtl Surface_0
f 1147/1147 1146/1146 1148/1148
usemtl Surface_0
f 1152/1152 1150/1150 1149/1149
usemtl Surface_0
f 1151/1151 1150/1150 1152/1152
usemtl Surface_0
f 1156/1156 1154/1154 1153/1153
usemtl Surface_0
f 1155/1155 1154/1154 1156/1156
usemtl Surface_0
f 1160/1160 1158/1158 1157/1157
usemtl Surface_0
f 1159/1159 1158/1158 1160/1160
usemtl Surface_0
f 1164/1164 1162/1162 1161/1161
usemtl Surface_0
f 1163/1163 1162/1162 1164/1164
usemtl Surface_0
f 1168/1168 1166/1166 1165/1165
usemtl Surface_0
f 1167/1167 1166/1166 1168/1168
usemtl Surface_0
f 1172/1172 1170/1170 1169/1169
usemtl Surface_0
f 1171/1171 1170/1170 1172/1172
usemtl Surface_0
f 1176/1176 1174/1174 1173/1173
usemtl Surface_0
f 1175/1175 1174/1174 1176/1176
usemtl Surface_0
f 1180/1180 1178/1178 1177/1177
usemtl Surface_0
f 1179/1179 1178/1178 1180/1180
usemtl Surface_0
f 1184/1184 1182/1182 1181/1181
usemtl Surface_0
f 1183/1183 1182/1182 1184/1184
usemtl Surface_0
f 1188/1188 1186/1186 1185/1185
usemtl Surface_0
f 1187/1187 1186/1186 1188/1188
usemtl Surface_0
f 1192/1192 1190/1190 1189/1189
usemtl Surface_0
f 1191/1191 1190/1190 1192/1192
usemtl Surface_0
f 1196/1196 1194/1194 1193/1193
usemtl Surface_0
f 1195/1195 1194/1194 1196/1196
usemtl Surface_0
f 1200/1200 1198/1198 1197/1197
usemtl Surface_0
f 1199/1199 1198/1198 1200/1200
usemtl Surface_0
f 1204/1204 1202/1202 1201/1201
usemtl Surface_0
f 1203/1203 1202/1202 1204/1204
usemtl Surface_0
f 1208/1208 1206/1206 1205/1205
usemtl Surface_0
f 1207/1207 1206/1206 1208/1208
usemtl Surface_0
f 1212/1212 1210/1210 1209/1209
usemtl Surface_0
f 1211/1211 1210/1210 1212/1212
usemtl Surface_0
f 1216/1216 1214/1214 1213/1213
usemtl Surface_0
f 1215/1215 1214/1214 1216/1216
usemtl Surface_0
f 1220/1220 1218/1218 1217/1217
usemtl Surface_0
f 1219/1219 1218/1218 1220/1220
usemtl Surface_0
f 1224/1224 1222/1222 1221/1221
usemtl Surface_0
f 1223/1223 1222/1222 1224/1224
usemtl Surface_0
f 1228/1228 1226/1226 1225/1225
usemtl Surface_0
f 1227/1227 1226/1226 1228/1228
usemtl Surface_0
f 1232/1232 1230/1230 1229/1229
usemtl Surface_0
f 1231/1231 1230/1230 1232/1232
usemtl Surface_0
f 1236/1236 1234/1234 1233/1233
usemtl Surface_0
f 1235/1235 1234/1234 1236/1236
usemtl Surface_0
f 1240/1240 1238/1238 1237/1237
usemtl Surface_0
f 1239/1239 1238/1238 1240/1240
usemtl Surface_0
f 1244/1244 1242/1242 1241/1241
usemtl Surface_0
f 1243/1243 1242/1242 1244/1244
usemtl Surface_0
f 1248/1248 1246/1246 1245/1245
usemtl Surface_0
f 1247/1247 1246/1246 1248/1248
usemtl Surface_4
f 1252/1252 1250/1250 1249/1249
usemtl Surface_4
f 1251/1251 1250/1250 1252/1252
usemtl Surface_0
f 1256/1256 1254/1254 1253/1253
usemtl Surface_0
f 1255/1255 1254/1254 1256/1256
usemtl Surface_4
f 1260/1260 1258/1258 1257/1257
usemtl Surface_4
f 1259/1259 1258/1258 1260/1260
usemtl Surface_0
f 1264/1264 1262/1262 1261/1261
usemtl Surface_0
f 1263/1263 1262/1262 1264/1264
usemtl Surface_4
f 1268/1268 1266/1266 1265/1265
usemtl Surface_4
f 1267/1267 1266/1266 1268/1268
usemtl Surface_0
f 1272/1272 1270/1270 1269/1269
usemtl Surface_0
f 1271/1271 1270/1270 1272/1272
usemtl Surface_4
f 1276/1276 1274/1274 1273/1273
usemtl Surface_4
f 1275/1275 1274/1274 1276/1276
usemtl Surface_0
f 1280/1280 1278/1278 1277/1277
usemtl Surface_0
f 1279/1279 1278/1278 1280/1280
usemtl Surface_4
f 1284/1284 1282/1282 1281/1281
usemtl Surface_4
f 1283/1283 1282/1282 1284/1284
usemtl Surface_0
f 1288/1288 1286/1286 1285/1285
usemtl Surface_0
f 1287/1287 1286/1286 1288/1288
usemtl Surface_4
f 1292/1292 1290/1290 1289/1289
usemtl Surface_4
f 1291/1291 1290/1290 1292/1292
usemtl Surface_0
f 1296/1296 1294/1294 1293/1293
usemtl Surface_0
f 1295/1295 1294/1294 1296/1296
usemtl Surface_4
f 1300/1300 1298/1298 1297/1297
usemtl Surface_4
f 1299/1299 1298/1298 1300/1300
usemtl Surface_0
f 1304/1304 1302/1302 1301/1301
usemtl Surface_0
f 1303/1303 1302/1302 1304/1304
usemtl Surface_4
f 1308/1308 1306/1306 1305/1305
usemtl Surface_4
f 1307/1307 1306/1306 1308/1308
usemtl Surface_0
f 1312/1312 1310/1310 1309/1309
usemtl Surface_0
f 1311/1311 1310/1310 1312/1312
usemtl Surface_4
f 1316/1316 1314/1314 1313/1313
usemtl Surface_4
f 1315/1315 1314/1314 1316/1316
usemtl Surface_0
f 1320/1320 1318/1318 1317/1317
usemtl Surface_0
f 1319/1319 1318/1318 1320/1320
usemtl Surface_4
f 1324/1324 1322/1322 1321/1321
usemtl Surface_4
f 1323/1323 1322/1322 1324/1324
usemtl Surface_0
f 1328/1328 1326/1326 1325/1325
usemtl Surface_0
f 1327/1327 1326/1326 1328/1328
usemtl Surface_4
f 1332/1332 1330/1330 1329/1329
usemtl Surface_4
f 1331/1331 1330/1330 1332/1332
usemtl Surface_0
f 1336/1336 1334/1334 1333/1333
usemtl Surface_0
f 1335/1335 1334/1334 1336/1336
usemtl Surface_4
f 1340/1340 1338/1338 1337/1337
usemtl Surface_4
f 1339/1339 1338/1338 1340/1340
usemtl Surface_0
f 1344/1344 1342/1342 1341/1341
usemtl Surface_0
f 1343/1343 1342/1342 1344/1344
usemtl Surface_4
f 1348/1348 1346/1346 1345/1345
usemtl Surface_4
f 1347/1347 1346/1346 1348/1348
usemtl Surface_0
f 1352/1352 1350/1350 1349/1349
usemtl Surface_0
f 1351/1351 1350/1350 1352/1352
usemtl Surface_4
f 1356/1356 1354/1354 1353/1353
usemtl Surface_4
f 1355/1355 1354/1354 1356/1356
usemtl Surface_0
f 1360/1360 1358/1358 1357/1357
usemtl Surface_0
f 1359/1359 1358/1358 1360/1360
usemtl Surface_4
f 1364/1364 1362/1362 1361/1361
usemtl Surface_4
f 1363/1363 1362/1362 1364/1364
usemtl Surface_0
f 1368/1368 1366/1366 1365/1365
usemtl Surface_0
f 1367/1367 1366/1366 1368/1368
usemtl Surface_4
f 1372/1372 1370/1370 1369/1369
usemtl Surface_4
f 1371/1371 1370/1370 1372/1372
usemtl Surface_0
f 1376/1376 1374/1374 1373/1373
usemtl Surface_0
f 1375/1375 1374/1374 1376/1376
usemtl Surface_4
f 1380/1380 1378/1378 1377/1377
usemtl Surface_4
f 1379/1379 1378/1378 1380/1380
usemtl Surface_4
f 1384/1384 1382/1382 1381/1381
usemtl Surface_4
f 1383/1383 1382/1382 1384/1384
usemtl Surface_4
f 1388/1388 1386/1386 1385/1385
usemtl Surface_4
f 1387/1387 1386/1386 1388/1388
usemtl Surface_4
f 1392/1392 1390/1390 1389/1389
usemtl Surface_4
f 1391/1391 1390/1390 1392/1392
usemtl Surface_4
f 1396/1396 1394/1394 1393/1393
usemtl Surface_4
f 1395/1395 1394/1394 1396/1396
usemtl Surface_4
f 1400/1400 1398/1398 1397/1397
usemtl Surface_4
f 1399/1399 1398/1398 1400/1400
usemtl Surface_4
f 1404/1404 1402/1402 1401/1401
usemtl Surface_4
f 1403/1403 1402/1402 1404/1404
usemtl Surface_4
f 1408/1408 1406/1406 1405/1405
usemtl Surface_4
f 1407/1407 1406/1406 1408/1408
usemtl Surface_4
f 1412/1412 1410/1410 1409/1409
usemtl Surface_4
f 1411/1411 1410/1410 1412/1412
usemtl Surface_4
f 1416/1416 1414/1414 1413/1413
usemtl Surface_4
f 1415/1415 1414/1414 1416/1416
usemtl Surface_4
f 1420/1420 1418/1418 1417/1417
usemtl Surface_4
f 1419/1419 1418/1418 1420/1420
usemtl Surface_4
f 1424/1424 1422/1422 1421/1421
usemtl Surface_4
f 1423/1423 1422/1422 1424/1424
usemtl Surface_4
f 1428/1428 1426/1426 1425/1425
usemtl Surface_4
f 1427/1427 1426/1426 1428/1428
usemtl Surface_4
f 1432/1432 1430/1430 1429/1429
usemtl Surface_4
f 1431/1431 1430/1430 1432/1432
usemtl Surface_4
f 1436/1436 1434/1434 1433/1433
usemtl Surface_4
f 1435/1435 1434/1434 1436/1436
usemtl Surface_4
f 1440/1440 1438/1438 1437/1437
usemtl Surface_4
f 1439/1439 1438/1438 1440/1440
usemtl Surface_4
f 1444/1444 1442/1442 1441/1441
usemtl Surface_4
f 1443/1443 1442/1442 1444/1444
usemtl Surface_4
f 1448/1448 1446/1446 1445/1445
usemtl Surface_4
f 1447/1447 1446/1446 1448/1448
usemtl Surface_4
f 1452/1452 1450/1450 1449/1449
usemtl Surface_4
f 1451/1451 1450/1450 1452/1452
usemtl Surface_4
f 1456/1456 1454/1454 1453/1453
usemtl Surface_4
f 1455/1455 1454/1454 1456/1456
usemtl Surface_4
f 1460/1460 1458/1458 1457/1457
usemtl Surface_4
f 1459/1459 1458/1458 1460/1460
usemtl Surface_4
f 1464/1464 1462/1462 1461/1461
usemtl Surface_4
f 1463/1463 1462/1462 1464/1464
usemtl Surface_4
f 1468/1468 1466/1466 1465/1465
usemtl Surface_4
f 1467/1467 1466/1466 1468/1468
usemtl Surface_4
f 1472/1472 1470/1470 1469/1469
usemtl Surface_4
f 1471/1471 1470/1470 1472/1472
usemtl Surface_4
f 1476/1476 1474/1474 1473/1473
usemtl Surface_4
f 1475/1475 1474/1474 1476/1476
usemtl Surface_4
f 1480/1480 1478/1478 1477/1477
usemtl Surface_4
f 1479/1479 1478/1478 1480/1480
usemtl Surface_4
f 1484/1484 1482/1482 1481/1481
usemtl Surface_4
f 1483/1483 1482/1482 1484/1484
usemtl Surface_4
f 1488/1488 1486/1486 1485/1485
usemtl Surface_4
f 1487/1487 1486/1486 1488/1488
usemtl Surface_4
f 1492/1492 1490/1490 1489/1489
usemtl Surface_4
f 1491/1491 1490/1490 1492/1492
usemtl Surface_4
f 1496/1496 1494/1494 1493/1493
usemtl Surface_4
f 1495/1495 1494/1494 1496/1496
usemtl Surface_4
f 1500/1500 1498/1498 1497/1497
usemtl Surface_4
f 1499/1499 1498/1498 1500/1500
usemtl Surface_4
f 1504/1504 1502/1502 1501/1501
usemtl Surface_4
f 1503/1503 1502/1502 1504/1504
usemtl Surface_4
f 1508/1508 1506/1506 1505/1505
usemtl Surface_4
f 1507/1507 1506/1506 1508/1508
usemtl Surface_4
f 1512/1512 1510/1510 1509/1509
usemtl Surface_4
f 1511/1511 1510/1510 1512/1512
usemtl Surface_4
f 1516/1516 1514/1514 1513/1513
usemtl Surface_4
f 1515/1515 1514/1514 1516/1516
usemtl Surface_4
f 1520/1520 1518/1518 1517/1517
usemtl Surface_4
f 1519/1519 1518/1518 1520/1520
usemtl Surface_4
f 1524/1524 1522/1522 1521/1521
usemtl Surface_4
f 1523/1523 1522/1522 1524/1524
usemtl Surface_4
f 1528/1528 1526/1526 1525/1525
usemtl Surface_4
f 1527/1527 1526/1526 1528/1528
usemtl Surface_2
f 1532/1532 1530/1530 1529/1529
usemtl Surface_2
f 1531/1531 1530/1530 1532/1532
usemtl Surface_2
f 1536/1536 1534/1534 1533/1533
usemtl Surface_2
f 1535/1535 1534/1534 1536/1536
usemtl Surface_2
f 1540/1540 1538/1538 1537/1537
usemtl Surface_2
f 1539/1539 1538/1538 1540/1540
usemtl Surface_2
f 1544/1544 1542/1542 1541/1541
usemtl Surface_2
f 1543/1543 1542/1542 1544/1544
usemtl Surface_2
f 1548/1548 1546/1546 1545/1545
usemtl Surface_2
f 1547/1547 1546/1546 1548/1548
usemtl Surface_2
f 1552/1552 1550/1550 1549/1549
usemtl Surface_2
f 1551/1551 1550/1550 1552/1552
usemtl Surface_2
f 1556/1556 1554/1554 1553/1553
usemtl Surface_2
f 1555/1555 1554/1554 1556/1556
usemtl Surface_2
f 1560/1560 1558/1558 1557/1557
usemtl Surface_2
f 1559/1559 1558/1558 1560/1560
usemtl Surface_2
f 1564/1564 1562/1562 1561/1561
usemtl Surface_2
f 1563/1563 1562/1562 1564/1564
usemtl Surface_2
f 1568/1568 1566/1566 1565/1565
usemtl Surface_2
f 1567/1567 1566/1566 1568/1568
usemtl Surface_2
f 1572/1572 1570/1570 1569/1569
usemtl Surface_2
f 1571/1571 1570/1570 1572/1572
usemtl Surface_2
f 1576/1576 1574/1574 1573/1573
usemtl Surface_2
f 1575/1575 1574/1574 1576/1576
usemtl Surface_2
f 1580/1580 1578/1578 1577/1577
usemtl Surface_2
f 1579/1579 1578/1578 1580/1580
usemtl Surface_2
f 1584/1584 1582/1582 1581/1581
usemtl Surface_2
f 1583/1583 1582/1582 1584/1584
usemtl Surface_2
f 1588/1588 1586/1586 1585/1585
usemtl Surface_2
f 1587/1587 1586/1586 1588/1588
usemtl Surface_2
f 1592/1592 1590/1590 1589/1589
usemtl Surface_2
f 1591/1591 1590/1590 1592/1592
usemtl Surface_2
f 1596/1596 1594/1594 1593/1593
usemtl Surface_2
f 1595/1595 1594/1594 1596/1596
usemtl Surface_2
f 1600/1600 1598/1598 1597/1597
usemtl Surface_2
f 1599/1599 1598/1598 1600/1600
usemtl Surface_2
f 1604/1604 1602/1602 1601/1601
usemtl Surface_2
f 1603/1603 1602/1602 1604/1604
usemtl Surface_2
f 1608/1608 1606/1606 1605/1605
usemtl Surface_2
f 1607/1607 1606/1606 1608/1608
usemtl Surface_2
f 1612/1612 1610/1610 1609/1609
usemtl Surface_2
f 1611/1611 1610/1610 1612/1612
usemtl Surface_2
f 1616/1616 1614/1614 1613/1613
usemtl Surface_2
f 1615/1615 1614/1614 1616/1616
usemtl Surface_2
f 1620/1620 1618/1618 1617/1617
usemtl Surface_2
f 1619/1619 1618/1618 1620/1620
usemtl Surface_2
f 1624/1624 1622/1622 1621/1621
usemtl Surface_2
f 1623/1623 1622/1622 1624/1624
usemtl Surface_2
f 1628/1628 1626/1626 1625/1625
usemtl Surface_2
f 1627/1627 1626/1626 1628/1628
usemtl Surface_2
f 1632/1632 1630/1630 1629/1629
usemtl Surface_2
f 1631/1631 1630/1630 1632/1632
usemtl Surface_2
f 1636/1636 1634/1634 1633/1633
usemtl Surface_2
f 1635/1635 1634/1634 1636/1636
usemtl Surface_2
f 1640/1640 1638/1638 1637/1637
usemtl Surface_2
f 1639/1639 1638/1638 1640/1640
usemtl Surface_2
f 1644/1644 1642/1642 1641/1641
usemtl Surface_2
f 1643/1643 1642/1642 1644/1644
usemtl Surface_2
f 1648/1648 1646/1646 1645/1645
usemtl Surface_2
f 1647/1647 1646/1646 1648/1648
usemtl Surface_2
f 1652/1652 1650/1650 1649/1649
usemtl Surface_2
f 1651/1651 1650/1650 1652/1652
usemtl Surface_2
f 1656/1656 1654/1654 1653/1653
usemtl Surface_2
f 1655/1655 1654/1654 1656/1656
usemtl Surface_2
f 1660/1660 1658/1658 1657/1657
usemtl Surface_2
f 1659/1659 1658/1658 1660/1660
usemtl Surface_2
f 1664/1664 1662/1662 1661/1661
usemtl Surface_2
f 1663/1663 1662/1662 1664/1664
usemtl Surface_2
f 1668/1668 1666/1666 1665/1665
usemtl Surface_2
f 1667/1667 1666/1666 1668/1668
usemtl Surface_2
f 1672/1672 1670/1670 1669/1669
usemtl Surface_2
f 1671/1671 1670/1670 1672/1672
usemtl Surface_2
f 1676/1676 1674/1674 1673/1673
usemtl Surface_2
f 1675/1675 1674/1674 1676/1676
usemtl Surface_2
f 1680/1680 1678/1678 1677/1677
usemtl Surface_2
f 1679/1679 1678/1678 1680/1680
usemtl Surface_2
f 1684/1684 1682/1682 1681/1681
usemtl Surface_2
f 1683/1683 1682/1682 1684/1684
usemtl Surface_2
f 1688/1688 1686/1686 1685/1685
usemtl Surface_2
f 1687/1687 1686/1686 1688/1688
usemtl Surface_2
f 1692/1692 1690/1690 1689/1689
usemtl Surface_2
f 1691/1691 1690/1690 1692/1692
usemtl Surface_2
f 1696/1696 1694/1694 1693/1693
usemtl Surface_2
f 1695/1695 1694/1694 1696/1696
usemtl Surface_2
f 1700/1700 1698/1698 1697/1697
usemtl Surface_2
f 1699/1699 1698/1698 1700/1700
usemtl Surface_2
f 1704/1704 1702/1702 1701/1701
usemtl Surface_2
f 1703/1703 1702/1702 1704/1704
usemtl Surface_2
f 1708/1708 1706/1706 1705/1705
usemtl Surface_2
f 1707/1707 1706/1706 1708/1708
usemtl Surface_2
f 1712/1712 1710/1710 1709/1709
usemtl Surface_2
f 1711/1711 1710/1710 1712/1712
usemtl Surface_2
f 1716/1716 1714/1714 1713/1713
usemtl Surface_2
f 1715/1715 1714/1714 1716/1716
usemtl Surface_2
f 1720/1720 1718/1718 1717/1717
usemtl Surface_2
f 1719/1719 1718/1718 1720/1720
usemtl Surface_2
f 1724/1724 1722/1722 1721/1721
usemtl Surface_2
f 1723/1723 1722/1722 1724/1724
usemtl Surface_2
f 1728/1728 1726/1726 1725/1725
usemtl Surface_2
f 1727/1727 1726/1726 1728/1728
usemtl Surface_2
f 1732/1732 1730/1730 1729/1729
usemtl Surface_2
f 1731/1731 1730/1730 1732/1732
usemtl Surface_2
f 1736/1736 1734/1734 1733/1733
usemtl Surface_2
f 1735/1735 1734/1734 1736/1736
usemtl Surface_2
f 1740/1740 1738/1738 1737/1737
usemtl Surface_2
f 1739/1739 1738/1738 1740/1740
usemtl Surface_2
f 1744/1744 1742/1742 1741/1741
usemtl Surface_2
f 1743/1743 1742/1742 1744/1744
usemtl Surface_2
f 1748/1748 1746/1746 1745/1745
usemtl Surface_2
f 1747/1747 1746/1746 1748/1748
usemtl Surface_2
f 1752/1752 1750/1750 1749/1749
usemtl Surface_2
f 1751/1751 1750/1750 1752/1752
usemtl Surface_2
f 1756/1756 1754/1754 1753/1753
usemtl Surface_2
f 1755/1755 1754/1754 1756/1756
usemtl Surface_2
f 1760/1760 1758/1758 1757/1757
usemtl Surface_2
f 1759/1759 1758/1758 1760/1760
usemtl Surface_2
f 1764/1764 1762/1762 1761/1761
usemtl Surface_2
f 1763/1763 1762/1762 1764/1764
usemtl Surface_2
f 1768/1768 1766/1766 1765/1765
usemtl Surface_2
f 1767/1767 1766/1766 1768/1768
usemtl Surface_2
f 1772/1772 1770/1770 1769/1769
usemtl Surface_2
f 1771/1771 1770/1770 1772/1772
usemtl Surface_2
f 1776/1776 1774/1774 1773/1773
usemtl Surface_2
f 1775/1775 1774/1774 1776/1776
usemtl Surface_2
f 1780/1780 1778/1778 1777/1777
usemtl Surface_2
f 1779/1779 1778/1778 1780/1780
usemtl Surface_2
f 1784/1784 1782/1782 1781/1781
usemtl Surface_2
f 1783/1783 1782/1782 1784/1784
usemtl Surface_2
f 1788/1788 1786/1786 1785/1785
usemtl Surface_2
f 1787/1787 1786/1786 1788/1788
usemtl Surface_2
f 1792/1792 1790/1790 1789/1789
usemtl Surface_2
f 1791/1791 1790/1790 1792/1792
usemtl Surface_2
f 1796/1796 1794/1794 1793/1793
usemtl Surface_2
f 1795/1795 1794/1794 1796/1796
usemtl Surface_2
f 1800/1800 1798/1798 1797/1797
usemtl Surface_2
f 1799/1799 1798/1798 1800/1800
usemtl Surface_2
f 1804/1804 1802/1802 1801/1801
usemtl Surface_2
f 1803/1803 1802/1802 1804/1804
usemtl Surface_2
f 1808/1808 1806/1806 1805/1805
usemtl Surface_2
f 1807/1807 1806/1806 1808/1808
usemtl Surface_2
f 1812/1812 1810/1810 1809/1809
usemtl Surface_2
f 1811/1811 1810/1810 1812/1812
usemtl Surface_2
f 1816/1816 1814/1814 1813/1813
usemtl Surface_2
f 1815/1815 1814/1814 1816/1816
usemtl Surface_2
f 1820/1820 1818/1818 1817/1817
usemtl Surface_2
f 1819/1819 1818/1818 1820/1820
usemtl Surface_2
f 1824/1824 1822/1822 1821/1821
usemtl Surface_2
f 1823/1823 1822/1822 1824/1824
usemtl Surface_2
f 1828/1828 1826/1826 1825/1825
usemtl Surface_2
f 1827/1827 1826/1826 1828/1828
usemtl Surface_2
f 1832/1832 1830/1830 1829/1829
usemtl Surface_2
f 1831/1831 1830/1830 1832/1832
usemtl Surface_2
f 1836/1836 1834/1834 1833/1833
usemtl Surface_2
f 1835/1835 1834/1834 1836/1836
usemtl Surface_2
f 1840/1840 1838/1838 1837/1837
usemtl Surface_2
f 1839/1839 1838/1838 1840/1840
usemtl Surface_2
f 1844/1844 1842/1842 1841/1841
usemtl Surface_2
f 1843/1843 1842/1842 1844/1844
usemtl Surface_2
f 1848/1848 1846/1846 1845/1845
usemtl Surface_2
f 1847/1847 1846/1846 1848/1848
usemtl Surface_2
f 1852/1852 1850/1850 1849/1849
usemtl Surface_2
f 1851/1851 1850/1850 1852/1852
usemtl Surface_2
f 1856/1856 1854/1854 1853/1853
usemtl Surface_2
f 1855/1855 1854/1854 1856/1856
usemtl Surface_2
f 1860/1860 1858/1858 1857/1857
usemtl Surface_2
f 1859/1859 1858/1858 1860/1860
usemtl Surface_2
f 1864/1864 1862/1862 1861/1861
usemtl Surface_2
f 1863/1863 1862/1862 1864/1864
usemtl Surface_2
f 1868/1868 1866/1866 1865/1865
usemtl Surface_2
f 1867/1867 1866/1866 1868/1868
usemtl Surface_2
f 1872/1872 1870/1870 1869/1869
usemtl Surface_2
f 1871/1871 1870/1870 1872/1872
usemtl Surface_2
f 1876/1876 1874/1874 1873/1873
usemtl Surface_2
f 1875/1875 1874/1874 1876/1876
usemtl Surface_2
f 1880/1880 1878/1878 1877/1877
usemtl Surface_2
f 1879/1879 1878/1878 1880/1880
usemtl Surface_2
f 1884/1884 1882/1882 1881/1881
usemtl Surface_2
f 1883/1883 1882/1882 1884/1884
usemtl Surface_2
f 1888/1888 1886/1886 1885/1885
usemtl Surface_2
f 1887/1887 1886/1886 1888/1888
usemtl Surface_2
f 1892/1892 1890/1890 1889/1889
usemtl Surface_2
f 1891/1891 1890/1890 1892/1892
usemtl Surface_2
f 1896/1896 1894/1894 1893/1893
usemtl Surface_2
f 1895/1895 1894/1894 1896/1896
usemtl Surface_2
f 1900/1900 1898/1898 1897/1897
usemtl Surface_2
f 1899/1899 1898/1898 1900/1900
usemtl Surface_2
f 1904/1904 1902/1902 1901/1901
usemtl Surface_2
f 1903/1903 1902/1902 1904/1904
usemtl Surface_2
f 1908/1908 1906/1906 1905/1905
usemtl Surface_2
f 1907/1907 1906/1906 1908/1908
usemtl Surface_2
f 1912/1912 1910/1910 1909/1909
usemtl Surface_2
f 1911/1911 1910/1910 1912/1912
usemtl Surface_2
f 1916/1916 1914/1914 1913/1913
usemtl Surface_2
f 1915/1915 1914/1914 1916/1916
usemtl Surface_2
f 1920/1920 1918/1918 1917/1917
usemtl Surface_2
f 1919/1919 1918/1918 1920/1920
usemtl Surface_2
f 1924/1924 1922/1922 1921/1921
usemtl Surface_2
f 1923/1923 1922/1922 1924/1924
usemtl Surface_2
f 1928/1928 1926/1926 1925/1925
usemtl Surface_2
f 1927/1927 1926/1926 1928/1928
usemtl Surface_2
f 1932/1932 1930/1930 1929/1929
usemtl Surface_2
f 1931/1931 1930/1930 1932/1932
usemtl Surface_2
f 1936/1936 1934/1934 1933/1933
usemtl Surface_2
f 1935/1935 1934/1934 1936/1936
usemtl Surface_2
f 1940/1940 1938/1938 1937/1937
usemtl Surface_2
f 1939/1939 1938/1938 1940/1940
usemtl Surface_2
f 1944/1944 1942/1942 1941/1941
usemtl Surface_2
f 1943/1943 1942/1942 1944/1944
usemtl Surface_2
f 1948/1948 1946/1946 1945/1945
usemtl Surface_2
f 1947/1947 1946/1946 1948/1948
usemtl Surface_2
f 1952/1952 1950/1950 1949/1949
usemtl Surface_2
f 1951/1951 1950/1950 1952/1952
usemtl Surface_2
f 1956/1956 1954/1954 1953/1953
usemtl Surface_2
f 1955/1955 1954/1954 1956/1956
usemtl Surface_2
f 1960/1960 1958/1958 1957/1957
usemtl Surface_2
f 1959/1959 1958/1958 1960/1960
usemtl Surface_2
f 1964/1964 1962/1962 1961/1961
usemtl Surface_2
f 1963/1963 1962/1962 1964/1964
usemtl Surface_2
f 1968/1968 1966/1966 1965/1965
usemtl Surface_2
f 1967/1967 1966/1966 1968/1968
usemtl Surface_2
f 1972/1972 1970/1970 1969/1969
usemtl Surface_2
f 1971/1971 1970/1970 1972/1972
usemtl Surface_2
f 1976/1976 1974/1974 1973/1973
usemtl Surface_2
f 1975/1975 1974/1974 1976/1976
usemtl Surface_2
f 1980/1980 1978/1978 1977/1977
usemtl Surface_2
f 1979/1979 1978/1978 1980/1980
usemtl Surface_2
f 1984/1984 1982/1982 1981/1981
usemtl Surface_2
f 1983/1983 1982/1982 1984/1984
usemtl Surface_2
f 1988/1988 1986/1986 1985/1985
usemtl Surface_2
f 1987/1987 1986/1986 1988/1988
usemtl Surface_2
f 1992/1992 1990/1990 1989/1989
usemtl Surface_2
f 1991/1991 1990/1990 1992/1992
usemtl Surface_2
f 1996/1996 1994/1994 1993/1993
usemtl Surface_2
f 1995/1995 1994/1994 1996/1996
usemtl Surface_2
f 2000/2000 1998/1998 1997/1997
usemtl Surface_2
f 1999/1999 1998/1998 2000/2000
usemtl Surface_2
f 2004/2004 2002/2002 2001/2001
usemtl Surface_2
f 2003/2003 2002/2002 2004/2004
usemtl Surface_2
f 2008/2008 2006/2006 2005/2005
usemtl Surface_2
f 2007/2007 2006/2006 2008/2008
usemtl Surface_2
f 2012/2012 2010/2010 2009/2009
usemtl Surface_2
f 2011/2011 2010/2010 2012/2012
usemtl Surface_2
f 2016/2016 2014/2014 2013/2013
usemtl Surface_2
f 2015/2015 2014/2014 2016/2016
usemtl Surface_2
f 2020/2020 2018/2018 2017/2017
usemtl Surface_2
f 2019/2019 2018/2018 2020/2020
usemtl Surface_2
f 2024/2024 2022/2022 2021/2021
usemtl Surface_2
f 2023/2023 2022/2022 2024/2024
usemtl Surface_2
f 2028/2028 2026/2026 2025/2025
usemtl Surface_2
f 2027/2027 2026/2026 2028/2028
usemtl Surface_2
f 2032/2032 2030/2030 2029/2029
usemtl Surface_2
f 2031/2031 2030/2030 2032/2032
usemtl Surface_2
f 2036/2036 2034/2034 2033/2033
usemtl Surface_2
f 2035/2035 2034/2034 2036/2036
usemtl Surface_2
f 2040/2040 2038/2038 2037/2037
usemtl Surface_2
f 2039/2039 2038/2038 2040/2040
usemtl Surface_2
f 2044/2044 2042/2042 2041/2041
usemtl Surface_2
f 2043/2043 2042/2042 2044/2044
usemtl Surface_2
f 2048/2048 2046/2046 2045/2045
usemtl Surface_2
f 2047/2047 2046/2046 2048/2048
usemtl Surface_2
f 2052/2052 2050/2050 2049/2049
usemtl Surface_2
f 2051/2051 2050/2050 2052/2052
usemtl Surface_2
f 2056/2056 2054/2054 2053/2053
usemtl Surface_2
f 2055/2055 2054/2054 2056/2056
usemtl Surface_2
f 2060/2060 2058/2058 2057/2057
usemtl Surface_2
f 2059/2059 2058/2058 2060/2060
usemtl Surface_2
f 2064/2064 2062/2062 2061/2061
usemtl Surface_2
f 2063/2063 2062/2062 2064/2064
usemtl Surface_2
f 2068/2068 2066/2066 2065/2065
usemtl Surface_2
f 2067/2067 2066/2066 2068/2068
usemtl Surface_2
f 2072/2072 2070/2070 2069/2069
usemtl Surface_2
f 2071/2071 2070/2070 2072/2072
usemtl Surface_2
f 2076/2076 2074/2074 2073/2073
usemtl Surface_2
f 2075/2075 2074/2074 2076/2076
usemtl Surface_2
f 2080/2080 2078/2078 2077/2077
usemtl Surface_2
f 2079/2079 2078/2078 2080/2080
usemtl Surface_2
f 2084/2084 2082/2082 2081/2081
usemtl Surface_2
f 2083/2083 2082/2082 2084/2084
usemtl Surface_2
f 2088/2088 2086/2086 2085/2085
usemtl Surface_2
f 2087/2087 2086/2086 2088/2088
usemtl Surface_2
f 2092/2092 2090/2090 2089/2089
usemtl Surface_2
f 2091/2091 2090/2090 2092/2092
usemtl Surface_2
f 2096/2096 2094/2094 2093/2093
usemtl Surface_2
f 2095/2095 2094/2094 2096/2096
usemtl Surface_2
f 2100/2100 2098/2098 2097/2097
usemtl Surface_2
f 2099/2099 2098/2098 2100/2100
usemtl Surface_2
f 2104/2104 2102/2102 2101/2101
usemtl Surface_2
f 2103/2103 2102/2102 2104/2104
usemtl Surface_2
f 2108/2108 2106/2106 2105/2105
usemtl Surface_2
f 2107/2107 2106/2106 2108/2108
usemtl Surface_2
f 2112/2112 2110/2110 2109/2109
usemtl Surface_2
f 2111/2111 2110/2110 2112/2112
usemtl Surface_2
f 2116/2116 2114/2114 2113/2113
usemtl Surface_2
f 2115/2115 2114/2114 2116/2116
usemtl Surface_2
f 2120/2120 2118/2118 2117/2117
usemtl Surface_2
f 2119/2119 2118/2118 2120/2120
usemtl Surface_2
f 2124/2124 2122/2122 2121/2121
usemtl Surface_2
f 2123/2123 2122/2122 2124/2124
usemtl Surface_2
f 2128/2128 2126/2126 2125/2125
usemtl Surface_2
f 2127/2127 2126/2126 2128/2128
usemtl Surface_2
f 2132/2132 2130/2130 2129/2129
usemtl Surface_2
f 2131/2131 2130/2130 2132/2132
usemtl Surface_2
f 2136/2136 2134/2134 2133/2133
usemtl Surface_2
f 2135/2135 2134/2134 2136/2136
usemtl Surface_2
f 2140/2140 2138/2138 2137/2137
usemtl Surface_2
f 2139/2139 2138/2138 2140/2140
usemtl Surface_2
f 2144/2144 2142/2142 2141/2141
usemtl Surface_2
f 2143/2143 2142/2142 2144/2144
usemtl Surface_2
f 2148/2148 2146/2146 2145/2145
usemtl Surface_2
f 2147/2147 2146/2146 2148/2148
usemtl Surface_2
f 2152/2152 2150/2150 2149/2149
usemtl Surface_2
f 2151/2151 2150/2150 2152/2152
usemtl Surface_2
f 2156/2156 2154/2154 2153/2153
usemtl Surface_2
f 2155/2155 2154/2154 2156/2156
usemtl Surface_2
f 2160/2160 2158/2158 2157/2157
usemtl Surface_2
f 2159/2159 2158/2158 2160/2160
usemtl Surface_2
f 2164/2164 2162/2162 2161/2161
usemtl Surface_2
f 2163/2163 2162/2162 2164/2164
usemtl Surface_2
f 2168/2168 2166/2166 2165/2165
usemtl Surface_2
f 2167/2167 2166/2166 2168/2168
usemtl Surface_2
f 2172/2172 2170/2170 2169/2169
usemtl Surface_2
f 2171/2171 2170/2170 2172/2172
usemtl Surface_2
f 2176/2176 2174/2174 2173/2173
usemtl Surface_2
f 2175/2175 2174/2174 2176/2176
usemtl Surface_2
f 2180/2180 2178/2178 2177/2177
usemtl Surface_2
f 2179/2179 2178/2178 2180/2180
usemtl Surface_2
f 2184/2184 2182/2182 2181/2181
usemtl Surface_2
f 2183/2183 2182/2182 2184/2184
usemtl Surface_2
f 2188/2188 2186/2186 2185/2185
usemtl Surface_2
f 2187/2187 2186/2186 2188/2188
usemtl Surface_2
f 2192/2192 2190/2190 2189/2189
usemtl Surface_2
f 2191/2191 2190/2190 2192/2192
usemtl Surface_2
f 2196/2196 2194/2194 2193/2193
usemtl Surface_2
f 2195/2195 2194/2194 2196/2196
usemtl Surface_2
f 2200/2200 2198/2198 2197/2197
usemtl Surface_2
f 2199/2199 2198/2198 2200/2200
usemtl Surface_2
f 2204/2204 2202/2202 2201/2201
usemtl Surface_2
f 2203/2203 2202/2202 2204/2204
usemtl Surface_2
f 2208/2208 2206/2206 2205/2205
usemtl Surface_2
f 2207/2207 2206/2206 2208/2208
usemtl Surface_2
f 2212/2212 2210/2210 2209/2209
usemtl Surface_2
f 2211/2211 2210/2210 2212/2212
usemtl Surface_2
f 2216/2216 2214/2214 2213/2213
usemtl Surface_2
f 2215/2215 2214/2214 2216/2216
usemtl Surface_2
f 2220/2220 2218/2218 2217/2217
usemtl Surface_2
f 2219/2219 2218/2218 2220/2220
usemtl Surface_2
f 2224/2224 2222/2222 2221/2221
usemtl Surface_2
f 2223/2223 2222/2222 2224/2224
usemtl Surface_2
f 2228/2228 2226/2226 2225/2225
usemtl Surface_2
f 2227/2227 2226/2226 2228/2228
usemtl Surface_2
f 2232/2232 2230/2230 2229/2229
usemtl Surface_2
f 2231/2231 2230/2230 2232/2232
usemtl Surface_2
f 2236/2236 2234/2234 2233/2233
usemtl Surface_2
f 2235/2235 2234/2234 2236/2236
usemtl Surface_2
f 2240/2240 2238/2238 2237/2237
usemtl Surface_2
f 2239/2239 2238/2238 2240/2240
usemtl Surface_2
f 2244/2244 2242/2242 2241/2241
usemtl Surface_2
f 2243/2243 2242/2242 2244/2244
usemtl Surface_2
f 2248/2248 2246/2246 2245/2245
usemtl Surface_2
f 2247/2247 2246/2246 2248/2248
usemtl Surface_2
f 2252/2252 2250/2250 2249/2249
usemtl Surface_2
f 2251/2251 2250/2250 2252/2252
usemtl Surface_2
f 2256/2256 2254/2254 2253/2253
usemtl Surface_2
f 2255/2255 2254/2254 2256/2256
usemtl Surface_2
f 2260/2260 2258/2258 2257/2257
usemtl Surface_2
f 2259/2259 2258/2258 2260/2260
usemtl Surface_2
f 2264/2264 2262/2262 2261/2261
usemtl Surface_2
f 2263/2263 2262/2262 2264/2264
usemtl Surface_2
f 2268/2268 2266/2266 2265/2265
usemtl Surface_2
f 2267/2267 2266/2266 2268/2268
usemtl Surface_2
f 2272/2272 2270/2270 2269/2269
usemtl Surface_2
f 2271/2271 2270/2270 2272/2272
usemtl Surface_2
f 2276/2276 2274/2274 2273/2273
usemtl Surface_2
f 2275/2275 2274/2274 2276/2276
usemtl Surface_2
f 2280/2280 2278/2278 2277/2277
usemtl Surface_2
f 2279/2279 2278/2278 2280/2280
usemtl Surface_2
f 2284/2284 2282/2282 2281/2281
usemtl Surface_2
f 2283/2283 2282/2282 2284/2284
usemtl Surface_2
f 2288/2288 2286/2286 2285/2285
usemtl Surface_2
f 2287/2287 2286/2286 2288/2288
usemtl Surface_2
f 2292/2292 2290/2290 2289/2289
usemtl Surface_2
f 2291/2291 2290/2290 2292/2292
usemtl Surface_2
f 2296/2296 2294/2294 2293/2293
usemtl Surface_2
f 2295/2295 2294/2294 2296/2296
usemtl Surface_2
f 2300/2300 2298/2298 2297/2297
usemtl Surface_2
f 2299/2299 2298/2298 2300/2300
usemtl Surface_2
f 2304/2304 2302/2302 2301/2301
usemtl Surface_2
f 2303/2303 2302/2302 2304/2304
usemtl Surface_2
f 2308/2308 2306/2306 2305/2305
usemtl Surface_2
f 2307/2307 2306/2306 2308/2308
usemtl Surface_2
f 2312/2312 2310/2310 2309/2309
usemtl Surface_2
f 2311/2311 2310/2310 2312/2312
usemtl Surface_2
f 2316/2316 2314/2314 2313/2313
usemtl Surface_2
f 2315/2315 2314/2314 2316/2316
usemtl Surface_2
f 2320/2320 2318/2318 2317/2317
usemtl Surface_2
f 2319/2319 2318/2318 2320/2320
usemtl Surface_2
f 2324/2324 2322/2322 2321/2321
usemtl Surface_2
f 2323/2323 2322/2322 2324/2324
usemtl Surface_2
f 2328/2328 2326/2326 2325/2325
usemtl Surface_2
f 2327/2327 2326/2326 2328/2328
usemtl Surface_2
f 2332/2332 2330/2330 2329/2329
usemtl Surface_2
f 2331/2331 2330/2330 2332/2332
usemtl Surface_2
f 2336/2336 2334/2334 2333/2333
usemtl Surface_2
f 2335/2335 2334/2334 2336/2336
usemtl Surface_2
f 2340/2340 2338/2338 2337/2337
usemtl Surface_2
f 2339/2339 2338/2338 2340/2340
usemtl Surface_2
f 2344/2344 2342/2342 2341/2341
usemtl Surface_2
f 2343/2343 2342/2342 2344/2344
usemtl Surface_2
f 2348/2348 2346/2346 2345/2345
usemtl Surface_2
f 2347/2347 2346/2346 2348/2348
usemtl Surface_2
f 2352/2352 2350/2350 2349/2349
usemtl Surface_2
f 2351/2351 2350/2350 2352/2352
usemtl Surface_2
f 2356/2356 2354/2354 2353/2353
usemtl Surface_2
f 2355/2355 2354/2354 2356/2356
usemtl Surface_2
f 2360/2360 2358/2358 2357/2357
usemtl Surface_2
f 2359/2359 2358/2358 2360/2360
usemtl Surface_2
f 2364/2364 2362/2362 2361/2361
usemtl Surface_2
f 2363/2363 2362/2362 2364/2364
usemtl Surface_2
f 2368/2368 2366/2366 2365/2365
usemtl Surface_2
f 2367/2367 2366/2366 2368/2368
usemtl Surface_2
f 2372/2372 2370/2370 2369/2369
usemtl Surface_2
f 2371/2371 2370/2370 2372/2372
usemtl Surface_2
f 2376/2376 2374/2374 2373/2373
usemtl Surface_2
f 2375/2375 2374/2374 2376/2376
usemtl Surface_2
f 2380/2380 2378/2378 2377/2377
usemtl Surface_2
f 2379/2379 2378/2378 2380/2380
usemtl Surface_2
f 2384/2384 2382/2382 2381/2381
usemtl Surface_2
f 2383/2383 2382/2382 2384/2384
usemtl Surface_2
f 2388/2388 2386/2386 2385/2385
usemtl Surface_2
f 2387/2387 2386/2386 2388/2388
usemtl Surface_2
f 2392/2392 2390/2390 2389/2389
usemtl Surface_2
f 2391/2391 2390/2390 2392/2392
usemtl Surface_2
f 2396/2396 2394/2394 2393/2393
usemtl Surface_2
f 2395/2395 2394/2394 2396/2396
usemtl Surface_2
f 2400/2400 2398/2398 2397/2397
usemtl Surface_2
f 2399/2399 2398/2398 2400/2400
usemtl Surface_2
f 2404/2404 2402/2402 2401/2401
usemtl Surface_2
f 2403/2403 2402/2402 2404/2404
usemtl Surface_2
f 2408/2408 2406/2406 2405/2405
usemtl Surface_2
f 2407/2407 2406/2406 2408/2408
usemtl Surface_2
f 2412/2412 2410/2410 2409/2409
usemtl Surface_2
f 2411/2411 2410/2410 2412/2412
usemtl Surface_2
f 2416/2416 2414/2414 2413/2413
usemtl Surface_2
f 2415/2415 2414/2414 2416/2416
usemtl Surface_2
f 2420/2420 2418/2418 2417/2417
usemtl Surface_2
f 2419/2419 2418/2418 2420/2420
usemtl Surface_2
f 2424/2424 2422/2422 2421/2421
usemtl Surface_2
f 2423/2423 2422/2422 2424/2424
usemtl Surface_2
f 2428/2428 2426/2426 2425/2425
usemtl Surface_2
f 2427/2427 2426/2426 2428/2428
usemtl Surface_2
f 2432/2432 2430/2430 2429/2429
usemtl Surface_2
f 2431/2431 2430/2430 2432/2432
usemtl Surface_2
f 2436/2436 2434/2434 2433/2433
usemtl Surface_2
f 2435/2435 2434/2434 2436/2436
usemtl Surface_2
f 2440/2440 2438/2438 2437/2437
usemtl Surface_2
f 2439/2439 2438/2438 2440/2440
usemtl Surface_2
f 2444/2444 2442/2442 2441/2441
usemtl Surface_2
f 2443/2443 2442/2442 2444/2444
usemtl Surface_2
f 2448/2448 2446/2446 2445/2445
usemtl Surface_2
f 2447/2447 2446/2446 2448/2448
usemtl Surface_2
f 2452/2452 2450/2450 2449/2449
usemtl Surface_2
f 2451/2451 2450/2450 2452/2452
usemtl Surface_2
f 2456/2456 2454/2454 2453/2453
usemtl Surface_2
f 2455/2455 2454/2454 2456/2456
usemtl Surface_2
f 2460/2460 2458/2458 2457/2457
usemtl Surface_2
f 2459/2459 2458/2458 2460/2460
usemtl Surface_2
f 2464/2464 2462/2462 2461/2461
usemtl Surface_2
f 2463/2463 2462/2462 2464/2464
usemtl Surface_2
f 2468/2468 2466/2466 2465/2465
usemtl Surface_2
f 2467/2467 2466/2466 2468/2468
usemtl Surface_2
f 2472/2472 2470/2470 2469/2469
usemtl Surface_2
f 2471/2471 2470/2470 2472/2472
usemtl Surface_2
f 2476/2476 2474/2474 2473/2473
usemtl Surface_2
f 2475/2475 2474/2474 2476/2476
usemtl Surface_2
f 2480/2480 2478/2478 2477/2477
usemtl Surface_2
f 2479/2479 2478/2478 2480/2480
usemtl Surface_2
f 2484/2484 2482/2482 2481/2481
usemtl Surface_2
f 2483/2483 2482/2482 2484/2484
usemtl Surface_2
f 2488/2488 2486/2486 2485/2485
usemtl Surface_2
f 2487/2487 2486/2486 2488/2488
usemtl Surface_2
f 2492/2492 2490/2490 2489/2489
usemtl Surface_2
f 2491/2491 2490/2490 2492/2492
usemtl Surface_2
f 2496/2496 2494/2494 2493/2493
usemtl Surface_2
f 2495/2495 2494/2494 2496/2496
usemtl Surface_2
f 2500/2500 2498/2498 2497/2497
usemtl Surface_2
f 2499/2499 2498/2498 2500/2500
usemtl Surface_2
f 2504/2504 2502/2502 2501/2501
usemtl Surface_2
f 2503/2503 2502/2502 2504/2504
usemtl Surface_2
f 2508/2508 2506/2506 2505/2505
usemtl Surface_2
f 2507/2507 2506/2506 2508/2508
usemtl Surface_2
f 2512/2512 2510/2510 2509/2509
usemtl Surface_2
f 2511/2511 2510/2510 2512/2512
usemtl Surface_2
f 2516/2516 2514/2514 2513/2513
usemtl Surface_2
f 2515/2515 2514/2514 2516/2516
usemtl Surface_2
f 2520/2520 2518/2518 2517/2517
usemtl Surface_2
f 2519/2519 2518/2518 2520/2520
usemtl Surface_2
f 2524/2524 2522/2522 2521/2521
usemtl Surface_2
f 2523/2523 2522/2522 2524/2524
usemtl Surface_2
f 2528/2528 2526/2526 2525/2525
usemtl Surface_2
f 2527/2527 2526/2526 2528/2528
usemtl Surface_2
f 2532/2532 2530/2530 2529/2529
usemtl Surface_2
f 2531/2531 2530/2530 2532/2532
usemtl Surface_2
f 2536/2536 2534/2534 2533/2533
usemtl Surface_2
f 2535/2535 2534/2534 2536/2536
usemtl Surface_2
f 2540/2540 2538/2538 2537/2537
usemtl Surface_2
f 2539/2539 2538/2538 2540/2540
usemtl Surface_2
f 2544/2544 2542/2542 2541/2541
usemtl Surface_2
f 2543/2543 2542/2542 2544/2544
usemtl Surface_2
f 2548/2548 2546/2546 2545/2545
usemtl Surface_2
f 2547/2547 2546/2546 2548/2548
usemtl Surface_2
f 2552/2552 2550/2550 2549/2549
usemtl Surface_2
f 2551/2551 2550/2550 2552/2552
usemtl Surface_2
f 2556/2556 2554/2554 2553/2553
usemtl Surface_2
f 2555/2555 2554/2554 2556/2556
usemtl Surface_2
f 2560/2560 2558/2558 2557/2557
usemtl Surface_2
f 2559/2559 2558/2558 2560/2560
usemtl Surface_2
f 2564/2564 2562/2562 2561/2561
usemtl Surface_2
f 2563/2563 2562/2562 2564/2564
usemtl Surface_2
f 2568/2568 2566/2566 2565/2565
usemtl Surface_2
f 2567/2567 2566/2566 2568/2568
usemtl Surface_2
f 2572/2572 2570/2570 2569/2569
usemtl Surface_2
f 2571/2571 2570/2570 2572/2572
usemtl Surface_2
f 2576/2576 2574/2574 2573/2573
usemtl Surface_2
f 2575/2575 2574/2574 2576/2576
usemtl Surface_2
f 2580/2580 2578/2578 2577/2577
usemtl Surface_2
f 2579/2579 2578/2578 2580/2580
usemtl Surface_2
f 2584/2584 2582/2582 2581/2581
usemtl Surface_2
f 2583/2583 2582/2582 2584/2584
usemtl Surface_2
f 2588/2588 2586/2586 2585/2585
usemtl Surface_2
f 2587/2587 2586/2586 2588/2588
usemtl Surface_2
f 2592/2592 2590/2590 2589/2589
usemtl Surface_2
f 2591/2591 2590/2590 2592/2592
usemtl Surface_2
f 2596/2596 2594/2594 2593/2593
usemtl Surface_2
f 2595/2595 2594/2594 2596/2596
usemtl Surface_2
f 2600/2600 2598/2598 2597/2597
usemtl Surface_2
f 2599/2599 2598/2598 2600/2600
usemtl Surface_2
f 2604/2604 2602/2602 2601/2601
usemtl Surface_2
f 2603/2603 2602/2602 2604/2604
usemtl Surface_2
f 2608/2608 2606/2606 2605/2605
usemtl Surface_2
f 2607/2607 2606/2606 2608/2608
usemtl Surface_2
f 2612/2612 2610/2610 2609/2609
usemtl Surface_2
f 2611/2611 2610/2610 2612/2612
usemtl Surface_2
f 2616/2616 2614/2614 2613/2613
usemtl Surface_2
f 2615/2615 2614/2614 2616/2616
usemtl Surface_2
f 2620/2620 2618/2618 2617/2617
usemtl Surface_2
f 2619/2619 2618/2618 2620/2620
usemtl Surface_2
f 2624/2624 2622/2622 2621/2621
usemtl Surface_2
f 2623/2623 2622/2622 2624/2624
usemtl Surface_2
f 2628/2628 2626/2626 2625/2625
usemtl Surface_2
f 2627/2627 2626/2626 2628/2628
usemtl Surface_2
f 2632/2632 2630/2630 2629/2629
usemtl Surface_2
f 2631/2631 2630/2630 2632/2632
usemtl Surface_2
f 2636/2636 2634/2634 2633/2633
usemtl Surface_2
f 2635/2635 2634/2634 2636/2636
usemtl Surface_2
f 2640/2640 2638/2638 2637/2637
usemtl Surface_2
f 2639/2639 2638/2638 2640/2640
usemtl Surface_2
f 2644/2644 2642/2642 2641/2641
usemtl Surface_2
f 2643/2643 2642/2642 2644/2644
usemtl Surface_2
f 2648/2648 2646/2646 2645/2645
usemtl Surface_2
f 2647/2647 2646/2646 2648/2648
usemtl Surface_2
f 2652/2652 2650/2650 2649/2649
usemtl Surface_2
f 2651/2651 2650/2650 2652/2652
usemtl Surface_2
f 2656/2656 2654/2654 2653/2653
usemtl Surface_2
f 2655/2655 2654/2654 2656/2656
usemtl Surface_2
f 2660/2660 2658/2658 2657/2657
usemtl Surface_2
f 2659/2659 2658/2658 2660/2660
usemtl Surface_2
f 2664/2664 2662/2662 2661/2661
usemtl Surface_2
f 2663/2663 2662/2662 2664/2664
usemtl Surface_2
f 2668/2668 2666/2666 2665/2665
usemtl Surface_2
f 2667/2667 2666/2666 2668/2668
usemtl Surface_2
f 2672/2672 2670/2670 2669/2669
usemtl Surface_2
f 2671/2671 2670/2670 2672/2672
usemtl Surface_2
f 2676/2676 2674/2674 2673/2673
usemtl Surface_2
f 2675/2675 2674/2674 2676/2676
usemtl Surface_2
f 2680/2680 2678/2678 2677/2677
usemtl Surface_2
f 2679/2679 2678/2678 2680/2680
usemtl Surface_2
f 2684/2684 2682/2682 2681/2681
usemtl Surface_2
f 2683/2683 2682/2682 2684/2684
usemtl Surface_2
f 2688/2688 2686/2686 2685/2685
usemtl Surface_2
f 2687/2687 2686/2686 2688/2688
usemtl Surface_2
f 2692/2692 2690/2690 2689/2689
usemtl Surface_2
f 2691/2691 2690/2690 2692/2692
usemtl Surface_2
f 2696/2696 2694/2694 2693/2693
usemtl Surface_2
f 2695/2695 2694/2694 2696/2696
usemtl Surface_2
f 2700/2700 2698/2698 2697/2697
usemtl Surface_2
f 2699/2699 2698/2698 2700/2700
usemtl Surface_2
f 2704/2704 2702/2702 2701/2701
usemtl Surface_2
f 2703/2703 2702/2702 2704/2704
usemtl Surface_2
f 2708/2708 2706/2706 2705/2705
usemtl Surface_2
f 2707/2707 2706/2706 2708/2708
usemtl Surface_2
f 2712/2712 2710/2710 2709/2709
usemtl Surface_2
f 2711/2711 2710/2710 2712/2712
usemtl Surface_2
f 2716/2716 2714/2714 2713/2713
usemtl Surface_2
f 2715/2715 2714/2714 2716/2716
usemtl Surface_2
f 2720/2720 2718/2718 2717/2717
usemtl Surface_2
f 2719/2719 2718/2718 2720/2720
usemtl Surface_2
f 2724/2724 2722/2722 2721/2721
usemtl Surface_2
f 2723/2723 2722/2722 2724/2724
usemtl Surface_2
f 2728/2728 2726/2726 2725/2725
usemtl Surface_2
f 2727/2727 2726/2726 2728/2728
usemtl Surface_2
f 2732/2732 2730/2730 2729/2729
usemtl Surface_2
f 2731/2731 2730/2730 2732/2732
usemtl Surface_2
f 2736/2736 2734/2734 2733/2733
usemtl Surface_2
f 2735/2735 2734/2734 2736/2736
usemtl Surface_2
f 2740/2740 2738/2738 2737/2737
usemtl Surface_2
f 2739/2739 2738/2738 2740/2740
usemtl Surface_2
f 2744/2744 2742/2742 2741/2741
usemtl Surface_2
f 2743/2743 2742/2742 2744/2744
usemtl Surface_2
f 2748/2748 2746/2746 2745/2745
usemtl Surface_2
f 2747/2747 2746/2746 2748/2748
usemtl Surface_2
f 2752/2752 2750/2750 2749/2749
usemtl Surface_2
f 2751/2751 2750/2750 2752/2752
usemtl Surface_2
f 2756/2756 2754/2754 2753/2753
usemtl Surface_2
f 2755/2755 2754/2754 2756/2756
usemtl Surface_2
f 2760/2760 2758/2758 2757/2757
usemtl Surface_2
f 2759/2759 2758/2758 2760/2760
usemtl Surface_2
f 2764/2764 2762/2762 2761/2761
usemtl Surface_2
f 2763/2763 2762/2762 2764/2764
usemtl Surface_2
f 2768/2768 2766/2766 2765/2765
usemtl Surface_2
f 2767/2767 2766/2766 2768/2768
usemtl Surface_2
f 2772/2772 2770/2770 2769/2769
usemtl Surface_2
f 2771/2771 2770/2770 2772/2772
usemtl Surface_2
f 2776/2776 2774/2774 2773/2773
usemtl Surface_2
f 2775/2775 2774/2774 2776/2776
usemtl Surface_2
f 2780/2780 2778/2778 2777/2777
usemtl Surface_2
f 2779/2779 2778/2778 2780/2780
usemtl Surface_2
f 2784/2784 2782/2782 2781/2781
usemtl Surface_2
f 2783/2783 2782/2782 2784/2784
usemtl Surface_2
f 2788/2788 2786/2786 2785/2785
usemtl Surface_2
f 2787/2787 2786/2786 2788/2788
usemtl Surface_2
f 2792/2792 2790/2790 2789/2789
usemtl Surface_2
f 2791/2791 2790/2790 2792/2792
usemtl Surface_2
f 2796/2796 2794/2794 2793/2793
usemtl Surface_2
f 2795/2795 2794/2794 2796/2796
usemtl Surface_2
f 2800/2800 2798/2798 2797/2797
usemtl Surface_2
f 2799/2799 2798/2798 2800/2800
usemtl Surface_2
f 2804/2804 2802/2802 2801/2801
usemtl Surface_2
f 2803/2803 2802/2802 2804/2804
usemtl Surface_2
f 2808/2808 2806/2806 2805/2805
usemtl Surface_2
f 2807/2807 2806/2806 2808/2808
usemtl Surface_2
f 2812/2812 2810/2810 2809/2809
usemtl Surface_2
f 2811/2811 2810/2810 2812/2812
usemtl Surface_2
f 2816/2816 2814/2814 2813/2813
usemtl Surface_2
f 2815/2815 2814/2814 2816/2816
usemtl Surface_2
f 2820/2820 2818/2818 2817/2817
usemtl Surface_2
f 2819/2819 2818/2818 2820/2820
usemtl Surface_2
f 2824/2824 2822/2822 2821/2821
usemtl Surface_2
f 2823/2823 2822/2822 2824/2824
usemtl Surface_2
f 2828/2828 2826/2826 2825/2825
usemtl Surface_2
f 2827/2827 2826/2826 2828/2828
usemtl Surface_2
f 2832/2832 2830/2830 2829/2829
usemtl Surface_2
f 2831/2831 2830/2830 2832/2832
usemtl Surface_2
f 2836/2836 2834/2834 2833/2833
usemtl Surface_2
f 2835/2835 2834/2834 2836/2836
usemtl Surface_2
f 2840/2840 2838/2838 2837/2837
usemtl Surface_2
f 2839/2839 2838/2838 2840/2840
usemtl Surface_2
f 2844/2844 2842/2842 2841/2841
usemtl Surface_2
f 2843/2843 2842/2842 2844/2844
usemtl Surface_2
f 2848/2848 2846/2846 2845/2845
usemtl Surface_2
f 2847/2847 2846/2846 2848/2848
usemtl Surface_2
f 2852/2852 2850/2850 2849/2849
usemtl Surface_2
f 2851/2851 2850/2850 2852/2852
usemtl Surface_2
f 2856/2856 2854/2854 2853/2853
usemtl Surface_2
f 2855/2855 2854/2854 2856/2856
usemtl Surface_2
f 2860/2860 2858/2858 2857/2857
usemtl Surface_2
f 2859/2859 2858/2858 2860/2860
usemtl Surface_2
f 2864/2864 2862/2862 2861/2861
usemtl Surface_2
f 2863/2863 2862/2862 2864/2864
usemtl Surface_2
f 2868/2868 2866/2866 2865/2865
usemtl Surface_2
f 2867/2867 2866/2866 2868/2868
usemtl Surface_2
f 2872/2872 2870/2870 2869/2869
usemtl Surface_2
f 2871/2871 2870/2870 2872/2872
usemtl Surface_2
f 2876/2876 2874/2874 2873/2873
usemtl Surface_2
f 2875/2875 2874/2874 2876/2876
usemtl Surface_2
f 2880/2880 2878/2878 2877/2877
usemtl Surface_2
f 2879/2879 2878/2878 2880/2880
usemtl Surface_2
f 2884/2884 2882/2882 2881/2881
usemtl Surface_2
f 2883/2883 2882/2882 2884/2884
usemtl Surface_2
f 2888/2888 2886/2886 2885/2885
usemtl Surface_2
f 2887/2887 2886/2886 2888/2888
usemtl Surface_2
f 2892/2892 2890/2890 2889/2889
usemtl Surface_2
f 2891/2891 2890/2890 2892/2892
usemtl Surface_2
f 2896/2896 2894/2894 2893/2893
usemtl Surface_2
f 2895/2895 2894/2894 2896/2896
usemtl Surface_2
f 2900/2900 2898/2898 2897/2897
usemtl Surface_2
f 2899/2899 2898/2898 2900/2900
usemtl Surface_2
f 2904/2904 2902/2902 2901/2901
usemtl Surface_2
f 2903/2903 2902/2902 2904/2904
usemtl Surface_2
f 2908/2908 2906/2906 2905/2905
usemtl Surface_2
f 2907/2907 2906/2906 2908/2908
usemtl Surface_2
f 2912/2912 2910/2910 2909/2909
usemtl Surface_2
f 2911/2911 2910/2910 2912/2912
usemtl Surface_2
f 2916/2916 2914/2914 2913/2913
usemtl Surface_2
f 2915/2915 2914/2914 2916/2916
usemtl Surface_2
f 2920/2920 2918/2918 2917/2917
usemtl Surface_2
f 2919/2919 2918/2918 2920/2920
usemtl Surface_2
f 2924/2924 2922/2922 2921/2921
usemtl Surface_2
f 2923/2923 2922/2922 2924/2924
usemtl Surface_2
f 2928/2928 2926/2926 2925/2925
usemtl Surface_2
f 2927/2927 2926/2926 2928/2928
usemtl Surface_2
f 2932/2932 2930/2930 2929/2929
usemtl Surface_2
f 2931/2931 2930/2930 2932/2932
usemtl Surface_2
f 2936/2936 2934/2934 2933/2933
usemtl Surface_2
f 2935/2935 2934/2934 2936/2936
usemtl Surface_2
f 2940/2940 2938/2938 2937/2937
usemtl Surface_2
f 2939/2939 2938/2938 2940/2940
usemtl Surface_2
f 2944/2944 2942/2942 2941/2941
usemtl Surface_2
f 2943/2943 2942/2942 2944/2944
usemtl Surface_2
f 2948/2948 2946/2946 2945/2945
usemtl Surface_2
f 2947/2947 2946/2946 2948/2948
usemtl Surface_2
f 2952/2952 2950/2950 2949/2949
usemtl Surface_2
f 2951/2951 2950/2950 2952/2952
usemtl Surface_2
f 2956/2956 2954/2954 2953/2953
usemtl Surface_2
f 2955/2955 2954/2954 2956/2956
usemtl Surface_2
f 2960/2960 2958/2958 2957/2957
usemtl Surface_2
f 2959/2959 2958/2958 2960/2960
usemtl Surface_2
f 2964/2964 2962/2962 2961/2961
usemtl Surface_2
f 2963/2963 2962/2962 2964/2964
usemtl Surface_2
f 2968/2968 2966/2966 2965/2965
usemtl Surface_2
f 2967/2967 2966/2966 2968/2968
usemtl Surface_2
f 2972/2972 2970/2970 2969/2969
usemtl Surface_2
f 2971/2971 2970/2970 2972/2972
usemtl Surface_2
f 2976/2976 2974/2974 2973/2973
usemtl Surface_2
f 2975/2975 2974/2974 2976/2976
usemtl Surface_2
f 2980/2980 2978/2978 2977/2977
usemtl Surface_2
f 2979/2979 2978/2978 2980/2980
usemtl Surface_2
f 2984/2984 2982/2982 2981/2981
usemtl Surface_2
f 2983/2983 2982/2982 2984/2984
usemtl Surface_2
f 2988/2988 2986/2986 2985/2985
usemtl Surface_2
f 2987/2987 2986/2986 2988/2988
usemtl Surface_2
f 2992/2992 2990/2990 2989/2989
usemtl Surface_2
f 2991/2991 2990/2990 2992/2992
usemtl Surface_2
f 2996/2996 2994/2994 2993/2993
usemtl Surface_2
f 2995/2995 2994/2994 2996/2996
usemtl Surface_2
f 3000/3000 2998/2998 2997/2997
usemtl Surface_2
f 2999/2999 2998/2998 3000/3000
usemtl Surface_2
f 3004/3004 3002/3002 3001/3001
usemtl Surface_2
f 3003/3003 3002/3002 3004/3004
usemtl Surface_2
f 3008/3008 3006/3006 3005/3005
usemtl Surface_2
f 3007/3007 3006/3006 3008/3008
usemtl Surface_2
f 3012/3012 3010/3010 3009/3009
usemtl Surface_2
f 3011/3011 3010/3010 3012/3012
usemtl Surface_2
f 3016/3016 3014/3014 3013/3013
usemtl Surface_2
f 3015/3015 3014/3014 3016/3016
usemtl Surface_2
f 3020/3020 3018/3018 3017/3017
usemtl Surface_2
f 3019/3019 3018/3018 3020/3020
usemtl Surface_2
f 3024/3024 3022/3022 3021/3021
usemtl Surface_2
f 3023/3023 3022/3022 3024/3024
usemtl Surface_2
f 3028/3028 3026/3026 3025/3025
usemtl Surface_2
f 3027/3027 3026/3026 3028/3028
usemtl Surface_2
f 3032/3032 3030/3030 3029/3029
usemtl Surface_2
f 3031/3031 3030/3030 3032/3032
usemtl Surface_2
f 3036/3036 3034/3034 3033/3033
usemtl Surface_2
f 3035/3035 3034/3034 3036/3036
usemtl Surface_2
f 3040/3040 3038/3038 3037/3037
usemtl Surface_2
f 3039/3039 3038/3038 3040/3040
usemtl Surface_2
f 3044/3044 3042/3042 3041/3041
usemtl Surface_2
f 3043/3043 3042/3042 3044/3044
usemtl Surface_2
f 3048/3048 3046/3046 3045/3045
usemtl Surface_2
f 3047/3047 3046/3046 3048/3048
usemtl Surface_2
f 3052/3052 3050/3050 3049/3049
usemtl Surface_2
f 3051/3051 3050/3050 3052/3052
usemtl Surface_2
f 3056/3056 3054/3054 3053/3053
usemtl Surface_2
f 3055/3055 3054/3054 3056/3056
usemtl Surface_2
f 3060/3060 3058/3058 3057/3057
usemtl Surface_2
f 3059/3059 3058/3058 3060/3060
usemtl Surface_2
f 3064/3064 3062/3062 3061/3061
usemtl Surface_2
f 3063/3063 3062/3062 3064/3064
usemtl Surface_2
f 3068/3068 3066/3066 3065/3065
usemtl Surface_2
f 3067/3067 3066/3066 3068/3068
usemtl Surface_2
f 3072/3072 3070/3070 3069/3069
usemtl Surface_2
f 3071/3071 3070/3070 3072/3072
usemtl Surface_2
f 3076/3076 3074/3074 3073/3073
usemtl Surface_2
f 3075/3075 3074/3074 3076/3076
usemtl Surface_2
f 3080/3080 3078/3078 3077/3077
usemtl Surface_2
f 3079/3079 3078/3078 3080/3080
usemtl Surface_2
f 3084/3084 3082/3082 3081/3081
usemtl Surface_2
f 3083/3083 3082/3082 3084/3084
usemtl Surface_2
f 3088/3088 3086/3086 3085/3085
usemtl Surface_2
f 3087/3087 3086/3086 3088/3088
usemtl Surface_2
f 3092/3092 3090/3090 3089/3089
usemtl Surface_2
f 3091/3091 3090/3090 3092/3092
usemtl Surface_2
f 3096/3096 3094/3094 3093/3093
usemtl Surface_2
f 3095/3095 3094/3094 3096/3096
usemtl Surface_2
f 3100/3100 3098/3098 3097/3097
usemtl Surface_2
f 3099/3099 3098/3098 3100/3100
usemtl Surface_2
f 3104/3104 3102/3102 3101/3101
usemtl Surface_2
f 3103/3103 3102/3102 3104/3104
usemtl Surface_2
f 3108/3108 3106/3106 3105/3105
usemtl Surface_2
f 3107/3107 3106/3106 3108/3108
usemtl Surface_2
f 3112/3112 3110/3110 3109/3109
usemtl Surface_2
f 3111/3111 3110/3110 3112/3112
usemtl Surface_2
f 3116/3116 3114/3114 3113/3113
usemtl Surface_2
f 3115/3115 3114/3114 3116/3116
usemtl Surface_2
f 3120/3120 3118/3118 3117/3117
usemtl Surface_2
f 3119/3119 3118/3118 3120/3120
usemtl Surface_2
f 3124/3124 3122/3122 3121/3121
usemtl Surface_2
f 3123/3123 3122/3122 3124/3124
usemtl Surface_2
f 3128/3128 3126/3126 3125/3125
usemtl Surface_2
f 3127/3127 3126/3126 3128/3128
usemtl Surface_2
f 3132/3132 3130/3130 3129/3129
usemtl Surface_2
f 3131/3131 3130/3130 3132/3132
usemtl Surface_2
f 3136/3136 3134/3134 3133/3133
usemtl Surface_2
f 3135/3135 3134/3134 3136/3136
usemtl Surface_2
f 3140/3140 3138/3138 3137/3137
usemtl Surface_2
f 3139/3139 3138/3138 3140/3140
usemtl Surface_2
f 3144/3144 3142/3142 3141/3141
usemtl Surface_2
f 3143/3143 3142/3142 3144/3144
usemtl Surface_2
f 3148/3148 3146/3146 3145/3145
usemtl Surface_2
f 3147/3147 3146/3146 3148/3148
usemtl Surface_2
f 3152/3152 3150/3150 3149/3149
usemtl Surface_2
f 3151/3151 3150/3150 3152/3152
usemtl Surface_2
f 3156/3156 3154/3154 3153/3153
usemtl Surface_2
f 3155/3155 3154/3154 3156/3156
usemtl Surface_2
f 3160/3160 3158/3158 3157/3157
usemtl Surface_2
f 3159/3159 3158/3158 3160/3160
usemtl Surface_2
f 3164/3164 3162/3162 3161/3161
usemtl Surface_2
f 3163/3163 3162/3162 3164/3164
usemtl Surface_2
f 3168/3168 3166/3166 3165/3165
usemtl Surface_2
f 3167/3167 3166/3166 3168/3168
usemtl Surface_2
f 3172/3172 3170/3170 3169/3169
usemtl Surface_2
f 3171/3171 3170/3170 3172/3172
usemtl Surface_2
f 3176/3176 3174/3174 3173/3173
usemtl Surface_2
f 3175/3175 3174/3174 3176/3176
usemtl Surface_2
f 3180/3180 3178/3178 3177/3177
usemtl Surface_2
f 3179/3179 3178/3178 3180/3180
usemtl Surface_2
f 3184/3184 3182/3182 3181/3181
usemtl Surface_2
f 3183/3183 3182/3182 3184/3184
usemtl Surface_2
f 3188/3188 3186/3186 3185/3185
usemtl Surface_2
f 3187/3187 3186/3186 3188/3188
usemtl Surface_2
f 3192/3192 3190/3190 3189/3189
usemtl Surface_2
f 3191/3191 3190/3190 3192/3192
usemtl Surface_2
f 3196/3196 3194/3194 3193/3193
usemtl Surface_2
f 3195/3195 3194/3194 3196/3196
usemtl Surface_2
f 3200/3200 3198/3198 3197/3197
usemtl Surface_2
f 3199/3199 3198/3198 3200/3200
usemtl Surface_2
f 3204/3204 3202/3202 3201/3201
usemtl Surface_2
f 3203/3203 3202/3202 3204/3204
usemtl Surface_2
f 3208/3208 3206/3206 3205/3205
usemtl Surface_2
f 3207/3207 3206/3206 3208/3208
usemtl Surface_2
f 3212/3212 3210/3210 3209/3209
usemtl Surface_2
f 3211/3211 3210/3210 3212/3212
usemtl Surface_2
f 3216/3216 3214/3214 3213/3213
usemtl Surface_2
f 3215/3215 3214/3214 3216/3216
usemtl Surface_2
f 3220/3220 3218/3218 3217/3217
usemtl Surface_2
f 3219/3219 3218/3218 3220/3220
usemtl Surface_2
f 3224/3224 3222/3222 3221/3221
usemtl Surface_2
f 3223/3223 3222/3222 3224/3224
usemtl Surface_2
f 3228/3228 3226/3226 3225/3225
usemtl Surface_2
f 3227/3227 3226/3226 3228/3228
usemtl Surface_2
f 3232/3232 3230/3230 3229/3229
usemtl Surface_2
f 3231/3231 3230/3230 3232/3232
usemtl Surface_2
f 3236/3236 3234/3234 3233/3233
usemtl Surface_2
f 3235/3235 3234/3234 3236/3236
usemtl Surface_2
f 3240/3240 3238/3238 3237/3237
usemtl Surface_2
f 3239/3239 3238/3238 3240/3240
usemtl Surface_2
f 3244/3244 3242/3242 3241/3241
usemtl Surface_2
f 3243/3243 3242/3242 3244/3244
usemtl Surface_2
f 3248/3248 3246/3246 3245/3245
usemtl Surface_2
f 3247/3247 3246/3246 3248/3248
usemtl Surface_2
f 3252/3252 3250/3250 3249/3249
usemtl Surface_2
f 3251/3251 3250/3250 3252/3252
usemtl Surface_2
f 3256/3256 3254/3254 3253/3253
usemtl Surface_2
f 3255/3255 3254/3254 3256/3256
usemtl Surface_2
f 3260/3260 3258/3258 3257/3257
usemtl Surface_2
f 3259/3259 3258/3258 3260/3260
usemtl Surface_2
f 3264/3264 3262/3262 3261/3261
usemtl Surface_2
f 3263/3263 3262/3262 3264/3264
usemtl Surface_2
f 3268/3268 3266/3266 3265/3265
usemtl Surface_2
f 3267/3267 3266/3266 3268/3268
usemtl Surface_2
f 3272/3272 3270/3270 3269/3269
usemtl Surface_2
f 3271/3271 3270/3270 3272/3272
usemtl Surface_2
f 3276/3276 3274/3274 3273/3273
usemtl Surface_2
f 3275/3275 3274/3274 3276/3276
usemtl Surface_2
f 3280/3280 3278/3278 3277/3277
usemtl Surface_2
f 3279/3279 3278/3278 3280/3280
usemtl Surface_2
f 3284/3284 3282/3282 3281/3281
usemtl Surface_2
f 3283/3283 3282/3282 3284/3284
usemtl Surface_2
f 3288/3288 3286/3286 3285/3285
usemtl Surface_2
f 3287/3287 3286/3286 3288/3288
usemtl Surface_2
f 3292/3292 3290/3290 3289/3289
usemtl Surface_2
f 3291/3291 3290/3290 3292/3292
usemtl Surface_2
f 3296/3296 3294/3294 3293/3293
usemtl Surface_2
f 3295/3295 3294/3294 3296/3296
usemtl Surface_2
f 3300/3300 3298/3298 3297/3297
usemtl Surface_2
f 3299/3299 3298/3298 3300/3300
usemtl Surface_2
f 3304/3304 3302/3302 3301/3301
usemtl Surface_2
f 3303/3303 3302/3302 3304/3304
usemtl Surface_2
f 3308/3308 3306/3306 3305/3305
usemtl Surface_2
f 3307/3307 3306/3306 3308/3308
usemtl Surface_2
f 3312/3312 3310/3310 3309/3309
usemtl Surface_2
f 3311/3311 3310/3310 3312/3312
usemtl Surface_2
f 3316/3316 3314/3314 3313/3313
usemtl Surface_2
f 3315/3315 3314/3314 3316/3316
usemtl Surface_2
f 3320/3320 3318/3318 3317/3317
usemtl Surface_2
f 3319/3319 3318/3318 3320/3320
usemtl Surface_2
f 3324/3324 3322/3322 3321/3321
usemtl Surface_2
f 3323/3323 3322/3322 3324/3324
usemtl Surface_2
f 3328/3328 3326/3326 3325/3325
usemtl Surface_2
f 3327/3327 3326/3326 3328/3328
usemtl Surface_2
f 3332/3332 3330/3330 3329/3329
usemtl Surface_2
f 3331/3331 3330/3330 3332/3332
usemtl Surface_2
f 3336/3336 3334/3334 3333/3333
usemtl Surface_2
f 3335/3335 3334/3334 3336/3336
usemtl Surface_2
f 3340/3340 3338/3338 3337/3337
usemtl Surface_2
f 3339/3339 3338/3338 3340/3340
usemtl Surface_2
f 3344/3344 3342/3342 3341/3341
usemtl Surface_2
f 3343/3343 3342/3342 3344/3344
usemtl Surface_2
f 3348/3348 3346/3346 3345/3345
usemtl Surface_2
f 3347/3347 3346/3346 3348/3348
usemtl Surface_2
f 3352/3352 3350/3350 3349/3349
usemtl Surface_2
f 3351/3351 3350/3350 3352/3352
usemtl Surface_2
f 3356/3356 3354/3354 3353/3353
usemtl Surface_2
f 3355/3355 3354/3354 3356/3356
usemtl Surface_2
f 3360/3360 3358/3358 3357/3357
usemtl Surface_2
f 3359/3359 3358/3358 3360/3360
usemtl Surface_2
f 3364/3364 3362/3362 3361/3361
usemtl Surface_2
f 3363/3363 3362/3362 3364/3364
usemtl Surface_2
f 3368/3368 3366/3366 3365/3365
usemtl Surface_2
f 3367/3367 3366/3366 3368/3368
usemtl Surface_2
f 3372/3372 3370/3370 3369/3369
usemtl Surface_2
f 3371/3371 3370/3370 3372/3372
usemtl Surface_2
f 3376/3376 3374/3374 3373/3373
usemtl Surface_2
f 3375/3375 3374/3374 3376/3376
usemtl Surface_2
f 3380/3380 3378/3378 3377/3377
usemtl Surface_2
f 3379/3379 3378/3378 3380/3380
usemtl Surface_2
f 3384/3384 3382/3382 3381/3381
usemtl Surface_2
f 3383/3383 3382/3382 3384/3384
usemtl Surface_2
f 3388/3388 3386/3386 3385/3385
usemtl Surface_2
f 3387/3387 3386/3386 3388/3388
usemtl Surface_2
f 3392/3392 3390/3390 3389/3389
usemtl Surface_2
f 3391/3391 3390/3390 3392/3392
usemtl Surface_2
f 3396/3396 3394/3394 3393/3393
usemtl Surface_2
f 3395/3395 3394/3394 3396/3396
usemtl Surface_2
f 3400/3400 3398/3398 3397/3397
usemtl Surface_2
f 3399/3399 3398/3398 3400/3400
usemtl Surface_2
f 3404/3404 3402/3402 3401/3401
usemtl Surface_2
f 3403/3403 3402/3402 3404/3404
usemtl Surface_2
f 3408/3408 3406/3406 3405/3405
usemtl Surface_2
f 3407/3407 3406/3406 3408/3408
usemtl Surface_2
f 3412/3412 3410/3410 3409/3409
usemtl Surface_2
f 3411/3411 3410/3410 3412/3412
usemtl Surface_2
f 3416/3416 3414/3414 3413/3413
usemtl Surface_2
f 3415/3415 3414/3414 3416/3416
usemtl Surface_2
f 3420/3420 3418/3418 3417/3417
usemtl Surface_2
f 3419/3419 3418/3418 3420/3420
usemtl Surface_2
f 3424/3424 3422/3422 3421/3421
usemtl Surface_2
f 3423/3423 3422/3422 3424/3424
usemtl Surface_2
f 3428/3428 3426/3426 3425/3425
usemtl Surface_2
f 3427/3427 3426/3426 3428/3428
usemtl Surface_2
f 3432/3432 3430/3430 3429/3429
usemtl Surface_2
f 3431/3431 3430/3430 3432/3432
usemtl Surface_2
f 3436/3436 3434/3434 3433/3433
usemtl Surface_2
f 3435/3435 3434/3434 3436/3436
usemtl Surface_2
f 3440/3440 3438/3438 3437/3437
usemtl Surface_2
f 3439/3439 3438/3438 3440/3440
usemtl Surface_2
f 3444/3444 3442/3442 3441/3441
usemtl Surface_2
f 3443/3443 3442/3442 3444/3444
usemtl Surface_2
f 3448/3448 3446/3446 3445/3445
usemtl Surface_2
f 3447/3447 3446/3446 3448/3448
usemtl Surface_2
f 3452/3452 3450/3450 3449/3449
usemtl Surface_2
f 3451/3451 3450/3450 3452/3452
usemtl Surface_2
f 3456/3456 3454/3454 3453/3453
usemtl Surface_2
f 3455/3455 3454/3454 3456/3456
usemtl Surface_2
f 3460/3460 3458/3458 3457/3457
usemtl Surface_2
f 3459/3459 3458/3458 3460/3460
usemtl Surface_2
f 3464/3464 3462/3462 3461/3461
usemtl Surface_2
f 3463/3463 3462/3462 3464/3464
usemtl Surface_2
f 3468/3468 3466/3466 3465/3465
usemtl Surface_2
f 3467/3467 3466/3466 3468/3468
usemtl Surface_2
f 3472/3472 3470/3470 3469/3469
usemtl Surface_2
f 3471/3471 3470/3470 3472/3472
usemtl Surface_2
f 3476/3476 3474/3474 3473/3473
usemtl Surface_2
f 3475/3475 3474/3474 3476/3476
usemtl Surface_2
f 3480/3480 3478/3478 3477/3477
usemtl Surface_2
f 3479/3479 3478/3478 3480/3480
usemtl Surface_2
f 3484/3484 3482/3482 3481/3481
usemtl Surface_2
f 3483/3483 3482/3482 3484/3484
usemtl Surface_2
f 3488/3488 3486/3486 3485/3485
usemtl Surface_2
f 3487/3487 3486/3486 3488/3488
usemtl Surface_2
f 3492/3492 3490/3490 3489/3489
usemtl Surface_2
f 3491/3491 3490/3490 3492/3492
usemtl Surface_2
f 3496/3496 3494/3494 3493/3493
usemtl Surface_2
f 3495/3495 3494/3494 3496/3496
usemtl Surface_2
f 3500/3500 3498/3498 3497/3497
usemtl Surface_2
f 3499/3499 3498/3498 3500/3500
usemtl Surface_2
f 3504/3504 3502/3502 3501/3501
usemtl Surface_2
f 3503/3503 3502/3502 3504/3504
usemtl Surface_2
f 3508/3508 3506/3506 3505/3505
usemtl Surface_2
f 3507/3507 3506/3506 3508/3508
usemtl Surface_2
f 3512/3512 3510/3510 3509/3509
usemtl Surface_2
f 3511/3511 3510/3510 3512/3512
usemtl Surface_2
f 3516/3516 3514/3514 3513/3513
usemtl Surface_2
f 3515/3515 3514/3514 3516/3516
usemtl Surface_2
f 3520/3520 3518/3518 3517/3517
usemtl Surface_2
f 3519/3519 3518/3518 3520/3520
usemtl Surface_2
f 3524/3524 3522/3522 3521/3521
usemtl Surface_2
f 3523/3523 3522/3522 3524/3524
usemtl Surface_2
f 3528/3528 3526/3526 3525/3525
usemtl Surface_2
f 3527/3527 3526/3526 3528/3528
usemtl Surface_2
f 3532/3532 3530/3530 3529/3529
usemtl Surface_2
f 3531/3531 3530/3530 3532/3532
usemtl Surface_2
f 3536/3536 3534/3534 3533/3533
usemtl Surface_2
f 3535/3535 3534/3534 3536/3536
usemtl Surface_2
f 3540/3540 3538/3538 3537/3537
usemtl Surface_2
f 3539/3539 3538/3538 3540/3540
usemtl Surface_2
f 3544/3544 3542/3542 3541/3541
usemtl Surface_2
f 3543/3543 3542/3542 3544/3544
usemtl Surface_2
f 3548/3548 3546/3546 3545/3545
usemtl Surface_2
f 3547/3547 3546/3546 3548/3548
usemtl Surface_2
f 3552/3552 3550/3550 3549/3549
usemtl Surface_2
f 3551/3551 3550/3550 3552/3552
usemtl Surface_2
f 3556/3556 3554/3554 3553/3553
usemtl Surface_2
f 3555/3555 3554/3554 3556/3556
usemtl Surface_2
f 3560/3560 3558/3558 3557/3557
usemtl Surface_2
f 3559/3559 3558/3558 3560/3560
usemtl Surface_2
f 3564/3564 3562/3562 3561/3561
usemtl Surface_2
f 3563/3563 3562/3562 3564/3564
usemtl Surface_2
f 3568/3568 3566/3566 3565/3565
usemtl Surface_2
f 3567/3567 3566/3566 3568/3568
usemtl Surface_2
f 3572/3572 3570/3570 3569/3569
usemtl Surface_2
f 3571/3571 3570/3570 3572/3572
usemtl Surface_2
f 3576/3576 3574/3574 3573/3573
usemtl Surface_2
f 3575/3575 3574/3574 3576/3576
usemtl Surface_2
f 3580/3580 3578/3578 3577/3577
usemtl Surface_2
f 3579/3579 3578/3578 3580/3580
usemtl Surface_2
f 3584/3584 3582/3582 3581/3581
usemtl Surface_2
f 3583/3583 3582/3582 3584/3584
usemtl Surface_2
f 3588/3588 3586/3586 3585/3585
usemtl Surface_2
f 3587/3587 3586/3586 3588/3588
usemtl Surface_2
f 3592/3592 3590/3590 3589/3589
usemtl Surface_2
f 3591/3591 3590/3590 3592/3592
usemtl Surface_2
f 3596/3596 3594/3594 3593/3593
usemtl Surface_2
f 3595/3595 3594/3594 3596/3596
usemtl Surface_2
f 3600/3600 3598/3598 3597/3597
usemtl Surface_2
f 3599/3599 3598/3598 3600/3600
usemtl Surface_2
f 3604/3604 3602/3602 3601/3601
usemtl Surface_2
f 3603/3603 3602/3602 3604/3604
usemtl Surface_2
f 3608/3608 3606/3606 3605/3605
usemtl Surface_2
f 3607/3607 3606/3606 3608/3608
usemtl Surface_2
f 3612/3612 3610/3610 3609/3609
usemtl Surface_2
f 3611/3611 3610/3610 3612/3612
usemtl Surface_2
f 3616/3616 3614/3614 3613/3613
usemtl Surface_2
f 3615/3615 3614/3614 3616/3616
usemtl Surface_2
f 3620/3620 3618/3618 3617/3617
usemtl Surface_2
f 3619/3619 3618/3618 3620/3620
usemtl Surface_2
f 3624/3624 3622/3622 3621/3621
usemtl Surface_2
f 3623/3623 3622/3622 3624/3624
usemtl Surface_4
f 3628/3628 3626/3626 3625/3625
usemtl Surface_4
f 3627/3627 3626/3626 3628/3628
usemtl Surface_4
f 3632/3632 3630/3630 3629/3629
usemtl Surface_4
f 3631/3631 3630/3630 3632/3632
usemtl Surface_4
f 3636/3636 3634/3634 3633/3633
usemtl Surface_4
f 3635/3635 3634/3634 3636/3636
usemtl Surface_4
f 3640/3640 3638/3638 3637/3637
usemtl Surface_4
f 3639/3639 3638/3638 3640/3640
usemtl Surface_4
f 3644/3644 3642/3642 3641/3641
usemtl Surface_4
f 3643/3643 3642/3642 3644/3644
usemtl Surface_4
f 3648/3648 3646/3646 3645/3645
usemtl Surface_4
f 3647/3647 3646/3646 3648/3648
usemtl Surface_4
f 3652/3652 3650/3650 3649/3649
usemtl Surface_4
f 3651/3651 3650/3650 3652/3652
usemtl Surface_4
f 3656/3656 3654/3654 3653/3653
usemtl Surface_4
f 3655/3655 3654/3654 3656/3656
usemtl Surface_4
f 3660/3660 3658/3658 3657/3657
usemtl Surface_4
f 3659/3659 3658/3658 3660/3660
usemtl Surface_4
f 3664/3664 3662/3662 3661/3661
usemtl Surface_4
f 3663/3663 3662/3662 3664/3664
usemtl Surface_4
f 3668/3668 3666/3666 3665/3665
usemtl Surface_4
f 3667/3667 3666/3666 3668/3668
usemtl Surface_4
f 3672/3672 3670/3670 3669/3669
usemtl Surface_4
f 3671/3671 3670/3670 3672/3672
usemtl Surface_4
f 3676/3676 3674/3674 3673/3673
usemtl Surface_4
f 3675/3675 3674/3674 3676/3676
usemtl Surface_4
f 3680/3680 3678/3678 3677/3677
usemtl Surface_4
f 3679/3679 3678/3678 3680/3680
usemtl Surface_4
f 3684/3684 3682/3682 3681/3681
usemtl Surface_4
f 3683/3683 3682/3682 3684/3684
usemtl Surface_4
f 3688/3688 3686/3686 3685/3685
usemtl Surface_4
f 3687/3687 3686/3686 3688/3688
usemtl Surface_4
f 3692/3692 3690/3690 3689/3689
usemtl Surface_4
f 3691/3691 3690/3690 3692/3692
usemtl Surface_4
f 3696/3696 3694/3694 3693/3693
usemtl Surface_4
f 3695/3695 3694/3694 3696/3696
usemtl Surface_4
f 3700/3700 3698/3698 3697/3697
usemtl Surface_4
f 3699/3699 3698/3698 3700/3700
usemtl Surface_4
f 3704/3704 3702/3702 3701/3701
usemtl Surface_4
f 3703/3703 3702/3702 3704/3704
usemtl Surface_4
f 3724/3724 3706/3706 3705/3705
usemtl Surface_4
f 3723/3723 3706/3706 3724/3724
usemtl Surface_4
f 3722/3722 3706/3706 3723/3723
usemtl Surface_4
f 3721/3721 3706/3706 3722/3722
usemtl Surface_4
f 3720/3720 3706/3706 3721/3721
usemtl Surface_4
f 3719/3719 3706/3706 3720/3720
usemtl Surface_4
f 3718/3718 3706/3706 3719/3719
usemtl Surface_4
f 3717/3717 3706/3706 3718/3718
usemtl Surface_4
f 3716/3716 3706/3706 3717/3717
usemtl Surface_4
f 3715/3715 3706/3706 3716/3716
usemtl Surface_4
f 3714/3714 3706/3706 3715/3715
usemtl Surface_4
f 3713/3713 3706/3706 3714/3714
usemtl Surface_4
f 3712/3712 3706/3706 3713/3713
usemtl Surface_4
f 3711/3711 3706/3706 3712/3712
usemtl Surface_4
f 3710/3710 3706/3706 3711/3711
usemtl Surface_4
f 3709/3709 3706/3706 3710/3710
usemtl Surface_4
f 3708/3708 3706/3706 3709/3709
usemtl Surface_4
f 3707/3707 3706/3706 3708/3708
usemtl Surface_4
f 3744/3744 3726/3726 3725/3725
usemtl Surface_4
f 3743/3743 3726/3726 3744/3744
usemtl Surface_4
f 3742/3742 3726/3726 3743/3743
usemtl Surface_4
f 3741/3741 3726/3726 3742/3742
usemtl Surface_4
f 3740/3740 3726/3726 3741/3741
usemtl Surface_4
f 3739/3739 3726/3726 3740/3740
usemtl Surface_4
f 3738/3738 3726/3726 3739/3739
usemtl Surface_4
f 3737/3737 3726/3726 3738/3738
usemtl Surface_4
f 3736/3736 3726/3726 3737/3737
usemtl Surface_4
f 3735/3735 3726/3726 3736/3736
usemtl Surface_4
f 3734/3734 3726/3726 3735/3735
usemtl Surface_4
f 3733/3733 3726/3726 3734/3734
usemtl Surface_4
f 3732/3732 3726/3726 3733/3733
usemtl Surface_4
f 3731/3731 3726/3726 3732/3732
usemtl Surface_4
f 3730/3730 3726/3726 3731/3731
usemtl Surface_4
f 3729/3729 3726/3726 3730/3730
usemtl Surface_4
f 3728/3728 3726/3726 3729/3729
usemtl Surface_4
f 3727/3727 3726/3726 3728/3728
usemtl Surface_4
f 3748/3748 3746/3746 3745/3745
usemtl Surface_4
f 3747/3747 3746/3746 3748/3748
usemtl Surface_4
f 3752/3752 3750/3750 3749/3749
usemtl Surface_4
f 3751/3751 3750/3750 3752/3752
usemtl Surface_4
f 3756/3756 3754/3754 3753/3753
usemtl Surface_4
f 3755/3755 3754/3754 3756/3756
usemtl Surface_4
f 3760/3760 3758/3758 3757/3757
usemtl Surface_4
f 3759/3759 3758/3758 3760/3760
usemtl Surface_4
f 3764/3764 3762/3762 3761/3761
usemtl Surface_4
f 3763/3763 3762/3762 3764/3764
usemtl Surface_4
f 3768/3768 3766/3766 3765/3765
usemtl Surface_4
f 3767/3767 3766/3766 3768/3768
usemtl Surface_4
f 3772/3772 3770/3770 3769/3769
usemtl Surface_4
f 3771/3771 3770/3770 3772/3772
usemtl Surface_4
f 3776/3776 3774/3774 3773/3773
usemtl Surface_4
f 3775/3775 3774/3774 3776/3776
usemtl Surface_4
f 3780/3780 3778/3778 3777/3777
usemtl Surface_4
f 3779/3779 3778/3778 3780/3780
usemtl Surface_4
f 3784/3784 3782/3782 3781/3781
usemtl Surface_4
f 3783/3783 3782/3782 3784/3784
usemtl Surface_4
f 3794/3794 3786/3786 3785/3785
usemtl Surface_4
f 3793/3793 3786/3786 3794/3794
usemtl Surface_4
f 3792/3792 3786/3786 3793/3793
usemtl Surface_4
f 3791/3791 3786/3786 3792/3792
usemtl Surface_4
f 3790/3790 3786/3786 3791/3791
usemtl Surface_4
f 3789/3789 3786/3786 3790/3790
usemtl Surface_4
f 3788/3788 3786/3786 3789/3789
usemtl Surface_4
f 3787/3787 3786/3786 3788/3788
usemtl Surface_4
f 3804/3804 3796/3796 3795/3795
usemtl Surface_4
f 3803/3803 3796/3796 3804/3804
usemtl Surface_4
f 3802/3802 3796/3796 3803/3803
usemtl Surface_4
f 3801/3801 3796/3796 3802/3802
usemtl Surface_4
f 3800/3800 3796/3796 3801/3801
usemtl Surface_4
f 3799/3799 3796/3796 3800/3800
usemtl Surface_4
f 3798/3798 3796/3796 3799/3799
usemtl Surface_4
f 3797/3797 3796/3796 3798/3798
usemtl Surface_2
f 3808/3808 3806/3806 3805/3805
usemtl Surface_2
f 3807/3807 3806/3806 3808/3808
usemtl Surface_2
f 3812/3812 3810/3810 3809/3809
usemtl Surface_2
f 3811/3811 3810/3810 3812/3812
usemtl Surface_2
f 3816/3816 3814/3814 3813/3813
usemtl Surface_2
f 3815/3815 3814/3814 3816/3816
usemtl Surface_2
f 3820/3820 3818/3818 3817/3817
usemtl Surface_2
f 3819/3819 3818/3818 3820/3820
usemtl Surface_2
f 3824/3824 3822/3822 3821/3821
usemtl Surface_2
f 3823/3823 3822/3822 3824/3824
usemtl Surface_2
f 3828/3828 3826/3826 3825/3825
usemtl Surface_2
f 3827/3827 3826/3826 3828/3828
usemtl Surface_4
f 3832/3832 3830/3830 3829/3829
usemtl Surface_4
f 3831/3831 3830/3830 3832/3832
usemtl Surface_4
f 3836/3836 3834/3834 3833/3833
usemtl Surface_4
f 3835/3835 3834/3834 3836/3836
usemtl Surface_4
f 3840/3840 3838/3838 3837/3837
usemtl Surface_4
f 3839/3839 3838/3838 3840/3840
usemtl Surface_4
f 3844/3844 3842/3842 3841/3841
usemtl Surface_4
f 3843/3843 3842/3842 3844/3844
usemtl Surface_4
f 3848/3848 3846/3846 3845/3845
usemtl Surface_4
f 3847/3847 3846/3846 3848/3848
usemtl Surface_4
f 3852/3852 3850/3850 3849/3849
usemtl Surface_4
f 3851/3851 3850/3850 3852/3852
usemtl Surface_4
f 3856/3856 3854/3854 3853/3853
usemtl Surface_4
f 3855/3855 3854/3854 3856/3856
usemtl Surface_4
f 3860/3860 3858/3858 3857/3857
usemtl Surface_4
f 3859/3859 3858/3858 3860/3860
usemtl Surface_4
f 3864/3864 3862/3862 3861/3861
usemtl Surface_4
f 3863/3863 3862/3862 3864/3864
usemtl Surface_4
f 3868/3868 3866/3866 3865/3865
usemtl Surface_4
f 3867/3867 3866/3866 3868/3868
usemtl Surface_4
f 3872/3872 3870/3870 3869/3869
usemtl Surface_4
f 3871/3871 3870/3870 3872/3872
usemtl Surface_4
f 3876/3876 3874/3874 3873/3873
usemtl Surface_4
f 3875/3875 3874/3874 3876/3876
usemtl Surface_4
f 3880/3880 3878/3878 3877/3877
usemtl Surface_4
f 3879/3879 3878/3878 3880/3880
usemtl Surface_4
f 3884/3884 3882/3882 3881/3881
usemtl Surface_4
f 3883/3883 3882/3882 3884/3884
usemtl Surface_4
f 3888/3888 3886/3886 3885/3885
usemtl Surface_4
f 3887/3887 3886/3886 3888/3888
usemtl Surface_4
f 3892/3892 3890/3890 3889/3889
usemtl Surface_4
f 3891/3891 3890/3890 3892/3892
usemtl Surface_4
f 3896/3896 3894/3894 3893/3893
usemtl Surface_4
f 3895/3895 3894/3894 3896/3896
usemtl Surface_4
f 3900/3900 3898/3898 3897/3897
usemtl Surface_4
f 3899/3899 3898/3898 3900/3900
usemtl Surface_4
f 3904/3904 3902/3902 3901/3901
usemtl Surface_4
f 3903/3903 3902/3902 3904/3904
usemtl Surface_4
f 3908/3908 3906/3906 3905/3905
usemtl Surface_4
f 3907/3907 3906/3906 3908/3908
usemtl Surface_4
f 3928/3928 3910/3910 3909/3909
usemtl Surface_4
f 3927/3927 3910/3910 3928/3928
usemtl Surface_4
f 3926/3926 3910/3910 3927/3927
usemtl Surface_4
f 3925/3925 3910/3910 3926/3926
usemtl Surface_4
f 3924/3924 3910/3910 3925/3925
usemtl Surface_4
f 3923/3923 3910/3910 3924/3924
usemtl Surface_4
f 3922/3922 3910/3910 3923/3923
usemtl Surface_4
f 3921/3921 3910/3910 3922/3922
usemtl Surface_4
f 3920/3920 3910/3910 3921/3921
usemtl Surface_4
f 3919/3919 3910/3910 3920/3920
usemtl Surface_4
f 3918/3918 3910/3910 3919/3919
usemtl Surface_4
f 3917/3917 3910/3910 3918/3918
usemtl Surface_4
f 3916/3916 3910/3910 3917/3917
usemtl Surface_4
f 3915/3915 3910/3910 3916/3916
usemtl Surface_4
f 3914/3914 3910/3910 3915/3915
usemtl Surface_4
f 3913/3913 3910/3910 3914/3914
usemtl Surface_4
f 3912/3912 3910/3910 3913/3913
usemtl Surface_4
f 3911/3911 3910/3910 3912/3912
usemtl Surface_4
f 3948/3948 3930/3930 3929/3929
usemtl Surface_4
f 3947/3947 3930/3930 3948/3948
usemtl Surface_4
f 3946/3946 3930/3930 3947/3947
usemtl Surface_4
f 3945/3945 3930/3930 3946/3946
usemtl Surface_4
f 3944/3944 3930/3930 3945/3945
usemtl Surface_4
f 3943/3943 3930/3930 3944/3944
usemtl Surface_4
f 3942/3942 3930/3930 3943/3943
usemtl Surface_4
f 3941/3941 3930/3930 3942/3942
usemtl Surface_4
f 3940/3940 3930/3930 3941/3941
usemtl Surface_4
f 3939/3939 3930/3930 3940/3940
usemtl Surface_4
f 3938/3938 3930/3930 3939/3939
usemtl Surface_4
f 3937/3937 3930/3930 3938/3938
usemtl Surface_4
f 3936/3936 3930/3930 3937/3937
usemtl Surface_4
f 3935/3935 3930/3930 3936/3936
usemtl Surface_4
f 3934/3934 3930/3930 3935/3935
usemtl Surface_4
f 3933/3933 3930/3930 3934/3934
usemtl Surface_4
f 3932/3932 3930/3930 3933/3933
usemtl Surface_4
f 3931/3931 3930/3930 3932/3932
usemtl Surface_4
f 3952/3952 3950/3950 3949/3949
usemtl Surface_4
f 3951/3951 3950/3950 3952/3952
usemtl Surface_4
f 3956/3956 3954/3954 3953/3953
usemtl Surface_4
f 3955/3955 3954/3954 3956/3956
usemtl Surface_4
f 3960/3960 3958/3958 3957/3957
usemtl Surface_4
f 3959/3959 3958/3958 3960/3960
usemtl Surface_4
f 3964/3964 3962/3962 3961/3961
usemtl Surface_4
f 3963/3963 3962/3962 3964/3964
usemtl Surface_4
f 3968/3968 3966/3966 3965/3965
usemtl Surface_4
f 3967/3967 3966/3966 3968/3968
usemtl Surface_4
f 3972/3972 3970/3970 3969/3969
usemtl Surface_4
f 3971/3971 3970/3970 3972/3972
usemtl Surface_4
f 3976/3976 3974/3974 3973/3973
usemtl Surface_4
f 3975/3975 3974/3974 3976/3976
usemtl Surface_4
f 3980/3980 3978/3978 3977/3977
usemtl Surface_4
f 3979/3979 3978/3978 3980/3980
usemtl Surface_4
f 3984/3984 3982/3982 3981/3981
usemtl Surface_4
f 3983/3983 3982/3982 3984/3984
usemtl Surface_4
f 3988/3988 3986/3986 3985/3985
usemtl Surface_4
f 3987/3987 3986/3986 3988/3988
usemtl Surface_4
f 3998/3998 3990/3990 3989/3989
usemtl Surface_4
f 3997/3997 3990/3990 3998/3998
usemtl Surface_4
f 3996/3996 3990/3990 3997/3997
usemtl Surface_4
f 3995/3995 3990/3990 3996/3996
usemtl Surface_4
f 3994/3994 3990/3990 3995/3995
usemtl Surface_4
f 3993/3993 3990/3990 3994/3994
usemtl Surface_4
f 3992/3992 3990/3990 3993/3993
usemtl Surface_4
f 3991/3991 3990/3990 3992/3992
usemtl Surface_4
f 4008/4008 4000/4000 3999/3999
usemtl Surface_4
f 4007/4007 4000/4000 4008/4008
usemtl Surface_4
f 4006/4006 4000/4000 4007/4007
usemtl Surface_4
f 4005/4005 4000/4000 4006/4006
usemtl Surface_4
f 4004/4004 4000/4000 4005/4005
usemtl Surface_4
f 4003/4003 4000/4000 4004/4004
usemtl Surface_4
f 4002/4002 4000/4000 4003/4003
usemtl Surface_4
f 4001/4001 4000/4000 4002/4002
usemtl Surface_2
f 4012/4012 4010/4010 4009/4009
usemtl Surface_2
f 4011/4011 4010/4010 4012/4012
usemtl Surface_2
f 4016/4016 4014/4014 4013/4013
usemtl Surface_2
f 4015/4015 4014/4014 4016/4016
usemtl Surface_2
f 4020/4020 4018/4018 4017/4017
usemtl Surface_2
f 4019/4019 4018/4018 4020/4020
usemtl Surface_2
f 4024/4024 4022/4022 4021/4021
usemtl Surface_2
f 4023/4023 4022/4022 4024/4024
usemtl Surface_2
f 4028/4028 4026/4026 4025/4025
usemtl Surface_2
f 4027/4027 4026/4026 4028/4028
usemtl Surface_2
f 4032/4032 4030/4030 4029/4029
usemtl Surface_2
f 4031/4031 4030/4030 4032/4032
usemtl Surface_0
f 4040/4040 4034/4034 4033/4033
usemtl Surface_0
f 4039/4039 4034/4034 4040/4040
usemtl Surface_0
f 4038/4038 4034/4034 4039/4039
usemtl Surface_0
f 4037/4037 4034/4034 4038/4038
usemtl Surface_0
f 4036/4036 4034/4034 4037/4037
usemtl Surface_0
f 4035/4035 4034/4034 4036/4036
usemtl Surface_0
f 4048/4048 4042/4042 4041/4041
usemtl Surface_0
f 4047/4047 4042/4042 4048/4048
usemtl Surface_0
f 4046/4046 4042/4042 4047/4047
usemtl Surface_0
f 4045/4045 4042/4042 4046/4046
usemtl Surface_0
f 4044/4044 4042/4042 4045/4045
usemtl Surface_0
f 4043/4043 4042/4042 4044/4044
usemtl Surface_0
f 4052/4052 4050/4050 4049/4049
usemtl Surface_0
f 4051/4051 4050/4050 4052/4052
usemtl Surface_4
f 4056/4056 4054/4054 4053/4053
usemtl Surface_4
f 4055/4055 4054/4054 4056/4056
usemtl Surface_0
f 4060/4060 4058/4058 4057/4057
usemtl Surface_0
f 4059/4059 4058/4058 4060/4060
usemtl Surface_4
f 4064/4064 4062/4062 4061/4061
usemtl Surface_4
f 4063/4063 4062/4062 4064/4064
usemtl Surface_0
f 4068/4068 4066/4066 4065/4065
usemtl Surface_0
f 4067/4067 4066/4066 4068/4068
usemtl Surface_4
f 4072/4072 4070/4070 4069/4069
usemtl Surface_4
f 4071/4071 4070/4070 4072/4072
usemtl Surface_0
f 4076/4076 4074/4074 4073/4073
usemtl Surface_0
f 4075/4075 4074/4074 4076/4076
usemtl Surface_4
f 4080/4080 4078/4078 4077/4077
usemtl Surface_4
f 4079/4079 4078/4078 4080/4080
usemtl Surface_0
f 4084/4084 4082/4082 4081/4081
usemtl Surface_0
f 4083/4083 4082/4082 4084/4084
usemtl Surface_4
f 4088/4088 4086/4086 4085/4085
usemtl Surface_4
f 4087/4087 4086/4086 4088/4088
usemtl Surface_0
f 4092/4092 4090/4090 4089/4089
usemtl Surface_0
f 4091/4091 4090/4090 4092/4092
usemtl Surface_4
f 4096/4096 4094/4094 4093/4093
usemtl Surface_4
f 4095/4095 4094/4094 4096/4096
usemtl Surface_0
f 4100/4100 4098/4098 4097/4097
usemtl Surface_0
f 4099/4099 4098/4098 4100/4100
usemtl Surface_4
f 4104/4104 4102/4102 4101/4101
usemtl Surface_4
f 4103/4103 4102/4102 4104/4104
usemtl Surface_0
f 4108/4108 4106/4106 4105/4105
usemtl Surface_0
f 4107/4107 4106/4106 4108/4108
usemtl Surface_4
f 4112/4112 4110/4110 4109/4109
usemtl Surface_4
f 4111/4111 4110/4110 4112/4112
usemtl Surface_3
f 4116/4116 4114/4114 4113/4113
usemtl Surface_3
f 4115/4115 4114/4114 4116/4116
usemtl Surface_3
f 4120/4120 4118/4118 4117/4117
usemtl Surface_3
f 4119/4119 4118/4118 4120/4120
usemtl Surface_3
f 4124/4124 4122/4122 4121/4121
usemtl Surface_3
f 4123/4123 4122/4122 4124/4124
usemtl Surface_3
f 4128/4128 4126/4126 4125/4125
usemtl Surface_3
f 4127/4127 4126/4126 4128/4128
usemtl Surface_3
f 4132/4132 4130/4130 4129/4129
usemtl Surface_3
f 4131/4131 4130/4130 4132/4132
usemtl Surface_3
f 4136/4136 4134/4134 4133/4133
usemtl Surface_3
f 4135/4135 4134/4134 4136/4136
usemtl Surface_3
f 4140/4140 4138/4138 4137/4137
usemtl Surface_3
f 4139/4139 4138/4138 4140/4140
usemtl Surface_3
f 4144/4144 4142/4142 4141/4141
usemtl Surface_3
f 4143/4143 4142/4142 4144/4144
usemtl Surface_3
f 4148/4148 4146/4146 4145/4145
usemtl Surface_3
f 4147/4147 4146/4146 4148/4148
usemtl Surface_3
f 4152/4152 4150/4150 4149/4149
usemtl Surface_3
f 4151/4151 4150/4150 4152/4152
usemtl Surface_3
f 4156/4156 4154/4154 4153/4153
usemtl Surface_3
f 4155/4155 4154/4154 4156/4156
usemtl Surface_3
f 4160/4160 4158/4158 4157/4157
usemtl Surface_3
f 4159/4159 4158/4158 4160/4160
usemtl Surface_3
f 4164/4164 4162/4162 4161/4161
usemtl Surface_3
f 4163/4163 4162/4162 4164/4164
usemtl Surface_3
f 4168/4168 4166/4166 4165/4165
usemtl Surface_3
f 4167/4167 4166/4166 4168/4168
usemtl Surface_3
f 4172/4172 4170/4170 4169/4169
usemtl Surface_3
f 4171/4171 4170/4170 4172/4172
usemtl Surface_3
f 4176/4176 4174/4174 4173/4173
usemtl Surface_3
f 4175/4175 4174/4174 4176/4176
usemtl Surface_3
f 4180/4180 4178/4178 4177/4177
usemtl Surface_3
f 4179/4179 4178/4178 4180/4180
usemtl Surface_3
f 4184/4184 4182/4182 4181/4181
usemtl Surface_3
f 4183/4183 4182/4182 4184/4184
usemtl Surface_3
f 4185/4185 4187/4187 4186/4186
usemtl Surface_3
f 4188/4188 4190/4190 4189/4189
usemtl Surface_3
f 4191/4191 4193/4193 4192/4192
usemtl Surface_3
f 4194/4194 4196/4196 4195/4195
usemtl Surface_3
f 4197/4197 4199/4199 4198/4198
usemtl Surface_3
f 4200/4200 4202/4202 4201/4201
usemtl Surface_3
f 4203/4203 4205/4205 4204/4204
usemtl Surface_3
f 4206/4206 4208/4208 4207/4207
usemtl Surface_2
f 4212/4212 4210/4210 4209/4209
usemtl Surface_2
f 4211/4211 4210/4210 4212/4212
usemtl Surface_2
f 4216/4216 4214/4214 4213/4213
usemtl Surface_2
f 4215/4215 4214/4214 4216/4216
usemtl Surface_2
f 4220/4220 4218/4218 4217/4217
usemtl Surface_2
f 4219/4219 4218/4218 4220/4220
usemtl Surface_2
f 4224/4224 4222/4222 4221/4221
usemtl Surface_2
f 4223/4223 4222/4222 4224/4224
usemtl Surface_2
f 4228/4228 4226/4226 4225/4225
usemtl Surface_2
f 4227/4227 4226/4226 4228/4228
usemtl Surface_2
f 4232/4232 4230/4230 4229/4229
usemtl Surface_2
f 4231/4231 4230/4230 4232/4232
usemtl Surface_2
f 4236/4236 4234/4234 4233/4233
usemtl Surface_2
f 4235/4235 4234/4234 4236/4236
usemtl Surface_2
f 4240/4240 4238/4238 4237/4237
usemtl Surface_2
f 4239/4239 4238/4238 4240/4240
usemtl Surface_2
f 4244/4244 4242/4242 4241/4241
usemtl Surface_2
f 4243/4243 4242/4242 4244/4244
usemtl Surface_2
f 4248/4248 4246/4246 4245/4245
usemtl Surface_2
f 4247/4247 4246/4246 4248/4248
usemtl Surface_2
f 4252/4252 4250/4250 4249/4249
usemtl Surface_2
f 4251/4251 4250/4250 4252/4252
usemtl Surface_2
f 4256/4256 4254/4254 4253/4253
usemtl Surface_2
f 4255/4255 4254/4254 4256/4256
usemtl Surface_2
f 4260/4260 4258/4258 4257/4257
usemtl Surface_2
f 4259/4259 4258/4258 4260/4260
usemtl Surface_2
f 4264/4264 4262/4262 4261/4261
usemtl Surface_2
f 4263/4263 4262/4262 4264/4264
usemtl Surface_2
f 4268/4268 4266/4266 4265/4265
usemtl Surface_2
f 4267/4267 4266/4266 4268/4268
usemtl Surface_2
f 4272/4272 4270/4270 4269/4269
usemtl Surface_2
f 4271/4271 4270/4270 4272/4272
usemtl Surface_2
f 4276/4276 4274/4274 4273/4273
usemtl Surface_2
f 4275/4275 4274/4274 4276/4276
usemtl Surface_2
f 4280/4280 4278/4278 4277/4277
usemtl Surface_2
f 4279/4279 4278/4278 4280/4280
usemtl Surface_2
f 4281/4281 4283/4283 4282/4282
usemtl Surface_2
f 4284/4284 4286/4286 4285/4285
usemtl Surface_2
f 4287/4287 4289/4289 4288/4288
usemtl Surface_2
f 4290/4290 4292/4292 4291/4291
usemtl Surface_2
f 4293/4293 4295/4295 4294/4294
usemtl Surface_2
f 4296/4296 4298/4298 4297/4297
usemtl Surface_2
f 4299/4299 4301/4301 4300/4300
usemtl Surface_2
f 4302/4302 4304/4304 4303/4303
usemtl Surface_2
f 4308/4308 4306/4306 4305/4305
usemtl Surface_2
f 4307/4307 4306/4306 4308/4308
usemtl Surface_2
f 4312/4312 4310/4310 4309/4309
usemtl Surface_2
f 4311/4311 4310/4310 4312/4312
usemtl Surface_2
f 4316/4316 4314/4314 4313/4313
usemtl Surface_2
f 4315/4315 4314/4314 4316/4316
usemtl Surface_2
f 4320/4320 4318/4318 4317/4317
usemtl Surface_2
f 4319/4319 4318/4318 4320/4320
usemtl Surface_2
f 4324/4324 4322/4322 4321/4321
usemtl Surface_2
f 4323/4323 4322/4322 4324/4324
usemtl Surface_2
f 4328/4328 4326/4326 4325/4325
usemtl Surface_2
f 4327/4327 4326/4326 4328/4328
usemtl Surface_2
f 4332/4332 4330/4330 4329/4329
usemtl Surface_2
f 4331/4331 4330/4330 4332/4332
usemtl Surface_2
f 4336/4336 4334/4334 4333/4333
usemtl Surface_2
f 4335/4335 4334/4334 4336/4336
usemtl Surface_2
f 4340/4340 4338/4338 4337/4337
usemtl Surface_2
f 4339/4339 4338/4338 4340/4340
usemtl Surface_2
f 4344/4344 4342/4342 4341/4341
usemtl Surface_2
f 4343/4343 4342/4342 4344/4344
usemtl Surface_2
f 4348/4348 4346/4346 4345/4345
usemtl Surface_2
f 4347/4347 4346/4346 4348/4348
usemtl Surface_2
f 4352/4352 4350/4350 4349/4349
usemtl Surface_2
f 4351/4351 4350/4350 4352/4352
usemtl Surface_2
f 4356/4356 4354/4354 4353/4353
usemtl Surface_2
f 4355/4355 4354/4354 4356/4356
usemtl Surface_2
f 4360/4360 4358/4358 4357/4357
usemtl Surface_2
f 4359/4359 4358/4358 4360/4360
usemtl Surface_2
f 4364/4364 4362/4362 4361/4361
usemtl Surface_2
f 4363/4363 4362/4362 4364/4364
usemtl Surface_2
f 4368/4368 4366/4366 4365/4365
usemtl Surface_2
f 4367/4367 4366/4366 4368/4368
usemtl Surface_2
f 4372/4372 4370/4370 4369/4369
usemtl Surface_2
f 4371/4371 4370/4370 4372/4372
usemtl Surface_2
f 4376/4376 4374/4374 4373/4373
usemtl Surface_2
f 4375/4375 4374/4374 4376/4376
usemtl Surface_2
f 4377/4377 4379/4379 4378/4378
usemtl Surface_2
f 4380/4380 4382/4382 4381/4381
usemtl Surface_2
f 4383/4383 4385/4385 4384/4384
usemtl Surface_2
f 4386/4386 4388/4388 4387/4387
usemtl Surface_2
f 4389/4389 4391/4391 4390/4390
usemtl Surface_2
f 4392/4392 4394/4394 4393/4393
usemtl Surface_2
f 4395/4395 4397/4397 4396/4396
usemtl Surface_2
f 4398/4398 4400/4400 4399/4399
usemtl Surface_2
f 4404/4404 4402/4402 4401/4401
usemtl Surface_2
f 4403/4403 4402/4402 4404/4404
usemtl Surface_2
f 4408/4408 4406/4406 4405/4405
usemtl Surface_2
f 4407/4407 4406/4406 4408/4408
usemtl Surface_2
f 4412/4412 4410/4410 4409/4409
usemtl Surface_2
f 4411/4411 4410/4410 4412/4412
usemtl Surface_2
f 4416/4416 4414/4414 4413/4413
usemtl Surface_2
f 4415/4415 4414/4414 4416/4416
usemtl Surface_2
f 4420/4420 4418/4418 4417/4417
usemtl Surface_2
f 4419/4419 4418/4418 4420/4420
usemtl Surface_2
f 4424/4424 4422/4422 4421/4421
usemtl Surface_2
f 4423/4423 4422/4422 4424/4424
usemtl Surface_2
f 4428/4428 4426/4426 4425/4425
usemtl Surface_2
f 4427/4427 4426/4426 4428/4428
usemtl Surface_2
f 4432/4432 4430/4430 4429/4429
usemtl Surface_2
f 4431/4431 4430/4430 4432/4432
usemtl Surface_2
f 4436/4436 4434/4434 4433/4433
usemtl Surface_2
f 4435/4435 4434/4434 4436/4436
usemtl Surface_2
f 4440/4440 4438/4438 4437/4437
usemtl Surface_2
f 4439/4439 4438/4438 4440/4440
usemtl Surface_2
f 4444/4444 4442/4442 4441/4441
usemtl Surface_2
f 4443/4443 4442/4442 4444/4444
usemtl Surface_2
f 4448/4448 4446/4446 4445/4445
usemtl Surface_2
f 4447/4447 4446/4446 4448/4448
usemtl Surface_2
f 4452/4452 4450/4450 4449/4449
usemtl Surface_2
f 4451/4451 4450/4450 4452/4452
usemtl Surface_2
f 4456/4456 4454/4454 4453/4453
usemtl Surface_2
f 4455/4455 4454/4454 4456/4456
usemtl Surface_2
f 4460/4460 4458/4458 4457/4457
usemtl Surface_2
f 4459/4459 4458/4458 4460/4460
usemtl Surface_2
f 4464/4464 4462/4462 4461/4461
usemtl Surface_2
f 4463/4463 4462/4462 4464/4464
usemtl Surface_2
f 4468/4468 4466/4466 4465/4465
usemtl Surface_2
f 4467/4467 4466/4466 4468/4468
usemtl Surface_2
f 4472/4472 4470/4470 4469/4469
usemtl Surface_2
f 4471/4471 4470/4470 4472/4472
usemtl Surface_2
f 4473/4473 4475/4475 4474/4474
usemtl Surface_2
f 4476/4476 4478/4478 4477/4477
usemtl Surface_2
f 4479/4479 4481/4481 4480/4480
usemtl Surface_2
f 4482/4482 4484/4484 4483/4483
usemtl Surface_2
f 4485/4485 4487/4487 4486/4486
usemtl Surface_2
f 4488/4488 4490/4490 4489/4489
usemtl Surface_2
f 4491/4491 4493/4493 4492/4492
usemtl Surface_2
f 4494/4494 4496/4496 4495/4495
usemtl Surface_2
f 4500/4500 4498/4498 4497/4497
usemtl Surface_2
f 4499/4499 4498/4498 4500/4500
usemtl Surface_2
f 4504/4504 4502/4502 4501/4501
usemtl Surface_2
f 4503/4503 4502/4502 4504/4504
usemtl Surface_2
f 4508/4508 4506/4506 4505/4505
usemtl Surface_2
f 4507/4507 4506/4506 4508/4508
usemtl Surface_2
f 4512/4512 4510/4510 4509/4509
usemtl Surface_2
f 4511/4511 4510/4510 4512/4512
usemtl Surface_2
f 4516/4516 4514/4514 4513/4513
usemtl Surface_2
f 4515/4515 4514/4514 4516/4516
usemtl Surface_2
f 4520/4520 4518/4518 4517/4517
usemtl Surface_2
f 4519/4519 4518/4518 4520/4520
usemtl Surface_2
f 4524/4524 4522/4522 4521/4521
usemtl Surface_2
f 4523/4523 4522/4522 4524/4524
usemtl Surface_2
f 4528/4528 4526/4526 4525/4525
usemtl Surface_2
f 4527/4527 4526/4526 4528/4528
usemtl Surface_2
f 4532/4532 4530/4530 4529/4529
usemtl Surface_2
f 4531/4531 4530/4530 4532/4532
usemtl Surface_2
f 4536/4536 4534/4534 4533/4533
usemtl Surface_2
f 4535/4535 4534/4534 4536/4536
usemtl Surface_2
f 4540/4540 4538/4538 4537/4537
usemtl Surface_2
f 4539/4539 4538/4538 4540/4540
usemtl Surface_2
f 4544/4544 4542/4542 4541/4541
usemtl Surface_2
f 4543/4543 4542/4542 4544/4544
usemtl Surface_2
f 4548/4548 4546/4546 4545/4545
usemtl Surface_2
f 4547/4547 4546/4546 4548/4548
usemtl Surface_2
f 4552/4552 4550/4550 4549/4549
usemtl Surface_2
f 4551/4551 4550/4550 4552/4552
usemtl Surface_2
f 4556/4556 4554/4554 4553/4553
usemtl Surface_2
f 4555/4555 4554/4554 4556/4556
usemtl Surface_2
f 4560/4560 4558/4558 4557/4557
usemtl Surface_2
f 4559/4559 4558/4558 4560/4560
usemtl Surface_2
f 4564/4564 4562/4562 4561/4561
usemtl Surface_2
f 4563/4563 4562/4562 4564/4564
usemtl Surface_2
f 4568/4568 4566/4566 4565/4565
usemtl Surface_2
f 4567/4567 4566/4566 4568/4568
usemtl Surface_2
f 4569/4569 4571/4571 4570/4570
usemtl Surface_2
f 4572/4572 4574/4574 4573/4573
usemtl Surface_2
f 4575/4575 4577/4577 4576/4576
usemtl Surface_2
f 4578/4578 4580/4580 4579/4579
usemtl Surface_2
f 4581/4581 4583/4583 4582/4582
usemtl Surface_2
f 4584/4584 4586/4586 4585/4585
usemtl Surface_2
f 4587/4587 4589/4589 4588/4588
usemtl Surface_2
f 4590/4590 4592/4592 4591/4591
usemtl Surface_2
f 4596/4596 4594/4594 4593/4593
usemtl Surface_2
f 4595/4595 4594/4594 4596/4596
usemtl Surface_2
f 4600/4600 4598/4598 4597/4597
usemtl Surface_2
f 4599/4599 4598/4598 4600/4600
usemtl Surface_2
f 4604/4604 4602/4602 4601/4601
usemtl Surface_2
f 4603/4603 4602/4602 4604/4604
usemtl Surface_2
f 4608/4608 4606/4606 4605/4605
usemtl Surface_2
f 4607/4607 4606/4606 4608/4608
usemtl Surface_2
f 4612/4612 4610/4610 4609/4609
usemtl Surface_2
f 4611/4611 4610/4610 4612/4612
usemtl Surface_2
f 4616/4616 4614/4614 4613/4613
usemtl Surface_2
f 4615/4615 4614/4614 4616/4616
usemtl Surface_2
f 4620/4620 4618/4618 4617/4617
usemtl Surface_2
f 4619/4619 4618/4618 4620/4620
usemtl Surface_2
f 4624/4624 4622/4622 4621/4621
usemtl Surface_2
f 4623/4623 4622/4622 4624/4624
usemtl Surface_2
f 4628/4628 4626/4626 4625/4625
usemtl Surface_2
f 4627/4627 4626/4626 4628/4628
usemtl Surface_2
f 4632/4632 4630/4630 4629/4629
usemtl Surface_2
f 4631/4631 4630/4630 4632/4632
usemtl Surface_2
f 4636/4636 4634/4634 4633/4633
usemtl Surface_2
f 4635/4635 4634/4634 4636/4636
usemtl Surface_2
f 4640/4640 4638/4638 4637/4637
usemtl Surface_2
f 4639/4639 4638/4638 4640/4640
usemtl Surface_2
f 4644/4644 4642/4642 4641/4641
usemtl Surface_2
f 4643/4643 4642/4642 4644/4644
usemtl Surface_2
f 4648/4648 4646/4646 4645/4645
usemtl Surface_2
f 4647/4647 4646/4646 4648/4648
usemtl Surface_2
f 4652/4652 4650/4650 4649/4649
usemtl Surface_2
f 4651/4651 4650/4650 4652/4652
usemtl Surface_2
f 4656/4656 4654/4654 4653/4653
usemtl Surface_2
f 4655/4655 4654/4654 4656/4656
usemtl Surface_2
f 4660/4660 4658/4658 4657/4657
usemtl Surface_2
f 4659/4659 4658/4658 4660/4660
usemtl Surface_2
f 4664/4664 4662/4662 4661/4661
usemtl Surface_2
f 4663/4663 4662/4662 4664/4664
usemtl Surface_2
f 4665/4665 4667/4667 4666/4666
usemtl Surface_2
f 4668/4668 4670/4670 4669/4669
usemtl Surface_2
f 4671/4671 4673/4673 4672/4672
usemtl Surface_2
f 4674/4674 4676/4676 4675/4675
usemtl Surface_2
f 4677/4677 4679/4679 4678/4678
usemtl Surface_2
f 4680/4680 4682/4682 4681/4681
usemtl Surface_2
f 4683/4683 4685/4685 4684/4684
usemtl Surface_2
f 4686/4686 4688/4688 4687/4687
usemtl Surface_0
f 4692/4692 4690/4690 4689/4689
usemtl Surface_0
f 4691/4691 4690/4690 4692/4692
usemtl Surface_0
f 4696/4696 4694/4694 4693/4693
usemtl Surface_0
f 4695/4695 4694/4694 4696/4696
usemtl Surface_0
f 4700/4700 4698/4698 4697/4697
usemtl Surface_0
f 4699/4699 4698/4698 4700/4700
usemtl Surface_0
f 4704/4704 4702/4702 4701/4701
usemtl Surface_0
f 4703/4703 4702/4702 4704/4704
usemtl Surface_0
f 4708/4708 4706/4706 4705/4705
usemtl Surface_0
f 4707/4707 4706/4706 4708/4708
usemtl Surface_0
f 4712/4712 4710/4710 4709/4709
usemtl Surface_0
f 4711/4711 4710/4710 4712/4712
usemtl Surface_0
f 4716/4716 4714/4714 4713/4713
usemtl Surface_0
f 4715/4715 4714/4714 4716/4716
usemtl Surface_0
f 4720/4720 4718/4718 4717/4717
usemtl Surface_0
f 4719/4719 4718/4718 4720/4720
usemtl Surface_0
f 4724/4724 4722/4722 4721/4721
usemtl Surface_0
f 4723/4723 4722/4722 4724/4724
usemtl Surface_0
f 4728/4728 4726/4726 4725/4725
usemtl Surface_0
f 4727/4727 4726/4726 4728/4728
usemtl Surface_0
f 4732/4732 4730/4730 4729/4729
usemtl Surface_0
f 4731/4731 4730/4730 4732/4732
usemtl Surface_0
f 4736/4736 4734/4734 4733/4733
usemtl Surface_0
f 4735/4735 4734/4734 4736/4736
usemtl Surface_0
f 4740/4740 4738/4738 4737/4737
usemtl Surface_0
f 4739/4739 4738/4738 4740/4740
usemtl Surface_0
f 4744/4744 4742/4742 4741/4741
usemtl Surface_0
f 4743/4743 4742/4742 4744/4744
usemtl Surface_0
f 4748/4748 4746/4746 4745/4745
usemtl Surface_0
f 4747/4747 4746/4746 4748/4748
usemtl Surface_0
f 4752/4752 4750/4750 4749/4749
usemtl Surface_0
f 4751/4751 4750/4750 4752/4752
usemtl Surface_0
f 4756/4756 4754/4754 4753/4753
usemtl Surface_0
f 4755/4755 4754/4754 4756/4756
usemtl Surface_0
f 4760/4760 4758/4758 4757/4757
usemtl Surface_0
f 4759/4759 4758/4758 4760/4760
usemtl Surface_0
f 4761/4761 4763/4763 4762/4762
usemtl Surface_0
f 4764/4764 4766/4766 4765/4765
usemtl Surface_0
f 4767/4767 4769/4769 4768/4768
usemtl Surface_0
f 4770/4770 4772/4772 4771/4771
usemtl Surface_0
f 4773/4773 4775/4775 4774/4774
usemtl Surface_0
f 4776/4776 4778/4778 4777/4777
usemtl Surface_0
f 4779/4779 4781/4781 4780/4780
usemtl Surface_0
f 4782/4782 4784/4784 4783/4783
usemtl Surface_0
f 4788/4788 4786/4786 4785/4785
usemtl Surface_0
f 4787/4787 4786/4786 4788/4788
usemtl Surface_0
f 4792/4792 4790/4790 4789/4789
usemtl Surface_0
f 4791/4791 4790/4790 4792/4792
usemtl Surface_0
f 4796/4796 4794/4794 4793/4793
usemtl Surface_0
f 4795/4795 4794/4794 4796/4796
usemtl Surface_0
f 4800/4800 4798/4798 4797/4797
usemtl Surface_0
f 4799/4799 4798/4798 4800/4800
usemtl Surface_0
f 4804/4804 4802/4802 4801/4801
usemtl Surface_0
f 4803/4803 4802/4802 4804/4804
usemtl Surface_0
f 4808/4808 4806/4806 4805/4805
usemtl Surface_0
f 4807/4807 4806/4806 4808/4808
usemtl Surface_0
f 4812/4812 4810/4810 4809/4809
usemtl Surface_0
f 4811/4811 4810/4810 4812/4812
usemtl Surface_0
f 4816/4816 4814/4814 4813/4813
usemtl Surface_0
f 4815/4815 4814/4814 4816/4816
usemtl Surface_0
f 4820/4820 4818/4818 4817/4817
usemtl Surface_0
f 4819/4819 4818/4818 4820/4820
usemtl Surface_0
f 4824/4824 4822/4822 4821/4821
usemtl Surface_0
f 4823/4823 4822/4822 4824/4824
usemtl Surface_0
f 4828/4828 4826/4826 4825/4825
usemtl Surface_0
f 4827/4827 4826/4826 4828/4828
usemtl Surface_0
f 4832/4832 4830/4830 4829/4829
usemtl Surface_0
f 4831/4831 4830/4830 4832/4832
usemtl Surface_0
f 4836/4836 4834/4834 4833/4833
usemtl Surface_0
f 4835/4835 4834/4834 4836/4836
usemtl Surface_0
f 4840/4840 4838/4838 4837/4837
usemtl Surface_0
f 4839/4839 4838/4838 4840/4840
usemtl Surface_0
f 4844/4844 4842/4842 4841/4841
usemtl Surface_0
f 4843/4843 4842/4842 4844/4844
usemtl Surface_0
f 4848/4848 4846/4846 4845/4845
usemtl Surface_0
f 4847/4847 4846/4846 4848/4848
usemtl Surface_0
f 4852/4852 4850/4850 4849/4849
usemtl Surface_0
f 4851/4851 4850/4850 4852/4852
usemtl Surface_0
f 4856/4856 4854/4854 4853/4853
usemtl Surface_0
f 4855/4855 4854/4854 4856/4856
usemtl Surface_0
f 4857/4857 4859/4859 4858/4858
usemtl Surface_0
f 4860/4860 4862/4862 4861/4861
usemtl Surface_0
f 4863/4863 4865/4865 4864/4864
usemtl Surface_0
f 4866/4866 4868/4868 4867/4867
usemtl Surface_0
f 4869/4869 4871/4871 4870/4870
usemtl Surface_0
f 4872/4872 4874/4874 4873/4873
usemtl Surface_0
f 4875/4875 4877/4877 4876/4876
usemtl Surface_0
f 4878/4878 4880/4880 4879/4879
usemtl Surface_0
f 4884/4884 4882/4882 4881/4881
usemtl Surface_0
f 4883/4883 4882/4882 4884/4884
usemtl Surface_0
f 4888/4888 4886/4886 4885/4885
usemtl Surface_0
f 4887/4887 4886/4886 4888/4888
usemtl Surface_0
f 4892/4892 4890/4890 4889/4889
usemtl Surface_0
f 4891/4891 4890/4890 4892/4892
usemtl Surface_0
f 4896/4896 4894/4894 4893/4893
usemtl Surface_0
f 4895/4895 4894/4894 4896/4896
usemtl Surface_0
f 4900/4900 4898/4898 4897/4897
usemtl Surface_0
f 4899/4899 4898/4898 4900/4900
usemtl Surface_0
f 4904/4904 4902/4902 4901/4901
usemtl Surface_0
f 4903/4903 4902/4902 4904/4904
usemtl Surface_0
f 4908/4908 4906/4906 4905/4905
usemtl Surface_0
f 4907/4907 4906/4906 4908/4908
usemtl Surface_0
f 4912/4912 4910/4910 4909/4909
usemtl Surface_0
f 4911/4911 4910/4910 4912/4912
usemtl Surface_0
f 4916/4916 4914/4914 4913/4913
usemtl Surface_0
f 4915/4915 4914/4914 4916/4916
usemtl Surface_0
f 4920/4920 4918/4918 4917/4917
usemtl Surface_0
f 4919/4919 4918/4918 4920/4920
usemtl Surface_0
f 4924/4924 4922/4922 4921/4921
usemtl Surface_0
f 4923/4923 4922/4922 4924/4924
usemtl Surface_0
f 4928/4928 4926/4926 4925/4925
usemtl Surface_0
f 4927/4927 4926/4926 4928/4928
usemtl Surface_0
f 4932/4932 4930/4930 4929/4929
usemtl Surface_0
f 4931/4931 4930/4930 4932/4932
usemtl Surface_0
f 4936/4936 4934/4934 4933/4933
usemtl Surface_0
f 4935/4935 4934/4934 4936/4936
usemtl Surface_0
f 4940/4940 4938/4938 4937/4937
usemtl Surface_0
f 4939/4939 4938/4938 4940/4940
usemtl Surface_0
f 4944/4944 4942/4942 4941/4941
usemtl Surface_0
f 4943/4943 4942/4942 4944/4944
usemtl Surface_0
f 4948/4948 4946/4946 4945/4945
usemtl Surface_0
f 4947/4947 4946/4946 4948/4948
usemtl Surface_0
f 4952/4952 4950/4950 4949/4949
usemtl Surface_0
f 4951/4951 4950/4950 4952/4952
usemtl Surface_0
f 4953/4953 4955/4955 4954/4954
usemtl Surface_0
f 4956/4956 4958/4958 4957/4957
usemtl Surface_0
f 4959/4959 4961/4961 4960/4960
usemtl Surface_0
f 4962/4962 4964/4964 4963/4963
usemtl Surface_0
f 4965/4965 4967/4967 4966/4966
usemtl Surface_0
f 4968/4968 4970/4970 4969/4969
usemtl Surface_0
f 4971/4971 4973/4973 4972/4972
usemtl Surface_0
f 4974/4974 4976/4976 4975/4975
