# Null Route authored hard-surface mesh. Centimeters, Z up.
v 20.47511 0.23482 -1.35345
v 20.47511 0.00000 -1.37032
v 20.60000 0.00000 0.00021
v 20.47511 0.46385 -1.30324
v 20.47511 0.23482 -1.35345
v 20.60000 0.00000 0.00021
v 20.47511 0.68147 -1.22094
v 20.47511 0.46385 -1.30324
v 20.60000 0.00000 0.00021
v 20.47511 0.88230 -1.10857
v 20.47511 0.68147 -1.22094
v 20.60000 0.00000 0.00021
v 20.47511 1.06141 -0.96890
v 20.47511 0.88230 -1.10857
v 20.60000 0.00000 0.00021
v 20.47510 1.21438 -0.80537
v 20.47511 1.06141 -0.96890
v 20.60000 0.00000 0.00021
v 20.47510 1.33745 -0.62200
v 20.47510 1.21438 -0.80537
v 20.60000 0.00000 0.00021
v 20.47510 1.42759 -0.42331
v 20.47510 1.33745 -0.62200
v 20.60000 0.00000 0.00021
v 20.47510 1.48257 -0.21419
v 20.47510 1.42759 -0.42331
v 20.60000 0.00000 0.00021
v 20.47510 1.50105 0.00021
v 20.47510 1.48257 -0.21419
v 20.60000 0.00000 0.00021
v 20.47509 1.48257 0.21460
v 20.47510 1.50105 0.00021
v 20.60000 0.00000 0.00021
v 20.47509 1.42759 0.42372
v 20.47509 1.48257 0.21460
v 20.60000 0.00000 0.00021
v 20.47509 1.33745 0.62241
v 20.47509 1.42759 0.42372
v 20.60000 0.00000 0.00021
v 20.47509 1.21438 0.80578
v 20.47509 1.33745 0.62241
v 20.60000 0.00000 0.00021
v 20.47509 1.06141 0.96931
v 20.47509 1.21438 0.80578
v 20.60000 0.00000 0.00021
v 20.47508 0.88230 1.10898
v 20.47509 1.06141 0.96931
v 20.60000 0.00000 0.00021
v 20.47508 0.68146 1.22135
v 20.47508 0.88230 1.10898
v 20.60000 0.00000 0.00021
v 20.47508 0.46385 1.30365
v 20.47508 0.68146 1.22135
v 20.60000 0.00000 0.00021
v 20.47508 0.23482 1.35386
v 20.47508 0.46385 1.30365
v 20.60000 0.00000 0.00021
v 20.47508 0.00000 1.37073
v 20.47508 0.23482 1.35386
v 20.60000 0.00000 0.00021
v 20.47508 -0.23482 1.35386
v 20.47508 0.00000 1.37073
v 20.60000 0.00000 0.00021
v 20.47508 -0.46385 1.30365
v 20.47508 -0.23482 1.35386
v 20.60000 0.00000 0.00021
v 20.47508 -0.68146 1.22135
v 20.47508 -0.46385 1.30365
v 20.60000 0.00000 0.00021
v 20.47508 -0.88229 1.10898
v 20.47508 -0.68146 1.22135
v 20.60000 0.00000 0.00021
v 20.47509 -1.06140 0.96931
v 20.47508 -0.88229 1.10898
v 20.60000 0.00000 0.00021
v 20.47509 -1.21437 0.80578
v 20.47509 -1.06140 0.96931
v 20.60000 0.00000 0.00021
v 20.47509 -1.33745 0.62241
v 20.47509 -1.21437 0.80578
v 20.60000 0.00000 0.00021
v 20.47509 -1.42758 0.42372
v 20.47509 -1.33745 0.62241
v 20.60000 0.00000 0.00021
v 20.47509 -1.48257 0.21460
v 20.47509 -1.42758 0.42372
v 20.60000 0.00000 0.00021
v 20.47510 -1.50105 0.00020
v 20.47509 -1.48257 0.21460
v 20.60000 0.00000 0.00021
v 20.47510 -1.48257 -0.21419
v 20.47510 -1.50105 0.00020
v 20.60000 0.00000 0.00021
v 20.47510 -1.42758 -0.42331
v 20.47510 -1.48257 -0.21419
v 20.60000 0.00000 0.00021
v 20.47510 -1.33744 -0.62200
v 20.47510 -1.42758 -0.42331
v 20.60000 0.00000 0.00021
v 20.47510 -1.21437 -0.80537
v 20.47510 -1.33744 -0.62200
v 20.60000 0.00000 0.00021
v 20.47511 -1.06140 -0.96890
v 20.47510 -1.21437 -0.80537
v 20.60000 0.00000 0.00021
v 20.47511 -0.88229 -1.10857
v 20.47511 -1.06140 -0.96890
v 20.60000 0.00000 0.00021
v 20.47511 -0.68146 -1.22094
v 20.47511 -0.88229 -1.10857
v 20.60000 0.00000 0.00021
v 20.47511 -0.46385 -1.30324
v 20.47511 -0.68146 -1.22094
v 20.60000 0.00000 0.00021
v 20.47511 -0.23481 -1.35345
v 20.47511 -0.46385 -1.30324
v 20.60000 0.00000 0.00021
v 20.47511 0.00000 -1.37032
v 20.47511 -0.23481 -1.35345
v 20.60000 0.00000 0.00021
v 20.47511 0.23482 -1.35345
v 20.10254 0.46562 -2.68394
v 20.10254 0.00000 -2.71740
v 20.47511 0.00000 -1.37032
v 20.47511 0.46385 -1.30324
v 20.10254 0.91977 -2.58439
v 20.10254 0.46562 -2.68394
v 20.47511 0.23482 -1.35345
v 20.47511 0.68147 -1.22094
v 20.10254 1.35127 -2.42120
v 20.10254 0.91977 -2.58439
v 20.47511 0.46385 -1.30324
v 20.47511 0.88230 -1.10857
v 20.10254 1.74950 -2.19838
v 20.10254 1.35127 -2.42120
v 20.47511 0.68147 -1.22094
v 20.47511 1.06141 -0.96890
v 20.10254 2.10465 -1.92143
v 20.10254 1.74950 -2.19838
v 20.47511 0.88230 -1.10857
v 20.47510 1.21438 -0.80537
v 20.10253 2.40798 -1.59716
v 20.10254 2.10465 -1.92143
v 20.47511 1.06141 -0.96890
v 20.47510 1.33745 -0.62200
v 20.10253 2.65201 -1.23356
v 20.10253 2.40798 -1.59716
v 20.47510 1.21438 -0.80537
v 20.47510 1.42759 -0.42331
v 20.10253 2.83075 -0.83958
v 20.10253 2.65201 -1.23356
v 20.47510 1.33745 -0.62200
v 20.47510 1.48257 -0.21419
v 20.10252 2.93978 -0.42492
v 20.10253 2.83075 -0.83958
v 20.47510 1.42759 -0.42331
v 20.47510 1.50105 0.00021
v 20.10252 2.97642 0.00020
v 20.10252 2.93978 -0.42492
v 20.47510 1.48257 -0.21419
v 20.47509 1.48257 0.21460
v 20.10251 2.93978 0.42533
v 20.10252 2.97642 0.00020
v 20.47510 1.50105 0.00021
v 20.47509 1.42759 0.42372
v 20.10251 2.83074 0.83999
v 20.10251 2.93978 0.42533
v 20.47509 1.48257 0.21460
v 20.47509 1.33745 0.62241
v 20.10250 2.65201 1.23397
v 20.10251 2.83074 0.83999
v 20.47509 1.42759 0.42372
v 20.47509 1.21438 0.80578
v 20.10250 2.40797 1.59757
v 20.10250 2.65201 1.23397
v 20.47509 1.33745 0.62241
v 20.47509 1.06141 0.96931
v 20.10250 2.10465 1.92184
v 20.10250 2.40797 1.59757
v 20.47509 1.21438 0.80578
v 20.47508 0.88230 1.10898
v 20.10250 1.74950 2.19879
v 20.10250 2.10465 1.92184
v 20.47509 1.06141 0.96931
v 20.47508 0.68146 1.22135
v 20.10249 1.35127 2.42160
v 20.10250 1.74950 2.19879
v 20.47508 0.88230 1.10898
v 20.47508 0.46385 1.30365
v 20.10249 0.91976 2.58479
v 20.10249 1.35127 2.42160
v 20.47508 0.68146 1.22135
v 20.47508 0.23482 1.35386
v 20.10249 0.46561 2.68434
v 20.10249 0.91976 2.58479
v 20.47508 0.46385 1.30365
v 20.47508 0.00000 1.37073
v 20.10249 0.00000 2.71780
v 20.10249 0.46561 2.68434
v 20.47508 0.23482 1.35386
v 20.47508 -0.23482 1.35386
v 20.10249 -0.46561 2.68434
v 20.10249 0.00000 2.71780
v 20.47508 0.00000 1.37073
v 20.47508 -0.46385 1.30365
v 20.10249 -0.91976 2.58479
v 20.10249 -0.46561 2.68434
v 20.47508 -0.23482 1.35386
v 20.47508 -0.68146 1.22135
v 20.10249 -1.35127 2.42160
v 20.10249 -0.91976 2.58479
v 20.47508 -0.46385 1.30365
v 20.47508 -0.88229 1.10898
v 20.10250 -1.74949 2.19878
v 20.10249 -1.35127 2.42160
v 20.47508 -0.68146 1.22135
v 20.47509 -1.06140 0.96931
v 20.10250 -2.10465 1.92183
v 20.10250 -1.74949 2.19878
v 20.47508 -0.88229 1.10898
v 20.47509 -1.21437 0.80578
v 20.10250 -2.40797 1.59756
v 20.10250 -2.10465 1.92183
v 20.47509 -1.06140 0.96931
v 20.47509 -1.33745 0.62241
v 20.10250 -2.65201 1.23396
v 20.10250 -2.40797 1.59756
v 20.47509 -1.21437 0.80578
v 20.47509 -1.42758 0.42372
v 20.10251 -2.83074 0.83998
v 20.10250 -2.65201 1.23396
v 20.47509 -1.33745 0.62241
v 20.47509 -1.48257 0.21460
v 20.10251 -2.93977 0.42533
v 20.10251 -2.83074 0.83998
v 20.47509 -1.42758 0.42372
v 20.47510 -1.50105 0.00020
v 20.10252 -2.97642 0.00020
v 20.10251 -2.93977 0.42533
v 20.47509 -1.48257 0.21460
v 20.47510 -1.48257 -0.21419
v 20.10252 -2.93977 -0.42493
v 20.10252 -2.97642 0.00020
v 20.47510 -1.50105 0.00020
v 20.47510 -1.42758 -0.42331
v 20.10253 -2.83074 -0.83959
v 20.10252 -2.93977 -0.42493
v 20.47510 -1.48257 -0.21419
v 20.47510 -1.33744 -0.62200
v 20.10253 -2.65201 -1.23357
v 20.10253 -2.83074 -0.83959
v 20.47510 -1.42758 -0.42331
v 20.47510 -1.21437 -0.80537
v 20.10253 -2.40797 -1.59717
v 20.10253 -2.65201 -1.23357
v 20.47510 -1.33744 -0.62200
v 20.47511 -1.06140 -0.96890
v 20.10254 -2.10464 -1.92143
v 20.10253 -2.40797 -1.59717
v 20.47510 -1.21437 -0.80537
v 20.47511 -0.88229 -1.10857
v 20.10254 -1.74949 -2.19838
v 20.10254 -2.10464 -1.92143
v 20.47511 -1.06140 -0.96890
v 20.47511 -0.68146 -1.22094
v 20.10254 -1.35126 -2.42120
v 20.10254 -1.74949 -2.19838
v 20.47511 -0.88229 -1.10857
v 20.47511 -0.46385 -1.30324
v 20.10254 -0.91976 -2.58439
v 20.10254 -1.35126 -2.42120
v 20.47511 -0.68146 -1.22094
v 20.47511 -0.23481 -1.35345
v 20.10254 -0.46561 -2.68394
v 20.10254 -0.91976 -2.58439
v 20.47511 -0.46385 -1.30324
v 20.47511 0.00000 -1.37032
v 20.10254 0.00000 -2.71740
v 20.10254 -0.46561 -2.68394
v 20.47511 -0.23481 -1.35345
v 20.10254 0.46562 -2.68394
v 19.48868 0.68845 -3.96851
v 19.48868 0.00000 -4.01798
v 20.10254 0.00000 -2.71740
v 20.10254 0.91977 -2.58439
v 19.48868 1.35994 -3.82132
v 19.48868 0.68845 -3.96851
v 20.10254 0.46562 -2.68394
v 20.10254 1.35127 -2.42120
v 19.48868 1.99795 -3.58003
v 19.48868 1.35994 -3.82132
v 20.10254 0.91977 -2.58439
v 20.10254 1.74950 -2.19838
v 19.48867 2.58676 -3.25058
v 19.48868 1.99795 -3.58003
v 20.10254 1.35127 -2.42120
v 20.10254 2.10465 -1.92143
v 19.48867 3.11188 -2.84108
v 19.48867 2.58676 -3.25058
v 20.10254 1.74950 -2.19838
v 20.10253 2.40798 -1.59716
v 19.48866 3.56037 -2.36163
v 19.48867 3.11188 -2.84108
v 20.10254 2.10465 -1.92143
v 20.10253 2.65201 -1.23356
v 19.48866 3.92120 -1.82402
v 19.48866 3.56037 -2.36163
v 20.10253 2.40798 -1.59716
v 20.10253 2.83075 -0.83958
v 19.48865 4.18547 -1.24149
v 19.48866 3.92120 -1.82402
v 20.10253 2.65201 -1.23356
v 20.10252 2.93978 -0.42492
v 19.48865 4.34668 -0.62838
v 19.48865 4.18547 -1.24149
v 20.10253 2.83075 -0.83958
v 20.10252 2.97642 0.00020
v 19.48864 4.40086 0.00020
v 19.48865 4.34668 -0.62838
v 20.10252 2.93978 -0.42492
v 20.10251 2.93978 0.42533
v 19.48863 4.34668 0.62878
v 19.48864 4.40086 0.00020
v 20.10252 2.97642 0.00020
v 20.10251 2.83074 0.83999
v 19.48863 4.18547 1.24188
v 19.48863 4.34668 0.62878
v 20.10251 2.93978 0.42533
v 20.10250 2.65201 1.23397
v 19.48862 3.92120 1.82441
v 19.48863 4.18547 1.24188
v 20.10251 2.83074 0.83999
v 20.10250 2.40797 1.59757
v 19.48862 3.56037 2.36202
v 19.48862 3.92120 1.82441
v 20.10250 2.65201 1.23397
v 20.10250 2.10465 1.92184
v 19.48861 3.11188 2.84148
v 19.48862 3.56037 2.36202
v 20.10250 2.40797 1.59757
v 20.10250 1.74950 2.19879
v 19.48861 2.58676 3.25097
v 19.48861 3.11188 2.84148
v 20.10250 2.10465 1.92184
v 20.10249 1.35127 2.42160
v 19.48861 1.99795 3.58042
v 19.48861 2.58676 3.25097
v 20.10250 1.74950 2.19879
v 20.10249 0.91976 2.58479
v 19.48860 1.35994 3.82171
v 19.48861 1.99795 3.58042
v 20.10249 1.35127 2.42160
v 20.10249 0.46561 2.68434
v 19.48860 0.68845 3.96890
v 19.48860 1.35994 3.82171
v 20.10249 0.91976 2.58479
v 20.10249 0.00000 2.71780
v 19.48860 -0.00000 4.01837
v 19.48860 0.68845 3.96890
v 20.10249 0.46561 2.68434
v 20.10249 -0.46561 2.68434
v 19.48860 -0.68845 3.96890
v 19.48860 -0.00000 4.01837
v 20.10249 0.00000 2.71780
v 20.10249 -0.91976 2.58479
v 19.48860 -1.35994 3.82171
v 19.48860 -0.68845 3.96890
v 20.10249 -0.46561 2.68434
v 20.10249 -1.35127 2.42160
v 19.48861 -1.99795 3.58042
v 19.48860 -1.35994 3.82171
v 20.10249 -0.91976 2.58479
v 20.10250 -1.74949 2.19878
v 19.48861 -2.58676 3.25097
v 19.48861 -1.99795 3.58042
v 20.10249 -1.35127 2.42160
v 20.10250 -2.10465 1.92183
v 19.48861 -3.11188 2.84147
v 19.48861 -2.58676 3.25097
v 20.10250 -1.74949 2.19878
v 20.10250 -2.40797 1.59756
v 19.48862 -3.56037 2.36202
v 19.48861 -3.11188 2.84147
v 20.10250 -2.10465 1.92183
v 20.10250 -2.65201 1.23396
v 19.48862 -3.92119 1.82441
v 19.48862 -3.56037 2.36202
v 20.10250 -2.40797 1.59756
v 20.10251 -2.83074 0.83998
v 19.48863 -4.18547 1.24188
v 19.48862 -3.92119 1.82441
v 20.10250 -2.65201 1.23396
v 20.10251 -2.93977 0.42533
v 19.48863 -4.34668 0.62877
v 19.48863 -4.18547 1.24188
v 20.10251 -2.83074 0.83998
v 20.10252 -2.97642 0.00020
v 19.48864 -4.40086 0.00019
v 19.48863 -4.34668 0.62877
v 20.10251 -2.93977 0.42533
v 20.10252 -2.93977 -0.42493
v 19.48865 -4.34668 -0.62839
v 19.48864 -4.40086 0.00019
v 20.10252 -2.97642 0.00020
v 20.10253 -2.83074 -0.83959
v 19.48865 -4.18546 -1.24149
v 19.48865 -4.34668 -0.62839
v 20.10252 -2.93977 -0.42493
v 20.10253 -2.65201 -1.23357
v 19.48866 -3.92119 -1.82402
v 19.48865 -4.18546 -1.24149
v 20.10253 -2.83074 -0.83959
v 20.10253 -2.40797 -1.59717
v 19.48866 -3.56037 -2.36163
v 19.48866 -3.92119 -1.82402
v 20.10253 -2.65201 -1.23357
v 20.10254 -2.10464 -1.92143
v 19.48867 -3.11187 -2.84109
v 19.48866 -3.56037 -2.36163
v 20.10253 -2.40797 -1.59717
v 20.10254 -1.74949 -2.19838
v 19.48867 -2.58676 -3.25058
v 19.48867 -3.11187 -2.84109
v 20.10254 -2.10464 -1.92143
v 20.10254 -1.35126 -2.42120
v 19.48868 -1.99794 -3.58003
v 19.48867 -2.58676 -3.25058
v 20.10254 -1.74949 -2.19838
v 20.10254 -0.91976 -2.58439
v 19.48868 -1.35994 -3.82132
v 19.48868 -1.99794 -3.58003
v 20.10254 -1.35126 -2.42120
v 20.10254 -0.46561 -2.68394
v 19.48868 -0.68844 -3.96851
v 19.48868 -1.35994 -3.82132
v 20.10254 -0.91976 -2.58439
v 20.10254 0.00000 -2.71740
v 19.48868 0.00001 -4.01798
v 19.48868 -0.68844 -3.96851
v 20.10254 -0.46561 -2.68394
v 19.48868 0.68845 -3.96851
v 18.64402 0.89950 -5.18518
v 18.64402 0.00000 -5.24981
v 19.48868 0.00000 -4.01798
v 19.48868 1.35994 -3.82132
v 18.64402 1.77685 -4.99286
v 18.64402 0.89950 -5.18518
v 19.48868 0.68845 -3.96851
v 19.48868 1.99795 -3.58003
v 18.64402 2.61045 -4.67760
v 18.64402 1.77685 -4.99286
v 19.48868 1.35994 -3.82132
v 19.48867 2.58676 -3.25058
v 18.64401 3.37977 -4.24715
v 18.64402 2.61045 -4.67760
v 19.48868 1.99795 -3.58003
v 19.48867 3.11188 -2.84108
v 18.64401 4.06587 -3.71212
v 18.64401 3.37977 -4.24715
v 19.48867 2.58676 -3.25058
v 19.48866 3.56037 -2.36163
v 18.64400 4.65185 -3.08568
v 18.64401 4.06587 -3.71212
v 19.48867 3.11188 -2.84108
v 19.48866 3.92120 -1.82402
v 18.64399 5.12329 -2.38326
v 18.64400 4.65185 -3.08568
v 19.48866 3.56037 -2.36163
v 19.48865 4.18547 -1.24149
v 18.64399 5.46858 -1.62215
v 18.64399 5.12329 -2.38326
v 19.48866 3.92120 -1.82402
v 19.48865 4.34668 -0.62838
v 18.64398 5.67921 -0.82109
v 18.64399 5.46858 -1.62215
v 19.48865 4.18547 -1.24149
v 19.48864 4.40086 0.00020
v 18.64397 5.75000 0.00019
v 18.64398 5.67921 -0.82109
v 19.48865 4.34668 -0.62838
v 19.48863 4.34668 0.62878
v 18.64396 5.67921 0.82147
v 18.64397 5.75000 0.00019
v 19.48864 4.40086 0.00020
v 19.48863 4.18547 1.24188
v 18.64395 5.46858 1.62253
v 18.64396 5.67921 0.82147
v 19.48863 4.34668 0.62878
v 19.48862 3.92120 1.82441
v 18.64395 5.12329 2.38364
v 18.64395 5.46858 1.62253
v 19.48863 4.18547 1.24188
v 19.48862 3.56037 2.36202
v 18.64394 4.65185 3.08606
v 18.64395 5.12329 2.38364
v 19.48862 3.92120 1.82441
v 19.48861 3.11188 2.84148
v 18.64393 4.06586 3.71250
v 18.64394 4.65185 3.08606
v 19.48862 3.56037 2.36202
v 19.48861 2.58676 3.25097
v 18.64393 3.37976 4.24753
v 18.64393 4.06586 3.71250
v 19.48861 3.11188 2.84148
v 19.48861 1.99795 3.58042
v 18.64392 2.61044 4.67797
v 18.64393 3.37976 4.24753
v 19.48861 2.58676 3.25097
v 19.48860 1.35994 3.82171
v 18.64392 1.77685 4.99323
v 18.64392 2.61044 4.67797
v 19.48861 1.99795 3.58042
v 19.48860 0.68845 3.96890
v 18.64392 0.89950 5.18555
v 18.64392 1.77685 4.99323
v 19.48860 1.35994 3.82171
v 19.48860 -0.00000 4.01837
v 18.64392 -0.00000 5.25019
v 18.64392 0.89950 5.18555
v 19.48860 0.68845 3.96890
v 19.48860 -0.68845 3.96890
v 18.64392 -0.89950 5.18555
v 18.64392 -0.00000 5.25019
v 19.48860 -0.00000 4.01837
v 19.48860 -1.35994 3.82171
v 18.64392 -1.77685 4.99323
v 18.64392 -0.89950 5.18555
v 19.48860 -0.68845 3.96890
v 19.48861 -1.99795 3.58042
v 18.64392 -2.61045 4.67797
v 18.64392 -1.77685 4.99323
v 19.48860 -1.35994 3.82171
v 19.48861 -2.58676 3.25097
v 18.64393 -3.37977 4.24752
v 18.64392 -2.61045 4.67797
v 19.48861 -1.99795 3.58042
v 19.48861 -3.11188 2.84147
v 18.64393 -4.06587 3.71249
v 18.64393 -3.37977 4.24752
v 19.48861 -2.58676 3.25097
v 19.48862 -3.56037 2.36202
v 18.64394 -4.65185 3.08606
v 18.64393 -4.06587 3.71249
v 19.48861 -3.11188 2.84147
v 19.48862 -3.92119 1.82441
v 18.64395 -5.12329 2.38363
v 18.64394 -4.65185 3.08606
v 19.48862 -3.56037 2.36202
v 19.48863 -4.18547 1.24188
v 18.64396 -5.46857 1.62252
v 18.64395 -5.12329 2.38363
v 19.48862 -3.92119 1.82441
v 19.48863 -4.34668 0.62877
v 18.64396 -5.67921 0.82146
v 18.64396 -5.46857 1.62252
v 19.48863 -4.18547 1.24188
v 19.48864 -4.40086 0.00019
v 18.64397 -5.75000 0.00018
v 18.64396 -5.67921 0.82146
v 19.48863 -4.34668 0.62877
v 19.48865 -4.34668 -0.62839
v 18.64398 -5.67921 -0.82110
v 18.64397 -5.75000 0.00018
v 19.48864 -4.40086 0.00019
v 19.48865 -4.18546 -1.24149
v 18.64399 -5.46857 -1.62216
v 18.64398 -5.67921 -0.82110
v 19.48865 -4.34668 -0.62839
v 19.48866 -3.92119 -1.82402
v 18.64400 -5.12328 -2.38327
v 18.64399 -5.46857 -1.62216
v 19.48865 -4.18546 -1.24149
v 19.48866 -3.56037 -2.36163
v 18.64400 -4.65184 -3.08569
v 18.64400 -5.12328 -2.38327
v 19.48866 -3.92119 -1.82402
v 19.48867 -3.11187 -2.84109
v 18.64401 -4.06586 -3.71213
v 18.64400 -4.65184 -3.08569
v 19.48866 -3.56037 -2.36163
v 19.48867 -2.58676 -3.25058
v 18.64401 -3.37976 -4.24715
v 18.64401 -4.06586 -3.71213
v 19.48867 -3.11187 -2.84109
v 19.48868 -1.99794 -3.58003
v 18.64402 -2.61044 -4.67760
v 18.64401 -3.37976 -4.24715
v 19.48867 -2.58676 -3.25058
v 19.48868 -1.35994 -3.82132
v 18.64402 -1.77684 -4.99286
v 18.64402 -2.61044 -4.67760
v 19.48868 -1.99794 -3.58003
v 19.48868 -0.68844 -3.96851
v 18.64402 -0.89949 -5.18518
v 18.64402 -1.77684 -4.99286
v 19.48868 -1.35994 -3.82132
v 19.48868 0.00001 -4.01798
v 18.64402 0.00001 -5.24981
v 18.64402 -0.89949 -5.18518
v 19.48868 -0.68844 -3.96851
v 18.64402 0.89950 -5.18518
v 17.58302 1.09517 -6.31312
v 17.58302 0.00001 -6.39182
v 18.64402 0.00000 -5.24981
v 18.64402 1.77685 -4.99286
v 17.58302 2.16336 -6.07897
v 17.58302 1.09517 -6.31312
v 18.64402 0.89950 -5.18518
v 18.64402 2.61045 -4.67760
v 17.58302 3.17828 -5.69513
v 17.58302 2.16336 -6.07897
v 18.64402 1.77685 -4.99286
v 18.64401 3.37977 -4.24715
v 17.58301 4.11495 -5.17105
v 17.58302 3.17828 -5.69513
v 18.64402 2.61045 -4.67760
v 18.64401 4.06587 -3.71212
v 17.58300 4.95029 -4.51964
v 17.58301 4.11495 -5.17105
v 18.64401 3.37977 -4.24715
v 18.64400 4.65185 -3.08568
v 17.58300 5.66374 -3.75694
v 17.58300 4.95029 -4.51964
v 18.64401 4.06587 -3.71212
v 18.64399 5.12329 -2.38326
v 17.58299 6.23772 -2.90173
v 17.58300 5.66374 -3.75694
v 18.64400 4.65185 -3.08568
v 18.64399 5.46858 -1.62215
v 17.58298 6.65812 -1.97506
v 17.58299 6.23772 -2.90173
v 18.64399 5.12329 -2.38326
v 18.64398 5.67921 -0.82109
v 17.58297 6.91457 -0.99975
v 17.58298 6.65812 -1.97506
v 18.64399 5.46858 -1.62215
v 18.64397 5.75000 0.00019
v 17.58296 7.00076 0.00018
v 17.58297 6.91457 -0.99975
v 18.64398 5.67921 -0.82109
v 18.64396 5.67921 0.82147
v 17.58295 6.91457 1.00011
v 17.58296 7.00076 0.00018
v 18.64397 5.75000 0.00019
v 18.64395 5.46858 1.62253
v 17.58294 6.65812 1.97542
v 17.58295 6.91457 1.00011
v 18.64396 5.67921 0.82147
v 18.64395 5.12329 2.38364
v 17.58293 6.23772 2.90209
v 17.58294 6.65812 1.97542
v 18.64395 5.46858 1.62253
v 18.64394 4.65185 3.08606
v 17.58292 5.66373 3.75730
v 17.58293 6.23772 2.90209
v 18.64395 5.12329 2.38364
v 18.64393 4.06586 3.71250
v 17.58291 4.95028 4.52000
v 17.58292 5.66373 3.75730
v 18.64394 4.65185 3.08606
v 18.64393 3.37976 4.24753
v 17.58291 4.11494 5.17141
v 17.58291 4.95028 4.52000
v 18.64393 4.06586 3.71250
v 18.64392 2.61044 4.67797
v 17.58290 3.17827 5.69549
v 17.58291 4.11494 5.17141
v 18.64393 3.37976 4.24753
v 18.64392 1.77685 4.99323
v 17.58290 2.16335 6.07933
v 17.58290 3.17827 5.69549
v 18.64392 2.61044 4.67797
v 18.64392 0.89950 5.18555
v 17.58290 1.09516 6.31348
v 17.58290 2.16335 6.07933
v 18.64392 1.77685 4.99323
v 18.64392 -0.00000 5.25019
v 17.58290 -0.00000 6.39217
v 17.58290 1.09516 6.31348
v 18.64392 0.89950 5.18555
v 18.64392 -0.89950 5.18555
v 17.58290 -1.09516 6.31347
v 17.58290 -0.00000 6.39217
v 18.64392 -0.00000 5.25019
v 18.64392 -1.77685 4.99323
v 17.58290 -2.16336 6.07932
v 17.58290 -1.09516 6.31347
v 18.64392 -0.89950 5.18555
v 18.64392 -2.61045 4.67797
v 17.58290 -3.17828 5.69548
v 17.58290 -2.16336 6.07932
v 18.64392 -1.77685 4.99323
v 18.64393 -3.37977 4.24752
v 17.58291 -4.11494 5.17141
v 17.58290 -3.17828 5.69548
v 18.64392 -2.61045 4.67797
v 18.64393 -4.06587 3.71249
v 17.58291 -4.95028 4.52000
v 17.58291 -4.11494 5.17141
v 18.64393 -3.37977 4.24752
v 18.64394 -4.65185 3.08606
v 17.58292 -5.66373 3.75729
v 17.58291 -4.95028 4.52000
v 18.64393 -4.06587 3.71249
v 18.64395 -5.12329 2.38363
v 17.58293 -6.23772 2.90208
v 17.58292 -5.66373 3.75729
v 18.64394 -4.65185 3.08606
v 18.64396 -5.46857 1.62252
v 17.58294 -6.65812 1.97540
v 17.58293 -6.23772 2.90208
v 18.64395 -5.12329 2.38363
v 18.64396 -5.67921 0.82146
v 17.58295 -6.91457 1.00010
v 17.58294 -6.65812 1.97540
v 18.64396 -5.46857 1.62252
v 18.64397 -5.75000 0.00018
v 17.58296 -7.00076 0.00017
v 17.58295 -6.91457 1.00010
v 18.64396 -5.67921 0.82146
v 18.64398 -5.67921 -0.82110
v 17.58297 -6.91456 -0.99976
v 17.58296 -7.00076 0.00017
v 18.64397 -5.75000 0.00018
v 18.64399 -5.46857 -1.62216
v 17.58298 -6.65811 -1.97506
v 17.58297 -6.91456 -0.99976
v 18.64398 -5.67921 -0.82110
v 18.64400 -5.12328 -2.38327
v 17.58299 -6.23772 -2.90173
v 17.58298 -6.65811 -1.97506
v 18.64399 -5.46857 -1.62216
v 18.64400 -4.65184 -3.08569
v 17.58300 -5.66373 -3.75695
v 17.58299 -6.23772 -2.90173
v 18.64400 -5.12328 -2.38327
v 18.64401 -4.06586 -3.71213
v 17.58300 -4.95028 -4.51965
v 17.58300 -5.66373 -3.75695
v 18.64400 -4.65184 -3.08569
v 18.64401 -3.37976 -4.24715
v 17.58301 -4.11494 -5.17106
v 17.58300 -4.95028 -4.51965
v 18.64401 -4.06586 -3.71213
v 18.64402 -2.61044 -4.67760
v 17.58302 -3.17827 -5.69514
v 17.58301 -4.11494 -5.17106
v 18.64401 -3.37976 -4.24715
v 18.64402 -1.77684 -4.99286
v 17.58302 -2.16335 -6.07897
v 17.58302 -3.17827 -5.69514
v 18.64402 -2.61044 -4.67760
v 18.64402 -0.89949 -5.18518
v 17.58302 -1.09515 -6.31312
v 17.58302 -2.16335 -6.07897
v 18.64402 -1.77684 -4.99286
v 18.64402 0.00001 -5.24981
v 17.58302 0.00001 -6.39182
v 17.58302 -1.09515 -6.31312
v 18.64402 -0.89949 -5.18518
v 17.58302 1.09517 -6.31312
v 16.32383 1.27209 -7.33305
v 16.32383 0.00001 -7.42446
v 17.58302 0.00001 -6.39182
v 17.58302 2.16336 -6.07897
v 16.32383 2.51285 -7.06107
v 16.32383 1.27209 -7.33305
v 17.58302 1.09517 -6.31312
v 17.58302 3.17828 -5.69513
v 16.32382 3.69173 -6.61522
v 16.32383 2.51285 -7.06107
v 17.58302 2.16336 -6.07897
v 17.58301 4.11495 -5.17105
v 16.32382 4.77971 -6.00648
v 16.32382 3.69173 -6.61522
v 17.58302 3.17828 -5.69513
v 17.58300 4.95029 -4.51964
v 16.32381 5.75000 -5.24983
v 16.32382 4.77971 -6.00648
v 17.58301 4.11495 -5.17105
v 17.58300 5.66374 -3.75694
v 16.32380 6.57871 -4.36392
v 16.32381 5.75000 -5.24983
v 17.58300 4.95029 -4.51964
v 17.58299 6.23772 -2.90173
v 16.32379 7.24543 -3.37054
v 16.32380 6.57871 -4.36392
v 17.58300 5.66374 -3.75694
v 17.58298 6.65812 -1.97506
v 16.32378 7.73374 -2.29417
v 16.32379 7.24543 -3.37054
v 17.58299 6.23772 -2.90173
v 17.58297 6.91457 -0.99975
v 16.32377 8.03162 -1.16130
v 16.32378 7.73374 -2.29417
v 17.58298 6.65812 -1.97506
v 17.58296 7.00076 0.00018
v 16.32376 8.13173 0.00017
v 16.32377 8.03162 -1.16130
v 17.58297 6.91457 -0.99975
v 17.58295 6.91457 1.00011
v 16.32375 8.03161 1.16164
v 16.32376 8.13173 0.00017
v 17.58296 7.00076 0.00018
v 17.58294 6.65812 1.97542
v 16.32373 7.73373 2.29450
v 16.32375 8.03161 1.16164
v 17.58295 6.91457 1.00011
v 17.58293 6.23772 2.90209
v 16.32372 7.24542 3.37088
v 16.32373 7.73373 2.29450
v 17.58294 6.65812 1.97542
v 17.58292 5.66373 3.75730
v 16.32372 6.57870 4.36425
v 16.32372 7.24542 3.37088
v 17.58293 6.23772 2.90209
v 17.58291 4.95028 4.52000
v 16.32371 5.75000 5.25017
v 16.32372 6.57870 4.36425
v 17.58292 5.66373 3.75730
v 17.58291 4.11494 5.17141
v 16.32370 4.77971 6.00681
v 16.32371 5.75000 5.25017
v 17.58291 4.95028 4.52000
v 17.58290 3.17827 5.69549
v 16.32369 3.69172 6.61555
v 16.32370 4.77971 6.00681
v 17.58291 4.11494 5.17141
v 17.58290 2.16335 6.07933
v 16.32369 2.51284 7.06140
v 16.32369 3.69172 6.61555
v 17.58290 3.17827 5.69549
v 17.58290 1.09516 6.31348
v 16.32368 1.27208 7.33338
v 16.32369 2.51284 7.06140
v 17.58290 2.16335 6.07933
v 17.58290 -0.00000 6.39217
v 16.32368 -0.00000 7.42478
v 16.32368 1.27208 7.33338
v 17.58290 1.09516 6.31348
v 17.58290 -1.09516 6.31347
v 16.32368 -1.27209 7.33337
v 16.32368 -0.00000 7.42478
v 17.58290 -0.00000 6.39217
v 17.58290 -2.16336 6.07932
v 16.32369 -2.51285 7.06140
v 16.32368 -1.27209 7.33337
v 17.58290 -1.09516 6.31347
v 17.58290 -3.17828 5.69548
v 16.32369 -3.69173 6.61555
v 16.32369 -2.51285 7.06140
v 17.58290 -2.16336 6.07932
v 17.58291 -4.11494 5.17141
v 16.32370 -4.77971 6.00680
v 16.32369 -3.69173 6.61555
v 17.58290 -3.17828 5.69548
v 17.58291 -4.95028 4.52000
v 16.32371 -5.75000 5.25016
v 16.32370 -4.77971 6.00680
v 17.58291 -4.11494 5.17141
v 17.58292 -5.66373 3.75729
v 16.32372 -6.57871 4.36424
v 16.32371 -5.75000 5.25016
v 17.58291 -4.95028 4.52000
v 17.58293 -6.23772 2.90208
v 16.32373 -7.24542 3.37086
v 16.32372 -6.57871 4.36424
v 17.58292 -5.66373 3.75729
v 17.58294 -6.65812 1.97540
v 16.32374 -7.73373 2.29449
v 16.32373 -7.24542 3.37086
v 17.58293 -6.23772 2.90208
v 17.58295 -6.91457 1.00010
v 16.32375 -8.03161 1.16163
v 16.32374 -7.73373 2.29449
v 17.58294 -6.65812 1.97540
v 17.58296 -7.00076 0.00017
v 16.32376 -8.13173 0.00016
v 16.32375 -8.03161 1.16163
v 17.58295 -6.91457 1.00010
v 17.58297 -6.91456 -0.99976
v 16.32377 -8.03161 -1.16131
v 16.32376 -8.13173 0.00016
v 17.58296 -7.00076 0.00017
v 17.58298 -6.65811 -1.97506
v 16.32378 -7.73373 -2.29418
v 16.32377 -8.03161 -1.16131
v 17.58297 -6.91456 -0.99976
v 17.58299 -6.23772 -2.90173
v 16.32379 -7.24542 -3.37055
v 16.32378 -7.73373 -2.29418
v 17.58298 -6.65811 -1.97506
v 17.58300 -5.66373 -3.75695
v 16.32380 -6.57870 -4.36392
v 16.32379 -7.24542 -3.37055
v 17.58299 -6.23772 -2.90173
v 17.58300 -4.95028 -4.51965
v 16.32381 -5.74999 -5.24984
v 16.32380 -6.57870 -4.36392
v 17.58300 -5.66373 -3.75695
v 17.58301 -4.11494 -5.17106
v 16.32382 -4.77971 -6.00648
v 16.32381 -5.74999 -5.24984
v 17.58300 -4.95028 -4.51965
v 17.58302 -3.17827 -5.69514
v 16.32383 -3.69172 -6.61522
v 16.32382 -4.77971 -6.00648
v 17.58301 -4.11494 -5.17106
v 17.58302 -2.16335 -6.07897
v 16.32383 -2.51284 -7.06107
v 16.32383 -3.69172 -6.61522
v 17.58302 -3.17827 -5.69514
v 17.58302 -1.09515 -6.31312
v 16.32383 -1.27208 -7.33305
v 16.32383 -2.51284 -7.06107
v 17.58302 -2.16335 -6.07897
v 17.58302 0.00001 -6.39182
v 16.32383 0.00001 -7.42446
v 16.32383 -1.27208 -7.33305
v 17.58302 -1.09515 -6.31312
v 16.32383 1.27209 -7.33305
v 14.88800 1.42725 -8.22750
v 14.88800 0.00001 -8.33006
v 16.32383 0.00001 -7.42446
v 16.32383 2.51285 -7.06107
v 14.88799 2.81934 -7.92235
v 14.88800 1.42725 -8.22750
v 16.32383 1.27209 -7.33305
v 16.32382 3.69173 -6.61522
v 14.88799 4.14202 -7.42212
v 14.88799 2.81934 -7.92235
v 16.32383 2.51285 -7.06107
v 16.32382 4.77971 -6.00648
v 14.88798 5.36270 -6.73913
v 14.88799 4.14202 -7.42212
v 16.32382 3.69173 -6.61522
v 16.32381 5.75000 -5.24983
v 14.88797 6.45134 -5.89020
v 14.88798 5.36270 -6.73913
v 16.32382 4.77971 -6.00648
v 16.32380 6.57871 -4.36392
v 14.88796 7.38112 -4.89622
v 14.88797 6.45134 -5.89020
v 16.32381 5.75000 -5.24983
v 16.32379 7.24543 -3.37054
v 14.88795 8.12916 -3.78168
v 14.88796 7.38112 -4.89622
v 16.32380 6.57871 -4.36392
v 16.32378 7.73374 -2.29417
v 14.88794 8.67703 -2.57402
v 14.88795 8.12916 -3.78168
v 16.32379 7.24543 -3.37054
v 16.32377 8.03162 -1.16130
v 14.88793 9.01124 -1.30298
v 14.88794 8.67703 -2.57402
v 16.32378 7.73374 -2.29417
v 16.32376 8.13173 0.00017
v 14.88791 9.12357 0.00015
v 14.88793 9.01124 -1.30298
v 16.32377 8.03162 -1.16130
v 16.32375 8.03161 1.16164
v 14.88790 9.01124 1.30329
v 14.88791 9.12357 0.00015
v 16.32376 8.13173 0.00017
v 16.32373 7.73373 2.29450
v 14.88789 8.67702 2.57433
v 14.88790 9.01124 1.30329
v 16.32375 8.03161 1.16164
v 16.32372 7.24542 3.37088
v 14.88788 8.12915 3.78199
v 14.88789 8.67702 2.57433
v 16.32373 7.73373 2.29450
v 16.32372 6.57870 4.36425
v 14.88787 7.38112 4.89653
v 14.88788 8.12915 3.78199
v 16.32372 7.24542 3.37088
v 16.32371 5.75000 5.25017
v 14.88786 6.45133 5.89050
v 14.88787 7.38112 4.89653
v 16.32372 6.57870 4.36425
v 16.32370 4.77971 6.00681
v 14.88785 5.36269 6.73943
v 14.88786 6.45133 5.89050
v 16.32371 5.75000 5.25017
v 16.32369 3.69172 6.61555
v 14.88784 4.14201 7.42242
v 14.88785 5.36269 6.73943
v 16.32370 4.77971 6.00681
v 16.32369 2.51284 7.06140
v 14.88784 2.81933 7.92265
v 14.88784 4.14201 7.42242
v 16.32369 3.69172 6.61555
v 16.32368 1.27208 7.33338
v 14.88783 1.42724 8.22780
v 14.88784 2.81933 7.92265
v 16.32369 2.51284 7.06140
v 16.32368 -0.00000 7.42478
v 14.88783 -0.00000 8.33036
v 14.88783 1.42724 8.22780
v 16.32368 1.27208 7.33338
v 16.32368 -1.27209 7.33337
v 14.88783 -1.42724 8.22780
v 14.88783 -0.00000 8.33036
v 16.32368 -0.00000 7.42478
v 16.32369 -2.51285 7.06140
v 14.88784 -2.81934 7.92265
v 14.88783 -1.42724 8.22780
v 16.32368 -1.27209 7.33337
v 16.32369 -3.69173 6.61555
v 14.88784 -4.14201 7.42242
v 14.88784 -2.81934 7.92265
v 16.32369 -2.51285 7.06140
v 16.32370 -4.77971 6.00680
v 14.88785 -5.36270 6.73943
v 14.88784 -4.14201 7.42242
v 16.32369 -3.69173 6.61555
v 16.32371 -5.75000 5.25016
v 14.88786 -6.45134 5.89049
v 14.88785 -5.36270 6.73943
v 16.32370 -4.77971 6.00680
v 16.32372 -6.57871 4.36424
v 14.88787 -7.38112 4.89652
v 14.88786 -6.45134 5.89049
v 16.32371 -5.75000 5.25016
v 16.32373 -7.24542 3.37086
v 14.88788 -8.12916 3.78198
v 14.88787 -7.38112 4.89652
v 16.32372 -6.57871 4.36424
v 16.32374 -7.73373 2.29449
v 14.88789 -8.67703 2.57432
v 14.88788 -8.12916 3.78198
v 16.32373 -7.24542 3.37086
v 16.32375 -8.03161 1.16163
v 14.88790 -9.01124 1.30328
v 14.88789 -8.67703 2.57432
v 16.32374 -7.73373 2.29449
v 16.32376 -8.13173 0.00016
v 14.88792 -9.12356 0.00014
v 14.88790 -9.01124 1.30328
v 16.32375 -8.03161 1.16163
v 16.32377 -8.03161 -1.16131
v 14.88793 -9.01124 -1.30299
v 14.88792 -9.12356 0.00014
v 16.32376 -8.13173 0.00016
v 16.32378 -7.73373 -2.29418
v 14.88794 -8.67702 -2.57403
v 14.88793 -9.01124 -1.30299
v 16.32377 -8.03161 -1.16131
v 16.32379 -7.24542 -3.37055
v 14.88795 -8.12915 -3.78169
v 14.88794 -8.67702 -2.57403
v 16.32378 -7.73373 -2.29418
v 16.32380 -6.57870 -4.36392
v 14.88797 -7.38111 -4.89623
v 14.88795 -8.12915 -3.78169
v 16.32379 -7.24542 -3.37055
v 16.32381 -5.74999 -5.24984
v 14.88798 -6.45133 -5.89020
v 14.88797 -7.38111 -4.89623
v 16.32380 -6.57870 -4.36392
v 16.32382 -4.77971 -6.00648
v 14.88798 -5.36269 -6.73914
v 14.88798 -6.45133 -5.89020
v 16.32381 -5.74999 -5.24984
v 16.32383 -3.69172 -6.61522
v 14.88799 -4.14201 -7.42213
v 14.88798 -5.36269 -6.73914
v 16.32382 -4.77971 -6.00648
v 16.32383 -2.51284 -7.06107
v 14.88800 -2.81933 -7.92235
v 14.88799 -4.14201 -7.42213
v 16.32383 -3.69172 -6.61522
v 16.32383 -1.27208 -7.33305
v 14.88800 -1.42723 -8.22750
v 14.88800 -2.81933 -7.92235
v 16.32383 -2.51284 -7.06107
v 16.32383 0.00001 -7.42446
v 14.88800 0.00001 -8.33006
v 14.88800 -1.42723 -8.22750
v 16.32383 -1.27208 -7.33305
v 14.88800 1.42725 -8.22750
v 13.30009 1.55798 -8.98118
v 13.30009 0.00001 -9.09313
v 14.88800 0.00001 -8.33006
v 14.88799 2.81934 -7.92235
v 13.30009 3.07760 -8.64808
v 13.30009 1.55798 -8.98118
v 14.88800 1.42725 -8.22750
v 14.88799 4.14202 -7.42212
v 13.30008 4.52143 -8.10203
v 13.30009 3.07760 -8.64808
v 14.88799 2.81934 -7.92235
v 14.88798 5.36270 -6.73913
v 13.30007 5.85393 -7.35647
v 13.30008 4.52143 -8.10203
v 14.88799 4.14202 -7.42212
v 14.88797 6.45134 -5.89020
v 13.30006 7.04229 -6.42977
v 13.30007 5.85393 -7.35647
v 14.88798 5.36270 -6.73913
v 14.88796 7.38112 -4.89622
v 13.30005 8.05724 -5.34475
v 13.30006 7.04229 -6.42977
v 14.88797 6.45134 -5.89020
v 14.88795 8.12916 -3.78168
v 13.30004 8.87380 -4.12812
v 13.30005 8.05724 -5.34475
v 14.88796 7.38112 -4.89622
v 14.88794 8.67703 -2.57402
v 13.30003 9.47185 -2.80984
v 13.30004 8.87380 -4.12812
v 14.88795 8.12916 -3.78168
v 14.88793 9.01124 -1.30298
v 13.30001 9.83668 -1.42236
v 13.30003 9.47185 -2.80984
v 14.88794 8.67703 -2.57402
v 14.88791 9.12357 0.00015
v 13.30000 9.95929 0.00014
v 13.30001 9.83668 -1.42236
v 14.88793 9.01124 -1.30298
v 14.88790 9.01124 1.30329
v 13.29998 9.83668 1.42264
v 13.30000 9.95929 0.00014
v 14.88791 9.12357 0.00015
v 14.88789 8.67702 2.57433
v 13.29997 9.47185 2.81011
v 13.29998 9.83668 1.42264
v 14.88790 9.01124 1.30329
v 14.88788 8.12915 3.78199
v 13.29996 8.87379 4.12840
v 13.29997 9.47185 2.81011
v 14.88789 8.67702 2.57433
v 14.88787 7.38112 4.89653
v 13.29994 8.05723 5.34503
v 13.29996 8.87379 4.12840
v 14.88788 8.12915 3.78199
v 14.88786 6.45133 5.89050
v 13.29993 7.04228 6.43005
v 13.29994 8.05723 5.34503
v 14.88787 7.38112 4.89653
v 14.88785 5.36269 6.73943
v 13.29993 5.85392 7.35674
v 13.29993 7.04228 6.43005
v 14.88786 6.45133 5.89050
v 14.88784 4.14201 7.42242
v 13.29992 4.52142 8.10230
v 13.29993 5.85392 7.35674
v 14.88785 5.36269 6.73943
v 14.88784 2.81933 7.92265
v 13.29991 3.07759 8.64834
v 13.29992 4.52142 8.10230
v 14.88784 4.14201 7.42242
v 14.88783 1.42724 8.22780
v 13.29991 1.55797 8.98145
v 13.29991 3.07759 8.64834
v 14.88784 2.81933 7.92265
v 14.88783 -0.00000 8.33036
v 13.29991 -0.00000 9.09340
v 13.29991 1.55797 8.98145
v 14.88783 1.42724 8.22780
v 14.88783 -1.42724 8.22780
v 13.29991 -1.55798 8.98145
v 13.29991 -0.00000 9.09340
v 14.88783 -0.00000 8.33036
v 14.88784 -2.81934 7.92265
v 13.29991 -3.07760 8.64834
v 13.29991 -1.55798 8.98145
v 14.88783 -1.42724 8.22780
v 14.88784 -4.14201 7.42242
v 13.29992 -4.52143 8.10229
v 13.29991 -3.07760 8.64834
v 14.88784 -2.81934 7.92265
v 14.88785 -5.36270 6.73943
v 13.29993 -5.85393 7.35674
v 13.29992 -4.52143 8.10229
v 14.88784 -4.14201 7.42242
v 14.88786 -6.45134 5.89049
v 13.29994 -7.04229 6.43004
v 13.29993 -5.85393 7.35674
v 14.88785 -5.36270 6.73943
v 14.88787 -7.38112 4.89652
v 13.29995 -8.05724 5.34502
v 13.29994 -7.04229 6.43004
v 14.88786 -6.45134 5.89049
v 14.88788 -8.12916 3.78198
v 13.29996 -8.87380 4.12838
v 13.29995 -8.05724 5.34502
v 14.88787 -7.38112 4.89652
v 14.88789 -8.67703 2.57432
v 13.29997 -9.47185 2.81010
v 13.29996 -8.87380 4.12838
v 14.88788 -8.12916 3.78198
v 14.88790 -9.01124 1.30328
v 13.29999 -9.83668 1.42263
v 13.29997 -9.47185 2.81010
v 14.88789 -8.67703 2.57432
v 14.88792 -9.12356 0.00014
v 13.30000 -9.95929 0.00013
v 13.29999 -9.83668 1.42263
v 14.88790 -9.01124 1.30328
v 14.88793 -9.01124 -1.30299
v 13.30001 -9.83667 -1.42237
v 13.30000 -9.95929 0.00013
v 14.88792 -9.12356 0.00014
v 14.88794 -8.67702 -2.57403
v 13.30003 -9.47185 -2.80985
v 13.30001 -9.83667 -1.42237
v 14.88793 -9.01124 -1.30299
v 14.88795 -8.12915 -3.78169
v 13.30004 -8.87379 -4.12813
v 13.30003 -9.47185 -2.80985
v 14.88794 -8.67702 -2.57403
v 14.88797 -7.38111 -4.89623
v 13.30005 -8.05723 -5.34476
v 13.30004 -8.87379 -4.12813
v 14.88795 -8.12915 -3.78169
v 14.88798 -6.45133 -5.89020
v 13.30007 -7.04228 -6.42978
v 13.30005 -8.05723 -5.34476
v 14.88797 -7.38111 -4.89623
v 14.88798 -5.36269 -6.73914
v 13.30007 -5.85392 -7.35648
v 13.30007 -7.04228 -6.42978
v 14.88798 -6.45133 -5.89020
v 14.88799 -4.14201 -7.42213
v 13.30008 -4.52142 -8.10203
v 13.30007 -5.85392 -7.35648
v 14.88798 -5.36269 -6.73914
v 14.88800 -2.81933 -7.92235
v 13.30009 -3.07758 -8.64808
v 13.30008 -4.52142 -8.10203
v 14.88799 -4.14201 -7.42213
v 14.88800 -1.42723 -8.22750
v 13.30009 -1.55797 -8.98118
v 13.30009 -3.07758 -8.64808
v 14.88800 -2.81933 -7.92235
v 14.88800 0.00001 -8.33006
v 13.30009 0.00001 -9.09313
v 13.30009 -1.55797 -8.98118
v 14.88800 -1.42723 -8.22750
v 13.30009 1.55798 -8.98118
v 11.58727 1.66206 -9.58119
v 11.58727 0.00001 -9.70062
v 13.30009 0.00001 -9.09313
v 13.30009 3.07760 -8.64808
v 11.58727 3.28319 -9.22583
v 11.58727 1.66206 -9.58119
v 13.30009 1.55798 -8.98118
v 13.30008 4.52143 -8.10203
v 11.58726 4.82348 -8.64330
v 11.58727 3.28319 -9.22583
v 13.30009 3.07760 -8.64808
v 13.30007 5.85393 -7.35647
v 11.58726 6.24500 -7.84794
v 11.58726 4.82348 -8.64330
v 13.30008 4.52143 -8.10203
v 13.30006 7.04229 -6.42977
v 11.58725 7.51274 -6.85933
v 11.58726 6.24500 -7.84794
v 13.30007 5.85393 -7.35647
v 13.30005 8.05724 -5.34475
v 11.58723 8.59550 -5.70183
v 11.58725 7.51274 -6.85933
v 13.30006 7.04229 -6.42977
v 13.30004 8.87380 -4.12812
v 11.58722 9.46661 -4.40392
v 11.58723 8.59550 -5.70183
v 13.30005 8.05724 -5.34475
v 13.30003 9.47185 -2.80984
v 11.58721 10.10461 -2.99757
v 11.58722 9.46661 -4.40392
v 13.30004 8.87380 -4.12812
v 13.30001 9.83668 -1.42236
v 11.58719 10.49381 -1.51741
v 11.58721 10.10461 -2.99757
v 13.30003 9.47185 -2.80984
v 13.30000 9.95929 0.00014
v 11.58718 10.62462 0.00012
v 11.58719 10.49381 -1.51741
v 13.30001 9.83668 -1.42236
v 13.29998 9.83668 1.42264
v 11.58716 10.49381 1.51765
v 11.58718 10.62462 0.00012
v 13.30000 9.95929 0.00014
v 13.29997 9.47185 2.81011
v 11.58715 10.10461 2.99781
v 11.58716 10.49381 1.51765
v 13.29998 9.83668 1.42264
v 13.29996 8.87379 4.12840
v 11.58713 9.46660 4.40416
v 11.58715 10.10461 2.99781
v 13.29997 9.47185 2.81011
v 13.29994 8.05723 5.34503
v 11.58712 8.59549 5.70207
v 11.58713 9.46660 4.40416
v 13.29996 8.87379 4.12840
v 13.29993 7.04228 6.43005
v 11.58711 7.51273 6.85958
v 11.58712 8.59549 5.70207
v 13.29994 8.05723 5.34503
v 13.29993 5.85392 7.35674
v 11.58710 6.24499 7.84818
v 11.58711 7.51273 6.85958
v 13.29993 7.04228 6.43005
v 13.29992 4.52142 8.10230
v 11.58709 4.82347 8.64354
v 11.58710 6.24499 7.84818
v 13.29993 5.85392 7.35674
v 13.29991 3.07759 8.64834
v 11.58709 3.28318 9.22606
v 11.58709 4.82347 8.64354
v 13.29992 4.52142 8.10230
v 13.29991 1.55797 8.98145
v 11.58708 1.66205 9.58142
v 11.58709 3.28318 9.22606
v 13.29991 3.07759 8.64834
v 13.29991 -0.00000 9.09340
v 11.58708 -0.00001 9.70085
v 11.58708 1.66205 9.58142
v 13.29991 1.55797 8.98145
v 13.29991 -1.55798 8.98145
v 11.58708 -1.66206 9.58142
v 11.58708 -0.00001 9.70085
v 13.29991 -0.00000 9.09340
v 13.29991 -3.07760 8.64834
v 11.58709 -3.28319 9.22606
v 11.58708 -1.66206 9.58142
v 13.29991 -1.55798 8.98145
v 13.29992 -4.52143 8.10229
v 11.58709 -4.82348 8.64353
v 11.58709 -3.28319 9.22606
v 13.29991 -3.07760 8.64834
v 13.29993 -5.85393 7.35674
v 11.58710 -6.24500 7.84817
v 11.58709 -4.82348 8.64353
v 13.29992 -4.52143 8.10229
v 13.29994 -7.04229 6.43004
v 11.58711 -7.51274 6.85957
v 11.58710 -6.24500 7.84817
v 13.29993 -5.85393 7.35674
v 13.29995 -8.05724 5.34502
v 11.58712 -8.59550 5.70206
v 11.58711 -7.51274 6.85957
v 13.29994 -7.04229 6.43004
v 13.29996 -8.87380 4.12838
v 11.58714 -9.46660 4.40415
v 11.58712 -8.59550 5.70206
v 13.29995 -8.05724 5.34502
v 13.29997 -9.47185 2.81010
v 11.58715 -10.10461 2.99780
v 11.58714 -9.46660 4.40415
v 13.29996 -8.87380 4.12838
v 13.29999 -9.83668 1.42263
v 11.58716 -10.49381 1.51764
v 11.58715 -10.10461 2.99780
v 13.29997 -9.47185 2.81010
v 13.30000 -9.95929 0.00013
v 11.58718 -10.62461 0.00011
v 11.58716 -10.49381 1.51764
v 13.29999 -9.83668 1.42263
v 13.30001 -9.83667 -1.42237
v 11.58719 -10.49380 -1.51742
v 11.58718 -10.62461 0.00011
v 13.30000 -9.95929 0.00013
v 13.30003 -9.47185 -2.80985
v 11.58721 -10.10461 -2.99758
v 11.58719 -10.49380 -1.51742
v 13.30001 -9.83667 -1.42237
v 13.30004 -8.87379 -4.12813
v 11.58722 -9.46660 -4.40393
v 11.58721 -10.10461 -2.99758
v 13.30003 -9.47185 -2.80985
v 13.30005 -8.05723 -5.34476
v 11.58724 -8.59549 -5.70184
v 11.58722 -9.46660 -4.40393
v 13.30004 -8.87379 -4.12813
v 13.30007 -7.04228 -6.42978
v 11.58725 -7.51273 -6.85935
v 11.58724 -8.59549 -5.70184
v 13.30005 -8.05723 -5.34476
v 13.30007 -5.85392 -7.35648
v 11.58726 -6.24499 -7.84795
v 11.58725 -7.51273 -6.85935
v 13.30007 -7.04228 -6.42978
v 13.30008 -4.52142 -8.10203
v 11.58727 -4.82347 -8.64330
v 11.58726 -6.24499 -7.84795
v 13.30007 -5.85392 -7.35648
v 13.30009 -3.07758 -8.64808
v 11.58727 -3.28318 -9.22583
v 11.58727 -4.82347 -8.64330
v 13.30008 -4.52142 -8.10203
v 13.30009 -1.55797 -8.98118
v 11.58727 -1.66205 -9.58119
v 11.58727 -3.28318 -9.22583
v 13.30009 -3.07758 -8.64808
v 13.30009 0.00001 -9.09313
v 11.58727 0.00001 -9.70062
v 11.58727 -1.66205 -9.58119
v 13.30009 -1.55797 -8.98118
v 11.58727 1.66206 -9.58119
v 9.77886 1.73770 -10.01726
v 9.77886 0.00001 -10.14212
v 11.58727 0.00001 -9.70062
v 11.58727 3.28319 -9.22583
v 9.77885 3.43261 -9.64573
v 9.77886 1.73770 -10.01726
v 11.58727 1.66206 -9.58119
v 11.58726 4.82348 -8.64330
v 9.77885 5.04300 -9.03668
v 9.77885 3.43261 -9.64573
v 11.58727 3.28319 -9.22583
v 11.58726 6.24500 -7.84794
v 9.77884 6.52921 -8.20513
v 9.77885 5.04300 -9.03668
v 11.58726 4.82348 -8.64330
v 11.58725 7.51274 -6.85933
v 9.77883 7.85465 -7.17153
v 9.77884 6.52921 -8.20513
v 11.58726 6.24500 -7.84794
v 11.58723 8.59550 -5.70183
v 9.77882 8.98668 -5.96135
v 9.77883 7.85465 -7.17153
v 11.58725 7.51274 -6.85933
v 11.58722 9.46661 -4.40392
v 9.77880 9.89744 -4.60437
v 9.77882 8.98668 -5.96135
v 11.58723 8.59550 -5.70183
v 11.58721 10.10461 -2.99757
v 9.77879 10.56448 -3.13401
v 9.77880 9.89744 -4.60437
v 11.58722 9.46661 -4.40392
v 11.58719 10.49381 -1.51741
v 9.77877 10.97139 -1.58649
v 9.77879 10.56448 -3.13401
v 11.58721 10.10461 -2.99757
v 11.58718 10.62462 0.00012
v 9.77876 11.10815 0.00010
v 9.77877 10.97139 -1.58649
v 11.58719 10.49381 -1.51741
v 11.58716 10.49381 1.51765
v 9.77874 10.97139 1.58670
v 9.77876 11.10815 0.00010
v 11.58718 10.62462 0.00012
v 11.58715 10.10461 2.99781
v 9.77872 10.56447 3.13422
v 9.77874 10.97139 1.58670
v 11.58716 10.49381 1.51765
v 11.58713 9.46660 4.40416
v 9.77871 9.89743 4.60458
v 9.77872 10.56447 3.13422
v 11.58715 10.10461 2.99781
v 11.58712 8.59549 5.70207
v 9.77870 8.98668 5.96155
v 9.77871 9.89743 4.60458
v 11.58713 9.46660 4.40416
v 11.58711 7.51273 6.85958
v 9.77868 7.85464 7.17174
v 9.77870 8.98668 5.96155
v 11.58712 8.59549 5.70207
v 11.58710 6.24499 7.84818
v 9.77867 6.52920 8.20533
v 9.77868 7.85464 7.17174
v 11.58711 7.51273 6.85958
v 11.58709 4.82347 8.64354
v 9.77867 5.04299 9.03689
v 9.77867 6.52920 8.20533
v 11.58710 6.24499 7.84818
v 11.58709 3.28318 9.22606
v 9.77866 3.43260 9.64593
v 9.77867 5.04299 9.03689
v 11.58709 4.82347 8.64354
v 11.58708 1.66205 9.58142
v 9.77866 1.73769 10.01745
v 9.77866 3.43260 9.64593
v 11.58709 3.28318 9.22606
v 11.58708 -0.00001 9.70085
v 9.77866 -0.00001 10.14232
v 9.77866 1.73769 10.01745
v 11.58708 1.66205 9.58142
v 11.58708 -1.66206 9.58142
v 9.77866 -1.73770 10.01745
v 9.77866 -0.00001 10.14232
v 11.58708 -0.00001 9.70085
v 11.58709 -3.28319 9.22606
v 9.77866 -3.43261 9.64592
v 9.77866 -1.73770 10.01745
v 11.58708 -1.66206 9.58142
v 11.58709 -4.82348 8.64353
v 9.77867 -5.04300 9.03688
v 9.77866 -3.43261 9.64592
v 11.58709 -3.28319 9.22606
v 11.58710 -6.24500 7.84817
v 9.77868 -6.52921 8.20532
v 9.77867 -5.04300 9.03688
v 11.58709 -4.82348 8.64353
v 11.58711 -7.51274 6.85957
v 9.77869 -7.85465 7.17173
v 9.77868 -6.52921 8.20532
v 11.58710 -6.24500 7.84817
v 11.58712 -8.59550 5.70206
v 9.77870 -8.98668 5.96154
v 9.77869 -7.85465 7.17173
v 11.58711 -7.51274 6.85957
v 11.58714 -9.46660 4.40415
v 9.77871 -9.89744 4.60456
v 9.77870 -8.98668 5.96154
v 11.58712 -8.59550 5.70206
v 11.58715 -10.10461 2.99780
v 9.77873 -10.56448 3.13421
v 9.77871 -9.89744 4.60456
v 11.58714 -9.46660 4.40415
v 11.58716 -10.49381 1.51764
v 9.77874 -10.97139 1.58669
v 9.77873 -10.56448 3.13421
v 11.58715 -10.10461 2.99780
v 11.58718 -10.62461 0.00011
v 9.77876 -11.10815 0.00009
v 9.77874 -10.97139 1.58669
v 11.58716 -10.49381 1.51764
v 11.58719 -10.49380 -1.51742
v 9.77877 -10.97139 -1.58650
v 9.77876 -11.10815 0.00009
v 11.58718 -10.62461 0.00011
v 11.58721 -10.10461 -2.99758
v 9.77879 -10.56447 -3.13403
v 9.77877 -10.97139 -1.58650
v 11.58719 -10.49380 -1.51742
v 11.58722 -9.46660 -4.40393
v 9.77880 -9.89743 -4.60438
v 9.77879 -10.56447 -3.13403
v 11.58721 -10.10461 -2.99758
v 11.58724 -8.59549 -5.70184
v 9.77882 -8.98667 -5.96136
v 9.77880 -9.89743 -4.60438
v 11.58722 -9.46660 -4.40393
v 11.58725 -7.51273 -6.85935
v 9.77883 -7.85464 -7.17154
v 9.77882 -8.98667 -5.96136
v 11.58724 -8.59549 -5.70184
v 11.58726 -6.24499 -7.84795
v 9.77884 -6.52920 -8.20514
v 9.77883 -7.85464 -7.17154
v 11.58725 -7.51273 -6.85935
v 11.58727 -4.82347 -8.64330
v 9.77885 -5.04299 -9.03669
v 9.77884 -6.52920 -8.20514
v 11.58726 -6.24499 -7.84795
v 11.58727 -3.28318 -9.22583
v 9.77885 -3.43260 -9.64573
v 9.77885 -5.04299 -9.03669
v 11.58727 -4.82347 -8.64330
v 11.58727 -1.66205 -9.58119
v 9.77886 -1.73769 -10.01726
v 9.77885 -3.43260 -9.64573
v 11.58727 -3.28318 -9.22583
v 11.58727 0.00001 -9.70062
v 9.77886 0.00001 -10.14212
v 9.77886 -1.73769 -10.01726
v 11.58727 -1.66205 -9.58119
v 9.77886 1.73770 -10.01726
v 7.90578 1.78361 -10.28193
v 7.90579 0.00001 -10.41009
v 9.77886 0.00001 -10.14212
v 9.77885 3.43261 -9.64573
v 7.90578 3.52330 -9.90058
v 7.90578 1.78361 -10.28193
v 9.77886 1.73770 -10.01726
v 9.77885 5.04300 -9.03668
v 7.90577 5.17623 -9.27545
v 7.90578 3.52330 -9.90058
v 9.77885 3.43261 -9.64573
v 9.77884 6.52921 -8.20513
v 7.90577 6.70171 -8.42192
v 7.90577 5.17623 -9.27545
v 9.77885 5.04300 -9.03668
v 9.77883 7.85465 -7.17153
v 7.90575 8.06217 -7.36102
v 7.90577 6.70171 -8.42192
v 9.77884 6.52921 -8.20513
v 9.77882 8.98668 -5.96135
v 7.90574 9.22411 -6.11886
v 7.90575 8.06217 -7.36102
v 9.77883 7.85465 -7.17153
v 9.77880 9.89744 -4.60437
v 7.90573 10.15892 -4.72603
v 7.90574 9.22411 -6.11886
v 9.77882 8.98668 -5.96135
v 9.77879 10.56448 -3.13401
v 7.90571 10.84358 -3.21683
v 7.90573 10.15892 -4.72603
v 9.77880 9.89744 -4.60437
v 9.77877 10.97139 -1.58649
v 7.90570 11.26125 -1.62842
v 7.90571 10.84358 -3.21683
v 9.77879 10.56448 -3.13401
v 9.77876 11.10815 0.00010
v 7.90568 11.40162 0.00009
v 7.90570 11.26125 -1.62842
v 9.77877 10.97139 -1.58649
v 9.77874 10.97139 1.58670
v 7.90566 11.26124 1.62860
v 7.90568 11.40162 0.00009
v 9.77876 11.10815 0.00010
v 9.77872 10.56447 3.13422
v 7.90565 10.84358 3.21701
v 7.90566 11.26124 1.62860
v 9.77874 10.97139 1.58670
v 9.77871 9.89743 4.60458
v 7.90563 10.15891 4.72620
v 7.90565 10.84358 3.21701
v 9.77872 10.56447 3.13422
v 9.77870 8.98668 5.96155
v 7.90562 9.22410 6.11903
v 7.90563 10.15891 4.72620
v 9.77871 9.89743 4.60458
v 9.77868 7.85464 7.17174
v 7.90561 8.06216 7.36119
v 7.90562 9.22410 6.11903
v 9.77870 8.98668 5.96155
v 9.77867 6.52920 8.20533
v 7.90560 6.70170 8.42209
v 7.90561 8.06216 7.36119
v 9.77868 7.85464 7.17174
v 9.77867 5.04299 9.03689
v 7.90559 5.17622 9.27561
v 7.90560 6.70170 8.42209
v 9.77867 6.52920 8.20533
v 9.77866 3.43260 9.64593
v 7.90558 3.52329 9.90074
v 7.90559 5.17622 9.27561
v 9.77867 5.04299 9.03689
v 9.77866 1.73769 10.01745
v 7.90558 1.78360 10.28209
v 7.90558 3.52329 9.90074
v 9.77866 3.43260 9.64593
v 9.77866 -0.00001 10.14232
v 7.90558 -0.00001 10.41025
v 7.90558 1.78360 10.28209
v 9.77866 1.73769 10.01745
v 9.77866 -1.73770 10.01745
v 7.90558 -1.78361 10.28208
v 7.90558 -0.00001 10.41025
v 9.77866 -0.00001 10.14232
v 9.77866 -3.43261 9.64592
v 7.90558 -3.52330 9.90074
v 7.90558 -1.78361 10.28208
v 9.77866 -1.73770 10.01745
v 9.77867 -5.04300 9.03688
v 7.90559 -5.17623 9.27561
v 7.90558 -3.52330 9.90074
v 9.77866 -3.43261 9.64592
v 9.77868 -6.52921 8.20532
v 7.90560 -6.70171 8.42208
v 7.90559 -5.17623 9.27561
v 9.77867 -5.04300 9.03688
v 9.77869 -7.85465 7.17173
v 7.90561 -8.06216 7.36118
v 7.90560 -6.70171 8.42208
v 9.77868 -6.52921 8.20532
v 9.77870 -8.98668 5.96154
v 7.90562 -9.22411 6.11902
v 7.90561 -8.06216 7.36118
v 9.77869 -7.85465 7.17173
v 9.77871 -9.89744 4.60456
v 7.90564 -10.15892 4.72619
v 7.90562 -9.22411 6.11902
v 9.77870 -8.98668 5.96154
v 9.77873 -10.56448 3.13421
v 7.90565 -10.84358 3.21699
v 7.90564 -10.15892 4.72619
v 9.77871 -9.89744 4.60456
v 9.77874 -10.97139 1.58669
v 7.90567 -11.26124 1.62858
v 7.90565 -10.84358 3.21699
v 9.77873 -10.56448 3.13421
v 9.77876 -11.10815 0.00009
v 7.90568 -11.40162 0.00007
v 7.90567 -11.26124 1.62858
v 9.77874 -10.97139 1.58669
v 9.77877 -10.97139 -1.58650
v 7.90570 -11.26124 -1.62844
v 7.90568 -11.40162 0.00007
v 9.77876 -11.10815 0.00009
v 9.77879 -10.56447 -3.13403
v 7.90571 -10.84358 -3.21685
v 7.90570 -11.26124 -1.62844
v 9.77877 -10.97139 -1.58650
v 9.77880 -9.89743 -4.60438
v 7.90573 -10.15891 -4.72605
v 7.90571 -10.84358 -3.21685
v 9.77879 -10.56447 -3.13403
v 9.77882 -8.98667 -5.96136
v 7.90574 -9.22410 -6.11887
v 7.90573 -10.15891 -4.72605
v 9.77880 -9.89743 -4.60438
v 9.77883 -7.85464 -7.17154
v 7.90576 -8.06215 -7.36103
v 7.90574 -9.22410 -6.11887
v 9.77882 -8.98667 -5.96136
v 9.77884 -6.52920 -8.20514
v 7.90577 -6.70170 -8.42193
v 7.90576 -8.06215 -7.36103
v 9.77883 -7.85464 -7.17154
v 9.77885 -5.04299 -9.03669
v 7.90577 -5.17622 -9.27545
v 7.90577 -6.70170 -8.42193
v 9.77884 -6.52920 -8.20514
v 9.77885 -3.43260 -9.64573
v 7.90578 -3.52329 -9.90058
v 7.90577 -5.17622 -9.27545
v 9.77885 -5.04299 -9.03669
v 9.77886 -1.73769 -10.01726
v 7.90578 -1.78360 -10.28193
v 7.90578 -3.52329 -9.90058
v 9.77885 -3.43260 -9.64573
v 9.77886 0.00001 -10.14212
v 7.90579 0.00001 -10.41009
v 7.90578 -1.78360 -10.28193
v 9.77886 -1.73769 -10.01726
v 7.90578 1.78361 -10.28193
v 6.00010 1.79900 -10.37067
v 6.00010 0.00001 -10.49994
v 7.90579 0.00001 -10.41009
v 7.90578 3.52330 -9.90058
v 6.00010 3.55370 -9.98603
v 6.00010 1.79900 -10.37067
v 7.90578 1.78361 -10.28193
v 7.90577 5.17623 -9.27545
v 6.00009 5.22090 -9.35551
v 6.00010 3.55370 -9.98603
v 7.90578 3.52330 -9.90058
v 7.90577 6.70171 -8.42192
v 6.00008 6.75954 -8.49461
v 6.00009 5.22090 -9.35551
v 7.90577 5.17623 -9.27545
v 7.90575 8.06217 -7.36102
v 6.00007 8.13173 -7.42456
v 6.00008 6.75954 -8.49461
v 7.90577 6.70171 -8.42192
v 7.90574 9.22411 -6.11886
v 6.00006 9.30370 -6.17168
v 6.00007 8.13173 -7.42456
v 7.90575 8.06217 -7.36102
v 7.90573 10.15892 -4.72603
v 6.00005 10.24658 -4.76683
v 6.00006 9.30370 -6.17168
v 7.90574 9.22411 -6.11886
v 7.90571 10.84358 -3.21683
v 6.00003 10.93715 -3.24461
v 6.00005 10.24658 -4.76683
v 7.90573 10.15892 -4.72603
v 7.90570 11.26125 -1.62842
v 6.00001 11.35842 -1.64250
v 6.00003 10.93715 -3.24461
v 7.90571 10.84358 -3.21683
v 7.90568 11.40162 0.00009
v 6.00000 11.50000 0.00007
v 6.00001 11.35842 -1.64250
v 7.90570 11.26125 -1.62842
v 7.90566 11.26124 1.62860
v 5.99998 11.35842 1.64263
v 6.00000 11.50000 0.00007
v 7.90568 11.40162 0.00009
v 7.90565 10.84358 3.21701
v 5.99997 10.93715 3.24475
v 5.99998 11.35842 1.64263
v 7.90566 11.26124 1.62860
v 7.90563 10.15891 4.72620
v 5.99995 10.24657 4.76697
v 5.99997 10.93715 3.24475
v 7.90565 10.84358 3.21701
v 7.90562 9.22410 6.11903
v 5.99994 9.30369 6.17181
v 5.99995 10.24657 4.76697
v 7.90563 10.15891 4.72620
v 7.90561 8.06216 7.36119
v 5.99992 8.13172 7.42469
v 5.99994 9.30369 6.17181
v 7.90562 9.22410 6.11903
v 7.90560 6.70170 8.42209
v 5.99991 6.75953 8.49474
v 5.99992 8.13172 7.42469
v 7.90561 8.06216 7.36119
v 7.90559 5.17622 9.27561
v 5.99991 5.22088 9.35563
v 5.99991 6.75953 8.49474
v 7.90560 6.70170 8.42209
v 7.90558 3.52329 9.90074
v 5.99990 3.55369 9.98616
v 5.99991 5.22088 9.35563
v 7.90559 5.17622 9.27561
v 7.90558 1.78360 10.28209
v 5.99990 1.79899 10.37079
v 5.99990 3.55369 9.98616
v 7.90558 3.52329 9.90074
v 7.90558 -0.00001 10.41025
v 5.99989 -0.00001 10.50006
v 5.99990 1.79899 10.37079
v 7.90558 1.78360 10.28209
v 7.90558 -1.78361 10.28208
v 5.99990 -1.79900 10.37079
v 5.99989 -0.00001 10.50006
v 7.90558 -0.00001 10.41025
v 7.90558 -3.52330 9.90074
v 5.99990 -3.55370 9.98615
v 5.99990 -1.79900 10.37079
v 7.90558 -1.78361 10.28208
v 7.90559 -5.17623 9.27561
v 5.99991 -5.22090 9.35563
v 5.99990 -3.55370 9.98615
v 7.90558 -3.52330 9.90074
v 7.90560 -6.70171 8.42208
v 5.99992 -6.75954 8.49473
v 5.99991 -5.22090 9.35563
v 7.90559 -5.17623 9.27561
v 7.90561 -8.06216 7.36118
v 5.99993 -8.13173 7.42467
v 5.99992 -6.75954 8.49473
v 7.90560 -6.70171 8.42208
v 7.90562 -9.22411 6.11902
v 5.99994 -9.30370 6.17180
v 5.99993 -8.13173 7.42467
v 7.90561 -8.06216 7.36118
v 7.90564 -10.15892 4.72619
v 5.99995 -10.24658 4.76695
v 5.99994 -9.30370 6.17180
v 7.90562 -9.22411 6.11902
v 7.90565 -10.84358 3.21699
v 5.99997 -10.93715 3.24473
v 5.99995 -10.24658 4.76695
v 7.90564 -10.15892 4.72619
v 7.90567 -11.26124 1.62858
v 5.99998 -11.35842 1.64262
v 5.99997 -10.93715 3.24473
v 7.90565 -10.84358 3.21699
v 7.90568 -11.40162 0.00007
v 6.00000 -11.50000 0.00005
v 5.99998 -11.35842 1.64262
v 7.90567 -11.26124 1.62858
v 7.90570 -11.26124 -1.62844
v 6.00002 -11.35841 -1.64251
v 6.00000 -11.50000 0.00005
v 7.90568 -11.40162 0.00007
v 7.90571 -10.84358 -3.21685
v 6.00003 -10.93715 -3.24463
v 6.00002 -11.35841 -1.64251
v 7.90570 -11.26124 -1.62844
v 7.90573 -10.15891 -4.72605
v 6.00005 -10.24657 -4.76685
v 6.00003 -10.93715 -3.24463
v 7.90571 -10.84358 -3.21685
v 7.90574 -9.22410 -6.11887
v 6.00006 -9.30369 -6.17169
v 6.00005 -10.24657 -4.76685
v 7.90573 -10.15891 -4.72605
v 7.90576 -8.06215 -7.36103
v 6.00007 -8.13172 -7.42457
v 6.00006 -9.30369 -6.17169
v 7.90574 -9.22410 -6.11887
v 7.90577 -6.70170 -8.42193
v 6.00008 -6.75953 -8.49462
v 6.00007 -8.13172 -7.42457
v 7.90576 -8.06215 -7.36103
v 7.90577 -5.17622 -9.27545
v 6.00009 -5.22088 -9.35551
v 6.00008 -6.75953 -8.49462
v 7.90577 -6.70170 -8.42193
v 7.90578 -3.52329 -9.90058
v 6.00010 -3.55369 -9.98604
v 6.00009 -5.22088 -9.35551
v 7.90577 -5.17622 -9.27545
v 7.90578 -1.78360 -10.28193
v 6.00010 -1.79899 -10.37067
v 6.00010 -3.55369 -9.98604
v 7.90578 -3.52329 -9.90058
v 7.90579 0.00001 -10.41009
v 6.00010 0.00001 -10.49994
v 6.00010 -1.79899 -10.37067
v 7.90578 -1.78360 -10.28193
v 6.00010 1.79900 -10.37067
v 4.09442 1.78361 -10.28196
v 4.09442 0.00001 -10.41013
v 6.00010 0.00001 -10.49994
v 6.00010 3.55370 -9.98603
v 4.09442 3.52330 -9.90062
v 4.09442 1.78361 -10.28196
v 6.00010 1.79900 -10.37067
v 6.00009 5.22090 -9.35551
v 4.09441 5.17623 -9.27549
v 4.09442 3.52330 -9.90062
v 6.00010 3.55370 -9.98603
v 6.00008 6.75954 -8.49461
v 4.09440 6.70171 -8.42196
v 4.09441 5.17623 -9.27549
v 6.00009 5.22090 -9.35551
v 6.00007 8.13173 -7.42456
v 4.09439 8.06216 -7.36106
v 4.09440 6.70171 -8.42196
v 6.00008 6.75954 -8.49461
v 6.00006 9.30370 -6.17168
v 4.09438 9.22410 -6.11890
v 4.09439 8.06216 -7.36106
v 6.00007 8.13173 -7.42456
v 6.00005 10.24658 -4.76683
v 4.09436 10.15892 -4.72607
v 4.09438 9.22410 -6.11890
v 6.00006 9.30370 -6.17168
v 6.00003 10.93715 -3.24461
v 4.09435 10.84358 -3.21687
v 4.09436 10.15892 -4.72607
v 6.00005 10.24658 -4.76683
v 6.00001 11.35842 -1.64250
v 4.09433 11.26124 -1.62846
v 4.09435 10.84358 -3.21687
v 6.00003 10.93715 -3.24461
v 6.00000 11.50000 0.00007
v 4.09432 11.40162 0.00005
v 4.09433 11.26124 -1.62846
v 6.00001 11.35842 -1.64250
v 5.99998 11.35842 1.64263
v 4.09430 11.26124 1.62856
v 4.09432 11.40162 0.00005
v 6.00000 11.50000 0.00007
v 5.99997 10.93715 3.24475
v 4.09428 10.84358 3.21697
v 4.09430 11.26124 1.62856
v 5.99998 11.35842 1.64263
v 5.99995 10.24657 4.76697
v 4.09427 10.15891 4.72617
v 4.09428 10.84358 3.21697
v 5.99997 10.93715 3.24475
v 5.99994 9.30369 6.17181
v 4.09425 9.22410 6.11899
v 4.09427 10.15891 4.72617
v 5.99995 10.24657 4.76697
v 5.99992 8.13172 7.42469
v 4.09424 8.06216 7.36115
v 4.09425 9.22410 6.11899
v 5.99994 9.30369 6.17181
v 5.99991 6.75953 8.49474
v 4.09423 6.70170 8.42205
v 4.09424 8.06216 7.36115
v 5.99992 8.13172 7.42469
v 5.99991 5.22088 9.35563
v 4.09422 5.17622 9.27557
v 4.09423 6.70170 8.42205
v 5.99991 6.75953 8.49474
v 5.99990 3.55369 9.98616
v 4.09422 3.52329 9.90070
v 4.09422 5.17622 9.27557
v 5.99991 5.22088 9.35563
v 5.99990 1.79899 10.37079
v 4.09421 1.78360 10.28205
v 4.09422 3.52329 9.90070
v 5.99990 3.55369 9.98616
v 5.99989 -0.00001 10.50006
v 4.09421 -0.00001 10.41021
v 4.09421 1.78360 10.28205
v 5.99990 1.79899 10.37079
v 5.99990 -1.79900 10.37079
v 4.09421 -1.78361 10.28204
v 4.09421 -0.00001 10.41021
v 5.99989 -0.00001 10.50006
v 5.99990 -3.55370 9.98615
v 4.09422 -3.52330 9.90070
v 4.09421 -1.78361 10.28204
v 5.99990 -1.79900 10.37079
v 5.99991 -5.22090 9.35563
v 4.09422 -5.17623 9.27557
v 4.09422 -3.52330 9.90070
v 5.99990 -3.55370 9.98615
v 5.99992 -6.75954 8.49473
v 4.09423 -6.70171 8.42204
v 4.09422 -5.17623 9.27557
v 5.99991 -5.22090 9.35563
v 5.99993 -8.13173 7.42467
v 4.09424 -8.06217 7.36114
v 4.09423 -6.70171 8.42204
v 5.99992 -6.75954 8.49473
v 5.99994 -9.30370 6.17180
v 4.09426 -9.22411 6.11898
v 4.09424 -8.06217 7.36114
v 5.99993 -8.13173 7.42467
v 5.99995 -10.24658 4.76695
v 4.09427 -10.15892 4.72615
v 4.09426 -9.22411 6.11898
v 5.99994 -9.30370 6.17180
v 5.99997 -10.93715 3.24473
v 4.09429 -10.84358 3.21695
v 4.09427 -10.15892 4.72615
v 5.99995 -10.24658 4.76695
v 5.99998 -11.35842 1.64262
v 4.09430 -11.26124 1.62854
v 4.09429 -10.84358 3.21695
v 5.99997 -10.93715 3.24473
v 6.00000 -11.50000 0.00005
v 4.09432 -11.40162 0.00003
v 4.09430 -11.26124 1.62854
v 5.99998 -11.35842 1.64262
v 6.00002 -11.35841 -1.64251
v 4.09433 -11.26124 -1.62848
v 4.09432 -11.40162 0.00003
v 6.00000 -11.50000 0.00005
v 6.00003 -10.93715 -3.24463
v 4.09435 -10.84358 -3.21689
v 4.09433 -11.26124 -1.62848
v 6.00002 -11.35841 -1.64251
v 6.00005 -10.24657 -4.76685
v 4.09437 -10.15891 -4.72609
v 4.09435 -10.84358 -3.21689
v 6.00003 -10.93715 -3.24463
v 6.00006 -9.30369 -6.17169
v 4.09438 -9.22410 -6.11891
v 4.09437 -10.15891 -4.72609
v 6.00005 -10.24657 -4.76685
v 6.00007 -8.13172 -7.42457
v 4.09439 -8.06215 -7.36107
v 4.09438 -9.22410 -6.11891
v 6.00006 -9.30369 -6.17169
v 6.00008 -6.75953 -8.49462
v 4.09440 -6.70170 -8.42197
v 4.09439 -8.06215 -7.36107
v 6.00007 -8.13172 -7.42457
v 6.00009 -5.22088 -9.35551
v 4.09441 -5.17622 -9.27549
v 4.09440 -6.70170 -8.42197
v 6.00008 -6.75953 -8.49462
v 6.00010 -3.55369 -9.98604
v 4.09442 -3.52329 -9.90062
v 4.09441 -5.17622 -9.27549
v 6.00009 -5.22088 -9.35551
v 6.00010 -1.79899 -10.37067
v 4.09442 -1.78360 -10.28197
v 4.09442 -3.52329 -9.90062
v 6.00010 -3.55369 -9.98604
v 6.00010 0.00001 -10.49994
v 4.09442 0.00001 -10.41013
v 4.09442 -1.78360 -10.28197
v 6.00010 -1.79899 -10.37067
v 4.09442 1.78361 -10.28196
v 2.22134 1.73770 -10.01733
v 2.22134 0.00001 -10.14220
v 4.09442 0.00001 -10.41013
v 4.09442 3.52330 -9.90062
v 2.22134 3.43261 -9.64580
v 2.22134 1.73770 -10.01733
v 4.09442 1.78361 -10.28196
v 4.09441 5.17623 -9.27549
v 2.22133 5.04300 -9.03676
v 2.22134 3.43261 -9.64580
v 4.09442 3.52330 -9.90062
v 4.09440 6.70171 -8.42196
v 2.22132 6.52921 -8.20520
v 2.22133 5.04300 -9.03676
v 4.09441 5.17623 -9.27549
v 4.09439 8.06216 -7.36106
v 2.22131 7.85465 -7.17161
v 2.22132 6.52921 -8.20520
v 4.09440 6.70171 -8.42196
v 4.09438 9.22410 -6.11890
v 2.22130 8.98668 -5.96142
v 2.22131 7.85465 -7.17161
v 4.09439 8.06216 -7.36106
v 4.09436 10.15892 -4.72607
v 2.22129 9.89743 -4.60444
v 2.22130 8.98668 -5.96142
v 4.09438 9.22410 -6.11890
v 4.09435 10.84358 -3.21687
v 2.22127 10.56448 -3.13409
v 2.22129 9.89743 -4.60444
v 4.09436 10.15892 -4.72607
v 4.09433 11.26124 -1.62846
v 2.22126 10.97139 -1.58656
v 2.22127 10.56448 -3.13409
v 4.09435 10.84358 -3.21687
v 4.09432 11.40162 0.00005
v 2.22124 11.10815 0.00003
v 2.22126 10.97139 -1.58656
v 4.09433 11.26124 -1.62846
v 4.09430 11.26124 1.62856
v 2.22122 10.97139 1.58662
v 2.22124 11.10815 0.00003
v 4.09432 11.40162 0.00005
v 4.09428 10.84358 3.21697
v 2.22121 10.56447 3.13415
v 2.22122 10.97139 1.58662
v 4.09430 11.26124 1.62856
v 4.09427 10.15891 4.72617
v 2.22119 9.89743 4.60450
v 2.22121 10.56447 3.13415
v 4.09428 10.84358 3.21697
v 4.09425 9.22410 6.11899
v 2.22118 8.98668 5.96148
v 2.22119 9.89743 4.60450
v 4.09427 10.15891 4.72617
v 4.09424 8.06216 7.36115
v 2.22117 7.85464 7.17166
v 2.22118 8.98668 5.96148
v 4.09425 9.22410 6.11899
v 4.09423 6.70170 8.42205
v 2.22116 6.52920 8.20526
v 2.22117 7.85464 7.17166
v 4.09424 8.06216 7.36115
v 4.09422 5.17622 9.27557
v 2.22115 5.04299 9.03681
v 2.22116 6.52920 8.20526
v 4.09423 6.70170 8.42205
v 4.09422 3.52329 9.90070
v 2.22114 3.43260 9.64585
v 2.22115 5.04299 9.03681
v 4.09422 5.17622 9.27557
v 4.09421 1.78360 10.28205
v 2.22114 1.73769 10.01738
v 2.22114 3.43260 9.64585
v 4.09422 3.52329 9.90070
v 4.09421 -0.00001 10.41021
v 2.22114 -0.00001 10.14224
v 2.22114 1.73769 10.01738
v 4.09421 1.78360 10.28205
v 4.09421 -1.78361 10.28204
v 2.22114 -1.73770 10.01737
v 2.22114 -0.00001 10.14224
v 4.09421 -0.00001 10.41021
v 4.09422 -3.52330 9.90070
v 2.22114 -3.43261 9.64585
v 2.22114 -1.73770 10.01737
v 4.09421 -1.78361 10.28204
v 4.09422 -5.17623 9.27557
v 2.22115 -5.04300 9.03680
v 2.22114 -3.43261 9.64585
v 4.09422 -3.52330 9.90070
v 4.09423 -6.70171 8.42204
v 2.22116 -6.52921 8.20525
v 2.22115 -5.04300 9.03680
v 4.09422 -5.17623 9.27557
v 4.09424 -8.06217 7.36114
v 2.22117 -7.85465 7.17165
v 2.22116 -6.52921 8.20525
v 4.09423 -6.70171 8.42204
v 4.09426 -9.22411 6.11898
v 2.22118 -8.98668 5.96146
v 2.22117 -7.85465 7.17165
v 4.09424 -8.06217 7.36114
v 4.09427 -10.15892 4.72615
v 2.22120 -9.89744 4.60449
v 2.22118 -8.98668 5.96146
v 4.09426 -9.22411 6.11898
v 4.09429 -10.84358 3.21695
v 2.22121 -10.56448 3.13413
v 2.22120 -9.89744 4.60449
v 4.09427 -10.15892 4.72615
v 4.09430 -11.26124 1.62854
v 2.22123 -10.97139 1.58661
v 2.22121 -10.56448 3.13413
v 4.09429 -10.84358 3.21695
v 4.09432 -11.40162 0.00003
v 2.22124 -11.10815 0.00002
v 2.22123 -10.97139 1.58661
v 4.09430 -11.26124 1.62854
v 4.09433 -11.26124 -1.62848
v 2.22126 -10.97139 -1.58658
v 2.22124 -11.10815 0.00002
v 4.09432 -11.40162 0.00003
v 4.09435 -10.84358 -3.21689
v 2.22127 -10.56447 -3.13410
v 2.22126 -10.97139 -1.58658
v 4.09433 -11.26124 -1.62848
v 4.09437 -10.15891 -4.72609
v 2.22129 -9.89743 -4.60446
v 2.22127 -10.56447 -3.13410
v 4.09435 -10.84358 -3.21689
v 4.09438 -9.22410 -6.11891
v 2.22130 -8.98667 -5.96143
v 2.22129 -9.89743 -4.60446
v 4.09437 -10.15891 -4.72609
v 4.09439 -8.06215 -7.36107
v 2.22131 -7.85464 -7.17162
v 2.22130 -8.98667 -5.96143
v 4.09438 -9.22410 -6.11891
v 4.09440 -6.70170 -8.42197
v 2.22132 -6.52920 -8.20521
v 2.22131 -7.85464 -7.17162
v 4.09439 -8.06215 -7.36107
v 4.09441 -5.17622 -9.27549
v 2.22133 -5.04299 -9.03677
v 2.22132 -6.52920 -8.20521
v 4.09440 -6.70170 -8.42197
v 4.09442 -3.52329 -9.90062
v 2.22134 -3.43260 -9.64581
v 2.22133 -5.04299 -9.03677
v 4.09441 -5.17622 -9.27549
v 4.09442 -1.78360 -10.28197
v 2.22134 -1.73769 -10.01733
v 2.22134 -3.43260 -9.64581
v 4.09442 -3.52329 -9.90062
v 4.09442 0.00001 -10.41013
v 2.22134 0.00001 -10.14220
v 2.22134 -1.73769 -10.01733
v 4.09442 -1.78360 -10.28197
v 2.22134 1.73770 -10.01733
v 0.41292 1.66206 -9.58130
v 0.41292 0.00001 -9.70073
v 2.22134 0.00001 -10.14220
v 2.22134 3.43261 -9.64580
v 0.41291 3.28319 -9.22594
v 0.41292 1.66206 -9.58130
v 2.22134 1.73770 -10.01733
v 2.22133 5.04300 -9.03676
v 0.41291 4.82348 -8.64341
v 0.41291 3.28319 -9.22594
v 2.22134 3.43261 -9.64580
v 2.22132 6.52921 -8.20520
v 0.41290 6.24500 -7.84805
v 0.41291 4.82348 -8.64341
v 2.22133 5.04300 -9.03676
v 2.22131 7.85465 -7.17161
v 0.41289 7.51274 -6.85945
v 0.41290 6.24500 -7.84805
v 2.22132 6.52921 -8.20520
v 2.22130 8.98668 -5.96142
v 0.41288 8.59550 -5.70194
v 0.41289 7.51274 -6.85945
v 2.22131 7.85465 -7.17161
v 2.22129 9.89743 -4.60444
v 0.41287 9.46660 -4.40403
v 0.41288 8.59550 -5.70194
v 2.22130 8.98668 -5.96142
v 2.22127 10.56448 -3.13409
v 0.41285 10.10461 -2.99768
v 0.41287 9.46660 -4.40403
v 2.22129 9.89743 -4.60444
v 2.22126 10.97139 -1.58656
v 0.41284 10.49381 -1.51752
v 0.41285 10.10461 -2.99768
v 2.22127 10.56448 -3.13409
v 2.22124 11.10815 0.00003
v 0.41282 10.62461 0.00001
v 0.41284 10.49381 -1.51752
v 2.22126 10.97139 -1.58656
v 2.22122 10.97139 1.58662
v 0.41281 10.49381 1.51754
v 0.41282 10.62461 0.00001
v 2.22124 11.10815 0.00003
v 2.22121 10.56447 3.13415
v 0.41279 10.10461 2.99770
v 0.41281 10.49381 1.51754
v 2.22122 10.97139 1.58662
v 2.22119 9.89743 4.60450
v 0.41278 9.46660 4.40405
v 0.41279 10.10461 2.99770
v 2.22121 10.56447 3.13415
v 2.22118 8.98668 5.96148
v 0.41276 8.59549 5.70196
v 0.41278 9.46660 4.40405
v 2.22119 9.89743 4.60450
v 2.22117 7.85464 7.17166
v 0.41275 7.51273 6.85946
v 0.41276 8.59549 5.70196
v 2.22118 8.98668 5.96148
v 2.22116 6.52920 8.20526
v 0.41274 6.24499 7.84807
v 0.41275 7.51273 6.85946
v 2.22117 7.85464 7.17166
v 2.22115 5.04299 9.03681
v 0.41274 4.82347 8.64343
v 0.41274 6.24499 7.84807
v 2.22116 6.52920 8.20526
v 2.22114 3.43260 9.64585
v 0.41273 3.28318 9.22595
v 0.41274 4.82347 8.64343
v 2.22115 5.04299 9.03681
v 2.22114 1.73769 10.01738
v 0.41273 1.66205 9.58131
v 0.41273 3.28318 9.22595
v 2.22114 3.43260 9.64585
v 2.22114 -0.00001 10.14224
v 0.41273 -0.00001 9.70074
v 0.41273 1.66205 9.58131
v 2.22114 1.73769 10.01738
v 2.22114 -1.73770 10.01737
v 0.41273 -1.66206 9.58131
v 0.41273 -0.00001 9.70074
v 2.22114 -0.00001 10.14224
v 2.22114 -3.43261 9.64585
v 0.41273 -3.28319 9.22595
v 0.41273 -1.66206 9.58131
v 2.22114 -1.73770 10.01737
v 2.22115 -5.04300 9.03680
v 0.41274 -4.82348 8.64342
v 0.41273 -3.28319 9.22595
v 2.22114 -3.43261 9.64585
v 2.22116 -6.52921 8.20525
v 0.41274 -6.24500 7.84806
v 0.41274 -4.82348 8.64342
v 2.22115 -5.04300 9.03680
v 2.22117 -7.85465 7.17165
v 0.41275 -7.51274 6.85945
v 0.41274 -6.24500 7.84806
v 2.22116 -6.52921 8.20525
v 2.22118 -8.98668 5.96146
v 0.41277 -8.59550 5.70195
v 0.41275 -7.51274 6.85945
v 2.22117 -7.85465 7.17165
v 2.22120 -9.89744 4.60449
v 0.41278 -9.46661 4.40404
v 0.41277 -8.59550 5.70195
v 2.22118 -8.98668 5.96146
v 2.22121 -10.56448 3.13413
v 0.41279 -10.10461 2.99769
v 0.41278 -9.46661 4.40404
v 2.22120 -9.89744 4.60449
v 2.22123 -10.97139 1.58661
v 0.41281 -10.49381 1.51753
v 0.41279 -10.10461 2.99769
v 2.22121 -10.56448 3.13413
v 2.22124 -11.10815 0.00002
v 0.41282 -10.62461 -0.00000
v 0.41281 -10.49381 1.51753
v 2.22123 -10.97139 1.58661
v 2.22126 -10.97139 -1.58658
v 0.41284 -10.49381 -1.51753
v 0.41282 -10.62461 -0.00000
v 2.22124 -11.10815 0.00002
v 2.22127 -10.56447 -3.13410
v 0.41285 -10.10461 -2.99769
v 0.41284 -10.49381 -1.51753
v 2.22126 -10.97139 -1.58658
v 2.22129 -9.89743 -4.60446
v 0.41287 -9.46660 -4.40404
v 0.41285 -10.10461 -2.99769
v 2.22127 -10.56447 -3.13410
v 2.22130 -8.98667 -5.96143
v 0.41288 -8.59549 -5.70195
v 0.41287 -9.46660 -4.40404
v 2.22129 -9.89743 -4.60446
v 2.22131 -7.85464 -7.17162
v 0.41289 -7.51273 -6.85946
v 0.41288 -8.59549 -5.70195
v 2.22130 -8.98667 -5.96143
v 2.22132 -6.52920 -8.20521
v 0.41290 -6.24499 -7.84806
v 0.41289 -7.51273 -6.85946
v 2.22131 -7.85464 -7.17162
v 2.22133 -5.04299 -9.03677
v 0.41291 -4.82347 -8.64342
v 0.41290 -6.24499 -7.84806
v 2.22132 -6.52920 -8.20521
v 2.22134 -3.43260 -9.64581
v 0.41291 -3.28318 -9.22595
v 0.41291 -4.82347 -8.64342
v 2.22133 -5.04299 -9.03677
v 2.22134 -1.73769 -10.01733
v 0.41292 -1.66205 -9.58130
v 0.41291 -3.28318 -9.22595
v 2.22134 -3.43260 -9.64581
v 2.22134 0.00001 -10.14220
v 0.41292 0.00001 -9.70073
v 0.41292 -1.66205 -9.58130
v 2.22134 -1.73769 -10.01733
v 0.41292 1.66206 -9.58130
v -1.29991 1.55798 -8.98133
v -1.29991 0.00001 -9.09328
v 0.41292 0.00001 -9.70073
v 0.41291 3.28319 -9.22594
v -1.29991 3.07760 -8.64822
v -1.29991 1.55798 -8.98133
v 0.41292 1.66206 -9.58130
v 0.41291 4.82348 -8.64341
v -1.29992 4.52143 -8.10217
v -1.29991 3.07760 -8.64822
v 0.41291 3.28319 -9.22594
v 0.41290 6.24500 -7.84805
v -1.29993 5.85393 -7.35662
v -1.29992 4.52143 -8.10217
v 0.41291 4.82348 -8.64341
v 0.41289 7.51274 -6.85945
v -1.29994 7.04229 -6.42992
v -1.29993 5.85393 -7.35662
v 0.41290 6.24500 -7.84805
v 0.41288 8.59550 -5.70194
v -1.29995 8.05724 -5.34490
v -1.29994 7.04229 -6.42992
v 0.41289 7.51274 -6.85945
v 0.41287 9.46660 -4.40403
v -1.29996 8.87380 -4.12826
v -1.29995 8.05724 -5.34490
v 0.41288 8.59550 -5.70194
v 0.41285 10.10461 -2.99768
v -1.29997 9.47185 -2.80998
v -1.29996 8.87380 -4.12826
v 0.41287 9.46660 -4.40403
v 0.41284 10.49381 -1.51752
v -1.29999 9.83668 -1.42251
v -1.29997 9.47185 -2.80998
v 0.41285 10.10461 -2.99768
v 0.41282 10.62461 0.00001
v -1.30000 9.95929 -0.00001
v -1.29999 9.83668 -1.42251
v 0.41284 10.49381 -1.51752
v 0.41281 10.49381 1.51754
v -1.30002 9.83667 1.42249
v -1.30000 9.95929 -0.00001
v 0.41282 10.62461 0.00001
v 0.41279 10.10461 2.99770
v -1.30003 9.47185 2.80997
v -1.30002 9.83667 1.42249
v 0.41281 10.49381 1.51754
v 0.41278 9.46660 4.40405
v -1.30004 8.87379 4.12825
v -1.30003 9.47185 2.80997
v 0.41279 10.10461 2.99770
v 0.41276 8.59549 5.70196
v -1.30006 8.05723 5.34488
v -1.30004 8.87379 4.12825
v 0.41278 9.46660 4.40405
v 0.41275 7.51273 6.85946
v -1.30007 7.04228 6.42990
v -1.30006 8.05723 5.34488
v 0.41276 8.59549 5.70196
v 0.41274 6.24499 7.84807
v -1.30008 5.85392 7.35660
v -1.30007 7.04228 6.42990
v 0.41275 7.51273 6.85946
v 0.41274 4.82347 8.64343
v -1.30008 4.52142 8.10215
v -1.30008 5.85392 7.35660
v 0.41274 6.24499 7.84807
v 0.41273 3.28318 9.22595
v -1.30009 3.07759 8.64820
v -1.30008 4.52142 8.10215
v 0.41274 4.82347 8.64343
v 0.41273 1.66205 9.58131
v -1.30009 1.55797 8.98130
v -1.30009 3.07759 8.64820
v 0.41273 3.28318 9.22595
v 0.41273 -0.00001 9.70074
v -1.30009 -0.00001 9.09325
v -1.30009 1.55797 8.98130
v 0.41273 1.66205 9.58131
v 0.41273 -1.66206 9.58131
v -1.30009 -1.55798 8.98130
v -1.30009 -0.00001 9.09325
v 0.41273 -0.00001 9.70074
v 0.41273 -3.28319 9.22595
v -1.30009 -3.07760 8.64820
v -1.30009 -1.55798 8.98130
v 0.41273 -1.66206 9.58131
v 0.41274 -4.82348 8.64342
v -1.30008 -4.52143 8.10214
v -1.30009 -3.07760 8.64820
v 0.41273 -3.28319 9.22595
v 0.41274 -6.24500 7.84806
v -1.30007 -5.85393 7.35659
v -1.30008 -4.52143 8.10214
v 0.41274 -4.82348 8.64342
v 0.41275 -7.51274 6.85945
v -1.30006 -7.04229 6.42989
v -1.30007 -5.85393 7.35659
v 0.41274 -6.24500 7.84806
v 0.41277 -8.59550 5.70195
v -1.30005 -8.05724 5.34487
v -1.30006 -7.04229 6.42989
v 0.41275 -7.51274 6.85945
v 0.41278 -9.46661 4.40404
v -1.30004 -8.87380 4.12824
v -1.30005 -8.05724 5.34487
v 0.41277 -8.59550 5.70195
v 0.41279 -10.10461 2.99769
v -1.30003 -9.47185 2.80995
v -1.30004 -8.87380 4.12824
v 0.41278 -9.46661 4.40404
v 0.41281 -10.49381 1.51753
v -1.30001 -9.83668 1.42248
v -1.30003 -9.47185 2.80995
v 0.41279 -10.10461 2.99769
v 0.41282 -10.62461 -0.00000
v -1.30000 -9.95929 -0.00002
v -1.30001 -9.83668 1.42248
v 0.41281 -10.49381 1.51753
v 0.41284 -10.49381 -1.51753
v -1.29999 -9.83668 -1.42252
v -1.30000 -9.95929 -0.00002
v 0.41282 -10.62461 -0.00000
v 0.41285 -10.10461 -2.99769
v -1.29997 -9.47185 -2.80999
v -1.29999 -9.83668 -1.42252
v 0.41284 -10.49381 -1.51753
v 0.41287 -9.46660 -4.40404
v -1.29996 -8.87379 -4.12828
v -1.29997 -9.47185 -2.80999
v 0.41285 -10.10461 -2.99769
v 0.41288 -8.59549 -5.70195
v -1.29995 -8.05723 -5.34491
v -1.29996 -8.87379 -4.12828
v 0.41287 -9.46660 -4.40404
v 0.41289 -7.51273 -6.85946
v -1.29994 -7.04228 -6.42993
v -1.29995 -8.05723 -5.34491
v 0.41288 -8.59549 -5.70195
v 0.41290 -6.24499 -7.84806
v -1.29993 -5.85392 -7.35662
v -1.29994 -7.04228 -6.42993
v 0.41289 -7.51273 -6.85946
v 0.41291 -4.82347 -8.64342
v -1.29992 -4.52142 -8.10218
v -1.29993 -5.85392 -7.35662
v 0.41290 -6.24499 -7.84806
v 0.41291 -3.28318 -9.22595
v -1.29991 -3.07758 -8.64822
v -1.29992 -4.52142 -8.10218
v 0.41291 -4.82347 -8.64342
v 0.41292 -1.66205 -9.58130
v -1.29991 -1.55797 -8.98133
v -1.29991 -3.07758 -8.64822
v 0.41291 -3.28318 -9.22595
v 0.41292 0.00001 -9.70073
v -1.29991 0.00001 -9.09328
v -1.29991 -1.55797 -8.98133
v 0.41292 -1.66205 -9.58130
v -1.29991 1.55798 -8.98133
v -2.88783 1.42724 -8.22768
v -2.88783 0.00000 -8.33024
v -1.29991 0.00001 -9.09328
v -1.29991 3.07760 -8.64822
v -2.88784 2.81934 -7.92253
v -2.88783 1.42724 -8.22768
v -1.29991 1.55798 -8.98133
v -1.29992 4.52143 -8.10217
v -2.88784 4.14202 -7.42230
v -2.88784 2.81934 -7.92253
v -1.29991 3.07760 -8.64822
v -1.29993 5.85393 -7.35662
v -2.88785 5.36270 -6.73931
v -2.88784 4.14202 -7.42230
v -1.29992 4.52143 -8.10217
v -1.29994 7.04229 -6.42992
v -2.88786 6.45134 -5.89037
v -2.88785 5.36270 -6.73931
v -1.29993 5.85393 -7.35662
v -1.29995 8.05724 -5.34490
v -2.88787 7.38112 -4.89640
v -2.88786 6.45134 -5.89037
v -1.29994 7.04229 -6.42992
v -1.29996 8.87380 -4.12826
v -2.88788 8.12916 -3.78186
v -2.88787 7.38112 -4.89640
v -1.29995 8.05724 -5.34490
v -1.29997 9.47185 -2.80998
v -2.88789 8.67703 -2.57420
v -2.88788 8.12916 -3.78186
v -1.29996 8.87380 -4.12826
v -1.29999 9.83668 -1.42251
v -2.88790 9.01124 -1.30316
v -2.88789 8.67703 -2.57420
v -1.29997 9.47185 -2.80998
v -1.30000 9.95929 -0.00001
v -2.88792 9.12356 -0.00002
v -2.88790 9.01124 -1.30316
v -1.29999 9.83668 -1.42251
v -1.30002 9.83667 1.42249
v -2.88793 9.01124 1.30311
v -2.88792 9.12356 -0.00002
v -1.30000 9.95929 -0.00001
v -1.30003 9.47185 2.80997
v -2.88794 8.67702 2.57415
v -2.88793 9.01124 1.30311
v -1.30002 9.83667 1.42249
v -1.30004 8.87379 4.12825
v -2.88796 8.12915 3.78181
v -2.88794 8.67702 2.57415
v -1.30003 9.47185 2.80997
v -1.30006 8.05723 5.34488
v -2.88797 7.38111 4.89635
v -2.88796 8.12915 3.78181
v -1.30004 8.87379 4.12825
v -1.30007 7.04228 6.42990
v -2.88798 6.45133 5.89032
v -2.88797 7.38111 4.89635
v -1.30006 8.05723 5.34488
v -1.30008 5.85392 7.35660
v -2.88798 5.36269 6.73926
v -2.88798 6.45133 5.89032
v -1.30007 7.04228 6.42990
v -1.30008 4.52142 8.10215
v -2.88799 4.14201 7.42225
v -2.88798 5.36269 6.73926
v -1.30008 5.85392 7.35660
v -1.30009 3.07759 8.64820
v -2.88800 2.81933 7.92247
v -2.88799 4.14201 7.42225
v -1.30008 4.52142 8.10215
v -1.30009 1.55797 8.98130
v -2.88800 1.42723 8.22762
v -2.88800 2.81933 7.92247
v -1.30009 3.07759 8.64820
v -1.30009 -0.00001 9.09325
v -2.88800 -0.00001 8.33018
v -2.88800 1.42723 8.22762
v -1.30009 1.55797 8.98130
v -1.30009 -1.55798 8.98130
v -2.88800 -1.42725 8.22762
v -2.88800 -0.00001 8.33018
v -1.30009 -0.00001 9.09325
v -1.30009 -3.07760 8.64820
v -2.88800 -2.81934 7.92247
v -2.88800 -1.42725 8.22762
v -1.30009 -1.55798 8.98130
v -1.30008 -4.52143 8.10214
v -2.88799 -4.14202 7.42224
v -2.88800 -2.81934 7.92247
v -1.30009 -3.07760 8.64820
v -1.30007 -5.85393 7.35659
v -2.88798 -5.36270 6.73925
v -2.88799 -4.14202 7.42224
v -1.30008 -4.52143 8.10214
v -1.30006 -7.04229 6.42989
v -2.88798 -6.45134 5.89031
v -2.88798 -5.36270 6.73925
v -1.30007 -5.85393 7.35659
v -1.30005 -8.05724 5.34487
v -2.88797 -7.38112 4.89634
v -2.88798 -6.45134 5.89031
v -1.30006 -7.04229 6.42989
v -1.30004 -8.87380 4.12824
v -2.88795 -8.12916 3.78180
v -2.88797 -7.38112 4.89634
v -1.30005 -8.05724 5.34487
v -1.30003 -9.47185 2.80995
v -2.88794 -8.67703 2.57414
v -2.88795 -8.12916 3.78180
v -1.30004 -8.87380 4.12824
v -1.30001 -9.83668 1.42248
v -2.88793 -9.01124 1.30310
v -2.88794 -8.67703 2.57414
v -1.30003 -9.47185 2.80995
v -1.30000 -9.95929 -0.00002
v -2.88792 -9.12356 -0.00003
v -2.88793 -9.01124 1.30310
v -1.30001 -9.83668 1.42248
v -1.29999 -9.83668 -1.42252
v -2.88790 -9.01124 -1.30317
v -2.88792 -9.12356 -0.00003
v -1.30000 -9.95929 -0.00002
v -1.29997 -9.47185 -2.80999
v -2.88789 -8.67702 -2.57421
v -2.88790 -9.01124 -1.30317
v -1.29999 -9.83668 -1.42252
v -1.29996 -8.87379 -4.12828
v -2.88788 -8.12915 -3.78187
v -2.88789 -8.67702 -2.57421
v -1.29997 -9.47185 -2.80999
v -1.29995 -8.05723 -5.34491
v -2.88787 -7.38111 -4.89641
v -2.88788 -8.12915 -3.78187
v -1.29996 -8.87379 -4.12828
v -1.29994 -7.04228 -6.42993
v -2.88786 -6.45133 -5.89038
v -2.88787 -7.38111 -4.89641
v -1.29995 -8.05723 -5.34491
v -1.29993 -5.85392 -7.35662
v -2.88785 -5.36269 -6.73931
v -2.88786 -6.45133 -5.89038
v -1.29994 -7.04228 -6.42993
v -1.29992 -4.52142 -8.10218
v -2.88784 -4.14201 -7.42230
v -2.88785 -5.36269 -6.73931
v -1.29993 -5.85392 -7.35662
v -1.29991 -3.07758 -8.64822
v -2.88784 -2.81933 -7.92253
v -2.88784 -4.14201 -7.42230
v -1.29992 -4.52142 -8.10218
v -1.29991 -1.55797 -8.98133
v -2.88783 -1.42723 -8.22768
v -2.88784 -2.81933 -7.92253
v -1.29991 -3.07758 -8.64822
v -1.29991 0.00001 -9.09328
v -2.88783 0.00001 -8.33024
v -2.88783 -1.42723 -8.22768
v -1.29991 -1.55797 -8.98133
v -2.88783 1.42724 -8.22768
v -4.32369 1.27209 -7.33325
v -4.32368 0.00000 -7.42466
v -2.88783 0.00000 -8.33024
v -2.88784 2.81934 -7.92253
v -4.32369 2.51285 -7.06128
v -4.32369 1.27209 -7.33325
v -2.88783 1.42724 -8.22768
v -2.88784 4.14202 -7.42230
v -4.32369 3.69173 -6.61543
v -4.32369 2.51285 -7.06128
v -2.88784 2.81934 -7.92253
v -2.88785 5.36270 -6.73931
v -4.32370 4.77971 -6.00669
v -4.32369 3.69173 -6.61543
v -2.88784 4.14202 -7.42230
v -2.88786 6.45134 -5.89037
v -4.32371 5.75000 -5.25004
v -4.32370 4.77971 -6.00669
v -2.88785 5.36270 -6.73931
v -2.88787 7.38112 -4.89640
v -4.32372 6.57871 -4.36412
v -4.32371 5.75000 -5.25004
v -2.88786 6.45134 -5.89037
v -2.88788 8.12916 -3.78186
v -4.32373 7.24542 -3.37075
v -4.32372 6.57871 -4.36412
v -2.88787 7.38112 -4.89640
v -2.88789 8.67703 -2.57420
v -4.32374 7.73373 -2.29437
v -4.32373 7.24542 -3.37075
v -2.88788 8.12916 -3.78186
v -2.88790 9.01124 -1.30316
v -4.32375 8.03161 -1.16151
v -4.32374 7.73373 -2.29437
v -2.88789 8.67703 -2.57420
v -2.88792 9.12356 -0.00002
v -4.32376 8.13173 -0.00004
v -4.32375 8.03161 -1.16151
v -2.88790 9.01124 -1.30316
v -2.88793 9.01124 1.30311
v -4.32377 8.03161 1.16143
v -4.32376 8.13173 -0.00004
v -2.88792 9.12356 -0.00002
v -2.88794 8.67702 2.57415
v -4.32378 7.73373 2.29430
v -4.32377 8.03161 1.16143
v -2.88793 9.01124 1.30311
v -2.88796 8.12915 3.78181
v -4.32379 7.24542 3.37067
v -4.32378 7.73373 2.29430
v -2.88794 8.67702 2.57415
v -2.88797 7.38111 4.89635
v -4.32380 6.57870 4.36404
v -4.32379 7.24542 3.37067
v -2.88796 8.12915 3.78181
v -2.88798 6.45133 5.89032
v -4.32381 5.75000 5.24996
v -4.32380 6.57870 4.36404
v -2.88797 7.38111 4.89635
v -2.88798 5.36269 6.73926
v -4.32382 4.77971 6.00660
v -4.32381 5.75000 5.24996
v -2.88798 6.45133 5.89032
v -2.88799 4.14201 7.42225
v -4.32383 3.69172 6.61535
v -4.32382 4.77971 6.00660
v -2.88798 5.36269 6.73926
v -2.88800 2.81933 7.92247
v -4.32383 2.51284 7.06119
v -4.32383 3.69172 6.61535
v -2.88799 4.14201 7.42225
v -2.88800 1.42723 8.22762
v -4.32383 1.27208 7.33317
v -4.32383 2.51284 7.06119
v -2.88800 2.81933 7.92247
v -2.88800 -0.00001 8.33018
v -4.32383 -0.00001 7.42458
v -4.32383 1.27208 7.33317
v -2.88800 1.42723 8.22762
v -2.88800 -1.42725 8.22762
v -4.32383 -1.27209 7.33317
v -4.32383 -0.00001 7.42458
v -2.88800 -0.00001 8.33018
v -2.88800 -2.81934 7.92247
v -4.32383 -2.51285 7.06119
v -4.32383 -1.27209 7.33317
v -2.88800 -1.42725 8.22762
v -2.88799 -4.14202 7.42224
v -4.32382 -3.69173 6.61534
v -4.32383 -2.51285 7.06119
v -2.88800 -2.81934 7.92247
v -2.88798 -5.36270 6.73925
v -4.32382 -4.77971 6.00660
v -4.32382 -3.69173 6.61534
v -2.88799 -4.14202 7.42224
v -2.88798 -6.45134 5.89031
v -4.32381 -5.75000 5.24995
v -4.32382 -4.77971 6.00660
v -2.88798 -5.36270 6.73925
v -2.88797 -7.38112 4.89634
v -4.32380 -6.57871 4.36403
v -4.32381 -5.75000 5.24995
v -2.88798 -6.45134 5.89031
v -2.88795 -8.12916 3.78180
v -4.32379 -7.24543 3.37066
v -4.32380 -6.57871 4.36403
v -2.88797 -7.38112 4.89634
v -2.88794 -8.67703 2.57414
v -4.32378 -7.73374 2.29428
v -4.32379 -7.24543 3.37066
v -2.88795 -8.12916 3.78180
v -2.88793 -9.01124 1.30310
v -4.32377 -8.03161 1.16142
v -4.32378 -7.73374 2.29428
v -2.88794 -8.67703 2.57414
v -2.88792 -9.12356 -0.00003
v -4.32376 -8.13173 -0.00005
v -4.32377 -8.03161 1.16142
v -2.88793 -9.01124 1.30310
v -2.88790 -9.01124 -1.30317
v -4.32375 -8.03161 -1.16151
v -4.32376 -8.13173 -0.00005
v -2.88792 -9.12356 -0.00003
v -2.88789 -8.67702 -2.57421
v -4.32374 -7.73373 -2.29438
v -4.32375 -8.03161 -1.16151
v -2.88790 -9.01124 -1.30317
v -2.88788 -8.12915 -3.78187
v -4.32372 -7.24542 -3.37076
v -4.32374 -7.73373 -2.29438
v -2.88789 -8.67702 -2.57421
v -2.88787 -7.38111 -4.89641
v -4.32371 -6.57870 -4.36413
v -4.32372 -7.24542 -3.37076
v -2.88788 -8.12915 -3.78187
v -2.88786 -6.45133 -5.89038
v -4.32371 -5.75000 -5.25005
v -4.32371 -6.57870 -4.36413
v -2.88787 -7.38111 -4.89641
v -2.88785 -5.36269 -6.73931
v -4.32370 -4.77971 -6.00669
v -4.32371 -5.75000 -5.25005
v -2.88786 -6.45133 -5.89038
v -2.88784 -4.14201 -7.42230
v -4.32369 -3.69172 -6.61543
v -4.32370 -4.77971 -6.00669
v -2.88785 -5.36269 -6.73931
v -2.88784 -2.81933 -7.92253
v -4.32369 -2.51284 -7.06128
v -4.32369 -3.69172 -6.61543
v -2.88784 -4.14201 -7.42230
v -2.88783 -1.42723 -8.22768
v -4.32369 -1.27208 -7.33326
v -4.32369 -2.51284 -7.06128
v -2.88784 -2.81933 -7.92253
v -2.88783 0.00001 -8.33024
v -4.32368 0.00001 -7.42466
v -4.32369 -1.27208 -7.33326
v -2.88783 -1.42723 -8.22768
v -4.32369 1.27209 -7.33325
v -5.58290 1.09516 -6.31335
v -5.58289 0.00000 -6.39205
v -4.32368 0.00000 -7.42466
v -4.32369 2.51285 -7.06128
v -5.58290 2.16336 -6.07920
v -5.58290 1.09516 -6.31335
v -4.32369 1.27209 -7.33325
v -4.32369 3.69173 -6.61543
v -5.58290 3.17828 -5.69536
v -5.58290 2.16336 -6.07920
v -4.32369 2.51285 -7.06128
v -4.32370 4.77971 -6.00669
v -5.58291 4.11494 -5.17129
v -5.58290 3.17828 -5.69536
v -4.32369 3.69173 -6.61543
v -4.32371 5.75000 -5.25004
v -5.58291 4.95028 -4.51988
v -5.58291 4.11494 -5.17129
v -4.32370 4.77971 -6.00669
v -4.32372 6.57871 -4.36412
v -5.58292 5.66373 -3.75717
v -5.58291 4.95028 -4.51988
v -4.32371 5.75000 -5.25004
v -4.32373 7.24542 -3.37075
v -5.58293 6.23772 -2.90196
v -5.58292 5.66373 -3.75717
v -4.32372 6.57871 -4.36412
v -4.32374 7.73373 -2.29437
v -5.58294 6.65812 -1.97529
v -5.58293 6.23772 -2.90196
v -4.32373 7.24542 -3.37075
v -4.32375 8.03161 -1.16151
v -5.58295 6.91457 -0.99998
v -5.58294 6.65812 -1.97529
v -4.32374 7.73373 -2.29437
v -4.32376 8.13173 -0.00004
v -5.58296 7.00076 -0.00005
v -5.58295 6.91457 -0.99998
v -4.32375 8.03161 -1.16151
v -4.32377 8.03161 1.16143
v -5.58297 6.91456 0.99988
v -5.58296 7.00076 -0.00005
v -4.32376 8.13173 -0.00004
v -4.32378 7.73373 2.29430
v -5.58298 6.65811 1.97518
v -5.58297 6.91456 0.99988
v -4.32377 8.03161 1.16143
v -4.32379 7.24542 3.37067
v -5.58299 6.23772 2.90185
v -5.58298 6.65811 1.97518
v -4.32378 7.73373 2.29430
v -4.32380 6.57870 4.36404
v -5.58300 5.66373 3.75707
v -5.58299 6.23772 2.90185
v -4.32379 7.24542 3.37067
v -4.32381 5.75000 5.24996
v -5.58300 4.95028 4.51977
v -5.58300 5.66373 3.75707
v -4.32380 6.57870 4.36404
v -4.32382 4.77971 6.00660
v -5.58301 4.11494 5.17118
v -5.58300 4.95028 4.51977
v -4.32381 5.75000 5.24996
v -4.32383 3.69172 6.61535
v -5.58302 3.17827 5.69526
v -5.58301 4.11494 5.17118
v -4.32382 4.77971 6.00660
v -4.32383 2.51284 7.06119
v -5.58302 2.16335 6.07909
v -5.58302 3.17827 5.69526
v -4.32383 3.69172 6.61535
v -4.32383 1.27208 7.33317
v -5.58302 1.09516 6.31324
v -5.58302 2.16335 6.07909
v -4.32383 2.51284 7.06119
v -4.32383 -0.00001 7.42458
v -5.58302 -0.00000 6.39194
v -5.58302 1.09516 6.31324
v -4.32383 1.27208 7.33317
v -4.32383 -1.27209 7.33317
v -5.58302 -1.09516 6.31324
v -5.58302 -0.00000 6.39194
v -4.32383 -0.00001 7.42458
v -4.32383 -2.51285 7.06119
v -5.58302 -2.16336 6.07909
v -5.58302 -1.09516 6.31324
v -4.32383 -1.27209 7.33317
v -4.32382 -3.69173 6.61534
v -5.58301 -3.17828 5.69525
v -5.58302 -2.16336 6.07909
v -4.32383 -2.51285 7.06119
v -4.32382 -4.77971 6.00660
v -5.58301 -4.11495 5.17117
v -5.58301 -3.17828 5.69525
v -4.32382 -3.69173 6.61534
v -4.32381 -5.75000 5.24995
v -5.58300 -4.95029 4.51976
v -5.58301 -4.11495 5.17117
v -4.32382 -4.77971 6.00660
v -4.32380 -6.57871 4.36403
v -5.58300 -5.66373 3.75706
v -5.58300 -4.95029 4.51976
v -4.32381 -5.75000 5.24995
v -4.32379 -7.24543 3.37066
v -5.58299 -6.23772 2.90184
v -5.58300 -5.66373 3.75706
v -4.32380 -6.57871 4.36403
v -4.32378 -7.73374 2.29428
v -5.58298 -6.65812 1.97517
v -5.58299 -6.23772 2.90184
v -4.32379 -7.24543 3.37066
v -4.32377 -8.03161 1.16142
v -5.58297 -6.91457 0.99987
v -5.58298 -6.65812 1.97517
v -4.32378 -7.73374 2.29428
v -4.32376 -8.13173 -0.00005
v -5.58296 -7.00076 -0.00006
v -5.58297 -6.91457 0.99987
v -4.32377 -8.03161 1.16142
v -4.32375 -8.03161 -1.16151
v -5.58295 -6.91457 -0.99999
v -5.58296 -7.00076 -0.00006
v -4.32376 -8.13173 -0.00005
v -4.32374 -7.73373 -2.29438
v -5.58294 -6.65811 -1.97530
v -5.58295 -6.91457 -0.99999
v -4.32375 -8.03161 -1.16151
v -4.32372 -7.24542 -3.37076
v -5.58293 -6.23772 -2.90197
v -5.58294 -6.65811 -1.97530
v -4.32374 -7.73373 -2.29438
v -4.32371 -6.57870 -4.36413
v -5.58292 -5.66373 -3.75718
v -5.58293 -6.23772 -2.90197
v -4.32372 -7.24542 -3.37076
v -4.32371 -5.75000 -5.25005
v -5.58291 -4.95028 -4.51988
v -5.58292 -5.66373 -3.75718
v -4.32371 -6.57870 -4.36413
v -4.32370 -4.77971 -6.00669
v -5.58291 -4.11494 -5.17129
v -5.58291 -4.95028 -4.51988
v -4.32371 -5.75000 -5.25005
v -4.32369 -3.69172 -6.61543
v -5.58290 -3.17827 -5.69537
v -5.58291 -4.11494 -5.17129
v -4.32370 -4.77971 -6.00669
v -4.32369 -2.51284 -7.06128
v -5.58290 -2.16335 -6.07921
v -5.58290 -3.17827 -5.69537
v -4.32369 -3.69172 -6.61543
v -4.32369 -1.27208 -7.33326
v -5.58290 -1.09516 -6.31336
v -5.58290 -2.16335 -6.07921
v -4.32369 -2.51284 -7.06128
v -4.32368 0.00001 -7.42466
v -5.58289 0.00000 -6.39205
v -5.58290 -1.09516 -6.31336
v -4.32369 -1.27208 -7.33326
v -5.58290 1.09516 -6.31335
v -6.64392 0.89950 -5.18543
v -6.64392 0.00000 -5.25006
v -5.58289 0.00000 -6.39205
v -5.58290 2.16336 -6.07920
v -6.64392 1.77685 -4.99311
v -6.64392 0.89950 -5.18543
v -5.58290 1.09516 -6.31335
v -5.58290 3.17828 -5.69536
v -6.64393 2.61045 -4.67785
v -6.64392 1.77685 -4.99311
v -5.58290 2.16336 -6.07920
v -5.58291 4.11494 -5.17129
v -6.64393 3.37977 -4.24740
v -6.64393 2.61045 -4.67785
v -5.58290 3.17828 -5.69536
v -5.58291 4.95028 -4.51988
v -6.64394 4.06586 -3.71237
v -6.64393 3.37977 -4.24740
v -5.58291 4.11494 -5.17129
v -5.58292 5.66373 -3.75717
v -6.64394 4.65185 -3.08594
v -6.64394 4.06586 -3.71237
v -5.58291 4.95028 -4.51988
v -5.58293 6.23772 -2.90196
v -6.64395 5.12329 -2.38351
v -6.64394 4.65185 -3.08594
v -5.58292 5.66373 -3.75717
v -5.58294 6.65812 -1.97529
v -6.64396 5.46857 -1.62240
v -6.64395 5.12329 -2.38351
v -5.58293 6.23772 -2.90196
v -5.58295 6.91457 -0.99998
v -6.64396 5.67921 -0.82134
v -6.64396 5.46857 -1.62240
v -5.58294 6.65812 -1.97529
v -5.58296 7.00076 -0.00005
v -6.64397 5.75000 -0.00006
v -6.64396 5.67921 -0.82134
v -5.58295 6.91457 -0.99998
v -5.58297 6.91456 0.99988
v -6.64398 5.67920 0.82122
v -6.64397 5.75000 -0.00006
v -5.58296 7.00076 -0.00005
v -5.58298 6.65811 1.97518
v -6.64399 5.46857 1.62228
v -6.64398 5.67920 0.82122
v -5.58297 6.91456 0.99988
v -5.58299 6.23772 2.90185
v -6.64400 5.12328 2.38339
v -6.64399 5.46857 1.62228
v -5.58298 6.65811 1.97518
v -5.58300 5.66373 3.75707
v -6.64400 4.65184 3.08581
v -6.64400 5.12328 2.38339
v -5.58299 6.23772 2.90185
v -5.58300 4.95028 4.51977
v -6.64401 4.06586 3.71225
v -6.64400 4.65184 3.08581
v -5.58300 5.66373 3.75707
v -5.58301 4.11494 5.17118
v -6.64402 3.37976 4.24727
v -6.64401 4.06586 3.71225
v -5.58300 4.95028 4.51977
v -5.58302 3.17827 5.69526
v -6.64402 2.61044 4.67772
v -6.64402 3.37976 4.24727
v -5.58301 4.11494 5.17118
v -5.58302 2.16335 6.07909
v -6.64402 1.77684 4.99298
v -6.64402 2.61044 4.67772
v -5.58302 3.17827 5.69526
v -5.58302 1.09516 6.31324
v -6.64402 0.89949 5.18530
v -6.64402 1.77684 4.99298
v -5.58302 2.16335 6.07909
v -5.58302 -0.00000 6.39194
v -6.64402 -0.00000 5.24993
v -6.64402 0.89949 5.18530
v -5.58302 1.09516 6.31324
v -5.58302 -1.09516 6.31324
v -6.64402 -0.89950 5.18529
v -6.64402 -0.00000 5.24993
v -5.58302 -0.00000 6.39194
v -5.58302 -2.16336 6.07909
v -6.64402 -1.77685 4.99298
v -6.64402 -0.89950 5.18529
v -5.58302 -1.09516 6.31324
v -5.58301 -3.17828 5.69525
v -6.64402 -2.61045 4.67771
v -6.64402 -1.77685 4.99298
v -5.58302 -2.16336 6.07909
v -5.58301 -4.11495 5.17117
v -6.64401 -3.37977 4.24727
v -6.64402 -2.61045 4.67771
v -5.58301 -3.17828 5.69525
v -5.58300 -4.95029 4.51976
v -6.64401 -4.06587 3.71224
v -6.64401 -3.37977 4.24727
v -5.58301 -4.11495 5.17117
v -5.58300 -5.66373 3.75706
v -6.64400 -4.65185 3.08580
v -6.64401 -4.06587 3.71224
v -5.58300 -4.95029 4.51976
v -5.58299 -6.23772 2.90184
v -6.64400 -5.12329 2.38338
v -6.64400 -4.65185 3.08580
v -5.58300 -5.66373 3.75706
v -5.58298 -6.65812 1.97517
v -6.64399 -5.46858 1.62227
v -6.64400 -5.12329 2.38338
v -5.58299 -6.23772 2.90184
v -5.58297 -6.91457 0.99987
v -6.64398 -5.67921 0.82121
v -6.64399 -5.46858 1.62227
v -5.58298 -6.65812 1.97517
v -5.58296 -7.00076 -0.00006
v -6.64397 -5.75000 -0.00007
v -6.64398 -5.67921 0.82121
v -5.58297 -6.91457 0.99987
v -5.58295 -6.91457 -0.99999
v -6.64396 -5.67921 -0.82135
v -6.64397 -5.75000 -0.00007
v -5.58296 -7.00076 -0.00006
v -5.58294 -6.65811 -1.97530
v -6.64396 -5.46857 -1.62241
v -6.64396 -5.67921 -0.82135
v -5.58295 -6.91457 -0.99999
v -5.58293 -6.23772 -2.90197
v -6.64395 -5.12328 -2.38352
v -6.64396 -5.46857 -1.62241
v -5.58294 -6.65811 -1.97530
v -5.58292 -5.66373 -3.75718
v -6.64394 -4.65184 -3.08594
v -6.64395 -5.12328 -2.38352
v -5.58293 -6.23772 -2.90197
v -5.58291 -4.95028 -4.51988
v -6.64393 -4.06586 -3.71238
v -6.64394 -4.65184 -3.08594
v -5.58292 -5.66373 -3.75718
v -5.58291 -4.11494 -5.17129
v -6.64393 -3.37976 -4.24741
v -6.64393 -4.06586 -3.71238
v -5.58291 -4.95028 -4.51988
v -5.58290 -3.17827 -5.69537
v -6.64393 -2.61044 -4.67785
v -6.64393 -3.37976 -4.24741
v -5.58291 -4.11494 -5.17129
v -5.58290 -2.16335 -6.07921
v -6.64392 -1.77684 -4.99311
v -6.64393 -2.61044 -4.67785
v -5.58290 -3.17827 -5.69537
v -5.58290 -1.09516 -6.31336
v -6.64392 -0.89949 -5.18543
v -6.64392 -1.77684 -4.99311
v -5.58290 -2.16335 -6.07921
v -5.58289 0.00000 -6.39205
v -6.64392 0.00000 -5.25006
v -6.64392 -0.89949 -5.18543
v -5.58290 -1.09516 -6.31336
v -6.64392 0.89950 -5.18543
v -7.48860 0.68845 -3.96878
v -7.48860 0.00000 -4.01825
v -6.64392 0.00000 -5.25006
v -6.64392 1.77685 -4.99311
v -7.48860 1.35994 -3.82159
v -7.48860 0.68845 -3.96878
v -6.64392 0.89950 -5.18543
v -6.64393 2.61045 -4.67785
v -7.48861 1.99795 -3.58029
v -7.48860 1.35994 -3.82159
v -6.64392 1.77685 -4.99311
v -6.64393 3.37977 -4.24740
v -7.48861 2.58676 -3.25084
v -7.48861 1.99795 -3.58029
v -6.64393 2.61045 -4.67785
v -6.64394 4.06586 -3.71237
v -7.48861 3.11188 -2.84135
v -7.48861 2.58676 -3.25084
v -6.64393 3.37977 -4.24740
v -6.64394 4.65185 -3.08594
v -7.48862 3.56037 -2.36190
v -7.48861 3.11188 -2.84135
v -6.64394 4.06586 -3.71237
v -6.64395 5.12329 -2.38351
v -7.48862 3.92119 -1.82429
v -7.48862 3.56037 -2.36190
v -6.64394 4.65185 -3.08594
v -6.64396 5.46857 -1.62240
v -7.48863 4.18546 -1.24176
v -7.48862 3.92119 -1.82429
v -6.64395 5.12329 -2.38351
v -6.64396 5.67921 -0.82134
v -7.48864 4.34668 -0.62865
v -7.48863 4.18546 -1.24176
v -6.64396 5.46857 -1.62240
v -6.64397 5.75000 -0.00006
v -7.48864 4.40086 -0.00007
v -7.48864 4.34668 -0.62865
v -6.64396 5.67921 -0.82134
v -6.64398 5.67920 0.82122
v -7.48865 4.34667 0.62851
v -7.48864 4.40086 -0.00007
v -6.64397 5.75000 -0.00006
v -6.64399 5.46857 1.62228
v -7.48866 4.18546 1.24161
v -7.48865 4.34667 0.62851
v -6.64398 5.67920 0.82122
v -6.64400 5.12328 2.38339
v -7.48866 3.92119 1.82414
v -7.48866 4.18546 1.24161
v -6.64399 5.46857 1.62228
v -6.64400 4.65184 3.08581
v -7.48867 3.56037 2.36175
v -7.48866 3.92119 1.82414
v -6.64400 5.12328 2.38339
v -6.64401 4.06586 3.71225
v -7.48867 3.11187 2.84121
v -7.48867 3.56037 2.36175
v -6.64400 4.65184 3.08581
v -6.64402 3.37976 4.24727
v -7.48868 2.58676 3.25070
v -7.48867 3.11187 2.84121
v -6.64401 4.06586 3.71225
v -6.64402 2.61044 4.67772
v -7.48868 1.99794 3.58015
v -7.48868 2.58676 3.25070
v -6.64402 3.37976 4.24727
v -6.64402 1.77684 4.99298
v -7.48868 1.35994 3.82144
v -7.48868 1.99794 3.58015
v -6.64402 2.61044 4.67772
v -6.64402 0.89949 5.18530
v -7.48868 0.68844 3.96863
v -7.48868 1.35994 3.82144
v -6.64402 1.77684 4.99298
v -6.64402 -0.00000 5.24993
v -7.48868 -0.00000 4.01810
v -7.48868 0.68844 3.96863
v -6.64402 0.89949 5.18530
v -6.64402 -0.89950 5.18529
v -7.48868 -0.68845 3.96863
v -7.48868 -0.00000 4.01810
v -6.64402 -0.00000 5.24993
v -6.64402 -1.77685 4.99298
v -7.48868 -1.35994 3.82143
v -7.48868 -0.68845 3.96863
v -6.64402 -0.89950 5.18529
v -6.64402 -2.61045 4.67771
v -7.48868 -1.99795 3.58014
v -7.48868 -1.35994 3.82143
v -6.64402 -1.77685 4.99298
v -6.64401 -3.37977 4.24727
v -7.48867 -2.58676 3.25069
v -7.48868 -1.99795 3.58014
v -6.64402 -2.61045 4.67771
v -6.64401 -4.06587 3.71224
v -7.48867 -3.11188 2.84120
v -7.48867 -2.58676 3.25069
v -6.64401 -3.37977 4.24727
v -6.64400 -4.65185 3.08580
v -7.48867 -3.56037 2.36175
v -7.48867 -3.11188 2.84120
v -6.64401 -4.06587 3.71224
v -6.64400 -5.12329 2.38338
v -7.48866 -3.92120 1.82413
v -7.48867 -3.56037 2.36175
v -6.64400 -4.65185 3.08580
v -6.64399 -5.46858 1.62227
v -7.48865 -4.18547 1.24161
v -7.48866 -3.92120 1.82413
v -6.64400 -5.12329 2.38338
v -6.64398 -5.67921 0.82121
v -7.48865 -4.34668 0.62850
v -7.48865 -4.18547 1.24161
v -6.64399 -5.46858 1.62227
v -6.64397 -5.75000 -0.00007
v -7.48864 -4.40086 -0.00008
v -7.48865 -4.34668 0.62850
v -6.64398 -5.67921 0.82121
v -6.64396 -5.67921 -0.82135
v -7.48864 -4.34668 -0.62866
v -7.48864 -4.40086 -0.00008
v -6.64397 -5.75000 -0.00007
v -6.64396 -5.46857 -1.62241
v -7.48863 -4.18546 -1.24176
v -7.48864 -4.34668 -0.62866
v -6.64396 -5.67921 -0.82135
v -6.64395 -5.12328 -2.38352
v -7.48862 -3.92119 -1.82429
v -7.48863 -4.18546 -1.24176
v -6.64396 -5.46857 -1.62241
v -6.64394 -4.65184 -3.08594
v -7.48862 -3.56037 -2.36190
v -7.48862 -3.92119 -1.82429
v -6.64395 -5.12328 -2.38352
v -6.64393 -4.06586 -3.71238
v -7.48861 -3.11187 -2.84136
v -7.48862 -3.56037 -2.36190
v -6.64394 -4.65184 -3.08594
v -6.64393 -3.37976 -4.24741
v -7.48861 -2.58676 -3.25085
v -7.48861 -3.11187 -2.84136
v -6.64393 -4.06586 -3.71238
v -6.64393 -2.61044 -4.67785
v -7.48861 -1.99795 -3.58030
v -7.48861 -2.58676 -3.25085
v -6.64393 -3.37976 -4.24741
v -6.64392 -1.77684 -4.99311
v -7.48860 -1.35994 -3.82159
v -7.48861 -1.99795 -3.58030
v -6.64393 -2.61044 -4.67785
v -6.64392 -0.89949 -5.18543
v -7.48860 -0.68844 -3.96878
v -7.48860 -1.35994 -3.82159
v -6.64392 -1.77684 -4.99311
v -6.64392 0.00000 -5.25006
v -7.48860 0.00000 -4.01825
v -7.48860 -0.68844 -3.96878
v -6.64392 -0.89949 -5.18543
v -7.48860 0.68845 -3.96878
v -8.10249 0.46562 -2.68422
v -8.10249 0.00000 -2.71768
v -7.48860 0.00000 -4.01825
v -7.48860 1.35994 -3.82159
v -8.10249 0.91976 -2.58467
v -8.10249 0.46562 -2.68422
v -7.48860 0.68845 -3.96878
v -7.48861 1.99795 -3.58029
v -8.10249 1.35127 -2.42148
v -8.10249 0.91976 -2.58467
v -7.48860 1.35994 -3.82159
v -7.48861 2.58676 -3.25084
v -8.10250 1.74949 -2.19866
v -8.10249 1.35127 -2.42148
v -7.48861 1.99795 -3.58029
v -7.48861 3.11188 -2.84135
v -8.10250 2.10465 -1.92171
v -8.10250 1.74949 -2.19866
v -7.48861 2.58676 -3.25084
v -7.48862 3.56037 -2.36190
v -8.10250 2.40797 -1.59744
v -8.10250 2.10465 -1.92171
v -7.48861 3.11188 -2.84135
v -7.48862 3.92119 -1.82429
v -8.10251 2.65201 -1.23384
v -8.10250 2.40797 -1.59744
v -7.48862 3.56037 -2.36190
v -7.48863 4.18546 -1.24176
v -8.10251 2.83074 -0.83986
v -8.10251 2.65201 -1.23384
v -7.48862 3.92119 -1.82429
v -7.48864 4.34668 -0.62865
v -8.10251 2.93977 -0.42521
v -8.10251 2.83074 -0.83986
v -7.48863 4.18546 -1.24176
v -7.48864 4.40086 -0.00007
v -8.10252 2.97642 -0.00008
v -8.10251 2.93977 -0.42521
v -7.48864 4.34668 -0.62865
v -7.48865 4.34667 0.62851
v -8.10252 2.93977 0.42505
v -8.10252 2.97642 -0.00008
v -7.48864 4.40086 -0.00007
v -7.48866 4.18546 1.24161
v -8.10253 2.83074 0.83970
v -8.10252 2.93977 0.42505
v -7.48865 4.34667 0.62851
v -7.48866 3.92119 1.82414
v -8.10253 2.65201 1.23368
v -8.10253 2.83074 0.83970
v -7.48866 4.18546 1.24161
v -7.48867 3.56037 2.36175
v -8.10253 2.40797 1.59729
v -8.10253 2.65201 1.23368
v -7.48866 3.92119 1.82414
v -7.48867 3.11187 2.84121
v -8.10254 2.10464 1.92155
v -8.10253 2.40797 1.59729
v -7.48867 3.56037 2.36175
v -7.48868 2.58676 3.25070
v -8.10254 1.74949 2.19850
v -8.10254 2.10464 1.92155
v -7.48867 3.11187 2.84121
v -7.48868 1.99794 3.58015
v -8.10254 1.35126 2.42132
v -8.10254 1.74949 2.19850
v -7.48868 2.58676 3.25070
v -7.48868 1.35994 3.82144
v -8.10254 0.91976 2.58451
v -8.10254 1.35126 2.42132
v -7.48868 1.99794 3.58015
v -7.48868 0.68844 3.96863
v -8.10254 0.46561 2.68406
v -8.10254 0.91976 2.58451
v -7.48868 1.35994 3.82144
v -7.48868 -0.00000 4.01810
v -8.10254 -0.00000 2.71752
v -8.10254 0.46561 2.68406
v -7.48868 0.68844 3.96863
v -7.48868 -0.68845 3.96863
v -8.10254 -0.46562 2.68406
v -8.10254 -0.00000 2.71752
v -7.48868 -0.00000 4.01810
v -7.48868 -1.35994 3.82143
v -8.10254 -0.91977 2.58451
v -8.10254 -0.46562 2.68406
v -7.48868 -0.68845 3.96863
v -7.48868 -1.99795 3.58014
v -8.10254 -1.35127 2.42132
v -8.10254 -0.91977 2.58451
v -7.48868 -1.35994 3.82143
v -7.48867 -2.58676 3.25069
v -8.10254 -1.74950 2.19850
v -8.10254 -1.35127 2.42132
v -7.48868 -1.99795 3.58014
v -7.48867 -3.11188 2.84120
v -8.10254 -2.10465 1.92155
v -8.10254 -1.74950 2.19850
v -7.48867 -2.58676 3.25069
v -7.48867 -3.56037 2.36175
v -8.10253 -2.40797 1.59728
v -8.10254 -2.10465 1.92155
v -7.48867 -3.11188 2.84120
v -7.48866 -3.92120 1.82413
v -8.10253 -2.65201 1.23368
v -8.10253 -2.40797 1.59728
v -7.48867 -3.56037 2.36175
v -7.48865 -4.18547 1.24161
v -8.10253 -2.83074 0.83970
v -8.10253 -2.65201 1.23368
v -7.48866 -3.92120 1.82413
v -7.48865 -4.34668 0.62850
v -8.10252 -2.93977 0.42504
v -8.10253 -2.83074 0.83970
v -7.48865 -4.18547 1.24161
v -7.48864 -4.40086 -0.00008
v -8.10252 -2.97642 -0.00008
v -8.10252 -2.93977 0.42504
v -7.48865 -4.34668 0.62850
v -7.48864 -4.34668 -0.62866
v -8.10251 -2.93977 -0.42521
v -8.10252 -2.97642 -0.00008
v -7.48864 -4.40086 -0.00008
v -7.48863 -4.18546 -1.24176
v -8.10251 -2.83074 -0.83987
v -8.10251 -2.93977 -0.42521
v -7.48864 -4.34668 -0.62866
v -7.48862 -3.92119 -1.82429
v -8.10250 -2.65201 -1.23385
v -8.10251 -2.83074 -0.83987
v -7.48863 -4.18546 -1.24176
v -7.48862 -3.56037 -2.36190
v -8.10250 -2.40797 -1.59745
v -8.10250 -2.65201 -1.23385
v -7.48862 -3.92119 -1.82429
v -7.48861 -3.11187 -2.84136
v -8.10250 -2.10464 -1.92172
v -8.10250 -2.40797 -1.59745
v -7.48862 -3.56037 -2.36190
v -7.48861 -2.58676 -3.25085
v -8.10250 -1.74949 -2.19867
v -8.10250 -2.10464 -1.92172
v -7.48861 -3.11187 -2.84136
v -7.48861 -1.99795 -3.58030
v -8.10249 -1.35126 -2.42148
v -8.10250 -1.74949 -2.19867
v -7.48861 -2.58676 -3.25085
v -7.48860 -1.35994 -3.82159
v -8.10249 -0.91976 -2.58467
v -8.10249 -1.35126 -2.42148
v -7.48861 -1.99795 -3.58030
v -7.48860 -0.68844 -3.96878
v -8.10249 -0.46561 -2.68422
v -8.10249 -0.91976 -2.58467
v -7.48860 -1.35994 -3.82159
v -7.48860 0.00000 -4.01825
v -8.10249 0.00000 -2.71768
v -8.10249 -0.46561 -2.68422
v -7.48860 -0.68844 -3.96878
v -8.10249 0.46562 -2.68422
v -8.47508 0.23482 -1.35374
v -8.47508 -0.00000 -1.37061
v -8.10249 0.00000 -2.71768
v -8.10249 0.91976 -2.58467
v -8.47508 0.46385 -1.30353
v -8.47508 0.23482 -1.35374
v -8.10249 0.46562 -2.68422
v -8.10249 1.35127 -2.42148
v -8.47508 0.68146 -1.22123
v -8.47508 0.46385 -1.30353
v -8.10249 0.91976 -2.58467
v -8.10250 1.74949 -2.19866
v -8.47508 0.88230 -1.10886
v -8.47508 0.68146 -1.22123
v -8.10249 1.35127 -2.42148
v -8.10250 2.10465 -1.92171
v -8.47509 1.06140 -0.96919
v -8.47508 0.88230 -1.10886
v -8.10250 1.74949 -2.19866
v -8.10250 2.40797 -1.59744
v -8.47509 1.21438 -0.80566
v -8.47509 1.06140 -0.96919
v -8.10250 2.10465 -1.92171
v -8.10251 2.65201 -1.23384
v -8.47509 1.33745 -0.62229
v -8.47509 1.21438 -0.80566
v -8.10250 2.40797 -1.59744
v -8.10251 2.83074 -0.83986
v -8.47509 1.42759 -0.42360
v -8.47509 1.33745 -0.62229
v -8.10251 2.65201 -1.23384
v -8.10251 2.93977 -0.42521
v -8.47509 1.48257 -0.21448
v -8.47509 1.42759 -0.42360
v -8.10251 2.83074 -0.83986
v -8.10252 2.97642 -0.00008
v -8.47509 1.50105 -0.00008
v -8.47509 1.48257 -0.21448
v -8.10251 2.93977 -0.42521
v -8.10252 2.93977 0.42505
v -8.47510 1.48257 0.21431
v -8.47509 1.50105 -0.00008
v -8.10252 2.97642 -0.00008
v -8.10253 2.83074 0.83970
v -8.47510 1.42758 0.42343
v -8.47510 1.48257 0.21431
v -8.10252 2.93977 0.42505
v -8.10253 2.65201 1.23368
v -8.47510 1.33745 0.62212
v -8.47510 1.42758 0.42343
v -8.10253 2.83074 0.83970
v -8.10253 2.40797 1.59729
v -8.47510 1.21438 0.80549
v -8.47510 1.33745 0.62212
v -8.10253 2.65201 1.23368
v -8.10254 2.10464 1.92155
v -8.47510 1.06140 0.96902
v -8.47510 1.21438 0.80549
v -8.10253 2.40797 1.59729
v -8.10254 1.74949 2.19850
v -8.47511 0.88230 1.10869
v -8.47510 1.06140 0.96902
v -8.10254 2.10464 1.92155
v -8.10254 1.35126 2.42132
v -8.47511 0.68146 1.22106
v -8.47511 0.88230 1.10869
v -8.10254 1.74949 2.19850
v -8.10254 0.91976 2.58451
v -8.47511 0.46385 1.30336
v -8.47511 0.68146 1.22106
v -8.10254 1.35126 2.42132
v -8.10254 0.46561 2.68406
v -8.47511 0.23481 1.35357
v -8.47511 0.46385 1.30336
v -8.10254 0.91976 2.58451
v -8.10254 -0.00000 2.71752
v -8.47511 -0.00000 1.37044
v -8.47511 0.23481 1.35357
v -8.10254 0.46561 2.68406
v -8.10254 -0.46562 2.68406
v -8.47511 -0.23482 1.35357
v -8.47511 -0.00000 1.37044
v -8.10254 -0.00000 2.71752
v -8.10254 -0.91977 2.58451
v -8.47511 -0.46385 1.30336
v -8.47511 -0.23482 1.35357
v -8.10254 -0.46562 2.68406
v -8.10254 -1.35127 2.42132
v -8.47511 -0.68147 1.22106
v -8.47511 -0.46385 1.30336
v -8.10254 -0.91977 2.58451
v -8.10254 -1.74950 2.19850
v -8.47511 -0.88230 1.10869
v -8.47511 -0.68147 1.22106
v -8.10254 -1.35127 2.42132
v -8.10254 -2.10465 1.92155
v -8.47510 -1.06141 0.96902
v -8.47511 -0.88230 1.10869
v -8.10254 -1.74950 2.19850
v -8.10253 -2.40797 1.59728
v -8.47510 -1.21438 0.80549
v -8.47510 -1.06141 0.96902
v -8.10254 -2.10465 1.92155
v -8.10253 -2.65201 1.23368
v -8.47510 -1.33745 0.62212
v -8.47510 -1.21438 0.80549
v -8.10253 -2.40797 1.59728
v -8.10253 -2.83074 0.83970
v -8.47510 -1.42759 0.42343
v -8.47510 -1.33745 0.62212
v -8.10253 -2.65201 1.23368
v -8.10252 -2.93977 0.42504
v -8.47510 -1.48257 0.21431
v -8.47510 -1.42759 0.42343
v -8.10253 -2.83074 0.83970
v -8.10252 -2.97642 -0.00008
v -8.47509 -1.50105 -0.00009
v -8.47510 -1.48257 0.21431
v -8.10252 -2.93977 0.42504
v -8.10251 -2.93977 -0.42521
v -8.47509 -1.48257 -0.21448
v -8.47509 -1.50105 -0.00009
v -8.10252 -2.97642 -0.00008
v -8.10251 -2.83074 -0.83987
v -8.47509 -1.42759 -0.42360
v -8.47509 -1.48257 -0.21448
v -8.10251 -2.93977 -0.42521
v -8.10250 -2.65201 -1.23385
v -8.47509 -1.33745 -0.62229
v -8.47509 -1.42759 -0.42360
v -8.10251 -2.83074 -0.83987
v -8.10250 -2.40797 -1.59745
v -8.47509 -1.21438 -0.80566
v -8.47509 -1.33745 -0.62229
v -8.10250 -2.65201 -1.23385
v -8.10250 -2.10464 -1.92172
v -8.47508 -1.06140 -0.96919
v -8.47509 -1.21438 -0.80566
v -8.10250 -2.40797 -1.59745
v -8.10250 -1.74949 -2.19867
v -8.47508 -0.88230 -1.10886
v -8.47508 -1.06140 -0.96919
v -8.10250 -2.10464 -1.92172
v -8.10249 -1.35126 -2.42148
v -8.47508 -0.68146 -1.22123
v -8.47508 -0.88230 -1.10886
v -8.10250 -1.74949 -2.19867
v -8.10249 -0.91976 -2.58467
v -8.47508 -0.46385 -1.30353
v -8.47508 -0.68146 -1.22123
v -8.10249 -1.35126 -2.42148
v -8.10249 -0.46561 -2.68422
v -8.47508 -0.23482 -1.35374
v -8.47508 -0.46385 -1.30353
v -8.10249 -0.91976 -2.58467
v -8.10249 0.00000 -2.71768
v -8.47508 0.00000 -1.37061
v -8.47508 -0.23482 -1.35374
v -8.10249 -0.46561 -2.68422
v -8.47508 0.23482 -1.35374
v -8.60000 -0.00000 -0.00009
v -8.47508 -0.00000 -1.37061
v -8.47508 0.46385 -1.30353
v -8.60000 -0.00000 -0.00009
v -8.47508 0.23482 -1.35374
v -8.47508 0.68146 -1.22123
v -8.60000 -0.00000 -0.00009
v -8.47508 0.46385 -1.30353
v -8.47508 0.88230 -1.10886
v -8.60000 -0.00000 -0.00009
v -8.47508 0.68146 -1.22123
v -8.47509 1.06140 -0.96919
v -8.60000 -0.00000 -0.00009
v -8.47508 0.88230 -1.10886
v -8.47509 1.21438 -0.80566
v -8.60000 -0.00000 -0.00009
v -8.47509 1.06140 -0.96919
v -8.47509 1.33745 -0.62229
v -8.60000 -0.00000 -0.00009
v -8.47509 1.21438 -0.80566
v -8.47509 1.42759 -0.42360
v -8.60000 -0.00000 -0.00009
v -8.47509 1.33745 -0.62229
v -8.47509 1.48257 -0.21448
v -8.60000 -0.00000 -0.00009
v -8.47509 1.42759 -0.42360
v -8.47509 1.50105 -0.00008
v -8.60000 -0.00000 -0.00009
v -8.47509 1.48257 -0.21448
v -8.47510 1.48257 0.21431
v -8.60000 -0.00000 -0.00009
v -8.47509 1.50105 -0.00008
v -8.47510 1.42758 0.42343
v -8.60000 -0.00000 -0.00009
v -8.47510 1.48257 0.21431
v -8.47510 1.33745 0.62212
v -8.60000 -0.00000 -0.00009
v -8.47510 1.42758 0.42343
v -8.47510 1.21438 0.80549
v -8.60000 -0.00000 -0.00009
v -8.47510 1.33745 0.62212
v -8.47510 1.06140 0.96902
v -8.60000 -0.00000 -0.00009
v -8.47510 1.21438 0.80549
v -8.47511 0.88230 1.10869
v -8.60000 -0.00000 -0.00009
v -8.47510 1.06140 0.96902
v -8.47511 0.68146 1.22106
v -8.60000 -0.00000 -0.00009
v -8.47511 0.88230 1.10869
v -8.47511 0.46385 1.30336
v -8.60000 -0.00000 -0.00009
v -8.47511 0.68146 1.22106
v -8.47511 0.23481 1.35357
v -8.60000 -0.00000 -0.00009
v -8.47511 0.46385 1.30336
v -8.47511 -0.00000 1.37044
v -8.60000 -0.00000 -0.00009
v -8.47511 0.23481 1.35357
v -8.47511 -0.23482 1.35357
v -8.60000 -0.00000 -0.00009
v -8.47511 -0.00000 1.37044
v -8.47511 -0.46385 1.30336
v -8.60000 -0.00000 -0.00009
v -8.47511 -0.23482 1.35357
v -8.47511 -0.68147 1.22106
v -8.60000 -0.00000 -0.00009
v -8.47511 -0.46385 1.30336
v -8.47511 -0.88230 1.10869
v -8.60000 -0.00000 -0.00009
v -8.47511 -0.68147 1.22106
v -8.47510 -1.06141 0.96902
v -8.60000 -0.00000 -0.00009
v -8.47511 -0.88230 1.10869
v -8.47510 -1.21438 0.80549
v -8.60000 -0.00000 -0.00009
v -8.47510 -1.06141 0.96902
v -8.47510 -1.33745 0.62212
v -8.60000 -0.00000 -0.00009
v -8.47510 -1.21438 0.80549
v -8.47510 -1.42759 0.42343
v -8.60000 0.00000 -0.00009
v -8.47510 -1.33745 0.62212
v -8.47510 -1.48257 0.21431
v -8.60000 0.00000 -0.00009
v -8.47510 -1.42759 0.42343
v -8.47509 -1.50105 -0.00009
v -8.60000 0.00000 -0.00009
v -8.47510 -1.48257 0.21431
v -8.47509 -1.48257 -0.21448
v -8.60000 0.00000 -0.00009
v -8.47509 -1.50105 -0.00009
v -8.47509 -1.42759 -0.42360
v -8.60000 0.00000 -0.00009
v -8.47509 -1.48257 -0.21448
v -8.47509 -1.33745 -0.62229
v -8.60000 0.00000 -0.00009
v -8.47509 -1.42759 -0.42360
v -8.47509 -1.21438 -0.80566
v -8.60000 0.00000 -0.00009
v -8.47509 -1.33745 -0.62229
v -8.47508 -1.06140 -0.96919
v -8.60000 -0.00000 -0.00009
v -8.47509 -1.21438 -0.80566
v -8.47508 -0.88230 -1.10886
v -8.60000 -0.00000 -0.00009
v -8.47508 -1.06140 -0.96919
v -8.47508 -0.68146 -1.22123
v -8.60000 -0.00000 -0.00009
v -8.47508 -0.88230 -1.10886
v -8.47508 -0.46385 -1.30353
v -8.60000 -0.00000 -0.00009
v -8.47508 -0.68146 -1.22123
v -8.47508 -0.23482 -1.35374
v -8.60000 -0.00000 -0.00009
v -8.47508 -0.46385 -1.30353
v -8.47508 0.00000 -1.37061
v -8.60000 -0.00000 -0.00009
v -8.47508 -0.23482 -1.35374
v -0.49994 0.00000 -6.10000
v -0.49994 1.19005 -5.98279
v -15.49994 1.19005 -5.98294
v -15.49994 0.00000 -6.10015
v -0.49994 1.19005 -5.98279
v -0.49994 2.33437 -5.63567
v -15.49994 2.33437 -5.63582
v -15.49994 1.19005 -5.98294
v -0.49994 2.33437 -5.63567
v -0.49995 3.38898 -5.07197
v -15.49995 3.38898 -5.07212
v -15.49994 2.33437 -5.63582
v -0.49995 3.38898 -5.07197
v -0.49996 4.31335 -4.31335
v -15.49996 4.31335 -4.31350
v -15.49995 3.38898 -5.07212
v -0.49996 4.31335 -4.31335
v -0.49997 5.07197 -3.38898
v -15.49997 5.07197 -3.38913
v -15.49996 4.31335 -4.31350
v -0.49997 5.07197 -3.38898
v -0.49998 5.63567 -2.33437
v -15.49998 5.63566 -2.33452
v -15.49997 5.07197 -3.38913
v -0.49998 5.63567 -2.33437
v -0.49999 5.98279 -1.19005
v -15.49999 5.98279 -1.19020
v -15.49998 5.63566 -2.33452
v -0.49999 5.98279 -1.19005
v -0.50000 6.10000 -0.00000
v -15.50000 6.10000 -0.00015
v -15.49999 5.98279 -1.19020
v -0.50000 6.10000 -0.00000
v -0.50001 5.98279 1.19005
v -15.50001 5.98279 1.18990
v -15.50000 6.10000 -0.00015
v -0.50001 5.98279 1.19005
v -0.50002 5.63566 2.33437
v -15.50002 5.63566 2.33422
v -15.50001 5.98279 1.18990
v -0.50002 5.63566 2.33437
v -0.50003 5.07196 3.38898
v -15.50003 5.07196 3.38883
v -15.50002 5.63566 2.33422
v -0.50003 5.07196 3.38898
v -0.50004 4.31335 4.31335
v -15.50004 4.31335 4.31320
v -15.50003 5.07196 3.38883
v -0.50004 4.31335 4.31335
v -0.50005 3.38898 5.07196
v -15.50005 3.38897 5.07181
v -15.50004 4.31335 4.31320
v -0.50005 3.38898 5.07196
v -0.50006 2.33436 5.63566
v -15.50006 2.33436 5.63551
v -15.50005 3.38897 5.07181
v -0.50006 2.33436 5.63566
v -0.50006 1.19005 5.98279
v -15.50006 1.19005 5.98264
v -15.50006 2.33436 5.63551
v -0.50006 1.19005 5.98279
v -0.50006 -0.00000 6.10000
v -15.50006 -0.00001 6.09984
v -15.50006 1.19005 5.98264
v -0.50006 -0.00000 6.10000
v -0.50006 -1.19006 5.98278
v -15.50006 -1.19006 5.98263
v -15.50006 -0.00001 6.09984
v -0.50006 -1.19006 5.98278
v -0.50006 -2.33437 5.63566
v -15.50006 -2.33437 5.63551
v -15.50006 -1.19006 5.98263
v -0.50006 -2.33437 5.63566
v -0.50005 -3.38898 5.07196
v -15.50005 -3.38898 5.07181
v -15.50006 -2.33437 5.63551
v -0.50005 -3.38898 5.07196
v -0.50004 -4.31335 4.31334
v -15.50004 -4.31336 4.31319
v -15.50005 -3.38898 5.07181
v -0.50004 -4.31335 4.31334
v -0.50003 -5.07197 3.38897
v -15.50003 -5.07197 3.38882
v -15.50004 -4.31336 4.31319
v -0.50003 -5.07197 3.38897
v -0.50002 -5.63567 2.33436
v -15.50002 -5.63567 2.33421
v -15.50003 -5.07197 3.38882
v -0.50002 -5.63567 2.33436
v -0.50001 -5.98279 1.19004
v -15.50001 -5.98279 1.18989
v -15.50002 -5.63567 2.33421
v -0.50001 -5.98279 1.19004
v -0.50000 -6.10000 -0.00001
v -15.50000 -6.10000 -0.00016
v -15.50001 -5.98279 1.18989
v -0.50000 -6.10000 -0.00001
v -0.49999 -5.98279 -1.19006
v -15.49999 -5.98279 -1.19021
v -15.50000 -6.10000 -0.00016
v -0.49999 -5.98279 -1.19006
v -0.49998 -5.63566 -2.33438
v -15.49998 -5.63566 -2.33453
v -15.49999 -5.98279 -1.19021
v -0.49998 -5.63566 -2.33438
v -0.49997 -5.07196 -3.38899
v -15.49997 -5.07196 -3.38914
v -15.49998 -5.63566 -2.33453
v -0.49997 -5.07196 -3.38899
v -0.49996 -4.31335 -4.31336
v -15.49996 -4.31335 -4.31351
v -15.49997 -5.07196 -3.38914
v -0.49996 -4.31335 -4.31336
v -0.49995 -3.38898 -5.07197
v -15.49995 -3.38898 -5.07212
v -15.49996 -4.31335 -4.31351
v -0.49995 -3.38898 -5.07197
v -0.49994 -2.33437 -5.63567
v -15.49994 -2.33437 -5.63582
v -15.49995 -3.38898 -5.07212
v -0.49994 -2.33437 -5.63567
v -0.49994 -1.19005 -5.98280
v -15.49994 -1.19005 -5.98295
v -15.49994 -2.33437 -5.63582
v -0.49994 -1.19005 -5.98280
v -0.49994 0.00000 -6.10000
v -15.49994 0.00000 -6.10015
v -15.49994 -1.19005 -5.98295
v -0.49994 -1.19005 -5.98280
v -0.49994 -2.33437 -5.63567
v -0.49995 -3.38898 -5.07197
v -0.49996 -4.31335 -4.31336
v -0.49997 -5.07196 -3.38899
v -0.49998 -5.63566 -2.33438
v -0.49999 -5.98279 -1.19006
v -0.50000 -6.10000 -0.00001
v -0.50001 -5.98279 1.19004
v -0.50002 -5.63567 2.33436
v -0.50003 -5.07197 3.38897
v -0.50004 -4.31335 4.31334
v -0.50005 -3.38898 5.07196
v -0.50006 -2.33437 5.63566
v -0.50006 -1.19006 5.98278
v -0.50006 -0.00000 6.10000
v -0.50006 1.19005 5.98279
v -0.50006 2.33436 5.63566
v -0.50005 3.38898 5.07196
v -0.50004 4.31335 4.31335
v -0.50003 5.07196 3.38898
v -0.50002 5.63566 2.33437
v -0.50001 5.98279 1.19005
v -0.50000 6.10000 -0.00000
v -0.49999 5.98279 -1.19005
v -0.49998 5.63567 -2.33437
v -0.49997 5.07197 -3.38898
v -0.49996 4.31335 -4.31335
v -0.49995 3.38898 -5.07197
v -0.49994 2.33437 -5.63567
v -0.49994 1.19005 -5.98279
v -0.49994 0.00000 -6.10000
v -15.49994 0.00000 -6.10015
v -15.49994 1.19005 -5.98294
v -15.49994 2.33437 -5.63582
v -15.49995 3.38898 -5.07212
v -15.49996 4.31335 -4.31350
v -15.49997 5.07197 -3.38913
v -15.49998 5.63566 -2.33452
v -15.49999 5.98279 -1.19020
v -15.50000 6.10000 -0.00015
v -15.50001 5.98279 1.18990
v -15.50002 5.63566 2.33422
v -15.50003 5.07196 3.38883
v -15.50004 4.31335 4.31320
v -15.50005 3.38897 5.07181
v -15.50006 2.33436 5.63551
v -15.50006 1.19005 5.98264
v -15.50006 -0.00001 6.09984
v -15.50006 -1.19006 5.98263
v -15.50006 -2.33437 5.63551
v -15.50005 -3.38898 5.07181
v -15.50004 -4.31336 4.31319
v -15.50003 -5.07197 3.38882
v -15.50002 -5.63567 2.33421
v -15.50001 -5.98279 1.18989
v -15.50000 -6.10000 -0.00016
v -15.49999 -5.98279 -1.19021
v -15.49998 -5.63566 -2.33453
v -15.49997 -5.07196 -3.38914
v -15.49996 -4.31335 -4.31351
v -15.49995 -3.38898 -5.07212
v -15.49994 -2.33437 -5.63582
v -15.49994 -1.19005 -5.98295
v 15.17320 8.16480 -1.27330
v 15.17320 8.00000 -1.29825
v 15.30000 8.00000 0.00016
v 15.17320 8.32327 -1.19941
v 15.17320 8.16480 -1.27330
v 15.30000 8.00000 0.00016
v 15.17320 8.46932 -1.07943
v 15.17320 8.32327 -1.19941
v 15.30000 8.00000 0.00016
v 15.17320 8.59733 -0.91796
v 15.17320 8.46932 -1.07943
v 15.30000 8.00000 0.00016
v 15.17320 8.70238 -0.72120
v 15.17320 8.59733 -0.91796
v 15.30000 8.00000 0.00016
v 15.17319 8.78045 -0.49672
v 15.17320 8.70238 -0.72120
v 15.30000 8.00000 0.00016
v 15.17319 8.82852 -0.25315
v 15.17319 8.78045 -0.49672
v 15.30000 8.00000 0.00016
v 15.17319 8.84475 0.00016
v 15.17319 8.82852 -0.25315
v 15.30000 8.00000 0.00016
v 15.17319 8.82852 0.25346
v 15.17319 8.84475 0.00016
v 15.30000 8.00000 0.00016
v 15.17318 8.78045 0.49704
v 15.17319 8.82852 0.25346
v 15.30000 8.00000 0.00016
v 15.17318 8.70238 0.72151
v 15.17318 8.78045 0.49704
v 15.30000 8.00000 0.00016
v 15.17318 8.59733 0.91827
v 15.17318 8.70238 0.72151
v 15.30000 8.00000 0.00016
v 15.17318 8.46932 1.07974
v 15.17318 8.59733 0.91827
v 15.30000 8.00000 0.00016
v 15.17318 8.32327 1.19973
v 15.17318 8.46932 1.07974
v 15.30000 8.00000 0.00016
v 15.17318 8.16480 1.27361
v 15.17318 8.32327 1.19973
v 15.30000 8.00000 0.00016
v 15.17318 8.00000 1.29856
v 15.17318 8.16480 1.27361
v 15.30000 8.00000 0.00016
v 15.17318 7.83520 1.27361
v 15.17318 8.00000 1.29856
v 15.30000 8.00000 0.00016
v 15.17318 7.67673 1.19973
v 15.17318 7.83520 1.27361
v 15.30000 8.00000 0.00016
v 15.17318 7.53068 1.07974
v 15.17318 7.67673 1.19973
v 15.30000 8.00000 0.00016
v 15.17318 7.40268 0.91827
v 15.17318 7.53068 1.07974
v 15.30000 8.00000 0.00016
v 15.17318 7.29762 0.72151
v 15.17318 7.40268 0.91827
v 15.30000 8.00000 0.00016
v 15.17318 7.21956 0.49703
v 15.17318 7.29762 0.72151
v 15.30000 8.00000 0.00016
v 15.17319 7.17149 0.25346
v 15.17318 7.21956 0.49703
v 15.30000 8.00000 0.00016
v 15.17319 7.15526 0.00016
v 15.17319 7.17149 0.25346
v 15.30000 8.00000 0.00016
v 15.17319 7.17149 -0.25315
v 15.17319 7.15526 0.00016
v 15.30000 8.00000 0.00016
v 15.17319 7.21956 -0.49672
v 15.17319 7.17149 -0.25315
v 15.30000 8.00000 0.00016
v 15.17320 7.29762 -0.72120
v 15.17319 7.21956 -0.49672
v 15.30000 8.00000 0.00016
v 15.17320 7.40268 -0.91796
v 15.17320 7.29762 -0.72120
v 15.30000 8.00000 0.00016
v 15.17320 7.53069 -1.07943
v 15.17320 7.40268 -0.91796
v 15.30000 8.00000 0.00016
v 15.17320 7.67673 -1.19941
v 15.17320 7.53069 -1.07943
v 15.30000 8.00000 0.00016
v 15.17320 7.83520 -1.27330
v 15.17320 7.67673 -1.19941
v 15.30000 8.00000 0.00016
v 15.17320 8.00000 -1.29825
v 15.17320 7.83520 -1.27330
v 15.30000 8.00000 0.00016
v 15.17320 8.16480 -1.27330
v 14.79591 8.32555 -2.51541
v 14.79591 8.00000 -2.56469
v 15.17320 8.00000 -1.29825
v 15.17320 8.32327 -1.19941
v 14.79591 8.63858 -2.36945
v 14.79591 8.32555 -2.51541
v 15.17320 8.16480 -1.27330
v 15.17320 8.46932 -1.07943
v 14.79590 8.92708 -2.13243
v 14.79591 8.63858 -2.36945
v 15.17320 8.32327 -1.19941
v 15.17320 8.59733 -0.91796
v 14.79590 9.17995 -1.81346
v 14.79590 8.92708 -2.13243
v 15.17320 8.46932 -1.07943
v 15.17320 8.70238 -0.72120
v 14.79590 9.38747 -1.42480
v 14.79590 9.17995 -1.81346
v 15.17320 8.59733 -0.91796
v 15.17319 8.78045 -0.49672
v 14.79589 9.54167 -0.98137
v 14.79590 9.38747 -1.42480
v 15.17320 8.70238 -0.72120
v 15.17319 8.82852 -0.25315
v 14.79589 9.63663 -0.50022
v 14.79589 9.54167 -0.98137
v 15.17319 8.78045 -0.49672
v 15.17319 8.84475 0.00016
v 14.79588 9.66869 0.00015
v 14.79589 9.63663 -0.50022
v 15.17319 8.82852 -0.25315
v 15.17319 8.82852 0.25346
v 14.79588 9.63663 0.50053
v 14.79588 9.66869 0.00015
v 15.17319 8.84475 0.00016
v 15.17318 8.78045 0.49704
v 14.79587 9.54167 0.98168
v 14.79588 9.63663 0.50053
v 15.17319 8.82852 0.25346
v 15.17318 8.70238 0.72151
v 14.79587 9.38747 1.42510
v 14.79587 9.54167 0.98168
v 15.17318 8.78045 0.49704
v 15.17318 8.59733 0.91827
v 14.79586 9.17994 1.81377
v 14.79587 9.38747 1.42510
v 15.17318 8.70238 0.72151
v 15.17318 8.46932 1.07974
v 14.79586 8.92708 2.13274
v 14.79586 9.17994 1.81377
v 15.17318 8.59733 0.91827
v 15.17318 8.32327 1.19973
v 14.79586 8.63858 2.36976
v 14.79586 8.92708 2.13274
v 15.17318 8.46932 1.07974
v 15.17318 8.16480 1.27361
v 14.79586 8.32555 2.51571
v 14.79586 8.63858 2.36976
v 15.17318 8.32327 1.19973
v 15.17318 8.00000 1.29856
v 14.79586 8.00000 2.56499
v 14.79586 8.32555 2.51571
v 15.17318 8.16480 1.27361
v 15.17318 7.83520 1.27361
v 14.79586 7.67445 2.51571
v 14.79586 8.00000 2.56499
v 15.17318 8.00000 1.29856
v 15.17318 7.67673 1.19973
v 14.79586 7.36142 2.36976
v 14.79586 7.67445 2.51571
v 15.17318 7.83520 1.27361
v 15.17318 7.53068 1.07974
v 14.79586 7.07292 2.13274
v 14.79586 7.36142 2.36976
v 15.17318 7.67673 1.19973
v 15.17318 7.40268 0.91827
v 14.79586 6.82006 1.81377
v 14.79586 7.07292 2.13274
v 15.17318 7.53068 1.07974
v 15.17318 7.29762 0.72151
v 14.79587 6.61253 1.42510
v 14.79586 6.82006 1.81377
v 15.17318 7.40268 0.91827
v 15.17318 7.21956 0.49703
v 14.79587 6.45833 0.98167
v 14.79587 6.61253 1.42510
v 15.17318 7.29762 0.72151
v 15.17319 7.17149 0.25346
v 14.79588 6.36337 0.50053
v 14.79587 6.45833 0.98167
v 15.17318 7.21956 0.49703
v 15.17319 7.15526 0.00016
v 14.79588 6.33131 0.00015
v 14.79588 6.36337 0.50053
v 15.17319 7.17149 0.25346
v 15.17319 7.17149 -0.25315
v 14.79589 6.36337 -0.50022
v 14.79588 6.33131 0.00015
v 15.17319 7.15526 0.00016
v 15.17319 7.21956 -0.49672
v 14.79589 6.45833 -0.98137
v 14.79589 6.36337 -0.50022
v 15.17319 7.17149 -0.25315
v 15.17320 7.29762 -0.72120
v 14.79590 6.61254 -1.42480
v 14.79589 6.45833 -0.98137
v 15.17319 7.21956 -0.49672
v 15.17320 7.40268 -0.91796
v 14.79590 6.82006 -1.81347
v 14.79590 6.61254 -1.42480
v 15.17320 7.29762 -0.72120
v 15.17320 7.53069 -1.07943
v 14.79590 7.07293 -2.13244
v 14.79590 6.82006 -1.81347
v 15.17320 7.40268 -0.91796
v 15.17320 7.67673 -1.19941
v 14.79591 7.36142 -2.36945
v 14.79590 7.07293 -2.13244
v 15.17320 7.53069 -1.07943
v 15.17320 7.83520 -1.27330
v 14.79591 7.67446 -2.51541
v 14.79591 7.36142 -2.36945
v 15.17320 7.67673 -1.19941
v 15.17320 8.00000 -1.29825
v 14.79591 8.00000 -2.56469
v 14.79591 7.67446 -2.51541
v 15.17320 7.83520 -1.27330
v 14.79591 8.32555 -2.51541
v 14.17740 8.47828 -3.69557
v 14.17740 8.00000 -3.76798
v 14.79591 8.00000 -2.56469
v 14.79591 8.63858 -2.36945
v 14.17740 8.93817 -3.48114
v 14.17740 8.47828 -3.69557
v 14.79591 8.32555 -2.51541
v 14.79590 8.92708 -2.13243
v 14.17740 9.36201 -3.13293
v 14.17740 8.93817 -3.48114
v 14.79591 8.63858 -2.36945
v 14.79590 9.17995 -1.81346
v 14.17739 9.73351 -2.66432
v 14.17740 9.36201 -3.13293
v 14.79590 8.92708 -2.13243
v 14.79590 9.38747 -1.42480
v 14.17739 10.03839 -2.09331
v 14.17739 9.73351 -2.66432
v 14.79590 9.17995 -1.81346
v 14.79589 9.54167 -0.98137
v 14.17738 10.26494 -1.44185
v 14.17739 10.03839 -2.09331
v 14.79590 9.38747 -1.42480
v 14.79589 9.63663 -0.50022
v 14.17737 10.40444 -0.73498
v 14.17738 10.26494 -1.44185
v 14.79589 9.54167 -0.98137
v 14.79588 9.66869 0.00015
v 14.17737 10.45155 0.00015
v 14.17737 10.40444 -0.73498
v 14.79589 9.63663 -0.50022
v 14.79588 9.63663 0.50053
v 14.17736 10.40444 0.73527
v 14.17737 10.45155 0.00015
v 14.79588 9.66869 0.00015
v 14.79587 9.54167 0.98168
v 14.17735 10.26494 1.44215
v 14.17736 10.40444 0.73527
v 14.79588 9.63663 0.50053
v 14.79587 9.38747 1.42510
v 14.17735 10.03839 2.09360
v 14.17735 10.26494 1.44215
v 14.79587 9.54167 0.98168
v 14.79586 9.17994 1.81377
v 14.17734 9.73351 2.66461
v 14.17735 10.03839 2.09360
v 14.79587 9.38747 1.42510
v 14.79586 8.92708 2.13274
v 14.17733 9.36201 3.13323
v 14.17734 9.73351 2.66461
v 14.79586 9.17994 1.81377
v 14.79586 8.63858 2.36976
v 14.17733 8.93817 3.48144
v 14.17733 9.36201 3.13323
v 14.79586 8.92708 2.13274
v 14.79586 8.32555 2.51571
v 14.17733 8.47827 3.69586
v 14.17733 8.93817 3.48144
v 14.79586 8.63858 2.36976
v 14.79586 8.00000 2.56499
v 14.17733 8.00000 3.76827
v 14.17733 8.47827 3.69586
v 14.79586 8.32555 2.51571
v 14.79586 7.67445 2.51571
v 14.17733 7.52173 3.69586
v 14.17733 8.00000 3.76827
v 14.79586 8.00000 2.56499
v 14.79586 7.36142 2.36976
v 14.17733 7.06183 3.48144
v 14.17733 7.52173 3.69586
v 14.79586 7.67445 2.51571
v 14.79586 7.07292 2.13274
v 14.17733 6.63799 3.13322
v 14.17733 7.06183 3.48144
v 14.79586 7.36142 2.36976
v 14.79586 6.82006 1.81377
v 14.17734 6.26649 2.66461
v 14.17733 6.63799 3.13322
v 14.79586 7.07292 2.13274
v 14.79587 6.61253 1.42510
v 14.17735 5.96161 2.09360
v 14.17734 6.26649 2.66461
v 14.79586 6.82006 1.81377
v 14.79587 6.45833 0.98167
v 14.17735 5.73506 1.44214
v 14.17735 5.96161 2.09360
v 14.79587 6.61253 1.42510
v 14.79588 6.36337 0.50053
v 14.17736 5.59556 0.73527
v 14.17735 5.73506 1.44214
v 14.79587 6.45833 0.98167
v 14.79588 6.33131 0.00015
v 14.17737 5.54845 0.00014
v 14.17736 5.59556 0.73527
v 14.79588 6.36337 0.50053
v 14.79589 6.36337 -0.50022
v 14.17737 5.59556 -0.73498
v 14.17737 5.54845 0.00014
v 14.79588 6.33131 0.00015
v 14.79589 6.45833 -0.98137
v 14.17738 5.73507 -1.44185
v 14.17737 5.59556 -0.73498
v 14.79589 6.36337 -0.50022
v 14.79590 6.61254 -1.42480
v 14.17739 5.96161 -2.09331
v 14.17738 5.73507 -1.44185
v 14.79589 6.45833 -0.98137
v 14.79590 6.82006 -1.81347
v 14.17739 6.26650 -2.66432
v 14.17739 5.96161 -2.09331
v 14.79590 6.61254 -1.42480
v 14.79590 7.07293 -2.13244
v 14.17740 6.63800 -3.13293
v 14.17739 6.26650 -2.66432
v 14.79590 6.82006 -1.81347
v 14.79591 7.36142 -2.36945
v 14.17740 7.06184 -3.48114
v 14.17740 6.63800 -3.13293
v 14.79590 7.07293 -2.13244
v 14.79591 7.67446 -2.51541
v 14.17740 7.52173 -3.69557
v 14.17740 7.06184 -3.48114
v 14.79591 7.36142 -2.36945
v 14.79591 8.00000 -2.56469
v 14.17740 8.00000 -3.76798
v 14.17740 7.52173 -3.69557
v 14.79591 7.67446 -2.51541
v 14.17740 8.47828 -3.69557
v 13.33292 8.61923 -4.78474
v 13.33292 8.00000 -4.87848
v 14.17740 8.00000 -3.76798
v 14.17740 8.93817 -3.48114
v 13.33292 9.21466 -4.50712
v 13.33292 8.61923 -4.78474
v 14.17740 8.47828 -3.69557
v 14.17740 9.36201 -3.13293
v 13.33291 9.76341 -4.05628
v 13.33292 9.21466 -4.50712
v 14.17740 8.93817 -3.48114
v 14.17739 9.73351 -2.66432
v 13.33291 10.24439 -3.44956
v 13.33291 9.76341 -4.05628
v 14.17740 9.36201 -3.13293
v 14.17739 10.03839 -2.09331
v 13.33290 10.63912 -2.71028
v 13.33291 10.24439 -3.44956
v 14.17739 9.73351 -2.66432
v 14.17738 10.26494 -1.44185
v 13.33289 10.93243 -1.86683
v 13.33290 10.63912 -2.71028
v 14.17739 10.03839 -2.09331
v 14.17737 10.40444 -0.73498
v 13.33288 11.11305 -0.95163
v 13.33289 10.93243 -1.86683
v 14.17738 10.26494 -1.44185
v 14.17737 10.45155 0.00015
v 13.33287 11.17404 0.00014
v 13.33288 11.11305 -0.95163
v 14.17737 10.40444 -0.73498
v 14.17736 10.40444 0.73527
v 13.33286 11.11305 0.95191
v 13.33287 11.17404 0.00014
v 14.17737 10.45155 0.00015
v 14.17735 10.26494 1.44215
v 13.33286 10.93243 1.86711
v 13.33286 11.11305 0.95191
v 14.17736 10.40444 0.73527
v 14.17735 10.03839 2.09360
v 13.33285 10.63912 2.71055
v 13.33286 10.93243 1.86711
v 14.17735 10.26494 1.44215
v 14.17734 9.73351 2.66461
v 13.33284 10.24438 3.44984
v 13.33285 10.63912 2.71055
v 14.17735 10.03839 2.09360
v 14.17733 9.36201 3.13323
v 13.33283 9.76340 4.05656
v 13.33284 10.24438 3.44984
v 14.17734 9.73351 2.66461
v 14.17733 8.93817 3.48144
v 13.33283 9.21465 4.50739
v 13.33283 9.76340 4.05656
v 14.17733 9.36201 3.13323
v 14.17733 8.47827 3.69586
v 13.33283 8.61922 4.78501
v 13.33283 9.21465 4.50739
v 14.17733 8.93817 3.48144
v 14.17733 8.00000 3.76827
v 13.33283 8.00000 4.87876
v 13.33283 8.61922 4.78501
v 14.17733 8.47827 3.69586
v 14.17733 7.52173 3.69586
v 13.33283 7.38077 4.78501
v 13.33283 8.00000 4.87876
v 14.17733 8.00000 3.76827
v 14.17733 7.06183 3.48144
v 13.33283 6.78535 4.50739
v 13.33283 7.38077 4.78501
v 14.17733 7.52173 3.69586
v 14.17733 6.63799 3.13322
v 13.33283 6.23660 4.05656
v 13.33283 6.78535 4.50739
v 14.17733 7.06183 3.48144
v 14.17734 6.26649 2.66461
v 13.33284 5.75561 3.44984
v 13.33283 6.23660 4.05656
v 14.17733 6.63799 3.13322
v 14.17735 5.96161 2.09360
v 13.33285 5.36088 2.71055
v 13.33284 5.75561 3.44984
v 14.17734 6.26649 2.66461
v 14.17735 5.73506 1.44214
v 13.33286 5.06757 1.86710
v 13.33285 5.36088 2.71055
v 14.17735 5.96161 2.09360
v 14.17736 5.59556 0.73527
v 13.33286 4.88695 0.95191
v 13.33286 5.06757 1.86710
v 14.17735 5.73506 1.44214
v 14.17737 5.54845 0.00014
v 13.33287 4.82596 0.00014
v 13.33286 4.88695 0.95191
v 14.17736 5.59556 0.73527
v 14.17737 5.59556 -0.73498
v 13.33288 4.88695 -0.95164
v 13.33287 4.82596 0.00014
v 14.17737 5.54845 0.00014
v 14.17738 5.73507 -1.44185
v 13.33289 5.06757 -1.86683
v 13.33288 4.88695 -0.95164
v 14.17737 5.59556 -0.73498
v 14.17739 5.96161 -2.09331
v 13.33290 5.36089 -2.71028
v 13.33289 5.06757 -1.86683
v 14.17738 5.73507 -1.44185
v 14.17739 6.26650 -2.66432
v 13.33291 5.75562 -3.44957
v 13.33290 5.36089 -2.71028
v 14.17739 5.96161 -2.09331
v 14.17740 6.63800 -3.13293
v 13.33292 6.23660 -4.05629
v 13.33291 5.75562 -3.44957
v 14.17739 6.26650 -2.66432
v 14.17740 7.06184 -3.48114
v 13.33292 6.78535 -4.50712
v 13.33292 6.23660 -4.05629
v 14.17740 6.63800 -3.13293
v 14.17740 7.52173 -3.69557
v 13.33292 7.38078 -4.78474
v 13.33292 6.78535 -4.50712
v 14.17740 7.06184 -3.48114
v 14.17740 8.00000 -3.76798
v 13.33292 8.00000 -4.87848
v 13.33292 7.38078 -4.78474
v 14.17740 7.52173 -3.69557
v 13.33292 8.61923 -4.78474
v 12.28326 8.74493 -5.75609
v 12.28326 8.00000 -5.86886
v 13.33292 8.00000 -4.87848
v 13.33292 9.21466 -4.50712
v 12.28325 9.46123 -5.42211
v 12.28326 8.74493 -5.75609
v 13.33292 8.61923 -4.78474
v 13.33291 9.76341 -4.05628
v 12.28325 10.12138 -4.87976
v 12.28325 9.46123 -5.42211
v 13.33292 9.21466 -4.50712
v 13.33291 10.24439 -3.44956
v 12.28324 10.70000 -4.14987
v 12.28325 10.12138 -4.87976
v 13.33291 9.76341 -4.05628
v 13.33290 10.63912 -2.71028
v 12.28323 11.17487 -3.26050
v 12.28324 10.70000 -4.14987
v 13.33291 10.24439 -3.44956
v 13.33289 10.93243 -1.86683
v 12.28322 11.52772 -2.24583
v 12.28323 11.17487 -3.26050
v 13.33290 10.63912 -2.71028
v 13.33288 11.11305 -0.95163
v 12.28321 11.74501 -1.14485
v 12.28322 11.52772 -2.24583
v 13.33289 10.93243 -1.86683
v 13.33287 11.17404 0.00014
v 12.28320 11.81838 0.00013
v 12.28321 11.74501 -1.14485
v 13.33288 11.11305 -0.95163
v 13.33286 11.11305 0.95191
v 12.28319 11.74501 1.14511
v 12.28320 11.81838 0.00013
v 13.33287 11.17404 0.00014
v 13.33286 10.93243 1.86711
v 12.28318 11.52772 2.24609
v 12.28319 11.74501 1.14511
v 13.33286 11.11305 0.95191
v 13.33285 10.63912 2.71055
v 12.28317 11.17486 3.26076
v 12.28318 11.52772 2.24609
v 13.33286 10.93243 1.86711
v 13.33284 10.24438 3.44984
v 12.28316 10.70000 4.15013
v 12.28317 11.17486 3.26076
v 13.33285 10.63912 2.71055
v 13.33283 9.76340 4.05656
v 12.28315 10.12138 4.88001
v 12.28316 10.70000 4.15013
v 13.33284 10.24438 3.44984
v 13.33283 9.21465 4.50739
v 12.28314 9.46123 5.42236
v 12.28315 10.12138 4.88001
v 13.33283 9.76340 4.05656
v 13.33283 8.61922 4.78501
v 12.28314 8.74493 5.75634
v 12.28314 9.46123 5.42236
v 13.33283 9.21465 4.50739
v 13.33283 8.00000 4.87876
v 12.28314 8.00000 5.86911
v 12.28314 8.74493 5.75634
v 13.33283 8.61922 4.78501
v 13.33283 7.38077 4.78501
v 12.28314 7.25507 5.75634
v 12.28314 8.00000 5.86911
v 13.33283 8.00000 4.87876
v 13.33283 6.78535 4.50739
v 12.28314 6.53877 5.42236
v 12.28314 7.25507 5.75634
v 13.33283 7.38077 4.78501
v 13.33283 6.23660 4.05656
v 12.28315 5.87862 4.88001
v 12.28314 6.53877 5.42236
v 13.33283 6.78535 4.50739
v 13.33284 5.75561 3.44984
v 12.28316 5.30000 4.15013
v 12.28315 5.87862 4.88001
v 13.33283 6.23660 4.05656
v 13.33285 5.36088 2.71055
v 12.28317 4.82513 3.26076
v 12.28316 5.30000 4.15013
v 13.33284 5.75561 3.44984
v 13.33286 5.06757 1.86710
v 12.28318 4.47228 2.24609
v 12.28317 4.82513 3.26076
v 13.33285 5.36088 2.71055
v 13.33286 4.88695 0.95191
v 12.28319 4.25499 1.14511
v 12.28318 4.47228 2.24609
v 13.33286 5.06757 1.86710
v 13.33287 4.82596 0.00014
v 12.28320 4.18162 0.00013
v 12.28319 4.25499 1.14511
v 13.33286 4.88695 0.95191
v 13.33288 4.88695 -0.95164
v 12.28321 4.25499 -1.14486
v 12.28320 4.18162 0.00013
v 13.33287 4.82596 0.00014
v 13.33289 5.06757 -1.86683
v 12.28322 4.47228 -2.24584
v 12.28321 4.25499 -1.14486
v 13.33288 4.88695 -0.95164
v 13.33290 5.36089 -2.71028
v 12.28323 4.82514 -3.26051
v 12.28322 4.47228 -2.24584
v 13.33289 5.06757 -1.86683
v 13.33291 5.75562 -3.44957
v 12.28324 5.30000 -4.14988
v 12.28323 4.82514 -3.26051
v 13.33290 5.36089 -2.71028
v 13.33292 6.23660 -4.05629
v 12.28325 5.87863 -4.87976
v 12.28324 5.30000 -4.14988
v 13.33291 5.75562 -3.44957
v 13.33292 6.78535 -4.50712
v 12.28325 6.53877 -5.42211
v 12.28325 5.87863 -4.87976
v 13.33292 6.23660 -4.05629
v 13.33292 7.38078 -4.78474
v 12.28326 7.25508 -5.75609
v 12.28325 6.53877 -5.42211
v 13.33292 6.78535 -4.50712
v 13.33292 8.00000 -4.87848
v 12.28326 8.00001 -5.86886
v 12.28326 7.25508 -5.75609
v 13.33292 7.38078 -4.78474
v 12.28326 8.74493 -5.75609
v 11.05425 8.85229 -6.58570
v 11.05425 8.00000 -6.71473
v 12.28326 8.00000 -5.86886
v 12.28325 9.46123 -5.42211
v 11.05425 9.67183 -6.20359
v 11.05425 8.85229 -6.58570
v 12.28326 8.74493 -5.75609
v 12.28325 10.12138 -4.87976
v 11.05424 10.42712 -5.58307
v 11.05425 9.67183 -6.20359
v 12.28325 9.46123 -5.42211
v 12.28324 10.70000 -4.14987
v 11.05423 11.08914 -4.74799
v 11.05424 10.42712 -5.58307
v 12.28325 10.12138 -4.87976
v 12.28323 11.17487 -3.26050
v 11.05422 11.63244 -3.73045
v 11.05423 11.08914 -4.74799
v 12.28324 10.70000 -4.14987
v 12.28322 11.52772 -2.24583
v 11.05421 12.03615 -2.56954
v 11.05422 11.63244 -3.73045
v 12.28323 11.17487 -3.26050
v 12.28321 11.74501 -1.14485
v 11.05420 12.28475 -1.30988
v 11.05421 12.03615 -2.56954
v 12.28322 11.52772 -2.24583
v 12.28320 11.81838 0.00013
v 11.05419 12.36869 0.00012
v 11.05420 12.28475 -1.30988
v 12.28321 11.74501 -1.14485
v 12.28319 11.74501 1.14511
v 11.05417 12.28475 1.31012
v 11.05419 12.36869 0.00012
v 12.28320 11.81838 0.00013
v 12.28318 11.52772 2.24609
v 11.05416 12.03614 2.56978
v 11.05417 12.28475 1.31012
v 12.28319 11.74501 1.14511
v 12.28317 11.17486 3.26076
v 11.05415 11.63243 3.73068
v 11.05416 12.03614 2.56978
v 12.28318 11.52772 2.24609
v 12.28316 10.70000 4.15013
v 11.05414 11.08913 4.74823
v 11.05415 11.63243 3.73068
v 12.28317 11.17486 3.26076
v 12.28315 10.12138 4.88001
v 11.05413 10.42711 5.58330
v 11.05414 11.08913 4.74823
v 12.28316 10.70000 4.15013
v 12.28314 9.46123 5.42236
v 11.05412 9.67182 6.20382
v 11.05413 10.42711 5.58330
v 12.28315 10.12138 4.88001
v 12.28314 8.74493 5.75634
v 11.05412 8.85229 6.58593
v 11.05412 9.67182 6.20382
v 12.28314 9.46123 5.42236
v 12.28314 8.00000 5.86911
v 11.05412 8.00000 6.71496
v 11.05412 8.85229 6.58593
v 12.28314 8.74493 5.75634
v 12.28314 7.25507 5.75634
v 11.05412 7.14771 6.58593
v 11.05412 8.00000 6.71496
v 12.28314 8.00000 5.86911
v 12.28314 6.53877 5.42236
v 11.05413 6.32817 6.20382
v 11.05412 7.14771 6.58593
v 12.28314 7.25507 5.75634
v 12.28315 5.87862 4.88001
v 11.05413 5.57288 5.58330
v 11.05413 6.32817 6.20382
v 12.28314 6.53877 5.42236
v 12.28316 5.30000 4.15013
v 11.05414 4.91087 4.74822
v 11.05413 5.57288 5.58330
v 12.28315 5.87862 4.88001
v 12.28317 4.82513 3.26076
v 11.05415 4.36756 3.73068
v 11.05414 4.91087 4.74822
v 12.28316 5.30000 4.15013
v 12.28318 4.47228 2.24609
v 11.05416 3.96385 2.56977
v 11.05415 4.36756 3.73068
v 12.28317 4.82513 3.26076
v 12.28319 4.25499 1.14511
v 11.05417 3.71525 1.31011
v 11.05416 3.96385 2.56977
v 12.28318 4.47228 2.24609
v 12.28320 4.18162 0.00013
v 11.05419 3.63131 0.00011
v 11.05417 3.71525 1.31011
v 12.28319 4.25499 1.14511
v 12.28321 4.25499 -1.14486
v 11.05420 3.71525 -1.30989
v 11.05419 3.63131 0.00011
v 12.28320 4.18162 0.00013
v 12.28322 4.47228 -2.24584
v 11.05421 3.96386 -2.56955
v 11.05420 3.71525 -1.30989
v 12.28321 4.25499 -1.14486
v 12.28323 4.82514 -3.26051
v 11.05422 4.36757 -3.73045
v 11.05421 3.96386 -2.56955
v 12.28322 4.47228 -2.24584
v 12.28324 5.30000 -4.14988
v 11.05424 4.91087 -4.74800
v 11.05422 4.36757 -3.73045
v 12.28323 4.82514 -3.26051
v 12.28325 5.87863 -4.87976
v 11.05424 5.57289 -5.58307
v 11.05424 4.91087 -4.74800
v 12.28324 5.30000 -4.14988
v 12.28325 6.53877 -5.42211
v 11.05425 6.32818 -6.20359
v 11.05424 5.57289 -5.58307
v 12.28325 5.87863 -4.87976
v 12.28326 7.25508 -5.75609
v 11.05425 7.14772 -6.58570
v 11.05425 6.32818 -6.20359
v 12.28325 6.53877 -5.42211
v 12.28326 8.00001 -5.86886
v 11.05425 8.00001 -6.71473
v 11.05425 7.14772 -6.58570
v 12.28326 7.25508 -5.75609
v 11.05425 8.85229 -6.58570
v 9.67617 8.93867 -7.25315
v 9.67617 8.00000 -7.39525
v 11.05425 8.00000 -6.71473
v 11.05425 9.67183 -6.20359
v 9.67617 9.84126 -6.83231
v 9.67617 8.93867 -7.25315
v 11.05425 8.85229 -6.58570
v 11.05424 10.42712 -5.58307
v 9.67616 10.67309 -6.14891
v 9.67617 9.84126 -6.83231
v 11.05425 9.67183 -6.20359
v 11.05423 11.08914 -4.74799
v 9.67615 11.40220 -5.22920
v 9.67616 10.67309 -6.14891
v 11.05424 10.42712 -5.58307
v 11.05422 11.63244 -3.73045
v 9.67614 12.00057 -4.10853
v 9.67615 11.40220 -5.22920
v 11.05423 11.08914 -4.74799
v 11.05421 12.03615 -2.56954
v 9.67613 12.44519 -2.82998
v 9.67614 12.00057 -4.10853
v 11.05422 11.63244 -3.73045
v 11.05420 12.28475 -1.30988
v 9.67612 12.71899 -1.44266
v 9.67613 12.44519 -2.82998
v 11.05421 12.03615 -2.56954
v 11.05419 12.36869 0.00012
v 9.67610 12.81144 0.00010
v 9.67612 12.71899 -1.44266
v 11.05420 12.28475 -1.30988
v 11.05417 12.28475 1.31012
v 9.67609 12.71899 1.44287
v 9.67610 12.81144 0.00010
v 11.05419 12.36869 0.00012
v 11.05416 12.03614 2.56978
v 9.67607 12.44519 2.83018
v 9.67609 12.71899 1.44287
v 11.05417 12.28475 1.31012
v 11.05415 11.63243 3.73068
v 9.67606 12.00056 4.10874
v 9.67607 12.44519 2.83018
v 11.05416 12.03614 2.56978
v 11.05414 11.08913 4.74823
v 9.67605 11.40220 5.22941
v 9.67606 12.00056 4.10874
v 11.05415 11.63243 3.73068
v 11.05413 10.42711 5.58330
v 9.67604 10.67309 6.14912
v 9.67605 11.40220 5.22941
v 11.05414 11.08913 4.74823
v 11.05412 9.67182 6.20382
v 9.67603 9.84125 6.83252
v 9.67604 10.67309 6.14912
v 11.05413 10.42711 5.58330
v 11.05412 8.85229 6.58593
v 9.67603 8.93866 7.25336
v 9.67603 9.84125 6.83252
v 11.05412 9.67182 6.20382
v 11.05412 8.00000 6.71496
v 9.67603 8.00000 7.39546
v 9.67603 8.93866 7.25336
v 11.05412 8.85229 6.58593
v 11.05412 7.14771 6.58593
v 9.67603 7.06133 7.25336
v 9.67603 8.00000 7.39546
v 11.05412 8.00000 6.71496
v 11.05413 6.32817 6.20382
v 9.67603 6.15874 6.83252
v 9.67603 7.06133 7.25336
v 11.05412 7.14771 6.58593
v 11.05413 5.57288 5.58330
v 9.67604 5.32691 6.14911
v 9.67603 6.15874 6.83252
v 11.05413 6.32817 6.20382
v 11.05414 4.91087 4.74822
v 9.67605 4.59780 5.22940
v 9.67604 5.32691 6.14911
v 11.05413 5.57288 5.58330
v 11.05415 4.36756 3.73068
v 9.67606 3.99944 4.10874
v 9.67605 4.59780 5.22940
v 11.05414 4.91087 4.74822
v 11.05416 3.96385 2.56977
v 9.67607 3.55481 2.83018
v 9.67606 3.99944 4.10874
v 11.05415 4.36756 3.73068
v 11.05417 3.71525 1.31011
v 9.67609 3.28102 1.44286
v 9.67607 3.55481 2.83018
v 11.05416 3.96385 2.56977
v 11.05419 3.63131 0.00011
v 9.67610 3.18857 0.00010
v 9.67609 3.28102 1.44286
v 11.05417 3.71525 1.31011
v 11.05420 3.71525 -1.30989
v 9.67612 3.28102 -1.44266
v 9.67610 3.18857 0.00010
v 11.05419 3.63131 0.00011
v 11.05421 3.96386 -2.56955
v 9.67613 3.55482 -2.82998
v 9.67612 3.28102 -1.44266
v 11.05420 3.71525 -1.30989
v 11.05422 4.36757 -3.73045
v 9.67614 3.99944 -4.10854
v 9.67613 3.55482 -2.82998
v 11.05421 3.96386 -2.56955
v 11.05424 4.91087 -4.74800
v 9.67615 4.59781 -5.22921
v 9.67614 3.99944 -4.10854
v 11.05422 4.36757 -3.73045
v 11.05424 5.57289 -5.58307
v 9.67616 5.32691 -6.14891
v 9.67615 4.59781 -5.22921
v 11.05424 4.91087 -4.74800
v 11.05425 6.32818 -6.20359
v 9.67617 6.15875 -6.83232
v 9.67616 5.32691 -6.14891
v 11.05424 5.57289 -5.58307
v 11.05425 7.14772 -6.58570
v 9.67617 7.06134 -7.25315
v 9.67617 6.15875 -6.83232
v 11.05425 6.32818 -6.20359
v 11.05425 8.00001 -6.71473
v 9.67617 8.00001 -7.39525
v 9.67617 7.06134 -7.25315
v 11.05425 7.14772 -6.58570
v 9.67617 8.93867 -7.25315
v 8.18295 9.00193 -7.74201
v 8.18295 8.00001 -7.89368
v 9.67617 8.00000 -7.39525
v 9.67617 9.84126 -6.83231
v 8.18295 9.96535 -7.29280
v 8.18295 9.00193 -7.74201
v 9.67617 8.93867 -7.25315
v 9.67616 10.67309 -6.14891
v 8.18294 10.85325 -6.56334
v 8.18295 9.96535 -7.29280
v 9.67617 9.84126 -6.83231
v 9.67615 11.40220 -5.22920
v 8.18293 11.63150 -5.58165
v 8.18294 10.85325 -6.56334
v 9.67616 10.67309 -6.14891
v 9.67614 12.00057 -4.10853
v 8.18292 12.27019 -4.38545
v 8.18293 11.63150 -5.58165
v 9.67615 11.40220 -5.22920
v 9.67613 12.44519 -2.82998
v 8.18290 12.74478 -3.02073
v 8.18292 12.27019 -4.38545
v 9.67614 12.00057 -4.10853
v 9.67612 12.71899 -1.44266
v 8.18289 13.03703 -1.53991
v 8.18290 12.74478 -3.02073
v 9.67613 12.44519 -2.82998
v 9.67610 12.81144 0.00010
v 8.18287 13.13571 0.00009
v 8.18289 13.03703 -1.53991
v 9.67612 12.71899 -1.44266
v 9.67609 12.71899 1.44287
v 8.18286 13.03702 1.54009
v 8.18287 13.13571 0.00009
v 9.67610 12.81144 0.00010
v 9.67607 12.44519 2.83018
v 8.18284 12.74477 3.02090
v 8.18286 13.03702 1.54009
v 9.67609 12.71899 1.44287
v 9.67606 12.00056 4.10874
v 8.18283 12.27018 4.38563
v 8.18284 12.74477 3.02090
v 9.67607 12.44519 2.83018
v 9.67605 11.40220 5.22941
v 8.18282 11.63149 5.58183
v 8.18283 12.27018 4.38563
v 9.67606 12.00056 4.10874
v 9.67604 10.67309 6.14912
v 8.18281 10.85324 6.56352
v 8.18282 11.63149 5.58183
v 9.67605 11.40220 5.22941
v 9.67603 9.84125 6.83252
v 8.18280 9.96535 7.29298
v 8.18281 10.85324 6.56352
v 9.67604 10.67309 6.14912
v 9.67603 8.93866 7.25336
v 8.18280 9.00192 7.74218
v 8.18280 9.96535 7.29298
v 9.67603 9.84125 6.83252
v 9.67603 8.00000 7.39546
v 8.18280 8.00000 7.89386
v 8.18280 9.00192 7.74218
v 9.67603 8.93866 7.25336
v 9.67603 7.06133 7.25336
v 8.18280 6.99807 7.74218
v 8.18280 8.00000 7.89386
v 9.67603 8.00000 7.39546
v 9.67603 6.15874 6.83252
v 8.18280 6.03465 7.29298
v 8.18280 6.99807 7.74218
v 9.67603 7.06133 7.25336
v 9.67604 5.32691 6.14911
v 8.18281 5.14675 6.56351
v 8.18280 6.03465 7.29298
v 9.67603 6.15874 6.83252
v 9.67605 4.59780 5.22940
v 8.18282 4.36851 5.58182
v 8.18281 5.14675 6.56351
v 9.67604 5.32691 6.14911
v 9.67606 3.99944 4.10874
v 8.18283 3.72981 4.38563
v 8.18282 4.36851 5.58182
v 9.67605 4.59780 5.22940
v 9.67607 3.55481 2.83018
v 8.18284 3.25523 3.02090
v 8.18283 3.72981 4.38563
v 9.67606 3.99944 4.10874
v 9.67609 3.28102 1.44286
v 8.18286 2.96298 1.54008
v 8.18284 3.25523 3.02090
v 9.67607 3.55481 2.83018
v 9.67610 3.18857 0.00010
v 8.18287 2.86430 0.00008
v 8.18286 2.96298 1.54008
v 9.67609 3.28102 1.44286
v 9.67612 3.28102 -1.44266
v 8.18289 2.96298 -1.53992
v 8.18287 2.86430 0.00008
v 9.67610 3.18857 0.00010
v 9.67613 3.55482 -2.82998
v 8.18290 3.25523 -3.02073
v 8.18289 2.96298 -1.53992
v 9.67612 3.28102 -1.44266
v 9.67614 3.99944 -4.10854
v 8.18292 3.72982 -4.38546
v 8.18290 3.25523 -3.02073
v 9.67613 3.55482 -2.82998
v 9.67615 4.59781 -5.22921
v 8.18293 4.36851 -5.58166
v 8.18292 3.72982 -4.38546
v 9.67614 3.99944 -4.10854
v 9.67616 5.32691 -6.14891
v 8.18294 5.14676 -6.56334
v 8.18293 4.36851 -5.58166
v 9.67615 4.59781 -5.22921
v 9.67617 6.15875 -6.83232
v 8.18295 6.03466 -7.29281
v 8.18294 5.14676 -6.56334
v 9.67616 5.32691 -6.14891
v 9.67617 7.06134 -7.25315
v 8.18295 6.99808 -7.74201
v 8.18295 6.03466 -7.29281
v 9.67617 6.15875 -6.83232
v 9.67617 8.00001 -7.39525
v 8.18295 8.00001 -7.89368
v 8.18295 6.99808 -7.74201
v 9.67617 7.06134 -7.25315
v 8.18295 9.00193 -7.74201
v 6.61135 9.04052 -8.04022
v 6.61136 8.00001 -8.19774
v 8.18295 8.00001 -7.89368
v 8.18295 9.96535 -7.29280
v 6.61135 10.04105 -7.57372
v 6.61135 9.04052 -8.04022
v 8.18295 9.00193 -7.74201
v 8.18294 10.85325 -6.56334
v 6.61134 10.96315 -6.81616
v 6.61135 10.04105 -7.57372
v 8.18295 9.96535 -7.29280
v 8.18293 11.63150 -5.58165
v 6.61133 11.77137 -5.79666
v 6.61134 10.96315 -6.81616
v 8.18294 10.85325 -6.56334
v 8.18292 12.27019 -4.38545
v 6.61132 12.43466 -4.55439
v 6.61133 11.77137 -5.79666
v 8.18293 11.63150 -5.58165
v 8.18290 12.74478 -3.02073
v 6.61131 12.92753 -3.13709
v 6.61132 12.43466 -4.55439
v 8.18292 12.27019 -4.38545
v 8.18289 13.03703 -1.53991
v 6.61129 13.23104 -1.59924
v 6.61131 12.92753 -3.13709
v 8.18290 12.74478 -3.02073
v 8.18287 13.13571 0.00009
v 6.61127 13.33352 0.00007
v 6.61129 13.23104 -1.59924
v 8.18289 13.03703 -1.53991
v 8.18286 13.03702 1.54009
v 6.61126 13.23103 1.59939
v 6.61127 13.33352 0.00007
v 8.18287 13.13571 0.00009
v 8.18284 12.74477 3.02090
v 6.61124 12.92753 3.13724
v 6.61126 13.23103 1.59939
v 8.18286 13.03702 1.54009
v 8.18283 12.27018 4.38563
v 6.61123 12.43466 4.55454
v 6.61124 12.92753 3.13724
v 8.18284 12.74477 3.02090
v 8.18282 11.63149 5.58183
v 6.61122 11.77136 5.79680
v 6.61123 12.43466 4.55454
v 8.18283 12.27018 4.38563
v 8.18281 10.85324 6.56352
v 6.61121 10.96314 6.81631
v 6.61122 11.77136 5.79680
v 8.18282 11.63149 5.58183
v 8.18280 9.96535 7.29298
v 6.61120 10.04104 7.57386
v 6.61121 10.96314 6.81631
v 8.18281 10.85324 6.56352
v 8.18280 9.00192 7.74218
v 6.61119 9.04051 8.04037
v 6.61120 10.04104 7.57386
v 8.18280 9.96535 7.29298
v 8.18280 8.00000 7.89386
v 6.61119 8.00000 8.19788
v 6.61119 9.04051 8.04037
v 8.18280 9.00192 7.74218
v 8.18280 6.99807 7.74218
v 6.61119 6.95948 8.04036
v 6.61119 8.00000 8.19788
v 8.18280 8.00000 7.89386
v 8.18280 6.03465 7.29298
v 6.61120 5.95895 7.57386
v 6.61119 6.95948 8.04036
v 8.18280 6.99807 7.74218
v 8.18281 5.14675 6.56351
v 6.61121 5.03685 6.81630
v 6.61120 5.95895 7.57386
v 8.18280 6.03465 7.29298
v 8.18282 4.36851 5.58182
v 6.61122 4.22863 5.79680
v 6.61121 5.03685 6.81630
v 8.18281 5.14675 6.56351
v 8.18283 3.72981 4.38563
v 6.61123 3.56534 4.55453
v 6.61122 4.22863 5.79680
v 8.18282 4.36851 5.58182
v 8.18284 3.25523 3.02090
v 6.61124 3.07247 3.13723
v 6.61123 3.56534 4.55453
v 8.18283 3.72981 4.38563
v 8.18286 2.96298 1.54008
v 6.61126 2.76896 1.59938
v 6.61124 3.07247 3.13723
v 8.18284 3.25523 3.02090
v 8.18287 2.86430 0.00008
v 6.61128 2.66648 0.00007
v 6.61126 2.76896 1.59938
v 8.18286 2.96298 1.54008
v 8.18289 2.96298 -1.53992
v 6.61129 2.76897 -1.59925
v 6.61128 2.66648 0.00007
v 8.18287 2.86430 0.00008
v 8.18290 3.25523 -3.02073
v 6.61131 3.07248 -3.13710
v 6.61129 2.76897 -1.59925
v 8.18289 2.96298 -1.53992
v 8.18292 3.72982 -4.38546
v 6.61132 3.56535 -4.55439
v 6.61131 3.07248 -3.13710
v 8.18290 3.25523 -3.02073
v 8.18293 4.36851 -5.58166
v 6.61133 4.22864 -5.79666
v 6.61132 3.56535 -4.55439
v 8.18292 3.72982 -4.38546
v 8.18294 5.14676 -6.56334
v 6.61134 5.03686 -6.81616
v 6.61133 4.22864 -5.79666
v 8.18293 4.36851 -5.58166
v 8.18295 6.03466 -7.29281
v 6.61135 5.95896 -7.57372
v 6.61134 5.03686 -6.81616
v 8.18294 5.14676 -6.56334
v 8.18295 6.99808 -7.74201
v 6.61135 6.95949 -8.04023
v 6.61135 5.95896 -7.57372
v 8.18295 6.03466 -7.29281
v 8.18295 8.00001 -7.89368
v 6.61136 8.00001 -8.19774
v 6.61135 6.95949 -8.04023
v 8.18295 6.99808 -7.74201
v 6.61135 9.04052 -8.04022
v 5.00008 9.05349 -8.14046
v 5.00008 8.00001 -8.29995
v 6.61136 8.00001 -8.19774
v 6.61135 10.04105 -7.57372
v 5.00008 10.06650 -7.66814
v 5.00008 9.05349 -8.14046
v 6.61135 9.04052 -8.04022
v 6.61134 10.96315 -6.81616
v 5.00007 11.00008 -6.90114
v 5.00008 10.06650 -7.66814
v 6.61135 10.04105 -7.57372
v 6.61133 11.77137 -5.79666
v 5.00006 11.81838 -5.86893
v 5.00007 11.00008 -6.90114
v 6.61134 10.96315 -6.81616
v 6.61132 12.43466 -4.55439
v 5.00004 12.48994 -4.61118
v 5.00006 11.81838 -5.86893
v 6.61133 11.77137 -5.79666
v 6.61131 12.92753 -3.13709
v 5.00003 12.98895 -3.17621
v 5.00004 12.48994 -4.61118
v 6.61132 12.43466 -4.55439
v 6.61129 13.23104 -1.59924
v 5.00001 13.29624 -1.61919
v 5.00003 12.98895 -3.17621
v 6.61131 12.92753 -3.13709
v 6.61127 13.33352 0.00007
v 5.00000 13.40000 0.00006
v 5.00001 13.29624 -1.61919
v 6.61129 13.23104 -1.59924
v 6.61126 13.23103 1.59939
v 4.99998 13.29624 1.61931
v 5.00000 13.40000 0.00006
v 6.61127 13.33352 0.00007
v 6.61124 12.92753 3.13724
v 4.99997 12.98895 3.17633
v 4.99998 13.29624 1.61931
v 6.61126 13.23103 1.59939
v 6.61123 12.43466 4.55454
v 4.99995 12.48993 4.61129
v 4.99997 12.98895 3.17633
v 6.61124 12.92753 3.13724
v 6.61122 11.77136 5.79680
v 4.99994 11.81837 5.86904
v 4.99995 12.48993 4.61129
v 6.61123 12.43466 4.55454
v 6.61121 10.96314 6.81631
v 4.99993 11.00008 6.90125
v 4.99994 11.81837 5.86904
v 6.61122 11.77136 5.79680
v 6.61120 10.04104 7.57386
v 4.99992 10.06649 7.66826
v 4.99993 11.00008 6.90125
v 6.61121 10.96314 6.81631
v 6.61119 9.04051 8.04037
v 4.99992 9.05348 8.14057
v 4.99992 10.06649 7.66826
v 6.61120 10.04104 7.57386
v 6.61119 8.00000 8.19788
v 4.99992 8.00000 8.30005
v 4.99992 9.05348 8.14057
v 6.61119 9.04051 8.04037
v 6.61119 6.95948 8.04036
v 4.99992 6.94651 8.14057
v 4.99992 8.00000 8.30005
v 6.61119 8.00000 8.19788
v 6.61120 5.95895 7.57386
v 4.99992 5.93351 7.66825
v 4.99992 6.94651 8.14057
v 6.61119 6.95948 8.04036
v 6.61121 5.03685 6.81630
v 4.99993 4.99992 6.90125
v 4.99992 5.93351 7.66825
v 6.61120 5.95895 7.57386
v 6.61122 4.22863 5.79680
v 4.99994 4.18162 5.86904
v 4.99993 4.99992 6.90125
v 6.61121 5.03685 6.81630
v 6.61123 3.56534 4.55453
v 4.99995 3.51006 4.61128
v 4.99994 4.18162 5.86904
v 6.61122 4.22863 5.79680
v 6.61124 3.07247 3.13723
v 4.99997 3.01105 3.17632
v 4.99995 3.51006 4.61128
v 6.61123 3.56534 4.55453
v 6.61126 2.76896 1.59938
v 4.99998 2.70376 1.61930
v 4.99997 3.01105 3.17632
v 6.61124 3.07247 3.13723
v 6.61128 2.66648 0.00007
v 5.00000 2.60000 0.00005
v 4.99998 2.70376 1.61930
v 6.61126 2.76896 1.59938
v 6.61129 2.76897 -1.59925
v 5.00002 2.70376 -1.61920
v 5.00000 2.60000 0.00005
v 6.61128 2.66648 0.00007
v 6.61131 3.07248 -3.13710
v 5.00003 3.01105 -3.17622
v 5.00002 2.70376 -1.61920
v 6.61129 2.76897 -1.59925
v 6.61132 3.56535 -4.55439
v 5.00005 3.51007 -4.61118
v 5.00003 3.01105 -3.17622
v 6.61131 3.07248 -3.13710
v 6.61133 4.22864 -5.79666
v 5.00006 4.18163 -5.86894
v 5.00005 3.51007 -4.61118
v 6.61132 3.56535 -4.55439
v 6.61134 5.03686 -6.81616
v 5.00007 4.99992 -6.90114
v 5.00006 4.18163 -5.86894
v 6.61133 4.22864 -5.79666
v 6.61135 5.95896 -7.57372
v 5.00008 5.93351 -7.66815
v 5.00007 4.99992 -6.90114
v 6.61134 5.03686 -6.81616
v 6.61135 6.95949 -8.04023
v 5.00008 6.94652 -8.14046
v 5.00008 5.93351 -7.66815
v 6.61135 5.95896 -7.57372
v 6.61136 8.00001 -8.19774
v 5.00008 8.00001 -8.29995
v 5.00008 6.94652 -8.14046
v 6.61135 6.95949 -8.04023
v 5.00008 9.05349 -8.14046
v 3.38880 9.04052 -8.04025
v 3.38881 8.00000 -8.19777
v 5.00008 8.00001 -8.29995
v 5.00008 10.06650 -7.66814
v 3.38880 10.04105 -7.57375
v 3.38880 9.04052 -8.04025
v 5.00008 9.05349 -8.14046
v 5.00007 11.00008 -6.90114
v 3.38879 10.96315 -6.81619
v 3.38880 10.04105 -7.57375
v 5.00008 10.06650 -7.66814
v 5.00006 11.81838 -5.86893
v 3.38878 11.77137 -5.79669
v 3.38879 10.96315 -6.81619
v 5.00007 11.00008 -6.90114
v 5.00004 12.48994 -4.61118
v 3.38877 12.43466 -4.55442
v 3.38878 11.77137 -5.79669
v 5.00006 11.81838 -5.86893
v 5.00003 12.98895 -3.17621
v 3.38875 12.92753 -3.13713
v 3.38877 12.43466 -4.55442
v 5.00004 12.48994 -4.61118
v 5.00001 13.29624 -1.61919
v 3.38874 13.23104 -1.59927
v 3.38875 12.92753 -3.13713
v 5.00003 12.98895 -3.17621
v 5.00000 13.40000 0.00006
v 3.38872 13.33352 0.00004
v 3.38874 13.23104 -1.59927
v 5.00001 13.29624 -1.61919
v 4.99998 13.29624 1.61931
v 3.38871 13.23103 1.59936
v 3.38872 13.33352 0.00004
v 5.00000 13.40000 0.00006
v 4.99997 12.98895 3.17633
v 3.38869 12.92753 3.13721
v 3.38871 13.23103 1.59936
v 4.99998 13.29624 1.61931
v 4.99995 12.48993 4.61129
v 3.38868 12.43465 4.55450
v 3.38869 12.92753 3.13721
v 4.99997 12.98895 3.17633
v 4.99994 11.81837 5.86904
v 3.38866 11.77136 5.79677
v 3.38868 12.43465 4.55450
v 4.99995 12.48993 4.61129
v 4.99993 11.00008 6.90125
v 3.38865 10.96314 6.81627
v 3.38866 11.77136 5.79677
v 4.99994 11.81837 5.86904
v 4.99992 10.06649 7.66826
v 3.38865 10.04104 7.57383
v 3.38865 10.96314 6.81627
v 4.99993 11.00008 6.90125
v 4.99992 9.05348 8.14057
v 3.38864 9.04051 8.04033
v 3.38865 10.04104 7.57383
v 4.99992 10.06649 7.66826
v 4.99992 8.00000 8.30005
v 3.38864 8.00000 8.19785
v 3.38864 9.04051 8.04033
v 4.99992 9.05348 8.14057
v 4.99992 6.94651 8.14057
v 3.38864 6.95948 8.04033
v 3.38864 8.00000 8.19785
v 4.99992 8.00000 8.30005
v 4.99992 5.93351 7.66825
v 3.38865 5.95895 7.57383
v 3.38864 6.95948 8.04033
v 4.99992 6.94651 8.14057
v 4.99993 4.99992 6.90125
v 3.38866 5.03685 6.81627
v 3.38865 5.95895 7.57383
v 4.99992 5.93351 7.66825
v 4.99994 4.18162 5.86904
v 3.38867 4.22863 5.79676
v 3.38866 5.03685 6.81627
v 4.99993 4.99992 6.90125
v 4.99995 3.51006 4.61128
v 3.38868 3.56534 4.55449
v 3.38867 4.22863 5.79676
v 4.99994 4.18162 5.86904
v 4.99997 3.01105 3.17632
v 3.38869 3.07247 3.13720
v 3.38868 3.56534 4.55449
v 4.99995 3.51006 4.61128
v 4.99998 2.70376 1.61930
v 3.38871 2.76896 1.59935
v 3.38869 3.07247 3.13720
v 4.99997 3.01105 3.17632
v 5.00000 2.60000 0.00005
v 3.38872 2.66648 0.00004
v 3.38871 2.76896 1.59935
v 4.99998 2.70376 1.61930
v 5.00002 2.70376 -1.61920
v 3.38874 2.76897 -1.59928
v 3.38872 2.66648 0.00004
v 5.00000 2.60000 0.00005
v 5.00003 3.01105 -3.17622
v 3.38876 3.07248 -3.13713
v 3.38874 2.76897 -1.59928
v 5.00002 2.70376 -1.61920
v 5.00005 3.51007 -4.61118
v 3.38877 3.56535 -4.55443
v 3.38876 3.07248 -3.13713
v 5.00003 3.01105 -3.17622
v 5.00006 4.18163 -5.86894
v 3.38878 4.22864 -5.79669
v 3.38877 3.56535 -4.55443
v 5.00005 3.51007 -4.61118
v 5.00007 4.99992 -6.90114
v 3.38879 5.03686 -6.81620
v 3.38878 4.22864 -5.79669
v 5.00006 4.18163 -5.86894
v 5.00008 5.93351 -7.66815
v 3.38880 5.95896 -7.57375
v 3.38879 5.03686 -6.81620
v 5.00007 4.99992 -6.90114
v 5.00008 6.94652 -8.14046
v 3.38880 6.95949 -8.04026
v 3.38880 5.95896 -7.57375
v 5.00008 5.93351 -7.66815
v 5.00008 8.00001 -8.29995
v 3.38881 8.00001 -8.19777
v 3.38880 6.95949 -8.04026
v 5.00008 6.94652 -8.14046
v 3.38880 9.04052 -8.04025
v 1.81720 9.00193 -7.74207
v 1.81720 8.00000 -7.89375
v 3.38881 8.00000 -8.19777
v 3.38880 10.04105 -7.57375
v 1.81720 9.96535 -7.29287
v 1.81720 9.00193 -7.74207
v 3.38880 9.04052 -8.04025
v 3.38879 10.96315 -6.81619
v 1.81719 10.85325 -6.56340
v 1.81720 9.96535 -7.29287
v 3.38880 10.04105 -7.57375
v 3.38878 11.77137 -5.79669
v 1.81718 11.63150 -5.58171
v 1.81719 10.85325 -6.56340
v 3.38879 10.96315 -6.81619
v 3.38877 12.43466 -4.55442
v 1.81717 12.27019 -4.38552
v 1.81718 11.63150 -5.58171
v 3.38878 11.77137 -5.79669
v 3.38875 12.92753 -3.13713
v 1.81715 12.74477 -3.02079
v 1.81717 12.27019 -4.38552
v 3.38877 12.43466 -4.55442
v 3.38874 13.23104 -1.59927
v 1.81714 13.03703 -1.53997
v 1.81715 12.74477 -3.02079
v 3.38875 12.92753 -3.13713
v 3.38872 13.33352 0.00004
v 1.81712 13.13570 0.00003
v 1.81714 13.03703 -1.53997
v 3.38874 13.23104 -1.59927
v 3.38871 13.23103 1.59936
v 1.81711 13.03702 1.54002
v 1.81712 13.13570 0.00003
v 3.38872 13.33352 0.00004
v 3.38869 12.92753 3.13721
v 1.81709 12.74477 3.02084
v 1.81711 13.03702 1.54002
v 3.38871 13.23103 1.59936
v 3.38868 12.43465 4.55450
v 1.81708 12.27018 4.38557
v 1.81709 12.74477 3.02084
v 3.38869 12.92753 3.13721
v 3.38866 11.77136 5.79677
v 1.81707 11.63149 5.58176
v 1.81708 12.27018 4.38557
v 3.38868 12.43465 4.55450
v 3.38865 10.96314 6.81627
v 1.81706 10.85324 6.56345
v 1.81707 11.63149 5.58176
v 3.38866 11.77136 5.79677
v 3.38865 10.04104 7.57383
v 1.81705 9.96534 7.29292
v 1.81706 10.85324 6.56345
v 3.38865 10.96314 6.81627
v 3.38864 9.04051 8.04033
v 1.81705 9.00192 7.74212
v 1.81705 9.96534 7.29292
v 3.38865 10.04104 7.57383
v 3.38864 8.00000 8.19785
v 1.81704 8.00000 7.89379
v 1.81705 9.00192 7.74212
v 3.38864 9.04051 8.04033
v 3.38864 6.95948 8.04033
v 1.81705 6.99807 7.74211
v 1.81704 8.00000 7.89379
v 3.38864 8.00000 8.19785
v 3.38865 5.95895 7.57383
v 1.81705 6.03465 7.29291
v 1.81705 6.99807 7.74211
v 3.38864 6.95948 8.04033
v 3.38866 5.03685 6.81627
v 1.81706 5.14675 6.56345
v 1.81705 6.03465 7.29291
v 3.38865 5.95895 7.57383
v 3.38867 4.22863 5.79676
v 1.81707 4.36850 5.58176
v 1.81706 5.14675 6.56345
v 3.38866 5.03685 6.81627
v 3.38868 3.56534 4.55449
v 1.81708 3.72981 4.38556
v 1.81707 4.36850 5.58176
v 3.38867 4.22863 5.79676
v 3.38869 3.07247 3.13720
v 1.81709 3.25522 3.02083
v 1.81708 3.72981 4.38556
v 3.38868 3.56534 4.55449
v 3.38871 2.76896 1.59935
v 1.81711 2.96298 1.54002
v 1.81709 3.25522 3.02083
v 3.38869 3.07247 3.13720
v 3.38872 2.66648 0.00004
v 1.81712 2.86430 0.00002
v 1.81711 2.96298 1.54002
v 3.38871 2.76896 1.59935
v 3.38874 2.76897 -1.59928
v 1.81714 2.96298 -1.53998
v 1.81712 2.86430 0.00002
v 3.38872 2.66648 0.00004
v 3.38876 3.07248 -3.13713
v 1.81715 3.25523 -3.02080
v 1.81714 2.96298 -1.53998
v 3.38874 2.76897 -1.59928
v 3.38877 3.56535 -4.55443
v 1.81717 3.72982 -4.38552
v 1.81715 3.25523 -3.02080
v 3.38876 3.07248 -3.13713
v 3.38878 4.22864 -5.79669
v 1.81718 4.36851 -5.58172
v 1.81717 3.72982 -4.38552
v 3.38877 3.56535 -4.55443
v 3.38879 5.03686 -6.81620
v 1.81719 5.14676 -6.56341
v 1.81718 4.36851 -5.58172
v 3.38878 4.22864 -5.79669
v 3.38880 5.95896 -7.57375
v 1.81720 6.03466 -7.29287
v 1.81719 5.14676 -6.56341
v 3.38879 5.03686 -6.81620
v 3.38880 6.95949 -8.04026
v 1.81720 6.99808 -7.74207
v 1.81720 6.03466 -7.29287
v 3.38880 5.95896 -7.57375
v 3.38881 8.00001 -8.19777
v 1.81720 8.00001 -7.89375
v 1.81720 6.99808 -7.74207
v 3.38880 6.95949 -8.04026
v 1.81720 9.00193 -7.74207
v 0.32397 8.93867 -7.25325
v 0.32397 8.00000 -7.39535
v 1.81720 8.00000 -7.89375
v 1.81720 9.96535 -7.29287
v 0.32396 9.84126 -6.83241
v 0.32397 8.93867 -7.25325
v 1.81720 9.00193 -7.74207
v 1.81719 10.85325 -6.56340
v 0.32396 10.67309 -6.14900
v 0.32396 9.84126 -6.83241
v 1.81720 9.96535 -7.29287
v 1.81718 11.63150 -5.58171
v 0.32395 11.40220 -5.22929
v 0.32396 10.67309 -6.14900
v 1.81719 10.85325 -6.56340
v 1.81717 12.27019 -4.38552
v 0.32394 12.00056 -4.10863
v 0.32395 11.40220 -5.22929
v 1.81718 11.63150 -5.58171
v 1.81715 12.74477 -3.02079
v 0.32392 12.44519 -2.83007
v 0.32394 12.00056 -4.10863
v 1.81717 12.27019 -4.38552
v 1.81714 13.03703 -1.53997
v 0.32391 12.71899 -1.44275
v 0.32392 12.44519 -2.83007
v 1.81715 12.74477 -3.02079
v 1.81712 13.13570 0.00003
v 0.32390 12.81143 0.00001
v 0.32391 12.71899 -1.44275
v 1.81714 13.03703 -1.53997
v 1.81711 13.03702 1.54002
v 0.32388 12.71898 1.44277
v 0.32390 12.81143 0.00001
v 1.81712 13.13570 0.00003
v 1.81709 12.74477 3.02084
v 0.32387 12.44518 2.83009
v 0.32388 12.71898 1.44277
v 1.81711 13.03702 1.54002
v 1.81708 12.27018 4.38557
v 0.32385 12.00056 4.10865
v 0.32387 12.44518 2.83009
v 1.81709 12.74477 3.02084
v 1.81707 11.63149 5.58176
v 0.32384 11.40219 5.22931
v 0.32385 12.00056 4.10865
v 1.81708 12.27018 4.38557
v 1.81706 10.85324 6.56345
v 0.32383 10.67309 6.14902
v 0.32384 11.40219 5.22931
v 1.81707 11.63149 5.58176
v 1.81705 9.96534 7.29292
v 0.32383 9.84125 6.83243
v 0.32383 10.67309 6.14902
v 1.81706 10.85324 6.56345
v 1.81705 9.00192 7.74212
v 0.32382 8.93866 7.25326
v 0.32383 9.84125 6.83243
v 1.81705 9.96534 7.29292
v 1.81704 8.00000 7.89379
v 0.32382 8.00000 7.39536
v 0.32382 8.93866 7.25326
v 1.81705 9.00192 7.74212
v 1.81705 6.99807 7.74211
v 0.32382 7.06133 7.25326
v 0.32382 8.00000 7.39536
v 1.81704 8.00000 7.89379
v 1.81705 6.03465 7.29291
v 0.32383 6.15874 6.83242
v 0.32382 7.06133 7.25326
v 1.81705 6.99807 7.74211
v 1.81706 5.14675 6.56345
v 0.32383 5.32691 6.14902
v 0.32383 6.15874 6.83242
v 1.81705 6.03465 7.29291
v 1.81707 4.36850 5.58176
v 0.32384 4.59780 5.22931
v 0.32383 5.32691 6.14902
v 1.81706 5.14675 6.56345
v 1.81708 3.72981 4.38556
v 0.32386 3.99943 4.10864
v 0.32384 4.59780 5.22931
v 1.81707 4.36850 5.58176
v 1.81709 3.25522 3.02083
v 0.32387 3.55481 2.83008
v 0.32386 3.99943 4.10864
v 1.81708 3.72981 4.38556
v 1.81711 2.96298 1.54002
v 0.32388 3.28101 1.44277
v 0.32387 3.55481 2.83008
v 1.81709 3.25522 3.02083
v 1.81712 2.86430 0.00002
v 0.32390 3.18857 0.00000
v 0.32388 3.28101 1.44277
v 1.81711 2.96298 1.54002
v 1.81714 2.96298 -1.53998
v 0.32391 3.28102 -1.44276
v 0.32390 3.18857 0.00000
v 1.81712 2.86430 0.00002
v 1.81715 3.25523 -3.02080
v 0.32392 3.55482 -2.83008
v 0.32391 3.28102 -1.44276
v 1.81714 2.96298 -1.53998
v 1.81717 3.72982 -4.38552
v 0.32394 3.99944 -4.10863
v 0.32392 3.55482 -2.83008
v 1.81715 3.25523 -3.02080
v 1.81718 4.36851 -5.58172
v 0.32395 4.59781 -5.22930
v 0.32394 3.99944 -4.10863
v 1.81717 3.72982 -4.38552
v 1.81719 5.14676 -6.56341
v 0.32396 5.32691 -6.14901
v 0.32395 4.59781 -5.22930
v 1.81718 4.36851 -5.58172
v 1.81720 6.03466 -7.29287
v 0.32396 6.15875 -6.83241
v 0.32396 5.32691 -6.14901
v 1.81719 5.14676 -6.56341
v 1.81720 6.99808 -7.74207
v 0.32397 7.06134 -7.25325
v 0.32396 6.15875 -6.83241
v 1.81720 6.03466 -7.29287
v 1.81720 8.00001 -7.89375
v 0.32397 8.00000 -7.39535
v 0.32397 7.06134 -7.25325
v 1.81720 6.99808 -7.74207
v 0.32397 8.93867 -7.25325
v -1.05412 8.85229 -6.58582
v -1.05412 8.00000 -6.71485
v 0.32397 8.00000 -7.39535
v 0.32396 9.84126 -6.83241
v -1.05413 9.67183 -6.20371
v -1.05412 8.85229 -6.58582
v 0.32397 8.93867 -7.25325
v 0.32396 10.67309 -6.14900
v -1.05414 10.42712 -5.58319
v -1.05413 9.67183 -6.20371
v 0.32396 9.84126 -6.83241
v 0.32395 11.40220 -5.22929
v -1.05414 11.08913 -4.74811
v -1.05414 10.42712 -5.58319
v 0.32396 10.67309 -6.14900
v 0.32394 12.00056 -4.10863
v -1.05415 11.63244 -3.73057
v -1.05414 11.08913 -4.74811
v 0.32395 11.40220 -5.22929
v 0.32392 12.44519 -2.83007
v -1.05417 12.03615 -2.56966
v -1.05415 11.63244 -3.73057
v 0.32394 12.00056 -4.10863
v 0.32391 12.71899 -1.44275
v -1.05418 12.28475 -1.31000
v -1.05417 12.03615 -2.56966
v 0.32392 12.44519 -2.83007
v 0.32390 12.81143 0.00001
v -1.05419 12.36869 -0.00000
v -1.05418 12.28475 -1.31000
v 0.32391 12.71899 -1.44275
v 0.32388 12.71898 1.44277
v -1.05420 12.28475 1.31000
v -1.05419 12.36869 -0.00000
v 0.32390 12.81143 0.00001
v 0.32387 12.44518 2.83009
v -1.05422 12.03614 2.56965
v -1.05420 12.28475 1.31000
v 0.32388 12.71898 1.44277
v 0.32385 12.00056 4.10865
v -1.05423 11.63243 3.73056
v -1.05422 12.03614 2.56965
v 0.32387 12.44518 2.83009
v 0.32384 11.40219 5.22931
v -1.05424 11.08913 4.74810
v -1.05423 11.63243 3.73056
v 0.32385 12.00056 4.10865
v 0.32383 10.67309 6.14902
v -1.05425 10.42711 5.58318
v -1.05424 11.08913 4.74810
v 0.32384 11.40219 5.22931
v 0.32383 9.84125 6.83243
v -1.05425 9.67182 6.20370
v -1.05425 10.42711 5.58318
v 0.32383 10.67309 6.14902
v 0.32382 8.93866 7.25326
v -1.05426 8.85229 6.58581
v -1.05425 9.67182 6.20370
v 0.32383 9.84125 6.83243
v 0.32382 8.00000 7.39536
v -1.05426 8.00000 6.71483
v -1.05426 8.85229 6.58581
v 0.32382 8.93866 7.25326
v 0.32382 7.06133 7.25326
v -1.05426 7.14771 6.58581
v -1.05426 8.00000 6.71483
v 0.32382 8.00000 7.39536
v 0.32383 6.15874 6.83242
v -1.05425 6.32817 6.20370
v -1.05426 7.14771 6.58581
v 0.32382 7.06133 7.25326
v 0.32383 5.32691 6.14902
v -1.05425 5.57288 5.58318
v -1.05425 6.32817 6.20370
v 0.32383 6.15874 6.83242
v 0.32384 4.59780 5.22931
v -1.05424 4.91087 4.74810
v -1.05425 5.57288 5.58318
v 0.32383 5.32691 6.14902
v 0.32386 3.99943 4.10864
v -1.05423 4.36756 3.73056
v -1.05424 4.91087 4.74810
v 0.32384 4.59780 5.22931
v 0.32387 3.55481 2.83008
v -1.05422 3.96385 2.56965
v -1.05423 4.36756 3.73056
v 0.32386 3.99943 4.10864
v 0.32388 3.28101 1.44277
v -1.05420 3.71525 1.30999
v -1.05422 3.96385 2.56965
v 0.32387 3.55481 2.83008
v 0.32390 3.18857 0.00000
v -1.05419 3.63131 -0.00001
v -1.05420 3.71525 1.30999
v 0.32388 3.28101 1.44277
v 0.32391 3.28102 -1.44276
v -1.05418 3.71525 -1.31001
v -1.05419 3.63131 -0.00001
v 0.32390 3.18857 0.00000
v 0.32392 3.55482 -2.83008
v -1.05416 3.96386 -2.56967
v -1.05418 3.71525 -1.31001
v 0.32391 3.28102 -1.44276
v 0.32394 3.99944 -4.10863
v -1.05415 4.36757 -3.73057
v -1.05416 3.96386 -2.56967
v 0.32392 3.55482 -2.83008
v 0.32395 4.59781 -5.22930
v -1.05414 4.91087 -4.74812
v -1.05415 4.36757 -3.73057
v 0.32394 3.99944 -4.10863
v 0.32396 5.32691 -6.14901
v -1.05413 5.57289 -5.58319
v -1.05414 4.91087 -4.74812
v 0.32395 4.59781 -5.22930
v 0.32396 6.15875 -6.83241
v -1.05413 6.32818 -6.20371
v -1.05413 5.57289 -5.58319
v 0.32396 5.32691 -6.14901
v 0.32397 7.06134 -7.25325
v -1.05412 7.14771 -6.58582
v -1.05413 6.32818 -6.20371
v 0.32396 6.15875 -6.83241
v 0.32397 8.00000 -7.39535
v -1.05412 8.00000 -6.71485
v -1.05412 7.14771 -6.58582
v 0.32397 7.06134 -7.25325
v -1.05412 8.85229 -6.58582
v -2.28314 8.74493 -5.75623
v -2.28314 8.00000 -5.86900
v -1.05412 8.00000 -6.71485
v -1.05413 9.67183 -6.20371
v -2.28315 9.46123 -5.42225
v -2.28314 8.74493 -5.75623
v -1.05412 8.85229 -6.58582
v -1.05414 10.42712 -5.58319
v -2.28315 10.12138 -4.87990
v -2.28315 9.46123 -5.42225
v -1.05413 9.67183 -6.20371
v -1.05414 11.08913 -4.74811
v -2.28316 10.70000 -4.15002
v -2.28315 10.12138 -4.87990
v -1.05414 10.42712 -5.58319
v -1.05415 11.63244 -3.73057
v -2.28317 11.17487 -3.26065
v -2.28316 10.70000 -4.15002
v -1.05414 11.08913 -4.74811
v -1.05417 12.03615 -2.56966
v -2.28318 11.52772 -2.24598
v -2.28317 11.17487 -3.26065
v -1.05415 11.63244 -3.73057
v -1.05418 12.28475 -1.31000
v -2.28319 11.74501 -1.14500
v -2.28318 11.52772 -2.24598
v -1.05417 12.03615 -2.56966
v -1.05419 12.36869 -0.00000
v -2.28320 11.81838 -0.00002
v -2.28319 11.74501 -1.14500
v -1.05418 12.28475 -1.31000
v -1.05420 12.28475 1.31000
v -2.28321 11.74501 1.14497
v -2.28320 11.81838 -0.00002
v -1.05419 12.36869 -0.00000
v -1.05422 12.03614 2.56965
v -2.28322 11.52772 2.24595
v -2.28321 11.74501 1.14497
v -1.05420 12.28475 1.31000
v -1.05423 11.63243 3.73056
v -2.28323 11.17486 3.26062
v -2.28322 11.52772 2.24595
v -1.05422 12.03614 2.56965
v -1.05424 11.08913 4.74810
v -2.28324 10.70000 4.14998
v -2.28323 11.17486 3.26062
v -1.05423 11.63243 3.73056
v -1.05425 10.42711 5.58318
v -2.28325 10.12137 4.87987
v -2.28324 10.70000 4.14998
v -1.05424 11.08913 4.74810
v -1.05425 9.67182 6.20370
v -2.28325 9.46123 5.42222
v -2.28325 10.12137 4.87987
v -1.05425 10.42711 5.58318
v -1.05426 8.85229 6.58581
v -2.28326 8.74492 5.75620
v -2.28325 9.46123 5.42222
v -1.05425 9.67182 6.20370
v -1.05426 8.00000 6.71483
v -2.28326 8.00000 5.86897
v -2.28326 8.74492 5.75620
v -1.05426 8.85229 6.58581
v -1.05426 7.14771 6.58581
v -2.28326 7.25507 5.75620
v -2.28326 8.00000 5.86897
v -1.05426 8.00000 6.71483
v -1.05425 6.32817 6.20370
v -2.28325 6.53877 5.42222
v -2.28326 7.25507 5.75620
v -1.05426 7.14771 6.58581
v -1.05425 5.57288 5.58318
v -2.28325 5.87862 4.87986
v -2.28325 6.53877 5.42222
v -1.05425 6.32817 6.20370
v -1.05424 4.91087 4.74810
v -2.28324 5.30000 4.14998
v -2.28325 5.87862 4.87986
v -1.05425 5.57288 5.58318
v -1.05423 4.36756 3.73056
v -2.28323 4.82513 3.26061
v -2.28324 5.30000 4.14998
v -1.05424 4.91087 4.74810
v -1.05422 3.96385 2.56965
v -2.28322 4.47228 2.24594
v -2.28323 4.82513 3.26061
v -1.05423 4.36756 3.73056
v -1.05420 3.71525 1.30999
v -2.28321 4.25499 1.14496
v -2.28322 4.47228 2.24594
v -1.05422 3.96385 2.56965
v -1.05419 3.63131 -0.00001
v -2.28320 4.18162 -0.00002
v -2.28321 4.25499 1.14496
v -1.05420 3.71525 1.30999
v -1.05418 3.71525 -1.31001
v -2.28319 4.25499 -1.14500
v -2.28320 4.18162 -0.00002
v -1.05419 3.63131 -0.00001
v -1.05416 3.96386 -2.56967
v -2.28318 4.47228 -2.24599
v -2.28319 4.25499 -1.14500
v -1.05418 3.71525 -1.31001
v -1.05415 4.36757 -3.73057
v -2.28317 4.82514 -3.26066
v -2.28318 4.47228 -2.24599
v -1.05416 3.96386 -2.56967
v -1.05414 4.91087 -4.74812
v -2.28316 5.30000 -4.15002
v -2.28317 4.82514 -3.26066
v -1.05415 4.36757 -3.73057
v -1.05413 5.57289 -5.58319
v -2.28315 5.87863 -4.87990
v -2.28316 5.30000 -4.15002
v -1.05414 4.91087 -4.74812
v -1.05413 6.32818 -6.20371
v -2.28315 6.53877 -5.42226
v -2.28315 5.87863 -4.87990
v -1.05413 5.57289 -5.58319
v -1.05412 7.14771 -6.58582
v -2.28314 7.25507 -5.75623
v -2.28315 6.53877 -5.42226
v -1.05413 6.32818 -6.20371
v -1.05412 8.00000 -6.71485
v -2.28314 8.00000 -5.86900
v -2.28314 7.25507 -5.75623
v -1.05412 7.14771 -6.58582
v -2.28314 8.74493 -5.75623
v -3.33283 8.61923 -4.78490
v -3.33283 8.00000 -4.87865
v -2.28314 8.00000 -5.86900
v -2.28315 9.46123 -5.42225
v -3.33283 9.21465 -4.50728
v -3.33283 8.61923 -4.78490
v -2.28314 8.74493 -5.75623
v -2.28315 10.12138 -4.87990
v -3.33284 9.76340 -4.05645
v -3.33283 9.21465 -4.50728
v -2.28315 9.46123 -5.42225
v -2.28316 10.70000 -4.15002
v -3.33284 10.24439 -3.44973
v -3.33284 9.76340 -4.05645
v -2.28315 10.12138 -4.87990
v -2.28317 11.17487 -3.26065
v -3.33285 10.63912 -2.71044
v -3.33284 10.24439 -3.44973
v -2.28316 10.70000 -4.15002
v -2.28318 11.52772 -2.24598
v -3.33286 10.93243 -1.86699
v -3.33285 10.63912 -2.71044
v -2.28317 11.17487 -3.26065
v -2.28319 11.74501 -1.14500
v -3.33287 11.11305 -0.95180
v -3.33286 10.93243 -1.86699
v -2.28318 11.52772 -2.24598
v -2.28320 11.81838 -0.00002
v -3.33288 11.17404 -0.00003
v -3.33287 11.11305 -0.95180
v -2.28319 11.74501 -1.14500
v -2.28321 11.74501 1.14497
v -3.33289 11.11305 0.95174
v -3.33288 11.17404 -0.00003
v -2.28320 11.81838 -0.00002
v -2.28322 11.52772 2.24595
v -3.33290 10.93243 1.86694
v -3.33289 11.11305 0.95174
v -2.28321 11.74501 1.14497
v -2.28323 11.17486 3.26062
v -3.33290 10.63912 2.71039
v -3.33290 10.93243 1.86694
v -2.28322 11.52772 2.24595
v -2.28324 10.70000 4.14998
v -3.33291 10.24438 3.44968
v -3.33290 10.63912 2.71039
v -2.28323 11.17486 3.26062
v -2.28325 10.12137 4.87987
v -3.33292 9.76340 4.05639
v -3.33291 10.24438 3.44968
v -2.28324 10.70000 4.14998
v -2.28325 9.46123 5.42222
v -3.33292 9.21465 4.50723
v -3.33292 9.76340 4.05639
v -2.28325 10.12137 4.87987
v -2.28326 8.74492 5.75620
v -3.33292 8.61922 4.78485
v -3.33292 9.21465 4.50723
v -2.28325 9.46123 5.42222
v -2.28326 8.00000 5.86897
v -3.33293 8.00000 4.87859
v -3.33292 8.61922 4.78485
v -2.28326 8.74492 5.75620
v -2.28326 7.25507 5.75620
v -3.33292 7.38077 4.78485
v -3.33293 8.00000 4.87859
v -2.28326 8.00000 5.86897
v -2.28325 6.53877 5.42222
v -3.33292 6.78534 4.50722
v -3.33292 7.38077 4.78485
v -2.28326 7.25507 5.75620
v -2.28325 5.87862 4.87986
v -3.33292 6.23660 4.05639
v -3.33292 6.78534 4.50722
v -2.28325 6.53877 5.42222
v -2.28324 5.30000 4.14998
v -3.33291 5.75561 3.44967
v -3.33292 6.23660 4.05639
v -2.28325 5.87862 4.87986
v -2.28323 4.82513 3.26061
v -3.33290 5.36088 2.71038
v -3.33291 5.75561 3.44967
v -2.28324 5.30000 4.14998
v -2.28322 4.47228 2.24594
v -3.33289 5.06757 1.86693
v -3.33290 5.36088 2.71038
v -2.28323 4.82513 3.26061
v -2.28321 4.25499 1.14496
v -3.33289 4.88695 0.95174
v -3.33289 5.06757 1.86693
v -2.28322 4.47228 2.24594
v -2.28320 4.18162 -0.00002
v -3.33288 4.82596 -0.00003
v -3.33289 4.88695 0.95174
v -2.28321 4.25499 1.14496
v -2.28319 4.25499 -1.14500
v -3.33287 4.88695 -0.95180
v -3.33288 4.82596 -0.00003
v -2.28320 4.18162 -0.00002
v -2.28318 4.47228 -2.24599
v -3.33286 5.06757 -1.86700
v -3.33287 4.88695 -0.95180
v -2.28319 4.25499 -1.14500
v -2.28317 4.82514 -3.26066
v -3.33285 5.36088 -2.71045
v -3.33286 5.06757 -1.86700
v -2.28318 4.47228 -2.24599
v -2.28316 5.30000 -4.15002
v -3.33284 5.75562 -3.44973
v -3.33285 5.36088 -2.71045
v -2.28317 4.82514 -3.26066
v -2.28315 5.87863 -4.87990
v -3.33284 6.23660 -4.05645
v -3.33284 5.75562 -3.44973
v -2.28316 5.30000 -4.15002
v -2.28315 6.53877 -5.42226
v -3.33283 6.78535 -4.50728
v -3.33284 6.23660 -4.05645
v -2.28315 5.87863 -4.87990
v -2.28314 7.25507 -5.75623
v -3.33283 7.38078 -4.78490
v -3.33283 6.78535 -4.50728
v -2.28315 6.53877 -5.42226
v -2.28314 8.00000 -5.86900
v -3.33283 8.00000 -4.87865
v -3.33283 7.38078 -4.78490
v -2.28314 7.25507 -5.75623
v -3.33283 8.61923 -4.78490
v -4.17733 8.47828 -3.69575
v -4.17733 8.00000 -3.76816
v -3.33283 8.00000 -4.87865
v -3.33283 9.21465 -4.50728
v -4.17733 8.93817 -3.48133
v -4.17733 8.47828 -3.69575
v -3.33283 8.61923 -4.78490
v -3.33284 9.76340 -4.05645
v -4.17734 9.36201 -3.13311
v -4.17733 8.93817 -3.48133
v -3.33283 9.21465 -4.50728
v -3.33284 10.24439 -3.44973
v -4.17734 9.73351 -2.66450
v -4.17734 9.36201 -3.13311
v -3.33284 9.76340 -4.05645
v -3.33285 10.63912 -2.71044
v -4.17735 10.03839 -2.09349
v -4.17734 9.73351 -2.66450
v -3.33284 10.24439 -3.44973
v -3.33286 10.93243 -1.86699
v -4.17735 10.26494 -1.44203
v -4.17735 10.03839 -2.09349
v -3.33285 10.63912 -2.71044
v -3.33287 11.11305 -0.95180
v -4.17736 10.40444 -0.73516
v -4.17735 10.26494 -1.44203
v -3.33286 10.93243 -1.86699
v -3.33288 11.17404 -0.00003
v -4.17737 10.45155 -0.00004
v -4.17736 10.40444 -0.73516
v -3.33287 11.11305 -0.95180
v -3.33289 11.11305 0.95174
v -4.17738 10.40444 0.73509
v -4.17737 10.45155 -0.00004
v -3.33288 11.17404 -0.00003
v -3.33290 10.93243 1.86694
v -4.17738 10.26493 1.44196
v -4.17738 10.40444 0.73509
v -3.33289 11.11305 0.95174
v -3.33290 10.63912 2.71039
v -4.17739 10.03839 2.09342
v -4.17738 10.26493 1.44196
v -3.33290 10.93243 1.86694
v -3.33291 10.24438 3.44968
v -4.17740 9.73350 2.66443
v -4.17739 10.03839 2.09342
v -3.33290 10.63912 2.71039
v -3.33292 9.76340 4.05639
v -4.17740 9.36201 3.13304
v -4.17740 9.73350 2.66443
v -3.33291 10.24438 3.44968
v -3.33292 9.21465 4.50723
v -4.17740 8.93816 3.48125
v -4.17740 9.36201 3.13304
v -3.33292 9.76340 4.05639
v -3.33292 8.61922 4.78485
v -4.17741 8.47827 3.69568
v -4.17740 8.93816 3.48125
v -3.33292 9.21465 4.50723
v -3.33293 8.00000 4.87859
v -4.17741 8.00000 3.76808
v -4.17741 8.47827 3.69568
v -3.33292 8.61922 4.78485
v -3.33292 7.38077 4.78485
v -4.17741 7.52172 3.69568
v -4.17741 8.00000 3.76808
v -3.33293 8.00000 4.87859
v -3.33292 6.78534 4.50722
v -4.17740 7.06183 3.48125
v -4.17741 7.52172 3.69568
v -3.33292 7.38077 4.78485
v -3.33292 6.23660 4.05639
v -4.17740 6.63799 3.13304
v -4.17740 7.06183 3.48125
v -3.33292 6.78534 4.50722
v -3.33291 5.75561 3.44967
v -4.17740 6.26649 2.66442
v -4.17740 6.63799 3.13304
v -3.33292 6.23660 4.05639
v -3.33290 5.36088 2.71038
v -4.17739 5.96161 2.09342
v -4.17740 6.26649 2.66442
v -3.33291 5.75561 3.44967
v -3.33289 5.06757 1.86693
v -4.17738 5.73506 1.44196
v -4.17739 5.96161 2.09342
v -3.33290 5.36088 2.71038
v -3.33289 4.88695 0.95174
v -4.17738 5.59556 0.73509
v -4.17738 5.73506 1.44196
v -3.33289 5.06757 1.86693
v -3.33288 4.82596 -0.00003
v -4.17737 5.54845 -0.00004
v -4.17738 5.59556 0.73509
v -3.33289 4.88695 0.95174
v -3.33287 4.88695 -0.95180
v -4.17736 5.59556 -0.73516
v -4.17737 5.54845 -0.00004
v -3.33288 4.82596 -0.00003
v -3.33286 5.06757 -1.86700
v -4.17735 5.73507 -1.44204
v -4.17736 5.59556 -0.73516
v -3.33287 4.88695 -0.95180
v -3.33285 5.36088 -2.71045
v -4.17735 5.96161 -2.09349
v -4.17735 5.73507 -1.44204
v -3.33286 5.06757 -1.86700
v -3.33284 5.75562 -3.44973
v -4.17734 6.26650 -2.66450
v -4.17735 5.96161 -2.09349
v -3.33285 5.36088 -2.71045
v -3.33284 6.23660 -4.05645
v -4.17734 6.63799 -3.13312
v -4.17734 6.26650 -2.66450
v -3.33284 5.75562 -3.44973
v -3.33283 6.78535 -4.50728
v -4.17733 7.06183 -3.48133
v -4.17734 6.63799 -3.13312
v -3.33284 6.23660 -4.05645
v -3.33283 7.38078 -4.78490
v -4.17733 7.52173 -3.69575
v -4.17733 7.06183 -3.48133
v -3.33283 6.78535 -4.50728
v -3.33283 8.00000 -4.87865
v -4.17733 8.00000 -3.76816
v -4.17733 7.52173 -3.69575
v -3.33283 7.38078 -4.78490
v -4.17733 8.47828 -3.69575
v -4.79586 8.32555 -2.51560
v -4.79586 8.00000 -2.56488
v -4.17733 8.00000 -3.76816
v -4.17733 8.93817 -3.48133
v -4.79586 8.63858 -2.36965
v -4.79586 8.32555 -2.51560
v -4.17733 8.47828 -3.69575
v -4.17734 9.36201 -3.13311
v -4.79586 8.92708 -2.13263
v -4.79586 8.63858 -2.36965
v -4.17733 8.93817 -3.48133
v -4.17734 9.73351 -2.66450
v -4.79586 9.17994 -1.81366
v -4.79586 8.92708 -2.13263
v -4.17734 9.36201 -3.13311
v -4.17735 10.03839 -2.09349
v -4.79587 9.38747 -1.42499
v -4.79586 9.17994 -1.81366
v -4.17734 9.73351 -2.66450
v -4.17735 10.26494 -1.44203
v -4.79587 9.54167 -0.98156
v -4.79587 9.38747 -1.42499
v -4.17735 10.03839 -2.09349
v -4.17736 10.40444 -0.73516
v -4.79588 9.63663 -0.50042
v -4.79587 9.54167 -0.98156
v -4.17735 10.26494 -1.44203
v -4.17737 10.45155 -0.00004
v -4.79588 9.66869 -0.00004
v -4.79588 9.63663 -0.50042
v -4.17736 10.40444 -0.73516
v -4.17738 10.40444 0.73509
v -4.79589 9.63663 0.50033
v -4.79588 9.66869 -0.00004
v -4.17737 10.45155 -0.00004
v -4.17738 10.26493 1.44196
v -4.79589 9.54167 0.98148
v -4.79589 9.63663 0.50033
v -4.17738 10.40444 0.73509
v -4.17739 10.03839 2.09342
v -4.79590 9.38747 1.42491
v -4.79589 9.54167 0.98148
v -4.17738 10.26493 1.44196
v -4.17740 9.73350 2.66443
v -4.79590 9.17994 1.81357
v -4.79590 9.38747 1.42491
v -4.17739 10.03839 2.09342
v -4.17740 9.36201 3.13304
v -4.79590 8.92707 2.13254
v -4.79590 9.17994 1.81357
v -4.17740 9.73350 2.66443
v -4.17740 8.93816 3.48125
v -4.79591 8.63858 2.36956
v -4.79590 8.92707 2.13254
v -4.17740 9.36201 3.13304
v -4.17741 8.47827 3.69568
v -4.79591 8.32554 2.51552
v -4.79591 8.63858 2.36956
v -4.17740 8.93816 3.48125
v -4.17741 8.00000 3.76808
v -4.79591 8.00000 2.56480
v -4.79591 8.32554 2.51552
v -4.17741 8.47827 3.69568
v -4.17741 7.52172 3.69568
v -4.79591 7.67445 2.51551
v -4.79591 8.00000 2.56480
v -4.17741 8.00000 3.76808
v -4.17740 7.06183 3.48125
v -4.79591 7.36142 2.36956
v -4.79591 7.67445 2.51551
v -4.17741 7.52172 3.69568
v -4.17740 6.63799 3.13304
v -4.79590 7.07292 2.13254
v -4.79591 7.36142 2.36956
v -4.17740 7.06183 3.48125
v -4.17740 6.26649 2.66442
v -4.79590 6.82006 1.81357
v -4.79590 7.07292 2.13254
v -4.17740 6.63799 3.13304
v -4.17739 5.96161 2.09342
v -4.79590 6.61253 1.42490
v -4.79590 6.82006 1.81357
v -4.17740 6.26649 2.66442
v -4.17738 5.73506 1.44196
v -4.79589 6.45833 0.98148
v -4.79590 6.61253 1.42490
v -4.17739 5.96161 2.09342
v -4.17738 5.59556 0.73509
v -4.79589 6.36337 0.50033
v -4.79589 6.45833 0.98148
v -4.17738 5.73506 1.44196
v -4.17737 5.54845 -0.00004
v -4.79588 6.33131 -0.00004
v -4.79589 6.36337 0.50033
v -4.17738 5.59556 0.73509
v -4.17736 5.59556 -0.73516
v -4.79588 6.36337 -0.50042
v -4.79588 6.33131 -0.00004
v -4.17737 5.54845 -0.00004
v -4.17735 5.73507 -1.44204
v -4.79587 6.45833 -0.98157
v -4.79588 6.36337 -0.50042
v -4.17736 5.59556 -0.73516
v -4.17735 5.96161 -2.09349
v -4.79587 6.61253 -1.42499
v -4.79587 6.45833 -0.98157
v -4.17735 5.73507 -1.44204
v -4.17734 6.26650 -2.66450
v -4.79586 6.82006 -1.81366
v -4.79587 6.61253 -1.42499
v -4.17735 5.96161 -2.09349
v -4.17734 6.63799 -3.13312
v -4.79586 7.07293 -2.13263
v -4.79586 6.82006 -1.81366
v -4.17734 6.26650 -2.66450
v -4.17733 7.06183 -3.48133
v -4.79586 7.36142 -2.36965
v -4.79586 7.07293 -2.13263
v -4.17734 6.63799 -3.13312
v -4.17733 7.52173 -3.69575
v -4.79586 7.67446 -2.51560
v -4.79586 7.36142 -2.36965
v -4.17733 7.06183 -3.48133
v -4.17733 8.00000 -3.76816
v -4.79586 8.00000 -2.56488
v -4.79586 7.67446 -2.51560
v -4.17733 7.52173 -3.69575
v -4.79586 8.32555 -2.51560
v -5.17318 8.16480 -1.27350
v -5.17318 8.00000 -1.29845
v -4.79586 8.00000 -2.56488
v -4.79586 8.63858 -2.36965
v -5.17318 8.32327 -1.19962
v -5.17318 8.16480 -1.27350
v -4.79586 8.32555 -2.51560
v -4.79586 8.92708 -2.13263
v -5.17318 8.46932 -1.07963
v -5.17318 8.32327 -1.19962
v -4.79586 8.63858 -2.36965
v -4.79586 9.17994 -1.81366
v -5.17318 8.59733 -0.91816
v -5.17318 8.46932 -1.07963
v -4.79586 8.92708 -2.13263
v -4.79587 9.38747 -1.42499
v -5.17318 8.70238 -0.72140
v -5.17318 8.59733 -0.91816
v -4.79586 9.17994 -1.81366
v -4.79587 9.54167 -0.98156
v -5.17319 8.78044 -0.49693
v -5.17318 8.70238 -0.72140
v -4.79587 9.38747 -1.42499
v -4.79588 9.63663 -0.50042
v -5.17319 8.82851 -0.25335
v -5.17319 8.78044 -0.49693
v -4.79587 9.54167 -0.98156
v -4.79588 9.66869 -0.00004
v -5.17319 8.84475 -0.00005
v -5.17319 8.82851 -0.25335
v -4.79588 9.63663 -0.50042
v -4.79589 9.63663 0.50033
v -5.17319 8.82851 0.25326
v -5.17319 8.84475 -0.00005
v -4.79588 9.66869 -0.00004
v -4.79589 9.54167 0.98148
v -5.17320 8.78044 0.49683
v -5.17319 8.82851 0.25326
v -4.79589 9.63663 0.50033
v -4.79590 9.38747 1.42491
v -5.17320 8.70238 0.72131
v -5.17320 8.78044 0.49683
v -4.79589 9.54167 0.98148
v -4.79590 9.17994 1.81357
v -5.17320 8.59732 0.91806
v -5.17320 8.70238 0.72131
v -4.79590 9.38747 1.42491
v -4.79590 8.92707 2.13254
v -5.17320 8.46931 1.07954
v -5.17320 8.59732 0.91806
v -4.79590 9.17994 1.81357
v -4.79591 8.63858 2.36956
v -5.17320 8.32327 1.19952
v -5.17320 8.46931 1.07954
v -4.79590 8.92707 2.13254
v -4.79591 8.32554 2.51552
v -5.17320 8.16480 1.27341
v -5.17320 8.32327 1.19952
v -4.79591 8.63858 2.36956
v -4.79591 8.00000 2.56480
v -5.17320 8.00000 1.29836
v -5.17320 8.16480 1.27341
v -4.79591 8.32554 2.51552
v -4.79591 7.67445 2.51551
v -5.17320 7.83520 1.27341
v -5.17320 8.00000 1.29836
v -4.79591 8.00000 2.56480
v -4.79591 7.36142 2.36956
v -5.17320 7.67673 1.19952
v -5.17320 7.83520 1.27341
v -4.79591 7.67445 2.51551
v -4.79590 7.07292 2.13254
v -5.17320 7.53068 1.07954
v -5.17320 7.67673 1.19952
v -4.79591 7.36142 2.36956
v -4.79590 6.82006 1.81357
v -5.17320 7.40267 0.91806
v -5.17320 7.53068 1.07954
v -4.79590 7.07292 2.13254
v -4.79590 6.61253 1.42490
v -5.17320 7.29762 0.72131
v -5.17320 7.40267 0.91806
v -4.79590 6.82006 1.81357
v -4.79589 6.45833 0.98148
v -5.17320 7.21956 0.49683
v -5.17320 7.29762 0.72131
v -4.79590 6.61253 1.42490
v -4.79589 6.36337 0.50033
v -5.17319 7.17148 0.25326
v -5.17320 7.21956 0.49683
v -4.79589 6.45833 0.98148
v -4.79588 6.33131 -0.00004
v -5.17319 7.15525 -0.00005
v -5.17319 7.17148 0.25326
v -4.79589 6.36337 0.50033
v -4.79588 6.36337 -0.50042
v -5.17319 7.17149 -0.25335
v -5.17319 7.15525 -0.00005
v -4.79588 6.33131 -0.00004
v -4.79587 6.45833 -0.98157
v -5.17319 7.21956 -0.49693
v -5.17319 7.17149 -0.25335
v -4.79588 6.36337 -0.50042
v -4.79587 6.61253 -1.42499
v -5.17318 7.29762 -0.72140
v -5.17319 7.21956 -0.49693
v -4.79587 6.45833 -0.98157
v -4.79586 6.82006 -1.81366
v -5.17318 7.40267 -0.91816
v -5.17318 7.29762 -0.72140
v -4.79587 6.61253 -1.42499
v -4.79586 7.07293 -2.13263
v -5.17318 7.53068 -1.07963
v -5.17318 7.40267 -0.91816
v -4.79586 6.82006 -1.81366
v -4.79586 7.36142 -2.36965
v -5.17318 7.67673 -1.19962
v -5.17318 7.53068 -1.07963
v -4.79586 7.07293 -2.13263
v -4.79586 7.67446 -2.51560
v -5.17318 7.83520 -1.27350
v -5.17318 7.67673 -1.19962
v -4.79586 7.36142 -2.36965
v -4.79586 8.00000 -2.56488
v -5.17318 8.00000 -1.29845
v -5.17318 7.83520 -1.27350
v -4.79586 7.67446 -2.51560
v -5.17318 8.16480 -1.27350
v -5.30000 8.00000 -0.00005
v -5.17318 8.00000 -1.29845
v -5.17318 8.32327 -1.19962
v -5.30000 8.00000 -0.00005
v -5.17318 8.16480 -1.27350
v -5.17318 8.46932 -1.07963
v -5.30000 8.00000 -0.00005
v -5.17318 8.32327 -1.19962
v -5.17318 8.59733 -0.91816
v -5.30000 8.00000 -0.00005
v -5.17318 8.46932 -1.07963
v -5.17318 8.70238 -0.72140
v -5.30000 8.00000 -0.00005
v -5.17318 8.59733 -0.91816
v -5.17319 8.78044 -0.49693
v -5.30000 8.00000 -0.00005
v -5.17318 8.70238 -0.72140
v -5.17319 8.82851 -0.25335
v -5.30000 8.00000 -0.00005
v -5.17319 8.78044 -0.49693
v -5.17319 8.84475 -0.00005
v -5.30000 8.00000 -0.00005
v -5.17319 8.82851 -0.25335
v -5.17319 8.82851 0.25326
v -5.30000 8.00000 -0.00005
v -5.17319 8.84475 -0.00005
v -5.17320 8.78044 0.49683
v -5.30000 8.00000 -0.00005
v -5.17319 8.82851 0.25326
v -5.17320 8.70238 0.72131
v -5.30000 8.00000 -0.00005
v -5.17320 8.78044 0.49683
v -5.17320 8.59732 0.91806
v -5.30000 8.00000 -0.00005
v -5.17320 8.70238 0.72131
v -5.17320 8.46931 1.07954
v -5.30000 8.00000 -0.00005
v -5.17320 8.59732 0.91806
v -5.17320 8.32327 1.19952
v -5.30000 8.00000 -0.00005
v -5.17320 8.46931 1.07954
v -5.17320 8.16480 1.27341
v -5.30000 8.00000 -0.00005
v -5.17320 8.32327 1.19952
v -5.17320 8.00000 1.29836
v -5.30000 8.00000 -0.00005
v -5.17320 8.16480 1.27341
v -5.17320 7.83520 1.27341
v -5.30000 8.00000 -0.00005
v -5.17320 8.00000 1.29836
v -5.17320 7.67673 1.19952
v -5.30000 8.00000 -0.00005
v -5.17320 7.83520 1.27341
v -5.17320 7.53068 1.07954
v -5.30000 8.00000 -0.00005
v -5.17320 7.67673 1.19952
v -5.17320 7.40267 0.91806
v -5.30000 8.00000 -0.00005
v -5.17320 7.53068 1.07954
v -5.17320 7.29762 0.72131
v -5.30000 8.00000 -0.00005
v -5.17320 7.40267 0.91806
v -5.17320 7.21956 0.49683
v -5.30000 8.00000 -0.00005
v -5.17320 7.29762 0.72131
v -5.17319 7.17148 0.25326
v -5.30000 8.00000 -0.00005
v -5.17320 7.21956 0.49683
v -5.17319 7.15525 -0.00005
v -5.30000 8.00000 -0.00005
v -5.17319 7.17148 0.25326
v -5.17319 7.17149 -0.25335
v -5.30000 8.00000 -0.00005
v -5.17319 7.15525 -0.00005
v -5.17319 7.21956 -0.49693
v -5.30000 8.00000 -0.00005
v -5.17319 7.17149 -0.25335
v -5.17318 7.29762 -0.72140
v -5.30000 8.00000 -0.00005
v -5.17319 7.21956 -0.49693
v -5.17318 7.40267 -0.91816
v -5.30000 8.00000 -0.00005
v -5.17318 7.29762 -0.72140
v -5.17318 7.53068 -1.07963
v -5.30000 8.00000 -0.00005
v -5.17318 7.40267 -0.91816
v -5.17318 7.67673 -1.19962
v -5.30000 8.00000 -0.00005
v -5.17318 7.53068 -1.07963
v -5.17318 7.83520 -1.27350
v -5.30000 8.00000 -0.00005
v -5.17318 7.67673 -1.19962
v -5.17318 8.00000 -1.29845
v -5.30000 8.00000 -0.00005
v -5.17318 7.83520 -1.27350
v 2.60050 13.06697 1.78461
v 2.60050 13.00000 1.75129
v 2.64998 13.00000 2.00003
v 2.60050 13.11599 1.87566
v 2.60050 13.06697 1.78461
v 2.64998 13.00000 2.00003
v 2.60050 13.13394 2.00003
v 2.60050 13.11599 1.87566
v 2.64998 13.00000 2.00003
v 2.60050 13.11599 2.12441
v 2.60050 13.13394 2.00003
v 2.64998 13.00000 2.00003
v 2.60050 13.06697 2.21545
v 2.60050 13.11599 2.12441
v 2.64998 13.00000 2.00003
v 2.60050 13.00000 2.24878
v 2.60050 13.06697 2.21545
v 2.64998 13.00000 2.00003
v 2.60050 12.93303 2.21545
v 2.60050 13.00000 2.24878
v 2.64998 13.00000 2.00003
v 2.60050 12.88400 2.12441
v 2.60050 12.93303 2.21545
v 2.64998 13.00000 2.00003
v 2.60050 12.86606 2.00003
v 2.60050 12.88400 2.12441
v 2.64998 13.00000 2.00003
v 2.60050 12.88400 1.87566
v 2.60050 12.86606 2.00003
v 2.64998 13.00000 2.00003
v 2.60050 12.93303 1.78461
v 2.60050 12.88400 1.87566
v 2.64998 13.00000 2.00003
v 2.60050 13.00000 1.75129
v 2.60050 12.93303 1.78461
v 2.64998 13.00000 2.00003
v 2.60050 13.06697 1.78461
v 2.45960 13.12374 1.60199
v 2.45960 13.00000 1.54041
v 2.60050 13.00000 1.75129
v 2.60050 13.11599 1.87566
v 2.45960 13.21433 1.77022
v 2.45960 13.12374 1.60199
v 2.60050 13.06697 1.78461
v 2.60050 13.13394 2.00003
v 2.45960 13.24749 2.00003
v 2.45960 13.21433 1.77022
v 2.60050 13.11599 1.87566
v 2.60050 13.11599 2.12441
v 2.45960 13.21433 2.22984
v 2.45960 13.24749 2.00003
v 2.60050 13.13394 2.00003
v 2.60050 13.06697 2.21545
v 2.45959 13.12374 2.39807
v 2.45960 13.21433 2.22984
v 2.60050 13.11599 2.12441
v 2.60050 13.00000 2.24878
v 2.45959 13.00000 2.45965
v 2.45959 13.12374 2.39807
v 2.60050 13.06697 2.21545
v 2.60050 12.93303 2.21545
v 2.45959 12.87626 2.39807
v 2.45959 13.00000 2.45965
v 2.60050 13.00000 2.24878
v 2.60050 12.88400 2.12441
v 2.45960 12.78567 2.22984
v 2.45959 12.87626 2.39807
v 2.60050 12.93303 2.21545
v 2.60050 12.86606 2.00003
v 2.45960 12.75251 2.00003
v 2.45960 12.78567 2.22984
v 2.60050 12.88400 2.12441
v 2.60050 12.88400 1.87566
v 2.45960 12.78567 1.77022
v 2.45960 12.75251 2.00003
v 2.60050 12.86606 2.00003
v 2.60050 12.93303 1.78461
v 2.45960 12.87626 1.60199
v 2.45960 12.78567 1.77022
v 2.60050 12.88400 1.87566
v 2.60050 13.00000 1.75129
v 2.45960 13.00000 1.54041
v 2.45960 12.87626 1.60199
v 2.60050 12.93303 1.78461
v 2.45960 13.12374 1.60199
v 2.24873 13.16168 1.47996
v 2.24873 13.00000 1.39951
v 2.45960 13.00000 1.54041
v 2.45960 13.21433 1.77022
v 2.24873 13.28004 1.69977
v 2.24873 13.16168 1.47996
v 2.45960 13.12374 1.60199
v 2.45960 13.24749 2.00003
v 2.24872 13.32336 2.00003
v 2.24873 13.28004 1.69977
v 2.45960 13.21433 1.77022
v 2.45960 13.21433 2.22984
v 2.24872 13.28004 2.30029
v 2.24872 13.32336 2.00003
v 2.45960 13.24749 2.00003
v 2.45959 13.12374 2.39807
v 2.24872 13.16168 2.52010
v 2.24872 13.28004 2.30029
v 2.45960 13.21433 2.22984
v 2.45959 13.00000 2.45965
v 2.24872 13.00000 2.60055
v 2.24872 13.16168 2.52010
v 2.45959 13.12374 2.39807
v 2.45959 12.87626 2.39807
v 2.24872 12.83832 2.52010
v 2.24872 13.00000 2.60055
v 2.45959 13.00000 2.45965
v 2.45960 12.78567 2.22984
v 2.24872 12.71996 2.30029
v 2.24872 12.83832 2.52010
v 2.45959 12.87626 2.39807
v 2.45960 12.75251 2.00003
v 2.24872 12.67664 2.00003
v 2.24872 12.71996 2.30029
v 2.45960 12.78567 2.22984
v 2.45960 12.78567 1.77022
v 2.24873 12.71996 1.69977
v 2.24872 12.67664 2.00003
v 2.45960 12.75251 2.00003
v 2.45960 12.87626 1.60199
v 2.24873 12.83832 1.47996
v 2.24873 12.71996 1.69977
v 2.45960 12.78567 1.77022
v 2.45960 13.00000 1.54041
v 2.24873 13.00000 1.39951
v 2.24873 12.83832 1.47996
v 2.45960 12.87626 1.60199
v 2.24873 13.16168 1.47996
v 1.99998 13.17500 1.43711
v 1.99999 13.00000 1.35003
v 2.24873 13.00000 1.39951
v 2.24873 13.28004 1.69977
v 1.99998 13.30311 1.67503
v 1.99998 13.17500 1.43711
v 2.24873 13.16168 1.47996
v 2.24872 13.32336 2.00003
v 1.99998 13.35000 2.00003
v 1.99998 13.30311 1.67503
v 2.24873 13.28004 1.69977
v 2.24872 13.28004 2.30029
v 1.99998 13.30311 2.32503
v 1.99998 13.35000 2.00003
v 2.24872 13.32336 2.00003
v 2.24872 13.16168 2.52010
v 1.99997 13.17500 2.56294
v 1.99998 13.30311 2.32503
v 2.24872 13.28004 2.30029
v 2.24872 13.00000 2.60055
v 1.99997 13.00000 2.65003
v 1.99997 13.17500 2.56294
v 2.24872 13.16168 2.52010
v 2.24872 12.83832 2.52010
v 1.99997 12.82500 2.56294
v 1.99997 13.00000 2.65003
v 2.24872 13.00000 2.60055
v 2.24872 12.71996 2.30029
v 1.99998 12.69689 2.32503
v 1.99997 12.82500 2.56294
v 2.24872 12.83832 2.52010
v 2.24872 12.67664 2.00003
v 1.99998 12.65000 2.00003
v 1.99998 12.69689 2.32503
v 2.24872 12.71996 2.30029
v 2.24873 12.71996 1.69977
v 1.99998 12.69689 1.67503
v 1.99998 12.65000 2.00003
v 2.24872 12.67664 2.00003
v 2.24873 12.83832 1.47996
v 1.99998 12.82500 1.43711
v 1.99998 12.69689 1.67503
v 2.24873 12.71996 1.69977
v 2.24873 13.00000 1.39951
v 1.99999 13.00000 1.35003
v 1.99998 12.82500 1.43711
v 2.24873 12.83832 1.47996
v 1.99998 13.17500 1.43711
v 1.75124 13.16168 1.47996
v 1.75124 13.00000 1.39950
v 1.99999 13.00000 1.35003
v 1.99998 13.30311 1.67503
v 1.75124 13.28004 1.69976
v 1.75124 13.16168 1.47996
v 1.99998 13.17500 1.43711
v 1.99998 13.35000 2.00003
v 1.75123 13.32336 2.00003
v 1.75124 13.28004 1.69976
v 1.99998 13.30311 1.67503
v 1.99998 13.30311 2.32503
v 1.75123 13.28004 2.30029
v 1.75123 13.32336 2.00003
v 1.99998 13.35000 2.00003
v 1.99997 13.17500 2.56294
v 1.75123 13.16168 2.52009
v 1.75123 13.28004 2.30029
v 1.99998 13.30311 2.32503
v 1.99997 13.00000 2.65003
v 1.75123 13.00000 2.60055
v 1.75123 13.16168 2.52009
v 1.99997 13.17500 2.56294
v 1.99997 12.82500 2.56294
v 1.75123 12.83832 2.52009
v 1.75123 13.00000 2.60055
v 1.99997 13.00000 2.65003
v 1.99998 12.69689 2.32503
v 1.75123 12.71996 2.30029
v 1.75123 12.83832 2.52009
v 1.99997 12.82500 2.56294
v 1.99998 12.65000 2.00003
v 1.75123 12.67664 2.00002
v 1.75123 12.71996 2.30029
v 1.99998 12.69689 2.32503
v 1.99998 12.69689 1.67503
v 1.75124 12.71996 1.69976
v 1.75123 12.67664 2.00002
v 1.99998 12.65000 2.00003
v 1.99998 12.82500 1.43711
v 1.75124 12.83832 1.47996
v 1.75124 12.71996 1.69976
v 1.99998 12.69689 1.67503
v 1.99999 13.00000 1.35003
v 1.75124 13.00000 1.39950
v 1.75124 12.83832 1.47996
v 1.99998 12.82500 1.43711
v 1.75124 13.16168 1.47996
v 1.54036 13.12374 1.60198
v 1.54036 13.00000 1.54040
v 1.75124 13.00000 1.39950
v 1.75124 13.28004 1.69976
v 1.54036 13.21433 1.77021
v 1.54036 13.12374 1.60198
v 1.75124 13.16168 1.47996
v 1.75123 13.32336 2.00003
v 1.54036 13.24749 2.00002
v 1.54036 13.21433 1.77021
v 1.75124 13.28004 1.69976
v 1.75123 13.28004 2.30029
v 1.54036 13.21433 2.22983
v 1.54036 13.24749 2.00002
v 1.75123 13.32336 2.00003
v 1.75123 13.16168 2.52009
v 1.54036 13.12374 2.39807
v 1.54036 13.21433 2.22983
v 1.75123 13.28004 2.30029
v 1.75123 13.00000 2.60055
v 1.54035 13.00000 2.45964
v 1.54036 13.12374 2.39807
v 1.75123 13.16168 2.52009
v 1.75123 12.83832 2.52009
v 1.54036 12.87626 2.39806
v 1.54035 13.00000 2.45964
v 1.75123 13.00000 2.60055
v 1.75123 12.71996 2.30029
v 1.54036 12.78567 2.22983
v 1.54036 12.87626 2.39806
v 1.75123 12.83832 2.52009
v 1.75123 12.67664 2.00002
v 1.54036 12.75251 2.00002
v 1.54036 12.78567 2.22983
v 1.75123 12.71996 2.30029
v 1.75124 12.71996 1.69976
v 1.54036 12.78567 1.77021
v 1.54036 12.75251 2.00002
v 1.75123 12.67664 2.00002
v 1.75124 12.83832 1.47996
v 1.54036 12.87626 1.60198
v 1.54036 12.78567 1.77021
v 1.75124 12.71996 1.69976
v 1.75124 13.00000 1.39950
v 1.54036 13.00000 1.54040
v 1.54036 12.87626 1.60198
v 1.75124 12.83832 1.47996
v 1.54036 13.12374 1.60198
v 1.39946 13.06697 1.78460
v 1.39946 13.00000 1.75128
v 1.54036 13.00000 1.54040
v 1.54036 13.21433 1.77021
v 1.39946 13.11599 1.87565
v 1.39946 13.06697 1.78460
v 1.54036 13.12374 1.60198
v 1.54036 13.24749 2.00002
v 1.39946 13.13394 2.00002
v 1.39946 13.11599 1.87565
v 1.54036 13.21433 1.77021
v 1.54036 13.21433 2.22983
v 1.39946 13.11599 2.12439
v 1.39946 13.13394 2.00002
v 1.54036 13.24749 2.00002
v 1.54036 13.12374 2.39807
v 1.39945 13.06697 2.21544
v 1.39946 13.11599 2.12439
v 1.54036 13.21433 2.22983
v 1.54035 13.00000 2.45964
v 1.39945 13.00000 2.24877
v 1.39945 13.06697 2.21544
v 1.54036 13.12374 2.39807
v 1.54036 12.87626 2.39806
v 1.39945 12.93303 2.21544
v 1.39945 13.00000 2.24877
v 1.54035 13.00000 2.45964
v 1.54036 12.78567 2.22983
v 1.39946 12.88400 2.12439
v 1.39945 12.93303 2.21544
v 1.54036 12.87626 2.39806
v 1.54036 12.75251 2.00002
v 1.39946 12.86606 2.00002
v 1.39946 12.88400 2.12439
v 1.54036 12.78567 2.22983
v 1.54036 12.78567 1.77021
v 1.39946 12.88400 1.87565
v 1.39946 12.86606 2.00002
v 1.54036 12.75251 2.00002
v 1.54036 12.87626 1.60198
v 1.39946 12.93303 1.78460
v 1.39946 12.88400 1.87565
v 1.54036 12.78567 1.77021
v 1.54036 13.00000 1.54040
v 1.39946 13.00000 1.75128
v 1.39946 12.93303 1.78460
v 1.54036 12.87626 1.60198
v 1.39946 13.06697 1.78460
v 1.34998 13.00000 2.00002
v 1.39946 13.00000 1.75128
v 1.39946 13.11599 1.87565
v 1.34998 13.00000 2.00002
v 1.39946 13.06697 1.78460
v 1.39946 13.13394 2.00002
v 1.34998 13.00000 2.00002
v 1.39946 13.11599 1.87565
v 1.39946 13.11599 2.12439
v 1.34998 13.00000 2.00002
v 1.39946 13.13394 2.00002
v 1.39945 13.06697 2.21544
v 1.34998 13.00000 2.00002
v 1.39946 13.11599 2.12439
v 1.39945 13.00000 2.24877
v 1.34998 13.00000 2.00002
v 1.39945 13.06697 2.21544
v 1.39945 12.93303 2.21544
v 1.34998 13.00000 2.00002
v 1.39945 13.00000 2.24877
v 1.39946 12.88400 2.12439
v 1.34998 13.00000 2.00002
v 1.39945 12.93303 2.21544
v 1.39946 12.86606 2.00002
v 1.34998 13.00000 2.00002
v 1.39946 12.88400 2.12439
v 1.39946 12.88400 1.87565
v 1.34998 13.00000 2.00002
v 1.39946 12.86606 2.00002
v 1.39946 12.93303 1.78460
v 1.34998 13.00000 2.00002
v 1.39946 12.88400 1.87565
v 1.39946 13.00000 1.75128
v 1.34998 13.00000 2.00002
v 1.39946 12.93303 1.78460
v 4.70055 13.06697 -2.66536
v 4.70055 13.00000 -2.69869
v 4.75002 13.00000 -2.44994
v 4.70055 13.11600 -2.57432
v 4.70055 13.06697 -2.66536
v 4.75002 13.00000 -2.44994
v 4.70054 13.13394 -2.44995
v 4.70055 13.11600 -2.57432
v 4.75002 13.00000 -2.44994
v 4.70054 13.11600 -2.32557
v 4.70054 13.13394 -2.44995
v 4.75002 13.00000 -2.44994
v 4.70054 13.06697 -2.23453
v 4.70054 13.11600 -2.32557
v 4.75002 13.00000 -2.44994
v 4.70054 13.00000 -2.20120
v 4.70054 13.06697 -2.23453
v 4.75002 13.00000 -2.44994
v 4.70054 12.93303 -2.23453
v 4.70054 13.00000 -2.20120
v 4.75002 13.00000 -2.44994
v 4.70054 12.88401 -2.32557
v 4.70054 12.93303 -2.23453
v 4.75002 13.00000 -2.44994
v 4.70054 12.86606 -2.44995
v 4.70054 12.88401 -2.32557
v 4.75002 13.00000 -2.44994
v 4.70055 12.88401 -2.57432
v 4.70054 12.86606 -2.44995
v 4.75002 13.00000 -2.44994
v 4.70055 12.93303 -2.66536
v 4.70055 12.88401 -2.57432
v 4.75002 13.00000 -2.44994
v 4.70055 13.00000 -2.69869
v 4.70055 12.93303 -2.66536
v 4.75002 13.00000 -2.44994
v 4.70055 13.06697 -2.66536
v 4.55965 13.12375 -2.84799
v 4.55965 13.00000 -2.90957
v 4.70055 13.00000 -2.69869
v 4.70055 13.11600 -2.57432
v 4.55964 13.21433 -2.67976
v 4.55965 13.12375 -2.84799
v 4.70055 13.06697 -2.66536
v 4.70054 13.13394 -2.44995
v 4.55964 13.24749 -2.44995
v 4.55964 13.21433 -2.67976
v 4.70055 13.11600 -2.57432
v 4.70054 13.11600 -2.32557
v 4.55964 13.21433 -2.22014
v 4.55964 13.24749 -2.44995
v 4.70054 13.13394 -2.44995
v 4.70054 13.06697 -2.23453
v 4.55964 13.12374 -2.05190
v 4.55964 13.21433 -2.22014
v 4.70054 13.11600 -2.32557
v 4.70054 13.00000 -2.20120
v 4.55964 13.00000 -1.99033
v 4.55964 13.12374 -2.05190
v 4.70054 13.06697 -2.23453
v 4.70054 12.93303 -2.23453
v 4.55964 12.87626 -2.05190
v 4.55964 13.00000 -1.99033
v 4.70054 13.00000 -2.20120
v 4.70054 12.88401 -2.32557
v 4.55964 12.78567 -2.22014
v 4.55964 12.87626 -2.05190
v 4.70054 12.93303 -2.23453
v 4.70054 12.86606 -2.44995
v 4.55964 12.75251 -2.44995
v 4.55964 12.78567 -2.22014
v 4.70054 12.88401 -2.32557
v 4.70055 12.88401 -2.57432
v 4.55964 12.78567 -2.67976
v 4.55964 12.75251 -2.44995
v 4.70054 12.86606 -2.44995
v 4.70055 12.93303 -2.66536
v 4.55965 12.87626 -2.84799
v 4.55964 12.78567 -2.67976
v 4.70055 12.88401 -2.57432
v 4.70055 13.00000 -2.69869
v 4.55965 13.00000 -2.90957
v 4.55965 12.87626 -2.84799
v 4.70055 12.93303 -2.66536
v 4.55965 13.12375 -2.84799
v 4.34877 13.16168 -2.97002
v 4.34877 13.00000 -3.05047
v 4.55965 13.00000 -2.90957
v 4.55964 13.21433 -2.67976
v 4.34877 13.28004 -2.75021
v 4.34877 13.16168 -2.97002
v 4.55965 13.12375 -2.84799
v 4.55964 13.24749 -2.44995
v 4.34877 13.32336 -2.44995
v 4.34877 13.28004 -2.75021
v 4.55964 13.21433 -2.67976
v 4.55964 13.21433 -2.22014
v 4.34876 13.28004 -2.14969
v 4.34877 13.32336 -2.44995
v 4.55964 13.24749 -2.44995
v 4.55964 13.12374 -2.05190
v 4.34876 13.16168 -1.92988
v 4.34876 13.28004 -2.14969
v 4.55964 13.21433 -2.22014
v 4.55964 13.00000 -1.99033
v 4.34876 13.00000 -1.84943
v 4.34876 13.16168 -1.92988
v 4.55964 13.12374 -2.05190
v 4.55964 12.87626 -2.05190
v 4.34876 12.83832 -1.92988
v 4.34876 13.00000 -1.84943
v 4.55964 13.00000 -1.99033
v 4.55964 12.78567 -2.22014
v 4.34876 12.71997 -2.14969
v 4.34876 12.83832 -1.92988
v 4.55964 12.87626 -2.05190
v 4.55964 12.75251 -2.44995
v 4.34877 12.67664 -2.44995
v 4.34876 12.71997 -2.14969
v 4.55964 12.78567 -2.22014
v 4.55964 12.78567 -2.67976
v 4.34877 12.71997 -2.75021
v 4.34877 12.67664 -2.44995
v 4.55964 12.75251 -2.44995
v 4.55965 12.87626 -2.84799
v 4.34877 12.83832 -2.97002
v 4.34877 12.71997 -2.75021
v 4.55964 12.78567 -2.67976
v 4.55965 13.00000 -2.90957
v 4.34877 13.00000 -3.05047
v 4.34877 12.83832 -2.97002
v 4.55965 12.87626 -2.84799
v 4.34877 13.16168 -2.97002
v 4.10003 13.17500 -3.01287
v 4.10003 13.00000 -3.09995
v 4.34877 13.00000 -3.05047
v 4.34877 13.28004 -2.75021
v 4.10003 13.30311 -2.77495
v 4.10003 13.17500 -3.01287
v 4.34877 13.16168 -2.97002
v 4.34877 13.32336 -2.44995
v 4.10002 13.35000 -2.44995
v 4.10003 13.30311 -2.77495
v 4.34877 13.28004 -2.75021
v 4.34876 13.28004 -2.14969
v 4.10002 13.30311 -2.12495
v 4.10002 13.35000 -2.44995
v 4.34877 13.32336 -2.44995
v 4.34876 13.16168 -1.92988
v 4.10002 13.17500 -1.88703
v 4.10002 13.30311 -2.12495
v 4.34876 13.28004 -2.14969
v 4.34876 13.00000 -1.84943
v 4.10002 13.00000 -1.79995
v 4.10002 13.17500 -1.88703
v 4.34876 13.16168 -1.92988
v 4.34876 12.83832 -1.92988
v 4.10002 12.82500 -1.88704
v 4.10002 13.00000 -1.79995
v 4.34876 13.00000 -1.84943
v 4.34876 12.71997 -2.14969
v 4.10002 12.69689 -2.12495
v 4.10002 12.82500 -1.88704
v 4.34876 12.83832 -1.92988
v 4.34877 12.67664 -2.44995
v 4.10002 12.65000 -2.44995
v 4.10002 12.69689 -2.12495
v 4.34876 12.71997 -2.14969
v 4.34877 12.71997 -2.75021
v 4.10003 12.69689 -2.77495
v 4.10002 12.65000 -2.44995
v 4.34877 12.67664 -2.44995
v 4.34877 12.83832 -2.97002
v 4.10003 12.82500 -3.01287
v 4.10003 12.69689 -2.77495
v 4.34877 12.71997 -2.75021
v 4.34877 13.00000 -3.05047
v 4.10003 13.00000 -3.09995
v 4.10003 12.82500 -3.01287
v 4.34877 12.83832 -2.97002
v 4.10003 13.17500 -3.01287
v 3.85128 13.16168 -2.97002
v 3.85128 13.00000 -3.05048
v 4.10003 13.00000 -3.09995
v 4.10003 13.30311 -2.77495
v 3.85128 13.28004 -2.75021
v 3.85128 13.16168 -2.97002
v 4.10003 13.17500 -3.01287
v 4.10002 13.35000 -2.44995
v 3.85128 13.32336 -2.44995
v 3.85128 13.28004 -2.75021
v 4.10003 13.30311 -2.77495
v 4.10002 13.30311 -2.12495
v 3.85128 13.28004 -2.14969
v 3.85128 13.32336 -2.44995
v 4.10002 13.35000 -2.44995
v 4.10002 13.17500 -1.88703
v 3.85127 13.16168 -1.92989
v 3.85128 13.28004 -2.14969
v 4.10002 13.30311 -2.12495
v 4.10002 13.00000 -1.79995
v 3.85127 13.00000 -1.84943
v 3.85127 13.16168 -1.92989
v 4.10002 13.17500 -1.88703
v 4.10002 12.82500 -1.88704
v 3.85127 12.83832 -1.92989
v 3.85127 13.00000 -1.84943
v 4.10002 13.00000 -1.79995
v 4.10002 12.69689 -2.12495
v 3.85128 12.71997 -2.14969
v 3.85127 12.83832 -1.92989
v 4.10002 12.82500 -1.88704
v 4.10002 12.65000 -2.44995
v 3.85128 12.67664 -2.44995
v 3.85128 12.71997 -2.14969
v 4.10002 12.69689 -2.12495
v 4.10003 12.69689 -2.77495
v 3.85128 12.71997 -2.75022
v 3.85128 12.67664 -2.44995
v 4.10002 12.65000 -2.44995
v 4.10003 12.82500 -3.01287
v 3.85128 12.83832 -2.97002
v 3.85128 12.71997 -2.75022
v 4.10003 12.69689 -2.77495
v 4.10003 13.00000 -3.09995
v 3.85128 13.00000 -3.05048
v 3.85128 12.83832 -2.97002
v 4.10003 12.82500 -3.01287
v 3.85128 13.16168 -2.97002
v 3.64041 13.12375 -2.84800
v 3.64041 13.00000 -2.90958
v 3.85128 13.00000 -3.05048
v 3.85128 13.28004 -2.75021
v 3.64041 13.21433 -2.67977
v 3.64041 13.12375 -2.84800
v 3.85128 13.16168 -2.97002
v 3.85128 13.32336 -2.44995
v 3.64040 13.24749 -2.44996
v 3.64041 13.21433 -2.67977
v 3.85128 13.28004 -2.75021
v 3.85128 13.28004 -2.14969
v 3.64040 13.21433 -2.22015
v 3.64040 13.24749 -2.44996
v 3.85128 13.32336 -2.44995
v 3.85127 13.16168 -1.92989
v 3.64040 13.12374 -2.05191
v 3.64040 13.21433 -2.22015
v 3.85128 13.28004 -2.14969
v 3.85127 13.00000 -1.84943
v 3.64040 13.00000 -1.99034
v 3.64040 13.12374 -2.05191
v 3.85127 13.16168 -1.92989
v 3.85127 12.83832 -1.92989
v 3.64040 12.87626 -2.05191
v 3.64040 13.00000 -1.99034
v 3.85127 13.00000 -1.84943
v 3.85128 12.71997 -2.14969
v 3.64040 12.78567 -2.22015
v 3.64040 12.87626 -2.05191
v 3.85127 12.83832 -1.92989
v 3.85128 12.67664 -2.44995
v 3.64040 12.75251 -2.44996
v 3.64040 12.78567 -2.22015
v 3.85128 12.71997 -2.14969
v 3.85128 12.71997 -2.75022
v 3.64041 12.78567 -2.67977
v 3.64040 12.75251 -2.44996
v 3.85128 12.67664 -2.44995
v 3.85128 12.83832 -2.97002
v 3.64041 12.87626 -2.84800
v 3.64041 12.78567 -2.67977
v 3.85128 12.71997 -2.75022
v 3.85128 13.00000 -3.05048
v 3.64041 13.00000 -2.90958
v 3.64041 12.87626 -2.84800
v 3.85128 12.83832 -2.97002
v 3.64041 13.12375 -2.84800
v 3.49950 13.06697 -2.66538
v 3.49950 13.00000 -2.69870
v 3.64041 13.00000 -2.90958
v 3.64041 13.21433 -2.67977
v 3.49950 13.11600 -2.57433
v 3.49950 13.06697 -2.66538
v 3.64041 13.12375 -2.84800
v 3.64040 13.24749 -2.44996
v 3.49950 13.13394 -2.44996
v 3.49950 13.11600 -2.57433
v 3.64041 13.21433 -2.67977
v 3.64040 13.21433 -2.22015
v 3.49950 13.11600 -2.32559
v 3.49950 13.13394 -2.44996
v 3.64040 13.24749 -2.44996
v 3.64040 13.12374 -2.05191
v 3.49950 13.06697 -2.23454
v 3.49950 13.11600 -2.32559
v 3.64040 13.21433 -2.22015
v 3.64040 13.00000 -1.99034
v 3.49950 13.00000 -2.20121
v 3.49950 13.06697 -2.23454
v 3.64040 13.12374 -2.05191
v 3.64040 12.87626 -2.05191
v 3.49950 12.93303 -2.23454
v 3.49950 13.00000 -2.20121
v 3.64040 13.00000 -1.99034
v 3.64040 12.78567 -2.22015
v 3.49950 12.88401 -2.32559
v 3.49950 12.93303 -2.23454
v 3.64040 12.87626 -2.05191
v 3.64040 12.75251 -2.44996
v 3.49950 12.86606 -2.44996
v 3.49950 12.88401 -2.32559
v 3.64040 12.78567 -2.22015
v 3.64041 12.78567 -2.67977
v 3.49950 12.88401 -2.57433
v 3.49950 12.86606 -2.44996
v 3.64040 12.75251 -2.44996
v 3.64041 12.87626 -2.84800
v 3.49950 12.93303 -2.66538
v 3.49950 12.88401 -2.57433
v 3.64041 12.78567 -2.67977
v 3.64041 13.00000 -2.90958
v 3.49950 13.00000 -2.69870
v 3.49950 12.93303 -2.66538
v 3.64041 12.87626 -2.84800
v 3.49950 13.06697 -2.66538
v 3.45002 13.00000 -2.44996
v 3.49950 13.00000 -2.69870
v 3.49950 13.11600 -2.57433
v 3.45002 13.00000 -2.44996
v 3.49950 13.06697 -2.66538
v 3.49950 13.13394 -2.44996
v 3.45002 13.00000 -2.44996
v 3.49950 13.11600 -2.57433
v 3.49950 13.11600 -2.32559
v 3.45002 13.00000 -2.44996
v 3.49950 13.13394 -2.44996
v 3.49950 13.06697 -2.23454
v 3.45002 13.00000 -2.44996
v 3.49950 13.11600 -2.32559
v 3.49950 13.00000 -2.20121
v 3.45002 13.00000 -2.44996
v 3.49950 13.06697 -2.23454
v 3.49950 12.93303 -2.23454
v 3.45002 13.00000 -2.44996
v 3.49950 13.00000 -2.20121
v 3.49950 12.88401 -2.32559
v 3.45002 13.00000 -2.44996
v 3.49950 12.93303 -2.23454
v 3.49950 12.86606 -2.44996
v 3.45002 13.00000 -2.44996
v 3.49950 12.88401 -2.32559
v 3.49950 12.88401 -2.57433
v 3.45002 13.00000 -2.44996
v 3.49950 12.86606 -2.44996
v 3.49950 12.93303 -2.66538
v 3.45002 13.00000 -2.44996
v 3.49950 12.88401 -2.57433
v 3.49950 13.00000 -2.69870
v 3.45002 13.00000 -2.44996
v 3.49950 12.93303 -2.66538
v 6.80049 13.06697 2.68466
v 6.80049 13.00000 2.65133
v 6.84997 13.00000 2.90008
v 6.80049 13.11599 2.77570
v 6.80049 13.06697 2.68466
v 6.84997 13.00000 2.90008
v 6.80049 13.13394 2.90008
v 6.80049 13.11599 2.77570
v 6.84997 13.00000 2.90008
v 6.80049 13.11599 3.02445
v 6.80049 13.13394 2.90008
v 6.84997 13.00000 2.90008
v 6.80049 13.06697 3.11549
v 6.80049 13.11599 3.02445
v 6.84997 13.00000 2.90008
v 6.80049 13.00000 3.14882
v 6.80049 13.06697 3.11549
v 6.84997 13.00000 2.90008
v 6.80049 12.93303 3.11549
v 6.80049 13.00000 3.14882
v 6.84997 13.00000 2.90008
v 6.80049 12.88400 3.02445
v 6.80049 12.93303 3.11549
v 6.84997 13.00000 2.90008
v 6.80049 12.86606 2.90008
v 6.80049 12.88400 3.02445
v 6.84997 13.00000 2.90008
v 6.80049 12.88400 2.77570
v 6.80049 12.86606 2.90008
v 6.84997 13.00000 2.90008
v 6.80049 12.93303 2.68466
v 6.80049 12.88400 2.77570
v 6.84997 13.00000 2.90008
v 6.80049 13.00000 2.65133
v 6.80049 12.93303 2.68466
v 6.84997 13.00000 2.90008
v 6.80049 13.06697 2.68466
v 6.65959 13.12374 2.50203
v 6.65959 13.00000 2.44045
v 6.80049 13.00000 2.65133
v 6.80049 13.11599 2.77570
v 6.65959 13.21433 2.67026
v 6.65959 13.12374 2.50203
v 6.80049 13.06697 2.68466
v 6.80049 13.13394 2.90008
v 6.65959 13.24749 2.90007
v 6.65959 13.21433 2.67026
v 6.80049 13.11599 2.77570
v 6.80049 13.11599 3.02445
v 6.65959 13.21433 3.12988
v 6.65959 13.24749 2.90007
v 6.80049 13.13394 2.90008
v 6.80049 13.06697 3.11549
v 6.65958 13.12374 3.29812
v 6.65959 13.21433 3.12988
v 6.80049 13.11599 3.02445
v 6.80049 13.00000 3.14882
v 6.65958 13.00000 3.35969
v 6.65958 13.12374 3.29812
v 6.80049 13.06697 3.11549
v 6.80049 12.93303 3.11549
v 6.65958 12.87626 3.29812
v 6.65958 13.00000 3.35969
v 6.80049 13.00000 3.14882
v 6.80049 12.88400 3.02445
v 6.65959 12.78567 3.12988
v 6.65958 12.87626 3.29812
v 6.80049 12.93303 3.11549
v 6.80049 12.86606 2.90008
v 6.65959 12.75251 2.90007
v 6.65959 12.78567 3.12988
v 6.80049 12.88400 3.02445
v 6.80049 12.88400 2.77570
v 6.65959 12.78567 2.67026
v 6.65959 12.75251 2.90007
v 6.80049 12.86606 2.90008
v 6.80049 12.93303 2.68466
v 6.65959 12.87626 2.50203
v 6.65959 12.78567 2.67026
v 6.80049 12.88400 2.77570
v 6.80049 13.00000 2.65133
v 6.65959 13.00000 2.44045
v 6.65959 12.87626 2.50203
v 6.80049 12.93303 2.68466
v 6.65959 13.12374 2.50203
v 6.44872 13.16168 2.38000
v 6.44872 13.00000 2.29955
v 6.65959 13.00000 2.44045
v 6.65959 13.21433 2.67026
v 6.44872 13.28004 2.59981
v 6.44872 13.16168 2.38000
v 6.65959 13.12374 2.50203
v 6.65959 13.24749 2.90007
v 6.44871 13.32336 2.90007
v 6.44872 13.28004 2.59981
v 6.65959 13.21433 2.67026
v 6.65959 13.21433 3.12988
v 6.44871 13.28004 3.20033
v 6.44871 13.32336 2.90007
v 6.65959 13.24749 2.90007
v 6.65958 13.12374 3.29812
v 6.44871 13.16168 3.42014
v 6.44871 13.28004 3.20033
v 6.65959 13.21433 3.12988
v 6.65958 13.00000 3.35969
v 6.44871 13.00000 3.50059
v 6.44871 13.16168 3.42014
v 6.65958 13.12374 3.29812
v 6.65958 12.87626 3.29812
v 6.44871 12.83832 3.42014
v 6.44871 13.00000 3.50059
v 6.65958 13.00000 3.35969
v 6.65959 12.78567 3.12988
v 6.44871 12.71996 3.20033
v 6.44871 12.83832 3.42014
v 6.65958 12.87626 3.29812
v 6.65959 12.75251 2.90007
v 6.44871 12.67664 2.90007
v 6.44871 12.71996 3.20033
v 6.65959 12.78567 3.12988
v 6.65959 12.78567 2.67026
v 6.44872 12.71996 2.59981
v 6.44871 12.67664 2.90007
v 6.65959 12.75251 2.90007
v 6.65959 12.87626 2.50203
v 6.44872 12.83832 2.38000
v 6.44872 12.71996 2.59981
v 6.65959 12.78567 2.67026
v 6.65959 13.00000 2.44045
v 6.44872 13.00000 2.29955
v 6.44872 12.83832 2.38000
v 6.65959 12.87626 2.50203
v 6.44872 13.16168 2.38000
v 6.19998 13.17500 2.33715
v 6.19998 13.00000 2.25007
v 6.44872 13.00000 2.29955
v 6.44872 13.28004 2.59981
v 6.19997 13.30311 2.57507
v 6.19998 13.17500 2.33715
v 6.44872 13.16168 2.38000
v 6.44871 13.32336 2.90007
v 6.19997 13.35000 2.90007
v 6.19997 13.30311 2.57507
v 6.44872 13.28004 2.59981
v 6.44871 13.28004 3.20033
v 6.19997 13.30311 3.22507
v 6.19997 13.35000 2.90007
v 6.44871 13.32336 2.90007
v 6.44871 13.16168 3.42014
v 6.19996 13.17500 3.46299
v 6.19997 13.30311 3.22507
v 6.44871 13.28004 3.20033
v 6.44871 13.00000 3.50059
v 6.19996 13.00000 3.55007
v 6.19996 13.17500 3.46299
v 6.44871 13.16168 3.42014
v 6.44871 12.83832 3.42014
v 6.19996 12.82500 3.46299
v 6.19996 13.00000 3.55007
v 6.44871 13.00000 3.50059
v 6.44871 12.71996 3.20033
v 6.19997 12.69689 3.22507
v 6.19996 12.82500 3.46299
v 6.44871 12.83832 3.42014
v 6.44871 12.67664 2.90007
v 6.19997 12.65000 2.90007
v 6.19997 12.69689 3.22507
v 6.44871 12.71996 3.20033
v 6.44872 12.71996 2.59981
v 6.19997 12.69689 2.57507
v 6.19997 12.65000 2.90007
v 6.44871 12.67664 2.90007
v 6.44872 12.83832 2.38000
v 6.19998 12.82500 2.33715
v 6.19997 12.69689 2.57507
v 6.44872 12.71996 2.59981
v 6.44872 13.00000 2.29955
v 6.19998 13.00000 2.25007
v 6.19998 12.82500 2.33715
v 6.44872 12.83832 2.38000
v 6.19998 13.17500 2.33715
v 5.95123 13.16168 2.38000
v 5.95123 13.00000 2.29955
v 6.19998 13.00000 2.25007
v 6.19997 13.30311 2.57507
v 5.95123 13.28004 2.59981
v 5.95123 13.16168 2.38000
v 6.19998 13.17500 2.33715
v 6.19997 13.35000 2.90007
v 5.95123 13.32336 2.90007
v 5.95123 13.28004 2.59981
v 6.19997 13.30311 2.57507
v 6.19997 13.30311 3.22507
v 5.95122 13.28004 3.20033
v 5.95123 13.32336 2.90007
v 6.19997 13.35000 2.90007
v 6.19996 13.17500 3.46299
v 5.95122 13.16168 3.42013
v 5.95122 13.28004 3.20033
v 6.19997 13.30311 3.22507
v 6.19996 13.00000 3.55007
v 5.95122 13.00000 3.50059
v 5.95122 13.16168 3.42013
v 6.19996 13.17500 3.46299
v 6.19996 12.82500 3.46299
v 5.95122 12.83832 3.42013
v 5.95122 13.00000 3.50059
v 6.19996 13.00000 3.55007
v 6.19997 12.69689 3.22507
v 5.95122 12.71996 3.20033
v 5.95122 12.83832 3.42013
v 6.19996 12.82500 3.46299
v 6.19997 12.65000 2.90007
v 5.95123 12.67664 2.90007
v 5.95122 12.71996 3.20033
v 6.19997 12.69689 3.22507
v 6.19997 12.69689 2.57507
v 5.95123 12.71996 2.59981
v 5.95123 12.67664 2.90007
v 6.19997 12.65000 2.90007
v 6.19998 12.82500 2.33715
v 5.95123 12.83832 2.38000
v 5.95123 12.71996 2.59981
v 6.19997 12.69689 2.57507
v 6.19998 13.00000 2.25007
v 5.95123 13.00000 2.29955
v 5.95123 12.83832 2.38000
v 6.19998 12.82500 2.33715
v 5.95123 13.16168 2.38000
v 5.74035 13.12374 2.50202
v 5.74036 13.00000 2.44045
v 5.95123 13.00000 2.29955
v 5.95123 13.28004 2.59981
v 5.74035 13.21433 2.67026
v 5.74035 13.12374 2.50202
v 5.95123 13.16168 2.38000
v 5.95123 13.32336 2.90007
v 5.74035 13.24749 2.90006
v 5.74035 13.21433 2.67026
v 5.95123 13.28004 2.59981
v 5.95122 13.28004 3.20033
v 5.74035 13.21433 3.12987
v 5.74035 13.24749 2.90006
v 5.95123 13.32336 2.90007
v 5.95122 13.16168 3.42013
v 5.74035 13.12374 3.29811
v 5.74035 13.21433 3.12987
v 5.95122 13.28004 3.20033
v 5.95122 13.00000 3.50059
v 5.74035 13.00000 3.35968
v 5.74035 13.12374 3.29811
v 5.95122 13.16168 3.42013
v 5.95122 12.83832 3.42013
v 5.74035 12.87626 3.29811
v 5.74035 13.00000 3.35968
v 5.95122 13.00000 3.50059
v 5.95122 12.71996 3.20033
v 5.74035 12.78567 3.12987
v 5.74035 12.87626 3.29811
v 5.95122 12.83832 3.42013
v 5.95123 12.67664 2.90007
v 5.74035 12.75251 2.90006
v 5.74035 12.78567 3.12987
v 5.95122 12.71996 3.20033
v 5.95123 12.71996 2.59981
v 5.74035 12.78567 2.67025
v 5.74035 12.75251 2.90006
v 5.95123 12.67664 2.90007
v 5.95123 12.83832 2.38000
v 5.74035 12.87626 2.50202
v 5.74035 12.78567 2.67025
v 5.95123 12.71996 2.59981
v 5.95123 13.00000 2.29955
v 5.74036 13.00000 2.44045
v 5.74035 12.87626 2.50202
v 5.95123 12.83832 2.38000
v 5.74035 13.12374 2.50202
v 5.59945 13.06697 2.68464
v 5.59945 13.00000 2.65132
v 5.74036 13.00000 2.44045
v 5.74035 13.21433 2.67026
v 5.59945 13.11599 2.77569
v 5.59945 13.06697 2.68464
v 5.74035 13.12374 2.50202
v 5.74035 13.24749 2.90006
v 5.59945 13.13394 2.90006
v 5.59945 13.11599 2.77569
v 5.74035 13.21433 2.67026
v 5.74035 13.21433 3.12987
v 5.59945 13.11599 3.02444
v 5.59945 13.13394 2.90006
v 5.74035 13.24749 2.90006
v 5.74035 13.12374 3.29811
v 5.59945 13.06697 3.11548
v 5.59945 13.11599 3.02444
v 5.74035 13.21433 3.12987
v 5.74035 13.00000 3.35968
v 5.59945 13.00000 3.14881
v 5.59945 13.06697 3.11548
v 5.74035 13.12374 3.29811
v 5.74035 12.87626 3.29811
v 5.59945 12.93303 3.11548
v 5.59945 13.00000 3.14881
v 5.74035 13.00000 3.35968
v 5.74035 12.78567 3.12987
v 5.59945 12.88400 3.02444
v 5.59945 12.93303 3.11548
v 5.74035 12.87626 3.29811
v 5.74035 12.75251 2.90006
v 5.59945 12.86606 2.90006
v 5.59945 12.88400 3.02444
v 5.74035 12.78567 3.12987
v 5.74035 12.78567 2.67025
v 5.59945 12.88400 2.77569
v 5.59945 12.86606 2.90006
v 5.74035 12.75251 2.90006
v 5.74035 12.87626 2.50202
v 5.59945 12.93303 2.68464
v 5.59945 12.88400 2.77569
v 5.74035 12.78567 2.67025
v 5.74036 13.00000 2.44045
v 5.59945 13.00000 2.65132
v 5.59945 12.93303 2.68464
v 5.74035 12.87626 2.50202
v 5.59945 13.06697 2.68464
v 5.54997 13.00000 2.90006
v 5.59945 13.00000 2.65132
v 5.59945 13.11599 2.77569
v 5.54997 13.00000 2.90006
v 5.59945 13.06697 2.68464
v 5.59945 13.13394 2.90006
v 5.54997 13.00000 2.90006
v 5.59945 13.11599 2.77569
v 5.59945 13.11599 3.02444
v 5.54997 13.00000 2.90006
v 5.59945 13.13394 2.90006
v 5.59945 13.06697 3.11548
v 5.54997 13.00000 2.90006
v 5.59945 13.11599 3.02444
v 5.59945 13.00000 3.14881
v 5.54997 13.00000 2.90006
v 5.59945 13.06697 3.11548
v 5.59945 12.93303 3.11548
v 5.54997 13.00000 2.90006
v 5.59945 13.00000 3.14881
v 5.59945 12.88400 3.02444
v 5.54997 13.00000 2.90006
v 5.59945 12.93303 3.11548
v 5.59945 12.86606 2.90006
v 5.54997 13.00000 2.90006
v 5.59945 12.88400 3.02444
v 5.59945 12.88400 2.77569
v 5.54997 13.00000 2.90006
v 5.59945 12.86606 2.90006
v 5.59945 12.93303 2.68464
v 5.54997 13.00000 2.90006
v 5.59945 12.88400 2.77569
v 5.59945 13.00000 2.65132
v 5.54997 13.00000 2.90006
v 5.59945 12.93303 2.68464
v 8.90056 13.06697 -3.56532
v 8.90056 13.00000 -3.59865
v 8.95003 13.00000 -3.34990
v 8.90055 13.11600 -3.47428
v 8.90056 13.06697 -3.56532
v 8.95003 13.00000 -3.34990
v 8.90055 13.13394 -3.34990
v 8.90055 13.11600 -3.47428
v 8.95003 13.00000 -3.34990
v 8.90055 13.11600 -3.22553
v 8.90055 13.13394 -3.34990
v 8.95003 13.00000 -3.34990
v 8.90055 13.06697 -3.13448
v 8.90055 13.11600 -3.22553
v 8.95003 13.00000 -3.34990
v 8.90055 13.00000 -3.10116
v 8.90055 13.06697 -3.13448
v 8.95003 13.00000 -3.34990
v 8.90055 12.93303 -3.13448
v 8.90055 13.00000 -3.10116
v 8.95003 13.00000 -3.34990
v 8.90055 12.88401 -3.22553
v 8.90055 12.93303 -3.13448
v 8.95003 13.00000 -3.34990
v 8.90055 12.86606 -3.34990
v 8.90055 12.88401 -3.22553
v 8.95003 13.00000 -3.34990
v 8.90055 12.88401 -3.47428
v 8.90055 12.86606 -3.34990
v 8.95003 13.00000 -3.34990
v 8.90056 12.93303 -3.56532
v 8.90055 12.88401 -3.47428
v 8.95003 13.00000 -3.34990
v 8.90056 13.00000 -3.59865
v 8.90056 12.93303 -3.56532
v 8.95003 13.00000 -3.34990
v 8.90056 13.06697 -3.56532
v 8.75966 13.12375 -3.74795
v 8.75966 13.00000 -3.80952
v 8.90056 13.00000 -3.59865
v 8.90055 13.11600 -3.47428
v 8.75965 13.21433 -3.57971
v 8.75966 13.12375 -3.74795
v 8.90056 13.06697 -3.56532
v 8.90055 13.13394 -3.34990
v 8.75965 13.24749 -3.34990
v 8.75965 13.21433 -3.57971
v 8.90055 13.11600 -3.47428
v 8.90055 13.11600 -3.22553
v 8.75965 13.21433 -3.12010
v 8.75965 13.24749 -3.34990
v 8.90055 13.13394 -3.34990
v 8.90055 13.06697 -3.13448
v 8.75965 13.12375 -2.95186
v 8.75965 13.21433 -3.12010
v 8.90055 13.11600 -3.22553
v 8.90055 13.00000 -3.10116
v 8.75965 13.00000 -2.89029
v 8.75965 13.12375 -2.95186
v 8.90055 13.06697 -3.13448
v 8.90055 12.93303 -3.13448
v 8.75965 12.87626 -2.95186
v 8.75965 13.00000 -2.89029
v 8.90055 13.00000 -3.10116
v 8.90055 12.88401 -3.22553
v 8.75965 12.78567 -3.12010
v 8.75965 12.87626 -2.95186
v 8.90055 12.93303 -3.13448
v 8.90055 12.86606 -3.34990
v 8.75965 12.75252 -3.34991
v 8.75965 12.78567 -3.12010
v 8.90055 12.88401 -3.22553
v 8.90055 12.88401 -3.47428
v 8.75965 12.78567 -3.57972
v 8.75965 12.75252 -3.34991
v 8.90055 12.86606 -3.34990
v 8.90056 12.93303 -3.56532
v 8.75966 12.87626 -3.74795
v 8.75965 12.78567 -3.57972
v 8.90055 12.88401 -3.47428
v 8.90056 13.00000 -3.59865
v 8.75966 13.00000 -3.80952
v 8.75966 12.87626 -3.74795
v 8.90056 12.93303 -3.56532
v 8.75966 13.12375 -3.74795
v 8.54878 13.16168 -3.86997
v 8.54878 13.00000 -3.95043
v 8.75966 13.00000 -3.80952
v 8.75965 13.21433 -3.57971
v 8.54878 13.28004 -3.65017
v 8.54878 13.16168 -3.86997
v 8.75966 13.12375 -3.74795
v 8.75965 13.24749 -3.34990
v 8.54878 13.32336 -3.34991
v 8.54878 13.28004 -3.65017
v 8.75965 13.21433 -3.57971
v 8.75965 13.21433 -3.12010
v 8.54877 13.28004 -3.04965
v 8.54878 13.32336 -3.34991
v 8.75965 13.24749 -3.34990
v 8.75965 13.12375 -2.95186
v 8.54877 13.16168 -2.82984
v 8.54877 13.28004 -3.04965
v 8.75965 13.21433 -3.12010
v 8.75965 13.00000 -2.89029
v 8.54877 13.00000 -2.74939
v 8.54877 13.16168 -2.82984
v 8.75965 13.12375 -2.95186
v 8.75965 12.87626 -2.95186
v 8.54877 12.83832 -2.82984
v 8.54877 13.00000 -2.74939
v 8.75965 13.00000 -2.89029
v 8.75965 12.78567 -3.12010
v 8.54877 12.71997 -3.04965
v 8.54877 12.83832 -2.82984
v 8.75965 12.87626 -2.95186
v 8.75965 12.75252 -3.34991
v 8.54878 12.67665 -3.34991
v 8.54877 12.71997 -3.04965
v 8.75965 12.78567 -3.12010
v 8.75965 12.78567 -3.57972
v 8.54878 12.71997 -3.65017
v 8.54878 12.67665 -3.34991
v 8.75965 12.75252 -3.34991
v 8.75966 12.87626 -3.74795
v 8.54878 12.83832 -3.86997
v 8.54878 12.71997 -3.65017
v 8.75965 12.78567 -3.57972
v 8.75966 13.00000 -3.80952
v 8.54878 13.00000 -3.95043
v 8.54878 12.83832 -3.86997
v 8.75966 12.87626 -3.74795
v 8.54878 13.16168 -3.86997
v 8.30004 13.17500 -3.91283
v 8.30004 13.00000 -3.99991
v 8.54878 13.00000 -3.95043
v 8.54878 13.28004 -3.65017
v 8.30004 13.30311 -3.67491
v 8.30004 13.17500 -3.91283
v 8.54878 13.16168 -3.86997
v 8.54878 13.32336 -3.34991
v 8.30003 13.35000 -3.34991
v 8.30004 13.30311 -3.67491
v 8.54878 13.28004 -3.65017
v 8.54877 13.28004 -3.04965
v 8.30003 13.30311 -3.02491
v 8.30003 13.35000 -3.34991
v 8.54878 13.32336 -3.34991
v 8.54877 13.16168 -2.82984
v 8.30003 13.17500 -2.78699
v 8.30003 13.30311 -3.02491
v 8.54877 13.28004 -3.04965
v 8.54877 13.00000 -2.74939
v 8.30003 13.00000 -2.69991
v 8.30003 13.17500 -2.78699
v 8.54877 13.16168 -2.82984
v 8.54877 12.83832 -2.82984
v 8.30003 12.82500 -2.78699
v 8.30003 13.00000 -2.69991
v 8.54877 13.00000 -2.74939
v 8.54877 12.71997 -3.04965
v 8.30003 12.69689 -3.02491
v 8.30003 12.82500 -2.78699
v 8.54877 12.83832 -2.82984
v 8.54878 12.67665 -3.34991
v 8.30003 12.65000 -3.34991
v 8.30003 12.69689 -3.02491
v 8.54877 12.71997 -3.04965
v 8.54878 12.71997 -3.65017
v 8.30004 12.69689 -3.67491
v 8.30003 12.65000 -3.34991
v 8.54878 12.67665 -3.34991
v 8.54878 12.83832 -3.86997
v 8.30004 12.82500 -3.91283
v 8.30004 12.69689 -3.67491
v 8.54878 12.71997 -3.65017
v 8.54878 13.00000 -3.95043
v 8.30004 13.00000 -3.99991
v 8.30004 12.82500 -3.91283
v 8.54878 12.83832 -3.86997
v 8.30004 13.17500 -3.91283
v 8.05129 13.16168 -3.86998
v 8.05129 13.00000 -3.95043
v 8.30004 13.00000 -3.99991
v 8.30004 13.30311 -3.67491
v 8.05129 13.28004 -3.65017
v 8.05129 13.16168 -3.86998
v 8.30004 13.17500 -3.91283
v 8.30003 13.35000 -3.34991
v 8.05129 13.32336 -3.34991
v 8.05129 13.28004 -3.65017
v 8.30004 13.30311 -3.67491
v 8.30003 13.30311 -3.02491
v 8.05128 13.28004 -3.04965
v 8.05129 13.32336 -3.34991
v 8.30003 13.35000 -3.34991
v 8.30003 13.17500 -2.78699
v 8.05128 13.16168 -2.82984
v 8.05128 13.28004 -3.04965
v 8.30003 13.30311 -3.02491
v 8.30003 13.00000 -2.69991
v 8.05128 13.00000 -2.74939
v 8.05128 13.16168 -2.82984
v 8.30003 13.17500 -2.78699
v 8.30003 12.82500 -2.78699
v 8.05128 12.83832 -2.82985
v 8.05128 13.00000 -2.74939
v 8.30003 13.00000 -2.69991
v 8.30003 12.69689 -3.02491
v 8.05128 12.71997 -3.04965
v 8.05128 12.83832 -2.82985
v 8.30003 12.82500 -2.78699
v 8.30003 12.65000 -3.34991
v 8.05129 12.67665 -3.34991
v 8.05128 12.71997 -3.04965
v 8.30003 12.69689 -3.02491
v 8.30004 12.69689 -3.67491
v 8.05129 12.71997 -3.65017
v 8.05129 12.67665 -3.34991
v 8.30003 12.65000 -3.34991
v 8.30004 12.82500 -3.91283
v 8.05129 12.83832 -3.86998
v 8.05129 12.71997 -3.65017
v 8.30004 12.69689 -3.67491
v 8.30004 13.00000 -3.99991
v 8.05129 13.00000 -3.95043
v 8.05129 12.83832 -3.86998
v 8.30004 12.82500 -3.91283
v 8.05129 13.16168 -3.86998
v 7.84042 13.12375 -3.74796
v 7.84042 13.00000 -3.80953
v 8.05129 13.00000 -3.95043
v 8.05129 13.28004 -3.65017
v 7.84042 13.21433 -3.57972
v 7.84042 13.12375 -3.74796
v 8.05129 13.16168 -3.86998
v 8.05129 13.32336 -3.34991
v 7.84041 13.24749 -3.34991
v 7.84042 13.21433 -3.57972
v 8.05129 13.28004 -3.65017
v 8.05128 13.28004 -3.04965
v 7.84041 13.21433 -3.12010
v 7.84041 13.24749 -3.34991
v 8.05129 13.32336 -3.34991
v 8.05128 13.16168 -2.82984
v 7.84041 13.12375 -2.95187
v 7.84041 13.21433 -3.12010
v 8.05128 13.28004 -3.04965
v 8.05128 13.00000 -2.74939
v 7.84041 13.00000 -2.89029
v 7.84041 13.12375 -2.95187
v 8.05128 13.16168 -2.82984
v 8.05128 12.83832 -2.82985
v 7.84041 12.87626 -2.95187
v 7.84041 13.00000 -2.89029
v 8.05128 13.00000 -2.74939
v 8.05128 12.71997 -3.04965
v 7.84041 12.78567 -3.12010
v 7.84041 12.87626 -2.95187
v 8.05128 12.83832 -2.82985
v 8.05129 12.67665 -3.34991
v 7.84041 12.75252 -3.34991
v 7.84041 12.78567 -3.12010
v 8.05128 12.71997 -3.04965
v 8.05129 12.71997 -3.65017
v 7.84042 12.78567 -3.57972
v 7.84041 12.75252 -3.34991
v 8.05129 12.67665 -3.34991
v 8.05129 12.83832 -3.86998
v 7.84042 12.87626 -3.74796
v 7.84042 12.78567 -3.57972
v 8.05129 12.71997 -3.65017
v 8.05129 13.00000 -3.95043
v 7.84042 13.00000 -3.80953
v 7.84042 12.87626 -3.74796
v 8.05129 12.83832 -3.86998
v 7.84042 13.12375 -3.74796
v 7.69951 13.06697 -3.56533
v 7.69951 13.00000 -3.59866
v 7.84042 13.00000 -3.80953
v 7.84042 13.21433 -3.57972
v 7.69951 13.11600 -3.47429
v 7.69951 13.06697 -3.56533
v 7.84042 13.12375 -3.74796
v 7.84041 13.24749 -3.34991
v 7.69951 13.13394 -3.34992
v 7.69951 13.11600 -3.47429
v 7.84042 13.21433 -3.57972
v 7.84041 13.21433 -3.12010
v 7.69951 13.11600 -3.22554
v 7.69951 13.13394 -3.34992
v 7.84041 13.24749 -3.34991
v 7.84041 13.12375 -2.95187
v 7.69951 13.06697 -3.13450
v 7.69951 13.11600 -3.22554
v 7.84041 13.21433 -3.12010
v 7.84041 13.00000 -2.89029
v 7.69951 13.00000 -3.10117
v 7.69951 13.06697 -3.13450
v 7.84041 13.12375 -2.95187
v 7.84041 12.87626 -2.95187
v 7.69951 12.93303 -3.13450
v 7.69951 13.00000 -3.10117
v 7.84041 13.00000 -2.89029
v 7.84041 12.78567 -3.12010
v 7.69951 12.88401 -3.22554
v 7.69951 12.93303 -3.13450
v 7.84041 12.87626 -2.95187
v 7.84041 12.75252 -3.34991
v 7.69951 12.86606 -3.34992
v 7.69951 12.88401 -3.22554
v 7.84041 12.78567 -3.12010
v 7.84042 12.78567 -3.57972
v 7.69951 12.88401 -3.47429
v 7.69951 12.86606 -3.34992
v 7.84041 12.75252 -3.34991
v 7.84042 12.87626 -3.74796
v 7.69951 12.93303 -3.56533
v 7.69951 12.88401 -3.47429
v 7.84042 12.78567 -3.57972
v 7.84042 13.00000 -3.80953
v 7.69951 13.00000 -3.59866
v 7.69951 12.93303 -3.56533
v 7.84042 12.87626 -3.74796
v 7.69951 13.06697 -3.56533
v 7.65003 13.00000 -3.34992
v 7.69951 13.00000 -3.59866
v 7.69951 13.11600 -3.47429
v 7.65003 13.00000 -3.34992
v 7.69951 13.06697 -3.56533
v 7.69951 13.13394 -3.34992
v 7.65003 13.00000 -3.34992
v 7.69951 13.11600 -3.47429
v 7.69951 13.11600 -3.22554
v 7.65003 13.00000 -3.34992
v 7.69951 13.13394 -3.34992
v 7.69951 13.06697 -3.13450
v 7.65003 13.00000 -3.34992
v 7.69951 13.11600 -3.22554
v 7.69951 13.00000 -3.10117
v 7.65003 13.00000 -3.34992
v 7.69951 13.06697 -3.13450
v 7.69951 12.93303 -3.13450
v 7.65003 13.00000 -3.34992
v 7.69951 13.00000 -3.10117
v 7.69951 12.88401 -3.22554
v 7.65003 13.00000 -3.34992
v 7.69951 12.93303 -3.13450
v 7.69951 12.86606 -3.34992
v 7.65003 13.00000 -3.34992
v 7.69951 12.88401 -3.22554
v 7.69951 12.88401 -3.47429
v 7.65003 13.00000 -3.34992
v 7.69951 12.86606 -3.34992
v 7.69951 12.93303 -3.56533
v 7.65003 13.00000 -3.34992
v 7.69951 12.88401 -3.47429
v 7.69951 13.00000 -3.59866
v 7.65003 13.00000 -3.34992
v 7.69951 12.93303 -3.56533
v 11.00048 13.06697 3.58470
v 11.00048 13.00000 3.55137
v 11.04996 13.00000 3.80012
v 11.00048 13.11599 3.67575
v 11.00048 13.06697 3.58470
v 11.04996 13.00000 3.80012
v 11.00048 13.13394 3.80012
v 11.00048 13.11599 3.67575
v 11.04996 13.00000 3.80012
v 11.00048 13.11599 3.92449
v 11.00048 13.13394 3.80012
v 11.04996 13.00000 3.80012
v 11.00048 13.06697 4.01554
v 11.00048 13.11599 3.92449
v 11.04996 13.00000 3.80012
v 11.00048 13.00000 4.04886
v 11.00048 13.06697 4.01554
v 11.04996 13.00000 3.80012
v 11.00048 12.93303 4.01554
v 11.00048 13.00000 4.04886
v 11.04996 13.00000 3.80012
v 11.00048 12.88400 3.92449
v 11.00048 12.93303 4.01554
v 11.04996 13.00000 3.80012
v 11.00048 12.86606 3.80012
v 11.00048 12.88400 3.92449
v 11.04996 13.00000 3.80012
v 11.00048 12.88400 3.67575
v 11.00048 12.86606 3.80012
v 11.04996 13.00000 3.80012
v 11.00048 12.93303 3.58470
v 11.00048 12.88400 3.67575
v 11.04996 13.00000 3.80012
v 11.00048 13.00000 3.55137
v 11.00048 12.93303 3.58470
v 11.04996 13.00000 3.80012
v 11.00048 13.06697 3.58470
v 10.85958 13.12374 3.40207
v 10.85958 13.00000 3.34050
v 11.00048 13.00000 3.55137
v 11.00048 13.11599 3.67575
v 10.85958 13.21433 3.57031
v 10.85958 13.12374 3.40207
v 11.00048 13.06697 3.58470
v 11.00048 13.13394 3.80012
v 10.85958 13.24749 3.80012
v 10.85958 13.21433 3.57031
v 11.00048 13.11599 3.67575
v 11.00048 13.11599 3.92449
v 10.85958 13.21433 4.02993
v 10.85958 13.24749 3.80012
v 11.00048 13.13394 3.80012
v 11.00048 13.06697 4.01554
v 10.85958 13.12374 4.19816
v 10.85958 13.21433 4.02993
v 11.00048 13.11599 3.92449
v 11.00048 13.00000 4.04886
v 10.85958 13.00000 4.25974
v 10.85958 13.12374 4.19816
v 11.00048 13.06697 4.01554
v 11.00048 12.93303 4.01554
v 10.85958 12.87626 4.19816
v 10.85958 13.00000 4.25974
v 11.00048 13.00000 4.04886
v 11.00048 12.88400 3.92449
v 10.85958 12.78567 4.02993
v 10.85958 12.87626 4.19816
v 11.00048 12.93303 4.01554
v 11.00048 12.86606 3.80012
v 10.85958 12.75251 3.80012
v 10.85958 12.78567 4.02993
v 11.00048 12.88400 3.92449
v 11.00048 12.88400 3.67575
v 10.85958 12.78567 3.57031
v 10.85958 12.75251 3.80012
v 11.00048 12.86606 3.80012
v 11.00048 12.93303 3.58470
v 10.85958 12.87626 3.40207
v 10.85958 12.78567 3.57031
v 11.00048 12.88400 3.67575
v 11.00048 13.00000 3.55137
v 10.85958 13.00000 3.34050
v 10.85958 12.87626 3.40207
v 11.00048 12.93303 3.58470
v 10.85958 13.12374 3.40207
v 10.64871 13.16168 3.28005
v 10.64871 13.00000 3.19959
v 10.85958 13.00000 3.34050
v 10.85958 13.21433 3.57031
v 10.64871 13.28004 3.49985
v 10.64871 13.16168 3.28005
v 10.85958 13.12374 3.40207
v 10.85958 13.24749 3.80012
v 10.64870 13.32336 3.80011
v 10.64871 13.28004 3.49985
v 10.85958 13.21433 3.57031
v 10.85958 13.21433 4.02993
v 10.64870 13.28004 4.10037
v 10.64870 13.32336 3.80011
v 10.85958 13.24749 3.80012
v 10.85958 13.12374 4.19816
v 10.64870 13.16168 4.32018
v 10.64870 13.28004 4.10037
v 10.85958 13.21433 4.02993
v 10.85958 13.00000 4.25974
v 10.64870 13.00000 4.40064
v 10.64870 13.16168 4.32018
v 10.85958 13.12374 4.19816
v 10.85958 12.87626 4.19816
v 10.64870 12.83832 4.32018
v 10.64870 13.00000 4.40064
v 10.85958 13.00000 4.25974
v 10.85958 12.78567 4.02993
v 10.64870 12.71996 4.10037
v 10.64870 12.83832 4.32018
v 10.85958 12.87626 4.19816
v 10.85958 12.75251 3.80012
v 10.64870 12.67664 3.80011
v 10.64870 12.71996 4.10037
v 10.85958 12.78567 4.02993
v 10.85958 12.78567 3.57031
v 10.64871 12.71996 3.49985
v 10.64870 12.67664 3.80011
v 10.85958 12.75251 3.80012
v 10.85958 12.87626 3.40207
v 10.64871 12.83832 3.28005
v 10.64871 12.71996 3.49985
v 10.85958 12.78567 3.57031
v 10.85958 13.00000 3.34050
v 10.64871 13.00000 3.19959
v 10.64871 12.83832 3.28005
v 10.85958 12.87626 3.40207
v 10.64871 13.16168 3.28005
v 10.39997 13.17500 3.23720
v 10.39997 13.00000 3.15011
v 10.64871 13.00000 3.19959
v 10.64871 13.28004 3.49985
v 10.39996 13.30311 3.47511
v 10.39997 13.17500 3.23720
v 10.64871 13.16168 3.28005
v 10.64870 13.32336 3.80011
v 10.39996 13.35000 3.80011
v 10.39996 13.30311 3.47511
v 10.64871 13.28004 3.49985
v 10.64870 13.28004 4.10037
v 10.39996 13.30311 4.12511
v 10.39996 13.35000 3.80011
v 10.64870 13.32336 3.80011
v 10.64870 13.16168 4.32018
v 10.39995 13.17500 4.36303
v 10.39996 13.30311 4.12511
v 10.64870 13.28004 4.10037
v 10.64870 13.00000 4.40064
v 10.39995 13.00000 4.45011
v 10.39995 13.17500 4.36303
v 10.64870 13.16168 4.32018
v 10.64870 12.83832 4.32018
v 10.39995 12.82500 4.36303
v 10.39995 13.00000 4.45011
v 10.64870 13.00000 4.40064
v 10.64870 12.71996 4.10037
v 10.39996 12.69689 4.12511
v 10.39995 12.82500 4.36303
v 10.64870 12.83832 4.32018
v 10.64870 12.67664 3.80011
v 10.39996 12.65000 3.80011
v 10.39996 12.69689 4.12511
v 10.64870 12.71996 4.10037
v 10.64871 12.71996 3.49985
v 10.39996 12.69689 3.47511
v 10.39996 12.65000 3.80011
v 10.64870 12.67664 3.80011
v 10.64871 12.83832 3.28005
v 10.39997 12.82500 3.23719
v 10.39996 12.69689 3.47511
v 10.64871 12.71996 3.49985
v 10.64871 13.00000 3.19959
v 10.39997 13.00000 3.15011
v 10.39997 12.82500 3.23719
v 10.64871 12.83832 3.28005
v 10.39997 13.17500 3.23720
v 10.15122 13.16168 3.28004
v 10.15122 13.00000 3.19959
v 10.39997 13.00000 3.15011
v 10.39996 13.30311 3.47511
v 10.15122 13.28004 3.49985
v 10.15122 13.16168 3.28004
v 10.39997 13.17500 3.23720
v 10.39996 13.35000 3.80011
v 10.15122 13.32336 3.80011
v 10.15122 13.28004 3.49985
v 10.39996 13.30311 3.47511
v 10.39996 13.30311 4.12511
v 10.15121 13.28004 4.10037
v 10.15122 13.32336 3.80011
v 10.39996 13.35000 3.80011
v 10.39995 13.17500 4.36303
v 10.15121 13.16168 4.32018
v 10.15121 13.28004 4.10037
v 10.39996 13.30311 4.12511
v 10.39995 13.00000 4.45011
v 10.15121 13.00000 4.40063
v 10.15121 13.16168 4.32018
v 10.39995 13.17500 4.36303
v 10.39995 12.82500 4.36303
v 10.15121 12.83832 4.32018
v 10.15121 13.00000 4.40063
v 10.39995 13.00000 4.45011
v 10.39996 12.69689 4.12511
v 10.15121 12.71996 4.10037
v 10.15121 12.83832 4.32018
v 10.39995 12.82500 4.36303
v 10.39996 12.65000 3.80011
v 10.15122 12.67664 3.80011
v 10.15121 12.71996 4.10037
v 10.39996 12.69689 4.12511
v 10.39996 12.69689 3.47511
v 10.15122 12.71996 3.49985
v 10.15122 12.67664 3.80011
v 10.39996 12.65000 3.80011
v 10.39997 12.82500 3.23719
v 10.15122 12.83832 3.28004
v 10.15122 12.71996 3.49985
v 10.39996 12.69689 3.47511
v 10.39997 13.00000 3.15011
v 10.15122 13.00000 3.19959
v 10.15122 12.83832 3.28004
v 10.39997 12.82500 3.23719
v 10.15122 13.16168 3.28004
v 9.94034 13.12374 3.40206
v 9.94035 13.00000 3.34049
v 10.15122 13.00000 3.19959
v 10.15122 13.28004 3.49985
v 9.94034 13.21433 3.57030
v 9.94034 13.12374 3.40206
v 10.15122 13.16168 3.28004
v 10.15122 13.32336 3.80011
v 9.94034 13.24749 3.80011
v 9.94034 13.21433 3.57030
v 10.15122 13.28004 3.49985
v 10.15121 13.28004 4.10037
v 9.94034 13.21433 4.02992
v 9.94034 13.24749 3.80011
v 10.15122 13.32336 3.80011
v 10.15121 13.16168 4.32018
v 9.94034 13.12374 4.19815
v 9.94034 13.21433 4.02992
v 10.15121 13.28004 4.10037
v 10.15121 13.00000 4.40063
v 9.94034 13.00000 4.25973
v 9.94034 13.12374 4.19815
v 10.15121 13.16168 4.32018
v 10.15121 12.83832 4.32018
v 9.94034 12.87626 4.19815
v 9.94034 13.00000 4.25973
v 10.15121 13.00000 4.40063
v 10.15121 12.71996 4.10037
v 9.94034 12.78567 4.02992
v 9.94034 12.87626 4.19815
v 10.15121 12.83832 4.32018
v 10.15122 12.67664 3.80011
v 9.94034 12.75251 3.80011
v 9.94034 12.78567 4.02992
v 10.15121 12.71996 4.10037
v 10.15122 12.71996 3.49985
v 9.94034 12.78567 3.57030
v 9.94034 12.75251 3.80011
v 10.15122 12.67664 3.80011
v 10.15122 12.83832 3.28004
v 9.94034 12.87626 3.40206
v 9.94034 12.78567 3.57030
v 10.15122 12.71996 3.49985
v 10.15122 13.00000 3.19959
v 9.94035 13.00000 3.34049
v 9.94034 12.87626 3.40206
v 10.15122 12.83832 3.28004
v 9.94034 13.12374 3.40206
v 9.79944 13.06697 3.58469
v 9.79944 13.00000 3.55136
v 9.94035 13.00000 3.34049
v 9.94034 13.21433 3.57030
v 9.79944 13.11599 3.67573
v 9.79944 13.06697 3.58469
v 9.94034 13.12374 3.40206
v 9.94034 13.24749 3.80011
v 9.79944 13.13394 3.80011
v 9.79944 13.11599 3.67573
v 9.94034 13.21433 3.57030
v 9.94034 13.21433 4.02992
v 9.79944 13.11599 3.92448
v 9.79944 13.13394 3.80011
v 9.94034 13.24749 3.80011
v 9.94034 13.12374 4.19815
v 9.79944 13.06697 4.01552
v 9.79944 13.11599 3.92448
v 9.94034 13.21433 4.02992
v 9.94034 13.00000 4.25973
v 9.79944 13.00000 4.04885
v 9.79944 13.06697 4.01552
v 9.94034 13.12374 4.19815
v 9.94034 12.87626 4.19815
v 9.79944 12.93303 4.01552
v 9.79944 13.00000 4.04885
v 9.94034 13.00000 4.25973
v 9.94034 12.78567 4.02992
v 9.79944 12.88400 3.92448
v 9.79944 12.93303 4.01552
v 9.94034 12.87626 4.19815
v 9.94034 12.75251 3.80011
v 9.79944 12.86606 3.80011
v 9.79944 12.88400 3.92448
v 9.94034 12.78567 4.02992
v 9.94034 12.78567 3.57030
v 9.79944 12.88400 3.67573
v 9.79944 12.86606 3.80011
v 9.94034 12.75251 3.80011
v 9.94034 12.87626 3.40206
v 9.79944 12.93303 3.58469
v 9.79944 12.88400 3.67573
v 9.94034 12.78567 3.57030
v 9.94035 13.00000 3.34049
v 9.79944 13.00000 3.55136
v 9.79944 12.93303 3.58469
v 9.94034 12.87626 3.40206
v 9.79944 13.06697 3.58469
v 9.74996 13.00000 3.80010
v 9.79944 13.00000 3.55136
v 9.79944 13.11599 3.67573
v 9.74996 13.00000 3.80010
v 9.79944 13.06697 3.58469
v 9.79944 13.13394 3.80011
v 9.74996 13.00000 3.80010
v 9.79944 13.11599 3.67573
v 9.79944 13.11599 3.92448
v 9.74996 13.00000 3.80010
v 9.79944 13.13394 3.80011
v 9.79944 13.06697 4.01552
v 9.74996 13.00000 3.80010
v 9.79944 13.11599 3.92448
v 9.79944 13.00000 4.04885
v 9.74996 13.00000 3.80010
v 9.79944 13.06697 4.01552
v 9.79944 12.93303 4.01552
v 9.74996 13.00000 3.80010
v 9.79944 13.00000 4.04885
v 9.79944 12.88400 3.92448
v 9.74996 13.00000 3.80010
v 9.79944 12.93303 4.01552
v 9.79944 12.86606 3.80011
v 9.74996 13.00000 3.80010
v 9.79944 12.88400 3.92448
v 9.79944 12.88400 3.67573
v 9.74996 13.00000 3.80010
v 9.79944 12.86606 3.80011
v 9.79944 12.93303 3.58469
v 9.74996 13.00000 3.80010
v 9.79944 12.88400 3.67573
v 9.79944 13.00000 3.55136
v 9.74996 13.00000 3.80010
v 9.79944 12.93303 3.58469
v 1.00010 0.00001 -9.89999
v 1.00010 -1.28759 -9.83774
v 1.30010 -1.30998 -10.03648
v 1.30010 0.00001 -10.09999
v 1.00009 0.00000 -9.09999
v 1.30009 0.00000 -9.29999
v 1.30009 -1.22041 -9.24151
v 1.00009 -1.19801 -9.04277
v 1.00010 -1.28759 -9.83774
v 1.00010 -2.55899 -9.65178
v 1.30010 -2.60349 -9.84676
v 1.30010 -1.30998 -10.03648
v 1.00009 -1.19801 -9.04277
v 1.30009 -1.22041 -9.24151
v 1.30009 -2.42547 -9.06682
v 1.00009 -2.38097 -8.87184
v 1.00010 -2.55899 -9.65178
v 1.00009 -3.79820 -9.34444
v 1.30010 -3.86426 -9.53321
v 1.30010 -2.60349 -9.84676
v 1.00009 -2.38097 -8.87184
v 1.30009 -2.42547 -9.06682
v 1.30009 -3.60004 -8.77810
v 1.00009 -3.53398 -8.58933
v 1.00009 -3.79820 -9.34444
v 1.00009 -4.98966 -8.91958
v 1.30009 -5.07644 -9.09978
v 1.30010 -3.86426 -9.53321
v 1.00009 -3.53398 -8.58933
v 1.30009 -3.60004 -8.77810
v 1.30008 -4.72933 -8.37900
v 1.00008 -4.64255 -8.19881
v 1.00009 -4.98966 -8.91958
v 1.00008 -6.11836 -8.38256
v 1.30009 -6.22477 -8.55191
v 1.30009 -5.07644 -9.09978
v 1.00008 -4.64255 -8.19881
v 1.30008 -4.72933 -8.37900
v 1.30008 -5.79914 -7.87453
v 1.00008 -5.69274 -7.70518
v 1.00008 -6.11836 -8.38256
v 1.00008 -7.17013 -7.74013
v 1.30008 -7.29483 -7.89649
v 1.30009 -6.22477 -8.55191
v 1.00008 -5.69274 -7.70518
v 1.30008 -5.79914 -7.87453
v 1.30007 -6.79603 -7.27102
v 1.00007 -6.67134 -7.11466
v 1.00008 -7.17013 -7.74013
v 1.00007 -8.13172 -7.00035
v 1.30007 -8.27314 -7.14177
v 1.30008 -7.29483 -7.89649
v 1.00007 -6.67134 -7.11466
v 1.30007 -6.79603 -7.27102
v 1.30007 -7.70746 -6.57608
v 1.00007 -7.56604 -6.43467
v 1.00007 -8.13172 -7.00035
v 1.00006 -8.99106 -6.17254
v 1.30006 -9.14742 -6.29724
v 1.30007 -8.27314 -7.14177
v 1.00007 -7.56604 -6.43467
v 1.30007 -7.70746 -6.57608
v 1.30006 -8.52196 -5.79845
v 1.00006 -8.36559 -5.67375
v 1.00006 -8.99106 -6.17254
v 1.00005 -9.73733 -5.26711
v 1.30005 -9.90667 -5.37352
v 1.30006 -9.14742 -6.29724
v 1.00006 -8.36559 -5.67375
v 1.30006 -8.52196 -5.79845
v 1.30005 -9.22929 -4.94789
v 1.00005 -9.05995 -4.84149
v 1.00005 -9.73733 -5.26711
v 1.00004 -10.36114 -4.29545
v 1.30004 -10.54133 -4.38222
v 1.30005 -9.90667 -5.37352
v 1.00005 -9.05995 -4.84149
v 1.30005 -9.22929 -4.94789
v 1.30004 -9.82056 -4.03511
v 1.00004 -9.64036 -3.94834
v 1.00004 -10.36114 -4.29545
v 1.00003 -10.85466 -3.26976
v 1.30003 -11.04343 -3.33581
v 1.30004 -10.54133 -4.38222
v 1.00004 -9.64036 -3.94834
v 1.30004 -9.82056 -4.03511
v 1.30003 -10.28833 -3.07159
v 1.00003 -10.09955 -3.00553
v 1.00003 -10.85466 -3.26976
v 1.00002 -11.21167 -2.20295
v 1.30002 -11.40666 -2.24745
v 1.30003 -11.04343 -3.33581
v 1.00003 -10.09955 -3.00553
v 1.30003 -10.28833 -3.07159
v 1.30002 -10.62671 -2.06944
v 1.00002 -10.43173 -2.02494
v 1.00002 -11.21167 -2.20295
v 1.00001 -11.42769 -1.10844
v 1.30001 -11.62643 -1.13083
v 1.30002 -11.40666 -2.24745
v 1.00002 -10.43173 -2.02494
v 1.30002 -10.62671 -2.06944
v 1.30001 -10.83146 -1.04126
v 1.00001 -10.63272 -1.01887
v 1.00001 -11.42769 -1.10844
v 1.00000 -11.50000 0.00000
v 1.30000 -11.70000 0.00001
v 1.30001 -11.62643 -1.13083
v 1.00001 -10.63272 -1.01887
v 1.30001 -10.83146 -1.04126
v 1.30000 -10.90000 0.00001
v 1.00000 -10.70000 0.00000
v 1.00000 -11.50000 0.00000
v 0.99999 -11.42769 1.10845
v 1.29999 -11.62643 1.13084
v 1.30000 -11.70000 0.00001
v 1.00000 -10.70000 0.00000
v 1.30000 -10.90000 0.00001
v 1.29999 -10.83146 1.04127
v 0.99999 -10.63272 1.01888
v 0.99999 -11.42769 1.10845
v 0.99998 -11.21167 2.20296
v 1.29998 -11.40666 2.24747
v 1.29999 -11.62643 1.13084
v 0.99999 -10.63272 1.01888
v 1.29999 -10.83146 1.04127
v 1.29998 -10.62671 2.06945
v 0.99998 -10.43173 2.02494
v 0.99998 -11.21167 2.20296
v 0.99997 -10.85466 3.26976
v 1.29997 -11.04344 3.33582
v 1.29998 -11.40666 2.24747
v 0.99998 -10.43173 2.02494
v 1.29998 -10.62671 2.06945
v 1.29997 -10.28833 3.07160
v 0.99997 -10.09955 3.00554
v 0.99997 -10.85466 3.26976
v 0.99996 -10.36114 4.29545
v 1.29996 -10.54134 4.38223
v 1.29997 -11.04344 3.33582
v 0.99997 -10.09955 3.00554
v 1.29997 -10.28833 3.07160
v 1.29996 -9.82056 4.03513
v 0.99996 -9.64037 3.94835
v 0.99996 -10.36114 4.29545
v 0.99995 -9.73733 5.26712
v 1.29995 -9.90668 5.37353
v 1.29996 -10.54134 4.38223
v 0.99996 -9.64037 3.94835
v 1.29996 -9.82056 4.03513
v 1.29995 -9.22930 4.94791
v 0.99995 -9.05995 4.84150
v 0.99995 -9.73733 5.26712
v 0.99994 -8.99107 6.17255
v 1.29994 -9.14743 6.29725
v 1.29995 -9.90668 5.37353
v 0.99995 -9.05995 4.84150
v 1.29995 -9.22930 4.94791
v 1.29994 -8.52197 5.79846
v 0.99994 -8.36560 5.67376
v 0.99994 -8.99107 6.17255
v 0.99993 -8.13173 7.00036
v 1.29993 -8.27315 7.14179
v 1.29994 -9.14743 6.29725
v 0.99994 -8.36560 5.67376
v 1.29994 -8.52197 5.79846
v 1.29993 -7.70747 6.57610
v 0.99994 -7.56605 6.43468
v 0.99993 -8.13173 7.00036
v 0.99992 -7.17014 7.74014
v 1.29992 -7.29483 7.89651
v 1.29993 -8.27315 7.14179
v 0.99994 -7.56605 6.43468
v 1.29993 -7.70747 6.57610
v 1.29993 -6.79604 7.27104
v 0.99993 -6.67134 7.11467
v 0.99992 -7.17014 7.74014
v 0.99992 -6.11837 8.38258
v 1.29992 -6.22478 8.55193
v 1.29992 -7.29483 7.89651
v 0.99993 -6.67134 7.11467
v 1.29993 -6.79604 7.27104
v 1.29992 -5.79915 7.87455
v 0.99992 -5.69274 7.70520
v 0.99992 -6.11837 8.38258
v 0.99991 -4.98966 8.91960
v 1.29991 -5.07644 9.09980
v 1.29992 -6.22478 8.55193
v 0.99992 -5.69274 7.70520
v 1.29992 -5.79915 7.87455
v 1.29992 -4.72933 8.37902
v 0.99992 -4.64256 8.19883
v 0.99991 -4.98966 8.91960
v 0.99991 -3.79822 9.34445
v 1.29991 -3.86427 9.53323
v 1.29991 -5.07644 9.09980
v 0.99992 -4.64256 8.19883
v 1.29992 -4.72933 8.37902
v 1.29991 -3.60005 8.77813
v 0.99991 -3.53399 8.58935
v 0.99991 -3.79822 9.34445
v 0.99990 -2.55900 9.65179
v 1.29990 -2.60350 9.84678
v 1.29991 -3.86427 9.53323
v 0.99991 -3.53399 8.58935
v 1.29991 -3.60005 8.77813
v 1.29991 -2.42548 9.06684
v 0.99991 -2.38098 8.87185
v 0.99990 -2.55900 9.65179
v 0.99990 -1.28760 9.83776
v 1.29990 -1.31000 10.03650
v 1.29990 -2.60350 9.84678
v 0.99991 -2.38098 8.87185
v 1.29991 -2.42548 9.06684
v 1.29991 -1.22042 9.24154
v 0.99991 -1.19803 9.04279
v 0.99990 -1.28760 9.83776
v 0.99990 -0.00001 9.90001
v 1.29990 -0.00001 10.10001
v 1.29990 -1.31000 10.03650
v 0.99991 -1.19803 9.04279
v 1.29991 -1.22042 9.24154
v 1.29991 -0.00001 9.30001
v 0.99991 -0.00000 9.10001
v 1.30010 0.00001 -10.09999
v 1.30010 -1.30998 -10.03648
v 15.00010 -1.26519 -9.53949
v 15.00010 0.00001 -9.59985
v 1.30009 0.00000 -9.29999
v 15.00009 0.00001 -8.79985
v 15.00009 -1.17562 -8.74452
v 1.30009 -1.22041 -9.24151
v 1.30010 -1.30998 -10.03648
v 1.30010 -2.60349 -9.84676
v 15.00009 -2.51448 -9.35916
v 15.00010 -1.26519 -9.53949
v 1.30009 -1.22041 -9.24151
v 15.00009 -1.17562 -8.74452
v 15.00009 -2.33646 -8.57922
v 1.30009 -2.42547 -9.06682
v 1.30010 -2.60349 -9.84676
v 1.30010 -3.86426 -9.53321
v 15.00009 -3.73215 -9.06113
v 15.00009 -2.51448 -9.35916
v 1.30009 -2.42547 -9.06682
v 15.00009 -2.33646 -8.57922
v 15.00008 -3.46792 -8.30603
v 1.30009 -3.60004 -8.77810
v 1.30010 -3.86426 -9.53321
v 1.30009 -5.07644 -9.09978
v 15.00009 -4.90288 -8.64915
v 15.00009 -3.73215 -9.06113
v 1.30009 -3.60004 -8.77810
v 15.00008 -3.46792 -8.30603
v 15.00008 -4.55577 -7.92838
v 1.30008 -4.72933 -8.37900
v 1.30009 -5.07644 -9.09978
v 1.30009 -6.22477 -8.55191
v 15.00008 -6.01196 -8.12841
v 15.00009 -4.90288 -8.64915
v 1.30008 -4.72933 -8.37900
v 15.00008 -4.55577 -7.92838
v 15.00008 -5.58633 -7.45103
v 1.30008 -5.79914 -7.87453
v 1.30009 -6.22477 -8.55191
v 1.30008 -7.29483 -7.89649
v 15.00008 -7.04543 -7.50544
v 15.00008 -6.01196 -8.12841
v 1.30008 -5.79914 -7.87453
v 15.00008 -5.58633 -7.45103
v 15.00007 -6.54664 -6.87997
v 1.30007 -6.79603 -7.27102
v 1.30008 -7.29483 -7.89649
v 1.30007 -8.27314 -7.14177
v 15.00007 -7.99030 -6.78808
v 15.00008 -7.04543 -7.50544
v 1.30007 -6.79603 -7.27102
v 15.00007 -6.54664 -6.87997
v 15.00006 -7.42462 -6.22239
v 1.30007 -7.70746 -6.57608
v 1.30007 -8.27314 -7.14177
v 1.30006 -9.14742 -6.29724
v 15.00006 -8.83469 -5.98536
v 15.00007 -7.99030 -6.78808
v 1.30007 -7.70746 -6.57608
v 15.00006 -7.42462 -6.22239
v 15.00006 -8.20923 -5.48656
v 1.30006 -8.52196 -5.79845
v 1.30006 -9.14742 -6.29724
v 1.30005 -9.90667 -5.37352
v 15.00005 -9.56798 -5.10736
v 15.00006 -8.83469 -5.98536
v 1.30006 -8.52196 -5.79845
v 15.00006 -8.20923 -5.48656
v 15.00005 -8.89060 -4.68174
v 1.30005 -9.22929 -4.94789
v 1.30005 -9.90667 -5.37352
v 1.30004 -10.54133 -4.38222
v 15.00004 -10.18094 -4.16514
v 15.00005 -9.56798 -5.10736
v 1.30005 -9.22929 -4.94789
v 15.00005 -8.89060 -4.68174
v 15.00004 -9.46017 -3.81803
v 1.30004 -9.82056 -4.03511
v 1.30004 -10.54133 -4.38222
v 1.30003 -11.04343 -3.33581
v 15.00003 -10.66588 -3.17053
v 15.00004 -10.18094 -4.16514
v 1.30004 -9.82056 -4.03511
v 15.00004 -9.46017 -3.81803
v 15.00003 -9.91077 -2.90631
v 1.30003 -10.28833 -3.07159
v 1.30003 -11.04343 -3.33581
v 1.30002 -11.40666 -2.24745
v 15.00002 -11.01668 -2.13606
v 15.00003 -10.66588 -3.17053
v 1.30003 -10.28833 -3.07159
v 15.00003 -9.91077 -2.90631
v 15.00002 -10.23674 -1.95804
v 1.30002 -10.62671 -2.06944
v 1.30002 -11.40666 -2.24745
v 1.30001 -11.62643 -1.13083
v 15.00001 -11.22895 -1.07472
v 15.00002 -11.01668 -2.13606
v 1.30002 -10.62671 -2.06944
v 15.00002 -10.23674 -1.95804
v 15.00001 -10.43398 -0.98514
v 1.30001 -10.83146 -1.04126
v 1.30001 -11.62643 -1.13083
v 1.30000 -11.70000 0.00001
v 15.00000 -11.30000 0.00014
v 15.00001 -11.22895 -1.07472
v 1.30001 -10.83146 -1.04126
v 15.00001 -10.43398 -0.98514
v 15.00000 -10.50000 0.00014
v 1.30000 -10.90000 0.00001
v 1.30000 -11.70000 0.00001
v 1.29999 -11.62643 1.13084
v 14.99999 -11.22895 1.07500
v 15.00000 -11.30000 0.00014
v 1.30000 -10.90000 0.00001
v 15.00000 -10.50000 0.00014
v 14.99999 -10.43398 0.98543
v 1.29999 -10.83146 1.04127
v 1.29999 -11.62643 1.13084
v 1.29998 -11.40666 2.24747
v 14.99998 -11.01668 2.13634
v 14.99999 -11.22895 1.07500
v 1.29999 -10.83146 1.04127
v 14.99999 -10.43398 0.98543
v 14.99998 -10.23674 1.95833
v 1.29998 -10.62671 2.06945
v 1.29998 -11.40666 2.24747
v 1.29997 -11.04344 3.33582
v 14.99997 -10.66588 3.17082
v 14.99998 -11.01668 2.13634
v 1.29998 -10.62671 2.06945
v 14.99998 -10.23674 1.95833
v 14.99997 -9.91078 2.90660
v 1.29997 -10.28833 3.07160
v 1.29997 -11.04344 3.33582
v 1.29996 -10.54134 4.38223
v 14.99996 -10.18095 4.16543
v 14.99997 -10.66588 3.17082
v 1.29997 -10.28833 3.07160
v 14.99997 -9.91078 2.90660
v 14.99996 -9.46017 3.81832
v 1.29996 -9.82056 4.03513
v 1.29996 -10.54134 4.38223
v 1.29995 -9.90668 5.37353
v 14.99995 -9.56799 5.10765
v 14.99996 -10.18095 4.16543
v 1.29996 -9.82056 4.03513
v 14.99996 -9.46017 3.81832
v 14.99995 -8.89061 4.68203
v 1.29995 -9.22930 4.94791
v 1.29995 -9.90668 5.37353
v 1.29994 -9.14743 6.29725
v 14.99994 -8.83470 5.98565
v 14.99995 -9.56799 5.10765
v 1.29995 -9.22930 4.94791
v 14.99995 -8.89061 4.68203
v 14.99995 -8.20923 5.48686
v 1.29994 -8.52197 5.79846
v 1.29994 -9.14743 6.29725
v 1.29993 -8.27315 7.14179
v 14.99993 -7.99031 6.78837
v 14.99994 -8.83470 5.98565
v 1.29994 -8.52197 5.79846
v 14.99995 -8.20923 5.48686
v 14.99994 -7.42462 6.22268
v 1.29993 -7.70747 6.57610
v 1.29993 -8.27315 7.14179
v 1.29992 -7.29483 7.89651
v 14.99993 -7.04544 7.50573
v 14.99993 -7.99031 6.78837
v 1.29993 -7.70747 6.57610
v 14.99994 -7.42462 6.22268
v 14.99993 -6.54664 6.88026
v 1.29993 -6.79604 7.27104
v 1.29992 -7.29483 7.89651
v 1.29992 -6.22478 8.55193
v 14.99992 -6.01196 8.12870
v 14.99993 -7.04544 7.50573
v 1.29993 -6.79604 7.27104
v 14.99993 -6.54664 6.88026
v 14.99993 -5.58634 7.45132
v 1.29992 -5.79915 7.87455
v 1.29992 -6.22478 8.55193
v 1.29991 -5.07644 9.09980
v 14.99991 -4.90289 8.64945
v 14.99992 -6.01196 8.12870
v 1.29992 -5.79915 7.87455
v 14.99993 -5.58634 7.45132
v 14.99992 -4.55578 7.92867
v 1.29992 -4.72933 8.37902
v 1.29991 -5.07644 9.09980
v 1.29991 -3.86427 9.53323
v 14.99991 -3.73216 9.06143
v 14.99991 -4.90289 8.64945
v 1.29992 -4.72933 8.37902
v 14.99992 -4.55578 7.92867
v 14.99992 -3.46793 8.30632
v 1.29991 -3.60005 8.77813
v 1.29991 -3.86427 9.53323
v 1.29990 -2.60350 9.84678
v 14.99991 -2.51449 9.35946
v 14.99991 -3.73216 9.06143
v 1.29991 -3.60005 8.77813
v 14.99992 -3.46793 8.30632
v 14.99991 -2.33647 8.57951
v 1.29991 -2.42548 9.06684
v 1.29990 -2.60350 9.84678
v 1.29990 -1.31000 10.03650
v 14.99990 -1.26521 9.53979
v 14.99991 -2.51449 9.35946
v 1.29991 -2.42548 9.06684
v 14.99991 -2.33647 8.57951
v 14.99991 -1.17564 8.74482
v 1.29991 -1.22042 9.24154
v 1.29990 -1.31000 10.03650
v 1.29990 -0.00001 10.10001
v 14.99990 -0.00000 9.60015
v 14.99990 -1.26521 9.53979
v 1.29991 -1.22042 9.24154
v 14.99991 -1.17564 8.74482
v 14.99991 -0.00000 8.80015
v 1.29991 -0.00001 9.30001
v 1.00010 0.00001 -9.89999
v 1.00009 0.00000 -9.09999
v 1.00009 -1.19801 -9.04277
v 1.00010 -1.28759 -9.83774
v 15.00010 0.00001 -9.59985
v 15.00010 -1.26519 -9.53949
v 15.00009 -1.17562 -8.74452
v 15.00009 0.00001 -8.79985
v 1.00010 -1.28759 -9.83774
v 1.00009 -1.19801 -9.04277
v 1.00009 -2.38097 -8.87184
v 1.00010 -2.55899 -9.65178
v 15.00010 -1.26519 -9.53949
v 15.00009 -2.51448 -9.35916
v 15.00009 -2.33646 -8.57922
v 15.00009 -1.17562 -8.74452
v 1.00010 -2.55899 -9.65178
v 1.00009 -2.38097 -8.87184
v 1.00009 -3.53398 -8.58933
v 1.00009 -3.79820 -9.34444
v 15.00009 -2.51448 -9.35916
v 15.00009 -3.73215 -9.06113
v 15.00008 -3.46792 -8.30603
v 15.00009 -2.33646 -8.57922
v 1.00009 -3.79820 -9.34444
v 1.00009 -3.53398 -8.58933
v 1.00008 -4.64255 -8.19881
v 1.00009 -4.98966 -8.91958
v 15.00009 -3.73215 -9.06113
v 15.00009 -4.90288 -8.64915
v 15.00008 -4.55577 -7.92838
v 15.00008 -3.46792 -8.30603
v 1.00009 -4.98966 -8.91958
v 1.00008 -4.64255 -8.19881
v 1.00008 -5.69274 -7.70518
v 1.00008 -6.11836 -8.38256
v 15.00009 -4.90288 -8.64915
v 15.00008 -6.01196 -8.12841
v 15.00008 -5.58633 -7.45103
v 15.00008 -4.55577 -7.92838
v 1.00008 -6.11836 -8.38256
v 1.00008 -5.69274 -7.70518
v 1.00007 -6.67134 -7.11466
v 1.00008 -7.17013 -7.74013
v 15.00008 -6.01196 -8.12841
v 15.00008 -7.04543 -7.50544
v 15.00007 -6.54664 -6.87997
v 15.00008 -5.58633 -7.45103
v 1.00008 -7.17013 -7.74013
v 1.00007 -6.67134 -7.11466
v 1.00007 -7.56604 -6.43467
v 1.00007 -8.13172 -7.00035
v 15.00008 -7.04543 -7.50544
v 15.00007 -7.99030 -6.78808
v 15.00006 -7.42462 -6.22239
v 15.00007 -6.54664 -6.87997
v 1.00007 -8.13172 -7.00035
v 1.00007 -7.56604 -6.43467
v 1.00006 -8.36559 -5.67375
v 1.00006 -8.99106 -6.17254
v 15.00007 -7.99030 -6.78808
v 15.00006 -8.83469 -5.98536
v 15.00006 -8.20923 -5.48656
v 15.00006 -7.42462 -6.22239
v 1.00006 -8.99106 -6.17254
v 1.00006 -8.36559 -5.67375
v 1.00005 -9.05995 -4.84149
v 1.00005 -9.73733 -5.26711
v 15.00006 -8.83469 -5.98536
v 15.00005 -9.56798 -5.10736
v 15.00005 -8.89060 -4.68174
v 15.00006 -8.20923 -5.48656
v 1.00005 -9.73733 -5.26711
v 1.00005 -9.05995 -4.84149
v 1.00004 -9.64036 -3.94834
v 1.00004 -10.36114 -4.29545
v 15.00005 -9.56798 -5.10736
v 15.00004 -10.18094 -4.16514
v 15.00004 -9.46017 -3.81803
v 15.00005 -8.89060 -4.68174
v 1.00004 -10.36114 -4.29545
v 1.00004 -9.64036 -3.94834
v 1.00003 -10.09955 -3.00553
v 1.00003 -10.85466 -3.26976
v 15.00004 -10.18094 -4.16514
v 15.00003 -10.66588 -3.17053
v 15.00003 -9.91077 -2.90631
v 15.00004 -9.46017 -3.81803
v 1.00003 -10.85466 -3.26976
v 1.00003 -10.09955 -3.00553
v 1.00002 -10.43173 -2.02494
v 1.00002 -11.21167 -2.20295
v 15.00003 -10.66588 -3.17053
v 15.00002 -11.01668 -2.13606
v 15.00002 -10.23674 -1.95804
v 15.00003 -9.91077 -2.90631
v 1.00002 -11.21167 -2.20295
v 1.00002 -10.43173 -2.02494
v 1.00001 -10.63272 -1.01887
v 1.00001 -11.42769 -1.10844
v 15.00002 -11.01668 -2.13606
v 15.00001 -11.22895 -1.07472
v 15.00001 -10.43398 -0.98514
v 15.00002 -10.23674 -1.95804
v 1.00001 -11.42769 -1.10844
v 1.00001 -10.63272 -1.01887
v 1.00000 -10.70000 0.00000
v 1.00000 -11.50000 0.00000
v 15.00001 -11.22895 -1.07472
v 15.00000 -11.30000 0.00014
v 15.00000 -10.50000 0.00014
v 15.00001 -10.43398 -0.98514
v 1.00000 -11.50000 0.00000
v 1.00000 -10.70000 0.00000
v 0.99999 -10.63272 1.01888
v 0.99999 -11.42769 1.10845
v 15.00000 -11.30000 0.00014
v 14.99999 -11.22895 1.07500
v 14.99999 -10.43398 0.98543
v 15.00000 -10.50000 0.00014
v 0.99999 -11.42769 1.10845
v 0.99999 -10.63272 1.01888
v 0.99998 -10.43173 2.02494
v 0.99998 -11.21167 2.20296
v 14.99999 -11.22895 1.07500
v 14.99998 -11.01668 2.13634
v 14.99998 -10.23674 1.95833
v 14.99999 -10.43398 0.98543
v 0.99998 -11.21167 2.20296
v 0.99998 -10.43173 2.02494
v 0.99997 -10.09955 3.00554
v 0.99997 -10.85466 3.26976
v 14.99998 -11.01668 2.13634
v 14.99997 -10.66588 3.17082
v 14.99997 -9.91078 2.90660
v 14.99998 -10.23674 1.95833
v 0.99997 -10.85466 3.26976
v 0.99997 -10.09955 3.00554
v 0.99996 -9.64037 3.94835
v 0.99996 -10.36114 4.29545
v 14.99997 -10.66588 3.17082
v 14.99996 -10.18095 4.16543
v 14.99996 -9.46017 3.81832
v 14.99997 -9.91078 2.90660
v 0.99996 -10.36114 4.29545
v 0.99996 -9.64037 3.94835
v 0.99995 -9.05995 4.84150
v 0.99995 -9.73733 5.26712
v 14.99996 -10.18095 4.16543
v 14.99995 -9.56799 5.10765
v 14.99995 -8.89061 4.68203
v 14.99996 -9.46017 3.81832
v 0.99995 -9.73733 5.26712
v 0.99995 -9.05995 4.84150
v 0.99994 -8.36560 5.67376
v 0.99994 -8.99107 6.17255
v 14.99995 -9.56799 5.10765
v 14.99994 -8.83470 5.98565
v 14.99995 -8.20923 5.48686
v 14.99995 -8.89061 4.68203
v 0.99994 -8.99107 6.17255
v 0.99994 -8.36560 5.67376
v 0.99994 -7.56605 6.43468
v 0.99993 -8.13173 7.00036
v 14.99994 -8.83470 5.98565
v 14.99993 -7.99031 6.78837
v 14.99994 -7.42462 6.22268
v 14.99995 -8.20923 5.48686
v 0.99993 -8.13173 7.00036
v 0.99994 -7.56605 6.43468
v 0.99993 -6.67134 7.11467
v 0.99992 -7.17014 7.74014
v 14.99993 -7.99031 6.78837
v 14.99993 -7.04544 7.50573
v 14.99993 -6.54664 6.88026
v 14.99994 -7.42462 6.22268
v 0.99992 -7.17014 7.74014
v 0.99993 -6.67134 7.11467
v 0.99992 -5.69274 7.70520
v 0.99992 -6.11837 8.38258
v 14.99993 -7.04544 7.50573
v 14.99992 -6.01196 8.12870
v 14.99993 -5.58634 7.45132
v 14.99993 -6.54664 6.88026
v 0.99992 -6.11837 8.38258
v 0.99992 -5.69274 7.70520
v 0.99992 -4.64256 8.19883
v 0.99991 -4.98966 8.91960
v 14.99992 -6.01196 8.12870
v 14.99991 -4.90289 8.64945
v 14.99992 -4.55578 7.92867
v 14.99993 -5.58634 7.45132
v 0.99991 -4.98966 8.91960
v 0.99992 -4.64256 8.19883
v 0.99991 -3.53399 8.58935
v 0.99991 -3.79822 9.34445
v 14.99991 -4.90289 8.64945
v 14.99991 -3.73216 9.06143
v 14.99992 -3.46793 8.30632
v 14.99992 -4.55578 7.92867
v 0.99991 -3.79822 9.34445
v 0.99991 -3.53399 8.58935
v 0.99991 -2.38098 8.87185
v 0.99990 -2.55900 9.65179
v 14.99991 -3.73216 9.06143
v 14.99991 -2.51449 9.35946
v 14.99991 -2.33647 8.57951
v 14.99992 -3.46793 8.30632
v 0.99990 -2.55900 9.65179
v 0.99991 -2.38098 8.87185
v 0.99991 -1.19803 9.04279
v 0.99990 -1.28760 9.83776
v 14.99991 -2.51449 9.35946
v 14.99990 -1.26521 9.53979
v 14.99991 -1.17564 8.74482
v 14.99991 -2.33647 8.57951
v 0.99990 -1.28760 9.83776
v 0.99991 -1.19803 9.04279
v 0.99991 -0.00000 9.10001
v 0.99990 -0.00001 9.90001
v 14.99990 -1.26521 9.53979
v 14.99990 -0.00000 9.60015
v 14.99991 -0.00000 8.80015
v 14.99991 -1.17564 8.74482
v 1.00010 0.00001 -9.89999
v 1.30010 0.00001 -10.09999
v 1.30009 0.00000 -9.29999
v 1.00009 0.00000 -9.09999
v 0.99991 -0.00000 9.10001
v 1.29991 -0.00001 9.30001
v 1.29990 -0.00001 10.10001
v 0.99990 -0.00001 9.90001
v 1.30010 0.00001 -10.09999
v 15.00010 0.00001 -9.59985
v 15.00009 0.00001 -8.79985
v 1.30009 0.00000 -9.29999
v 1.29991 -0.00001 9.30001
v 14.99991 -0.00000 8.80015
v 14.99990 -0.00000 9.60015
v 1.29990 -0.00001 10.10001
vt -0.001298 0.999802
vt 0.001050 0.999633
vt 0.001056 1.013390
vt -0.001515 0.999976
vt 0.000775 0.999473
vt 0.003142 1.013059
vt -0.001694 1.000151
vt 0.000481 0.999326
vt 0.005149 1.012405
vt -0.001832 1.000322
vt 0.000176 0.999197
vt 0.007029 1.011446
vt -0.001924 1.000486
vt -0.000134 0.999087
vt 0.008734 1.010204
vt -0.001968 1.000637
vt -0.000440 0.999000
vt 0.010223 1.008712
vt -0.001964 1.000772
vt -0.000735 0.998937
vt 0.011459 1.007007
vt -0.001912 1.000887
vt -0.001012 0.998900
vt 0.012413 1.005131
vt -0.001813 1.000981
vt -0.001264 0.998889
vt 0.013062 1.003129
vt -0.001669 1.001050
vt -0.001485 0.998906
vt 0.013390 1.001052
vt -0.001485 1.001094
vt -0.001669 0.998950
vt 0.013390 0.998948
vt -0.001264 1.001111
vt -0.001813 0.999019
vt 0.013062 0.996871
vt -0.001012 1.001100
vt -0.001912 0.999113
vt 0.012413 0.994869
vt -0.000735 1.001063
vt -0.001964 0.999228
vt 0.011459 0.992993
vt -0.000440 1.001001
vt -0.001968 0.999363
vt 0.010223 0.991288
vt -0.000134 1.000913
vt -0.001924 0.999514
vt 0.008734 0.989796
vt 0.000176 1.000803
vt -0.001832 0.999678
vt 0.007029 0.988554
vt 0.000481 1.000674
vt -0.001694 0.999849
vt 0.005149 0.987595
vt 0.000775 1.000527
vt -0.001515 1.000024
vt 0.003142 0.986941
vt 0.001050 1.000367
vt -0.001298 1.000198
vt 0.001056 0.986610
vt 0.001298 1.000198
vt -0.001050 1.000367
vt -0.001056 0.986610
vt 0.001515 1.000024
vt -0.000775 1.000527
vt -0.003142 0.986941
vt 0.001694 0.999849
vt -0.000481 1.000674
vt -0.005149 0.987595
vt 0.001832 0.999678
vt -0.000176 1.000803
vt -0.007029 0.988554
vt 0.001924 0.999514
vt 0.000134 1.000913
vt -0.008734 0.989796
vt 0.001968 0.999363
vt 0.000440 1.001001
vt -0.010223 0.991288
vt 0.001964 0.999228
vt 0.000735 1.001063
vt -0.011459 0.992993
vt 0.001912 0.999113
vt 0.001012 1.001100
vt -0.012413 0.994869
vt 0.001813 0.999019
vt 0.001264 1.001111
vt -0.013062 0.996871
vt 0.001669 0.998950
vt 0.001485 1.001094
vt -0.013390 0.998948
vt 0.001485 0.998906
vt 0.001670 1.001050
vt -0.013390 1.001052
vt 0.001264 0.998889
vt 0.001813 1.000981
vt -0.013062 1.003129
vt 0.001012 0.998900
vt 0.001912 1.000887
vt -0.012413 1.005131
vt 0.000735 0.998937
vt 0.001964 1.000772
vt -0.011459 1.007007
vt 0.000440 0.999000
vt 0.001968 1.000637
vt -0.010223 1.008712
vt 0.000134 0.999087
vt 0.001924 1.000486
vt -0.008734 1.010204
vt -0.000176 0.999197
vt 0.001832 1.000322
vt -0.007029 1.011446
vt -0.000481 0.999326
vt 0.001694 1.000151
vt -0.005149 1.012405
vt -0.000775 0.999473
vt 0.001515 0.999976
vt -0.003142 1.013059
vt -0.001050 0.999633
vt 0.001298 0.999802
vt -0.001056 1.013390
vt 0.000837 1.026426
vt -0.001528 1.012659
vt 0.003127 1.012316
vt 0.003185 1.026254
vt 0.004835 1.025926
vt 0.000108 1.012682
vt 0.004645 1.011665
vt 0.007123 1.025413
vt 0.008698 1.024769
vt 0.001737 1.012386
vt 0.006040 1.010722
vt 0.010868 1.023930
vt 0.012326 1.022993
vt 0.003316 1.011780
vt 0.007277 1.009514
vt 0.014323 1.021851
vt 0.015626 1.020652
vt 0.004803 1.010882
vt 0.008325 1.008076
vt 0.017402 1.019237
vt 0.018521 1.017814
vt 0.006163 1.009719
vt 0.009162 1.006445
vt 0.020033 1.016163
vt 0.020947 1.014555
vt 0.007364 1.008320
vt 0.009770 1.004662
vt 0.022161 1.012710
vt 0.022855 1.010960
vt 0.008382 1.006724
vt 0.010140 1.002771
vt 0.023742 1.008966
vt 0.024208 1.007115
vt 0.009195 1.004969
vt 0.010265 1.000817
vt 0.024748 1.005021
vt 0.024983 1.003110
vt 0.009787 1.003098
vt 0.010146 0.998846
vt 0.025164 1.000966
vt 0.025164 0.999034
vt 0.010146 1.001154
vt 0.009787 0.996902
vt 0.024983 0.996890
vt 0.024748 0.994979
vt 0.010265 0.999183
vt 0.009195 0.995031
vt 0.024208 0.992885
vt 0.023742 0.991034
vt 0.010140 0.997229
vt 0.008382 0.993276
vt 0.022855 0.989040
vt 0.022161 0.987290
vt 0.009771 0.995338
vt 0.007364 0.991680
vt 0.020947 0.985445
vt 0.020033 0.983837
vt 0.009162 0.993555
vt 0.006163 0.990281
vt 0.018521 0.982186
vt 0.017402 0.980763
vt 0.008325 0.991924
vt 0.004803 0.989118
vt 0.015626 0.979348
vt 0.014323 0.978149
vt 0.007277 0.990485
vt 0.003316 0.988220
vt 0.012326 0.977007
vt 0.010868 0.976070
vt 0.006040 0.989278
vt 0.001737 0.987614
vt 0.008698 0.975231
vt 0.007123 0.974587
vt 0.004645 0.988336
vt 0.000108 0.987318
vt 0.004835 0.974074
vt 0.003185 0.973746
vt 0.003127 0.987684
vt -0.001528 0.987341
vt 0.000837 0.973574
vt -0.000837 0.973574
vt 0.001528 0.987341
vt -0.003127 0.987684
vt -0.003185 0.973746
vt -0.004835 0.974074
vt -0.000108 0.987318
vt -0.004645 0.988336
vt -0.007123 0.974587
vt -0.008698 0.975231
vt -0.001737 0.987614
vt -0.006040 0.989278
vt -0.010868 0.976070
vt -0.012326 0.977007
vt -0.003316 0.988220
vt -0.007277 0.990485
vt -0.014323 0.978149
vt -0.015626 0.979348
vt -0.004803 0.989118
vt -0.008325 0.991924
vt -0.017402 0.980763
vt -0.018521 0.982186
vt -0.006163 0.990281
vt -0.009162 0.993555
vt -0.020033 0.983837
vt -0.020947 0.985445
vt -0.007364 0.991680
vt -0.009771 0.995338
vt -0.022161 0.987290
vt -0.022855 0.989041
vt -0.008382 0.993276
vt -0.010140 0.997229
vt -0.023742 0.991034
vt -0.024208 0.992885
vt -0.009195 0.995031
vt -0.010265 0.999183
vt -0.024748 0.994979
vt -0.024983 0.996890
vt -0.009787 0.996902
vt -0.010146 1.001154
vt -0.025164 0.999034
vt -0.025164 1.000966
vt -0.010146 0.998846
vt -0.009787 1.003098
vt -0.024983 1.003110
vt -0.024748 1.005021
vt -0.010265 1.000817
vt -0.009195 1.004969
vt -0.024208 1.007115
vt -0.023742 1.008966
vt -0.010140 1.002771
vt -0.008382 1.006724
vt -0.022855 1.010960
vt -0.022161 1.012710
vt -0.009770 1.004662
vt -0.007364 1.008320
vt -0.020947 1.014555
vt -0.020033 1.016163
vt -0.009162 1.006445
vt -0.006163 1.009719
vt -0.018521 1.017814
vt -0.017402 1.019237
vt -0.008325 1.008076
vt -0.004803 1.010882
vt -0.015626 1.020652
vt -0.014323 1.021851
vt -0.007277 1.009514
vt -0.003316 1.011780
vt -0.012325 1.022993
vt -0.010868 1.023930
vt -0.006040 1.010722
vt -0.001737 1.012386
vt -0.008698 1.024769
vt -0.007123 1.025413
vt -0.004645 1.011665
vt -0.000108 1.012682
vt -0.004835 1.025926
vt -0.003185 1.026254
vt -0.003127 1.012316
vt 0.001528 1.012659
vt -0.000837 1.026426
vt 0.000681 1.038823
vt -0.001709 1.024709
vt 0.005173 1.024182
vt 0.005336 1.038466
vt 0.006663 1.038131
vt 0.001791 1.024579
vt 0.008485 1.023015
vt 0.011190 1.037074
vt 0.012417 1.036427
vt 0.005215 1.023801
vt 0.011543 1.021254
vt 0.016696 1.034704
vt 0.017774 1.033788
vt 0.008460 1.022413
vt 0.014259 1.018963
vt 0.021696 1.031455
vt 0.022595 1.030322
vt 0.011440 1.020468
vt 0.016569 1.016222
vt 0.026064 1.027450
vt 0.026777 1.026155
vt 0.014087 1.018038
vt 0.018430 1.013116
vt 0.029715 1.022826
vt 0.030250 1.021417
vt 0.016353 1.015198
vt 0.019820 1.009730
vt 0.032594 1.017720
vt 0.032969 1.016238
vt 0.018207 1.012026
vt 0.020729 1.006148
vt 0.034675 1.012262
vt 0.034910 1.010738
vt 0.019627 1.008601
vt 0.021158 1.002450
vt 0.035945 1.006577
vt 0.036058 1.005030
vt 0.020599 1.004998
vt 0.021112 0.998710
vt 0.036405 1.000777
vt 0.036405 0.999223
vt 0.021112 1.001290
vt 0.020599 0.995002
vt 0.036058 0.994970
vt 0.035945 0.993423
vt 0.021158 0.997550
vt 0.019627 0.991399
vt 0.034910 0.989263
vt 0.034675 0.987738
vt 0.020729 0.993852
vt 0.018207 0.987974
vt 0.032969 0.983762
vt 0.032594 0.982281
vt 0.019820 0.990270
vt 0.016353 0.984802
vt 0.030250 0.978583
vt 0.029715 0.977174
vt 0.018430 0.986884
vt 0.014087 0.981962
vt 0.026777 0.973845
vt 0.026064 0.972550
vt 0.016569 0.983778
vt 0.011440 0.979532
vt 0.022595 0.969678
vt 0.021696 0.968545
vt 0.014259 0.981037
vt 0.008461 0.977587
vt 0.017774 0.966212
vt 0.016696 0.965296
vt 0.011543 0.978746
vt 0.005215 0.976199
vt 0.012417 0.963573
vt 0.011190 0.962926
vt 0.008485 0.976985
vt 0.001791 0.975421
vt 0.006663 0.961869
vt 0.005336 0.961534
vt 0.005173 0.975818
vt -0.001709 0.975291
vt 0.000681 0.961177
vt -0.000681 0.961177
vt 0.001709 0.975291
vt -0.005173 0.975818
vt -0.005336 0.961534
vt -0.006663 0.961869
vt -0.001791 0.975421
vt -0.008485 0.976985
vt -0.011190 0.962926
vt -0.012417 0.963573
vt -0.005215 0.976199
vt -0.011543 0.978746
vt -0.016696 0.965296
vt -0.017774 0.966212
vt -0.008461 0.977587
vt -0.014259 0.981037
vt -0.021696 0.968545
vt -0.022595 0.969678
vt -0.011440 0.979532
vt -0.016569 0.983778
vt -0.026064 0.972550
vt -0.026777 0.973845
vt -0.014087 0.981962
vt -0.018430 0.986884
vt -0.029715 0.977174
vt -0.030250 0.978583
vt -0.016354 0.984802
vt -0.019820 0.990270
vt -0.032594 0.982281
vt -0.032969 0.983762
vt -0.018207 0.987974
vt -0.020729 0.993852
vt -0.034675 0.987738
vt -0.034910 0.989263
vt -0.019627 0.991399
vt -0.021158 0.997550
vt -0.035945 0.993423
vt -0.036058 0.994970
vt -0.020599 0.995002
vt -0.021112 1.001290
vt -0.036405 0.999223
vt -0.036405 1.000777
vt -0.021112 0.998710
vt -0.020599 1.004998
vt -0.036058 1.005030
vt -0.035945 1.006577
vt -0.021158 1.002450
vt -0.019627 1.008601
vt -0.034910 1.010738
vt -0.034675 1.012263
vt -0.020729 1.006148
vt -0.018207 1.012027
vt -0.032969 1.016238
vt -0.032594 1.017720
vt -0.019820 1.009730
vt -0.016353 1.015198
vt -0.030250 1.021418
vt -0.029715 1.022826
vt -0.018430 1.013116
vt -0.014087 1.018038
vt -0.026777 1.026155
vt -0.026064 1.027450
vt -0.016569 1.016222
vt -0.011440 1.020468
vt -0.022595 1.030322
vt -0.021696 1.031455
vt -0.014259 1.018963
vt -0.008460 1.022413
vt -0.017774 1.033788
vt -0.016696 1.034704
vt -0.011543 1.021254
vt -0.005215 1.023801
vt -0.012417 1.036427
vt -0.011190 1.037074
vt -0.008485 1.023015
vt -0.001791 1.024579
vt -0.006662 1.038131
vt -0.005336 1.038466
vt -0.005173 1.024182
vt 0.001709 1.024709
vt -0.000681 1.038823
vt 0.000632 1.050128
vt -0.001802 1.035525
vt 0.007186 1.034792
vt 0.007512 1.049567
vt 0.008710 1.049206
vt 0.003605 1.035228
vt 0.012321 1.033062
vt 0.015381 1.047549
vt 0.016398 1.046880
vt 0.008817 1.033936
vt 0.017009 1.030429
vt 0.022668 1.044196
vt 0.023433 1.043308
vt 0.013651 1.031739
vt 0.021102 1.027030
vt 0.029136 1.039704
vt 0.029632 1.038693
vt 0.017975 1.028761
vt 0.024511 1.023021
vt 0.034634 1.034299
vt 0.034893 1.033250
vt 0.021712 1.025141
vt 0.027200 1.018551
vt 0.039094 1.028206
vt 0.039178 1.027176
vt 0.024826 1.021010
vt 0.029174 1.013755
vt 0.042505 1.021624
vt 0.042486 1.020642
vt 0.027310 1.016488
vt 0.030454 1.008745
vt 0.044892 1.014716
vt 0.044837 1.013788
vt 0.029172 1.011678
vt 0.031072 1.003617
vt 0.046292 1.007618
vt 0.046251 1.006728
vt 0.030419 1.006671
vt 0.031055 0.998452
vt 0.046737 1.000438
vt 0.046737 0.999562
vt 0.031055 1.001548
vt 0.030419 0.993329
vt 0.046251 0.993272
vt 0.046292 0.992382
vt 0.031072 0.996384
vt 0.029172 0.988322
vt 0.044837 0.986212
vt 0.044892 0.985284
vt 0.030454 0.991255
vt 0.027311 0.983512
vt 0.042486 0.979358
vt 0.042505 0.978377
vt 0.029174 0.986245
vt 0.024826 0.978990
vt 0.039178 0.972824
vt 0.039094 0.971794
vt 0.027201 0.981449
vt 0.021712 0.974859
vt 0.034893 0.966750
vt 0.034634 0.965701
vt 0.024511 0.976979
vt 0.017975 0.971239
vt 0.029632 0.961307
vt 0.029136 0.960296
vt 0.021102 0.972970
vt 0.013651 0.968261
vt 0.023433 0.956692
vt 0.022668 0.955804
vt 0.017009 0.969571
vt 0.008817 0.966064
vt 0.016398 0.953120
vt 0.015381 0.952452
vt 0.012321 0.966938
vt 0.003605 0.964772
vt 0.008710 0.950794
vt 0.007512 0.950433
vt 0.007186 0.965208
vt -0.001802 0.964475
vt 0.000632 0.949872
vt -0.000632 0.949872
vt 0.001802 0.964475
vt -0.007186 0.965208
vt -0.007512 0.950433
vt -0.008710 0.950794
vt -0.003605 0.964772
vt -0.012321 0.966938
vt -0.015381 0.952452
vt -0.016398 0.953120
vt -0.008817 0.966064
vt -0.017009 0.969571
vt -0.022668 0.955804
vt -0.023433 0.956692
vt -0.013651 0.968261
vt -0.021102 0.972970
vt -0.029136 0.960296
vt -0.029632 0.961307
vt -0.017975 0.971239
vt -0.024511 0.976979
vt -0.034634 0.965701
vt -0.034893 0.966750
vt -0.021712 0.974859
vt -0.027201 0.981449
vt -0.039094 0.971794
vt -0.039178 0.972824
vt -0.024826 0.978990
vt -0.029174 0.986245
vt -0.042505 0.978377
vt -0.042486 0.979358
vt -0.027311 0.983512
vt -0.030454 0.991255
vt -0.044892 0.985284
vt -0.044837 0.986212
vt -0.029172 0.988322
vt -0.031072 0.996384
vt -0.046292 0.992383
vt -0.046251 0.993272
vt -0.030419 0.993329
vt -0.031055 1.001548
vt -0.046737 0.999562
vt -0.046737 1.000438
vt -0.031055 0.998453
vt -0.030419 1.006671
vt -0.046251 1.006728
vt -0.046292 1.007618
vt -0.031072 1.003617
vt -0.029172 1.011678
vt -0.044837 1.013788
vt -0.044892 1.014716
vt -0.030454 1.008745
vt -0.027310 1.016488
vt -0.042486 1.020643
vt -0.042505 1.021624
vt -0.029174 1.013755
vt -0.024826 1.021010
vt -0.039178 1.027176
vt -0.039094 1.028206
vt -0.027200 1.018551
vt -0.021712 1.025141
vt -0.034893 1.033250
vt -0.034634 1.034300
vt -0.024511 1.023021
vt -0.017975 1.028761
vt -0.029632 1.038693
vt -0.029136 1.039704
vt -0.021102 1.027030
vt -0.013650 1.031739
vt -0.023433 1.043308
vt -0.022668 1.044196
vt -0.017009 1.030429
vt -0.008817 1.033936
vt -0.016398 1.046880
vt -0.015381 1.047549
vt -0.012321 1.033062
vt -0.003605 1.035228
vt -0.008710 1.049206
vt -0.007512 1.049567
vt -0.007186 1.034792
vt 0.001802 1.035525
vt -0.000632 1.050128
vt 0.000748 1.059945
vt -0.001760 1.044745
vt 0.009177 1.043774
vt 0.009731 1.059147
vt 0.011090 1.058727
vt 0.005641 1.044248
vt 0.016196 1.041391
vt 0.019759 1.056381
vt 0.020757 1.055659
vt 0.012634 1.042372
vt 0.022469 1.037791
vt 0.028835 1.051896
vt 0.029364 1.051054
vt 0.018933 1.039318
vt 0.027779 1.033244
vt 0.036630 1.046065
vt 0.036709 1.045277
vt 0.024379 1.035329
vt 0.032046 1.028024
vt 0.043006 1.039277
vt 0.042746 1.038662
vt 0.028925 1.030638
vt 0.035290 1.022362
vt 0.047974 1.031864
vt 0.047527 1.031476
vt 0.032596 1.025436
vt 0.037587 1.016429
vt 0.051626 1.024079
vt 0.051143 1.023913
vt 0.035451 1.019870
vt 0.039032 1.010347
vt 0.054083 1.016091
vt 0.053689 1.016104
vt 0.037552 1.014049
vt 0.039705 1.004198
vt 0.055457 1.008013
vt 0.055238 1.008139
vt 0.038949 1.008056
vt 0.039667 0.998045
vt 0.055828 0.999917
vt 0.055828 1.000083
vt 0.039667 1.001955
vt 0.038949 0.991944
vt 0.055238 0.991861
vt 0.055457 0.991988
vt 0.039705 0.995803
vt 0.037553 0.985951
vt 0.053689 0.983897
vt 0.054084 0.983909
vt 0.039032 0.989654
vt 0.035451 0.980131
vt 0.051143 0.976088
vt 0.051626 0.975922
vt 0.037587 0.983571
vt 0.032596 0.974565
vt 0.047527 0.968524
vt 0.047974 0.968136
vt 0.035290 0.977639
vt 0.028925 0.969362
vt 0.042746 0.961339
vt 0.043006 0.960724
vt 0.032046 0.971976
vt 0.024379 0.964671
vt 0.036709 0.954724
vt 0.036630 0.953935
vt 0.027780 0.966756
vt 0.018934 0.960682
vt 0.029364 0.948946
vt 0.028835 0.948104
vt 0.022469 0.962209
vt 0.012634 0.957628
vt 0.020758 0.944341
vt 0.019759 0.943619
vt 0.016196 0.958609
vt 0.005641 0.955752
vt 0.011090 0.941273
vt 0.009731 0.940853
vt 0.009177 0.956226
vt -0.001760 0.955255
vt 0.000748 0.940055
vt -0.000748 0.940055
vt 0.001760 0.955255
vt -0.009177 0.956226
vt -0.009731 0.940853
vt -0.011090 0.941273
vt -0.005641 0.955752
vt -0.016196 0.958609
vt -0.019760 0.943619
vt -0.020758 0.944341
vt -0.012635 0.957628
vt -0.022469 0.962209
vt -0.028835 0.948104
vt -0.029364 0.948946
vt -0.018934 0.960682
vt -0.027780 0.966756
vt -0.036630 0.953935
vt -0.036709 0.954724
vt -0.024379 0.964671
vt -0.032046 0.971976
vt -0.043006 0.960724
vt -0.042747 0.961339
vt -0.028925 0.969362
vt -0.035290 0.977639
vt -0.047974 0.968136
vt -0.047527 0.968524
vt -0.032597 0.974565
vt -0.037588 0.983571
vt -0.051626 0.975922
vt -0.051143 0.976088
vt -0.035451 0.980131
vt -0.039032 0.989654
vt -0.054084 0.983910
vt -0.053689 0.983897
vt -0.037553 0.985951
vt -0.039705 0.995803
vt -0.055457 0.991988
vt -0.055238 0.991861
vt -0.038949 0.991945
vt -0.039667 1.001955
vt -0.055828 1.000083
vt -0.055828 0.999917
vt -0.039667 0.998045
vt -0.038949 1.008056
vt -0.055238 1.008139
vt -0.055457 1.008013
vt -0.039705 1.004198
vt -0.037552 1.014049
vt -0.053689 1.016104
vt -0.054083 1.016091
vt -0.039032 1.010347
vt -0.035451 1.019870
vt -0.051143 1.023913
vt -0.051626 1.024079
vt -0.037587 1.016429
vt -0.032596 1.025436
vt -0.047527 1.031476
vt -0.047974 1.031864
vt -0.035290 1.022362
vt -0.028925 1.030638
vt -0.042746 1.038662
vt -0.043006 1.039277
vt -0.032046 1.028024
vt -0.024379 1.035329
vt -0.036709 1.045277
vt -0.036630 1.046065
vt -0.027779 1.033244
vt -0.018933 1.039318
vt -0.029364 1.051054
vt -0.028835 1.051896
vt -0.022469 1.037791
vt -0.012634 1.042372
vt -0.020757 1.055659
vt -0.019759 1.056381
vt -0.016196 1.041391
vt -0.005640 1.044248
vt -0.011090 1.058727
vt -0.009731 1.059147
vt -0.009177 1.043774
vt 0.001760 1.044745
vt -0.000748 1.059945
vt 0.001107 1.067953
vt -0.001520 1.052093
vt 0.011171 1.050832
vt 0.012033 1.066868
vt 0.013964 1.066318
vt 0.008022 1.051323
vt 0.020179 1.047645
vt 0.024431 1.063152
vt 0.025647 1.062315
vt 0.016783 1.048740
vt 0.027962 1.042926
vt 0.035272 1.057310
vt 0.035629 1.056549
vt 0.024350 1.044757
vt 0.034247 1.037182
vt 0.044149 1.050027
vt 0.043769 1.049630
vt 0.030597 1.039804
vt 0.039035 1.030856
vt 0.051033 1.041926
vt 0.050178 1.042029
vt 0.035587 1.034225
vt 0.042488 1.024255
vt 0.056119 1.033446
vt 0.055075 1.034053
vt 0.039470 1.028250
vt 0.044815 1.017552
vt 0.059677 1.024843
vt 0.058687 1.025876
vt 0.042407 1.022022
vt 0.046206 1.010833
vt 0.061958 1.016242
vt 0.061203 1.017585
vt 0.044536 1.015626
vt 0.046806 1.004136
vt 0.063157 1.007693
vt 0.062752 1.009221
vt 0.045953 1.009114
vt 0.046707 0.997481
vt 0.063402 0.999206
vt 0.063402 1.000795
vt 0.046707 1.002519
vt 0.045953 0.990886
vt 0.062752 0.990780
vt 0.063157 0.992308
vt 0.046806 0.995865
vt 0.044537 0.984374
vt 0.061203 0.982416
vt 0.061958 0.983758
vt 0.046206 0.989168
vt 0.042408 0.977978
vt 0.058688 0.974125
vt 0.059677 0.975158
vt 0.044815 0.982448
vt 0.039470 0.971750
vt 0.055075 0.965948
vt 0.056120 0.966555
vt 0.042488 0.975745
vt 0.035587 0.965775
vt 0.050178 0.957971
vt 0.051033 0.958074
vt 0.039035 0.969144
vt 0.030598 0.960196
vt 0.043769 0.950370
vt 0.044149 0.949973
vt 0.034247 0.962819
vt 0.024351 0.955243
vt 0.035629 0.943451
vt 0.035272 0.942690
vt 0.027963 0.957074
vt 0.016783 0.951260
vt 0.025647 0.937685
vt 0.024431 0.936848
vt 0.020179 0.952355
vt 0.008022 0.948677
vt 0.013965 0.933682
vt 0.012033 0.933132
vt 0.011171 0.949168
vt -0.001520 0.947907
vt 0.001107 0.932047
vt -0.001107 0.932047
vt 0.001520 0.947907
vt -0.011171 0.949168
vt -0.012033 0.933132
vt -0.013965 0.933682
vt -0.008022 0.948677
vt -0.020179 0.952355
vt -0.024431 0.936848
vt -0.025647 0.937685
vt -0.016783 0.951260
vt -0.027963 0.957074
vt -0.035272 0.942690
vt -0.035630 0.943451
vt -0.024351 0.955243
vt -0.034247 0.962819
vt -0.044149 0.949973
vt -0.043769 0.950370
vt -0.030598 0.960196
vt -0.039035 0.969144
vt -0.051033 0.958074
vt -0.050178 0.957971
vt -0.035587 0.965775
vt -0.042489 0.975746
vt -0.056120 0.966555
vt -0.055075 0.965948
vt -0.039470 0.971750
vt -0.044815 0.982449
vt -0.059677 0.975158
vt -0.058688 0.974125
vt -0.042408 0.977978
vt -0.046206 0.989168
vt -0.061958 0.983759
vt -0.061203 0.982416
vt -0.044537 0.984374
vt -0.046806 0.995865
vt -0.063157 0.992308
vt -0.062752 0.990780
vt -0.045953 0.990886
vt -0.046707 1.002519
vt -0.063402 1.000795
vt -0.063402 0.999206
vt -0.046707 0.997481
vt -0.045953 1.009114
vt -0.062752 1.009221
vt -0.063157 1.007693
vt -0.046806 1.004136
vt -0.044536 1.015626
vt -0.061203 1.017585
vt -0.061958 1.016242
vt -0.046206 1.010833
vt -0.042407 1.022022
vt -0.058687 1.025876
vt -0.059677 1.024843
vt -0.044815 1.017552
vt -0.039470 1.028250
vt -0.055075 1.034053
vt -0.056119 1.033446
vt -0.042488 1.024255
vt -0.035587 1.034225
vt -0.050178 1.042030
vt -0.051033 1.041926
vt -0.039035 1.030856
vt -0.030597 1.039804
vt -0.043769 1.049630
vt -0.044149 1.050027
vt -0.034247 1.037182
vt -0.024350 1.044757
vt -0.035629 1.056549
vt -0.035272 1.057310
vt -0.027962 1.042926
vt -0.016782 1.048740
vt -0.025647 1.062315
vt -0.024430 1.063152
vt -0.020179 1.047645
vt -0.008022 1.051323
vt -0.013964 1.066318
vt -0.012033 1.066868
vt -0.011171 1.050832
vt 0.001520 1.052093
vt -0.001107 1.067953
vt 0.001831 1.073921
vt -0.000990 1.057388
vt 0.013226 1.055759
vt 0.014502 1.072469
vt 0.017582 1.071642
vt 0.010936 1.056199
vt 0.024392 1.051507
vt 0.029574 1.067460
vt 0.031264 1.066400
vt 0.021407 1.052701
vt 0.033536 1.045438
vt 0.042074 1.059927
vt 0.042266 1.059331
vt 0.029921 1.047706
vt 0.040416 1.038468
vt 0.051620 1.051098
vt 0.050694 1.051375
vt 0.036524 1.041901
vt 0.045282 1.031240
vt 0.058501 1.041873
vt 0.056979 1.043097
vt 0.041519 1.035712
vt 0.048553 1.024069
vt 0.063249 1.032720
vt 0.061584 1.034762
vt 0.045245 1.029349
vt 0.050616 1.017054
vt 0.066371 1.023805
vt 0.064889 1.026461
vt 0.047986 1.022898
vt 0.051764 1.010191
vt 0.068256 1.015135
vt 0.067168 1.018200
vt 0.049949 1.016390
vt 0.052191 1.003442
vt 0.069167 1.006660
vt 0.068595 1.009955
vt 0.051266 1.009833
vt 0.052010 0.996775
vt 0.069258 0.998316
vt 0.069258 1.001685
vt 0.052010 1.003226
vt 0.051267 0.990167
vt 0.068595 0.990046
vt 0.069167 0.993341
vt 0.052191 0.996558
vt 0.049949 0.983610
vt 0.067169 0.981801
vt 0.068257 0.984866
vt 0.051764 0.989810
vt 0.047986 0.977102
vt 0.064889 0.973540
vt 0.066371 0.976196
vt 0.050616 0.982946
vt 0.045245 0.970652
vt 0.061584 0.965239
vt 0.063249 0.967281
vt 0.048553 0.975932
vt 0.041519 0.964289
vt 0.056980 0.956904
vt 0.058501 0.958128
vt 0.045283 0.968761
vt 0.036525 0.958100
vt 0.050695 0.948626
vt 0.051621 0.948903
vt 0.040417 0.961532
vt 0.029921 0.952295
vt 0.042266 0.940669
vt 0.042075 0.940073
vt 0.033537 0.954562
vt 0.021408 0.947299
vt 0.031265 0.933600
vt 0.029575 0.932540
vt 0.024392 0.948494
vt 0.010937 0.943801
vt 0.017582 0.928358
vt 0.014502 0.927531
vt 0.013226 0.944241
vt -0.000990 0.942612
vt 0.001831 0.926079
vt -0.001831 0.926079
vt 0.000990 0.942612
vt -0.013226 0.944241
vt -0.014502 0.927531
vt -0.017582 0.928358
vt -0.010937 0.943801
vt -0.024392 0.948494
vt -0.029575 0.932540
vt -0.031265 0.933600
vt -0.021408 0.947299
vt -0.033537 0.954562
vt -0.042075 0.940074
vt -0.042266 0.940670
vt -0.029922 0.952295
vt -0.040417 0.961533
vt -0.051621 0.948903
vt -0.050695 0.948626
vt -0.036525 0.958100
vt -0.045283 0.968761
vt -0.058501 0.958128
vt -0.056980 0.956904
vt -0.041519 0.964289
vt -0.048553 0.975932
vt -0.063249 0.967281
vt -0.061584 0.965239
vt -0.045245 0.970652
vt -0.050616 0.982946
vt -0.066371 0.976196
vt -0.064890 0.973540
vt -0.047986 0.977103
vt -0.051764 0.989810
vt -0.068257 0.984866
vt -0.067169 0.981801
vt -0.049949 0.983610
vt -0.052191 0.996558
vt -0.069167 0.993341
vt -0.068595 0.990046
vt -0.051267 0.990167
vt -0.052010 1.003226
vt -0.069258 1.001685
vt -0.069258 0.998316
vt -0.052010 0.996775
vt -0.051266 1.009833
vt -0.068595 1.009955
vt -0.069167 1.006660
vt -0.052191 1.003442
vt -0.049949 1.016390
vt -0.067168 1.018200
vt -0.068256 1.015135
vt -0.051764 1.010191
vt -0.047986 1.022898
vt -0.064889 1.026461
vt -0.066371 1.023805
vt -0.050616 1.017054
vt -0.045245 1.029349
vt -0.061584 1.034763
vt -0.063249 1.032720
vt -0.048553 1.024069
vt -0.041519 1.035712
vt -0.056979 1.043097
vt -0.058501 1.041873
vt -0.045282 1.031240
vt -0.036524 1.041901
vt -0.050694 1.051375
vt -0.051620 1.051098
vt -0.040416 1.038468
vt -0.029921 1.047706
vt -0.042266 1.059331
vt -0.042074 1.059927
vt -0.033536 1.045438
vt -0.021407 1.052701
vt -0.031264 1.066400
vt -0.029574 1.067460
vt -0.024392 1.051507
vt -0.010936 1.056199
vt -0.017582 1.071642
vt -0.014501 1.072469
vt -0.013226 1.055759
vt 0.000990 1.057388
vt -0.001831 1.073921
vt 0.003134 1.077706
vt -0.000011 1.060547
vt 0.015463 1.058419
vt 0.017310 1.075757
vt 0.022344 1.074345
vt 0.014682 1.058640
vt 0.029033 1.052639
vt 0.035491 1.068847
vt 0.037849 1.067399
vt 0.026681 1.053901
vt 0.039219 1.044906
vt 0.049335 1.059159
vt 0.049239 1.058939
vt 0.035602 1.047850
vt 0.046111 1.036785
vt 0.058866 1.048802
vt 0.057270 1.050228
vt 0.041976 1.041439
vt 0.050511 1.029032
vt 0.065089 1.038862
vt 0.062880 1.041754
vt 0.046497 1.035049
vt 0.053208 1.021806
vt 0.069028 1.029622
vt 0.066807 1.033602
vt 0.049721 1.028763
vt 0.054768 1.015016
vt 0.071430 1.021009
vt 0.069554 1.025712
vt 0.052034 1.022557
vt 0.055546 1.008519
vt 0.072772 1.012852
vt 0.071439 1.017989
vt 0.053680 1.016388
vt 0.055750 1.002194
vt 0.073335 1.004986
vt 0.072647 1.010349
vt 0.054807 1.010223
vt 0.055491 0.995962
vt 0.073274 0.997285
vt 0.073274 1.002717
vt 0.055491 1.004039
vt 0.054807 0.989777
vt 0.072648 0.989652
vt 0.073336 0.995015
vt 0.055751 0.997807
vt 0.053680 0.983613
vt 0.071439 0.982012
vt 0.072772 0.987150
vt 0.055546 0.991482
vt 0.052034 0.977444
vt 0.069555 0.974290
vt 0.071430 0.978992
vt 0.054768 0.984985
vt 0.049722 0.971238
vt 0.066808 0.966399
vt 0.069028 0.970380
vt 0.053208 0.978195
vt 0.046497 0.964952
vt 0.062880 0.958247
vt 0.065089 0.961140
vt 0.050511 0.970969
vt 0.041977 0.958562
vt 0.057271 0.949773
vt 0.058867 0.951199
vt 0.046112 0.963216
vt 0.035603 0.952150
vt 0.049240 0.941062
vt 0.049336 0.940842
vt 0.039220 0.955095
vt 0.026681 0.946100
vt 0.037850 0.932602
vt 0.035491 0.931153
vt 0.029034 0.947361
vt 0.014683 0.941360
vt 0.022345 0.925656
vt 0.017310 0.924243
vt 0.015464 0.941581
vt -0.000011 0.939453
vt 0.003134 0.922294
vt -0.003134 0.922294
vt 0.000010 0.939453
vt -0.015464 0.941581
vt -0.017310 0.924243
vt -0.022345 0.925656
vt -0.014683 0.941360
vt -0.029034 0.947361
vt -0.035491 0.931153
vt -0.037850 0.932602
vt -0.026681 0.946100
vt -0.039220 0.955095
vt -0.049336 0.940842
vt -0.049240 0.941062
vt -0.035603 0.952150
vt -0.046112 0.963216
vt -0.058867 0.951199
vt -0.057271 0.949773
vt -0.041977 0.958562
vt -0.050511 0.970969
vt -0.065089 0.961140
vt -0.062880 0.958247
vt -0.046497 0.964952
vt -0.053208 0.978195
vt -0.069028 0.970380
vt -0.066808 0.966399
vt -0.049722 0.971238
vt -0.054768 0.984985
vt -0.071430 0.978992
vt -0.069555 0.974290
vt -0.052034 0.977444
vt -0.055546 0.991482
vt -0.072772 0.987150
vt -0.071439 0.982012
vt -0.053680 0.983613
vt -0.055751 0.997807
vt -0.073336 0.995015
vt -0.072648 0.989652
vt -0.054807 0.989778
vt -0.055491 1.004039
vt -0.073274 1.002717
vt -0.073274 0.997285
vt -0.055491 0.995962
vt -0.054807 1.010224
vt -0.072647 1.010349
vt -0.073335 1.004986
vt -0.055750 1.002194
vt -0.053680 1.016388
vt -0.071439 1.017989
vt -0.072772 1.012852
vt -0.055546 1.008519
vt -0.052034 1.022557
vt -0.069554 1.025712
vt -0.071430 1.021009
vt -0.054768 1.015016
vt -0.049721 1.028763
vt -0.066807 1.033602
vt -0.069028 1.029622
vt -0.053208 1.021806
vt -0.046497 1.035049
vt -0.062880 1.041754
vt -0.065088 1.038862
vt -0.050511 1.029032
vt -0.041976 1.041439
vt -0.057270 1.050228
vt -0.058866 1.048802
vt -0.046111 1.036785
vt -0.035602 1.047850
vt -0.049239 1.058939
vt -0.049335 1.059159
vt -0.039219 1.044906
vt -0.026680 1.053901
vt -0.037849 1.067399
vt -0.035490 1.068847
vt -0.029033 1.052639
vt -0.014682 1.058640
vt -0.022344 1.074345
vt -0.017309 1.075757
vt -0.015463 1.058419
vt 0.000011 1.060547
vt -0.003134 1.077706
vt 0.005447 1.079238
vt 0.001736 1.061574
vt 0.018151 1.058711
vt 0.020834 1.076555
vt 0.028929 1.073878
vt 0.019760 1.058310
vt 0.034421 1.050538
vt 0.042672 1.066593
vt 0.045618 1.064604
vt 0.032749 1.051882
vt 0.044932 1.040812
vt 0.057038 1.054227
vt 0.056335 1.054926
vt 0.041209 1.044927
vt 0.050982 1.031908
vt 0.065497 1.042722
vt 0.063132 1.046061
vt 0.046656 1.038394
vt 0.054338 1.024287
vt 0.070333 1.032836
vt 0.067549 1.038075
vt 0.050256 1.032361
vt 0.056161 1.017666
vt 0.073084 1.024301
vt 0.070510 1.030730
vt 0.052720 1.026669
vt 0.057091 1.011673
vt 0.074608 1.016673
vt 0.072541 1.023782
vt 0.054454 1.021159
vt 0.057466 1.006019
vt 0.075364 1.009590
vt 0.073940 1.017054
vt 0.055694 1.015725
vt 0.057459 1.000526
vt 0.075594 1.002806
vt 0.074871 1.010432
vt 0.056571 1.010316
vt 0.057152 0.995095
vt 0.075417 0.996165
vt 0.075416 1.003836
vt 0.057152 1.004905
vt 0.056571 0.989685
vt 0.074872 0.989569
vt 0.075594 0.997195
vt 0.057459 0.999475
vt 0.055694 0.984276
vt 0.073940 0.982947
vt 0.075364 0.990411
vt 0.057466 0.993982
vt 0.054455 0.978842
vt 0.072542 0.976219
vt 0.074608 0.983329
vt 0.057092 0.988328
vt 0.052720 0.973332
vt 0.070510 0.969271
vt 0.073084 0.975701
vt 0.056161 0.982335
vt 0.050257 0.967640
vt 0.067550 0.961926
vt 0.070334 0.967165
vt 0.054338 0.975715
vt 0.046657 0.961607
vt 0.063133 0.953941
vt 0.065497 0.957279
vt 0.050983 0.968093
vt 0.041210 0.955074
vt 0.056337 0.945076
vt 0.057039 0.945774
vt 0.044933 0.959189
vt 0.032750 0.948119
vt 0.045619 0.935397
vt 0.042673 0.933408
vt 0.034422 0.949463
vt 0.019761 0.941690
vt 0.028930 0.926122
vt 0.020835 0.923445
vt 0.018152 0.941289
vt 0.001736 0.938426
vt 0.005447 0.920762
vt -0.005448 0.920762
vt -0.001736 0.938426
vt -0.018152 0.941289
vt -0.020835 0.923445
vt -0.028931 0.926122
vt -0.019761 0.941690
vt -0.034422 0.949463
vt -0.042673 0.933408
vt -0.045620 0.935397
vt -0.032750 0.948119
vt -0.044933 0.959189
vt -0.057039 0.945774
vt -0.056337 0.945076
vt -0.041210 0.955074
vt -0.050983 0.968093
vt -0.065498 0.957279
vt -0.063133 0.953941
vt -0.046657 0.961607
vt -0.054338 0.975715
vt -0.070334 0.967165
vt -0.067550 0.961926
vt -0.050257 0.967640
vt -0.056161 0.982335
vt -0.073084 0.975701
vt -0.070511 0.969271
vt -0.052720 0.973332
vt -0.057092 0.988329
vt -0.074608 0.983329
vt -0.072542 0.976219
vt -0.054455 0.978842
vt -0.057466 0.993982
vt -0.075364 0.990411
vt -0.073940 0.982947
vt -0.055694 0.984276
vt -0.057459 0.999475
vt -0.075594 0.997195
vt -0.074872 0.989569
vt -0.056571 0.989685
vt -0.057152 1.004906
vt -0.075416 1.003836
vt -0.075417 0.996165
vt -0.057152 0.995095
vt -0.056571 1.010316
vt -0.074871 1.010432
vt -0.075594 1.002806
vt -0.057459 1.000526
vt -0.055694 1.015725
vt -0.073940 1.017054
vt -0.075364 1.009590
vt -0.057466 1.006019
vt -0.054454 1.021159
vt -0.072541 1.023782
vt -0.074608 1.016673
vt -0.057091 1.011673
vt -0.052720 1.026669
vt -0.070510 1.030730
vt -0.073084 1.024301
vt -0.056161 1.017666
vt -0.050256 1.032361
vt -0.067549 1.038075
vt -0.070333 1.032836
vt -0.054338 1.024287
vt -0.046656 1.038394
vt -0.063132 1.046061
vt -0.065497 1.042722
vt -0.050982 1.031908
vt -0.041209 1.044927
vt -0.056335 1.054926
vt -0.057038 1.054228
vt -0.044932 1.040812
vt -0.032749 1.051882
vt -0.045618 1.064604
vt -0.042672 1.066593
vt -0.034421 1.050538
vt -0.019760 1.058310
vt -0.028929 1.073878
vt -0.020834 1.076555
vt -0.018151 1.058711
vt -0.001736 1.061574
vt -0.005447 1.079238
vt 0.009821 1.078386
vt 0.005023 1.060474
vt 0.021957 1.056379
vt 0.026017 1.074469
vt 0.038441 1.069001
vt 0.026983 1.054409
vt 0.040962 1.044135
vt 0.051812 1.059175
vt 0.054501 1.056967
vt 0.039532 1.045980
vt 0.050237 1.032505
vt 0.064740 1.044079
vt 0.062980 1.046960
vt 0.046278 1.038804
vt 0.054392 1.023844
vt 0.070742 1.032652
vt 0.067737 1.039010
vt 0.050133 1.032977
vt 0.056288 1.017353
vt 0.073624 1.024065
vt 0.070624 1.032372
vt 0.052520 1.027977
vt 0.057147 1.012080
vt 0.075049 1.017168
vt 0.072499 1.026464
vt 0.054107 1.023383
vt 0.057485 1.007406
vt 0.075730 1.011182
vt 0.073779 1.020922
vt 0.055220 1.018948
vt 0.057527 1.002976
vt 0.075985 1.005645
vt 0.074678 1.015550
vt 0.056032 1.014552
vt 0.057377 0.998610
vt 0.075965 1.000303
vt 0.075311 1.010250
vt 0.056634 1.010155
vt 0.057077 0.994237
vt 0.075734 0.995025
vt 0.075734 1.004977
vt 0.057077 1.005764
vt 0.056635 0.989846
vt 0.075311 0.989752
vt 0.075965 0.999699
vt 0.057377 1.001391
vt 0.056032 0.985449
vt 0.074678 0.984451
vt 0.075985 0.994356
vt 0.057527 0.997025
vt 0.055220 0.981053
vt 0.073779 0.979079
vt 0.075730 0.988820
vt 0.057485 0.992595
vt 0.054107 0.976618
vt 0.072500 0.973538
vt 0.075050 0.982834
vt 0.057147 0.987921
vt 0.052521 0.972024
vt 0.070625 0.967629
vt 0.073624 0.975937
vt 0.056288 0.982648
vt 0.050134 0.967024
vt 0.067738 0.960992
vt 0.070742 0.967350
vt 0.054393 0.976157
vt 0.046279 0.961198
vt 0.062981 0.953042
vt 0.064741 0.955923
vt 0.050238 0.967496
vt 0.039533 0.954021
vt 0.054503 0.943035
vt 0.051813 0.940826
vt 0.040963 0.955866
vt 0.026984 0.945592
vt 0.038443 0.931000
vt 0.026018 0.925531
vt 0.021957 0.943622
vt 0.005024 0.939526
vt 0.009822 0.921614
vt -0.009822 0.921614
vt -0.005024 0.939526
vt -0.021957 0.943622
vt -0.026018 0.925531
vt -0.038443 0.931000
vt -0.026984 0.945592
vt -0.040963 0.955866
vt -0.051813 0.940827
vt -0.054503 0.943035
vt -0.039533 0.954021
vt -0.050238 0.967496
vt -0.064742 0.955923
vt -0.062982 0.953042
vt -0.046279 0.961198
vt -0.054393 0.976157
vt -0.070742 0.967350
vt -0.067738 0.960992
vt -0.050134 0.967024
vt -0.056288 0.982649
vt -0.073624 0.975937
vt -0.070625 0.967629
vt -0.052521 0.972024
vt -0.057147 0.987921
vt -0.075050 0.982834
vt -0.072500 0.973538
vt -0.054107 0.976618
vt -0.057485 0.992595
vt -0.075730 0.988820
vt -0.073779 0.979079
vt -0.055220 0.981053
vt -0.057527 0.997025
vt -0.075985 0.994356
vt -0.074678 0.984451
vt -0.056032 0.985449
vt -0.057377 1.001391
vt -0.075965 0.999699
vt -0.075311 0.989752
vt -0.056635 0.989846
vt -0.057077 1.005764
vt -0.075734 1.004977
vt -0.075734 0.995025
vt -0.057077 0.994237
vt -0.056634 1.010155
vt -0.075311 1.010250
vt -0.075965 1.000303
vt -0.057377 0.998610
vt -0.056032 1.014552
vt -0.074678 1.015550
vt -0.075985 1.005645
vt -0.057527 1.002976
vt -0.055220 1.018948
vt -0.073779 1.020922
vt -0.075730 1.011182
vt -0.057485 1.007406
vt -0.054107 1.023383
vt -0.072499 1.026464
vt -0.075049 1.017168
vt -0.057147 1.012080
vt -0.052520 1.027977
vt -0.070624 1.032372
vt -0.073624 1.024065
vt -0.056288 1.017353
vt -0.050133 1.032977
vt -0.067737 1.039010
vt -0.070742 1.032652
vt -0.054392 1.023845
vt -0.046278 1.038804
vt -0.062980 1.046960
vt -0.064740 1.044079
vt -0.050237 1.032505
vt -0.039532 1.045980
vt -0.054501 1.056967
vt -0.051811 1.059175
vt -0.040962 1.044135
vt -0.026982 1.054409
vt -0.038440 1.069001
vt -0.026017 1.074470
vt -0.021956 1.056379
vt -0.005023 1.060474
vt -0.009821 1.078386
vt 0.076227 1.008291
vt 0.057341 1.008832
vt 0.057089 0.990952
vt 0.075982 0.990871
vt 0.076403 1.007283
vt 0.057542 1.008456
vt 0.056775 0.990666
vt 0.075656 0.989951
vt 0.063394 1.043230
vt 0.046169 1.035443
vt 0.053811 1.019518
vt 0.070839 1.027715
vt 0.068060 1.035168
vt 0.049947 1.029739
vt 0.055389 1.013142
vt 0.073362 1.018998
vt 0.070408 1.029623
vt 0.051894 1.025738
vt 0.055889 1.008972
vt 0.074300 1.013289
vt 0.071777 1.025210
vt 0.053057 1.022430
vt 0.056006 1.005695
vt 0.074650 1.008906
vt 0.072663 1.021257
vt 0.053829 1.019330
vt 0.055960 1.002705
vt 0.074739 1.005060
vt 0.073282 1.017451
vt 0.054384 1.016223
vt 0.055830 0.999723
vt 0.074690 1.001375
vt 0.073738 1.013661
vt 0.054807 1.013040
vt 0.055647 0.996642
vt 0.074556 0.997684
vt 0.074086 1.009858
vt 0.055143 1.009796
vt 0.055419 0.993454
vt 0.074354 0.993936
vt 0.074354 1.006065
vt 0.055419 1.006547
vt 0.055144 0.990205
vt 0.074086 0.990143
vt 0.074556 1.002318
vt 0.055647 1.003360
vt 0.054807 0.986961
vt 0.073738 0.986341
vt 0.074690 0.998626
vt 0.055830 1.000278
vt 0.054385 0.983778
vt 0.073282 0.982551
vt 0.074739 0.994941
vt 0.055960 0.997296
vt 0.053830 0.980671
vt 0.072664 0.978744
vt 0.074650 0.991096
vt 0.056006 0.994306
vt 0.053057 0.977571
vt 0.071777 0.974792
vt 0.074301 0.986713
vt 0.055889 0.991030
vt 0.051894 0.974263
vt 0.070409 0.970379
vt 0.073363 0.981004
vt 0.055389 0.986860
vt 0.049948 0.970263
vt 0.068061 0.964834
vt 0.070840 0.972288
vt 0.053812 0.980484
vt 0.046170 0.964559
vt 0.063395 0.956773
vt -0.075656 0.989951
vt -0.056775 0.990666
vt -0.057542 1.008456
vt -0.076403 1.007283
vt -0.075982 0.990871
vt -0.057089 0.990952
vt -0.057341 1.008832
vt -0.076227 1.008291
vt -0.076227 0.991709
vt -0.057341 0.991168
vt -0.057089 1.009048
vt -0.075982 1.009129
vt -0.076403 0.992717
vt -0.057542 0.991544
vt -0.056775 1.009334
vt -0.075656 1.010049
vt -0.063395 0.956773
vt -0.046171 0.964559
vt -0.053812 0.980484
vt -0.070840 0.972288
vt -0.068061 0.964834
vt -0.049948 0.970263
vt -0.055389 0.986860
vt -0.073363 0.981005
vt -0.070409 0.970379
vt -0.051894 0.974263
vt -0.055889 0.991030
vt -0.074301 0.986713
vt -0.071777 0.974792
vt -0.053057 0.977571
vt -0.056006 0.994306
vt -0.074650 0.991096
vt -0.072664 0.978744
vt -0.053830 0.980671
vt -0.055960 0.997296
vt -0.074739 0.994941
vt -0.073282 0.982551
vt -0.054385 0.983778
vt -0.055830 1.000278
vt -0.074690 0.998626
vt -0.073738 0.986341
vt -0.054807 0.986961
vt -0.055647 1.003360
vt -0.074556 1.002318
vt -0.074086 0.990143
vt -0.055144 0.990205
vt -0.055419 1.006547
vt -0.074354 1.006065
vt -0.074354 0.993936
vt -0.055419 0.993454
vt -0.055143 1.009796
vt -0.074086 1.009858
vt -0.074556 0.997684
vt -0.055647 0.996642
vt -0.054807 1.013040
vt -0.073738 1.013661
vt -0.074690 1.001375
vt -0.055830 0.999723
vt -0.054384 1.016223
vt -0.073282 1.017451
vt -0.074739 1.005060
vt -0.055960 1.002705
vt -0.053829 1.019330
vt -0.072663 1.021257
vt -0.074650 1.008906
vt -0.056006 1.005695
vt -0.053057 1.022430
vt -0.071777 1.025210
vt -0.074300 1.013289
vt -0.055889 1.008972
vt -0.051894 1.025738
vt -0.070408 1.029623
vt -0.073362 1.018998
vt -0.055389 1.013142
vt -0.049947 1.029739
vt -0.068060 1.035168
vt -0.070839 1.027715
vt -0.053811 1.019518
vt -0.046169 1.035443
vt -0.063394 1.043230
vt 0.075656 1.010049
vt 0.056775 1.009334
vt 0.057542 0.991544
vt 0.076403 0.992717
vt 0.075982 1.009129
vt 0.057089 1.009048
vt 0.057341 0.991168
vt 0.076227 0.991709
vt 0.072119 1.009342
vt 0.053045 1.009524
vt 0.052960 0.991488
vt 0.072035 0.991460
vt 0.072198 1.010011
vt 0.053127 1.010408
vt 0.052867 0.992449
vt 0.071940 0.992206
vt 0.069150 1.023434
vt 0.050293 1.020554
vt 0.053116 1.002964
vt 0.071949 1.005994
vt 0.070071 1.020715
vt 0.051091 1.018796
vt 0.053012 1.001284
vt 0.071976 1.003352
vt 0.070534 1.018957
vt 0.051504 1.017612
vt 0.052887 1.000283
vt 0.071905 1.001777
vt 0.070817 1.017367
vt 0.051763 1.016415
vt 0.052772 0.999306
vt 0.071818 1.000405
vt 0.071012 1.015649
vt 0.051945 1.014993
vt 0.052670 0.998104
vt 0.071731 0.998905
vt 0.071160 1.013715
vt 0.052085 1.013298
vt 0.052575 0.996599
vt 0.071646 0.997159
vt 0.071280 1.011578
vt 0.052201 1.011368
vt 0.052485 0.994808
vt 0.071562 0.995161
vt 0.071382 1.009315
vt 0.052302 1.009293
vt 0.052395 0.992808
vt 0.071475 0.992970
vt 0.071475 1.007031
vt 0.052395 1.007193
vt 0.052302 0.990708
vt 0.071383 0.990686
vt 0.071562 1.004841
vt 0.052485 1.005193
vt 0.052201 0.988633
vt 0.071280 0.988423
vt 0.071646 1.002843
vt 0.052575 1.003402
vt 0.052085 0.986703
vt 0.071160 0.986287
vt 0.071731 1.001097
vt 0.052670 1.001897
vt 0.051945 0.985008
vt 0.071013 0.984352
vt 0.071818 0.999597
vt 0.052772 1.000695
vt 0.051763 0.983587
vt 0.070818 0.982635
vt 0.071905 0.998225
vt 0.052887 0.999718
vt 0.051505 0.982389
vt 0.070535 0.981045
vt 0.071976 0.996651
vt 0.053013 0.998718
vt 0.051092 0.981206
vt 0.070072 0.979288
vt 0.071950 0.994010
vt 0.053117 0.997039
vt 0.050294 0.979448
vt 0.069151 0.976570
vt -0.071940 0.992206
vt -0.052867 0.992449
vt -0.053127 1.010408
vt -0.072198 1.010011
vt -0.072035 0.991460
vt -0.052960 0.991488
vt -0.053045 1.009524
vt -0.072119 1.009342
vt -0.072119 0.990658
vt -0.053045 0.990476
vt -0.052960 1.008512
vt -0.072035 1.008540
vt -0.072198 0.989989
vt -0.053127 0.989592
vt -0.052867 1.007551
vt -0.071940 1.007794
vt -0.069151 0.976570
vt -0.050294 0.979448
vt -0.053117 0.997039
vt -0.071950 0.994010
vt -0.070072 0.979288
vt -0.051092 0.981206
vt -0.053013 0.998718
vt -0.071976 0.996651
vt -0.070535 0.981045
vt -0.051505 0.982389
vt -0.052887 0.999718
vt -0.071905 0.998225
vt -0.070818 0.982635
vt -0.051763 0.983587
vt -0.052772 1.000695
vt -0.071818 0.999597
vt -0.071013 0.984352
vt -0.051945 0.985008
vt -0.052670 1.001898
vt -0.071731 1.001097
vt -0.071160 0.986287
vt -0.052085 0.986703
vt -0.052575 1.003402
vt -0.071646 1.002843
vt -0.071280 0.988423
vt -0.052201 0.988633
vt -0.052485 1.005193
vt -0.071562 1.004841
vt -0.071383 0.990686
vt -0.052302 0.990708
vt -0.052395 1.007193
vt -0.071475 1.007031
vt -0.071475 0.992970
vt -0.052395 0.992808
vt -0.052302 1.009293
vt -0.071382 1.009315
vt -0.071562 0.995161
vt -0.052485 0.994808
vt -0.052201 1.011368
vt -0.071280 1.011578
vt -0.071646 0.997159
vt -0.052575 0.996599
vt -0.052085 1.013298
vt -0.071160 1.013715
vt -0.071731 0.998905
vt -0.052670 0.998104
vt -0.051945 1.014993
vt -0.071012 1.015649
vt -0.071818 1.000405
vt -0.052772 0.999306
vt -0.051763 1.016415
vt -0.070817 1.017367
vt -0.071905 1.001777
vt -0.052887 1.000283
vt -0.051504 1.017612
vt -0.070534 1.018957
vt -0.071976 1.003352
vt -0.053012 1.001284
vt -0.051091 1.018796
vt -0.070071 1.020715
vt -0.071949 1.005994
vt -0.053116 1.002964
vt -0.050293 1.020554
vt -0.069150 1.023434
vt 0.071940 1.007794
vt 0.052867 1.007551
vt 0.053127 0.989592
vt 0.072198 0.989989
vt 0.072035 1.008540
vt 0.052960 1.008512
vt 0.053045 0.990476
vt 0.072119 0.990658
vt 0.066695 1.010142
vt 0.047621 1.009960
vt 0.047705 0.992078
vt 0.066780 0.992106
vt 0.066600 1.012293
vt 0.047529 1.011897
vt 0.047786 0.994092
vt 0.066859 0.994335
vt 0.067974 1.001823
vt 0.049116 1.004702
vt 0.046318 0.987261
vt 0.065151 0.984232
vt 0.067969 1.006050
vt 0.048989 1.007968
vt 0.047085 0.990605
vt 0.066049 0.988538
vt 0.067885 1.008442
vt 0.048855 1.009786
vt 0.047485 0.992606
vt 0.066503 0.991113
vt 0.067791 1.009716
vt 0.048737 1.010668
vt 0.047736 0.993706
vt 0.066782 0.992607
vt 0.067700 1.010183
vt 0.048632 1.010839
vt 0.047914 0.994094
vt 0.066975 0.993294
vt 0.067612 1.010046
vt 0.048537 1.010462
vt 0.048051 0.993906
vt 0.067122 0.993347
vt 0.067526 1.009482
vt 0.048447 1.009692
vt 0.048165 0.993275
vt 0.067242 0.992923
vt 0.067438 1.008675
vt 0.048357 1.008697
vt 0.048265 0.992352
vt 0.067345 0.992190
vt 0.067344 1.007812
vt 0.048265 1.007649
vt 0.048358 0.991304
vt 0.067438 0.991326
vt 0.067241 1.007079
vt 0.048165 1.006726
vt 0.048447 0.990309
vt 0.067526 0.990519
vt 0.067122 1.006655
vt 0.048051 1.006095
vt 0.048537 0.989539
vt 0.067612 0.989956
vt 0.066975 1.006708
vt 0.047913 1.005907
vt 0.048632 0.989162
vt 0.067700 0.989818
vt 0.066782 1.007394
vt 0.047736 1.006296
vt 0.048737 0.989334
vt 0.067791 0.990286
vt 0.066503 1.008889
vt 0.047485 1.007396
vt 0.048855 0.990215
vt 0.067885 0.991560
vt 0.066048 1.011464
vt 0.047085 1.009396
vt 0.048990 0.992034
vt 0.067970 0.993952
vt 0.065150 1.015771
vt 0.046317 1.012741
vt 0.049117 0.995301
vt 0.067974 0.998180
vt -0.066859 0.994335
vt -0.047786 0.994092
vt -0.047529 1.011897
vt -0.066600 1.012293
vt -0.066780 0.992106
vt -0.047705 0.992078
vt -0.047621 1.009960
vt -0.066695 1.010142
vt -0.066695 0.989858
vt -0.047621 0.990040
vt -0.047705 1.007922
vt -0.066780 1.007894
vt -0.066600 0.987707
vt -0.047529 0.988103
vt -0.047786 1.005908
vt -0.066859 1.005665
vt -0.067974 0.998180
vt -0.049117 0.995301
vt -0.046317 1.012741
vt -0.065150 1.015771
vt -0.067970 0.993952
vt -0.048990 0.992034
vt -0.047085 1.009396
vt -0.066048 1.011464
vt -0.067885 0.991560
vt -0.048855 0.990215
vt -0.047485 1.007396
vt -0.066503 1.008889
vt -0.067791 0.990286
vt -0.048737 0.989334
vt -0.047736 1.006296
vt -0.066782 1.007394
vt -0.067700 0.989818
vt -0.048632 0.989162
vt -0.047913 1.005907
vt -0.066975 1.006708
vt -0.067612 0.989956
vt -0.048537 0.989539
vt -0.048051 1.006095
vt -0.067122 1.006655
vt -0.067526 0.990519
vt -0.048447 0.990309
vt -0.048165 1.006726
vt -0.067241 1.007079
vt -0.067438 0.991326
vt -0.048358 0.991304
vt -0.048265 1.007649
vt -0.067344 1.007812
vt -0.067345 0.992190
vt -0.048265 0.992352
vt -0.048357 1.008697
vt -0.067438 1.008675
vt -0.067242 0.992923
vt -0.048165 0.993275
vt -0.048447 1.009692
vt -0.067526 1.009482
vt -0.067122 0.993346
vt -0.048051 0.993906
vt -0.048537 1.010462
vt -0.067612 1.010046
vt -0.066975 0.993294
vt -0.047914 0.994094
vt -0.048632 1.010839
vt -0.067700 1.010183
vt -0.066782 0.992607
vt -0.047736 0.993706
vt -0.048737 1.010668
vt -0.067791 1.009716
vt -0.066503 0.991113
vt -0.047485 0.992606
vt -0.048855 1.009786
vt -0.067885 1.008442
vt -0.066049 0.988538
vt -0.047085 0.990605
vt -0.048989 1.007968
vt -0.067969 1.006050
vt -0.065151 0.984232
vt -0.046318 0.987261
vt -0.049116 1.004702
vt -0.067974 1.001823
vt 0.066859 1.005665
vt 0.047786 1.005908
vt 0.047529 0.988103
vt 0.066600 0.987707
vt 0.066780 1.007894
vt 0.047705 1.007922
vt 0.047621 0.990040
vt 0.066695 0.989858
vt 0.060326 1.010644
vt 0.041440 1.010103
vt 0.041685 0.992683
vt 0.060577 0.992764
vt 0.060009 1.013978
vt 0.041148 1.012805
vt 0.041895 0.995473
vt 0.060775 0.996188
vt 0.060236 0.985179
vt 0.043011 0.992964
vt 0.035566 0.977449
vt 0.052594 0.969254
vt 0.062157 0.993944
vt 0.044044 0.999372
vt 0.038742 0.983202
vt 0.056716 0.977346
vt 0.062815 0.999458
vt 0.044300 1.003343
vt 0.040408 0.987009
vt 0.058819 0.982692
vt 0.063014 1.003032
vt 0.044294 1.005812
vt 0.041421 0.989508
vt 0.060065 0.986298
vt 0.063014 1.005320
vt 0.044180 1.007247
vt 0.042105 0.991050
vt 0.060884 0.988695
vt 0.062911 1.006716
vt 0.044013 1.007944
vt 0.042605 0.991868
vt 0.061466 0.990216
vt 0.062744 1.007518
vt 0.043812 1.008138
vt 0.042995 0.992161
vt 0.061904 0.991120
vt 0.062523 1.007985
vt 0.043580 1.008046
vt 0.043312 0.992124
vt 0.062248 0.991642
vt 0.062247 1.008360
vt 0.043312 1.007877
vt 0.043581 0.991955
vt 0.062523 0.992017
vt 0.061904 1.008882
vt 0.042994 1.007840
vt 0.043813 0.991863
vt 0.062744 0.992483
vt 0.061466 1.009785
vt 0.042605 1.008133
vt 0.044014 0.992057
vt 0.062911 0.993285
vt 0.060884 1.011306
vt 0.042105 1.008951
vt 0.044180 0.992754
vt 0.063014 0.994682
vt 0.060064 1.013703
vt 0.041420 1.010493
vt 0.044294 0.994190
vt 0.063014 0.996969
vt 0.058819 1.017310
vt 0.040408 1.012993
vt 0.044300 0.996658
vt 0.062815 1.000543
vt 0.056715 1.022656
vt 0.038741 1.016799
vt 0.044043 1.000629
vt 0.062157 1.006058
vt 0.052593 1.030749
vt 0.035565 1.022552
vt 0.043011 1.007038
vt 0.060235 1.014824
vt -0.060775 0.996188
vt -0.041895 0.995473
vt -0.041148 1.012805
vt -0.060009 1.013978
vt -0.060577 0.992764
vt -0.041685 0.992683
vt -0.041440 1.010103
vt -0.060326 1.010644
vt -0.060326 0.989356
vt -0.041440 0.989897
vt -0.041685 1.007316
vt -0.060577 1.007236
vt -0.060009 0.986022
vt -0.041148 0.987195
vt -0.041895 1.004527
vt -0.060775 1.003812
vt -0.060235 1.014824
vt -0.043011 1.007037
vt -0.035565 1.022552
vt -0.052593 1.030749
vt -0.062157 1.006058
vt -0.044043 1.000629
vt -0.038741 1.016799
vt -0.056715 1.022656
vt -0.062815 1.000543
vt -0.044300 0.996658
vt -0.040408 1.012993
vt -0.058819 1.017310
vt -0.063014 0.996969
vt -0.044294 0.994190
vt -0.041420 1.010493
vt -0.060064 1.013703
vt -0.063014 0.994682
vt -0.044180 0.992754
vt -0.042105 1.008951
vt -0.060884 1.011306
vt -0.062911 0.993285
vt -0.044014 0.992057
vt -0.042605 1.008133
vt -0.061466 1.009785
vt -0.062744 0.992483
vt -0.043813 0.991863
vt -0.042994 1.007839
vt -0.061904 1.008882
vt -0.062523 0.992017
vt -0.043581 0.991955
vt -0.043312 1.007877
vt -0.062247 1.008360
vt -0.062248 0.991642
vt -0.043312 0.992124
vt -0.043580 1.008046
vt -0.062523 1.007984
vt -0.061904 0.991120
vt -0.042995 0.992161
vt -0.043812 1.008138
vt -0.062744 1.007518
vt -0.061466 0.990216
vt -0.042605 0.991868
vt -0.044013 1.007944
vt -0.062911 1.006716
vt -0.060884 0.988695
vt -0.042105 0.991050
vt -0.044180 1.007247
vt -0.063014 1.005320
vt -0.060065 0.986298
vt -0.041421 0.989508
vt -0.044294 1.005812
vt -0.063014 1.003032
vt -0.058819 0.982692
vt -0.040408 0.987009
vt -0.044300 1.003343
vt -0.062815 0.999458
vt -0.056716 0.977346
vt -0.038742 0.983202
vt -0.044044 0.999372
vt -0.062157 0.993944
vt -0.052594 0.969253
vt -0.035566 0.977449
vt -0.043011 0.992964
vt -0.060236 0.985179
vt 0.060775 1.003812
vt 0.041895 1.004527
vt 0.041148 0.987195
vt 0.060009 0.986022
vt 0.060577 1.007236
vt 0.041685 1.007316
vt 0.041440 0.989897
vt 0.060326 0.989356
vt 0.021921 0.950120
vt 0.017123 0.968033
vt 0.000927 0.964116
vt 0.004988 0.946025
vt 0.040872 0.963307
vt 0.029414 0.977899
vt 0.016043 0.968072
vt 0.026893 0.953033
vt 0.050117 0.976218
vt 0.035148 0.987204
vt 0.024909 0.974315
vt 0.039413 0.962742
vt 0.054258 0.985922
vt 0.037555 0.994078
vt 0.029794 0.979770
vt 0.046144 0.970963
vt 0.056145 0.992868
vt 0.038541 0.998900
vt 0.032655 0.983955
vt 0.049991 0.977243
vt 0.057000 0.997826
vt 0.038896 1.002221
vt 0.034472 0.987017
vt 0.052374 0.981930
vt 0.057335 1.001371
vt 0.038943 1.004451
vt 0.035712 0.989169
vt 0.053958 0.985393
vt 0.057376 1.003915
vt 0.038817 1.005889
vt 0.036611 0.990612
vt 0.055069 0.987943
vt 0.057225 1.005787
vt 0.038578 1.006785
vt 0.037292 0.991538
vt 0.055880 0.989846
vt 0.056924 1.007275
vt 0.038248 1.007369
vt 0.037825 0.992143
vt 0.056482 0.991356
vt 0.056482 1.008645
vt 0.037825 1.007857
vt 0.038248 0.992632
vt 0.056924 0.992726
vt 0.055880 1.010155
vt 0.037292 1.008463
vt 0.038578 0.993215
vt 0.057225 0.994214
vt 0.055069 1.012058
vt 0.036611 1.009389
vt 0.038817 0.994112
vt 0.057376 0.996086
vt 0.053957 1.014608
vt 0.035712 1.010832
vt 0.038943 0.995550
vt 0.057335 0.998631
vt 0.052373 1.018072
vt 0.034471 1.012984
vt 0.038897 0.997779
vt 0.057000 1.002175
vt 0.049990 1.022758
vt 0.032654 1.016046
vt 0.038541 1.001101
vt 0.056145 1.007133
vt 0.046143 1.029038
vt 0.029794 1.020231
vt 0.037555 1.005923
vt 0.054257 1.014079
vt 0.039412 1.037259
vt 0.024908 1.025686
vt 0.035147 1.012797
vt 0.050117 1.023784
vt 0.026892 1.046968
vt 0.016042 1.031928
vt 0.029413 1.022102
vt 0.040871 1.036694
vt 0.004987 1.053975
vt 0.000927 1.035884
vt 0.017123 1.031967
vt 0.021920 1.049880
vt -0.021921 1.049880
vt -0.017123 1.031967
vt -0.000927 1.035884
vt -0.004987 1.053975
vt -0.040871 1.036694
vt -0.029413 1.022102
vt -0.016042 1.031928
vt -0.026892 1.046968
vt -0.050117 1.023784
vt -0.035147 1.012797
vt -0.024908 1.025686
vt -0.039412 1.037259
vt -0.054257 1.014079
vt -0.037555 1.005923
vt -0.029794 1.020231
vt -0.046143 1.029038
vt -0.056145 1.007133
vt -0.038541 1.001101
vt -0.032654 1.016046
vt -0.049990 1.022758
vt -0.057000 1.002175
vt -0.038897 0.997779
vt -0.034471 1.012984
vt -0.052374 1.018072
vt -0.057335 0.998631
vt -0.038943 0.995550
vt -0.035712 1.010832
vt -0.053957 1.014608
vt -0.057376 0.996086
vt -0.038817 0.994112
vt -0.036611 1.009389
vt -0.055069 1.012058
vt -0.057225 0.994214
vt -0.038578 0.993215
vt -0.037292 1.008463
vt -0.055880 1.010155
vt -0.056924 0.992726
vt -0.038248 0.992632
vt -0.037825 1.007857
vt -0.056482 1.008645
vt -0.056482 0.991356
vt -0.037825 0.992143
vt -0.038248 1.007369
vt -0.056924 1.007275
vt -0.055880 0.989846
vt -0.037292 0.991538
vt -0.038578 1.006785
vt -0.057225 1.005787
vt -0.055069 0.987943
vt -0.036611 0.990612
vt -0.038817 1.005889
vt -0.057376 1.003915
vt -0.053958 0.985393
vt -0.035712 0.989169
vt -0.038943 1.004451
vt -0.057335 1.001371
vt -0.052374 0.981930
vt -0.034472 0.987017
vt -0.038896 1.002221
vt -0.057000 0.997826
vt -0.049991 0.977243
vt -0.032655 0.983955
vt -0.038541 0.998900
vt -0.056145 0.992868
vt -0.046144 0.970963
vt -0.029794 0.979770
vt -0.037555 0.994078
vt -0.054258 0.985922
vt -0.039413 0.962742
vt -0.024909 0.974315
vt -0.035148 0.987204
vt -0.050117 0.976218
vt -0.026893 0.953033
vt -0.016043 0.968072
vt -0.029414 0.977899
vt -0.040872 0.963307
vt -0.004988 0.946025
vt -0.000927 0.964116
vt -0.017123 0.968033
vt -0.021921 0.950120
vt 0.017062 0.955670
vt 0.013351 0.973334
vt -0.002036 0.970651
vt 0.000647 0.952807
vt 0.031454 0.963726
vt 0.022284 0.979294
vt 0.008542 0.972008
vt 0.016793 0.955953
vt 0.040677 0.973284
vt 0.027808 0.986006
vt 0.016388 0.975629
vt 0.028495 0.962214
vt 0.045933 0.981876
vt 0.030806 0.991875
vt 0.021645 0.979671
vt 0.036160 0.968857
vt 0.048806 0.988836
vt 0.032330 0.996502
vt 0.025129 0.983277
vt 0.041125 0.974728
vt 0.050332 0.994270
vt 0.033039 0.999983
vt 0.027505 0.986208
vt 0.044428 0.979574
vt 0.051076 0.998467
vt 0.033286 1.002527
vt 0.029189 0.988470
vt 0.046705 0.983470
vt 0.051336 1.001729
vt 0.033249 1.004352
vt 0.030426 0.990161
vt 0.048324 0.986590
vt 0.051261 1.004340
vt 0.033015 1.005669
vt 0.031361 0.991421
vt 0.049496 0.989140
vt 0.050923 1.006564
vt 0.032623 1.006681
vt 0.032078 0.992414
vt 0.050342 0.991344
vt 0.050342 1.008657
vt 0.032078 1.007587
vt 0.032623 0.993320
vt 0.050923 0.993436
vt 0.049496 1.010861
vt 0.031361 1.008580
vt 0.033015 0.994332
vt 0.051261 0.995661
vt 0.048324 1.013411
vt 0.030426 1.009840
vt 0.033249 0.995648
vt 0.051336 0.998272
vt 0.046705 1.016531
vt 0.029188 1.011531
vt 0.033286 0.997473
vt 0.051076 1.001534
vt 0.044427 1.020427
vt 0.027505 1.013792
vt 0.033039 1.000018
vt 0.050332 1.005732
vt 0.041124 1.025273
vt 0.025129 1.016723
vt 0.032329 1.003499
vt 0.048806 1.011165
vt 0.036159 1.031144
vt 0.021644 1.020329
vt 0.030806 1.008126
vt 0.045932 1.018125
vt 0.028494 1.037787
vt 0.016387 1.024371
vt 0.027807 1.013994
vt 0.040677 1.026717
vt 0.016792 1.044047
vt 0.008541 1.027992
vt 0.022284 1.020706
vt 0.031453 1.036275
vt 0.000646 1.047193
vt -0.002037 1.029349
vt 0.013351 1.026666
vt 0.017062 1.044330
vt -0.017062 1.044330
vt -0.013351 1.026666
vt 0.002037 1.029349
vt -0.000647 1.047193
vt -0.031453 1.036275
vt -0.022284 1.020706
vt -0.008541 1.027992
vt -0.016792 1.044047
vt -0.040677 1.026717
vt -0.027807 1.013994
vt -0.016387 1.024371
vt -0.028494 1.037787
vt -0.045932 1.018125
vt -0.030806 1.008126
vt -0.021644 1.020329
vt -0.036159 1.031144
vt -0.048806 1.011165
vt -0.032329 1.003499
vt -0.025129 1.016723
vt -0.041124 1.025273
vt -0.050332 1.005731
vt -0.033039 1.000017
vt -0.027505 1.013792
vt -0.044427 1.020427
vt -0.051076 1.001534
vt -0.033286 0.997473
vt -0.029188 1.011531
vt -0.046705 1.016531
vt -0.051336 0.998271
vt -0.033249 0.995648
vt -0.030426 1.009840
vt -0.048324 1.013411
vt -0.051261 0.995661
vt -0.033015 0.994332
vt -0.031361 1.008580
vt -0.049496 1.010861
vt -0.050923 0.993436
vt -0.032623 0.993320
vt -0.032078 1.007587
vt -0.050342 1.008657
vt -0.050342 0.991344
vt -0.032078 0.992414
vt -0.032623 1.006681
vt -0.050923 1.006564
vt -0.049496 0.989140
vt -0.031361 0.991421
vt -0.033015 1.005669
vt -0.051261 1.004340
vt -0.048324 0.986590
vt -0.030426 0.990161
vt -0.033249 1.004352
vt -0.051336 1.001729
vt -0.046705 0.983470
vt -0.029189 0.988470
vt -0.033286 1.002527
vt -0.051076 0.998467
vt -0.044428 0.979574
vt -0.027505 0.986208
vt -0.033039 0.999983
vt -0.050332 0.994269
vt -0.041125 0.974728
vt -0.025129 0.983277
vt -0.032330 0.996502
vt -0.048806 0.988836
vt -0.036160 0.968857
vt -0.021645 0.979671
vt -0.030806 0.991875
vt -0.045933 0.981876
vt -0.028495 0.962214
vt -0.016388 0.975629
vt -0.027808 0.986006
vt -0.040677 0.973284
vt -0.016793 0.955953
vt -0.008542 0.972008
vt -0.022284 0.979294
vt -0.031454 0.963726
vt -0.000647 0.952807
vt 0.002036 0.970651
vt -0.013351 0.973334
vt -0.017062 0.955670
vt 0.013963 0.961847
vt 0.010818 0.979007
vt -0.003358 0.977057
vt -0.001511 0.959719
vt 0.024788 0.967106
vt 0.017126 0.982811
vt 0.003980 0.977313
vt 0.010437 0.961105
vt 0.032819 0.973925
vt 0.021651 0.987423
vt 0.010165 0.979183
vt 0.020281 0.964930
vt 0.038176 0.980820
vt 0.024539 0.991908
vt 0.014912 0.981771
vt 0.027667 0.969754
vt 0.041529 0.987004
vt 0.026235 0.995792
vt 0.018417 0.984426
vt 0.032994 0.974596
vt 0.043525 0.992242
vt 0.027142 0.998947
vt 0.020994 0.986814
vt 0.036814 0.978999
vt 0.044620 0.996575
vt 0.027534 1.001414
vt 0.022911 0.988821
vt 0.039574 0.982828
vt 0.045098 1.000157
vt 0.027577 1.003311
vt 0.024360 0.990451
vt 0.041586 0.986119
vt 0.045122 1.003182
vt 0.027364 1.004782
vt 0.025467 0.991779
vt 0.043052 0.988988
vt 0.044779 1.005860
vt 0.026938 1.005985
vt 0.026311 0.992921
vt 0.044095 0.991599
vt 0.044094 1.008402
vt 0.026311 1.007080
vt 0.026938 0.994015
vt 0.044779 0.994141
vt 0.043052 1.011013
vt 0.025467 1.008221
vt 0.027364 0.995218
vt 0.045122 0.996819
vt 0.041586 1.013882
vt 0.024360 1.009549
vt 0.027577 0.996689
vt 0.045098 0.999844
vt 0.039573 1.017172
vt 0.022911 1.011179
vt 0.027534 0.998586
vt 0.044620 1.003425
vt 0.036813 1.021002
vt 0.020994 1.013186
vt 0.027142 1.001054
vt 0.043525 1.007759
vt 0.032994 1.025404
vt 0.018416 1.015574
vt 0.026235 1.004208
vt 0.041528 1.012997
vt 0.027666 1.030246
vt 0.014911 1.018229
vt 0.024538 1.008092
vt 0.038175 1.019181
vt 0.020280 1.035070
vt 0.010164 1.020817
vt 0.021651 1.012577
vt 0.032819 1.026075
vt 0.010437 1.038895
vt 0.003979 1.022687
vt 0.017126 1.017189
vt 0.024787 1.032894
vt -0.001512 1.040281
vt -0.003358 1.022943
vt 0.010818 1.020993
vt 0.013963 1.038153
vt -0.013963 1.038153
vt -0.010818 1.020993
vt 0.003358 1.022943
vt 0.001512 1.040281
vt -0.024787 1.032894
vt -0.017126 1.017189
vt -0.003979 1.022687
vt -0.010437 1.038895
vt -0.032819 1.026075
vt -0.021651 1.012577
vt -0.010164 1.020817
vt -0.020280 1.035070
vt -0.038175 1.019181
vt -0.024538 1.008092
vt -0.014911 1.018229
vt -0.027666 1.030246
vt -0.041528 1.012997
vt -0.026235 1.004208
vt -0.018416 1.015574
vt -0.032994 1.025404
vt -0.043525 1.007758
vt -0.027142 1.001054
vt -0.020994 1.013186
vt -0.036813 1.021002
vt -0.044620 1.003425
vt -0.027534 0.998586
vt -0.022911 1.011179
vt -0.039573 1.017172
vt -0.045098 0.999844
vt -0.027577 0.996689
vt -0.024360 1.009549
vt -0.041586 1.013882
vt -0.045122 0.996819
vt -0.027364 0.995218
vt -0.025467 1.008221
vt -0.043052 1.011013
vt -0.044779 0.994141
vt -0.026938 0.994015
vt -0.026311 1.007080
vt -0.044094 1.008402
vt -0.044095 0.991599
vt -0.026311 0.992921
vt -0.026938 1.005985
vt -0.044779 1.005860
vt -0.043052 0.988988
vt -0.025467 0.991779
vt -0.027364 1.004782
vt -0.045122 1.003182
vt -0.041586 0.986119
vt -0.024360 0.990451
vt -0.027577 1.003311
vt -0.045098 1.000157
vt -0.039574 0.982828
vt -0.022911 0.988821
vt -0.027534 1.001414
vt -0.044620 0.996575
vt -0.036814 0.978999
vt -0.020994 0.986814
vt -0.027142 0.998947
vt -0.043525 0.992242
vt -0.032994 0.974596
vt -0.018417 0.984426
vt -0.026235 0.995792
vt -0.041529 0.987004
vt -0.027667 0.969754
vt -0.014911 0.981771
vt -0.024539 0.991908
vt -0.038176 0.980820
vt -0.020281 0.964930
vt -0.010165 0.979183
vt -0.021651 0.987423
vt -0.032819 0.973925
vt -0.010437 0.961105
vt -0.003979 0.977313
vt -0.017126 0.982811
vt -0.024788 0.967106
vt 0.001511 0.959719
vt 0.003358 0.977057
vt -0.010818 0.979007
vt -0.013963 0.961847
vt 0.011650 0.967921
vt 0.008829 0.984454
vt -0.003841 0.983002
vt -0.002565 0.966292
vt 0.019843 0.971520
vt 0.013198 0.986963
vt 0.001205 0.982781
vt 0.006388 0.966827
vt 0.026462 0.976370
vt 0.016605 0.990069
vt 0.005795 0.983595
vt 0.014333 0.969107
vt 0.031360 0.981655
vt 0.019015 0.993281
vt 0.009660 0.985047
vt 0.020864 0.972418
vt 0.034749 0.986782
vt 0.020578 0.996256
vt 0.012772 0.986754
vt 0.025991 0.976121
vt 0.036955 0.991443
vt 0.021495 0.998828
vt 0.015226 0.988451
vt 0.029921 0.979800
vt 0.038273 0.995545
vt 0.021934 1.000958
vt 0.017147 0.990000
vt 0.032902 0.983250
vt 0.038920 0.999122
vt 0.022016 1.002684
vt 0.018649 0.991358
vt 0.035142 0.986414
vt 0.039039 1.002279
vt 0.021819 1.004089
vt 0.019821 0.992549
vt 0.036797 0.989331
vt 0.038711 1.005156
vt 0.021383 1.005277
vt 0.020721 0.993639
vt 0.037968 0.992098
vt 0.037968 1.007903
vt 0.020720 1.006362
vt 0.021383 0.994723
vt 0.038712 0.994845
vt 0.036797 1.010669
vt 0.019821 1.007452
vt 0.021819 0.995911
vt 0.039039 0.997721
vt 0.035142 1.013586
vt 0.018649 1.008642
vt 0.022017 0.997316
vt 0.038920 1.000879
vt 0.032901 1.016750
vt 0.017146 1.010000
vt 0.021934 0.999042
vt 0.038273 1.004456
vt 0.029921 1.020200
vt 0.015225 1.011549
vt 0.021495 1.001172
vt 0.036955 1.008557
vt 0.025990 1.023880
vt 0.012772 1.013246
vt 0.020578 1.003744
vt 0.034749 1.013218
vt 0.020864 1.027583
vt 0.009660 1.014953
vt 0.019015 1.006719
vt 0.031359 1.018345
vt 0.014333 1.030893
vt 0.005794 1.016405
vt 0.016605 1.009931
vt 0.026461 1.023630
vt 0.006387 1.033173
vt 0.001205 1.017219
vt 0.013197 1.013037
vt 0.019843 1.028481
vt -0.002566 1.033708
vt -0.003841 1.016998
vt 0.008829 1.015546
vt 0.011650 1.032079
vt -0.011650 1.032079
vt -0.008829 1.015546
vt 0.003841 1.016998
vt 0.002566 1.033708
vt -0.019843 1.028481
vt -0.013198 1.013037
vt -0.001205 1.017219
vt -0.006387 1.033173
vt -0.026462 1.023630
vt -0.016605 1.009931
vt -0.005795 1.016405
vt -0.014333 1.030893
vt -0.031359 1.018345
vt -0.019015 1.006719
vt -0.009660 1.014953
vt -0.020864 1.027583
vt -0.034749 1.013218
vt -0.020578 1.003744
vt -0.012772 1.013246
vt -0.025990 1.023879
vt -0.036955 1.008557
vt -0.021495 1.001172
vt -0.015225 1.011549
vt -0.029921 1.020200
vt -0.038273 1.004456
vt -0.021934 0.999042
vt -0.017146 1.010000
vt -0.032901 1.016750
vt -0.038920 1.000879
vt -0.022017 0.997316
vt -0.018649 1.008642
vt -0.035142 1.013586
vt -0.039039 0.997721
vt -0.021819 0.995911
vt -0.019821 1.007452
vt -0.036797 1.010669
vt -0.038712 0.994845
vt -0.021383 0.994723
vt -0.020720 1.006362
vt -0.037968 1.007903
vt -0.037968 0.992098
vt -0.020721 0.993639
vt -0.021383 1.005277
vt -0.038711 1.005156
vt -0.036797 0.989331
vt -0.019821 0.992549
vt -0.021819 1.004089
vt -0.039039 1.002279
vt -0.035142 0.986414
vt -0.018649 0.991358
vt -0.022016 1.002684
vt -0.038920 0.999122
vt -0.032902 0.983250
vt -0.017147 0.990000
vt -0.021934 1.000958
vt -0.038273 0.995545
vt -0.029921 0.979800
vt -0.015226 0.988451
vt -0.021495 0.998828
vt -0.036955 0.991443
vt -0.025991 0.976121
vt -0.012772 0.986754
vt -0.020578 0.996256
vt -0.034749 0.986782
vt -0.020864 0.972418
vt -0.009660 0.985047
vt -0.019015 0.993281
vt -0.031360 0.981655
vt -0.014333 0.969107
vt -0.005795 0.983595
vt -0.016605 0.990069
vt -0.026462 0.976370
vt -0.006388 0.966827
vt -0.001205 0.982781
vt -0.013198 0.986963
vt -0.019843 0.971520
vt 0.002566 0.966292
vt 0.003841 0.983002
vt -0.008829 0.984454
vt -0.011650 0.967921
vt 0.009732 0.973538
vt 0.007105 0.989398
vt -0.003821 0.988312
vt -0.002959 0.972277
vt 0.015975 0.976073
vt 0.010032 0.991068
vt -0.000434 0.987902
vt 0.003818 0.972396
vt 0.021291 0.979539
vt 0.012427 0.993114
vt 0.002802 0.988109
vt 0.010112 0.973725
vt 0.025510 0.983501
vt 0.014232 0.995293
vt 0.005712 0.988771
vt 0.015614 0.975926
vt 0.028653 0.987577
vt 0.015482 0.997402
vt 0.008217 0.989698
vt 0.020216 0.978628
vt 0.030848 0.991508
vt 0.016257 0.999312
vt 0.010316 0.990728
vt 0.023947 0.981538
vt 0.032249 0.995163
vt 0.016644 1.000966
vt 0.012042 0.991755
vt 0.026904 0.984465
vt 0.032995 0.998509
vt 0.016715 1.002362
vt 0.013445 0.992729
vt 0.029196 0.987319
vt 0.033187 1.001578
vt 0.016521 1.003537
vt 0.014567 0.993644
vt 0.030918 0.990088
vt 0.032892 1.004443
vt 0.016093 1.004549
vt 0.015443 0.994534
vt 0.032138 0.992809
vt 0.032138 1.007191
vt 0.015443 1.005466
vt 0.016093 0.995451
vt 0.032892 0.995558
vt 0.030918 1.009913
vt 0.014567 1.006356
vt 0.016521 0.996463
vt 0.033188 0.998422
vt 0.029196 1.012681
vt 0.013444 1.007272
vt 0.016715 0.997638
vt 0.032995 1.001492
vt 0.026903 1.015536
vt 0.012042 1.008245
vt 0.016644 0.999035
vt 0.032249 1.004837
vt 0.023947 1.018463
vt 0.010316 1.009272
vt 0.016257 1.000688
vt 0.030848 1.008493
vt 0.020215 1.021372
vt 0.008217 1.010302
vt 0.015482 1.002598
vt 0.028653 1.012424
vt 0.015614 1.024074
vt 0.005712 1.011229
vt 0.014232 1.004707
vt 0.025510 1.016499
vt 0.010111 1.026275
vt 0.002802 1.011891
vt 0.012427 1.006886
vt 0.021291 1.020461
vt 0.003817 1.027604
vt -0.000434 1.012098
vt 0.010032 1.008932
vt 0.015974 1.023927
vt -0.002959 1.027723
vt -0.003821 1.011688
vt 0.007105 1.010602
vt 0.009732 1.026462
vt -0.009732 1.026462
vt -0.007105 1.010602
vt 0.003821 1.011688
vt 0.002959 1.027723
vt -0.015974 1.023927
vt -0.010032 1.008932
vt 0.000434 1.012098
vt -0.003818 1.027604
vt -0.021291 1.020461
vt -0.012427 1.006886
vt -0.002802 1.011891
vt -0.010111 1.026275
vt -0.025510 1.016499
vt -0.014232 1.004707
vt -0.005712 1.011229
vt -0.015614 1.024074
vt -0.028653 1.012424
vt -0.015482 1.002598
vt -0.008217 1.010302
vt -0.020216 1.021372
vt -0.030848 1.008493
vt -0.016257 1.000688
vt -0.010316 1.009272
vt -0.023947 1.018463
vt -0.032249 1.004837
vt -0.016644 0.999035
vt -0.012042 1.008245
vt -0.026903 1.015536
vt -0.032995 1.001492
vt -0.016715 0.997638
vt -0.013444 1.007272
vt -0.029196 1.012681
vt -0.033188 0.998422
vt -0.016521 0.996463
vt -0.014567 1.006356
vt -0.030918 1.009913
vt -0.032892 0.995558
vt -0.016093 0.995451
vt -0.015443 1.005466
vt -0.032138 1.007191
vt -0.032138 0.992809
vt -0.015443 0.994534
vt -0.016093 1.004549
vt -0.032892 1.004443
vt -0.030918 0.990088
vt -0.014567 0.993644
vt -0.016521 1.003537
vt -0.033187 1.001578
vt -0.029196 0.987319
vt -0.013444 0.992729
vt -0.016715 1.002362
vt -0.032995 0.998509
vt -0.026904 0.984465
vt -0.012042 0.991755
vt -0.016644 1.000966
vt -0.032249 0.995163
vt -0.023947 0.981538
vt -0.010316 0.990728
vt -0.016257 0.999312
vt -0.030848 0.991508
vt -0.020216 0.978628
vt -0.008217 0.989698
vt -0.015482 0.997402
vt -0.028653 0.987577
vt -0.015614 0.975926
vt -0.005712 0.988771
vt -0.014232 0.995293
vt -0.025510 0.983501
vt -0.010112 0.973725
vt -0.002802 0.988109
vt -0.012427 0.993114
vt -0.021291 0.979539
vt -0.003818 0.972396
vt 0.000434 0.987902
vt -0.010032 0.991068
vt -0.015975 0.976073
vt 0.002959 0.972277
vt 0.003821 0.988312
vt -0.007105 0.989398
vt -0.009732 0.973538
vt 0.008023 0.978515
vt 0.005515 0.993714
vt -0.003468 0.992916
vt -0.002914 0.977543
vt 0.012798 0.980328
vt 0.007349 0.994807
vt -0.001321 0.992461
vt 0.002243 0.977471
vt 0.017007 0.982814
vt 0.008884 0.996101
vt 0.000806 0.992339
vt 0.007173 0.978234
vt 0.020511 0.985747
vt 0.010080 0.997483
vt 0.002815 0.992494
vt 0.011665 0.979673
vt 0.023267 0.988901
vt 0.010937 0.998848
vt 0.004640 0.992848
vt 0.015600 0.981595
vt 0.025298 0.992095
vt 0.011477 1.000119
vt 0.006250 0.993321
vt 0.018934 0.983819
vt 0.026667 0.995211
vt 0.011737 1.001251
vt 0.007638 0.993854
vt 0.021676 0.986204
vt 0.027443 0.998188
vt 0.011751 1.002231
vt 0.008810 0.994409
vt 0.023862 0.988665
vt 0.027684 1.001014
vt 0.011547 1.003069
vt 0.009780 0.994978
vt 0.025532 0.991163
vt 0.027435 1.003708
vt 0.011146 1.003791
vt 0.010556 0.995569
vt 0.026717 0.993697
vt 0.026717 1.006303
vt 0.010556 1.004431
vt 0.011146 0.996209
vt 0.027435 0.996293
vt 0.025532 1.008838
vt 0.009780 1.005023
vt 0.011547 0.996931
vt 0.027684 0.998986
vt 0.023862 1.011335
vt 0.008810 1.005591
vt 0.011751 0.997769
vt 0.027443 1.001812
vt 0.021676 1.013796
vt 0.007637 1.006147
vt 0.011737 0.998749
vt 0.026667 1.004790
vt 0.018934 1.016182
vt 0.006250 1.006679
vt 0.011477 0.999881
vt 0.025298 1.007905
vt 0.015600 1.018405
vt 0.004640 1.007152
vt 0.010937 1.001152
vt 0.023266 1.011100
vt 0.011665 1.020327
vt 0.002815 1.007506
vt 0.010080 1.002517
vt 0.020511 1.014253
vt 0.007172 1.021766
vt 0.000806 1.007661
vt 0.008884 1.003899
vt 0.017007 1.017186
vt 0.002243 1.022529
vt -0.001321 1.007539
vt 0.007349 1.005193
vt 0.012798 1.019672
vt -0.002914 1.022457
vt -0.003468 1.007084
vt 0.005515 1.006286
vt 0.008023 1.021485
vt -0.008023 1.021485
vt -0.005515 1.006286
vt 0.003468 1.007084
vt 0.002914 1.022457
vt -0.012798 1.019672
vt -0.007349 1.005193
vt 0.001321 1.007539
vt -0.002243 1.022529
vt -0.017007 1.017186
vt -0.008884 1.003899
vt -0.000806 1.007661
vt -0.007172 1.021766
vt -0.020511 1.014253
vt -0.010080 1.002517
vt -0.002815 1.007506
vt -0.011665 1.020327
vt -0.023267 1.011099
vt -0.010937 1.001152
vt -0.004640 1.007152
vt -0.015600 1.018405
vt -0.025298 1.007905
vt -0.011477 0.999881
vt -0.006250 1.006679
vt -0.018934 1.016182
vt -0.026667 1.004790
vt -0.011737 0.998749
vt -0.007637 1.006147
vt -0.021676 1.013796
vt -0.027443 1.001812
vt -0.011751 0.997769
vt -0.008810 1.005591
vt -0.023862 1.011335
vt -0.027684 0.998986
vt -0.011547 0.996931
vt -0.009780 1.005023
vt -0.025532 1.008837
vt -0.027435 0.996293
vt -0.011146 0.996209
vt -0.010556 1.004431
vt -0.026717 1.006303
vt -0.026717 0.993697
vt -0.010556 0.995569
vt -0.011146 1.003791
vt -0.027435 1.003708
vt -0.025532 0.991163
vt -0.009780 0.994978
vt -0.011547 1.003069
vt -0.027684 1.001014
vt -0.023862 0.988665
vt -0.008810 0.994409
vt -0.011751 1.002231
vt -0.027443 0.998188
vt -0.021676 0.986204
vt -0.007638 0.993854
vt -0.011737 1.001251
vt -0.026667 0.995211
vt -0.018934 0.983819
vt -0.006250 0.993321
vt -0.011477 1.000119
vt -0.025298 0.992095
vt -0.015600 0.981595
vt -0.004640 0.992848
vt -0.010937 0.998848
vt -0.023267 0.988901
vt -0.011665 0.979673
vt -0.002815 0.992494
vt -0.010080 0.997483
vt -0.020511 0.985747
vt -0.007173 0.978234
vt -0.000806 0.992339
vt -0.008884 0.996101
vt -0.017007 0.982814
vt -0.002243 0.977471
vt 0.001321 0.992461
vt -0.007349 0.994807
vt -0.012798 0.980328
vt 0.002914 0.977543
vt 0.003468 0.992916
vt -0.005515 0.993714
vt -0.008023 0.978515
vt 0.006427 0.982784
vt 0.003993 0.997387
vt -0.002886 0.996826
vt -0.002561 0.982051
vt 0.010077 0.984084
vt 0.004972 0.998062
vt -0.001699 0.996404
vt 0.001361 0.981917
vt 0.013370 0.985866
vt 0.005789 0.998811
vt -0.000481 0.996126
vt 0.005178 0.982359
vt 0.016205 0.988017
vt 0.006423 0.999586
vt 0.000720 0.995982
vt 0.008754 0.983308
vt 0.018524 0.990411
vt 0.006867 1.000342
vt 0.001865 0.995949
vt 0.011988 0.984670
vt 0.020308 0.992934
vt 0.007127 1.001043
vt 0.002926 0.996000
vt 0.014820 0.986345
vt 0.021565 0.995498
vt 0.007213 1.001664
vt 0.003885 0.996112
vt 0.017217 0.988243
vt 0.022315 0.998041
vt 0.007139 1.002196
vt 0.004733 0.996269
vt 0.019171 0.990298
vt 0.022583 1.000528
vt 0.006918 1.002637
vt 0.005464 0.996467
vt 0.020683 0.992466
vt 0.022392 1.002941
vt 0.006560 1.002998
vt 0.006074 0.996708
vt 0.021757 0.994723
vt 0.021757 1.005278
vt 0.006074 1.003292
vt 0.006560 0.997002
vt 0.022392 0.997059
vt 0.020683 1.007534
vt 0.005464 1.003533
vt 0.006918 0.997363
vt 0.022583 0.999473
vt 0.019171 1.009702
vt 0.004733 1.003731
vt 0.007139 0.997805
vt 0.022315 1.001959
vt 0.017217 1.011757
vt 0.003885 1.003888
vt 0.007213 0.998336
vt 0.021565 1.004502
vt 0.014819 1.013655
vt 0.002926 1.004001
vt 0.007127 0.998957
vt 0.020308 1.007066
vt 0.011988 1.015330
vt 0.001865 1.004051
vt 0.006867 0.999658
vt 0.018524 1.009589
vt 0.008754 1.016692
vt 0.000720 1.004018
vt 0.006423 1.000414
vt 0.016205 1.011983
vt 0.005178 1.017641
vt -0.000481 1.003874
vt 0.005789 1.001189
vt 0.013370 1.014134
vt 0.001361 1.018083
vt -0.001699 1.003596
vt 0.004972 1.001938
vt 0.010077 1.015916
vt -0.002561 1.017949
vt -0.002886 1.003174
vt 0.003993 1.002613
vt 0.006427 1.017216
vt -0.006427 1.017216
vt -0.003993 1.002613
vt 0.002886 1.003174
vt 0.002561 1.017949
vt -0.010077 1.015916
vt -0.004972 1.001938
vt 0.001699 1.003596
vt -0.001361 1.018083
vt -0.013370 1.014134
vt -0.005789 1.001189
vt 0.000481 1.003874
vt -0.005178 1.017641
vt -0.016205 1.011983
vt -0.006423 1.000414
vt -0.000720 1.004018
vt -0.008754 1.016692
vt -0.018524 1.009589
vt -0.006867 0.999658
vt -0.001865 1.004051
vt -0.011988 1.015330
vt -0.020308 1.007066
vt -0.007127 0.998957
vt -0.002926 1.004001
vt -0.014819 1.013655
vt -0.021565 1.004502
vt -0.007213 0.998336
vt -0.003885 1.003888
vt -0.017217 1.011757
vt -0.022315 1.001959
vt -0.007139 0.997805
vt -0.004733 1.003731
vt -0.019171 1.009702
vt -0.022583 0.999473
vt -0.006918 0.997363
vt -0.005464 1.003533
vt -0.020683 1.007534
vt -0.022392 0.997059
vt -0.006560 0.997002
vt -0.006074 1.003292
vt -0.021757 1.005278
vt -0.021757 0.994723
vt -0.006074 0.996708
vt -0.006560 1.002998
vt -0.022392 1.002941
vt -0.020683 0.992466
vt -0.005464 0.996467
vt -0.006918 1.002637
vt -0.022583 1.000527
vt -0.019171 0.990298
vt -0.004733 0.996269
vt -0.007139 1.002196
vt -0.022315 0.998041
vt -0.017217 0.988243
vt -0.003885 0.996112
vt -0.007213 1.001664
vt -0.021565 0.995498
vt -0.014820 0.986345
vt -0.002926 0.996000
vt -0.007127 1.001043
vt -0.020308 0.992934
vt -0.011988 0.984670
vt -0.001865 0.995949
vt -0.006867 1.000342
vt -0.018524 0.990411
vt -0.008754 0.983308
vt -0.000720 0.995982
vt -0.006423 0.999586
vt -0.016205 0.988017
vt -0.005178 0.982359
vt 0.000481 0.996126
vt -0.005789 0.998811
vt -0.013370 0.985866
vt -0.001361 0.981917
vt 0.001699 0.996404
vt -0.004972 0.998062
vt -0.010077 0.984084
vt 0.002561 0.982051
vt 0.002886 0.996826
vt -0.003993 0.997387
vt -0.006427 0.982784
vt 0.004894 0.986375
vt 0.002504 1.000489
vt -0.002151 1.000132
vt -0.001988 0.985848
vt 0.007660 0.987292
vt 0.002788 1.000844
vt -0.001739 0.999787
vt 0.000965 0.985728
vt 0.010196 0.988558
vt 0.002995 1.001183
vt -0.001285 0.999460
vt 0.003869 0.986010
vt 0.012434 0.990116
vt 0.003120 1.001491
vt -0.000802 0.999158
vt 0.006635 0.986667
vt 0.014319 0.991900
vt 0.003163 1.001754
vt -0.000305 0.998882
vt 0.009190 0.987654
vt 0.015818 0.993844
vt 0.003128 1.001961
vt 0.000190 0.998632
vt 0.011475 0.988922
vt 0.016914 0.995887
vt 0.003018 1.002107
vt 0.000673 0.998409
vt 0.013447 0.990420
vt 0.017601 0.997977
vt 0.002840 1.002188
vt 0.001134 0.998213
vt 0.015079 0.992099
vt 0.017882 1.000072
vt 0.002599 1.002208
vt 0.001563 0.998047
vt 0.016350 0.993920
vt 0.017761 1.002138
vt 0.002302 1.002170
vt 0.001954 0.997917
vt 0.017248 0.995850
vt 0.017248 1.004150
vt 0.001954 1.002083
vt 0.002302 0.997830
vt 0.017761 0.997862
vt 0.016350 1.006080
vt 0.001563 1.001953
vt 0.002599 0.997792
vt 0.017882 0.999929
vt 0.015079 1.007901
vt 0.001134 1.001787
vt 0.002840 0.997812
vt 0.017601 1.002023
vt 0.013447 1.009581
vt 0.000673 1.001591
vt 0.003018 0.997893
vt 0.016914 1.004113
vt 0.011475 1.011078
vt 0.000190 1.001368
vt 0.003128 0.998039
vt 0.015818 1.006156
vt 0.009190 1.012346
vt -0.000305 1.001118
vt 0.003163 0.998246
vt 0.014319 1.008100
vt 0.006635 1.013333
vt -0.000802 1.000842
vt 0.003120 0.998509
vt 0.012433 1.009884
vt 0.003869 1.013990
vt -0.001285 1.000540
vt 0.002995 0.998817
vt 0.010196 1.011442
vt 0.000965 1.014272
vt -0.001739 1.000213
vt 0.002788 0.999156
vt 0.007660 1.012708
vt -0.001988 1.014152
vt -0.002151 0.999868
vt 0.002504 0.999511
vt 0.004894 1.013625
vt -0.004894 1.013625
vt -0.002504 0.999511
vt 0.002151 0.999868
vt 0.001988 1.014152
vt -0.007660 1.012708
vt -0.002788 0.999156
vt 0.001739 1.000213
vt -0.000965 1.014272
vt -0.010196 1.011442
vt -0.002995 0.998817
vt 0.001285 1.000540
vt -0.003869 1.013990
vt -0.012433 1.009884
vt -0.003120 0.998509
vt 0.000802 1.000842
vt -0.006635 1.013333
vt -0.014319 1.008100
vt -0.003163 0.998246
vt 0.000305 1.001118
vt -0.009190 1.012346
vt -0.015818 1.006156
vt -0.003128 0.998039
vt -0.000190 1.001368
vt -0.011475 1.011078
vt -0.016914 1.004113
vt -0.003018 0.997893
vt -0.000673 1.001591
vt -0.013447 1.009581
vt -0.017601 1.002023
vt -0.002840 0.997812
vt -0.001134 1.001787
vt -0.015079 1.007901
vt -0.017882 0.999929
vt -0.002599 0.997792
vt -0.001563 1.001953
vt -0.016350 1.006080
vt -0.017761 0.997862
vt -0.002302 0.997830
vt -0.001954 1.002083
vt -0.017248 1.004150
vt -0.017248 0.995850
vt -0.001954 0.997917
vt -0.002302 1.002170
vt -0.017761 1.002138
vt -0.016350 0.993920
vt -0.001563 0.998047
vt -0.002599 1.002208
vt -0.017882 1.000072
vt -0.015079 0.992099
vt -0.001134 0.998213
vt -0.002840 1.002188
vt -0.017601 0.997977
vt -0.013447 0.990419
vt -0.000673 0.998409
vt -0.003018 1.002107
vt -0.016914 0.995887
vt -0.011475 0.988922
vt -0.000190 0.998632
vt -0.003128 1.001961
vt -0.015818 0.993844
vt -0.009190 0.987654
vt 0.000305 0.998882
vt -0.003163 1.001754
vt -0.014319 0.991900
vt -0.006635 0.986667
vt 0.000802 0.999158
vt -0.003120 1.001491
vt -0.012434 0.990116
vt -0.003869 0.986010
vt 0.001285 0.999460
vt -0.002995 1.001183
vt -0.010196 0.988558
vt -0.000965 0.985728
vt 0.001739 0.999787
vt -0.002788 1.000844
vt -0.007660 0.987292
vt 0.001988 0.985848
vt 0.002151 1.000132
vt -0.002504 1.000489
vt -0.004894 0.986375
vt 0.003395 0.989392
vt 0.001029 1.003160
vt -0.001318 1.002987
vt -0.001260 0.989050
vt 0.005441 0.990010
vt 0.000714 1.003254
vt -0.001573 1.002741
vt 0.000904 0.988992
vt 0.007343 0.990883
vt 0.000382 1.003267
vt -0.001788 1.002427
vt 0.003040 0.989219
vt 0.009051 0.991984
vt 0.000042 1.003198
vt -0.001956 1.002055
vt 0.005090 0.989719
vt 0.010525 0.993279
vt -0.000298 1.003049
vt -0.002075 1.001634
vt 0.007002 0.990473
vt 0.011730 0.994729
vt -0.000629 1.002824
vt -0.002141 1.001173
vt 0.008730 0.991455
vt 0.012641 0.996295
vt -0.000942 1.002530
vt -0.002155 1.000685
vt 0.010235 0.992637
vt 0.013243 0.997938
vt -0.001230 1.002173
vt -0.002117 1.000180
vt 0.011485 0.993985
vt 0.013525 0.999619
vt -0.001489 1.001764
vt -0.002028 0.999671
vt 0.012455 0.995467
vt 0.013485 1.001301
vt -0.001711 1.001313
vt -0.001892 0.999169
vt 0.013126 0.997049
vt 0.013126 1.002951
vt -0.001892 1.000831
vt -0.001711 0.998687
vt 0.013485 0.998699
vt 0.012455 1.004533
vt -0.002028 1.000329
vt -0.001489 0.998236
vt 0.013525 1.000382
vt 0.011485 1.006015
vt -0.002117 0.999820
vt -0.001230 0.997827
vt 0.013243 1.002062
vt 0.010235 1.007363
vt -0.002155 0.999315
vt -0.000942 0.997470
vt 0.012641 1.003705
vt 0.008730 1.008545
vt -0.002141 0.998827
vt -0.000629 0.997176
vt 0.011729 1.005271
vt 0.007002 1.009527
vt -0.002075 0.998366
vt -0.000298 0.996951
vt 0.010525 1.006721
vt 0.005090 1.010281
vt -0.001956 0.997945
vt 0.000042 0.996802
vt 0.009051 1.008016
vt 0.003040 1.010781
vt -0.001788 0.997573
vt 0.000382 0.996733
vt 0.007343 1.009117
vt 0.000904 1.011008
vt -0.001573 0.997259
vt 0.000714 0.996746
vt 0.005441 1.009990
vt -0.001260 1.010950
vt -0.001318 0.997013
vt 0.001029 0.996840
vt 0.003395 1.010608
vt -0.003395 1.010608
vt -0.001029 0.996840
vt 0.001318 0.997013
vt 0.001260 1.010950
vt -0.005441 1.009990
vt -0.000714 0.996746
vt 0.001573 0.997259
vt -0.000904 1.011008
vt -0.007343 1.009117
vt -0.000382 0.996733
vt 0.001788 0.997573
vt -0.003040 1.010781
vt -0.009051 1.008016
vt -0.000042 0.996802
vt 0.001956 0.997945
vt -0.005090 1.010281
vt -0.010525 1.006721
vt 0.000298 0.996951
vt 0.002075 0.998366
vt -0.007002 1.009527
vt -0.011730 1.005271
vt 0.000629 0.997176
vt 0.002141 0.998827
vt -0.008730 1.008545
vt -0.012641 1.003705
vt 0.000942 0.997470
vt 0.002155 0.999315
vt -0.010235 1.007363
vt -0.013243 1.002062
vt 0.001230 0.997827
vt 0.002117 0.999820
vt -0.011485 1.006015
vt -0.013525 1.000381
vt 0.001489 0.998236
vt 0.002028 1.000329
vt -0.012455 1.004533
vt -0.013485 0.998699
vt 0.001711 0.998687
vt 0.001892 1.000831
vt -0.013126 1.002951
vt -0.013126 0.997049
vt 0.001892 0.999169
vt 0.001711 1.001313
vt -0.013485 1.001301
vt -0.012455 0.995467
vt 0.002028 0.999671
vt 0.001489 1.001764
vt -0.013525 0.999619
vt -0.011485 0.993985
vt 0.002117 1.000180
vt 0.001230 1.002173
vt -0.013243 0.997938
vt -0.010235 0.992637
vt 0.002155 1.000685
vt 0.000942 1.002530
vt -0.012641 0.996295
vt -0.008730 0.991455
vt 0.002141 1.001173
vt 0.000629 1.002824
vt -0.011730 0.994729
vt -0.007002 0.990473
vt 0.002075 1.001634
vt 0.000298 1.003049
vt -0.010525 0.993279
vt -0.005090 0.989719
vt 0.001956 1.002055
vt -0.000042 1.003198
vt -0.009051 0.991984
vt -0.003040 0.989219
vt 0.001788 1.002427
vt -0.000382 1.003267
vt -0.007343 0.990883
vt -0.000904 0.988992
vt 0.001573 1.002741
vt -0.000714 1.003254
vt -0.005441 0.990010
vt 0.001260 0.989050
vt 0.001318 1.002987
vt -0.001029 1.003160
vt -0.003395 0.989392
vt 0.001914 0.992002
vt -0.000441 1.005590
vt -0.000434 0.991833
vt 0.003345 0.992369
vt -0.001312 1.005452
vt 0.001055 0.991866
vt 0.004694 0.992925
vt -0.002150 1.005179
vt 0.002519 0.992100
vt 0.005926 0.993655
vt -0.002934 1.004778
vt 0.003919 0.992529
vt 0.007011 0.994541
vt -0.003646 1.004260
vt 0.005222 0.993143
vt 0.007923 0.995561
vt -0.004268 1.003637
vt 0.006395 0.993924
vt 0.008639 0.996690
vt -0.004784 1.002925
vt 0.007411 0.994855
vt 0.009143 0.997898
vt -0.005182 1.002142
vt 0.008243 0.995911
vt 0.009422 0.999158
vt -0.005453 1.001306
vt 0.008873 0.997067
vt 0.009470 1.000438
vt -0.005590 1.000439
vt 0.009285 0.998294
vt 0.009285 1.001706
vt -0.005590 0.999561
vt 0.009470 0.999562
vt 0.008873 1.002934
vt -0.005453 0.998694
vt 0.009422 1.000842
vt 0.008243 1.004089
vt -0.005182 0.997858
vt 0.009143 1.002102
vt 0.007411 1.005145
vt -0.004784 0.997075
vt 0.008639 1.003310
vt 0.006395 1.006076
vt -0.004268 0.996363
vt 0.007923 1.004439
vt 0.005222 1.006857
vt -0.003646 0.995740
vt 0.007011 1.005459
vt 0.003919 1.007471
vt -0.002934 0.995222
vt 0.005926 1.006345
vt 0.002519 1.007900
vt -0.002150 0.994821
vt 0.004694 1.007075
vt 0.001055 1.008134
vt -0.001312 0.994548
vt 0.003345 1.007631
vt -0.000434 1.008167
vt -0.000441 0.994410
vt 0.001914 1.007998
vt -0.001914 1.007998
vt 0.000441 0.994410
vt 0.000434 1.008167
vt -0.003345 1.007631
vt 0.001312 0.994548
vt -0.001055 1.008134
vt -0.004694 1.007075
vt 0.002150 0.994821
vt -0.002519 1.007900
vt -0.005926 1.006345
vt 0.002934 0.995222
vt -0.003919 1.007471
vt -0.007011 1.005459
vt 0.003646 0.995740
vt -0.005222 1.006857
vt -0.007923 1.004439
vt 0.004268 0.996363
vt -0.006395 1.006076
vt -0.008639 1.003310
vt 0.004784 0.997075
vt -0.007411 1.005145
vt -0.009143 1.002102
vt 0.005182 0.997858
vt -0.008243 1.004089
vt -0.009422 1.000842
vt 0.005453 0.998694
vt -0.008873 1.002934
vt -0.009470 0.999562
vt 0.005590 0.999561
vt -0.009285 1.001706
vt -0.009285 0.998294
vt 0.005590 1.000439
vt -0.009470 1.000438
vt -0.008873 0.997066
vt 0.005453 1.001306
vt -0.009422 0.999158
vt -0.008243 0.995911
vt 0.005182 1.002142
vt -0.009143 0.997898
vt -0.007411 0.994855
vt 0.004784 1.002925
vt -0.008639 0.996690
vt -0.006395 0.993924
vt 0.004268 1.003637
vt -0.007923 0.995561
vt -0.005222 0.993143
vt 0.003646 1.004260
vt -0.007011 0.994541
vt -0.003919 0.992529
vt 0.002934 1.004778
vt -0.005926 0.993655
vt -0.002519 0.992100
vt 0.002150 1.005179
vt -0.004694 0.992925
vt -0.001055 0.991866
vt 0.001312 1.005452
vt -0.003345 0.992369
vt 0.000434 0.991833
vt 0.000441 1.005590
vt -0.001914 0.992002
vt -0.005000 0.994021
vt -0.005000 1.005979
vt -0.155000 1.005979
vt -0.155000 0.994021
vt -0.005000 0.994021
vt -0.005000 1.005979
vt -0.155000 1.005979
vt -0.155000 0.994021
vt -0.005000 0.994021
vt -0.005000 1.005979
vt -0.155000 1.005976
vt -0.155000 0.994018
vt -0.005000 0.994021
vt -0.005000 1.005979
vt -0.155000 1.005977
vt -0.155000 0.994018
vt -0.005000 0.994021
vt -0.005000 1.005979
vt -0.155000 1.005977
vt -0.155000 0.994019
vt -0.005000 0.994021
vt -0.005000 1.005979
vt -0.155000 1.005977
vt -0.155000 0.994019
vt -0.005000 0.994021
vt -0.005000 1.005979
vt -0.155000 1.005977
vt -0.155000 0.994019
vt -0.005000 0.994021
vt -0.005000 1.005979
vt -0.155000 1.005978
vt -0.155000 0.994019
vt -0.005000 0.994021
vt -0.005000 1.005979
vt -0.155000 1.005978
vt -0.155000 0.994019
vt -0.005000 0.994021
vt -0.005000 1.005979
vt -0.155000 1.005977
vt -0.155000 0.994019
vt -0.005000 0.994021
vt -0.005000 1.005979
vt -0.155000 1.005977
vt -0.155000 0.994019
vt -0.005000 0.994021
vt -0.005000 1.005979
vt -0.155000 1.005977
vt -0.155000 0.994019
vt -0.005000 0.994021
vt -0.005000 1.005979
vt -0.155000 1.005977
vt -0.155000 0.994018
vt -0.005000 0.994021
vt -0.005000 1.005979
vt -0.155000 1.005976
vt -0.155000 0.994018
vt 0.005000 1.005979
vt 0.005000 0.994021
vt 0.155000 0.994021
vt 0.155000 1.005979
vt 0.005000 1.005979
vt 0.005000 0.994021
vt 0.155000 0.994021
vt 0.155000 1.005979
vt 0.005000 1.005979
vt 0.005000 0.994021
vt 0.155000 0.994021
vt 0.155000 1.005979
vt 0.005000 1.005979
vt 0.005000 0.994021
vt 0.155000 0.994021
vt 0.155000 1.005979
vt 0.005000 1.005979
vt 0.005000 0.994021
vt 0.155000 0.994018
vt 0.155000 1.005976
vt 0.005000 1.005979
vt 0.005000 0.994021
vt 0.155000 0.994018
vt 0.155000 1.005977
vt 0.005000 1.005979
vt 0.005000 0.994021
vt 0.155000 0.994019
vt 0.155000 1.005977
vt 0.005000 1.005979
vt 0.005000 0.994021
vt 0.155000 0.994019
vt 0.155000 1.005977
vt 0.005000 1.005979
vt 0.005000 0.994021
vt 0.155000 0.994019
vt 0.155000 1.005977
vt 0.005000 1.005979
vt 0.005000 0.994021
vt 0.155000 0.994019
vt 0.155000 1.005978
vt 0.005000 1.005979
vt 0.005000 0.994021
vt 0.155000 0.994019
vt 0.155000 1.005978
vt 0.005000 1.005979
vt 0.005000 0.994021
vt 0.155000 0.994019
vt 0.155000 1.005977
vt 0.005000 1.005979
vt 0.005000 0.994021
vt 0.155000 0.994019
vt 0.155000 1.005977
vt 0.005000 1.005979
vt 0.005000 0.994021
vt 0.155000 0.994019
vt 0.155000 1.005977
vt 0.005000 1.005979
vt 0.005000 0.994021
vt 0.155000 0.994019
vt 0.155000 1.005977
vt 0.005000 1.005979
vt 0.005000 0.994021
vt 0.155000 0.994018
vt 0.155000 1.005976
vt -0.005000 0.994021
vt -0.005000 1.005979
vt -0.155000 1.005979
vt -0.155000 0.994021
vt -0.005000 0.994021
vt -0.005000 1.005979
vt -0.155000 1.005979
vt -0.155000 0.994021
vt 0.011900 0.940172
vt 0.023344 0.943643
vt 0.033890 0.949280
vt 0.043133 0.956866
vt 0.050720 0.966110
vt 0.056357 0.976656
vt 0.059828 0.988099
vt 0.061000 1.000000
vt 0.059828 1.011900
vt 0.056357 1.023344
vt 0.050720 1.033890
vt 0.043134 1.043133
vt 0.033890 1.050720
vt 0.023344 1.056357
vt 0.011901 1.059828
vt 0.000000 1.061000
vt -0.011900 1.059828
vt -0.023344 1.056357
vt -0.033890 1.050720
vt -0.043133 1.043133
vt -0.050720 1.033890
vt -0.056357 1.023344
vt -0.059828 1.011901
vt -0.061000 1.000000
vt -0.059828 0.988100
vt -0.056357 0.976656
vt -0.050720 0.966110
vt -0.043134 0.956867
vt -0.033890 0.949280
vt -0.023344 0.943643
vt -0.011901 0.940172
vt -0.000000 0.939000
vt 0.000000 0.939000
vt 0.011901 0.940172
vt 0.023344 0.943643
vt 0.033890 0.949280
vt 0.043134 0.956867
vt 0.050720 0.966110
vt 0.056357 0.976656
vt 0.059828 0.988100
vt 0.061000 1.000000
vt 0.059828 1.011901
vt 0.056357 1.023344
vt 0.050720 1.033890
vt 0.043133 1.043133
vt 0.033890 1.050720
vt 0.023344 1.056357
vt 0.011900 1.059828
vt -0.000000 1.061000
vt -0.011901 1.059828
vt -0.023344 1.056357
vt -0.033890 1.050720
vt -0.043134 1.043133
vt -0.050720 1.033890
vt -0.056357 1.023344
vt -0.059828 1.011900
vt -0.061000 1.000000
vt -0.059828 0.988099
vt -0.056357 0.976656
vt -0.050720 0.966110
vt -0.043133 0.956866
vt -0.033890 0.949280
vt -0.023344 0.943643
vt -0.011900 0.940172
vt -0.080481 0.999143
vt -0.078833 0.998893
vt -0.078823 1.011937
vt -0.079762 0.999514
vt -0.078178 0.998774
vt -0.076502 1.011565
vt -0.079037 0.999887
vt -0.077578 0.998686
vt -0.074300 1.010732
vt -0.078337 1.000240
vt -0.077059 0.998625
vt -0.072309 1.009463
vt -0.077695 1.000558
vt -0.076646 0.998590
vt -0.070607 1.007805
vt -0.077140 1.000829
vt -0.076361 0.998584
vt -0.069267 1.005821
vt -0.076698 1.001047
vt -0.076218 0.998611
vt -0.068341 1.003594
vt -0.076389 1.001210
vt -0.076227 0.998677
vt -0.067868 1.001215
vt -0.076227 1.001323
vt -0.076389 0.998790
vt -0.067868 0.998785
vt -0.076218 1.001389
vt -0.076698 0.998953
vt -0.068341 0.996406
vt -0.076361 1.001416
vt -0.077140 0.999171
vt -0.069267 0.994179
vt -0.076646 1.001410
vt -0.077695 0.999442
vt -0.070607 0.992195
vt -0.077059 1.001375
vt -0.078337 0.999760
vt -0.072309 0.990537
vt -0.077578 1.001314
vt -0.079037 1.000113
vt -0.074300 0.989268
vt -0.078178 1.001226
vt -0.079762 1.000486
vt -0.076502 0.988435
vt -0.078833 1.001107
vt -0.080481 1.000857
vt -0.078823 0.988063
vt -0.079514 1.000952
vt -0.081162 1.001202
vt -0.081172 0.988159
vt -0.080196 1.000758
vt -0.081781 1.001497
vt -0.083457 0.988707
vt -0.080854 1.000520
vt -0.082313 1.001721
vt -0.085591 0.989674
vt -0.081465 1.000239
vt -0.082744 1.001855
vt -0.087494 0.991016
vt -0.082013 0.999921
vt -0.083061 1.001889
vt -0.089100 0.992674
vt -0.082480 0.999577
vt -0.083259 1.001822
vt -0.090353 0.994585
vt -0.082855 0.999224
vt -0.083334 1.001660
vt -0.091212 0.996677
vt -0.083127 0.998885
vt -0.083289 1.001418
vt -0.091648 0.998880
vt -0.083289 0.998582
vt -0.083127 1.001115
vt -0.091648 1.001120
vt -0.083334 0.998340
vt -0.082855 1.000776
vt -0.091212 1.003323
vt -0.083259 0.998178
vt -0.082480 1.000423
vt -0.090353 1.005415
vt -0.083061 0.998111
vt -0.082013 1.000079
vt -0.089100 1.007326
vt -0.082744 0.998146
vt -0.081465 0.999761
vt -0.087494 1.008984
vt -0.082313 0.998280
vt -0.080854 0.999480
vt -0.085591 1.010326
vt -0.081781 0.998503
vt -0.080196 0.999242
vt -0.083457 1.011294
vt -0.081162 0.998798
vt -0.079514 0.999048
vt -0.081172 1.011841
vt -0.078073 1.023133
vt -0.079769 1.010185
vt -0.076514 1.009688
vt -0.076426 1.022882
vt -0.072535 1.023246
vt -0.075942 1.011050
vt -0.072819 1.009579
vt -0.070954 1.022501
vt -0.067179 1.022277
vt -0.072150 1.011307
vt -0.069284 1.008921
vt -0.065728 1.021069
vt -0.062264 1.020231
vt -0.068590 1.010908
vt -0.066090 1.007702
vt -0.060998 1.018608
vt -0.058019 1.017192
vt -0.065441 1.009869
vt -0.063401 1.005969
vt -0.056986 1.015218
vt -0.054633 1.013308
vt -0.062860 1.008259
vt -0.061351 1.003816
vt -0.053869 1.011060
vt -0.052246 1.008778
vt -0.060965 1.006186
vt -0.060039 1.001371
vt -0.051777 1.006341
vt -0.050949 1.003828
vt -0.059838 1.003788
vt -0.059526 0.998784
vt -0.050791 1.001295
vt -0.050791 0.998705
vt -0.059526 1.001216
vt -0.059838 0.996212
vt -0.050949 0.996172
vt -0.051777 0.993659
vt -0.060039 0.998628
vt -0.060965 0.993814
vt -0.052246 0.991222
vt -0.053869 0.988940
vt -0.061351 0.996184
vt -0.062860 0.991741
vt -0.054633 0.986691
vt -0.056986 0.984782
vt -0.063401 0.994030
vt -0.065441 0.990131
vt -0.058019 0.982808
vt -0.060998 0.981392
vt -0.066090 0.992298
vt -0.068590 0.989092
vt -0.062264 0.979769
vt -0.065728 0.978931
vt -0.069284 0.991079
vt -0.072150 0.988693
vt -0.067179 0.977723
vt -0.070954 0.977499
vt -0.072819 0.990421
vt -0.075942 0.988950
vt -0.072535 0.976754
vt -0.076426 0.977119
vt -0.076514 0.990312
vt -0.079769 0.989815
vt -0.078073 0.976867
vt -0.081883 0.977733
vt -0.080188 0.990681
vt -0.083442 0.991178
vt -0.083530 0.977985
vt -0.087082 0.979216
vt -0.083675 0.991412
vt -0.086798 0.992883
vt -0.088662 0.979961
vt -0.091816 0.981393
vt -0.086844 0.992363
vt -0.089711 0.994749
vt -0.093267 0.982601
vt -0.095929 0.984076
vt -0.089603 0.993399
vt -0.092104 0.996605
vt -0.097195 0.985699
vt -0.099320 0.987092
vt -0.091898 0.994415
vt -0.093938 0.998315
vt -0.100353 0.989067
vt -0.101929 0.990306
vt -0.093702 0.995355
vt -0.095211 0.999798
vt -0.102693 0.992554
vt -0.103729 0.993628
vt -0.095011 0.996220
vt -0.095936 1.001034
vt -0.104198 0.996065
vt -0.104711 0.997015
vt -0.095822 0.997055
vt -0.096134 1.002059
vt -0.104869 0.999548
vt -0.104869 1.000452
vt -0.096134 0.997941
vt -0.095822 1.002945
vt -0.104711 1.002986
vt -0.104198 1.003935
vt -0.095936 0.998966
vt -0.095011 1.003781
vt -0.103729 1.006373
vt -0.102693 1.007446
vt -0.095211 1.000203
vt -0.093702 1.004645
vt -0.101929 1.009695
vt -0.100353 1.010934
vt -0.093938 1.001686
vt -0.091898 1.005586
vt -0.099320 1.012908
vt -0.097195 1.014301
vt -0.092104 1.003395
vt -0.089603 1.006601
vt -0.095929 1.015924
vt -0.093267 1.017399
vt -0.089711 1.005251
vt -0.086844 1.007637
vt -0.091815 1.018607
vt -0.088662 1.020040
vt -0.086798 1.007117
vt -0.083675 1.008588
vt -0.087082 1.020784
vt -0.083530 1.022015
vt -0.083442 1.008822
vt -0.080188 1.009319
vt -0.081883 1.022267
vt -0.077214 1.034070
vt -0.078990 1.020829
vt -0.074211 1.020086
vt -0.073961 1.033564
vt -0.068194 1.035257
vt -0.071904 1.022796
vt -0.067338 1.020600
vt -0.065086 1.033763
vt -0.059408 1.034455
vt -0.064858 1.023270
vt -0.060697 1.019719
vt -0.056576 1.032038
vt -0.051379 1.031682
vt -0.058300 1.022200
vt -0.054705 1.017445
vt -0.048933 1.028445
vt -0.044522 1.027148
vt -0.052602 1.019714
vt -0.049697 1.013950
vt -0.042545 1.023224
vt -0.039122 1.021183
vt -0.048033 1.016053
vt -0.045904 1.009505
vt -0.037673 1.016726
vt -0.035350 1.014166
vt -0.044762 1.011508
vt -0.043465 1.004426
vt -0.034467 1.009345
vt -0.033296 1.006484
vt -0.042887 1.006381
vt -0.042451 0.999029
vt -0.033000 1.001479
vt -0.033000 0.998520
vt -0.042451 1.000971
vt -0.042887 0.993618
vt -0.033296 0.993516
vt -0.034467 0.990655
vt -0.043465 0.995574
vt -0.044762 0.988492
vt -0.035350 0.985834
vt -0.037673 0.983274
vt -0.045903 0.990495
vt -0.048033 0.983947
vt -0.039122 0.978817
vt -0.042545 0.976776
vt -0.049697 0.986050
vt -0.052602 0.980286
vt -0.044522 0.972852
vt -0.048933 0.971555
vt -0.054705 0.982554
vt -0.058299 0.977799
vt -0.051379 0.968318
vt -0.056576 0.967962
vt -0.060697 0.980281
vt -0.064858 0.976729
vt -0.059408 0.965545
vt -0.065086 0.966237
vt -0.067338 0.979400
vt -0.071904 0.977204
vt -0.068194 0.964743
vt -0.073961 0.966436
vt -0.074211 0.979914
vt -0.078990 0.979171
vt -0.077214 0.965930
vt -0.082655 0.968380
vt -0.080880 0.981620
vt -0.085658 0.982364
vt -0.085908 0.968886
vt -0.090672 0.971676
vt -0.086963 0.984137
vt -0.091529 0.986333
vt -0.093780 0.973170
vt -0.097654 0.975803
vt -0.092205 0.986988
vt -0.096365 0.990539
vt -0.100486 0.978220
vt -0.103416 0.980244
vt -0.096495 0.989725
vt -0.100089 0.994480
vt -0.105862 0.983481
vt -0.107926 0.984597
vt -0.099846 0.992031
vt -0.102751 0.997795
vt -0.109903 0.988521
vt -0.111249 0.988639
vt -0.102339 0.993769
vt -0.104468 1.000316
vt -0.112699 0.993095
vt -0.113488 0.992330
vt -0.104076 0.994988
vt -0.105374 1.002070
vt -0.114372 0.997150
vt -0.114732 0.995785
vt -0.105142 0.995887
vt -0.105577 1.003240
vt -0.115028 1.000790
vt -0.115028 0.999212
vt -0.105577 0.996761
vt -0.105142 1.004114
vt -0.114732 1.004216
vt -0.114372 1.002851
vt -0.105374 0.997931
vt -0.104076 1.005013
vt -0.113488 1.007671
vt -0.112699 1.006906
vt -0.104468 0.999685
vt -0.102339 1.006232
vt -0.111249 1.011362
vt -0.109903 1.011480
vt -0.102751 1.002205
vt -0.099846 1.007970
vt -0.107925 1.015404
vt -0.105862 1.016520
vt -0.100089 1.005520
vt -0.096495 1.010275
vt -0.103415 1.019756
vt -0.100486 1.021780
vt -0.096365 1.009461
vt -0.092204 1.013013
vt -0.097654 1.024197
vt -0.093780 1.026830
vt -0.091529 1.013668
vt -0.086963 1.015863
vt -0.090672 1.028324
vt -0.085908 1.031114
vt -0.085658 1.017637
vt -0.080880 1.018380
vt -0.082655 1.031620
vt -0.076172 1.044343
vt -0.078083 1.030703
vt -0.071902 1.029710
vt -0.071398 1.043576
vt -0.063299 1.047136
vt -0.067494 1.034337
vt -0.061631 1.031413
vt -0.058771 1.044877
vt -0.050805 1.046611
vt -0.056996 1.035191
vt -0.051722 1.030490
vt -0.046732 1.042980
vt -0.039623 1.042961
vt -0.047435 1.033345
vt -0.042949 1.027092
vt -0.036158 1.038132
vt -0.030346 1.036737
vt -0.039381 1.029237
vt -0.035810 1.021703
vt -0.027588 1.030918
vt -0.023249 1.028601
vt -0.033127 1.023431
vt -0.030544 1.014914
vt -0.021253 1.022022
vt -0.018402 1.019166
vt -0.028779 1.016462
vt -0.027219 1.007278
vt -0.017197 1.012072
vt -0.015791 1.008953
vt -0.026348 1.008775
vt -0.025827 0.999254
vt -0.015388 1.001598
vt -0.015388 0.998401
vt -0.025827 1.000746
vt -0.026348 0.991224
vt -0.015790 0.991047
vt -0.017197 0.987927
vt -0.027219 0.992722
vt -0.028779 0.983538
vt -0.018402 0.980834
vt -0.021253 0.977978
vt -0.030544 0.985086
vt -0.033127 0.976568
vt -0.023248 0.971399
vt -0.027588 0.969082
vt -0.035810 0.978297
vt -0.039381 0.970763
vt -0.030346 0.963263
vt -0.036158 0.961868
vt -0.042949 0.972908
vt -0.047435 0.966655
vt -0.039623 0.957039
vt -0.046732 0.957019
vt -0.051722 0.969509
vt -0.056996 0.964808
vt -0.050805 0.953388
vt -0.058771 0.955123
vt -0.061631 0.968587
vt -0.067494 0.965663
vt -0.063299 0.952864
vt -0.071398 0.956424
vt -0.071902 0.970290
vt -0.078083 0.969297
vt -0.076172 0.955657
vt -0.083543 0.960604
vt -0.081632 0.974244
vt -0.087813 0.975237
vt -0.088317 0.961371
vt -0.094251 0.966761
vt -0.090056 0.979560
vt -0.095920 0.982484
vt -0.098780 0.969020
vt -0.102967 0.973688
vt -0.096776 0.985108
vt -0.102050 0.989809
vt -0.107040 0.977319
vt -0.109599 0.980275
vt -0.101787 0.989891
vt -0.106273 0.996144
vt -0.113063 0.985104
vt -0.114379 0.985799
vt -0.105344 0.993299
vt -0.108914 1.000833
vt -0.117136 0.991618
vt -0.117663 0.990001
vt -0.107785 0.995170
vt -0.110368 1.003688
vt -0.119659 0.996580
vt -0.119787 0.993023
vt -0.109410 0.995727
vt -0.110970 1.004912
vt -0.120992 1.000117
vt -0.120989 0.995285
vt -0.110432 0.995462
vt -0.110953 1.004983
vt -0.121392 1.002639
vt -0.121392 0.997363
vt -0.110953 0.995018
vt -0.110431 1.004540
vt -0.120989 1.004717
vt -0.120992 0.999884
vt -0.110970 0.995089
vt -0.109410 1.004274
vt -0.119787 1.006978
vt -0.119659 1.003421
vt -0.110368 0.996313
vt -0.107785 1.004831
vt -0.117663 1.010000
vt -0.117136 1.008383
vt -0.108914 0.999168
vt -0.105344 1.006702
vt -0.114379 1.014202
vt -0.113063 1.014897
vt -0.106273 1.003857
vt -0.101787 1.010110
vt -0.109598 1.019726
vt -0.107040 1.022682
vt -0.102050 1.010192
vt -0.096776 1.014893
vt -0.102967 1.026313
vt -0.098779 1.030981
vt -0.095919 1.017517
vt -0.090056 1.020441
vt -0.094251 1.033239
vt -0.088317 1.038629
vt -0.087813 1.024763
vt -0.081632 1.025756
vt -0.083543 1.039396
vt -0.074825 1.053663
vt -0.076949 1.039562
vt -0.069526 1.038301
vt -0.068654 1.052615
vt -0.057525 1.058531
vt -0.062433 1.045401
vt -0.055479 1.041716
vt -0.051744 1.055468
vt -0.041041 1.058133
vt -0.048268 1.046569
vt -0.042140 1.040715
vt -0.035948 1.053267
vt -0.026891 1.053230
vt -0.035883 1.043624
vt -0.030790 1.035931
vt -0.022658 1.046835
vt -0.015704 1.045073
vt -0.025945 1.037661
vt -0.021976 1.028481
vt -0.012405 1.037442
vt -0.007506 1.034810
vt -0.018565 1.029727
vt -0.015742 1.019418
vt -0.005159 1.026241
vt -0.002083 1.023281
vt -0.013609 1.020602
vt -0.011923 1.009530
vt -0.000682 1.014077
vt 0.000793 1.011043
vt -0.010905 1.010798
vt -0.010345 0.999341
vt 0.001259 1.001519
vt 0.001259 0.998481
vt -0.010345 1.000659
vt -0.010905 0.989202
vt 0.000793 0.988957
vt -0.000682 0.985923
vt -0.011923 0.990470
vt -0.013609 0.979398
vt -0.002083 0.976719
vt -0.005159 0.973759
vt -0.015741 0.980581
vt -0.018565 0.970273
vt -0.007506 0.965190
vt -0.012404 0.962558
vt -0.021976 0.971519
vt -0.025945 0.962339
vt -0.015703 0.954927
vt -0.022657 0.953165
vt -0.030790 0.964068
vt -0.035883 0.956375
vt -0.026891 0.946770
vt -0.035947 0.946733
vt -0.042140 0.959285
vt -0.048268 0.953431
vt -0.041041 0.941867
vt -0.051744 0.944531
vt -0.055479 0.958284
vt -0.062433 0.954599
vt -0.057525 0.941468
vt -0.068654 0.947385
vt -0.069526 0.961699
vt -0.076949 0.960438
vt -0.074825 0.946337
vt -0.084622 0.954899
vt -0.082498 0.969000
vt -0.089922 0.970261
vt -0.090793 0.955947
vt -0.097817 0.965223
vt -0.092908 0.978353
vt -0.099863 0.982038
vt -0.103598 0.968285
vt -0.107481 0.975856
vt -0.100254 0.987420
vt -0.106382 0.993275
vt -0.112575 0.980723
vt -0.113940 0.984788
vt -0.104948 0.994393
vt -0.110041 1.002086
vt -0.118174 0.991183
vt -0.118016 0.991025
vt -0.107775 0.998437
vt -0.111743 1.007617
vt -0.121315 0.998656
vt -0.120519 0.994489
vt -0.109459 0.999572
vt -0.112283 1.009880
vt -0.122865 1.003058
vt -0.122042 0.995701
vt -0.110516 0.998379
vt -0.112202 1.009451
vt -0.123444 1.004904
vt -0.122952 0.995517
vt -0.111253 0.995762
vt -0.111814 1.007219
vt -0.123418 1.005041
vt -0.123418 0.994961
vt -0.111814 0.992783
vt -0.111253 1.004240
vt -0.122952 1.004484
vt -0.123444 0.995098
vt -0.112202 0.990551
vt -0.110516 1.001622
vt -0.122042 1.004301
vt -0.122865 0.996944
vt -0.112283 0.990121
vt -0.109459 1.000430
vt -0.120518 1.005513
vt -0.121315 1.001346
vt -0.111743 0.992385
vt -0.107775 1.001565
vt -0.118016 1.008977
vt -0.118174 1.008819
vt -0.110041 0.997915
vt -0.104948 1.005609
vt -0.113940 1.015214
vt -0.112574 1.019278
vt -0.106382 1.006727
vt -0.100254 1.012581
vt -0.107481 1.024145
vt -0.103597 1.031715
vt -0.099863 1.017963
vt -0.092908 1.021647
vt -0.097816 1.034778
vt -0.090793 1.044054
vt -0.089922 1.029739
vt -0.082498 1.031000
vt -0.084622 1.045102
vt -0.072946 1.061926
vt -0.075408 1.047359
vt -0.066940 1.045782
vt -0.065545 1.060548
vt -0.050268 1.069231
vt -0.056201 1.055894
vt -0.048437 1.051360
vt -0.043482 1.065268
vt -0.029577 1.068403
vt -0.038174 1.056953
vt -0.031554 1.049909
vt -0.023791 1.062246
vt -0.013029 1.061642
vt -0.023464 1.052358
vt -0.018141 1.043286
vt -0.008376 1.053713
vt -0.000826 1.051362
vt -0.012451 1.044321
vt -0.008414 1.033652
vt 0.002702 1.042037
vt 0.007635 1.039224
vt -0.004719 1.034439
vt -0.001903 1.022563
vt 0.010096 1.028844
vt 0.013027 1.026158
vt 0.000274 1.023626
vt 0.001934 1.010931
vt 0.014478 1.015062
vt 0.015838 1.012624
vt 0.002937 1.012337
vt 0.003485 0.999226
vt 0.016318 1.001164
vt 0.016318 0.998836
vt 0.003485 1.000774
vt 0.002937 0.987663
vt 0.015839 0.987376
vt 0.014478 0.984938
vt 0.001934 0.989069
vt 0.000275 0.976374
vt 0.013028 0.973842
vt 0.010096 0.971156
vt -0.001903 0.977437
vt -0.004718 0.965561
vt 0.007636 0.960776
vt 0.002703 0.957963
vt -0.008414 0.966348
vt -0.012451 0.955678
vt -0.000825 0.948638
vt -0.008376 0.946286
vt -0.018140 0.956714
vt -0.023463 0.947642
vt -0.013029 0.938358
vt -0.023790 0.937753
vt -0.031553 0.950091
vt -0.038173 0.943046
vt -0.029577 0.931597
vt -0.043482 0.934731
vt -0.048437 0.948639
vt -0.056200 0.944106
vt -0.050267 0.930769
vt -0.065545 0.939451
vt -0.066940 0.954218
vt -0.075408 0.952641
vt -0.072946 0.938074
vt -0.086020 0.951785
vt -0.083559 0.966353
vt -0.092027 0.967929
vt -0.093422 0.953163
vt -0.101297 0.967997
vt -0.095364 0.981334
vt -0.103128 0.985868
vt -0.108083 0.971960
vt -0.110661 0.983149
vt -0.102064 0.994599
vt -0.108684 1.001643
vt -0.116447 0.989306
vt -0.115635 0.994150
vt -0.105200 1.003434
vt -0.110523 1.012506
vt -0.120288 1.002079
vt -0.118059 1.000189
vt -0.106433 1.007230
vt -0.110470 1.017899
vt -0.121587 1.009514
vt -0.119221 1.001796
vt -0.106867 1.006581
vt -0.109682 1.018457
vt -0.121681 1.012176
vt -0.119853 1.000082
vt -0.107100 1.002614
vt -0.108760 1.015309
vt -0.121304 1.011178
vt -0.120329 0.996390
vt -0.107428 0.996677
vt -0.107976 1.009788
vt -0.120808 1.007849
vt -0.120809 0.992153
vt -0.107976 0.990214
vt -0.107428 1.003325
vt -0.120329 1.003612
vt -0.121304 0.988824
vt -0.108760 0.984693
vt -0.107100 0.997388
vt -0.119853 0.999920
vt -0.121682 0.987826
vt -0.109682 0.981544
vt -0.106867 0.993420
vt -0.119221 0.998206
vt -0.121587 0.990488
vt -0.110471 0.982103
vt -0.106434 0.992772
vt -0.118059 0.999813
vt -0.120288 0.997923
vt -0.110524 0.987496
vt -0.105200 0.996568
vt -0.115635 1.005852
vt -0.116446 1.010695
vt -0.108684 0.998358
vt -0.102064 1.005402
vt -0.110660 1.016852
vt -0.108082 1.028041
vt -0.103127 1.014133
vt -0.095364 1.018667
vt -0.101297 1.032004
vt -0.093421 1.046838
vt -0.092027 1.032071
vt -0.083559 1.033648
vt -0.086020 1.048215
vt -0.070045 1.069336
vt -0.073065 1.054374
vt -0.063795 1.052370
vt -0.061628 1.067515
vt -0.040348 1.079119
vt -0.047757 1.065906
vt -0.039593 1.060331
vt -0.032935 1.074057
vt -0.015601 1.076646
vt -0.025931 1.065815
vt -0.019325 1.057505
vt -0.009603 1.069101
vt 0.002085 1.067310
vt -0.009984 1.058848
vt -0.004906 1.048481
vt 0.006696 1.057896
vt 0.013985 1.054961
vt 0.000912 1.048697
vt 0.004640 1.036738
vt 0.017370 1.044103
vt 0.021731 1.041479
vt 0.008090 1.037273
vt 0.010636 1.024100
vt 0.024042 1.029518
vt 0.026483 1.027628
vt 0.012545 1.025401
vt 0.014026 1.011389
vt 0.027829 1.014906
vt 0.028922 1.013633
vt 0.014874 1.013342
vt 0.015360 0.998899
vt 0.029364 1.000520
vt 0.029364 0.999481
vt 0.015360 1.001101
vt 0.014874 0.986658
vt 0.028923 0.986367
vt 0.027829 0.985095
vt 0.014027 0.988611
vt 0.012545 0.974599
vt 0.026484 0.972372
vt 0.024043 0.970483
vt 0.010636 0.975900
vt 0.008091 0.962727
vt 0.021732 0.958521
vt 0.017371 0.955897
vt 0.004641 0.963262
vt 0.000913 0.951303
vt 0.013986 0.945039
vt 0.006697 0.942104
vt -0.004905 0.951519
vt -0.009983 0.941152
vt 0.002086 0.932690
vt -0.009602 0.930899
vt -0.019324 0.942494
vt -0.025929 0.934184
vt -0.015599 0.923353
vt -0.032934 0.925943
vt -0.039592 0.939669
vt -0.047756 0.934093
vt -0.040347 0.920880
vt -0.061628 0.932484
vt -0.063794 0.947630
vt -0.073064 0.945625
vt -0.070045 0.930664
vt -0.087966 0.951978
vt -0.084946 0.966940
vt -0.094216 0.968945
vt -0.096383 0.953799
vt -0.104377 0.976475
vt -0.096968 0.989688
vt -0.105132 0.995264
vt -0.111790 0.981538
vt -0.111446 0.996393
vt -0.101116 1.007224
vt -0.107721 1.015534
vt -0.117443 1.003939
vt -0.113525 1.008263
vt -0.101455 1.016724
vt -0.106533 1.027092
vt -0.118135 1.017676
vt -0.113675 1.012644
vt -0.100603 1.018908
vt -0.104331 1.030867
vt -0.117060 1.023502
vt -0.113328 1.011181
vt -0.099687 1.015386
vt -0.102232 1.028560
vt -0.115639 1.023142
vt -0.113063 1.005632
vt -0.099125 1.007859
vt -0.100606 1.021870
vt -0.114409 1.018354
vt -0.113109 0.997724
vt -0.099061 0.998015
vt -0.099547 1.012458
vt -0.113551 1.010838
vt -0.113551 0.989164
vt -0.099547 0.987544
vt -0.099061 1.001987
vt -0.113109 1.002278
vt -0.114409 0.981648
vt -0.100607 0.978131
vt -0.099125 0.992143
vt -0.113064 0.994370
vt -0.115639 0.976860
vt -0.102233 0.971442
vt -0.099687 0.984616
vt -0.113328 0.988821
vt -0.117061 0.976500
vt -0.104331 0.969135
vt -0.100603 0.981094
vt -0.113676 0.987359
vt -0.118136 0.982326
vt -0.106534 0.972910
vt -0.101456 0.983278
vt -0.113525 0.991740
vt -0.117443 0.996064
vt -0.107721 0.984468
vt -0.101116 0.992778
vt -0.111446 1.003609
vt -0.111789 1.018464
vt -0.105132 1.004738
vt -0.096968 1.010314
vt -0.104376 1.023527
vt -0.096382 1.046202
vt -0.094216 1.031056
vt -0.084946 1.033061
vt -0.087965 1.048022
vt -0.064827 1.076726
vt -0.068865 1.061575
vt -0.059113 1.058866
vt -0.055690 1.074188
vt -0.025369 1.087844
vt -0.034928 1.075493
vt -0.027026 1.068520
vt -0.017965 1.081311
vt 0.001891 1.081588
vt -0.010495 1.072235
vt -0.004618 1.062581
vt 0.007396 1.072544
vt 0.018354 1.069287
vt 0.004611 1.062340
vt 0.008881 1.050820
vt 0.022354 1.058494
vt 0.028303 1.055451
vt 0.013877 1.050450
vt 0.016905 1.037461
vt 0.031140 1.043281
vt 0.034389 1.041474
vt 0.019606 1.038162
vt 0.021632 1.024008
vt 0.036287 1.028213
vt 0.038001 1.027701
vt 0.023039 1.025950
vt 0.024205 1.010965
vt 0.039093 1.013663
vt 0.039836 1.014074
vt 0.024809 1.013824
vt 0.025189 0.998404
vt 0.040193 0.999629
vt 0.040193 1.000372
vt 0.025189 1.001596
vt 0.024809 0.986177
vt 0.039836 0.985926
vt 0.039094 0.986338
vt 0.024205 0.989035
vt 0.023040 0.974051
vt 0.038002 0.972299
vt 0.036287 0.971788
vt 0.021632 0.975993
vt 0.019607 0.961838
vt 0.034390 0.958526
vt 0.031141 0.956719
vt 0.016906 0.962539
vt 0.013878 0.949550
vt 0.028304 0.944550
vt 0.022355 0.941506
vt 0.008882 0.949180
vt 0.004613 0.937660
vt 0.018356 0.930713
vt 0.007398 0.927456
vt -0.004617 0.937419
vt -0.010493 0.927765
vt 0.001893 0.918412
vt -0.017964 0.918689
vt -0.027025 0.931479
vt -0.034927 0.924506
vt -0.025367 0.912155
vt -0.055690 0.925811
vt -0.059112 0.941133
vt -0.068865 0.938424
vt -0.064826 0.923273
vt -0.090913 0.956971
vt -0.086875 0.972122
vt -0.096627 0.974831
vt -0.100050 0.959509
vt -0.105867 0.993019
vt -0.096307 1.005370
vt -0.104209 1.012343
vt -0.113271 0.999552
vt -0.107791 1.016069
vt -0.095405 1.025422
vt -0.101281 1.035076
vt -0.113296 1.025113
vt -0.106124 1.026186
vt -0.092381 1.033133
vt -0.096650 1.044653
vt -0.110124 1.036980
vt -0.104156 1.027061
vt -0.089731 1.032061
vt -0.092758 1.045050
vt -0.106993 1.039230
vt -0.102677 1.021499
vt -0.087895 1.024811
vt -0.089920 1.038966
vt -0.104575 1.034760
vt -0.101818 1.011621
vt -0.086856 1.013372
vt -0.088021 1.028357
vt -0.102910 1.025660
vt -0.101571 0.999284
vt -0.086544 0.999535
vt -0.086925 1.014954
vt -0.101928 1.013730
vt -0.101928 0.986272
vt -0.086925 0.985048
vt -0.086544 1.000467
vt -0.101571 1.000718
vt -0.102910 0.974342
vt -0.088022 0.971645
vt -0.086856 0.986629
vt -0.101818 0.988381
vt -0.104575 0.965242
vt -0.089921 0.961036
vt -0.087895 0.975191
vt -0.102678 0.978503
vt -0.106994 0.960773
vt -0.092759 0.954952
vt -0.089731 0.967941
vt -0.104157 0.972942
vt -0.110125 0.963023
vt -0.096652 0.955349
vt -0.092382 0.966870
vt -0.106125 0.973816
vt -0.113297 0.974890
vt -0.101282 0.964927
vt -0.095405 0.974581
vt -0.107791 0.983934
vt -0.113270 1.000451
vt -0.104210 0.987660
vt -0.096308 0.994633
vt -0.105867 1.006984
vt -0.100050 1.040492
vt -0.096627 1.025170
vt -0.086874 1.027879
vt -0.090913 1.043030
vt 0.061286 1.080603
vt 0.045310 1.081064
vt 0.044939 1.070561
vt 0.060929 1.070489
vt -0.000762 1.093191
vt -0.013332 1.083357
vt -0.006937 1.074487
vt 0.005396 1.084650
vt 0.023399 1.081005
vt 0.008908 1.074404
vt 0.013109 1.063467
vt 0.027444 1.070473
vt 0.035142 1.066727
vt 0.019955 1.062093
vt 0.022828 1.049689
vt 0.037908 1.054783
vt 0.041559 1.052746
vt 0.026066 1.049497
vt 0.028042 1.035813
vt 0.043462 1.039569
vt 0.045302 1.039378
vt 0.029661 1.037251
vt 0.030961 1.022476
vt 0.046554 1.025150
vt 0.047477 1.026544
vt 0.031764 1.025422
vt 0.032506 1.009838
vt 0.048192 1.011538
vt 0.048580 1.014001
vt 0.032840 1.013831
vt 0.033082 0.997816
vt 0.048812 0.998580
vt 0.048812 1.001421
vt 0.033082 1.002184
vt 0.032840 0.986169
vt 0.048580 0.986000
vt 0.048192 0.988463
vt 0.032506 0.990163
vt 0.031764 0.974579
vt 0.047478 0.973457
vt 0.046555 0.974851
vt 0.030962 0.977525
vt 0.029662 0.962749
vt 0.045303 0.960623
vt 0.043462 0.960432
vt 0.028043 0.964188
vt 0.026067 0.950504
vt 0.041560 0.947255
vt 0.037910 0.945218
vt 0.022829 0.950311
vt 0.019957 0.937908
vt 0.035144 0.933274
vt 0.027446 0.929527
vt 0.013111 0.936534
vt 0.008911 0.925596
vt 0.023402 0.918996
vt 0.005399 0.915350
vt -0.006934 0.925512
vt -0.013329 0.916642
vt -0.000758 0.906809
vt -0.060929 1.070489
vt -0.044939 1.070561
vt -0.045310 1.081064
vt -0.061286 1.080604
vt -0.061286 1.078668
vt -0.045310 1.078208
vt -0.044939 1.088711
vt -0.060929 1.088783
vt -0.101503 1.021283
vt -0.088932 1.031116
vt -0.095327 1.039986
vt -0.107661 1.029824
vt -0.096290 1.041108
vt -0.081799 1.047709
vt -0.086000 1.058646
vt -0.100335 1.051640
vt -0.092012 1.045656
vt -0.076825 1.050290
vt -0.079698 1.062693
vt -0.094778 1.057600
vt -0.089224 1.041448
vt -0.073732 1.044696
vt -0.075708 1.058380
vt -0.091127 1.054624
vt -0.087518 1.031345
vt -0.071876 1.033472
vt -0.073177 1.048248
vt -0.088770 1.045573
vt -0.086589 1.017238
vt -0.070876 1.018360
vt -0.071617 1.033944
vt -0.087303 1.032244
vt -0.086273 1.000816
vt -0.070534 1.000986
vt -0.070775 1.017001
vt -0.086506 1.016238
vt -0.086506 0.983764
vt -0.070775 0.983000
vt -0.070534 0.999016
vt -0.086273 0.999185
vt -0.087304 0.967758
vt -0.071618 0.966057
vt -0.070876 0.981641
vt -0.086589 0.982764
vt -0.088771 0.954429
vt -0.073178 0.951754
vt -0.071877 0.966530
vt -0.087518 0.968656
vt -0.091128 0.945378
vt -0.075709 0.941622
vt -0.073733 0.955305
vt -0.089225 0.958554
vt -0.094780 0.942403
vt -0.079699 0.937309
vt -0.076826 0.949712
vt -0.092013 0.954346
vt -0.100337 0.948364
vt -0.086002 0.941357
vt -0.081801 0.952294
vt -0.096292 0.958895
vt -0.107662 0.970181
vt -0.095328 0.960018
vt -0.088933 0.968888
vt -0.101504 0.978722
vt 0.060929 1.088783
vt 0.044939 1.088711
vt 0.045310 1.078208
vt 0.061286 1.078668
vt 0.059536 1.081629
vt 0.043394 1.081785
vt 0.043268 1.071146
vt 0.059411 1.071120
vt 0.059650 1.072696
vt 0.043515 1.073051
vt 0.043126 1.061993
vt 0.059266 1.061773
vt 0.047062 1.072196
vt 0.031110 1.069767
vt 0.032655 1.058017
vt 0.048587 1.060591
vt 0.051043 1.059374
vt 0.034996 1.057736
vt 0.036008 1.044901
vt 0.052043 1.046696
vt 0.053114 1.047207
vt 0.037028 1.046077
vt 0.037712 1.032109
vt 0.053789 1.033411
vt 0.054302 1.035591
vt 0.038199 1.034857
vt 0.038645 1.019855
vt 0.054743 1.020774
vt 0.054991 1.024426
vt 0.038879 1.024039
vt 0.039132 1.008248
vt 0.055241 1.008830
vt 0.055343 1.013500
vt 0.039228 1.013440
vt 0.039310 0.997224
vt 0.055424 0.997483
vt 0.055424 1.002518
vt 0.039310 1.002777
vt 0.039228 0.986561
vt 0.055343 0.986501
vt 0.055241 0.991172
vt 0.039132 0.991753
vt 0.038880 0.975962
vt 0.054991 0.975576
vt 0.054743 0.979228
vt 0.038645 0.980146
vt 0.038200 0.965144
vt 0.054303 0.964410
vt 0.053790 0.966591
vt 0.037713 0.967892
vt 0.037030 0.953924
vt 0.053115 0.952795
vt 0.052044 0.953306
vt 0.036009 0.955101
vt 0.034997 0.942265
vt 0.051045 0.940628
vt 0.048590 0.939411
vt 0.032657 0.941984
vt 0.031113 0.930234
vt 0.047065 0.927806
vt -0.059266 1.061773
vt -0.043126 1.061993
vt -0.043515 1.073051
vt -0.059650 1.072696
vt -0.059411 1.071120
vt -0.043268 1.071146
vt -0.043394 1.081785
vt -0.059536 1.081629
vt -0.059536 1.077605
vt -0.043394 1.077449
vt -0.043268 1.088089
vt -0.059411 1.088114
vt -0.059650 1.080458
vt -0.043515 1.080103
vt -0.043126 1.091162
vt -0.059266 1.091381
vt -0.073534 1.066536
vt -0.057582 1.068964
vt -0.059126 1.080714
vt -0.075059 1.078141
vt -0.070835 1.062978
vt -0.054788 1.064615
vt -0.055800 1.077451
vt -0.071834 1.075656
vt -0.069397 1.053457
vt -0.053312 1.054585
vt -0.053995 1.068553
vt -0.070072 1.067253
vt -0.068592 1.039299
vt -0.052489 1.040032
vt -0.052934 1.055035
vt -0.069032 1.054116
vt -0.068168 1.021719
vt -0.052057 1.022106
vt -0.052310 1.037896
vt -0.068418 1.037315
vt -0.068017 1.002086
vt -0.051902 1.002146
vt -0.051984 1.018362
vt -0.068098 1.018103
vt -0.068099 0.981899
vt -0.051985 0.981639
vt -0.051902 0.997855
vt -0.068017 0.997915
vt -0.068419 0.962686
vt -0.052310 0.962105
vt -0.052057 0.977895
vt -0.068169 0.978282
vt -0.069033 0.945885
vt -0.052936 0.944967
vt -0.052490 0.959969
vt -0.068593 0.960703
vt -0.070074 0.932749
vt -0.053997 0.931448
vt -0.053313 0.945416
vt -0.069399 0.946545
vt -0.071837 0.924346
vt -0.055802 0.922551
vt -0.054790 0.935387
vt -0.070837 0.937024
vt -0.075062 0.921862
vt -0.059130 0.919288
vt -0.057585 0.931038
vt -0.073536 0.933467
vt 0.059266 1.091381
vt 0.043126 1.091162
vt 0.043515 1.080103
vt 0.059650 1.080458
vt 0.059411 1.088114
vt 0.043268 1.088089
vt 0.043394 1.077449
vt 0.059536 1.077605
vt 0.056291 1.082559
vt 0.040150 1.082403
vt 0.040275 1.071894
vt 0.056418 1.071920
vt 0.056146 1.075435
vt 0.040010 1.075079
vt 0.040394 1.064157
vt 0.056535 1.064376
vt 0.067509 1.055222
vt 0.051558 1.057650
vt 0.050032 1.046045
vt 0.065965 1.043472
vt 0.064235 1.048204
vt 0.048188 1.049841
vt 0.047188 1.037163
vt 0.063223 1.035369
vt 0.062451 1.039641
vt 0.046366 1.040770
vt 0.045691 1.026974
vt 0.061768 1.025673
vt 0.061401 1.030660
vt 0.045297 1.031394
vt 0.044857 1.016576
vt 0.060955 1.015658
vt 0.060781 1.021655
vt 0.044669 1.022042
vt 0.044419 1.006446
vt 0.060528 1.005865
vt 0.060458 1.012666
vt 0.044343 1.012726
vt 0.044262 0.996709
vt 0.060376 0.996450
vt 0.060376 1.003551
vt 0.044262 1.003292
vt 0.044343 0.987275
vt 0.060458 0.987335
vt 0.060528 0.994136
vt 0.044419 0.993555
vt 0.044669 0.977959
vt 0.060781 0.978346
vt 0.060955 0.984343
vt 0.044858 0.983425
vt 0.045298 0.968607
vt 0.061401 0.969341
vt 0.061769 0.974328
vt 0.045692 0.973027
vt 0.046367 0.959231
vt 0.062452 0.960360
vt 0.063224 0.964633
vt 0.047189 0.962838
vt 0.048189 0.950160
vt 0.064236 0.951798
vt 0.065967 0.956531
vt 0.050034 0.953957
vt 0.051560 0.942352
vt 0.067512 0.944781
vt -0.056535 1.064376
vt -0.040394 1.064157
vt -0.040010 1.075079
vt -0.056146 1.075435
vt -0.056418 1.071920
vt -0.040275 1.071894
vt -0.040150 1.082403
vt -0.056291 1.082559
vt -0.056291 1.076675
vt -0.040150 1.076831
vt -0.040275 1.087340
vt -0.056418 1.087315
vt -0.056146 1.077720
vt -0.040010 1.078075
vt -0.040394 1.088997
vt -0.056535 1.088778
vt -0.041037 1.083510
vt -0.025085 1.081081
vt -0.023559 1.092686
vt -0.039492 1.095260
vt -0.044442 1.074147
vt -0.028395 1.072510
vt -0.027395 1.085188
vt -0.043430 1.086983
vt -0.046167 1.061022
vt -0.030082 1.059892
vt -0.029407 1.073688
vt -0.045484 1.074990
vt -0.047110 1.044229
vt -0.031007 1.043495
vt -0.030567 1.058313
vt -0.046665 1.059232
vt -0.047603 1.024489
vt -0.031491 1.024102
vt -0.031241 1.039698
vt -0.047350 1.040280
vt -0.047783 1.002920
vt -0.031668 1.002860
vt -0.031587 1.018876
vt -0.047701 1.019136
vt -0.047701 0.980865
vt -0.031587 0.981124
vt -0.031669 0.997141
vt -0.047783 0.997081
vt -0.047351 0.959721
vt -0.031242 0.960302
vt -0.031492 0.975898
vt -0.047604 0.975512
vt -0.046666 0.940770
vt -0.030568 0.941688
vt -0.031008 0.956505
vt -0.047111 0.955772
vt -0.045486 0.925012
vt -0.029409 0.926312
vt -0.030083 0.940108
vt -0.046169 0.938980
vt -0.043432 0.913018
vt -0.027398 0.914813
vt -0.028397 0.927491
vt -0.044444 0.925854
vt -0.039496 0.904742
vt -0.023563 0.907315
vt -0.025088 0.918920
vt -0.041040 0.916492
vt 0.056535 1.088778
vt 0.040394 1.088998
vt 0.040010 1.078075
vt 0.056146 1.077720
vt 0.056418 1.087315
vt 0.040275 1.087340
vt 0.040150 1.076831
vt 0.056291 1.076675
vt 0.051875 1.083309
vt 0.035899 1.082848
vt 0.036256 1.072734
vt 0.052246 1.072805
vt 0.090239 1.023902
vt 0.077668 1.033735
vt 0.071510 1.025194
vt 0.083844 1.015032
vt 0.080110 1.035348
vt 0.065619 1.041949
vt 0.061574 1.031417
vt 0.075910 1.024411
vt 0.073514 1.035384
vt 0.058327 1.040018
vt 0.055561 1.028074
vt 0.070641 1.022981
vt 0.069392 1.031125
vt 0.053900 1.034374
vt 0.051997 1.021198
vt 0.067416 1.017441
vt 0.066795 1.025161
vt 0.051154 1.027287
vt 0.049902 1.013059
vt 0.065495 1.010385
vt 0.065202 1.018524
vt 0.049488 1.019646
vt 0.048774 1.004640
vt 0.064460 1.002940
vt 0.064345 1.011587
vt 0.048605 1.011757
vt 0.048373 0.996335
vt 0.064104 0.995572
vt 0.064104 1.004429
vt 0.048373 1.003666
vt 0.048606 0.988244
vt 0.064345 0.988414
vt 0.064460 0.997061
vt 0.048774 0.995361
vt 0.049489 0.980355
vt 0.065202 0.981477
vt 0.065495 0.989616
vt 0.049902 0.986942
vt 0.051154 0.972714
vt 0.066796 0.974841
vt 0.067417 0.982560
vt 0.051998 0.978804
vt 0.053901 0.965627
vt 0.069393 0.968876
vt 0.070642 0.977021
vt 0.055562 0.971927
vt 0.058328 0.959984
vt 0.073515 0.964618
vt 0.075911 0.975592
vt 0.061575 0.968585
vt 0.065621 0.958054
vt 0.080112 0.964655
vt 0.083845 0.984971
vt 0.071511 0.974809
vt 0.077669 0.966268
vt 0.090240 0.976102
vt -0.052246 1.072805
vt -0.036256 1.072734
vt -0.035899 1.082848
vt -0.051875 1.083309
vt -0.051875 1.075963
vt -0.035899 1.076424
vt -0.036256 1.086538
vt -0.052246 1.086467
vt 0.012026 1.090570
vt 0.024597 1.080737
vt 0.030754 1.089278
vt 0.018421 1.099440
vt -0.007219 1.086764
vt 0.007272 1.080163
vt 0.011317 1.090695
vt -0.003018 1.097702
vt -0.016643 1.076999
vt -0.001456 1.072365
vt 0.001310 1.084308
vt -0.013770 1.089402
vt -0.021726 1.063068
vt -0.006234 1.059819
vt -0.004331 1.072995
vt -0.019750 1.076752
vt -0.024579 1.045562
vt -0.008938 1.043435
vt -0.007686 1.057663
vt -0.023279 1.060338
vt -0.026090 1.025258
vt -0.010377 1.024135
vt -0.009662 1.039141
vt -0.025348 1.040842
vt -0.026652 1.003230
vt -0.010912 1.003060
vt -0.010679 1.018482
vt -0.026410 1.019245
vt -0.026410 0.980755
vt -0.010680 0.981519
vt -0.010912 0.996940
vt -0.026652 0.996770
vt -0.025349 0.959159
vt -0.009663 0.960859
vt -0.010377 0.975865
vt -0.026091 0.974743
vt -0.023280 0.939663
vt -0.007687 0.942337
vt -0.008939 0.956565
vt -0.024580 0.954438
vt -0.019752 0.923249
vt -0.004333 0.927005
vt -0.006235 0.940181
vt -0.021728 0.936933
vt -0.013773 0.910598
vt 0.001308 0.915692
vt -0.001458 0.927635
vt -0.016645 0.923002
vt -0.003021 0.902299
vt 0.011314 0.909305
vt 0.007269 0.919836
vt -0.007222 0.913236
vt 0.018417 0.900559
vt 0.030751 0.910721
vt 0.024593 0.919262
vt 0.012022 0.909429
vt 0.052246 1.086467
vt 0.036256 1.086538
vt 0.035899 1.076424
vt 0.051875 1.075963
vt 0.091788 0.972145
vt 0.087749 0.987295
vt 0.078612 0.984758
vt 0.082035 0.969436
vt 0.092133 1.003031
vt 0.082573 1.015382
vt 0.075169 1.008848
vt 0.084230 0.996058
vt 0.085456 1.018346
vt 0.073070 1.027699
vt 0.067564 1.018654
vt 0.079579 1.008691
vt 0.078999 1.023193
vt 0.065256 1.030139
vt 0.061256 1.019346
vt 0.074730 1.011672
vt 0.074170 1.022684
vt 0.059744 1.027684
vt 0.056908 1.015515
vt 0.071142 1.009695
vt 0.070828 1.019588
vt 0.056045 1.022900
vt 0.054148 1.009639
vt 0.068802 1.005433
vt 0.068662 1.015261
vt 0.053700 1.017012
vt 0.052608 1.002974
vt 0.067496 1.000276
vt 0.067448 1.010332
vt 0.052420 1.010583
vt 0.052064 0.996137
vt 0.067067 0.994913
vt 0.067067 1.005088
vt 0.052064 1.003864
vt 0.052421 0.989418
vt 0.067448 0.989669
vt 0.067496 0.999725
vt 0.052608 0.997027
vt 0.053700 0.982989
vt 0.068662 0.984740
vt 0.068802 0.994568
vt 0.054148 0.990362
vt 0.056046 0.977101
vt 0.070828 0.980413
vt 0.071143 0.990306
vt 0.056908 0.984486
vt 0.059745 0.972317
vt 0.074171 0.977317
vt 0.074730 0.988330
vt 0.061257 0.980656
vt 0.065257 0.969863
vt 0.078999 0.976809
vt 0.079579 0.991311
vt 0.067565 0.981348
vt 0.073071 0.972303
vt 0.085456 0.981657
vt 0.084230 1.003945
vt 0.075170 0.991154
vt 0.082573 0.984621
vt 0.092133 0.996971
vt 0.082035 1.030565
vt 0.078612 1.015244
vt 0.087749 1.012706
vt 0.091787 1.027857
vt 0.063952 1.061553
vt 0.067991 1.046402
vt 0.077128 1.048940
vt 0.073705 1.064262
vt 0.039103 1.077832
vt 0.048663 1.065481
vt 0.056066 1.072014
vt 0.047006 1.084805
vt 0.020444 1.079311
vt 0.032830 1.069957
vt 0.038336 1.079002
vt 0.026321 1.088965
vt 0.008772 1.072280
vt 0.022514 1.065334
vt 0.026514 1.076127
vt 0.013041 1.083801
vt 0.001684 1.059826
vt 0.016109 1.054826
vt 0.018946 1.066995
vt 0.004712 1.072815
vt -0.002539 1.043384
vt 0.012243 1.040072
vt 0.014141 1.053334
vt -0.000514 1.057539
vt -0.004845 1.024061
vt 0.010116 1.022309
vt 0.011209 1.036348
vt -0.003679 1.039045
vt -0.005712 1.003026
vt 0.009315 1.002775
vt 0.009672 1.017221
vt -0.005331 1.018445
vt -0.005332 0.981555
vt 0.009671 0.982779
vt 0.009315 0.997225
vt -0.005712 0.996974
vt -0.003680 0.960955
vt 0.011208 0.963652
vt 0.010116 0.977690
vt -0.004846 0.975939
vt -0.000515 0.942461
vt 0.014140 0.946666
vt 0.012242 0.959927
vt -0.002540 0.956616
vt 0.004710 0.927185
vt 0.018945 0.933005
vt 0.016108 0.945174
vt 0.001682 0.940174
vt 0.013039 0.916199
vt 0.026512 0.923873
vt 0.022513 0.934666
vt 0.008770 0.927720
vt 0.026319 0.911035
vt 0.038334 0.920997
vt 0.032828 0.930042
vt 0.020442 0.920689
vt 0.047004 0.915194
vt 0.056065 0.927985
vt 0.048662 0.934518
vt 0.039102 0.922167
vt 0.073704 0.935738
vt 0.077127 0.951060
vt 0.067991 0.953597
vt 0.063952 0.938447
vt 0.088785 0.970687
vt 0.085765 0.985649
vt 0.077348 0.983828
vt 0.079515 0.968682
vt 0.090398 0.992202
vt 0.082989 1.005415
vt 0.075576 1.000353
vt 0.082234 0.986627
vt 0.086717 1.006187
vt 0.076387 1.017018
vt 0.070390 1.009472
vt 0.080112 0.997877
vt 0.081740 1.013004
vt 0.069670 1.021465
vt 0.065060 1.012052
vt 0.076662 1.002636
vt 0.077304 1.015040
vt 0.064232 1.021304
vt 0.060847 1.010446
vt 0.073576 1.003081
vt 0.073901 1.014295
vt 0.060260 1.018500
vt 0.057949 1.006539
vt 0.071356 1.001121
vt 0.071549 1.012026
vt 0.057611 1.014253
vt 0.056265 1.001530
vt 0.070068 0.998014
vt 0.070164 1.008951
vt 0.056116 1.009242
vt 0.055674 0.996128
vt 0.069678 0.994508
vt 0.069678 1.005493
vt 0.055674 1.003873
vt 0.056116 0.990759
vt 0.070164 0.991050
vt 0.070068 1.001987
vt 0.056265 0.998471
vt 0.057611 0.985748
vt 0.071549 0.987975
vt 0.071356 0.998880
vt 0.057950 0.993462
vt 0.060261 0.981501
vt 0.073902 0.985707
vt 0.073576 0.996920
vt 0.060847 0.989555
vt 0.064232 0.978697
vt 0.077305 0.984961
vt 0.076662 0.997365
vt 0.065060 0.987950
vt 0.069671 0.978536
vt 0.081740 0.986998
vt 0.080112 1.002125
vt 0.070390 0.990529
vt 0.076387 0.982984
vt 0.086717 0.993815
vt 0.082234 1.013375
vt 0.075576 0.999649
vt 0.082989 0.994586
vt 0.090398 1.007799
vt 0.079514 1.031318
vt 0.077348 1.016172
vt 0.085765 1.014352
vt 0.088784 1.029313
vt 0.069226 1.050627
vt 0.072246 1.035666
vt 0.080663 1.037486
vt 0.078496 1.052632
vt 0.054327 1.063392
vt 0.061736 1.050179
vt 0.069149 1.055242
vt 0.062491 1.068968
vt 0.040329 1.066852
vt 0.050659 1.056021
vt 0.056657 1.063566
vt 0.046934 1.075162
vt 0.029700 1.062568
vt 0.041769 1.054106
vt 0.046380 1.063520
vt 0.034778 1.072936
vt 0.022386 1.052564
vt 0.035459 1.046300
vt 0.038844 1.057158
vt 0.026114 1.064523
vt 0.017695 1.038364
vt 0.031336 1.034159
vt 0.033647 1.046120
vt 0.020241 1.051538
vt 0.015031 1.021233
vt 0.028969 1.019006
vt 0.030315 1.031728
vt 0.016512 1.035245
vt 0.014023 1.002405
vt 0.028071 1.002114
vt 0.028513 1.015228
vt 0.014509 1.016848
vt 0.014509 0.983152
vt 0.028513 0.984771
vt 0.028071 0.997885
vt 0.014023 0.997595
vt 0.016512 0.964755
vt 0.030314 0.968271
vt 0.028969 0.980994
vt 0.015030 0.978767
vt 0.020240 0.948462
vt 0.033646 0.953879
vt 0.031335 0.965841
vt 0.017694 0.961635
vt 0.026113 0.935476
vt 0.038843 0.942841
vt 0.035458 0.953700
vt 0.022385 0.947435
vt 0.034777 0.927064
vt 0.046379 0.936479
vt 0.041768 0.945893
vt 0.029699 0.937431
vt 0.046933 0.924837
vt 0.056656 0.936433
vt 0.050658 0.943978
vt 0.040328 0.933147
vt 0.062490 0.931032
vt 0.069148 0.944758
vt 0.061735 0.949820
vt 0.054326 0.936607
vt 0.078496 0.947368
vt 0.080662 0.962514
vt 0.072246 0.964334
vt 0.069226 0.949373
vt 0.086755 0.972326
vt 0.084294 0.986894
vt 0.076893 0.985516
vt 0.078287 0.970750
vt 0.088241 0.987105
vt 0.082309 1.000442
vt 0.075523 0.996479
vt 0.080478 0.982571
vt 0.086317 0.998295
vt 0.077720 1.009745
vt 0.071934 1.003588
vt 0.079697 0.991251
vt 0.082907 1.005187
vt 0.072472 1.014471
vt 0.067819 1.006542
vt 0.077583 0.996115
vt 0.079377 1.008552
vt 0.067752 1.015593
vt 0.064223 1.006267
vt 0.075340 0.997883
vt 0.076386 1.009491
vt 0.064032 1.014277
vt 0.061571 1.003897
vt 0.073570 0.997616
vt 0.074172 1.008919
vt 0.061419 1.011451
vt 0.059968 1.000355
vt 0.072512 0.996224
vt 0.072793 1.007480
vt 0.059891 1.007767
vt 0.059412 0.996307
vt 0.072245 0.994369
vt 0.072244 1.005632
vt 0.059412 1.003694
vt 0.059892 0.992234
vt 0.072793 0.992521
vt 0.072512 1.003777
vt 0.059968 0.999646
vt 0.061419 0.988550
vt 0.074172 0.991082
vt 0.073570 1.002386
vt 0.061571 0.996104
vt 0.064032 0.985724
vt 0.076386 0.990510
vt 0.075340 1.002118
vt 0.064223 0.993734
vt 0.067752 0.984408
vt 0.079377 0.991449
vt 0.077583 1.003886
vt 0.067819 0.993459
vt 0.072472 0.985530
vt 0.082907 0.994815
vt 0.079697 1.008750
vt 0.071934 0.996413
vt 0.077720 0.990256
vt 0.086317 1.001706
vt 0.080478 1.017429
vt 0.075523 1.003521
vt 0.082309 0.999559
vt 0.088241 1.012896
vt 0.078287 1.029250
vt 0.076892 1.014484
vt 0.084294 1.013106
vt 0.086755 1.027674
vt 0.072212 1.041385
vt 0.074673 1.026817
vt 0.082074 1.028195
vt 0.080680 1.042961
vt 0.063323 1.050123
vt 0.069256 1.036786
vt 0.076042 1.040749
vt 0.071087 1.054657
vt 0.053921 1.053257
vt 0.062517 1.041807
vt 0.068304 1.047964
vt 0.060541 1.060301
vt 0.045757 1.050604
vt 0.056192 1.041320
vt 0.060845 1.049249
vt 0.051081 1.059676
vt 0.039508 1.042999
vt 0.051133 1.035958
vt 0.054661 1.045283
vt 0.043545 1.053668
vt 0.035200 1.031528
vt 0.047553 1.026743
vt 0.050014 1.037122
vt 0.038015 1.043404
vt 0.032653 1.017320
vt 0.045407 1.014788
vt 0.046857 1.025884
vt 0.034313 1.030015
vt 0.031698 1.001533
vt 0.044600 1.001246
vt 0.045079 1.012705
vt 0.032247 1.014644
vt 0.032246 0.985355
vt 0.045079 0.987294
vt 0.044600 0.998753
vt 0.031698 0.998466
vt 0.034313 0.969984
vt 0.046857 0.974115
vt 0.045406 0.985211
vt 0.032653 0.982679
vt 0.038015 0.956595
vt 0.050014 0.962877
vt 0.047553 0.973257
vt 0.035199 0.968471
vt 0.043544 0.946331
vt 0.054661 0.954716
vt 0.051132 0.964041
vt 0.039507 0.957000
vt 0.051080 0.940323
vt 0.060845 0.950750
vt 0.056192 0.958679
vt 0.045757 0.949395
vt 0.060540 0.939698
vt 0.068303 0.952035
vt 0.062517 0.958192
vt 0.053920 0.946743
vt 0.071086 0.945343
vt 0.076041 0.959251
vt 0.069256 0.963213
vt 0.063323 0.949877
vt 0.080679 0.957039
vt 0.082074 0.971805
vt 0.074673 0.973182
vt 0.072212 0.958615
vt 0.085252 0.975333
vt 0.083128 0.989434
vt 0.076957 0.988386
vt 0.077828 0.974072
vt 0.086388 0.985231
vt 0.081480 0.998361
vt 0.075699 0.995299
vt 0.079434 0.981546
vt 0.085461 0.993551
vt 0.078234 1.005115
vt 0.073140 1.000249
vt 0.079333 0.987697
vt 0.083344 0.999560
vt 0.074352 1.009165
vt 0.070119 1.002770
vt 0.078251 0.991867
vt 0.080856 1.003324
vt 0.070615 1.010736
vt 0.067316 1.003106
vt 0.076888 0.994145
vt 0.078545 1.005299
vt 0.067485 1.010382
vt 0.065139 1.001814
vt 0.075721 0.994991
vt 0.076709 1.006018
vt 0.065183 1.008696
vt 0.063782 0.999493
vt 0.075023 0.994946
vt 0.075487 1.005952
vt 0.063788 1.006197
vt 0.063323 0.996673
vt 0.074927 0.994495
vt 0.074927 1.005506
vt 0.063323 1.003328
vt 0.063789 0.993804
vt 0.075487 0.994049
vt 0.075023 1.005055
vt 0.063782 1.000508
vt 0.065183 0.991305
vt 0.076709 0.993984
vt 0.075721 1.005010
vt 0.065139 0.998187
vt 0.067486 0.989618
vt 0.078545 0.994702
vt 0.076888 1.005856
vt 0.067316 0.996895
vt 0.070615 0.989265
vt 0.080856 0.996677
vt 0.078251 1.008134
vt 0.070119 0.997231
vt 0.074352 0.990836
vt 0.083344 1.000441
vt 0.079333 1.012304
vt 0.073140 0.999752
vt 0.078234 0.994886
vt 0.085461 1.006450
vt 0.079434 1.018454
vt 0.075699 1.004702
vt 0.081480 1.001639
vt 0.086388 1.014770
vt 0.077828 1.025928
vt 0.076957 1.011614
vt 0.083128 1.010566
vt 0.085252 1.024668
vt 0.074196 1.033229
vt 0.076320 1.019127
vt 0.082491 1.020175
vt 0.081619 1.034490
vt 0.068953 1.038523
vt 0.073862 1.025392
vt 0.079643 1.028455
vt 0.075908 1.042207
vt 0.063061 1.040438
vt 0.070288 1.028874
vt 0.075382 1.033741
vt 0.069189 1.046293
vt 0.057487 1.038457
vt 0.066479 1.028852
vt 0.070713 1.035247
vt 0.062580 1.046150
vt 0.052863 1.032773
vt 0.063105 1.025361
vt 0.066404 1.032992
vt 0.056832 1.041953
vt 0.049480 1.023999
vt 0.060539 1.018916
vt 0.062886 1.027485
vt 0.052303 1.034307
vt 0.047417 1.012963
vt 0.058943 1.010284
vt 0.060344 1.019487
vt 0.049102 1.024034
vt 0.046672 1.000607
vt 0.058370 1.000363
vt 0.058836 1.009886
vt 0.047232 1.012064
vt 0.047232 0.987935
vt 0.058836 0.990113
vt 0.058370 0.999636
vt 0.046672 0.999392
vt 0.049102 0.975965
vt 0.060344 0.980512
vt 0.058943 0.989715
vt 0.047416 0.987036
vt 0.052303 0.965692
vt 0.062886 0.972515
vt 0.060539 0.981083
vt 0.049479 0.976000
vt 0.056832 0.958047
vt 0.066404 0.967008
vt 0.063105 0.974638
vt 0.052863 0.967227
vt 0.062579 0.953849
vt 0.070712 0.964753
vt 0.066479 0.971148
vt 0.057486 0.961543
vt 0.069189 0.953707
vt 0.075382 0.966259
vt 0.070288 0.971125
vt 0.063061 0.959561
vt 0.075908 0.957792
vt 0.079643 0.971545
vt 0.073862 0.974607
vt 0.068953 0.961477
vt 0.081619 0.965510
vt 0.082491 0.979824
vt 0.076320 0.980873
vt 0.074196 0.966771
vt 0.084050 0.978980
vt 0.082139 0.992619
vt 0.077365 0.991852
vt 0.077869 0.977986
vt 0.084926 0.985276
vt 0.080731 0.998074
vt 0.076203 0.995816
vt 0.079063 0.982351
vt 0.084625 0.991061
vt 0.078434 1.002481
vt 0.074361 0.998850
vt 0.079351 0.986359
vt 0.083517 0.995809
vt 0.075705 1.005425
vt 0.072240 1.000596
vt 0.079031 0.989556
vt 0.082022 0.999360
vt 0.072987 1.006860
vt 0.070229 1.001041
vt 0.078452 0.991826
vt 0.080495 1.001816
vt 0.070616 1.006985
vt 0.068621 1.000407
vt 0.077912 0.993299
vt 0.079183 1.003409
vt 0.068806 1.006113
vt 0.067601 0.999019
vt 0.077623 0.994224
vt 0.078232 1.004413
vt 0.067674 1.004590
vt 0.067271 0.997236
vt 0.077711 0.994892
vt 0.077711 1.005109
vt 0.067271 1.002765
vt 0.067674 0.995411
vt 0.078232 0.995588
vt 0.077623 1.005777
vt 0.067601 1.000982
vt 0.068806 0.993888
vt 0.079183 0.996592
vt 0.077912 1.006702
vt 0.068621 0.999594
vt 0.070616 0.993016
vt 0.080495 0.998185
vt 0.078452 1.008175
vt 0.070230 0.998959
vt 0.072987 0.993140
vt 0.082022 1.000641
vt 0.079031 1.010445
vt 0.072240 0.999405
vt 0.075705 0.994576
vt 0.083517 1.004192
vt 0.079351 1.013641
vt 0.074361 1.001151
vt 0.078434 0.997520
vt 0.084625 1.008940
vt 0.079063 1.017649
vt 0.076203 1.004185
vt 0.080731 1.001926
vt 0.084926 1.014725
vt 0.077869 1.022014
vt 0.077365 1.008148
vt 0.082139 1.007381
vt 0.084050 1.021021
vt 0.075665 1.025967
vt 0.077576 1.012328
vt 0.082350 1.013095
vt 0.081846 1.026961
vt 0.072624 1.028621
vt 0.076819 1.015823
vt 0.081348 1.018081
vt 0.078488 1.031545
vt 0.069147 1.029239
vt 0.075338 1.017819
vt 0.079411 1.021450
vt 0.074421 1.033940
vt 0.065705 1.027427
vt 0.073516 1.017811
vt 0.076981 1.022640
vt 0.070191 1.033680
vt 0.062703 1.023176
vt 0.071737 1.015675
vt 0.074495 1.021494
vt 0.066273 1.030710
vt 0.060417 1.016786
vt 0.070296 1.011616
vt 0.072291 1.018195
vt 0.063000 1.025303
vt 0.059007 1.008780
vt 0.069383 1.006076
vt 0.070588 1.013170
vt 0.060567 1.017965
vt 0.058548 0.999824
vt 0.069106 0.999646
vt 0.069509 1.007000
vt 0.059069 1.009345
vt 0.059069 0.990654
vt 0.069509 0.992999
vt 0.069106 1.000353
vt 0.058548 1.000176
vt 0.060567 0.982035
vt 0.070588 0.986829
vt 0.069383 0.993923
vt 0.059007 0.991219
vt 0.063000 0.974696
vt 0.072291 0.981804
vt 0.070296 0.988383
vt 0.060417 0.983214
vt 0.066273 0.969290
vt 0.074495 0.978505
vt 0.071737 0.984324
vt 0.062702 0.976824
vt 0.070190 0.966320
vt 0.076981 0.977359
vt 0.073516 0.982189
vt 0.065705 0.972572
vt 0.074421 0.966060
vt 0.079411 0.978550
vt 0.075338 0.982181
vt 0.069147 0.970761
vt 0.078488 0.968454
vt 0.081348 0.981919
vt 0.076819 0.984177
vt 0.072624 0.971379
vt 0.081846 0.973039
vt 0.082350 0.986905
vt 0.077576 0.987672
vt 0.075665 0.974033
vt 0.083027 0.982933
vt 0.081251 0.996174
vt 0.077999 0.995668
vt 0.078248 0.982190
vt 0.083785 0.986585
vt 0.080076 0.999046
vt 0.076968 0.997551
vt 0.079219 0.984389
vt 0.083933 0.990277
vt 0.078483 1.001462
vt 0.075651 0.999045
vt 0.079772 0.986726
vt 0.083600 0.993699
vt 0.076679 1.003180
vt 0.074233 0.999944
vt 0.080005 0.988944
vt 0.082963 0.996678
vt 0.074883 1.004112
vt 0.072906 1.000188
vt 0.080058 0.990914
vt 0.082199 0.999169
vt 0.073289 1.004299
vt 0.071839 0.999842
vt 0.080070 0.992621
vt 0.081457 1.001217
vt 0.072045 1.003875
vt 0.071162 0.999054
vt 0.080160 0.994135
vt 0.080840 1.002926
vt 0.071250 1.003029
vt 0.070954 0.998024
vt 0.080405 0.995573
vt 0.080405 1.004428
vt 0.070954 1.001977
vt 0.071250 0.996972
vt 0.080840 0.997075
vt 0.080160 1.005866
vt 0.071162 1.000946
vt 0.072045 0.996126
vt 0.081457 0.998784
vt 0.080070 1.007379
vt 0.071839 1.000158
vt 0.073289 0.995701
vt 0.082199 1.000832
vt 0.080058 1.009087
vt 0.072906 0.999812
vt 0.074883 0.995888
vt 0.082963 1.003322
vt 0.080005 1.011056
vt 0.074233 1.000057
vt 0.076679 0.996820
vt 0.083600 1.006301
vt 0.079772 1.013275
vt 0.075651 1.000956
vt 0.078483 0.998539
vt 0.083933 1.009723
vt 0.079219 1.015611
vt 0.076968 1.002449
vt 0.080076 1.000954
vt 0.083785 1.013415
vt 0.078248 1.017810
vt 0.077999 1.004333
vt 0.081251 1.003827
vt 0.083027 1.017067
vt 0.076842 1.019517
vt 0.078618 1.006276
vt 0.081871 1.006782
vt 0.081621 1.020260
vt 0.075081 1.020348
vt 0.078791 1.007887
vt 0.081899 1.009382
vt 0.079648 1.022544
vt 0.073129 1.019981
vt 0.078579 1.008796
vt 0.081411 1.011214
vt 0.077290 1.023532
vt 0.071195 1.018227
vt 0.078115 1.008745
vt 0.080562 1.011982
vt 0.074789 1.022982
vt 0.069485 1.015066
vt 0.077565 1.007633
vt 0.079542 1.011556
vt 0.072390 1.020831
vt 0.068172 1.010652
vt 0.077083 1.005522
vt 0.078532 1.009979
vt 0.070301 1.017200
vt 0.067381 1.005278
vt 0.076793 1.002620
vt 0.077677 1.007441
vt 0.068679 1.012360
vt 0.067188 0.999343
vt 0.076778 0.999240
vt 0.077075 1.004245
vt 0.067623 1.006696
vt 0.067623 0.993304
vt 0.077075 0.995755
vt 0.076778 1.000760
vt 0.067188 1.000657
vt 0.068679 0.987639
vt 0.077676 0.992559
vt 0.076793 0.997379
vt 0.067381 0.994721
vt 0.070301 0.982800
vt 0.078532 0.990021
vt 0.077083 0.994478
vt 0.068172 0.989347
vt 0.072390 0.979169
vt 0.079542 0.988443
vt 0.077565 0.992367
vt 0.069485 0.984933
vt 0.074789 0.977018
vt 0.080562 0.988018
vt 0.078115 0.991254
vt 0.071195 0.981773
vt 0.077290 0.976467
vt 0.081411 0.988786
vt 0.078579 0.991203
vt 0.073129 0.980019
vt 0.079648 0.977456
vt 0.081899 0.990618
vt 0.078791 0.992113
vt 0.075081 0.979652
vt 0.081621 0.979740
vt 0.081871 0.993218
vt 0.078618 0.993724
vt 0.076842 0.980483
vt 0.082110 0.987065
vt 0.080414 1.000013
vt 0.078767 0.999762
vt 0.078855 0.986568
vt 0.082861 0.988866
vt 0.079454 1.001062
vt 0.077873 1.000317
vt 0.079738 0.987395
vt 0.083342 0.990942
vt 0.078371 1.001912
vt 0.076920 1.000704
vt 0.080476 0.988556
vt 0.083576 0.993148
vt 0.077250 1.002471
vt 0.075984 1.000848
vt 0.081076 0.989942
vt 0.083603 0.995372
vt 0.076181 1.002695
vt 0.075148 1.000721
vt 0.081563 0.991473
vt 0.083478 0.997540
vt 0.075252 1.002590
vt 0.074488 1.000341
vt 0.081969 0.993097
vt 0.083253 0.999611
vt 0.074534 1.002202
vt 0.074066 0.999765
vt 0.082327 0.994796
vt 0.082970 1.001572
vt 0.074082 1.001613
vt 0.073924 0.999079
vt 0.082659 0.996568
vt 0.082659 1.003432
vt 0.073924 1.000921
vt 0.074082 0.998388
vt 0.082970 0.998428
vt 0.082327 1.005205
vt 0.074066 1.000236
vt 0.074534 0.997798
vt 0.083253 1.000390
vt 0.081969 1.006903
vt 0.074488 0.999660
vt 0.075252 0.997411
vt 0.083478 1.002461
vt 0.081563 1.008528
vt 0.075148 0.999279
vt 0.076181 0.997305
vt 0.083603 1.004628
vt 0.081076 1.010058
vt 0.075984 0.999153
vt 0.077250 0.997530
vt 0.083576 1.006852
vt 0.080476 1.011445
vt 0.076920 0.999297
vt 0.078371 0.998089
vt 0.083342 1.009059
vt 0.079738 1.012606
vt 0.077873 0.999683
vt 0.079454 0.998939
vt 0.082861 1.011134
vt 0.078855 1.013432
vt 0.078767 1.000239
vt 0.080414 0.999987
vt 0.082110 1.012935
vt 0.077846 1.013801
vt 0.079542 1.000853
vt 0.081189 1.001105
vt 0.081101 1.014298
vt 0.076756 1.013596
vt 0.080163 1.001400
vt 0.081744 1.002145
vt 0.079879 1.015067
vt 0.075652 1.012728
vt 0.080624 1.001758
vt 0.082075 1.002966
vt 0.078519 1.015114
vt 0.074617 1.011159
vt 0.080943 1.001837
vt 0.082209 1.003460
vt 0.077118 1.014365
vt 0.073736 1.008912
vt 0.081158 1.001589
vt 0.082191 1.003563
vt 0.075777 1.012811
vt 0.073084 1.006074
vt 0.081311 1.001024
vt 0.082074 1.003273
vt 0.074593 1.010516
vt 0.072722 1.002795
vt 0.081441 1.000203
vt 0.081910 1.002641
vt 0.073648 1.007610
vt 0.072690 0.999271
vt 0.081579 0.999231
vt 0.081737 1.001764
vt 0.073002 1.004275
vt 0.073002 0.995725
vt 0.081737 0.998236
vt 0.081579 1.000769
vt 0.072690 1.000729
vt 0.073648 0.992390
vt 0.081910 0.997359
vt 0.081441 0.999796
vt 0.072722 0.997205
vt 0.074593 0.989483
vt 0.082074 0.996727
vt 0.081311 0.998976
vt 0.073084 0.993926
vt 0.075777 0.987188
vt 0.082191 0.996437
vt 0.081158 0.998411
vt 0.073736 0.991088
vt 0.077118 0.985635
vt 0.082209 0.996540
vt 0.080943 0.998163
vt 0.074617 0.988841
vt 0.078519 0.984885
vt 0.082075 0.997034
vt 0.080624 0.998241
vt 0.075652 0.987271
vt 0.079879 0.984933
vt 0.081744 0.997855
vt 0.080163 0.998600
vt 0.076756 0.986404
vt 0.081101 0.985702
vt 0.081189 0.998895
vt 0.079542 0.999147
vt 0.077846 0.986199
vt 0.081248 0.991373
vt 0.079591 1.004166
vt 0.079601 0.991123
vt 0.082035 0.992044
vt 0.078775 1.004095
vt 0.080451 0.991304
vt 0.082727 0.993005
vt 0.077990 1.003851
vt 0.081267 0.991804
vt 0.083300 0.994212
vt 0.077271 1.003435
vt 0.082022 0.992596
vt 0.083738 0.995614
vt 0.076651 1.002860
vt 0.082690 0.993645
vt 0.084031 0.997157
vt 0.076158 1.002149
vt 0.083252 0.994912
vt 0.084172 0.998787
vt 0.075815 1.001334
vt 0.083692 0.996351
vt 0.084160 1.000448
vt 0.075639 1.000452
vt 0.083998 0.997914
vt 0.083998 1.002086
vt 0.075639 0.999548
vt 0.084160 0.999553
vt 0.083692 1.003650
vt 0.075815 0.998667
vt 0.084172 1.001214
vt 0.083252 1.005088
vt 0.076158 0.997851
vt 0.084031 1.002843
vt 0.082690 1.006355
vt 0.076651 0.997140
vt 0.083738 1.004386
vt 0.082022 1.007404
vt 0.077271 0.996565
vt 0.083300 1.005788
vt 0.081267 1.008196
vt 0.077990 0.996150
vt 0.082727 1.006995
vt 0.080451 1.008696
vt 0.078775 0.995905
vt 0.082035 1.007956
vt 0.079601 1.008877
vt 0.079591 0.995834
vt 0.081248 1.008628
vt 0.078747 1.008723
vt 0.080405 0.995929
vt 0.080395 1.008973
vt 0.077923 1.008228
vt 0.081184 0.996177
vt 0.079508 1.008968
vt 0.077164 1.007402
vt 0.081901 0.996556
vt 0.078624 1.008602
vt 0.076503 1.006267
vt 0.082532 0.997045
vt 0.077781 1.007883
vt 0.075969 1.004865
vt 0.083057 0.997619
vt 0.077018 1.006834
vt 0.075589 1.003249
vt 0.083462 0.998257
vt 0.076368 1.005494
vt 0.075381 1.001485
vt 0.083737 0.998938
vt 0.075860 1.003921
vt 0.075356 0.999648
vt 0.083877 0.999643
vt 0.075518 1.002181
vt 0.075518 0.997819
vt 0.083877 1.000357
vt 0.075356 1.000352
vt 0.075860 0.996079
vt 0.083737 1.001062
vt 0.075381 0.998515
vt 0.076368 0.994506
vt 0.083462 1.001743
vt 0.075589 0.996751
vt 0.077018 0.993166
vt 0.083057 1.002381
vt 0.075969 0.995135
vt 0.077781 0.992117
vt 0.082532 1.002955
vt 0.076503 0.993733
vt 0.078624 0.991398
vt 0.081901 1.003444
vt 0.077164 0.992598
vt 0.079508 0.991032
vt 0.081184 1.003823
vt 0.077923 0.991772
vt 0.080395 0.991027
vt 0.080405 1.004071
vt 0.078747 0.991277
vt -0.129217 1.023463
vt -0.128548 1.023130
vt -0.128523 1.025666
vt -0.126465 1.024382
vt -0.125979 1.023471
vt -0.125249 1.025659
vt -0.124389 1.022395
vt -0.124213 1.021151
vt -0.122982 1.022407
vt -0.124213 1.018801
vt -0.124389 1.017557
vt -0.122982 1.017545
vt -0.125979 1.016171
vt -0.126465 1.015260
vt -0.125249 1.013983
vt -0.128548 1.016200
vt -0.129217 1.015867
vt -0.128523 1.013664
vt -0.130462 1.018220
vt -0.131131 1.018554
vt -0.131156 1.016018
vt -0.131168 1.019930
vt -0.131654 1.020841
vt -0.132384 1.018653
vt -0.131246 1.019874
vt -0.131422 1.021118
vt -0.132653 1.019863
vt -0.131422 1.018835
vt -0.131246 1.020079
vt -0.132653 1.020090
vt -0.131654 1.018802
vt -0.131168 1.019713
vt -0.132384 1.020990
vt -0.131131 1.020776
vt -0.130462 1.021110
vt -0.131156 1.023312
vt -0.124599 1.039914
vt -0.125391 1.037679
vt -0.124171 1.037048
vt -0.123939 1.039572
vt -0.108525 1.047274
vt -0.110004 1.045966
vt -0.109180 1.044268
vt -0.108079 1.046355
vt -0.097697 1.032651
vt -0.099406 1.032567
vt -0.099125 1.030267
vt -0.097545 1.031406
vt -0.097545 1.008197
vt -0.099125 1.009336
vt -0.099406 1.007036
vt -0.097697 1.006952
vt -0.108078 0.990586
vt -0.109180 0.992674
vt -0.110004 0.990976
vt -0.108524 0.989667
vt -0.123939 0.994501
vt -0.124171 0.997025
vt -0.125391 0.996394
vt -0.124599 0.994159
vt -0.131847 1.016598
vt -0.131055 1.018833
vt -0.132276 1.019464
vt -0.132508 1.016940
vt -0.128008 1.031060
vt -0.126528 1.032369
vt -0.127352 1.034067
vt -0.128453 1.031979
vt -0.122939 1.026259
vt -0.121230 1.026342
vt -0.121511 1.028642
vt -0.123091 1.027503
vt -0.123091 1.012102
vt -0.121511 1.010963
vt -0.121230 1.013263
vt -0.122939 1.013347
vt -0.128454 1.004965
vt -0.127352 1.002877
vt -0.126528 1.004575
vt -0.128008 1.005883
vt -0.132508 1.017134
vt -0.132276 1.014610
vt -0.131055 1.015241
vt -0.131847 1.017476
vt -0.114297 1.064563
vt -0.115391 1.062358
vt -0.113877 1.061420
vt -0.113138 1.063844
vt -0.074827 1.079334
vt -0.076794 1.078176
vt -0.075966 1.075896
vt -0.074193 1.077589
vt -0.057136 1.045515
vt -0.059292 1.045385
vt -0.059040 1.042376
vt -0.056943 1.043212
vt -0.056942 0.995870
vt -0.059039 0.996706
vt -0.059292 0.993698
vt -0.057135 0.993568
vt -0.074192 0.954951
vt -0.075965 0.956644
vt -0.076793 0.954364
vt -0.074826 0.953206
vt -0.113137 0.960451
vt -0.113876 0.962876
vt -0.115391 0.961937
vt -0.114296 0.959733
vt -0.129217 1.032111
vt -0.128122 1.034316
vt -0.129637 1.035254
vt -0.130376 1.032830
vt -0.106992 1.061288
vt -0.105025 1.062445
vt -0.105853 1.064726
vt -0.107625 1.063033
vt -0.094247 1.038563
vt -0.092091 1.038693
vt -0.092343 1.041702
vt -0.094440 1.040866
vt -0.094441 0.998219
vt -0.092344 0.997383
vt -0.092091 1.000392
vt -0.094248 1.000522
vt -0.107626 0.969510
vt -0.105854 0.967817
vt -0.105026 0.970098
vt -0.106993 0.971255
vt -0.130376 0.991469
vt -0.129637 0.989044
vt -0.128123 0.989983
vt -0.129217 0.992187
vt -0.064352 1.115478
vt -0.066382 1.113973
vt -0.065292 1.112395
vt -0.063346 1.114021
vt -0.015543 1.104921
vt -0.017996 1.104414
vt -0.017638 1.101846
vt -0.015212 1.102548
vt -0.005788 1.053568
vt -0.008276 1.053502
vt -0.008178 1.050242
vt -0.005697 1.050556
vt -0.005697 0.988138
vt -0.008177 0.988451
vt -0.008275 0.985191
vt -0.005787 0.985126
vt -0.015210 0.926305
vt -0.017636 0.927007
vt -0.017994 0.924439
vt -0.015541 0.923932
vt -0.063341 0.898934
vt -0.065287 0.900560
vt -0.066377 0.898982
vt -0.064347 0.897477
vt -0.097528 1.089966
vt -0.095499 1.091471
vt -0.096588 1.093049
vt -0.098535 1.091424
vt -0.057156 1.096820
vt -0.054703 1.097327
vt -0.055061 1.099895
vt -0.057487 1.099193
vt -0.048424 1.049587
vt -0.045936 1.049653
vt -0.046034 1.052913
vt -0.048515 1.052599
vt -0.048515 0.986095
vt -0.046035 0.985781
vt -0.045937 0.989041
vt -0.048425 0.989107
vt -0.057489 0.929663
vt -0.055063 0.928960
vt -0.054705 0.931528
vt -0.057158 0.932035
vt -0.098539 0.921539
vt -0.096593 0.919914
vt -0.095503 0.921492
vt -0.097533 0.922997
vt 0.097678 1.090415
vt 0.095649 1.091921
vt 0.094642 1.090463
vt 0.096589 1.088838
vt 0.056398 1.096669
vt 0.053945 1.097176
vt 0.053614 1.094803
vt 0.056040 1.094101
vt 0.047396 1.051389
vt 0.044907 1.051454
vt 0.044817 1.048442
vt 0.047298 1.048128
vt 0.047299 0.990566
vt 0.044818 0.990252
vt 0.044908 0.987240
vt 0.047396 0.987306
vt 0.056042 0.934754
vt 0.053617 0.934052
vt 0.053948 0.931679
vt 0.056400 0.932186
vt 0.096593 0.924125
vt 0.094646 0.922500
vt 0.095653 0.921042
vt 0.097682 0.922548
vt 0.064203 1.115029
vt 0.066232 1.113524
vt 0.067239 1.114981
vt 0.065292 1.116607
vt 0.016301 1.105072
vt 0.018754 1.104565
vt 0.019085 1.106938
vt 0.016659 1.107640
vt 0.006816 1.051767
vt 0.009305 1.051701
vt 0.009395 1.054713
vt 0.006914 1.055027
vt 0.006913 0.983666
vt 0.009394 0.983980
vt 0.009304 0.986992
vt 0.006816 0.986927
vt 0.016657 0.921213
vt 0.019082 0.921915
vt 0.018752 0.924288
vt 0.016299 0.923781
vt 0.065287 0.896348
vt 0.067234 0.897974
vt 0.066227 0.899431
vt 0.064198 0.897926
vt 0.129408 1.032599
vt 0.128313 1.034804
vt 0.127154 1.034085
vt 0.127893 1.031660
vt 0.105385 1.061911
vt 0.103418 1.063069
vt 0.102785 1.061324
vt 0.104558 1.059631
vt 0.091812 1.040429
vt 0.089656 1.040559
vt 0.089463 1.038256
vt 0.091560 1.037420
vt 0.091560 1.001665
vt 0.089463 1.000829
vt 0.089656 0.998526
vt 0.091812 0.998656
vt 0.104559 0.972912
vt 0.102786 0.971219
vt 0.103419 0.969474
vt 0.105386 0.970632
vt 0.127894 0.992638
vt 0.127155 0.990213
vt 0.128314 0.989495
vt 0.129408 0.991699
vt 0.114106 1.064075
vt 0.115200 1.061870
vt 0.116359 1.062589
vt 0.115620 1.065014
vt 0.076433 1.078710
vt 0.078400 1.077553
vt 0.079033 1.079298
vt 0.077261 1.080990
vt 0.059571 1.043649
vt 0.061727 1.043519
vt 0.061920 1.045822
vt 0.059823 1.046658
vt 0.059823 0.992425
vt 0.061920 0.993261
vt 0.061727 0.995563
vt 0.059571 0.995433
vt 0.077260 0.951549
vt 0.079032 0.953242
vt 0.078399 0.954987
vt 0.076432 0.953829
vt 0.115620 0.959282
vt 0.116359 0.961707
vt 0.115200 0.962425
vt 0.114105 0.960221
vt 0.131982 1.017014
vt 0.131190 1.019249
vt 0.130529 1.018907
vt 0.130761 1.016383
vt 0.126611 1.032013
vt 0.125131 1.033322
vt 0.124685 1.032403
vt 0.125787 1.030315
vt 0.120567 1.027804
vt 0.118858 1.027888
vt 0.118706 1.026643
vt 0.120286 1.025504
vt 0.120286 1.014101
vt 0.118706 1.012962
vt 0.118858 1.011718
vt 0.120567 1.011801
vt 0.125787 1.006629
vt 0.124686 1.004541
vt 0.125132 1.003622
vt 0.126611 1.004931
vt 0.130761 1.017691
vt 0.130529 1.015167
vt 0.131190 1.014825
vt 0.131982 1.017060
vt 0.124465 1.039498
vt 0.125257 1.037263
vt 0.125918 1.037605
vt 0.125685 1.040129
vt 0.109921 1.046321
vt 0.111401 1.045013
vt 0.111847 1.045932
vt 0.110745 1.048019
vt 0.100069 1.031105
vt 0.101778 1.031021
vt 0.101930 1.032266
vt 0.100350 1.033405
vt 0.100350 1.006198
vt 0.101930 1.007337
vt 0.101778 1.008582
vt 0.100069 1.008498
vt 0.110745 0.988922
vt 0.111846 0.991010
vt 0.111400 0.991929
vt 0.109921 0.990620
vt 0.125685 0.993944
vt 0.125918 0.996468
vt 0.125257 0.996810
vt 0.124465 0.994575
vt 0.131203 1.016182
vt 0.130510 1.018385
vt 0.130535 1.015849
vt 0.131850 1.019094
vt 0.130634 1.020372
vt 0.131364 1.018183
vt 0.131688 1.020475
vt 0.130281 1.020487
vt 0.131512 1.019231
vt 0.131512 1.020722
vt 0.130281 1.019466
vt 0.131688 1.019478
vt 0.131364 1.021460
vt 0.130634 1.019271
vt 0.131850 1.020548
vt 0.130535 1.023482
vt 0.130510 1.020946
vt 0.131203 1.023148
vt 0.128476 1.025501
vt 0.129169 1.023299
vt 0.129144 1.025835
vt 0.125783 1.025218
vt 0.126999 1.023941
vt 0.126269 1.026129
vt 0.123947 1.021794
vt 0.125354 1.021783
vt 0.124123 1.023038
vt 0.124123 1.016914
vt 0.125354 1.018169
vt 0.123947 1.018157
vt 0.126269 1.013513
vt 0.126999 1.015701
vt 0.125783 1.014424
vt 0.129144 1.013495
vt 0.129169 1.016031
vt 0.128476 1.013829
vt -0.128174 0.983531
vt -0.127505 0.983198
vt -0.127480 0.985734
vt -0.123638 0.983056
vt -0.123152 0.982145
vt -0.122422 0.984334
vt -0.120557 0.978956
vt -0.120381 0.977713
vt -0.119150 0.978968
vt -0.120381 0.973346
vt -0.120557 0.972102
vt -0.119150 0.972090
vt -0.123152 0.969293
vt -0.123638 0.968381
vt -0.122422 0.967104
vt -0.127505 0.968623
vt -0.128174 0.968289
vt -0.127480 0.966087
vt -0.131505 0.970643
vt -0.132174 0.970977
vt -0.132199 0.968441
vt -0.133995 0.973052
vt -0.134481 0.973963
vt -0.135211 0.971775
vt -0.135078 0.974419
vt -0.135254 0.975663
vt -0.136485 0.974407
vt -0.135254 0.975396
vt -0.135078 0.976640
vt -0.136485 0.976652
vt -0.134481 0.977476
vt -0.133995 0.978387
vt -0.135211 0.979664
vt -0.132174 0.980844
vt -0.131505 0.981178
vt -0.132199 0.983380
vt -0.121139 1.012856
vt -0.121931 1.010622
vt -0.120711 1.009990
vt -0.120479 1.012515
vt -0.099806 1.013501
vt -0.101285 1.012193
vt -0.100461 1.010495
vt -0.099360 1.012583
vt -0.086587 0.991093
vt -0.088296 0.991009
vt -0.088015 0.988709
vt -0.086435 0.989848
vt -0.086435 0.961636
vt -0.088015 0.962775
vt -0.088296 0.960475
vt -0.086587 0.960392
vt -0.099359 0.942162
vt -0.100461 0.944250
vt -0.101285 0.942552
vt -0.099805 0.941243
vt -0.120479 0.945745
vt -0.120711 0.948269
vt -0.121931 0.947638
vt -0.121139 0.945403
vt -0.135308 0.967842
vt -0.134515 0.970077
vt -0.135736 0.970708
vt -0.135968 0.968184
vt -0.136727 0.982636
vt -0.135247 0.983945
vt -0.136071 0.985643
vt -0.137173 0.983555
vt -0.134049 0.979698
vt -0.132340 0.979782
vt -0.132621 0.982081
vt -0.134201 0.980943
vt -0.134201 0.970544
vt -0.132621 0.969405
vt -0.132340 0.971705
vt -0.134049 0.971789
vt -0.137173 0.971192
vt -0.136071 0.969104
vt -0.135247 0.970802
vt -0.136727 0.972111
vt -0.135968 0.990077
vt -0.135736 0.987553
vt -0.134515 0.988184
vt -0.135307 0.990418
vt -0.106938 1.053157
vt -0.108032 1.050953
vt -0.106518 1.050014
vt -0.105779 1.052439
vt -0.059815 1.051672
vt -0.061782 1.050514
vt -0.060954 1.048234
vt -0.059182 1.049927
vt -0.040062 1.004637
vt -0.042218 1.004507
vt -0.041966 1.001498
vt -0.039869 1.002334
vt -0.039869 0.949788
vt -0.041966 0.950624
vt -0.042218 0.947615
vt -0.040062 0.947485
vt -0.059180 0.910209
vt -0.060953 0.911902
vt -0.061781 0.909622
vt -0.059814 0.908464
vt -0.105778 0.917797
vt -0.106517 0.920222
vt -0.108031 0.919283
vt -0.106937 0.917078
vt -0.136576 0.989457
vt -0.135482 0.991661
vt -0.136996 0.992600
vt -0.137735 0.990175
vt -0.122004 1.016546
vt -0.120037 1.017704
vt -0.120864 1.019984
vt -0.122637 1.018291
vt -0.111321 0.992480
vt -0.109165 0.992610
vt -0.109417 0.995619
vt -0.111514 0.994783
vt -0.111514 0.957342
vt -0.109417 0.956506
vt -0.109165 0.959514
vt -0.111321 0.959645
vt -0.122638 0.941848
vt -0.120865 0.940156
vt -0.120037 0.942436
vt -0.122004 0.943593
vt -0.137735 0.980063
vt -0.136996 0.977638
vt -0.135482 0.978577
vt -0.136576 0.980782
vt -0.047919 1.113433
vt -0.049949 1.111928
vt -0.048859 1.110350
vt -0.046913 1.111975
vt 0.004619 1.076888
vt 0.002167 1.076381
vt 0.002525 1.073813
vt 0.004950 1.074516
vt 0.014751 1.011631
vt 0.012263 1.011566
vt 0.012361 1.008306
vt 0.014842 1.008619
vt 0.014842 0.943981
vt 0.012361 0.944295
vt 0.012264 0.941035
vt 0.014752 0.940969
vt 0.004953 0.890139
vt 0.002527 0.890841
vt 0.002169 0.888273
vt 0.004622 0.887766
vt -0.046907 0.872149
vt -0.048854 0.873774
vt -0.049943 0.872197
vt -0.047914 0.870691
vt -0.113962 1.063181
vt -0.111933 1.064686
vt -0.113022 1.066264
vt -0.114969 1.064638
vt -0.077319 1.060654
vt -0.074866 1.061161
vt -0.075224 1.063729
vt -0.077649 1.063026
vt -0.068963 1.005431
vt -0.066475 1.005497
vt -0.066573 1.008757
vt -0.069054 1.008443
vt -0.069054 0.944159
vt -0.066573 0.943845
vt -0.066476 0.947105
vt -0.068964 0.947171
vt -0.077652 0.901630
vt -0.075226 0.900927
vt -0.074868 0.903495
vt -0.077321 0.904002
vt -0.114972 0.919494
vt -0.113026 0.917868
vt -0.111936 0.919446
vt -0.113966 0.920952
vt 0.114112 1.063630
vt 0.112082 1.065135
vt 0.111076 1.063678
vt 0.113022 1.062052
vt 0.076561 1.060503
vt 0.074108 1.061010
vt 0.073777 1.058637
vt 0.076203 1.057935
vt 0.067935 1.007232
vt 0.065446 1.007298
vt 0.065356 1.004286
vt 0.067837 1.003972
vt 0.067837 0.948630
vt 0.065357 0.948316
vt 0.065447 0.945304
vt 0.067935 0.945370
vt 0.076205 0.906721
vt 0.073779 0.906019
vt 0.074110 0.903646
vt 0.076563 0.904153
vt 0.113026 0.922080
vt 0.111079 0.920454
vt 0.112086 0.918997
vt 0.114115 0.920502
vt 0.047770 1.112983
vt 0.049799 1.111478
vt 0.050806 1.112936
vt 0.048859 1.114561
vt -0.003862 1.077039
vt -0.001409 1.076532
vt -0.001078 1.078905
vt -0.003503 1.079607
vt -0.013723 1.009830
vt -0.011234 1.009765
vt -0.011144 1.012777
vt -0.013625 1.013090
vt -0.013625 0.939510
vt -0.011145 0.939824
vt -0.011235 0.942836
vt -0.013723 0.942770
vt -0.003506 0.885047
vt -0.001080 0.885749
vt -0.001411 0.888122
vt -0.003864 0.887615
vt 0.048854 0.869563
vt 0.050800 0.871189
vt 0.049794 0.872646
vt 0.047764 0.871141
vt 0.136767 0.989945
vt 0.135673 0.992150
vt 0.134514 0.991431
vt 0.135253 0.989006
vt 0.120397 1.017169
vt 0.118430 1.018327
vt 0.117797 1.016582
vt 0.119570 1.014889
vt 0.108886 0.994346
vt 0.106729 0.994476
vt 0.106536 0.992173
vt 0.108633 0.991337
vt 0.108634 0.960788
vt 0.106537 0.959952
vt 0.106730 0.957649
vt 0.108886 0.957779
vt 0.119570 0.945250
vt 0.117798 0.943558
vt 0.118431 0.941812
vt 0.120398 0.942970
vt 0.135253 0.981232
vt 0.134514 0.978807
vt 0.135673 0.978089
vt 0.136767 0.980293
vt 0.106747 1.052669
vt 0.107841 1.050465
vt 0.109000 1.051183
vt 0.108261 1.053608
vt 0.061422 1.051049
vt 0.063388 1.049891
vt 0.064022 1.051636
vt 0.062249 1.053329
vt 0.042498 1.002771
vt 0.044654 1.002641
vt 0.044847 1.004944
vt 0.042750 1.005780
vt 0.042749 0.946342
vt 0.044846 0.947178
vt 0.044653 0.949481
vt 0.042497 0.949351
vt 0.062248 0.906808
vt 0.064021 0.908500
vt 0.063387 0.910245
vt 0.061420 0.909088
vt 0.108261 0.916628
vt 0.108999 0.919053
vt 0.107841 0.919771
vt 0.106746 0.917567
vt 0.135442 0.968258
vt 0.134650 0.970493
vt 0.133989 0.970151
vt 0.134221 0.967627
vt 0.135330 0.983589
vt 0.133851 0.984898
vt 0.133405 0.983979
vt 0.134506 0.981891
vt 0.131677 0.981244
vt 0.129968 0.981327
vt 0.129816 0.980083
vt 0.131396 0.978944
vt 0.131396 0.972543
vt 0.129816 0.971404
vt 0.129968 0.970159
vt 0.131677 0.970243
vt 0.134506 0.972856
vt 0.133405 0.970768
vt 0.133851 0.969849
vt 0.135330 0.971158
vt 0.134221 0.990634
vt 0.133989 0.988110
vt 0.134650 0.987768
vt 0.135442 0.990003
vt 0.121005 1.012440
vt 0.121797 1.010206
vt 0.122458 1.010548
vt 0.122225 1.013072
vt 0.101202 1.012548
vt 0.102682 1.011240
vt 0.103128 1.012159
vt 0.102026 1.014246
vt 0.088959 0.989547
vt 0.090668 0.989463
vt 0.090820 0.990708
vt 0.089240 0.991847
vt 0.089240 0.959638
vt 0.090820 0.960776
vt 0.090668 0.962021
vt 0.088959 0.961937
vt 0.102026 0.940498
vt 0.103127 0.942586
vt 0.102681 0.943505
vt 0.101202 0.942196
vt 0.122225 0.945188
vt 0.122457 0.947712
vt 0.121797 0.948054
vt 0.121005 0.945819
vt 0.132247 0.968605
vt 0.131553 0.970807
vt 0.131578 0.968271
vt 0.134677 0.972216
vt 0.133461 0.973493
vt 0.134191 0.971305
vt 0.135520 0.975020
vt 0.134113 0.975031
vt 0.135344 0.973776
vt 0.135344 0.977283
vt 0.134113 0.976028
vt 0.135520 0.976039
vt 0.134191 0.980134
vt 0.133461 0.977945
vt 0.134677 0.979223
vt 0.131578 0.983550
vt 0.131553 0.981014
vt 0.132247 0.983216
vt 0.127433 0.985569
vt 0.128126 0.983367
vt 0.128101 0.985903
vt 0.122956 0.983892
vt 0.124172 0.982615
vt 0.123442 0.984803
vt 0.120115 0.978356
vt 0.121522 0.978344
vt 0.120291 0.979600
vt 0.120291 0.971458
vt 0.121522 0.972714
vt 0.120115 0.972702
vt 0.123442 0.966635
vt 0.124172 0.968823
vt 0.122956 0.967546
vt 0.128101 0.965918
vt 0.128126 0.968454
vt 0.127433 0.966251
vt -0.127131 1.039958
vt -0.126462 1.039624
vt -0.126437 1.042160
vt -0.120811 1.038854
vt -0.120325 1.037943
vt -0.119595 1.040132
vt -0.116725 1.033401
vt -0.116549 1.032157
vt -0.115318 1.033413
vt -0.116549 1.025773
vt -0.116725 1.024530
vt -0.115318 1.024518
vt -0.120325 1.019538
vt -0.120811 1.018627
vt -0.119595 1.017350
vt -0.126462 1.017404
vt -0.127131 1.017071
vt -0.126437 1.014868
vt -0.132548 1.019424
vt -0.133217 1.019758
vt -0.133242 1.017222
vt -0.136822 1.023297
vt -0.137308 1.024208
vt -0.138038 1.022020
vt -0.138910 1.026847
vt -0.139086 1.028091
vt -0.140317 1.026835
vt -0.139086 1.029841
vt -0.138910 1.031085
vt -0.140317 1.031096
vt -0.137308 1.033274
vt -0.136822 1.034185
vt -0.138038 1.035462
vt -0.133217 1.037271
vt -0.132548 1.037605
vt -0.133242 1.039807
vt -0.117679 1.069279
vt -0.118471 1.067045
vt -0.117251 1.066414
vt -0.117019 1.068938
vt -0.091087 1.070238
vt -0.092567 1.068929
vt -0.091743 1.067231
vt -0.090641 1.069319
vt -0.075478 1.046564
vt -0.077187 1.046481
vt -0.076905 1.044181
vt -0.075326 1.045319
vt -0.075325 1.012106
vt -0.076905 1.013245
vt -0.077187 1.010944
vt -0.075478 1.010861
vt -0.090641 0.984247
vt -0.091742 0.986335
vt -0.092566 0.984637
vt -0.091087 0.983328
vt -0.117019 0.980469
vt -0.117251 0.982993
vt -0.118471 0.982362
vt -0.117679 0.980127
vt -0.138767 1.002566
vt -0.137975 1.004801
vt -0.139196 1.005432
vt -0.139428 1.002908
vt -0.145445 1.024721
vt -0.143966 1.026030
vt -0.144790 1.027728
vt -0.145891 1.025640
vt -0.145158 1.030167
vt -0.143449 1.030251
vt -0.143731 1.032551
vt -0.145311 1.031412
vt -0.145311 1.026016
vt -0.143731 1.024877
vt -0.143449 1.027177
vt -0.145158 1.027260
vt -0.145891 1.027928
vt -0.144790 1.025840
vt -0.143966 1.027538
vt -0.145445 1.028847
vt -0.139428 1.046500
vt -0.139196 1.043976
vt -0.137975 1.044607
vt -0.138767 1.046842
vt -0.099579 1.101278
vt -0.100673 1.099074
vt -0.099159 1.098135
vt -0.098420 1.100560
vt -0.044804 1.103736
vt -0.046771 1.102578
vt -0.045943 1.100298
vt -0.044171 1.101990
vt -0.022989 1.059514
vt -0.025145 1.059384
vt -0.024893 1.056375
vt -0.022796 1.057211
vt -0.022796 0.999459
vt -0.024893 1.000295
vt -0.025145 0.997286
vt -0.022989 0.997156
vt -0.044169 0.945193
vt -0.045942 0.946886
vt -0.046770 0.944606
vt -0.044803 0.943448
vt -0.098419 0.934669
vt -0.099158 0.937094
vt -0.100673 0.936155
vt -0.099578 0.933951
vt -0.143935 1.006329
vt -0.142841 1.008534
vt -0.144355 1.009473
vt -0.145094 1.007048
vt -0.137015 1.051530
vt -0.135048 1.052687
vt -0.135875 1.054968
vt -0.137648 1.053275
vt -0.128394 1.042152
vt -0.126238 1.042282
vt -0.126490 1.045291
vt -0.128587 1.044455
vt -0.128587 1.012218
vt -0.126490 1.011382
vt -0.126238 1.014391
vt -0.128394 1.014521
vt -0.137649 0.993912
vt -0.135876 0.992219
vt -0.135048 0.994500
vt -0.137015 0.995657
vt -0.145094 1.028184
vt -0.144355 1.025759
vt -0.142840 1.026698
vt -0.143935 1.028903
vt -0.031487 1.143134
vt -0.033516 1.141629
vt -0.032427 1.140051
vt -0.030480 1.141677
vt 0.024781 1.119547
vt 0.022328 1.119040
vt 0.022687 1.116472
vt 0.025112 1.117175
vt 0.035289 1.064494
vt 0.032801 1.064429
vt 0.032899 1.061168
vt 0.035380 1.061482
vt 0.035380 0.994624
vt 0.032899 0.994938
vt 0.032802 0.991678
vt 0.035290 0.991612
vt 0.025115 0.924664
vt 0.022689 0.925366
vt 0.022331 0.922798
vt 0.024784 0.922292
vt -0.030474 0.877111
vt -0.032421 0.878736
vt -0.033510 0.877159
vt -0.031481 0.875653
vt -0.130395 1.068143
vt -0.128366 1.069648
vt -0.129455 1.071226
vt -0.131402 1.069600
vt -0.097480 1.095180
vt -0.095028 1.095686
vt -0.095386 1.098254
vt -0.097811 1.097552
vt -0.089501 1.056074
vt -0.087013 1.056139
vt -0.087111 1.059399
vt -0.089592 1.059086
vt -0.089592 0.997021
vt -0.087111 0.996708
vt -0.087014 0.999968
vt -0.089502 1.000033
vt -0.097813 0.944289
vt -0.095388 0.943586
vt -0.095030 0.946154
vt -0.097482 0.946661
vt -0.131405 0.949196
vt -0.129458 0.947570
vt -0.128369 0.949148
vt -0.130398 0.950653
vt 0.130545 1.068592
vt 0.128515 1.070097
vt 0.127509 1.068640
vt 0.129455 1.067014
vt 0.096723 1.095029
vt 0.094270 1.095535
vt 0.093939 1.093163
vt 0.096365 1.092461
vt 0.088472 1.057875
vt 0.085984 1.057940
vt 0.085894 1.054928
vt 0.088375 1.054615
vt 0.088375 1.001493
vt 0.085894 1.001179
vt 0.085985 0.998167
vt 0.088473 0.998232
vt 0.096367 0.949380
vt 0.093941 0.948678
vt 0.094272 0.946305
vt 0.096725 0.946812
vt 0.129458 0.951781
vt 0.127512 0.950156
vt 0.128518 0.948698
vt 0.130548 0.950204
vt 0.031337 1.142685
vt 0.033367 1.141180
vt 0.034373 1.142637
vt 0.032427 1.144263
vt -0.024023 1.119698
vt -0.021571 1.119191
vt -0.021240 1.121564
vt -0.023665 1.122266
vt -0.034260 1.062693
vt -0.031772 1.062628
vt -0.031682 1.065640
vt -0.034163 1.065953
vt -0.034163 0.990153
vt -0.031682 0.990466
vt -0.031773 0.993478
vt -0.034261 0.993413
vt -0.023668 0.919573
vt -0.021242 0.920275
vt -0.021573 0.922647
vt -0.024026 0.922141
vt 0.032421 0.874525
vt 0.034367 0.876150
vt 0.033361 0.877608
vt 0.031331 0.876103
vt 0.144126 1.006818
vt 0.143031 1.009022
vt 0.141872 1.008304
vt 0.142611 1.005879
vt 0.135408 1.052153
vt 0.133441 1.053311
vt 0.132808 1.051566
vt 0.134581 1.049873
vt 0.125958 1.044018
vt 0.123802 1.044148
vt 0.123609 1.041845
vt 0.125706 1.041009
vt 0.125706 1.015664
vt 0.123609 1.014828
vt 0.123803 1.012525
vt 0.125959 1.012655
vt 0.134581 0.997314
vt 0.132808 0.995621
vt 0.133442 0.993876
vt 0.135409 0.995034
vt 0.142611 1.029353
vt 0.141872 1.026928
vt 0.143031 1.026210
vt 0.144126 1.028414
vt 0.099388 1.100790
vt 0.100482 1.098586
vt 0.101641 1.099304
vt 0.100902 1.101729
vt 0.046411 1.103112
vt 0.048377 1.101955
vt 0.049011 1.103700
vt 0.047238 1.105392
vt 0.025425 1.057648
vt 0.027581 1.057518
vt 0.027774 1.059821
vt 0.025677 1.060657
vt 0.025676 0.996013
vt 0.027773 0.996849
vt 0.027580 0.999152
vt 0.025424 0.999022
vt 0.047237 0.941791
vt 0.049010 0.943484
vt 0.048376 0.945229
vt 0.046409 0.944071
vt 0.100902 0.933500
vt 0.101641 0.935925
vt 0.100482 0.936644
vt 0.099387 0.934439
vt 0.138902 1.002982
vt 0.138110 1.005217
vt 0.137449 1.004875
vt 0.137681 1.002351
vt 0.144049 1.025674
vt 0.142569 1.026983
vt 0.142123 1.026064
vt 0.143225 1.023976
vt 0.142787 1.031713
vt 0.141078 1.031797
vt 0.140925 1.030552
vt 0.142505 1.029413
vt 0.142505 1.028014
vt 0.140925 1.026876
vt 0.141078 1.025631
vt 0.142787 1.025714
vt 0.143225 1.029592
vt 0.142123 1.027504
vt 0.142569 1.026585
vt 0.144049 1.027894
vt 0.137681 1.047057
vt 0.137449 1.044533
vt 0.138110 1.044191
vt 0.138902 1.046426
vt 0.117545 1.068864
vt 0.118337 1.066629
vt 0.118998 1.066970
vt 0.118765 1.069495
vt 0.092483 1.069285
vt 0.093963 1.067976
vt 0.094409 1.068895
vt 0.093308 1.070983
vt 0.077850 1.045018
vt 0.079559 1.044935
vt 0.079711 1.046180
vt 0.078131 1.047318
vt 0.078131 1.010107
vt 0.079711 1.011246
vt 0.079558 1.012490
vt 0.077849 1.012407
vt 0.093307 0.982583
vt 0.094409 0.984671
vt 0.093963 0.985590
vt 0.092483 0.984281
vt 0.118765 0.979912
vt 0.118998 0.982436
vt 0.118337 0.982778
vt 0.117545 0.980543
vt 0.133289 1.017386
vt 0.132596 1.019589
vt 0.132621 1.017053
vt 0.137504 1.022461
vt 0.136288 1.023739
vt 0.137018 1.021550
vt 0.139352 1.027447
vt 0.137945 1.027459
vt 0.139175 1.026204
vt 0.139175 1.031728
vt 0.137945 1.030472
vt 0.139352 1.030484
vt 0.137018 1.035932
vt 0.136288 1.033743
vt 0.137504 1.035021
vt 0.132621 1.039976
vt 0.132596 1.037440
vt 0.133289 1.039642
vt 0.126390 1.041996
vt 0.127083 1.039794
vt 0.127058 1.042330
vt 0.120129 1.039690
vt 0.121345 1.038413
vt 0.120615 1.040601
vt 0.116283 1.032800
vt 0.117690 1.032789
vt 0.116460 1.034044
vt 0.116460 1.023886
vt 0.117690 1.025142
vt 0.116283 1.025130
vt 0.120615 1.016880
vt 0.121345 1.019068
vt 0.120129 1.017791
vt 0.127058 1.014699
vt 0.127083 1.017235
vt 0.126390 1.015033
vt -0.126088 0.982327
vt -0.125419 0.981994
vt -0.125394 0.984529
vt -0.117984 0.979690
vt -0.117498 0.978778
vt -0.116768 0.980967
vt -0.112893 0.971984
vt -0.112717 0.970740
vt -0.111486 0.971996
vt -0.112717 0.962340
vt -0.112893 0.961096
vt -0.111486 0.961084
vt -0.117498 0.954820
vt -0.117984 0.953909
vt -0.116768 0.952632
vt -0.125419 0.952129
vt -0.126088 0.951795
vt -0.125394 0.949593
vt -0.133591 0.954148
vt -0.134260 0.954482
vt -0.134285 0.951946
vt -0.139649 0.958580
vt -0.140135 0.959491
vt -0.140865 0.957302
vt -0.142742 0.963413
vt -0.142918 0.964657
vt -0.144149 0.963401
vt -0.142918 0.968424
vt -0.142742 0.969667
vt -0.144149 0.969679
vt -0.140135 0.974109
vt -0.139649 0.975020
vt -0.140865 0.976297
vt -0.134260 0.979640
vt -0.133591 0.979974
vt -0.134285 0.982176
vt -0.114219 1.026889
vt -0.115011 1.024654
vt -0.113791 1.024023
vt -0.113559 1.026547
vt -0.082368 1.019840
vt -0.083848 1.018532
vt -0.083024 1.016834
vt -0.081922 1.018922
vt -0.064368 0.987184
vt -0.066077 0.987100
vt -0.065795 0.984801
vt -0.064216 0.985939
vt -0.064215 0.947723
vt -0.065795 0.948862
vt -0.066077 0.946562
vt -0.064368 0.946479
vt -0.081922 0.919199
vt -0.083023 0.921287
vt -0.083847 0.919589
vt -0.082368 0.918280
vt -0.113559 0.916379
vt -0.113791 0.918904
vt -0.115011 0.918272
vt -0.114219 0.916038
vt -0.142228 0.938477
vt -0.141435 0.940711
vt -0.142656 0.941343
vt -0.142888 0.938818
vt -0.154164 0.959673
vt -0.152685 0.960982
vt -0.153509 0.962680
vt -0.154610 0.960592
vt -0.156268 0.965785
vt -0.154559 0.965868
vt -0.154841 0.968168
vt -0.156421 0.967030
vt -0.156421 0.966635
vt -0.154841 0.965497
vt -0.154559 0.967797
vt -0.156268 0.967880
vt -0.154610 0.977531
vt -0.153509 0.975443
vt -0.152685 0.977141
vt -0.154164 0.978450
vt -0.142888 1.004109
vt -0.142656 1.001585
vt -0.141435 1.002216
vt -0.142227 1.004451
vt -0.092220 1.078939
vt -0.093314 1.076734
vt -0.091800 1.075796
vt -0.091061 1.078220
vt -0.029792 1.061430
vt -0.031759 1.060273
vt -0.030932 1.057993
vt -0.029159 1.059685
vt -0.005915 1.001049
vt -0.008072 1.000919
vt -0.007819 0.997910
vt -0.005722 0.998746
vt -0.005722 0.935789
vt -0.007819 0.936625
vt -0.008071 0.933616
vt -0.005915 0.933486
vt -0.029158 0.885808
vt -0.030930 0.887501
vt -0.031758 0.885220
vt -0.029791 0.884063
vt -0.091060 0.881082
vt -0.091799 0.883507
vt -0.093313 0.882568
vt -0.092219 0.880363
vt -0.151294 0.952742
vt -0.150200 0.954946
vt -0.151714 0.955885
vt -0.152453 0.953460
vt -0.152027 0.992145
vt -0.150060 0.993302
vt -0.150887 0.995582
vt -0.152660 0.993890
vt -0.145468 0.978482
vt -0.143312 0.978612
vt -0.143564 0.981620
vt -0.145661 0.980784
vt -0.145661 0.953753
vt -0.143564 0.952917
vt -0.143312 0.955926
vt -0.145468 0.956056
vt -0.152660 0.951607
vt -0.150888 0.949914
vt -0.150060 0.952194
vt -0.152027 0.953352
vt -0.152453 1.005845
vt -0.151714 1.003420
vt -0.150199 1.004359
vt -0.151294 1.006563
vt -0.015054 1.135258
vt -0.017083 1.133752
vt -0.015994 1.132175
vt -0.014047 1.133800
vt 0.044944 1.078530
vt 0.042491 1.078023
vt 0.042850 1.075455
vt 0.045275 1.076157
vt 0.055828 1.005146
vt 0.053340 1.005080
vt 0.053438 1.001820
vt 0.055919 1.002134
vt 0.055919 0.933056
vt 0.053438 0.933369
vt 0.053341 0.930109
vt 0.055829 0.930044
vt 0.045278 0.875514
vt 0.042852 0.876216
vt 0.042494 0.873648
vt 0.044947 0.873141
vt -0.014040 0.844494
vt -0.015987 0.846120
vt -0.017077 0.844542
vt -0.015047 0.843037
vt -0.146829 1.035526
vt -0.144799 1.037032
vt -0.145889 1.038609
vt -0.147835 1.036984
vt -0.117643 1.046029
vt -0.115191 1.046536
vt -0.115549 1.049104
vt -0.117974 1.048402
vt -0.110040 0.994506
vt -0.107552 0.994571
vt -0.107650 0.997831
vt -0.110131 0.997518
vt -0.110131 0.937673
vt -0.107650 0.937359
vt -0.107553 0.940620
vt -0.110041 0.940685
vt -0.117976 0.903271
vt -0.115551 0.902569
vt -0.115193 0.905137
vt -0.117645 0.905644
vt -0.147838 0.941319
vt -0.145891 0.939694
vt -0.144802 0.941271
vt -0.146831 0.942777
vt 0.146979 1.035976
vt 0.144949 1.037481
vt 0.143943 1.036023
vt 0.145889 1.034398
vt 0.116886 1.045878
vt 0.114433 1.046385
vt 0.114102 1.044012
vt 0.116528 1.043310
vt 0.109012 0.996307
vt 0.106523 0.996372
vt 0.106433 0.993360
vt 0.108914 0.993047
vt 0.108914 0.942144
vt 0.106433 0.941831
vt 0.106524 0.938819
vt 0.109012 0.938884
vt 0.116529 0.908363
vt 0.114104 0.907661
vt 0.114435 0.905288
vt 0.116888 0.905795
vt 0.145891 0.943905
vt 0.143945 0.942279
vt 0.144952 0.940822
vt 0.146981 0.942327
vt 0.014904 1.134808
vt 0.016933 1.133303
vt 0.017940 1.134761
vt 0.015994 1.136386
vt -0.044186 1.078681
vt -0.041734 1.078174
vt -0.041403 1.080547
vt -0.043828 1.081249
vt -0.054799 1.003345
vt -0.052311 1.003279
vt -0.052221 1.006291
vt -0.054702 1.006605
vt -0.054702 0.928585
vt -0.052222 0.928898
vt -0.052312 0.931910
vt -0.054800 0.931845
vt -0.043831 0.870422
vt -0.041405 0.871124
vt -0.041736 0.873497
vt -0.044189 0.872990
vt 0.015987 0.841908
vt 0.017933 0.843534
vt 0.016927 0.844992
vt 0.014897 0.843486
vt 0.151485 0.953230
vt 0.150391 0.955434
vt 0.149232 0.954716
vt 0.149971 0.952291
vt 0.150420 0.992768
vt 0.148453 0.993926
vt 0.147820 0.992181
vt 0.149592 0.990488
vt 0.143032 0.980347
vt 0.140876 0.980477
vt 0.140683 0.978175
vt 0.142780 0.977339
vt 0.142780 0.957199
vt 0.140683 0.956363
vt 0.140876 0.954060
vt 0.143033 0.954190
vt 0.149593 0.955009
vt 0.147820 0.953316
vt 0.148454 0.951571
vt 0.150420 0.952728
vt 0.149970 1.007014
vt 0.149231 1.004589
vt 0.150390 1.003871
vt 0.151485 1.006075
vt 0.092029 1.078451
vt 0.093123 1.076246
vt 0.094282 1.076965
vt 0.093543 1.079390
vt 0.031399 1.060807
vt 0.033366 1.059649
vt 0.033999 1.061394
vt 0.032227 1.063087
vt 0.008351 0.999183
vt 0.010507 0.999053
vt 0.010700 1.001356
vt 0.008603 1.002192
vt 0.008603 0.932343
vt 0.010700 0.933179
vt 0.010507 0.935482
vt 0.008350 0.935352
vt 0.032225 0.882406
vt 0.033998 0.884099
vt 0.033364 0.885844
vt 0.031397 0.884686
vt 0.093542 0.879913
vt 0.094281 0.882337
vt 0.093122 0.883056
vt 0.092028 0.880851
vt 0.142362 0.938892
vt 0.141570 0.941127
vt 0.140909 0.940785
vt 0.141141 0.938261
vt 0.152768 0.960626
vt 0.151288 0.961935
vt 0.150842 0.961016
vt 0.151944 0.958928
vt 0.153897 0.967331
vt 0.152188 0.967414
vt 0.152035 0.966170
vt 0.153615 0.965031
vt 0.153615 0.968634
vt 0.152035 0.967495
vt 0.152188 0.966251
vt 0.153897 0.966334
vt 0.151944 0.979195
vt 0.150842 0.977107
vt 0.151288 0.976188
vt 0.152768 0.977497
vt 0.141141 1.004666
vt 0.140909 1.002142
vt 0.141570 1.001800
vt 0.142362 1.004035
vt 0.114085 1.026473
vt 0.114877 1.024238
vt 0.115538 1.024580
vt 0.115305 1.027104
vt 0.083764 1.018888
vt 0.085244 1.017579
vt 0.085690 1.018498
vt 0.084589 1.020586
vt 0.066740 0.985638
vt 0.068449 0.985555
vt 0.068601 0.986799
vt 0.067021 0.987938
vt 0.067021 0.945724
vt 0.068601 0.946863
vt 0.068448 0.948108
vt 0.066739 0.948024
vt 0.084588 0.917535
vt 0.085690 0.919623
vt 0.085244 0.920542
vt 0.083764 0.919233
vt 0.115305 0.915822
vt 0.115537 0.918347
vt 0.114877 0.918688
vt 0.114085 0.916454
vt 0.134333 0.952111
vt 0.133639 0.954313
vt 0.133664 0.951777
vt 0.140331 0.957744
vt 0.139115 0.959021
vt 0.139846 0.956833
vt 0.143184 0.964014
vt 0.141777 0.964026
vt 0.143007 0.962770
vt 0.143007 0.970311
vt 0.141777 0.969055
vt 0.143184 0.969067
vt 0.139845 0.976767
vt 0.139115 0.974578
vt 0.140331 0.975856
vt 0.133664 0.982346
vt 0.133639 0.979810
vt 0.134333 0.982012
vt 0.125347 0.984365
vt 0.126040 0.982163
vt 0.126015 0.984699
vt 0.117302 0.980525
vt 0.118518 0.979248
vt 0.117788 0.981436
vt 0.112451 0.971383
vt 0.113858 0.971371
vt 0.112628 0.972627
vt 0.112628 0.960453
vt 0.113858 0.961708
vt 0.112451 0.961696
vt 0.117788 0.952162
vt 0.118518 0.954351
vt 0.117302 0.953074
vt 0.126015 0.949423
vt 0.126040 0.951959
vt 0.125347 0.949757
vt -0.125045 1.056452
vt -0.124376 1.056119
vt -0.124351 1.058655
vt -0.115157 1.053327
vt -0.114671 1.052415
vt -0.113941 1.054604
vt -0.109062 1.044407
vt -0.108885 1.043163
vt -0.107654 1.044419
vt -0.108885 1.032746
vt -0.109062 1.031502
vt -0.107654 1.031490
vt -0.114671 1.022905
vt -0.115157 1.021994
vt -0.113941 1.020717
vt -0.124376 1.018608
vt -0.125045 1.018275
vt -0.124351 1.016073
vt -0.134634 1.020628
vt -0.135303 1.020962
vt -0.135328 1.018426
vt -0.142476 1.026664
vt -0.142962 1.027575
vt -0.143692 1.025387
vt -0.146573 1.033820
vt -0.146750 1.035063
vt -0.147981 1.033808
vt -0.146750 1.040847
vt -0.146573 1.042090
vt -0.147980 1.042102
vt -0.142962 1.047746
vt -0.142476 1.048657
vt -0.143692 1.049934
vt -0.135303 1.053765
vt -0.134634 1.054099
vt -0.135328 1.056301
vt -0.110759 1.098645
vt -0.111551 1.096410
vt -0.110331 1.095779
vt -0.110099 1.098303
vt -0.073650 1.093201
vt -0.075129 1.091892
vt -0.074305 1.090194
vt -0.073203 1.092282
vt -0.053258 1.060477
vt -0.054967 1.060394
vt -0.054686 1.058094
vt -0.053106 1.059233
vt -0.053106 1.016014
vt -0.054686 1.017153
vt -0.054967 1.014853
vt -0.053258 1.014770
vt -0.073203 0.977908
vt -0.074305 0.979996
vt -0.075129 0.978298
vt -0.073649 0.976989
vt -0.110099 0.966437
vt -0.110331 0.968961
vt -0.111551 0.968330
vt -0.110759 0.966095
vt -0.145687 0.988534
vt -0.144895 0.990769
vt -0.146116 0.991400
vt -0.146348 0.988876
vt -0.162883 1.018382
vt -0.161403 1.019691
vt -0.162227 1.021389
vt -0.163329 1.019301
vt -0.167378 1.034076
vt -0.165669 1.034160
vt -0.165950 1.036460
vt -0.167530 1.035321
vt -0.167530 1.039929
vt -0.165950 1.038790
vt -0.165669 1.041090
vt -0.167378 1.041174
vt -0.163329 1.050891
vt -0.162227 1.048803
vt -0.161403 1.050501
vt -0.162883 1.051810
vt -0.146348 1.075865
vt -0.146116 1.073341
vt -0.144895 1.073972
vt -0.145687 1.076207
vt -0.084861 1.137994
vt -0.085956 1.135789
vt -0.084441 1.134850
vt -0.083702 1.137275
vt -0.014782 1.128138
vt -0.016748 1.126980
vt -0.015921 1.124700
vt -0.014148 1.126392
vt 0.011157 1.073513
vt 0.009001 1.073383
vt 0.009253 1.070374
vt 0.011350 1.071210
vt 0.011351 1.003048
vt 0.009254 1.003884
vt 0.009002 1.000875
vt 0.011158 1.000745
vt -0.014147 0.935435
vt -0.015919 0.937128
vt -0.016747 0.934848
vt -0.014780 0.933690
vt -0.083701 0.908888
vt -0.084440 0.911313
vt -0.085955 0.910374
vt -0.084860 0.908169
vt -0.158653 0.980548
vt -0.157559 0.982752
vt -0.159073 0.983691
vt -0.159812 0.981266
vt -0.167037 1.041772
vt -0.165071 1.042930
vt -0.165898 1.045210
vt -0.167671 1.043517
vt -0.162540 1.045741
vt -0.160384 1.045871
vt -0.160637 1.048880
vt -0.162734 1.048043
vt -0.162734 1.026218
vt -0.160637 1.025382
vt -0.160384 1.028390
vt -0.162541 1.028520
vt -0.167671 1.018314
vt -0.165899 1.016621
vt -0.165071 1.018901
vt -0.167038 1.020059
vt -0.159811 1.064899
vt -0.159072 1.062475
vt -0.157558 1.063413
vt -0.158652 1.065618
vt 0.001378 1.170791
vt -0.000651 1.169285
vt 0.000439 1.167707
vt 0.002385 1.169333
vt 0.065106 1.134173
vt 0.062653 1.133666
vt 0.063011 1.131098
vt 0.065437 1.131801
vt 0.076366 1.075420
vt 0.073878 1.075355
vt 0.073975 1.072095
vt 0.076456 1.072408
vt 0.076457 1.001111
vt 0.073976 1.001424
vt 0.073878 0.998164
vt 0.076367 0.998099
vt 0.065439 0.923023
vt 0.063014 0.923726
vt 0.062656 0.921158
vt 0.065108 0.920651
vt 0.002392 0.855287
vt 0.000446 0.856913
vt -0.000644 0.855335
vt 0.001386 0.853830
vt -0.163262 1.046319
vt -0.161232 1.047825
vt -0.162322 1.049402
vt -0.164268 1.047777
vt -0.137805 1.093539
vt -0.135352 1.094046
vt -0.135711 1.096614
vt -0.138136 1.095911
vt -0.130578 1.062560
vt -0.128090 1.062626
vt -0.128187 1.065886
vt -0.130668 1.065572
vt -0.130669 1.007948
vt -0.128188 1.007634
vt -0.128090 1.010894
vt -0.130579 1.010960
vt -0.138138 0.958915
vt -0.135713 0.958212
vt -0.135354 0.960780
vt -0.137807 0.961287
vt -0.164270 0.976852
vt -0.162324 0.975226
vt -0.161234 0.976804
vt -0.163263 0.978309
vt 0.163411 1.046769
vt 0.161382 1.048274
vt 0.160375 1.046816
vt 0.162322 1.045191
vt 0.137048 1.093388
vt 0.134595 1.093894
vt 0.134264 1.091522
vt 0.136689 1.090820
vt 0.129549 1.064361
vt 0.127061 1.064427
vt 0.126971 1.061415
vt 0.129452 1.061101
vt 0.129452 1.012419
vt 0.126971 1.012105
vt 0.127062 1.009093
vt 0.129550 1.009159
vt 0.136691 0.964006
vt 0.134266 0.963304
vt 0.134597 0.960931
vt 0.137049 0.961438
vt 0.162324 0.979438
vt 0.160377 0.977812
vt 0.161384 0.976355
vt 0.163413 0.977860
vt -0.001528 1.170341
vt 0.000501 1.168836
vt 0.001508 1.170293
vt -0.000439 1.171919
vt -0.064348 1.134324
vt -0.061895 1.133817
vt -0.061564 1.136190
vt -0.063990 1.136892
vt -0.075337 1.073619
vt -0.072849 1.073554
vt -0.072758 1.076566
vt -0.075239 1.076880
vt -0.075240 0.996639
vt -0.072759 0.996953
vt -0.072850 0.999965
vt -0.075338 0.999899
vt -0.063993 0.917932
vt -0.061567 0.918634
vt -0.061898 0.921007
vt -0.064351 0.920500
vt -0.000446 0.852701
vt 0.001501 0.854327
vt 0.000494 0.855784
vt -0.001535 0.854279
vt 0.158844 0.981036
vt 0.157750 0.983240
vt 0.156591 0.982522
vt 0.157330 0.980097
vt 0.165431 1.042395
vt 0.163464 1.043553
vt 0.162831 1.041808
vt 0.164603 1.040115
vt 0.160105 1.047606
vt 0.157949 1.047736
vt 0.157756 1.045434
vt 0.159853 1.044598
vt 0.159853 1.029663
vt 0.157756 1.028827
vt 0.157949 1.026525
vt 0.160105 1.026655
vt 0.164604 1.021716
vt 0.162831 1.020023
vt 0.163464 1.018278
vt 0.165431 1.019436
vt 0.157329 1.066069
vt 0.156590 1.063644
vt 0.157749 1.062925
vt 0.158843 1.065130
vt 0.084670 1.137505
vt 0.085765 1.135301
vt 0.086924 1.136019
vt 0.086185 1.138444
vt 0.016388 1.127514
vt 0.018355 1.126356
vt 0.018988 1.128102
vt 0.017216 1.129794
vt -0.008722 1.071647
vt -0.006566 1.071517
vt -0.006373 1.073820
vt -0.008470 1.074656
vt -0.008470 0.999602
vt -0.006373 1.000438
vt -0.006566 1.002741
vt -0.008722 1.002611
vt 0.017214 0.932033
vt 0.018987 0.933726
vt 0.018353 0.935471
vt 0.016387 0.934314
vt 0.086184 0.907719
vt 0.086923 0.910143
vt 0.085764 0.910862
vt 0.084669 0.908657
vt 0.145822 0.988950
vt 0.145030 0.991184
vt 0.144369 0.990843
vt 0.144601 0.988319
vt 0.161486 1.019335
vt 0.160007 1.020644
vt 0.159561 1.019725
vt 0.160662 1.017637
vt 0.165006 1.035622
vt 0.163297 1.035705
vt 0.163145 1.034461
vt 0.164725 1.033322
vt 0.164725 1.041928
vt 0.163145 1.040789
vt 0.163297 1.039544
vt 0.165006 1.039628
vt 0.160662 1.052555
vt 0.159561 1.050467
vt 0.160007 1.049548
vt 0.161486 1.050857
vt 0.144601 1.076422
vt 0.144369 1.073898
vt 0.145029 1.073556
vt 0.145822 1.075791
vt 0.110625 1.098229
vt 0.111417 1.095994
vt 0.112078 1.096336
vt 0.111846 1.098860
vt 0.075046 1.092248
vt 0.076526 1.090939
vt 0.076972 1.091858
vt 0.075870 1.093946
vt 0.055630 1.058932
vt 0.057339 1.058848
vt 0.057491 1.060093
vt 0.055912 1.061232
vt 0.055911 1.014016
vt 0.057491 1.015154
vt 0.057339 1.016399
vt 0.055630 1.016316
vt 0.075870 0.976244
vt 0.076971 0.978332
vt 0.076525 0.979251
vt 0.075045 0.977942
vt 0.111845 0.965880
vt 0.112078 0.968404
vt 0.111417 0.968746
vt 0.110625 0.966511
vt 0.135375 1.018590
vt 0.134682 1.020793
vt 0.134707 1.018257
vt 0.143158 1.025828
vt 0.141942 1.027106
vt 0.142672 1.024917
vt 0.147016 1.034420
vt 0.145608 1.034432
vt 0.146839 1.033176
vt 0.146839 1.042734
vt 0.145608 1.041478
vt 0.147016 1.041490
vt 0.142672 1.050404
vt 0.141942 1.048216
vt 0.143158 1.049493
vt 0.134707 1.056471
vt 0.134682 1.053935
vt 0.135375 1.056137
vt 0.124304 1.058490
vt 0.124997 1.056288
vt 0.124972 1.058824
vt 0.114475 1.054162
vt 0.115691 1.052885
vt 0.114961 1.055073
vt 0.108619 1.043806
vt 0.110026 1.043794
vt 0.108796 1.045050
vt 0.108796 1.030859
vt 0.110026 1.032115
vt 0.108619 1.032103
vt 0.114961 1.020247
vt 0.115691 1.022435
vt 0.114475 1.021158
vt 0.124972 1.015903
vt 0.124997 1.018439
vt 0.124304 1.016237
vt 0.020002 1.198000
vt 0.020002 1.196755
vt 0.026002 1.200730
vt 0.026002 1.202000
vt 0.020002 1.182000
vt 0.026002 1.186000
vt 0.026002 1.184830
vt 0.020002 1.180855
vt 0.020002 1.196755
vt 0.020002 1.193036
vt 0.026002 1.196935
vt 0.026002 1.200730
vt 0.020002 1.180855
vt 0.026002 1.184830
vt 0.026002 1.181336
vt 0.020002 1.177437
vt 0.020002 1.193036
vt 0.020002 1.186889
vt 0.026002 1.190664
vt 0.026002 1.196935
vt 0.020002 1.177437
vt 0.026002 1.181336
vt 0.026002 1.175562
vt 0.020002 1.171787
vt 0.020002 1.186889
vt 0.020002 1.178392
vt 0.026002 1.181996
vt 0.026002 1.190664
vt 0.020002 1.171787
vt 0.026002 1.175562
vt 0.026002 1.167580
vt 0.020002 1.163976
vt 0.020002 1.178392
vt 0.020002 1.167651
vt 0.026002 1.171038
vt 0.026002 1.181996
vt 0.020002 1.163976
vt 0.026002 1.167580
vt 0.026002 1.157490
vt 0.020002 1.154104
vt 0.020002 1.167651
vt 0.020002 1.154803
vt 0.026002 1.157930
vt 0.026002 1.171038
vt 0.020002 1.154104
vt 0.026002 1.157490
vt 0.026001 1.145420
vt 0.020001 1.142293
vt 0.020002 1.154803
vt 0.020001 1.140007
vt 0.026001 1.142835
vt 0.026002 1.157930
vt 0.020001 1.142293
vt 0.026001 1.145420
vt 0.026001 1.131522
vt 0.020001 1.128693
vt 0.020001 1.140007
vt 0.020001 1.123451
vt 0.026001 1.125945
vt 0.026001 1.142835
vt 0.020001 1.128693
vt 0.026001 1.131522
vt 0.026001 1.115969
vt 0.020001 1.113475
vt 0.020001 1.123451
vt 0.020001 1.105342
vt 0.026001 1.107470
vt 0.026001 1.125945
vt 0.020001 1.113475
vt 0.026001 1.115969
vt 0.026001 1.098958
vt 0.020001 1.096830
vt 0.020001 1.105342
vt 0.020001 1.085909
vt 0.026001 1.087644
vt 0.026001 1.107470
vt 0.020001 1.096830
vt 0.026001 1.098958
vt 0.026001 1.080702
vt 0.020001 1.078967
vt 0.020001 1.085909
vt 0.020001 1.065395
vt 0.026001 1.066716
vt 0.026001 1.087644
vt 0.020001 1.078967
vt 0.026001 1.080702
vt 0.026001 1.061432
vt 0.020001 1.060111
vt 0.020001 1.065395
vt 0.020000 1.044059
vt 0.026000 1.044949
vt 0.026001 1.066716
vt 0.020001 1.060111
vt 0.026001 1.061432
vt 0.026000 1.041389
vt 0.020000 1.040499
vt 0.020000 1.044059
vt 0.020000 1.022169
vt 0.026000 1.022617
vt 0.026000 1.044949
vt 0.020000 1.040499
vt 0.026000 1.041389
vt 0.026000 1.020825
vt 0.020000 1.020377
vt 0.020000 1.022169
vt 0.020000 1.000000
vt 0.026000 1.000000
vt 0.026000 1.022617
vt 0.020000 1.020377
vt 0.026000 1.020825
vt 0.026000 1.000000
vt 0.020000 1.000000
vt 0.020000 1.000000
vt 0.020000 0.977831
vt 0.026000 0.977383
vt 0.026000 1.000000
vt 0.020000 1.000000
vt 0.026000 1.000000
vt 0.026000 0.979175
vt 0.020000 0.979622
vt 0.020000 0.977831
vt 0.020000 0.955941
vt 0.026000 0.955051
vt 0.026000 0.977383
vt 0.020000 0.979622
vt 0.026000 0.979175
vt 0.026000 0.958611
vt 0.020000 0.959501
vt 0.020000 0.955941
vt 0.019999 0.934605
vt 0.025999 0.933284
vt 0.026000 0.955051
vt 0.020000 0.959501
vt 0.026000 0.958611
vt 0.025999 0.938568
vt 0.019999 0.939889
vt 0.019999 0.934605
vt 0.019999 0.914091
vt 0.025999 0.912355
vt 0.025999 0.933284
vt 0.019999 0.939889
vt 0.025999 0.938568
vt 0.025999 0.919297
vt 0.019999 0.921033
vt 0.019999 0.914091
vt 0.019999 0.894658
vt 0.025999 0.892529
vt 0.025999 0.912355
vt 0.019999 0.921033
vt 0.025999 0.919297
vt 0.025999 0.901042
vt 0.019999 0.903170
vt 0.019999 0.894658
vt 0.019999 0.876549
vt 0.025999 0.874055
vt 0.025999 0.892529
vt 0.019999 0.903170
vt 0.025999 0.901042
vt 0.025999 0.884031
vt 0.019999 0.886525
vt 0.019999 0.876549
vt 0.019999 0.859993
vt 0.025999 0.857164
vt 0.025999 0.874055
vt 0.019999 0.886525
vt 0.025999 0.884031
vt 0.025999 0.868478
vt 0.019999 0.871306
vt 0.019999 0.859993
vt 0.019998 0.845197
vt 0.025998 0.842070
vt 0.025999 0.857164
vt 0.019999 0.871306
vt 0.025999 0.868478
vt 0.025999 0.854579
vt 0.019999 0.857707
vt 0.019998 0.845197
vt 0.019998 0.832348
vt 0.025998 0.828961
vt 0.025998 0.842070
vt 0.019999 0.857707
vt 0.025999 0.854579
vt 0.025998 0.842509
vt 0.019998 0.845896
vt 0.019998 0.832348
vt 0.019998 0.821608
vt 0.025998 0.818004
vt 0.025998 0.828961
vt 0.019998 0.845896
vt 0.025998 0.842509
vt 0.025998 0.832420
vt 0.019998 0.836024
vt 0.019998 0.821608
vt 0.019998 0.813111
vt 0.025998 0.809335
vt 0.025998 0.818004
vt 0.019998 0.836024
vt 0.025998 0.832420
vt 0.025998 0.824437
vt 0.019998 0.828213
vt 0.019998 0.813111
vt 0.019998 0.806964
vt 0.025998 0.803064
vt 0.025998 0.809335
vt 0.019998 0.828213
vt 0.025998 0.824437
vt 0.025998 0.818663
vt 0.019998 0.822563
vt 0.019998 0.806964
vt 0.019998 0.803245
vt 0.025998 0.799270
vt 0.025998 0.803064
vt 0.019998 0.822563
vt 0.025998 0.818663
vt 0.025998 0.815169
vt 0.019998 0.819144
vt 0.019998 0.803245
vt 0.019998 0.802000
vt 0.025998 0.798000
vt 0.025998 0.799270
vt 0.019998 0.819144
vt 0.025998 0.815169
vt 0.025998 0.814000
vt 0.019998 0.818000
vt 0.026002 1.202000
vt 0.026002 1.200730
vt 0.300002 1.190790
vt 0.300002 1.191997
vt 0.026002 1.186000
vt 0.300002 1.175997
vt 0.300002 1.174890
vt 0.026002 1.184830
vt 0.026002 1.200730
vt 0.026002 1.196935
vt 0.300002 1.187183
vt 0.300002 1.190790
vt 0.026002 1.184830
vt 0.300002 1.174890
vt 0.300002 1.171584
vt 0.026002 1.181336
vt 0.026002 1.196935
vt 0.026002 1.190664
vt 0.300002 1.181223
vt 0.300002 1.187183
vt 0.026002 1.181336
vt 0.300002 1.171584
vt 0.300002 1.166121
vt 0.026002 1.175562
vt 0.026002 1.190664
vt 0.026002 1.181996
vt 0.300002 1.172983
vt 0.300002 1.181223
vt 0.026002 1.175562
vt 0.300002 1.166121
vt 0.300002 1.158568
vt 0.026002 1.167580
vt 0.026002 1.181996
vt 0.026002 1.171038
vt 0.300002 1.162568
vt 0.300002 1.172983
vt 0.026002 1.167580
vt 0.300002 1.158568
vt 0.300002 1.149021
vt 0.026002 1.157490
vt 0.026002 1.171038
vt 0.026002 1.157930
vt 0.300002 1.150109
vt 0.300002 1.162568
vt 0.026002 1.157490
vt 0.300002 1.149021
vt 0.300001 1.137599
vt 0.026001 1.145420
vt 0.026002 1.157930
vt 0.026001 1.142835
vt 0.300001 1.135762
vt 0.300002 1.150109
vt 0.026001 1.145420
vt 0.300001 1.137599
vt 0.300001 1.124448
vt 0.026001 1.131522
vt 0.026001 1.142835
vt 0.026001 1.125945
vt 0.300001 1.119707
vt 0.300001 1.135762
vt 0.026001 1.131522
vt 0.300001 1.124448
vt 0.300001 1.109731
vt 0.026001 1.115969
vt 0.026001 1.125945
vt 0.026001 1.107470
vt 0.300001 1.102147
vt 0.300001 1.119707
vt 0.026001 1.115969
vt 0.300001 1.109731
vt 0.300001 1.093635
vt 0.026001 1.098958
vt 0.026001 1.107470
vt 0.026001 1.087644
vt 0.300001 1.083303
vt 0.300001 1.102147
vt 0.026001 1.098958
vt 0.300001 1.093635
vt 0.300001 1.076361
vt 0.026001 1.080702
vt 0.026001 1.087644
vt 0.026001 1.066716
vt 0.300001 1.063411
vt 0.300001 1.083303
vt 0.026001 1.080702
vt 0.300001 1.076361
vt 0.300001 1.058126
vt 0.026001 1.061432
vt 0.026001 1.066716
vt 0.026000 1.044949
vt 0.300000 1.042721
vt 0.300001 1.063411
vt 0.026001 1.061432
vt 0.300001 1.058126
vt 0.300000 1.039161
vt 0.026000 1.041389
vt 0.026000 1.044949
vt 0.026000 1.022617
vt 0.300000 1.021494
vt 0.300000 1.042721
vt 0.026000 1.041389
vt 0.300000 1.039161
vt 0.300000 1.019703
vt 0.026000 1.020825
vt 0.026000 1.022617
vt 0.026000 1.000000
vt 0.300000 0.999997
vt 0.300000 1.021494
vt 0.026000 1.020825
vt 0.300000 1.019703
vt 0.300000 0.999997
vt 0.026000 1.000000
vt 0.026000 1.000000
vt 0.026000 0.977383
vt 0.300000 0.978500
vt 0.300000 0.999997
vt 0.026000 1.000000
vt 0.300000 0.999997
vt 0.300000 0.980291
vt 0.026000 0.979175
vt 0.026000 0.977383
vt 0.026000 0.955051
vt 0.300000 0.957273
vt 0.300000 0.978500
vt 0.026000 0.979175
vt 0.300000 0.980291
vt 0.300000 0.960833
vt 0.026000 0.958611
vt 0.026000 0.955051
vt 0.025999 0.933284
vt 0.299999 0.936584
vt 0.300000 0.957273
vt 0.026000 0.958611
vt 0.300000 0.960833
vt 0.299999 0.941868
vt 0.025999 0.938568
vt 0.025999 0.933284
vt 0.025999 0.912355
vt 0.299999 0.916691
vt 0.299999 0.936584
vt 0.025999 0.938568
vt 0.299999 0.941868
vt 0.299999 0.923634
vt 0.025999 0.919297
vt 0.025999 0.912355
vt 0.025999 0.892529
vt 0.299999 0.897847
vt 0.299999 0.916691
vt 0.025999 0.919297
vt 0.299999 0.923634
vt 0.299999 0.906359
vt 0.025999 0.901042
vt 0.025999 0.892529
vt 0.025999 0.874055
vt 0.299999 0.880287
vt 0.299999 0.897847
vt 0.025999 0.901042
vt 0.299999 0.906359
vt 0.299999 0.890263
vt 0.025999 0.884031
vt 0.025999 0.874055
vt 0.025999 0.857164
vt 0.299999 0.864233
vt 0.299999 0.880287
vt 0.025999 0.884031
vt 0.299999 0.890263
vt 0.299999 0.875546
vt 0.025999 0.868478
vt 0.025999 0.857164
vt 0.025998 0.842070
vt 0.299999 0.849885
vt 0.299999 0.864233
vt 0.025999 0.868478
vt 0.299999 0.875546
vt 0.299999 0.862395
vt 0.025999 0.854579
vt 0.025998 0.842070
vt 0.025998 0.828961
vt 0.299998 0.837426
vt 0.299999 0.849885
vt 0.025999 0.854579
vt 0.299999 0.862395
vt 0.299999 0.850974
vt 0.025998 0.842509
vt 0.025998 0.828961
vt 0.025998 0.818004
vt 0.299998 0.827011
vt 0.299998 0.837426
vt 0.025998 0.842509
vt 0.299999 0.850974
vt 0.299998 0.841426
vt 0.025998 0.832420
vt 0.025998 0.818004
vt 0.025998 0.809335
vt 0.299998 0.818771
vt 0.299998 0.827011
vt 0.025998 0.832420
vt 0.299998 0.841426
vt 0.299998 0.833874
vt 0.025998 0.824437
vt 0.025998 0.809335
vt 0.025998 0.803064
vt 0.299998 0.812811
vt 0.299998 0.818771
vt 0.025998 0.824437
vt 0.299998 0.833874
vt 0.299998 0.828410
vt 0.025998 0.818663
vt 0.025998 0.803064
vt 0.025998 0.799270
vt 0.299998 0.809204
vt 0.299998 0.812811
vt 0.025998 0.818663
vt 0.299998 0.828410
vt 0.299998 0.825104
vt 0.025998 0.815169
vt 0.025998 0.799270
vt 0.025998 0.798000
vt 0.299998 0.807997
vt 0.299998 0.809204
vt 0.025998 0.815169
vt 0.299998 0.825104
vt 0.299998 0.823997
vt 0.025998 0.814000
vt 0.000000 0.901000
vt 0.000000 0.909000
vt -0.011980 0.909572
vt -0.012876 0.901622
vt -0.000000 0.904000
vt 0.012652 0.904604
vt 0.011756 0.912553
vt -0.000000 0.912000
vt -0.012876 0.901622
vt -0.011980 0.909572
vt -0.023810 0.911282
vt -0.025590 0.903482
vt 0.012652 0.904604
vt 0.025145 0.906407
vt 0.023365 0.914206
vt 0.011756 0.912553
vt -0.025590 0.903482
vt -0.023810 0.911282
vt -0.035340 0.914107
vt -0.037982 0.906556
vt 0.025145 0.906407
vt 0.037321 0.909387
vt 0.034679 0.916938
vt 0.023365 0.914206
vt -0.037982 0.906556
vt -0.035340 0.914107
vt -0.046426 0.918012
vt -0.049897 0.910804
vt 0.037321 0.909387
vt 0.049029 0.913507
vt 0.045558 0.920715
vt 0.034679 0.916938
vt -0.049897 0.910804
vt -0.046426 0.918012
vt -0.056927 0.922948
vt -0.061184 0.916174
vt 0.049029 0.913507
vt 0.060120 0.918714
vt 0.055863 0.925488
vt 0.045558 0.920715
vt -0.061184 0.916174
vt -0.056927 0.922948
vt -0.066713 0.928853
vt -0.071701 0.922599
vt 0.060120 0.918714
vt 0.070454 0.924944
vt 0.065466 0.931199
vt 0.055863 0.925488
vt -0.071701 0.922599
vt -0.066713 0.928853
vt -0.075660 0.935653
vt -0.081317 0.929996
vt 0.070454 0.924944
vt 0.079903 0.932118
vt 0.074246 0.937775
vt 0.065466 0.931199
vt -0.081317 0.929996
vt -0.075660 0.935653
vt -0.083656 0.943262
vt -0.089911 0.938274
vt 0.079903 0.932118
vt 0.088347 0.940145
vt 0.082092 0.945133
vt 0.074246 0.937775
vt -0.089911 0.938274
vt -0.083656 0.943262
vt -0.090599 0.951585
vt -0.097373 0.947329
vt 0.088347 0.940145
vt 0.095680 0.948925
vt 0.088906 0.953181
vt 0.082092 0.945133
vt -0.097373 0.947329
vt -0.090599 0.951585
vt -0.096404 0.960517
vt -0.103611 0.957045
vt 0.095680 0.948925
vt 0.101809 0.958347
vt 0.094602 0.961818
vt 0.088906 0.953181
vt -0.103611 0.957045
vt -0.096404 0.960517
vt -0.100996 0.969945
vt -0.108547 0.967302
vt 0.101809 0.958347
vt 0.106659 0.968293
vt 0.099108 0.970935
vt 0.094602 0.961818
vt -0.108547 0.967302
vt -0.100996 0.969945
vt -0.104317 0.979751
vt -0.112117 0.977970
vt 0.106659 0.968293
vt 0.110167 0.978638
vt 0.102367 0.980418
vt 0.099108 0.970935
vt -0.112117 0.977970
vt -0.104317 0.979751
vt -0.106327 0.989811
vt -0.114277 0.988915
vt 0.110167 0.978638
vt 0.112289 0.989251
vt 0.104340 0.990147
vt 0.102367 0.980418
vt -0.114277 0.988915
vt -0.106327 0.989811
vt -0.107000 1.000000
vt -0.115000 1.000000
vt 0.112289 0.989251
vt 0.113000 1.000000
vt 0.105000 1.000000
vt 0.104340 0.990147
vt -0.115000 1.000000
vt -0.107000 1.000000
vt -0.106327 1.010189
vt -0.114277 1.011084
vt 0.113000 1.000000
vt 0.112289 1.010749
vt 0.104340 1.009853
vt 0.105000 1.000000
vt -0.114277 1.011084
vt -0.106327 1.010189
vt -0.104317 1.020249
vt -0.112117 1.022030
vt 0.112289 1.010749
vt 0.110167 1.021362
vt 0.102367 1.019582
vt 0.104340 1.009853
vt -0.112117 1.022030
vt -0.104317 1.020249
vt -0.100996 1.030055
vt -0.108547 1.032698
vt 0.110167 1.021362
vt 0.106659 1.031707
vt 0.099108 1.029065
vt 0.102367 1.019582
vt -0.108547 1.032698
vt -0.100996 1.030055
vt -0.096404 1.039483
vt -0.103611 1.042954
vt 0.106659 1.031707
vt 0.101810 1.041653
vt 0.094602 1.038182
vt 0.099108 1.029065
vt -0.103611 1.042954
vt -0.096404 1.039483
vt -0.090600 1.048415
vt -0.097373 1.052671
vt 0.101810 1.041653
vt 0.095680 1.051075
vt 0.088906 1.046819
vt 0.094602 1.038182
vt -0.097373 1.052671
vt -0.090600 1.048415
vt -0.083656 1.056738
vt -0.089911 1.061725
vt 0.095680 1.051075
vt 0.088347 1.059855
vt 0.082092 1.054867
vt 0.088906 1.046819
vt -0.089911 1.061725
vt -0.083656 1.056738
vt -0.075660 1.064347
vt -0.081317 1.070004
vt 0.088347 1.059855
vt 0.079903 1.067882
vt 0.074246 1.062225
vt 0.082092 1.054867
vt -0.081317 1.070004
vt -0.075660 1.064347
vt -0.066713 1.071147
vt -0.071701 1.077401
vt 0.079903 1.067882
vt 0.070454 1.075056
vt 0.065466 1.068801
vt 0.074246 1.062225
vt -0.071701 1.077401
vt -0.066713 1.071147
vt -0.056927 1.077052
vt -0.061184 1.083826
vt 0.070454 1.075056
vt 0.060120 1.081285
vt 0.055863 1.074512
vt 0.065466 1.068801
vt -0.061184 1.083826
vt -0.056927 1.077052
vt -0.046426 1.081988
vt -0.049897 1.089196
vt 0.060120 1.081285
vt 0.049029 1.086493
vt 0.045558 1.079285
vt 0.055863 1.074512
vt -0.049897 1.089196
vt -0.046426 1.081988
vt -0.035340 1.085893
vt -0.037982 1.093444
vt 0.049029 1.086493
vt 0.037322 1.090613
vt 0.034679 1.083062
vt 0.045558 1.079285
vt -0.037982 1.093444
vt -0.035340 1.085893
vt -0.023810 1.088718
vt -0.025590 1.096518
vt 0.037322 1.090613
vt 0.025145 1.093593
vt 0.023365 1.085794
vt 0.034679 1.083062
vt -0.025590 1.096518
vt -0.023810 1.088718
vt -0.011980 1.090428
vt -0.012876 1.098377
vt 0.025145 1.093593
vt 0.012652 1.095396
vt 0.011756 1.087447
vt 0.023365 1.085794
vt -0.012876 1.098377
vt -0.011980 1.090428
vt -0.000000 1.091000
vt -0.000000 1.099000
vt 0.012652 1.095396
vt 0.000000 1.096000
vt 0.000000 1.088000
vt 0.011756 1.087447
vt 0.010001 0.901116
vt 0.013001 0.899118
vt 0.013001 0.907109
vt 0.010001 0.909106
vt 0.009999 1.090894
vt 0.012999 1.092892
vt 0.012999 1.100882
vt 0.009999 1.098885
vt 0.013001 0.899119
vt 0.150001 0.904114
vt 0.150001 0.912105
vt 0.013001 0.907109
vt 0.012999 1.092891
vt 0.149999 1.087898
vt 0.149999 1.095889
vt 0.012999 1.100882
usemtl Surface_0
f 1/1 3/3 2/2
usemtl Surface_0
f 4/4 6/6 5/5
usemtl Surface_0
f 7/7 9/9 8/8
usemtl Surface_0
f 10/10 12/12 11/11
usemtl Surface_0
f 13/13 15/15 14/14
usemtl Surface_0
f 16/16 18/18 17/17
usemtl Surface_0
f 19/19 21/21 20/20
usemtl Surface_0
f 22/22 24/24 23/23
usemtl Surface_0
f 25/25 27/27 26/26
usemtl Surface_0
f 28/28 30/30 29/29
usemtl Surface_0
f 31/31 33/33 32/32
usemtl Surface_0
f 34/34 36/36 35/35
usemtl Surface_0
f 37/37 39/39 38/38
usemtl Surface_0
f 40/40 42/42 41/41
usemtl Surface_0
f 43/43 45/45 44/44
usemtl Surface_0
f 46/46 48/48 47/47
usemtl Surface_0
f 49/49 51/51 50/50
usemtl Surface_0
f 52/52 54/54 53/53
usemtl Surface_0
f 55/55 57/57 56/56
usemtl Surface_0
f 58/58 60/60 59/59
usemtl Surface_0
f 61/61 63/63 62/62
usemtl Surface_0
f 64/64 66/66 65/65
usemtl Surface_0
f 67/67 69/69 68/68
usemtl Surface_0
f 70/70 72/72 71/71
usemtl Surface_0
f 73/73 75/75 74/74
usemtl Surface_0
f 76/76 78/78 77/77
usemtl Surface_0
f 79/79 81/81 80/80
usemtl Surface_0
f 82/82 84/84 83/83
usemtl Surface_0
f 85/85 87/87 86/86
usemtl Surface_0
f 88/88 90/90 89/89
usemtl Surface_0
f 91/91 93/93 92/92
usemtl Surface_0
f 94/94 96/96 95/95
usemtl Surface_0
f 97/97 99/99 98/98
usemtl Surface_0
f 100/100 102/102 101/101
usemtl Surface_0
f 103/103 105/105 104/104
usemtl Surface_0
f 106/106 108/108 107/107
usemtl Surface_0
f 109/109 111/111 110/110
usemtl Surface_0
f 112/112 114/114 113/113
usemtl Surface_0
f 115/115 117/117 116/116
usemtl Surface_0
f 118/118 120/120 119/119
usemtl Surface_0
f 124/124 122/122 121/121
usemtl Surface_0
f 123/123 122/122 124/124
usemtl Surface_0
f 128/128 126/126 125/125
usemtl Surface_0
f 127/127 126/126 128/128
usemtl Surface_0
f 132/132 130/130 129/129
usemtl Surface_0
f 131/131 130/130 132/132
usemtl Surface_0
f 136/136 134/134 133/133
usemtl Surface_0
f 135/135 134/134 136/136
usemtl Surface_0
f 140/140 138/138 137/137
usemtl Surface_0
f 139/139 138/138 140/140
usemtl Surface_0
f 144/144 142/142 141/141
usemtl Surface_0
f 143/143 142/142 144/144
usemtl Surface_0
f 148/148 146/146 145/145
usemtl Surface_0
f 147/147 146/146 148/148
usemtl Surface_0
f 152/152 150/150 149/149
usemtl Surface_0
f 151/151 150/150 152/152
usemtl Surface_0
f 156/156 154/154 153/153
usemtl Surface_0
f 155/155 154/154 156/156
usemtl Surface_0
f 160/160 158/158 157/157
usemtl Surface_0
f 159/159 158/158 160/160
usemtl Surface_0
f 164/164 162/162 161/161
usemtl Surface_0
f 163/163 162/162 164/164
usemtl Surface_0
f 168/168 166/166 165/165
usemtl Surface_0
f 167/167 166/166 168/168
usemtl Surface_0
f 172/172 170/170 169/169
usemtl Surface_0
f 171/171 170/170 172/172
usemtl Surface_0
f 176/176 174/174 173/173
usemtl Surface_0
f 175/175 174/174 176/176
usemtl Surface_0
f 180/180 178/178 177/177
usemtl Surface_0
f 179/179 178/178 180/180
usemtl Surface_0
f 184/184 182/182 181/181
usemtl Surface_0
f 183/183 182/182 184/184
usemtl Surface_0
f 188/188 186/186 185/185
usemtl Surface_0
f 187/187 186/186 188/188
usemtl Surface_0
f 192/192 190/190 189/189
usemtl Surface_0
f 191/191 190/190 192/192
usemtl Surface_0
f 196/196 194/194 193/193
usemtl Surface_0
f 195/195 194/194 196/196
usemtl Surface_0
f 200/200 198/198 197/197
usemtl Surface_0
f 199/199 198/198 200/200
usemtl Surface_0
f 204/204 202/202 201/201
usemtl Surface_0
f 203/203 202/202 204/204
usemtl Surface_0
f 208/208 206/206 205/205
usemtl Surface_0
f 207/207 206/206 208/208
usemtl Surface_0
f 212/212 210/210 209/209
usemtl Surface_0
f 211/211 210/210 212/212
usemtl Surface_0
f 216/216 214/214 213/213
usemtl Surface_0
f 215/215 214/214 216/216
usemtl Surface_0
f 220/220 218/218 217/217
usemtl Surface_0
f 219/219 218/218 220/220
usemtl Surface_0
f 224/224 222/222 221/221
usemtl Surface_0
f 223/223 222/222 224/224
usemtl Surface_0
f 228/228 226/226 225/225
usemtl Surface_0
f 227/227 226/226 228/228
usemtl Surface_0
f 232/232 230/230 229/229
usemtl Surface_0
f 231/231 230/230 232/232
usemtl Surface_0
f 236/236 234/234 233/233
usemtl Surface_0
f 235/235 234/234 236/236
usemtl Surface_0
f 240/240 238/238 237/237
usemtl Surface_0
f 239/239 238/238 240/240
usemtl Surface_0
f 244/244 242/242 241/241
usemtl Surface_0
f 243/243 242/242 244/244
usemtl Surface_0
f 248/248 246/246 245/245
usemtl Surface_0
f 247/247 246/246 248/248
usemtl Surface_0
f 252/252 250/250 249/249
usemtl Surface_0
f 251/251 250/250 252/252
usemtl Surface_0
f 256/256 254/254 253/253
usemtl Surface_0
f 255/255 254/254 256/256
usemtl Surface_0
f 260/260 258/258 257/257
usemtl Surface_0
f 259/259 258/258 260/260
usemtl Surface_0
f 264/264 262/262 261/261
usemtl Surface_0
f 263/263 262/262 264/264
usemtl Surface_0
f 268/268 266/266 265/265
usemtl Surface_0
f 267/267 266/266 268/268
usemtl Surface_0
f 272/272 270/270 269/269
usemtl Surface_0
f 271/271 270/270 272/272
usemtl Surface_0
f 276/276 274/274 273/273
usemtl Surface_0
f 275/275 274/274 276/276
usemtl Surface_0
f 280/280 278/278 277/277
usemtl Surface_0
f 279/279 278/278 280/280
usemtl Surface_0
f 284/284 282/282 281/281
usemtl Surface_0
f 283/283 282/282 284/284
usemtl Surface_0
f 288/288 286/286 285/285
usemtl Surface_0
f 287/287 286/286 288/288
usemtl Surface_0
f 292/292 290/290 289/289
usemtl Surface_0
f 291/291 290/290 292/292
usemtl Surface_0
f 296/296 294/294 293/293
usemtl Surface_0
f 295/295 294/294 296/296
usemtl Surface_0
f 300/300 298/298 297/297
usemtl Surface_0
f 299/299 298/298 300/300
usemtl Surface_0
f 304/304 302/302 301/301
usemtl Surface_0
f 303/303 302/302 304/304
usemtl Surface_0
f 308/308 306/306 305/305
usemtl Surface_0
f 307/307 306/306 308/308
usemtl Surface_0
f 312/312 310/310 309/309
usemtl Surface_0
f 311/311 310/310 312/312
usemtl Surface_0
f 316/316 314/314 313/313
usemtl Surface_0
f 315/315 314/314 316/316
usemtl Surface_0
f 320/320 318/318 317/317
usemtl Surface_0
f 319/319 318/318 320/320
usemtl Surface_0
f 324/324 322/322 321/321
usemtl Surface_0
f 323/323 322/322 324/324
usemtl Surface_0
f 328/328 326/326 325/325
usemtl Surface_0
f 327/327 326/326 328/328
usemtl Surface_0
f 332/332 330/330 329/329
usemtl Surface_0
f 331/331 330/330 332/332
usemtl Surface_0
f 336/336 334/334 333/333
usemtl Surface_0
f 335/335 334/334 336/336
usemtl Surface_0
f 340/340 338/338 337/337
usemtl Surface_0
f 339/339 338/338 340/340
usemtl Surface_0
f 344/344 342/342 341/341
usemtl Surface_0
f 343/343 342/342 344/344
usemtl Surface_0
f 348/348 346/346 345/345
usemtl Surface_0
f 347/347 346/346 348/348
usemtl Surface_0
f 352/352 350/350 349/349
usemtl Surface_0
f 351/351 350/350 352/352
usemtl Surface_0
f 356/356 354/354 353/353
usemtl Surface_0
f 355/355 354/354 356/356
usemtl Surface_0
f 360/360 358/358 357/357
usemtl Surface_0
f 359/359 358/358 360/360
usemtl Surface_0
f 364/364 362/362 361/361
usemtl Surface_0
f 363/363 362/362 364/364
usemtl Surface_0
f 368/368 366/366 365/365
usemtl Surface_0
f 367/367 366/366 368/368
usemtl Surface_0
f 372/372 370/370 369/369
usemtl Surface_0
f 371/371 370/370 372/372
usemtl Surface_0
f 376/376 374/374 373/373
usemtl Surface_0
f 375/375 374/374 376/376
usemtl Surface_0
f 380/380 378/378 377/377
usemtl Surface_0
f 379/379 378/378 380/380
usemtl Surface_0
f 384/384 382/382 381/381
usemtl Surface_0
f 383/383 382/382 384/384
usemtl Surface_0
f 388/388 386/386 385/385
usemtl Surface_0
f 387/387 386/386 388/388
usemtl Surface_0
f 392/392 390/390 389/389
usemtl Surface_0
f 391/391 390/390 392/392
usemtl Surface_0
f 396/396 394/394 393/393
usemtl Surface_0
f 395/395 394/394 396/396
usemtl Surface_0
f 400/400 398/398 397/397
usemtl Surface_0
f 399/399 398/398 400/400
usemtl Surface_0
f 404/404 402/402 401/401
usemtl Surface_0
f 403/403 402/402 404/404
usemtl Surface_0
f 408/408 406/406 405/405
usemtl Surface_0
f 407/407 406/406 408/408
usemtl Surface_0
f 412/412 410/410 409/409
usemtl Surface_0
f 411/411 410/410 412/412
usemtl Surface_0
f 416/416 414/414 413/413
usemtl Surface_0
f 415/415 414/414 416/416
usemtl Surface_0
f 420/420 418/418 417/417
usemtl Surface_0
f 419/419 418/418 420/420
usemtl Surface_0
f 424/424 422/422 421/421
usemtl Surface_0
f 423/423 422/422 424/424
usemtl Surface_0
f 428/428 426/426 425/425
usemtl Surface_0
f 427/427 426/426 428/428
usemtl Surface_0
f 432/432 430/430 429/429
usemtl Surface_0
f 431/431 430/430 432/432
usemtl Surface_0
f 436/436 434/434 433/433
usemtl Surface_0
f 435/435 434/434 436/436
usemtl Surface_0
f 440/440 438/438 437/437
usemtl Surface_0
f 439/439 438/438 440/440
usemtl Surface_0
f 444/444 442/442 441/441
usemtl Surface_0
f 443/443 442/442 444/444
usemtl Surface_0
f 448/448 446/446 445/445
usemtl Surface_0
f 447/447 446/446 448/448
usemtl Surface_0
f 452/452 450/450 449/449
usemtl Surface_0
f 451/451 450/450 452/452
usemtl Surface_0
f 456/456 454/454 453/453
usemtl Surface_0
f 455/455 454/454 456/456
usemtl Surface_0
f 460/460 458/458 457/457
usemtl Surface_0
f 459/459 458/458 460/460
usemtl Surface_0
f 464/464 462/462 461/461
usemtl Surface_0
f 463/463 462/462 464/464
usemtl Surface_0
f 468/468 466/466 465/465
usemtl Surface_0
f 467/467 466/466 468/468
usemtl Surface_0
f 472/472 470/470 469/469
usemtl Surface_0
f 471/471 470/470 472/472
usemtl Surface_0
f 476/476 474/474 473/473
usemtl Surface_0
f 475/475 474/474 476/476
usemtl Surface_0
f 480/480 478/478 477/477
usemtl Surface_0
f 479/479 478/478 480/480
usemtl Surface_0
f 484/484 482/482 481/481
usemtl Surface_0
f 483/483 482/482 484/484
usemtl Surface_0
f 488/488 486/486 485/485
usemtl Surface_0
f 487/487 486/486 488/488
usemtl Surface_0
f 492/492 490/490 489/489
usemtl Surface_0
f 491/491 490/490 492/492
usemtl Surface_0
f 496/496 494/494 493/493
usemtl Surface_0
f 495/495 494/494 496/496
usemtl Surface_0
f 500/500 498/498 497/497
usemtl Surface_0
f 499/499 498/498 500/500
usemtl Surface_0
f 504/504 502/502 501/501
usemtl Surface_0
f 503/503 502/502 504/504
usemtl Surface_0
f 508/508 506/506 505/505
usemtl Surface_0
f 507/507 506/506 508/508
usemtl Surface_0
f 512/512 510/510 509/509
usemtl Surface_0
f 511/511 510/510 512/512
usemtl Surface_0
f 516/516 514/514 513/513
usemtl Surface_0
f 515/515 514/514 516/516
usemtl Surface_0
f 520/520 518/518 517/517
usemtl Surface_0
f 519/519 518/518 520/520
usemtl Surface_0
f 524/524 522/522 521/521
usemtl Surface_0
f 523/523 522/522 524/524
usemtl Surface_0
f 528/528 526/526 525/525
usemtl Surface_0
f 527/527 526/526 528/528
usemtl Surface_0
f 532/532 530/530 529/529
usemtl Surface_0
f 531/531 530/530 532/532
usemtl Surface_0
f 536/536 534/534 533/533
usemtl Surface_0
f 535/535 534/534 536/536
usemtl Surface_0
f 540/540 538/538 537/537
usemtl Surface_0
f 539/539 538/538 540/540
usemtl Surface_0
f 544/544 542/542 541/541
usemtl Surface_0
f 543/543 542/542 544/544
usemtl Surface_0
f 548/548 546/546 545/545
usemtl Surface_0
f 547/547 546/546 548/548
usemtl Surface_0
f 552/552 550/550 549/549
usemtl Surface_0
f 551/551 550/550 552/552
usemtl Surface_0
f 556/556 554/554 553/553
usemtl Surface_0
f 555/555 554/554 556/556
usemtl Surface_0
f 560/560 558/558 557/557
usemtl Surface_0
f 559/559 558/558 560/560
usemtl Surface_0
f 564/564 562/562 561/561
usemtl Surface_0
f 563/563 562/562 564/564
usemtl Surface_0
f 568/568 566/566 565/565
usemtl Surface_0
f 567/567 566/566 568/568
usemtl Surface_0
f 572/572 570/570 569/569
usemtl Surface_0
f 571/571 570/570 572/572
usemtl Surface_0
f 576/576 574/574 573/573
usemtl Surface_0
f 575/575 574/574 576/576
usemtl Surface_0
f 580/580 578/578 577/577
usemtl Surface_0
f 579/579 578/578 580/580
usemtl Surface_0
f 584/584 582/582 581/581
usemtl Surface_0
f 583/583 582/582 584/584
usemtl Surface_0
f 588/588 586/586 585/585
usemtl Surface_0
f 587/587 586/586 588/588
usemtl Surface_0
f 592/592 590/590 589/589
usemtl Surface_0
f 591/591 590/590 592/592
usemtl Surface_0
f 596/596 594/594 593/593
usemtl Surface_0
f 595/595 594/594 596/596
usemtl Surface_0
f 600/600 598/598 597/597
usemtl Surface_0
f 599/599 598/598 600/600
usemtl Surface_0
f 604/604 602/602 601/601
usemtl Surface_0
f 603/603 602/602 604/604
usemtl Surface_0
f 608/608 606/606 605/605
usemtl Surface_0
f 607/607 606/606 608/608
usemtl Surface_0
f 612/612 610/610 609/609
usemtl Surface_0
f 611/611 610/610 612/612
usemtl Surface_0
f 616/616 614/614 613/613
usemtl Surface_0
f 615/615 614/614 616/616
usemtl Surface_0
f 620/620 618/618 617/617
usemtl Surface_0
f 619/619 618/618 620/620
usemtl Surface_0
f 624/624 622/622 621/621
usemtl Surface_0
f 623/623 622/622 624/624
usemtl Surface_0
f 628/628 626/626 625/625
usemtl Surface_0
f 627/627 626/626 628/628
usemtl Surface_0
f 632/632 630/630 629/629
usemtl Surface_0
f 631/631 630/630 632/632
usemtl Surface_0
f 636/636 634/634 633/633
usemtl Surface_0
f 635/635 634/634 636/636
usemtl Surface_0
f 640/640 638/638 637/637
usemtl Surface_0
f 639/639 638/638 640/640
usemtl Surface_0
f 644/644 642/642 641/641
usemtl Surface_0
f 643/643 642/642 644/644
usemtl Surface_0
f 648/648 646/646 645/645
usemtl Surface_0
f 647/647 646/646 648/648
usemtl Surface_0
f 652/652 650/650 649/649
usemtl Surface_0
f 651/651 650/650 652/652
usemtl Surface_0
f 656/656 654/654 653/653
usemtl Surface_0
f 655/655 654/654 656/656
usemtl Surface_0
f 660/660 658/658 657/657
usemtl Surface_0
f 659/659 658/658 660/660
usemtl Surface_0
f 664/664 662/662 661/661
usemtl Surface_0
f 663/663 662/662 664/664
usemtl Surface_0
f 668/668 666/666 665/665
usemtl Surface_0
f 667/667 666/666 668/668
usemtl Surface_0
f 672/672 670/670 669/669
usemtl Surface_0
f 671/671 670/670 672/672
usemtl Surface_0
f 676/676 674/674 673/673
usemtl Surface_0
f 675/675 674/674 676/676
usemtl Surface_0
f 680/680 678/678 677/677
usemtl Surface_0
f 679/679 678/678 680/680
usemtl Surface_0
f 684/684 682/682 681/681
usemtl Surface_0
f 683/683 682/682 684/684
usemtl Surface_0
f 688/688 686/686 685/685
usemtl Surface_0
f 687/687 686/686 688/688
usemtl Surface_0
f 692/692 690/690 689/689
usemtl Surface_0
f 691/691 690/690 692/692
usemtl Surface_0
f 696/696 694/694 693/693
usemtl Surface_0
f 695/695 694/694 696/696
usemtl Surface_0
f 700/700 698/698 697/697
usemtl Surface_0
f 699/699 698/698 700/700
usemtl Surface_0
f 704/704 702/702 701/701
usemtl Surface_0
f 703/703 702/702 704/704
usemtl Surface_0
f 708/708 706/706 705/705
usemtl Surface_0
f 707/707 706/706 708/708
usemtl Surface_0
f 712/712 710/710 709/709
usemtl Surface_0
f 711/711 710/710 712/712
usemtl Surface_0
f 716/716 714/714 713/713
usemtl Surface_0
f 715/715 714/714 716/716
usemtl Surface_0
f 720/720 718/718 717/717
usemtl Surface_0
f 719/719 718/718 720/720
usemtl Surface_0
f 724/724 722/722 721/721
usemtl Surface_0
f 723/723 722/722 724/724
usemtl Surface_0
f 728/728 726/726 725/725
usemtl Surface_0
f 727/727 726/726 728/728
usemtl Surface_0
f 732/732 730/730 729/729
usemtl Surface_0
f 731/731 730/730 732/732
usemtl Surface_0
f 736/736 734/734 733/733
usemtl Surface_0
f 735/735 734/734 736/736
usemtl Surface_0
f 740/740 738/738 737/737
usemtl Surface_0
f 739/739 738/738 740/740
usemtl Surface_0
f 744/744 742/742 741/741
usemtl Surface_0
f 743/743 742/742 744/744
usemtl Surface_0
f 748/748 746/746 745/745
usemtl Surface_0
f 747/747 746/746 748/748
usemtl Surface_0
f 752/752 750/750 749/749
usemtl Surface_0
f 751/751 750/750 752/752
usemtl Surface_0
f 756/756 754/754 753/753
usemtl Surface_0
f 755/755 754/754 756/756
usemtl Surface_0
f 760/760 758/758 757/757
usemtl Surface_0
f 759/759 758/758 760/760
usemtl Surface_0
f 764/764 762/762 761/761
usemtl Surface_0
f 763/763 762/762 764/764
usemtl Surface_0
f 768/768 766/766 765/765
usemtl Surface_0
f 767/767 766/766 768/768
usemtl Surface_0
f 772/772 770/770 769/769
usemtl Surface_0
f 771/771 770/770 772/772
usemtl Surface_0
f 776/776 774/774 773/773
usemtl Surface_0
f 775/775 774/774 776/776
usemtl Surface_0
f 780/780 778/778 777/777
usemtl Surface_0
f 779/779 778/778 780/780
usemtl Surface_0
f 784/784 782/782 781/781
usemtl Surface_0
f 783/783 782/782 784/784
usemtl Surface_0
f 788/788 786/786 785/785
usemtl Surface_0
f 787/787 786/786 788/788
usemtl Surface_0
f 792/792 790/790 789/789
usemtl Surface_0
f 791/791 790/790 792/792
usemtl Surface_0
f 796/796 794/794 793/793
usemtl Surface_0
f 795/795 794/794 796/796
usemtl Surface_0
f 800/800 798/798 797/797
usemtl Surface_0
f 799/799 798/798 800/800
usemtl Surface_0
f 804/804 802/802 801/801
usemtl Surface_0
f 803/803 802/802 804/804
usemtl Surface_0
f 808/808 806/806 805/805
usemtl Surface_0
f 807/807 806/806 808/808
usemtl Surface_0
f 812/812 810/810 809/809
usemtl Surface_0
f 811/811 810/810 812/812
usemtl Surface_0
f 816/816 814/814 813/813
usemtl Surface_0
f 815/815 814/814 816/816
usemtl Surface_0
f 820/820 818/818 817/817
usemtl Surface_0
f 819/819 818/818 820/820
usemtl Surface_0
f 824/824 822/822 821/821
usemtl Surface_0
f 823/823 822/822 824/824
usemtl Surface_0
f 828/828 826/826 825/825
usemtl Surface_0
f 827/827 826/826 828/828
usemtl Surface_0
f 832/832 830/830 829/829
usemtl Surface_0
f 831/831 830/830 832/832
usemtl Surface_0
f 836/836 834/834 833/833
usemtl Surface_0
f 835/835 834/834 836/836
usemtl Surface_0
f 840/840 838/838 837/837
usemtl Surface_0
f 839/839 838/838 840/840
usemtl Surface_0
f 844/844 842/842 841/841
usemtl Surface_0
f 843/843 842/842 844/844
usemtl Surface_0
f 848/848 846/846 845/845
usemtl Surface_0
f 847/847 846/846 848/848
usemtl Surface_0
f 852/852 850/850 849/849
usemtl Surface_0
f 851/851 850/850 852/852
usemtl Surface_0
f 856/856 854/854 853/853
usemtl Surface_0
f 855/855 854/854 856/856
usemtl Surface_0
f 860/860 858/858 857/857
usemtl Surface_0
f 859/859 858/858 860/860
usemtl Surface_0
f 864/864 862/862 861/861
usemtl Surface_0
f 863/863 862/862 864/864
usemtl Surface_0
f 868/868 866/866 865/865
usemtl Surface_0
f 867/867 866/866 868/868
usemtl Surface_0
f 872/872 870/870 869/869
usemtl Surface_0
f 871/871 870/870 872/872
usemtl Surface_0
f 876/876 874/874 873/873
usemtl Surface_0
f 875/875 874/874 876/876
usemtl Surface_0
f 880/880 878/878 877/877
usemtl Surface_0
f 879/879 878/878 880/880
usemtl Surface_0
f 884/884 882/882 881/881
usemtl Surface_0
f 883/883 882/882 884/884
usemtl Surface_0
f 888/888 886/886 885/885
usemtl Surface_0
f 887/887 886/886 888/888
usemtl Surface_0
f 892/892 890/890 889/889
usemtl Surface_0
f 891/891 890/890 892/892
usemtl Surface_0
f 896/896 894/894 893/893
usemtl Surface_0
f 895/895 894/894 896/896
usemtl Surface_0
f 900/900 898/898 897/897
usemtl Surface_0
f 899/899 898/898 900/900
usemtl Surface_0
f 904/904 902/902 901/901
usemtl Surface_0
f 903/903 902/902 904/904
usemtl Surface_0
f 908/908 906/906 905/905
usemtl Surface_0
f 907/907 906/906 908/908
usemtl Surface_0
f 912/912 910/910 909/909
usemtl Surface_0
f 911/911 910/910 912/912
usemtl Surface_0
f 916/916 914/914 913/913
usemtl Surface_0
f 915/915 914/914 916/916
usemtl Surface_0
f 920/920 918/918 917/917
usemtl Surface_0
f 919/919 918/918 920/920
usemtl Surface_0
f 924/924 922/922 921/921
usemtl Surface_0
f 923/923 922/922 924/924
usemtl Surface_0
f 928/928 926/926 925/925
usemtl Surface_0
f 927/927 926/926 928/928
usemtl Surface_0
f 932/932 930/930 929/929
usemtl Surface_0
f 931/931 930/930 932/932
usemtl Surface_0
f 936/936 934/934 933/933
usemtl Surface_0
f 935/935 934/934 936/936
usemtl Surface_0
f 940/940 938/938 937/937
usemtl Surface_0
f 939/939 938/938 940/940
usemtl Surface_0
f 944/944 942/942 941/941
usemtl Surface_0
f 943/943 942/942 944/944
usemtl Surface_0
f 948/948 946/946 945/945
usemtl Surface_0
f 947/947 946/946 948/948
usemtl Surface_0
f 952/952 950/950 949/949
usemtl Surface_0
f 951/951 950/950 952/952
usemtl Surface_0
f 956/956 954/954 953/953
usemtl Surface_0
f 955/955 954/954 956/956
usemtl Surface_0
f 960/960 958/958 957/957
usemtl Surface_0
f 959/959 958/958 960/960
usemtl Surface_0
f 964/964 962/962 961/961
usemtl Surface_0
f 963/963 962/962 964/964
usemtl Surface_0
f 968/968 966/966 965/965
usemtl Surface_0
f 967/967 966/966 968/968
usemtl Surface_0
f 972/972 970/970 969/969
usemtl Surface_0
f 971/971 970/970 972/972
usemtl Surface_0
f 976/976 974/974 973/973
usemtl Surface_0
f 975/975 974/974 976/976
usemtl Surface_0
f 980/980 978/978 977/977
usemtl Surface_0
f 979/979 978/978 980/980
usemtl Surface_0
f 984/984 982/982 981/981
usemtl Surface_0
f 983/983 982/982 984/984
usemtl Surface_0
f 988/988 986/986 985/985
usemtl Surface_0
f 987/987 986/986 988/988
usemtl Surface_0
f 992/992 990/990 989/989
usemtl Surface_0
f 991/991 990/990 992/992
usemtl Surface_0
f 996/996 994/994 993/993
usemtl Surface_0
f 995/995 994/994 996/996
usemtl Surface_0
f 1000/1000 998/998 997/997
usemtl Surface_0
f 999/999 998/998 1000/1000
usemtl Surface_0
f 1004/1004 1002/1002 1001/1001
usemtl Surface_0
f 1003/1003 1002/1002 1004/1004
usemtl Surface_0
f 1008/1008 1006/1006 1005/1005
usemtl Surface_0
f 1007/1007 1006/1006 1008/1008
usemtl Surface_0
f 1012/1012 1010/1010 1009/1009
usemtl Surface_0
f 1011/1011 1010/1010 1012/1012
usemtl Surface_0
f 1016/1016 1014/1014 1013/1013
usemtl Surface_0
f 1015/1015 1014/1014 1016/1016
usemtl Surface_0
f 1020/1020 1018/1018 1017/1017
usemtl Surface_0
f 1019/1019 1018/1018 1020/1020
usemtl Surface_0
f 1024/1024 1022/1022 1021/1021
usemtl Surface_0
f 1023/1023 1022/1022 1024/1024
usemtl Surface_0
f 1028/1028 1026/1026 1025/1025
usemtl Surface_0
f 1027/1027 1026/1026 1028/1028
usemtl Surface_0
f 1032/1032 1030/1030 1029/1029
usemtl Surface_0
f 1031/1031 1030/1030 1032/1032
usemtl Surface_0
f 1036/1036 1034/1034 1033/1033
usemtl Surface_0
f 1035/1035 1034/1034 1036/1036
usemtl Surface_0
f 1040/1040 1038/1038 1037/1037
usemtl Surface_0
f 1039/1039 1038/1038 1040/1040
usemtl Surface_0
f 1044/1044 1042/1042 1041/1041
usemtl Surface_0
f 1043/1043 1042/1042 1044/1044
usemtl Surface_0
f 1048/1048 1046/1046 1045/1045
usemtl Surface_0
f 1047/1047 1046/1046 1048/1048
usemtl Surface_0
f 1052/1052 1050/1050 1049/1049
usemtl Surface_0
f 1051/1051 1050/1050 1052/1052
usemtl Surface_0
f 1056/1056 1054/1054 1053/1053
usemtl Surface_0
f 1055/1055 1054/1054 1056/1056
usemtl Surface_0
f 1060/1060 1058/1058 1057/1057
usemtl Surface_0
f 1059/1059 1058/1058 1060/1060
usemtl Surface_0
f 1064/1064 1062/1062 1061/1061
usemtl Surface_0
f 1063/1063 1062/1062 1064/1064
usemtl Surface_0
f 1068/1068 1066/1066 1065/1065
usemtl Surface_0
f 1067/1067 1066/1066 1068/1068
usemtl Surface_0
f 1072/1072 1070/1070 1069/1069
usemtl Surface_0
f 1071/1071 1070/1070 1072/1072
usemtl Surface_0
f 1076/1076 1074/1074 1073/1073
usemtl Surface_0
f 1075/1075 1074/1074 1076/1076
usemtl Surface_0
f 1080/1080 1078/1078 1077/1077
usemtl Surface_0
f 1079/1079 1078/1078 1080/1080
usemtl Surface_0
f 1084/1084 1082/1082 1081/1081
usemtl Surface_0
f 1083/1083 1082/1082 1084/1084
usemtl Surface_0
f 1088/1088 1086/1086 1085/1085
usemtl Surface_0
f 1087/1087 1086/1086 1088/1088
usemtl Surface_0
f 1092/1092 1090/1090 1089/1089
usemtl Surface_0
f 1091/1091 1090/1090 1092/1092
usemtl Surface_0
f 1096/1096 1094/1094 1093/1093
usemtl Surface_0
f 1095/1095 1094/1094 1096/1096
usemtl Surface_0
f 1100/1100 1098/1098 1097/1097
usemtl Surface_0
f 1099/1099 1098/1098 1100/1100
usemtl Surface_0
f 1104/1104 1102/1102 1101/1101
usemtl Surface_0
f 1103/1103 1102/1102 1104/1104
usemtl Surface_0
f 1108/1108 1106/1106 1105/1105
usemtl Surface_0
f 1107/1107 1106/1106 1108/1108
usemtl Surface_0
f 1112/1112 1110/1110 1109/1109
usemtl Surface_0
f 1111/1111 1110/1110 1112/1112
usemtl Surface_0
f 1116/1116 1114/1114 1113/1113
usemtl Surface_0
f 1115/1115 1114/1114 1116/1116
usemtl Surface_0
f 1120/1120 1118/1118 1117/1117
usemtl Surface_0
f 1119/1119 1118/1118 1120/1120
usemtl Surface_0
f 1124/1124 1122/1122 1121/1121
usemtl Surface_0
f 1123/1123 1122/1122 1124/1124
usemtl Surface_0
f 1128/1128 1126/1126 1125/1125
usemtl Surface_0
f 1127/1127 1126/1126 1128/1128
usemtl Surface_0
f 1132/1132 1130/1130 1129/1129
usemtl Surface_0
f 1131/1131 1130/1130 1132/1132
usemtl Surface_0
f 1136/1136 1134/1134 1133/1133
usemtl Surface_0
f 1135/1135 1134/1134 1136/1136
usemtl Surface_0
f 1140/1140 1138/1138 1137/1137
usemtl Surface_0
f 1139/1139 1138/1138 1140/1140
usemtl Surface_0
f 1144/1144 1142/1142 1141/1141
usemtl Surface_0
f 1143/1143 1142/1142 1144/1144
usemtl Surface_0
f 1148/1148 1146/1146 1145/1145
usemtl Surface_0
f 1147/1147 1146/1146 1148/1148
usemtl Surface_0
f 1152/1152 1150/1150 1149/1149
usemtl Surface_0
f 1151/1151 1150/1150 1152/1152
usemtl Surface_0
f 1156/1156 1154/1154 1153/1153
usemtl Surface_0
f 1155/1155 1154/1154 1156/1156
usemtl Surface_0
f 1160/1160 1158/1158 1157/1157
usemtl Surface_0
f 1159/1159 1158/1158 1160/1160
usemtl Surface_0
f 1164/1164 1162/1162 1161/1161
usemtl Surface_0
f 1163/1163 1162/1162 1164/1164
usemtl Surface_0
f 1168/1168 1166/1166 1165/1165
usemtl Surface_0
f 1167/1167 1166/1166 1168/1168
usemtl Surface_0
f 1172/1172 1170/1170 1169/1169
usemtl Surface_0
f 1171/1171 1170/1170 1172/1172
usemtl Surface_0
f 1176/1176 1174/1174 1173/1173
usemtl Surface_0
f 1175/1175 1174/1174 1176/1176
usemtl Surface_0
f 1180/1180 1178/1178 1177/1177
usemtl Surface_0
f 1179/1179 1178/1178 1180/1180
usemtl Surface_0
f 1184/1184 1182/1182 1181/1181
usemtl Surface_0
f 1183/1183 1182/1182 1184/1184
usemtl Surface_0
f 1188/1188 1186/1186 1185/1185
usemtl Surface_0
f 1187/1187 1186/1186 1188/1188
usemtl Surface_0
f 1192/1192 1190/1190 1189/1189
usemtl Surface_0
f 1191/1191 1190/1190 1192/1192
usemtl Surface_0
f 1196/1196 1194/1194 1193/1193
usemtl Surface_0
f 1195/1195 1194/1194 1196/1196
usemtl Surface_0
f 1200/1200 1198/1198 1197/1197
usemtl Surface_0
f 1199/1199 1198/1198 1200/1200
usemtl Surface_0
f 1204/1204 1202/1202 1201/1201
usemtl Surface_0
f 1203/1203 1202/1202 1204/1204
usemtl Surface_0
f 1208/1208 1206/1206 1205/1205
usemtl Surface_0
f 1207/1207 1206/1206 1208/1208
usemtl Surface_0
f 1212/1212 1210/1210 1209/1209
usemtl Surface_0
f 1211/1211 1210/1210 1212/1212
usemtl Surface_0
f 1216/1216 1214/1214 1213/1213
usemtl Surface_0
f 1215/1215 1214/1214 1216/1216
usemtl Surface_0
f 1220/1220 1218/1218 1217/1217
usemtl Surface_0
f 1219/1219 1218/1218 1220/1220
usemtl Surface_0
f 1224/1224 1222/1222 1221/1221
usemtl Surface_0
f 1223/1223 1222/1222 1224/1224
usemtl Surface_0
f 1228/1228 1226/1226 1225/1225
usemtl Surface_0
f 1227/1227 1226/1226 1228/1228
usemtl Surface_0
f 1232/1232 1230/1230 1229/1229
usemtl Surface_0
f 1231/1231 1230/1230 1232/1232
usemtl Surface_0
f 1236/1236 1234/1234 1233/1233
usemtl Surface_0
f 1235/1235 1234/1234 1236/1236
usemtl Surface_0
f 1240/1240 1238/1238 1237/1237
usemtl Surface_0
f 1239/1239 1238/1238 1240/1240
usemtl Surface_0
f 1244/1244 1242/1242 1241/1241
usemtl Surface_0
f 1243/1243 1242/1242 1244/1244
usemtl Surface_0
f 1248/1248 1246/1246 1245/1245
usemtl Surface_0
f 1247/1247 1246/1246 1248/1248
usemtl Surface_0
f 1252/1252 1250/1250 1249/1249
usemtl Surface_0
f 1251/1251 1250/1250 1252/1252
usemtl Surface_0
f 1256/1256 1254/1254 1253/1253
usemtl Surface_0
f 1255/1255 1254/1254 1256/1256
usemtl Surface_0
f 1260/1260 1258/1258 1257/1257
usemtl Surface_0
f 1259/1259 1258/1258 1260/1260
usemtl Surface_0
f 1264/1264 1262/1262 1261/1261
usemtl Surface_0
f 1263/1263 1262/1262 1264/1264
usemtl Surface_0
f 1268/1268 1266/1266 1265/1265
usemtl Surface_0
f 1267/1267 1266/1266 1268/1268
usemtl Surface_0
f 1272/1272 1270/1270 1269/1269
usemtl Surface_0
f 1271/1271 1270/1270 1272/1272
usemtl Surface_0
f 1276/1276 1274/1274 1273/1273
usemtl Surface_0
f 1275/1275 1274/1274 1276/1276
usemtl Surface_0
f 1280/1280 1278/1278 1277/1277
usemtl Surface_0
f 1279/1279 1278/1278 1280/1280
usemtl Surface_0
f 1284/1284 1282/1282 1281/1281
usemtl Surface_0
f 1283/1283 1282/1282 1284/1284
usemtl Surface_0
f 1288/1288 1286/1286 1285/1285
usemtl Surface_0
f 1287/1287 1286/1286 1288/1288
usemtl Surface_0
f 1292/1292 1290/1290 1289/1289
usemtl Surface_0
f 1291/1291 1290/1290 1292/1292
usemtl Surface_0
f 1296/1296 1294/1294 1293/1293
usemtl Surface_0
f 1295/1295 1294/1294 1296/1296
usemtl Surface_0
f 1300/1300 1298/1298 1297/1297
usemtl Surface_0
f 1299/1299 1298/1298 1300/1300
usemtl Surface_0
f 1304/1304 1302/1302 1301/1301
usemtl Surface_0
f 1303/1303 1302/1302 1304/1304
usemtl Surface_0
f 1308/1308 1306/1306 1305/1305
usemtl Surface_0
f 1307/1307 1306/1306 1308/1308
usemtl Surface_0
f 1312/1312 1310/1310 1309/1309
usemtl Surface_0
f 1311/1311 1310/1310 1312/1312
usemtl Surface_0
f 1316/1316 1314/1314 1313/1313
usemtl Surface_0
f 1315/1315 1314/1314 1316/1316
usemtl Surface_0
f 1320/1320 1318/1318 1317/1317
usemtl Surface_0
f 1319/1319 1318/1318 1320/1320
usemtl Surface_0
f 1324/1324 1322/1322 1321/1321
usemtl Surface_0
f 1323/1323 1322/1322 1324/1324
usemtl Surface_0
f 1328/1328 1326/1326 1325/1325
usemtl Surface_0
f 1327/1327 1326/1326 1328/1328
usemtl Surface_0
f 1332/1332 1330/1330 1329/1329
usemtl Surface_0
f 1331/1331 1330/1330 1332/1332
usemtl Surface_0
f 1336/1336 1334/1334 1333/1333
usemtl Surface_0
f 1335/1335 1334/1334 1336/1336
usemtl Surface_0
f 1340/1340 1338/1338 1337/1337
usemtl Surface_0
f 1339/1339 1338/1338 1340/1340
usemtl Surface_0
f 1344/1344 1342/1342 1341/1341
usemtl Surface_0
f 1343/1343 1342/1342 1344/1344
usemtl Surface_0
f 1348/1348 1346/1346 1345/1345
usemtl Surface_0
f 1347/1347 1346/1346 1348/1348
usemtl Surface_0
f 1352/1352 1350/1350 1349/1349
usemtl Surface_0
f 1351/1351 1350/1350 1352/1352
usemtl Surface_0
f 1356/1356 1354/1354 1353/1353
usemtl Surface_0
f 1355/1355 1354/1354 1356/1356
usemtl Surface_0
f 1360/1360 1358/1358 1357/1357
usemtl Surface_0
f 1359/1359 1358/1358 1360/1360
usemtl Surface_0
f 1364/1364 1362/1362 1361/1361
usemtl Surface_0
f 1363/1363 1362/1362 1364/1364
usemtl Surface_0
f 1368/1368 1366/1366 1365/1365
usemtl Surface_0
f 1367/1367 1366/1366 1368/1368
usemtl Surface_0
f 1372/1372 1370/1370 1369/1369
usemtl Surface_0
f 1371/1371 1370/1370 1372/1372
usemtl Surface_0
f 1376/1376 1374/1374 1373/1373
usemtl Surface_0
f 1375/1375 1374/1374 1376/1376
usemtl Surface_0
f 1380/1380 1378/1378 1377/1377
usemtl Surface_0
f 1379/1379 1378/1378 1380/1380
usemtl Surface_0
f 1384/1384 1382/1382 1381/1381
usemtl Surface_0
f 1383/1383 1382/1382 1384/1384
usemtl Surface_0
f 1388/1388 1386/1386 1385/1385
usemtl Surface_0
f 1387/1387 1386/1386 1388/1388
usemtl Surface_0
f 1392/1392 1390/1390 1389/1389
usemtl Surface_0
f 1391/1391 1390/1390 1392/1392
usemtl Surface_0
f 1396/1396 1394/1394 1393/1393
usemtl Surface_0
f 1395/1395 1394/1394 1396/1396
usemtl Surface_0
f 1400/1400 1398/1398 1397/1397
usemtl Surface_0
f 1399/1399 1398/1398 1400/1400
usemtl Surface_0
f 1404/1404 1402/1402 1401/1401
usemtl Surface_0
f 1403/1403 1402/1402 1404/1404
usemtl Surface_0
f 1408/1408 1406/1406 1405/1405
usemtl Surface_0
f 1407/1407 1406/1406 1408/1408
usemtl Surface_0
f 1412/1412 1410/1410 1409/1409
usemtl Surface_0
f 1411/1411 1410/1410 1412/1412
usemtl Surface_0
f 1416/1416 1414/1414 1413/1413
usemtl Surface_0
f 1415/1415 1414/1414 1416/1416
usemtl Surface_0
f 1420/1420 1418/1418 1417/1417
usemtl Surface_0
f 1419/1419 1418/1418 1420/1420
usemtl Surface_0
f 1424/1424 1422/1422 1421/1421
usemtl Surface_0
f 1423/1423 1422/1422 1424/1424
usemtl Surface_0
f 1428/1428 1426/1426 1425/1425
usemtl Surface_0
f 1427/1427 1426/1426 1428/1428
usemtl Surface_0
f 1432/1432 1430/1430 1429/1429
usemtl Surface_0
f 1431/1431 1430/1430 1432/1432
usemtl Surface_0
f 1436/1436 1434/1434 1433/1433
usemtl Surface_0
f 1435/1435 1434/1434 1436/1436
usemtl Surface_0
f 1440/1440 1438/1438 1437/1437
usemtl Surface_0
f 1439/1439 1438/1438 1440/1440
usemtl Surface_0
f 1444/1444 1442/1442 1441/1441
usemtl Surface_0
f 1443/1443 1442/1442 1444/1444
usemtl Surface_0
f 1448/1448 1446/1446 1445/1445
usemtl Surface_0
f 1447/1447 1446/1446 1448/1448
usemtl Surface_0
f 1452/1452 1450/1450 1449/1449
usemtl Surface_0
f 1451/1451 1450/1450 1452/1452
usemtl Surface_0
f 1456/1456 1454/1454 1453/1453
usemtl Surface_0
f 1455/1455 1454/1454 1456/1456
usemtl Surface_0
f 1460/1460 1458/1458 1457/1457
usemtl Surface_0
f 1459/1459 1458/1458 1460/1460
usemtl Surface_0
f 1464/1464 1462/1462 1461/1461
usemtl Surface_0
f 1463/1463 1462/1462 1464/1464
usemtl Surface_0
f 1468/1468 1466/1466 1465/1465
usemtl Surface_0
f 1467/1467 1466/1466 1468/1468
usemtl Surface_0
f 1472/1472 1470/1470 1469/1469
usemtl Surface_0
f 1471/1471 1470/1470 1472/1472
usemtl Surface_0
f 1476/1476 1474/1474 1473/1473
usemtl Surface_0
f 1475/1475 1474/1474 1476/1476
usemtl Surface_0
f 1480/1480 1478/1478 1477/1477
usemtl Surface_0
f 1479/1479 1478/1478 1480/1480
usemtl Surface_0
f 1484/1484 1482/1482 1481/1481
usemtl Surface_0
f 1483/1483 1482/1482 1484/1484
usemtl Surface_0
f 1488/1488 1486/1486 1485/1485
usemtl Surface_0
f 1487/1487 1486/1486 1488/1488
usemtl Surface_0
f 1492/1492 1490/1490 1489/1489
usemtl Surface_0
f 1491/1491 1490/1490 1492/1492
usemtl Surface_0
f 1496/1496 1494/1494 1493/1493
usemtl Surface_0
f 1495/1495 1494/1494 1496/1496
usemtl Surface_0
f 1500/1500 1498/1498 1497/1497
usemtl Surface_0
f 1499/1499 1498/1498 1500/1500
usemtl Surface_0
f 1504/1504 1502/1502 1501/1501
usemtl Surface_0
f 1503/1503 1502/1502 1504/1504
usemtl Surface_0
f 1508/1508 1506/1506 1505/1505
usemtl Surface_0
f 1507/1507 1506/1506 1508/1508
usemtl Surface_0
f 1512/1512 1510/1510 1509/1509
usemtl Surface_0
f 1511/1511 1510/1510 1512/1512
usemtl Surface_0
f 1516/1516 1514/1514 1513/1513
usemtl Surface_0
f 1515/1515 1514/1514 1516/1516
usemtl Surface_0
f 1520/1520 1518/1518 1517/1517
usemtl Surface_0
f 1519/1519 1518/1518 1520/1520
usemtl Surface_0
f 1524/1524 1522/1522 1521/1521
usemtl Surface_0
f 1523/1523 1522/1522 1524/1524
usemtl Surface_0
f 1528/1528 1526/1526 1525/1525
usemtl Surface_0
f 1527/1527 1526/1526 1528/1528
usemtl Surface_0
f 1532/1532 1530/1530 1529/1529
usemtl Surface_0
f 1531/1531 1530/1530 1532/1532
usemtl Surface_0
f 1536/1536 1534/1534 1533/1533
usemtl Surface_0
f 1535/1535 1534/1534 1536/1536
usemtl Surface_0
f 1540/1540 1538/1538 1537/1537
usemtl Surface_0
f 1539/1539 1538/1538 1540/1540
usemtl Surface_0
f 1544/1544 1542/1542 1541/1541
usemtl Surface_0
f 1543/1543 1542/1542 1544/1544
usemtl Surface_0
f 1548/1548 1546/1546 1545/1545
usemtl Surface_0
f 1547/1547 1546/1546 1548/1548
usemtl Surface_0
f 1552/1552 1550/1550 1549/1549
usemtl Surface_0
f 1551/1551 1550/1550 1552/1552
usemtl Surface_0
f 1556/1556 1554/1554 1553/1553
usemtl Surface_0
f 1555/1555 1554/1554 1556/1556
usemtl Surface_0
f 1560/1560 1558/1558 1557/1557
usemtl Surface_0
f 1559/1559 1558/1558 1560/1560
usemtl Surface_0
f 1564/1564 1562/1562 1561/1561
usemtl Surface_0
f 1563/1563 1562/1562 1564/1564
usemtl Surface_0
f 1568/1568 1566/1566 1565/1565
usemtl Surface_0
f 1567/1567 1566/1566 1568/1568
usemtl Surface_0
f 1572/1572 1570/1570 1569/1569
usemtl Surface_0
f 1571/1571 1570/1570 1572/1572
usemtl Surface_0
f 1576/1576 1574/1574 1573/1573
usemtl Surface_0
f 1575/1575 1574/1574 1576/1576
usemtl Surface_0
f 1580/1580 1578/1578 1577/1577
usemtl Surface_0
f 1579/1579 1578/1578 1580/1580
usemtl Surface_0
f 1584/1584 1582/1582 1581/1581
usemtl Surface_0
f 1583/1583 1582/1582 1584/1584
usemtl Surface_0
f 1588/1588 1586/1586 1585/1585
usemtl Surface_0
f 1587/1587 1586/1586 1588/1588
usemtl Surface_0
f 1592/1592 1590/1590 1589/1589
usemtl Surface_0
f 1591/1591 1590/1590 1592/1592
usemtl Surface_0
f 1596/1596 1594/1594 1593/1593
usemtl Surface_0
f 1595/1595 1594/1594 1596/1596
usemtl Surface_0
f 1600/1600 1598/1598 1597/1597
usemtl Surface_0
f 1599/1599 1598/1598 1600/1600
usemtl Surface_0
f 1604/1604 1602/1602 1601/1601
usemtl Surface_0
f 1603/1603 1602/1602 1604/1604
usemtl Surface_0
f 1608/1608 1606/1606 1605/1605
usemtl Surface_0
f 1607/1607 1606/1606 1608/1608
usemtl Surface_0
f 1612/1612 1610/1610 1609/1609
usemtl Surface_0
f 1611/1611 1610/1610 1612/1612
usemtl Surface_0
f 1616/1616 1614/1614 1613/1613
usemtl Surface_0
f 1615/1615 1614/1614 1616/1616
usemtl Surface_0
f 1620/1620 1618/1618 1617/1617
usemtl Surface_0
f 1619/1619 1618/1618 1620/1620
usemtl Surface_0
f 1624/1624 1622/1622 1621/1621
usemtl Surface_0
f 1623/1623 1622/1622 1624/1624
usemtl Surface_0
f 1628/1628 1626/1626 1625/1625
usemtl Surface_0
f 1627/1627 1626/1626 1628/1628
usemtl Surface_0
f 1632/1632 1630/1630 1629/1629
usemtl Surface_0
f 1631/1631 1630/1630 1632/1632
usemtl Surface_0
f 1636/1636 1634/1634 1633/1633
usemtl Surface_0
f 1635/1635 1634/1634 1636/1636
usemtl Surface_0
f 1640/1640 1638/1638 1637/1637
usemtl Surface_0
f 1639/1639 1638/1638 1640/1640
usemtl Surface_0
f 1644/1644 1642/1642 1641/1641
usemtl Surface_0
f 1643/1643 1642/1642 1644/1644
usemtl Surface_0
f 1648/1648 1646/1646 1645/1645
usemtl Surface_0
f 1647/1647 1646/1646 1648/1648
usemtl Surface_0
f 1652/1652 1650/1650 1649/1649
usemtl Surface_0
f 1651/1651 1650/1650 1652/1652
usemtl Surface_0
f 1656/1656 1654/1654 1653/1653
usemtl Surface_0
f 1655/1655 1654/1654 1656/1656
usemtl Surface_0
f 1660/1660 1658/1658 1657/1657
usemtl Surface_0
f 1659/1659 1658/1658 1660/1660
usemtl Surface_0
f 1664/1664 1662/1662 1661/1661
usemtl Surface_0
f 1663/1663 1662/1662 1664/1664
usemtl Surface_0
f 1668/1668 1666/1666 1665/1665
usemtl Surface_0
f 1667/1667 1666/1666 1668/1668
usemtl Surface_0
f 1672/1672 1670/1670 1669/1669
usemtl Surface_0
f 1671/1671 1670/1670 1672/1672
usemtl Surface_0
f 1676/1676 1674/1674 1673/1673
usemtl Surface_0
f 1675/1675 1674/1674 1676/1676
usemtl Surface_0
f 1680/1680 1678/1678 1677/1677
usemtl Surface_0
f 1679/1679 1678/1678 1680/1680
usemtl Surface_0
f 1684/1684 1682/1682 1681/1681
usemtl Surface_0
f 1683/1683 1682/1682 1684/1684
usemtl Surface_0
f 1688/1688 1686/1686 1685/1685
usemtl Surface_0
f 1687/1687 1686/1686 1688/1688
usemtl Surface_0
f 1692/1692 1690/1690 1689/1689
usemtl Surface_0
f 1691/1691 1690/1690 1692/1692
usemtl Surface_0
f 1696/1696 1694/1694 1693/1693
usemtl Surface_0
f 1695/1695 1694/1694 1696/1696
usemtl Surface_0
f 1700/1700 1698/1698 1697/1697
usemtl Surface_0
f 1699/1699 1698/1698 1700/1700
usemtl Surface_0
f 1704/1704 1702/1702 1701/1701
usemtl Surface_0
f 1703/1703 1702/1702 1704/1704
usemtl Surface_0
f 1708/1708 1706/1706 1705/1705
usemtl Surface_0
f 1707/1707 1706/1706 1708/1708
usemtl Surface_0
f 1712/1712 1710/1710 1709/1709
usemtl Surface_0
f 1711/1711 1710/1710 1712/1712
usemtl Surface_0
f 1716/1716 1714/1714 1713/1713
usemtl Surface_0
f 1715/1715 1714/1714 1716/1716
usemtl Surface_0
f 1720/1720 1718/1718 1717/1717
usemtl Surface_0
f 1719/1719 1718/1718 1720/1720
usemtl Surface_0
f 1724/1724 1722/1722 1721/1721
usemtl Surface_0
f 1723/1723 1722/1722 1724/1724
usemtl Surface_0
f 1728/1728 1726/1726 1725/1725
usemtl Surface_0
f 1727/1727 1726/1726 1728/1728
usemtl Surface_0
f 1732/1732 1730/1730 1729/1729
usemtl Surface_0
f 1731/1731 1730/1730 1732/1732
usemtl Surface_0
f 1736/1736 1734/1734 1733/1733
usemtl Surface_0
f 1735/1735 1734/1734 1736/1736
usemtl Surface_0
f 1740/1740 1738/1738 1737/1737
usemtl Surface_0
f 1739/1739 1738/1738 1740/1740
usemtl Surface_0
f 1744/1744 1742/1742 1741/1741
usemtl Surface_0
f 1743/1743 1742/1742 1744/1744
usemtl Surface_0
f 1748/1748 1746/1746 1745/1745
usemtl Surface_0
f 1747/1747 1746/1746 1748/1748
usemtl Surface_0
f 1752/1752 1750/1750 1749/1749
usemtl Surface_0
f 1751/1751 1750/1750 1752/1752
usemtl Surface_0
f 1756/1756 1754/1754 1753/1753
usemtl Surface_0
f 1755/1755 1754/1754 1756/1756
usemtl Surface_0
f 1760/1760 1758/1758 1757/1757
usemtl Surface_0
f 1759/1759 1758/1758 1760/1760
usemtl Surface_0
f 1764/1764 1762/1762 1761/1761
usemtl Surface_0
f 1763/1763 1762/1762 1764/1764
usemtl Surface_0
f 1768/1768 1766/1766 1765/1765
usemtl Surface_0
f 1767/1767 1766/1766 1768/1768
usemtl Surface_0
f 1772/1772 1770/1770 1769/1769
usemtl Surface_0
f 1771/1771 1770/1770 1772/1772
usemtl Surface_0
f 1776/1776 1774/1774 1773/1773
usemtl Surface_0
f 1775/1775 1774/1774 1776/1776
usemtl Surface_0
f 1780/1780 1778/1778 1777/1777
usemtl Surface_0
f 1779/1779 1778/1778 1780/1780
usemtl Surface_0
f 1784/1784 1782/1782 1781/1781
usemtl Surface_0
f 1783/1783 1782/1782 1784/1784
usemtl Surface_0
f 1788/1788 1786/1786 1785/1785
usemtl Surface_0
f 1787/1787 1786/1786 1788/1788
usemtl Surface_0
f 1792/1792 1790/1790 1789/1789
usemtl Surface_0
f 1791/1791 1790/1790 1792/1792
usemtl Surface_0
f 1796/1796 1794/1794 1793/1793
usemtl Surface_0
f 1795/1795 1794/1794 1796/1796
usemtl Surface_0
f 1800/1800 1798/1798 1797/1797
usemtl Surface_0
f 1799/1799 1798/1798 1800/1800
usemtl Surface_0
f 1804/1804 1802/1802 1801/1801
usemtl Surface_0
f 1803/1803 1802/1802 1804/1804
usemtl Surface_0
f 1808/1808 1806/1806 1805/1805
usemtl Surface_0
f 1807/1807 1806/1806 1808/1808
usemtl Surface_0
f 1812/1812 1810/1810 1809/1809
usemtl Surface_0
f 1811/1811 1810/1810 1812/1812
usemtl Surface_0
f 1816/1816 1814/1814 1813/1813
usemtl Surface_0
f 1815/1815 1814/1814 1816/1816
usemtl Surface_0
f 1820/1820 1818/1818 1817/1817
usemtl Surface_0
f 1819/1819 1818/1818 1820/1820
usemtl Surface_0
f 1824/1824 1822/1822 1821/1821
usemtl Surface_0
f 1823/1823 1822/1822 1824/1824
usemtl Surface_0
f 1828/1828 1826/1826 1825/1825
usemtl Surface_0
f 1827/1827 1826/1826 1828/1828
usemtl Surface_0
f 1832/1832 1830/1830 1829/1829
usemtl Surface_0
f 1831/1831 1830/1830 1832/1832
usemtl Surface_0
f 1836/1836 1834/1834 1833/1833
usemtl Surface_0
f 1835/1835 1834/1834 1836/1836
usemtl Surface_0
f 1840/1840 1838/1838 1837/1837
usemtl Surface_0
f 1839/1839 1838/1838 1840/1840
usemtl Surface_0
f 1844/1844 1842/1842 1841/1841
usemtl Surface_0
f 1843/1843 1842/1842 1844/1844
usemtl Surface_0
f 1848/1848 1846/1846 1845/1845
usemtl Surface_0
f 1847/1847 1846/1846 1848/1848
usemtl Surface_0
f 1852/1852 1850/1850 1849/1849
usemtl Surface_0
f 1851/1851 1850/1850 1852/1852
usemtl Surface_0
f 1856/1856 1854/1854 1853/1853
usemtl Surface_0
f 1855/1855 1854/1854 1856/1856
usemtl Surface_0
f 1860/1860 1858/1858 1857/1857
usemtl Surface_0
f 1859/1859 1858/1858 1860/1860
usemtl Surface_0
f 1864/1864 1862/1862 1861/1861
usemtl Surface_0
f 1863/1863 1862/1862 1864/1864
usemtl Surface_0
f 1868/1868 1866/1866 1865/1865
usemtl Surface_0
f 1867/1867 1866/1866 1868/1868
usemtl Surface_0
f 1872/1872 1870/1870 1869/1869
usemtl Surface_0
f 1871/1871 1870/1870 1872/1872
usemtl Surface_0
f 1876/1876 1874/1874 1873/1873
usemtl Surface_0
f 1875/1875 1874/1874 1876/1876
usemtl Surface_0
f 1880/1880 1878/1878 1877/1877
usemtl Surface_0
f 1879/1879 1878/1878 1880/1880
usemtl Surface_0
f 1884/1884 1882/1882 1881/1881
usemtl Surface_0
f 1883/1883 1882/1882 1884/1884
usemtl Surface_0
f 1888/1888 1886/1886 1885/1885
usemtl Surface_0
f 1887/1887 1886/1886 1888/1888
usemtl Surface_0
f 1892/1892 1890/1890 1889/1889
usemtl Surface_0
f 1891/1891 1890/1890 1892/1892
usemtl Surface_0
f 1896/1896 1894/1894 1893/1893
usemtl Surface_0
f 1895/1895 1894/1894 1896/1896
usemtl Surface_0
f 1900/1900 1898/1898 1897/1897
usemtl Surface_0
f 1899/1899 1898/1898 1900/1900
usemtl Surface_0
f 1904/1904 1902/1902 1901/1901
usemtl Surface_0
f 1903/1903 1902/1902 1904/1904
usemtl Surface_0
f 1908/1908 1906/1906 1905/1905
usemtl Surface_0
f 1907/1907 1906/1906 1908/1908
usemtl Surface_0
f 1912/1912 1910/1910 1909/1909
usemtl Surface_0
f 1911/1911 1910/1910 1912/1912
usemtl Surface_0
f 1916/1916 1914/1914 1913/1913
usemtl Surface_0
f 1915/1915 1914/1914 1916/1916
usemtl Surface_0
f 1920/1920 1918/1918 1917/1917
usemtl Surface_0
f 1919/1919 1918/1918 1920/1920
usemtl Surface_0
f 1924/1924 1922/1922 1921/1921
usemtl Surface_0
f 1923/1923 1922/1922 1924/1924
usemtl Surface_0
f 1928/1928 1926/1926 1925/1925
usemtl Surface_0
f 1927/1927 1926/1926 1928/1928
usemtl Surface_0
f 1932/1932 1930/1930 1929/1929
usemtl Surface_0
f 1931/1931 1930/1930 1932/1932
usemtl Surface_0
f 1936/1936 1934/1934 1933/1933
usemtl Surface_0
f 1935/1935 1934/1934 1936/1936
usemtl Surface_0
f 1940/1940 1938/1938 1937/1937
usemtl Surface_0
f 1939/1939 1938/1938 1940/1940
usemtl Surface_0
f 1944/1944 1942/1942 1941/1941
usemtl Surface_0
f 1943/1943 1942/1942 1944/1944
usemtl Surface_0
f 1948/1948 1946/1946 1945/1945
usemtl Surface_0
f 1947/1947 1946/1946 1948/1948
usemtl Surface_0
f 1952/1952 1950/1950 1949/1949
usemtl Surface_0
f 1951/1951 1950/1950 1952/1952
usemtl Surface_0
f 1956/1956 1954/1954 1953/1953
usemtl Surface_0
f 1955/1955 1954/1954 1956/1956
usemtl Surface_0
f 1960/1960 1958/1958 1957/1957
usemtl Surface_0
f 1959/1959 1958/1958 1960/1960
usemtl Surface_0
f 1964/1964 1962/1962 1961/1961
usemtl Surface_0
f 1963/1963 1962/1962 1964/1964
usemtl Surface_0
f 1968/1968 1966/1966 1965/1965
usemtl Surface_0
f 1967/1967 1966/1966 1968/1968
usemtl Surface_0
f 1972/1972 1970/1970 1969/1969
usemtl Surface_0
f 1971/1971 1970/1970 1972/1972
usemtl Surface_0
f 1976/1976 1974/1974 1973/1973
usemtl Surface_0
f 1975/1975 1974/1974 1976/1976
usemtl Surface_0
f 1980/1980 1978/1978 1977/1977
usemtl Surface_0
f 1979/1979 1978/1978 1980/1980
usemtl Surface_0
f 1984/1984 1982/1982 1981/1981
usemtl Surface_0
f 1983/1983 1982/1982 1984/1984
usemtl Surface_0
f 1988/1988 1986/1986 1985/1985
usemtl Surface_0
f 1987/1987 1986/1986 1988/1988
usemtl Surface_0
f 1992/1992 1990/1990 1989/1989
usemtl Surface_0
f 1991/1991 1990/1990 1992/1992
usemtl Surface_0
f 1996/1996 1994/1994 1993/1993
usemtl Surface_0
f 1995/1995 1994/1994 1996/1996
usemtl Surface_0
f 2000/2000 1998/1998 1997/1997
usemtl Surface_0
f 1999/1999 1998/1998 2000/2000
usemtl Surface_0
f 2004/2004 2002/2002 2001/2001
usemtl Surface_0
f 2003/2003 2002/2002 2004/2004
usemtl Surface_0
f 2008/2008 2006/2006 2005/2005
usemtl Surface_0
f 2007/2007 2006/2006 2008/2008
usemtl Surface_0
f 2012/2012 2010/2010 2009/2009
usemtl Surface_0
f 2011/2011 2010/2010 2012/2012
usemtl Surface_0
f 2016/2016 2014/2014 2013/2013
usemtl Surface_0
f 2015/2015 2014/2014 2016/2016
usemtl Surface_0
f 2020/2020 2018/2018 2017/2017
usemtl Surface_0
f 2019/2019 2018/2018 2020/2020
usemtl Surface_0
f 2024/2024 2022/2022 2021/2021
usemtl Surface_0
f 2023/2023 2022/2022 2024/2024
usemtl Surface_0
f 2028/2028 2026/2026 2025/2025
usemtl Surface_0
f 2027/2027 2026/2026 2028/2028
usemtl Surface_0
f 2032/2032 2030/2030 2029/2029
usemtl Surface_0
f 2031/2031 2030/2030 2032/2032
usemtl Surface_0
f 2036/2036 2034/2034 2033/2033
usemtl Surface_0
f 2035/2035 2034/2034 2036/2036
usemtl Surface_0
f 2040/2040 2038/2038 2037/2037
usemtl Surface_0
f 2039/2039 2038/2038 2040/2040
usemtl Surface_0
f 2044/2044 2042/2042 2041/2041
usemtl Surface_0
f 2043/2043 2042/2042 2044/2044
usemtl Surface_0
f 2048/2048 2046/2046 2045/2045
usemtl Surface_0
f 2047/2047 2046/2046 2048/2048
usemtl Surface_0
f 2052/2052 2050/2050 2049/2049
usemtl Surface_0
f 2051/2051 2050/2050 2052/2052
usemtl Surface_0
f 2056/2056 2054/2054 2053/2053
usemtl Surface_0
f 2055/2055 2054/2054 2056/2056
usemtl Surface_0
f 2060/2060 2058/2058 2057/2057
usemtl Surface_0
f 2059/2059 2058/2058 2060/2060
usemtl Surface_0
f 2064/2064 2062/2062 2061/2061
usemtl Surface_0
f 2063/2063 2062/2062 2064/2064
usemtl Surface_0
f 2068/2068 2066/2066 2065/2065
usemtl Surface_0
f 2067/2067 2066/2066 2068/2068
usemtl Surface_0
f 2072/2072 2070/2070 2069/2069
usemtl Surface_0
f 2071/2071 2070/2070 2072/2072
usemtl Surface_0
f 2076/2076 2074/2074 2073/2073
usemtl Surface_0
f 2075/2075 2074/2074 2076/2076
usemtl Surface_0
f 2080/2080 2078/2078 2077/2077
usemtl Surface_0
f 2079/2079 2078/2078 2080/2080
usemtl Surface_0
f 2084/2084 2082/2082 2081/2081
usemtl Surface_0
f 2083/2083 2082/2082 2084/2084
usemtl Surface_0
f 2088/2088 2086/2086 2085/2085
usemtl Surface_0
f 2087/2087 2086/2086 2088/2088
usemtl Surface_0
f 2092/2092 2090/2090 2089/2089
usemtl Surface_0
f 2091/2091 2090/2090 2092/2092
usemtl Surface_0
f 2096/2096 2094/2094 2093/2093
usemtl Surface_0
f 2095/2095 2094/2094 2096/2096
usemtl Surface_0
f 2100/2100 2098/2098 2097/2097
usemtl Surface_0
f 2099/2099 2098/2098 2100/2100
usemtl Surface_0
f 2104/2104 2102/2102 2101/2101
usemtl Surface_0
f 2103/2103 2102/2102 2104/2104
usemtl Surface_0
f 2108/2108 2106/2106 2105/2105
usemtl Surface_0
f 2107/2107 2106/2106 2108/2108
usemtl Surface_0
f 2112/2112 2110/2110 2109/2109
usemtl Surface_0
f 2111/2111 2110/2110 2112/2112
usemtl Surface_0
f 2116/2116 2114/2114 2113/2113
usemtl Surface_0
f 2115/2115 2114/2114 2116/2116
usemtl Surface_0
f 2120/2120 2118/2118 2117/2117
usemtl Surface_0
f 2119/2119 2118/2118 2120/2120
usemtl Surface_0
f 2124/2124 2122/2122 2121/2121
usemtl Surface_0
f 2123/2123 2122/2122 2124/2124
usemtl Surface_0
f 2128/2128 2126/2126 2125/2125
usemtl Surface_0
f 2127/2127 2126/2126 2128/2128
usemtl Surface_0
f 2132/2132 2130/2130 2129/2129
usemtl Surface_0
f 2131/2131 2130/2130 2132/2132
usemtl Surface_0
f 2136/2136 2134/2134 2133/2133
usemtl Surface_0
f 2135/2135 2134/2134 2136/2136
usemtl Surface_0
f 2140/2140 2138/2138 2137/2137
usemtl Surface_0
f 2139/2139 2138/2138 2140/2140
usemtl Surface_0
f 2144/2144 2142/2142 2141/2141
usemtl Surface_0
f 2143/2143 2142/2142 2144/2144
usemtl Surface_0
f 2148/2148 2146/2146 2145/2145
usemtl Surface_0
f 2147/2147 2146/2146 2148/2148
usemtl Surface_0
f 2152/2152 2150/2150 2149/2149
usemtl Surface_0
f 2151/2151 2150/2150 2152/2152
usemtl Surface_0
f 2156/2156 2154/2154 2153/2153
usemtl Surface_0
f 2155/2155 2154/2154 2156/2156
usemtl Surface_0
f 2160/2160 2158/2158 2157/2157
usemtl Surface_0
f 2159/2159 2158/2158 2160/2160
usemtl Surface_0
f 2164/2164 2162/2162 2161/2161
usemtl Surface_0
f 2163/2163 2162/2162 2164/2164
usemtl Surface_0
f 2168/2168 2166/2166 2165/2165
usemtl Surface_0
f 2167/2167 2166/2166 2168/2168
usemtl Surface_0
f 2172/2172 2170/2170 2169/2169
usemtl Surface_0
f 2171/2171 2170/2170 2172/2172
usemtl Surface_0
f 2176/2176 2174/2174 2173/2173
usemtl Surface_0
f 2175/2175 2174/2174 2176/2176
usemtl Surface_0
f 2180/2180 2178/2178 2177/2177
usemtl Surface_0
f 2179/2179 2178/2178 2180/2180
usemtl Surface_0
f 2184/2184 2182/2182 2181/2181
usemtl Surface_0
f 2183/2183 2182/2182 2184/2184
usemtl Surface_0
f 2188/2188 2186/2186 2185/2185
usemtl Surface_0
f 2187/2187 2186/2186 2188/2188
usemtl Surface_0
f 2192/2192 2190/2190 2189/2189
usemtl Surface_0
f 2191/2191 2190/2190 2192/2192
usemtl Surface_0
f 2196/2196 2194/2194 2193/2193
usemtl Surface_0
f 2195/2195 2194/2194 2196/2196
usemtl Surface_0
f 2200/2200 2198/2198 2197/2197
usemtl Surface_0
f 2199/2199 2198/2198 2200/2200
usemtl Surface_0
f 2204/2204 2202/2202 2201/2201
usemtl Surface_0
f 2203/2203 2202/2202 2204/2204
usemtl Surface_0
f 2208/2208 2206/2206 2205/2205
usemtl Surface_0
f 2207/2207 2206/2206 2208/2208
usemtl Surface_0
f 2212/2212 2210/2210 2209/2209
usemtl Surface_0
f 2211/2211 2210/2210 2212/2212
usemtl Surface_0
f 2216/2216 2214/2214 2213/2213
usemtl Surface_0
f 2215/2215 2214/2214 2216/2216
usemtl Surface_0
f 2220/2220 2218/2218 2217/2217
usemtl Surface_0
f 2219/2219 2218/2218 2220/2220
usemtl Surface_0
f 2224/2224 2222/2222 2221/2221
usemtl Surface_0
f 2223/2223 2222/2222 2224/2224
usemtl Surface_0
f 2228/2228 2226/2226 2225/2225
usemtl Surface_0
f 2227/2227 2226/2226 2228/2228
usemtl Surface_0
f 2232/2232 2230/2230 2229/2229
usemtl Surface_0
f 2231/2231 2230/2230 2232/2232
usemtl Surface_0
f 2236/2236 2234/2234 2233/2233
usemtl Surface_0
f 2235/2235 2234/2234 2236/2236
usemtl Surface_0
f 2240/2240 2238/2238 2237/2237
usemtl Surface_0
f 2239/2239 2238/2238 2240/2240
usemtl Surface_0
f 2244/2244 2242/2242 2241/2241
usemtl Surface_0
f 2243/2243 2242/2242 2244/2244
usemtl Surface_0
f 2248/2248 2246/2246 2245/2245
usemtl Surface_0
f 2247/2247 2246/2246 2248/2248
usemtl Surface_0
f 2252/2252 2250/2250 2249/2249
usemtl Surface_0
f 2251/2251 2250/2250 2252/2252
usemtl Surface_0
f 2256/2256 2254/2254 2253/2253
usemtl Surface_0
f 2255/2255 2254/2254 2256/2256
usemtl Surface_0
f 2260/2260 2258/2258 2257/2257
usemtl Surface_0
f 2259/2259 2258/2258 2260/2260
usemtl Surface_0
f 2264/2264 2262/2262 2261/2261
usemtl Surface_0
f 2263/2263 2262/2262 2264/2264
usemtl Surface_0
f 2268/2268 2266/2266 2265/2265
usemtl Surface_0
f 2267/2267 2266/2266 2268/2268
usemtl Surface_0
f 2272/2272 2270/2270 2269/2269
usemtl Surface_0
f 2271/2271 2270/2270 2272/2272
usemtl Surface_0
f 2276/2276 2274/2274 2273/2273
usemtl Surface_0
f 2275/2275 2274/2274 2276/2276
usemtl Surface_0
f 2280/2280 2278/2278 2277/2277
usemtl Surface_0
f 2279/2279 2278/2278 2280/2280
usemtl Surface_0
f 2284/2284 2282/2282 2281/2281
usemtl Surface_0
f 2283/2283 2282/2282 2284/2284
usemtl Surface_0
f 2288/2288 2286/2286 2285/2285
usemtl Surface_0
f 2287/2287 2286/2286 2288/2288
usemtl Surface_0
f 2292/2292 2290/2290 2289/2289
usemtl Surface_0
f 2291/2291 2290/2290 2292/2292
usemtl Surface_0
f 2296/2296 2294/2294 2293/2293
usemtl Surface_0
f 2295/2295 2294/2294 2296/2296
usemtl Surface_0
f 2300/2300 2298/2298 2297/2297
usemtl Surface_0
f 2299/2299 2298/2298 2300/2300
usemtl Surface_0
f 2304/2304 2302/2302 2301/2301
usemtl Surface_0
f 2303/2303 2302/2302 2304/2304
usemtl Surface_0
f 2308/2308 2306/2306 2305/2305
usemtl Surface_0
f 2307/2307 2306/2306 2308/2308
usemtl Surface_0
f 2312/2312 2310/2310 2309/2309
usemtl Surface_0
f 2311/2311 2310/2310 2312/2312
usemtl Surface_0
f 2316/2316 2314/2314 2313/2313
usemtl Surface_0
f 2315/2315 2314/2314 2316/2316
usemtl Surface_0
f 2320/2320 2318/2318 2317/2317
usemtl Surface_0
f 2319/2319 2318/2318 2320/2320
usemtl Surface_0
f 2324/2324 2322/2322 2321/2321
usemtl Surface_0
f 2323/2323 2322/2322 2324/2324
usemtl Surface_0
f 2328/2328 2326/2326 2325/2325
usemtl Surface_0
f 2327/2327 2326/2326 2328/2328
usemtl Surface_0
f 2332/2332 2330/2330 2329/2329
usemtl Surface_0
f 2331/2331 2330/2330 2332/2332
usemtl Surface_0
f 2336/2336 2334/2334 2333/2333
usemtl Surface_0
f 2335/2335 2334/2334 2336/2336
usemtl Surface_0
f 2340/2340 2338/2338 2337/2337
usemtl Surface_0
f 2339/2339 2338/2338 2340/2340
usemtl Surface_0
f 2344/2344 2342/2342 2341/2341
usemtl Surface_0
f 2343/2343 2342/2342 2344/2344
usemtl Surface_0
f 2348/2348 2346/2346 2345/2345
usemtl Surface_0
f 2347/2347 2346/2346 2348/2348
usemtl Surface_0
f 2352/2352 2350/2350 2349/2349
usemtl Surface_0
f 2351/2351 2350/2350 2352/2352
usemtl Surface_0
f 2356/2356 2354/2354 2353/2353
usemtl Surface_0
f 2355/2355 2354/2354 2356/2356
usemtl Surface_0
f 2360/2360 2358/2358 2357/2357
usemtl Surface_0
f 2359/2359 2358/2358 2360/2360
usemtl Surface_0
f 2364/2364 2362/2362 2361/2361
usemtl Surface_0
f 2363/2363 2362/2362 2364/2364
usemtl Surface_0
f 2368/2368 2366/2366 2365/2365
usemtl Surface_0
f 2367/2367 2366/2366 2368/2368
usemtl Surface_0
f 2372/2372 2370/2370 2369/2369
usemtl Surface_0
f 2371/2371 2370/2370 2372/2372
usemtl Surface_0
f 2376/2376 2374/2374 2373/2373
usemtl Surface_0
f 2375/2375 2374/2374 2376/2376
usemtl Surface_0
f 2380/2380 2378/2378 2377/2377
usemtl Surface_0
f 2379/2379 2378/2378 2380/2380
usemtl Surface_0
f 2384/2384 2382/2382 2381/2381
usemtl Surface_0
f 2383/2383 2382/2382 2384/2384
usemtl Surface_0
f 2388/2388 2386/2386 2385/2385
usemtl Surface_0
f 2387/2387 2386/2386 2388/2388
usemtl Surface_0
f 2392/2392 2390/2390 2389/2389
usemtl Surface_0
f 2391/2391 2390/2390 2392/2392
usemtl Surface_0
f 2396/2396 2394/2394 2393/2393
usemtl Surface_0
f 2395/2395 2394/2394 2396/2396
usemtl Surface_0
f 2400/2400 2398/2398 2397/2397
usemtl Surface_0
f 2399/2399 2398/2398 2400/2400
usemtl Surface_0
f 2404/2404 2402/2402 2401/2401
usemtl Surface_0
f 2403/2403 2402/2402 2404/2404
usemtl Surface_0
f 2408/2408 2406/2406 2405/2405
usemtl Surface_0
f 2407/2407 2406/2406 2408/2408
usemtl Surface_0
f 2412/2412 2410/2410 2409/2409
usemtl Surface_0
f 2411/2411 2410/2410 2412/2412
usemtl Surface_0
f 2416/2416 2414/2414 2413/2413
usemtl Surface_0
f 2415/2415 2414/2414 2416/2416
usemtl Surface_0
f 2420/2420 2418/2418 2417/2417
usemtl Surface_0
f 2419/2419 2418/2418 2420/2420
usemtl Surface_0
f 2424/2424 2422/2422 2421/2421
usemtl Surface_0
f 2423/2423 2422/2422 2424/2424
usemtl Surface_0
f 2428/2428 2426/2426 2425/2425
usemtl Surface_0
f 2427/2427 2426/2426 2428/2428
usemtl Surface_0
f 2432/2432 2430/2430 2429/2429
usemtl Surface_0
f 2431/2431 2430/2430 2432/2432
usemtl Surface_0
f 2436/2436 2434/2434 2433/2433
usemtl Surface_0
f 2435/2435 2434/2434 2436/2436
usemtl Surface_0
f 2440/2440 2438/2438 2437/2437
usemtl Surface_0
f 2439/2439 2438/2438 2440/2440
usemtl Surface_0
f 2444/2444 2442/2442 2441/2441
usemtl Surface_0
f 2443/2443 2442/2442 2444/2444
usemtl Surface_0
f 2448/2448 2446/2446 2445/2445
usemtl Surface_0
f 2447/2447 2446/2446 2448/2448
usemtl Surface_0
f 2452/2452 2450/2450 2449/2449
usemtl Surface_0
f 2451/2451 2450/2450 2452/2452
usemtl Surface_0
f 2456/2456 2454/2454 2453/2453
usemtl Surface_0
f 2455/2455 2454/2454 2456/2456
usemtl Surface_0
f 2460/2460 2458/2458 2457/2457
usemtl Surface_0
f 2459/2459 2458/2458 2460/2460
usemtl Surface_0
f 2464/2464 2462/2462 2461/2461
usemtl Surface_0
f 2463/2463 2462/2462 2464/2464
usemtl Surface_0
f 2468/2468 2466/2466 2465/2465
usemtl Surface_0
f 2467/2467 2466/2466 2468/2468
usemtl Surface_0
f 2472/2472 2470/2470 2469/2469
usemtl Surface_0
f 2471/2471 2470/2470 2472/2472
usemtl Surface_0
f 2476/2476 2474/2474 2473/2473
usemtl Surface_0
f 2475/2475 2474/2474 2476/2476
usemtl Surface_0
f 2480/2480 2478/2478 2477/2477
usemtl Surface_0
f 2479/2479 2478/2478 2480/2480
usemtl Surface_0
f 2484/2484 2482/2482 2481/2481
usemtl Surface_0
f 2483/2483 2482/2482 2484/2484
usemtl Surface_0
f 2488/2488 2486/2486 2485/2485
usemtl Surface_0
f 2487/2487 2486/2486 2488/2488
usemtl Surface_0
f 2492/2492 2490/2490 2489/2489
usemtl Surface_0
f 2491/2491 2490/2490 2492/2492
usemtl Surface_0
f 2496/2496 2494/2494 2493/2493
usemtl Surface_0
f 2495/2495 2494/2494 2496/2496
usemtl Surface_0
f 2500/2500 2498/2498 2497/2497
usemtl Surface_0
f 2499/2499 2498/2498 2500/2500
usemtl Surface_0
f 2504/2504 2502/2502 2501/2501
usemtl Surface_0
f 2503/2503 2502/2502 2504/2504
usemtl Surface_0
f 2508/2508 2506/2506 2505/2505
usemtl Surface_0
f 2507/2507 2506/2506 2508/2508
usemtl Surface_0
f 2512/2512 2510/2510 2509/2509
usemtl Surface_0
f 2511/2511 2510/2510 2512/2512
usemtl Surface_0
f 2516/2516 2514/2514 2513/2513
usemtl Surface_0
f 2515/2515 2514/2514 2516/2516
usemtl Surface_0
f 2520/2520 2518/2518 2517/2517
usemtl Surface_0
f 2519/2519 2518/2518 2520/2520
usemtl Surface_0
f 2524/2524 2522/2522 2521/2521
usemtl Surface_0
f 2523/2523 2522/2522 2524/2524
usemtl Surface_0
f 2528/2528 2526/2526 2525/2525
usemtl Surface_0
f 2527/2527 2526/2526 2528/2528
usemtl Surface_0
f 2532/2532 2530/2530 2529/2529
usemtl Surface_0
f 2531/2531 2530/2530 2532/2532
usemtl Surface_0
f 2536/2536 2534/2534 2533/2533
usemtl Surface_0
f 2535/2535 2534/2534 2536/2536
usemtl Surface_0
f 2540/2540 2538/2538 2537/2537
usemtl Surface_0
f 2539/2539 2538/2538 2540/2540
usemtl Surface_0
f 2544/2544 2542/2542 2541/2541
usemtl Surface_0
f 2543/2543 2542/2542 2544/2544
usemtl Surface_0
f 2548/2548 2546/2546 2545/2545
usemtl Surface_0
f 2547/2547 2546/2546 2548/2548
usemtl Surface_0
f 2552/2552 2550/2550 2549/2549
usemtl Surface_0
f 2551/2551 2550/2550 2552/2552
usemtl Surface_0
f 2556/2556 2554/2554 2553/2553
usemtl Surface_0
f 2555/2555 2554/2554 2556/2556
usemtl Surface_0
f 2560/2560 2558/2558 2557/2557
usemtl Surface_0
f 2559/2559 2558/2558 2560/2560
usemtl Surface_0
f 2564/2564 2562/2562 2561/2561
usemtl Surface_0
f 2563/2563 2562/2562 2564/2564
usemtl Surface_0
f 2568/2568 2566/2566 2565/2565
usemtl Surface_0
f 2567/2567 2566/2566 2568/2568
usemtl Surface_0
f 2572/2572 2570/2570 2569/2569
usemtl Surface_0
f 2571/2571 2570/2570 2572/2572
usemtl Surface_0
f 2576/2576 2574/2574 2573/2573
usemtl Surface_0
f 2575/2575 2574/2574 2576/2576
usemtl Surface_0
f 2580/2580 2578/2578 2577/2577
usemtl Surface_0
f 2579/2579 2578/2578 2580/2580
usemtl Surface_0
f 2584/2584 2582/2582 2581/2581
usemtl Surface_0
f 2583/2583 2582/2582 2584/2584
usemtl Surface_0
f 2588/2588 2586/2586 2585/2585
usemtl Surface_0
f 2587/2587 2586/2586 2588/2588
usemtl Surface_0
f 2592/2592 2590/2590 2589/2589
usemtl Surface_0
f 2591/2591 2590/2590 2592/2592
usemtl Surface_0
f 2596/2596 2594/2594 2593/2593
usemtl Surface_0
f 2595/2595 2594/2594 2596/2596
usemtl Surface_0
f 2600/2600 2598/2598 2597/2597
usemtl Surface_0
f 2599/2599 2598/2598 2600/2600
usemtl Surface_0
f 2604/2604 2602/2602 2601/2601
usemtl Surface_0
f 2603/2603 2602/2602 2604/2604
usemtl Surface_0
f 2608/2608 2606/2606 2605/2605
usemtl Surface_0
f 2607/2607 2606/2606 2608/2608
usemtl Surface_0
f 2612/2612 2610/2610 2609/2609
usemtl Surface_0
f 2611/2611 2610/2610 2612/2612
usemtl Surface_0
f 2616/2616 2614/2614 2613/2613
usemtl Surface_0
f 2615/2615 2614/2614 2616/2616
usemtl Surface_0
f 2620/2620 2618/2618 2617/2617
usemtl Surface_0
f 2619/2619 2618/2618 2620/2620
usemtl Surface_0
f 2624/2624 2622/2622 2621/2621
usemtl Surface_0
f 2623/2623 2622/2622 2624/2624
usemtl Surface_0
f 2628/2628 2626/2626 2625/2625
usemtl Surface_0
f 2627/2627 2626/2626 2628/2628
usemtl Surface_0
f 2632/2632 2630/2630 2629/2629
usemtl Surface_0
f 2631/2631 2630/2630 2632/2632
usemtl Surface_0
f 2636/2636 2634/2634 2633/2633
usemtl Surface_0
f 2635/2635 2634/2634 2636/2636
usemtl Surface_0
f 2640/2640 2638/2638 2637/2637
usemtl Surface_0
f 2639/2639 2638/2638 2640/2640
usemtl Surface_0
f 2644/2644 2642/2642 2641/2641
usemtl Surface_0
f 2643/2643 2642/2642 2644/2644
usemtl Surface_0
f 2648/2648 2646/2646 2645/2645
usemtl Surface_0
f 2647/2647 2646/2646 2648/2648
usemtl Surface_0
f 2652/2652 2650/2650 2649/2649
usemtl Surface_0
f 2651/2651 2650/2650 2652/2652
usemtl Surface_0
f 2656/2656 2654/2654 2653/2653
usemtl Surface_0
f 2655/2655 2654/2654 2656/2656
usemtl Surface_0
f 2660/2660 2658/2658 2657/2657
usemtl Surface_0
f 2659/2659 2658/2658 2660/2660
usemtl Surface_0
f 2664/2664 2662/2662 2661/2661
usemtl Surface_0
f 2663/2663 2662/2662 2664/2664
usemtl Surface_0
f 2668/2668 2666/2666 2665/2665
usemtl Surface_0
f 2667/2667 2666/2666 2668/2668
usemtl Surface_0
f 2672/2672 2670/2670 2669/2669
usemtl Surface_0
f 2671/2671 2670/2670 2672/2672
usemtl Surface_0
f 2676/2676 2674/2674 2673/2673
usemtl Surface_0
f 2675/2675 2674/2674 2676/2676
usemtl Surface_0
f 2680/2680 2678/2678 2677/2677
usemtl Surface_0
f 2679/2679 2678/2678 2680/2680
usemtl Surface_0
f 2684/2684 2682/2682 2681/2681
usemtl Surface_0
f 2683/2683 2682/2682 2684/2684
usemtl Surface_0
f 2688/2688 2686/2686 2685/2685
usemtl Surface_0
f 2687/2687 2686/2686 2688/2688
usemtl Surface_0
f 2692/2692 2690/2690 2689/2689
usemtl Surface_0
f 2691/2691 2690/2690 2692/2692
usemtl Surface_0
f 2696/2696 2694/2694 2693/2693
usemtl Surface_0
f 2695/2695 2694/2694 2696/2696
usemtl Surface_0
f 2700/2700 2698/2698 2697/2697
usemtl Surface_0
f 2699/2699 2698/2698 2700/2700
usemtl Surface_0
f 2704/2704 2702/2702 2701/2701
usemtl Surface_0
f 2703/2703 2702/2702 2704/2704
usemtl Surface_0
f 2708/2708 2706/2706 2705/2705
usemtl Surface_0
f 2707/2707 2706/2706 2708/2708
usemtl Surface_0
f 2712/2712 2710/2710 2709/2709
usemtl Surface_0
f 2711/2711 2710/2710 2712/2712
usemtl Surface_0
f 2716/2716 2714/2714 2713/2713
usemtl Surface_0
f 2715/2715 2714/2714 2716/2716
usemtl Surface_0
f 2720/2720 2718/2718 2717/2717
usemtl Surface_0
f 2719/2719 2718/2718 2720/2720
usemtl Surface_0
f 2724/2724 2722/2722 2721/2721
usemtl Surface_0
f 2723/2723 2722/2722 2724/2724
usemtl Surface_0
f 2728/2728 2726/2726 2725/2725
usemtl Surface_0
f 2727/2727 2726/2726 2728/2728
usemtl Surface_0
f 2732/2732 2730/2730 2729/2729
usemtl Surface_0
f 2731/2731 2730/2730 2732/2732
usemtl Surface_0
f 2736/2736 2734/2734 2733/2733
usemtl Surface_0
f 2735/2735 2734/2734 2736/2736
usemtl Surface_0
f 2740/2740 2738/2738 2737/2737
usemtl Surface_0
f 2739/2739 2738/2738 2740/2740
usemtl Surface_0
f 2744/2744 2742/2742 2741/2741
usemtl Surface_0
f 2743/2743 2742/2742 2744/2744
usemtl Surface_0
f 2748/2748 2746/2746 2745/2745
usemtl Surface_0
f 2747/2747 2746/2746 2748/2748
usemtl Surface_0
f 2752/2752 2750/2750 2749/2749
usemtl Surface_0
f 2751/2751 2750/2750 2752/2752
usemtl Surface_0
f 2756/2756 2754/2754 2753/2753
usemtl Surface_0
f 2755/2755 2754/2754 2756/2756
usemtl Surface_0
f 2760/2760 2758/2758 2757/2757
usemtl Surface_0
f 2759/2759 2758/2758 2760/2760
usemtl Surface_0
f 2764/2764 2762/2762 2761/2761
usemtl Surface_0
f 2763/2763 2762/2762 2764/2764
usemtl Surface_0
f 2768/2768 2766/2766 2765/2765
usemtl Surface_0
f 2767/2767 2766/2766 2768/2768
usemtl Surface_0
f 2772/2772 2770/2770 2769/2769
usemtl Surface_0
f 2771/2771 2770/2770 2772/2772
usemtl Surface_0
f 2776/2776 2774/2774 2773/2773
usemtl Surface_0
f 2775/2775 2774/2774 2776/2776
usemtl Surface_0
f 2780/2780 2778/2778 2777/2777
usemtl Surface_0
f 2779/2779 2778/2778 2780/2780
usemtl Surface_0
f 2784/2784 2782/2782 2781/2781
usemtl Surface_0
f 2783/2783 2782/2782 2784/2784
usemtl Surface_0
f 2788/2788 2786/2786 2785/2785
usemtl Surface_0
f 2787/2787 2786/2786 2788/2788
usemtl Surface_0
f 2792/2792 2790/2790 2789/2789
usemtl Surface_0
f 2791/2791 2790/2790 2792/2792
usemtl Surface_0
f 2796/2796 2794/2794 2793/2793
usemtl Surface_0
f 2795/2795 2794/2794 2796/2796
usemtl Surface_0
f 2800/2800 2798/2798 2797/2797
usemtl Surface_0
f 2799/2799 2798/2798 2800/2800
usemtl Surface_0
f 2804/2804 2802/2802 2801/2801
usemtl Surface_0
f 2803/2803 2802/2802 2804/2804
usemtl Surface_0
f 2808/2808 2806/2806 2805/2805
usemtl Surface_0
f 2807/2807 2806/2806 2808/2808
usemtl Surface_0
f 2812/2812 2810/2810 2809/2809
usemtl Surface_0
f 2811/2811 2810/2810 2812/2812
usemtl Surface_0
f 2816/2816 2814/2814 2813/2813
usemtl Surface_0
f 2815/2815 2814/2814 2816/2816
usemtl Surface_0
f 2820/2820 2818/2818 2817/2817
usemtl Surface_0
f 2819/2819 2818/2818 2820/2820
usemtl Surface_0
f 2824/2824 2822/2822 2821/2821
usemtl Surface_0
f 2823/2823 2822/2822 2824/2824
usemtl Surface_0
f 2828/2828 2826/2826 2825/2825
usemtl Surface_0
f 2827/2827 2826/2826 2828/2828
usemtl Surface_0
f 2832/2832 2830/2830 2829/2829
usemtl Surface_0
f 2831/2831 2830/2830 2832/2832
usemtl Surface_0
f 2836/2836 2834/2834 2833/2833
usemtl Surface_0
f 2835/2835 2834/2834 2836/2836
usemtl Surface_0
f 2840/2840 2838/2838 2837/2837
usemtl Surface_0
f 2839/2839 2838/2838 2840/2840
usemtl Surface_0
f 2844/2844 2842/2842 2841/2841
usemtl Surface_0
f 2843/2843 2842/2842 2844/2844
usemtl Surface_0
f 2848/2848 2846/2846 2845/2845
usemtl Surface_0
f 2847/2847 2846/2846 2848/2848
usemtl Surface_0
f 2852/2852 2850/2850 2849/2849
usemtl Surface_0
f 2851/2851 2850/2850 2852/2852
usemtl Surface_0
f 2856/2856 2854/2854 2853/2853
usemtl Surface_0
f 2855/2855 2854/2854 2856/2856
usemtl Surface_0
f 2860/2860 2858/2858 2857/2857
usemtl Surface_0
f 2859/2859 2858/2858 2860/2860
usemtl Surface_0
f 2864/2864 2862/2862 2861/2861
usemtl Surface_0
f 2863/2863 2862/2862 2864/2864
usemtl Surface_0
f 2868/2868 2866/2866 2865/2865
usemtl Surface_0
f 2867/2867 2866/2866 2868/2868
usemtl Surface_0
f 2872/2872 2870/2870 2869/2869
usemtl Surface_0
f 2871/2871 2870/2870 2872/2872
usemtl Surface_0
f 2876/2876 2874/2874 2873/2873
usemtl Surface_0
f 2875/2875 2874/2874 2876/2876
usemtl Surface_0
f 2880/2880 2878/2878 2877/2877
usemtl Surface_0
f 2879/2879 2878/2878 2880/2880
usemtl Surface_0
f 2884/2884 2882/2882 2881/2881
usemtl Surface_0
f 2883/2883 2882/2882 2884/2884
usemtl Surface_0
f 2888/2888 2886/2886 2885/2885
usemtl Surface_0
f 2887/2887 2886/2886 2888/2888
usemtl Surface_0
f 2892/2892 2890/2890 2889/2889
usemtl Surface_0
f 2891/2891 2890/2890 2892/2892
usemtl Surface_0
f 2896/2896 2894/2894 2893/2893
usemtl Surface_0
f 2895/2895 2894/2894 2896/2896
usemtl Surface_0
f 2900/2900 2898/2898 2897/2897
usemtl Surface_0
f 2899/2899 2898/2898 2900/2900
usemtl Surface_0
f 2904/2904 2902/2902 2901/2901
usemtl Surface_0
f 2903/2903 2902/2902 2904/2904
usemtl Surface_0
f 2908/2908 2906/2906 2905/2905
usemtl Surface_0
f 2907/2907 2906/2906 2908/2908
usemtl Surface_0
f 2912/2912 2910/2910 2909/2909
usemtl Surface_0
f 2911/2911 2910/2910 2912/2912
usemtl Surface_0
f 2916/2916 2914/2914 2913/2913
usemtl Surface_0
f 2915/2915 2914/2914 2916/2916
usemtl Surface_0
f 2920/2920 2918/2918 2917/2917
usemtl Surface_0
f 2919/2919 2918/2918 2920/2920
usemtl Surface_0
f 2924/2924 2922/2922 2921/2921
usemtl Surface_0
f 2923/2923 2922/2922 2924/2924
usemtl Surface_0
f 2928/2928 2926/2926 2925/2925
usemtl Surface_0
f 2927/2927 2926/2926 2928/2928
usemtl Surface_0
f 2932/2932 2930/2930 2929/2929
usemtl Surface_0
f 2931/2931 2930/2930 2932/2932
usemtl Surface_0
f 2936/2936 2934/2934 2933/2933
usemtl Surface_0
f 2935/2935 2934/2934 2936/2936
usemtl Surface_0
f 2940/2940 2938/2938 2937/2937
usemtl Surface_0
f 2939/2939 2938/2938 2940/2940
usemtl Surface_0
f 2944/2944 2942/2942 2941/2941
usemtl Surface_0
f 2943/2943 2942/2942 2944/2944
usemtl Surface_0
f 2948/2948 2946/2946 2945/2945
usemtl Surface_0
f 2947/2947 2946/2946 2948/2948
usemtl Surface_0
f 2952/2952 2950/2950 2949/2949
usemtl Surface_0
f 2951/2951 2950/2950 2952/2952
usemtl Surface_0
f 2956/2956 2954/2954 2953/2953
usemtl Surface_0
f 2955/2955 2954/2954 2956/2956
usemtl Surface_0
f 2960/2960 2958/2958 2957/2957
usemtl Surface_0
f 2959/2959 2958/2958 2960/2960
usemtl Surface_0
f 2964/2964 2962/2962 2961/2961
usemtl Surface_0
f 2963/2963 2962/2962 2964/2964
usemtl Surface_0
f 2968/2968 2966/2966 2965/2965
usemtl Surface_0
f 2967/2967 2966/2966 2968/2968
usemtl Surface_0
f 2972/2972 2970/2970 2969/2969
usemtl Surface_0
f 2971/2971 2970/2970 2972/2972
usemtl Surface_0
f 2976/2976 2974/2974 2973/2973
usemtl Surface_0
f 2975/2975 2974/2974 2976/2976
usemtl Surface_0
f 2980/2980 2978/2978 2977/2977
usemtl Surface_0
f 2979/2979 2978/2978 2980/2980
usemtl Surface_0
f 2984/2984 2982/2982 2981/2981
usemtl Surface_0
f 2983/2983 2982/2982 2984/2984
usemtl Surface_0
f 2988/2988 2986/2986 2985/2985
usemtl Surface_0
f 2987/2987 2986/2986 2988/2988
usemtl Surface_0
f 2992/2992 2990/2990 2989/2989
usemtl Surface_0
f 2991/2991 2990/2990 2992/2992
usemtl Surface_0
f 2996/2996 2994/2994 2993/2993
usemtl Surface_0
f 2995/2995 2994/2994 2996/2996
usemtl Surface_0
f 3000/3000 2998/2998 2997/2997
usemtl Surface_0
f 2999/2999 2998/2998 3000/3000
usemtl Surface_0
f 3004/3004 3002/3002 3001/3001
usemtl Surface_0
f 3003/3003 3002/3002 3004/3004
usemtl Surface_0
f 3008/3008 3006/3006 3005/3005
usemtl Surface_0
f 3007/3007 3006/3006 3008/3008
usemtl Surface_0
f 3012/3012 3010/3010 3009/3009
usemtl Surface_0
f 3011/3011 3010/3010 3012/3012
usemtl Surface_0
f 3016/3016 3014/3014 3013/3013
usemtl Surface_0
f 3015/3015 3014/3014 3016/3016
usemtl Surface_0
f 3020/3020 3018/3018 3017/3017
usemtl Surface_0
f 3019/3019 3018/3018 3020/3020
usemtl Surface_0
f 3024/3024 3022/3022 3021/3021
usemtl Surface_0
f 3023/3023 3022/3022 3024/3024
usemtl Surface_0
f 3028/3028 3026/3026 3025/3025
usemtl Surface_0
f 3027/3027 3026/3026 3028/3028
usemtl Surface_0
f 3032/3032 3030/3030 3029/3029
usemtl Surface_0
f 3031/3031 3030/3030 3032/3032
usemtl Surface_0
f 3036/3036 3034/3034 3033/3033
usemtl Surface_0
f 3035/3035 3034/3034 3036/3036
usemtl Surface_0
f 3040/3040 3038/3038 3037/3037
usemtl Surface_0
f 3039/3039 3038/3038 3040/3040
usemtl Surface_0
f 3044/3044 3042/3042 3041/3041
usemtl Surface_0
f 3043/3043 3042/3042 3044/3044
usemtl Surface_0
f 3048/3048 3046/3046 3045/3045
usemtl Surface_0
f 3047/3047 3046/3046 3048/3048
usemtl Surface_0
f 3052/3052 3050/3050 3049/3049
usemtl Surface_0
f 3051/3051 3050/3050 3052/3052
usemtl Surface_0
f 3056/3056 3054/3054 3053/3053
usemtl Surface_0
f 3055/3055 3054/3054 3056/3056
usemtl Surface_0
f 3060/3060 3058/3058 3057/3057
usemtl Surface_0
f 3059/3059 3058/3058 3060/3060
usemtl Surface_0
f 3064/3064 3062/3062 3061/3061
usemtl Surface_0
f 3063/3063 3062/3062 3064/3064
usemtl Surface_0
f 3068/3068 3066/3066 3065/3065
usemtl Surface_0
f 3067/3067 3066/3066 3068/3068
usemtl Surface_0
f 3072/3072 3070/3070 3069/3069
usemtl Surface_0
f 3071/3071 3070/3070 3072/3072
usemtl Surface_0
f 3076/3076 3074/3074 3073/3073
usemtl Surface_0
f 3075/3075 3074/3074 3076/3076
usemtl Surface_0
f 3080/3080 3078/3078 3077/3077
usemtl Surface_0
f 3079/3079 3078/3078 3080/3080
usemtl Surface_0
f 3084/3084 3082/3082 3081/3081
usemtl Surface_0
f 3083/3083 3082/3082 3084/3084
usemtl Surface_0
f 3088/3088 3086/3086 3085/3085
usemtl Surface_0
f 3087/3087 3086/3086 3088/3088
usemtl Surface_0
f 3092/3092 3090/3090 3089/3089
usemtl Surface_0
f 3091/3091 3090/3090 3092/3092
usemtl Surface_0
f 3096/3096 3094/3094 3093/3093
usemtl Surface_0
f 3095/3095 3094/3094 3096/3096
usemtl Surface_0
f 3100/3100 3098/3098 3097/3097
usemtl Surface_0
f 3099/3099 3098/3098 3100/3100
usemtl Surface_0
f 3104/3104 3102/3102 3101/3101
usemtl Surface_0
f 3103/3103 3102/3102 3104/3104
usemtl Surface_0
f 3108/3108 3106/3106 3105/3105
usemtl Surface_0
f 3107/3107 3106/3106 3108/3108
usemtl Surface_0
f 3112/3112 3110/3110 3109/3109
usemtl Surface_0
f 3111/3111 3110/3110 3112/3112
usemtl Surface_0
f 3116/3116 3114/3114 3113/3113
usemtl Surface_0
f 3115/3115 3114/3114 3116/3116
usemtl Surface_0
f 3120/3120 3118/3118 3117/3117
usemtl Surface_0
f 3119/3119 3118/3118 3120/3120
usemtl Surface_0
f 3124/3124 3122/3122 3121/3121
usemtl Surface_0
f 3123/3123 3122/3122 3124/3124
usemtl Surface_0
f 3128/3128 3126/3126 3125/3125
usemtl Surface_0
f 3127/3127 3126/3126 3128/3128
usemtl Surface_0
f 3132/3132 3130/3130 3129/3129
usemtl Surface_0
f 3131/3131 3130/3130 3132/3132
usemtl Surface_0
f 3136/3136 3134/3134 3133/3133
usemtl Surface_0
f 3135/3135 3134/3134 3136/3136
usemtl Surface_0
f 3140/3140 3138/3138 3137/3137
usemtl Surface_0
f 3139/3139 3138/3138 3140/3140
usemtl Surface_0
f 3144/3144 3142/3142 3141/3141
usemtl Surface_0
f 3143/3143 3142/3142 3144/3144
usemtl Surface_0
f 3148/3148 3146/3146 3145/3145
usemtl Surface_0
f 3147/3147 3146/3146 3148/3148
usemtl Surface_0
f 3152/3152 3150/3150 3149/3149
usemtl Surface_0
f 3151/3151 3150/3150 3152/3152
usemtl Surface_0
f 3156/3156 3154/3154 3153/3153
usemtl Surface_0
f 3155/3155 3154/3154 3156/3156
usemtl Surface_0
f 3160/3160 3158/3158 3157/3157
usemtl Surface_0
f 3159/3159 3158/3158 3160/3160
usemtl Surface_0
f 3164/3164 3162/3162 3161/3161
usemtl Surface_0
f 3163/3163 3162/3162 3164/3164
usemtl Surface_0
f 3168/3168 3166/3166 3165/3165
usemtl Surface_0
f 3167/3167 3166/3166 3168/3168
usemtl Surface_0
f 3172/3172 3170/3170 3169/3169
usemtl Surface_0
f 3171/3171 3170/3170 3172/3172
usemtl Surface_0
f 3176/3176 3174/3174 3173/3173
usemtl Surface_0
f 3175/3175 3174/3174 3176/3176
usemtl Surface_0
f 3180/3180 3178/3178 3177/3177
usemtl Surface_0
f 3179/3179 3178/3178 3180/3180
usemtl Surface_0
f 3184/3184 3182/3182 3181/3181
usemtl Surface_0
f 3183/3183 3182/3182 3184/3184
usemtl Surface_0
f 3188/3188 3186/3186 3185/3185
usemtl Surface_0
f 3187/3187 3186/3186 3188/3188
usemtl Surface_0
f 3192/3192 3190/3190 3189/3189
usemtl Surface_0
f 3191/3191 3190/3190 3192/3192
usemtl Surface_0
f 3196/3196 3194/3194 3193/3193
usemtl Surface_0
f 3195/3195 3194/3194 3196/3196
usemtl Surface_0
f 3200/3200 3198/3198 3197/3197
usemtl Surface_0
f 3199/3199 3198/3198 3200/3200
usemtl Surface_0
f 3204/3204 3202/3202 3201/3201
usemtl Surface_0
f 3203/3203 3202/3202 3204/3204
usemtl Surface_0
f 3208/3208 3206/3206 3205/3205
usemtl Surface_0
f 3207/3207 3206/3206 3208/3208
usemtl Surface_0
f 3212/3212 3210/3210 3209/3209
usemtl Surface_0
f 3211/3211 3210/3210 3212/3212
usemtl Surface_0
f 3216/3216 3214/3214 3213/3213
usemtl Surface_0
f 3215/3215 3214/3214 3216/3216
usemtl Surface_0
f 3220/3220 3218/3218 3217/3217
usemtl Surface_0
f 3219/3219 3218/3218 3220/3220
usemtl Surface_0
f 3224/3224 3222/3222 3221/3221
usemtl Surface_0
f 3223/3223 3222/3222 3224/3224
usemtl Surface_0
f 3228/3228 3226/3226 3225/3225
usemtl Surface_0
f 3227/3227 3226/3226 3228/3228
usemtl Surface_0
f 3232/3232 3230/3230 3229/3229
usemtl Surface_0
f 3231/3231 3230/3230 3232/3232
usemtl Surface_0
f 3236/3236 3234/3234 3233/3233
usemtl Surface_0
f 3235/3235 3234/3234 3236/3236
usemtl Surface_0
f 3240/3240 3238/3238 3237/3237
usemtl Surface_0
f 3239/3239 3238/3238 3240/3240
usemtl Surface_0
f 3244/3244 3242/3242 3241/3241
usemtl Surface_0
f 3243/3243 3242/3242 3244/3244
usemtl Surface_0
f 3248/3248 3246/3246 3245/3245
usemtl Surface_0
f 3247/3247 3246/3246 3248/3248
usemtl Surface_0
f 3252/3252 3250/3250 3249/3249
usemtl Surface_0
f 3251/3251 3250/3250 3252/3252
usemtl Surface_0
f 3256/3256 3254/3254 3253/3253
usemtl Surface_0
f 3255/3255 3254/3254 3256/3256
usemtl Surface_0
f 3260/3260 3258/3258 3257/3257
usemtl Surface_0
f 3259/3259 3258/3258 3260/3260
usemtl Surface_0
f 3264/3264 3262/3262 3261/3261
usemtl Surface_0
f 3263/3263 3262/3262 3264/3264
usemtl Surface_0
f 3268/3268 3266/3266 3265/3265
usemtl Surface_0
f 3267/3267 3266/3266 3268/3268
usemtl Surface_0
f 3272/3272 3270/3270 3269/3269
usemtl Surface_0
f 3271/3271 3270/3270 3272/3272
usemtl Surface_0
f 3276/3276 3274/3274 3273/3273
usemtl Surface_0
f 3275/3275 3274/3274 3276/3276
usemtl Surface_0
f 3280/3280 3278/3278 3277/3277
usemtl Surface_0
f 3279/3279 3278/3278 3280/3280
usemtl Surface_0
f 3284/3284 3282/3282 3281/3281
usemtl Surface_0
f 3283/3283 3282/3282 3284/3284
usemtl Surface_0
f 3288/3288 3286/3286 3285/3285
usemtl Surface_0
f 3287/3287 3286/3286 3288/3288
usemtl Surface_0
f 3292/3292 3290/3290 3289/3289
usemtl Surface_0
f 3291/3291 3290/3290 3292/3292
usemtl Surface_0
f 3296/3296 3294/3294 3293/3293
usemtl Surface_0
f 3295/3295 3294/3294 3296/3296
usemtl Surface_0
f 3300/3300 3298/3298 3297/3297
usemtl Surface_0
f 3299/3299 3298/3298 3300/3300
usemtl Surface_0
f 3304/3304 3302/3302 3301/3301
usemtl Surface_0
f 3303/3303 3302/3302 3304/3304
usemtl Surface_0
f 3308/3308 3306/3306 3305/3305
usemtl Surface_0
f 3307/3307 3306/3306 3308/3308
usemtl Surface_0
f 3312/3312 3310/3310 3309/3309
usemtl Surface_0
f 3311/3311 3310/3310 3312/3312
usemtl Surface_0
f 3316/3316 3314/3314 3313/3313
usemtl Surface_0
f 3315/3315 3314/3314 3316/3316
usemtl Surface_0
f 3320/3320 3318/3318 3317/3317
usemtl Surface_0
f 3319/3319 3318/3318 3320/3320
usemtl Surface_0
f 3324/3324 3322/3322 3321/3321
usemtl Surface_0
f 3323/3323 3322/3322 3324/3324
usemtl Surface_0
f 3328/3328 3326/3326 3325/3325
usemtl Surface_0
f 3327/3327 3326/3326 3328/3328
usemtl Surface_0
f 3332/3332 3330/3330 3329/3329
usemtl Surface_0
f 3331/3331 3330/3330 3332/3332
usemtl Surface_0
f 3336/3336 3334/3334 3333/3333
usemtl Surface_0
f 3335/3335 3334/3334 3336/3336
usemtl Surface_0
f 3340/3340 3338/3338 3337/3337
usemtl Surface_0
f 3339/3339 3338/3338 3340/3340
usemtl Surface_0
f 3344/3344 3342/3342 3341/3341
usemtl Surface_0
f 3343/3343 3342/3342 3344/3344
usemtl Surface_0
f 3348/3348 3346/3346 3345/3345
usemtl Surface_0
f 3347/3347 3346/3346 3348/3348
usemtl Surface_0
f 3352/3352 3350/3350 3349/3349
usemtl Surface_0
f 3351/3351 3350/3350 3352/3352
usemtl Surface_0
f 3356/3356 3354/3354 3353/3353
usemtl Surface_0
f 3355/3355 3354/3354 3356/3356
usemtl Surface_0
f 3360/3360 3358/3358 3357/3357
usemtl Surface_0
f 3359/3359 3358/3358 3360/3360
usemtl Surface_0
f 3364/3364 3362/3362 3361/3361
usemtl Surface_0
f 3363/3363 3362/3362 3364/3364
usemtl Surface_0
f 3368/3368 3366/3366 3365/3365
usemtl Surface_0
f 3367/3367 3366/3366 3368/3368
usemtl Surface_0
f 3372/3372 3370/3370 3369/3369
usemtl Surface_0
f 3371/3371 3370/3370 3372/3372
usemtl Surface_0
f 3376/3376 3374/3374 3373/3373
usemtl Surface_0
f 3375/3375 3374/3374 3376/3376
usemtl Surface_0
f 3380/3380 3378/3378 3377/3377
usemtl Surface_0
f 3379/3379 3378/3378 3380/3380
usemtl Surface_0
f 3384/3384 3382/3382 3381/3381
usemtl Surface_0
f 3383/3383 3382/3382 3384/3384
usemtl Surface_0
f 3388/3388 3386/3386 3385/3385
usemtl Surface_0
f 3387/3387 3386/3386 3388/3388
usemtl Surface_0
f 3392/3392 3390/3390 3389/3389
usemtl Surface_0
f 3391/3391 3390/3390 3392/3392
usemtl Surface_0
f 3396/3396 3394/3394 3393/3393
usemtl Surface_0
f 3395/3395 3394/3394 3396/3396
usemtl Surface_0
f 3400/3400 3398/3398 3397/3397
usemtl Surface_0
f 3399/3399 3398/3398 3400/3400
usemtl Surface_0
f 3404/3404 3402/3402 3401/3401
usemtl Surface_0
f 3403/3403 3402/3402 3404/3404
usemtl Surface_0
f 3408/3408 3406/3406 3405/3405
usemtl Surface_0
f 3407/3407 3406/3406 3408/3408
usemtl Surface_0
f 3412/3412 3410/3410 3409/3409
usemtl Surface_0
f 3411/3411 3410/3410 3412/3412
usemtl Surface_0
f 3416/3416 3414/3414 3413/3413
usemtl Surface_0
f 3415/3415 3414/3414 3416/3416
usemtl Surface_0
f 3420/3420 3418/3418 3417/3417
usemtl Surface_0
f 3419/3419 3418/3418 3420/3420
usemtl Surface_0
f 3424/3424 3422/3422 3421/3421
usemtl Surface_0
f 3423/3423 3422/3422 3424/3424
usemtl Surface_0
f 3428/3428 3426/3426 3425/3425
usemtl Surface_0
f 3427/3427 3426/3426 3428/3428
usemtl Surface_0
f 3432/3432 3430/3430 3429/3429
usemtl Surface_0
f 3431/3431 3430/3430 3432/3432
usemtl Surface_0
f 3436/3436 3434/3434 3433/3433
usemtl Surface_0
f 3435/3435 3434/3434 3436/3436
usemtl Surface_0
f 3440/3440 3438/3438 3437/3437
usemtl Surface_0
f 3439/3439 3438/3438 3440/3440
usemtl Surface_0
f 3444/3444 3442/3442 3441/3441
usemtl Surface_0
f 3443/3443 3442/3442 3444/3444
usemtl Surface_0
f 3448/3448 3446/3446 3445/3445
usemtl Surface_0
f 3447/3447 3446/3446 3448/3448
usemtl Surface_0
f 3452/3452 3450/3450 3449/3449
usemtl Surface_0
f 3451/3451 3450/3450 3452/3452
usemtl Surface_0
f 3456/3456 3454/3454 3453/3453
usemtl Surface_0
f 3455/3455 3454/3454 3456/3456
usemtl Surface_0
f 3460/3460 3458/3458 3457/3457
usemtl Surface_0
f 3459/3459 3458/3458 3460/3460
usemtl Surface_0
f 3464/3464 3462/3462 3461/3461
usemtl Surface_0
f 3463/3463 3462/3462 3464/3464
usemtl Surface_0
f 3468/3468 3466/3466 3465/3465
usemtl Surface_0
f 3467/3467 3466/3466 3468/3468
usemtl Surface_0
f 3472/3472 3470/3470 3469/3469
usemtl Surface_0
f 3471/3471 3470/3470 3472/3472
usemtl Surface_0
f 3476/3476 3474/3474 3473/3473
usemtl Surface_0
f 3475/3475 3474/3474 3476/3476
usemtl Surface_0
f 3480/3480 3478/3478 3477/3477
usemtl Surface_0
f 3479/3479 3478/3478 3480/3480
usemtl Surface_0
f 3484/3484 3482/3482 3481/3481
usemtl Surface_0
f 3483/3483 3482/3482 3484/3484
usemtl Surface_0
f 3488/3488 3486/3486 3485/3485
usemtl Surface_0
f 3487/3487 3486/3486 3488/3488
usemtl Surface_0
f 3492/3492 3490/3490 3489/3489
usemtl Surface_0
f 3491/3491 3490/3490 3492/3492
usemtl Surface_0
f 3496/3496 3494/3494 3493/3493
usemtl Surface_0
f 3495/3495 3494/3494 3496/3496
usemtl Surface_0
f 3500/3500 3498/3498 3497/3497
usemtl Surface_0
f 3499/3499 3498/3498 3500/3500
usemtl Surface_0
f 3504/3504 3502/3502 3501/3501
usemtl Surface_0
f 3503/3503 3502/3502 3504/3504
usemtl Surface_0
f 3508/3508 3506/3506 3505/3505
usemtl Surface_0
f 3507/3507 3506/3506 3508/3508
usemtl Surface_0
f 3512/3512 3510/3510 3509/3509
usemtl Surface_0
f 3511/3511 3510/3510 3512/3512
usemtl Surface_0
f 3516/3516 3514/3514 3513/3513
usemtl Surface_0
f 3515/3515 3514/3514 3516/3516
usemtl Surface_0
f 3520/3520 3518/3518 3517/3517
usemtl Surface_0
f 3519/3519 3518/3518 3520/3520
usemtl Surface_0
f 3524/3524 3522/3522 3521/3521
usemtl Surface_0
f 3523/3523 3522/3522 3524/3524
usemtl Surface_0
f 3528/3528 3526/3526 3525/3525
usemtl Surface_0
f 3527/3527 3526/3526 3528/3528
usemtl Surface_0
f 3532/3532 3530/3530 3529/3529
usemtl Surface_0
f 3531/3531 3530/3530 3532/3532
usemtl Surface_0
f 3536/3536 3534/3534 3533/3533
usemtl Surface_0
f 3535/3535 3534/3534 3536/3536
usemtl Surface_0
f 3540/3540 3538/3538 3537/3537
usemtl Surface_0
f 3539/3539 3538/3538 3540/3540
usemtl Surface_0
f 3544/3544 3542/3542 3541/3541
usemtl Surface_0
f 3543/3543 3542/3542 3544/3544
usemtl Surface_0
f 3548/3548 3546/3546 3545/3545
usemtl Surface_0
f 3547/3547 3546/3546 3548/3548
usemtl Surface_0
f 3552/3552 3550/3550 3549/3549
usemtl Surface_0
f 3551/3551 3550/3550 3552/3552
usemtl Surface_0
f 3556/3556 3554/3554 3553/3553
usemtl Surface_0
f 3555/3555 3554/3554 3556/3556
usemtl Surface_0
f 3560/3560 3558/3558 3557/3557
usemtl Surface_0
f 3559/3559 3558/3558 3560/3560
usemtl Surface_0
f 3564/3564 3562/3562 3561/3561
usemtl Surface_0
f 3563/3563 3562/3562 3564/3564
usemtl Surface_0
f 3568/3568 3566/3566 3565/3565
usemtl Surface_0
f 3567/3567 3566/3566 3568/3568
usemtl Surface_0
f 3572/3572 3570/3570 3569/3569
usemtl Surface_0
f 3571/3571 3570/3570 3572/3572
usemtl Surface_0
f 3576/3576 3574/3574 3573/3573
usemtl Surface_0
f 3575/3575 3574/3574 3576/3576
usemtl Surface_0
f 3580/3580 3578/3578 3577/3577
usemtl Surface_0
f 3579/3579 3578/3578 3580/3580
usemtl Surface_0
f 3584/3584 3582/3582 3581/3581
usemtl Surface_0
f 3583/3583 3582/3582 3584/3584
usemtl Surface_0
f 3588/3588 3586/3586 3585/3585
usemtl Surface_0
f 3587/3587 3586/3586 3588/3588
usemtl Surface_0
f 3592/3592 3590/3590 3589/3589
usemtl Surface_0
f 3591/3591 3590/3590 3592/3592
usemtl Surface_0
f 3596/3596 3594/3594 3593/3593
usemtl Surface_0
f 3595/3595 3594/3594 3596/3596
usemtl Surface_0
f 3600/3600 3598/3598 3597/3597
usemtl Surface_0
f 3599/3599 3598/3598 3600/3600
usemtl Surface_0
f 3604/3604 3602/3602 3601/3601
usemtl Surface_0
f 3603/3603 3602/3602 3604/3604
usemtl Surface_0
f 3608/3608 3606/3606 3605/3605
usemtl Surface_0
f 3607/3607 3606/3606 3608/3608
usemtl Surface_0
f 3612/3612 3610/3610 3609/3609
usemtl Surface_0
f 3611/3611 3610/3610 3612/3612
usemtl Surface_0
f 3616/3616 3614/3614 3613/3613
usemtl Surface_0
f 3615/3615 3614/3614 3616/3616
usemtl Surface_0
f 3620/3620 3618/3618 3617/3617
usemtl Surface_0
f 3619/3619 3618/3618 3620/3620
usemtl Surface_0
f 3624/3624 3622/3622 3621/3621
usemtl Surface_0
f 3623/3623 3622/3622 3624/3624
usemtl Surface_0
f 3628/3628 3626/3626 3625/3625
usemtl Surface_0
f 3627/3627 3626/3626 3628/3628
usemtl Surface_0
f 3632/3632 3630/3630 3629/3629
usemtl Surface_0
f 3631/3631 3630/3630 3632/3632
usemtl Surface_0
f 3636/3636 3634/3634 3633/3633
usemtl Surface_0
f 3635/3635 3634/3634 3636/3636
usemtl Surface_0
f 3640/3640 3638/3638 3637/3637
usemtl Surface_0
f 3639/3639 3638/3638 3640/3640
usemtl Surface_0
f 3641/3641 3643/3643 3642/3642
usemtl Surface_0
f 3644/3644 3646/3646 3645/3645
usemtl Surface_0
f 3647/3647 3649/3649 3648/3648
usemtl Surface_0
f 3650/3650 3652/3652 3651/3651
usemtl Surface_0
f 3653/3653 3655/3655 3654/3654
usemtl Surface_0
f 3656/3656 3658/3658 3657/3657
usemtl Surface_0
f 3659/3659 3661/3661 3660/3660
usemtl Surface_0
f 3662/3662 3664/3664 3663/3663
usemtl Surface_0
f 3665/3665 3667/3667 3666/3666
usemtl Surface_0
f 3668/3668 3670/3670 3669/3669
usemtl Surface_0
f 3671/3671 3673/3673 3672/3672
usemtl Surface_0
f 3674/3674 3676/3676 3675/3675
usemtl Surface_0
f 3677/3677 3679/3679 3678/3678
usemtl Surface_0
f 3680/3680 3682/3682 3681/3681
usemtl Surface_0
f 3683/3683 3685/3685 3684/3684
usemtl Surface_0
f 3686/3686 3688/3688 3687/3687
usemtl Surface_0
f 3689/3689 3691/3691 3690/3690
usemtl Surface_0
f 3692/3692 3694/3694 3693/3693
usemtl Surface_0
f 3695/3695 3697/3697 3696/3696
usemtl Surface_0
f 3698/3698 3700/3700 3699/3699
usemtl Surface_0
f 3701/3701 3703/3703 3702/3702
usemtl Surface_0
f 3704/3704 3706/3706 3705/3705
usemtl Surface_0
f 3707/3707 3709/3709 3708/3708
usemtl Surface_0
f 3710/3710 3712/3712 3711/3711
usemtl Surface_0
f 3713/3713 3715/3715 3714/3714
usemtl Surface_0
f 3716/3716 3718/3718 3717/3717
usemtl Surface_0
f 3719/3719 3721/3721 3720/3720
usemtl Surface_0
f 3722/3722 3724/3724 3723/3723
usemtl Surface_0
f 3725/3725 3727/3727 3726/3726
usemtl Surface_0
f 3728/3728 3730/3730 3729/3729
usemtl Surface_0
f 3731/3731 3733/3733 3732/3732
usemtl Surface_0
f 3734/3734 3736/3736 3735/3735
usemtl Surface_0
f 3737/3737 3739/3739 3738/3738
usemtl Surface_0
f 3740/3740 3742/3742 3741/3741
usemtl Surface_0
f 3743/3743 3745/3745 3744/3744
usemtl Surface_0
f 3746/3746 3748/3748 3747/3747
usemtl Surface_0
f 3749/3749 3751/3751 3750/3750
usemtl Surface_0
f 3752/3752 3754/3754 3753/3753
usemtl Surface_0
f 3755/3755 3757/3757 3756/3756
usemtl Surface_0
f 3758/3758 3760/3760 3759/3759
usemtl Surface_2
f 3764/3764 3762/3762 3761/3761
usemtl Surface_2
f 3763/3763 3762/3762 3764/3764
usemtl Surface_2
f 3768/3768 3766/3766 3765/3765
usemtl Surface_2
f 3767/3767 3766/3766 3768/3768
usemtl Surface_2
f 3772/3772 3770/3770 3769/3769
usemtl Surface_2
f 3771/3771 3770/3770 3772/3772
usemtl Surface_2
f 3776/3776 3774/3774 3773/3773
usemtl Surface_2
f 3775/3775 3774/3774 3776/3776
usemtl Surface_2
f 3780/3780 3778/3778 3777/3777
usemtl Surface_2
f 3779/3779 3778/3778 3780/3780
usemtl Surface_2
f 3784/3784 3782/3782 3781/3781
usemtl Surface_2
f 3783/3783 3782/3782 3784/3784
usemtl Surface_2
f 3788/3788 3786/3786 3785/3785
usemtl Surface_2
f 3787/3787 3786/3786 3788/3788
usemtl Surface_2
f 3792/3792 3790/3790 3789/3789
usemtl Surface_2
f 3791/3791 3790/3790 3792/3792
usemtl Surface_2
f 3796/3796 3794/3794 3793/3793
usemtl Surface_2
f 3795/3795 3794/3794 3796/3796
usemtl Surface_2
f 3800/3800 3798/3798 3797/3797
usemtl Surface_2
f 3799/3799 3798/3798 3800/3800
usemtl Surface_2
f 3804/3804 3802/3802 3801/3801
usemtl Surface_2
f 3803/3803 3802/3802 3804/3804
usemtl Surface_2
f 3808/3808 3806/3806 3805/3805
usemtl Surface_2
f 3807/3807 3806/3806 3808/3808
usemtl Surface_2
f 3812/3812 3810/3810 3809/3809
usemtl Surface_2
f 3811/3811 3810/3810 3812/3812
usemtl Surface_2
f 3816/3816 3814/3814 3813/3813
usemtl Surface_2
f 3815/3815 3814/3814 3816/3816
usemtl Surface_2
f 3820/3820 3818/3818 3817/3817
usemtl Surface_2
f 3819/3819 3818/3818 3820/3820
usemtl Surface_2
f 3824/3824 3822/3822 3821/3821
usemtl Surface_2
f 3823/3823 3822/3822 3824/3824
usemtl Surface_2
f 3828/3828 3826/3826 3825/3825
usemtl Surface_2
f 3827/3827 3826/3826 3828/3828
usemtl Surface_2
f 3832/3832 3830/3830 3829/3829
usemtl Surface_2
f 3831/3831 3830/3830 3832/3832
usemtl Surface_2
f 3836/3836 3834/3834 3833/3833
usemtl Surface_2
f 3835/3835 3834/3834 3836/3836
usemtl Surface_2
f 3840/3840 3838/3838 3837/3837
usemtl Surface_2
f 3839/3839 3838/3838 3840/3840
usemtl Surface_2
f 3844/3844 3842/3842 3841/3841
usemtl Surface_2
f 3843/3843 3842/3842 3844/3844
usemtl Surface_2
f 3848/3848 3846/3846 3845/3845
usemtl Surface_2
f 3847/3847 3846/3846 3848/3848
usemtl Surface_2
f 3852/3852 3850/3850 3849/3849
usemtl Surface_2
f 3851/3851 3850/3850 3852/3852
usemtl Surface_2
f 3856/3856 3854/3854 3853/3853
usemtl Surface_2
f 3855/3855 3854/3854 3856/3856
usemtl Surface_2
f 3860/3860 3858/3858 3857/3857
usemtl Surface_2
f 3859/3859 3858/3858 3860/3860
usemtl Surface_2
f 3864/3864 3862/3862 3861/3861
usemtl Surface_2
f 3863/3863 3862/3862 3864/3864
usemtl Surface_2
f 3868/3868 3866/3866 3865/3865
usemtl Surface_2
f 3867/3867 3866/3866 3868/3868
usemtl Surface_2
f 3872/3872 3870/3870 3869/3869
usemtl Surface_2
f 3871/3871 3870/3870 3872/3872
usemtl Surface_2
f 3876/3876 3874/3874 3873/3873
usemtl Surface_2
f 3875/3875 3874/3874 3876/3876
usemtl Surface_2
f 3880/3880 3878/3878 3877/3877
usemtl Surface_2
f 3879/3879 3878/3878 3880/3880
usemtl Surface_2
f 3884/3884 3882/3882 3881/3881
usemtl Surface_2
f 3883/3883 3882/3882 3884/3884
usemtl Surface_2
f 3888/3888 3886/3886 3885/3885
usemtl Surface_2
f 3887/3887 3886/3886 3888/3888
usemtl Surface_2
f 3920/3920 3890/3890 3889/3889
usemtl Surface_2
f 3919/3919 3890/3890 3920/3920
usemtl Surface_2
f 3918/3918 3890/3890 3919/3919
usemtl Surface_2
f 3917/3917 3890/3890 3918/3918
usemtl Surface_2
f 3916/3916 3890/3890 3917/3917
usemtl Surface_2
f 3915/3915 3890/3890 3916/3916
usemtl Surface_2
f 3914/3914 3890/3890 3915/3915
usemtl Surface_2
f 3913/3913 3890/3890 3914/3914
usemtl Surface_2
f 3912/3912 3890/3890 3913/3913
usemtl Surface_2
f 3911/3911 3890/3890 3912/3912
usemtl Surface_2
f 3910/3910 3890/3890 3911/3911
usemtl Surface_2
f 3909/3909 3890/3890 3910/3910
usemtl Surface_2
f 3908/3908 3890/3890 3909/3909
usemtl Surface_2
f 3907/3907 3890/3890 3908/3908
usemtl Surface_2
f 3906/3906 3890/3890 3907/3907
usemtl Surface_2
f 3905/3905 3890/3890 3906/3906
usemtl Surface_2
f 3904/3904 3890/3890 3905/3905
usemtl Surface_2
f 3903/3903 3890/3890 3904/3904
usemtl Surface_2
f 3902/3902 3890/3890 3903/3903
usemtl Surface_2
f 3901/3901 3890/3890 3902/3902
usemtl Surface_2
f 3900/3900 3890/3890 3901/3901
usemtl Surface_2
f 3899/3899 3890/3890 3900/3900
usemtl Surface_2
f 3898/3898 3890/3890 3899/3899
usemtl Surface_2
f 3897/3897 3890/3890 3898/3898
usemtl Surface_2
f 3896/3896 3890/3890 3897/3897
usemtl Surface_2
f 3895/3895 3890/3890 3896/3896
usemtl Surface_2
f 3894/3894 3890/3890 3895/3895
usemtl Surface_2
f 3893/3893 3890/3890 3894/3894
usemtl Surface_2
f 3892/3892 3890/3890 3893/3893
usemtl Surface_2
f 3891/3891 3890/3890 3892/3892
usemtl Surface_2
f 3952/3952 3922/3922 3921/3921
usemtl Surface_2
f 3951/3951 3922/3922 3952/3952
usemtl Surface_2
f 3950/3950 3922/3922 3951/3951
usemtl Surface_2
f 3949/3949 3922/3922 3950/3950
usemtl Surface_2
f 3948/3948 3922/3922 3949/3949
usemtl Surface_2
f 3947/3947 3922/3922 3948/3948
usemtl Surface_2
f 3946/3946 3922/3922 3947/3947
usemtl Surface_2
f 3945/3945 3922/3922 3946/3946
usemtl Surface_2
f 3944/3944 3922/3922 3945/3945
usemtl Surface_2
f 3943/3943 3922/3922 3944/3944
usemtl Surface_2
f 3942/3942 3922/3922 3943/3943
usemtl Surface_2
f 3941/3941 3922/3922 3942/3942
usemtl Surface_2
f 3940/3940 3922/3922 3941/3941
usemtl Surface_2
f 3939/3939 3922/3922 3940/3940
usemtl Surface_2
f 3938/3938 3922/3922 3939/3939
usemtl Surface_2
f 3937/3937 3922/3922 3938/3938
usemtl Surface_2
f 3936/3936 3922/3922 3937/3937
usemtl Surface_2
f 3935/3935 3922/3922 3936/3936
usemtl Surface_2
f 3934/3934 3922/3922 3935/3935
usemtl Surface_2
f 3933/3933 3922/3922 3934/3934
usemtl Surface_2
f 3932/3932 3922/3922 3933/3933
usemtl Surface_2
f 3931/3931 3922/3922 3932/3932
usemtl Surface_2
f 3930/3930 3922/3922 3931/3931
usemtl Surface_2
f 3929/3929 3922/3922 3930/3930
usemtl Surface_2
f 3928/3928 3922/3922 3929/3929
usemtl Surface_2
f 3927/3927 3922/3922 3928/3928
usemtl Surface_2
f 3926/3926 3922/3922 3927/3927
usemtl Surface_2
f 3925/3925 3922/3922 3926/3926
usemtl Surface_2
f 3924/3924 3922/3922 3925/3925
usemtl Surface_2
f 3923/3923 3922/3922 3924/3924
usemtl Surface_0
f 3953/3953 3955/3955 3954/3954
usemtl Surface_0
f 3956/3956 3958/3958 3957/3957
usemtl Surface_0
f 3959/3959 3961/3961 3960/3960
usemtl Surface_0
f 3962/3962 3964/3964 3963/3963
usemtl Surface_0
f 3965/3965 3967/3967 3966/3966
usemtl Surface_0
f 3968/3968 3970/3970 3969/3969
usemtl Surface_0
f 3971/3971 3973/3973 3972/3972
usemtl Surface_0
f 3974/3974 3976/3976 3975/3975
usemtl Surface_0
f 3977/3977 3979/3979 3978/3978
usemtl Surface_0
f 3980/3980 3982/3982 3981/3981
usemtl Surface_0
f 3983/3983 3985/3985 3984/3984
usemtl Surface_0
f 3986/3986 3988/3988 3987/3987
usemtl Surface_0
f 3989/3989 3991/3991 3990/3990
usemtl Surface_0
f 3992/3992 3994/3994 3993/3993
usemtl Surface_0
f 3995/3995 3997/3997 3996/3996
usemtl Surface_0
f 3998/3998 4000/4000 3999/3999
usemtl Surface_0
f 4001/4001 4003/4003 4002/4002
usemtl Surface_0
f 4004/4004 4006/4006 4005/4005
usemtl Surface_0
f 4007/4007 4009/4009 4008/4008
usemtl Surface_0
f 4010/4010 4012/4012 4011/4011
usemtl Surface_0
f 4013/4013 4015/4015 4014/4014
usemtl Surface_0
f 4016/4016 4018/4018 4017/4017
usemtl Surface_0
f 4019/4019 4021/4021 4020/4020
usemtl Surface_0
f 4022/4022 4024/4024 4023/4023
usemtl Surface_0
f 4025/4025 4027/4027 4026/4026
usemtl Surface_0
f 4028/4028 4030/4030 4029/4029
usemtl Surface_0
f 4031/4031 4033/4033 4032/4032
usemtl Surface_0
f 4034/4034 4036/4036 4035/4035
usemtl Surface_0
f 4037/4037 4039/4039 4038/4038
usemtl Surface_0
f 4040/4040 4042/4042 4041/4041
usemtl Surface_0
f 4043/4043 4045/4045 4044/4044
usemtl Surface_0
f 4046/4046 4048/4048 4047/4047
usemtl Surface_0
f 4052/4052 4050/4050 4049/4049
usemtl Surface_0
f 4051/4051 4050/4050 4052/4052
usemtl Surface_0
f 4056/4056 4054/4054 4053/4053
usemtl Surface_0
f 4055/4055 4054/4054 4056/4056
usemtl Surface_0
f 4060/4060 4058/4058 4057/4057
usemtl Surface_0
f 4059/4059 4058/4058 4060/4060
usemtl Surface_0
f 4064/4064 4062/4062 4061/4061
usemtl Surface_0
f 4063/4063 4062/4062 4064/4064
usemtl Surface_0
f 4068/4068 4066/4066 4065/4065
usemtl Surface_0
f 4067/4067 4066/4066 4068/4068
usemtl Surface_0
f 4072/4072 4070/4070 4069/4069
usemtl Surface_0
f 4071/4071 4070/4070 4072/4072
usemtl Surface_0
f 4076/4076 4074/4074 4073/4073
usemtl Surface_0
f 4075/4075 4074/4074 4076/4076
usemtl Surface_0
f 4080/4080 4078/4078 4077/4077
usemtl Surface_0
f 4079/4079 4078/4078 4080/4080
usemtl Surface_0
f 4084/4084 4082/4082 4081/4081
usemtl Surface_0
f 4083/4083 4082/4082 4084/4084
usemtl Surface_0
f 4088/4088 4086/4086 4085/4085
usemtl Surface_0
f 4087/4087 4086/4086 4088/4088
usemtl Surface_0
f 4092/4092 4090/4090 4089/4089
usemtl Surface_0
f 4091/4091 4090/4090 4092/4092
usemtl Surface_0
f 4096/4096 4094/4094 4093/4093
usemtl Surface_0
f 4095/4095 4094/4094 4096/4096
usemtl Surface_0
f 4100/4100 4098/4098 4097/4097
usemtl Surface_0
f 4099/4099 4098/4098 4100/4100
usemtl Surface_0
f 4104/4104 4102/4102 4101/4101
usemtl Surface_0
f 4103/4103 4102/4102 4104/4104
usemtl Surface_0
f 4108/4108 4106/4106 4105/4105
usemtl Surface_0
f 4107/4107 4106/4106 4108/4108
usemtl Surface_0
f 4112/4112 4110/4110 4109/4109
usemtl Surface_0
f 4111/4111 4110/4110 4112/4112
usemtl Surface_0
f 4116/4116 4114/4114 4113/4113
usemtl Surface_0
f 4115/4115 4114/4114 4116/4116
usemtl Surface_0
f 4120/4120 4118/4118 4117/4117
usemtl Surface_0
f 4119/4119 4118/4118 4120/4120
usemtl Surface_0
f 4124/4124 4122/4122 4121/4121
usemtl Surface_0
f 4123/4123 4122/4122 4124/4124
usemtl Surface_0
f 4128/4128 4126/4126 4125/4125
usemtl Surface_0
f 4127/4127 4126/4126 4128/4128
usemtl Surface_0
f 4132/4132 4130/4130 4129/4129
usemtl Surface_0
f 4131/4131 4130/4130 4132/4132
usemtl Surface_0
f 4136/4136 4134/4134 4133/4133
usemtl Surface_0
f 4135/4135 4134/4134 4136/4136
usemtl Surface_0
f 4140/4140 4138/4138 4137/4137
usemtl Surface_0
f 4139/4139 4138/4138 4140/4140
usemtl Surface_0
f 4144/4144 4142/4142 4141/4141
usemtl Surface_0
f 4143/4143 4142/4142 4144/4144
usemtl Surface_0
f 4148/4148 4146/4146 4145/4145
usemtl Surface_0
f 4147/4147 4146/4146 4148/4148
usemtl Surface_0
f 4152/4152 4150/4150 4149/4149
usemtl Surface_0
f 4151/4151 4150/4150 4152/4152
usemtl Surface_0
f 4156/4156 4154/4154 4153/4153
usemtl Surface_0
f 4155/4155 4154/4154 4156/4156
usemtl Surface_0
f 4160/4160 4158/4158 4157/4157
usemtl Surface_0
f 4159/4159 4158/4158 4160/4160
usemtl Surface_0
f 4164/4164 4162/4162 4161/4161
usemtl Surface_0
f 4163/4163 4162/4162 4164/4164
usemtl Surface_0
f 4168/4168 4166/4166 4165/4165
usemtl Surface_0
f 4167/4167 4166/4166 4168/4168
usemtl Surface_0
f 4172/4172 4170/4170 4169/4169
usemtl Surface_0
f 4171/4171 4170/4170 4172/4172
usemtl Surface_0
f 4176/4176 4174/4174 4173/4173
usemtl Surface_0
f 4175/4175 4174/4174 4176/4176
usemtl Surface_0
f 4180/4180 4178/4178 4177/4177
usemtl Surface_0
f 4179/4179 4178/4178 4180/4180
usemtl Surface_0
f 4184/4184 4182/4182 4181/4181
usemtl Surface_0
f 4183/4183 4182/4182 4184/4184
usemtl Surface_0
f 4188/4188 4186/4186 4185/4185
usemtl Surface_0
f 4187/4187 4186/4186 4188/4188
usemtl Surface_0
f 4192/4192 4190/4190 4189/4189
usemtl Surface_0
f 4191/4191 4190/4190 4192/4192
usemtl Surface_0
f 4196/4196 4194/4194 4193/4193
usemtl Surface_0
f 4195/4195 4194/4194 4196/4196
usemtl Surface_0
f 4200/4200 4198/4198 4197/4197
usemtl Surface_0
f 4199/4199 4198/4198 4200/4200
usemtl Surface_0
f 4204/4204 4202/4202 4201/4201
usemtl Surface_0
f 4203/4203 4202/4202 4204/4204
usemtl Surface_0
f 4208/4208 4206/4206 4205/4205
usemtl Surface_0
f 4207/4207 4206/4206 4208/4208
usemtl Surface_0
f 4212/4212 4210/4210 4209/4209
usemtl Surface_0
f 4211/4211 4210/4210 4212/4212
usemtl Surface_0
f 4216/4216 4214/4214 4213/4213
usemtl Surface_0
f 4215/4215 4214/4214 4216/4216
usemtl Surface_0
f 4220/4220 4218/4218 4217/4217
usemtl Surface_0
f 4219/4219 4218/4218 4220/4220
usemtl Surface_0
f 4224/4224 4222/4222 4221/4221
usemtl Surface_0
f 4223/4223 4222/4222 4224/4224
usemtl Surface_0
f 4228/4228 4226/4226 4225/4225
usemtl Surface_0
f 4227/4227 4226/4226 4228/4228
usemtl Surface_0
f 4232/4232 4230/4230 4229/4229
usemtl Surface_0
f 4231/4231 4230/4230 4232/4232
usemtl Surface_0
f 4236/4236 4234/4234 4233/4233
usemtl Surface_0
f 4235/4235 4234/4234 4236/4236
usemtl Surface_0
f 4240/4240 4238/4238 4237/4237
usemtl Surface_0
f 4239/4239 4238/4238 4240/4240
usemtl Surface_0
f 4244/4244 4242/4242 4241/4241
usemtl Surface_0
f 4243/4243 4242/4242 4244/4244
usemtl Surface_0
f 4248/4248 4246/4246 4245/4245
usemtl Surface_0
f 4247/4247 4246/4246 4248/4248
usemtl Surface_0
f 4252/4252 4250/4250 4249/4249
usemtl Surface_0
f 4251/4251 4250/4250 4252/4252
usemtl Surface_0
f 4256/4256 4254/4254 4253/4253
usemtl Surface_0
f 4255/4255 4254/4254 4256/4256
usemtl Surface_0
f 4260/4260 4258/4258 4257/4257
usemtl Surface_0
f 4259/4259 4258/4258 4260/4260
usemtl Surface_0
f 4264/4264 4262/4262 4261/4261
usemtl Surface_0
f 4263/4263 4262/4262 4264/4264
usemtl Surface_0
f 4268/4268 4266/4266 4265/4265
usemtl Surface_0
f 4267/4267 4266/4266 4268/4268
usemtl Surface_0
f 4272/4272 4270/4270 4269/4269
usemtl Surface_0
f 4271/4271 4270/4270 4272/4272
usemtl Surface_0
f 4276/4276 4274/4274 4273/4273
usemtl Surface_0
f 4275/4275 4274/4274 4276/4276
usemtl Surface_0
f 4280/4280 4278/4278 4277/4277
usemtl Surface_0
f 4279/4279 4278/4278 4280/4280
usemtl Surface_0
f 4284/4284 4282/4282 4281/4281
usemtl Surface_0
f 4283/4283 4282/4282 4284/4284
usemtl Surface_0
f 4288/4288 4286/4286 4285/4285
usemtl Surface_0
f 4287/4287 4286/4286 4288/4288
usemtl Surface_0
f 4292/4292 4290/4290 4289/4289
usemtl Surface_0
f 4291/4291 4290/4290 4292/4292
usemtl Surface_0
f 4296/4296 4294/4294 4293/4293
usemtl Surface_0
f 4295/4295 4294/4294 4296/4296
usemtl Surface_0
f 4300/4300 4298/4298 4297/4297
usemtl Surface_0
f 4299/4299 4298/4298 4300/4300
usemtl Surface_0
f 4304/4304 4302/4302 4301/4301
usemtl Surface_0
f 4303/4303 4302/4302 4304/4304
usemtl Surface_0
f 4308/4308 4306/4306 4305/4305
usemtl Surface_0
f 4307/4307 4306/4306 4308/4308
usemtl Surface_0
f 4312/4312 4310/4310 4309/4309
usemtl Surface_0
f 4311/4311 4310/4310 4312/4312
usemtl Surface_0
f 4316/4316 4314/4314 4313/4313
usemtl Surface_0
f 4315/4315 4314/4314 4316/4316
usemtl Surface_0
f 4320/4320 4318/4318 4317/4317
usemtl Surface_0
f 4319/4319 4318/4318 4320/4320
usemtl Surface_0
f 4324/4324 4322/4322 4321/4321
usemtl Surface_0
f 4323/4323 4322/4322 4324/4324
usemtl Surface_0
f 4328/4328 4326/4326 4325/4325
usemtl Surface_0
f 4327/4327 4326/4326 4328/4328
usemtl Surface_0
f 4332/4332 4330/4330 4329/4329
usemtl Surface_0
f 4331/4331 4330/4330 4332/4332
usemtl Surface_0
f 4336/4336 4334/4334 4333/4333
usemtl Surface_0
f 4335/4335 4334/4334 4336/4336
usemtl Surface_0
f 4340/4340 4338/4338 4337/4337
usemtl Surface_0
f 4339/4339 4338/4338 4340/4340
usemtl Surface_0
f 4344/4344 4342/4342 4341/4341
usemtl Surface_0
f 4343/4343 4342/4342 4344/4344
usemtl Surface_0
f 4348/4348 4346/4346 4345/4345
usemtl Surface_0
f 4347/4347 4346/4346 4348/4348
usemtl Surface_0
f 4352/4352 4350/4350 4349/4349
usemtl Surface_0
f 4351/4351 4350/4350 4352/4352
usemtl Surface_0
f 4356/4356 4354/4354 4353/4353
usemtl Surface_0
f 4355/4355 4354/4354 4356/4356
usemtl Surface_0
f 4360/4360 4358/4358 4357/4357
usemtl Surface_0
f 4359/4359 4358/4358 4360/4360
usemtl Surface_0
f 4364/4364 4362/4362 4361/4361
usemtl Surface_0
f 4363/4363 4362/4362 4364/4364
usemtl Surface_0
f 4368/4368 4366/4366 4365/4365
usemtl Surface_0
f 4367/4367 4366/4366 4368/4368
usemtl Surface_0
f 4372/4372 4370/4370 4369/4369
usemtl Surface_0
f 4371/4371 4370/4370 4372/4372
usemtl Surface_0
f 4376/4376 4374/4374 4373/4373
usemtl Surface_0
f 4375/4375 4374/4374 4376/4376
usemtl Surface_0
f 4380/4380 4378/4378 4377/4377
usemtl Surface_0
f 4379/4379 4378/4378 4380/4380
usemtl Surface_0
f 4384/4384 4382/4382 4381/4381
usemtl Surface_0
f 4383/4383 4382/4382 4384/4384
usemtl Surface_0
f 4388/4388 4386/4386 4385/4385
usemtl Surface_0
f 4387/4387 4386/4386 4388/4388
usemtl Surface_0
f 4392/4392 4390/4390 4389/4389
usemtl Surface_0
f 4391/4391 4390/4390 4392/4392
usemtl Surface_0
f 4396/4396 4394/4394 4393/4393
usemtl Surface_0
f 4395/4395 4394/4394 4396/4396
usemtl Surface_0
f 4400/4400 4398/4398 4397/4397
usemtl Surface_0
f 4399/4399 4398/4398 4400/4400
usemtl Surface_0
f 4404/4404 4402/4402 4401/4401
usemtl Surface_0
f 4403/4403 4402/4402 4404/4404
usemtl Surface_0
f 4408/4408 4406/4406 4405/4405
usemtl Surface_0
f 4407/4407 4406/4406 4408/4408
usemtl Surface_0
f 4412/4412 4410/4410 4409/4409
usemtl Surface_0
f 4411/4411 4410/4410 4412/4412
usemtl Surface_0
f 4416/4416 4414/4414 4413/4413
usemtl Surface_0
f 4415/4415 4414/4414 4416/4416
usemtl Surface_0
f 4420/4420 4418/4418 4417/4417
usemtl Surface_0
f 4419/4419 4418/4418 4420/4420
usemtl Surface_0
f 4424/4424 4422/4422 4421/4421
usemtl Surface_0
f 4423/4423 4422/4422 4424/4424
usemtl Surface_0
f 4428/4428 4426/4426 4425/4425
usemtl Surface_0
f 4427/4427 4426/4426 4428/4428
usemtl Surface_0
f 4432/4432 4430/4430 4429/4429
usemtl Surface_0
f 4431/4431 4430/4430 4432/4432
usemtl Surface_0
f 4436/4436 4434/4434 4433/4433
usemtl Surface_0
f 4435/4435 4434/4434 4436/4436
usemtl Surface_0
f 4440/4440 4438/4438 4437/4437
usemtl Surface_0
f 4439/4439 4438/4438 4440/4440
usemtl Surface_0
f 4444/4444 4442/4442 4441/4441
usemtl Surface_0
f 4443/4443 4442/4442 4444/4444
usemtl Surface_0
f 4448/4448 4446/4446 4445/4445
usemtl Surface_0
f 4447/4447 4446/4446 4448/4448
usemtl Surface_0
f 4452/4452 4450/4450 4449/4449
usemtl Surface_0
f 4451/4451 4450/4450 4452/4452
usemtl Surface_0
f 4456/4456 4454/4454 4453/4453
usemtl Surface_0
f 4455/4455 4454/4454 4456/4456
usemtl Surface_0
f 4460/4460 4458/4458 4457/4457
usemtl Surface_0
f 4459/4459 4458/4458 4460/4460
usemtl Surface_0
f 4464/4464 4462/4462 4461/4461
usemtl Surface_0
f 4463/4463 4462/4462 4464/4464
usemtl Surface_0
f 4468/4468 4466/4466 4465/4465
usemtl Surface_0
f 4467/4467 4466/4466 4468/4468
usemtl Surface_0
f 4472/4472 4470/4470 4469/4469
usemtl Surface_0
f 4471/4471 4470/4470 4472/4472
usemtl Surface_0
f 4476/4476 4474/4474 4473/4473
usemtl Surface_0
f 4475/4475 4474/4474 4476/4476
usemtl Surface_0
f 4480/4480 4478/4478 4477/4477
usemtl Surface_0
f 4479/4479 4478/4478 4480/4480
usemtl Surface_0
f 4484/4484 4482/4482 4481/4481
usemtl Surface_0
f 4483/4483 4482/4482 4484/4484
usemtl Surface_0
f 4488/4488 4486/4486 4485/4485
usemtl Surface_0
f 4487/4487 4486/4486 4488/4488
usemtl Surface_0
f 4492/4492 4490/4490 4489/4489
usemtl Surface_0
f 4491/4491 4490/4490 4492/4492
usemtl Surface_0
f 4496/4496 4494/4494 4493/4493
usemtl Surface_0
f 4495/4495 4494/4494 4496/4496
usemtl Surface_0
f 4500/4500 4498/4498 4497/4497
usemtl Surface_0
f 4499/4499 4498/4498 4500/4500
usemtl Surface_0
f 4504/4504 4502/4502 4501/4501
usemtl Surface_0
f 4503/4503 4502/4502 4504/4504
usemtl Surface_0
f 4508/4508 4506/4506 4505/4505
usemtl Surface_0
f 4507/4507 4506/4506 4508/4508
usemtl Surface_0
f 4512/4512 4510/4510 4509/4509
usemtl Surface_0
f 4511/4511 4510/4510 4512/4512
usemtl Surface_0
f 4516/4516 4514/4514 4513/4513
usemtl Surface_0
f 4515/4515 4514/4514 4516/4516
usemtl Surface_0
f 4520/4520 4518/4518 4517/4517
usemtl Surface_0
f 4519/4519 4518/4518 4520/4520
usemtl Surface_0
f 4524/4524 4522/4522 4521/4521
usemtl Surface_0
f 4523/4523 4522/4522 4524/4524
usemtl Surface_0
f 4528/4528 4526/4526 4525/4525
usemtl Surface_0
f 4527/4527 4526/4526 4528/4528
usemtl Surface_0
f 4532/4532 4530/4530 4529/4529
usemtl Surface_0
f 4531/4531 4530/4530 4532/4532
usemtl Surface_0
f 4536/4536 4534/4534 4533/4533
usemtl Surface_0
f 4535/4535 4534/4534 4536/4536
usemtl Surface_0
f 4540/4540 4538/4538 4537/4537
usemtl Surface_0
f 4539/4539 4538/4538 4540/4540
usemtl Surface_0
f 4544/4544 4542/4542 4541/4541
usemtl Surface_0
f 4543/4543 4542/4542 4544/4544
usemtl Surface_0
f 4548/4548 4546/4546 4545/4545
usemtl Surface_0
f 4547/4547 4546/4546 4548/4548
usemtl Surface_0
f 4552/4552 4550/4550 4549/4549
usemtl Surface_0
f 4551/4551 4550/4550 4552/4552
usemtl Surface_0
f 4556/4556 4554/4554 4553/4553
usemtl Surface_0
f 4555/4555 4554/4554 4556/4556
usemtl Surface_0
f 4560/4560 4558/4558 4557/4557
usemtl Surface_0
f 4559/4559 4558/4558 4560/4560
usemtl Surface_0
f 4564/4564 4562/4562 4561/4561
usemtl Surface_0
f 4563/4563 4562/4562 4564/4564
usemtl Surface_0
f 4568/4568 4566/4566 4565/4565
usemtl Surface_0
f 4567/4567 4566/4566 4568/4568
usemtl Surface_0
f 4572/4572 4570/4570 4569/4569
usemtl Surface_0
f 4571/4571 4570/4570 4572/4572
usemtl Surface_0
f 4576/4576 4574/4574 4573/4573
usemtl Surface_0
f 4575/4575 4574/4574 4576/4576
usemtl Surface_0
f 4580/4580 4578/4578 4577/4577
usemtl Surface_0
f 4579/4579 4578/4578 4580/4580
usemtl Surface_0
f 4584/4584 4582/4582 4581/4581
usemtl Surface_0
f 4583/4583 4582/4582 4584/4584
usemtl Surface_0
f 4588/4588 4586/4586 4585/4585
usemtl Surface_0
f 4587/4587 4586/4586 4588/4588
usemtl Surface_0
f 4592/4592 4590/4590 4589/4589
usemtl Surface_0
f 4591/4591 4590/4590 4592/4592
usemtl Surface_0
f 4596/4596 4594/4594 4593/4593
usemtl Surface_0
f 4595/4595 4594/4594 4596/4596
usemtl Surface_0
f 4600/4600 4598/4598 4597/4597
usemtl Surface_0
f 4599/4599 4598/4598 4600/4600
usemtl Surface_0
f 4604/4604 4602/4602 4601/4601
usemtl Surface_0
f 4603/4603 4602/4602 4604/4604
usemtl Surface_0
f 4608/4608 4606/4606 4605/4605
usemtl Surface_0
f 4607/4607 4606/4606 4608/4608
usemtl Surface_0
f 4612/4612 4610/4610 4609/4609
usemtl Surface_0
f 4611/4611 4610/4610 4612/4612
usemtl Surface_0
f 4616/4616 4614/4614 4613/4613
usemtl Surface_0
f 4615/4615 4614/4614 4616/4616
usemtl Surface_0
f 4620/4620 4618/4618 4617/4617
usemtl Surface_0
f 4619/4619 4618/4618 4620/4620
usemtl Surface_0
f 4624/4624 4622/4622 4621/4621
usemtl Surface_0
f 4623/4623 4622/4622 4624/4624
usemtl Surface_0
f 4628/4628 4626/4626 4625/4625
usemtl Surface_0
f 4627/4627 4626/4626 4628/4628
usemtl Surface_0
f 4632/4632 4630/4630 4629/4629
usemtl Surface_0
f 4631/4631 4630/4630 4632/4632
usemtl Surface_0
f 4636/4636 4634/4634 4633/4633
usemtl Surface_0
f 4635/4635 4634/4634 4636/4636
usemtl Surface_0
f 4640/4640 4638/4638 4637/4637
usemtl Surface_0
f 4639/4639 4638/4638 4640/4640
usemtl Surface_0
f 4644/4644 4642/4642 4641/4641
usemtl Surface_0
f 4643/4643 4642/4642 4644/4644
usemtl Surface_0
f 4648/4648 4646/4646 4645/4645
usemtl Surface_0
f 4647/4647 4646/4646 4648/4648
usemtl Surface_0
f 4652/4652 4650/4650 4649/4649
usemtl Surface_0
f 4651/4651 4650/4650 4652/4652
usemtl Surface_0
f 4656/4656 4654/4654 4653/4653
usemtl Surface_0
f 4655/4655 4654/4654 4656/4656
usemtl Surface_0
f 4660/4660 4658/4658 4657/4657
usemtl Surface_0
f 4659/4659 4658/4658 4660/4660
usemtl Surface_0
f 4664/4664 4662/4662 4661/4661
usemtl Surface_0
f 4663/4663 4662/4662 4664/4664
usemtl Surface_0
f 4668/4668 4666/4666 4665/4665
usemtl Surface_0
f 4667/4667 4666/4666 4668/4668
usemtl Surface_0
f 4672/4672 4670/4670 4669/4669
usemtl Surface_0
f 4671/4671 4670/4670 4672/4672
usemtl Surface_0
f 4676/4676 4674/4674 4673/4673
usemtl Surface_0
f 4675/4675 4674/4674 4676/4676
usemtl Surface_0
f 4680/4680 4678/4678 4677/4677
usemtl Surface_0
f 4679/4679 4678/4678 4680/4680
usemtl Surface_0
f 4684/4684 4682/4682 4681/4681
usemtl Surface_0
f 4683/4683 4682/4682 4684/4684
usemtl Surface_0
f 4688/4688 4686/4686 4685/4685
usemtl Surface_0
f 4687/4687 4686/4686 4688/4688
usemtl Surface_0
f 4692/4692 4690/4690 4689/4689
usemtl Surface_0
f 4691/4691 4690/4690 4692/4692
usemtl Surface_0
f 4696/4696 4694/4694 4693/4693
usemtl Surface_0
f 4695/4695 4694/4694 4696/4696
usemtl Surface_0
f 4700/4700 4698/4698 4697/4697
usemtl Surface_0
f 4699/4699 4698/4698 4700/4700
usemtl Surface_0
f 4704/4704 4702/4702 4701/4701
usemtl Surface_0
f 4703/4703 4702/4702 4704/4704
usemtl Surface_0
f 4708/4708 4706/4706 4705/4705
usemtl Surface_0
f 4707/4707 4706/4706 4708/4708
usemtl Surface_0
f 4712/4712 4710/4710 4709/4709
usemtl Surface_0
f 4711/4711 4710/4710 4712/4712
usemtl Surface_0
f 4716/4716 4714/4714 4713/4713
usemtl Surface_0
f 4715/4715 4714/4714 4716/4716
usemtl Surface_0
f 4720/4720 4718/4718 4717/4717
usemtl Surface_0
f 4719/4719 4718/4718 4720/4720
usemtl Surface_0
f 4724/4724 4722/4722 4721/4721
usemtl Surface_0
f 4723/4723 4722/4722 4724/4724
usemtl Surface_0
f 4728/4728 4726/4726 4725/4725
usemtl Surface_0
f 4727/4727 4726/4726 4728/4728
usemtl Surface_0
f 4732/4732 4730/4730 4729/4729
usemtl Surface_0
f 4731/4731 4730/4730 4732/4732
usemtl Surface_0
f 4736/4736 4734/4734 4733/4733
usemtl Surface_0
f 4735/4735 4734/4734 4736/4736
usemtl Surface_0
f 4740/4740 4738/4738 4737/4737
usemtl Surface_0
f 4739/4739 4738/4738 4740/4740
usemtl Surface_0
f 4744/4744 4742/4742 4741/4741
usemtl Surface_0
f 4743/4743 4742/4742 4744/4744
usemtl Surface_0
f 4748/4748 4746/4746 4745/4745
usemtl Surface_0
f 4747/4747 4746/4746 4748/4748
usemtl Surface_0
f 4752/4752 4750/4750 4749/4749
usemtl Surface_0
f 4751/4751 4750/4750 4752/4752
usemtl Surface_0
f 4756/4756 4754/4754 4753/4753
usemtl Surface_0
f 4755/4755 4754/4754 4756/4756
usemtl Surface_0
f 4760/4760 4758/4758 4757/4757
usemtl Surface_0
f 4759/4759 4758/4758 4760/4760
usemtl Surface_0
f 4764/4764 4762/4762 4761/4761
usemtl Surface_0
f 4763/4763 4762/4762 4764/4764
usemtl Surface_0
f 4768/4768 4766/4766 4765/4765
usemtl Surface_0
f 4767/4767 4766/4766 4768/4768
usemtl Surface_0
f 4772/4772 4770/4770 4769/4769
usemtl Surface_0
f 4771/4771 4770/4770 4772/4772
usemtl Surface_0
f 4776/4776 4774/4774 4773/4773
usemtl Surface_0
f 4775/4775 4774/4774 4776/4776
usemtl Surface_0
f 4780/4780 4778/4778 4777/4777
usemtl Surface_0
f 4779/4779 4778/4778 4780/4780
usemtl Surface_0
f 4784/4784 4782/4782 4781/4781
usemtl Surface_0
f 4783/4783 4782/4782 4784/4784
usemtl Surface_0
f 4788/4788 4786/4786 4785/4785
usemtl Surface_0
f 4787/4787 4786/4786 4788/4788
usemtl Surface_0
f 4792/4792 4790/4790 4789/4789
usemtl Surface_0
f 4791/4791 4790/4790 4792/4792
usemtl Surface_0
f 4796/4796 4794/4794 4793/4793
usemtl Surface_0
f 4795/4795 4794/4794 4796/4796
usemtl Surface_0
f 4800/4800 4798/4798 4797/4797
usemtl Surface_0
f 4799/4799 4798/4798 4800/4800
usemtl Surface_0
f 4804/4804 4802/4802 4801/4801
usemtl Surface_0
f 4803/4803 4802/4802 4804/4804
usemtl Surface_0
f 4808/4808 4806/4806 4805/4805
usemtl Surface_0
f 4807/4807 4806/4806 4808/4808
usemtl Surface_0
f 4812/4812 4810/4810 4809/4809
usemtl Surface_0
f 4811/4811 4810/4810 4812/4812
usemtl Surface_0
f 4816/4816 4814/4814 4813/4813
usemtl Surface_0
f 4815/4815 4814/4814 4816/4816
usemtl Surface_0
f 4820/4820 4818/4818 4817/4817
usemtl Surface_0
f 4819/4819 4818/4818 4820/4820
usemtl Surface_0
f 4824/4824 4822/4822 4821/4821
usemtl Surface_0
f 4823/4823 4822/4822 4824/4824
usemtl Surface_0
f 4828/4828 4826/4826 4825/4825
usemtl Surface_0
f 4827/4827 4826/4826 4828/4828
usemtl Surface_0
f 4832/4832 4830/4830 4829/4829
usemtl Surface_0
f 4831/4831 4830/4830 4832/4832
usemtl Surface_0
f 4836/4836 4834/4834 4833/4833
usemtl Surface_0
f 4835/4835 4834/4834 4836/4836
usemtl Surface_0
f 4840/4840 4838/4838 4837/4837
usemtl Surface_0
f 4839/4839 4838/4838 4840/4840
usemtl Surface_0
f 4844/4844 4842/4842 4841/4841
usemtl Surface_0
f 4843/4843 4842/4842 4844/4844
usemtl Surface_0
f 4848/4848 4846/4846 4845/4845
usemtl Surface_0
f 4847/4847 4846/4846 4848/4848
usemtl Surface_0
f 4852/4852 4850/4850 4849/4849
usemtl Surface_0
f 4851/4851 4850/4850 4852/4852
usemtl Surface_0
f 4856/4856 4854/4854 4853/4853
usemtl Surface_0
f 4855/4855 4854/4854 4856/4856
usemtl Surface_0
f 4860/4860 4858/4858 4857/4857
usemtl Surface_0
f 4859/4859 4858/4858 4860/4860
usemtl Surface_0
f 4864/4864 4862/4862 4861/4861
usemtl Surface_0
f 4863/4863 4862/4862 4864/4864
usemtl Surface_0
f 4868/4868 4866/4866 4865/4865
usemtl Surface_0
f 4867/4867 4866/4866 4868/4868
usemtl Surface_0
f 4872/4872 4870/4870 4869/4869
usemtl Surface_0
f 4871/4871 4870/4870 4872/4872
usemtl Surface_0
f 4876/4876 4874/4874 4873/4873
usemtl Surface_0
f 4875/4875 4874/4874 4876/4876
usemtl Surface_0
f 4880/4880 4878/4878 4877/4877
usemtl Surface_0
f 4879/4879 4878/4878 4880/4880
usemtl Surface_0
f 4884/4884 4882/4882 4881/4881
usemtl Surface_0
f 4883/4883 4882/4882 4884/4884
usemtl Surface_0
f 4888/4888 4886/4886 4885/4885
usemtl Surface_0
f 4887/4887 4886/4886 4888/4888
usemtl Surface_0
f 4892/4892 4890/4890 4889/4889
usemtl Surface_0
f 4891/4891 4890/4890 4892/4892
usemtl Surface_0
f 4896/4896 4894/4894 4893/4893
usemtl Surface_0
f 4895/4895 4894/4894 4896/4896
usemtl Surface_0
f 4900/4900 4898/4898 4897/4897
usemtl Surface_0
f 4899/4899 4898/4898 4900/4900
usemtl Surface_0
f 4904/4904 4902/4902 4901/4901
usemtl Surface_0
f 4903/4903 4902/4902 4904/4904
usemtl Surface_0
f 4908/4908 4906/4906 4905/4905
usemtl Surface_0
f 4907/4907 4906/4906 4908/4908
usemtl Surface_0
f 4912/4912 4910/4910 4909/4909
usemtl Surface_0
f 4911/4911 4910/4910 4912/4912
usemtl Surface_0
f 4916/4916 4914/4914 4913/4913
usemtl Surface_0
f 4915/4915 4914/4914 4916/4916
usemtl Surface_0
f 4920/4920 4918/4918 4917/4917
usemtl Surface_0
f 4919/4919 4918/4918 4920/4920
usemtl Surface_0
f 4924/4924 4922/4922 4921/4921
usemtl Surface_0
f 4923/4923 4922/4922 4924/4924
usemtl Surface_0
f 4928/4928 4926/4926 4925/4925
usemtl Surface_0
f 4927/4927 4926/4926 4928/4928
usemtl Surface_0
f 4932/4932 4930/4930 4929/4929
usemtl Surface_0
f 4931/4931 4930/4930 4932/4932
usemtl Surface_0
f 4936/4936 4934/4934 4933/4933
usemtl Surface_0
f 4935/4935 4934/4934 4936/4936
usemtl Surface_0
f 4940/4940 4938/4938 4937/4937
usemtl Surface_0
f 4939/4939 4938/4938 4940/4940
usemtl Surface_0
f 4944/4944 4942/4942 4941/4941
usemtl Surface_0
f 4943/4943 4942/4942 4944/4944
usemtl Surface_0
f 4948/4948 4946/4946 4945/4945
usemtl Surface_0
f 4947/4947 4946/4946 4948/4948
usemtl Surface_0
f 4952/4952 4950/4950 4949/4949
usemtl Surface_0
f 4951/4951 4950/4950 4952/4952
usemtl Surface_0
f 4956/4956 4954/4954 4953/4953
usemtl Surface_0
f 4955/4955 4954/4954 4956/4956
usemtl Surface_0
f 4960/4960 4958/4958 4957/4957
usemtl Surface_0
f 4959/4959 4958/4958 4960/4960
usemtl Surface_0
f 4964/4964 4962/4962 4961/4961
usemtl Surface_0
f 4963/4963 4962/4962 4964/4964
usemtl Surface_0
f 4968/4968 4966/4966 4965/4965
usemtl Surface_0
f 4967/4967 4966/4966 4968/4968
usemtl Surface_0
f 4972/4972 4970/4970 4969/4969
usemtl Surface_0
f 4971/4971 4970/4970 4972/4972
usemtl Surface_0
f 4976/4976 4974/4974 4973/4973
usemtl Surface_0
f 4975/4975 4974/4974 4976/4976
usemtl Surface_0
f 4980/4980 4978/4978 4977/4977
usemtl Surface_0
f 4979/4979 4978/4978 4980/4980
usemtl Surface_0
f 4984/4984 4982/4982 4981/4981
usemtl Surface_0
f 4983/4983 4982/4982 4984/4984
usemtl Surface_0
f 4988/4988 4986/4986 4985/4985
usemtl Surface_0
f 4987/4987 4986/4986 4988/4988
usemtl Surface_0
f 4992/4992 4990/4990 4989/4989
usemtl Surface_0
f 4991/4991 4990/4990 4992/4992
usemtl Surface_0
f 4996/4996 4994/4994 4993/4993
usemtl Surface_0
f 4995/4995 4994/4994 4996/4996
usemtl Surface_0
f 5000/5000 4998/4998 4997/4997
usemtl Surface_0
f 4999/4999 4998/4998 5000/5000
usemtl Surface_0
f 5004/5004 5002/5002 5001/5001
usemtl Surface_0
f 5003/5003 5002/5002 5004/5004
usemtl Surface_0
f 5008/5008 5006/5006 5005/5005
usemtl Surface_0
f 5007/5007 5006/5006 5008/5008
usemtl Surface_0
f 5012/5012 5010/5010 5009/5009
usemtl Surface_0
f 5011/5011 5010/5010 5012/5012
usemtl Surface_0
f 5016/5016 5014/5014 5013/5013
usemtl Surface_0
f 5015/5015 5014/5014 5016/5016
usemtl Surface_0
f 5020/5020 5018/5018 5017/5017
usemtl Surface_0
f 5019/5019 5018/5018 5020/5020
usemtl Surface_0
f 5024/5024 5022/5022 5021/5021
usemtl Surface_0
f 5023/5023 5022/5022 5024/5024
usemtl Surface_0
f 5028/5028 5026/5026 5025/5025
usemtl Surface_0
f 5027/5027 5026/5026 5028/5028
usemtl Surface_0
f 5032/5032 5030/5030 5029/5029
usemtl Surface_0
f 5031/5031 5030/5030 5032/5032
usemtl Surface_0
f 5036/5036 5034/5034 5033/5033
usemtl Surface_0
f 5035/5035 5034/5034 5036/5036
usemtl Surface_0
f 5040/5040 5038/5038 5037/5037
usemtl Surface_0
f 5039/5039 5038/5038 5040/5040
usemtl Surface_0
f 5044/5044 5042/5042 5041/5041
usemtl Surface_0
f 5043/5043 5042/5042 5044/5044
usemtl Surface_0
f 5048/5048 5046/5046 5045/5045
usemtl Surface_0
f 5047/5047 5046/5046 5048/5048
usemtl Surface_0
f 5052/5052 5050/5050 5049/5049
usemtl Surface_0
f 5051/5051 5050/5050 5052/5052
usemtl Surface_0
f 5056/5056 5054/5054 5053/5053
usemtl Surface_0
f 5055/5055 5054/5054 5056/5056
usemtl Surface_0
f 5060/5060 5058/5058 5057/5057
usemtl Surface_0
f 5059/5059 5058/5058 5060/5060
usemtl Surface_0
f 5064/5064 5062/5062 5061/5061
usemtl Surface_0
f 5063/5063 5062/5062 5064/5064
usemtl Surface_0
f 5068/5068 5066/5066 5065/5065
usemtl Surface_0
f 5067/5067 5066/5066 5068/5068
usemtl Surface_0
f 5072/5072 5070/5070 5069/5069
usemtl Surface_0
f 5071/5071 5070/5070 5072/5072
usemtl Surface_0
f 5076/5076 5074/5074 5073/5073
usemtl Surface_0
f 5075/5075 5074/5074 5076/5076
usemtl Surface_0
f 5080/5080 5078/5078 5077/5077
usemtl Surface_0
f 5079/5079 5078/5078 5080/5080
usemtl Surface_0
f 5084/5084 5082/5082 5081/5081
usemtl Surface_0
f 5083/5083 5082/5082 5084/5084
usemtl Surface_0
f 5088/5088 5086/5086 5085/5085
usemtl Surface_0
f 5087/5087 5086/5086 5088/5088
usemtl Surface_0
f 5092/5092 5090/5090 5089/5089
usemtl Surface_0
f 5091/5091 5090/5090 5092/5092
usemtl Surface_0
f 5096/5096 5094/5094 5093/5093
usemtl Surface_0
f 5095/5095 5094/5094 5096/5096
usemtl Surface_0
f 5100/5100 5098/5098 5097/5097
usemtl Surface_0
f 5099/5099 5098/5098 5100/5100
usemtl Surface_0
f 5104/5104 5102/5102 5101/5101
usemtl Surface_0
f 5103/5103 5102/5102 5104/5104
usemtl Surface_0
f 5108/5108 5106/5106 5105/5105
usemtl Surface_0
f 5107/5107 5106/5106 5108/5108
usemtl Surface_0
f 5112/5112 5110/5110 5109/5109
usemtl Surface_0
f 5111/5111 5110/5110 5112/5112
usemtl Surface_0
f 5116/5116 5114/5114 5113/5113
usemtl Surface_0
f 5115/5115 5114/5114 5116/5116
usemtl Surface_0
f 5120/5120 5118/5118 5117/5117
usemtl Surface_0
f 5119/5119 5118/5118 5120/5120
usemtl Surface_0
f 5124/5124 5122/5122 5121/5121
usemtl Surface_0
f 5123/5123 5122/5122 5124/5124
usemtl Surface_0
f 5128/5128 5126/5126 5125/5125
usemtl Surface_0
f 5127/5127 5126/5126 5128/5128
usemtl Surface_0
f 5132/5132 5130/5130 5129/5129
usemtl Surface_0
f 5131/5131 5130/5130 5132/5132
usemtl Surface_0
f 5136/5136 5134/5134 5133/5133
usemtl Surface_0
f 5135/5135 5134/5134 5136/5136
usemtl Surface_0
f 5140/5140 5138/5138 5137/5137
usemtl Surface_0
f 5139/5139 5138/5138 5140/5140
usemtl Surface_0
f 5144/5144 5142/5142 5141/5141
usemtl Surface_0
f 5143/5143 5142/5142 5144/5144
usemtl Surface_0
f 5148/5148 5146/5146 5145/5145
usemtl Surface_0
f 5147/5147 5146/5146 5148/5148
usemtl Surface_0
f 5152/5152 5150/5150 5149/5149
usemtl Surface_0
f 5151/5151 5150/5150 5152/5152
usemtl Surface_0
f 5156/5156 5154/5154 5153/5153
usemtl Surface_0
f 5155/5155 5154/5154 5156/5156
usemtl Surface_0
f 5160/5160 5158/5158 5157/5157
usemtl Surface_0
f 5159/5159 5158/5158 5160/5160
usemtl Surface_0
f 5164/5164 5162/5162 5161/5161
usemtl Surface_0
f 5163/5163 5162/5162 5164/5164
usemtl Surface_0
f 5168/5168 5166/5166 5165/5165
usemtl Surface_0
f 5167/5167 5166/5166 5168/5168
usemtl Surface_0
f 5172/5172 5170/5170 5169/5169
usemtl Surface_0
f 5171/5171 5170/5170 5172/5172
usemtl Surface_0
f 5176/5176 5174/5174 5173/5173
usemtl Surface_0
f 5175/5175 5174/5174 5176/5176
usemtl Surface_0
f 5180/5180 5178/5178 5177/5177
usemtl Surface_0
f 5179/5179 5178/5178 5180/5180
usemtl Surface_0
f 5184/5184 5182/5182 5181/5181
usemtl Surface_0
f 5183/5183 5182/5182 5184/5184
usemtl Surface_0
f 5188/5188 5186/5186 5185/5185
usemtl Surface_0
f 5187/5187 5186/5186 5188/5188
usemtl Surface_0
f 5192/5192 5190/5190 5189/5189
usemtl Surface_0
f 5191/5191 5190/5190 5192/5192
usemtl Surface_0
f 5196/5196 5194/5194 5193/5193
usemtl Surface_0
f 5195/5195 5194/5194 5196/5196
usemtl Surface_0
f 5200/5200 5198/5198 5197/5197
usemtl Surface_0
f 5199/5199 5198/5198 5200/5200
usemtl Surface_0
f 5204/5204 5202/5202 5201/5201
usemtl Surface_0
f 5203/5203 5202/5202 5204/5204
usemtl Surface_0
f 5208/5208 5206/5206 5205/5205
usemtl Surface_0
f 5207/5207 5206/5206 5208/5208
usemtl Surface_0
f 5212/5212 5210/5210 5209/5209
usemtl Surface_0
f 5211/5211 5210/5210 5212/5212
usemtl Surface_0
f 5216/5216 5214/5214 5213/5213
usemtl Surface_0
f 5215/5215 5214/5214 5216/5216
usemtl Surface_0
f 5220/5220 5218/5218 5217/5217
usemtl Surface_0
f 5219/5219 5218/5218 5220/5220
usemtl Surface_0
f 5224/5224 5222/5222 5221/5221
usemtl Surface_0
f 5223/5223 5222/5222 5224/5224
usemtl Surface_0
f 5228/5228 5226/5226 5225/5225
usemtl Surface_0
f 5227/5227 5226/5226 5228/5228
usemtl Surface_0
f 5232/5232 5230/5230 5229/5229
usemtl Surface_0
f 5231/5231 5230/5230 5232/5232
usemtl Surface_0
f 5236/5236 5234/5234 5233/5233
usemtl Surface_0
f 5235/5235 5234/5234 5236/5236
usemtl Surface_0
f 5240/5240 5238/5238 5237/5237
usemtl Surface_0
f 5239/5239 5238/5238 5240/5240
usemtl Surface_0
f 5244/5244 5242/5242 5241/5241
usemtl Surface_0
f 5243/5243 5242/5242 5244/5244
usemtl Surface_0
f 5248/5248 5246/5246 5245/5245
usemtl Surface_0
f 5247/5247 5246/5246 5248/5248
usemtl Surface_0
f 5252/5252 5250/5250 5249/5249
usemtl Surface_0
f 5251/5251 5250/5250 5252/5252
usemtl Surface_0
f 5256/5256 5254/5254 5253/5253
usemtl Surface_0
f 5255/5255 5254/5254 5256/5256
usemtl Surface_0
f 5260/5260 5258/5258 5257/5257
usemtl Surface_0
f 5259/5259 5258/5258 5260/5260
usemtl Surface_0
f 5264/5264 5262/5262 5261/5261
usemtl Surface_0
f 5263/5263 5262/5262 5264/5264
usemtl Surface_0
f 5268/5268 5266/5266 5265/5265
usemtl Surface_0
f 5267/5267 5266/5266 5268/5268
usemtl Surface_0
f 5272/5272 5270/5270 5269/5269
usemtl Surface_0
f 5271/5271 5270/5270 5272/5272
usemtl Surface_0
f 5276/5276 5274/5274 5273/5273
usemtl Surface_0
f 5275/5275 5274/5274 5276/5276
usemtl Surface_0
f 5280/5280 5278/5278 5277/5277
usemtl Surface_0
f 5279/5279 5278/5278 5280/5280
usemtl Surface_0
f 5284/5284 5282/5282 5281/5281
usemtl Surface_0
f 5283/5283 5282/5282 5284/5284
usemtl Surface_0
f 5288/5288 5286/5286 5285/5285
usemtl Surface_0
f 5287/5287 5286/5286 5288/5288
usemtl Surface_0
f 5292/5292 5290/5290 5289/5289
usemtl Surface_0
f 5291/5291 5290/5290 5292/5292
usemtl Surface_0
f 5296/5296 5294/5294 5293/5293
usemtl Surface_0
f 5295/5295 5294/5294 5296/5296
usemtl Surface_0
f 5300/5300 5298/5298 5297/5297
usemtl Surface_0
f 5299/5299 5298/5298 5300/5300
usemtl Surface_0
f 5304/5304 5302/5302 5301/5301
usemtl Surface_0
f 5303/5303 5302/5302 5304/5304
usemtl Surface_0
f 5308/5308 5306/5306 5305/5305
usemtl Surface_0
f 5307/5307 5306/5306 5308/5308
usemtl Surface_0
f 5312/5312 5310/5310 5309/5309
usemtl Surface_0
f 5311/5311 5310/5310 5312/5312
usemtl Surface_0
f 5316/5316 5314/5314 5313/5313
usemtl Surface_0
f 5315/5315 5314/5314 5316/5316
usemtl Surface_0
f 5320/5320 5318/5318 5317/5317
usemtl Surface_0
f 5319/5319 5318/5318 5320/5320
usemtl Surface_0
f 5324/5324 5322/5322 5321/5321
usemtl Surface_0
f 5323/5323 5322/5322 5324/5324
usemtl Surface_0
f 5328/5328 5326/5326 5325/5325
usemtl Surface_0
f 5327/5327 5326/5326 5328/5328
usemtl Surface_0
f 5332/5332 5330/5330 5329/5329
usemtl Surface_0
f 5331/5331 5330/5330 5332/5332
usemtl Surface_0
f 5336/5336 5334/5334 5333/5333
usemtl Surface_0
f 5335/5335 5334/5334 5336/5336
usemtl Surface_0
f 5340/5340 5338/5338 5337/5337
usemtl Surface_0
f 5339/5339 5338/5338 5340/5340
usemtl Surface_0
f 5344/5344 5342/5342 5341/5341
usemtl Surface_0
f 5343/5343 5342/5342 5344/5344
usemtl Surface_0
f 5348/5348 5346/5346 5345/5345
usemtl Surface_0
f 5347/5347 5346/5346 5348/5348
usemtl Surface_0
f 5352/5352 5350/5350 5349/5349
usemtl Surface_0
f 5351/5351 5350/5350 5352/5352
usemtl Surface_0
f 5356/5356 5354/5354 5353/5353
usemtl Surface_0
f 5355/5355 5354/5354 5356/5356
usemtl Surface_0
f 5360/5360 5358/5358 5357/5357
usemtl Surface_0
f 5359/5359 5358/5358 5360/5360
usemtl Surface_0
f 5364/5364 5362/5362 5361/5361
usemtl Surface_0
f 5363/5363 5362/5362 5364/5364
usemtl Surface_0
f 5368/5368 5366/5366 5365/5365
usemtl Surface_0
f 5367/5367 5366/5366 5368/5368
usemtl Surface_0
f 5372/5372 5370/5370 5369/5369
usemtl Surface_0
f 5371/5371 5370/5370 5372/5372
usemtl Surface_0
f 5376/5376 5374/5374 5373/5373
usemtl Surface_0
f 5375/5375 5374/5374 5376/5376
usemtl Surface_0
f 5380/5380 5378/5378 5377/5377
usemtl Surface_0
f 5379/5379 5378/5378 5380/5380
usemtl Surface_0
f 5384/5384 5382/5382 5381/5381
usemtl Surface_0
f 5383/5383 5382/5382 5384/5384
usemtl Surface_0
f 5388/5388 5386/5386 5385/5385
usemtl Surface_0
f 5387/5387 5386/5386 5388/5388
usemtl Surface_0
f 5392/5392 5390/5390 5389/5389
usemtl Surface_0
f 5391/5391 5390/5390 5392/5392
usemtl Surface_0
f 5396/5396 5394/5394 5393/5393
usemtl Surface_0
f 5395/5395 5394/5394 5396/5396
usemtl Surface_0
f 5400/5400 5398/5398 5397/5397
usemtl Surface_0
f 5399/5399 5398/5398 5400/5400
usemtl Surface_0
f 5404/5404 5402/5402 5401/5401
usemtl Surface_0
f 5403/5403 5402/5402 5404/5404
usemtl Surface_0
f 5408/5408 5406/5406 5405/5405
usemtl Surface_0
f 5407/5407 5406/5406 5408/5408
usemtl Surface_0
f 5412/5412 5410/5410 5409/5409
usemtl Surface_0
f 5411/5411 5410/5410 5412/5412
usemtl Surface_0
f 5416/5416 5414/5414 5413/5413
usemtl Surface_0
f 5415/5415 5414/5414 5416/5416
usemtl Surface_0
f 5420/5420 5418/5418 5417/5417
usemtl Surface_0
f 5419/5419 5418/5418 5420/5420
usemtl Surface_0
f 5424/5424 5422/5422 5421/5421
usemtl Surface_0
f 5423/5423 5422/5422 5424/5424
usemtl Surface_0
f 5428/5428 5426/5426 5425/5425
usemtl Surface_0
f 5427/5427 5426/5426 5428/5428
usemtl Surface_0
f 5432/5432 5430/5430 5429/5429
usemtl Surface_0
f 5431/5431 5430/5430 5432/5432
usemtl Surface_0
f 5436/5436 5434/5434 5433/5433
usemtl Surface_0
f 5435/5435 5434/5434 5436/5436
usemtl Surface_0
f 5440/5440 5438/5438 5437/5437
usemtl Surface_0
f 5439/5439 5438/5438 5440/5440
usemtl Surface_0
f 5444/5444 5442/5442 5441/5441
usemtl Surface_0
f 5443/5443 5442/5442 5444/5444
usemtl Surface_0
f 5448/5448 5446/5446 5445/5445
usemtl Surface_0
f 5447/5447 5446/5446 5448/5448
usemtl Surface_0
f 5452/5452 5450/5450 5449/5449
usemtl Surface_0
f 5451/5451 5450/5450 5452/5452
usemtl Surface_0
f 5456/5456 5454/5454 5453/5453
usemtl Surface_0
f 5455/5455 5454/5454 5456/5456
usemtl Surface_0
f 5460/5460 5458/5458 5457/5457
usemtl Surface_0
f 5459/5459 5458/5458 5460/5460
usemtl Surface_0
f 5464/5464 5462/5462 5461/5461
usemtl Surface_0
f 5463/5463 5462/5462 5464/5464
usemtl Surface_0
f 5468/5468 5466/5466 5465/5465
usemtl Surface_0
f 5467/5467 5466/5466 5468/5468
usemtl Surface_0
f 5472/5472 5470/5470 5469/5469
usemtl Surface_0
f 5471/5471 5470/5470 5472/5472
usemtl Surface_0
f 5476/5476 5474/5474 5473/5473
usemtl Surface_0
f 5475/5475 5474/5474 5476/5476
usemtl Surface_0
f 5480/5480 5478/5478 5477/5477
usemtl Surface_0
f 5479/5479 5478/5478 5480/5480
usemtl Surface_0
f 5484/5484 5482/5482 5481/5481
usemtl Surface_0
f 5483/5483 5482/5482 5484/5484
usemtl Surface_0
f 5488/5488 5486/5486 5485/5485
usemtl Surface_0
f 5487/5487 5486/5486 5488/5488
usemtl Surface_0
f 5492/5492 5490/5490 5489/5489
usemtl Surface_0
f 5491/5491 5490/5490 5492/5492
usemtl Surface_0
f 5496/5496 5494/5494 5493/5493
usemtl Surface_0
f 5495/5495 5494/5494 5496/5496
usemtl Surface_0
f 5500/5500 5498/5498 5497/5497
usemtl Surface_0
f 5499/5499 5498/5498 5500/5500
usemtl Surface_0
f 5504/5504 5502/5502 5501/5501
usemtl Surface_0
f 5503/5503 5502/5502 5504/5504
usemtl Surface_0
f 5508/5508 5506/5506 5505/5505
usemtl Surface_0
f 5507/5507 5506/5506 5508/5508
usemtl Surface_0
f 5512/5512 5510/5510 5509/5509
usemtl Surface_0
f 5511/5511 5510/5510 5512/5512
usemtl Surface_0
f 5516/5516 5514/5514 5513/5513
usemtl Surface_0
f 5515/5515 5514/5514 5516/5516
usemtl Surface_0
f 5520/5520 5518/5518 5517/5517
usemtl Surface_0
f 5519/5519 5518/5518 5520/5520
usemtl Surface_0
f 5524/5524 5522/5522 5521/5521
usemtl Surface_0
f 5523/5523 5522/5522 5524/5524
usemtl Surface_0
f 5528/5528 5526/5526 5525/5525
usemtl Surface_0
f 5527/5527 5526/5526 5528/5528
usemtl Surface_0
f 5532/5532 5530/5530 5529/5529
usemtl Surface_0
f 5531/5531 5530/5530 5532/5532
usemtl Surface_0
f 5536/5536 5534/5534 5533/5533
usemtl Surface_0
f 5535/5535 5534/5534 5536/5536
usemtl Surface_0
f 5540/5540 5538/5538 5537/5537
usemtl Surface_0
f 5539/5539 5538/5538 5540/5540
usemtl Surface_0
f 5544/5544 5542/5542 5541/5541
usemtl Surface_0
f 5543/5543 5542/5542 5544/5544
usemtl Surface_0
f 5548/5548 5546/5546 5545/5545
usemtl Surface_0
f 5547/5547 5546/5546 5548/5548
usemtl Surface_0
f 5552/5552 5550/5550 5549/5549
usemtl Surface_0
f 5551/5551 5550/5550 5552/5552
usemtl Surface_0
f 5556/5556 5554/5554 5553/5553
usemtl Surface_0
f 5555/5555 5554/5554 5556/5556
usemtl Surface_0
f 5560/5560 5558/5558 5557/5557
usemtl Surface_0
f 5559/5559 5558/5558 5560/5560
usemtl Surface_0
f 5564/5564 5562/5562 5561/5561
usemtl Surface_0
f 5563/5563 5562/5562 5564/5564
usemtl Surface_0
f 5568/5568 5566/5566 5565/5565
usemtl Surface_0
f 5567/5567 5566/5566 5568/5568
usemtl Surface_0
f 5572/5572 5570/5570 5569/5569
usemtl Surface_0
f 5571/5571 5570/5570 5572/5572
usemtl Surface_0
f 5576/5576 5574/5574 5573/5573
usemtl Surface_0
f 5575/5575 5574/5574 5576/5576
usemtl Surface_0
f 5580/5580 5578/5578 5577/5577
usemtl Surface_0
f 5579/5579 5578/5578 5580/5580
usemtl Surface_0
f 5584/5584 5582/5582 5581/5581
usemtl Surface_0
f 5583/5583 5582/5582 5584/5584
usemtl Surface_0
f 5588/5588 5586/5586 5585/5585
usemtl Surface_0
f 5587/5587 5586/5586 5588/5588
usemtl Surface_0
f 5592/5592 5590/5590 5589/5589
usemtl Surface_0
f 5591/5591 5590/5590 5592/5592
usemtl Surface_0
f 5596/5596 5594/5594 5593/5593
usemtl Surface_0
f 5595/5595 5594/5594 5596/5596
usemtl Surface_0
f 5600/5600 5598/5598 5597/5597
usemtl Surface_0
f 5599/5599 5598/5598 5600/5600
usemtl Surface_0
f 5604/5604 5602/5602 5601/5601
usemtl Surface_0
f 5603/5603 5602/5602 5604/5604
usemtl Surface_0
f 5608/5608 5606/5606 5605/5605
usemtl Surface_0
f 5607/5607 5606/5606 5608/5608
usemtl Surface_0
f 5612/5612 5610/5610 5609/5609
usemtl Surface_0
f 5611/5611 5610/5610 5612/5612
usemtl Surface_0
f 5616/5616 5614/5614 5613/5613
usemtl Surface_0
f 5615/5615 5614/5614 5616/5616
usemtl Surface_0
f 5620/5620 5618/5618 5617/5617
usemtl Surface_0
f 5619/5619 5618/5618 5620/5620
usemtl Surface_0
f 5624/5624 5622/5622 5621/5621
usemtl Surface_0
f 5623/5623 5622/5622 5624/5624
usemtl Surface_0
f 5628/5628 5626/5626 5625/5625
usemtl Surface_0
f 5627/5627 5626/5626 5628/5628
usemtl Surface_0
f 5632/5632 5630/5630 5629/5629
usemtl Surface_0
f 5631/5631 5630/5630 5632/5632
usemtl Surface_0
f 5636/5636 5634/5634 5633/5633
usemtl Surface_0
f 5635/5635 5634/5634 5636/5636
usemtl Surface_0
f 5640/5640 5638/5638 5637/5637
usemtl Surface_0
f 5639/5639 5638/5638 5640/5640
usemtl Surface_0
f 5644/5644 5642/5642 5641/5641
usemtl Surface_0
f 5643/5643 5642/5642 5644/5644
usemtl Surface_0
f 5648/5648 5646/5646 5645/5645
usemtl Surface_0
f 5647/5647 5646/5646 5648/5648
usemtl Surface_0
f 5652/5652 5650/5650 5649/5649
usemtl Surface_0
f 5651/5651 5650/5650 5652/5652
usemtl Surface_0
f 5656/5656 5654/5654 5653/5653
usemtl Surface_0
f 5655/5655 5654/5654 5656/5656
usemtl Surface_0
f 5660/5660 5658/5658 5657/5657
usemtl Surface_0
f 5659/5659 5658/5658 5660/5660
usemtl Surface_0
f 5664/5664 5662/5662 5661/5661
usemtl Surface_0
f 5663/5663 5662/5662 5664/5664
usemtl Surface_0
f 5668/5668 5666/5666 5665/5665
usemtl Surface_0
f 5667/5667 5666/5666 5668/5668
usemtl Surface_0
f 5672/5672 5670/5670 5669/5669
usemtl Surface_0
f 5671/5671 5670/5670 5672/5672
usemtl Surface_0
f 5676/5676 5674/5674 5673/5673
usemtl Surface_0
f 5675/5675 5674/5674 5676/5676
usemtl Surface_0
f 5680/5680 5678/5678 5677/5677
usemtl Surface_0
f 5679/5679 5678/5678 5680/5680
usemtl Surface_0
f 5684/5684 5682/5682 5681/5681
usemtl Surface_0
f 5683/5683 5682/5682 5684/5684
usemtl Surface_0
f 5688/5688 5686/5686 5685/5685
usemtl Surface_0
f 5687/5687 5686/5686 5688/5688
usemtl Surface_0
f 5692/5692 5690/5690 5689/5689
usemtl Surface_0
f 5691/5691 5690/5690 5692/5692
usemtl Surface_0
f 5696/5696 5694/5694 5693/5693
usemtl Surface_0
f 5695/5695 5694/5694 5696/5696
usemtl Surface_0
f 5700/5700 5698/5698 5697/5697
usemtl Surface_0
f 5699/5699 5698/5698 5700/5700
usemtl Surface_0
f 5704/5704 5702/5702 5701/5701
usemtl Surface_0
f 5703/5703 5702/5702 5704/5704
usemtl Surface_0
f 5708/5708 5706/5706 5705/5705
usemtl Surface_0
f 5707/5707 5706/5706 5708/5708
usemtl Surface_0
f 5712/5712 5710/5710 5709/5709
usemtl Surface_0
f 5711/5711 5710/5710 5712/5712
usemtl Surface_0
f 5716/5716 5714/5714 5713/5713
usemtl Surface_0
f 5715/5715 5714/5714 5716/5716
usemtl Surface_0
f 5720/5720 5718/5718 5717/5717
usemtl Surface_0
f 5719/5719 5718/5718 5720/5720
usemtl Surface_0
f 5724/5724 5722/5722 5721/5721
usemtl Surface_0
f 5723/5723 5722/5722 5724/5724
usemtl Surface_0
f 5728/5728 5726/5726 5725/5725
usemtl Surface_0
f 5727/5727 5726/5726 5728/5728
usemtl Surface_0
f 5732/5732 5730/5730 5729/5729
usemtl Surface_0
f 5731/5731 5730/5730 5732/5732
usemtl Surface_0
f 5736/5736 5734/5734 5733/5733
usemtl Surface_0
f 5735/5735 5734/5734 5736/5736
usemtl Surface_0
f 5740/5740 5738/5738 5737/5737
usemtl Surface_0
f 5739/5739 5738/5738 5740/5740
usemtl Surface_0
f 5744/5744 5742/5742 5741/5741
usemtl Surface_0
f 5743/5743 5742/5742 5744/5744
usemtl Surface_0
f 5748/5748 5746/5746 5745/5745
usemtl Surface_0
f 5747/5747 5746/5746 5748/5748
usemtl Surface_0
f 5752/5752 5750/5750 5749/5749
usemtl Surface_0
f 5751/5751 5750/5750 5752/5752
usemtl Surface_0
f 5756/5756 5754/5754 5753/5753
usemtl Surface_0
f 5755/5755 5754/5754 5756/5756
usemtl Surface_0
f 5760/5760 5758/5758 5757/5757
usemtl Surface_0
f 5759/5759 5758/5758 5760/5760
usemtl Surface_0
f 5764/5764 5762/5762 5761/5761
usemtl Surface_0
f 5763/5763 5762/5762 5764/5764
usemtl Surface_0
f 5768/5768 5766/5766 5765/5765
usemtl Surface_0
f 5767/5767 5766/5766 5768/5768
usemtl Surface_0
f 5772/5772 5770/5770 5769/5769
usemtl Surface_0
f 5771/5771 5770/5770 5772/5772
usemtl Surface_0
f 5776/5776 5774/5774 5773/5773
usemtl Surface_0
f 5775/5775 5774/5774 5776/5776
usemtl Surface_0
f 5780/5780 5778/5778 5777/5777
usemtl Surface_0
f 5779/5779 5778/5778 5780/5780
usemtl Surface_0
f 5784/5784 5782/5782 5781/5781
usemtl Surface_0
f 5783/5783 5782/5782 5784/5784
usemtl Surface_0
f 5788/5788 5786/5786 5785/5785
usemtl Surface_0
f 5787/5787 5786/5786 5788/5788
usemtl Surface_0
f 5792/5792 5790/5790 5789/5789
usemtl Surface_0
f 5791/5791 5790/5790 5792/5792
usemtl Surface_0
f 5796/5796 5794/5794 5793/5793
usemtl Surface_0
f 5795/5795 5794/5794 5796/5796
usemtl Surface_0
f 5800/5800 5798/5798 5797/5797
usemtl Surface_0
f 5799/5799 5798/5798 5800/5800
usemtl Surface_0
f 5804/5804 5802/5802 5801/5801
usemtl Surface_0
f 5803/5803 5802/5802 5804/5804
usemtl Surface_0
f 5808/5808 5806/5806 5805/5805
usemtl Surface_0
f 5807/5807 5806/5806 5808/5808
usemtl Surface_0
f 5812/5812 5810/5810 5809/5809
usemtl Surface_0
f 5811/5811 5810/5810 5812/5812
usemtl Surface_0
f 5816/5816 5814/5814 5813/5813
usemtl Surface_0
f 5815/5815 5814/5814 5816/5816
usemtl Surface_0
f 5820/5820 5818/5818 5817/5817
usemtl Surface_0
f 5819/5819 5818/5818 5820/5820
usemtl Surface_0
f 5824/5824 5822/5822 5821/5821
usemtl Surface_0
f 5823/5823 5822/5822 5824/5824
usemtl Surface_0
f 5828/5828 5826/5826 5825/5825
usemtl Surface_0
f 5827/5827 5826/5826 5828/5828
usemtl Surface_0
f 5832/5832 5830/5830 5829/5829
usemtl Surface_0
f 5831/5831 5830/5830 5832/5832
usemtl Surface_0
f 5836/5836 5834/5834 5833/5833
usemtl Surface_0
f 5835/5835 5834/5834 5836/5836
usemtl Surface_0
f 5840/5840 5838/5838 5837/5837
usemtl Surface_0
f 5839/5839 5838/5838 5840/5840
usemtl Surface_0
f 5844/5844 5842/5842 5841/5841
usemtl Surface_0
f 5843/5843 5842/5842 5844/5844
usemtl Surface_0
f 5848/5848 5846/5846 5845/5845
usemtl Surface_0
f 5847/5847 5846/5846 5848/5848
usemtl Surface_0
f 5852/5852 5850/5850 5849/5849
usemtl Surface_0
f 5851/5851 5850/5850 5852/5852
usemtl Surface_0
f 5856/5856 5854/5854 5853/5853
usemtl Surface_0
f 5855/5855 5854/5854 5856/5856
usemtl Surface_0
f 5860/5860 5858/5858 5857/5857
usemtl Surface_0
f 5859/5859 5858/5858 5860/5860
usemtl Surface_0
f 5864/5864 5862/5862 5861/5861
usemtl Surface_0
f 5863/5863 5862/5862 5864/5864
usemtl Surface_0
f 5868/5868 5866/5866 5865/5865
usemtl Surface_0
f 5867/5867 5866/5866 5868/5868
usemtl Surface_0
f 5872/5872 5870/5870 5869/5869
usemtl Surface_0
f 5871/5871 5870/5870 5872/5872
usemtl Surface_0
f 5876/5876 5874/5874 5873/5873
usemtl Surface_0
f 5875/5875 5874/5874 5876/5876
usemtl Surface_0
f 5880/5880 5878/5878 5877/5877
usemtl Surface_0
f 5879/5879 5878/5878 5880/5880
usemtl Surface_0
f 5884/5884 5882/5882 5881/5881
usemtl Surface_0
f 5883/5883 5882/5882 5884/5884
usemtl Surface_0
f 5888/5888 5886/5886 5885/5885
usemtl Surface_0
f 5887/5887 5886/5886 5888/5888
usemtl Surface_0
f 5892/5892 5890/5890 5889/5889
usemtl Surface_0
f 5891/5891 5890/5890 5892/5892
usemtl Surface_0
f 5896/5896 5894/5894 5893/5893
usemtl Surface_0
f 5895/5895 5894/5894 5896/5896
usemtl Surface_0
f 5900/5900 5898/5898 5897/5897
usemtl Surface_0
f 5899/5899 5898/5898 5900/5900
usemtl Surface_0
f 5904/5904 5902/5902 5901/5901
usemtl Surface_0
f 5903/5903 5902/5902 5904/5904
usemtl Surface_0
f 5908/5908 5906/5906 5905/5905
usemtl Surface_0
f 5907/5907 5906/5906 5908/5908
usemtl Surface_0
f 5912/5912 5910/5910 5909/5909
usemtl Surface_0
f 5911/5911 5910/5910 5912/5912
usemtl Surface_0
f 5916/5916 5914/5914 5913/5913
usemtl Surface_0
f 5915/5915 5914/5914 5916/5916
usemtl Surface_0
f 5920/5920 5918/5918 5917/5917
usemtl Surface_0
f 5919/5919 5918/5918 5920/5920
usemtl Surface_0
f 5924/5924 5922/5922 5921/5921
usemtl Surface_0
f 5923/5923 5922/5922 5924/5924
usemtl Surface_0
f 5928/5928 5926/5926 5925/5925
usemtl Surface_0
f 5927/5927 5926/5926 5928/5928
usemtl Surface_0
f 5932/5932 5930/5930 5929/5929
usemtl Surface_0
f 5931/5931 5930/5930 5932/5932
usemtl Surface_0
f 5936/5936 5934/5934 5933/5933
usemtl Surface_0
f 5935/5935 5934/5934 5936/5936
usemtl Surface_0
f 5940/5940 5938/5938 5937/5937
usemtl Surface_0
f 5939/5939 5938/5938 5940/5940
usemtl Surface_0
f 5944/5944 5942/5942 5941/5941
usemtl Surface_0
f 5943/5943 5942/5942 5944/5944
usemtl Surface_0
f 5948/5948 5946/5946 5945/5945
usemtl Surface_0
f 5947/5947 5946/5946 5948/5948
usemtl Surface_0
f 5952/5952 5950/5950 5949/5949
usemtl Surface_0
f 5951/5951 5950/5950 5952/5952
usemtl Surface_0
f 5956/5956 5954/5954 5953/5953
usemtl Surface_0
f 5955/5955 5954/5954 5956/5956
usemtl Surface_0
f 5960/5960 5958/5958 5957/5957
usemtl Surface_0
f 5959/5959 5958/5958 5960/5960
usemtl Surface_0
f 5964/5964 5962/5962 5961/5961
usemtl Surface_0
f 5963/5963 5962/5962 5964/5964
usemtl Surface_0
f 5968/5968 5966/5966 5965/5965
usemtl Surface_0
f 5967/5967 5966/5966 5968/5968
usemtl Surface_0
f 5972/5972 5970/5970 5969/5969
usemtl Surface_0
f 5971/5971 5970/5970 5972/5972
usemtl Surface_0
f 5976/5976 5974/5974 5973/5973
usemtl Surface_0
f 5975/5975 5974/5974 5976/5976
usemtl Surface_0
f 5980/5980 5978/5978 5977/5977
usemtl Surface_0
f 5979/5979 5978/5978 5980/5980
usemtl Surface_0
f 5984/5984 5982/5982 5981/5981
usemtl Surface_0
f 5983/5983 5982/5982 5984/5984
usemtl Surface_0
f 5988/5988 5986/5986 5985/5985
usemtl Surface_0
f 5987/5987 5986/5986 5988/5988
usemtl Surface_0
f 5992/5992 5990/5990 5989/5989
usemtl Surface_0
f 5991/5991 5990/5990 5992/5992
usemtl Surface_0
f 5996/5996 5994/5994 5993/5993
usemtl Surface_0
f 5995/5995 5994/5994 5996/5996
usemtl Surface_0
f 6000/6000 5998/5998 5997/5997
usemtl Surface_0
f 5999/5999 5998/5998 6000/6000
usemtl Surface_0
f 6004/6004 6002/6002 6001/6001
usemtl Surface_0
f 6003/6003 6002/6002 6004/6004
usemtl Surface_0
f 6008/6008 6006/6006 6005/6005
usemtl Surface_0
f 6007/6007 6006/6006 6008/6008
usemtl Surface_0
f 6012/6012 6010/6010 6009/6009
usemtl Surface_0
f 6011/6011 6010/6010 6012/6012
usemtl Surface_0
f 6016/6016 6014/6014 6013/6013
usemtl Surface_0
f 6015/6015 6014/6014 6016/6016
usemtl Surface_0
f 6020/6020 6018/6018 6017/6017
usemtl Surface_0
f 6019/6019 6018/6018 6020/6020
usemtl Surface_0
f 6024/6024 6022/6022 6021/6021
usemtl Surface_0
f 6023/6023 6022/6022 6024/6024
usemtl Surface_0
f 6028/6028 6026/6026 6025/6025
usemtl Surface_0
f 6027/6027 6026/6026 6028/6028
usemtl Surface_0
f 6032/6032 6030/6030 6029/6029
usemtl Surface_0
f 6031/6031 6030/6030 6032/6032
usemtl Surface_0
f 6036/6036 6034/6034 6033/6033
usemtl Surface_0
f 6035/6035 6034/6034 6036/6036
usemtl Surface_0
f 6040/6040 6038/6038 6037/6037
usemtl Surface_0
f 6039/6039 6038/6038 6040/6040
usemtl Surface_0
f 6044/6044 6042/6042 6041/6041
usemtl Surface_0
f 6043/6043 6042/6042 6044/6044
usemtl Surface_0
f 6048/6048 6046/6046 6045/6045
usemtl Surface_0
f 6047/6047 6046/6046 6048/6048
usemtl Surface_0
f 6052/6052 6050/6050 6049/6049
usemtl Surface_0
f 6051/6051 6050/6050 6052/6052
usemtl Surface_0
f 6056/6056 6054/6054 6053/6053
usemtl Surface_0
f 6055/6055 6054/6054 6056/6056
usemtl Surface_0
f 6060/6060 6058/6058 6057/6057
usemtl Surface_0
f 6059/6059 6058/6058 6060/6060
usemtl Surface_0
f 6064/6064 6062/6062 6061/6061
usemtl Surface_0
f 6063/6063 6062/6062 6064/6064
usemtl Surface_0
f 6068/6068 6066/6066 6065/6065
usemtl Surface_0
f 6067/6067 6066/6066 6068/6068
usemtl Surface_0
f 6072/6072 6070/6070 6069/6069
usemtl Surface_0
f 6071/6071 6070/6070 6072/6072
usemtl Surface_0
f 6076/6076 6074/6074 6073/6073
usemtl Surface_0
f 6075/6075 6074/6074 6076/6076
usemtl Surface_0
f 6080/6080 6078/6078 6077/6077
usemtl Surface_0
f 6079/6079 6078/6078 6080/6080
usemtl Surface_0
f 6084/6084 6082/6082 6081/6081
usemtl Surface_0
f 6083/6083 6082/6082 6084/6084
usemtl Surface_0
f 6088/6088 6086/6086 6085/6085
usemtl Surface_0
f 6087/6087 6086/6086 6088/6088
usemtl Surface_0
f 6092/6092 6090/6090 6089/6089
usemtl Surface_0
f 6091/6091 6090/6090 6092/6092
usemtl Surface_0
f 6096/6096 6094/6094 6093/6093
usemtl Surface_0
f 6095/6095 6094/6094 6096/6096
usemtl Surface_0
f 6100/6100 6098/6098 6097/6097
usemtl Surface_0
f 6099/6099 6098/6098 6100/6100
usemtl Surface_0
f 6104/6104 6102/6102 6101/6101
usemtl Surface_0
f 6103/6103 6102/6102 6104/6104
usemtl Surface_0
f 6108/6108 6106/6106 6105/6105
usemtl Surface_0
f 6107/6107 6106/6106 6108/6108
usemtl Surface_0
f 6112/6112 6110/6110 6109/6109
usemtl Surface_0
f 6111/6111 6110/6110 6112/6112
usemtl Surface_0
f 6116/6116 6114/6114 6113/6113
usemtl Surface_0
f 6115/6115 6114/6114 6116/6116
usemtl Surface_0
f 6120/6120 6118/6118 6117/6117
usemtl Surface_0
f 6119/6119 6118/6118 6120/6120
usemtl Surface_0
f 6124/6124 6122/6122 6121/6121
usemtl Surface_0
f 6123/6123 6122/6122 6124/6124
usemtl Surface_0
f 6128/6128 6126/6126 6125/6125
usemtl Surface_0
f 6127/6127 6126/6126 6128/6128
usemtl Surface_0
f 6132/6132 6130/6130 6129/6129
usemtl Surface_0
f 6131/6131 6130/6130 6132/6132
usemtl Surface_0
f 6136/6136 6134/6134 6133/6133
usemtl Surface_0
f 6135/6135 6134/6134 6136/6136
usemtl Surface_0
f 6140/6140 6138/6138 6137/6137
usemtl Surface_0
f 6139/6139 6138/6138 6140/6140
usemtl Surface_0
f 6144/6144 6142/6142 6141/6141
usemtl Surface_0
f 6143/6143 6142/6142 6144/6144
usemtl Surface_0
f 6148/6148 6146/6146 6145/6145
usemtl Surface_0
f 6147/6147 6146/6146 6148/6148
usemtl Surface_0
f 6152/6152 6150/6150 6149/6149
usemtl Surface_0
f 6151/6151 6150/6150 6152/6152
usemtl Surface_0
f 6156/6156 6154/6154 6153/6153
usemtl Surface_0
f 6155/6155 6154/6154 6156/6156
usemtl Surface_0
f 6160/6160 6158/6158 6157/6157
usemtl Surface_0
f 6159/6159 6158/6158 6160/6160
usemtl Surface_0
f 6164/6164 6162/6162 6161/6161
usemtl Surface_0
f 6163/6163 6162/6162 6164/6164
usemtl Surface_0
f 6168/6168 6166/6166 6165/6165
usemtl Surface_0
f 6167/6167 6166/6166 6168/6168
usemtl Surface_0
f 6172/6172 6170/6170 6169/6169
usemtl Surface_0
f 6171/6171 6170/6170 6172/6172
usemtl Surface_0
f 6176/6176 6174/6174 6173/6173
usemtl Surface_0
f 6175/6175 6174/6174 6176/6176
usemtl Surface_0
f 6180/6180 6178/6178 6177/6177
usemtl Surface_0
f 6179/6179 6178/6178 6180/6180
usemtl Surface_0
f 6184/6184 6182/6182 6181/6181
usemtl Surface_0
f 6183/6183 6182/6182 6184/6184
usemtl Surface_0
f 6188/6188 6186/6186 6185/6185
usemtl Surface_0
f 6187/6187 6186/6186 6188/6188
usemtl Surface_0
f 6192/6192 6190/6190 6189/6189
usemtl Surface_0
f 6191/6191 6190/6190 6192/6192
usemtl Surface_0
f 6196/6196 6194/6194 6193/6193
usemtl Surface_0
f 6195/6195 6194/6194 6196/6196
usemtl Surface_0
f 6200/6200 6198/6198 6197/6197
usemtl Surface_0
f 6199/6199 6198/6198 6200/6200
usemtl Surface_0
f 6204/6204 6202/6202 6201/6201
usemtl Surface_0
f 6203/6203 6202/6202 6204/6204
usemtl Surface_0
f 6208/6208 6206/6206 6205/6205
usemtl Surface_0
f 6207/6207 6206/6206 6208/6208
usemtl Surface_0
f 6212/6212 6210/6210 6209/6209
usemtl Surface_0
f 6211/6211 6210/6210 6212/6212
usemtl Surface_0
f 6216/6216 6214/6214 6213/6213
usemtl Surface_0
f 6215/6215 6214/6214 6216/6216
usemtl Surface_0
f 6220/6220 6218/6218 6217/6217
usemtl Surface_0
f 6219/6219 6218/6218 6220/6220
usemtl Surface_0
f 6224/6224 6222/6222 6221/6221
usemtl Surface_0
f 6223/6223 6222/6222 6224/6224
usemtl Surface_0
f 6228/6228 6226/6226 6225/6225
usemtl Surface_0
f 6227/6227 6226/6226 6228/6228
usemtl Surface_0
f 6232/6232 6230/6230 6229/6229
usemtl Surface_0
f 6231/6231 6230/6230 6232/6232
usemtl Surface_0
f 6236/6236 6234/6234 6233/6233
usemtl Surface_0
f 6235/6235 6234/6234 6236/6236
usemtl Surface_0
f 6240/6240 6238/6238 6237/6237
usemtl Surface_0
f 6239/6239 6238/6238 6240/6240
usemtl Surface_0
f 6244/6244 6242/6242 6241/6241
usemtl Surface_0
f 6243/6243 6242/6242 6244/6244
usemtl Surface_0
f 6248/6248 6246/6246 6245/6245
usemtl Surface_0
f 6247/6247 6246/6246 6248/6248
usemtl Surface_0
f 6252/6252 6250/6250 6249/6249
usemtl Surface_0
f 6251/6251 6250/6250 6252/6252
usemtl Surface_0
f 6256/6256 6254/6254 6253/6253
usemtl Surface_0
f 6255/6255 6254/6254 6256/6256
usemtl Surface_0
f 6260/6260 6258/6258 6257/6257
usemtl Surface_0
f 6259/6259 6258/6258 6260/6260
usemtl Surface_0
f 6264/6264 6262/6262 6261/6261
usemtl Surface_0
f 6263/6263 6262/6262 6264/6264
usemtl Surface_0
f 6268/6268 6266/6266 6265/6265
usemtl Surface_0
f 6267/6267 6266/6266 6268/6268
usemtl Surface_0
f 6272/6272 6270/6270 6269/6269
usemtl Surface_0
f 6271/6271 6270/6270 6272/6272
usemtl Surface_0
f 6276/6276 6274/6274 6273/6273
usemtl Surface_0
f 6275/6275 6274/6274 6276/6276
usemtl Surface_0
f 6280/6280 6278/6278 6277/6277
usemtl Surface_0
f 6279/6279 6278/6278 6280/6280
usemtl Surface_0
f 6284/6284 6282/6282 6281/6281
usemtl Surface_0
f 6283/6283 6282/6282 6284/6284
usemtl Surface_0
f 6288/6288 6286/6286 6285/6285
usemtl Surface_0
f 6287/6287 6286/6286 6288/6288
usemtl Surface_0
f 6292/6292 6290/6290 6289/6289
usemtl Surface_0
f 6291/6291 6290/6290 6292/6292
usemtl Surface_0
f 6296/6296 6294/6294 6293/6293
usemtl Surface_0
f 6295/6295 6294/6294 6296/6296
usemtl Surface_0
f 6300/6300 6298/6298 6297/6297
usemtl Surface_0
f 6299/6299 6298/6298 6300/6300
usemtl Surface_0
f 6304/6304 6302/6302 6301/6301
usemtl Surface_0
f 6303/6303 6302/6302 6304/6304
usemtl Surface_0
f 6308/6308 6306/6306 6305/6305
usemtl Surface_0
f 6307/6307 6306/6306 6308/6308
usemtl Surface_0
f 6312/6312 6310/6310 6309/6309
usemtl Surface_0
f 6311/6311 6310/6310 6312/6312
usemtl Surface_0
f 6316/6316 6314/6314 6313/6313
usemtl Surface_0
f 6315/6315 6314/6314 6316/6316
usemtl Surface_0
f 6320/6320 6318/6318 6317/6317
usemtl Surface_0
f 6319/6319 6318/6318 6320/6320
usemtl Surface_0
f 6324/6324 6322/6322 6321/6321
usemtl Surface_0
f 6323/6323 6322/6322 6324/6324
usemtl Surface_0
f 6328/6328 6326/6326 6325/6325
usemtl Surface_0
f 6327/6327 6326/6326 6328/6328
usemtl Surface_0
f 6332/6332 6330/6330 6329/6329
usemtl Surface_0
f 6331/6331 6330/6330 6332/6332
usemtl Surface_0
f 6336/6336 6334/6334 6333/6333
usemtl Surface_0
f 6335/6335 6334/6334 6336/6336
usemtl Surface_0
f 6340/6340 6338/6338 6337/6337
usemtl Surface_0
f 6339/6339 6338/6338 6340/6340
usemtl Surface_0
f 6344/6344 6342/6342 6341/6341
usemtl Surface_0
f 6343/6343 6342/6342 6344/6344
usemtl Surface_0
f 6348/6348 6346/6346 6345/6345
usemtl Surface_0
f 6347/6347 6346/6346 6348/6348
usemtl Surface_0
f 6352/6352 6350/6350 6349/6349
usemtl Surface_0
f 6351/6351 6350/6350 6352/6352
usemtl Surface_0
f 6353/6353 6355/6355 6354/6354
usemtl Surface_0
f 6356/6356 6358/6358 6357/6357
usemtl Surface_0
f 6359/6359 6361/6361 6360/6360
usemtl Surface_0
f 6362/6362 6364/6364 6363/6363
usemtl Surface_0
f 6365/6365 6367/6367 6366/6366
usemtl Surface_0
f 6368/6368 6370/6370 6369/6369
usemtl Surface_0
f 6371/6371 6373/6373 6372/6372
usemtl Surface_0
f 6374/6374 6376/6376 6375/6375
usemtl Surface_0
f 6377/6377 6379/6379 6378/6378
usemtl Surface_0
f 6380/6380 6382/6382 6381/6381
usemtl Surface_0
f 6383/6383 6385/6385 6384/6384
usemtl Surface_0
f 6386/6386 6388/6388 6387/6387
usemtl Surface_0
f 6389/6389 6391/6391 6390/6390
usemtl Surface_0
f 6392/6392 6394/6394 6393/6393
usemtl Surface_0
f 6395/6395 6397/6397 6396/6396
usemtl Surface_0
f 6398/6398 6400/6400 6399/6399
usemtl Surface_0
f 6401/6401 6403/6403 6402/6402
usemtl Surface_0
f 6404/6404 6406/6406 6405/6405
usemtl Surface_0
f 6407/6407 6409/6409 6408/6408
usemtl Surface_0
f 6410/6410 6412/6412 6411/6411
usemtl Surface_0
f 6413/6413 6415/6415 6414/6414
usemtl Surface_0
f 6416/6416 6418/6418 6417/6417
usemtl Surface_0
f 6419/6419 6421/6421 6420/6420
usemtl Surface_0
f 6422/6422 6424/6424 6423/6423
usemtl Surface_0
f 6425/6425 6427/6427 6426/6426
usemtl Surface_0
f 6428/6428 6430/6430 6429/6429
usemtl Surface_0
f 6431/6431 6433/6433 6432/6432
usemtl Surface_0
f 6434/6434 6436/6436 6435/6435
usemtl Surface_0
f 6437/6437 6439/6439 6438/6438
usemtl Surface_0
f 6440/6440 6442/6442 6441/6441
usemtl Surface_0
f 6443/6443 6445/6445 6444/6444
usemtl Surface_0
f 6446/6446 6448/6448 6447/6447
usemtl Surface_3
f 6449/6449 6451/6451 6450/6450
usemtl Surface_3
f 6452/6452 6454/6454 6453/6453
usemtl Surface_3
f 6455/6455 6457/6457 6456/6456
usemtl Surface_3
f 6458/6458 6460/6460 6459/6459
usemtl Surface_3
f 6461/6461 6463/6463 6462/6462
usemtl Surface_3
f 6464/6464 6466/6466 6465/6465
usemtl Surface_3
f 6467/6467 6469/6469 6468/6468
usemtl Surface_3
f 6470/6470 6472/6472 6471/6471
usemtl Surface_3
f 6473/6473 6475/6475 6474/6474
usemtl Surface_3
f 6476/6476 6478/6478 6477/6477
usemtl Surface_3
f 6479/6479 6481/6481 6480/6480
usemtl Surface_3
f 6482/6482 6484/6484 6483/6483
usemtl Surface_3
f 6488/6488 6486/6486 6485/6485
usemtl Surface_3
f 6487/6487 6486/6486 6488/6488
usemtl Surface_3
f 6492/6492 6490/6490 6489/6489
usemtl Surface_3
f 6491/6491 6490/6490 6492/6492
usemtl Surface_3
f 6496/6496 6494/6494 6493/6493
usemtl Surface_3
f 6495/6495 6494/6494 6496/6496
usemtl Surface_3
f 6500/6500 6498/6498 6497/6497
usemtl Surface_3
f 6499/6499 6498/6498 6500/6500
usemtl Surface_3
f 6504/6504 6502/6502 6501/6501
usemtl Surface_3
f 6503/6503 6502/6502 6504/6504
usemtl Surface_3
f 6508/6508 6506/6506 6505/6505
usemtl Surface_3
f 6507/6507 6506/6506 6508/6508
usemtl Surface_3
f 6512/6512 6510/6510 6509/6509
usemtl Surface_3
f 6511/6511 6510/6510 6512/6512
usemtl Surface_3
f 6516/6516 6514/6514 6513/6513
usemtl Surface_3
f 6515/6515 6514/6514 6516/6516
usemtl Surface_3
f 6520/6520 6518/6518 6517/6517
usemtl Surface_3
f 6519/6519 6518/6518 6520/6520
usemtl Surface_3
f 6524/6524 6522/6522 6521/6521
usemtl Surface_3
f 6523/6523 6522/6522 6524/6524
usemtl Surface_3
f 6528/6528 6526/6526 6525/6525
usemtl Surface_3
f 6527/6527 6526/6526 6528/6528
usemtl Surface_3
f 6532/6532 6530/6530 6529/6529
usemtl Surface_3
f 6531/6531 6530/6530 6532/6532
usemtl Surface_3
f 6536/6536 6534/6534 6533/6533
usemtl Surface_3
f 6535/6535 6534/6534 6536/6536
usemtl Surface_3
f 6540/6540 6538/6538 6537/6537
usemtl Surface_3
f 6539/6539 6538/6538 6540/6540
usemtl Surface_3
f 6544/6544 6542/6542 6541/6541
usemtl Surface_3
f 6543/6543 6542/6542 6544/6544
usemtl Surface_3
f 6548/6548 6546/6546 6545/6545
usemtl Surface_3
f 6547/6547 6546/6546 6548/6548
usemtl Surface_3
f 6552/6552 6550/6550 6549/6549
usemtl Surface_3
f 6551/6551 6550/6550 6552/6552
usemtl Surface_3
f 6556/6556 6554/6554 6553/6553
usemtl Surface_3
f 6555/6555 6554/6554 6556/6556
usemtl Surface_3
f 6560/6560 6558/6558 6557/6557
usemtl Surface_3
f 6559/6559 6558/6558 6560/6560
usemtl Surface_3
f 6564/6564 6562/6562 6561/6561
usemtl Surface_3
f 6563/6563 6562/6562 6564/6564
usemtl Surface_3
f 6568/6568 6566/6566 6565/6565
usemtl Surface_3
f 6567/6567 6566/6566 6568/6568
usemtl Surface_3
f 6572/6572 6570/6570 6569/6569
usemtl Surface_3
f 6571/6571 6570/6570 6572/6572
usemtl Surface_3
f 6576/6576 6574/6574 6573/6573
usemtl Surface_3
f 6575/6575 6574/6574 6576/6576
usemtl Surface_3
f 6580/6580 6578/6578 6577/6577
usemtl Surface_3
f 6579/6579 6578/6578 6580/6580
usemtl Surface_3
f 6584/6584 6582/6582 6581/6581
usemtl Surface_3
f 6583/6583 6582/6582 6584/6584
usemtl Surface_3
f 6588/6588 6586/6586 6585/6585
usemtl Surface_3
f 6587/6587 6586/6586 6588/6588
usemtl Surface_3
f 6592/6592 6590/6590 6589/6589
usemtl Surface_3
f 6591/6591 6590/6590 6592/6592
usemtl Surface_3
f 6596/6596 6594/6594 6593/6593
usemtl Surface_3
f 6595/6595 6594/6594 6596/6596
usemtl Surface_3
f 6600/6600 6598/6598 6597/6597
usemtl Surface_3
f 6599/6599 6598/6598 6600/6600
usemtl Surface_3
f 6604/6604 6602/6602 6601/6601
usemtl Surface_3
f 6603/6603 6602/6602 6604/6604
usemtl Surface_3
f 6608/6608 6606/6606 6605/6605
usemtl Surface_3
f 6607/6607 6606/6606 6608/6608
usemtl Surface_3
f 6612/6612 6610/6610 6609/6609
usemtl Surface_3
f 6611/6611 6610/6610 6612/6612
usemtl Surface_3
f 6616/6616 6614/6614 6613/6613
usemtl Surface_3
f 6615/6615 6614/6614 6616/6616
usemtl Surface_3
f 6620/6620 6618/6618 6617/6617
usemtl Surface_3
f 6619/6619 6618/6618 6620/6620
usemtl Surface_3
f 6624/6624 6622/6622 6621/6621
usemtl Surface_3
f 6623/6623 6622/6622 6624/6624
usemtl Surface_3
f 6628/6628 6626/6626 6625/6625
usemtl Surface_3
f 6627/6627 6626/6626 6628/6628
usemtl Surface_3
f 6632/6632 6630/6630 6629/6629
usemtl Surface_3
f 6631/6631 6630/6630 6632/6632
usemtl Surface_3
f 6636/6636 6634/6634 6633/6633
usemtl Surface_3
f 6635/6635 6634/6634 6636/6636
usemtl Surface_3
f 6640/6640 6638/6638 6637/6637
usemtl Surface_3
f 6639/6639 6638/6638 6640/6640
usemtl Surface_3
f 6644/6644 6642/6642 6641/6641
usemtl Surface_3
f 6643/6643 6642/6642 6644/6644
usemtl Surface_3
f 6648/6648 6646/6646 6645/6645
usemtl Surface_3
f 6647/6647 6646/6646 6648/6648
usemtl Surface_3
f 6652/6652 6650/6650 6649/6649
usemtl Surface_3
f 6651/6651 6650/6650 6652/6652
usemtl Surface_3
f 6656/6656 6654/6654 6653/6653
usemtl Surface_3
f 6655/6655 6654/6654 6656/6656
usemtl Surface_3
f 6660/6660 6658/6658 6657/6657
usemtl Surface_3
f 6659/6659 6658/6658 6660/6660
usemtl Surface_3
f 6664/6664 6662/6662 6661/6661
usemtl Surface_3
f 6663/6663 6662/6662 6664/6664
usemtl Surface_3
f 6668/6668 6666/6666 6665/6665
usemtl Surface_3
f 6667/6667 6666/6666 6668/6668
usemtl Surface_3
f 6672/6672 6670/6670 6669/6669
usemtl Surface_3
f 6671/6671 6670/6670 6672/6672
usemtl Surface_3
f 6676/6676 6674/6674 6673/6673
usemtl Surface_3
f 6675/6675 6674/6674 6676/6676
usemtl Surface_3
f 6680/6680 6678/6678 6677/6677
usemtl Surface_3
f 6679/6679 6678/6678 6680/6680
usemtl Surface_3
f 6684/6684 6682/6682 6681/6681
usemtl Surface_3
f 6683/6683 6682/6682 6684/6684
usemtl Surface_3
f 6688/6688 6686/6686 6685/6685
usemtl Surface_3
f 6687/6687 6686/6686 6688/6688
usemtl Surface_3
f 6692/6692 6690/6690 6689/6689
usemtl Surface_3
f 6691/6691 6690/6690 6692/6692
usemtl Surface_3
f 6696/6696 6694/6694 6693/6693
usemtl Surface_3
f 6695/6695 6694/6694 6696/6696
usemtl Surface_3
f 6700/6700 6698/6698 6697/6697
usemtl Surface_3
f 6699/6699 6698/6698 6700/6700
usemtl Surface_3
f 6704/6704 6702/6702 6701/6701
usemtl Surface_3
f 6703/6703 6702/6702 6704/6704
usemtl Surface_3
f 6708/6708 6706/6706 6705/6705
usemtl Surface_3
f 6707/6707 6706/6706 6708/6708
usemtl Surface_3
f 6712/6712 6710/6710 6709/6709
usemtl Surface_3
f 6711/6711 6710/6710 6712/6712
usemtl Surface_3
f 6716/6716 6714/6714 6713/6713
usemtl Surface_3
f 6715/6715 6714/6714 6716/6716
usemtl Surface_3
f 6720/6720 6718/6718 6717/6717
usemtl Surface_3
f 6719/6719 6718/6718 6720/6720
usemtl Surface_3
f 6724/6724 6722/6722 6721/6721
usemtl Surface_3
f 6723/6723 6722/6722 6724/6724
usemtl Surface_3
f 6728/6728 6726/6726 6725/6725
usemtl Surface_3
f 6727/6727 6726/6726 6728/6728
usemtl Surface_3
f 6732/6732 6730/6730 6729/6729
usemtl Surface_3
f 6731/6731 6730/6730 6732/6732
usemtl Surface_3
f 6736/6736 6734/6734 6733/6733
usemtl Surface_3
f 6735/6735 6734/6734 6736/6736
usemtl Surface_3
f 6740/6740 6738/6738 6737/6737
usemtl Surface_3
f 6739/6739 6738/6738 6740/6740
usemtl Surface_3
f 6744/6744 6742/6742 6741/6741
usemtl Surface_3
f 6743/6743 6742/6742 6744/6744
usemtl Surface_3
f 6748/6748 6746/6746 6745/6745
usemtl Surface_3
f 6747/6747 6746/6746 6748/6748
usemtl Surface_3
f 6752/6752 6750/6750 6749/6749
usemtl Surface_3
f 6751/6751 6750/6750 6752/6752
usemtl Surface_3
f 6756/6756 6754/6754 6753/6753
usemtl Surface_3
f 6755/6755 6754/6754 6756/6756
usemtl Surface_3
f 6760/6760 6758/6758 6757/6757
usemtl Surface_3
f 6759/6759 6758/6758 6760/6760
usemtl Surface_3
f 6764/6764 6762/6762 6761/6761
usemtl Surface_3
f 6763/6763 6762/6762 6764/6764
usemtl Surface_3
f 6768/6768 6766/6766 6765/6765
usemtl Surface_3
f 6767/6767 6766/6766 6768/6768
usemtl Surface_3
f 6772/6772 6770/6770 6769/6769
usemtl Surface_3
f 6771/6771 6770/6770 6772/6772
usemtl Surface_3
f 6773/6773 6775/6775 6774/6774
usemtl Surface_3
f 6776/6776 6778/6778 6777/6777
usemtl Surface_3
f 6779/6779 6781/6781 6780/6780
usemtl Surface_3
f 6782/6782 6784/6784 6783/6783
usemtl Surface_3
f 6785/6785 6787/6787 6786/6786
usemtl Surface_3
f 6788/6788 6790/6790 6789/6789
usemtl Surface_3
f 6791/6791 6793/6793 6792/6792
usemtl Surface_3
f 6794/6794 6796/6796 6795/6795
usemtl Surface_3
f 6797/6797 6799/6799 6798/6798
usemtl Surface_3
f 6800/6800 6802/6802 6801/6801
usemtl Surface_3
f 6803/6803 6805/6805 6804/6804
usemtl Surface_3
f 6806/6806 6808/6808 6807/6807
usemtl Surface_3
f 6809/6809 6811/6811 6810/6810
usemtl Surface_3
f 6812/6812 6814/6814 6813/6813
usemtl Surface_3
f 6815/6815 6817/6817 6816/6816
usemtl Surface_3
f 6818/6818 6820/6820 6819/6819
usemtl Surface_3
f 6821/6821 6823/6823 6822/6822
usemtl Surface_3
f 6824/6824 6826/6826 6825/6825
usemtl Surface_3
f 6827/6827 6829/6829 6828/6828
usemtl Surface_3
f 6830/6830 6832/6832 6831/6831
usemtl Surface_3
f 6833/6833 6835/6835 6834/6834
usemtl Surface_3
f 6836/6836 6838/6838 6837/6837
usemtl Surface_3
f 6839/6839 6841/6841 6840/6840
usemtl Surface_3
f 6842/6842 6844/6844 6843/6843
usemtl Surface_3
f 6848/6848 6846/6846 6845/6845
usemtl Surface_3
f 6847/6847 6846/6846 6848/6848
usemtl Surface_3
f 6852/6852 6850/6850 6849/6849
usemtl Surface_3
f 6851/6851 6850/6850 6852/6852
usemtl Surface_3
f 6856/6856 6854/6854 6853/6853
usemtl Surface_3
f 6855/6855 6854/6854 6856/6856
usemtl Surface_3
f 6860/6860 6858/6858 6857/6857
usemtl Surface_3
f 6859/6859 6858/6858 6860/6860
usemtl Surface_3
f 6864/6864 6862/6862 6861/6861
usemtl Surface_3
f 6863/6863 6862/6862 6864/6864
usemtl Surface_3
f 6868/6868 6866/6866 6865/6865
usemtl Surface_3
f 6867/6867 6866/6866 6868/6868
usemtl Surface_3
f 6872/6872 6870/6870 6869/6869
usemtl Surface_3
f 6871/6871 6870/6870 6872/6872
usemtl Surface_3
f 6876/6876 6874/6874 6873/6873
usemtl Surface_3
f 6875/6875 6874/6874 6876/6876
usemtl Surface_3
f 6880/6880 6878/6878 6877/6877
usemtl Surface_3
f 6879/6879 6878/6878 6880/6880
usemtl Surface_3
f 6884/6884 6882/6882 6881/6881
usemtl Surface_3
f 6883/6883 6882/6882 6884/6884
usemtl Surface_3
f 6888/6888 6886/6886 6885/6885
usemtl Surface_3
f 6887/6887 6886/6886 6888/6888
usemtl Surface_3
f 6892/6892 6890/6890 6889/6889
usemtl Surface_3
f 6891/6891 6890/6890 6892/6892
usemtl Surface_3
f 6896/6896 6894/6894 6893/6893
usemtl Surface_3
f 6895/6895 6894/6894 6896/6896
usemtl Surface_3
f 6900/6900 6898/6898 6897/6897
usemtl Surface_3
f 6899/6899 6898/6898 6900/6900
usemtl Surface_3
f 6904/6904 6902/6902 6901/6901
usemtl Surface_3
f 6903/6903 6902/6902 6904/6904
usemtl Surface_3
f 6908/6908 6906/6906 6905/6905
usemtl Surface_3
f 6907/6907 6906/6906 6908/6908
usemtl Surface_3
f 6912/6912 6910/6910 6909/6909
usemtl Surface_3
f 6911/6911 6910/6910 6912/6912
usemtl Surface_3
f 6916/6916 6914/6914 6913/6913
usemtl Surface_3
f 6915/6915 6914/6914 6916/6916
usemtl Surface_3
f 6920/6920 6918/6918 6917/6917
usemtl Surface_3
f 6919/6919 6918/6918 6920/6920
usemtl Surface_3
f 6924/6924 6922/6922 6921/6921
usemtl Surface_3
f 6923/6923 6922/6922 6924/6924
usemtl Surface_3
f 6928/6928 6926/6926 6925/6925
usemtl Surface_3
f 6927/6927 6926/6926 6928/6928
usemtl Surface_3
f 6932/6932 6930/6930 6929/6929
usemtl Surface_3
f 6931/6931 6930/6930 6932/6932
usemtl Surface_3
f 6936/6936 6934/6934 6933/6933
usemtl Surface_3
f 6935/6935 6934/6934 6936/6936
usemtl Surface_3
f 6940/6940 6938/6938 6937/6937
usemtl Surface_3
f 6939/6939 6938/6938 6940/6940
usemtl Surface_3
f 6944/6944 6942/6942 6941/6941
usemtl Surface_3
f 6943/6943 6942/6942 6944/6944
usemtl Surface_3
f 6948/6948 6946/6946 6945/6945
usemtl Surface_3
f 6947/6947 6946/6946 6948/6948
usemtl Surface_3
f 6952/6952 6950/6950 6949/6949
usemtl Surface_3
f 6951/6951 6950/6950 6952/6952
usemtl Surface_3
f 6956/6956 6954/6954 6953/6953
usemtl Surface_3
f 6955/6955 6954/6954 6956/6956
usemtl Surface_3
f 6960/6960 6958/6958 6957/6957
usemtl Surface_3
f 6959/6959 6958/6958 6960/6960
usemtl Surface_3
f 6964/6964 6962/6962 6961/6961
usemtl Surface_3
f 6963/6963 6962/6962 6964/6964
usemtl Surface_3
f 6968/6968 6966/6966 6965/6965
usemtl Surface_3
f 6967/6967 6966/6966 6968/6968
usemtl Surface_3
f 6972/6972 6970/6970 6969/6969
usemtl Surface_3
f 6971/6971 6970/6970 6972/6972
usemtl Surface_3
f 6976/6976 6974/6974 6973/6973
usemtl Surface_3
f 6975/6975 6974/6974 6976/6976
usemtl Surface_3
f 6980/6980 6978/6978 6977/6977
usemtl Surface_3
f 6979/6979 6978/6978 6980/6980
usemtl Surface_3
f 6984/6984 6982/6982 6981/6981
usemtl Surface_3
f 6983/6983 6982/6982 6984/6984
usemtl Surface_3
f 6988/6988 6986/6986 6985/6985
usemtl Surface_3
f 6987/6987 6986/6986 6988/6988
usemtl Surface_3
f 6992/6992 6990/6990 6989/6989
usemtl Surface_3
f 6991/6991 6990/6990 6992/6992
usemtl Surface_3
f 6996/6996 6994/6994 6993/6993
usemtl Surface_3
f 6995/6995 6994/6994 6996/6996
usemtl Surface_3
f 7000/7000 6998/6998 6997/6997
usemtl Surface_3
f 6999/6999 6998/6998 7000/7000
usemtl Surface_3
f 7004/7004 7002/7002 7001/7001
usemtl Surface_3
f 7003/7003 7002/7002 7004/7004
usemtl Surface_3
f 7008/7008 7006/7006 7005/7005
usemtl Surface_3
f 7007/7007 7006/7006 7008/7008
usemtl Surface_3
f 7012/7012 7010/7010 7009/7009
usemtl Surface_3
f 7011/7011 7010/7010 7012/7012
usemtl Surface_3
f 7016/7016 7014/7014 7013/7013
usemtl Surface_3
f 7015/7015 7014/7014 7016/7016
usemtl Surface_3
f 7020/7020 7018/7018 7017/7017
usemtl Surface_3
f 7019/7019 7018/7018 7020/7020
usemtl Surface_3
f 7024/7024 7022/7022 7021/7021
usemtl Surface_3
f 7023/7023 7022/7022 7024/7024
usemtl Surface_3
f 7028/7028 7026/7026 7025/7025
usemtl Surface_3
f 7027/7027 7026/7026 7028/7028
usemtl Surface_3
f 7032/7032 7030/7030 7029/7029
usemtl Surface_3
f 7031/7031 7030/7030 7032/7032
usemtl Surface_3
f 7036/7036 7034/7034 7033/7033
usemtl Surface_3
f 7035/7035 7034/7034 7036/7036
usemtl Surface_3
f 7040/7040 7038/7038 7037/7037
usemtl Surface_3
f 7039/7039 7038/7038 7040/7040
usemtl Surface_3
f 7044/7044 7042/7042 7041/7041
usemtl Surface_3
f 7043/7043 7042/7042 7044/7044
usemtl Surface_3
f 7048/7048 7046/7046 7045/7045
usemtl Surface_3
f 7047/7047 7046/7046 7048/7048
usemtl Surface_3
f 7052/7052 7050/7050 7049/7049
usemtl Surface_3
f 7051/7051 7050/7050 7052/7052
usemtl Surface_3
f 7056/7056 7054/7054 7053/7053
usemtl Surface_3
f 7055/7055 7054/7054 7056/7056
usemtl Surface_3
f 7060/7060 7058/7058 7057/7057
usemtl Surface_3
f 7059/7059 7058/7058 7060/7060
usemtl Surface_3
f 7064/7064 7062/7062 7061/7061
usemtl Surface_3
f 7063/7063 7062/7062 7064/7064
usemtl Surface_3
f 7068/7068 7066/7066 7065/7065
usemtl Surface_3
f 7067/7067 7066/7066 7068/7068
usemtl Surface_3
f 7072/7072 7070/7070 7069/7069
usemtl Surface_3
f 7071/7071 7070/7070 7072/7072
usemtl Surface_3
f 7076/7076 7074/7074 7073/7073
usemtl Surface_3
f 7075/7075 7074/7074 7076/7076
usemtl Surface_3
f 7080/7080 7078/7078 7077/7077
usemtl Surface_3
f 7079/7079 7078/7078 7080/7080
usemtl Surface_3
f 7084/7084 7082/7082 7081/7081
usemtl Surface_3
f 7083/7083 7082/7082 7084/7084
usemtl Surface_3
f 7088/7088 7086/7086 7085/7085
usemtl Surface_3
f 7087/7087 7086/7086 7088/7088
usemtl Surface_3
f 7092/7092 7090/7090 7089/7089
usemtl Surface_3
f 7091/7091 7090/7090 7092/7092
usemtl Surface_3
f 7096/7096 7094/7094 7093/7093
usemtl Surface_3
f 7095/7095 7094/7094 7096/7096
usemtl Surface_3
f 7100/7100 7098/7098 7097/7097
usemtl Surface_3
f 7099/7099 7098/7098 7100/7100
usemtl Surface_3
f 7104/7104 7102/7102 7101/7101
usemtl Surface_3
f 7103/7103 7102/7102 7104/7104
usemtl Surface_3
f 7108/7108 7106/7106 7105/7105
usemtl Surface_3
f 7107/7107 7106/7106 7108/7108
usemtl Surface_3
f 7112/7112 7110/7110 7109/7109
usemtl Surface_3
f 7111/7111 7110/7110 7112/7112
usemtl Surface_3
f 7116/7116 7114/7114 7113/7113
usemtl Surface_3
f 7115/7115 7114/7114 7116/7116
usemtl Surface_3
f 7120/7120 7118/7118 7117/7117
usemtl Surface_3
f 7119/7119 7118/7118 7120/7120
usemtl Surface_3
f 7124/7124 7122/7122 7121/7121
usemtl Surface_3
f 7123/7123 7122/7122 7124/7124
usemtl Surface_3
f 7128/7128 7126/7126 7125/7125
usemtl Surface_3
f 7127/7127 7126/7126 7128/7128
usemtl Surface_3
f 7132/7132 7130/7130 7129/7129
usemtl Surface_3
f 7131/7131 7130/7130 7132/7132
usemtl Surface_3
f 7133/7133 7135/7135 7134/7134
usemtl Surface_3
f 7136/7136 7138/7138 7137/7137
usemtl Surface_3
f 7139/7139 7141/7141 7140/7140
usemtl Surface_3
f 7142/7142 7144/7144 7143/7143
usemtl Surface_3
f 7145/7145 7147/7147 7146/7146
usemtl Surface_3
f 7148/7148 7150/7150 7149/7149
usemtl Surface_3
f 7151/7151 7153/7153 7152/7152
usemtl Surface_3
f 7154/7154 7156/7156 7155/7155
usemtl Surface_3
f 7157/7157 7159/7159 7158/7158
usemtl Surface_3
f 7160/7160 7162/7162 7161/7161
usemtl Surface_3
f 7163/7163 7165/7165 7164/7164
usemtl Surface_3
f 7166/7166 7168/7168 7167/7167
usemtl Surface_3
f 7169/7169 7171/7171 7170/7170
usemtl Surface_3
f 7172/7172 7174/7174 7173/7173
usemtl Surface_3
f 7175/7175 7177/7177 7176/7176
usemtl Surface_3
f 7178/7178 7180/7180 7179/7179
usemtl Surface_3
f 7181/7181 7183/7183 7182/7182
usemtl Surface_3
f 7184/7184 7186/7186 7185/7185
usemtl Surface_3
f 7187/7187 7189/7189 7188/7188
usemtl Surface_3
f 7190/7190 7192/7192 7191/7191
usemtl Surface_3
f 7193/7193 7195/7195 7194/7194
usemtl Surface_3
f 7196/7196 7198/7198 7197/7197
usemtl Surface_3
f 7199/7199 7201/7201 7200/7200
usemtl Surface_3
f 7202/7202 7204/7204 7203/7203
usemtl Surface_3
f 7208/7208 7206/7206 7205/7205
usemtl Surface_3
f 7207/7207 7206/7206 7208/7208
usemtl Surface_3
f 7212/7212 7210/7210 7209/7209
usemtl Surface_3
f 7211/7211 7210/7210 7212/7212
usemtl Surface_3
f 7216/7216 7214/7214 7213/7213
usemtl Surface_3
f 7215/7215 7214/7214 7216/7216
usemtl Surface_3
f 7220/7220 7218/7218 7217/7217
usemtl Surface_3
f 7219/7219 7218/7218 7220/7220
usemtl Surface_3
f 7224/7224 7222/7222 7221/7221
usemtl Surface_3
f 7223/7223 7222/7222 7224/7224
usemtl Surface_3
f 7228/7228 7226/7226 7225/7225
usemtl Surface_3
f 7227/7227 7226/7226 7228/7228
usemtl Surface_3
f 7232/7232 7230/7230 7229/7229
usemtl Surface_3
f 7231/7231 7230/7230 7232/7232
usemtl Surface_3
f 7236/7236 7234/7234 7233/7233
usemtl Surface_3
f 7235/7235 7234/7234 7236/7236
usemtl Surface_3
f 7240/7240 7238/7238 7237/7237
usemtl Surface_3
f 7239/7239 7238/7238 7240/7240
usemtl Surface_3
f 7244/7244 7242/7242 7241/7241
usemtl Surface_3
f 7243/7243 7242/7242 7244/7244
usemtl Surface_3
f 7248/7248 7246/7246 7245/7245
usemtl Surface_3
f 7247/7247 7246/7246 7248/7248
usemtl Surface_3
f 7252/7252 7250/7250 7249/7249
usemtl Surface_3
f 7251/7251 7250/7250 7252/7252
usemtl Surface_3
f 7256/7256 7254/7254 7253/7253
usemtl Surface_3
f 7255/7255 7254/7254 7256/7256
usemtl Surface_3
f 7260/7260 7258/7258 7257/7257
usemtl Surface_3
f 7259/7259 7258/7258 7260/7260
usemtl Surface_3
f 7264/7264 7262/7262 7261/7261
usemtl Surface_3
f 7263/7263 7262/7262 7264/7264
usemtl Surface_3
f 7268/7268 7266/7266 7265/7265
usemtl Surface_3
f 7267/7267 7266/7266 7268/7268
usemtl Surface_3
f 7272/7272 7270/7270 7269/7269
usemtl Surface_3
f 7271/7271 7270/7270 7272/7272
usemtl Surface_3
f 7276/7276 7274/7274 7273/7273
usemtl Surface_3
f 7275/7275 7274/7274 7276/7276
usemtl Surface_3
f 7280/7280 7278/7278 7277/7277
usemtl Surface_3
f 7279/7279 7278/7278 7280/7280
usemtl Surface_3
f 7284/7284 7282/7282 7281/7281
usemtl Surface_3
f 7283/7283 7282/7282 7284/7284
usemtl Surface_3
f 7288/7288 7286/7286 7285/7285
usemtl Surface_3
f 7287/7287 7286/7286 7288/7288
usemtl Surface_3
f 7292/7292 7290/7290 7289/7289
usemtl Surface_3
f 7291/7291 7290/7290 7292/7292
usemtl Surface_3
f 7296/7296 7294/7294 7293/7293
usemtl Surface_3
f 7295/7295 7294/7294 7296/7296
usemtl Surface_3
f 7300/7300 7298/7298 7297/7297
usemtl Surface_3
f 7299/7299 7298/7298 7300/7300
usemtl Surface_3
f 7304/7304 7302/7302 7301/7301
usemtl Surface_3
f 7303/7303 7302/7302 7304/7304
usemtl Surface_3
f 7308/7308 7306/7306 7305/7305
usemtl Surface_3
f 7307/7307 7306/7306 7308/7308
usemtl Surface_3
f 7312/7312 7310/7310 7309/7309
usemtl Surface_3
f 7311/7311 7310/7310 7312/7312
usemtl Surface_3
f 7316/7316 7314/7314 7313/7313
usemtl Surface_3
f 7315/7315 7314/7314 7316/7316
usemtl Surface_3
f 7320/7320 7318/7318 7317/7317
usemtl Surface_3
f 7319/7319 7318/7318 7320/7320
usemtl Surface_3
f 7324/7324 7322/7322 7321/7321
usemtl Surface_3
f 7323/7323 7322/7322 7324/7324
usemtl Surface_3
f 7328/7328 7326/7326 7325/7325
usemtl Surface_3
f 7327/7327 7326/7326 7328/7328
usemtl Surface_3
f 7332/7332 7330/7330 7329/7329
usemtl Surface_3
f 7331/7331 7330/7330 7332/7332
usemtl Surface_3
f 7336/7336 7334/7334 7333/7333
usemtl Surface_3
f 7335/7335 7334/7334 7336/7336
usemtl Surface_3
f 7340/7340 7338/7338 7337/7337
usemtl Surface_3
f 7339/7339 7338/7338 7340/7340
usemtl Surface_3
f 7344/7344 7342/7342 7341/7341
usemtl Surface_3
f 7343/7343 7342/7342 7344/7344
usemtl Surface_3
f 7348/7348 7346/7346 7345/7345
usemtl Surface_3
f 7347/7347 7346/7346 7348/7348
usemtl Surface_3
f 7352/7352 7350/7350 7349/7349
usemtl Surface_3
f 7351/7351 7350/7350 7352/7352
usemtl Surface_3
f 7356/7356 7354/7354 7353/7353
usemtl Surface_3
f 7355/7355 7354/7354 7356/7356
usemtl Surface_3
f 7360/7360 7358/7358 7357/7357
usemtl Surface_3
f 7359/7359 7358/7358 7360/7360
usemtl Surface_3
f 7364/7364 7362/7362 7361/7361
usemtl Surface_3
f 7363/7363 7362/7362 7364/7364
usemtl Surface_3
f 7368/7368 7366/7366 7365/7365
usemtl Surface_3
f 7367/7367 7366/7366 7368/7368
usemtl Surface_3
f 7372/7372 7370/7370 7369/7369
usemtl Surface_3
f 7371/7371 7370/7370 7372/7372
usemtl Surface_3
f 7376/7376 7374/7374 7373/7373
usemtl Surface_3
f 7375/7375 7374/7374 7376/7376
usemtl Surface_3
f 7380/7380 7378/7378 7377/7377
usemtl Surface_3
f 7379/7379 7378/7378 7380/7380
usemtl Surface_3
f 7384/7384 7382/7382 7381/7381
usemtl Surface_3
f 7383/7383 7382/7382 7384/7384
usemtl Surface_3
f 7388/7388 7386/7386 7385/7385
usemtl Surface_3
f 7387/7387 7386/7386 7388/7388
usemtl Surface_3
f 7392/7392 7390/7390 7389/7389
usemtl Surface_3
f 7391/7391 7390/7390 7392/7392
usemtl Surface_3
f 7396/7396 7394/7394 7393/7393
usemtl Surface_3
f 7395/7395 7394/7394 7396/7396
usemtl Surface_3
f 7400/7400 7398/7398 7397/7397
usemtl Surface_3
f 7399/7399 7398/7398 7400/7400
usemtl Surface_3
f 7404/7404 7402/7402 7401/7401
usemtl Surface_3
f 7403/7403 7402/7402 7404/7404
usemtl Surface_3
f 7408/7408 7406/7406 7405/7405
usemtl Surface_3
f 7407/7407 7406/7406 7408/7408
usemtl Surface_3
f 7412/7412 7410/7410 7409/7409
usemtl Surface_3
f 7411/7411 7410/7410 7412/7412
usemtl Surface_3
f 7416/7416 7414/7414 7413/7413
usemtl Surface_3
f 7415/7415 7414/7414 7416/7416
usemtl Surface_3
f 7420/7420 7418/7418 7417/7417
usemtl Surface_3
f 7419/7419 7418/7418 7420/7420
usemtl Surface_3
f 7424/7424 7422/7422 7421/7421
usemtl Surface_3
f 7423/7423 7422/7422 7424/7424
usemtl Surface_3
f 7428/7428 7426/7426 7425/7425
usemtl Surface_3
f 7427/7427 7426/7426 7428/7428
usemtl Surface_3
f 7432/7432 7430/7430 7429/7429
usemtl Surface_3
f 7431/7431 7430/7430 7432/7432
usemtl Surface_3
f 7436/7436 7434/7434 7433/7433
usemtl Surface_3
f 7435/7435 7434/7434 7436/7436
usemtl Surface_3
f 7440/7440 7438/7438 7437/7437
usemtl Surface_3
f 7439/7439 7438/7438 7440/7440
usemtl Surface_3
f 7444/7444 7442/7442 7441/7441
usemtl Surface_3
f 7443/7443 7442/7442 7444/7444
usemtl Surface_3
f 7448/7448 7446/7446 7445/7445
usemtl Surface_3
f 7447/7447 7446/7446 7448/7448
usemtl Surface_3
f 7452/7452 7450/7450 7449/7449
usemtl Surface_3
f 7451/7451 7450/7450 7452/7452
usemtl Surface_3
f 7456/7456 7454/7454 7453/7453
usemtl Surface_3
f 7455/7455 7454/7454 7456/7456
usemtl Surface_3
f 7460/7460 7458/7458 7457/7457
usemtl Surface_3
f 7459/7459 7458/7458 7460/7460
usemtl Surface_3
f 7464/7464 7462/7462 7461/7461
usemtl Surface_3
f 7463/7463 7462/7462 7464/7464
usemtl Surface_3
f 7468/7468 7466/7466 7465/7465
usemtl Surface_3
f 7467/7467 7466/7466 7468/7468
usemtl Surface_3
f 7472/7472 7470/7470 7469/7469
usemtl Surface_3
f 7471/7471 7470/7470 7472/7472
usemtl Surface_3
f 7476/7476 7474/7474 7473/7473
usemtl Surface_3
f 7475/7475 7474/7474 7476/7476
usemtl Surface_3
f 7480/7480 7478/7478 7477/7477
usemtl Surface_3
f 7479/7479 7478/7478 7480/7480
usemtl Surface_3
f 7484/7484 7482/7482 7481/7481
usemtl Surface_3
f 7483/7483 7482/7482 7484/7484
usemtl Surface_3
f 7488/7488 7486/7486 7485/7485
usemtl Surface_3
f 7487/7487 7486/7486 7488/7488
usemtl Surface_3
f 7492/7492 7490/7490 7489/7489
usemtl Surface_3
f 7491/7491 7490/7490 7492/7492
usemtl Surface_3
f 7493/7493 7495/7495 7494/7494
usemtl Surface_3
f 7496/7496 7498/7498 7497/7497
usemtl Surface_3
f 7499/7499 7501/7501 7500/7500
usemtl Surface_3
f 7502/7502 7504/7504 7503/7503
usemtl Surface_3
f 7505/7505 7507/7507 7506/7506
usemtl Surface_3
f 7508/7508 7510/7510 7509/7509
usemtl Surface_3
f 7511/7511 7513/7513 7512/7512
usemtl Surface_3
f 7514/7514 7516/7516 7515/7515
usemtl Surface_3
f 7517/7517 7519/7519 7518/7518
usemtl Surface_3
f 7520/7520 7522/7522 7521/7521
usemtl Surface_3
f 7523/7523 7525/7525 7524/7524
usemtl Surface_3
f 7526/7526 7528/7528 7527/7527
usemtl Surface_3
f 7529/7529 7531/7531 7530/7530
usemtl Surface_3
f 7532/7532 7534/7534 7533/7533
usemtl Surface_3
f 7535/7535 7537/7537 7536/7536
usemtl Surface_3
f 7538/7538 7540/7540 7539/7539
usemtl Surface_3
f 7541/7541 7543/7543 7542/7542
usemtl Surface_3
f 7544/7544 7546/7546 7545/7545
usemtl Surface_3
f 7547/7547 7549/7549 7548/7548
usemtl Surface_3
f 7550/7550 7552/7552 7551/7551
usemtl Surface_3
f 7553/7553 7555/7555 7554/7554
usemtl Surface_3
f 7556/7556 7558/7558 7557/7557
usemtl Surface_3
f 7559/7559 7561/7561 7560/7560
usemtl Surface_3
f 7562/7562 7564/7564 7563/7563
usemtl Surface_3
f 7568/7568 7566/7566 7565/7565
usemtl Surface_3
f 7567/7567 7566/7566 7568/7568
usemtl Surface_3
f 7572/7572 7570/7570 7569/7569
usemtl Surface_3
f 7571/7571 7570/7570 7572/7572
usemtl Surface_3
f 7576/7576 7574/7574 7573/7573
usemtl Surface_3
f 7575/7575 7574/7574 7576/7576
usemtl Surface_3
f 7580/7580 7578/7578 7577/7577
usemtl Surface_3
f 7579/7579 7578/7578 7580/7580
usemtl Surface_3
f 7584/7584 7582/7582 7581/7581
usemtl Surface_3
f 7583/7583 7582/7582 7584/7584
usemtl Surface_3
f 7588/7588 7586/7586 7585/7585
usemtl Surface_3
f 7587/7587 7586/7586 7588/7588
usemtl Surface_3
f 7592/7592 7590/7590 7589/7589
usemtl Surface_3
f 7591/7591 7590/7590 7592/7592
usemtl Surface_3
f 7596/7596 7594/7594 7593/7593
usemtl Surface_3
f 7595/7595 7594/7594 7596/7596
usemtl Surface_3
f 7600/7600 7598/7598 7597/7597
usemtl Surface_3
f 7599/7599 7598/7598 7600/7600
usemtl Surface_3
f 7604/7604 7602/7602 7601/7601
usemtl Surface_3
f 7603/7603 7602/7602 7604/7604
usemtl Surface_3
f 7608/7608 7606/7606 7605/7605
usemtl Surface_3
f 7607/7607 7606/7606 7608/7608
usemtl Surface_3
f 7612/7612 7610/7610 7609/7609
usemtl Surface_3
f 7611/7611 7610/7610 7612/7612
usemtl Surface_3
f 7616/7616 7614/7614 7613/7613
usemtl Surface_3
f 7615/7615 7614/7614 7616/7616
usemtl Surface_3
f 7620/7620 7618/7618 7617/7617
usemtl Surface_3
f 7619/7619 7618/7618 7620/7620
usemtl Surface_3
f 7624/7624 7622/7622 7621/7621
usemtl Surface_3
f 7623/7623 7622/7622 7624/7624
usemtl Surface_3
f 7628/7628 7626/7626 7625/7625
usemtl Surface_3
f 7627/7627 7626/7626 7628/7628
usemtl Surface_3
f 7632/7632 7630/7630 7629/7629
usemtl Surface_3
f 7631/7631 7630/7630 7632/7632
usemtl Surface_3
f 7636/7636 7634/7634 7633/7633
usemtl Surface_3
f 7635/7635 7634/7634 7636/7636
usemtl Surface_3
f 7640/7640 7638/7638 7637/7637
usemtl Surface_3
f 7639/7639 7638/7638 7640/7640
usemtl Surface_3
f 7644/7644 7642/7642 7641/7641
usemtl Surface_3
f 7643/7643 7642/7642 7644/7644
usemtl Surface_3
f 7648/7648 7646/7646 7645/7645
usemtl Surface_3
f 7647/7647 7646/7646 7648/7648
usemtl Surface_3
f 7652/7652 7650/7650 7649/7649
usemtl Surface_3
f 7651/7651 7650/7650 7652/7652
usemtl Surface_3
f 7656/7656 7654/7654 7653/7653
usemtl Surface_3
f 7655/7655 7654/7654 7656/7656
usemtl Surface_3
f 7660/7660 7658/7658 7657/7657
usemtl Surface_3
f 7659/7659 7658/7658 7660/7660
usemtl Surface_3
f 7664/7664 7662/7662 7661/7661
usemtl Surface_3
f 7663/7663 7662/7662 7664/7664
usemtl Surface_3
f 7668/7668 7666/7666 7665/7665
usemtl Surface_3
f 7667/7667 7666/7666 7668/7668
usemtl Surface_3
f 7672/7672 7670/7670 7669/7669
usemtl Surface_3
f 7671/7671 7670/7670 7672/7672
usemtl Surface_3
f 7676/7676 7674/7674 7673/7673
usemtl Surface_3
f 7675/7675 7674/7674 7676/7676
usemtl Surface_3
f 7680/7680 7678/7678 7677/7677
usemtl Surface_3
f 7679/7679 7678/7678 7680/7680
usemtl Surface_3
f 7684/7684 7682/7682 7681/7681
usemtl Surface_3
f 7683/7683 7682/7682 7684/7684
usemtl Surface_3
f 7688/7688 7686/7686 7685/7685
usemtl Surface_3
f 7687/7687 7686/7686 7688/7688
usemtl Surface_3
f 7692/7692 7690/7690 7689/7689
usemtl Surface_3
f 7691/7691 7690/7690 7692/7692
usemtl Surface_3
f 7696/7696 7694/7694 7693/7693
usemtl Surface_3
f 7695/7695 7694/7694 7696/7696
usemtl Surface_3
f 7700/7700 7698/7698 7697/7697
usemtl Surface_3
f 7699/7699 7698/7698 7700/7700
usemtl Surface_3
f 7704/7704 7702/7702 7701/7701
usemtl Surface_3
f 7703/7703 7702/7702 7704/7704
usemtl Surface_3
f 7708/7708 7706/7706 7705/7705
usemtl Surface_3
f 7707/7707 7706/7706 7708/7708
usemtl Surface_3
f 7712/7712 7710/7710 7709/7709
usemtl Surface_3
f 7711/7711 7710/7710 7712/7712
usemtl Surface_3
f 7716/7716 7714/7714 7713/7713
usemtl Surface_3
f 7715/7715 7714/7714 7716/7716
usemtl Surface_3
f 7720/7720 7718/7718 7717/7717
usemtl Surface_3
f 7719/7719 7718/7718 7720/7720
usemtl Surface_3
f 7724/7724 7722/7722 7721/7721
usemtl Surface_3
f 7723/7723 7722/7722 7724/7724
usemtl Surface_3
f 7728/7728 7726/7726 7725/7725
usemtl Surface_3
f 7727/7727 7726/7726 7728/7728
usemtl Surface_3
f 7732/7732 7730/7730 7729/7729
usemtl Surface_3
f 7731/7731 7730/7730 7732/7732
usemtl Surface_3
f 7736/7736 7734/7734 7733/7733
usemtl Surface_3
f 7735/7735 7734/7734 7736/7736
usemtl Surface_3
f 7740/7740 7738/7738 7737/7737
usemtl Surface_3
f 7739/7739 7738/7738 7740/7740
usemtl Surface_3
f 7744/7744 7742/7742 7741/7741
usemtl Surface_3
f 7743/7743 7742/7742 7744/7744
usemtl Surface_3
f 7748/7748 7746/7746 7745/7745
usemtl Surface_3
f 7747/7747 7746/7746 7748/7748
usemtl Surface_3
f 7752/7752 7750/7750 7749/7749
usemtl Surface_3
f 7751/7751 7750/7750 7752/7752
usemtl Surface_3
f 7756/7756 7754/7754 7753/7753
usemtl Surface_3
f 7755/7755 7754/7754 7756/7756
usemtl Surface_3
f 7760/7760 7758/7758 7757/7757
usemtl Surface_3
f 7759/7759 7758/7758 7760/7760
usemtl Surface_3
f 7764/7764 7762/7762 7761/7761
usemtl Surface_3
f 7763/7763 7762/7762 7764/7764
usemtl Surface_3
f 7768/7768 7766/7766 7765/7765
usemtl Surface_3
f 7767/7767 7766/7766 7768/7768
usemtl Surface_3
f 7772/7772 7770/7770 7769/7769
usemtl Surface_3
f 7771/7771 7770/7770 7772/7772
usemtl Surface_3
f 7776/7776 7774/7774 7773/7773
usemtl Surface_3
f 7775/7775 7774/7774 7776/7776
usemtl Surface_3
f 7780/7780 7778/7778 7777/7777
usemtl Surface_3
f 7779/7779 7778/7778 7780/7780
usemtl Surface_3
f 7784/7784 7782/7782 7781/7781
usemtl Surface_3
f 7783/7783 7782/7782 7784/7784
usemtl Surface_3
f 7788/7788 7786/7786 7785/7785
usemtl Surface_3
f 7787/7787 7786/7786 7788/7788
usemtl Surface_3
f 7792/7792 7790/7790 7789/7789
usemtl Surface_3
f 7791/7791 7790/7790 7792/7792
usemtl Surface_3
f 7796/7796 7794/7794 7793/7793
usemtl Surface_3
f 7795/7795 7794/7794 7796/7796
usemtl Surface_3
f 7800/7800 7798/7798 7797/7797
usemtl Surface_3
f 7799/7799 7798/7798 7800/7800
usemtl Surface_3
f 7804/7804 7802/7802 7801/7801
usemtl Surface_3
f 7803/7803 7802/7802 7804/7804
usemtl Surface_3
f 7808/7808 7806/7806 7805/7805
usemtl Surface_3
f 7807/7807 7806/7806 7808/7808
usemtl Surface_3
f 7812/7812 7810/7810 7809/7809
usemtl Surface_3
f 7811/7811 7810/7810 7812/7812
usemtl Surface_3
f 7816/7816 7814/7814 7813/7813
usemtl Surface_3
f 7815/7815 7814/7814 7816/7816
usemtl Surface_3
f 7820/7820 7818/7818 7817/7817
usemtl Surface_3
f 7819/7819 7818/7818 7820/7820
usemtl Surface_3
f 7824/7824 7822/7822 7821/7821
usemtl Surface_3
f 7823/7823 7822/7822 7824/7824
usemtl Surface_3
f 7828/7828 7826/7826 7825/7825
usemtl Surface_3
f 7827/7827 7826/7826 7828/7828
usemtl Surface_3
f 7832/7832 7830/7830 7829/7829
usemtl Surface_3
f 7831/7831 7830/7830 7832/7832
usemtl Surface_3
f 7836/7836 7834/7834 7833/7833
usemtl Surface_3
f 7835/7835 7834/7834 7836/7836
usemtl Surface_3
f 7840/7840 7838/7838 7837/7837
usemtl Surface_3
f 7839/7839 7838/7838 7840/7840
usemtl Surface_3
f 7844/7844 7842/7842 7841/7841
usemtl Surface_3
f 7843/7843 7842/7842 7844/7844
usemtl Surface_3
f 7848/7848 7846/7846 7845/7845
usemtl Surface_3
f 7847/7847 7846/7846 7848/7848
usemtl Surface_3
f 7852/7852 7850/7850 7849/7849
usemtl Surface_3
f 7851/7851 7850/7850 7852/7852
usemtl Surface_3
f 7853/7853 7855/7855 7854/7854
usemtl Surface_3
f 7856/7856 7858/7858 7857/7857
usemtl Surface_3
f 7859/7859 7861/7861 7860/7860
usemtl Surface_3
f 7862/7862 7864/7864 7863/7863
usemtl Surface_3
f 7865/7865 7867/7867 7866/7866
usemtl Surface_3
f 7868/7868 7870/7870 7869/7869
usemtl Surface_3
f 7871/7871 7873/7873 7872/7872
usemtl Surface_3
f 7874/7874 7876/7876 7875/7875
usemtl Surface_3
f 7877/7877 7879/7879 7878/7878
usemtl Surface_3
f 7880/7880 7882/7882 7881/7881
usemtl Surface_3
f 7883/7883 7885/7885 7884/7884
usemtl Surface_3
f 7886/7886 7888/7888 7887/7887
usemtl Surface_3
f 7889/7889 7891/7891 7890/7890
usemtl Surface_3
f 7892/7892 7894/7894 7893/7893
usemtl Surface_3
f 7895/7895 7897/7897 7896/7896
usemtl Surface_3
f 7898/7898 7900/7900 7899/7899
usemtl Surface_3
f 7901/7901 7903/7903 7902/7902
usemtl Surface_3
f 7904/7904 7906/7906 7905/7905
usemtl Surface_3
f 7907/7907 7909/7909 7908/7908
usemtl Surface_3
f 7910/7910 7912/7912 7911/7911
usemtl Surface_3
f 7913/7913 7915/7915 7914/7914
usemtl Surface_3
f 7916/7916 7918/7918 7917/7917
usemtl Surface_3
f 7919/7919 7921/7921 7920/7920
usemtl Surface_3
f 7922/7922 7924/7924 7923/7923
usemtl Surface_3
f 7928/7928 7926/7926 7925/7925
usemtl Surface_3
f 7927/7927 7926/7926 7928/7928
usemtl Surface_3
f 7932/7932 7930/7930 7929/7929
usemtl Surface_3
f 7931/7931 7930/7930 7932/7932
usemtl Surface_3
f 7936/7936 7934/7934 7933/7933
usemtl Surface_3
f 7935/7935 7934/7934 7936/7936
usemtl Surface_3
f 7940/7940 7938/7938 7937/7937
usemtl Surface_3
f 7939/7939 7938/7938 7940/7940
usemtl Surface_3
f 7944/7944 7942/7942 7941/7941
usemtl Surface_3
f 7943/7943 7942/7942 7944/7944
usemtl Surface_3
f 7948/7948 7946/7946 7945/7945
usemtl Surface_3
f 7947/7947 7946/7946 7948/7948
usemtl Surface_3
f 7952/7952 7950/7950 7949/7949
usemtl Surface_3
f 7951/7951 7950/7950 7952/7952
usemtl Surface_3
f 7956/7956 7954/7954 7953/7953
usemtl Surface_3
f 7955/7955 7954/7954 7956/7956
usemtl Surface_3
f 7960/7960 7958/7958 7957/7957
usemtl Surface_3
f 7959/7959 7958/7958 7960/7960
usemtl Surface_3
f 7964/7964 7962/7962 7961/7961
usemtl Surface_3
f 7963/7963 7962/7962 7964/7964
usemtl Surface_3
f 7968/7968 7966/7966 7965/7965
usemtl Surface_3
f 7967/7967 7966/7966 7968/7968
usemtl Surface_3
f 7972/7972 7970/7970 7969/7969
usemtl Surface_3
f 7971/7971 7970/7970 7972/7972
usemtl Surface_3
f 7976/7976 7974/7974 7973/7973
usemtl Surface_3
f 7975/7975 7974/7974 7976/7976
usemtl Surface_3
f 7980/7980 7978/7978 7977/7977
usemtl Surface_3
f 7979/7979 7978/7978 7980/7980
usemtl Surface_3
f 7984/7984 7982/7982 7981/7981
usemtl Surface_3
f 7983/7983 7982/7982 7984/7984
usemtl Surface_3
f 7988/7988 7986/7986 7985/7985
usemtl Surface_3
f 7987/7987 7986/7986 7988/7988
usemtl Surface_3
f 7992/7992 7990/7990 7989/7989
usemtl Surface_3
f 7991/7991 7990/7990 7992/7992
usemtl Surface_3
f 7996/7996 7994/7994 7993/7993
usemtl Surface_3
f 7995/7995 7994/7994 7996/7996
usemtl Surface_3
f 8000/8000 7998/7998 7997/7997
usemtl Surface_3
f 7999/7999 7998/7998 8000/8000
usemtl Surface_3
f 8004/8004 8002/8002 8001/8001
usemtl Surface_3
f 8003/8003 8002/8002 8004/8004
usemtl Surface_3
f 8008/8008 8006/8006 8005/8005
usemtl Surface_3
f 8007/8007 8006/8006 8008/8008
usemtl Surface_3
f 8012/8012 8010/8010 8009/8009
usemtl Surface_3
f 8011/8011 8010/8010 8012/8012
usemtl Surface_3
f 8016/8016 8014/8014 8013/8013
usemtl Surface_3
f 8015/8015 8014/8014 8016/8016
usemtl Surface_3
f 8020/8020 8018/8018 8017/8017
usemtl Surface_3
f 8019/8019 8018/8018 8020/8020
usemtl Surface_3
f 8024/8024 8022/8022 8021/8021
usemtl Surface_3
f 8023/8023 8022/8022 8024/8024
usemtl Surface_3
f 8028/8028 8026/8026 8025/8025
usemtl Surface_3
f 8027/8027 8026/8026 8028/8028
usemtl Surface_3
f 8032/8032 8030/8030 8029/8029
usemtl Surface_3
f 8031/8031 8030/8030 8032/8032
usemtl Surface_3
f 8036/8036 8034/8034 8033/8033
usemtl Surface_3
f 8035/8035 8034/8034 8036/8036
usemtl Surface_3
f 8040/8040 8038/8038 8037/8037
usemtl Surface_3
f 8039/8039 8038/8038 8040/8040
usemtl Surface_3
f 8044/8044 8042/8042 8041/8041
usemtl Surface_3
f 8043/8043 8042/8042 8044/8044
usemtl Surface_3
f 8048/8048 8046/8046 8045/8045
usemtl Surface_3
f 8047/8047 8046/8046 8048/8048
usemtl Surface_3
f 8052/8052 8050/8050 8049/8049
usemtl Surface_3
f 8051/8051 8050/8050 8052/8052
usemtl Surface_3
f 8056/8056 8054/8054 8053/8053
usemtl Surface_3
f 8055/8055 8054/8054 8056/8056
usemtl Surface_3
f 8060/8060 8058/8058 8057/8057
usemtl Surface_3
f 8059/8059 8058/8058 8060/8060
usemtl Surface_3
f 8064/8064 8062/8062 8061/8061
usemtl Surface_3
f 8063/8063 8062/8062 8064/8064
usemtl Surface_3
f 8068/8068 8066/8066 8065/8065
usemtl Surface_3
f 8067/8067 8066/8066 8068/8068
usemtl Surface_3
f 8072/8072 8070/8070 8069/8069
usemtl Surface_3
f 8071/8071 8070/8070 8072/8072
usemtl Surface_3
f 8076/8076 8074/8074 8073/8073
usemtl Surface_3
f 8075/8075 8074/8074 8076/8076
usemtl Surface_3
f 8080/8080 8078/8078 8077/8077
usemtl Surface_3
f 8079/8079 8078/8078 8080/8080
usemtl Surface_3
f 8084/8084 8082/8082 8081/8081
usemtl Surface_3
f 8083/8083 8082/8082 8084/8084
usemtl Surface_3
f 8088/8088 8086/8086 8085/8085
usemtl Surface_3
f 8087/8087 8086/8086 8088/8088
usemtl Surface_3
f 8092/8092 8090/8090 8089/8089
usemtl Surface_3
f 8091/8091 8090/8090 8092/8092
usemtl Surface_3
f 8096/8096 8094/8094 8093/8093
usemtl Surface_3
f 8095/8095 8094/8094 8096/8096
usemtl Surface_3
f 8100/8100 8098/8098 8097/8097
usemtl Surface_3
f 8099/8099 8098/8098 8100/8100
usemtl Surface_3
f 8104/8104 8102/8102 8101/8101
usemtl Surface_3
f 8103/8103 8102/8102 8104/8104
usemtl Surface_3
f 8108/8108 8106/8106 8105/8105
usemtl Surface_3
f 8107/8107 8106/8106 8108/8108
usemtl Surface_3
f 8112/8112 8110/8110 8109/8109
usemtl Surface_3
f 8111/8111 8110/8110 8112/8112
usemtl Surface_3
f 8116/8116 8114/8114 8113/8113
usemtl Surface_3
f 8115/8115 8114/8114 8116/8116
usemtl Surface_3
f 8120/8120 8118/8118 8117/8117
usemtl Surface_3
f 8119/8119 8118/8118 8120/8120
usemtl Surface_3
f 8124/8124 8122/8122 8121/8121
usemtl Surface_3
f 8123/8123 8122/8122 8124/8124
usemtl Surface_3
f 8128/8128 8126/8126 8125/8125
usemtl Surface_3
f 8127/8127 8126/8126 8128/8128
usemtl Surface_3
f 8132/8132 8130/8130 8129/8129
usemtl Surface_3
f 8131/8131 8130/8130 8132/8132
usemtl Surface_3
f 8136/8136 8134/8134 8133/8133
usemtl Surface_3
f 8135/8135 8134/8134 8136/8136
usemtl Surface_3
f 8140/8140 8138/8138 8137/8137
usemtl Surface_3
f 8139/8139 8138/8138 8140/8140
usemtl Surface_3
f 8144/8144 8142/8142 8141/8141
usemtl Surface_3
f 8143/8143 8142/8142 8144/8144
usemtl Surface_3
f 8148/8148 8146/8146 8145/8145
usemtl Surface_3
f 8147/8147 8146/8146 8148/8148
usemtl Surface_3
f 8152/8152 8150/8150 8149/8149
usemtl Surface_3
f 8151/8151 8150/8150 8152/8152
usemtl Surface_3
f 8156/8156 8154/8154 8153/8153
usemtl Surface_3
f 8155/8155 8154/8154 8156/8156
usemtl Surface_3
f 8160/8160 8158/8158 8157/8157
usemtl Surface_3
f 8159/8159 8158/8158 8160/8160
usemtl Surface_3
f 8164/8164 8162/8162 8161/8161
usemtl Surface_3
f 8163/8163 8162/8162 8164/8164
usemtl Surface_3
f 8168/8168 8166/8166 8165/8165
usemtl Surface_3
f 8167/8167 8166/8166 8168/8168
usemtl Surface_3
f 8172/8172 8170/8170 8169/8169
usemtl Surface_3
f 8171/8171 8170/8170 8172/8172
usemtl Surface_3
f 8176/8176 8174/8174 8173/8173
usemtl Surface_3
f 8175/8175 8174/8174 8176/8176
usemtl Surface_3
f 8180/8180 8178/8178 8177/8177
usemtl Surface_3
f 8179/8179 8178/8178 8180/8180
usemtl Surface_3
f 8184/8184 8182/8182 8181/8181
usemtl Surface_3
f 8183/8183 8182/8182 8184/8184
usemtl Surface_3
f 8188/8188 8186/8186 8185/8185
usemtl Surface_3
f 8187/8187 8186/8186 8188/8188
usemtl Surface_3
f 8192/8192 8190/8190 8189/8189
usemtl Surface_3
f 8191/8191 8190/8190 8192/8192
usemtl Surface_3
f 8196/8196 8194/8194 8193/8193
usemtl Surface_3
f 8195/8195 8194/8194 8196/8196
usemtl Surface_3
f 8200/8200 8198/8198 8197/8197
usemtl Surface_3
f 8199/8199 8198/8198 8200/8200
usemtl Surface_3
f 8204/8204 8202/8202 8201/8201
usemtl Surface_3
f 8203/8203 8202/8202 8204/8204
usemtl Surface_3
f 8208/8208 8206/8206 8205/8205
usemtl Surface_3
f 8207/8207 8206/8206 8208/8208
usemtl Surface_3
f 8212/8212 8210/8210 8209/8209
usemtl Surface_3
f 8211/8211 8210/8210 8212/8212
usemtl Surface_3
f 8213/8213 8215/8215 8214/8214
usemtl Surface_3
f 8216/8216 8218/8218 8217/8217
usemtl Surface_3
f 8219/8219 8221/8221 8220/8220
usemtl Surface_3
f 8222/8222 8224/8224 8223/8223
usemtl Surface_3
f 8225/8225 8227/8227 8226/8226
usemtl Surface_3
f 8228/8228 8230/8230 8229/8229
usemtl Surface_3
f 8231/8231 8233/8233 8232/8232
usemtl Surface_3
f 8234/8234 8236/8236 8235/8235
usemtl Surface_3
f 8237/8237 8239/8239 8238/8238
usemtl Surface_3
f 8240/8240 8242/8242 8241/8241
usemtl Surface_3
f 8243/8243 8245/8245 8244/8244
usemtl Surface_3
f 8246/8246 8248/8248 8247/8247
usemtl Surface_3
f 8252/8252 8250/8250 8249/8249
usemtl Surface_3
f 8251/8251 8250/8250 8252/8252
usemtl Surface_4
f 8256/8256 8254/8254 8253/8253
usemtl Surface_4
f 8255/8255 8254/8254 8256/8256
usemtl Surface_3
f 8260/8260 8258/8258 8257/8257
usemtl Surface_3
f 8259/8259 8258/8258 8260/8260
usemtl Surface_4
f 8264/8264 8262/8262 8261/8261
usemtl Surface_4
f 8263/8263 8262/8262 8264/8264
usemtl Surface_3
f 8268/8268 8266/8266 8265/8265
usemtl Surface_3
f 8267/8267 8266/8266 8268/8268
usemtl Surface_4
f 8272/8272 8270/8270 8269/8269
usemtl Surface_4
f 8271/8271 8270/8270 8272/8272
usemtl Surface_3
f 8276/8276 8274/8274 8273/8273
usemtl Surface_3
f 8275/8275 8274/8274 8276/8276
usemtl Surface_4
f 8280/8280 8278/8278 8277/8277
usemtl Surface_4
f 8279/8279 8278/8278 8280/8280
usemtl Surface_3
f 8284/8284 8282/8282 8281/8281
usemtl Surface_3
f 8283/8283 8282/8282 8284/8284
usemtl Surface_4
f 8288/8288 8286/8286 8285/8285
usemtl Surface_4
f 8287/8287 8286/8286 8288/8288
usemtl Surface_3
f 8292/8292 8290/8290 8289/8289
usemtl Surface_3
f 8291/8291 8290/8290 8292/8292
usemtl Surface_4
f 8296/8296 8294/8294 8293/8293
usemtl Surface_4
f 8295/8295 8294/8294 8296/8296
usemtl Surface_3
f 8300/8300 8298/8298 8297/8297
usemtl Surface_3
f 8299/8299 8298/8298 8300/8300
usemtl Surface_4
f 8304/8304 8302/8302 8301/8301
usemtl Surface_4
f 8303/8303 8302/8302 8304/8304
usemtl Surface_3
f 8308/8308 8306/8306 8305/8305
usemtl Surface_3
f 8307/8307 8306/8306 8308/8308
usemtl Surface_4
f 8312/8312 8310/8310 8309/8309
usemtl Surface_4
f 8311/8311 8310/8310 8312/8312
usemtl Surface_3
f 8316/8316 8314/8314 8313/8313
usemtl Surface_3
f 8315/8315 8314/8314 8316/8316
usemtl Surface_4
f 8320/8320 8318/8318 8317/8317
usemtl Surface_4
f 8319/8319 8318/8318 8320/8320
usemtl Surface_3
f 8324/8324 8322/8322 8321/8321
usemtl Surface_3
f 8323/8323 8322/8322 8324/8324
usemtl Surface_4
f 8328/8328 8326/8326 8325/8325
usemtl Surface_4
f 8327/8327 8326/8326 8328/8328
usemtl Surface_3
f 8332/8332 8330/8330 8329/8329
usemtl Surface_3
f 8331/8331 8330/8330 8332/8332
usemtl Surface_4
f 8336/8336 8334/8334 8333/8333
usemtl Surface_4
f 8335/8335 8334/8334 8336/8336
usemtl Surface_3
f 8340/8340 8338/8338 8337/8337
usemtl Surface_3
f 8339/8339 8338/8338 8340/8340
usemtl Surface_4
f 8344/8344 8342/8342 8341/8341
usemtl Surface_4
f 8343/8343 8342/8342 8344/8344
usemtl Surface_3
f 8348/8348 8346/8346 8345/8345
usemtl Surface_3
f 8347/8347 8346/8346 8348/8348
usemtl Surface_4
f 8352/8352 8350/8350 8349/8349
usemtl Surface_4
f 8351/8351 8350/8350 8352/8352
usemtl Surface_3
f 8356/8356 8354/8354 8353/8353
usemtl Surface_3
f 8355/8355 8354/8354 8356/8356
usemtl Surface_4
f 8360/8360 8358/8358 8357/8357
usemtl Surface_4
f 8359/8359 8358/8358 8360/8360
usemtl Surface_3
f 8364/8364 8362/8362 8361/8361
usemtl Surface_3
f 8363/8363 8362/8362 8364/8364
usemtl Surface_4
f 8368/8368 8366/8366 8365/8365
usemtl Surface_4
f 8367/8367 8366/8366 8368/8368
usemtl Surface_3
f 8372/8372 8370/8370 8369/8369
usemtl Surface_3
f 8371/8371 8370/8370 8372/8372
usemtl Surface_4
f 8376/8376 8374/8374 8373/8373
usemtl Surface_4
f 8375/8375 8374/8374 8376/8376
usemtl Surface_3
f 8380/8380 8378/8378 8377/8377
usemtl Surface_3
f 8379/8379 8378/8378 8380/8380
usemtl Surface_4
f 8384/8384 8382/8382 8381/8381
usemtl Surface_4
f 8383/8383 8382/8382 8384/8384
usemtl Surface_3
f 8388/8388 8386/8386 8385/8385
usemtl Surface_3
f 8387/8387 8386/8386 8388/8388
usemtl Surface_4
f 8392/8392 8390/8390 8389/8389
usemtl Surface_4
f 8391/8391 8390/8390 8392/8392
usemtl Surface_3
f 8396/8396 8394/8394 8393/8393
usemtl Surface_3
f 8395/8395 8394/8394 8396/8396
usemtl Surface_4
f 8400/8400 8398/8398 8397/8397
usemtl Surface_4
f 8399/8399 8398/8398 8400/8400
usemtl Surface_3
f 8404/8404 8402/8402 8401/8401
usemtl Surface_3
f 8403/8403 8402/8402 8404/8404
usemtl Surface_4
f 8408/8408 8406/8406 8405/8405
usemtl Surface_4
f 8407/8407 8406/8406 8408/8408
usemtl Surface_3
f 8412/8412 8410/8410 8409/8409
usemtl Surface_3
f 8411/8411 8410/8410 8412/8412
usemtl Surface_4
f 8416/8416 8414/8414 8413/8413
usemtl Surface_4
f 8415/8415 8414/8414 8416/8416
usemtl Surface_3
f 8420/8420 8418/8418 8417/8417
usemtl Surface_3
f 8419/8419 8418/8418 8420/8420
usemtl Surface_4
f 8424/8424 8422/8422 8421/8421
usemtl Surface_4
f 8423/8423 8422/8422 8424/8424
usemtl Surface_3
f 8428/8428 8426/8426 8425/8425
usemtl Surface_3
f 8427/8427 8426/8426 8428/8428
usemtl Surface_4
f 8432/8432 8430/8430 8429/8429
usemtl Surface_4
f 8431/8431 8430/8430 8432/8432
usemtl Surface_3
f 8436/8436 8434/8434 8433/8433
usemtl Surface_3
f 8435/8435 8434/8434 8436/8436
usemtl Surface_4
f 8440/8440 8438/8438 8437/8437
usemtl Surface_4
f 8439/8439 8438/8438 8440/8440
usemtl Surface_3
f 8444/8444 8442/8442 8441/8441
usemtl Surface_3
f 8443/8443 8442/8442 8444/8444
usemtl Surface_4
f 8448/8448 8446/8446 8445/8445
usemtl Surface_4
f 8447/8447 8446/8446 8448/8448
usemtl Surface_3
f 8452/8452 8450/8450 8449/8449
usemtl Surface_3
f 8451/8451 8450/8450 8452/8452
usemtl Surface_4
f 8456/8456 8454/8454 8453/8453
usemtl Surface_4
f 8455/8455 8454/8454 8456/8456
usemtl Surface_3
f 8460/8460 8458/8458 8457/8457
usemtl Surface_3
f 8459/8459 8458/8458 8460/8460
usemtl Surface_4
f 8464/8464 8462/8462 8461/8461
usemtl Surface_4
f 8463/8463 8462/8462 8464/8464
usemtl Surface_3
f 8468/8468 8466/8466 8465/8465
usemtl Surface_3
f 8467/8467 8466/8466 8468/8468
usemtl Surface_4
f 8472/8472 8470/8470 8469/8469
usemtl Surface_4
f 8471/8471 8470/8470 8472/8472
usemtl Surface_3
f 8476/8476 8474/8474 8473/8473
usemtl Surface_3
f 8475/8475 8474/8474 8476/8476
usemtl Surface_4
f 8480/8480 8478/8478 8477/8477
usemtl Surface_4
f 8479/8479 8478/8478 8480/8480
usemtl Surface_3
f 8484/8484 8482/8482 8481/8481
usemtl Surface_3
f 8483/8483 8482/8482 8484/8484
usemtl Surface_4
f 8488/8488 8486/8486 8485/8485
usemtl Surface_4
f 8487/8487 8486/8486 8488/8488
usemtl Surface_3
f 8492/8492 8490/8490 8489/8489
usemtl Surface_3
f 8491/8491 8490/8490 8492/8492
usemtl Surface_4
f 8496/8496 8494/8494 8493/8493
usemtl Surface_4
f 8495/8495 8494/8494 8496/8496
usemtl Surface_3
f 8500/8500 8498/8498 8497/8497
usemtl Surface_3
f 8499/8499 8498/8498 8500/8500
usemtl Surface_4
f 8504/8504 8502/8502 8501/8501
usemtl Surface_4
f 8503/8503 8502/8502 8504/8504
usemtl Surface_3
f 8508/8508 8506/8506 8505/8505
usemtl Surface_3
f 8507/8507 8506/8506 8508/8508
usemtl Surface_4
f 8512/8512 8510/8510 8509/8509
usemtl Surface_4
f 8511/8511 8510/8510 8512/8512
usemtl Surface_3
f 8516/8516 8514/8514 8513/8513
usemtl Surface_3
f 8515/8515 8514/8514 8516/8516
usemtl Surface_4
f 8520/8520 8518/8518 8517/8517
usemtl Surface_4
f 8519/8519 8518/8518 8520/8520
usemtl Surface_3
f 8524/8524 8522/8522 8521/8521
usemtl Surface_3
f 8523/8523 8522/8522 8524/8524
usemtl Surface_4
f 8528/8528 8526/8526 8525/8525
usemtl Surface_4
f 8527/8527 8526/8526 8528/8528
usemtl Surface_3
f 8532/8532 8530/8530 8529/8529
usemtl Surface_3
f 8531/8531 8530/8530 8532/8532
usemtl Surface_4
f 8536/8536 8534/8534 8533/8533
usemtl Surface_4
f 8535/8535 8534/8534 8536/8536
usemtl Surface_3
f 8540/8540 8538/8538 8537/8537
usemtl Surface_3
f 8539/8539 8538/8538 8540/8540
usemtl Surface_4
f 8544/8544 8542/8542 8541/8541
usemtl Surface_4
f 8543/8543 8542/8542 8544/8544
usemtl Surface_3
f 8548/8548 8546/8546 8545/8545
usemtl Surface_3
f 8547/8547 8546/8546 8548/8548
usemtl Surface_4
f 8552/8552 8550/8550 8549/8549
usemtl Surface_4
f 8551/8551 8550/8550 8552/8552
usemtl Surface_3
f 8556/8556 8554/8554 8553/8553
usemtl Surface_3
f 8555/8555 8554/8554 8556/8556
usemtl Surface_4
f 8560/8560 8558/8558 8557/8557
usemtl Surface_4
f 8559/8559 8558/8558 8560/8560
usemtl Surface_3
f 8564/8564 8562/8562 8561/8561
usemtl Surface_3
f 8563/8563 8562/8562 8564/8564
usemtl Surface_4
f 8568/8568 8566/8566 8565/8565
usemtl Surface_4
f 8567/8567 8566/8566 8568/8568
usemtl Surface_3
f 8572/8572 8570/8570 8569/8569
usemtl Surface_3
f 8571/8571 8570/8570 8572/8572
usemtl Surface_4
f 8576/8576 8574/8574 8573/8573
usemtl Surface_4
f 8575/8575 8574/8574 8576/8576
usemtl Surface_3
f 8580/8580 8578/8578 8577/8577
usemtl Surface_3
f 8579/8579 8578/8578 8580/8580
usemtl Surface_4
f 8584/8584 8582/8582 8581/8581
usemtl Surface_4
f 8583/8583 8582/8582 8584/8584
usemtl Surface_3
f 8588/8588 8586/8586 8585/8585
usemtl Surface_3
f 8587/8587 8586/8586 8588/8588
usemtl Surface_4
f 8592/8592 8590/8590 8589/8589
usemtl Surface_4
f 8591/8591 8590/8590 8592/8592
usemtl Surface_3
f 8596/8596 8594/8594 8593/8593
usemtl Surface_3
f 8595/8595 8594/8594 8596/8596
usemtl Surface_4
f 8600/8600 8598/8598 8597/8597
usemtl Surface_4
f 8599/8599 8598/8598 8600/8600
usemtl Surface_3
f 8604/8604 8602/8602 8601/8601
usemtl Surface_3
f 8603/8603 8602/8602 8604/8604
usemtl Surface_4
f 8608/8608 8606/8606 8605/8605
usemtl Surface_4
f 8607/8607 8606/8606 8608/8608
usemtl Surface_3
f 8612/8612 8610/8610 8609/8609
usemtl Surface_3
f 8611/8611 8610/8610 8612/8612
usemtl Surface_4
f 8616/8616 8614/8614 8613/8613
usemtl Surface_4
f 8615/8615 8614/8614 8616/8616
usemtl Surface_3
f 8620/8620 8618/8618 8617/8617
usemtl Surface_3
f 8619/8619 8618/8618 8620/8620
usemtl Surface_4
f 8624/8624 8622/8622 8621/8621
usemtl Surface_4
f 8623/8623 8622/8622 8624/8624
usemtl Surface_3
f 8628/8628 8626/8626 8625/8625
usemtl Surface_3
f 8627/8627 8626/8626 8628/8628
usemtl Surface_4
f 8632/8632 8630/8630 8629/8629
usemtl Surface_4
f 8631/8631 8630/8630 8632/8632
usemtl Surface_3
f 8636/8636 8634/8634 8633/8633
usemtl Surface_3
f 8635/8635 8634/8634 8636/8636
usemtl Surface_4
f 8640/8640 8638/8638 8637/8637
usemtl Surface_4
f 8639/8639 8638/8638 8640/8640
usemtl Surface_3
f 8644/8644 8642/8642 8641/8641
usemtl Surface_3
f 8643/8643 8642/8642 8644/8644
usemtl Surface_4
f 8648/8648 8646/8646 8645/8645
usemtl Surface_4
f 8647/8647 8646/8646 8648/8648
usemtl Surface_3
f 8652/8652 8650/8650 8649/8649
usemtl Surface_3
f 8651/8651 8650/8650 8652/8652
usemtl Surface_4
f 8656/8656 8654/8654 8653/8653
usemtl Surface_4
f 8655/8655 8654/8654 8656/8656
usemtl Surface_3
f 8660/8660 8658/8658 8657/8657
usemtl Surface_3
f 8659/8659 8658/8658 8660/8660
usemtl Surface_4
f 8664/8664 8662/8662 8661/8661
usemtl Surface_4
f 8663/8663 8662/8662 8664/8664
usemtl Surface_3
f 8668/8668 8666/8666 8665/8665
usemtl Surface_3
f 8667/8667 8666/8666 8668/8668
usemtl Surface_4
f 8672/8672 8670/8670 8669/8669
usemtl Surface_4
f 8671/8671 8670/8670 8672/8672
usemtl Surface_3
f 8676/8676 8674/8674 8673/8673
usemtl Surface_3
f 8675/8675 8674/8674 8676/8676
usemtl Surface_4
f 8680/8680 8678/8678 8677/8677
usemtl Surface_4
f 8679/8679 8678/8678 8680/8680
usemtl Surface_3
f 8684/8684 8682/8682 8681/8681
usemtl Surface_3
f 8683/8683 8682/8682 8684/8684
usemtl Surface_4
f 8688/8688 8686/8686 8685/8685
usemtl Surface_4
f 8687/8687 8686/8686 8688/8688
usemtl Surface_3
f 8692/8692 8690/8690 8689/8689
usemtl Surface_3
f 8691/8691 8690/8690 8692/8692
usemtl Surface_4
f 8696/8696 8694/8694 8693/8693
usemtl Surface_4
f 8695/8695 8694/8694 8696/8696
usemtl Surface_3
f 8700/8700 8698/8698 8697/8697
usemtl Surface_3
f 8699/8699 8698/8698 8700/8700
usemtl Surface_3
f 8704/8704 8702/8702 8701/8701
usemtl Surface_3
f 8703/8703 8702/8702 8704/8704
usemtl Surface_3
f 8708/8708 8706/8706 8705/8705
usemtl Surface_3
f 8707/8707 8706/8706 8708/8708
usemtl Surface_3
f 8712/8712 8710/8710 8709/8709
usemtl Surface_3
f 8711/8711 8710/8710 8712/8712
usemtl Surface_3
f 8716/8716 8714/8714 8713/8713
usemtl Surface_3
f 8715/8715 8714/8714 8716/8716
usemtl Surface_3
f 8720/8720 8718/8718 8717/8717
usemtl Surface_3
f 8719/8719 8718/8718 8720/8720
usemtl Surface_3
f 8724/8724 8722/8722 8721/8721
usemtl Surface_3
f 8723/8723 8722/8722 8724/8724
usemtl Surface_3
f 8728/8728 8726/8726 8725/8725
usemtl Surface_3
f 8727/8727 8726/8726 8728/8728
usemtl Surface_3
f 8732/8732 8730/8730 8729/8729
usemtl Surface_3
f 8731/8731 8730/8730 8732/8732
usemtl Surface_3
f 8736/8736 8734/8734 8733/8733
usemtl Surface_3
f 8735/8735 8734/8734 8736/8736
usemtl Surface_3
f 8740/8740 8738/8738 8737/8737
usemtl Surface_3
f 8739/8739 8738/8738 8740/8740
usemtl Surface_3
f 8744/8744 8742/8742 8741/8741
usemtl Surface_3
f 8743/8743 8742/8742 8744/8744
usemtl Surface_3
f 8748/8748 8746/8746 8745/8745
usemtl Surface_3
f 8747/8747 8746/8746 8748/8748
usemtl Surface_3
f 8752/8752 8750/8750 8749/8749
usemtl Surface_3
f 8751/8751 8750/8750 8752/8752
usemtl Surface_3
f 8756/8756 8754/8754 8753/8753
usemtl Surface_3
f 8755/8755 8754/8754 8756/8756
usemtl Surface_3
f 8760/8760 8758/8758 8757/8757
usemtl Surface_3
f 8759/8759 8758/8758 8760/8760
usemtl Surface_3
f 8764/8764 8762/8762 8761/8761
usemtl Surface_3
f 8763/8763 8762/8762 8764/8764
usemtl Surface_3
f 8768/8768 8766/8766 8765/8765
usemtl Surface_3
f 8767/8767 8766/8766 8768/8768
usemtl Surface_3
f 8772/8772 8770/8770 8769/8769
usemtl Surface_3
f 8771/8771 8770/8770 8772/8772
usemtl Surface_3
f 8776/8776 8774/8774 8773/8773
usemtl Surface_3
f 8775/8775 8774/8774 8776/8776
usemtl Surface_3
f 8780/8780 8778/8778 8777/8777
usemtl Surface_3
f 8779/8779 8778/8778 8780/8780
usemtl Surface_3
f 8784/8784 8782/8782 8781/8781
usemtl Surface_3
f 8783/8783 8782/8782 8784/8784
usemtl Surface_3
f 8788/8788 8786/8786 8785/8785
usemtl Surface_3
f 8787/8787 8786/8786 8788/8788
usemtl Surface_3
f 8792/8792 8790/8790 8789/8789
usemtl Surface_3
f 8791/8791 8790/8790 8792/8792
usemtl Surface_3
f 8796/8796 8794/8794 8793/8793
usemtl Surface_3
f 8795/8795 8794/8794 8796/8796
usemtl Surface_3
f 8800/8800 8798/8798 8797/8797
usemtl Surface_3
f 8799/8799 8798/8798 8800/8800
usemtl Surface_3
f 8804/8804 8802/8802 8801/8801
usemtl Surface_3
f 8803/8803 8802/8802 8804/8804
usemtl Surface_3
f 8808/8808 8806/8806 8805/8805
usemtl Surface_3
f 8807/8807 8806/8806 8808/8808
usemtl Surface_3
f 8812/8812 8810/8810 8809/8809
usemtl Surface_3
f 8811/8811 8810/8810 8812/8812
usemtl Surface_3
f 8816/8816 8814/8814 8813/8813
usemtl Surface_3
f 8815/8815 8814/8814 8816/8816
usemtl Surface_3
f 8820/8820 8818/8818 8817/8817
usemtl Surface_3
f 8819/8819 8818/8818 8820/8820
usemtl Surface_3
f 8824/8824 8822/8822 8821/8821
usemtl Surface_3
f 8823/8823 8822/8822 8824/8824
usemtl Surface_3
f 8828/8828 8826/8826 8825/8825
usemtl Surface_3
f 8827/8827 8826/8826 8828/8828
usemtl Surface_3
f 8832/8832 8830/8830 8829/8829
usemtl Surface_3
f 8831/8831 8830/8830 8832/8832
usemtl Surface_3
f 8836/8836 8834/8834 8833/8833
usemtl Surface_3
f 8835/8835 8834/8834 8836/8836
usemtl Surface_3
f 8840/8840 8838/8838 8837/8837
usemtl Surface_3
f 8839/8839 8838/8838 8840/8840
usemtl Surface_3
f 8844/8844 8842/8842 8841/8841
usemtl Surface_3
f 8843/8843 8842/8842 8844/8844
usemtl Surface_3
f 8848/8848 8846/8846 8845/8845
usemtl Surface_3
f 8847/8847 8846/8846 8848/8848
usemtl Surface_3
f 8852/8852 8850/8850 8849/8849
usemtl Surface_3
f 8851/8851 8850/8850 8852/8852
usemtl Surface_3
f 8856/8856 8854/8854 8853/8853
usemtl Surface_3
f 8855/8855 8854/8854 8856/8856
usemtl Surface_3
f 8860/8860 8858/8858 8857/8857
usemtl Surface_3
f 8859/8859 8858/8858 8860/8860
usemtl Surface_3
f 8864/8864 8862/8862 8861/8861
usemtl Surface_3
f 8863/8863 8862/8862 8864/8864
usemtl Surface_3
f 8868/8868 8866/8866 8865/8865
usemtl Surface_3
f 8867/8867 8866/8866 8868/8868
usemtl Surface_3
f 8872/8872 8870/8870 8869/8869
usemtl Surface_3
f 8871/8871 8870/8870 8872/8872
usemtl Surface_3
f 8876/8876 8874/8874 8873/8873
usemtl Surface_3
f 8875/8875 8874/8874 8876/8876
usemtl Surface_3
f 8880/8880 8878/8878 8877/8877
usemtl Surface_3
f 8879/8879 8878/8878 8880/8880
usemtl Surface_3
f 8884/8884 8882/8882 8881/8881
usemtl Surface_3
f 8883/8883 8882/8882 8884/8884
usemtl Surface_3
f 8888/8888 8886/8886 8885/8885
usemtl Surface_3
f 8887/8887 8886/8886 8888/8888
usemtl Surface_3
f 8892/8892 8890/8890 8889/8889
usemtl Surface_3
f 8891/8891 8890/8890 8892/8892
usemtl Surface_3
f 8896/8896 8894/8894 8893/8893
usemtl Surface_3
f 8895/8895 8894/8894 8896/8896
usemtl Surface_3
f 8900/8900 8898/8898 8897/8897
usemtl Surface_3
f 8899/8899 8898/8898 8900/8900
usemtl Surface_3
f 8904/8904 8902/8902 8901/8901
usemtl Surface_3
f 8903/8903 8902/8902 8904/8904
usemtl Surface_3
f 8908/8908 8906/8906 8905/8905
usemtl Surface_3
f 8907/8907 8906/8906 8908/8908
usemtl Surface_3
f 8912/8912 8910/8910 8909/8909
usemtl Surface_3
f 8911/8911 8910/8910 8912/8912
usemtl Surface_3
f 8916/8916 8914/8914 8913/8913
usemtl Surface_3
f 8915/8915 8914/8914 8916/8916
usemtl Surface_3
f 8920/8920 8918/8918 8917/8917
usemtl Surface_3
f 8919/8919 8918/8918 8920/8920
usemtl Surface_3
f 8924/8924 8922/8922 8921/8921
usemtl Surface_3
f 8923/8923 8922/8922 8924/8924
usemtl Surface_3
f 8928/8928 8926/8926 8925/8925
usemtl Surface_3
f 8927/8927 8926/8926 8928/8928
usemtl Surface_3
f 8932/8932 8930/8930 8929/8929
usemtl Surface_3
f 8931/8931 8930/8930 8932/8932
usemtl Surface_3
f 8936/8936 8934/8934 8933/8933
usemtl Surface_3
f 8935/8935 8934/8934 8936/8936
