# Null Route authored hard-surface mesh. Centimeters, Z up.
v -5.55060 1.03615 7.31945
v -5.55060 0.06606 7.39383
v -6.55060 0.07593 8.49865
v -6.55060 1.19098 8.41316
v -5.55060 0.80542 5.73617
v -6.55060 0.96024 6.82988
v -6.55060 0.06546 6.89869
v -5.55060 0.05559 5.79386
v -5.55060 0.06606 7.39383
v -5.55060 -0.90529 7.32728
v -6.55060 -1.04057 8.42216
v -6.55060 0.07593 8.49865
v -5.55060 0.05559 5.79386
v -6.55060 0.06546 6.89869
v -6.55060 -0.83057 6.83600
v -5.55060 -0.69529 5.74112
v -5.55060 -0.90529 7.32728
v -5.55060 -1.85939 7.12106
v -6.55060 -2.13723 8.18512
v -6.55060 -1.04057 8.42216
v -5.55060 -0.69529 5.74112
v -6.55060 -0.83057 6.83600
v -6.55060 -1.71076 6.64300
v -5.55060 -1.43292 5.57894
v -5.55060 -1.85939 7.12106
v -5.55060 -2.77804 6.77910
v -6.55060 -3.19315 7.79207
v -6.55060 -2.13723 8.18512
v -5.55060 -1.43292 5.57894
v -6.55060 -1.71076 6.64300
v -6.55060 -2.55835 6.32339
v -5.55060 -2.14324 5.31042
v -5.55060 -2.77804 6.77910
v -5.55060 -3.64374 6.30793
v -6.55060 -4.18821 7.25050
v -6.55060 -3.19315 7.79207
v -5.55060 -2.14324 5.31042
v -6.55060 -2.55835 6.32339
v -6.55060 -3.35717 5.88324
v -5.55060 -2.81270 4.94068
v -5.55060 -3.64374 6.30793
v -5.55061 -4.43999 5.71652
v -6.55061 -5.10343 6.57072
v -6.55060 -4.18821 7.25050
v -5.55060 -2.81270 4.94068
v -6.55060 -3.35717 5.88324
v -6.55061 -4.09200 5.33096
v -5.55061 -3.42856 4.47676
v -5.55061 -4.43999 5.71652
v -5.55061 -5.15160 5.01615
v -6.55061 -5.92138 5.76569
v -6.55061 -5.10343 6.57072
v -5.55061 -3.42856 4.47676
v -6.55061 -4.09200 5.33096
v -6.55061 -4.74884 4.67706
v -5.55061 -3.97906 3.92752
v -5.55061 -5.15160 5.01615
v -5.55061 -5.76502 4.22017
v -6.55061 -6.62646 4.85077
v -6.55061 -5.92138 5.76569
v -5.55061 -3.97906 3.92752
v -6.55061 -4.74884 4.67706
v -6.55061 -5.31515 3.93400
v -5.55061 -4.45371 3.30340
v -5.55061 -5.76502 4.22017
v -5.55061 -6.26855 3.34374
v -6.55061 -7.20524 3.84338
v -6.55061 -6.62646 4.85077
v -5.55061 -4.45371 3.30340
v -6.55061 -5.31515 3.93400
v -6.55061 -5.78015 3.11597
v -5.55061 -4.84347 2.61633
v -5.55061 -6.26855 3.34374
v -5.55061 -6.65260 2.40358
v -6.55061 -7.64667 2.76274
v -6.55061 -7.20524 3.84338
v -5.55061 -4.84347 2.61633
v -6.55061 -5.78015 3.11597
v -6.55061 -6.13498 2.23854
v -5.55061 -5.14091 1.87938
v -5.55061 -6.65260 2.40358
v -5.55061 -6.90984 1.41761
v -6.55061 -7.94235 1.62943
v -6.55061 -7.64667 2.76274
v -5.55061 -5.14091 1.87938
v -6.55061 -6.13498 2.23854
v -6.55061 -6.37286 1.31844
v -5.55061 -5.34036 1.10661
v -5.55061 -6.90984 1.41761
v -5.55061 -7.03537 0.40461
v -6.55061 -8.08663 0.46507
v -6.55061 -7.94235 1.62943
v -5.55061 -5.34036 1.10661
v -6.55061 -6.37286 1.31844
v -6.55061 -6.48927 0.37320
v -5.55061 -5.43801 0.31275
v -5.55061 -7.03537 0.40461
v -5.55061 -7.02680 -0.61610
v -6.55061 -8.07678 -0.70816
v -6.55061 -8.08663 0.46507
v -5.55061 -5.43801 0.31275
v -6.55061 -6.48927 0.37320
v -6.55061 -6.48199 -0.57914
v -5.55061 -5.43201 -0.48708
v -5.55061 -7.02680 -0.61610
v -5.55061 -6.88429 -1.62506
v -6.55061 -7.91298 -1.86789
v -6.55061 -8.07678 -0.70816
v -5.55061 -5.43201 -0.48708
v -6.55061 -6.48199 -0.57914
v -6.55061 -6.35116 -1.52044
v -5.55061 -5.32247 -1.27762
v -5.55061 -6.88429 -1.62506
v -5.55061 -6.61056 -2.60305
v -6.55061 -7.59834 -2.99202
v -6.55061 -7.91298 -1.86789
v -5.55061 -5.32247 -1.27762
v -6.55061 -6.35116 -1.52044
v -6.55061 -6.09926 -2.43277
v -5.55061 -5.11148 -2.04381
v -5.55061 -6.61056 -2.60305
v -5.55061 -6.21082 -3.53143
v -6.55061 -7.13887 -4.05911
v -6.55061 -7.59834 -2.99202
v -5.55061 -5.11148 -2.04381
v -6.55061 -6.09926 -2.43277
v -6.55061 -5.73111 -3.29872
v -5.55061 -4.80305 -2.77104
v -5.55061 -6.21082 -3.53143
v -5.55061 -5.69270 -4.39249
v -6.55061 -6.54333 -5.04883
v -6.55061 -7.13887 -4.05911
v -5.55061 -4.80305 -2.77104
v -6.55061 -5.73111 -3.29872
v -6.55061 -5.25371 -4.10180
v -5.55061 -4.40308 -3.44545
v -5.55061 -5.69270 -4.39249
v -5.55061 -5.06607 -5.16982
v -6.55061 -5.82306 -5.94232
v -6.55061 -6.54333 -5.04883
v -5.55061 -4.40308 -3.44545
v -6.55061 -5.25371 -4.10180
v -6.55061 -4.67617 -4.82669
v -5.55061 -3.91918 -4.05418
v -5.55061 -5.06607 -5.16982
v -5.55061 -4.34287 -5.84861
v -6.55061 -4.99180 -6.72254
v -6.55061 -5.82306 -5.94232
v -5.55061 -3.91918 -4.05418
v -6.55061 -4.67617 -4.82669
v -6.55061 -4.00950 -5.45958
v -5.55061 -3.36057 -4.58564
v -5.55061 -4.34287 -5.84861
v -5.55061 -3.53689 -6.41592
v -6.55061 -4.06540 -7.37462
v -6.55061 -4.99180 -6.72254
v -5.55061 -3.36057 -4.58564
v -6.55061 -4.00950 -5.45958
v -6.55061 -3.26641 -5.98840
v -5.55061 -2.73791 -5.02970
v -5.55061 -3.53689 -6.41592
v -5.55061 -2.66350 -6.86094
v -6.55061 -3.06149 -7.88613
v -6.55061 -4.06540 -7.37462
v -5.55061 -2.73791 -5.02970
v -6.55061 -3.26641 -5.98840
v -6.55061 -2.46105 -6.40307
v -5.55061 -2.06305 -5.37788
v -5.55061 -2.66350 -6.86094
v -5.55061 -1.73934 -7.17518
v -6.55061 -1.99924 -8.24733
v -6.55061 -3.06149 -7.88613
v -5.55061 -2.06305 -5.37788
v -6.55061 -2.46105 -6.40307
v -6.55061 -1.60878 -6.69570
v -5.55061 -1.34888 -5.62355
v -5.55061 -1.73934 -7.17518
v -5.55061 -0.78202 -7.35265
v -6.55061 -0.89887 -8.45132
v -6.55061 -1.99924 -8.24733
v -5.55061 -1.34888 -5.62355
v -6.55061 -1.60878 -6.69570
v -6.55061 -0.72585 -6.86070
v -5.55061 -0.60899 -5.76203
v -5.55061 -0.78202 -7.35265
v -5.55061 0.19020 -7.38997
v -6.55061 0.21863 -8.49422
v -6.55061 -0.89887 -8.45132
v -5.55061 -0.60899 -5.76203
v -6.55061 -0.72585 -6.86070
v -6.55061 0.17092 -6.89493
v -5.55061 0.14250 -5.79068
v -6.55060 1.19098 8.41316
v -6.55060 0.07593 8.49865
v -13.59022 0.06131 8.24441
v -13.59022 1.17640 8.15955
v -6.55060 0.96024 6.82988
v -13.59022 0.94566 6.57627
v -13.59022 0.05084 6.64444
v -6.55060 0.06546 6.89869
v -6.55060 0.07593 8.49865
v -6.55060 -1.04057 8.42216
v -13.59022 -1.05494 8.17212
v -13.59022 0.06131 8.24441
v -6.55060 0.06546 6.89869
v -13.59022 0.05084 6.64444
v -13.59022 -0.84494 6.58596
v -6.55060 -0.83057 6.83600
v -6.55060 -1.04057 8.42216
v -6.55060 -2.13723 8.18512
v -13.59022 -2.15109 7.94406
v -13.59022 -1.05494 8.17212
v -6.55060 -0.83057 6.83600
v -13.59022 -0.84494 6.58596
v -13.59022 -1.72462 6.40194
v -6.55060 -1.71076 6.64300
v -6.55060 -2.13723 8.18512
v -6.55060 -3.19315 7.79207
v -13.59022 -3.20623 7.56458
v -13.59022 -2.15109 7.94406
v -6.55060 -1.71076 6.64300
v -13.59022 -1.72462 6.40194
v -13.59022 -2.57143 6.09589
v -6.55060 -2.55835 6.32339
v -6.55060 -3.19315 7.79207
v -6.55060 -4.18821 7.25050
v -13.59022 -4.20026 7.04090
v -13.59022 -3.20623 7.56458
v -6.55060 -2.55835 6.32339
v -13.59022 -2.57143 6.09589
v -13.59022 -3.36922 5.67365
v -6.55060 -3.35717 5.88324
v -6.55060 -4.18821 7.25050
v -6.55061 -5.10343 6.57072
v -13.59022 -5.11422 6.38303
v -13.59022 -4.20026 7.04090
v -6.55060 -3.35717 5.88324
v -13.59022 -3.36922 5.67365
v -13.59022 -4.10279 5.14326
v -6.55061 -4.09200 5.33096
v -6.55061 -5.10343 6.57072
v -6.55061 -5.92138 5.76569
v -13.59022 -5.93071 5.60348
v -13.59022 -5.11422 6.38303
v -6.55061 -4.09200 5.33096
v -13.59022 -4.10279 5.14326
v -13.59022 -4.75816 4.51484
v -6.55061 -4.74884 4.67706
v -6.55061 -5.92138 5.76569
v -6.55061 -6.62646 4.85077
v -13.59022 -6.63414 4.71712
v -13.59022 -5.93071 5.60348
v -6.55061 -4.74884 4.67706
v -13.59022 -4.75816 4.51484
v -13.59022 -5.32283 3.80036
v -6.55061 -5.31515 3.93400
v -6.55061 -6.62646 4.85077
v -6.55061 -7.20524 3.84338
v -13.59022 -7.21113 3.74086
v -13.59022 -6.63414 4.71712
v -6.55061 -5.31515 3.93400
v -13.59022 -5.32283 3.80036
v -13.59022 -5.78604 3.01344
v -6.55061 -5.78015 3.11597
v -6.55061 -7.20524 3.84338
v -6.55061 -7.64667 2.76274
v -13.59022 -7.65066 2.69328
v -13.59022 -7.21113 3.74086
v -6.55061 -5.78015 3.11597
v -13.59022 -5.78604 3.01344
v -13.59022 -6.13897 2.16908
v -6.55061 -6.13498 2.23854
v -6.55061 -7.64667 2.76274
v -6.55061 -7.94235 1.62943
v -13.59023 -7.94436 1.59437
v -13.59022 -7.65066 2.69328
v -6.55061 -6.13498 2.23854
v -13.59022 -6.13897 2.16908
v -13.59022 -6.37487 1.28338
v -6.55061 -6.37286 1.31844
v -6.55061 -7.94235 1.62943
v -6.55061 -8.08663 0.46507
v -13.59023 -8.08663 0.46507
v -13.59023 -7.94436 1.59437
v -6.55061 -6.37286 1.31844
v -13.59022 -6.37487 1.28338
v -13.59022 -6.48927 0.37321
v -6.55061 -6.48927 0.37320
v -6.55061 -8.08663 0.46507
v -6.55061 -8.07678 -0.70816
v -13.59023 -8.07476 -0.67309
v -13.59023 -8.08663 0.46507
v -6.55061 -6.48927 0.37320
v -13.59022 -6.48927 0.37321
v -13.59023 -6.47997 -0.54407
v -6.55061 -6.48199 -0.57914
v -6.55061 -8.07678 -0.70816
v -6.55061 -7.91298 -1.86789
v -13.59023 -7.90898 -1.79843
v -13.59023 -8.07476 -0.67309
v -6.55061 -6.48199 -0.57914
v -13.59023 -6.47997 -0.54407
v -13.59023 -6.34716 -1.45098
v -6.55061 -6.35116 -1.52044
v -6.55061 -7.91298 -1.86789
v -6.55061 -7.59834 -2.99202
v -13.59023 -7.59244 -2.88948
v -13.59023 -7.90898 -1.79843
v -6.55061 -6.35116 -1.52044
v -13.59023 -6.34716 -1.45098
v -13.59023 -6.09336 -2.33023
v -6.55061 -6.09926 -2.43277
v -6.55061 -7.59834 -2.99202
v -6.55061 -7.13887 -4.05911
v -13.59023 -7.13118 -3.92546
v -13.59023 -7.59244 -2.88948
v -6.55061 -6.09926 -2.43277
v -13.59023 -6.09336 -2.33023
v -13.59023 -5.72342 -3.16507
v -6.55061 -5.73111 -3.29872
v -6.55061 -7.13887 -4.05911
v -6.55061 -6.54333 -5.04883
v -13.59023 -6.53400 -4.88661
v -13.59023 -7.13118 -3.92546
v -6.55061 -5.73111 -3.29872
v -13.59023 -5.72342 -3.16507
v -13.59023 -5.24438 -3.93957
v -6.55061 -5.25371 -4.10180
v -6.55061 -6.54333 -5.04883
v -6.55061 -5.82306 -5.94232
v -13.59023 -5.81227 -5.75462
v -13.59023 -6.53400 -4.88661
v -6.55061 -5.25371 -4.10180
v -13.59023 -5.24438 -3.93957
v -13.59023 -4.66537 -4.63899
v -6.55061 -4.67617 -4.82669
v -6.55061 -5.82306 -5.94232
v -6.55061 -4.99180 -6.72254
v -13.59023 -4.97974 -6.51294
v -13.59023 -5.81227 -5.75462
v -6.55061 -4.67617 -4.82669
v -13.59023 -4.66537 -4.63899
v -13.59023 -3.99744 -5.24998
v -6.55061 -4.00950 -5.45958
v -6.55061 -4.99180 -6.72254
v -6.55061 -4.06540 -7.37462
v -13.59023 -4.05231 -7.14712
v -13.59023 -4.97974 -6.51294
v -6.55061 -4.00950 -5.45958
v -13.59023 -3.99744 -5.24998
v -13.59023 -3.25332 -5.76089
v -6.55061 -3.26641 -5.98840
v -6.55061 -4.06540 -7.37462
v -6.55061 -3.06149 -7.88613
v -13.59023 -3.04762 -7.64506
v -13.59023 -4.05231 -7.14712
v -6.55061 -3.26641 -5.98840
v -13.59023 -3.25332 -5.76089
v -13.59023 -2.44718 -6.16200
v -6.55061 -2.46105 -6.40307
v -6.55061 -3.06149 -7.88613
v -6.55061 -1.99924 -8.24733
v -13.59023 -1.98485 -7.99728
v -13.59023 -3.04762 -7.64506
v -6.55061 -2.46105 -6.40307
v -13.59023 -2.44718 -6.16200
v -13.59023 -1.59440 -6.44566
v -6.55061 -1.60878 -6.69570
v -6.55061 -1.99924 -8.24733
v -6.55061 -0.89887 -8.45132
v -13.59023 -0.88425 -8.19706
v -13.59023 -1.98485 -7.99728
v -6.55061 -1.60878 -6.69570
v -13.59023 -1.59440 -6.44566
v -13.59022 -0.71122 -6.60645
v -6.55061 -0.72585 -6.86070
v -6.55061 -0.89887 -8.45132
v -6.55061 0.21863 -8.49422
v -13.59022 0.23322 -8.24060
v -13.59023 -0.88425 -8.19706
v -6.55061 -0.72585 -6.86070
v -13.59022 -0.71122 -6.60645
v -13.59022 0.18551 -6.64131
v -6.55061 0.17092 -6.89493
v -13.59022 1.17640 8.15955
v -13.59022 0.06131 8.24441
v -23.24738 0.03714 6.46017
v -23.24738 0.94039 6.39198
v -13.59022 0.94566 6.57627
v -23.24738 0.70966 4.80871
v -23.24738 0.02668 4.86020
v -13.59022 0.05084 6.64444
v -13.59022 0.06131 8.24441
v -13.59022 -1.05494 8.17212
v -23.24738 -0.86681 6.40522
v -23.24738 0.03714 6.46017
v -13.59022 0.05084 6.64444
v -23.24738 0.02668 4.86020
v -23.24738 -0.65681 4.81906
v -13.59022 -0.84494 6.58596
v -13.59022 -1.05494 8.17212
v -13.59022 -2.15109 7.94406
v -23.24738 -1.75425 6.22818
v -23.24738 -0.86681 6.40522
v -13.59022 -0.84494 6.58596
v -23.24738 -0.65681 4.81906
v -23.24738 -1.32778 4.68606
v -13.59022 -1.72462 6.40194
v -13.59022 -2.15109 7.94406
v -13.59022 -3.20623 7.56458
v -23.24738 -2.60825 5.93242
v -23.24738 -1.75425 6.22818
v -13.59022 -1.72462 6.40194
v -23.24738 -1.32778 4.68606
v -23.24738 -1.97345 4.46374
v -13.59022 -2.57143 6.09589
v -13.59022 -3.20623 7.56458
v -13.59022 -4.20026 7.04090
v -23.24738 -3.41253 5.52359
v -23.24738 -2.60825 5.93242
v -13.59022 -2.57143 6.09589
v -23.24738 -1.97345 4.46374
v -23.24738 -2.58149 4.15633
v -13.59022 -3.36922 5.67365
v -13.59022 -4.20026 7.04090
v -13.59022 -5.11422 6.38303
v -23.24738 -4.15176 5.00946
v -23.24738 -3.41253 5.52359
v -13.59022 -3.36922 5.67365
v -23.24738 -2.58149 4.15633
v -23.24738 -3.14033 3.76970
v -13.59022 -4.10279 5.14326
v -13.59022 -5.11422 6.38303
v -13.59022 -5.93071 5.60348
v -23.24738 -4.81186 4.39986
v -23.24738 -4.15176 5.00946
v -13.59022 -4.10279 5.14326
v -23.24738 -3.14033 3.76970
v -23.24738 -3.63931 3.31122
v -13.59022 -4.75816 4.51484
v -13.59022 -5.93071 5.60348
v -13.59022 -6.63414 4.71712
v -23.24739 -5.38023 3.70638
v -23.24738 -4.81186 4.39986
v -13.59022 -4.75816 4.51484
v -23.24738 -3.63931 3.31122
v -23.24739 -4.06892 2.78962
v -13.59022 -5.32283 3.80036
v -13.59022 -6.63414 4.71712
v -13.59022 -7.21113 3.74086
v -23.24739 -5.84606 2.94227
v -23.24739 -5.38023 3.70638
v -13.59022 -5.32283 3.80036
v -23.24739 -4.06892 2.78962
v -23.24739 -4.42097 2.21485
v -13.59022 -5.78604 3.01344
v -13.59022 -7.21113 3.74086
v -13.59022 -7.65066 2.69328
v -23.24739 -6.20045 2.12206
v -23.24739 -5.84606 2.94227
v -13.59022 -5.78604 3.01344
v -23.24739 -4.42097 2.21485
v -23.24739 -4.68876 1.59786
v -13.59022 -6.13897 2.16908
v -13.59022 -7.65066 2.69328
v -13.59023 -7.94436 1.59437
v -23.24739 -6.43665 1.26141
v -23.24739 -6.20045 2.12206
v -13.59022 -6.13897 2.16908
v -23.24739 -4.68876 1.59786
v -23.24739 -4.86717 0.95041
v -13.59022 -6.37487 1.28338
v -13.59023 -7.94436 1.59437
v -13.59023 -8.08663 0.46507
v -23.24739 -6.55016 0.37672
v -23.24739 -6.43665 1.26141
v -13.59022 -6.37487 1.28338
v -23.24739 -4.86717 0.95041
v -23.24739 -4.95280 0.28485
v -13.59022 -6.48927 0.37321
v -13.59023 -8.08663 0.46507
v -13.59023 -8.07476 -0.67309
v -23.24739 -6.53882 -0.51516
v -23.24739 -6.55016 0.37672
v -13.59022 -6.48927 0.37321
v -23.24739 -4.95280 0.28485
v -23.24739 -4.94403 -0.38614
v -13.59023 -6.47997 -0.54407
v -13.59023 -8.07476 -0.67309
v -13.59023 -7.90898 -1.79843
v -23.24739 -6.40284 -1.39721
v -23.24739 -6.53882 -0.51516
v -13.59023 -6.47997 -0.54407
v -23.24739 -4.94403 -0.38614
v -23.24739 -4.84102 -1.04977
v -13.59023 -6.34716 -1.45098
v -13.59023 -7.90898 -1.79843
v -13.59023 -7.59244 -2.88948
v -23.24739 -6.14482 -2.25264
v -23.24739 -6.40284 -1.39721
v -13.59023 -6.34716 -1.45098
v -23.24739 -4.84102 -1.04977
v -23.24739 -4.64574 -1.69339
v -13.59023 -6.09336 -2.33023
v -13.59023 -7.59244 -2.88948
v -13.59023 -7.13118 -3.92546
v -23.24739 -5.76967 -3.06512
v -23.24739 -6.14482 -2.25264
v -13.59023 -6.09336 -2.33023
v -23.24739 -4.64574 -1.69339
v -23.24739 -4.36190 -2.30473
v -13.59023 -5.72342 -3.16507
v -13.59023 -7.13118 -3.92546
v -13.59023 -6.53400 -4.88661
v -23.24739 -5.28454 -3.81918
v -23.24739 -5.76967 -3.06512
v -13.59023 -5.72342 -3.16507
v -23.24739 -4.36190 -2.30473
v -23.24739 -3.99492 -2.87215
v -13.59023 -5.24438 -3.93957
v -13.59023 -6.53400 -4.88661
v -13.59023 -5.81227 -5.75462
v -23.24739 -4.69868 -4.50044
v -23.24739 -5.28454 -3.81918
v -13.59023 -5.24438 -3.93957
v -23.24739 -3.99492 -2.87215
v -23.24739 -3.55179 -3.38481
v -13.59023 -4.66537 -4.63899
v -13.59023 -5.81227 -5.75462
v -13.59023 -4.97974 -6.51294
v -23.24739 -4.02326 -5.09592
v -23.24739 -4.69868 -4.50044
v -13.59023 -4.66537 -4.63899
v -23.24739 -3.55179 -3.38481
v -23.24739 -3.04096 -3.83296
v -13.59023 -3.99744 -5.24998
v -13.59023 -4.97974 -6.51294
v -13.59023 -4.05231 -7.14712
v -23.24739 -3.27115 -5.59427
v -23.24739 -4.02326 -5.09592
v -13.59023 -3.99744 -5.24998
v -23.24739 -3.04096 -3.83296
v -23.24739 -2.47216 -4.20804
v -13.59023 -3.25332 -5.76089
v -13.59023 -4.05231 -7.14712
v -13.59023 -3.04762 -7.64506
v -23.24739 -2.45669 -5.98598
v -23.24739 -3.27115 -5.59427
v -13.59023 -3.25332 -5.76089
v -23.24739 -2.47216 -4.20804
v -23.24739 -1.85625 -4.50292
v -13.59023 -2.44718 -6.16200
v -13.59023 -3.04762 -7.64506
v -13.59023 -1.98485 -7.99728
v -23.24739 -1.59540 -6.26359
v -23.24739 -2.45669 -5.98598
v -13.59023 -2.44718 -6.16200
v -23.24739 -1.85625 -4.50292
v -23.24739 -1.20495 -4.71196
v -13.59023 -1.59440 -6.44566
v -13.59023 -1.98485 -7.99728
v -13.59023 -0.88425 -8.19706
v -23.24739 -0.70371 -6.42181
v -23.24739 -1.59540 -6.26359
v -13.59023 -1.59440 -6.44566
v -23.24739 -1.20495 -4.71196
v -23.24739 -0.53068 -4.83119
v -13.59022 -0.71122 -6.60645
v -13.59023 -0.88425 -8.19706
v -13.59022 0.23322 -8.24060
v -23.24739 0.20141 -6.45762
v -23.24739 -0.70371 -6.42181
v -13.59022 -0.71122 -6.60645
v -23.24739 -0.53068 -4.83119
v -23.24739 0.15370 -4.85833
v -13.59022 0.18551 -6.64131
v -23.24738 0.94039 6.39198
v -23.24738 0.03714 6.46017
v -24.24738 0.02772 5.86550
v -24.24738 0.86407 5.80266
v -23.24738 0.70966 4.80871
v -24.24738 0.63334 4.21938
v -24.24738 0.01725 4.26553
v -23.24738 0.02668 4.86020
v -23.24738 0.03714 6.46017
v -23.24738 -0.86681 6.40522
v -24.24738 -0.80917 5.81654
v -24.24738 0.02772 5.86550
v -23.24738 0.02668 4.86020
v -24.24738 0.01725 4.26553
v -24.24738 -0.59917 4.23038
v -23.24738 -0.65681 4.81906
v -23.24738 -0.86681 6.40522
v -23.24738 -1.75425 6.22818
v -24.24738 -1.63064 5.65671
v -24.24738 -0.80917 5.81654
v -23.24738 -0.65681 4.81906
v -24.24738 -0.59917 4.23038
v -24.24738 -1.20417 4.11460
v -23.24738 -1.32778 4.68606
v -23.24738 -1.75425 6.22818
v -23.24738 -2.60825 5.93242
v -24.24738 -2.42102 5.38906
v -24.24738 -1.63064 5.65671
v -23.24738 -1.32778 4.68606
v -24.24738 -1.20417 4.11460
v -24.24738 -1.78622 3.92038
v -23.24738 -1.97345 4.46374
v -23.24738 -2.60825 5.93242
v -23.24738 -3.41253 5.52359
v -24.24738 -3.16525 5.01869
v -24.24738 -2.42102 5.38906
v -23.24738 -1.97345 4.46374
v -24.24738 -1.78622 3.92038
v -24.24738 -2.33422 3.65144
v -23.24738 -2.58149 4.15633
v -23.24738 -3.41253 5.52359
v -23.24738 -4.15176 5.00946
v -24.24738 -3.84915 4.55266
v -24.24738 -3.16525 5.01869
v -23.24738 -2.58149 4.15633
v -24.24738 -2.33422 3.65144
v -24.24738 -2.83772 3.31290
v -23.24738 -3.14033 3.76970
v -23.24738 -4.15176 5.00946
v -23.24738 -4.81186 4.39986
v -24.24738 -4.45968 3.99984
v -24.24738 -3.84915 4.55266
v -23.24738 -3.14033 3.76970
v -24.24738 -2.83772 3.31290
v -24.24738 -3.28714 2.91121
v -23.24738 -3.63931 3.31122
v -23.24738 -4.81186 4.39986
v -23.24739 -5.38023 3.70638
v -24.24739 -4.98521 3.37079
v -24.24738 -4.45968 3.99984
v -23.24738 -3.63931 3.31122
v -24.24738 -3.28714 2.91121
v -24.24739 -3.67389 2.45403
v -23.24739 -4.06892 2.78962
v -23.24739 -5.38023 3.70638
v -23.24739 -5.84606 2.94227
v -24.24739 -5.41571 2.67749
v -24.24739 -4.98521 3.37079
v -23.24739 -4.06892 2.78962
v -24.24739 -3.67389 2.45403
v -24.24739 -3.99062 1.95007
v -23.24739 -4.42097 2.21485
v -23.24739 -5.84606 2.94227
v -23.24739 -6.20045 2.12206
v -24.24739 -5.74298 1.93315
v -24.24739 -5.41571 2.67749
v -23.24739 -4.42097 2.21485
v -24.24739 -3.99062 1.95007
v -24.24739 -4.23129 1.40894
v -23.24739 -4.68876 1.59786
v -23.24739 -6.20045 2.12206
v -23.24739 -6.43665 1.26141
v -24.24739 -5.96078 1.15196
v -24.24739 -5.74298 1.93315
v -23.24739 -4.68876 1.59786
v -24.24739 -4.23129 1.40894
v -24.24739 -4.39130 0.84096
v -23.24739 -4.86717 0.95041
v -23.24739 -6.43665 1.26141
v -23.24739 -6.55016 0.37672
v -24.24739 -6.06496 0.34881
v -24.24739 -5.96078 1.15196
v -23.24739 -4.86717 0.95041
v -24.24739 -4.39130 0.84096
v -24.24739 -4.46760 0.25695
v -23.24739 -4.95280 0.28485
v -23.24739 -6.55016 0.37672
v -23.24739 -6.53882 -0.51516
v -24.24739 -6.05354 -0.46098
v -24.24739 -6.06496 0.34881
v -23.24739 -4.95280 0.28485
v -24.24739 -4.46760 0.25695
v -24.24739 -4.45875 -0.33196
v -23.24739 -4.94403 -0.38614
v -23.24739 -6.53882 -0.51516
v -23.24739 -6.40284 -1.39721
v -24.24739 -5.92673 -1.26199
v -24.24739 -6.05354 -0.46098
v -23.24739 -4.94403 -0.38614
v -24.24739 -4.45875 -0.33196
v -24.24739 -4.36491 -0.91454
v -23.24739 -4.84102 -1.04977
v -23.24739 -6.40284 -1.39721
v -23.24739 -6.14482 -2.25264
v -24.24739 -5.68695 -2.03894
v -24.24739 -5.92673 -1.26199
v -23.24739 -4.84102 -1.04977
v -24.24739 -4.36491 -0.91454
v -24.24739 -4.18787 -1.47969
v -23.24739 -4.64574 -1.69339
v -23.24739 -6.14482 -2.25264
v -23.24739 -5.76967 -3.06512
v -24.24739 -5.33877 -2.77703
v -24.24739 -5.68695 -2.03894
v -23.24739 -4.64574 -1.69339
v -24.24739 -4.18787 -1.47969
v -24.24739 -3.93100 -2.01664
v -23.24739 -4.36190 -2.30473
v -23.24739 -5.76967 -3.06512
v -23.24739 -5.28454 -3.81918
v -24.24739 -4.88883 -3.46218
v -24.24739 -5.33877 -2.77703
v -23.24739 -4.36190 -2.30473
v -24.24739 -3.93100 -2.01664
v -24.24739 -3.59921 -2.51514
v -23.24739 -3.99492 -2.87215
v -23.24739 -5.28454 -3.81918
v -23.24739 -4.69868 -4.50044
v -24.24739 -4.34570 -4.08134
v -24.24739 -4.88883 -3.46218
v -23.24739 -3.99492 -2.87215
v -24.24739 -3.59921 -2.51514
v -24.24739 -3.19881 -2.96571
v -23.24739 -3.55179 -3.38481
v -23.24739 -4.69868 -4.50044
v -23.24739 -4.02326 -5.09592
v -24.24739 -3.71973 -4.62270
v -24.24739 -4.34570 -4.08134
v -23.24739 -3.55179 -3.38481
v -24.24739 -3.19881 -2.96571
v -24.24739 -2.73743 -3.35974
v -23.24739 -3.04096 -3.83296
v -23.24739 -4.02326 -5.09592
v -23.24739 -3.27115 -5.59427
v -24.24739 -3.02287 -5.07596
v -24.24739 -3.71973 -4.62270
v -23.24739 -3.04096 -3.83296
v -24.24739 -2.73743 -3.35974
v -24.24739 -2.22388 -3.68973
v -23.24739 -2.47216 -4.20804
v -23.24739 -3.27115 -5.59427
v -23.24739 -2.45669 -5.98598
v -24.24739 -2.26838 -5.43245
v -24.24739 -3.02287 -5.07596
v -23.24739 -2.47216 -4.20804
v -24.24739 -2.22388 -3.68973
v -24.24739 -1.66794 -3.94939
v -23.24739 -1.85625 -4.50292
v -23.24739 -2.45669 -5.98598
v -23.24739 -1.59540 -6.26359
v -24.24739 -1.47065 -5.68540
v -24.24739 -2.26838 -5.43245
v -23.24739 -1.85625 -4.50292
v -24.24739 -1.66794 -3.94939
v -24.24739 -1.08020 -4.13377
v -23.24739 -1.20495 -4.71196
v -23.24739 -1.59540 -6.26359
v -23.24739 -0.70371 -6.42181
v -24.24739 -0.64490 -5.82998
v -24.24739 -1.47065 -5.68540
v -23.24739 -1.20495 -4.71196
v -24.24739 -1.08020 -4.13377
v -24.24739 -0.47187 -4.23936
v -23.24739 -0.53068 -4.83119
v -23.24739 -0.70371 -6.42181
v -23.24739 0.20141 -6.45762
v -24.24739 0.19315 -5.86343
v -24.24739 -0.64490 -5.82998
v -23.24739 -0.53068 -4.83119
v -24.24739 -0.47187 -4.23936
v -24.24739 0.14545 -4.26414
v -23.24739 0.15370 -4.85833
v -5.55060 1.03615 7.31945
v -5.55060 0.80542 5.73617
v -5.55060 0.05559 5.79386
v -5.55060 0.06606 7.39383
v -24.24738 0.86407 5.80266
v -24.24738 0.02772 5.86550
v -24.24738 0.01725 4.26553
v -24.24738 0.63334 4.21938
v -5.55060 0.06606 7.39383
v -5.55060 0.05559 5.79386
v -5.55060 -0.69529 5.74112
v -5.55060 -0.90529 7.32728
v -24.24738 0.02772 5.86550
v -24.24738 -0.80917 5.81654
v -24.24738 -0.59917 4.23038
v -24.24738 0.01725 4.26553
v -5.55060 -0.90529 7.32728
v -5.55060 -0.69529 5.74112
v -5.55060 -1.43292 5.57894
v -5.55060 -1.85939 7.12106
v -24.24738 -0.80917 5.81654
v -24.24738 -1.63064 5.65671
v -24.24738 -1.20417 4.11460
v -24.24738 -0.59917 4.23038
v -5.55060 -1.85939 7.12106
v -5.55060 -1.43292 5.57894
v -5.55060 -2.14324 5.31042
v -5.55060 -2.77804 6.77910
v -24.24738 -1.63064 5.65671
v -24.24738 -2.42102 5.38906
v -24.24738 -1.78622 3.92038
v -24.24738 -1.20417 4.11460
v -5.55060 -2.77804 6.77910
v -5.55060 -2.14324 5.31042
v -5.55060 -2.81270 4.94068
v -5.55060 -3.64374 6.30793
v -24.24738 -2.42102 5.38906
v -24.24738 -3.16525 5.01869
v -24.24738 -2.33422 3.65144
v -24.24738 -1.78622 3.92038
v -5.55060 -3.64374 6.30793
v -5.55060 -2.81270 4.94068
v -5.55061 -3.42856 4.47676
v -5.55061 -4.43999 5.71652
v -24.24738 -3.16525 5.01869
v -24.24738 -3.84915 4.55266
v -24.24738 -2.83772 3.31290
v -24.24738 -2.33422 3.65144
v -5.55061 -4.43999 5.71652
v -5.55061 -3.42856 4.47676
v -5.55061 -3.97906 3.92752
v -5.55061 -5.15160 5.01615
v -24.24738 -3.84915 4.55266
v -24.24738 -4.45968 3.99984
v -24.24738 -3.28714 2.91121
v -24.24738 -2.83772 3.31290
v -5.55061 -5.15160 5.01615
v -5.55061 -3.97906 3.92752
v -5.55061 -4.45371 3.30340
v -5.55061 -5.76502 4.22017
v -24.24738 -4.45968 3.99984
v -24.24739 -4.98521 3.37079
v -24.24739 -3.67389 2.45403
v -24.24738 -3.28714 2.91121
v -5.55061 -5.76502 4.22017
v -5.55061 -4.45371 3.30340
v -5.55061 -4.84347 2.61633
v -5.55061 -6.26855 3.34374
v -24.24739 -4.98521 3.37079
v -24.24739 -5.41571 2.67749
v -24.24739 -3.99062 1.95007
v -24.24739 -3.67389 2.45403
v -5.55061 -6.26855 3.34374
v -5.55061 -4.84347 2.61633
v -5.55061 -5.14091 1.87938
v -5.55061 -6.65260 2.40358
v -24.24739 -5.41571 2.67749
v -24.24739 -5.74298 1.93315
v -24.24739 -4.23129 1.40894
v -24.24739 -3.99062 1.95007
v -5.55061 -6.65260 2.40358
v -5.55061 -5.14091 1.87938
v -5.55061 -5.34036 1.10661
v -5.55061 -6.90984 1.41761
v -24.24739 -5.74298 1.93315
v -24.24739 -5.96078 1.15196
v -24.24739 -4.39130 0.84096
v -24.24739 -4.23129 1.40894
v -5.55061 -6.90984 1.41761
v -5.55061 -5.34036 1.10661
v -5.55061 -5.43801 0.31275
v -5.55061 -7.03537 0.40461
v -24.24739 -5.96078 1.15196
v -24.24739 -6.06496 0.34881
v -24.24739 -4.46760 0.25695
v -24.24739 -4.39130 0.84096
v -5.55061 -7.03537 0.40461
v -5.55061 -5.43801 0.31275
v -5.55061 -5.43201 -0.48708
v -5.55061 -7.02680 -0.61610
v -24.24739 -6.06496 0.34881
v -24.24739 -6.05354 -0.46098
v -24.24739 -4.45875 -0.33196
v -24.24739 -4.46760 0.25695
v -5.55061 -7.02680 -0.61610
v -5.55061 -5.43201 -0.48708
v -5.55061 -5.32247 -1.27762
v -5.55061 -6.88429 -1.62506
v -24.24739 -6.05354 -0.46098
v -24.24739 -5.92673 -1.26199
v -24.24739 -4.36491 -0.91454
v -24.24739 -4.45875 -0.33196
v -5.55061 -6.88429 -1.62506
v -5.55061 -5.32247 -1.27762
v -5.55061 -5.11148 -2.04381
v -5.55061 -6.61056 -2.60305
v -24.24739 -5.92673 -1.26199
v -24.24739 -5.68695 -2.03894
v -24.24739 -4.18787 -1.47969
v -24.24739 -4.36491 -0.91454
v -5.55061 -6.61056 -2.60305
v -5.55061 -5.11148 -2.04381
v -5.55061 -4.80305 -2.77104
v -5.55061 -6.21082 -3.53143
v -24.24739 -5.68695 -2.03894
v -24.24739 -5.33877 -2.77703
v -24.24739 -3.93100 -2.01664
v -24.24739 -4.18787 -1.47969
v -5.55061 -6.21082 -3.53143
v -5.55061 -4.80305 -2.77104
v -5.55061 -4.40308 -3.44545
v -5.55061 -5.69270 -4.39249
v -24.24739 -5.33877 -2.77703
v -24.24739 -4.88883 -3.46218
v -24.24739 -3.59921 -2.51514
v -24.24739 -3.93100 -2.01664
v -5.55061 -5.69270 -4.39249
v -5.55061 -4.40308 -3.44545
v -5.55061 -3.91918 -4.05418
v -5.55061 -5.06607 -5.16982
v -24.24739 -4.88883 -3.46218
v -24.24739 -4.34570 -4.08134
v -24.24739 -3.19881 -2.96571
v -24.24739 -3.59921 -2.51514
v -5.55061 -5.06607 -5.16982
v -5.55061 -3.91918 -4.05418
v -5.55061 -3.36057 -4.58564
v -5.55061 -4.34287 -5.84861
v -24.24739 -4.34570 -4.08134
v -24.24739 -3.71973 -4.62270
v -24.24739 -2.73743 -3.35974
v -24.24739 -3.19881 -2.96571
v -5.55061 -4.34287 -5.84861
v -5.55061 -3.36057 -4.58564
v -5.55061 -2.73791 -5.02970
v -5.55061 -3.53689 -6.41592
v -24.24739 -3.71973 -4.62270
v -24.24739 -3.02287 -5.07596
v -24.24739 -2.22388 -3.68973
v -24.24739 -2.73743 -3.35974
v -5.55061 -3.53689 -6.41592
v -5.55061 -2.73791 -5.02970
v -5.55061 -2.06305 -5.37788
v -5.55061 -2.66350 -6.86094
v -24.24739 -3.02287 -5.07596
v -24.24739 -2.26838 -5.43245
v -24.24739 -1.66794 -3.94939
v -24.24739 -2.22388 -3.68973
v -5.55061 -2.66350 -6.86094
v -5.55061 -2.06305 -5.37788
v -5.55061 -1.34888 -5.62355
v -5.55061 -1.73934 -7.17518
v -24.24739 -2.26838 -5.43245
v -24.24739 -1.47065 -5.68540
v -24.24739 -1.08020 -4.13377
v -24.24739 -1.66794 -3.94939
v -5.55061 -1.73934 -7.17518
v -5.55061 -1.34888 -5.62355
v -5.55061 -0.60899 -5.76203
v -5.55061 -0.78202 -7.35265
v -24.24739 -1.47065 -5.68540
v -24.24739 -0.64490 -5.82998
v -24.24739 -0.47187 -4.23936
v -24.24739 -1.08020 -4.13377
v -5.55061 -0.78202 -7.35265
v -5.55061 -0.60899 -5.76203
v -5.55061 0.14250 -5.79068
v -5.55061 0.19020 -7.38997
v -24.24739 -0.64490 -5.82998
v -24.24739 0.19315 -5.86343
v -24.24739 0.14545 -4.26414
v -24.24739 -0.47187 -4.23936
v -5.55060 1.03615 7.31945
v -6.55060 1.19098 8.41316
v -6.55060 0.96024 6.82988
v -5.55060 0.80542 5.73617
v -5.55061 0.14250 -5.79068
v -6.55061 0.17092 -6.89493
v -6.55061 0.21863 -8.49422
v -5.55061 0.19020 -7.38997
v -6.55060 1.19098 8.41316
v -13.59022 1.17640 8.15955
v -13.59022 0.94566 6.57627
v -6.55060 0.96024 6.82988
v -6.55061 0.17092 -6.89493
v -13.59022 0.18551 -6.64131
v -13.59022 0.23322 -8.24060
v -6.55061 0.21863 -8.49422
v -13.59022 1.17640 8.15955
v -23.24738 0.94039 6.39198
v -23.24738 0.70966 4.80871
v -13.59022 0.94566 6.57627
v -13.59022 0.18551 -6.64131
v -23.24739 0.15370 -4.85833
v -23.24739 0.20141 -6.45762
v -13.59022 0.23322 -8.24060
v -23.24738 0.94039 6.39198
v -24.24738 0.86407 5.80266
v -24.24738 0.63334 4.21938
v -23.24738 0.70966 4.80871
v -23.24739 0.15370 -4.85833
v -24.24739 0.14545 -4.26414
v -24.24739 0.19315 -5.86343
v -23.24739 0.20141 -6.45762
v -8.55061 1.70456 -6.98076
v -8.55061 2.71425 -6.60425
v -9.15061 2.91278 -6.99497
v -9.15061 1.83129 -7.39292
v -8.55061 1.45066 -6.01353
v -9.15061 1.57739 -6.42569
v -9.15061 2.51070 -6.07937
v -8.55061 2.31216 -5.68865
v -8.55061 2.71425 -6.60425
v -8.55061 3.65710 -6.06512
v -9.15061 3.92255 -6.42479
v -9.15061 2.91278 -6.99497
v -8.55061 2.31216 -5.68865
v -9.15061 2.51070 -6.07937
v -9.15061 3.38218 -5.58336
v -8.55061 3.11673 -5.22369
v -8.55061 3.65710 -6.06512
v -8.55061 4.50990 -5.37665
v -9.15061 4.83573 -5.69640
v -9.15061 3.92255 -6.42479
v -8.55061 3.11673 -5.22369
v -9.15061 3.38218 -5.58336
v -9.15061 4.17039 -4.94987
v -8.55061 3.84455 -4.63011
v -8.55061 4.50990 -5.37665
v -8.55060 5.25165 -4.55579
v -9.15061 5.62984 -4.82776
v -9.15061 4.83573 -5.69640
v -8.55061 3.84455 -4.63011
v -9.15061 4.17039 -4.94987
v -9.15061 4.85590 -4.19449
v -8.55060 4.47771 -3.92252
v -8.55060 5.25165 -4.55579
v -8.55060 5.86409 -3.62274
v -9.15060 6.28532 -3.84023
v -9.15061 5.62984 -4.82776
v -8.55060 4.47771 -3.92252
v -9.15061 4.85590 -4.19449
v -9.15060 5.42185 -3.33583
v -8.55060 5.00061 -3.11834
v -8.55060 5.86409 -3.62274
v -8.55060 6.33213 -2.60050
v -9.15060 6.78604 -2.75815
v -9.15060 6.28532 -3.84023
v -8.55060 5.00061 -3.11834
v -9.15060 5.42185 -3.33583
v -9.15060 5.85430 -2.39504
v -8.55060 5.40039 -2.23738
v -8.55060 6.33213 -2.60050
v -8.55060 6.64426 -1.51422
v -9.15060 7.11967 -1.60815
v -9.15060 6.78604 -2.75815
v -8.55060 5.40039 -2.23738
v -9.15060 5.85430 -2.39504
v -9.15060 6.14259 -1.39527
v -8.55060 5.66718 -1.30133
v -8.55060 6.64426 -1.51422
v -8.55060 6.79278 -0.39065
v -9.15060 7.27798 -0.41855
v -9.15060 7.11967 -1.60815
v -8.55060 5.66718 -1.30133
v -9.15060 6.14259 -1.39527
v -9.15060 6.27963 -0.36114
v -8.55060 5.79443 -0.33324
v -8.55060 6.79278 -0.39065
v -8.55060 6.77404 0.74253
v -9.15060 7.25709 0.78135
v -9.15060 7.27798 -0.41855
v -8.55060 5.79443 -0.33324
v -9.15060 6.27963 -0.36114
v -9.15060 6.26205 0.68188
v -8.55060 5.77900 0.64306
v -8.55060 6.77404 0.74253
v -8.55060 6.58851 1.85743
v -9.15060 7.05750 1.96201
v -9.15060 7.25709 0.78135
v -8.55060 5.77900 0.64306
v -9.15060 6.26205 0.68188
v -9.15060 6.09027 1.70811
v -8.55060 5.62128 1.60353
v -8.55060 6.58851 1.85743
v -8.55060 6.24074 2.92660
v -9.15060 6.68413 3.09436
v -9.15060 7.05750 1.96201
v -8.55060 5.62128 1.60353
v -9.15060 6.09027 1.70811
v -9.15060 5.76853 2.69228
v -8.55060 5.32514 2.52451
v -8.55060 6.24074 2.92660
v -8.55060 5.73931 3.92370
v -9.15060 6.14618 4.15052
v -9.15060 6.68413 3.09436
v -8.55060 5.32514 2.52451
v -9.15060 5.76853 2.69228
v -9.15060 5.30475 3.61016
v -8.55060 4.89788 3.38333
v -8.55060 5.73931 3.92370
v -8.55060 5.09655 4.82419
v -9.15060 5.45689 5.10448
v -9.15060 6.14618 4.15052
v -8.55060 4.89788 3.38333
v -9.15060 5.30475 3.61016
v -9.15060 4.71035 4.43914
v -8.55060 4.35001 4.15885
v -8.55060 5.09655 4.82419
v -8.55060 4.32830 5.60589
v -9.15060 4.63324 5.93275
v -9.15060 5.45689 5.10448
v -8.55060 4.35001 4.15885
v -9.15060 4.71035 4.43914
v -9.15060 3.99997 5.15882
v -8.55060 3.69504 4.83195
v -8.55060 4.32830 5.60589
v -8.55060 3.45348 6.24955
v -9.15060 3.69549 6.61494
v -9.15060 4.63324 5.93275
v -8.55060 3.69504 4.83195
v -9.15060 3.99997 5.15882
v -9.15060 3.19110 5.75147
v -8.55060 2.94908 5.38608
v -8.55060 3.45348 6.24955
v -8.55060 2.49361 6.73933
v -9.15060 2.66676 7.13424
v -9.15060 3.69549 6.61494
v -8.55060 2.94908 5.38608
v -9.15060 3.19110 5.75147
v -9.15060 2.30364 6.20250
v -8.55060 2.13050 5.80759
v -9.15061 1.83129 -7.39292
v -9.15061 2.91278 -6.99497
v -21.24739 2.43602 -5.67792
v -21.24739 1.53537 -5.99934
v -9.15061 1.57739 -6.42569
v -21.24739 1.28147 -5.03211
v -21.24739 2.03394 -4.76231
v -9.15061 2.51070 -6.07937
v -9.15061 2.91278 -6.99497
v -9.15061 3.92255 -6.42479
v -21.24738 3.27670 -5.21668
v -21.24739 2.43602 -5.67792
v -9.15061 2.51070 -6.07937
v -21.24739 2.03394 -4.76231
v -21.24738 2.73633 -4.37525
v -9.15061 3.38218 -5.58336
v -9.15061 3.92255 -6.42479
v -9.15061 4.83573 -5.69640
v -21.24738 4.03668 -4.62699
v -21.24738 3.27670 -5.21668
v -9.15061 3.38218 -5.58336
v -21.24738 2.73633 -4.37525
v -21.24738 3.37134 -3.88045
v -9.15061 4.17039 -4.94987
v -9.15061 4.83573 -5.69640
v -9.15061 5.62984 -4.82776
v -21.24738 4.69728 -3.92336
v -21.24738 4.03668 -4.62699
v -9.15061 4.17039 -4.94987
v -21.24738 3.37134 -3.88045
v -21.24738 3.92334 -3.29010
v -9.15061 4.85590 -4.19449
v -9.15061 5.62984 -4.82776
v -9.15060 6.28532 -3.84023
v -21.24738 5.24221 -3.12314
v -21.24738 4.69728 -3.92336
v -9.15061 4.85590 -4.19449
v -21.24738 3.92334 -3.29010
v -21.24738 4.37874 -2.61874
v -9.15060 5.42185 -3.33583
v -9.15060 6.28532 -3.84023
v -9.15060 6.78604 -2.75815
v -21.24738 5.65806 -2.24600
v -21.24738 5.24221 -3.12314
v -9.15060 5.42185 -3.33583
v -21.24738 4.37874 -2.61874
v -21.24738 4.72631 -1.88289
v -9.15060 5.85430 -2.39504
v -9.15060 6.78604 -2.75815
v -9.15060 7.11967 -1.60815
v -21.24738 5.93459 -1.31357
v -21.24738 5.65806 -2.24600
v -9.15060 5.85430 -2.39504
v -21.24738 4.72631 -1.88289
v -21.24738 4.95751 -1.10068
v -9.15060 6.14259 -1.39527
v -9.15060 7.11967 -1.60815
v -9.15060 7.27798 -0.41855
v -21.24738 6.06499 -0.34879
v -21.24738 5.93459 -1.31357
v -9.15060 6.14259 -1.39527
v -21.24738 4.95751 -1.10068
v -21.24738 5.06664 -0.29137
v -9.15060 6.27963 -0.36114
v -9.15060 7.27798 -0.41855
v -9.15060 7.25709 0.78135
v -21.24738 6.04605 0.62458
v -21.24738 6.06499 -0.34879
v -9.15060 6.27963 -0.36114
v -21.24738 5.06664 -0.29137
v -21.24738 5.05101 0.52511
v -9.15060 6.26205 0.68188
v -9.15060 7.25709 0.78135
v -9.15060 7.05750 1.96201
v -21.24738 5.87824 1.58257
v -21.24738 6.04605 0.62458
v -9.15060 6.26205 0.68188
v -21.24738 5.05101 0.52511
v -21.24738 4.91101 1.32867
v -9.15060 6.09027 1.70811
v -9.15060 7.05750 1.96201
v -9.15060 6.68413 3.09436
v -21.24738 5.56569 2.50159
v -21.24738 5.87824 1.58257
v -9.15060 6.09027 1.70811
v -21.24738 4.91101 1.32867
v -21.24738 4.65009 2.09951
v -9.15060 5.76853 2.69228
v -9.15060 6.68413 3.09436
v -9.15060 6.14618 4.15052
v -21.24738 5.11609 3.35902
v -21.24738 5.56569 2.50159
v -9.15060 5.76853 2.69228
v -21.24738 4.65009 2.09951
v -21.24738 4.27466 2.81865
v -9.15060 5.30475 3.61016
v -9.15060 6.14618 4.15052
v -9.15060 5.45689 5.10448
v -21.24738 4.54052 4.13373
v -21.24738 5.11609 3.35902
v -9.15060 5.30475 3.61016
v -21.24738 4.27466 2.81865
v -21.24738 3.79398 3.46839
v -9.15060 4.71035 4.43914
v -9.15060 5.45689 5.10448
v -9.15060 4.63324 5.93275
v -21.24738 3.85314 4.80666
v -21.24738 4.54052 4.13373
v -9.15060 4.71035 4.43914
v -21.24738 3.79398 3.46839
v -21.24738 3.21988 4.03273
v -9.15060 3.99997 5.15882
v -9.15060 4.63324 5.93275
v -9.15060 3.69549 6.61494
v -21.24738 3.07089 5.36123
v -21.24738 3.85314 4.80666
v -9.15060 3.99997 5.15882
v -21.24738 3.21988 4.03273
v -21.24738 2.56649 4.49776
v -9.15060 3.19110 5.75147
v -9.15060 3.69549 6.61494
v -9.15060 2.66676 7.13424
v -21.24738 2.21302 5.78380
v -21.24738 3.07089 5.36123
v -9.15060 3.19110 5.75147
v -21.24738 2.56649 4.49776
v -21.24738 1.84991 4.85205
v -9.15060 2.30364 6.20250
v -21.24739 1.53537 -5.99934
v -21.24739 2.43602 -5.67792
v -21.64738 2.26551 -5.44053
v -21.64738 1.42435 -5.75004
v -21.24739 1.28147 -5.03211
v -21.64738 1.17045 -4.78281
v -21.64738 1.86342 -4.52492
v -21.24739 2.03394 -4.76231
v -21.24739 2.43602 -5.67792
v -21.24738 3.27670 -5.21668
v -21.64738 3.05088 -4.99705
v -21.64738 2.26551 -5.44053
v -21.24739 2.03394 -4.76231
v -21.64738 1.86342 -4.52492
v -21.64738 2.51051 -4.15562
v -21.24738 2.73633 -4.37525
v -21.24738 3.27670 -5.21668
v -21.24738 4.03668 -4.62699
v -21.64738 3.76113 -4.43053
v -21.64738 3.05088 -4.99705
v -21.24738 2.73633 -4.37525
v -21.64738 2.51051 -4.15562
v -21.64738 3.09579 -3.68399
v -21.24738 3.37134 -3.88045
v -21.24738 4.03668 -4.62699
v -21.24738 4.69728 -3.92336
v -21.64738 4.37877 -3.75491
v -21.64738 3.76113 -4.43053
v -21.24738 3.37134 -3.88045
v -21.64738 3.09579 -3.68399
v -21.64738 3.60484 -3.12165
v -21.24738 3.92334 -3.29010
v -21.24738 4.69728 -3.92336
v -21.24738 5.24221 -3.12314
v -21.64738 4.88859 -2.98684
v -21.64738 4.37877 -3.75491
v -21.24738 3.92334 -3.29010
v -21.64738 3.60484 -3.12165
v -21.64738 4.02512 -2.48244
v -21.24738 4.37874 -2.61874
v -21.24738 5.24221 -3.12314
v -21.24738 5.65806 -2.24600
v -21.64738 5.27804 -2.14522
v -21.64738 4.88859 -2.98684
v -21.24738 4.37874 -2.61874
v -21.64738 4.02512 -2.48244
v -21.64738 4.34630 -1.78211
v -21.24738 4.72631 -1.88289
v -21.24738 5.65806 -2.24600
v -21.24738 5.93459 -1.31357
v -21.64738 5.53753 -1.25078
v -21.64738 5.27804 -2.14522
v -21.24738 4.72631 -1.88289
v -21.64738 4.34630 -1.78211
v -21.64738 4.56045 -1.03789
v -21.24738 4.95751 -1.10068
v -21.24738 5.93459 -1.31357
v -21.24738 6.06499 -0.34879
v -21.64738 5.66066 -0.32553
v -21.64738 5.53753 -1.25078
v -21.24738 4.95751 -1.10068
v -21.64738 4.56045 -1.03789
v -21.64738 4.66231 -0.26812
v -21.24738 5.06664 -0.29137
v -21.24738 6.06499 -0.34879
v -21.24738 6.04605 0.62458
v -21.64738 5.64441 0.60772
v -21.64738 5.66066 -0.32553
v -21.24738 5.06664 -0.29137
v -21.64738 4.66231 -0.26812
v -21.64738 4.64937 0.50825
v -21.24738 5.05101 0.52511
v -21.24738 6.04605 0.62458
v -21.24738 5.87824 1.58257
v -21.64738 5.48918 1.52602
v -21.64738 5.64441 0.60772
v -21.24738 5.05101 0.52511
v -21.64738 4.64937 0.50825
v -21.64738 4.52195 1.27211
v -21.24738 4.91101 1.32867
v -21.24738 5.87824 1.58257
v -21.24738 5.56569 2.50159
v -21.64738 5.19878 2.40673
v -21.64738 5.48918 1.52602
v -21.24738 4.91101 1.32867
v -21.64738 4.52195 1.27211
v -21.64738 4.28318 2.00465
v -21.24738 4.65009 2.09951
v -21.24738 5.56569 2.50159
v -21.24738 5.11609 3.35902
v -21.64738 4.78038 3.22819
v -21.64738 5.19878 2.40673
v -21.24738 4.65009 2.09951
v -21.64738 4.28318 2.00465
v -21.64738 3.93894 2.68783
v -21.24738 4.27466 2.81865
v -21.24738 5.11609 3.35902
v -21.24738 4.54052 4.13373
v -21.64738 4.24426 3.97016
v -21.64738 4.78038 3.22819
v -21.24738 4.27466 2.81865
v -21.64738 3.93894 2.68783
v -21.64738 3.49772 3.30482
v -21.24738 3.79398 3.46839
v -21.24738 4.54052 4.13373
v -21.24738 3.85314 4.80666
v -21.64738 3.60364 4.61437
v -21.64738 4.24426 3.97016
v -21.24738 3.79398 3.46839
v -21.64738 3.49772 3.30482
v -21.64738 2.97037 3.84044
v -21.24738 3.21988 4.03273
v -21.24738 3.85314 4.80666
v -21.24738 3.07089 5.36123
v -21.64738 2.87428 5.14496
v -21.64738 3.60364 4.61437
v -21.24738 3.21988 4.03273
v -21.64738 2.97037 3.84044
v -21.64738 2.36988 4.28149
v -21.24738 2.56649 4.49776
v -21.24738 3.07089 5.36123
v -21.24738 2.21302 5.78380
v -21.64738 2.07415 5.54886
v -21.64738 2.87428 5.14496
v -21.24738 2.56649 4.49776
v -21.64738 2.36988 4.28149
v -21.64738 1.71104 4.61712
v -21.24738 1.84991 4.85205
v -8.55061 1.70456 -6.98076
v -8.55061 1.45066 -6.01353
v -8.55061 2.31216 -5.68865
v -8.55061 2.71425 -6.60425
v -21.64738 1.42435 -5.75004
v -21.64738 2.26551 -5.44053
v -21.64738 1.86342 -4.52492
v -21.64738 1.17045 -4.78281
v -8.55061 2.71425 -6.60425
v -8.55061 2.31216 -5.68865
v -8.55061 3.11673 -5.22369
v -8.55061 3.65710 -6.06512
v -21.64738 2.26551 -5.44053
v -21.64738 3.05088 -4.99705
v -21.64738 2.51051 -4.15562
v -21.64738 1.86342 -4.52492
v -8.55061 3.65710 -6.06512
v -8.55061 3.11673 -5.22369
v -8.55061 3.84455 -4.63011
v -8.55061 4.50990 -5.37665
v -21.64738 3.05088 -4.99705
v -21.64738 3.76113 -4.43053
v -21.64738 3.09579 -3.68399
v -21.64738 2.51051 -4.15562
v -8.55061 4.50990 -5.37665
v -8.55061 3.84455 -4.63011
v -8.55060 4.47771 -3.92252
v -8.55060 5.25165 -4.55579
v -21.64738 3.76113 -4.43053
v -21.64738 4.37877 -3.75491
v -21.64738 3.60484 -3.12165
v -21.64738 3.09579 -3.68399
v -8.55060 5.25165 -4.55579
v -8.55060 4.47771 -3.92252
v -8.55060 5.00061 -3.11834
v -8.55060 5.86409 -3.62274
v -21.64738 4.37877 -3.75491
v -21.64738 4.88859 -2.98684
v -21.64738 4.02512 -2.48244
v -21.64738 3.60484 -3.12165
v -8.55060 5.86409 -3.62274
v -8.55060 5.00061 -3.11834
v -8.55060 5.40039 -2.23738
v -8.55060 6.33213 -2.60050
v -21.64738 4.88859 -2.98684
v -21.64738 5.27804 -2.14522
v -21.64738 4.34630 -1.78211
v -21.64738 4.02512 -2.48244
v -8.55060 6.33213 -2.60050
v -8.55060 5.40039 -2.23738
v -8.55060 5.66718 -1.30133
v -8.55060 6.64426 -1.51422
v -21.64738 5.27804 -2.14522
v -21.64738 5.53753 -1.25078
v -21.64738 4.56045 -1.03789
v -21.64738 4.34630 -1.78211
v -8.55060 6.64426 -1.51422
v -8.55060 5.66718 -1.30133
v -8.55060 5.79443 -0.33324
v -8.55060 6.79278 -0.39065
v -21.64738 5.53753 -1.25078
v -21.64738 5.66066 -0.32553
v -21.64738 4.66231 -0.26812
v -21.64738 4.56045 -1.03789
v -8.55060 6.79278 -0.39065
v -8.55060 5.79443 -0.33324
v -8.55060 5.77900 0.64306
v -8.55060 6.77404 0.74253
v -21.64738 5.66066 -0.32553
v -21.64738 5.64441 0.60772
v -21.64738 4.64937 0.50825
v -21.64738 4.66231 -0.26812
v -8.55060 6.77404 0.74253
v -8.55060 5.77900 0.64306
v -8.55060 5.62128 1.60353
v -8.55060 6.58851 1.85743
v -21.64738 5.64441 0.60772
v -21.64738 5.48918 1.52602
v -21.64738 4.52195 1.27211
v -21.64738 4.64937 0.50825
v -8.55060 6.58851 1.85743
v -8.55060 5.62128 1.60353
v -8.55060 5.32514 2.52451
v -8.55060 6.24074 2.92660
v -21.64738 5.48918 1.52602
v -21.64738 5.19878 2.40673
v -21.64738 4.28318 2.00465
v -21.64738 4.52195 1.27211
v -8.55060 6.24074 2.92660
v -8.55060 5.32514 2.52451
v -8.55060 4.89788 3.38333
v -8.55060 5.73931 3.92370
v -21.64738 5.19878 2.40673
v -21.64738 4.78038 3.22819
v -21.64738 3.93894 2.68783
v -21.64738 4.28318 2.00465
v -8.55060 5.73931 3.92370
v -8.55060 4.89788 3.38333
v -8.55060 4.35001 4.15885
v -8.55060 5.09655 4.82419
v -21.64738 4.78038 3.22819
v -21.64738 4.24426 3.97016
v -21.64738 3.49772 3.30482
v -21.64738 3.93894 2.68783
v -8.55060 5.09655 4.82419
v -8.55060 4.35001 4.15885
v -8.55060 3.69504 4.83195
v -8.55060 4.32830 5.60589
v -21.64738 4.24426 3.97016
v -21.64738 3.60364 4.61437
v -21.64738 2.97037 3.84044
v -21.64738 3.49772 3.30482
v -8.55060 4.32830 5.60589
v -8.55060 3.69504 4.83195
v -8.55060 2.94908 5.38608
v -8.55060 3.45348 6.24955
v -21.64738 3.60364 4.61437
v -21.64738 2.87428 5.14496
v -21.64738 2.36988 4.28149
v -21.64738 2.97037 3.84044
v -8.55060 3.45348 6.24955
v -8.55060 2.94908 5.38608
v -8.55060 2.13050 5.80759
v -8.55060 2.49361 6.73933
v -21.64738 2.87428 5.14496
v -21.64738 2.07415 5.54886
v -21.64738 1.71104 4.61712
v -21.64738 2.36988 4.28149
v -8.55061 1.70456 -6.98076
v -9.15061 1.83129 -7.39292
v -9.15061 1.57739 -6.42569
v -8.55061 1.45066 -6.01353
v -8.55060 2.13050 5.80759
v -9.15060 2.30364 6.20250
v -9.15060 2.66676 7.13424
v -8.55060 2.49361 6.73933
v -9.15061 1.83129 -7.39292
v -21.24739 1.53537 -5.99934
v -21.24739 1.28147 -5.03211
v -9.15061 1.57739 -6.42569
v -9.15060 2.30364 6.20250
v -21.24738 1.84991 4.85205
v -21.24738 2.21302 5.78380
v -9.15060 2.66676 7.13424
v -21.24739 1.53537 -5.99934
v -21.64738 1.42435 -5.75004
v -21.64738 1.17045 -4.78281
v -21.24739 1.28147 -5.03211
v -21.24738 1.84991 4.85205
v -21.64738 1.71104 4.61712
v -21.64738 2.07415 5.54886
v -21.24738 2.21302 5.78380
v -8.55060 8.28631 -0.47655
v -8.55060 8.22455 1.22710
v -8.85060 8.42262 1.25479
v -8.85060 8.48598 -0.48803
v -8.55060 7.48763 -0.43061
v -8.85060 7.68730 -0.44210
v -8.85060 7.63032 1.14402
v -8.55060 7.43225 1.11633
v -8.55060 8.22455 1.22710
v -8.55060 7.84671 2.88358
v -8.85060 8.03558 2.94939
v -8.85060 8.42262 1.25479
v -8.55060 7.43225 1.11633
v -8.85060 7.63032 1.14402
v -8.85060 7.28012 2.68618
v -8.55060 7.09125 2.62038
v -8.55060 7.84671 2.88358
v -8.55060 7.16734 4.42926
v -8.85060 7.33974 4.53064
v -8.85060 8.03558 2.94939
v -8.55060 7.09125 2.62038
v -8.85060 7.28012 2.68618
v -8.85060 6.65014 4.12511
v -8.55060 6.47774 4.02372
v -8.55060 7.16734 4.42926
v -8.55060 6.21252 5.80471
v -8.85060 6.36183 5.93778
v -8.85060 7.33974 4.53064
v -8.55060 6.47774 4.02372
v -8.85060 6.65014 4.12511
v -8.85060 5.76460 5.40551
v -8.55060 5.61529 5.27244
v -8.55060 6.21252 5.80471
v -8.55060 5.01896 6.95710
v -8.85060 5.13944 7.11674
v -8.85060 6.36183 5.93778
v -8.55060 5.61529 5.27244
v -8.85060 5.76460 5.40551
v -8.85060 4.65753 6.47818
v -8.55060 4.53705 6.31854
v -8.55060 5.01896 6.95710
v -8.55060 3.63253 7.84213
v -8.85060 3.71955 8.02221
v -8.85060 5.13944 7.11674
v -8.55060 4.53705 6.31854
v -8.85060 4.65753 6.47818
v -8.85060 3.37147 7.30190
v -8.55060 3.28445 7.12182
v -8.55060 3.63253 7.84213
v -8.55060 2.10650 8.42579
v -8.85060 2.15672 8.61938
v -8.85060 3.71955 8.02221
v -8.55060 3.28445 7.12182
v -8.85060 3.37147 7.30190
v -8.85060 1.95585 7.84501
v -8.55060 1.90564 7.65142
v -8.55060 2.10650 8.42579
v -8.55060 0.49952 8.68565
v -8.85060 0.51101 8.88532
v -8.85060 2.15672 8.61938
v -8.55060 1.90564 7.65142
v -8.85060 1.95585 7.84501
v -8.85060 0.46507 8.08664
v -8.55060 0.45359 7.88697
v -8.55060 0.49952 8.68565
v -8.55060 -1.12666 8.61173
v -8.85060 -1.15435 8.80980
v -8.85060 0.51101 8.88532
v -8.55060 0.45359 7.88697
v -8.85060 0.46507 8.08664
v -8.85060 -1.04358 8.01751
v -8.55060 -1.01589 7.81944
v -8.55060 -1.12666 8.61173
v -8.55060 -2.70953 8.20686
v -8.85060 -2.77534 8.39573
v -8.85060 -1.15435 8.80980
v -8.55060 -1.01589 7.81944
v -8.85060 -1.04358 8.01751
v -8.85060 -2.51213 7.64027
v -8.55060 -2.44633 7.45140
v -8.55060 -2.70953 8.20686
v -8.55060 -4.18829 7.48661
v -8.85061 -4.28967 7.65901
v -8.85060 -2.77534 8.39573
v -8.55060 -2.44633 7.45140
v -8.85060 -2.51213 7.64027
v -8.85061 -3.88414 6.96942
v -8.55060 -3.78276 6.79702
v -8.55060 -4.18829 7.48661
v -8.55061 -5.50609 6.47866
v -8.85061 -5.63916 6.62796
v -8.85061 -4.28967 7.65901
v -8.55060 -3.78276 6.79702
v -8.85061 -3.88414 6.96942
v -8.85061 -5.10688 6.03073
v -8.55061 -4.97381 5.88142
v -8.55061 -5.50609 6.47866
v -8.55061 -6.61229 5.22173
v -8.85061 -6.77193 5.34221
v -8.85061 -5.63916 6.62796
v -8.55061 -4.97381 5.88142
v -8.85061 -5.10688 6.03073
v -8.85061 -6.13337 4.86029
v -8.55061 -5.97373 4.73981
v -8.55061 -6.61229 5.22173
v -8.55061 -7.46439 3.76413
v -8.85061 -7.64446 3.85115
v -8.85061 -6.77193 5.34221
v -8.55061 -5.97373 4.73981
v -8.85061 -6.13337 4.86029
v -8.85061 -6.92416 3.50307
v -8.55061 -6.74408 3.41605
v -8.55061 -7.46439 3.76413
v -8.55061 -8.02963 2.16188
v -8.85061 -8.22323 2.21210
v -8.85061 -7.64446 3.85115
v -8.55061 -6.74408 3.41605
v -8.85061 -6.92416 3.50307
v -8.85061 -7.44885 2.01123
v -8.55061 -7.25526 1.96102
v -8.55061 -8.02963 2.16188
v -8.55061 -8.28630 0.47655
v -8.85061 -8.48597 0.48804
v -8.85061 -8.22323 2.21210
v -8.55061 -7.25526 1.96102
v -8.85061 -7.44885 2.01123
v -8.85061 -7.68729 0.44210
v -8.55061 -7.48762 0.43062
v -8.55061 -8.28630 0.47655
v -8.55061 -8.22453 -1.22709
v -8.85061 -8.42261 -1.25478
v -8.85061 -8.48597 0.48804
v -8.55061 -7.48762 0.43062
v -8.85061 -7.68729 0.44210
v -8.85061 -7.63031 -1.14401
v -8.55061 -7.43224 -1.11632
v -8.55061 -8.22453 -1.22709
v -8.55061 -7.84670 -2.88357
v -8.85061 -8.03557 -2.94938
v -8.85061 -8.42261 -1.25478
v -8.55061 -7.43224 -1.11632
v -8.85061 -7.63031 -1.14401
v -8.85061 -7.28010 -2.68617
v -8.55061 -7.09124 -2.62037
v -8.55061 -7.84670 -2.88357
v -8.55061 -7.16732 -4.42925
v -8.85061 -7.33972 -4.53063
v -8.85061 -8.03557 -2.94938
v -8.55061 -7.09124 -2.62037
v -8.85061 -7.28010 -2.68617
v -8.85061 -6.65013 -4.12510
v -8.55061 -6.47773 -4.02372
v -8.55061 -7.16732 -4.42925
v -8.55061 -6.21251 -5.80470
v -8.85061 -6.36182 -5.93777
v -8.85061 -7.33972 -4.53063
v -8.55061 -6.47773 -4.02372
v -8.85061 -6.65013 -4.12510
v -8.85061 -5.76459 -5.40550
v -8.55061 -5.61528 -5.27243
v -8.55061 -6.21251 -5.80470
v -8.55061 -5.01895 -6.95709
v -8.85061 -5.13943 -7.11673
v -8.85061 -6.36182 -5.93777
v -8.55061 -5.61528 -5.27243
v -8.85061 -5.76459 -5.40550
v -8.85061 -4.65752 -6.47817
v -8.55061 -4.53704 -6.31853
v -8.55061 -5.01895 -6.95709
v -8.55061 -3.63252 -7.84212
v -8.85061 -3.71954 -8.02220
v -8.85061 -5.13943 -7.11673
v -8.55061 -4.53704 -6.31853
v -8.85061 -4.65752 -6.47817
v -8.85061 -3.37146 -7.30189
v -8.55061 -3.28444 -7.12181
v -8.55061 -3.63252 -7.84212
v -8.55061 -2.10649 -8.42578
v -8.85061 -2.15671 -8.61937
v -8.85061 -3.71954 -8.02220
v -8.55061 -3.28444 -7.12181
v -8.85061 -3.37146 -7.30189
v -8.85061 -1.95584 -7.84500
v -8.55061 -1.90563 -7.65141
v -8.55061 -2.10649 -8.42578
v -8.55061 -0.49951 -8.68564
v -8.85061 -0.51099 -8.88531
v -8.85061 -2.15671 -8.61937
v -8.55061 -1.90563 -7.65141
v -8.85061 -1.95584 -7.84500
v -8.85061 -0.46506 -8.08663
v -8.55061 -0.45358 -7.88696
v -8.55061 -0.49951 -8.68564
v -8.55061 1.12667 -8.61172
v -8.85061 1.15436 -8.80980
v -8.85061 -0.51099 -8.88531
v -8.55061 -0.45358 -7.88696
v -8.85061 -0.46506 -8.08663
v -8.85061 1.04359 -8.01750
v -8.55061 1.01590 -7.81943
v -8.55061 1.12667 -8.61172
v -8.55061 2.70955 -8.20686
v -8.85061 2.77535 -8.39572
v -8.85061 1.15436 -8.80980
v -8.55061 1.01590 -7.81943
v -8.85061 1.04359 -8.01750
v -8.85061 2.51214 -7.64026
v -8.55061 2.44634 -7.45139
v -8.55061 2.70955 -8.20686
v -8.55061 4.18830 -7.48661
v -8.85061 4.28968 -7.65900
v -8.85061 2.77535 -8.39572
v -8.55061 2.44634 -7.45139
v -8.85061 2.51214 -7.64026
v -8.85061 3.88415 -6.96941
v -8.55061 3.78277 -6.79701
v -8.55061 4.18830 -7.48661
v -8.55061 5.50610 -6.47865
v -8.85061 5.63917 -6.62796
v -8.85061 4.28968 -7.65900
v -8.55061 3.78277 -6.79701
v -8.85061 3.88415 -6.96941
v -8.85061 5.10689 -6.03072
v -8.55061 4.97383 -5.88142
v -8.55061 5.50610 -6.47865
v -8.55060 6.61230 -5.22172
v -8.85060 6.77194 -5.34220
v -8.85061 5.63917 -6.62796
v -8.55061 4.97383 -5.88142
v -8.85061 5.10689 -6.03072
v -8.85060 6.13338 -4.86028
v -8.55060 5.97374 -4.73980
v -8.55060 6.61230 -5.22172
v -8.55060 7.46440 -3.76412
v -8.85060 7.64448 -3.85114
v -8.85060 6.77194 -5.34220
v -8.55060 5.97374 -4.73980
v -8.85060 6.13338 -4.86028
v -8.85060 6.92417 -3.50307
v -8.55060 6.74409 -3.41605
v -8.55060 7.46440 -3.76412
v -8.55060 8.02964 -2.16187
v -8.85060 8.22324 -2.21209
v -8.85060 7.64448 -3.85114
v -8.55060 6.74409 -3.41605
v -8.85060 6.92417 -3.50307
v -8.85060 7.44886 -2.01123
v -8.55060 7.25527 -1.96101
v -8.55060 8.02964 -2.16187
v -8.55060 8.28631 -0.47654
v -8.85060 8.48598 -0.48803
v -8.85060 8.22324 -2.21209
v -8.55060 7.25527 -1.96101
v -8.85060 7.44886 -2.01123
v -8.85060 7.68730 -0.44209
v -8.55060 7.48763 -0.43061
v -8.85060 8.48598 -0.48803
v -8.85060 8.42262 1.25479
v -10.05060 8.42262 1.25479
v -10.05060 8.48598 -0.48803
v -8.85060 7.68730 -0.44210
v -10.05060 7.68730 -0.44210
v -10.05060 7.63033 1.14402
v -8.85060 7.63032 1.14402
v -8.85060 8.42262 1.25479
v -8.85060 8.03558 2.94939
v -10.05060 8.03558 2.94939
v -10.05060 8.42262 1.25479
v -8.85060 7.63032 1.14402
v -10.05060 7.63033 1.14402
v -10.05060 7.28012 2.68618
v -8.85060 7.28012 2.68618
v -8.85060 8.03558 2.94939
v -8.85060 7.33974 4.53064
v -10.05060 7.33974 4.53064
v -10.05060 8.03558 2.94939
v -8.85060 7.28012 2.68618
v -10.05060 7.28012 2.68618
v -10.05060 6.65014 4.12511
v -8.85060 6.65014 4.12511
v -8.85060 7.33974 4.53064
v -8.85060 6.36183 5.93778
v -10.05060 6.36183 5.93778
v -10.05060 7.33974 4.53064
v -8.85060 6.65014 4.12511
v -10.05060 6.65014 4.12511
v -10.05060 5.76460 5.40551
v -8.85060 5.76460 5.40551
v -8.85060 6.36183 5.93778
v -8.85060 5.13944 7.11674
v -10.05060 5.13944 7.11674
v -10.05060 6.36183 5.93778
v -8.85060 5.76460 5.40551
v -10.05060 5.76460 5.40551
v -10.05060 4.65753 6.47818
v -8.85060 4.65753 6.47818
v -8.85060 5.13944 7.11674
v -8.85060 3.71955 8.02221
v -10.05060 3.71955 8.02221
v -10.05060 5.13944 7.11674
v -8.85060 4.65753 6.47818
v -10.05060 4.65753 6.47818
v -10.05060 3.37147 7.30190
v -8.85060 3.37147 7.30190
v -8.85060 3.71955 8.02221
v -8.85060 2.15672 8.61938
v -10.05060 2.15672 8.61938
v -10.05060 3.71955 8.02221
v -8.85060 3.37147 7.30190
v -10.05060 3.37147 7.30190
v -10.05060 1.95585 7.84501
v -8.85060 1.95585 7.84501
v -8.85060 2.15672 8.61938
v -8.85060 0.51101 8.88532
v -10.05060 0.51101 8.88532
v -10.05060 2.15672 8.61938
v -8.85060 1.95585 7.84501
v -10.05060 1.95585 7.84501
v -10.05060 0.46507 8.08664
v -8.85060 0.46507 8.08664
v -8.85060 0.51101 8.88532
v -8.85060 -1.15435 8.80980
v -10.05060 -1.15435 8.80980
v -10.05060 0.51101 8.88532
v -8.85060 0.46507 8.08664
v -10.05060 0.46507 8.08664
v -10.05060 -1.04358 8.01751
v -8.85060 -1.04358 8.01751
v -8.85060 -1.15435 8.80980
v -8.85060 -2.77534 8.39573
v -10.05060 -2.77534 8.39573
v -10.05060 -1.15435 8.80980
v -8.85060 -1.04358 8.01751
v -10.05060 -1.04358 8.01751
v -10.05060 -2.51213 7.64027
v -8.85060 -2.51213 7.64027
v -8.85060 -2.77534 8.39573
v -8.85061 -4.28967 7.65901
v -10.05060 -4.28967 7.65901
v -10.05060 -2.77534 8.39573
v -8.85060 -2.51213 7.64027
v -10.05060 -2.51213 7.64027
v -10.05060 -3.88414 6.96942
v -8.85061 -3.88414 6.96942
v -8.85061 -4.28967 7.65901
v -8.85061 -5.63916 6.62796
v -10.05061 -5.63916 6.62796
v -10.05060 -4.28967 7.65901
v -8.85061 -3.88414 6.96942
v -10.05060 -3.88414 6.96942
v -10.05061 -5.10688 6.03073
v -8.85061 -5.10688 6.03073
v -8.85061 -5.63916 6.62796
v -8.85061 -6.77193 5.34221
v -10.05061 -6.77193 5.34221
v -10.05061 -5.63916 6.62796
v -8.85061 -5.10688 6.03073
v -10.05061 -5.10688 6.03073
v -10.05061 -6.13337 4.86029
v -8.85061 -6.13337 4.86029
v -8.85061 -6.77193 5.34221
v -8.85061 -7.64446 3.85115
v -10.05061 -7.64446 3.85115
v -10.05061 -6.77193 5.34221
v -8.85061 -6.13337 4.86029
v -10.05061 -6.13337 4.86029
v -10.05061 -6.92416 3.50308
v -8.85061 -6.92416 3.50307
v -8.85061 -7.64446 3.85115
v -8.85061 -8.22323 2.21210
v -10.05061 -8.22322 2.21210
v -10.05061 -7.64446 3.85115
v -8.85061 -6.92416 3.50307
v -10.05061 -6.92416 3.50308
v -10.05061 -7.44885 2.01124
v -8.85061 -7.44885 2.01123
v -8.85061 -8.22323 2.21210
v -8.85061 -8.48597 0.48804
v -10.05061 -8.48597 0.48804
v -10.05061 -8.22322 2.21210
v -8.85061 -7.44885 2.01123
v -10.05061 -7.44885 2.01124
v -10.05061 -7.68729 0.44211
v -8.85061 -7.68729 0.44210
v -8.85061 -8.48597 0.48804
v -8.85061 -8.42261 -1.25478
v -10.05061 -8.42261 -1.25478
v -10.05061 -8.48597 0.48804
v -8.85061 -7.68729 0.44210
v -10.05061 -7.68729 0.44211
v -10.05061 -7.63031 -1.14401
v -8.85061 -7.63031 -1.14401
v -8.85061 -8.42261 -1.25478
v -8.85061 -8.03557 -2.94938
v -10.05061 -8.03557 -2.94938
v -10.05061 -8.42261 -1.25478
v -8.85061 -7.63031 -1.14401
v -10.05061 -7.63031 -1.14401
v -10.05061 -7.28010 -2.68617
v -8.85061 -7.28010 -2.68617
v -8.85061 -8.03557 -2.94938
v -8.85061 -7.33972 -4.53063
v -10.05061 -7.33972 -4.53063
v -10.05061 -8.03557 -2.94938
v -8.85061 -7.28010 -2.68617
v -10.05061 -7.28010 -2.68617
v -10.05061 -6.65013 -4.12510
v -8.85061 -6.65013 -4.12510
v -8.85061 -7.33972 -4.53063
v -8.85061 -6.36182 -5.93777
v -10.05061 -6.36182 -5.93777
v -10.05061 -7.33972 -4.53063
v -8.85061 -6.65013 -4.12510
v -10.05061 -6.65013 -4.12510
v -10.05061 -5.76459 -5.40550
v -8.85061 -5.76459 -5.40550
v -8.85061 -6.36182 -5.93777
v -8.85061 -5.13943 -7.11673
v -10.05061 -5.13943 -7.11673
v -10.05061 -6.36182 -5.93777
v -8.85061 -5.76459 -5.40550
v -10.05061 -5.76459 -5.40550
v -10.05061 -4.65752 -6.47817
v -8.85061 -4.65752 -6.47817
v -8.85061 -5.13943 -7.11673
v -8.85061 -3.71954 -8.02220
v -10.05061 -3.71954 -8.02220
v -10.05061 -5.13943 -7.11673
v -8.85061 -4.65752 -6.47817
v -10.05061 -4.65752 -6.47817
v -10.05061 -3.37146 -7.30189
v -8.85061 -3.37146 -7.30189
v -8.85061 -3.71954 -8.02220
v -8.85061 -2.15671 -8.61937
v -10.05061 -2.15671 -8.61937
v -10.05061 -3.71954 -8.02220
v -8.85061 -3.37146 -7.30189
v -10.05061 -3.37146 -7.30189
v -10.05061 -1.95584 -7.84500
v -8.85061 -1.95584 -7.84500
v -8.85061 -2.15671 -8.61937
v -8.85061 -0.51099 -8.88531
v -10.05061 -0.51099 -8.88531
v -10.05061 -2.15671 -8.61937
v -8.85061 -1.95584 -7.84500
v -10.05061 -1.95584 -7.84500
v -10.05061 -0.46506 -8.08663
v -8.85061 -0.46506 -8.08663
v -8.85061 -0.51099 -8.88531
v -8.85061 1.15436 -8.80980
v -10.05061 1.15436 -8.80979
v -10.05061 -0.51099 -8.88531
v -8.85061 -0.46506 -8.08663
v -10.05061 -0.46506 -8.08663
v -10.05061 1.04359 -8.01750
v -8.85061 1.04359 -8.01750
v -8.85061 1.15436 -8.80980
v -8.85061 2.77535 -8.39572
v -10.05061 2.77535 -8.39572
v -10.05061 1.15436 -8.80979
v -8.85061 1.04359 -8.01750
v -10.05061 1.04359 -8.01750
v -10.05061 2.51214 -7.64026
v -8.85061 2.51214 -7.64026
v -8.85061 2.77535 -8.39572
v -8.85061 4.28968 -7.65900
v -10.05061 4.28968 -7.65900
v -10.05061 2.77535 -8.39572
v -8.85061 2.51214 -7.64026
v -10.05061 2.51214 -7.64026
v -10.05061 3.88415 -6.96941
v -8.85061 3.88415 -6.96941
v -8.85061 4.28968 -7.65900
v -8.85061 5.63917 -6.62796
v -10.05061 5.63917 -6.62795
v -10.05061 4.28968 -7.65900
v -8.85061 3.88415 -6.96941
v -10.05061 3.88415 -6.96941
v -10.05061 5.10690 -6.03072
v -8.85061 5.10689 -6.03072
v -8.85061 5.63917 -6.62796
v -8.85060 6.77194 -5.34220
v -10.05060 6.77194 -5.34220
v -10.05061 5.63917 -6.62795
v -8.85061 5.10689 -6.03072
v -10.05061 5.10690 -6.03072
v -10.05060 6.13338 -4.86028
v -8.85060 6.13338 -4.86028
v -8.85060 6.77194 -5.34220
v -8.85060 7.64448 -3.85114
v -10.05060 7.64448 -3.85114
v -10.05060 6.77194 -5.34220
v -8.85060 6.13338 -4.86028
v -10.05060 6.13338 -4.86028
v -10.05060 6.92417 -3.50306
v -8.85060 6.92417 -3.50307
v -8.85060 7.64448 -3.85114
v -8.85060 8.22324 -2.21209
v -10.05060 8.22324 -2.21209
v -10.05060 7.64448 -3.85114
v -8.85060 6.92417 -3.50307
v -10.05060 6.92417 -3.50306
v -10.05060 7.44887 -2.01122
v -8.85060 7.44886 -2.01123
v -8.85060 8.22324 -2.21209
v -8.85060 8.48598 -0.48803
v -10.05060 8.48598 -0.48803
v -10.05060 8.22324 -2.21209
v -8.85060 7.44886 -2.01123
v -10.05060 7.44887 -2.01122
v -10.05060 7.68730 -0.44209
v -8.85060 7.68730 -0.44209
v -10.05060 8.48598 -0.48803
v -10.05060 8.42262 1.25479
v -10.35060 8.22455 1.22710
v -10.35060 8.28631 -0.47655
v -10.05060 7.68730 -0.44210
v -10.35060 7.48763 -0.43061
v -10.35060 7.43225 1.11633
v -10.05060 7.63033 1.14402
v -10.05060 8.42262 1.25479
v -10.05060 8.03558 2.94939
v -10.35060 7.84671 2.88358
v -10.35060 8.22455 1.22710
v -10.05060 7.63033 1.14402
v -10.35060 7.43225 1.11633
v -10.35060 7.09125 2.62038
v -10.05060 7.28012 2.68618
v -10.05060 8.03558 2.94939
v -10.05060 7.33974 4.53064
v -10.35060 7.16734 4.42926
v -10.35060 7.84671 2.88358
v -10.05060 7.28012 2.68618
v -10.35060 7.09125 2.62038
v -10.35060 6.47774 4.02372
v -10.05060 6.65014 4.12511
v -10.05060 7.33974 4.53064
v -10.05060 6.36183 5.93778
v -10.35060 6.21252 5.80471
v -10.35060 7.16734 4.42926
v -10.05060 6.65014 4.12511
v -10.35060 6.47774 4.02372
v -10.35060 5.61529 5.27244
v -10.05060 5.76460 5.40551
v -10.05060 6.36183 5.93778
v -10.05060 5.13944 7.11674
v -10.35060 5.01896 6.95710
v -10.35060 6.21252 5.80471
v -10.05060 5.76460 5.40551
v -10.35060 5.61529 5.27244
v -10.35060 4.53705 6.31854
v -10.05060 4.65753 6.47818
v -10.05060 5.13944 7.11674
v -10.05060 3.71955 8.02221
v -10.35060 3.63253 7.84213
v -10.35060 5.01896 6.95710
v -10.05060 4.65753 6.47818
v -10.35060 4.53705 6.31854
v -10.35060 3.28445 7.12182
v -10.05060 3.37147 7.30190
v -10.05060 3.71955 8.02221
v -10.05060 2.15672 8.61938
v -10.35060 2.10650 8.42579
v -10.35060 3.63253 7.84213
v -10.05060 3.37147 7.30190
v -10.35060 3.28445 7.12182
v -10.35060 1.90564 7.65142
v -10.05060 1.95585 7.84501
v -10.05060 2.15672 8.61938
v -10.05060 0.51101 8.88532
v -10.35060 0.49952 8.68565
v -10.35060 2.10650 8.42579
v -10.05060 1.95585 7.84501
v -10.35060 1.90564 7.65142
v -10.35060 0.45359 7.88697
v -10.05060 0.46507 8.08664
v -10.05060 0.51101 8.88532
v -10.05060 -1.15435 8.80980
v -10.35060 -1.12665 8.61173
v -10.35060 0.49952 8.68565
v -10.05060 0.46507 8.08664
v -10.35060 0.45359 7.88697
v -10.35060 -1.01589 7.81944
v -10.05060 -1.04358 8.01751
v -10.05060 -1.15435 8.80980
v -10.05060 -2.77534 8.39573
v -10.35060 -2.70953 8.20687
v -10.35060 -1.12665 8.61173
v -10.05060 -1.04358 8.01751
v -10.35060 -1.01589 7.81944
v -10.35060 -2.44633 7.45140
v -10.05060 -2.51213 7.64027
v -10.05060 -2.77534 8.39573
v -10.05060 -4.28967 7.65901
v -10.35061 -4.18829 7.48661
v -10.35060 -2.70953 8.20687
v -10.05060 -2.51213 7.64027
v -10.35060 -2.44633 7.45140
v -10.35061 -3.78276 6.79702
v -10.05060 -3.88414 6.96942
v -10.05060 -4.28967 7.65901
v -10.05061 -5.63916 6.62796
v -10.35061 -5.50609 6.47866
v -10.35061 -4.18829 7.48661
v -10.05060 -3.88414 6.96942
v -10.35061 -3.78276 6.79702
v -10.35061 -4.97381 5.88143
v -10.05061 -5.10688 6.03073
v -10.05061 -5.63916 6.62796
v -10.05061 -6.77193 5.34221
v -10.35061 -6.61229 5.22173
v -10.35061 -5.50609 6.47866
v -10.05061 -5.10688 6.03073
v -10.35061 -4.97381 5.88143
v -10.35061 -5.97373 4.73982
v -10.05061 -6.13337 4.86029
v -10.05061 -6.77193 5.34221
v -10.05061 -7.64446 3.85115
v -10.35061 -7.46439 3.76413
v -10.35061 -6.61229 5.22173
v -10.05061 -6.13337 4.86029
v -10.35061 -5.97373 4.73982
v -10.35061 -6.74408 3.41606
v -10.05061 -6.92416 3.50308
v -10.05061 -7.64446 3.85115
v -10.05061 -8.22322 2.21210
v -10.35061 -8.02963 2.16188
v -10.35061 -7.46439 3.76413
v -10.05061 -6.92416 3.50308
v -10.35061 -6.74408 3.41606
v -10.35061 -7.25526 1.96102
v -10.05061 -7.44885 2.01124
v -10.05061 -8.22322 2.21210
v -10.05061 -8.48597 0.48804
v -10.35061 -8.28630 0.47656
v -10.35061 -8.02963 2.16188
v -10.05061 -7.44885 2.01124
v -10.35061 -7.25526 1.96102
v -10.35061 -7.48762 0.43062
v -10.05061 -7.68729 0.44211
v -10.05061 -8.48597 0.48804
v -10.05061 -8.42261 -1.25478
v -10.35061 -8.22453 -1.22709
v -10.35061 -8.28630 0.47656
v -10.05061 -7.68729 0.44211
v -10.35061 -7.48762 0.43062
v -10.35061 -7.43224 -1.11632
v -10.05061 -7.63031 -1.14401
v -10.05061 -8.42261 -1.25478
v -10.05061 -8.03557 -2.94938
v -10.35061 -7.84670 -2.88357
v -10.35061 -8.22453 -1.22709
v -10.05061 -7.63031 -1.14401
v -10.35061 -7.43224 -1.11632
v -10.35061 -7.09124 -2.62037
v -10.05061 -7.28010 -2.68617
v -10.05061 -8.03557 -2.94938
v -10.05061 -7.33972 -4.53063
v -10.35061 -7.16732 -4.42925
v -10.35061 -7.84670 -2.88357
v -10.05061 -7.28010 -2.68617
v -10.35061 -7.09124 -2.62037
v -10.35061 -6.47773 -4.02371
v -10.05061 -6.65013 -4.12510
v -10.05061 -7.33972 -4.53063
v -10.05061 -6.36182 -5.93777
v -10.35061 -6.21251 -5.80470
v -10.35061 -7.16732 -4.42925
v -10.05061 -6.65013 -4.12510
v -10.35061 -6.47773 -4.02371
v -10.35061 -5.61528 -5.27243
v -10.05061 -5.76459 -5.40550
v -10.05061 -6.36182 -5.93777
v -10.05061 -5.13943 -7.11673
v -10.35061 -5.01895 -6.95709
v -10.35061 -6.21251 -5.80470
v -10.05061 -5.76459 -5.40550
v -10.35061 -5.61528 -5.27243
v -10.35061 -4.53704 -6.31853
v -10.05061 -4.65752 -6.47817
v -10.05061 -5.13943 -7.11673
v -10.05061 -3.71954 -8.02220
v -10.35061 -3.63252 -7.84212
v -10.35061 -5.01895 -6.95709
v -10.05061 -4.65752 -6.47817
v -10.35061 -4.53704 -6.31853
v -10.35061 -3.28444 -7.12181
v -10.05061 -3.37146 -7.30189
v -10.05061 -3.71954 -8.02220
v -10.05061 -2.15671 -8.61937
v -10.35061 -2.10649 -8.42578
v -10.35061 -3.63252 -7.84212
v -10.05061 -3.37146 -7.30189
v -10.35061 -3.28444 -7.12181
v -10.35061 -1.90563 -7.65141
v -10.05061 -1.95584 -7.84500
v -10.05061 -2.15671 -8.61937
v -10.05061 -0.51099 -8.88531
v -10.35061 -0.49951 -8.68564
v -10.35061 -2.10649 -8.42578
v -10.05061 -1.95584 -7.84500
v -10.35061 -1.90563 -7.65141
v -10.35061 -0.45358 -7.88696
v -10.05061 -0.46506 -8.08663
v -10.05061 -0.51099 -8.88531
v -10.05061 1.15436 -8.80979
v -10.35061 1.12667 -8.61172
v -10.35061 -0.49951 -8.68564
v -10.05061 -0.46506 -8.08663
v -10.35061 -0.45358 -7.88696
v -10.35061 1.01590 -7.81943
v -10.05061 1.04359 -8.01750
v -10.05061 1.15436 -8.80979
v -10.05061 2.77535 -8.39572
v -10.35061 2.70955 -8.20685
v -10.35061 1.12667 -8.61172
v -10.05061 1.04359 -8.01750
v -10.35061 1.01590 -7.81943
v -10.35061 2.44634 -7.45139
v -10.05061 2.51214 -7.64026
v -10.05061 2.77535 -8.39572
v -10.05061 4.28968 -7.65900
v -10.35061 4.18830 -7.48660
v -10.35061 2.70955 -8.20685
v -10.05061 2.51214 -7.64026
v -10.35061 2.44634 -7.45139
v -10.35061 3.78277 -6.79701
v -10.05061 3.88415 -6.96941
v -10.05061 4.28968 -7.65900
v -10.05061 5.63917 -6.62795
v -10.35061 5.50610 -6.47865
v -10.35061 4.18830 -7.48660
v -10.05061 3.88415 -6.96941
v -10.35061 3.78277 -6.79701
v -10.35061 4.97383 -5.88142
v -10.05061 5.10690 -6.03072
v -10.05061 5.63917 -6.62795
v -10.05060 6.77194 -5.34220
v -10.35060 6.61230 -5.22172
v -10.35061 5.50610 -6.47865
v -10.05061 5.10690 -6.03072
v -10.35061 4.97383 -5.88142
v -10.35060 5.97374 -4.73980
v -10.05060 6.13338 -4.86028
v -10.05060 6.77194 -5.34220
v -10.05060 7.64448 -3.85114
v -10.35060 7.46440 -3.76412
v -10.35060 6.61230 -5.22172
v -10.05060 6.13338 -4.86028
v -10.35060 5.97374 -4.73980
v -10.35060 6.74409 -3.41605
v -10.05060 6.92417 -3.50306
v -10.05060 7.64448 -3.85114
v -10.05060 8.22324 -2.21209
v -10.35060 8.02965 -2.16187
v -10.35060 7.46440 -3.76412
v -10.05060 6.92417 -3.50306
v -10.35060 6.74409 -3.41605
v -10.35060 7.25527 -1.96101
v -10.05060 7.44887 -2.01122
v -10.05060 8.22324 -2.21209
v -10.05060 8.48598 -0.48803
v -10.35060 8.28631 -0.47654
v -10.35060 8.02965 -2.16187
v -10.05060 7.44887 -2.01122
v -10.35060 7.25527 -1.96101
v -10.35060 7.48763 -0.43061
v -10.05060 7.68730 -0.44209
v -8.55060 8.28631 -0.47655
v -8.55060 7.48763 -0.43061
v -8.55060 7.43225 1.11633
v -8.55060 8.22455 1.22710
v -10.35060 8.28631 -0.47655
v -10.35060 8.22455 1.22710
v -10.35060 7.43225 1.11633
v -10.35060 7.48763 -0.43061
v -8.55060 8.22455 1.22710
v -8.55060 7.43225 1.11633
v -8.55060 7.09125 2.62038
v -8.55060 7.84671 2.88358
v -10.35060 8.22455 1.22710
v -10.35060 7.84671 2.88358
v -10.35060 7.09125 2.62038
v -10.35060 7.43225 1.11633
v -8.55060 7.84671 2.88358
v -8.55060 7.09125 2.62038
v -8.55060 6.47774 4.02372
v -8.55060 7.16734 4.42926
v -10.35060 7.84671 2.88358
v -10.35060 7.16734 4.42926
v -10.35060 6.47774 4.02372
v -10.35060 7.09125 2.62038
v -8.55060 7.16734 4.42926
v -8.55060 6.47774 4.02372
v -8.55060 5.61529 5.27244
v -8.55060 6.21252 5.80471
v -10.35060 7.16734 4.42926
v -10.35060 6.21252 5.80471
v -10.35060 5.61529 5.27244
v -10.35060 6.47774 4.02372
v -8.55060 6.21252 5.80471
v -8.55060 5.61529 5.27244
v -8.55060 4.53705 6.31854
v -8.55060 5.01896 6.95710
v -10.35060 6.21252 5.80471
v -10.35060 5.01896 6.95710
v -10.35060 4.53705 6.31854
v -10.35060 5.61529 5.27244
v -8.55060 5.01896 6.95710
v -8.55060 4.53705 6.31854
v -8.55060 3.28445 7.12182
v -8.55060 3.63253 7.84213
v -10.35060 5.01896 6.95710
v -10.35060 3.63253 7.84213
v -10.35060 3.28445 7.12182
v -10.35060 4.53705 6.31854
v -8.55060 3.63253 7.84213
v -8.55060 3.28445 7.12182
v -8.55060 1.90564 7.65142
v -8.55060 2.10650 8.42579
v -10.35060 3.63253 7.84213
v -10.35060 2.10650 8.42579
v -10.35060 1.90564 7.65142
v -10.35060 3.28445 7.12182
v -8.55060 2.10650 8.42579
v -8.55060 1.90564 7.65142
v -8.55060 0.45359 7.88697
v -8.55060 0.49952 8.68565
v -10.35060 2.10650 8.42579
v -10.35060 0.49952 8.68565
v -10.35060 0.45359 7.88697
v -10.35060 1.90564 7.65142
v -8.55060 0.49952 8.68565
v -8.55060 0.45359 7.88697
v -8.55060 -1.01589 7.81944
v -8.55060 -1.12666 8.61173
v -10.35060 0.49952 8.68565
v -10.35060 -1.12665 8.61173
v -10.35060 -1.01589 7.81944
v -10.35060 0.45359 7.88697
v -8.55060 -1.12666 8.61173
v -8.55060 -1.01589 7.81944
v -8.55060 -2.44633 7.45140
v -8.55060 -2.70953 8.20686
v -10.35060 -1.12665 8.61173
v -10.35060 -2.70953 8.20687
v -10.35060 -2.44633 7.45140
v -10.35060 -1.01589 7.81944
v -8.55060 -2.70953 8.20686
v -8.55060 -2.44633 7.45140
v -8.55060 -3.78276 6.79702
v -8.55060 -4.18829 7.48661
v -10.35060 -2.70953 8.20687
v -10.35061 -4.18829 7.48661
v -10.35061 -3.78276 6.79702
v -10.35060 -2.44633 7.45140
v -8.55060 -4.18829 7.48661
v -8.55060 -3.78276 6.79702
v -8.55061 -4.97381 5.88142
v -8.55061 -5.50609 6.47866
v -10.35061 -4.18829 7.48661
v -10.35061 -5.50609 6.47866
v -10.35061 -4.97381 5.88143
v -10.35061 -3.78276 6.79702
v -8.55061 -5.50609 6.47866
v -8.55061 -4.97381 5.88142
v -8.55061 -5.97373 4.73981
v -8.55061 -6.61229 5.22173
v -10.35061 -5.50609 6.47866
v -10.35061 -6.61229 5.22173
v -10.35061 -5.97373 4.73982
v -10.35061 -4.97381 5.88143
v -8.55061 -6.61229 5.22173
v -8.55061 -5.97373 4.73981
v -8.55061 -6.74408 3.41605
v -8.55061 -7.46439 3.76413
v -10.35061 -6.61229 5.22173
v -10.35061 -7.46439 3.76413
v -10.35061 -6.74408 3.41606
v -10.35061 -5.97373 4.73982
v -8.55061 -7.46439 3.76413
v -8.55061 -6.74408 3.41605
v -8.55061 -7.25526 1.96102
v -8.55061 -8.02963 2.16188
v -10.35061 -7.46439 3.76413
v -10.35061 -8.02963 2.16188
v -10.35061 -7.25526 1.96102
v -10.35061 -6.74408 3.41606
v -8.55061 -8.02963 2.16188
v -8.55061 -7.25526 1.96102
v -8.55061 -7.48762 0.43062
v -8.55061 -8.28630 0.47655
v -10.35061 -8.02963 2.16188
v -10.35061 -8.28630 0.47656
v -10.35061 -7.48762 0.43062
v -10.35061 -7.25526 1.96102
v -8.55061 -8.28630 0.47655
v -8.55061 -7.48762 0.43062
v -8.55061 -7.43224 -1.11632
v -8.55061 -8.22453 -1.22709
v -10.35061 -8.28630 0.47656
v -10.35061 -8.22453 -1.22709
v -10.35061 -7.43224 -1.11632
v -10.35061 -7.48762 0.43062
v -8.55061 -8.22453 -1.22709
v -8.55061 -7.43224 -1.11632
v -8.55061 -7.09124 -2.62037
v -8.55061 -7.84670 -2.88357
v -10.35061 -8.22453 -1.22709
v -10.35061 -7.84670 -2.88357
v -10.35061 -7.09124 -2.62037
v -10.35061 -7.43224 -1.11632
v -8.55061 -7.84670 -2.88357
v -8.55061 -7.09124 -2.62037
v -8.55061 -6.47773 -4.02372
v -8.55061 -7.16732 -4.42925
v -10.35061 -7.84670 -2.88357
v -10.35061 -7.16732 -4.42925
v -10.35061 -6.47773 -4.02371
v -10.35061 -7.09124 -2.62037
v -8.55061 -7.16732 -4.42925
v -8.55061 -6.47773 -4.02372
v -8.55061 -5.61528 -5.27243
v -8.55061 -6.21251 -5.80470
v -10.35061 -7.16732 -4.42925
v -10.35061 -6.21251 -5.80470
v -10.35061 -5.61528 -5.27243
v -10.35061 -6.47773 -4.02371
v -8.55061 -6.21251 -5.80470
v -8.55061 -5.61528 -5.27243
v -8.55061 -4.53704 -6.31853
v -8.55061 -5.01895 -6.95709
v -10.35061 -6.21251 -5.80470
v -10.35061 -5.01895 -6.95709
v -10.35061 -4.53704 -6.31853
v -10.35061 -5.61528 -5.27243
v -8.55061 -5.01895 -6.95709
v -8.55061 -4.53704 -6.31853
v -8.55061 -3.28444 -7.12181
v -8.55061 -3.63252 -7.84212
v -10.35061 -5.01895 -6.95709
v -10.35061 -3.63252 -7.84212
v -10.35061 -3.28444 -7.12181
v -10.35061 -4.53704 -6.31853
v -8.55061 -3.63252 -7.84212
v -8.55061 -3.28444 -7.12181
v -8.55061 -1.90563 -7.65141
v -8.55061 -2.10649 -8.42578
v -10.35061 -3.63252 -7.84212
v -10.35061 -2.10649 -8.42578
v -10.35061 -1.90563 -7.65141
v -10.35061 -3.28444 -7.12181
v -8.55061 -2.10649 -8.42578
v -8.55061 -1.90563 -7.65141
v -8.55061 -0.45358 -7.88696
v -8.55061 -0.49951 -8.68564
v -10.35061 -2.10649 -8.42578
v -10.35061 -0.49951 -8.68564
v -10.35061 -0.45358 -7.88696
v -10.35061 -1.90563 -7.65141
v -8.55061 -0.49951 -8.68564
v -8.55061 -0.45358 -7.88696
v -8.55061 1.01590 -7.81943
v -8.55061 1.12667 -8.61172
v -10.35061 -0.49951 -8.68564
v -10.35061 1.12667 -8.61172
v -10.35061 1.01590 -7.81943
v -10.35061 -0.45358 -7.88696
v -8.55061 1.12667 -8.61172
v -8.55061 1.01590 -7.81943
v -8.55061 2.44634 -7.45139
v -8.55061 2.70955 -8.20686
v -10.35061 1.12667 -8.61172
v -10.35061 2.70955 -8.20685
v -10.35061 2.44634 -7.45139
v -10.35061 1.01590 -7.81943
v -8.55061 2.70955 -8.20686
v -8.55061 2.44634 -7.45139
v -8.55061 3.78277 -6.79701
v -8.55061 4.18830 -7.48661
v -10.35061 2.70955 -8.20685
v -10.35061 4.18830 -7.48660
v -10.35061 3.78277 -6.79701
v -10.35061 2.44634 -7.45139
v -8.55061 4.18830 -7.48661
v -8.55061 3.78277 -6.79701
v -8.55061 4.97383 -5.88142
v -8.55061 5.50610 -6.47865
v -10.35061 4.18830 -7.48660
v -10.35061 5.50610 -6.47865
v -10.35061 4.97383 -5.88142
v -10.35061 3.78277 -6.79701
v -8.55061 5.50610 -6.47865
v -8.55061 4.97383 -5.88142
v -8.55060 5.97374 -4.73980
v -8.55060 6.61230 -5.22172
v -10.35061 5.50610 -6.47865
v -10.35060 6.61230 -5.22172
v -10.35060 5.97374 -4.73980
v -10.35061 4.97383 -5.88142
v -8.55060 6.61230 -5.22172
v -8.55060 5.97374 -4.73980
v -8.55060 6.74409 -3.41605
v -8.55060 7.46440 -3.76412
v -10.35060 6.61230 -5.22172
v -10.35060 7.46440 -3.76412
v -10.35060 6.74409 -3.41605
v -10.35060 5.97374 -4.73980
v -8.55060 7.46440 -3.76412
v -8.55060 6.74409 -3.41605
v -8.55060 7.25527 -1.96101
v -8.55060 8.02964 -2.16187
v -10.35060 7.46440 -3.76412
v -10.35060 8.02965 -2.16187
v -10.35060 7.25527 -1.96101
v -10.35060 6.74409 -3.41605
v -8.55060 8.02964 -2.16187
v -8.55060 7.25527 -1.96101
v -8.55060 7.48763 -0.43061
v -8.55060 8.28631 -0.47654
v -10.35060 8.02965 -2.16187
v -10.35060 8.28631 -0.47654
v -10.35060 7.48763 -0.43061
v -10.35060 7.25527 -1.96101
v -8.55060 8.28631 -0.47655
v -8.85060 8.48598 -0.48803
v -8.85060 7.68730 -0.44210
v -8.55060 7.48763 -0.43061
v -8.55060 7.48763 -0.43061
v -8.85060 7.68730 -0.44209
v -8.85060 8.48598 -0.48803
v -8.55060 8.28631 -0.47654
v -8.85060 8.48598 -0.48803
v -10.05060 8.48598 -0.48803
v -10.05060 7.68730 -0.44210
v -8.85060 7.68730 -0.44210
v -8.85060 7.68730 -0.44209
v -10.05060 7.68730 -0.44209
v -10.05060 8.48598 -0.48803
v -8.85060 8.48598 -0.48803
v -10.05060 8.48598 -0.48803
v -10.35060 8.28631 -0.47655
v -10.35060 7.48763 -0.43061
v -10.05060 7.68730 -0.44210
v -10.05060 7.68730 -0.44209
v -10.35060 7.48763 -0.43061
v -10.35060 8.28631 -0.47654
v -10.05060 8.48598 -0.48803
v -21.24738 8.28632 -0.47654
v -21.24738 8.22455 1.22710
v -21.54738 8.42263 1.25480
v -21.54738 8.48599 -0.48802
v -21.24738 7.48764 -0.43061
v -21.54738 7.68731 -0.44209
v -21.54738 7.63033 1.14403
v -21.24738 7.43226 1.11634
v -21.24738 8.22455 1.22710
v -21.24738 7.84672 2.88359
v -21.54738 8.03559 2.94939
v -21.54738 8.42263 1.25480
v -21.24738 7.43226 1.11634
v -21.54738 7.63033 1.14403
v -21.54738 7.28012 2.68619
v -21.24738 7.09126 2.62039
v -21.24738 7.84672 2.88359
v -21.24738 7.16734 4.42926
v -21.54738 7.33974 4.53064
v -21.54738 8.03559 2.94939
v -21.24738 7.09126 2.62039
v -21.54738 7.28012 2.68619
v -21.54738 6.65015 4.12511
v -21.24738 6.47775 4.02373
v -21.24738 7.16734 4.42926
v -21.24738 6.21253 5.80472
v -21.54738 6.36184 5.93779
v -21.54738 7.33974 4.53064
v -21.24738 6.47775 4.02373
v -21.54738 6.65015 4.12511
v -21.54738 5.76461 5.40552
v -21.24738 5.61530 5.27245
v -21.24738 6.21253 5.80472
v -21.24738 5.01897 6.95711
v -21.54738 5.13945 7.11675
v -21.54738 6.36184 5.93779
v -21.24738 5.61530 5.27245
v -21.54738 5.76461 5.40552
v -21.54738 4.65754 6.47819
v -21.24738 4.53706 6.31855
v -21.24738 5.01897 6.95711
v -21.24738 3.63254 7.84214
v -21.54738 3.71956 8.02221
v -21.54738 5.13945 7.11675
v -21.24738 4.53706 6.31855
v -21.54738 4.65754 6.47819
v -21.54738 3.37148 7.30191
v -21.24738 3.28446 7.12183
v -21.24738 3.63254 7.84214
v -21.24738 2.10651 8.42580
v -21.54738 2.15673 8.61939
v -21.54738 3.71956 8.02221
v -21.24738 3.28446 7.12183
v -21.54738 3.37148 7.30191
v -21.54738 1.95586 7.84502
v -21.24738 1.90565 7.65142
v -21.24738 2.10651 8.42580
v -21.24738 0.49953 8.68566
v -21.54738 0.51101 8.88533
v -21.54738 2.15673 8.61939
v -21.24738 1.90565 7.65142
v -21.54738 1.95586 7.84502
v -21.54738 0.46508 8.08665
v -21.24738 0.45360 7.88698
v -21.24738 0.49953 8.68566
v -21.24738 -1.12665 8.61174
v -21.54738 -1.15434 8.80981
v -21.54738 0.51101 8.88533
v -21.24738 0.45360 7.88698
v -21.54738 0.46508 8.08665
v -21.54738 -1.04357 8.01752
v -21.24738 -1.01588 7.81944
v -21.24738 -1.12665 8.61174
v -21.24738 -2.70953 8.20687
v -21.54738 -2.77533 8.39574
v -21.54738 -1.15434 8.80981
v -21.24738 -1.01588 7.81944
v -21.54738 -1.04357 8.01752
v -21.54738 -2.51212 7.64027
v -21.24738 -2.44632 7.45141
v -21.24738 -2.70953 8.20687
v -21.24738 -4.18828 7.48662
v -21.54738 -4.28966 7.65902
v -21.54738 -2.77533 8.39574
v -21.24738 -2.44632 7.45141
v -21.54738 -2.51212 7.64027
v -21.54738 -3.88413 6.96942
v -21.24738 -3.78275 6.79702
v -21.24738 -4.18828 7.48662
v -21.24738 -5.50608 6.47866
v -21.54738 -5.63915 6.62797
v -21.54738 -4.28966 7.65902
v -21.24738 -3.78275 6.79702
v -21.54738 -3.88413 6.96942
v -21.54738 -5.10687 6.03074
v -21.24738 -4.97381 5.88143
v -21.24738 -5.50608 6.47866
v -21.24739 -6.61228 5.22174
v -21.54738 -6.77192 5.34221
v -21.54738 -5.63915 6.62797
v -21.24738 -4.97381 5.88143
v -21.54738 -5.10687 6.03074
v -21.54738 -6.13336 4.86030
v -21.24739 -5.97372 4.73982
v -21.24739 -6.61228 5.22174
v -21.24739 -7.46438 3.76414
v -21.54739 -7.64446 3.85116
v -21.54738 -6.77192 5.34221
v -21.24739 -5.97372 4.73982
v -21.54738 -6.13336 4.86030
v -21.54739 -6.92415 3.50308
v -21.24739 -6.74407 3.41606
v -21.24739 -7.46438 3.76414
v -21.24739 -8.02962 2.16189
v -21.54739 -8.22322 2.21211
v -21.54739 -7.64446 3.85116
v -21.24739 -6.74407 3.41606
v -21.54739 -6.92415 3.50308
v -21.54739 -7.44884 2.01124
v -21.24739 -7.25525 1.96103
v -21.24739 -8.02962 2.16189
v -21.24739 -8.28629 0.47656
v -21.54739 -8.48596 0.48804
v -21.54739 -8.22322 2.21211
v -21.24739 -7.25525 1.96103
v -21.54739 -7.44884 2.01124
v -21.54739 -7.68728 0.44211
v -21.24739 -7.48761 0.43063
v -21.24739 -8.28629 0.47656
v -21.24739 -8.22453 -1.22708
v -21.54739 -8.42260 -1.25477
v -21.54739 -8.48596 0.48804
v -21.24739 -7.48761 0.43063
v -21.54739 -7.68728 0.44211
v -21.54739 -7.63030 -1.14401
v -21.24739 -7.43223 -1.11632
v -21.24739 -8.22453 -1.22708
v -21.24739 -7.84669 -2.88357
v -21.54739 -8.03556 -2.94937
v -21.54739 -8.42260 -1.25477
v -21.24739 -7.43223 -1.11632
v -21.54739 -7.63030 -1.14401
v -21.54739 -7.28010 -2.68616
v -21.24739 -7.09123 -2.62036
v -21.24739 -7.84669 -2.88357
v -21.24739 -7.16732 -4.42924
v -21.54739 -7.33972 -4.53062
v -21.54739 -8.03556 -2.94937
v -21.24739 -7.09123 -2.62036
v -21.54739 -7.28010 -2.68616
v -21.54739 -6.65012 -4.12509
v -21.24739 -6.47772 -4.02371
v -21.24739 -7.16732 -4.42924
v -21.24739 -6.21250 -5.80470
v -21.54739 -6.36181 -5.93777
v -21.54739 -7.33972 -4.53062
v -21.24739 -6.47772 -4.02371
v -21.54739 -6.65012 -4.12509
v -21.54739 -5.76458 -5.40549
v -21.24739 -5.61527 -5.27243
v -21.24739 -6.21250 -5.80470
v -21.24739 -5.01894 -6.95708
v -21.54739 -5.13942 -7.11672
v -21.54739 -6.36181 -5.93777
v -21.24739 -5.61527 -5.27243
v -21.54739 -5.76458 -5.40549
v -21.54739 -4.65751 -6.47816
v -21.24739 -4.53703 -6.31852
v -21.24739 -5.01894 -6.95708
v -21.24739 -3.63251 -7.84211
v -21.54739 -3.71953 -8.02219
v -21.54739 -5.13942 -7.11672
v -21.24739 -4.53703 -6.31852
v -21.54739 -4.65751 -6.47816
v -21.54739 -3.37145 -7.30188
v -21.24739 -3.28443 -7.12181
v -21.24739 -3.63251 -7.84211
v -21.24739 -2.10648 -8.42577
v -21.54739 -2.15670 -8.61937
v -21.54739 -3.71953 -8.02219
v -21.24739 -3.28443 -7.12181
v -21.54739 -3.37145 -7.30188
v -21.54739 -1.95583 -7.84499
v -21.24739 -1.90562 -7.65140
v -21.24739 -2.10648 -8.42577
v -21.24739 -0.49950 -8.68564
v -21.54739 -0.51098 -8.88531
v -21.54739 -2.15670 -8.61937
v -21.24739 -1.90562 -7.65140
v -21.54739 -1.95583 -7.84499
v -21.54739 -0.46505 -8.08663
v -21.24739 -0.45357 -7.88696
v -21.24739 -0.49950 -8.68564
v -21.24739 1.12667 -8.61171
v -21.54739 1.15437 -8.80979
v -21.54739 -0.51098 -8.88531
v -21.24739 -0.45357 -7.88696
v -21.54739 -0.46505 -8.08663
v -21.54739 1.04360 -8.01749
v -21.24739 1.01591 -7.81942
v -21.24739 1.12667 -8.61171
v -21.24739 2.70955 -8.20685
v -21.54739 2.77536 -8.39571
v -21.54739 1.15437 -8.80979
v -21.24739 1.01591 -7.81942
v -21.54739 1.04360 -8.01749
v -21.54739 2.51215 -7.64025
v -21.24739 2.44635 -7.45139
v -21.24739 2.70955 -8.20685
v -21.24739 4.18831 -7.48660
v -21.54738 4.28969 -7.65900
v -21.54739 2.77536 -8.39571
v -21.24739 2.44635 -7.45139
v -21.54739 2.51215 -7.64025
v -21.54738 3.88416 -6.96940
v -21.24739 3.78278 -6.79700
v -21.24739 4.18831 -7.48660
v -21.24738 5.50611 -6.47864
v -21.54738 5.63918 -6.62795
v -21.54738 4.28969 -7.65900
v -21.24739 3.78278 -6.79700
v -21.54738 3.88416 -6.96940
v -21.54738 5.10690 -6.03072
v -21.24738 4.97383 -5.88141
v -21.24738 5.50611 -6.47864
v -21.24738 6.61231 -5.22171
v -21.54738 6.77195 -5.34219
v -21.54738 5.63918 -6.62795
v -21.24738 4.97383 -5.88141
v -21.54738 5.10690 -6.03072
v -21.54738 6.13339 -4.86028
v -21.24738 5.97375 -4.73980
v -21.24738 6.61231 -5.22171
v -21.24738 7.46441 -3.76412
v -21.54738 7.64448 -3.85114
v -21.54738 6.77195 -5.34219
v -21.24738 5.97375 -4.73980
v -21.54738 6.13339 -4.86028
v -21.54738 6.92418 -3.50306
v -21.24738 6.74410 -3.41604
v -21.24738 7.46441 -3.76412
v -21.24738 8.02965 -2.16187
v -21.54738 8.22325 -2.21208
v -21.54738 7.64448 -3.85114
v -21.24738 6.74410 -3.41604
v -21.54738 6.92418 -3.50306
v -21.54738 7.44887 -2.01122
v -21.24738 7.25528 -1.96100
v -21.24738 8.02965 -2.16187
v -21.24738 8.28632 -0.47654
v -21.54738 8.48599 -0.48802
v -21.54738 8.22325 -2.21208
v -21.24738 7.25528 -1.96100
v -21.54738 7.44887 -2.01122
v -21.54738 7.68731 -0.44209
v -21.24738 7.48764 -0.43061
v -21.54738 8.48599 -0.48802
v -21.54738 8.42263 1.25480
v -22.74738 8.42263 1.25480
v -22.74738 8.48599 -0.48802
v -21.54738 7.68731 -0.44209
v -22.74738 7.68731 -0.44209
v -22.74738 7.63033 1.14403
v -21.54738 7.63033 1.14403
v -21.54738 8.42263 1.25480
v -21.54738 8.03559 2.94939
v -22.74738 8.03559 2.94939
v -22.74738 8.42263 1.25480
v -21.54738 7.63033 1.14403
v -22.74738 7.63033 1.14403
v -22.74738 7.28013 2.68619
v -21.54738 7.28012 2.68619
v -21.54738 8.03559 2.94939
v -21.54738 7.33974 4.53064
v -22.74738 7.33974 4.53065
v -22.74738 8.03559 2.94939
v -21.54738 7.28012 2.68619
v -22.74738 7.28013 2.68619
v -22.74738 6.65015 4.12511
v -21.54738 6.65015 4.12511
v -21.54738 7.33974 4.53064
v -21.54738 6.36184 5.93779
v -22.74738 6.36184 5.93779
v -22.74738 7.33974 4.53065
v -21.54738 6.65015 4.12511
v -22.74738 6.65015 4.12511
v -22.74738 5.76461 5.40552
v -21.54738 5.76461 5.40552
v -21.54738 6.36184 5.93779
v -21.54738 5.13945 7.11675
v -22.74738 5.13945 7.11675
v -22.74738 6.36184 5.93779
v -21.54738 5.76461 5.40552
v -22.74738 5.76461 5.40552
v -22.74738 4.65754 6.47819
v -21.54738 4.65754 6.47819
v -21.54738 5.13945 7.11675
v -21.54738 3.71956 8.02221
v -22.74738 3.71956 8.02221
v -22.74738 5.13945 7.11675
v -21.54738 4.65754 6.47819
v -22.74738 4.65754 6.47819
v -22.74738 3.37148 7.30191
v -21.54738 3.37148 7.30191
v -21.54738 3.71956 8.02221
v -21.54738 2.15673 8.61939
v -22.74738 2.15673 8.61939
v -22.74738 3.71956 8.02221
v -21.54738 3.37148 7.30191
v -22.74738 3.37148 7.30191
v -22.74738 1.95586 7.84502
v -21.54738 1.95586 7.84502
v -21.54738 2.15673 8.61939
v -21.54738 0.51101 8.88533
v -22.74738 0.51101 8.88533
v -22.74738 2.15673 8.61939
v -21.54738 1.95586 7.84502
v -22.74738 1.95586 7.84502
v -22.74738 0.46508 8.08665
v -21.54738 0.46508 8.08665
v -21.54738 0.51101 8.88533
v -21.54738 -1.15434 8.80981
v -22.74738 -1.15434 8.80981
v -22.74738 0.51101 8.88533
v -21.54738 0.46508 8.08665
v -22.74738 0.46508 8.08665
v -22.74738 -1.04357 8.01752
v -21.54738 -1.04357 8.01752
v -21.54738 -1.15434 8.80981
v -21.54738 -2.77533 8.39574
v -22.74738 -2.77533 8.39574
v -22.74738 -1.15434 8.80981
v -21.54738 -1.04357 8.01752
v -22.74738 -1.04357 8.01752
v -22.74738 -2.51212 7.64028
v -21.54738 -2.51212 7.64027
v -21.54738 -2.77533 8.39574
v -21.54738 -4.28966 7.65902
v -22.74738 -4.28966 7.65902
v -22.74738 -2.77533 8.39574
v -21.54738 -2.51212 7.64027
v -22.74738 -2.51212 7.64028
v -22.74738 -3.88413 6.96942
v -21.54738 -3.88413 6.96942
v -21.54738 -4.28966 7.65902
v -21.54738 -5.63915 6.62797
v -22.74738 -5.63915 6.62797
v -22.74738 -4.28966 7.65902
v -21.54738 -3.88413 6.96942
v -22.74738 -3.88413 6.96942
v -22.74738 -5.10687 6.03074
v -21.54738 -5.10687 6.03074
v -21.54738 -5.63915 6.62797
v -21.54738 -6.77192 5.34221
v -22.74739 -6.77192 5.34221
v -22.74738 -5.63915 6.62797
v -21.54738 -5.10687 6.03074
v -22.74738 -5.10687 6.03074
v -22.74739 -6.13336 4.86030
v -21.54738 -6.13336 4.86030
v -21.54738 -6.77192 5.34221
v -21.54739 -7.64446 3.85116
v -22.74739 -7.64446 3.85116
v -22.74739 -6.77192 5.34221
v -21.54738 -6.13336 4.86030
v -22.74739 -6.13336 4.86030
v -22.74739 -6.92415 3.50308
v -21.54739 -6.92415 3.50308
v -21.54739 -7.64446 3.85116
v -21.54739 -8.22322 2.21211
v -22.74739 -8.22322 2.21211
v -22.74739 -7.64446 3.85116
v -21.54739 -6.92415 3.50308
v -22.74739 -6.92415 3.50308
v -22.74739 -7.44884 2.01124
v -21.54739 -7.44884 2.01124
v -21.54739 -8.22322 2.21211
v -21.54739 -8.48596 0.48804
v -22.74739 -8.48596 0.48804
v -22.74739 -8.22322 2.21211
v -21.54739 -7.44884 2.01124
v -22.74739 -7.44884 2.01124
v -22.74739 -7.68728 0.44211
v -21.54739 -7.68728 0.44211
v -21.54739 -8.48596 0.48804
v -21.54739 -8.42260 -1.25477
v -22.74739 -8.42260 -1.25477
v -22.74739 -8.48596 0.48804
v -21.54739 -7.68728 0.44211
v -22.74739 -7.68728 0.44211
v -22.74739 -7.63030 -1.14401
v -21.54739 -7.63030 -1.14401
v -21.54739 -8.42260 -1.25477
v -21.54739 -8.03556 -2.94937
v -22.74739 -8.03556 -2.94937
v -22.74739 -8.42260 -1.25477
v -21.54739 -7.63030 -1.14401
v -22.74739 -7.63030 -1.14401
v -22.74739 -7.28010 -2.68616
v -21.54739 -7.28010 -2.68616
v -21.54739 -8.03556 -2.94937
v -21.54739 -7.33972 -4.53062
v -22.74739 -7.33971 -4.53062
v -22.74739 -8.03556 -2.94937
v -21.54739 -7.28010 -2.68616
v -22.74739 -7.28010 -2.68616
v -22.74739 -6.65012 -4.12509
v -21.54739 -6.65012 -4.12509
v -21.54739 -7.33972 -4.53062
v -21.54739 -6.36181 -5.93777
v -22.74739 -6.36181 -5.93777
v -22.74739 -7.33971 -4.53062
v -21.54739 -6.65012 -4.12509
v -22.74739 -6.65012 -4.12509
v -22.74739 -5.76458 -5.40549
v -21.54739 -5.76458 -5.40549
v -21.54739 -6.36181 -5.93777
v -21.54739 -5.13942 -7.11672
v -22.74739 -5.13942 -7.11672
v -22.74739 -6.36181 -5.93777
v -21.54739 -5.76458 -5.40549
v -22.74739 -5.76458 -5.40549
v -22.74739 -4.65751 -6.47816
v -21.54739 -4.65751 -6.47816
v -21.54739 -5.13942 -7.11672
v -21.54739 -3.71953 -8.02219
v -22.74739 -3.71953 -8.02219
v -22.74739 -5.13942 -7.11672
v -21.54739 -4.65751 -6.47816
v -22.74739 -4.65751 -6.47816
v -22.74739 -3.37145 -7.30188
v -21.54739 -3.37145 -7.30188
v -21.54739 -3.71953 -8.02219
v -21.54739 -2.15670 -8.61937
v -22.74739 -2.15670 -8.61937
v -22.74739 -3.71953 -8.02219
v -21.54739 -3.37145 -7.30188
v -22.74739 -3.37145 -7.30188
v -22.74739 -1.95583 -7.84499
v -21.54739 -1.95583 -7.84499
v -21.54739 -2.15670 -8.61937
v -21.54739 -0.51098 -8.88531
v -22.74739 -0.51098 -8.88531
v -22.74739 -2.15670 -8.61937
v -21.54739 -1.95583 -7.84499
v -22.74739 -1.95583 -7.84499
v -22.74739 -0.46505 -8.08663
v -21.54739 -0.46505 -8.08663
v -21.54739 -0.51098 -8.88531
v -21.54739 1.15437 -8.80979
v -22.74739 1.15437 -8.80979
v -22.74739 -0.51098 -8.88531
v -21.54739 -0.46505 -8.08663
v -22.74739 -0.46505 -8.08663
v -22.74739 1.04360 -8.01749
v -21.54739 1.04360 -8.01749
v -21.54739 1.15437 -8.80979
v -21.54739 2.77536 -8.39571
v -22.74739 2.77536 -8.39571
v -22.74739 1.15437 -8.80979
v -21.54739 1.04360 -8.01749
v -22.74739 1.04360 -8.01749
v -22.74739 2.51215 -7.64025
v -21.54739 2.51215 -7.64025
v -21.54739 2.77536 -8.39571
v -21.54738 4.28969 -7.65900
v -22.74739 4.28969 -7.65900
v -22.74739 2.77536 -8.39571
v -21.54739 2.51215 -7.64025
v -22.74739 2.51215 -7.64025
v -22.74739 3.88416 -6.96940
v -21.54738 3.88416 -6.96940
v -21.54738 4.28969 -7.65900
v -21.54738 5.63918 -6.62795
v -22.74738 5.63918 -6.62795
v -22.74739 4.28969 -7.65900
v -21.54738 3.88416 -6.96940
v -22.74739 3.88416 -6.96940
v -22.74738 5.10690 -6.03072
v -21.54738 5.10690 -6.03072
v -21.54738 5.63918 -6.62795
v -21.54738 6.77195 -5.34219
v -22.74738 6.77195 -5.34219
v -22.74738 5.63918 -6.62795
v -21.54738 5.10690 -6.03072
v -22.74738 5.10690 -6.03072
v -22.74738 6.13339 -4.86028
v -21.54738 6.13339 -4.86028
v -21.54738 6.77195 -5.34219
v -21.54738 7.64448 -3.85114
v -22.74738 7.64449 -3.85114
v -22.74738 6.77195 -5.34219
v -21.54738 6.13339 -4.86028
v -22.74738 6.13339 -4.86028
v -22.74738 6.92418 -3.50306
v -21.54738 6.92418 -3.50306
v -21.54738 7.64448 -3.85114
v -21.54738 8.22325 -2.21208
v -22.74738 8.22325 -2.21208
v -22.74738 7.64449 -3.85114
v -21.54738 6.92418 -3.50306
v -22.74738 6.92418 -3.50306
v -22.74738 7.44887 -2.01122
v -21.54738 7.44887 -2.01122
v -21.54738 8.22325 -2.21208
v -21.54738 8.48599 -0.48802
v -22.74738 8.48599 -0.48802
v -22.74738 8.22325 -2.21208
v -21.54738 7.44887 -2.01122
v -22.74738 7.44887 -2.01122
v -22.74738 7.68731 -0.44209
v -21.54738 7.68731 -0.44209
v -22.74738 8.48599 -0.48802
v -22.74738 8.42263 1.25480
v -23.04738 8.22456 1.22710
v -23.04738 8.28632 -0.47654
v -22.74738 7.68731 -0.44209
v -23.04738 7.48764 -0.43061
v -23.04738 7.43226 1.11634
v -22.74738 7.63033 1.14403
v -22.74738 8.42263 1.25480
v -22.74738 8.03559 2.94939
v -23.04738 7.84672 2.88359
v -23.04738 8.22456 1.22710
v -22.74738 7.63033 1.14403
v -23.04738 7.43226 1.11634
v -23.04738 7.09126 2.62039
v -22.74738 7.28013 2.68619
v -22.74738 8.03559 2.94939
v -22.74738 7.33974 4.53065
v -23.04738 7.16735 4.42926
v -23.04738 7.84672 2.88359
v -22.74738 7.28013 2.68619
v -23.04738 7.09126 2.62039
v -23.04738 6.47775 4.02373
v -22.74738 6.65015 4.12511
v -22.74738 7.33974 4.53065
v -22.74738 6.36184 5.93779
v -23.04738 6.21253 5.80472
v -23.04738 7.16735 4.42926
v -22.74738 6.65015 4.12511
v -23.04738 6.47775 4.02373
v -23.04738 5.61530 5.27245
v -22.74738 5.76461 5.40552
v -22.74738 6.36184 5.93779
v -22.74738 5.13945 7.11675
v -23.04738 5.01897 6.95711
v -23.04738 6.21253 5.80472
v -22.74738 5.76461 5.40552
v -23.04738 5.61530 5.27245
v -23.04738 4.53706 6.31855
v -22.74738 4.65754 6.47819
v -22.74738 5.13945 7.11675
v -22.74738 3.71956 8.02221
v -23.04738 3.63254 7.84214
v -23.04738 5.01897 6.95711
v -22.74738 4.65754 6.47819
v -23.04738 4.53706 6.31855
v -23.04738 3.28446 7.12183
v -22.74738 3.37148 7.30191
v -22.74738 3.71956 8.02221
v -22.74738 2.15673 8.61939
v -23.04738 2.10651 8.42580
v -23.04738 3.63254 7.84214
v -22.74738 3.37148 7.30191
v -23.04738 3.28446 7.12183
v -23.04738 1.90565 7.65142
v -22.74738 1.95586 7.84502
v -22.74738 2.15673 8.61939
v -22.74738 0.51101 8.88533
v -23.04738 0.49953 8.68566
v -23.04738 2.10651 8.42580
v -22.74738 1.95586 7.84502
v -23.04738 1.90565 7.65142
v -23.04738 0.45360 7.88698
v -22.74738 0.46508 8.08665
v -22.74738 0.51101 8.88533
v -22.74738 -1.15434 8.80981
v -23.04738 -1.12665 8.61174
v -23.04738 0.49953 8.68566
v -22.74738 0.46508 8.08665
v -23.04738 0.45360 7.88698
v -23.04738 -1.01588 7.81944
v -22.74738 -1.04357 8.01752
v -22.74738 -1.15434 8.80981
v -22.74738 -2.77533 8.39574
v -23.04738 -2.70953 8.20687
v -23.04738 -1.12665 8.61174
v -22.74738 -1.04357 8.01752
v -23.04738 -1.01588 7.81944
v -23.04738 -2.44632 7.45141
v -22.74738 -2.51212 7.64028
v -22.74738 -2.77533 8.39574
v -22.74738 -4.28966 7.65902
v -23.04738 -4.18828 7.48662
v -23.04738 -2.70953 8.20687
v -22.74738 -2.51212 7.64028
v -23.04738 -2.44632 7.45141
v -23.04738 -3.78275 6.79702
v -22.74738 -3.88413 6.96942
v -22.74738 -4.28966 7.65902
v -22.74738 -5.63915 6.62797
v -23.04738 -5.50608 6.47866
v -23.04738 -4.18828 7.48662
v -22.74738 -3.88413 6.96942
v -23.04738 -3.78275 6.79702
v -23.04738 -4.97381 5.88143
v -22.74738 -5.10687 6.03074
v -22.74738 -5.63915 6.62797
v -22.74739 -6.77192 5.34221
v -23.04738 -6.61228 5.22174
v -23.04738 -5.50608 6.47866
v -22.74738 -5.10687 6.03074
v -23.04738 -4.97381 5.88143
v -23.04738 -5.97372 4.73982
v -22.74739 -6.13336 4.86030
v -22.74739 -6.77192 5.34221
v -22.74739 -7.64446 3.85116
v -23.04739 -7.46438 3.76414
v -23.04738 -6.61228 5.22174
v -22.74739 -6.13336 4.86030
v -23.04738 -5.97372 4.73982
v -23.04739 -6.74407 3.41606
v -22.74739 -6.92415 3.50308
v -22.74739 -7.64446 3.85116
v -22.74739 -8.22322 2.21211
v -23.04739 -8.02962 2.16189
v -23.04739 -7.46438 3.76414
v -22.74739 -6.92415 3.50308
v -23.04739 -6.74407 3.41606
v -23.04739 -7.25525 1.96103
v -22.74739 -7.44884 2.01124
v -22.74739 -8.22322 2.21211
v -22.74739 -8.48596 0.48804
v -23.04739 -8.28629 0.47656
v -23.04739 -8.02962 2.16189
v -22.74739 -7.44884 2.01124
v -23.04739 -7.25525 1.96103
v -23.04739 -7.48761 0.43063
v -22.74739 -7.68728 0.44211
v -22.74739 -8.48596 0.48804
v -22.74739 -8.42260 -1.25477
v -23.04739 -8.22452 -1.22708
v -23.04739 -8.28629 0.47656
v -22.74739 -7.68728 0.44211
v -23.04739 -7.48761 0.43063
v -23.04739 -7.43223 -1.11632
v -22.74739 -7.63030 -1.14401
v -22.74739 -8.42260 -1.25477
v -22.74739 -8.03556 -2.94937
v -23.04739 -7.84669 -2.88357
v -23.04739 -8.22452 -1.22708
v -22.74739 -7.63030 -1.14401
v -23.04739 -7.43223 -1.11632
v -23.04739 -7.09123 -2.62036
v -22.74739 -7.28010 -2.68616
v -22.74739 -8.03556 -2.94937
v -22.74739 -7.33971 -4.53062
v -23.04739 -7.16731 -4.42924
v -23.04739 -7.84669 -2.88357
v -22.74739 -7.28010 -2.68616
v -23.04739 -7.09123 -2.62036
v -23.04739 -6.47772 -4.02371
v -22.74739 -6.65012 -4.12509
v -22.74739 -7.33971 -4.53062
v -22.74739 -6.36181 -5.93777
v -23.04739 -6.21250 -5.80470
v -23.04739 -7.16731 -4.42924
v -22.74739 -6.65012 -4.12509
v -23.04739 -6.47772 -4.02371
v -23.04739 -5.61527 -5.27242
v -22.74739 -5.76458 -5.40549
v -22.74739 -6.36181 -5.93777
v -22.74739 -5.13942 -7.11672
v -23.04739 -5.01894 -6.95708
v -23.04739 -6.21250 -5.80470
v -22.74739 -5.76458 -5.40549
v -23.04739 -5.61527 -5.27242
v -23.04739 -4.53703 -6.31852
v -22.74739 -4.65751 -6.47816
v -22.74739 -5.13942 -7.11672
v -22.74739 -3.71953 -8.02219
v -23.04739 -3.63251 -7.84211
v -23.04739 -5.01894 -6.95708
v -22.74739 -4.65751 -6.47816
v -23.04739 -4.53703 -6.31852
v -23.04739 -3.28443 -7.12181
v -22.74739 -3.37145 -7.30188
v -22.74739 -3.71953 -8.02219
v -22.74739 -2.15670 -8.61937
v -23.04739 -2.10648 -8.42577
v -23.04739 -3.63251 -7.84211
v -22.74739 -3.37145 -7.30188
v -23.04739 -3.28443 -7.12181
v -23.04739 -1.90562 -7.65140
v -22.74739 -1.95583 -7.84499
v -22.74739 -2.15670 -8.61937
v -22.74739 -0.51098 -8.88531
v -23.04739 -0.49950 -8.68564
v -23.04739 -2.10648 -8.42577
v -22.74739 -1.95583 -7.84499
v -23.04739 -1.90562 -7.65140
v -23.04739 -0.45357 -7.88696
v -22.74739 -0.46505 -8.08663
v -22.74739 -0.51098 -8.88531
v -22.74739 1.15437 -8.80979
v -23.04739 1.12668 -8.61171
v -23.04739 -0.49950 -8.68564
v -22.74739 -0.46505 -8.08663
v -23.04739 -0.45357 -7.88696
v -23.04739 1.01591 -7.81942
v -22.74739 1.04360 -8.01749
v -22.74739 1.15437 -8.80979
v -22.74739 2.77536 -8.39571
v -23.04739 2.70956 -8.20685
v -23.04739 1.12668 -8.61171
v -22.74739 1.04360 -8.01749
v -23.04739 1.01591 -7.81942
v -23.04739 2.44635 -7.45139
v -22.74739 2.51215 -7.64025
v -22.74739 2.77536 -8.39571
v -22.74739 4.28969 -7.65900
v -23.04738 4.18831 -7.48660
v -23.04739 2.70956 -8.20685
v -22.74739 2.51215 -7.64025
v -23.04739 2.44635 -7.45139
v -23.04738 3.78278 -6.79700
v -22.74739 3.88416 -6.96940
v -22.74739 4.28969 -7.65900
v -22.74738 5.63918 -6.62795
v -23.04738 5.50611 -6.47864
v -23.04738 4.18831 -7.48660
v -22.74739 3.88416 -6.96940
v -23.04738 3.78278 -6.79700
v -23.04738 4.97384 -5.88141
v -22.74738 5.10690 -6.03072
v -22.74738 5.63918 -6.62795
v -22.74738 6.77195 -5.34219
v -23.04738 6.61231 -5.22171
v -23.04738 5.50611 -6.47864
v -22.74738 5.10690 -6.03072
v -23.04738 4.97384 -5.88141
v -23.04738 5.97375 -4.73980
v -22.74738 6.13339 -4.86028
v -22.74738 6.77195 -5.34219
v -22.74738 7.64449 -3.85114
v -23.04738 7.46441 -3.76412
v -23.04738 6.61231 -5.22171
v -22.74738 6.13339 -4.86028
v -23.04738 5.97375 -4.73980
v -23.04738 6.74410 -3.41604
v -22.74738 6.92418 -3.50306
v -22.74738 7.64449 -3.85114
v -22.74738 8.22325 -2.21208
v -23.04738 8.02965 -2.16187
v -23.04738 7.46441 -3.76412
v -22.74738 6.92418 -3.50306
v -23.04738 6.74410 -3.41604
v -23.04738 7.25528 -1.96100
v -22.74738 7.44887 -2.01122
v -22.74738 8.22325 -2.21208
v -22.74738 8.48599 -0.48802
v -23.04738 8.28632 -0.47654
v -23.04738 8.02965 -2.16187
v -22.74738 7.44887 -2.01122
v -23.04738 7.25528 -1.96100
v -23.04738 7.48764 -0.43060
v -22.74738 7.68731 -0.44209
v -21.24738 8.28632 -0.47654
v -21.24738 7.48764 -0.43061
v -21.24738 7.43226 1.11634
v -21.24738 8.22455 1.22710
v -23.04738 8.28632 -0.47654
v -23.04738 8.22456 1.22710
v -23.04738 7.43226 1.11634
v -23.04738 7.48764 -0.43061
v -21.24738 8.22455 1.22710
v -21.24738 7.43226 1.11634
v -21.24738 7.09126 2.62039
v -21.24738 7.84672 2.88359
v -23.04738 8.22456 1.22710
v -23.04738 7.84672 2.88359
v -23.04738 7.09126 2.62039
v -23.04738 7.43226 1.11634
v -21.24738 7.84672 2.88359
v -21.24738 7.09126 2.62039
v -21.24738 6.47775 4.02373
v -21.24738 7.16734 4.42926
v -23.04738 7.84672 2.88359
v -23.04738 7.16735 4.42926
v -23.04738 6.47775 4.02373
v -23.04738 7.09126 2.62039
v -21.24738 7.16734 4.42926
v -21.24738 6.47775 4.02373
v -21.24738 5.61530 5.27245
v -21.24738 6.21253 5.80472
v -23.04738 7.16735 4.42926
v -23.04738 6.21253 5.80472
v -23.04738 5.61530 5.27245
v -23.04738 6.47775 4.02373
v -21.24738 6.21253 5.80472
v -21.24738 5.61530 5.27245
v -21.24738 4.53706 6.31855
v -21.24738 5.01897 6.95711
v -23.04738 6.21253 5.80472
v -23.04738 5.01897 6.95711
v -23.04738 4.53706 6.31855
v -23.04738 5.61530 5.27245
v -21.24738 5.01897 6.95711
v -21.24738 4.53706 6.31855
v -21.24738 3.28446 7.12183
v -21.24738 3.63254 7.84214
v -23.04738 5.01897 6.95711
v -23.04738 3.63254 7.84214
v -23.04738 3.28446 7.12183
v -23.04738 4.53706 6.31855
v -21.24738 3.63254 7.84214
v -21.24738 3.28446 7.12183
v -21.24738 1.90565 7.65142
v -21.24738 2.10651 8.42580
v -23.04738 3.63254 7.84214
v -23.04738 2.10651 8.42580
v -23.04738 1.90565 7.65142
v -23.04738 3.28446 7.12183
v -21.24738 2.10651 8.42580
v -21.24738 1.90565 7.65142
v -21.24738 0.45360 7.88698
v -21.24738 0.49953 8.68566
v -23.04738 2.10651 8.42580
v -23.04738 0.49953 8.68566
v -23.04738 0.45360 7.88698
v -23.04738 1.90565 7.65142
v -21.24738 0.49953 8.68566
v -21.24738 0.45360 7.88698
v -21.24738 -1.01588 7.81944
v -21.24738 -1.12665 8.61174
v -23.04738 0.49953 8.68566
v -23.04738 -1.12665 8.61174
v -23.04738 -1.01588 7.81944
v -23.04738 0.45360 7.88698
v -21.24738 -1.12665 8.61174
v -21.24738 -1.01588 7.81944
v -21.24738 -2.44632 7.45141
v -21.24738 -2.70953 8.20687
v -23.04738 -1.12665 8.61174
v -23.04738 -2.70953 8.20687
v -23.04738 -2.44632 7.45141
v -23.04738 -1.01588 7.81944
v -21.24738 -2.70953 8.20687
v -21.24738 -2.44632 7.45141
v -21.24738 -3.78275 6.79702
v -21.24738 -4.18828 7.48662
v -23.04738 -2.70953 8.20687
v -23.04738 -4.18828 7.48662
v -23.04738 -3.78275 6.79702
v -23.04738 -2.44632 7.45141
v -21.24738 -4.18828 7.48662
v -21.24738 -3.78275 6.79702
v -21.24738 -4.97381 5.88143
v -21.24738 -5.50608 6.47866
v -23.04738 -4.18828 7.48662
v -23.04738 -5.50608 6.47866
v -23.04738 -4.97381 5.88143
v -23.04738 -3.78275 6.79702
v -21.24738 -5.50608 6.47866
v -21.24738 -4.97381 5.88143
v -21.24739 -5.97372 4.73982
v -21.24739 -6.61228 5.22174
v -23.04738 -5.50608 6.47866
v -23.04738 -6.61228 5.22174
v -23.04738 -5.97372 4.73982
v -23.04738 -4.97381 5.88143
v -21.24739 -6.61228 5.22174
v -21.24739 -5.97372 4.73982
v -21.24739 -6.74407 3.41606
v -21.24739 -7.46438 3.76414
v -23.04738 -6.61228 5.22174
v -23.04739 -7.46438 3.76414
v -23.04739 -6.74407 3.41606
v -23.04738 -5.97372 4.73982
v -21.24739 -7.46438 3.76414
v -21.24739 -6.74407 3.41606
v -21.24739 -7.25525 1.96103
v -21.24739 -8.02962 2.16189
v -23.04739 -7.46438 3.76414
v -23.04739 -8.02962 2.16189
v -23.04739 -7.25525 1.96103
v -23.04739 -6.74407 3.41606
v -21.24739 -8.02962 2.16189
v -21.24739 -7.25525 1.96103
v -21.24739 -7.48761 0.43063
v -21.24739 -8.28629 0.47656
v -23.04739 -8.02962 2.16189
v -23.04739 -8.28629 0.47656
v -23.04739 -7.48761 0.43063
v -23.04739 -7.25525 1.96103
v -21.24739 -8.28629 0.47656
v -21.24739 -7.48761 0.43063
v -21.24739 -7.43223 -1.11632
v -21.24739 -8.22453 -1.22708
v -23.04739 -8.28629 0.47656
v -23.04739 -8.22452 -1.22708
v -23.04739 -7.43223 -1.11632
v -23.04739 -7.48761 0.43063
v -21.24739 -8.22453 -1.22708
v -21.24739 -7.43223 -1.11632
v -21.24739 -7.09123 -2.62036
v -21.24739 -7.84669 -2.88357
v -23.04739 -8.22452 -1.22708
v -23.04739 -7.84669 -2.88357
v -23.04739 -7.09123 -2.62036
v -23.04739 -7.43223 -1.11632
v -21.24739 -7.84669 -2.88357
v -21.24739 -7.09123 -2.62036
v -21.24739 -6.47772 -4.02371
v -21.24739 -7.16732 -4.42924
v -23.04739 -7.84669 -2.88357
v -23.04739 -7.16731 -4.42924
v -23.04739 -6.47772 -4.02371
v -23.04739 -7.09123 -2.62036
v -21.24739 -7.16732 -4.42924
v -21.24739 -6.47772 -4.02371
v -21.24739 -5.61527 -5.27243
v -21.24739 -6.21250 -5.80470
v -23.04739 -7.16731 -4.42924
v -23.04739 -6.21250 -5.80470
v -23.04739 -5.61527 -5.27242
v -23.04739 -6.47772 -4.02371
v -21.24739 -6.21250 -5.80470
v -21.24739 -5.61527 -5.27243
v -21.24739 -4.53703 -6.31852
v -21.24739 -5.01894 -6.95708
v -23.04739 -6.21250 -5.80470
v -23.04739 -5.01894 -6.95708
v -23.04739 -4.53703 -6.31852
v -23.04739 -5.61527 -5.27242
v -21.24739 -5.01894 -6.95708
v -21.24739 -4.53703 -6.31852
v -21.24739 -3.28443 -7.12181
v -21.24739 -3.63251 -7.84211
v -23.04739 -5.01894 -6.95708
v -23.04739 -3.63251 -7.84211
v -23.04739 -3.28443 -7.12181
v -23.04739 -4.53703 -6.31852
v -21.24739 -3.63251 -7.84211
v -21.24739 -3.28443 -7.12181
v -21.24739 -1.90562 -7.65140
v -21.24739 -2.10648 -8.42577
v -23.04739 -3.63251 -7.84211
v -23.04739 -2.10648 -8.42577
v -23.04739 -1.90562 -7.65140
v -23.04739 -3.28443 -7.12181
v -21.24739 -2.10648 -8.42577
v -21.24739 -1.90562 -7.65140
v -21.24739 -0.45357 -7.88696
v -21.24739 -0.49950 -8.68564
v -23.04739 -2.10648 -8.42577
v -23.04739 -0.49950 -8.68564
v -23.04739 -0.45357 -7.88696
v -23.04739 -1.90562 -7.65140
v -21.24739 -0.49950 -8.68564
v -21.24739 -0.45357 -7.88696
v -21.24739 1.01591 -7.81942
v -21.24739 1.12667 -8.61171
v -23.04739 -0.49950 -8.68564
v -23.04739 1.12668 -8.61171
v -23.04739 1.01591 -7.81942
v -23.04739 -0.45357 -7.88696
v -21.24739 1.12667 -8.61171
v -21.24739 1.01591 -7.81942
v -21.24739 2.44635 -7.45139
v -21.24739 2.70955 -8.20685
v -23.04739 1.12668 -8.61171
v -23.04739 2.70956 -8.20685
v -23.04739 2.44635 -7.45139
v -23.04739 1.01591 -7.81942
v -21.24739 2.70955 -8.20685
v -21.24739 2.44635 -7.45139
v -21.24739 3.78278 -6.79700
v -21.24739 4.18831 -7.48660
v -23.04739 2.70956 -8.20685
v -23.04738 4.18831 -7.48660
v -23.04738 3.78278 -6.79700
v -23.04739 2.44635 -7.45139
v -21.24739 4.18831 -7.48660
v -21.24739 3.78278 -6.79700
v -21.24738 4.97383 -5.88141
v -21.24738 5.50611 -6.47864
v -23.04738 4.18831 -7.48660
v -23.04738 5.50611 -6.47864
v -23.04738 4.97384 -5.88141
v -23.04738 3.78278 -6.79700
v -21.24738 5.50611 -6.47864
v -21.24738 4.97383 -5.88141
v -21.24738 5.97375 -4.73980
v -21.24738 6.61231 -5.22171
v -23.04738 5.50611 -6.47864
v -23.04738 6.61231 -5.22171
v -23.04738 5.97375 -4.73980
v -23.04738 4.97384 -5.88141
v -21.24738 6.61231 -5.22171
v -21.24738 5.97375 -4.73980
v -21.24738 6.74410 -3.41604
v -21.24738 7.46441 -3.76412
v -23.04738 6.61231 -5.22171
v -23.04738 7.46441 -3.76412
v -23.04738 6.74410 -3.41604
v -23.04738 5.97375 -4.73980
v -21.24738 7.46441 -3.76412
v -21.24738 6.74410 -3.41604
v -21.24738 7.25528 -1.96100
v -21.24738 8.02965 -2.16187
v -23.04738 7.46441 -3.76412
v -23.04738 8.02965 -2.16187
v -23.04738 7.25528 -1.96100
v -23.04738 6.74410 -3.41604
v -21.24738 8.02965 -2.16187
v -21.24738 7.25528 -1.96100
v -21.24738 7.48764 -0.43061
v -21.24738 8.28632 -0.47654
v -23.04738 8.02965 -2.16187
v -23.04738 8.28632 -0.47654
v -23.04738 7.48764 -0.43060
v -23.04738 7.25528 -1.96100
v -21.24738 8.28632 -0.47654
v -21.54738 8.48599 -0.48802
v -21.54738 7.68731 -0.44209
v -21.24738 7.48764 -0.43061
v -21.24738 7.48764 -0.43061
v -21.54738 7.68731 -0.44209
v -21.54738 8.48599 -0.48802
v -21.24738 8.28632 -0.47654
v -21.54738 8.48599 -0.48802
v -22.74738 8.48599 -0.48802
v -22.74738 7.68731 -0.44209
v -21.54738 7.68731 -0.44209
v -21.54738 7.68731 -0.44209
v -22.74738 7.68731 -0.44209
v -22.74738 8.48599 -0.48802
v -21.54738 8.48599 -0.48802
v -22.74738 8.48599 -0.48802
v -23.04738 8.28632 -0.47654
v -23.04738 7.48764 -0.43061
v -22.74738 7.68731 -0.44209
v -22.74738 7.68731 -0.44209
v -23.04738 7.48764 -0.43060
v -23.04738 8.28632 -0.47654
v -22.74738 8.48599 -0.48802
v -8.91915 0.55407 9.63409
v -8.81147 -0.12465 9.67312
v -8.81147 -0.21077 8.17559
v -8.91915 0.46794 8.13656
v -8.81147 -0.12465 9.67312
v -8.49899 -0.73693 9.70833
v -8.49899 -0.82305 8.21081
v -8.81147 -0.21077 8.17559
v -8.49899 -0.73693 9.70833
v -8.01228 -1.22284 9.73628
v -8.01228 -1.30896 8.23875
v -8.49899 -0.82305 8.21081
v -8.01228 -1.22284 9.73628
v -7.39899 -1.53481 9.75422
v -7.39899 -1.62093 8.25669
v -8.01228 -1.30896 8.23875
v -7.39899 -1.53481 9.75422
v -6.71915 -1.64231 9.76040
v -6.71915 -1.72843 8.26287
v -7.39899 -1.62093 8.25669
v -6.71915 -1.64231 9.76040
v -6.03931 -1.53481 9.75422
v -6.03931 -1.62093 8.25669
v -6.71915 -1.72843 8.26287
v -6.03931 -1.53481 9.75422
v -5.42602 -1.22284 9.73627
v -5.42602 -1.30896 8.23875
v -6.03931 -1.62093 8.25669
v -5.42602 -1.22284 9.73627
v -4.93931 -0.73693 9.70833
v -4.93931 -0.82305 8.21080
v -5.42602 -1.30896 8.23875
v -4.93931 -0.73693 9.70833
v -4.62683 -0.12465 9.67312
v -4.62683 -0.21078 8.17559
v -4.93931 -0.82305 8.21080
v -4.62683 -0.12465 9.67312
v -4.51915 0.55406 9.63408
v -4.51915 0.46794 8.13656
v -4.62683 -0.21078 8.17559
v -4.51915 0.55406 9.63408
v -4.62682 1.23278 9.59505
v -4.62683 1.14666 8.09752
v -4.51915 0.46794 8.13656
v -4.62682 1.23278 9.59505
v -4.93931 1.84506 9.55984
v -4.93931 1.75894 8.06231
v -4.62683 1.14666 8.09752
v -4.93931 1.84506 9.55984
v -5.42602 2.33097 9.53189
v -5.42602 2.24484 8.03437
v -4.93931 1.75894 8.06231
v -5.42602 2.33097 9.53189
v -6.03931 2.64294 9.51395
v -6.03931 2.55681 8.01643
v -5.42602 2.24484 8.03437
v -6.03931 2.64294 9.51395
v -6.71915 2.75044 9.50777
v -6.71915 2.66431 8.01024
v -6.03931 2.55681 8.01643
v -6.71915 2.75044 9.50777
v -7.39899 2.64294 9.51395
v -7.39899 2.55681 8.01643
v -6.71915 2.66431 8.01024
v -7.39899 2.64294 9.51395
v -8.01228 2.33097 9.53189
v -8.01228 2.24484 8.03437
v -7.39899 2.55681 8.01643
v -8.01228 2.33097 9.53189
v -8.49899 1.84506 9.55984
v -8.49899 1.75894 8.06231
v -8.01228 2.24484 8.03437
v -8.49899 1.84506 9.55984
v -8.81147 1.23278 9.59505
v -8.81147 1.14666 8.09753
v -8.49899 1.75894 8.06231
v -8.81147 1.23278 9.59505
v -8.91915 0.55407 9.63409
v -8.91915 0.46794 8.13656
v -8.81147 1.14666 8.09753
v -8.81147 1.23278 9.59505
v -8.49899 1.84506 9.55984
v -8.01228 2.33097 9.53189
v -7.39899 2.64294 9.51395
v -6.71915 2.75044 9.50777
v -6.03931 2.64294 9.51395
v -5.42602 2.33097 9.53189
v -4.93931 1.84506 9.55984
v -4.62682 1.23278 9.59505
v -4.51915 0.55406 9.63408
v -4.62683 -0.12465 9.67312
v -4.93931 -0.73693 9.70833
v -5.42602 -1.22284 9.73627
v -6.03931 -1.53481 9.75422
v -6.71915 -1.64231 9.76040
v -7.39899 -1.53481 9.75422
v -8.01228 -1.22284 9.73628
v -8.49899 -0.73693 9.70833
v -8.81147 -0.12465 9.67312
v -8.91915 0.55407 9.63409
v -8.91915 0.46794 8.13656
v -8.81147 -0.21077 8.17559
v -8.49899 -0.82305 8.21081
v -8.01228 -1.30896 8.23875
v -7.39899 -1.62093 8.25669
v -6.71915 -1.72843 8.26287
v -6.03931 -1.62093 8.25669
v -5.42602 -1.30896 8.23875
v -4.93931 -0.82305 8.21080
v -4.62683 -0.21078 8.17559
v -4.51915 0.46794 8.13656
v -4.62683 1.14666 8.09752
v -4.93931 1.75894 8.06231
v -5.42602 2.24484 8.03437
v -6.03931 2.55681 8.01643
v -6.71915 2.66431 8.01024
v -7.39899 2.55681 8.01643
v -8.01228 2.24484 8.03437
v -8.49899 1.75894 8.06231
v -8.81147 1.14666 8.09753
v -9.05625 -6.24508 5.47260
v -8.80938 -6.24048 5.55268
v -8.80938 -5.94097 5.53545
v -9.05625 -5.94558 5.45537
v -8.80938 -6.24048 5.55268
v -8.65681 -6.22842 5.76233
v -8.65681 -5.92892 5.74511
v -8.80938 -5.94097 5.53545
v -8.65681 -6.22842 5.76233
v -8.65681 -6.21352 6.02148
v -8.65681 -5.91401 6.00425
v -8.65681 -5.92892 5.74511
v -8.65681 -6.21352 6.02148
v -8.80938 -6.20146 6.23113
v -8.80938 -5.90196 6.21391
v -8.65681 -5.91401 6.00425
v -8.80938 -6.20146 6.23113
v -9.05625 -6.19686 6.31121
v -9.05625 -5.89735 6.29399
v -8.80938 -5.90196 6.21391
v -9.05625 -6.19686 6.31121
v -9.30312 -6.20146 6.23113
v -9.30312 -5.90196 6.21391
v -9.05625 -5.89735 6.29399
v -9.30312 -6.20146 6.23113
v -9.45570 -6.21352 6.02148
v -9.45570 -5.91401 6.00425
v -9.30312 -5.90196 6.21391
v -9.45570 -6.21352 6.02148
v -9.45570 -6.22842 5.76233
v -9.45570 -5.92892 5.74511
v -9.45570 -5.91401 6.00425
v -9.45570 -6.22842 5.76233
v -9.30312 -6.24048 5.55268
v -9.30312 -5.94097 5.53545
v -9.45570 -5.92892 5.74511
v -9.30312 -6.24048 5.55268
v -9.05625 -6.24508 5.47260
v -9.05625 -5.94558 5.45537
v -9.30312 -5.94097 5.53545
v -9.30312 -6.24048 5.55268
v -9.45570 -6.22842 5.76233
v -9.45570 -6.21352 6.02148
v -9.30312 -6.20146 6.23113
v -9.05625 -6.19686 6.31121
v -8.80938 -6.20146 6.23113
v -8.65681 -6.21352 6.02148
v -8.65681 -6.22842 5.76233
v -8.80938 -6.24048 5.55268
v -9.05625 -6.24508 5.47260
v -9.05625 -5.94558 5.45537
v -8.80938 -5.94097 5.53545
v -8.65681 -5.92892 5.74511
v -8.65681 -5.91401 6.00425
v -8.80938 -5.90196 6.21391
v -9.05625 -5.89735 6.29399
v -9.30312 -5.90196 6.21391
v -9.45570 -5.91401 6.00425
v -9.45570 -5.92892 5.74511
v -9.30312 -5.94097 5.53545
v -9.00625 -6.19893 6.10098
v -9.00625 -6.27880 6.10558
v -9.10625 -6.27880 6.10558
v -9.10625 -6.19893 6.10099
v -9.10625 -6.22304 5.68168
v -9.10625 -6.30291 5.68627
v -9.00625 -6.30291 5.68627
v -9.00625 -6.22304 5.68168
v -9.00625 -6.19893 6.10098
v -9.10625 -6.19893 6.10099
v -9.10625 -6.22304 5.68168
v -9.00625 -6.22304 5.68168
v -9.00625 -6.30291 5.68627
v -9.10625 -6.30291 5.68627
v -9.10625 -6.27880 6.10558
v -9.00625 -6.27880 6.10558
v -9.00625 -6.19893 6.10098
v -9.00625 -6.22304 5.68168
v -9.00625 -6.30291 5.68627
v -9.00625 -6.27880 6.10558
v -9.10625 -6.27880 6.10558
v -9.10625 -6.30291 5.68627
v -9.10625 -6.22304 5.68168
v -9.10625 -6.19893 6.10099
v -8.91916 -0.46793 -8.13655
v -8.81148 -1.14665 -8.09752
v -8.81148 -1.23277 -9.59504
v -8.91916 -0.55405 -9.63408
v -8.81148 -1.14665 -8.09752
v -8.49900 -1.75893 -8.06231
v -8.49900 -1.84505 -9.55983
v -8.81148 -1.23277 -9.59504
v -8.49900 -1.75893 -8.06231
v -8.01229 -2.24483 -8.03436
v -8.01229 -2.33096 -9.53189
v -8.49900 -1.84505 -9.55983
v -8.01229 -2.24483 -8.03436
v -7.39900 -2.55681 -8.01642
v -7.39900 -2.64293 -9.51394
v -8.01229 -2.33096 -9.53189
v -7.39900 -2.55681 -8.01642
v -6.71916 -2.66430 -8.01024
v -6.71916 -2.75043 -9.50776
v -7.39900 -2.64293 -9.51394
v -6.71916 -2.66430 -8.01024
v -6.03932 -2.55681 -8.01642
v -6.03932 -2.64293 -9.51395
v -6.71916 -2.75043 -9.50776
v -6.03932 -2.55681 -8.01642
v -5.42603 -2.24483 -8.03436
v -5.42603 -2.33096 -9.53189
v -6.03932 -2.64293 -9.51395
v -5.42603 -2.24483 -8.03436
v -4.93932 -1.75893 -8.06231
v -4.93932 -1.84505 -9.55983
v -5.42603 -2.33096 -9.53189
v -4.93932 -1.75893 -8.06231
v -4.62683 -1.14665 -8.09752
v -4.62684 -1.23277 -9.59505
v -4.93932 -1.84505 -9.55983
v -4.62683 -1.14665 -8.09752
v -4.51916 -0.46793 -8.13655
v -4.51916 -0.55406 -9.63408
v -4.62684 -1.23277 -9.59505
v -4.51916 -0.46793 -8.13655
v -4.62683 0.21078 -8.17559
v -4.62683 0.12466 -9.67311
v -4.51916 -0.55406 -9.63408
v -4.62683 0.21078 -8.17559
v -4.93932 0.82306 -8.21080
v -4.93932 0.73694 -9.70832
v -4.62683 0.12466 -9.67311
v -4.93932 0.82306 -8.21080
v -5.42603 1.30897 -8.23874
v -5.42603 1.22284 -9.73627
v -4.93932 0.73694 -9.70832
v -5.42603 1.30897 -8.23874
v -6.03932 1.62094 -8.25668
v -6.03932 1.53482 -9.75421
v -5.42603 1.22284 -9.73627
v -6.03932 1.62094 -8.25668
v -6.71916 1.72844 -8.26287
v -6.71916 1.64231 -9.76039
v -6.03932 1.53482 -9.75421
v -6.71916 1.72844 -8.26287
v -7.39900 1.62094 -8.25668
v -7.39900 1.53482 -9.75421
v -6.71916 1.64231 -9.76039
v -7.39900 1.62094 -8.25668
v -8.01229 1.30897 -8.23874
v -8.01229 1.22285 -9.73627
v -7.39900 1.53482 -9.75421
v -8.01229 1.30897 -8.23874
v -8.49900 0.82306 -8.21080
v -8.49900 0.73694 -9.70832
v -8.01229 1.22285 -9.73627
v -8.49900 0.82306 -8.21080
v -8.81148 0.21078 -8.17558
v -8.81148 0.12466 -9.67311
v -8.49900 0.73694 -9.70832
v -8.81148 0.21078 -8.17558
v -8.91916 -0.46793 -8.13655
v -8.91916 -0.55406 -9.63408
v -8.81148 0.12466 -9.67311
v -8.81148 0.21078 -8.17558
v -8.49900 0.82306 -8.21080
v -8.01229 1.30897 -8.23874
v -7.39900 1.62094 -8.25668
v -6.71916 1.72844 -8.26287
v -6.03932 1.62094 -8.25668
v -5.42603 1.30897 -8.23874
v -4.93932 0.82306 -8.21080
v -4.62683 0.21078 -8.17559
v -4.51916 -0.46793 -8.13655
v -4.62683 -1.14665 -8.09752
v -4.93932 -1.75893 -8.06231
v -5.42603 -2.24483 -8.03436
v -6.03932 -2.55681 -8.01642
v -6.71916 -2.66430 -8.01024
v -7.39900 -2.55681 -8.01642
v -8.01229 -2.24483 -8.03436
v -8.49900 -1.75893 -8.06231
v -8.81148 -1.14665 -8.09752
v -8.91916 -0.46793 -8.13655
v -8.91916 -0.55405 -9.63408
v -8.81148 -1.23277 -9.59504
v -8.49900 -1.84505 -9.55983
v -8.01229 -2.33096 -9.53189
v -7.39900 -2.64293 -9.51394
v -6.71916 -2.75043 -9.50776
v -6.03932 -2.64293 -9.51395
v -5.42603 -2.33096 -9.53189
v -4.93932 -1.84505 -9.55983
v -4.62684 -1.23277 -9.59505
v -4.51916 -0.55406 -9.63408
v -4.62683 0.12466 -9.67311
v -4.93932 0.73694 -9.70832
v -5.42603 1.22284 -9.73627
v -6.03932 1.53482 -9.75421
v -6.71916 1.64231 -9.76039
v -7.39900 1.53482 -9.75421
v -8.01229 1.22285 -9.73627
v -8.49900 0.73694 -9.70832
v -8.81148 0.12466 -9.67311
v -9.05626 -6.87953 -5.55917
v -8.80939 -6.87492 -5.47909
v -8.80939 -6.57542 -5.49632
v -9.05626 -6.58002 -5.57640
v -8.80939 -6.87492 -5.47909
v -8.65681 -6.86286 -5.26944
v -8.65681 -6.56336 -5.28666
v -8.80939 -6.57542 -5.49632
v -8.65681 -6.86286 -5.26944
v -8.65681 -6.84796 -5.01029
v -8.65681 -6.54846 -5.02752
v -8.65681 -6.56336 -5.28666
v -8.65681 -6.84796 -5.01029
v -8.80939 -6.83590 -4.80064
v -8.80939 -6.53640 -4.81786
v -8.65681 -6.54846 -5.02752
v -8.80939 -6.83590 -4.80064
v -9.05626 -6.83130 -4.72056
v -9.05626 -6.53179 -4.73778
v -8.80939 -6.53640 -4.81786
v -9.05626 -6.83130 -4.72056
v -9.30313 -6.83590 -4.80064
v -9.30313 -6.53640 -4.81786
v -9.05626 -6.53179 -4.73778
v -9.30313 -6.83590 -4.80064
v -9.45570 -6.84796 -5.01029
v -9.45570 -6.54846 -5.02752
v -9.30313 -6.53640 -4.81786
v -9.45570 -6.84796 -5.01029
v -9.45570 -6.86286 -5.26944
v -9.45570 -6.56336 -5.28666
v -9.45570 -6.54846 -5.02752
v -9.45570 -6.86286 -5.26944
v -9.30313 -6.87492 -5.47909
v -9.30313 -6.57542 -5.49632
v -9.45570 -6.56336 -5.28666
v -9.30313 -6.87492 -5.47909
v -9.05626 -6.87953 -5.55917
v -9.05626 -6.58002 -5.57640
v -9.30313 -6.57542 -5.49632
v -9.30313 -6.87492 -5.47909
v -9.45570 -6.86286 -5.26944
v -9.45570 -6.84796 -5.01029
v -9.30313 -6.83590 -4.80064
v -9.05626 -6.83130 -4.72056
v -8.80939 -6.83590 -4.80064
v -8.65681 -6.84796 -5.01029
v -8.65681 -6.86286 -5.26944
v -8.80939 -6.87492 -5.47909
v -9.05626 -6.87953 -5.55917
v -9.05626 -6.58002 -5.57640
v -8.80939 -6.57542 -5.49632
v -8.65681 -6.56336 -5.28666
v -8.65681 -6.54846 -5.02752
v -8.80939 -6.53640 -4.81786
v -9.05626 -6.53179 -4.73778
v -9.30313 -6.53640 -4.81786
v -9.45570 -6.54846 -5.02752
v -9.45570 -6.56336 -5.28666
v -9.30313 -6.57542 -5.49632
v -9.00626 -6.83337 -4.93079
v -9.00626 -6.91324 -4.92619
v -9.10626 -6.91324 -4.92619
v -9.10626 -6.83337 -4.93079
v -9.10626 -6.85749 -5.35009
v -9.10626 -6.93735 -5.34550
v -9.00626 -6.93735 -5.34550
v -9.00626 -6.85749 -5.35009
v -9.00626 -6.83337 -4.93079
v -9.10626 -6.83337 -4.93079
v -9.10626 -6.85749 -5.35009
v -9.00626 -6.85749 -5.35009
v -9.00626 -6.93735 -5.34550
v -9.10626 -6.93735 -5.34550
v -9.10626 -6.91324 -4.92619
v -9.00626 -6.91324 -4.92619
v -9.00626 -6.83337 -4.93079
v -9.00626 -6.85749 -5.35009
v -9.00626 -6.93735 -5.34550
v -9.00626 -6.91324 -4.92619
v -9.10626 -6.91324 -4.92619
v -9.10626 -6.93735 -5.34550
v -9.10626 -6.85749 -5.35009
v -9.10626 -6.83337 -4.93079
v 3.00001 2.84694 6.61324
v 3.00000 1.75705 6.98232
v 0.00001 2.39154 9.50371
v 0.00001 3.87501 9.00135
v 3.00000 2.41199 5.60288
v 0.00001 3.44006 7.99099
v 0.00001 2.12311 8.43697
v 3.00000 1.48861 5.91557
v 3.00000 1.75705 6.98232
v 3.00000 0.62228 7.17306
v 0.00001 0.84699 9.76333
v 0.00001 2.39154 9.50371
v 3.00000 1.48861 5.91557
v 0.00001 2.12311 8.43697
v 0.00001 0.75192 8.66745
v 3.00000 0.52721 6.07717
v 3.00000 0.62228 7.17306
v 3.00000 -0.52838 7.18058
v 0.00000 -0.71919 9.77357
v 0.00001 0.84699 9.76333
v 3.00000 0.52721 6.07717
v 0.00001 0.75192 8.66745
v 0.00000 -0.63846 8.67654
v 3.00000 -0.44766 6.08355
v 3.00000 -0.52838 7.18058
v 3.00000 -1.66555 7.00471
v 0.00000 -2.26700 9.53419
v 0.00000 -0.71919 9.77357
v 3.00000 -0.44766 6.08355
v 0.00000 -0.63846 8.67654
v 0.00000 -2.01254 8.46402
v 3.00000 -1.41109 5.93454
v 3.00000 -1.66555 7.00471
v 3.00000 -2.76018 6.64992
v 0.00000 -3.75691 9.05128
v 0.00000 -2.26700 9.53419
v 3.00000 -1.41109 5.93454
v 0.00000 -2.01254 8.46402
v 0.00000 -3.33522 8.03532
v 3.00000 -2.33849 5.63396
v 3.00000 -2.76018 6.64992
v 3.00000 -3.78431 6.12528
v 0.00000 -5.15086 8.33718
v 0.00000 -3.75691 9.05128
v 3.00000 -2.33849 5.63396
v 0.00000 -3.33522 8.03532
v 0.00000 -4.57270 7.40138
v 3.00000 -3.20615 5.18947
v 3.00000 -3.78431 6.12528
v 3.00000 -4.71178 5.44418
v -0.00000 -6.41325 7.41014
v 0.00000 -5.15086 8.33718
v 3.00000 -3.20615 5.18947
v 0.00000 -4.57270 7.40138
v -0.00000 -5.69340 6.57839
v 3.00000 -3.99192 4.61243
v 3.00000 -4.71178 5.44418
v 3.00000 -5.51890 4.62404
v -0.00000 -7.51183 6.29383
v -0.00000 -6.41325 7.41014
v 3.00000 -3.99192 4.61243
v -0.00000 -5.69340 6.57839
v -0.00000 -6.66867 5.58738
v 3.00000 -4.67574 3.91759
v 3.00000 -5.51890 4.62404
v 3.00000 -6.18506 3.68579
v -0.00000 -8.41855 5.01677
v -0.00000 -7.51183 6.29383
v 3.00000 -4.67574 3.91759
v -0.00000 -6.66867 5.58738
v -0.00000 -7.47361 4.45366
v 3.00000 -5.24012 3.12268
v 3.00000 -6.18506 3.68579
v 3.00000 -6.69324 2.65339
v -0.00000 -9.11025 3.61157
v -0.00000 -8.41855 5.01677
v 3.00000 -5.24012 3.12268
v -0.00000 -7.47361 4.45366
v -0.00000 -8.08767 3.20619
v 3.00000 -5.67067 2.24801
v 3.00000 -6.69324 2.65339
v 3.00000 -7.03047 1.55323
v -0.00001 -9.56925 2.11412
v -0.00000 -9.11025 3.61157
v 3.00000 -5.67067 2.24801
v -0.00000 -8.08767 3.20619
v -0.00000 -8.49515 1.87682
v 3.00000 -5.95637 1.31593
v 3.00000 -7.03047 1.55323
v 3.00000 -7.18812 0.41339
v -0.00001 -9.78383 0.56267
v -0.00001 -9.56925 2.11412
v 3.00000 -5.95637 1.31593
v -0.00000 -8.49515 1.87682
v -0.00001 -8.68565 0.49952
v 3.00000 -6.08994 0.35023
v 3.00000 -7.18812 0.41339
v 2.99999 -7.16218 -0.73701
v -0.00001 -9.74852 -1.00315
v -0.00001 -9.78383 0.56267
v 3.00000 -6.08994 0.35023
v -0.00001 -8.68565 0.49952
v -0.00001 -8.65430 -0.89055
v 3.00000 -6.06796 -0.62441
v 2.99999 -7.16218 -0.73701
v 2.99999 -6.95330 -1.86858
v -0.00001 -9.46422 -2.54334
v -0.00001 -9.74852 -1.00315
v 3.00000 -6.06796 -0.62441
v -0.00001 -8.65430 -0.89055
v -0.00001 -8.40191 -2.25786
v 3.00000 -5.89099 -1.58310
v 2.99999 -6.95330 -1.86858
v 2.99999 -6.56683 -2.95242
v -0.00001 -8.93818 -4.01857
v -0.00001 -9.46422 -2.54334
v 3.00000 -5.89099 -1.58310
v -0.00001 -8.40191 -2.25786
v -0.00001 -7.93491 -3.56751
v 2.99999 -5.56356 -2.50136
v 2.99999 -6.56683 -2.95242
v 2.99999 -6.01262 -3.96086
v -0.00001 -8.18384 -5.39117
v -0.00001 -8.93818 -4.01857
v 2.99999 -5.56356 -2.50136
v -0.00001 -7.93491 -3.56751
v -0.00001 -7.26525 -4.78604
v 2.99999 -5.09403 -3.35573
v 2.99999 -6.01262 -3.96086
v 2.99999 -5.30484 -4.86813
v -0.00001 -7.22048 -6.62606
v -0.00001 -8.18384 -5.39117
v 2.99999 -5.09403 -3.35573
v -0.00001 -7.26525 -4.78604
v -0.00001 -6.41002 -5.88232
v 2.99999 -4.49438 -4.12439
v 2.99999 -5.30484 -4.86813
v 2.99999 -4.46157 -5.65105
v -0.00001 -6.07269 -7.69171
v -0.00001 -7.22048 -6.62606
v 2.99999 -4.49438 -4.12439
v -0.00001 -6.41002 -5.88232
v -0.00001 -5.39106 -6.82836
v 2.99999 -3.77994 -4.78770
v 2.99999 -4.46157 -5.65105
v 2.99999 -3.50434 -6.28964
v -0.00001 -4.76979 -8.56090
v -0.00001 -6.07269 -7.69171
v 2.99999 -3.77994 -4.78770
v -0.00001 -5.39106 -6.82836
v -0.00001 -4.23441 -7.59999
v 3.00000 -2.96896 -5.32873
v 2.99999 -3.50434 -6.28964
v 2.99999 -2.45760 -6.76759
v -0.00001 -3.34507 -9.21143
v -0.00001 -4.76979 -8.56090
v 3.00000 -2.96896 -5.32873
v -0.00001 -4.23441 -7.59999
v -0.00001 -2.96960 -8.17750
v 3.00000 -2.08214 -5.73365
v 2.99999 -2.45760 -6.76759
v 3.00000 -1.34810 -7.07267
v -0.00001 -1.83491 -9.62669
v -0.00001 -3.34507 -9.21143
v 3.00000 -2.08214 -5.73365
v -0.00001 -2.96960 -8.17750
v -0.00001 -1.62895 -8.54614
v 3.00000 -1.14214 -5.99212
v 3.00000 -1.34810 -7.07267
v 3.00000 -0.20415 -7.19711
v -0.00001 -0.27787 -9.79606
v -0.00001 -1.83491 -9.62669
v 3.00000 -1.14214 -5.99212
v -0.00001 -1.62895 -8.54614
v -0.00000 -0.24668 -8.69650
v 3.00000 -0.17296 -6.09755
v 3.00000 -0.20415 -7.19711
v 3.00000 0.94500 -7.13772
v -0.00000 1.28625 -9.71522
v -0.00001 -0.27787 -9.79606
v 3.00000 -0.17296 -6.09755
v -0.00000 -0.24668 -8.69650
v -0.00000 1.14188 -8.62474
v 3.00000 0.80062 -6.04723
v 3.00000 0.94500 -7.13772
v 3.00000 2.07002 -6.89602
v -0.00000 2.81753 -9.38624
v -0.00000 1.28625 -9.71522
v 3.00000 0.80062 -6.04723
v -0.00000 1.14188 -8.62474
v -0.00000 2.50128 -8.33268
v 3.00000 1.75377 -5.84246
v 0.00001 3.87501 9.00135
v 0.00001 2.39154 9.50371
v -3.99999 2.59805 10.47564
v -3.99999 4.20213 9.92379
v 0.00001 3.44006 7.99099
v -3.99999 3.76718 8.91343
v -3.99999 2.32961 9.40889
v 0.00001 2.12311 8.43697
v 0.00001 2.39154 9.50371
v 0.00001 0.84699 9.76333
v -3.99999 0.92762 10.75992
v -3.99999 2.59805 10.47564
v 0.00001 2.12311 8.43697
v -3.99999 2.32961 9.40889
v -3.99999 0.83255 9.66404
v 0.00001 0.75192 8.66745
v 0.00001 0.84699 9.76333
v 0.00000 -0.71919 9.77357
v -3.99999 -0.76651 10.76938
v -3.99999 0.92762 10.75992
v 0.00001 0.75192 8.66745
v -3.99999 0.83255 9.66404
v -4.00000 -0.68578 9.67235
v 0.00000 -0.63846 8.67654
v 0.00000 -0.71919 9.77357
v 0.00000 -2.26700 9.53419
v -4.00000 -2.44106 10.50377
v -3.99999 -0.76651 10.76938
v 0.00000 -0.63846 8.67654
v -4.00000 -0.68578 9.67235
v -4.00000 -2.18660 9.43361
v 0.00000 -2.01254 8.46402
v 0.00000 -2.26700 9.53419
v 0.00000 -3.75691 9.05128
v -4.00000 -4.05326 9.96988
v -4.00000 -2.44106 10.50377
v 0.00000 -2.01254 8.46402
v -4.00000 -2.18660 9.43361
v -4.00000 -3.63156 8.95392
v 0.00000 -3.33522 8.03532
v 0.00000 -3.75691 9.05128
v 0.00000 -5.15086 8.33718
v -4.00000 -5.56193 9.18133
v -4.00000 -4.05326 9.96988
v 0.00000 -3.33522 8.03532
v -4.00000 -3.63156 8.95392
v -4.00000 -4.98377 8.24553
v 0.00000 -4.57270 7.40138
v 0.00000 -5.15086 8.33718
v -0.00000 -6.41325 7.41014
v -4.00000 -6.92854 8.15828
v -4.00000 -5.56193 9.18133
v 0.00000 -4.57270 7.40138
v -4.00000 -4.98377 8.24553
v -4.00000 -6.20869 7.32653
v -0.00000 -5.69340 6.57839
v -0.00000 -6.41325 7.41014
v -0.00000 -7.51183 6.29383
v -4.00000 -8.11819 6.92685
v -4.00000 -6.92854 8.15828
v -0.00000 -5.69340 6.57839
v -4.00000 -6.20869 7.32653
v -4.00000 -7.27502 6.22040
v -0.00000 -6.66867 5.58738
v -0.00000 -7.51183 6.29383
v -0.00000 -8.41855 5.01677
v -4.00000 -9.10048 5.51850
v -4.00000 -8.11819 6.92685
v -0.00000 -6.66867 5.58738
v -4.00000 -7.27502 6.22040
v -4.00000 -8.15554 4.95539
v -0.00000 -7.47361 4.45366
v -0.00000 -8.41855 5.01677
v -0.00000 -9.11025 3.61157
v -4.00000 -9.85033 3.96920
v -4.00000 -9.10048 5.51850
v -0.00000 -7.47361 4.45366
v -4.00000 -8.15554 4.95539
v -4.00000 -8.82775 3.56382
v -0.00000 -8.08767 3.20619
v -0.00000 -9.11025 3.61157
v -0.00001 -9.56925 2.11412
v -4.00001 -10.34858 2.31851
v -4.00000 -9.85033 3.96920
v -0.00000 -8.08767 3.20619
v -4.00000 -8.82775 3.56382
v -4.00000 -9.27448 2.08121
v -0.00000 -8.49515 1.87682
v -0.00001 -9.56925 2.11412
v -0.00001 -9.78383 0.56267
v -4.00001 -10.58251 0.60861
v -4.00001 -10.34858 2.31851
v -0.00000 -8.49515 1.87682
v -4.00000 -9.27448 2.08121
v -4.00001 -9.48433 0.54545
v -0.00001 -8.68565 0.49952
v -0.00001 -9.78383 0.56267
v -0.00001 -9.74852 -1.00315
v -4.00001 -10.54615 -1.11684
v -4.00001 -10.58251 0.60861
v -0.00001 -8.68565 0.49952
v -4.00001 -9.48433 0.54545
v -4.00001 -9.45193 -1.00424
v -0.00001 -8.65430 -0.89055
v -0.00001 -9.74852 -1.00315
v -0.00001 -9.46422 -2.54334
v -4.00001 -10.24042 -2.81376
v -4.00001 -10.54615 -1.11684
v -0.00001 -8.65430 -0.89055
v -4.00001 -9.45193 -1.00424
v -4.00001 -9.17811 -2.52829
v -0.00001 -8.40191 -2.25786
v -0.00001 -9.46422 -2.54334
v -0.00001 -8.93818 -4.01857
v -4.00001 -9.67313 -4.43882
v -4.00001 -10.24042 -2.81376
v -0.00001 -8.40191 -2.25786
v -4.00001 -9.17811 -2.52829
v -4.00001 -8.66986 -3.98775
v -0.00001 -7.93491 -3.56751
v -0.00001 -8.93818 -4.01857
v -0.00001 -8.18384 -5.39117
v -4.00001 -8.85877 -5.95050
v -4.00001 -9.67313 -4.43882
v -0.00001 -7.93491 -3.56751
v -4.00001 -8.66986 -3.98775
v -4.00001 -7.94017 -5.34537
v -0.00001 -7.26525 -4.78604
v -0.00001 -8.18384 -5.39117
v -0.00001 -7.22048 -6.62606
v -4.00001 -7.81814 -7.31019
v -4.00001 -8.85877 -5.95050
v -0.00001 -7.26525 -4.78604
v -4.00001 -7.94017 -5.34537
v -4.00001 -7.00768 -6.56645
v -0.00001 -6.41002 -5.88232
v -0.00001 -7.22048 -6.62606
v -0.00001 -6.07269 -7.69171
v -4.00001 -6.57783 -8.48316
v -4.00001 -7.81814 -7.31019
v -0.00001 -6.41002 -5.88232
v -4.00001 -7.00768 -6.56645
v -4.00001 -5.89620 -7.61981
v -0.00001 -5.39106 -6.82836
v -0.00001 -6.07269 -7.69171
v -0.00001 -4.76979 -8.56090
v -4.00001 -5.16950 -9.43947
v -4.00001 -6.57783 -8.48316
v -0.00001 -5.39106 -6.82836
v -4.00001 -5.89620 -7.61981
v -4.00001 -4.63411 -8.47855
v -0.00001 -4.23441 -7.59999
v -0.00001 -4.76979 -8.56090
v -0.00001 -3.34507 -9.21143
v -4.00001 -3.62914 -10.15467
v -4.00001 -5.16950 -9.43947
v -0.00001 -4.23441 -7.59999
v -4.00001 -4.63411 -8.47855
v -4.00001 -3.25367 -9.12073
v -0.00001 -2.96960 -8.17750
v -0.00001 -3.34507 -9.21143
v -0.00001 -1.83491 -9.62669
v -4.00001 -1.99608 -10.61050
v -4.00001 -3.62914 -10.15467
v -0.00001 -2.96960 -8.17750
v -4.00001 -3.25367 -9.12073
v -4.00001 -1.79012 -9.52995
v -0.00001 -1.62895 -8.54614
v -0.00001 -1.83491 -9.62669
v -0.00001 -0.27787 -9.79606
v -4.00001 -0.31203 -10.79532
v -4.00001 -1.99608 -10.61050
v -0.00001 -1.62895 -8.54614
v -4.00001 -1.79012 -9.52995
v -4.00001 -0.28084 -9.69576
v -0.00000 -0.24668 -8.69650
v -0.00001 -0.27787 -9.79606
v -0.00000 1.28625 -9.71522
v -4.00000 1.37998 -10.70441
v -4.00001 -0.31203 -10.79532
v -0.00000 -0.24668 -8.69650
v -4.00001 -0.28084 -9.69576
v -4.00000 1.23560 -9.61393
v -0.00000 1.14188 -8.62474
v -0.00000 1.28625 -9.71522
v -0.00000 2.81753 -9.38624
v -4.00000 3.03674 -10.34009
v -4.00000 1.37998 -10.70441
v -0.00000 1.14188 -8.62474
v -4.00000 1.23560 -9.61393
v -4.00000 2.72049 -9.28653
v -0.00000 2.50128 -8.33268
v -3.99999 4.20213 9.92379
v -3.99999 2.59805 10.47564
v -9.99999 2.39155 9.50372
v -9.99999 3.87501 9.00136
v -3.99999 3.76718 8.91343
v -9.99999 3.44006 7.99100
v -9.99999 2.12311 8.43697
v -3.99999 2.32961 9.40889
v -3.99999 2.59805 10.47564
v -3.99999 0.92762 10.75992
v -9.99999 0.84700 9.76333
v -9.99999 2.39155 9.50372
v -3.99999 2.32961 9.40889
v -9.99999 2.12311 8.43697
v -10.00000 0.75193 8.66745
v -3.99999 0.83255 9.66404
v -3.99999 0.92762 10.75992
v -3.99999 -0.76651 10.76938
v -10.00000 -0.71918 9.77358
v -9.99999 0.84700 9.76333
v -3.99999 0.83255 9.66404
v -10.00000 0.75193 8.66745
v -10.00000 -0.63846 8.67655
v -4.00000 -0.68578 9.67235
v -3.99999 -0.76651 10.76938
v -4.00000 -2.44106 10.50377
v -10.00000 -2.26699 9.53419
v -10.00000 -0.71918 9.77358
v -4.00000 -0.68578 9.67235
v -10.00000 -0.63846 8.67655
v -10.00000 -2.01253 8.46403
v -4.00000 -2.18660 9.43361
v -4.00000 -2.44106 10.50377
v -4.00000 -4.05326 9.96988
v -10.00000 -3.75690 9.05128
v -10.00000 -2.26699 9.53419
v -4.00000 -2.18660 9.43361
v -10.00000 -2.01253 8.46403
v -10.00000 -3.33521 8.03532
v -4.00000 -3.63156 8.95392
v -4.00000 -4.05326 9.96988
v -4.00000 -5.56193 9.18133
v -10.00000 -5.15086 8.33719
v -10.00000 -3.75690 9.05128
v -4.00000 -3.63156 8.95392
v -10.00000 -3.33521 8.03532
v -10.00000 -4.57270 7.40138
v -4.00000 -4.98377 8.24553
v -4.00000 -5.56193 9.18133
v -4.00000 -6.92854 8.15828
v -10.00000 -6.41324 7.41015
v -10.00000 -5.15086 8.33719
v -4.00000 -4.98377 8.24553
v -10.00000 -4.57270 7.40138
v -10.00000 -5.69339 6.57840
v -4.00000 -6.20869 7.32653
v -4.00000 -6.92854 8.15828
v -4.00000 -8.11819 6.92685
v -10.00000 -7.51183 6.29384
v -10.00000 -6.41324 7.41015
v -4.00000 -6.20869 7.32653
v -10.00000 -5.69339 6.57840
v -10.00000 -6.66866 5.58739
v -4.00000 -7.27502 6.22040
v -4.00000 -8.11819 6.92685
v -4.00000 -9.10048 5.51850
v -10.00000 -8.41855 5.01677
v -10.00000 -7.51183 6.29384
v -4.00000 -7.27502 6.22040
v -10.00000 -6.66866 5.58739
v -10.00000 -7.47361 4.45367
v -4.00000 -8.15554 4.95539
v -4.00000 -9.10048 5.51850
v -4.00000 -9.85033 3.96920
v -10.00000 -9.11024 3.61157
v -10.00000 -8.41855 5.01677
v -4.00000 -8.15554 4.95539
v -10.00000 -7.47361 4.45367
v -10.00000 -8.08766 3.20619
v -4.00000 -8.82775 3.56382
v -4.00000 -9.85033 3.96920
v -4.00001 -10.34858 2.31851
v -10.00000 -9.56924 2.11412
v -10.00000 -9.11024 3.61157
v -4.00000 -8.82775 3.56382
v -10.00000 -8.08766 3.20619
v -10.00000 -8.49514 1.87682
v -4.00000 -9.27448 2.08121
v -4.00001 -10.34858 2.31851
v -4.00001 -10.58251 0.60861
v -10.00001 -9.78383 0.56268
v -10.00000 -9.56924 2.11412
v -4.00000 -9.27448 2.08121
v -10.00000 -8.49514 1.87682
v -10.00001 -8.68564 0.49952
v -4.00001 -9.48433 0.54545
v -4.00001 -10.58251 0.60861
v -4.00001 -10.54615 -1.11684
v -10.00001 -9.74852 -1.00314
v -10.00001 -9.78383 0.56268
v -4.00001 -9.48433 0.54545
v -10.00001 -8.68564 0.49952
v -10.00001 -8.65429 -0.89054
v -4.00001 -9.45193 -1.00424
v -4.00001 -10.54615 -1.11684
v -4.00001 -10.24042 -2.81376
v -10.00001 -9.46421 -2.54333
v -10.00001 -9.74852 -1.00314
v -4.00001 -9.45193 -1.00424
v -10.00001 -8.65429 -0.89054
v -10.00001 -8.40190 -2.25786
v -4.00001 -9.17811 -2.52829
v -4.00001 -10.24042 -2.81376
v -4.00001 -9.67313 -4.43882
v -10.00001 -8.93817 -4.01857
v -10.00001 -9.46421 -2.54333
v -4.00001 -9.17811 -2.52829
v -10.00001 -8.40190 -2.25786
v -10.00001 -7.93491 -3.56750
v -4.00001 -8.66986 -3.98775
v -4.00001 -9.67313 -4.43882
v -4.00001 -8.85877 -5.95050
v -10.00001 -8.18384 -5.39116
v -10.00001 -8.93817 -4.01857
v -4.00001 -8.66986 -3.98775
v -10.00001 -7.93491 -3.56750
v -10.00001 -7.26524 -4.78603
v -4.00001 -7.94017 -5.34537
v -4.00001 -8.85877 -5.95050
v -4.00001 -7.81814 -7.31019
v -10.00001 -7.22047 -6.62605
v -10.00001 -8.18384 -5.39116
v -4.00001 -7.94017 -5.34537
v -10.00001 -7.26524 -4.78603
v -10.00001 -6.41001 -5.88231
v -4.00001 -7.00768 -6.56645
v -4.00001 -7.81814 -7.31019
v -4.00001 -6.57783 -8.48316
v -10.00001 -6.07268 -7.69171
v -10.00001 -7.22047 -6.62605
v -4.00001 -7.00768 -6.56645
v -10.00001 -6.41001 -5.88231
v -10.00001 -5.39106 -6.82835
v -4.00001 -5.89620 -7.61981
v -4.00001 -6.57783 -8.48316
v -4.00001 -5.16950 -9.43947
v -10.00001 -4.76979 -8.56090
v -10.00001 -6.07268 -7.69171
v -4.00001 -5.89620 -7.61981
v -10.00001 -5.39106 -6.82835
v -10.00001 -4.23440 -7.59998
v -4.00001 -4.63411 -8.47855
v -4.00001 -5.16950 -9.43947
v -4.00001 -3.62914 -10.15467
v -10.00001 -3.34506 -9.21143
v -10.00001 -4.76979 -8.56090
v -4.00001 -4.63411 -8.47855
v -10.00001 -4.23440 -7.59998
v -10.00001 -2.96960 -8.17749
v -4.00001 -3.25367 -9.12073
v -4.00001 -3.62914 -10.15467
v -4.00001 -1.99608 -10.61050
v -10.00001 -1.83490 -9.62668
v -10.00001 -3.34506 -9.21143
v -4.00001 -3.25367 -9.12073
v -10.00001 -2.96960 -8.17749
v -10.00001 -1.62894 -8.54614
v -4.00001 -1.79012 -9.52995
v -4.00001 -1.99608 -10.61050
v -4.00001 -0.31203 -10.79532
v -10.00001 -0.27787 -9.79605
v -10.00001 -1.83490 -9.62668
v -4.00001 -1.79012 -9.52995
v -10.00001 -1.62894 -8.54614
v -10.00000 -0.24668 -8.69650
v -4.00001 -0.28084 -9.69576
v -4.00001 -0.31203 -10.79532
v -4.00000 1.37998 -10.70441
v -10.00000 1.28626 -9.71522
v -10.00001 -0.27787 -9.79605
v -4.00001 -0.28084 -9.69576
v -10.00000 -0.24668 -8.69650
v -10.00000 1.14188 -8.62473
v -4.00000 1.23560 -9.61393
v -4.00000 1.37998 -10.70441
v -4.00000 3.03674 -10.34009
v -10.00000 2.81753 -9.38624
v -10.00000 1.28626 -9.71522
v -4.00000 1.23560 -9.61393
v -10.00000 1.14188 -8.62473
v -10.00000 2.50128 -8.33268
v -4.00000 2.72049 -9.28653
v 3.00001 2.84694 6.61324
v 3.00000 2.41199 5.60288
v 3.00000 1.48861 5.91557
v 3.00000 1.75705 6.98232
v -9.99999 3.87501 9.00136
v -9.99999 2.39155 9.50372
v -9.99999 2.12311 8.43697
v -9.99999 3.44006 7.99100
v 3.00000 1.75705 6.98232
v 3.00000 1.48861 5.91557
v 3.00000 0.52721 6.07717
v 3.00000 0.62228 7.17306
v -9.99999 2.39155 9.50372
v -9.99999 0.84700 9.76333
v -10.00000 0.75193 8.66745
v -9.99999 2.12311 8.43697
v 3.00000 0.62228 7.17306
v 3.00000 0.52721 6.07717
v 3.00000 -0.44766 6.08355
v 3.00000 -0.52838 7.18058
v -9.99999 0.84700 9.76333
v -10.00000 -0.71918 9.77358
v -10.00000 -0.63846 8.67655
v -10.00000 0.75193 8.66745
v 3.00000 -0.52838 7.18058
v 3.00000 -0.44766 6.08355
v 3.00000 -1.41109 5.93454
v 3.00000 -1.66555 7.00471
v -10.00000 -0.71918 9.77358
v -10.00000 -2.26699 9.53419
v -10.00000 -2.01253 8.46403
v -10.00000 -0.63846 8.67655
v 3.00000 -1.66555 7.00471
v 3.00000 -1.41109 5.93454
v 3.00000 -2.33849 5.63396
v 3.00000 -2.76018 6.64992
v -10.00000 -2.26699 9.53419
v -10.00000 -3.75690 9.05128
v -10.00000 -3.33521 8.03532
v -10.00000 -2.01253 8.46403
v 3.00000 -2.76018 6.64992
v 3.00000 -2.33849 5.63396
v 3.00000 -3.20615 5.18947
v 3.00000 -3.78431 6.12528
v -10.00000 -3.75690 9.05128
v -10.00000 -5.15086 8.33719
v -10.00000 -4.57270 7.40138
v -10.00000 -3.33521 8.03532
v 3.00000 -3.78431 6.12528
v 3.00000 -3.20615 5.18947
v 3.00000 -3.99192 4.61243
v 3.00000 -4.71178 5.44418
v -10.00000 -5.15086 8.33719
v -10.00000 -6.41324 7.41015
v -10.00000 -5.69339 6.57840
v -10.00000 -4.57270 7.40138
v 3.00000 -4.71178 5.44418
v 3.00000 -3.99192 4.61243
v 3.00000 -4.67574 3.91759
v 3.00000 -5.51890 4.62404
v -10.00000 -6.41324 7.41015
v -10.00000 -7.51183 6.29384
v -10.00000 -6.66866 5.58739
v -10.00000 -5.69339 6.57840
v 3.00000 -5.51890 4.62404
v 3.00000 -4.67574 3.91759
v 3.00000 -5.24012 3.12268
v 3.00000 -6.18506 3.68579
v -10.00000 -7.51183 6.29384
v -10.00000 -8.41855 5.01677
v -10.00000 -7.47361 4.45367
v -10.00000 -6.66866 5.58739
v 3.00000 -6.18506 3.68579
v 3.00000 -5.24012 3.12268
v 3.00000 -5.67067 2.24801
v 3.00000 -6.69324 2.65339
v -10.00000 -8.41855 5.01677
v -10.00000 -9.11024 3.61157
v -10.00000 -8.08766 3.20619
v -10.00000 -7.47361 4.45367
v 3.00000 -6.69324 2.65339
v 3.00000 -5.67067 2.24801
v 3.00000 -5.95637 1.31593
v 3.00000 -7.03047 1.55323
v -10.00000 -9.11024 3.61157
v -10.00000 -9.56924 2.11412
v -10.00000 -8.49514 1.87682
v -10.00000 -8.08766 3.20619
v 3.00000 -7.03047 1.55323
v 3.00000 -5.95637 1.31593
v 3.00000 -6.08994 0.35023
v 3.00000 -7.18812 0.41339
v -10.00000 -9.56924 2.11412
v -10.00001 -9.78383 0.56268
v -10.00001 -8.68564 0.49952
v -10.00000 -8.49514 1.87682
v 3.00000 -7.18812 0.41339
v 3.00000 -6.08994 0.35023
v 3.00000 -6.06796 -0.62441
v 2.99999 -7.16218 -0.73701
v -10.00001 -9.78383 0.56268
v -10.00001 -9.74852 -1.00314
v -10.00001 -8.65429 -0.89054
v -10.00001 -8.68564 0.49952
v 2.99999 -7.16218 -0.73701
v 3.00000 -6.06796 -0.62441
v 3.00000 -5.89099 -1.58310
v 2.99999 -6.95330 -1.86858
v -10.00001 -9.74852 -1.00314
v -10.00001 -9.46421 -2.54333
v -10.00001 -8.40190 -2.25786
v -10.00001 -8.65429 -0.89054
v 2.99999 -6.95330 -1.86858
v 3.00000 -5.89099 -1.58310
v 2.99999 -5.56356 -2.50136
v 2.99999 -6.56683 -2.95242
v -10.00001 -9.46421 -2.54333
v -10.00001 -8.93817 -4.01857
v -10.00001 -7.93491 -3.56750
v -10.00001 -8.40190 -2.25786
v 2.99999 -6.56683 -2.95242
v 2.99999 -5.56356 -2.50136
v 2.99999 -5.09403 -3.35573
v 2.99999 -6.01262 -3.96086
v -10.00001 -8.93817 -4.01857
v -10.00001 -8.18384 -5.39116
v -10.00001 -7.26524 -4.78603
v -10.00001 -7.93491 -3.56750
v 2.99999 -6.01262 -3.96086
v 2.99999 -5.09403 -3.35573
v 2.99999 -4.49438 -4.12439
v 2.99999 -5.30484 -4.86813
v -10.00001 -8.18384 -5.39116
v -10.00001 -7.22047 -6.62605
v -10.00001 -6.41001 -5.88231
v -10.00001 -7.26524 -4.78603
v 2.99999 -5.30484 -4.86813
v 2.99999 -4.49438 -4.12439
v 2.99999 -3.77994 -4.78770
v 2.99999 -4.46157 -5.65105
v -10.00001 -7.22047 -6.62605
v -10.00001 -6.07268 -7.69171
v -10.00001 -5.39106 -6.82835
v -10.00001 -6.41001 -5.88231
v 2.99999 -4.46157 -5.65105
v 2.99999 -3.77994 -4.78770
v 3.00000 -2.96896 -5.32873
v 2.99999 -3.50434 -6.28964
v -10.00001 -6.07268 -7.69171
v -10.00001 -4.76979 -8.56090
v -10.00001 -4.23440 -7.59998
v -10.00001 -5.39106 -6.82835
v 2.99999 -3.50434 -6.28964
v 3.00000 -2.96896 -5.32873
v 3.00000 -2.08214 -5.73365
v 2.99999 -2.45760 -6.76759
v -10.00001 -4.76979 -8.56090
v -10.00001 -3.34506 -9.21143
v -10.00001 -2.96960 -8.17749
v -10.00001 -4.23440 -7.59998
v 2.99999 -2.45760 -6.76759
v 3.00000 -2.08214 -5.73365
v 3.00000 -1.14214 -5.99212
v 3.00000 -1.34810 -7.07267
v -10.00001 -3.34506 -9.21143
v -10.00001 -1.83490 -9.62668
v -10.00001 -1.62894 -8.54614
v -10.00001 -2.96960 -8.17749
v 3.00000 -1.34810 -7.07267
v 3.00000 -1.14214 -5.99212
v 3.00000 -0.17296 -6.09755
v 3.00000 -0.20415 -7.19711
v -10.00001 -1.83490 -9.62668
v -10.00001 -0.27787 -9.79605
v -10.00000 -0.24668 -8.69650
v -10.00001 -1.62894 -8.54614
v 3.00000 -0.20415 -7.19711
v 3.00000 -0.17296 -6.09755
v 3.00000 0.80062 -6.04723
v 3.00000 0.94500 -7.13772
v -10.00001 -0.27787 -9.79605
v -10.00000 1.28626 -9.71522
v -10.00000 1.14188 -8.62473
v -10.00000 -0.24668 -8.69650
v 3.00000 0.94500 -7.13772
v 3.00000 0.80062 -6.04723
v 3.00000 1.75377 -5.84246
v 3.00000 2.07002 -6.89602
v -10.00000 1.28626 -9.71522
v -10.00000 2.81753 -9.38624
v -10.00000 2.50128 -8.33268
v -10.00000 1.14188 -8.62473
v 3.00001 2.84694 6.61324
v 0.00001 3.87501 9.00135
v 0.00001 3.44006 7.99099
v 3.00000 2.41199 5.60288
v 3.00000 1.75377 -5.84246
v -0.00000 2.50128 -8.33268
v -0.00000 2.81753 -9.38624
v 3.00000 2.07002 -6.89602
v 0.00001 3.87501 9.00135
v -3.99999 4.20213 9.92379
v -3.99999 3.76718 8.91343
v 0.00001 3.44006 7.99099
v -0.00000 2.50128 -8.33268
v -4.00000 2.72049 -9.28653
v -4.00000 3.03674 -10.34009
v -0.00000 2.81753 -9.38624
v -3.99999 4.20213 9.92379
v -9.99999 3.87501 9.00136
v -9.99999 3.44006 7.99100
v -3.99999 3.76718 8.91343
v -4.00000 2.72049 -9.28653
v -10.00000 2.50128 -8.33268
v -10.00000 2.81753 -9.38624
v -4.00000 3.03674 -10.34009
v -2.57000 -10.38443 4.05292
v -7.59200 -10.39631 3.84626
v -9.05001 -10.47158 2.53742
v -9.05001 -10.69343 -1.32020
v -7.59201 -10.76871 -2.62904
v -2.57001 -10.78060 -2.83570
v -0.95001 -10.70929 -1.59575
v -0.95001 -10.45574 2.81296
v -1.39551 -10.86902 2.59345
v -1.39551 -11.09468 -1.33031
v -2.83731 -11.15815 -2.43386
v -7.30689 -11.14757 -2.24993
v -8.60451 -11.08057 -1.08507
v -8.60451 -10.88312 2.34822
v -7.30689 -10.81613 3.51308
v -2.83731 -10.80556 3.69701
v -0.95001 -10.45574 2.81296
v -0.95001 -10.70929 -1.59575
v -0.95001 -10.95887 -1.58140
v -0.95001 -10.70533 2.82732
v -0.95001 -10.70533 2.82732
v -0.95001 -10.95887 -1.58140
v -1.39551 -11.09468 -1.33031
v -1.39551 -10.86902 2.59345
v -0.95001 -10.70929 -1.59575
v -2.57001 -10.78060 -2.83570
v -2.57001 -11.03018 -2.82135
v -0.95001 -10.95887 -1.58140
v -0.95001 -10.95887 -1.58140
v -2.57001 -11.03018 -2.82135
v -2.83731 -11.15815 -2.43386
v -1.39551 -11.09468 -1.33031
v -2.57001 -10.78060 -2.83570
v -7.59201 -10.76871 -2.62904
v -7.59201 -11.01830 -2.61469
v -2.57001 -11.03018 -2.82135
v -2.57001 -11.03018 -2.82135
v -7.59201 -11.01830 -2.61469
v -7.30689 -11.14757 -2.24993
v -2.83731 -11.15815 -2.43386
v -7.59201 -10.76871 -2.62904
v -9.05001 -10.69343 -1.32020
v -9.05001 -10.94302 -1.30585
v -7.59201 -11.01830 -2.61469
v -7.59201 -11.01830 -2.61469
v -9.05001 -10.94302 -1.30585
v -8.60451 -11.08057 -1.08507
v -7.30689 -11.14757 -2.24993
v -9.05001 -10.69343 -1.32020
v -9.05001 -10.47158 2.53742
v -9.05001 -10.72117 2.55178
v -9.05001 -10.94302 -1.30585
v -9.05001 -10.94302 -1.30585
v -9.05001 -10.72117 2.55178
v -8.60451 -10.88312 2.34822
v -8.60451 -11.08057 -1.08507
v -9.05001 -10.47158 2.53742
v -7.59200 -10.39631 3.84626
v -7.59201 -10.64590 3.86061
v -9.05001 -10.72117 2.55178
v -9.05001 -10.72117 2.55178
v -7.59201 -10.64590 3.86061
v -7.30689 -10.81613 3.51308
v -8.60451 -10.88312 2.34822
v -7.59200 -10.39631 3.84626
v -2.57000 -10.38443 4.05292
v -2.57000 -10.63402 4.06727
v -7.59201 -10.64590 3.86061
v -7.59201 -10.64590 3.86061
v -2.57000 -10.63402 4.06727
v -2.83731 -10.80556 3.69701
v -7.30689 -10.81613 3.51308
v -2.57000 -10.38443 4.05292
v -0.95001 -10.45574 2.81296
v -0.95001 -10.70533 2.82732
v -2.57000 -10.63402 4.06727
v -2.57000 -10.63402 4.06727
v -0.95001 -10.70533 2.82732
v -1.39551 -10.86902 2.59345
v -2.83731 -10.80556 3.69701
v -8.15001 -10.71924 3.45616
v -8.15001 -11.04479 -2.20449
v -3.50001 -11.04479 -2.20449
v -1.25001 -10.88202 0.62583
v -3.50001 -10.71924 3.45616
v -3.66501 -11.13649 3.16779
v -1.66251 -11.28136 0.64880
v -3.66501 -11.42622 -1.87019
v -7.80351 -11.42622 -1.87019
v -7.80351 -11.13649 3.16779
v -8.15001 -10.71924 3.45616
v -8.15001 -11.04479 -2.20449
v -8.15001 -11.34429 -2.18726
v -8.15001 -11.01875 3.47338
v -7.80351 -11.13649 3.16779
v -7.80351 -11.42622 -1.87019
v -8.15001 -11.34429 -2.18726
v -8.15001 -11.01875 3.47338
v -8.15001 -11.04479 -2.20449
v -3.50001 -11.04479 -2.20449
v -3.50001 -11.34430 -2.18727
v -8.15001 -11.34429 -2.18726
v -7.80351 -11.42622 -1.87019
v -3.66501 -11.42622 -1.87019
v -3.50001 -11.34430 -2.18727
v -8.15001 -11.34429 -2.18726
v -3.50001 -11.04479 -2.20449
v -1.25001 -10.88202 0.62583
v -1.25001 -11.18152 0.64306
v -3.50001 -11.34430 -2.18727
v -3.66501 -11.42622 -1.87019
v -1.66251 -11.28136 0.64880
v -1.25001 -11.18152 0.64306
v -3.50001 -11.34430 -2.18727
v -1.25001 -10.88202 0.62583
v -3.50001 -10.71924 3.45616
v -3.50001 -11.01875 3.47338
v -1.25001 -11.18152 0.64306
v -1.66251 -11.28136 0.64880
v -3.66501 -11.13649 3.16779
v -3.50001 -11.01875 3.47338
v -1.25001 -11.18152 0.64306
v -3.50001 -10.71924 3.45616
v -8.15001 -10.71924 3.45616
v -8.15001 -11.01875 3.47338
v -3.50001 -11.01875 3.47338
v -3.66501 -11.13649 3.16779
v -7.80351 -11.13649 3.16779
v -8.15001 -11.01875 3.47338
v -3.50001 -11.01875 3.47338
v -7.14720 -11.50710 -0.48983
v -7.11283 -11.63921 -0.41126
v -5.03437 -11.69708 -1.41760
v -5.06874 -11.56498 -1.49617
v -7.11283 -11.63921 -0.41126
v -7.04411 -11.63107 -0.26978
v -4.96564 -11.68895 -1.27612
v -5.03437 -11.69708 -1.41760
v -7.04411 -11.63107 -0.26978
v -7.00974 -11.49083 -0.20687
v -4.93128 -11.54871 -1.21321
v -4.96564 -11.68895 -1.27612
v -7.00974 -11.49083 -0.20687
v -7.04411 -11.35872 -0.28544
v -4.96564 -11.41660 -1.29178
v -4.93128 -11.54871 -1.21321
v -7.04411 -11.35872 -0.28544
v -7.11283 -11.36686 -0.42692
v -5.03437 -11.42474 -1.43326
v -4.96564 -11.41660 -1.29178
v -7.11283 -11.36686 -0.42692
v -7.14720 -11.50710 -0.48983
v -5.06874 -11.56498 -1.49617
v -5.03437 -11.42474 -1.43326
v -7.11283 -11.36686 -0.42692
v -7.04411 -11.35872 -0.28544
v -7.00974 -11.49083 -0.20687
v -7.04411 -11.63107 -0.26978
v -7.11283 -11.63921 -0.41126
v -7.14720 -11.50710 -0.48983
v -5.06874 -11.56498 -1.49617
v -5.03437 -11.69708 -1.41760
v -4.96564 -11.68895 -1.27612
v -4.93128 -11.54871 -1.21321
v -4.96564 -11.41660 -1.29178
v -5.03437 -11.42474 -1.43326
v -7.23597 -11.38322 1.66432
v -7.15722 -11.51939 1.67216
v -7.15722 -11.63514 -0.34052
v -7.23597 -11.49897 -0.34835
v -7.15722 -11.51939 1.67216
v -6.99972 -11.51939 1.67216
v -6.99972 -11.63514 -0.34052
v -7.15722 -11.63514 -0.34052
v -6.99972 -11.51939 1.67216
v -6.92097 -11.38322 1.66432
v -6.92097 -11.49897 -0.34835
v -6.99972 -11.63514 -0.34052
v -6.92097 -11.38322 1.66432
v -6.99972 -11.24704 1.65649
v -6.99972 -11.36279 -0.35618
v -6.92097 -11.49897 -0.34835
v -6.99972 -11.24704 1.65649
v -7.15722 -11.24704 1.65649
v -7.15722 -11.36279 -0.35618
v -6.99972 -11.36279 -0.35618
v -7.15722 -11.24704 1.65649
v -7.23597 -11.38322 1.66432
v -7.23597 -11.49897 -0.34835
v -7.15722 -11.36279 -0.35618
v -7.15722 -11.24704 1.65649
v -6.99972 -11.24704 1.65649
v -6.92097 -11.38322 1.66432
v -6.99972 -11.51939 1.67216
v -7.15722 -11.51939 1.67216
v -7.23597 -11.38322 1.66432
v -7.23597 -11.49897 -0.34835
v -7.15722 -11.63514 -0.34052
v -6.99972 -11.63514 -0.34052
v -6.92097 -11.49897 -0.34835
v -6.99972 -11.36279 -0.35618
v -7.15722 -11.36279 -0.35618
v -5.06873 -11.31721 2.81214
v -5.03437 -11.45745 2.74923
v -7.11283 -11.51532 1.74290
v -7.14719 -11.37508 1.80580
v -5.03437 -11.45745 2.74923
v -4.96564 -11.46558 2.60775
v -7.04410 -11.52346 1.60142
v -7.11283 -11.51532 1.74290
v -4.96564 -11.46558 2.60775
v -4.93128 -11.33348 2.52918
v -7.00974 -11.39135 1.52284
v -7.04410 -11.52346 1.60142
v -4.93128 -11.33348 2.52918
v -4.96564 -11.19324 2.59209
v -7.04410 -11.25111 1.58575
v -7.00974 -11.39135 1.52284
v -4.96564 -11.19324 2.59209
v -5.03437 -11.18510 2.73357
v -7.11283 -11.24297 1.72723
v -7.04410 -11.25111 1.58575
v -5.03437 -11.18510 2.73357
v -5.06873 -11.31721 2.81214
v -7.14719 -11.37508 1.80580
v -7.11283 -11.24297 1.72723
v -5.03437 -11.18510 2.73357
v -4.96564 -11.19324 2.59209
v -4.93128 -11.33348 2.52918
v -4.96564 -11.46558 2.60775
v -5.03437 -11.45745 2.74923
v -5.06873 -11.31721 2.81214
v -7.14719 -11.37508 1.80580
v -7.11283 -11.51532 1.74290
v -7.04410 -11.52346 1.60142
v -7.00974 -11.39135 1.52284
v -7.04410 -11.25111 1.58575
v -7.11283 -11.24297 1.72723
v -2.85282 -11.37508 1.80580
v -2.88718 -11.51532 1.74289
v -4.96564 -11.45745 2.74923
v -4.93128 -11.31721 2.81214
v -2.88718 -11.51532 1.74289
v -2.95591 -11.52346 1.60141
v -5.03437 -11.46558 2.60775
v -4.96564 -11.45745 2.74923
v -2.95591 -11.52346 1.60141
v -2.99027 -11.39135 1.52284
v -5.06873 -11.33348 2.52918
v -5.03437 -11.46558 2.60775
v -2.99027 -11.39135 1.52284
v -2.95591 -11.25111 1.58575
v -5.03437 -11.19324 2.59209
v -5.06873 -11.33348 2.52918
v -2.95591 -11.25111 1.58575
v -2.88718 -11.24298 1.72723
v -4.96564 -11.18510 2.73357
v -5.03437 -11.19324 2.59209
v -2.88718 -11.24298 1.72723
v -2.85282 -11.37508 1.80580
v -4.93128 -11.31721 2.81214
v -4.96564 -11.18510 2.73357
v -2.88718 -11.24298 1.72723
v -2.95591 -11.25111 1.58575
v -2.99027 -11.39135 1.52284
v -2.95591 -11.52346 1.60141
v -2.88718 -11.51532 1.74289
v -2.85282 -11.37508 1.80580
v -4.93128 -11.31721 2.81214
v -4.96564 -11.45745 2.74923
v -5.03437 -11.46558 2.60775
v -5.06873 -11.33348 2.52918
v -5.03437 -11.19324 2.59209
v -4.96564 -11.18510 2.73357
v -2.76405 -11.49897 -0.34835
v -2.84280 -11.63514 -0.34052
v -2.84280 -11.51939 1.67215
v -2.76405 -11.38322 1.66432
v -2.84280 -11.63514 -0.34052
v -3.00030 -11.63514 -0.34052
v -3.00030 -11.51939 1.67215
v -2.84280 -11.51939 1.67215
v -3.00030 -11.63514 -0.34052
v -3.07905 -11.49897 -0.34835
v -3.07905 -11.38322 1.66432
v -3.00030 -11.51939 1.67215
v -3.07905 -11.49897 -0.34835
v -3.00030 -11.36279 -0.35618
v -3.00030 -11.24704 1.65649
v -3.07905 -11.38322 1.66432
v -3.00030 -11.36279 -0.35618
v -2.84280 -11.36279 -0.35618
v -2.84280 -11.24704 1.65649
v -3.00030 -11.24704 1.65649
v -2.84280 -11.36279 -0.35618
v -2.76405 -11.49897 -0.34835
v -2.76405 -11.38322 1.66432
v -2.84280 -11.24704 1.65649
v -2.84280 -11.36279 -0.35618
v -3.00030 -11.36279 -0.35618
v -3.07905 -11.49897 -0.34835
v -3.00030 -11.63514 -0.34052
v -2.84280 -11.63514 -0.34052
v -2.76405 -11.49897 -0.34835
v -2.76405 -11.38322 1.66432
v -2.84280 -11.51939 1.67215
v -3.00030 -11.51939 1.67215
v -3.07905 -11.38322 1.66432
v -3.00030 -11.24704 1.65649
v -2.84280 -11.24704 1.65649
v -4.93128 -11.56498 -1.49617
v -4.96564 -11.69708 -1.41760
v -2.88718 -11.63921 -0.41126
v -2.85282 -11.50710 -0.48983
v -4.96564 -11.69708 -1.41760
v -5.03437 -11.68895 -1.27612
v -2.95591 -11.63107 -0.26978
v -2.88718 -11.63921 -0.41126
v -5.03437 -11.68895 -1.27612
v -5.06874 -11.54871 -1.21321
v -2.99027 -11.49083 -0.20687
v -2.95591 -11.63107 -0.26978
v -5.06874 -11.54871 -1.21321
v -5.03437 -11.41660 -1.29178
v -2.95591 -11.35873 -0.28544
v -2.99027 -11.49083 -0.20687
v -5.03437 -11.41660 -1.29178
v -4.96564 -11.42474 -1.43326
v -2.88718 -11.36686 -0.42692
v -2.95591 -11.35873 -0.28544
v -4.96564 -11.42474 -1.43326
v -4.93128 -11.56498 -1.49617
v -2.85282 -11.50710 -0.48983
v -2.88718 -11.36686 -0.42692
v -4.96564 -11.42474 -1.43326
v -5.03437 -11.41660 -1.29178
v -5.06874 -11.54871 -1.21321
v -5.03437 -11.68895 -1.27612
v -4.96564 -11.69708 -1.41760
v -4.93128 -11.56498 -1.49617
v -2.85282 -11.50710 -0.48983
v -2.88718 -11.63921 -0.41126
v -2.95591 -11.63107 -0.26978
v -2.99027 -11.49083 -0.20687
v -2.95591 -11.35873 -0.28544
v -2.88718 -11.36686 -0.42692
v -4.92441 -11.55684 -1.35469
v -4.96221 -11.62221 -1.35093
v -4.96221 -11.50646 0.66174
v -4.92441 -11.44109 0.65799
v -4.96221 -11.62221 -1.35093
v -5.03781 -11.62221 -1.35093
v -5.03781 -11.50646 0.66174
v -4.96221 -11.50646 0.66174
v -5.03781 -11.62221 -1.35093
v -5.07561 -11.55684 -1.35469
v -5.07561 -11.44109 0.65799
v -5.03781 -11.50646 0.66174
v -5.07561 -11.55684 -1.35469
v -5.03781 -11.49148 -1.35845
v -5.03781 -11.37573 0.65423
v -5.07561 -11.44109 0.65799
v -5.03781 -11.49148 -1.35845
v -4.96221 -11.49148 -1.35845
v -4.96221 -11.37573 0.65423
v -5.03781 -11.37573 0.65423
v -4.96221 -11.49148 -1.35845
v -4.92441 -11.55684 -1.35469
v -4.92441 -11.44109 0.65799
v -4.96221 -11.37573 0.65423
v -4.96221 -11.49148 -1.35845
v -5.03781 -11.49148 -1.35845
v -5.07561 -11.55684 -1.35469
v -5.03781 -11.62221 -1.35093
v -4.96221 -11.62221 -1.35093
v -4.92441 -11.55684 -1.35469
v -4.92441 -11.44109 0.65799
v -4.96221 -11.50646 0.66174
v -5.03781 -11.50646 0.66174
v -5.07561 -11.44109 0.65799
v -5.03781 -11.37573 0.65423
v -4.96221 -11.37573 0.65423
v -5.35465 -11.60450 -1.51787
v -5.35465 -11.56860 -1.55910
v -5.40951 -11.55684 -1.35469
v -5.35465 -11.62219 -1.41431
v -5.35465 -11.60450 -1.51787
v -5.40951 -11.55684 -1.35469
v -5.35465 -11.61493 -1.28797
v -5.35465 -11.62219 -1.41431
v -5.40951 -11.55684 -1.35469
v -5.35465 -11.58547 -1.18712
v -5.35465 -11.61493 -1.28797
v -5.40951 -11.55684 -1.35469
v -5.35465 -11.54509 -1.15028
v -5.35465 -11.58547 -1.18712
v -5.40951 -11.55684 -1.35469
v -5.35465 -11.50919 -1.19151
v -5.35465 -11.54509 -1.15028
v -5.40951 -11.55684 -1.35469
v -5.35465 -11.49149 -1.29507
v -5.35465 -11.50919 -1.19151
v -5.40951 -11.55684 -1.35469
v -5.35465 -11.49876 -1.42140
v -5.35465 -11.49149 -1.29507
v -5.40951 -11.55684 -1.35469
v -5.35465 -11.52821 -1.52226
v -5.35465 -11.49876 -1.42140
v -5.40951 -11.55684 -1.35469
v -5.35465 -11.56860 -1.55910
v -5.35465 -11.52821 -1.52226
v -5.40951 -11.55684 -1.35469
v -5.35465 -11.60450 -1.51787
v -5.20476 -11.63938 -1.63732
v -5.20476 -11.57720 -1.70874
v -5.35465 -11.56860 -1.55910
v -5.35465 -11.62219 -1.41431
v -5.20476 -11.67003 -1.45795
v -5.20476 -11.63938 -1.63732
v -5.35465 -11.60450 -1.51787
v -5.35465 -11.61493 -1.28797
v -5.20476 -11.65745 -1.23913
v -5.20476 -11.67003 -1.45795
v -5.35465 -11.62219 -1.41431
v -5.35465 -11.58547 -1.18712
v -5.20476 -11.60643 -1.06445
v -5.20476 -11.65745 -1.23913
v -5.35465 -11.61493 -1.28797
v -5.35465 -11.54509 -1.15028
v -5.20476 -11.53648 -1.00064
v -5.20476 -11.60643 -1.06445
v -5.35465 -11.58547 -1.18712
v -5.35465 -11.50919 -1.19151
v -5.20476 -11.47430 -1.07205
v -5.20476 -11.53648 -1.00064
v -5.35465 -11.54509 -1.15028
v -5.35465 -11.49149 -1.29507
v -5.20476 -11.44365 -1.25143
v -5.20476 -11.47430 -1.07205
v -5.35465 -11.50919 -1.19151
v -5.35465 -11.49876 -1.42140
v -5.20476 -11.45624 -1.47024
v -5.20476 -11.44365 -1.25143
v -5.35465 -11.49149 -1.29507
v -5.35465 -11.52821 -1.52226
v -5.20476 -11.50725 -1.64492
v -5.20476 -11.45624 -1.47024
v -5.35465 -11.49876 -1.42140
v -5.35465 -11.56860 -1.55910
v -5.20476 -11.57720 -1.70874
v -5.20476 -11.50725 -1.64492
v -5.35465 -11.52821 -1.52226
v -5.20476 -11.63938 -1.63732
v -5.00001 -11.65215 -1.68105
v -5.00001 -11.58035 -1.76351
v -5.20476 -11.57720 -1.70874
v -5.20476 -11.67003 -1.45795
v -5.00001 -11.68754 -1.47392
v -5.00001 -11.65215 -1.68105
v -5.20476 -11.63938 -1.63732
v -5.20476 -11.65745 -1.23913
v -5.00001 -11.67301 -1.22126
v -5.00001 -11.68754 -1.47392
v -5.20476 -11.67003 -1.45795
v -5.20476 -11.60643 -1.06445
v -5.00001 -11.61411 -1.01956
v -5.00001 -11.67301 -1.22126
v -5.20476 -11.65745 -1.23913
v -5.20476 -11.53648 -1.00064
v -5.00001 -11.53333 -0.94586
v -5.00001 -11.61411 -1.01956
v -5.20476 -11.60643 -1.06445
v -5.20476 -11.47430 -1.07205
v -5.00001 -11.46153 -1.02833
v -5.00001 -11.53333 -0.94586
v -5.20476 -11.53648 -1.00064
v -5.20476 -11.44365 -1.25143
v -5.00001 -11.42614 -1.23545
v -5.00001 -11.46153 -1.02833
v -5.20476 -11.47430 -1.07205
v -5.20476 -11.45624 -1.47024
v -5.00001 -11.44067 -1.48812
v -5.00001 -11.42614 -1.23545
v -5.20476 -11.44365 -1.25143
v -5.20476 -11.50725 -1.64492
v -5.00001 -11.49958 -1.68982
v -5.00001 -11.44067 -1.48812
v -5.20476 -11.45624 -1.47024
v -5.20476 -11.57720 -1.70874
v -5.00001 -11.58035 -1.76351
v -5.00001 -11.49958 -1.68982
v -5.20476 -11.50725 -1.64492
v -5.00001 -11.65215 -1.68105
v -4.79526 -11.63938 -1.63732
v -4.79526 -11.57720 -1.70874
v -5.00001 -11.58035 -1.76351
v -5.00001 -11.68754 -1.47392
v -4.79526 -11.67003 -1.45795
v -4.79526 -11.63938 -1.63732
v -5.00001 -11.65215 -1.68105
v -5.00001 -11.67301 -1.22126
v -4.79526 -11.65745 -1.23913
v -4.79526 -11.67003 -1.45795
v -5.00001 -11.68754 -1.47392
v -5.00001 -11.61411 -1.01956
v -4.79526 -11.60643 -1.06446
v -4.79526 -11.65745 -1.23913
v -5.00001 -11.67301 -1.22126
v -5.00001 -11.53333 -0.94586
v -4.79526 -11.53648 -1.00064
v -4.79526 -11.60643 -1.06446
v -5.00001 -11.61411 -1.01956
v -5.00001 -11.46153 -1.02833
v -4.79526 -11.47430 -1.07205
v -4.79526 -11.53648 -1.00064
v -5.00001 -11.53333 -0.94586
v -5.00001 -11.42614 -1.23545
v -4.79526 -11.44365 -1.25143
v -4.79526 -11.47430 -1.07205
v -5.00001 -11.46153 -1.02833
v -5.00001 -11.44067 -1.48812
v -4.79526 -11.45624 -1.47024
v -4.79526 -11.44365 -1.25143
v -5.00001 -11.42614 -1.23545
v -5.00001 -11.49958 -1.68982
v -4.79526 -11.50725 -1.64492
v -4.79526 -11.45624 -1.47024
v -5.00001 -11.44067 -1.48812
v -5.00001 -11.58035 -1.76351
v -4.79526 -11.57720 -1.70874
v -4.79526 -11.50725 -1.64492
v -5.00001 -11.49958 -1.68982
v -4.79526 -11.63938 -1.63732
v -4.64537 -11.60450 -1.51787
v -4.64537 -11.56860 -1.55910
v -4.79526 -11.57720 -1.70874
v -4.79526 -11.67003 -1.45795
v -4.64537 -11.62219 -1.41431
v -4.64537 -11.60450 -1.51787
v -4.79526 -11.63938 -1.63732
v -4.79526 -11.65745 -1.23913
v -4.64537 -11.61493 -1.28797
v -4.64537 -11.62219 -1.41431
v -4.79526 -11.67003 -1.45795
v -4.79526 -11.60643 -1.06446
v -4.64537 -11.58547 -1.18712
v -4.64537 -11.61493 -1.28797
v -4.79526 -11.65745 -1.23913
v -4.79526 -11.53648 -1.00064
v -4.64537 -11.54509 -1.15028
v -4.64537 -11.58547 -1.18712
v -4.79526 -11.60643 -1.06446
v -4.79526 -11.47430 -1.07205
v -4.64537 -11.50919 -1.19151
v -4.64537 -11.54509 -1.15028
v -4.79526 -11.53648 -1.00064
v -4.79526 -11.44365 -1.25143
v -4.64537 -11.49149 -1.29507
v -4.64537 -11.50919 -1.19151
v -4.79526 -11.47430 -1.07205
v -4.79526 -11.45624 -1.47024
v -4.64537 -11.49876 -1.42141
v -4.64537 -11.49149 -1.29507
v -4.79526 -11.44365 -1.25143
v -4.79526 -11.50725 -1.64492
v -4.64537 -11.52821 -1.52226
v -4.64537 -11.49876 -1.42141
v -4.79526 -11.45624 -1.47024
v -4.79526 -11.57720 -1.70874
v -4.64537 -11.56860 -1.55910
v -4.64537 -11.52821 -1.52226
v -4.79526 -11.50725 -1.64492
v -4.64537 -11.60450 -1.51787
v -4.59051 -11.55684 -1.35469
v -4.64537 -11.56860 -1.55910
v -4.64537 -11.62219 -1.41431
v -4.59051 -11.55684 -1.35469
v -4.64537 -11.60450 -1.51787
v -4.64537 -11.61493 -1.28797
v -4.59051 -11.55684 -1.35469
v -4.64537 -11.62219 -1.41431
v -4.64537 -11.58547 -1.18712
v -4.59051 -11.55684 -1.35469
v -4.64537 -11.61493 -1.28797
v -4.64537 -11.54509 -1.15028
v -4.59051 -11.55684 -1.35469
v -4.64537 -11.58547 -1.18712
v -4.64537 -11.50919 -1.19151
v -4.59051 -11.55684 -1.35469
v -4.64537 -11.54509 -1.15028
v -4.64537 -11.49149 -1.29507
v -4.59051 -11.55684 -1.35469
v -4.64537 -11.50919 -1.19151
v -4.64537 -11.49876 -1.42141
v -4.59051 -11.55684 -1.35469
v -4.64537 -11.49149 -1.29507
v -4.64537 -11.52821 -1.52226
v -4.59051 -11.55684 -1.35469
v -4.64537 -11.49876 -1.42141
v -4.64537 -11.56860 -1.55910
v -4.59051 -11.55684 -1.35469
v -4.64537 -11.52821 -1.52226
v -7.04548 -11.50287 -0.41626
v -7.06197 -11.56628 -0.37855
v -4.98351 -11.50841 0.62779
v -4.96702 -11.44500 0.59008
v -7.06197 -11.56628 -0.37855
v -7.09496 -11.56238 -0.31064
v -5.01650 -11.50450 0.69570
v -4.98351 -11.50841 0.62779
v -7.09496 -11.56238 -0.31064
v -7.11146 -11.49506 -0.28044
v -5.03300 -11.43719 0.72590
v -5.01650 -11.50450 0.69570
v -7.11146 -11.49506 -0.28044
v -7.09496 -11.43165 -0.31815
v -5.01650 -11.37378 0.68818
v -5.03300 -11.43719 0.72590
v -7.09496 -11.43165 -0.31815
v -7.06197 -11.43555 -0.38606
v -4.98351 -11.37768 0.62027
v -5.01650 -11.37378 0.68818
v -7.06197 -11.43555 -0.38606
v -7.04548 -11.50287 -0.41626
v -4.96702 -11.44500 0.59008
v -4.98351 -11.37768 0.62027
v -7.06197 -11.43555 -0.38606
v -7.09496 -11.43165 -0.31815
v -7.11146 -11.49506 -0.28044
v -7.09496 -11.56238 -0.31064
v -7.06197 -11.56628 -0.37855
v -7.04548 -11.50287 -0.41626
v -4.96702 -11.44500 0.59008
v -4.98351 -11.50841 0.62779
v -5.01650 -11.50450 0.69570
v -5.03300 -11.43719 0.72590
v -5.01650 -11.37378 0.68818
v -4.98351 -11.37768 0.62027
v -7.43311 -11.54662 -0.51153
v -7.43311 -11.51072 -0.55276
v -7.48797 -11.49897 -0.34835
v -7.43311 -11.56431 -0.40797
v -7.43311 -11.54662 -0.51153
v -7.48797 -11.49897 -0.34835
v -7.43311 -11.55705 -0.28163
v -7.43311 -11.56431 -0.40797
v -7.48797 -11.49897 -0.34835
v -7.43311 -11.52760 -0.18078
v -7.43311 -11.55705 -0.28163
v -7.48797 -11.49897 -0.34835
v -7.43311 -11.48721 -0.14394
v -7.43311 -11.52760 -0.18078
v -7.48797 -11.49897 -0.34835
v -7.43311 -11.45131 -0.18517
v -7.43311 -11.48721 -0.14394
v -7.48797 -11.49897 -0.34835
v -7.43311 -11.43362 -0.28873
v -7.43311 -11.45131 -0.18517
v -7.48797 -11.49897 -0.34835
v -7.43311 -11.44088 -0.41507
v -7.43311 -11.43362 -0.28873
v -7.48797 -11.49897 -0.34835
v -7.43311 -11.47033 -0.51592
v -7.43311 -11.44088 -0.41507
v -7.48797 -11.49897 -0.34835
v -7.43311 -11.51072 -0.55276
v -7.43311 -11.47033 -0.51592
v -7.48797 -11.49897 -0.34835
v -7.43311 -11.54662 -0.51153
v -7.28322 -11.58150 -0.63099
v -7.28322 -11.51933 -0.70240
v -7.43311 -11.51072 -0.55276
v -7.43311 -11.56431 -0.40797
v -7.28322 -11.61215 -0.45161
v -7.28322 -11.58150 -0.63099
v -7.43311 -11.54662 -0.51153
v -7.43311 -11.55705 -0.28163
v -7.28322 -11.59957 -0.23279
v -7.28322 -11.61215 -0.45161
v -7.43311 -11.56431 -0.40797
v -7.43311 -11.52760 -0.18078
v -7.28322 -11.54856 -0.05812
v -7.28322 -11.59957 -0.23279
v -7.43311 -11.55705 -0.28163
v -7.43311 -11.48721 -0.14394
v -7.28322 -11.47860 0.00570
v -7.28322 -11.54856 -0.05812
v -7.43311 -11.52760 -0.18078
v -7.43311 -11.45131 -0.18517
v -7.28322 -11.41643 -0.06572
v -7.28322 -11.47860 0.00570
v -7.43311 -11.48721 -0.14394
v -7.43311 -11.43362 -0.28873
v -7.28322 -11.38578 -0.24509
v -7.28322 -11.41643 -0.06572
v -7.43311 -11.45131 -0.18517
v -7.43311 -11.44088 -0.41507
v -7.28322 -11.39836 -0.46391
v -7.28322 -11.38578 -0.24509
v -7.43311 -11.43362 -0.28873
v -7.43311 -11.47033 -0.51592
v -7.28322 -11.44937 -0.63858
v -7.28322 -11.39836 -0.46391
v -7.43311 -11.44088 -0.41507
v -7.43311 -11.51072 -0.55276
v -7.28322 -11.51933 -0.70240
v -7.28322 -11.44937 -0.63858
v -7.43311 -11.47033 -0.51592
v -7.28322 -11.58150 -0.63099
v -7.07847 -11.59427 -0.67471
v -7.07847 -11.52248 -0.75717
v -7.28322 -11.51933 -0.70240
v -7.28322 -11.61215 -0.45161
v -7.07847 -11.62966 -0.46759
v -7.07847 -11.59427 -0.67471
v -7.28322 -11.58150 -0.63099
v -7.28322 -11.59957 -0.23279
v -7.07847 -11.61513 -0.21492
v -7.07847 -11.62966 -0.46759
v -7.28322 -11.61215 -0.45161
v -7.28322 -11.54856 -0.05812
v -7.07847 -11.55623 -0.01322
v -7.07847 -11.61513 -0.21492
v -7.28322 -11.59957 -0.23279
v -7.28322 -11.47860 0.00570
v -7.07847 -11.47545 0.06047
v -7.07847 -11.55623 -0.01322
v -7.28322 -11.54856 -0.05812
v -7.28322 -11.41643 -0.06572
v -7.07847 -11.40366 -0.02199
v -7.07847 -11.47545 0.06047
v -7.28322 -11.47860 0.00570
v -7.28322 -11.38578 -0.24509
v -7.07847 -11.36827 -0.22912
v -7.07847 -11.40366 -0.02199
v -7.28322 -11.41643 -0.06572
v -7.28322 -11.39836 -0.46391
v -7.07847 -11.38280 -0.48178
v -7.07847 -11.36827 -0.22912
v -7.28322 -11.38578 -0.24509
v -7.28322 -11.44937 -0.63858
v -7.07847 -11.44170 -0.68348
v -7.07847 -11.38280 -0.48178
v -7.28322 -11.39836 -0.46391
v -7.28322 -11.51933 -0.70240
v -7.07847 -11.52248 -0.75717
v -7.07847 -11.44170 -0.68348
v -7.28322 -11.44937 -0.63858
v -7.07847 -11.59427 -0.67471
v -6.87372 -11.58150 -0.63099
v -6.87372 -11.51933 -0.70240
v -7.07847 -11.52248 -0.75717
v -7.07847 -11.62966 -0.46759
v -6.87372 -11.61215 -0.45161
v -6.87372 -11.58150 -0.63099
v -7.07847 -11.59427 -0.67471
v -7.07847 -11.61513 -0.21492
v -6.87372 -11.59957 -0.23279
v -6.87372 -11.61215 -0.45161
v -7.07847 -11.62966 -0.46759
v -7.07847 -11.55623 -0.01322
v -6.87372 -11.54856 -0.05812
v -6.87372 -11.59957 -0.23279
v -7.07847 -11.61513 -0.21492
v -7.07847 -11.47545 0.06047
v -6.87372 -11.47860 0.00570
v -6.87372 -11.54856 -0.05812
v -7.07847 -11.55623 -0.01322
v -7.07847 -11.40366 -0.02199
v -6.87372 -11.41643 -0.06572
v -6.87372 -11.47860 0.00570
v -7.07847 -11.47545 0.06047
v -7.07847 -11.36827 -0.22912
v -6.87372 -11.38578 -0.24509
v -6.87372 -11.41643 -0.06572
v -7.07847 -11.40366 -0.02199
v -7.07847 -11.38280 -0.48178
v -6.87372 -11.39836 -0.46391
v -6.87372 -11.38578 -0.24509
v -7.07847 -11.36827 -0.22912
v -7.07847 -11.44170 -0.68348
v -6.87372 -11.44937 -0.63858
v -6.87372 -11.39836 -0.46391
v -7.07847 -11.38280 -0.48178
v -7.07847 -11.52248 -0.75717
v -6.87372 -11.51933 -0.70240
v -6.87372 -11.44937 -0.63858
v -7.07847 -11.44170 -0.68348
v -6.87372 -11.58150 -0.63099
v -6.72383 -11.54662 -0.51153
v -6.72383 -11.51072 -0.55276
v -6.87372 -11.51933 -0.70240
v -6.87372 -11.61215 -0.45161
v -6.72383 -11.56431 -0.40797
v -6.72383 -11.54662 -0.51153
v -6.87372 -11.58150 -0.63099
v -6.87372 -11.59957 -0.23279
v -6.72383 -11.55705 -0.28163
v -6.72383 -11.56431 -0.40797
v -6.87372 -11.61215 -0.45161
v -6.87372 -11.54856 -0.05812
v -6.72383 -11.52760 -0.18078
v -6.72383 -11.55705 -0.28163
v -6.87372 -11.59957 -0.23279
v -6.87372 -11.47860 0.00570
v -6.72383 -11.48721 -0.14394
v -6.72383 -11.52760 -0.18078
v -6.87372 -11.54856 -0.05812
v -6.87372 -11.41643 -0.06572
v -6.72383 -11.45131 -0.18517
v -6.72383 -11.48721 -0.14394
v -6.87372 -11.47860 0.00570
v -6.87372 -11.38578 -0.24509
v -6.72383 -11.43362 -0.28873
v -6.72383 -11.45131 -0.18517
v -6.87372 -11.41643 -0.06572
v -6.87372 -11.39836 -0.46391
v -6.72383 -11.44088 -0.41507
v -6.72383 -11.43362 -0.28873
v -6.87372 -11.38578 -0.24509
v -6.87372 -11.44937 -0.63858
v -6.72383 -11.47033 -0.51592
v -6.72383 -11.44088 -0.41507
v -6.87372 -11.39836 -0.46391
v -6.87372 -11.51933 -0.70240
v -6.72383 -11.51072 -0.55276
v -6.72383 -11.47033 -0.51592
v -6.87372 -11.44937 -0.63858
v -6.72383 -11.54662 -0.51153
v -6.66897 -11.49897 -0.34835
v -6.72383 -11.51072 -0.55276
v -6.72383 -11.56431 -0.40797
v -6.66897 -11.49897 -0.34835
v -6.72383 -11.54662 -0.51153
v -6.72383 -11.55705 -0.28163
v -6.66897 -11.49897 -0.34835
v -6.72383 -11.56431 -0.40797
v -6.72383 -11.52760 -0.18078
v -6.66897 -11.49897 -0.34835
v -6.72383 -11.55705 -0.28163
v -6.72383 -11.48721 -0.14394
v -6.66897 -11.49897 -0.34835
v -6.72383 -11.52760 -0.18078
v -6.72383 -11.45131 -0.18517
v -6.66897 -11.49897 -0.34835
v -6.72383 -11.48721 -0.14394
v -6.72383 -11.43362 -0.28873
v -6.66897 -11.49897 -0.34835
v -6.72383 -11.45131 -0.18517
v -6.72383 -11.44088 -0.41507
v -6.66897 -11.49897 -0.34835
v -6.72383 -11.43362 -0.28873
v -6.72383 -11.47033 -0.51592
v -6.66897 -11.49897 -0.34835
v -6.72383 -11.44088 -0.41507
v -6.72383 -11.51072 -0.55276
v -6.66897 -11.49897 -0.34835
v -6.72383 -11.47033 -0.51592
v -7.11146 -11.38712 1.59641
v -7.09496 -11.45053 1.63413
v -5.01650 -11.50841 0.62779
v -5.03300 -11.44500 0.59008
v -7.09496 -11.45053 1.63413
v -7.06197 -11.44663 1.70204
v -4.98351 -11.50450 0.69570
v -5.01650 -11.50841 0.62779
v -7.06197 -11.44663 1.70204
v -7.04548 -11.37931 1.73223
v -4.96702 -11.43719 0.72590
v -4.98351 -11.50450 0.69570
v -7.04548 -11.37931 1.73223
v -7.06197 -11.31590 1.69452
v -4.98351 -11.37378 0.68818
v -4.96702 -11.43719 0.72590
v -7.06197 -11.31590 1.69452
v -7.09496 -11.31981 1.62661
v -5.01650 -11.37768 0.62027
v -4.98351 -11.37378 0.68818
v -7.09496 -11.31981 1.62661
v -7.11146 -11.38712 1.59641
v -5.03300 -11.44500 0.59008
v -5.01650 -11.37768 0.62027
v -7.09496 -11.31981 1.62661
v -7.06197 -11.31590 1.69452
v -7.04548 -11.37931 1.73223
v -7.06197 -11.44663 1.70204
v -7.09496 -11.45053 1.63413
v -7.11146 -11.38712 1.59641
v -5.03300 -11.44500 0.59008
v -5.01650 -11.50841 0.62779
v -4.98351 -11.50450 0.69570
v -4.96702 -11.43719 0.72590
v -4.98351 -11.37378 0.68818
v -5.01650 -11.37768 0.62027
v -7.43310 -11.43087 1.50114
v -7.43310 -11.39497 1.45991
v -7.48797 -11.38321 1.66432
v -7.43310 -11.44856 1.60471
v -7.43310 -11.43087 1.50114
v -7.48797 -11.38321 1.66432
v -7.43310 -11.44130 1.73104
v -7.43310 -11.44856 1.60471
v -7.48797 -11.38321 1.66432
v -7.43310 -11.41185 1.83189
v -7.43310 -11.44130 1.73104
v -7.48797 -11.38321 1.66432
v -7.43310 -11.37146 1.86874
v -7.43310 -11.41185 1.83189
v -7.48797 -11.38321 1.66432
v -7.43310 -11.33556 1.82750
v -7.43310 -11.37146 1.86874
v -7.48797 -11.38321 1.66432
v -7.43310 -11.31787 1.72394
v -7.43310 -11.33556 1.82750
v -7.48797 -11.38321 1.66432
v -7.43310 -11.32513 1.59761
v -7.43310 -11.31787 1.72394
v -7.48797 -11.38321 1.66432
v -7.43310 -11.35458 1.49676
v -7.43310 -11.32513 1.59761
v -7.48797 -11.38321 1.66432
v -7.43310 -11.39497 1.45991
v -7.43310 -11.35458 1.49676
v -7.48797 -11.38321 1.66432
v -7.43310 -11.43087 1.50114
v -7.28322 -11.46575 1.38169
v -7.28322 -11.40358 1.31027
v -7.43310 -11.39497 1.45991
v -7.43310 -11.44856 1.60471
v -7.28322 -11.49640 1.56106
v -7.28322 -11.46575 1.38169
v -7.43310 -11.43087 1.50114
v -7.43310 -11.44130 1.73104
v -7.28322 -11.48382 1.77988
v -7.28322 -11.49640 1.56106
v -7.43310 -11.44856 1.60471
v -7.43310 -11.41185 1.83189
v -7.28322 -11.43281 1.95456
v -7.28322 -11.48382 1.77988
v -7.43310 -11.44130 1.73104
v -7.43310 -11.37146 1.86874
v -7.28322 -11.36285 2.01838
v -7.28322 -11.43281 1.95456
v -7.43310 -11.41185 1.83189
v -7.43310 -11.33556 1.82750
v -7.28322 -11.30068 1.94696
v -7.28322 -11.36285 2.01838
v -7.43310 -11.37146 1.86874
v -7.43310 -11.31787 1.72394
v -7.28322 -11.27003 1.76758
v -7.28322 -11.30068 1.94696
v -7.43310 -11.33556 1.82750
v -7.43310 -11.32513 1.59761
v -7.28322 -11.28261 1.54877
v -7.28322 -11.27003 1.76758
v -7.43310 -11.31787 1.72394
v -7.43310 -11.35458 1.49676
v -7.28322 -11.33362 1.37409
v -7.28322 -11.28261 1.54877
v -7.43310 -11.32513 1.59761
v -7.43310 -11.39497 1.45991
v -7.28322 -11.40358 1.31027
v -7.28322 -11.33362 1.37409
v -7.43310 -11.35458 1.49676
v -7.28322 -11.46575 1.38169
v -7.07847 -11.47852 1.33797
v -7.07847 -11.40673 1.25550
v -7.28322 -11.40358 1.31027
v -7.28322 -11.49640 1.56106
v -7.07847 -11.51391 1.54509
v -7.07847 -11.47852 1.33797
v -7.28322 -11.46575 1.38169
v -7.28322 -11.48382 1.77988
v -7.07847 -11.49938 1.79776
v -7.07847 -11.51391 1.54509
v -7.28322 -11.49640 1.56106
v -7.28322 -11.43281 1.95456
v -7.07847 -11.44048 1.99946
v -7.07847 -11.49938 1.79776
v -7.28322 -11.48382 1.77988
v -7.28322 -11.36285 2.01838
v -7.07847 -11.35970 2.07315
v -7.07847 -11.44048 1.99946
v -7.28322 -11.43281 1.95456
v -7.28322 -11.30068 1.94696
v -7.07847 -11.28791 1.99068
v -7.07847 -11.35970 2.07315
v -7.28322 -11.36285 2.01838
v -7.28322 -11.27003 1.76758
v -7.07847 -11.25252 1.78356
v -7.07847 -11.28791 1.99068
v -7.28322 -11.30068 1.94696
v -7.28322 -11.28261 1.54877
v -7.07847 -11.26705 1.53089
v -7.07847 -11.25252 1.78356
v -7.28322 -11.27003 1.76758
v -7.28322 -11.33362 1.37409
v -7.07847 -11.32595 1.32919
v -7.07847 -11.26705 1.53089
v -7.28322 -11.28261 1.54877
v -7.28322 -11.40358 1.31027
v -7.07847 -11.40673 1.25550
v -7.07847 -11.32595 1.32919
v -7.28322 -11.33362 1.37409
v -7.07847 -11.47852 1.33797
v -6.87372 -11.46575 1.38169
v -6.87372 -11.40358 1.31027
v -7.07847 -11.40673 1.25550
v -7.07847 -11.51391 1.54509
v -6.87372 -11.49640 1.56106
v -6.87372 -11.46575 1.38169
v -7.07847 -11.47852 1.33797
v -7.07847 -11.49938 1.79776
v -6.87372 -11.48382 1.77988
v -6.87372 -11.49640 1.56106
v -7.07847 -11.51391 1.54509
v -7.07847 -11.44048 1.99946
v -6.87372 -11.43281 1.95456
v -6.87372 -11.48382 1.77988
v -7.07847 -11.49938 1.79776
v -7.07847 -11.35970 2.07315
v -6.87372 -11.36285 2.01838
v -6.87372 -11.43281 1.95456
v -7.07847 -11.44048 1.99946
v -7.07847 -11.28791 1.99068
v -6.87372 -11.30068 1.94696
v -6.87372 -11.36285 2.01838
v -7.07847 -11.35970 2.07315
v -7.07847 -11.25252 1.78356
v -6.87372 -11.27003 1.76758
v -6.87372 -11.30068 1.94696
v -7.07847 -11.28791 1.99068
v -7.07847 -11.26705 1.53089
v -6.87372 -11.28261 1.54877
v -6.87372 -11.27003 1.76758
v -7.07847 -11.25252 1.78356
v -7.07847 -11.32595 1.32919
v -6.87372 -11.33362 1.37409
v -6.87372 -11.28261 1.54877
v -7.07847 -11.26705 1.53089
v -7.07847 -11.40673 1.25550
v -6.87372 -11.40358 1.31027
v -6.87372 -11.33362 1.37409
v -7.07847 -11.32595 1.32919
v -6.87372 -11.46575 1.38169
v -6.72383 -11.43087 1.50114
v -6.72383 -11.39497 1.45991
v -6.87372 -11.40358 1.31027
v -6.87372 -11.49640 1.56106
v -6.72383 -11.44857 1.60471
v -6.72383 -11.43087 1.50114
v -6.87372 -11.46575 1.38169
v -6.87372 -11.48382 1.77988
v -6.72383 -11.44130 1.73104
v -6.72383 -11.44857 1.60471
v -6.87372 -11.49640 1.56106
v -6.87372 -11.43281 1.95456
v -6.72383 -11.41185 1.83189
v -6.72383 -11.44130 1.73104
v -6.87372 -11.48382 1.77988
v -6.87372 -11.36285 2.01838
v -6.72383 -11.37146 1.86874
v -6.72383 -11.41185 1.83189
v -6.87372 -11.43281 1.95456
v -6.87372 -11.30068 1.94696
v -6.72383 -11.33556 1.82750
v -6.72383 -11.37146 1.86874
v -6.87372 -11.36285 2.01838
v -6.87372 -11.27003 1.76758
v -6.72383 -11.31787 1.72394
v -6.72383 -11.33556 1.82750
v -6.87372 -11.30068 1.94696
v -6.87372 -11.28261 1.54877
v -6.72383 -11.32513 1.59761
v -6.72383 -11.31787 1.72394
v -6.87372 -11.27003 1.76758
v -6.87372 -11.33362 1.37409
v -6.72383 -11.35458 1.49676
v -6.72383 -11.32513 1.59761
v -6.87372 -11.28261 1.54877
v -6.87372 -11.40358 1.31027
v -6.72383 -11.39497 1.45991
v -6.72383 -11.35458 1.49676
v -6.87372 -11.33362 1.37409
v -6.72383 -11.43087 1.50114
v -6.66897 -11.38322 1.66432
v -6.72383 -11.39497 1.45991
v -6.72383 -11.44857 1.60471
v -6.66897 -11.38322 1.66432
v -6.72383 -11.43087 1.50114
v -6.72383 -11.44130 1.73104
v -6.66897 -11.38322 1.66432
v -6.72383 -11.44857 1.60471
v -6.72383 -11.41185 1.83189
v -6.66897 -11.38322 1.66432
v -6.72383 -11.44130 1.73104
v -6.72383 -11.37146 1.86874
v -6.66897 -11.38322 1.66432
v -6.72383 -11.41185 1.83189
v -6.72383 -11.33556 1.82750
v -6.66897 -11.38322 1.66432
v -6.72383 -11.37146 1.86874
v -6.72383 -11.31787 1.72394
v -6.66897 -11.38322 1.66432
v -6.72383 -11.33556 1.82750
v -6.72383 -11.32513 1.59761
v -6.66897 -11.38322 1.66432
v -6.72383 -11.31787 1.72394
v -6.72383 -11.35458 1.49676
v -6.66897 -11.38322 1.66432
v -6.72383 -11.32513 1.59761
v -6.72383 -11.39497 1.45991
v -6.66897 -11.38322 1.66432
v -6.72383 -11.35458 1.49676
v -5.07561 -11.32534 2.67066
v -5.03781 -11.39071 2.67442
v -5.03781 -11.50646 0.66174
v -5.07561 -11.44109 0.65799
v -5.03781 -11.39071 2.67442
v -4.96221 -11.39071 2.67442
v -4.96221 -11.50646 0.66174
v -5.03781 -11.50646 0.66174
v -4.96221 -11.39071 2.67442
v -4.92441 -11.32534 2.67066
v -4.92441 -11.44109 0.65799
v -4.96221 -11.50646 0.66174
v -4.92441 -11.32534 2.67066
v -4.96221 -11.25998 2.66690
v -4.96221 -11.37573 0.65423
v -4.92441 -11.44109 0.65799
v -4.96221 -11.25998 2.66690
v -5.03781 -11.25998 2.66690
v -5.03781 -11.37573 0.65423
v -4.96221 -11.37573 0.65423
v -5.03781 -11.25998 2.66690
v -5.07561 -11.32534 2.67066
v -5.07561 -11.44109 0.65799
v -5.03781 -11.37573 0.65423
v -5.03781 -11.25998 2.66690
v -4.96221 -11.25998 2.66690
v -4.92441 -11.32534 2.67066
v -4.96221 -11.39071 2.67442
v -5.03781 -11.39071 2.67442
v -5.07561 -11.32534 2.67066
v -5.07561 -11.44109 0.65799
v -5.03781 -11.50646 0.66174
v -4.96221 -11.50646 0.66174
v -4.92441 -11.44109 0.65799
v -4.96221 -11.37573 0.65423
v -5.03781 -11.37573 0.65423
v -5.35464 -11.37300 2.50748
v -5.35464 -11.33710 2.46625
v -5.40951 -11.32534 2.67066
v -5.35464 -11.39069 2.61104
v -5.35464 -11.37300 2.50748
v -5.40951 -11.32534 2.67066
v -5.35464 -11.38343 2.73738
v -5.35464 -11.39069 2.61104
v -5.40951 -11.32534 2.67066
v -5.35464 -11.35397 2.83823
v -5.35464 -11.38343 2.73738
v -5.40951 -11.32534 2.67066
v -5.35464 -11.31359 2.87507
v -5.35464 -11.35397 2.83823
v -5.40951 -11.32534 2.67066
v -5.35464 -11.27769 2.83384
v -5.35464 -11.31359 2.87507
v -5.40951 -11.32534 2.67066
v -5.35464 -11.25999 2.73028
v -5.35464 -11.27769 2.83384
v -5.40951 -11.32534 2.67066
v -5.35464 -11.26726 2.60394
v -5.35464 -11.25999 2.73028
v -5.40951 -11.32534 2.67066
v -5.35464 -11.29671 2.50309
v -5.35464 -11.26726 2.60394
v -5.40951 -11.32534 2.67066
v -5.35464 -11.33710 2.46625
v -5.35464 -11.29671 2.50309
v -5.40951 -11.32534 2.67066
v -5.35464 -11.37300 2.50748
v -5.20476 -11.40788 2.38803
v -5.20476 -11.34570 2.31661
v -5.35464 -11.33710 2.46625
v -5.35464 -11.39069 2.61104
v -5.20476 -11.43853 2.56740
v -5.20476 -11.40788 2.38803
v -5.35464 -11.37300 2.50748
v -5.35464 -11.38343 2.73738
v -5.20476 -11.42595 2.78622
v -5.20476 -11.43853 2.56740
v -5.35464 -11.39069 2.61104
v -5.35464 -11.35397 2.83823
v -5.20476 -11.37493 2.96089
v -5.20476 -11.42595 2.78622
v -5.35464 -11.38343 2.73738
v -5.35464 -11.31359 2.87507
v -5.20476 -11.30498 3.02471
v -5.20476 -11.37493 2.96089
v -5.35464 -11.35397 2.83823
v -5.35464 -11.27769 2.83384
v -5.20476 -11.24280 2.95329
v -5.20476 -11.30498 3.02471
v -5.35464 -11.31359 2.87507
v -5.35464 -11.25999 2.73028
v -5.20476 -11.21215 2.77392
v -5.20476 -11.24280 2.95329
v -5.35464 -11.27769 2.83384
v -5.35464 -11.26726 2.60394
v -5.20476 -11.22474 2.55510
v -5.20476 -11.21215 2.77392
v -5.35464 -11.25999 2.73028
v -5.35464 -11.29671 2.50309
v -5.20476 -11.27575 2.38043
v -5.20476 -11.22474 2.55510
v -5.35464 -11.26726 2.60394
v -5.35464 -11.33710 2.46625
v -5.20476 -11.34570 2.31661
v -5.20476 -11.27575 2.38043
v -5.35464 -11.29671 2.50309
v -5.20476 -11.40788 2.38803
v -5.00001 -11.42065 2.34430
v -5.00001 -11.34885 2.26184
v -5.20476 -11.34570 2.31661
v -5.20476 -11.43853 2.56740
v -5.00001 -11.45604 2.55142
v -5.00001 -11.42065 2.34430
v -5.20476 -11.40788 2.38803
v -5.20476 -11.42595 2.78622
v -5.00001 -11.44151 2.80409
v -5.00001 -11.45604 2.55142
v -5.20476 -11.43853 2.56740
v -5.20476 -11.37493 2.96089
v -5.00001 -11.38261 3.00579
v -5.00001 -11.44151 2.80409
v -5.20476 -11.42595 2.78622
v -5.20476 -11.30498 3.02471
v -5.00001 -11.30183 3.07948
v -5.00001 -11.38261 3.00579
v -5.20476 -11.37493 2.96089
v -5.20476 -11.24280 2.95329
v -5.00001 -11.23003 2.99702
v -5.00001 -11.30183 3.07948
v -5.20476 -11.30498 3.02471
v -5.20476 -11.21215 2.77392
v -5.00001 -11.19464 2.78989
v -5.00001 -11.23003 2.99702
v -5.20476 -11.24280 2.95329
v -5.20476 -11.22474 2.55510
v -5.00001 -11.20917 2.53723
v -5.00001 -11.19464 2.78989
v -5.20476 -11.21215 2.77392
v -5.20476 -11.27575 2.38043
v -5.00001 -11.26808 2.33553
v -5.00001 -11.20917 2.53723
v -5.20476 -11.22474 2.55510
v -5.20476 -11.34570 2.31661
v -5.00001 -11.34885 2.26184
v -5.00001 -11.26808 2.33553
v -5.20476 -11.27575 2.38043
v -5.00001 -11.42065 2.34430
v -4.79526 -11.40788 2.38803
v -4.79526 -11.34570 2.31661
v -5.00001 -11.34885 2.26184
v -5.00001 -11.45604 2.55142
v -4.79526 -11.43853 2.56740
v -4.79526 -11.40788 2.38803
v -5.00001 -11.42065 2.34430
v -5.00001 -11.44151 2.80409
v -4.79526 -11.42595 2.78622
v -4.79526 -11.43853 2.56740
v -5.00001 -11.45604 2.55142
v -5.00001 -11.38261 3.00579
v -4.79526 -11.37494 2.96089
v -4.79526 -11.42595 2.78622
v -5.00001 -11.44151 2.80409
v -5.00001 -11.30183 3.07948
v -4.79526 -11.30498 3.02471
v -4.79526 -11.37494 2.96089
v -5.00001 -11.38261 3.00579
v -5.00001 -11.23003 2.99702
v -4.79526 -11.24280 2.95329
v -4.79526 -11.30498 3.02471
v -5.00001 -11.30183 3.07948
v -5.00001 -11.19464 2.78989
v -4.79526 -11.21215 2.77392
v -4.79526 -11.24280 2.95329
v -5.00001 -11.23003 2.99702
v -5.00001 -11.20917 2.53723
v -4.79526 -11.22474 2.55510
v -4.79526 -11.21215 2.77392
v -5.00001 -11.19464 2.78989
v -5.00001 -11.26808 2.33553
v -4.79526 -11.27575 2.38043
v -4.79526 -11.22474 2.55510
v -5.00001 -11.20917 2.53723
v -5.00001 -11.34885 2.26184
v -4.79526 -11.34570 2.31661
v -4.79526 -11.27575 2.38043
v -5.00001 -11.26808 2.33553
v -4.79526 -11.40788 2.38803
v -4.64537 -11.37300 2.50748
v -4.64537 -11.33710 2.46625
v -4.79526 -11.34570 2.31661
v -4.79526 -11.43853 2.56740
v -4.64537 -11.39069 2.61104
v -4.64537 -11.37300 2.50748
v -4.79526 -11.40788 2.38803
v -4.79526 -11.42595 2.78622
v -4.64537 -11.38343 2.73738
v -4.64537 -11.39069 2.61104
v -4.79526 -11.43853 2.56740
v -4.79526 -11.37494 2.96089
v -4.64537 -11.35397 2.83823
v -4.64537 -11.38343 2.73738
v -4.79526 -11.42595 2.78622
v -4.79526 -11.30498 3.02471
v -4.64537 -11.31359 2.87507
v -4.64537 -11.35397 2.83823
v -4.79526 -11.37494 2.96089
v -4.79526 -11.24280 2.95329
v -4.64537 -11.27769 2.83384
v -4.64537 -11.31359 2.87507
v -4.79526 -11.30498 3.02471
v -4.79526 -11.21215 2.77392
v -4.64537 -11.25999 2.73028
v -4.64537 -11.27769 2.83384
v -4.79526 -11.24280 2.95329
v -4.79526 -11.22474 2.55510
v -4.64537 -11.26726 2.60394
v -4.64537 -11.25999 2.73028
v -4.79526 -11.21215 2.77392
v -4.79526 -11.27575 2.38043
v -4.64537 -11.29671 2.50309
v -4.64537 -11.26726 2.60394
v -4.79526 -11.22474 2.55510
v -4.79526 -11.34570 2.31661
v -4.64537 -11.33710 2.46625
v -4.64537 -11.29671 2.50309
v -4.79526 -11.27575 2.38043
v -4.64537 -11.37300 2.50748
v -4.59051 -11.32534 2.67066
v -4.64537 -11.33710 2.46625
v -4.64537 -11.39069 2.61104
v -4.59051 -11.32534 2.67066
v -4.64537 -11.37300 2.50748
v -4.64537 -11.38343 2.73738
v -4.59051 -11.32534 2.67066
v -4.64537 -11.39069 2.61104
v -4.64537 -11.35397 2.83823
v -4.59051 -11.32534 2.67066
v -4.64537 -11.38343 2.73738
v -4.64537 -11.31359 2.87507
v -4.59051 -11.32534 2.67066
v -4.64537 -11.35397 2.83823
v -4.64537 -11.27769 2.83384
v -4.59051 -11.32534 2.67066
v -4.64537 -11.31359 2.87507
v -4.64537 -11.25999 2.73028
v -4.59051 -11.32534 2.67066
v -4.64537 -11.27769 2.83384
v -4.64537 -11.26726 2.60394
v -4.59051 -11.32534 2.67066
v -4.64537 -11.25999 2.73028
v -4.64537 -11.29671 2.50309
v -4.59051 -11.32534 2.67066
v -4.64537 -11.26726 2.60394
v -4.64537 -11.33710 2.46625
v -4.59051 -11.32534 2.67066
v -4.64537 -11.29671 2.50309
v -2.95453 -11.37931 1.73223
v -2.93804 -11.44663 1.70204
v -5.01650 -11.50450 0.69570
v -5.03300 -11.43719 0.72590
v -2.93804 -11.44663 1.70204
v -2.90505 -11.45053 1.63413
v -4.98351 -11.50841 0.62779
v -5.01650 -11.50450 0.69570
v -2.90505 -11.45053 1.63413
v -2.88856 -11.38712 1.59641
v -4.96702 -11.44500 0.59008
v -4.98351 -11.50841 0.62779
v -2.88856 -11.38712 1.59641
v -2.90505 -11.31981 1.62661
v -4.98351 -11.37768 0.62027
v -4.96702 -11.44500 0.59008
v -2.90505 -11.31981 1.62661
v -2.93804 -11.31590 1.69452
v -5.01650 -11.37378 0.68818
v -4.98351 -11.37768 0.62027
v -2.93804 -11.31590 1.69452
v -2.95453 -11.37931 1.73223
v -5.03300 -11.43719 0.72590
v -5.01650 -11.37378 0.68818
v -2.93804 -11.31590 1.69452
v -2.90505 -11.31981 1.62661
v -2.88856 -11.38712 1.59641
v -2.90505 -11.45053 1.63413
v -2.93804 -11.44663 1.70204
v -2.95453 -11.37931 1.73223
v -5.03300 -11.43719 0.72590
v -5.01650 -11.50450 0.69570
v -4.98351 -11.50841 0.62779
v -4.96702 -11.44500 0.59008
v -4.98351 -11.37768 0.62027
v -5.01650 -11.37378 0.68818
v -3.27618 -11.43087 1.50114
v -3.27618 -11.39497 1.45991
v -3.33105 -11.38322 1.66432
v -3.27618 -11.44857 1.60470
v -3.27618 -11.43087 1.50114
v -3.33105 -11.38322 1.66432
v -3.27618 -11.44130 1.73104
v -3.27618 -11.44857 1.60470
v -3.33105 -11.38322 1.66432
v -3.27618 -11.41185 1.83189
v -3.27618 -11.44130 1.73104
v -3.33105 -11.38322 1.66432
v -3.27618 -11.37146 1.86873
v -3.27618 -11.41185 1.83189
v -3.33105 -11.38322 1.66432
v -3.27618 -11.33556 1.82750
v -3.27618 -11.37146 1.86873
v -3.33105 -11.38322 1.66432
v -3.27618 -11.31787 1.72394
v -3.27618 -11.33556 1.82750
v -3.33105 -11.38322 1.66432
v -3.27618 -11.32513 1.59761
v -3.27618 -11.31787 1.72394
v -3.33105 -11.38322 1.66432
v -3.27618 -11.35459 1.49676
v -3.27618 -11.32513 1.59761
v -3.33105 -11.38322 1.66432
v -3.27618 -11.39497 1.45991
v -3.27618 -11.35459 1.49676
v -3.33105 -11.38322 1.66432
v -3.27618 -11.43087 1.50114
v -3.12630 -11.46576 1.38169
v -3.12630 -11.40358 1.31027
v -3.27618 -11.39497 1.45991
v -3.27618 -11.44857 1.60470
v -3.12630 -11.49641 1.56106
v -3.12630 -11.46576 1.38169
v -3.27618 -11.43087 1.50114
v -3.27618 -11.44130 1.73104
v -3.12630 -11.48382 1.77988
v -3.12630 -11.49641 1.56106
v -3.27618 -11.44857 1.60470
v -3.27618 -11.41185 1.83189
v -3.12630 -11.43281 1.95456
v -3.12630 -11.48382 1.77988
v -3.27618 -11.44130 1.73104
v -3.27618 -11.37146 1.86873
v -3.12630 -11.36286 2.01837
v -3.12630 -11.43281 1.95456
v -3.27618 -11.41185 1.83189
v -3.27618 -11.33556 1.82750
v -3.12630 -11.30068 1.94696
v -3.12630 -11.36286 2.01837
v -3.27618 -11.37146 1.86873
v -3.27618 -11.31787 1.72394
v -3.12630 -11.27003 1.76758
v -3.12630 -11.30068 1.94696
v -3.27618 -11.33556 1.82750
v -3.27618 -11.32513 1.59761
v -3.12630 -11.28261 1.54877
v -3.12630 -11.27003 1.76758
v -3.27618 -11.31787 1.72394
v -3.27618 -11.35459 1.49676
v -3.12630 -11.33363 1.37409
v -3.12630 -11.28261 1.54877
v -3.27618 -11.32513 1.59761
v -3.27618 -11.39497 1.45991
v -3.12630 -11.40358 1.31027
v -3.12630 -11.33363 1.37409
v -3.27618 -11.35459 1.49676
v -3.12630 -11.46576 1.38169
v -2.92155 -11.47853 1.33796
v -2.92155 -11.40673 1.25550
v -3.12630 -11.40358 1.31027
v -3.12630 -11.49641 1.56106
v -2.92155 -11.51392 1.54509
v -2.92155 -11.47853 1.33796
v -3.12630 -11.46576 1.38169
v -3.12630 -11.48382 1.77988
v -2.92155 -11.49939 1.79775
v -2.92155 -11.51392 1.54509
v -3.12630 -11.49641 1.56106
v -3.12630 -11.43281 1.95456
v -2.92155 -11.44048 1.99945
v -2.92155 -11.49939 1.79775
v -3.12630 -11.48382 1.77988
v -3.12630 -11.36286 2.01837
v -2.92155 -11.35971 2.07315
v -2.92155 -11.44048 1.99945
v -3.12630 -11.43281 1.95456
v -3.12630 -11.30068 1.94696
v -2.92155 -11.28791 1.99068
v -2.92155 -11.35971 2.07315
v -3.12630 -11.36286 2.01837
v -3.12630 -11.27003 1.76758
v -2.92155 -11.25252 1.78356
v -2.92155 -11.28791 1.99068
v -3.12630 -11.30068 1.94696
v -3.12630 -11.28261 1.54877
v -2.92155 -11.26705 1.53089
v -2.92155 -11.25252 1.78356
v -3.12630 -11.27003 1.76758
v -3.12630 -11.33363 1.37409
v -2.92155 -11.32595 1.32919
v -2.92155 -11.26705 1.53089
v -3.12630 -11.28261 1.54877
v -3.12630 -11.40358 1.31027
v -2.92155 -11.40673 1.25550
v -2.92155 -11.32595 1.32919
v -3.12630 -11.33363 1.37409
v -2.92155 -11.47853 1.33796
v -2.71680 -11.46576 1.38169
v -2.71680 -11.40358 1.31027
v -2.92155 -11.40673 1.25550
v -2.92155 -11.51392 1.54509
v -2.71680 -11.49641 1.56106
v -2.71680 -11.46576 1.38169
v -2.92155 -11.47853 1.33796
v -2.92155 -11.49939 1.79775
v -2.71680 -11.48382 1.77988
v -2.71680 -11.49641 1.56106
v -2.92155 -11.51392 1.54509
v -2.92155 -11.44048 1.99945
v -2.71680 -11.43281 1.95456
v -2.71680 -11.48382 1.77988
v -2.92155 -11.49939 1.79775
v -2.92155 -11.35971 2.07315
v -2.71680 -11.36286 2.01837
v -2.71680 -11.43281 1.95456
v -2.92155 -11.44048 1.99945
v -2.92155 -11.28791 1.99068
v -2.71680 -11.30068 1.94696
v -2.71680 -11.36286 2.01837
v -2.92155 -11.35971 2.07315
v -2.92155 -11.25252 1.78356
v -2.71680 -11.27003 1.76758
v -2.71680 -11.30068 1.94696
v -2.92155 -11.28791 1.99068
v -2.92155 -11.26705 1.53089
v -2.71680 -11.28261 1.54877
v -2.71680 -11.27003 1.76758
v -2.92155 -11.25252 1.78356
v -2.92155 -11.32595 1.32919
v -2.71680 -11.33363 1.37409
v -2.71680 -11.28261 1.54877
v -2.92155 -11.26705 1.53089
v -2.92155 -11.40673 1.25550
v -2.71680 -11.40358 1.31027
v -2.71680 -11.33363 1.37409
v -2.92155 -11.32595 1.32919
v -2.71680 -11.46576 1.38169
v -2.56691 -11.43087 1.50114
v -2.56691 -11.39497 1.45991
v -2.71680 -11.40358 1.31027
v -2.71680 -11.49641 1.56106
v -2.56691 -11.44857 1.60470
v -2.56691 -11.43087 1.50114
v -2.71680 -11.46576 1.38169
v -2.71680 -11.48382 1.77988
v -2.56691 -11.44130 1.73104
v -2.56691 -11.44857 1.60470
v -2.71680 -11.49641 1.56106
v -2.71680 -11.43281 1.95456
v -2.56691 -11.41185 1.83189
v -2.56691 -11.44130 1.73104
v -2.71680 -11.48382 1.77988
v -2.71680 -11.36286 2.01837
v -2.56691 -11.37146 1.86873
v -2.56691 -11.41185 1.83189
v -2.71680 -11.43281 1.95456
v -2.71680 -11.30068 1.94696
v -2.56691 -11.33556 1.82750
v -2.56691 -11.37146 1.86873
v -2.71680 -11.36286 2.01837
v -2.71680 -11.27003 1.76758
v -2.56691 -11.31787 1.72394
v -2.56691 -11.33556 1.82750
v -2.71680 -11.30068 1.94696
v -2.71680 -11.28261 1.54877
v -2.56691 -11.32513 1.59761
v -2.56691 -11.31787 1.72394
v -2.71680 -11.27003 1.76758
v -2.71680 -11.33363 1.37409
v -2.56691 -11.35459 1.49675
v -2.56691 -11.32513 1.59761
v -2.71680 -11.28261 1.54877
v -2.71680 -11.40358 1.31027
v -2.56691 -11.39497 1.45991
v -2.56691 -11.35459 1.49675
v -2.71680 -11.33363 1.37409
v -2.56691 -11.43087 1.50114
v -2.51205 -11.38322 1.66432
v -2.56691 -11.39497 1.45991
v -2.56691 -11.44857 1.60470
v -2.51205 -11.38322 1.66432
v -2.56691 -11.43087 1.50114
v -2.56691 -11.44130 1.73104
v -2.51205 -11.38322 1.66432
v -2.56691 -11.44857 1.60470
v -2.56691 -11.41185 1.83189
v -2.51205 -11.38322 1.66432
v -2.56691 -11.44130 1.73104
v -2.56691 -11.37146 1.86873
v -2.51205 -11.38322 1.66432
v -2.56691 -11.41185 1.83189
v -2.56691 -11.33556 1.82750
v -2.51205 -11.38322 1.66432
v -2.56691 -11.37146 1.86873
v -2.56691 -11.31787 1.72394
v -2.51205 -11.38322 1.66432
v -2.56691 -11.33556 1.82750
v -2.56691 -11.32513 1.59761
v -2.51205 -11.38322 1.66432
v -2.56691 -11.31787 1.72394
v -2.56691 -11.35459 1.49675
v -2.51205 -11.38322 1.66432
v -2.56691 -11.32513 1.59761
v -2.56691 -11.39497 1.45991
v -2.51205 -11.38322 1.66432
v -2.56691 -11.35459 1.49675
v -2.88856 -11.49506 -0.28044
v -2.90505 -11.56238 -0.31064
v -4.98351 -11.50450 0.69570
v -4.96702 -11.43719 0.72590
v -2.90505 -11.56238 -0.31064
v -2.93804 -11.56628 -0.37855
v -5.01650 -11.50841 0.62779
v -4.98351 -11.50450 0.69570
v -2.93804 -11.56628 -0.37855
v -2.95454 -11.50287 -0.41626
v -5.03300 -11.44500 0.59008
v -5.01650 -11.50841 0.62779
v -2.95454 -11.50287 -0.41626
v -2.93804 -11.43556 -0.38607
v -5.01650 -11.37768 0.62027
v -5.03300 -11.44500 0.59008
v -2.93804 -11.43556 -0.38607
v -2.90505 -11.43165 -0.31816
v -4.98351 -11.37378 0.68818
v -5.01650 -11.37768 0.62027
v -2.90505 -11.43165 -0.31816
v -2.88856 -11.49506 -0.28044
v -4.96702 -11.43719 0.72590
v -4.98351 -11.37378 0.68818
v -2.90505 -11.43165 -0.31816
v -2.93804 -11.43556 -0.38607
v -2.95454 -11.50287 -0.41626
v -2.93804 -11.56628 -0.37855
v -2.90505 -11.56238 -0.31064
v -2.88856 -11.49506 -0.28044
v -4.96702 -11.43719 0.72590
v -4.98351 -11.50450 0.69570
v -5.01650 -11.50841 0.62779
v -5.03300 -11.44500 0.59008
v -5.01650 -11.37768 0.62027
v -4.98351 -11.37378 0.68818
v -3.27618 -11.54662 -0.51153
v -3.27618 -11.51072 -0.55277
v -3.33105 -11.49897 -0.34835
v -3.27618 -11.56432 -0.40797
v -3.27618 -11.54662 -0.51153
v -3.33105 -11.49897 -0.34835
v -3.27618 -11.55705 -0.28164
v -3.27618 -11.56432 -0.40797
v -3.33105 -11.49897 -0.34835
v -3.27618 -11.52760 -0.18079
v -3.27618 -11.55705 -0.28164
v -3.33105 -11.49897 -0.34835
v -3.27618 -11.48721 -0.14394
v -3.27618 -11.52760 -0.18079
v -3.33105 -11.49897 -0.34835
v -3.27618 -11.45131 -0.18517
v -3.27618 -11.48721 -0.14394
v -3.33105 -11.49897 -0.34835
v -3.27618 -11.43362 -0.28874
v -3.27618 -11.45131 -0.18517
v -3.33105 -11.49897 -0.34835
v -3.27618 -11.44088 -0.41507
v -3.27618 -11.43362 -0.28874
v -3.33105 -11.49897 -0.34835
v -3.27618 -11.47034 -0.51592
v -3.27618 -11.44088 -0.41507
v -3.33105 -11.49897 -0.34835
v -3.27618 -11.51072 -0.55277
v -3.27618 -11.47034 -0.51592
v -3.33105 -11.49897 -0.34835
v -3.27618 -11.54662 -0.51153
v -3.12630 -11.58151 -0.63099
v -3.12630 -11.51933 -0.70241
v -3.27618 -11.51072 -0.55277
v -3.27618 -11.56432 -0.40797
v -3.12630 -11.61216 -0.45161
v -3.12630 -11.58151 -0.63099
v -3.27618 -11.54662 -0.51153
v -3.27618 -11.55705 -0.28164
v -3.12630 -11.59957 -0.23280
v -3.12630 -11.61216 -0.45161
v -3.27618 -11.56432 -0.40797
v -3.27618 -11.52760 -0.18079
v -3.12630 -11.54856 -0.05812
v -3.12630 -11.59957 -0.23280
v -3.27618 -11.55705 -0.28164
v -3.27618 -11.48721 -0.14394
v -3.12630 -11.47861 0.00570
v -3.12630 -11.54856 -0.05812
v -3.27618 -11.52760 -0.18079
v -3.27618 -11.45131 -0.18517
v -3.12630 -11.41643 -0.06572
v -3.12630 -11.47861 0.00570
v -3.27618 -11.48721 -0.14394
v -3.27618 -11.43362 -0.28874
v -3.12630 -11.38578 -0.24509
v -3.12630 -11.41643 -0.06572
v -3.27618 -11.45131 -0.18517
v -3.27618 -11.44088 -0.41507
v -3.12630 -11.39836 -0.46391
v -3.12630 -11.38578 -0.24509
v -3.27618 -11.43362 -0.28874
v -3.27618 -11.47034 -0.51592
v -3.12630 -11.44938 -0.63859
v -3.12630 -11.39836 -0.46391
v -3.27618 -11.44088 -0.41507
v -3.27618 -11.51072 -0.55277
v -3.12630 -11.51933 -0.70241
v -3.12630 -11.44938 -0.63859
v -3.27618 -11.47034 -0.51592
v -3.12630 -11.58151 -0.63099
v -2.92155 -11.59428 -0.67471
v -2.92155 -11.52248 -0.75718
v -3.12630 -11.51933 -0.70241
v -3.12630 -11.61216 -0.45161
v -2.92155 -11.62967 -0.46759
v -2.92155 -11.59428 -0.67471
v -3.12630 -11.58151 -0.63099
v -3.12630 -11.59957 -0.23280
v -2.92155 -11.61514 -0.21492
v -2.92155 -11.62967 -0.46759
v -3.12630 -11.61216 -0.45161
v -3.12630 -11.54856 -0.05812
v -2.92155 -11.55623 -0.01322
v -2.92155 -11.61514 -0.21492
v -3.12630 -11.59957 -0.23280
v -3.12630 -11.47861 0.00570
v -2.92155 -11.47546 0.06047
v -2.92155 -11.55623 -0.01322
v -3.12630 -11.54856 -0.05812
v -3.12630 -11.41643 -0.06572
v -2.92155 -11.40366 -0.02199
v -2.92155 -11.47546 0.06047
v -3.12630 -11.47861 0.00570
v -3.12630 -11.38578 -0.24509
v -2.92155 -11.36827 -0.22912
v -2.92155 -11.40366 -0.02199
v -3.12630 -11.41643 -0.06572
v -3.12630 -11.39836 -0.46391
v -2.92155 -11.38280 -0.48179
v -2.92155 -11.36827 -0.22912
v -3.12630 -11.38578 -0.24509
v -3.12630 -11.44938 -0.63859
v -2.92155 -11.44170 -0.68349
v -2.92155 -11.38280 -0.48179
v -3.12630 -11.39836 -0.46391
v -3.12630 -11.51933 -0.70241
v -2.92155 -11.52248 -0.75718
v -2.92155 -11.44170 -0.68349
v -3.12630 -11.44938 -0.63859
v -2.92155 -11.59428 -0.67471
v -2.71680 -11.58151 -0.63099
v -2.71680 -11.51933 -0.70241
v -2.92155 -11.52248 -0.75718
v -2.92155 -11.62967 -0.46759
v -2.71680 -11.61216 -0.45161
v -2.71680 -11.58151 -0.63099
v -2.92155 -11.59428 -0.67471
v -2.92155 -11.61514 -0.21492
v -2.71680 -11.59957 -0.23280
v -2.71680 -11.61216 -0.45161
v -2.92155 -11.62967 -0.46759
v -2.92155 -11.55623 -0.01322
v -2.71680 -11.54856 -0.05812
v -2.71680 -11.59957 -0.23280
v -2.92155 -11.61514 -0.21492
v -2.92155 -11.47546 0.06047
v -2.71680 -11.47861 0.00570
v -2.71680 -11.54856 -0.05812
v -2.92155 -11.55623 -0.01322
v -2.92155 -11.40366 -0.02199
v -2.71680 -11.41643 -0.06572
v -2.71680 -11.47861 0.00570
v -2.92155 -11.47546 0.06047
v -2.92155 -11.36827 -0.22912
v -2.71680 -11.38578 -0.24509
v -2.71680 -11.41643 -0.06572
v -2.92155 -11.40366 -0.02199
v -2.92155 -11.38280 -0.48179
v -2.71680 -11.39836 -0.46391
v -2.71680 -11.38578 -0.24509
v -2.92155 -11.36827 -0.22912
v -2.92155 -11.44170 -0.68349
v -2.71680 -11.44938 -0.63859
v -2.71680 -11.39836 -0.46391
v -2.92155 -11.38280 -0.48179
v -2.92155 -11.52248 -0.75718
v -2.71680 -11.51933 -0.70241
v -2.71680 -11.44938 -0.63859
v -2.92155 -11.44170 -0.68349
v -2.71680 -11.58151 -0.63099
v -2.56691 -11.54662 -0.51153
v -2.56691 -11.51072 -0.55277
v -2.71680 -11.51933 -0.70241
v -2.71680 -11.61216 -0.45161
v -2.56691 -11.56432 -0.40797
v -2.56691 -11.54662 -0.51153
v -2.71680 -11.58151 -0.63099
v -2.71680 -11.59957 -0.23280
v -2.56691 -11.55705 -0.28164
v -2.56691 -11.56432 -0.40797
v -2.71680 -11.61216 -0.45161
v -2.71680 -11.54856 -0.05812
v -2.56691 -11.52760 -0.18079
v -2.56691 -11.55705 -0.28164
v -2.71680 -11.59957 -0.23280
v -2.71680 -11.47861 0.00570
v -2.56691 -11.48721 -0.14394
v -2.56691 -11.52760 -0.18079
v -2.71680 -11.54856 -0.05812
v -2.71680 -11.41643 -0.06572
v -2.56691 -11.45131 -0.18517
v -2.56691 -11.48721 -0.14394
v -2.71680 -11.47861 0.00570
v -2.71680 -11.38578 -0.24509
v -2.56691 -11.43362 -0.28874
v -2.56691 -11.45131 -0.18517
v -2.71680 -11.41643 -0.06572
v -2.71680 -11.39836 -0.46391
v -2.56691 -11.44088 -0.41507
v -2.56691 -11.43362 -0.28874
v -2.71680 -11.38578 -0.24509
v -2.71680 -11.44938 -0.63859
v -2.56691 -11.47034 -0.51592
v -2.56691 -11.44088 -0.41507
v -2.71680 -11.39836 -0.46391
v -2.71680 -11.51933 -0.70241
v -2.56691 -11.51072 -0.55277
v -2.56691 -11.47034 -0.51592
v -2.71680 -11.44938 -0.63859
v -2.56691 -11.54662 -0.51153
v -2.51205 -11.49897 -0.34835
v -2.56691 -11.51072 -0.55277
v -2.56691 -11.56432 -0.40797
v -2.51205 -11.49897 -0.34835
v -2.56691 -11.54662 -0.51153
v -2.56691 -11.55705 -0.28164
v -2.51205 -11.49897 -0.34835
v -2.56691 -11.56432 -0.40797
v -2.56691 -11.52760 -0.18079
v -2.51205 -11.49897 -0.34835
v -2.56691 -11.55705 -0.28164
v -2.56691 -11.48721 -0.14394
v -2.51205 -11.49897 -0.34835
v -2.56691 -11.52760 -0.18079
v -2.56691 -11.45131 -0.18517
v -2.51205 -11.49897 -0.34835
v -2.56691 -11.48721 -0.14394
v -2.56691 -11.43362 -0.28874
v -2.51205 -11.49897 -0.34835
v -2.56691 -11.45131 -0.18517
v -2.56691 -11.44088 -0.41507
v -2.51205 -11.49897 -0.34835
v -2.56691 -11.43362 -0.28874
v -2.56691 -11.47034 -0.51592
v -2.51205 -11.49897 -0.34835
v -2.56691 -11.44088 -0.41507
v -2.56691 -11.51072 -0.55277
v -2.51205 -11.49897 -0.34835
v -2.56691 -11.47034 -0.51592
v -5.69846 -11.62581 0.41765
v -5.69846 -11.59747 0.37719
v -5.75601 -11.58086 0.66602
v -5.69846 -11.64210 0.52465
v -5.69846 -11.62581 0.41765
v -5.75601 -11.58086 0.66602
v -5.69846 -11.64199 0.66954
v -5.69846 -11.64210 0.52465
v -5.75601 -11.58086 0.66602
v -5.69846 -11.62549 0.81348
v -5.69846 -11.64199 0.66954
v -5.75601 -11.58086 0.66602
v -5.69846 -11.59704 0.91792
v -5.69846 -11.62549 0.81348
v -5.75601 -11.58086 0.66602
v -5.69846 -11.56425 0.95486
v -5.69846 -11.59704 0.91792
v -5.75601 -11.58086 0.66602
v -5.69846 -11.53591 0.91440
v -5.69846 -11.56425 0.95486
v -5.75601 -11.58086 0.66602
v -5.69846 -11.51962 0.80740
v -5.69846 -11.53591 0.91440
v -5.75601 -11.58086 0.66602
v -5.69846 -11.51973 0.66251
v -5.69846 -11.51962 0.80740
v -5.75601 -11.58086 0.66602
v -5.69846 -11.53623 0.51856
v -5.69846 -11.51973 0.66251
v -5.75601 -11.58086 0.66602
v -5.69846 -11.56468 0.41413
v -5.69846 -11.53623 0.51856
v -5.75601 -11.58086 0.66602
v -5.69846 -11.59747 0.37719
v -5.69846 -11.56468 0.41413
v -5.75601 -11.58086 0.66602
v -5.69846 -11.62581 0.41765
v -5.53458 -11.66392 0.20708
v -5.53458 -11.61155 0.13233
v -5.69846 -11.59747 0.37719
v -5.69846 -11.64210 0.52465
v -5.53458 -11.69403 0.40480
v -5.53458 -11.66392 0.20708
v -5.69846 -11.62581 0.41765
v -5.69846 -11.64199 0.66954
v -5.53458 -11.69381 0.67252
v -5.53458 -11.69403 0.40480
v -5.69846 -11.64210 0.52465
v -5.69846 -11.62549 0.81348
v -5.53458 -11.66333 0.93850
v -5.53458 -11.69381 0.67252
v -5.69846 -11.64199 0.66954
v -5.69846 -11.59704 0.91792
v -5.53458 -11.61075 1.13146
v -5.53458 -11.66333 0.93850
v -5.69846 -11.62549 0.81348
v -5.69846 -11.56425 0.95486
v -5.53458 -11.55017 1.19971
v -5.53458 -11.61075 1.13146
v -5.69846 -11.59704 0.91792
v -5.69846 -11.53591 0.91440
v -5.53458 -11.49780 1.12497
v -5.53458 -11.55017 1.19971
v -5.69846 -11.56425 0.95486
v -5.69846 -11.51962 0.80740
v -5.53458 -11.46770 0.92724
v -5.53458 -11.49780 1.12497
v -5.69846 -11.53591 0.91440
v -5.69846 -11.51973 0.66251
v -5.53458 -11.46791 0.65953
v -5.53458 -11.46770 0.92724
v -5.69846 -11.51962 0.80740
v -5.69846 -11.53623 0.51856
v -5.53458 -11.49839 0.39355
v -5.53458 -11.46791 0.65953
v -5.69846 -11.51973 0.66251
v -5.69846 -11.56468 0.41413
v -5.53458 -11.55097 0.20059
v -5.53458 -11.49839 0.39355
v -5.69846 -11.53623 0.51856
v -5.69846 -11.59747 0.37719
v -5.53458 -11.61155 0.13233
v -5.53458 -11.55097 0.20059
v -5.69846 -11.56468 0.41413
v -5.53458 -11.66392 0.20708
v -5.28932 -11.68938 0.06639
v -5.28932 -11.62096 -0.03128
v -5.53458 -11.61155 0.13233
v -5.53458 -11.69403 0.40480
v -5.28932 -11.72872 0.32472
v -5.28932 -11.68938 0.06639
v -5.53458 -11.66392 0.20708
v -5.53458 -11.69381 0.67252
v -5.28932 -11.72844 0.67451
v -5.28932 -11.72872 0.32472
v -5.53458 -11.69403 0.40480
v -5.53458 -11.66333 0.93850
v -5.28932 -11.68861 1.02202
v -5.28932 -11.72844 0.67451
v -5.53458 -11.69381 0.67252
v -5.53458 -11.61075 1.13146
v -5.28932 -11.61992 1.27415
v -5.28932 -11.68861 1.02202
v -5.53458 -11.66333 0.93850
v -5.53458 -11.55017 1.19971
v -5.28932 -11.54076 1.36332
v -5.28932 -11.61992 1.27415
v -5.53458 -11.61075 1.13146
v -5.53458 -11.49780 1.12497
v -5.28932 -11.47234 1.26566
v -5.28932 -11.54076 1.36332
v -5.53458 -11.55017 1.19971
v -5.53458 -11.46770 0.92724
v -5.28932 -11.43300 1.00732
v -5.28932 -11.47234 1.26566
v -5.53458 -11.49780 1.12497
v -5.53458 -11.46791 0.65953
v -5.28932 -11.43328 0.65754
v -5.28932 -11.43300 1.00732
v -5.53458 -11.46770 0.92724
v -5.53458 -11.49839 0.39355
v -5.28932 -11.47311 0.31002
v -5.28932 -11.43328 0.65754
v -5.53458 -11.46791 0.65953
v -5.53458 -11.55097 0.20059
v -5.28932 -11.54180 0.05790
v -5.28932 -11.47311 0.31002
v -5.53458 -11.49839 0.39355
v -5.53458 -11.61155 0.13233
v -5.28932 -11.62096 -0.03128
v -5.28932 -11.54180 0.05790
v -5.53458 -11.55097 0.20059
v -5.28932 -11.68938 0.06639
v -5.00001 -11.69832 0.01698
v -5.00001 -11.62427 -0.08873
v -5.28932 -11.62096 -0.03128
v -5.28932 -11.72872 0.32472
v -5.00001 -11.74090 0.29660
v -5.00001 -11.69832 0.01698
v -5.28932 -11.68938 0.06639
v -5.28932 -11.72844 0.67451
v -5.00001 -11.74060 0.67521
v -5.00001 -11.74090 0.29660
v -5.28932 -11.72872 0.32472
v -5.28932 -11.68861 1.02202
v -5.00001 -11.69749 1.05136
v -5.00001 -11.74060 0.67521
v -5.28932 -11.72844 0.67451
v -5.28932 -11.61992 1.27415
v -5.00001 -11.62314 1.32425
v -5.00001 -11.69749 1.05136
v -5.28932 -11.68861 1.02202
v -5.28932 -11.54076 1.36332
v -5.00001 -11.53745 1.42078
v -5.00001 -11.62314 1.32425
v -5.28932 -11.61992 1.27415
v -5.28932 -11.47234 1.26566
v -5.00001 -11.46340 1.31507
v -5.00001 -11.53745 1.42078
v -5.28932 -11.54076 1.36332
v -5.28932 -11.43300 1.00732
v -5.00001 -11.42082 1.03544
v -5.00001 -11.46340 1.31507
v -5.28932 -11.47234 1.26566
v -5.28932 -11.43328 0.65754
v -5.00001 -11.42112 0.65684
v -5.00001 -11.42082 1.03544
v -5.28932 -11.43300 1.00732
v -5.28932 -11.47311 0.31002
v -5.00001 -11.46423 0.28069
v -5.00001 -11.42112 0.65684
v -5.28932 -11.43328 0.65754
v -5.28932 -11.54180 0.05790
v -5.00001 -11.53858 0.00780
v -5.00001 -11.46423 0.28069
v -5.28932 -11.47311 0.31002
v -5.28932 -11.62096 -0.03128
v -5.00001 -11.62427 -0.08873
v -5.00001 -11.53858 0.00780
v -5.28932 -11.54180 0.05790
v -5.00001 -11.69832 0.01698
v -4.71070 -11.68938 0.06639
v -4.71070 -11.62096 -0.03128
v -5.00001 -11.62427 -0.08873
v -5.00001 -11.74090 0.29660
v -4.71070 -11.72872 0.32472
v -4.71070 -11.68938 0.06639
v -5.00001 -11.69832 0.01698
v -5.00001 -11.74060 0.67521
v -4.71070 -11.72844 0.67451
v -4.71070 -11.72872 0.32472
v -5.00001 -11.74090 0.29660
v -5.00001 -11.69749 1.05136
v -4.71070 -11.68862 1.02202
v -4.71070 -11.72844 0.67451
v -5.00001 -11.74060 0.67521
v -5.00001 -11.62314 1.32425
v -4.71070 -11.61992 1.27415
v -4.71070 -11.68862 1.02202
v -5.00001 -11.69749 1.05136
v -5.00001 -11.53745 1.42078
v -4.71070 -11.54076 1.36332
v -4.71070 -11.61992 1.27415
v -5.00001 -11.62314 1.32425
v -5.00001 -11.46340 1.31507
v -4.71070 -11.47234 1.26566
v -4.71070 -11.54076 1.36332
v -5.00001 -11.53745 1.42078
v -5.00001 -11.42082 1.03544
v -4.71070 -11.43300 1.00732
v -4.71070 -11.47234 1.26566
v -5.00001 -11.46340 1.31507
v -5.00001 -11.42112 0.65684
v -4.71070 -11.43328 0.65754
v -4.71070 -11.43300 1.00732
v -5.00001 -11.42082 1.03544
v -5.00001 -11.46423 0.28069
v -4.71070 -11.47311 0.31002
v -4.71070 -11.43328 0.65754
v -5.00001 -11.42112 0.65684
v -5.00001 -11.53858 0.00780
v -4.71070 -11.54180 0.05790
v -4.71070 -11.47311 0.31002
v -5.00001 -11.46423 0.28069
v -5.00001 -11.62427 -0.08873
v -4.71070 -11.62096 -0.03128
v -4.71070 -11.54180 0.05790
v -5.00001 -11.53858 0.00780
v -4.71070 -11.68938 0.06639
v -4.46543 -11.66392 0.20708
v -4.46543 -11.61155 0.13233
v -4.71070 -11.62096 -0.03128
v -4.71070 -11.72872 0.32472
v -4.46543 -11.69403 0.40480
v -4.46543 -11.66392 0.20708
v -4.71070 -11.68938 0.06639
v -4.71070 -11.72844 0.67451
v -4.46543 -11.69381 0.67252
v -4.46543 -11.69403 0.40480
v -4.71070 -11.72872 0.32472
v -4.71070 -11.68862 1.02202
v -4.46543 -11.66333 0.93849
v -4.46543 -11.69381 0.67252
v -4.71070 -11.72844 0.67451
v -4.71070 -11.61992 1.27415
v -4.46543 -11.61076 1.13146
v -4.46543 -11.66333 0.93849
v -4.71070 -11.68862 1.02202
v -4.71070 -11.54076 1.36332
v -4.46543 -11.55017 1.19971
v -4.46543 -11.61076 1.13146
v -4.71070 -11.61992 1.27415
v -4.71070 -11.47234 1.26566
v -4.46543 -11.49781 1.12497
v -4.46543 -11.55017 1.19971
v -4.71070 -11.54076 1.36332
v -4.71070 -11.43300 1.00732
v -4.46543 -11.46770 0.92724
v -4.46543 -11.49781 1.12497
v -4.71070 -11.47234 1.26566
v -4.71070 -11.43328 0.65754
v -4.46543 -11.46791 0.65953
v -4.46543 -11.46770 0.92724
v -4.71070 -11.43300 1.00732
v -4.71070 -11.47311 0.31002
v -4.46543 -11.49839 0.39355
v -4.46543 -11.46791 0.65953
v -4.71070 -11.43328 0.65754
v -4.71070 -11.54180 0.05790
v -4.46543 -11.55097 0.20059
v -4.46543 -11.49839 0.39355
v -4.71070 -11.47311 0.31002
v -4.71070 -11.62096 -0.03128
v -4.46543 -11.61155 0.13233
v -4.46543 -11.55097 0.20059
v -4.71070 -11.54180 0.05790
v -4.46543 -11.66392 0.20708
v -4.30155 -11.62581 0.41765
v -4.30155 -11.59747 0.37719
v -4.46543 -11.61155 0.13233
v -4.46543 -11.69403 0.40480
v -4.30155 -11.64211 0.52465
v -4.30155 -11.62581 0.41765
v -4.46543 -11.66392 0.20708
v -4.46543 -11.69381 0.67252
v -4.30155 -11.64199 0.66954
v -4.30155 -11.64211 0.52465
v -4.46543 -11.69403 0.40480
v -4.46543 -11.66333 0.93849
v -4.30155 -11.62549 0.81348
v -4.30155 -11.64199 0.66954
v -4.46543 -11.69381 0.67252
v -4.46543 -11.61076 1.13146
v -4.30155 -11.59704 0.91792
v -4.30155 -11.62549 0.81348
v -4.46543 -11.66333 0.93849
v -4.46543 -11.55017 1.19971
v -4.30155 -11.56425 0.95485
v -4.30155 -11.59704 0.91792
v -4.46543 -11.61076 1.13146
v -4.46543 -11.49781 1.12497
v -4.30155 -11.53591 0.91440
v -4.30155 -11.56425 0.95485
v -4.46543 -11.55017 1.19971
v -4.46543 -11.46770 0.92724
v -4.30155 -11.51962 0.80739
v -4.30155 -11.53591 0.91440
v -4.46543 -11.49781 1.12497
v -4.46543 -11.46791 0.65953
v -4.30155 -11.51973 0.66251
v -4.30155 -11.51962 0.80739
v -4.46543 -11.46770 0.92724
v -4.46543 -11.49839 0.39355
v -4.30155 -11.53623 0.51856
v -4.30155 -11.51973 0.66251
v -4.46543 -11.46791 0.65953
v -4.46543 -11.55097 0.20059
v -4.30155 -11.56468 0.41413
v -4.30155 -11.53623 0.51856
v -4.46543 -11.49839 0.39355
v -4.46543 -11.61155 0.13233
v -4.30155 -11.59747 0.37719
v -4.30155 -11.56468 0.41413
v -4.46543 -11.55097 0.20059
v -4.30155 -11.62581 0.41765
v -4.24401 -11.58086 0.66602
v -4.30155 -11.59747 0.37719
v -4.30155 -11.64211 0.52465
v -4.24401 -11.58086 0.66602
v -4.30155 -11.62581 0.41765
v -4.30155 -11.64199 0.66954
v -4.24401 -11.58086 0.66602
v -4.30155 -11.64211 0.52465
v -4.30155 -11.62549 0.81348
v -4.24401 -11.58086 0.66602
v -4.30155 -11.64199 0.66954
v -4.30155 -11.59704 0.91792
v -4.24401 -11.58086 0.66602
v -4.30155 -11.62549 0.81348
v -4.30155 -11.56425 0.95485
v -4.24401 -11.58086 0.66602
v -4.30155 -11.59704 0.91792
v -4.30155 -11.53591 0.91440
v -4.24401 -11.58086 0.66602
v -4.30155 -11.56425 0.95485
v -4.30155 -11.51962 0.80739
v -4.24401 -11.58086 0.66602
v -4.30155 -11.53591 0.91440
v -4.30155 -11.51973 0.66251
v -4.24401 -11.58086 0.66602
v -4.30155 -11.51962 0.80739
v -4.30155 -11.53623 0.51856
v -4.24401 -11.58086 0.66602
v -4.30155 -11.51973 0.66251
v -4.30155 -11.56468 0.41413
v -4.24401 -11.58086 0.66602
v -4.30155 -11.53623 0.51856
v -4.30155 -11.59747 0.37719
v -4.24401 -11.58086 0.66602
v -4.30155 -11.56468 0.41413
v -3.52170 -10.92647 0.17084
v -3.52170 -10.81057 0.12648
v -3.60001 -10.78218 0.62009
v -3.52170 -11.02040 0.28360
v -3.52170 -10.92647 0.17084
v -3.60001 -10.78218 0.62009
v -3.52170 -11.07807 0.44759
v -3.52170 -11.02040 0.28360
v -3.60001 -10.78218 0.62009
v -3.52170 -11.09069 0.63783
v -3.52170 -11.07807 0.44759
v -3.60001 -10.78218 0.62009
v -3.52170 -11.05634 0.82538
v -3.52170 -11.09069 0.63783
v -3.60001 -10.78218 0.62009
v -3.52170 -10.98026 0.98167
v -3.52170 -11.05634 0.82538
v -3.60001 -10.78218 0.62009
v -3.52170 -10.87401 1.08292
v -3.52170 -10.98026 0.98167
v -3.60001 -10.78218 0.62009
v -3.52170 -10.75379 1.11370
v -3.52170 -10.87401 1.08292
v -3.60001 -10.78218 0.62009
v -3.52170 -10.63789 1.06934
v -3.52170 -10.75379 1.11370
v -3.60001 -10.78218 0.62009
v -3.52170 -10.54396 0.95658
v -3.52170 -10.63789 1.06934
v -3.60001 -10.78218 0.62009
v -3.52170 -10.48629 0.79260
v -3.52170 -10.54396 0.95658
v -3.60001 -10.78218 0.62009
v -3.52170 -10.47367 0.60235
v -3.52170 -10.48629 0.79260
v -3.60001 -10.78218 0.62009
v -3.52170 -10.50802 0.41480
v -3.52170 -10.47367 0.60235
v -3.60001 -10.78218 0.62009
v -3.52170 -10.58411 0.25851
v -3.52170 -10.50802 0.41480
v -3.60001 -10.78218 0.62009
v -3.52170 -10.69035 0.15726
v -3.52170 -10.58411 0.25851
v -3.60001 -10.78218 0.62009
v -3.52170 -10.81057 0.12648
v -3.52170 -10.69035 0.15726
v -3.60001 -10.78218 0.62009
v -3.52170 -10.92647 0.17084
v -3.29443 -11.05663 -0.23443
v -3.29443 -10.83618 -0.31881
v -3.52170 -10.81057 0.12648
v -3.52170 -11.02040 0.28360
v -3.29443 -11.23530 -0.01995
v -3.29443 -11.05663 -0.23443
v -3.52170 -10.92647 0.17084
v -3.52170 -11.07807 0.44759
v -3.29443 -11.34499 0.29197
v -3.29443 -11.23530 -0.01995
v -3.52170 -11.02040 0.28360
v -3.52170 -11.09069 0.63783
v -3.29443 -11.36900 0.65384
v -3.29443 -11.34499 0.29197
v -3.52170 -11.07807 0.44759
v -3.52170 -11.05634 0.82538
v -3.29443 -11.30367 1.01057
v -3.29443 -11.36900 0.65384
v -3.52170 -11.09069 0.63783
v -3.52170 -10.98026 0.98167
v -3.29443 -11.15894 1.30786
v -3.29443 -11.30367 1.01057
v -3.52170 -11.05634 0.82538
v -3.52170 -10.87401 1.08292
v -3.29443 -10.95686 1.50044
v -3.29443 -11.15894 1.30786
v -3.52170 -10.98026 0.98167
v -3.52170 -10.75379 1.11370
v -3.29443 -10.72818 1.55900
v -3.29443 -10.95686 1.50044
v -3.52170 -10.87401 1.08292
v -3.52170 -10.63789 1.06934
v -3.29443 -10.50773 1.47461
v -3.29443 -10.72818 1.55900
v -3.52170 -10.75379 1.11370
v -3.52170 -10.54396 0.95658
v -3.29443 -10.32906 1.26013
v -3.29443 -10.50773 1.47461
v -3.52170 -10.63789 1.06934
v -3.52170 -10.48629 0.79260
v -3.29443 -10.21937 0.94821
v -3.29443 -10.32906 1.26013
v -3.52170 -10.54396 0.95658
v -3.52170 -10.47367 0.60235
v -3.29443 -10.19537 0.58634
v -3.29443 -10.21937 0.94821
v -3.52170 -10.48629 0.79260
v -3.52170 -10.50802 0.41480
v -3.29443 -10.26070 0.22961
v -3.29443 -10.19537 0.58634
v -3.52170 -10.47367 0.60235
v -3.52170 -10.58411 0.25851
v -3.29443 -10.40542 -0.06768
v -3.29443 -10.26070 0.22961
v -3.52170 -10.50802 0.41480
v -3.52170 -10.69035 0.15726
v -3.29443 -10.60750 -0.26026
v -3.29443 -10.40542 -0.06768
v -3.52170 -10.58411 0.25851
v -3.52170 -10.81057 0.12648
v -3.29443 -10.83618 -0.31881
v -3.29443 -10.60750 -0.26026
v -3.52170 -10.69035 0.15726
v -3.29443 -11.05663 -0.23443
v -2.94046 -11.15993 -0.55606
v -2.94046 -10.85650 -0.67220
v -3.29443 -10.83618 -0.31881
v -3.29443 -11.23530 -0.01995
v -2.94046 -11.40585 -0.26085
v -2.94046 -11.15993 -0.55606
v -3.29443 -11.05663 -0.23443
v -3.29443 -11.34499 0.29197
v -2.94046 -11.55682 0.16847
v -2.94046 -11.40585 -0.26085
v -3.29443 -11.23530 -0.01995
v -3.29443 -11.36900 0.65384
v -2.94046 -11.58986 0.66654
v -2.94046 -11.55682 0.16847
v -3.29443 -11.34499 0.29197
v -3.29443 -11.30367 1.01057
v -2.94046 -11.49994 1.15754
v -2.94046 -11.58986 0.66654
v -3.29443 -11.36900 0.65384
v -3.29443 -11.15894 1.30786
v -2.94046 -11.30075 1.56672
v -2.94046 -11.49994 1.15754
v -3.29443 -11.30367 1.01057
v -3.29443 -10.95686 1.50044
v -2.94046 -11.02261 1.83179
v -2.94046 -11.30075 1.56672
v -3.29443 -11.15894 1.30786
v -3.29443 -10.72818 1.55900
v -2.94046 -10.70786 1.91238
v -2.94046 -11.02261 1.83179
v -3.29443 -10.95686 1.50044
v -3.29443 -10.50773 1.47461
v -2.94046 -10.40443 1.79624
v -2.94046 -10.70786 1.91238
v -3.29443 -10.72818 1.55900
v -3.29443 -10.32906 1.26013
v -2.94046 -10.15851 1.50103
v -2.94046 -10.40443 1.79624
v -3.29443 -10.50773 1.47461
v -3.29443 -10.21937 0.94821
v -2.94046 -10.00754 1.07171
v -2.94046 -10.15851 1.50103
v -3.29443 -10.32906 1.26013
v -3.29443 -10.19537 0.58634
v -2.94046 -9.97450 0.57364
v -2.94046 -10.00754 1.07171
v -3.29443 -10.21937 0.94821
v -3.29443 -10.26070 0.22961
v -2.94046 -10.06442 0.08264
v -2.94046 -9.97450 0.57364
v -3.29443 -10.19537 0.58634
v -3.29443 -10.40542 -0.06768
v -2.94046 -10.26362 -0.32654
v -2.94046 -10.06442 0.08264
v -3.29443 -10.26070 0.22961
v -3.29443 -10.60750 -0.26026
v -2.94046 -10.54176 -0.59161
v -2.94046 -10.26362 -0.32654
v -3.29443 -10.40542 -0.06768
v -3.29443 -10.83618 -0.31881
v -2.94046 -10.85650 -0.67220
v -2.94046 -10.54176 -0.59161
v -3.29443 -10.60750 -0.26026
v -2.94046 -11.15993 -0.55606
v -2.49443 -11.22625 -0.76255
v -2.49443 -10.86955 -0.89909
v -2.94046 -10.85650 -0.67220
v -2.94046 -11.40585 -0.26085
v -2.49443 -11.51535 -0.41552
v -2.49443 -11.22625 -0.76255
v -2.94046 -11.15993 -0.55606
v -2.94046 -11.55682 0.16847
v -2.49443 -11.69283 0.08917
v -2.49443 -11.51535 -0.41552
v -2.94046 -11.40585 -0.26085
v -2.94046 -11.58986 0.66654
v -2.49443 -11.73167 0.67470
v -2.49443 -11.69283 0.08917
v -2.94046 -11.55682 0.16847
v -2.94046 -11.49994 1.15754
v -2.49443 -11.62596 1.25190
v -2.49443 -11.73167 0.67470
v -2.94046 -11.58986 0.66654
v -2.94046 -11.30075 1.56672
v -2.49443 -11.39179 1.73292
v -2.49443 -11.62596 1.25190
v -2.94046 -11.49994 1.15754
v -2.94046 -11.02261 1.83179
v -2.49443 -11.06482 2.04453
v -2.49443 -11.39179 1.73292
v -2.94046 -11.30075 1.56672
v -2.94046 -10.70786 1.91238
v -2.49443 -10.69481 2.13927
v -2.49443 -11.06482 2.04453
v -2.94046 -11.02261 1.83179
v -2.94046 -10.40443 1.79624
v -2.49443 -10.33811 2.00273
v -2.49443 -10.69481 2.13927
v -2.94046 -10.70786 1.91238
v -2.94046 -10.15851 1.50103
v -2.49443 -10.04901 1.65570
v -2.49443 -10.33811 2.00273
v -2.94046 -10.40443 1.79624
v -2.94046 -10.00754 1.07171
v -2.49443 -9.87154 1.15101
v -2.49443 -10.04901 1.65570
v -2.94046 -10.15851 1.50103
v -2.94046 -9.97450 0.57364
v -2.49443 -9.83270 0.56548
v -2.49443 -9.87154 1.15101
v -2.94046 -10.00754 1.07171
v -2.94046 -10.06442 0.08264
v -2.49443 -9.93841 -0.01172
v -2.49443 -9.83270 0.56548
v -2.94046 -9.97450 0.57364
v -2.94046 -10.26362 -0.32654
v -2.49443 -10.17257 -0.49274
v -2.49443 -9.93841 -0.01172
v -2.94046 -10.06442 0.08264
v -2.94046 -10.54176 -0.59161
v -2.49443 -10.49955 -0.80435
v -2.49443 -10.17257 -0.49274
v -2.94046 -10.26362 -0.32654
v -2.94046 -10.85650 -0.67220
v -2.49443 -10.86955 -0.89909
v -2.49443 -10.49955 -0.80435
v -2.94046 -10.54176 -0.59161
v -2.49443 -11.22625 -0.76255
v -2.00001 -11.24911 -0.83371
v -2.00001 -10.87405 -0.97727
v -2.49443 -10.86955 -0.89909
v -2.49443 -11.51535 -0.41552
v -2.00001 -11.55308 -0.46882
v -2.00001 -11.24911 -0.83371
v -2.49443 -11.22625 -0.76255
v -2.49443 -11.69283 0.08917
v -2.00001 -11.73969 0.06185
v -2.00001 -11.55308 -0.46882
v -2.49443 -11.51535 -0.41552
v -2.49443 -11.73167 0.67470
v -2.00001 -11.78053 0.67751
v -2.00001 -11.73969 0.06185
v -2.49443 -11.69283 0.08917
v -2.49443 -11.62596 1.25190
v -2.00001 -11.66938 1.28442
v -2.00001 -11.78053 0.67751
v -2.49443 -11.73167 0.67470
v -2.49443 -11.39179 1.73292
v -2.00001 -11.42316 1.79019
v -2.00001 -11.66938 1.28442
v -2.49443 -11.62596 1.25190
v -2.49443 -11.06482 2.04453
v -2.00001 -11.07936 2.11783
v -2.00001 -11.42316 1.79019
v -2.49443 -11.39179 1.73292
v -2.49443 -10.69481 2.13927
v -2.00001 -10.69032 2.21745
v -2.00001 -11.07936 2.11783
v -2.49443 -11.06482 2.04453
v -2.49443 -10.33811 2.00273
v -2.00001 -10.31526 2.07389
v -2.00001 -10.69032 2.21745
v -2.49443 -10.69481 2.13927
v -2.49443 -10.04901 1.65570
v -2.00001 -10.01128 1.70899
v -2.00001 -10.31526 2.07389
v -2.49443 -10.33811 2.00273
v -2.49443 -9.87154 1.15101
v -2.00001 -9.82467 1.17833
v -2.00001 -10.01128 1.70899
v -2.49443 -10.04901 1.65570
v -2.49443 -9.83270 0.56548
v -2.00001 -9.78383 0.56267
v -2.00001 -9.82467 1.17833
v -2.49443 -9.87154 1.15101
v -2.49443 -9.93841 -0.01172
v -2.00001 -9.89498 -0.04424
v -2.00001 -9.78383 0.56267
v -2.49443 -9.83270 0.56548
v -2.49443 -10.17257 -0.49274
v -2.00001 -10.14120 -0.55001
v -2.00001 -9.89498 -0.04424
v -2.49443 -9.93841 -0.01172
v -2.49443 -10.49955 -0.80435
v -2.00001 -10.48500 -0.87765
v -2.00001 -10.14120 -0.55001
v -2.49443 -10.17257 -0.49274
v -2.49443 -10.86955 -0.89909
v -2.00001 -10.87405 -0.97727
v -2.00001 -10.48500 -0.87765
v -2.49443 -10.49955 -0.80435
v -2.00001 -11.24911 -0.83371
v -1.50558 -11.22625 -0.76255
v -1.50558 -10.86955 -0.89909
v -2.00001 -10.87405 -0.97727
v -2.00001 -11.55308 -0.46882
v -1.50558 -11.51535 -0.41552
v -1.50558 -11.22625 -0.76255
v -2.00001 -11.24911 -0.83371
v -2.00001 -11.73969 0.06185
v -1.50558 -11.69283 0.08917
v -1.50558 -11.51535 -0.41552
v -2.00001 -11.55308 -0.46882
v -2.00001 -11.78053 0.67751
v -1.50558 -11.73167 0.67470
v -1.50558 -11.69283 0.08917
v -2.00001 -11.73969 0.06185
v -2.00001 -11.66938 1.28442
v -1.50558 -11.62596 1.25190
v -1.50558 -11.73167 0.67470
v -2.00001 -11.78053 0.67751
v -2.00001 -11.42316 1.79019
v -1.50558 -11.39179 1.73292
v -1.50558 -11.62596 1.25190
v -2.00001 -11.66938 1.28442
v -2.00001 -11.07936 2.11783
v -1.50558 -11.06482 2.04453
v -1.50558 -11.39179 1.73292
v -2.00001 -11.42316 1.79019
v -2.00001 -10.69032 2.21745
v -1.50558 -10.69481 2.13927
v -1.50558 -11.06482 2.04453
v -2.00001 -11.07936 2.11783
v -2.00001 -10.31526 2.07389
v -1.50558 -10.33811 2.00273
v -1.50558 -10.69481 2.13927
v -2.00001 -10.69032 2.21745
v -2.00001 -10.01128 1.70899
v -1.50558 -10.04902 1.65570
v -1.50558 -10.33811 2.00273
v -2.00001 -10.31526 2.07389
v -2.00001 -9.82467 1.17833
v -1.50558 -9.87154 1.15101
v -1.50558 -10.04902 1.65570
v -2.00001 -10.01128 1.70899
v -2.00001 -9.78383 0.56267
v -1.50558 -9.83270 0.56548
v -1.50558 -9.87154 1.15101
v -2.00001 -9.82467 1.17833
v -2.00001 -9.89498 -0.04424
v -1.50558 -9.93841 -0.01172
v -1.50558 -9.83270 0.56548
v -2.00001 -9.78383 0.56267
v -2.00001 -10.14120 -0.55001
v -1.50558 -10.17257 -0.49275
v -1.50558 -9.93841 -0.01172
v -2.00001 -9.89498 -0.04424
v -2.00001 -10.48500 -0.87765
v -1.50558 -10.49955 -0.80435
v -1.50558 -10.17257 -0.49275
v -2.00001 -10.14120 -0.55001
v -2.00001 -10.87405 -0.97727
v -1.50558 -10.86955 -0.89909
v -1.50558 -10.49955 -0.80435
v -2.00001 -10.48500 -0.87765
v -1.50558 -11.22625 -0.76255
v -1.05955 -11.15993 -0.55606
v -1.05955 -10.85650 -0.67220
v -1.50558 -10.86955 -0.89909
v -1.50558 -11.51535 -0.41552
v -1.05955 -11.40585 -0.26085
v -1.05955 -11.15993 -0.55606
v -1.50558 -11.22625 -0.76255
v -1.50558 -11.69283 0.08917
v -1.05955 -11.55683 0.16847
v -1.05955 -11.40585 -0.26085
v -1.50558 -11.51535 -0.41552
v -1.50558 -11.73167 0.67470
v -1.05955 -11.58987 0.66654
v -1.05955 -11.55683 0.16847
v -1.50558 -11.69283 0.08917
v -1.50558 -11.62596 1.25190
v -1.05955 -11.49994 1.15754
v -1.05955 -11.58987 0.66654
v -1.50558 -11.73167 0.67470
v -1.50558 -11.39179 1.73292
v -1.05955 -11.30075 1.56672
v -1.05955 -11.49994 1.15754
v -1.50558 -11.62596 1.25190
v -1.50558 -11.06482 2.04453
v -1.05955 -11.02261 1.83179
v -1.05955 -11.30075 1.56672
v -1.50558 -11.39179 1.73292
v -1.50558 -10.69481 2.13927
v -1.05955 -10.70786 1.91238
v -1.05955 -11.02261 1.83179
v -1.50558 -11.06482 2.04453
v -1.50558 -10.33811 2.00273
v -1.05955 -10.40443 1.79624
v -1.05955 -10.70786 1.91238
v -1.50558 -10.69481 2.13927
v -1.50558 -10.04902 1.65570
v -1.05955 -10.15851 1.50103
v -1.05955 -10.40443 1.79624
v -1.50558 -10.33811 2.00273
v -1.50558 -9.87154 1.15101
v -1.05955 -10.00754 1.07171
v -1.05955 -10.15851 1.50103
v -1.50558 -10.04902 1.65570
v -1.50558 -9.83270 0.56548
v -1.05955 -9.97450 0.57364
v -1.05955 -10.00754 1.07171
v -1.50558 -9.87154 1.15101
v -1.50558 -9.93841 -0.01172
v -1.05955 -10.06442 0.08264
v -1.05955 -9.97450 0.57364
v -1.50558 -9.83270 0.56548
v -1.50558 -10.17257 -0.49275
v -1.05955 -10.26362 -0.32654
v -1.05955 -10.06442 0.08264
v -1.50558 -9.93841 -0.01172
v -1.50558 -10.49955 -0.80435
v -1.05955 -10.54176 -0.59161
v -1.05955 -10.26362 -0.32654
v -1.50558 -10.17257 -0.49275
v -1.50558 -10.86955 -0.89909
v -1.05955 -10.85650 -0.67220
v -1.05955 -10.54176 -0.59161
v -1.50558 -10.49955 -0.80435
v -1.05955 -11.15993 -0.55606
v -0.70558 -11.05663 -0.23443
v -0.70558 -10.83618 -0.31882
v -1.05955 -10.85650 -0.67220
v -1.05955 -11.40585 -0.26085
v -0.70558 -11.23531 -0.01995
v -0.70558 -11.05663 -0.23443
v -1.05955 -11.15993 -0.55606
v -1.05955 -11.55683 0.16847
v -0.70558 -11.34499 0.29196
v -0.70558 -11.23531 -0.01995
v -1.05955 -11.40585 -0.26085
v -1.05955 -11.58987 0.66654
v -0.70558 -11.36900 0.65384
v -0.70558 -11.34499 0.29196
v -1.05955 -11.55683 0.16847
v -1.05955 -11.49994 1.15754
v -0.70558 -11.30367 1.01057
v -0.70558 -11.36900 0.65384
v -1.05955 -11.58987 0.66654
v -1.05955 -11.30075 1.56672
v -0.70558 -11.15894 1.30786
v -0.70558 -11.30367 1.01057
v -1.05955 -11.49994 1.15754
v -1.05955 -11.02261 1.83179
v -0.70558 -10.95686 1.50044
v -0.70558 -11.15894 1.30786
v -1.05955 -11.30075 1.56672
v -1.05955 -10.70786 1.91238
v -0.70558 -10.72819 1.55899
v -0.70558 -10.95686 1.50044
v -1.05955 -11.02261 1.83179
v -1.05955 -10.40443 1.79624
v -0.70558 -10.50773 1.47461
v -0.70558 -10.72819 1.55899
v -1.05955 -10.70786 1.91238
v -1.05955 -10.15851 1.50103
v -0.70558 -10.32906 1.26013
v -0.70558 -10.50773 1.47461
v -1.05955 -10.40443 1.79624
v -1.05955 -10.00754 1.07171
v -0.70558 -10.21937 0.94821
v -0.70558 -10.32906 1.26013
v -1.05955 -10.15851 1.50103
v -1.05955 -9.97450 0.57364
v -0.70558 -10.19537 0.58634
v -0.70558 -10.21937 0.94821
v -1.05955 -10.00754 1.07171
v -1.05955 -10.06442 0.08264
v -0.70558 -10.26070 0.22961
v -0.70558 -10.19537 0.58634
v -1.05955 -9.97450 0.57364
v -1.05955 -10.26362 -0.32654
v -0.70558 -10.40542 -0.06768
v -0.70558 -10.26070 0.22961
v -1.05955 -10.06442 0.08264
v -1.05955 -10.54176 -0.59161
v -0.70558 -10.60751 -0.26026
v -0.70558 -10.40542 -0.06768
v -1.05955 -10.26362 -0.32654
v -1.05955 -10.85650 -0.67220
v -0.70558 -10.83618 -0.31882
v -0.70558 -10.60751 -0.26026
v -1.05955 -10.54176 -0.59161
v -0.70558 -11.05663 -0.23443
v -0.47832 -10.92647 0.17084
v -0.47832 -10.81057 0.12648
v -0.70558 -10.83618 -0.31882
v -0.70558 -11.23531 -0.01995
v -0.47832 -11.02040 0.28360
v -0.47832 -10.92647 0.17084
v -0.70558 -11.05663 -0.23443
v -0.70558 -11.34499 0.29196
v -0.47832 -11.07807 0.44758
v -0.47832 -11.02040 0.28360
v -0.70558 -11.23531 -0.01995
v -0.70558 -11.36900 0.65384
v -0.47832 -11.09069 0.63783
v -0.47832 -11.07807 0.44758
v -0.70558 -11.34499 0.29196
v -0.70558 -11.30367 1.01057
v -0.47832 -11.05634 0.82538
v -0.47832 -11.09069 0.63783
v -0.70558 -11.36900 0.65384
v -0.70558 -11.15894 1.30786
v -0.47832 -10.98026 0.98167
v -0.47832 -11.05634 0.82538
v -0.70558 -11.30367 1.01057
v -0.70558 -10.95686 1.50044
v -0.47832 -10.87402 1.08292
v -0.47832 -10.98026 0.98167
v -0.70558 -11.15894 1.30786
v -0.70558 -10.72819 1.55899
v -0.47832 -10.75380 1.11370
v -0.47832 -10.87402 1.08292
v -0.70558 -10.95686 1.50044
v -0.70558 -10.50773 1.47461
v -0.47832 -10.63790 1.06934
v -0.47832 -10.75380 1.11370
v -0.70558 -10.72819 1.55899
v -0.70558 -10.32906 1.26013
v -0.47832 -10.54396 0.95658
v -0.47832 -10.63790 1.06934
v -0.70558 -10.50773 1.47461
v -0.70558 -10.21937 0.94821
v -0.47832 -10.48630 0.79259
v -0.47832 -10.54396 0.95658
v -0.70558 -10.32906 1.26013
v -0.70558 -10.19537 0.58634
v -0.47832 -10.47368 0.60235
v -0.47832 -10.48630 0.79259
v -0.70558 -10.21937 0.94821
v -0.70558 -10.26070 0.22961
v -0.47832 -10.50802 0.41480
v -0.47832 -10.47368 0.60235
v -0.70558 -10.19537 0.58634
v -0.70558 -10.40542 -0.06768
v -0.47832 -10.58411 0.25851
v -0.47832 -10.50802 0.41480
v -0.70558 -10.26070 0.22961
v -0.70558 -10.60751 -0.26026
v -0.47832 -10.69035 0.15726
v -0.47832 -10.58411 0.25851
v -0.70558 -10.40542 -0.06768
v -0.70558 -10.83618 -0.31882
v -0.47832 -10.81057 0.12648
v -0.47832 -10.69035 0.15726
v -0.70558 -10.60751 -0.26026
v -0.47832 -10.92647 0.17084
v -0.40001 -10.78218 0.62009
v -0.47832 -10.81057 0.12648
v -0.47832 -11.02040 0.28360
v -0.40001 -10.78218 0.62009
v -0.47832 -10.92647 0.17084
v -0.47832 -11.07807 0.44758
v -0.40001 -10.78218 0.62009
v -0.47832 -11.02040 0.28360
v -0.47832 -11.09069 0.63783
v -0.40001 -10.78218 0.62009
v -0.47832 -11.07807 0.44758
v -0.47832 -11.05634 0.82538
v -0.40001 -10.78218 0.62009
v -0.47832 -11.09069 0.63783
v -0.47832 -10.98026 0.98167
v -0.40001 -10.78218 0.62009
v -0.47832 -11.05634 0.82538
v -0.47832 -10.87402 1.08292
v -0.40001 -10.78218 0.62009
v -0.47832 -10.98026 0.98167
v -0.47832 -10.75380 1.11370
v -0.40001 -10.78218 0.62009
v -0.47832 -10.87402 1.08292
v -0.47832 -10.63790 1.06934
v -0.40001 -10.78218 0.62009
v -0.47832 -10.75380 1.11370
v -0.47832 -10.54396 0.95658
v -0.40001 -10.78218 0.62009
v -0.47832 -10.63790 1.06934
v -0.47832 -10.48630 0.79259
v -0.40001 -10.78218 0.62009
v -0.47832 -10.54396 0.95658
v -0.47832 -10.47368 0.60235
v -0.40001 -10.78218 0.62009
v -0.47832 -10.48630 0.79259
v -0.47832 -10.50802 0.41480
v -0.40001 -10.78218 0.62009
v -0.47832 -10.47368 0.60235
v -0.47832 -10.58411 0.25851
v -0.40001 -10.78218 0.62009
v -0.47832 -10.50802 0.41480
v -0.47832 -10.69035 0.15726
v -0.40001 -10.78218 0.62009
v -0.47832 -10.58411 0.25851
v -0.47832 -10.81057 0.12648
v -0.40001 -10.78218 0.62009
v -0.47832 -10.69035 0.15726
vt -0.111012 0.853611
vt -0.111012 0.852123
vt -0.131012 0.830027
vt -0.131012 0.831737
vt -0.111012 0.885277
vt -0.131012 0.863402
vt -0.131012 0.862026
vt -0.111012 0.884123
vt -0.111012 0.852123
vt -0.111012 0.853454
vt -0.131012 0.831557
vt -0.131012 0.830027
vt -0.111012 0.884123
vt -0.131012 0.862026
vt -0.131012 0.863280
vt -0.111012 0.885178
vt -0.111012 0.853454
vt -0.111012 0.857579
vt -0.131012 0.836298
vt -0.131012 0.831557
vt -0.111012 0.885178
vt -0.131012 0.863280
vt -0.131012 0.867140
vt -0.111012 0.888421
vt -0.111012 0.857579
vt -0.111012 0.864418
vt -0.131012 0.844159
vt -0.131012 0.836298
vt -0.111012 0.888421
vt -0.131012 0.867140
vt -0.131012 0.873532
vt -0.111012 0.893792
vt -0.111012 0.864418
vt -0.111012 0.873841
vt -0.131012 0.854990
vt -0.131012 0.844159
vt -0.111012 0.893792
vt -0.131012 0.873532
vt -0.131012 0.882335
vt -0.111012 0.901186
vt -0.111012 0.873841
vt -0.111012 0.885670
vt -0.131012 0.868586
vt -0.131012 0.854990
vt -0.111012 0.901186
vt -0.131012 0.882335
vt -0.131012 0.893381
vt -0.111012 0.910465
vt -0.111012 0.885670
vt -0.111012 0.899677
vt -0.131012 0.884686
vt -0.131012 0.868586
vt -0.111012 0.910465
vt -0.131012 0.893381
vt -0.131012 0.906459
vt -0.111012 0.921450
vt -0.111012 0.899677
vt -0.111012 0.915597
vt -0.131012 0.902985
vt -0.131012 0.884686
vt -0.111012 0.921450
vt -0.131012 0.906459
vt -0.131012 0.921320
vt -0.111012 0.933932
vt -0.111012 0.915597
vt -0.111012 0.933125
vt -0.131012 0.923132
vt -0.131012 0.902985
vt -0.111012 0.933932
vt -0.131012 0.921320
vt -0.131012 0.937681
vt -0.111012 0.947673
vt -0.111012 0.933125
vt -0.111012 0.951928
vt -0.131012 0.944745
vt -0.131012 0.923132
vt -0.111012 0.947673
vt -0.131012 0.937681
vt -0.131012 0.955229
vt -0.111012 0.962412
vt -0.111012 0.951928
vt -0.111012 0.971648
vt -0.131012 0.967411
vt -0.131012 0.944745
vt -0.111012 0.962412
vt -0.131012 0.955229
vt -0.131012 0.973631
vt -0.111012 0.977868
vt -0.111012 0.971648
vt -0.111012 0.991908
vt -0.131012 0.990699
vt -0.131012 0.967411
vt -0.111012 0.977868
vt -0.131012 0.973631
vt -0.131012 0.992536
vt -0.111012 0.993745
vt -0.111012 0.991908
vt -0.111012 1.012322
vt -0.131012 1.014163
vt -0.131012 0.990699
vt -0.111012 0.993745
vt -0.131012 0.992536
vt -0.131012 1.011583
vt -0.111012 1.009742
vt -0.111012 1.012322
vt -0.111012 1.032501
vt -0.131012 1.037358
vt -0.131012 1.014163
vt -0.111012 1.009742
vt -0.131012 1.011583
vt -0.131012 1.030409
vt -0.111012 1.025552
vt -0.111012 1.032501
vt -0.111012 1.052061
vt -0.131012 1.059840
vt -0.131012 1.037358
vt -0.111012 1.025552
vt -0.131012 1.030409
vt -0.131012 1.048655
vt -0.111012 1.040876
vt -0.111012 1.052061
vt -0.111012 1.070629
vt -0.131012 1.081182
vt -0.131012 1.059840
vt -0.111012 1.040876
vt -0.131012 1.048655
vt -0.131012 1.065974
vt -0.111012 1.055421
vt -0.111012 1.070629
vt -0.111012 1.087850
vt -0.131012 1.100977
vt -0.131012 1.081182
vt -0.111012 1.055421
vt -0.131012 1.065974
vt -0.131012 1.082036
vt -0.111012 1.068909
vt -0.111012 1.087850
vt -0.111012 1.103396
vt -0.131012 1.118846
vt -0.131012 1.100977
vt -0.111012 1.068909
vt -0.131012 1.082036
vt -0.131012 1.096534
vt -0.111012 1.081084
vt -0.111012 1.103396
vt -0.111012 1.116972
vt -0.131012 1.134451
vt -0.131012 1.118846
vt -0.111012 1.081084
vt -0.131012 1.096534
vt -0.131012 1.109192
vt -0.111012 1.091713
vt -0.111012 1.116972
vt -0.111012 1.128318
vt -0.131012 1.147492
vt -0.131012 1.134451
vt -0.111012 1.091713
vt -0.131012 1.109192
vt -0.131012 1.119768
vt -0.111012 1.100594
vt -0.111012 1.128318
vt -0.111012 1.137219
vt -0.131012 1.157723
vt -0.131012 1.147492
vt -0.111012 1.100594
vt -0.131012 1.119768
vt -0.131012 1.128062
vt -0.111012 1.107558
vt -0.111012 1.137219
vt -0.111012 1.143504
vt -0.131012 1.164947
vt -0.131012 1.157723
vt -0.111012 1.107558
vt -0.131012 1.128062
vt -0.131012 1.133914
vt -0.111012 1.112471
vt -0.111012 1.143504
vt -0.111012 1.147053
vt -0.131012 1.169026
vt -0.131012 1.164947
vt -0.111012 1.112471
vt -0.131012 1.133914
vt -0.131012 1.137214
vt -0.111012 1.115241
vt -0.111012 1.147053
vt -0.111012 1.147799
vt -0.131012 1.169884
vt -0.131012 1.169026
vt -0.111012 1.115241
vt -0.131012 1.137214
vt -0.131012 1.137899
vt -0.111012 1.115814
vt -0.131012 0.831737
vt -0.131012 0.830027
vt -0.271804 0.835112
vt -0.271804 0.836809
vt -0.131012 0.863402
vt -0.271804 0.868474
vt -0.271804 0.867111
vt -0.131012 0.862026
vt -0.131012 0.830027
vt -0.131012 0.831557
vt -0.271804 0.836558
vt -0.271804 0.835112
vt -0.131012 0.862026
vt -0.271804 0.867111
vt -0.271804 0.868281
vt -0.131012 0.863280
vt -0.131012 0.831557
vt -0.131012 0.836298
vt -0.271804 0.841119
vt -0.271804 0.836558
vt -0.131012 0.863280
vt -0.271804 0.868281
vt -0.271804 0.871961
vt -0.131012 0.867140
vt -0.131012 0.836298
vt -0.131012 0.844159
vt -0.271804 0.848709
vt -0.271804 0.841119
vt -0.131012 0.867140
vt -0.271804 0.871961
vt -0.271804 0.878082
vt -0.131012 0.873532
vt -0.131012 0.844159
vt -0.131012 0.854990
vt -0.271804 0.859182
vt -0.271804 0.848709
vt -0.131012 0.873532
vt -0.271804 0.878082
vt -0.271804 0.886527
vt -0.131012 0.882335
vt -0.131012 0.854990
vt -0.131012 0.868586
vt -0.271804 0.872339
vt -0.271804 0.859182
vt -0.131012 0.882335
vt -0.271804 0.886527
vt -0.271804 0.897135
vt -0.131012 0.893381
vt -0.131012 0.868586
vt -0.131012 0.884686
vt -0.271804 0.887930
vt -0.271804 0.872339
vt -0.131012 0.893381
vt -0.271804 0.897135
vt -0.271804 0.909703
vt -0.131012 0.906459
vt -0.131012 0.884686
vt -0.131012 0.902985
vt -0.271804 0.905658
vt -0.271804 0.887930
vt -0.131012 0.906459
vt -0.271804 0.909703
vt -0.271804 0.923993
vt -0.131012 0.921320
vt -0.131012 0.902985
vt -0.131012 0.923132
vt -0.271804 0.925183
vt -0.271804 0.905658
vt -0.131012 0.921320
vt -0.271804 0.923993
vt -0.271804 0.939731
vt -0.131012 0.937681
vt -0.131012 0.923132
vt -0.131012 0.944745
vt -0.271804 0.946134
vt -0.271804 0.925183
vt -0.131012 0.937681
vt -0.271804 0.939731
vt -0.271804 0.956618
vt -0.131012 0.955229
vt -0.131012 0.944745
vt -0.131012 0.967411
vt -0.271804 0.968113
vt -0.271804 0.946134
vt -0.131012 0.955229
vt -0.271804 0.956618
vt -0.271804 0.974333
vt -0.131012 0.973631
vt -0.131012 0.967411
vt -0.131012 0.990699
vt -0.271805 0.990699
vt -0.271804 0.968113
vt -0.131012 0.973631
vt -0.271804 0.974333
vt -0.271804 0.992536
vt -0.131012 0.992536
vt -0.131012 0.990699
vt -0.131012 1.014163
vt -0.271805 1.013462
vt -0.271805 0.990699
vt -0.131012 0.992536
vt -0.271804 0.992536
vt -0.271805 1.010881
vt -0.131012 1.011583
vt -0.131012 1.014163
vt -0.131012 1.037358
vt -0.271805 1.035969
vt -0.271805 1.013462
vt -0.131012 1.011583
vt -0.271805 1.010881
vt -0.271805 1.029020
vt -0.131012 1.030409
vt -0.131012 1.037358
vt -0.131012 1.059840
vt -0.271805 1.057790
vt -0.271805 1.035969
vt -0.131012 1.030409
vt -0.271805 1.029020
vt -0.271805 1.046605
vt -0.131012 1.048655
vt -0.131012 1.059840
vt -0.131012 1.081182
vt -0.271805 1.078509
vt -0.271805 1.057790
vt -0.131012 1.048655
vt -0.271805 1.046605
vt -0.271805 1.063301
vt -0.131012 1.065974
vt -0.131012 1.081182
vt -0.131012 1.100977
vt -0.271805 1.097732
vt -0.271805 1.078509
vt -0.131012 1.065974
vt -0.271805 1.063301
vt -0.271805 1.078791
vt -0.131012 1.082036
vt -0.131012 1.100977
vt -0.131012 1.118846
vt -0.271805 1.115092
vt -0.271805 1.097732
vt -0.131012 1.082036
vt -0.271805 1.078791
vt -0.271805 1.092780
vt -0.131012 1.096534
vt -0.131012 1.118846
vt -0.131012 1.134451
vt -0.271805 1.130259
vt -0.271805 1.115092
vt -0.131012 1.096534
vt -0.271805 1.092780
vt -0.271805 1.105000
vt -0.131012 1.109192
vt -0.131012 1.134451
vt -0.131012 1.147492
vt -0.271805 1.142942
vt -0.271805 1.130259
vt -0.131012 1.109192
vt -0.271805 1.105000
vt -0.271805 1.115218
vt -0.131012 1.119768
vt -0.131012 1.147492
vt -0.131012 1.157723
vt -0.271805 1.152901
vt -0.271805 1.142942
vt -0.131012 1.119768
vt -0.271805 1.115218
vt -0.271805 1.123240
vt -0.131012 1.128062
vt -0.131012 1.157723
vt -0.131012 1.164947
vt -0.271805 1.159946
vt -0.271805 1.152901
vt -0.131012 1.128062
vt -0.271805 1.123240
vt -0.271805 1.128913
vt -0.131012 1.133914
vt -0.131012 1.164947
vt -0.131012 1.169026
vt -0.271805 1.163941
vt -0.271805 1.159946
vt -0.131012 1.133914
vt -0.271805 1.128913
vt -0.271804 1.132129
vt -0.131012 1.137214
vt -0.131012 1.169026
vt -0.131012 1.169884
vt -0.271804 1.164812
vt -0.271805 1.163941
vt -0.131012 1.137214
vt -0.271804 1.132129
vt -0.271804 1.132826
vt -0.131012 1.137899
vt -0.271804 0.836809
vt -0.271804 0.835112
vt -0.464948 0.870797
vt -0.464948 0.872160
vt -0.271804 0.868474
vt -0.464948 0.903826
vt -0.464948 0.902796
vt -0.271804 0.867111
vt -0.271804 0.835112
vt -0.271804 0.836558
vt -0.464948 0.871896
vt -0.464948 0.870797
vt -0.271804 0.867111
vt -0.464948 0.902796
vt -0.464948 0.903619
vt -0.271804 0.868281
vt -0.271804 0.836558
vt -0.271804 0.841119
vt -0.464948 0.875436
vt -0.464948 0.871896
vt -0.271804 0.868281
vt -0.464948 0.903619
vt -0.464948 0.906279
vt -0.271804 0.871961
vt -0.271804 0.841119
vt -0.271804 0.848709
vt -0.464948 0.881352
vt -0.464948 0.875436
vt -0.271804 0.871961
vt -0.464948 0.906279
vt -0.464948 0.910725
vt -0.271804 0.878082
vt -0.271804 0.848709
vt -0.271804 0.859182
vt -0.464948 0.889528
vt -0.464948 0.881352
vt -0.271804 0.878082
vt -0.464948 0.910725
vt -0.464948 0.916873
vt -0.271804 0.886527
vt -0.271804 0.859182
vt -0.271804 0.872339
vt -0.464948 0.899811
vt -0.464948 0.889528
vt -0.271804 0.886527
vt -0.464948 0.916873
vt -0.464948 0.924606
vt -0.271804 0.897135
vt -0.271804 0.872339
vt -0.271804 0.887930
vt -0.464948 0.912003
vt -0.464948 0.899811
vt -0.271804 0.897135
vt -0.464948 0.924606
vt -0.464948 0.933776
vt -0.271804 0.909703
vt -0.271804 0.887930
vt -0.271804 0.905658
vt -0.464948 0.925872
vt -0.464948 0.912003
vt -0.271804 0.909703
vt -0.464948 0.933776
vt -0.464948 0.944208
vt -0.271804 0.923993
vt -0.271804 0.905658
vt -0.271804 0.925183
vt -0.464948 0.941155
vt -0.464948 0.925872
vt -0.271804 0.923993
vt -0.464948 0.944208
vt -0.464948 0.955703
vt -0.271804 0.939731
vt -0.271804 0.925183
vt -0.271804 0.946134
vt -0.464948 0.957559
vt -0.464948 0.941155
vt -0.271804 0.939731
vt -0.464948 0.955703
vt -0.464948 0.968043
vt -0.271804 0.956618
vt -0.271804 0.946134
vt -0.271804 0.968113
vt -0.464948 0.974772
vt -0.464948 0.957559
vt -0.271804 0.956618
vt -0.464948 0.968043
vt -0.464948 0.980992
vt -0.271804 0.974333
vt -0.271804 0.968113
vt -0.271805 0.990699
vt -0.464948 0.992466
vt -0.464948 0.974772
vt -0.271804 0.974333
vt -0.464948 0.980992
vt -0.464948 0.994303
vt -0.271804 0.992536
vt -0.271805 0.990699
vt -0.271805 1.013462
vt -0.464948 1.010303
vt -0.464948 0.992466
vt -0.271804 0.992536
vt -0.464948 0.994303
vt -0.464948 1.007723
vt -0.271805 1.010881
vt -0.271805 1.013462
vt -0.271805 1.035969
vt -0.464948 1.027944
vt -0.464948 1.010303
vt -0.271805 1.010881
vt -0.464948 1.007723
vt -0.464948 1.020995
vt -0.271805 1.029020
vt -0.271805 1.035969
vt -0.271805 1.057790
vt -0.464948 1.045053
vt -0.464948 1.027944
vt -0.271805 1.029020
vt -0.464948 1.020995
vt -0.464948 1.033868
vt -0.271805 1.046605
vt -0.271805 1.057790
vt -0.271805 1.078509
vt -0.464948 1.061302
vt -0.464948 1.045053
vt -0.271805 1.046605
vt -0.464948 1.033868
vt -0.464948 1.046095
vt -0.271805 1.063301
vt -0.271805 1.078509
vt -0.271805 1.097732
vt -0.464948 1.076384
vt -0.464948 1.061302
vt -0.271805 1.063301
vt -0.464948 1.046095
vt -0.464948 1.057443
vt -0.271805 1.078791
vt -0.271805 1.097732
vt -0.271805 1.115092
vt -0.464948 1.090009
vt -0.464948 1.076384
vt -0.271805 1.078791
vt -0.464948 1.057443
vt -0.464948 1.067696
vt -0.271805 1.092780
vt -0.271805 1.115092
vt -0.271805 1.130259
vt -0.464948 1.101918
vt -0.464948 1.090009
vt -0.271805 1.092780
vt -0.464948 1.067696
vt -0.464948 1.076659
vt -0.271805 1.105000
vt -0.271805 1.130259
vt -0.271805 1.142942
vt -0.464948 1.111885
vt -0.464948 1.101918
vt -0.271805 1.105000
vt -0.464948 1.076659
vt -0.464948 1.084161
vt -0.271805 1.115218
vt -0.271805 1.142942
vt -0.271805 1.152901
vt -0.464948 1.119720
vt -0.464948 1.111885
vt -0.271805 1.115218
vt -0.464948 1.084161
vt -0.464948 1.090058
vt -0.271805 1.123240
vt -0.271805 1.152901
vt -0.271805 1.159946
vt -0.464948 1.125272
vt -0.464948 1.119720
vt -0.271805 1.123240
vt -0.464948 1.090058
vt -0.464948 1.094239
vt -0.271805 1.128913
vt -0.271805 1.159946
vt -0.271805 1.163941
vt -0.464948 1.128436
vt -0.464948 1.125272
vt -0.271805 1.128913
vt -0.464948 1.094239
vt -0.464948 1.096624
vt -0.271804 1.132129
vt -0.271805 1.163941
vt -0.271804 1.164812
vt -0.464948 1.129152
vt -0.464948 1.128436
vt -0.271804 1.132129
vt -0.464948 1.096624
vt -0.464948 1.097167
vt -0.271804 1.132826
vt -0.464948 0.872160
vt -0.464948 0.870797
vt -0.484948 0.882690
vt -0.484948 0.883947
vt -0.464948 0.903826
vt -0.484948 0.915612
vt -0.484948 0.914689
vt -0.464948 0.902796
vt -0.464948 0.870797
vt -0.464948 0.871896
vt -0.484948 0.883669
vt -0.484948 0.882690
vt -0.464948 0.902796
vt -0.484948 0.914689
vt -0.484948 0.915392
vt -0.464948 0.903619
vt -0.464948 0.871896
vt -0.464948 0.875436
vt -0.484948 0.886866
vt -0.484948 0.883669
vt -0.464948 0.903619
vt -0.484948 0.915392
vt -0.484948 0.917708
vt -0.464948 0.906279
vt -0.464948 0.875436
vt -0.464948 0.881352
vt -0.484948 0.892219
vt -0.484948 0.886866
vt -0.464948 0.906279
vt -0.484948 0.917708
vt -0.484948 0.921592
vt -0.464948 0.910725
vt -0.464948 0.881352
vt -0.464948 0.889528
vt -0.484948 0.899626
vt -0.484948 0.892219
vt -0.464948 0.910725
vt -0.484948 0.921592
vt -0.484948 0.926971
vt -0.464948 0.916873
vt -0.464948 0.889528
vt -0.464948 0.899811
vt -0.484948 0.908947
vt -0.484948 0.899626
vt -0.464948 0.916873
vt -0.484948 0.926971
vt -0.484948 0.933742
vt -0.464948 0.924606
vt -0.464948 0.899811
vt -0.464948 0.912003
vt -0.484948 0.920003
vt -0.484948 0.908947
vt -0.464948 0.924606
vt -0.484948 0.933742
vt -0.484948 0.941776
vt -0.464948 0.933776
vt -0.464948 0.912003
vt -0.464948 0.925872
vt -0.484948 0.932584
vt -0.484948 0.920003
vt -0.464948 0.933776
vt -0.484948 0.941776
vt -0.484948 0.950920
vt -0.464948 0.944208
vt -0.464948 0.925872
vt -0.464948 0.941155
vt -0.484948 0.946450
vt -0.484948 0.932584
vt -0.464948 0.944208
vt -0.484948 0.950920
vt -0.484948 0.960999
vt -0.464948 0.955703
vt -0.464948 0.941155
vt -0.464948 0.957559
vt -0.484948 0.961337
vt -0.484948 0.946450
vt -0.464948 0.955703
vt -0.484948 0.960999
vt -0.484948 0.971821
vt -0.464948 0.968043
vt -0.464948 0.957559
vt -0.464948 0.974772
vt -0.484948 0.976961
vt -0.484948 0.961337
vt -0.464948 0.968043
vt -0.484948 0.971821
vt -0.484948 0.983181
vt -0.464948 0.980992
vt -0.464948 0.974772
vt -0.464948 0.992466
vt -0.484948 0.993024
vt -0.484948 0.976961
vt -0.464948 0.980992
vt -0.484948 0.983181
vt -0.484948 0.994861
vt -0.464948 0.994303
vt -0.464948 0.992466
vt -0.464948 1.010303
vt -0.484948 1.009220
vt -0.484948 0.993024
vt -0.464948 0.994303
vt -0.484948 0.994861
vt -0.484948 1.006639
vt -0.464948 1.007723
vt -0.464948 1.010303
vt -0.464948 1.027944
vt -0.484948 1.025240
vt -0.484948 1.009220
vt -0.464948 1.007723
vt -0.484948 1.006639
vt -0.484948 1.018291
vt -0.464948 1.020995
vt -0.464948 1.027944
vt -0.464948 1.045053
vt -0.484948 1.040779
vt -0.484948 1.025240
vt -0.464948 1.020995
vt -0.484948 1.018291
vt -0.484948 1.029594
vt -0.464948 1.033868
vt -0.464948 1.045053
vt -0.464948 1.061302
vt -0.484948 1.055541
vt -0.484948 1.040779
vt -0.464948 1.033868
vt -0.484948 1.029594
vt -0.484948 1.040333
vt -0.464948 1.046095
vt -0.464948 1.061302
vt -0.464948 1.076384
vt -0.484948 1.069244
vt -0.484948 1.055541
vt -0.464948 1.046095
vt -0.484948 1.040333
vt -0.484948 1.050303
vt -0.464948 1.057443
vt -0.464948 1.076384
vt -0.464948 1.090009
vt -0.484948 1.081627
vt -0.484948 1.069244
vt -0.464948 1.057443
vt -0.484948 1.050303
vt -0.484948 1.059314
vt -0.464948 1.067696
vt -0.464948 1.090009
vt -0.464948 1.101918
vt -0.484948 1.092454
vt -0.484948 1.081627
vt -0.464948 1.067696
vt -0.484948 1.059314
vt -0.484948 1.067195
vt -0.464948 1.076659
vt -0.464948 1.101918
vt -0.464948 1.111885
vt -0.484948 1.101519
vt -0.484948 1.092454
vt -0.464948 1.076659
vt -0.484948 1.067195
vt -0.484948 1.073795
vt -0.464948 1.084161
vt -0.464948 1.111885
vt -0.464948 1.119720
vt -0.484948 1.108649
vt -0.484948 1.101519
vt -0.464948 1.084161
vt -0.484948 1.073795
vt -0.484948 1.078988
vt -0.464948 1.090058
vt -0.464948 1.119720
vt -0.464948 1.125272
vt -0.484948 1.113708
vt -0.484948 1.108649
vt -0.464948 1.090058
vt -0.484948 1.078988
vt -0.484948 1.082675
vt -0.464948 1.094239
vt -0.464948 1.125272
vt -0.464948 1.128436
vt -0.484948 1.116600
vt -0.484948 1.113708
vt -0.464948 1.094239
vt -0.484948 1.082675
vt -0.484948 1.084787
vt -0.464948 1.096624
vt -0.464948 1.128436
vt -0.464948 1.129152
vt -0.484948 1.117269
vt -0.484948 1.116600
vt -0.464948 1.096624
vt -0.484948 1.084787
vt -0.484948 1.085283
vt -0.464948 1.097167
vt -0.010361 1.073194
vt -0.008054 1.057362
vt -0.000556 1.057939
vt -0.000661 1.073938
vt 0.008641 1.058026
vt 0.000277 1.058655
vt 0.000172 1.042655
vt 0.006333 1.042194
vt -0.000661 1.073938
vt -0.000556 1.057939
vt 0.006953 1.057411
vt 0.009053 1.073273
vt 0.000277 1.058655
vt -0.008092 1.058165
vt -0.005992 1.042304
vt 0.000172 1.042655
vt 0.009053 1.073273
vt 0.006953 1.057411
vt 0.014329 1.055789
vt 0.018594 1.071211
vt -0.008092 1.058165
vt -0.016307 1.056567
vt -0.012042 1.041146
vt -0.005992 1.042304
vt 0.018594 1.071211
vt 0.014329 1.055789
vt 0.021432 1.053104
vt 0.027780 1.067791
vt -0.016307 1.056567
vt -0.024210 1.053890
vt -0.017862 1.039204
vt -0.012042 1.041146
vt 0.027780 1.067791
vt 0.021432 1.053104
vt 0.028127 1.049407
vt 0.036437 1.063079
vt -0.024210 1.053890
vt -0.031653 1.050187
vt -0.023342 1.036514
vt -0.017862 1.039204
vt 0.036437 1.063079
vt 0.028127 1.049407
vt 0.034286 1.044768
vt 0.044400 1.057165
vt -0.031653 1.050187
vt -0.038492 1.045526
vt -0.028377 1.033129
vt -0.023342 1.036514
vt 0.044400 1.057165
vt 0.034286 1.044768
vt 0.039791 1.039275
vt 0.051516 1.050161
vt -0.038492 1.045526
vt -0.044597 1.039998
vt -0.032872 1.029112
vt -0.028377 1.033129
vt 0.051516 1.050161
vt 0.039791 1.039275
vt 0.044537 1.033034
vt 0.057650 1.042202
vt -0.044597 1.039998
vt -0.049852 1.033708
vt -0.036739 1.024540
vt -0.032872 1.029112
vt 0.057650 1.042202
vt 0.044537 1.033034
vt 0.048435 1.026163
vt 0.062686 1.033437
vt -0.049852 1.033708
vt -0.054157 1.026775
vt -0.039906 1.019501
vt -0.036739 1.024540
vt 0.062686 1.033437
vt 0.048435 1.026163
vt 0.051409 1.018794
vt 0.066526 1.024036
vt -0.054157 1.026775
vt -0.057430 1.019331
vt -0.042313 1.014089
vt -0.039906 1.019501
vt 0.066526 1.024036
vt 0.051409 1.018794
vt 0.053404 1.011066
vt 0.069098 1.014176
vt -0.057430 1.019331
vt -0.059608 1.011519
vt -0.043913 1.008410
vt -0.042313 1.014089
vt 0.069098 1.014176
vt 0.053404 1.011066
vt 0.054380 1.003127
vt 0.070354 1.004046
vt -0.059608 1.011519
vt -0.060650 1.003488
vt -0.044676 1.002569
vt -0.043913 1.008410
vt 0.070354 1.004046
vt 0.054380 1.003127
vt 0.054320 0.995129
vt 0.070268 0.993839
vt -0.060650 1.003488
vt -0.060536 0.995390
vt -0.044588 0.996680
vt -0.044676 1.002569
vt 0.070268 0.993839
vt 0.054320 0.995129
vt 0.053225 0.987224
vt 0.068843 0.983749
vt -0.060536 0.995390
vt -0.059267 0.987380
vt -0.043649 0.990854
vt -0.044588 0.996680
vt 0.068843 0.983749
vt 0.053225 0.987224
vt 0.051115 0.979562
vt 0.066106 0.973969
vt -0.059267 0.987380
vt -0.056870 0.979611
vt -0.041879 0.985203
vt -0.043649 0.990854
vt 0.066106 0.973969
vt 0.051115 0.979562
vt 0.048031 0.972290
vt 0.062108 0.964686
vt -0.056870 0.979611
vt -0.053388 0.972230
vt -0.039310 0.979833
vt -0.041879 0.985203
vt 0.062108 0.964686
vt 0.048031 0.972290
vt 0.044031 0.965545
vt 0.056927 0.956075
vt -0.053388 0.972230
vt -0.048888 0.965378
vt -0.035992 0.974848
vt -0.039310 0.979833
vt 0.056927 0.956075
vt 0.044031 0.965545
vt 0.039192 0.959458
vt 0.050661 0.948302
vt -0.048888 0.965378
vt -0.043457 0.959186
vt -0.031988 0.970343
vt -0.035992 0.974848
vt 0.050661 0.948302
vt 0.039192 0.959458
vt 0.033606 0.954144
vt 0.043429 0.941514
vt -0.043457 0.959186
vt -0.037197 0.953773
vt -0.027374 0.966402
vt -0.031988 0.970343
vt 0.043429 0.941514
vt 0.033606 0.954144
vt 0.027379 0.949703
vt 0.035369 0.935841
vt -0.037197 0.953773
vt -0.030229 0.949240
vt -0.022239 0.963103
vt -0.027374 0.966402
vt 0.035369 0.935841
vt 0.027379 0.949703
vt 0.020631 0.946221
vt 0.026635 0.931391
vt -0.030229 0.949240
vt -0.022684 0.945675
vt -0.016680 0.960506
vt -0.022239 0.963103
vt 0.026635 0.931391
vt 0.020631 0.946221
vt 0.013489 0.943765
vt 0.017393 0.928248
vt -0.022684 0.945675
vt -0.014707 0.943146
vt -0.010802 0.958662
vt -0.016680 0.960506
vt 0.017393 0.928248
vt 0.013489 0.943765
vt 0.006090 0.942380
vt 0.007820 0.926473
vt -0.014707 0.943146
vt -0.006449 0.941700
vt -0.004719 0.957606
vt -0.010802 0.958662
vt 0.007820 0.926473
vt 0.006090 0.942380
vt -0.001425 0.942093
vt -0.001902 0.926100
vt -0.006449 0.941700
vt 0.001931 0.941366
vt 0.001454 0.957358
vt -0.004719 0.957606
vt -0.055506 1.073772
vt -0.065506 1.084796
vt -0.065506 1.068833
vt -0.055506 1.057810
vt -0.055506 0.942190
vt -0.065506 0.931167
vt -0.065506 0.915204
vt -0.055506 0.926228
vt -0.065506 1.084796
vt -0.135902 1.082256
vt -0.135902 1.066293
vt -0.065506 1.068833
vt -0.065506 0.931167
vt -0.135902 0.933707
vt -0.135902 0.917744
vt -0.065506 0.915204
vt -0.135902 1.082253
vt -0.232474 1.064449
vt -0.232474 1.048487
vt -0.135902 1.066291
vt -0.135902 0.933709
vt -0.232474 0.951513
vt -0.232474 0.935551
vt -0.135902 0.917747
vt -0.232474 1.064446
vt -0.242474 1.058512
vt -0.242474 1.042551
vt -0.232474 1.048485
vt -0.232474 0.951515
vt -0.242474 0.957449
vt -0.242474 0.941488
vt -0.232474 0.935554
vt -0.171012 1.139615
vt -0.171012 1.132085
vt -0.183012 1.139899
vt -0.183012 1.147858
vt -0.171012 1.120271
vt -0.183012 1.128514
vt -0.183012 1.121587
vt -0.171012 1.113773
vt -0.171012 1.132085
vt -0.171012 1.121302
vt -0.183012 1.128496
vt -0.183012 1.139899
vt -0.171012 1.113773
vt -0.183012 1.121587
vt -0.183012 1.111667
vt -0.171012 1.104474
vt -0.171012 1.121302
vt -0.171012 1.107533
vt -0.183012 1.113928
vt -0.183012 1.128496
vt -0.171012 1.104474
vt -0.183012 1.111667
vt -0.183012 1.098997
vt -0.171012 1.092602
vt -0.171012 1.107533
vt -0.171012 1.091116
vt -0.183012 1.096555
vt -0.183012 1.113928
vt -0.171012 1.092602
vt -0.183012 1.098997
vt -0.183012 1.083890
vt -0.171012 1.078450
vt -0.171012 1.091116
vt -0.171012 1.072455
vt -0.183012 1.076805
vt -0.183012 1.096555
vt -0.171012 1.078450
vt -0.183012 1.083890
vt -0.183012 1.066717
vt -0.171012 1.062367
vt -0.171012 1.072455
vt -0.171012 1.052010
vt -0.183012 1.055163
vt -0.183012 1.076805
vt -0.171012 1.062367
vt -0.183012 1.066717
vt -0.183012 1.047901
vt -0.171012 1.044748
vt -0.171012 1.052010
vt -0.171012 1.030284
vt -0.183012 1.032163
vt -0.183012 1.055163
vt -0.171012 1.044748
vt -0.183012 1.047901
vt -0.183012 1.027905
vt -0.171012 1.026027
vt -0.171012 1.030284
vt -0.171012 1.007813
vt -0.183012 1.008371
vt -0.183012 1.032163
vt -0.171012 1.026027
vt -0.183012 1.027905
vt -0.183012 1.007223
vt -0.171012 1.006665
vt -0.171012 1.007813
vt -0.171012 0.985149
vt -0.183012 0.984373
vt -0.183012 1.008371
vt -0.171012 1.006665
vt -0.183012 1.007223
vt -0.183012 0.986362
vt -0.171012 0.987139
vt -0.171012 0.985149
vt -0.171012 0.962851
vt -0.183012 0.960760
vt -0.183012 0.984373
vt -0.171012 0.987139
vt -0.183012 0.986362
vt -0.183012 0.965838
vt -0.171012 0.967929
vt -0.171012 0.962851
vt -0.171012 0.941468
vt -0.183012 0.938113
vt -0.183012 0.960760
vt -0.171012 0.967929
vt -0.183012 0.965838
vt -0.183012 0.946154
vt -0.171012 0.949510
vt -0.171012 0.941468
vt -0.171012 0.921526
vt -0.183012 0.916990
vt -0.183012 0.938113
vt -0.171012 0.949510
vt -0.183012 0.946154
vt -0.183012 0.927797
vt -0.171012 0.932333
vt -0.171012 0.921526
vt -0.171012 0.903516
vt -0.183012 0.897910
vt -0.183012 0.916990
vt -0.171012 0.932333
vt -0.183012 0.927797
vt -0.183012 0.911217
vt -0.171012 0.916823
vt -0.171012 0.903516
vt -0.171012 0.887882
vt -0.183012 0.881345
vt -0.183012 0.897910
vt -0.171012 0.916823
vt -0.183012 0.911217
vt -0.183012 0.896824
vt -0.171012 0.903361
vt -0.171012 0.887882
vt -0.171012 0.875009
vt -0.183012 0.867701
vt -0.183012 0.881345
vt -0.171012 0.903361
vt -0.183012 0.896824
vt -0.183012 0.884971
vt -0.171012 0.892278
vt -0.171012 0.875009
vt -0.171012 0.865213
vt -0.183012 0.857315
vt -0.183012 0.867701
vt -0.171012 0.892278
vt -0.183012 0.884971
vt -0.183012 0.875950
vt -0.171012 0.883848
vt -0.183012 1.147858
vt -0.183012 1.139899
vt -0.424948 1.113558
vt -0.424948 1.119987
vt -0.183012 1.128514
vt -0.424948 1.100642
vt -0.424948 1.095246
vt -0.183012 1.121587
vt -0.183012 1.139899
vt -0.183012 1.128496
vt -0.424948 1.104334
vt -0.424948 1.113558
vt -0.183012 1.121587
vt -0.424948 1.095246
vt -0.424948 1.087505
vt -0.183012 1.111667
vt -0.183012 1.128496
vt -0.183012 1.113928
vt -0.424948 1.092540
vt -0.424948 1.104334
vt -0.183012 1.111667
vt -0.424948 1.087505
vt -0.424948 1.077609
vt -0.183012 1.098997
vt -0.183012 1.113928
vt -0.183012 1.096555
vt -0.424948 1.078467
vt -0.424948 1.092540
vt -0.183012 1.098997
vt -0.424948 1.077609
vt -0.424948 1.065802
vt -0.183012 1.083890
vt -0.183012 1.096555
vt -0.183012 1.076805
vt -0.424948 1.062463
vt -0.424948 1.078467
vt -0.183012 1.083890
vt -0.424948 1.065802
vt -0.424948 1.052375
vt -0.183012 1.066717
vt -0.183012 1.076805
vt -0.183012 1.055163
vt -0.424948 1.044920
vt -0.424948 1.062463
vt -0.183012 1.066717
vt -0.424948 1.052375
vt -0.424948 1.037658
vt -0.183012 1.047901
vt -0.183012 1.055163
vt -0.183012 1.032163
vt -0.424948 1.026271
vt -0.424948 1.044920
vt -0.183012 1.047901
vt -0.424948 1.037658
vt -0.424948 1.022014
vt -0.183012 1.027905
vt -0.183012 1.032163
vt -0.183012 1.008371
vt -0.424948 1.006976
vt -0.424948 1.026271
vt -0.183012 1.027905
vt -0.424948 1.022014
vt -0.424948 1.005827
vt -0.183012 1.007223
vt -0.183012 1.008371
vt -0.183012 0.984373
vt -0.424948 0.987508
vt -0.424948 1.006976
vt -0.183012 1.007223
vt -0.424948 1.005827
vt -0.424948 0.989498
vt -0.183012 0.986362
vt -0.183012 0.984373
vt -0.183012 0.960760
vt -0.424948 0.968349
vt -0.424948 0.987508
vt -0.183012 0.986362
vt -0.424948 0.989498
vt -0.424948 0.973427
vt -0.183012 0.965838
vt -0.183012 0.960760
vt -0.183012 0.938113
vt -0.424948 0.949968
vt -0.424948 0.968349
vt -0.183012 0.965838
vt -0.424948 0.973427
vt -0.424948 0.958010
vt -0.183012 0.946154
vt -0.183012 0.938113
vt -0.183012 0.916990
vt -0.424948 0.932820
vt -0.424948 0.949968
vt -0.183012 0.946154
vt -0.424948 0.958010
vt -0.424948 0.943627
vt -0.183012 0.927797
vt -0.183012 0.916990
vt -0.183012 0.897910
vt -0.424948 0.917325
vt -0.424948 0.932820
vt -0.183012 0.927797
vt -0.424948 0.943627
vt -0.424948 0.930632
vt -0.183012 0.911217
vt -0.183012 0.897910
vt -0.183012 0.881345
vt -0.424948 0.903867
vt -0.424948 0.917325
vt -0.183012 0.911217
vt -0.424948 0.930632
vt -0.424948 0.919345
vt -0.183012 0.896824
vt -0.183012 0.881345
vt -0.183012 0.867701
vt -0.424948 0.892775
vt -0.424948 0.903867
vt -0.183012 0.896824
vt -0.424948 0.919345
vt -0.424948 0.910045
vt -0.183012 0.884971
vt -0.183012 0.867701
vt -0.183012 0.857315
vt -0.424948 0.884324
vt -0.424948 0.892775
vt -0.183012 0.884971
vt -0.424948 0.910045
vt -0.424948 0.902959
vt -0.183012 0.875950
vt -0.424948 1.119987
vt -0.424948 1.113558
vt -0.432948 1.108811
vt -0.432948 1.115001
vt -0.424948 1.100642
vt -0.432948 1.095656
vt -0.432948 1.090498
vt -0.424948 1.095246
vt -0.424948 1.113558
vt -0.424948 1.104334
vt -0.432948 1.099941
vt -0.432948 1.108811
vt -0.424948 1.095246
vt -0.432948 1.090498
vt -0.432948 1.083112
vt -0.424948 1.087505
vt -0.424948 1.104334
vt -0.424948 1.092540
vt -0.432948 1.088611
vt -0.432948 1.099941
vt -0.424948 1.087505
vt -0.432948 1.083112
vt -0.432948 1.073680
vt -0.424948 1.077609
vt -0.424948 1.092540
vt -0.424948 1.078467
vt -0.432948 1.075098
vt -0.432948 1.088611
vt -0.424948 1.077609
vt -0.432948 1.073680
vt -0.432948 1.062433
vt -0.424948 1.065802
vt -0.424948 1.078467
vt -0.424948 1.062463
vt -0.432948 1.059737
vt -0.432948 1.075098
vt -0.424948 1.065802
vt -0.432948 1.062433
vt -0.432948 1.049649
vt -0.424948 1.052375
vt -0.424948 1.062463
vt -0.424948 1.044920
vt -0.432948 1.042904
vt -0.432948 1.059737
vt -0.424948 1.052375
vt -0.432948 1.049649
vt -0.432948 1.035642
vt -0.424948 1.037658
vt -0.424948 1.044920
vt -0.424948 1.026271
vt -0.432948 1.025016
vt -0.432948 1.042904
vt -0.424948 1.037658
vt -0.432948 1.035642
vt -0.432948 1.020758
vt -0.424948 1.022014
vt -0.424948 1.026271
vt -0.424948 1.006976
vt -0.432948 1.006511
vt -0.432948 1.025016
vt -0.424948 1.022014
vt -0.432948 1.020758
vt -0.432948 1.005362
vt -0.424948 1.005827
vt -0.424948 1.006976
vt -0.424948 0.987508
vt -0.432948 0.987846
vt -0.432948 1.006511
vt -0.424948 1.005827
vt -0.432948 1.005362
vt -0.432948 0.989835
vt -0.424948 0.989498
vt -0.424948 0.987508
vt -0.424948 0.968349
vt -0.432948 0.969480
vt -0.432948 0.987846
vt -0.424948 0.989498
vt -0.432948 0.989835
vt -0.432948 0.974558
vt -0.424948 0.973427
vt -0.424948 0.968349
vt -0.424948 0.949968
vt -0.432948 0.951865
vt -0.432948 0.969480
vt -0.424948 0.973427
vt -0.432948 0.974558
vt -0.432948 0.959907
vt -0.424948 0.958010
vt -0.424948 0.949968
vt -0.424948 0.932820
vt -0.432948 0.935436
vt -0.432948 0.951865
vt -0.424948 0.958010
vt -0.432948 0.959907
vt -0.432948 0.946243
vt -0.424948 0.943627
vt -0.424948 0.932820
vt -0.424948 0.917325
vt -0.432948 0.920597
vt -0.432948 0.935436
vt -0.424948 0.943627
vt -0.432948 0.946243
vt -0.432948 0.933904
vt -0.424948 0.930632
vt -0.424948 0.917325
vt -0.424948 0.903867
vt -0.432948 0.907713
vt -0.432948 0.920597
vt -0.424948 0.930632
vt -0.432948 0.933904
vt -0.432948 0.923191
vt -0.424948 0.919345
vt -0.424948 0.903867
vt -0.424948 0.892775
vt -0.432948 0.897101
vt -0.432948 0.907713
vt -0.424948 0.919345
vt -0.432948 0.923191
vt -0.432948 0.914370
vt -0.424948 0.910045
vt -0.424948 0.892775
vt -0.424948 0.884324
vt -0.432948 0.889023
vt -0.432948 0.897101
vt -0.424948 0.910045
vt -0.432948 0.914370
vt -0.432948 0.907658
vt -0.424948 0.902959
vt -0.017046 0.930192
vt -0.014507 0.939865
vt -0.023122 0.943113
vt -0.027142 0.933957
vt 0.014243 0.942500
vt 0.022655 0.945595
vt 0.018634 0.954751
vt 0.011704 0.952172
vt -0.027142 0.933957
vt -0.023122 0.943113
vt -0.031167 0.947763
vt -0.036571 0.939349
vt 0.022655 0.945595
vt 0.030509 0.950029
vt 0.025105 0.958444
vt 0.018634 0.954751
vt -0.036571 0.939349
vt -0.031167 0.947763
vt -0.038445 0.953699
vt -0.045099 0.946233
vt 0.030509 0.950029
vt 0.037611 0.955695
vt 0.030958 0.963160
vt 0.025105 0.958444
vt -0.045099 0.946233
vt -0.038445 0.953699
vt -0.044777 0.960775
vt -0.052516 0.954442
vt 0.037611 0.955695
vt 0.043788 0.962451
vt 0.036048 0.968783
vt 0.030958 0.963160
vt -0.052516 0.954442
vt -0.044777 0.960775
vt -0.050006 0.968817
vt -0.058641 0.963773
vt 0.043788 0.962451
vt 0.048886 0.970131
vt 0.040251 0.975175
vt 0.036048 0.968783
vt -0.058641 0.963773
vt -0.050006 0.968817
vt -0.054004 0.977626
vt -0.063321 0.973995
vt 0.048886 0.970131
vt 0.052780 0.978548
vt 0.043463 0.982179
vt 0.040251 0.975175
vt -0.063321 0.973995
vt -0.054004 0.977626
vt -0.056672 0.986987
vt -0.066443 0.984858
vt 0.052780 0.978548
vt 0.055375 0.987492
vt 0.045604 0.989621
vt 0.043463 0.982179
vt -0.066443 0.984858
vt -0.056672 0.986987
vt -0.057944 0.996668
vt -0.067928 0.996093
vt 0.055375 0.987492
vt 0.056606 0.996745
vt 0.046623 0.997319
vt 0.045604 0.989621
vt -0.067928 0.996093
vt -0.057944 0.996668
vt -0.057790 1.006431
vt -0.067740 1.007425
vt 0.056606 0.996745
vt 0.056444 1.006077
vt 0.046494 1.005082
vt 0.046623 0.997319
vt -0.067740 1.007425
vt -0.057790 1.006431
vt -0.056213 1.016035
vt -0.065885 1.018574
vt 0.056444 1.006077
vt 0.054892 1.015260
vt 0.045219 1.012721
vt 0.046494 1.005082
vt -0.065885 1.018574
vt -0.056213 1.016035
vt -0.053251 1.025245
vt -0.062407 1.029266
vt 0.054892 1.015260
vt 0.051988 1.024067
vt 0.042832 1.020046
vt 0.045219 1.012721
vt -0.062407 1.029266
vt -0.053251 1.025245
vt -0.048979 1.033833
vt -0.057393 1.039237
vt 0.051988 1.024067
vt 0.047804 1.032282
vt 0.039389 1.026878
vt 0.042832 1.020046
vt -0.057393 1.039237
vt -0.048979 1.033833
vt -0.043500 1.041588
vt -0.050965 1.048242
vt 0.047804 1.032282
vt 0.042442 1.039701
vt 0.034977 1.033048
vt 0.039389 1.026878
vt -0.050965 1.048242
vt -0.043500 1.041588
vt -0.036950 1.048319
vt -0.043283 1.056059
vt 0.042442 1.039701
vt 0.036036 1.046144
vt 0.029704 1.038404
vt 0.034977 1.033048
vt -0.043283 1.056059
vt -0.036950 1.048319
vt -0.029491 1.053861
vt -0.034535 1.062495
vt 0.036036 1.046144
vt 0.028743 1.051450
vt 0.023699 1.042815
vt 0.029704 1.038404
vt -0.034535 1.062495
vt -0.029491 1.053861
vt -0.021305 1.058076
vt -0.024936 1.067393
vt 0.028743 1.051450
vt 0.020741 1.055488
vt 0.017110 1.046171
vt 0.023699 1.042815
vt 0.085506 0.928636
vt 0.091506 0.924332
vt 0.091506 0.934282
vt 0.085506 0.938586
vt 0.085506 1.061414
vt 0.091506 1.065719
vt 0.091506 1.075668
vt 0.085506 1.071364
vt 0.091506 0.924295
vt 0.212474 0.938395
vt 0.212474 0.948349
vt 0.091506 0.934249
vt 0.091506 1.065751
vt 0.212474 1.051651
vt 0.212474 1.061605
vt 0.091506 1.075705
vt 0.212474 0.938336
vt 0.216474 0.941058
vt 0.216474 0.951021
vt 0.212474 0.948299
vt 0.212474 1.051701
vt 0.216474 1.048980
vt 0.216474 1.058943
vt 0.212474 1.061664
vt -0.171012 1.009531
vt -0.171012 0.975458
vt -0.177012 0.974904
vt -0.177012 1.009761
vt -0.171012 1.008612
vt -0.177012 1.008842
vt -0.177012 0.977120
vt -0.171012 0.977673
vt -0.171012 0.975458
vt -0.171012 0.942328
vt -0.177012 0.941012
vt -0.177012 0.974904
vt -0.171012 0.977673
vt -0.177012 0.977120
vt -0.177012 0.946276
vt -0.171012 0.947592
vt -0.171012 0.942328
vt -0.171012 0.911415
vt -0.177012 0.909387
vt -0.177012 0.941012
vt -0.171012 0.947592
vt -0.177012 0.946276
vt -0.177012 0.917498
vt -0.171012 0.919526
vt -0.171012 0.911415
vt -0.171012 0.883906
vt -0.177012 0.881244
vt -0.177012 0.909387
vt -0.171012 0.919526
vt -0.177012 0.917498
vt -0.177012 0.891890
vt -0.171012 0.894551
vt -0.171012 0.883906
vt -0.171012 0.860858
vt -0.177012 0.857665
vt -0.177012 0.881244
vt -0.171012 0.894551
vt -0.177012 0.891890
vt -0.177012 0.870436
vt -0.171012 0.873629
vt -0.171012 0.860858
vt -0.171012 0.843157
vt -0.177012 0.839556
vt -0.177012 0.857665
vt -0.171012 0.873629
vt -0.177012 0.870436
vt -0.177012 0.853962
vt -0.171012 0.857564
vt -0.171012 0.843157
vt -0.171012 0.831484
vt -0.177012 0.827612
vt -0.177012 0.839556
vt -0.171012 0.857564
vt -0.177012 0.853962
vt -0.177012 0.843100
vt -0.171012 0.846972
vt -0.171012 0.831484
vt -0.171012 0.826287
vt -0.177012 0.822294
vt -0.177012 0.827612
vt -0.171012 0.846972
vt -0.177012 0.843100
vt -0.177012 0.838267
vt -0.171012 0.842261
vt -0.171012 0.826287
vt -0.171012 0.827765
vt -0.177012 0.823804
vt -0.177012 0.822294
vt -0.171012 0.842261
vt -0.177012 0.838267
vt -0.177012 0.839650
vt -0.171012 0.843611
vt -0.171012 0.827765
vt -0.171012 0.835863
vt -0.177012 0.832085
vt -0.177012 0.823804
vt -0.171012 0.843611
vt -0.177012 0.839650
vt -0.177012 0.847195
vt -0.171012 0.850972
vt -0.171012 0.835863
vt -0.171012 0.850268
vt -0.177012 0.846820
vt -0.177012 0.832085
vt -0.171012 0.850972
vt -0.177012 0.847195
vt -0.177012 0.860612
vt -0.171012 0.864060
vt -0.171012 0.850268
vt -0.171012 0.870427
vt -0.177012 0.867441
vt -0.177012 0.846820
vt -0.171012 0.864060
vt -0.177012 0.860612
vt -0.177012 0.879385
vt -0.171012 0.882371
vt -0.171012 0.870427
vt -0.171012 0.895565
vt -0.177012 0.893156
vt -0.177012 0.867441
vt -0.171012 0.882371
vt -0.177012 0.879385
vt -0.177012 0.902794
vt -0.171012 0.905204
vt -0.171012 0.895565
vt -0.171012 0.924717
vt -0.177012 0.922977
vt -0.177012 0.893156
vt -0.171012 0.905204
vt -0.177012 0.902794
vt -0.177012 0.929938
vt -0.171012 0.931679
vt -0.171012 0.924717
vt -0.171012 0.956762
vt -0.177012 0.955758
vt -0.177012 0.922977
vt -0.171012 0.931679
vt -0.177012 0.929938
vt -0.177012 0.959775
vt -0.171012 0.960780
vt -0.171012 0.956762
vt -0.171012 0.990469
vt -0.177012 0.990239
vt -0.177012 0.955758
vt -0.171012 0.960780
vt -0.177012 0.959775
vt -0.177012 0.991158
vt -0.171012 0.991388
vt -0.171012 0.990469
vt -0.171012 1.024542
vt -0.177012 1.025096
vt -0.177012 0.990239
vt -0.171012 0.991388
vt -0.177012 0.991158
vt -0.177012 1.022880
vt -0.171012 1.022326
vt -0.171012 1.024542
vt -0.171012 1.057672
vt -0.177012 1.058987
vt -0.177012 1.025096
vt -0.171012 1.022326
vt -0.177012 1.022880
vt -0.177012 1.053723
vt -0.171012 1.052407
vt -0.171012 1.057672
vt -0.171012 1.088585
vt -0.177012 1.090613
vt -0.177012 1.058987
vt -0.171012 1.052407
vt -0.177012 1.053723
vt -0.177012 1.082502
vt -0.171012 1.080474
vt -0.171012 1.088585
vt -0.171012 1.116094
vt -0.177012 1.118755
vt -0.177012 1.090613
vt -0.171012 1.080474
vt -0.177012 1.082502
vt -0.177012 1.108110
vt -0.171012 1.105449
vt -0.171012 1.116094
vt -0.171012 1.139142
vt -0.177012 1.142335
vt -0.177012 1.118755
vt -0.171012 1.105449
vt -0.177012 1.108110
vt -0.177012 1.129563
vt -0.171012 1.126371
vt -0.171012 1.139142
vt -0.171012 1.156842
vt -0.177012 1.160444
vt -0.177012 1.142335
vt -0.171012 1.126371
vt -0.177012 1.129563
vt -0.177012 1.146038
vt -0.171012 1.142436
vt -0.171012 1.156842
vt -0.171012 1.168516
vt -0.177012 1.172387
vt -0.177012 1.160444
vt -0.171012 1.142436
vt -0.177012 1.146038
vt -0.177012 1.156900
vt -0.171012 1.153028
vt -0.171012 1.168516
vt -0.171012 1.173713
vt -0.177012 1.177706
vt -0.177012 1.172387
vt -0.171012 1.153028
vt -0.177012 1.156900
vt -0.177012 1.161733
vt -0.171012 1.157739
vt -0.171012 1.173713
vt -0.171012 1.172234
vt -0.177012 1.176196
vt -0.177012 1.177706
vt -0.171012 1.157739
vt -0.177012 1.161733
vt -0.177012 1.160350
vt -0.171012 1.156389
vt -0.171012 1.172234
vt -0.171012 1.164137
vt -0.177012 1.167914
vt -0.177012 1.176196
vt -0.171012 1.156389
vt -0.177012 1.160350
vt -0.177012 1.152805
vt -0.171012 1.149028
vt -0.171012 1.164137
vt -0.171012 1.149732
vt -0.177012 1.153180
vt -0.177012 1.167914
vt -0.171012 1.149028
vt -0.177012 1.152805
vt -0.177012 1.139388
vt -0.171012 1.135940
vt -0.171012 1.149732
vt -0.171012 1.129573
vt -0.177012 1.132559
vt -0.177012 1.153180
vt -0.171012 1.135940
vt -0.177012 1.139388
vt -0.177012 1.120615
vt -0.171012 1.117628
vt -0.171012 1.129573
vt -0.171012 1.104434
vt -0.177012 1.106844
vt -0.177012 1.132559
vt -0.171012 1.117628
vt -0.177012 1.120615
vt -0.177012 1.097206
vt -0.171012 1.094796
vt -0.171012 1.104434
vt -0.171012 1.075282
vt -0.177012 1.077023
vt -0.177012 1.106844
vt -0.171012 1.094796
vt -0.177012 1.097206
vt -0.177012 1.070061
vt -0.171012 1.068321
vt -0.171012 1.075282
vt -0.171012 1.043237
vt -0.177012 1.044242
vt -0.177012 1.077023
vt -0.171012 1.068321
vt -0.177012 1.070061
vt -0.177012 1.040225
vt -0.171012 1.039220
vt -0.171012 1.043237
vt -0.171012 1.009531
vt -0.177012 1.009760
vt -0.177012 1.044242
vt -0.171012 1.039220
vt -0.177012 1.040225
vt -0.177012 1.008842
vt -0.171012 1.008612
vt -0.177012 1.009761
vt -0.177012 0.974904
vt -0.201012 0.974904
vt -0.201012 1.009761
vt -0.177012 1.008842
vt -0.201012 1.008842
vt -0.201012 0.977120
vt -0.177012 0.977120
vt -0.177012 0.974904
vt -0.177012 0.941012
vt -0.201012 0.941012
vt -0.201012 0.974904
vt -0.177012 0.977120
vt -0.201012 0.977120
vt -0.201012 0.946276
vt -0.177012 0.946276
vt -0.177012 0.941012
vt -0.177012 0.909387
vt -0.201012 0.909387
vt -0.201012 0.941012
vt -0.177012 0.946276
vt -0.201012 0.946276
vt -0.201012 0.917498
vt -0.177012 0.917498
vt -0.177012 0.909387
vt -0.177012 0.881244
vt -0.201012 0.881244
vt -0.201012 0.909387
vt -0.177012 0.917498
vt -0.201012 0.917498
vt -0.201012 0.891890
vt -0.177012 0.891890
vt -0.177012 0.881244
vt -0.177012 0.857665
vt -0.201012 0.857665
vt -0.201012 0.881244
vt -0.177012 0.891890
vt -0.201012 0.891890
vt -0.201012 0.870436
vt -0.177012 0.870436
vt -0.177012 0.857665
vt -0.177012 0.839556
vt -0.201012 0.839556
vt -0.201012 0.857665
vt -0.177012 0.870436
vt -0.201012 0.870436
vt -0.201012 0.853962
vt -0.177012 0.853962
vt -0.177012 0.839556
vt -0.177012 0.827612
vt -0.201012 0.827612
vt -0.201012 0.839556
vt -0.177012 0.853962
vt -0.201012 0.853962
vt -0.201012 0.843100
vt -0.177012 0.843100
vt -0.177012 0.827612
vt -0.177012 0.822294
vt -0.201012 0.822294
vt -0.201012 0.827612
vt -0.177012 0.843100
vt -0.201012 0.843100
vt -0.201012 0.838267
vt -0.177012 0.838267
vt -0.177012 0.822294
vt -0.177012 0.823804
vt -0.201012 0.823804
vt -0.201012 0.822294
vt -0.177012 0.838267
vt -0.201012 0.838267
vt -0.201012 0.839650
vt -0.177012 0.839650
vt -0.177012 0.823804
vt -0.177012 0.832085
vt -0.201012 0.832085
vt -0.201012 0.823804
vt -0.177012 0.839650
vt -0.201012 0.839650
vt -0.201012 0.847195
vt -0.177012 0.847195
vt -0.177012 0.832085
vt -0.177012 0.846820
vt -0.201012 0.846820
vt -0.201012 0.832085
vt -0.177012 0.847195
vt -0.201012 0.847195
vt -0.201012 0.860612
vt -0.177012 0.860612
vt -0.177012 0.846820
vt -0.177012 0.867441
vt -0.201012 0.867441
vt -0.201012 0.846820
vt -0.177012 0.860612
vt -0.201012 0.860612
vt -0.201012 0.879385
vt -0.177012 0.879385
vt -0.177012 0.867441
vt -0.177012 0.893156
vt -0.201012 0.893156
vt -0.201012 0.867441
vt -0.177012 0.879385
vt -0.201012 0.879385
vt -0.201012 0.902794
vt -0.177012 0.902794
vt -0.177012 0.893156
vt -0.177012 0.922977
vt -0.201012 0.922977
vt -0.201012 0.893156
vt -0.177012 0.902794
vt -0.201012 0.902794
vt -0.201012 0.929938
vt -0.177012 0.929938
vt -0.177012 0.922977
vt -0.177012 0.955758
vt -0.201012 0.955758
vt -0.201012 0.922977
vt -0.177012 0.929938
vt -0.201012 0.929938
vt -0.201012 0.959775
vt -0.177012 0.959775
vt -0.177012 0.955758
vt -0.177012 0.990239
vt -0.201012 0.990239
vt -0.201012 0.955758
vt -0.177012 0.959775
vt -0.201012 0.959775
vt -0.201012 0.991158
vt -0.177012 0.991158
vt -0.177012 0.990239
vt -0.177012 1.025096
vt -0.201012 1.025096
vt -0.201012 0.990239
vt -0.177012 0.991158
vt -0.201012 0.991158
vt -0.201012 1.022880
vt -0.177012 1.022880
vt -0.177012 1.025096
vt -0.177012 1.058987
vt -0.201012 1.058987
vt -0.201012 1.025096
vt -0.177012 1.022880
vt -0.201012 1.022880
vt -0.201012 1.053723
vt -0.177012 1.053723
vt -0.177012 1.058987
vt -0.177012 1.090613
vt -0.201012 1.090613
vt -0.201012 1.058987
vt -0.177012 1.053723
vt -0.201012 1.053723
vt -0.201012 1.082502
vt -0.177012 1.082502
vt -0.177012 1.090613
vt -0.177012 1.118755
vt -0.201012 1.118755
vt -0.201012 1.090613
vt -0.177012 1.082502
vt -0.201012 1.082502
vt -0.201012 1.108110
vt -0.177012 1.108110
vt -0.177012 1.118755
vt -0.177012 1.142335
vt -0.201012 1.142335
vt -0.201012 1.118755
vt -0.177012 1.108110
vt -0.201012 1.108110
vt -0.201012 1.129563
vt -0.177012 1.129563
vt -0.177012 1.142335
vt -0.177012 1.160444
vt -0.201012 1.160444
vt -0.201012 1.142335
vt -0.177012 1.129563
vt -0.201012 1.129563
vt -0.201012 1.146038
vt -0.177012 1.146038
vt -0.177012 1.160444
vt -0.177012 1.172387
vt -0.201012 1.172387
vt -0.201012 1.160444
vt -0.177012 1.146038
vt -0.201012 1.146038
vt -0.201012 1.156900
vt -0.177012 1.156900
vt -0.177012 1.172387
vt -0.177012 1.177706
vt -0.201012 1.177706
vt -0.201012 1.172387
vt -0.177012 1.156900
vt -0.201012 1.156900
vt -0.201012 1.161733
vt -0.177012 1.161733
vt -0.177012 1.177706
vt -0.177012 1.176196
vt -0.201012 1.176196
vt -0.201012 1.177706
vt -0.177012 1.161733
vt -0.201012 1.161733
vt -0.201012 1.160350
vt -0.177012 1.160350
vt -0.177012 1.176196
vt -0.177012 1.167914
vt -0.201012 1.167914
vt -0.201012 1.176196
vt -0.177012 1.160350
vt -0.201012 1.160350
vt -0.201012 1.152805
vt -0.177012 1.152805
vt -0.177012 1.167914
vt -0.177012 1.153180
vt -0.201012 1.153180
vt -0.201012 1.167914
vt -0.177012 1.152805
vt -0.201012 1.152805
vt -0.201012 1.139388
vt -0.177012 1.139388
vt -0.177012 1.153180
vt -0.177012 1.132559
vt -0.201012 1.132559
vt -0.201012 1.153180
vt -0.177012 1.139388
vt -0.201012 1.139388
vt -0.201012 1.120615
vt -0.177012 1.120615
vt -0.177012 1.132559
vt -0.177012 1.106844
vt -0.201012 1.106844
vt -0.201012 1.132559
vt -0.177012 1.120615
vt -0.201012 1.120615
vt -0.201012 1.097206
vt -0.177012 1.097206
vt -0.177012 1.106844
vt -0.177012 1.077023
vt -0.201012 1.077023
vt -0.201012 1.106844
vt -0.177012 1.097206
vt -0.201012 1.097206
vt -0.201012 1.070061
vt -0.177012 1.070061
vt -0.177012 1.077023
vt -0.177012 1.044242
vt -0.201012 1.044242
vt -0.201012 1.077023
vt -0.177012 1.070061
vt -0.201012 1.070061
vt -0.201012 1.040225
vt -0.177012 1.040225
vt -0.177012 1.044242
vt -0.177012 1.009760
vt -0.201012 1.009760
vt -0.201012 1.044242
vt -0.177012 1.040225
vt -0.201012 1.040225
vt -0.201012 1.008842
vt -0.177012 1.008842
vt -0.201012 1.009761
vt -0.201012 0.974904
vt -0.207012 0.975458
vt -0.207012 1.009531
vt -0.201012 1.008842
vt -0.207012 1.008612
vt -0.207012 0.977673
vt -0.201012 0.977120
vt -0.201012 0.974904
vt -0.201012 0.941012
vt -0.207012 0.942328
vt -0.207012 0.975458
vt -0.201012 0.977120
vt -0.207012 0.977673
vt -0.207012 0.947592
vt -0.201012 0.946276
vt -0.201012 0.941012
vt -0.201012 0.909387
vt -0.207012 0.911415
vt -0.207012 0.942328
vt -0.201012 0.946276
vt -0.207012 0.947592
vt -0.207012 0.919526
vt -0.201012 0.917498
vt -0.201012 0.909387
vt -0.201012 0.881244
vt -0.207012 0.883906
vt -0.207012 0.911415
vt -0.201012 0.917498
vt -0.207012 0.919526
vt -0.207012 0.894551
vt -0.201012 0.891890
vt -0.201012 0.881244
vt -0.201012 0.857665
vt -0.207012 0.860858
vt -0.207012 0.883906
vt -0.201012 0.891890
vt -0.207012 0.894551
vt -0.207012 0.873629
vt -0.201012 0.870436
vt -0.201012 0.857665
vt -0.201012 0.839556
vt -0.207012 0.843157
vt -0.207012 0.860858
vt -0.201012 0.870436
vt -0.207012 0.873629
vt -0.207012 0.857563
vt -0.201012 0.853962
vt -0.201012 0.839556
vt -0.201012 0.827612
vt -0.207012 0.831484
vt -0.207012 0.843157
vt -0.201012 0.853962
vt -0.207012 0.857563
vt -0.207012 0.846972
vt -0.201012 0.843100
vt -0.201012 0.827612
vt -0.201012 0.822294
vt -0.207012 0.826287
vt -0.207012 0.831484
vt -0.201012 0.843100
vt -0.207012 0.846972
vt -0.207012 0.842261
vt -0.201012 0.838267
vt -0.201012 0.822294
vt -0.201012 0.823804
vt -0.207012 0.827765
vt -0.207012 0.826287
vt -0.201012 0.838267
vt -0.207012 0.842261
vt -0.207012 0.843611
vt -0.201012 0.839650
vt -0.201012 0.823804
vt -0.201012 0.832085
vt -0.207012 0.835863
vt -0.207012 0.827765
vt -0.201012 0.839650
vt -0.207012 0.843611
vt -0.207012 0.850972
vt -0.201012 0.847195
vt -0.201012 0.832085
vt -0.201012 0.846820
vt -0.207012 0.850268
vt -0.207012 0.835863
vt -0.201012 0.847195
vt -0.207012 0.850972
vt -0.207012 0.864060
vt -0.201012 0.860612
vt -0.201012 0.846820
vt -0.201012 0.867441
vt -0.207012 0.870427
vt -0.207012 0.850268
vt -0.201012 0.860612
vt -0.207012 0.864060
vt -0.207012 0.882371
vt -0.201012 0.879385
vt -0.201012 0.867441
vt -0.201012 0.893156
vt -0.207012 0.895565
vt -0.207012 0.870427
vt -0.201012 0.879385
vt -0.207012 0.882371
vt -0.207012 0.905204
vt -0.201012 0.902794
vt -0.201012 0.893156
vt -0.201012 0.922977
vt -0.207012 0.924717
vt -0.207012 0.895565
vt -0.201012 0.902794
vt -0.207012 0.905204
vt -0.207012 0.931679
vt -0.201012 0.929938
vt -0.201012 0.922977
vt -0.201012 0.955758
vt -0.207012 0.956762
vt -0.207012 0.924717
vt -0.201012 0.929938
vt -0.207012 0.931679
vt -0.207012 0.960780
vt -0.201012 0.959775
vt -0.201012 0.955758
vt -0.201012 0.990239
vt -0.207012 0.990469
vt -0.207012 0.956762
vt -0.201012 0.959775
vt -0.207012 0.960780
vt -0.207012 0.991388
vt -0.201012 0.991158
vt -0.201012 0.990239
vt -0.201012 1.025096
vt -0.207012 1.024542
vt -0.207012 0.990469
vt -0.201012 0.991158
vt -0.207012 0.991388
vt -0.207012 1.022326
vt -0.201012 1.022880
vt -0.201012 1.025096
vt -0.201012 1.058987
vt -0.207012 1.057671
vt -0.207012 1.024542
vt -0.201012 1.022880
vt -0.207012 1.022326
vt -0.207012 1.052407
vt -0.201012 1.053723
vt -0.201012 1.058987
vt -0.201012 1.090613
vt -0.207012 1.088585
vt -0.207012 1.057671
vt -0.201012 1.053723
vt -0.207012 1.052407
vt -0.207012 1.080474
vt -0.201012 1.082502
vt -0.201012 1.090613
vt -0.201012 1.118755
vt -0.207012 1.116094
vt -0.207012 1.088585
vt -0.201012 1.082502
vt -0.207012 1.080474
vt -0.207012 1.105449
vt -0.201012 1.108110
vt -0.201012 1.118755
vt -0.201012 1.142335
vt -0.207012 1.139142
vt -0.207012 1.116094
vt -0.201012 1.108110
vt -0.207012 1.105449
vt -0.207012 1.126371
vt -0.201012 1.129563
vt -0.201012 1.142335
vt -0.201012 1.160444
vt -0.207012 1.156842
vt -0.207012 1.139142
vt -0.201012 1.129563
vt -0.207012 1.126371
vt -0.207012 1.142436
vt -0.201012 1.146038
vt -0.201012 1.160444
vt -0.201012 1.172387
vt -0.207012 1.168516
vt -0.207012 1.156842
vt -0.201012 1.146038
vt -0.207012 1.142436
vt -0.207012 1.153028
vt -0.201012 1.156900
vt -0.201012 1.172387
vt -0.201012 1.177706
vt -0.207012 1.173713
vt -0.207012 1.168516
vt -0.201012 1.156900
vt -0.207012 1.153028
vt -0.207012 1.157739
vt -0.201012 1.161733
vt -0.201012 1.177706
vt -0.201012 1.176196
vt -0.207012 1.172234
vt -0.207012 1.173713
vt -0.201012 1.161733
vt -0.207012 1.157739
vt -0.207012 1.156389
vt -0.201012 1.160350
vt -0.201012 1.176196
vt -0.201012 1.167914
vt -0.207012 1.164137
vt -0.207012 1.172234
vt -0.201012 1.160350
vt -0.207012 1.156389
vt -0.207012 1.149028
vt -0.201012 1.152805
vt -0.201012 1.167914
vt -0.201012 1.153180
vt -0.207012 1.149732
vt -0.207012 1.164137
vt -0.201012 1.152805
vt -0.207012 1.149028
vt -0.207012 1.135940
vt -0.201012 1.139388
vt -0.201012 1.153180
vt -0.201012 1.132559
vt -0.207012 1.129573
vt -0.207012 1.149732
vt -0.201012 1.139388
vt -0.207012 1.135940
vt -0.207012 1.117628
vt -0.201012 1.120615
vt -0.201012 1.132559
vt -0.201012 1.106844
vt -0.207012 1.104434
vt -0.207012 1.129573
vt -0.201012 1.120615
vt -0.207012 1.117628
vt -0.207012 1.094796
vt -0.201012 1.097206
vt -0.201012 1.106844
vt -0.201012 1.077023
vt -0.207012 1.075282
vt -0.207012 1.104434
vt -0.201012 1.097206
vt -0.207012 1.094796
vt -0.207012 1.068321
vt -0.201012 1.070061
vt -0.201012 1.077023
vt -0.201012 1.044242
vt -0.207012 1.043237
vt -0.207012 1.075282
vt -0.201012 1.070061
vt -0.207012 1.068321
vt -0.207012 1.039220
vt -0.201012 1.040225
vt -0.201012 1.044242
vt -0.201012 1.009760
vt -0.207012 1.009531
vt -0.207012 1.043237
vt -0.201012 1.040225
vt -0.207012 1.039220
vt -0.207012 1.008612
vt -0.201012 1.008842
vt -0.082863 0.995234
vt -0.074876 0.995694
vt -0.074322 1.011163
vt -0.082245 1.012271
vt 0.082863 0.995234
vt 0.082245 1.012271
vt 0.074322 1.011163
vt 0.074876 0.995694
vt -0.082245 1.012271
vt -0.074322 1.011163
vt -0.070912 1.026204
vt -0.078467 1.028836
vt 0.082245 1.012271
vt 0.078467 1.028836
vt 0.070912 1.026204
vt 0.074322 1.011163
vt -0.078467 1.028836
vt -0.070912 1.026204
vt -0.064777 1.040237
vt -0.071673 1.044292
vt 0.078467 1.028836
vt 0.071673 1.044292
vt 0.064777 1.040237
vt 0.070912 1.026204
vt -0.071673 1.044292
vt -0.064777 1.040237
vt -0.056153 1.052724
vt -0.062125 1.058047
vt 0.071673 1.044292
vt 0.062125 1.058047
vt 0.056153 1.052724
vt 0.064777 1.040237
vt -0.062125 1.058047
vt -0.056153 1.052724
vt -0.045370 1.063185
vt -0.050190 1.069571
vt 0.062125 1.058047
vt 0.050190 1.069571
vt 0.045370 1.063185
vt 0.056153 1.052724
vt -0.050190 1.069571
vt -0.045370 1.063185
vt -0.032844 1.071218
vt -0.036325 1.078421
vt 0.050190 1.069571
vt 0.036325 1.078421
vt 0.032844 1.071218
vt 0.045370 1.063185
vt -0.036325 1.078421
vt -0.032844 1.071218
vt -0.019056 1.076514
vt -0.021065 1.084258
vt 0.036325 1.078421
vt 0.021065 1.084258
vt 0.019056 1.076514
vt 0.032844 1.071218
vt -0.021065 1.084258
vt -0.019056 1.076514
vt -0.004536 1.078870
vt -0.004995 1.086856
vt 0.021065 1.084258
vt 0.004995 1.086856
vt 0.004536 1.078870
vt 0.019056 1.076514
vt -0.004995 1.086856
vt -0.004536 1.078870
vt 0.010159 1.078194
vt 0.011267 1.086117
vt 0.004995 1.086856
vt -0.011267 1.086117
vt -0.010159 1.078194
vt 0.004536 1.078870
vt 0.011267 1.086117
vt 0.010159 1.078194
vt 0.024463 1.074514
vt 0.027095 1.082069
vt -0.011267 1.086117
vt -0.027095 1.082069
vt -0.024463 1.074514
vt -0.010159 1.078194
vt 0.027095 1.082069
vt 0.024463 1.074514
vt 0.037828 1.067970
vt 0.041883 1.074866
vt -0.027095 1.082069
vt -0.041883 1.074866
vt -0.037828 1.067970
vt -0.024463 1.074514
vt 0.041883 1.074866
vt 0.037828 1.067970
vt 0.049738 1.058814
vt 0.055061 1.064787
vt -0.041883 1.074866
vt -0.055061 1.064787
vt -0.049738 1.058814
vt -0.037828 1.067970
vt 0.055061 1.064787
vt 0.049738 1.058814
vt 0.059737 1.047398
vt 0.066123 1.052217
vt -0.055061 1.064787
vt -0.066123 1.052217
vt -0.059737 1.047398
vt -0.049738 1.058814
vt 0.066123 1.052217
vt 0.059737 1.047398
vt 0.067441 1.034160
vt 0.074644 1.037641
vt -0.066123 1.052217
vt -0.074644 1.037641
vt -0.067441 1.034160
vt -0.059737 1.047398
vt 0.074644 1.037641
vt 0.067441 1.034160
vt 0.072553 1.019610
vt 0.080296 1.021619
vt -0.074644 1.037641
vt -0.080296 1.021619
vt -0.072553 1.019610
vt -0.067441 1.034160
vt 0.080296 1.021619
vt 0.072553 1.019610
vt 0.074876 1.004306
vt 0.082863 1.004766
vt -0.080296 1.021619
vt -0.082863 1.004766
vt -0.074876 1.004306
vt -0.072553 1.019610
vt 0.082863 1.004766
vt 0.074876 1.004306
vt 0.074322 0.988837
vt 0.082245 0.987729
vt -0.082863 1.004766
vt -0.082245 0.987729
vt -0.074322 0.988837
vt -0.074876 1.004306
vt 0.082245 0.987729
vt 0.074322 0.988837
vt 0.070912 0.973796
vt 0.078467 0.971164
vt -0.082245 0.987729
vt -0.078467 0.971164
vt -0.070912 0.973796
vt -0.074322 0.988837
vt 0.078467 0.971164
vt 0.070912 0.973796
vt 0.064777 0.959763
vt 0.071673 0.955707
vt -0.078467 0.971164
vt -0.071673 0.955707
vt -0.064777 0.959763
vt -0.070912 0.973796
vt 0.071673 0.955707
vt 0.064777 0.959763
vt 0.056153 0.947276
vt 0.062125 0.941953
vt -0.071673 0.955707
vt -0.062125 0.941953
vt -0.056153 0.947276
vt -0.064777 0.959763
vt 0.062125 0.941953
vt 0.056153 0.947276
vt 0.045370 0.936815
vt 0.050190 0.930429
vt -0.062125 0.941953
vt -0.050190 0.930429
vt -0.045370 0.936815
vt -0.056153 0.947276
vt 0.050190 0.930429
vt 0.045370 0.936815
vt 0.032844 0.928782
vt 0.036325 0.921579
vt -0.050190 0.930429
vt -0.036325 0.921579
vt -0.032844 0.928782
vt -0.045370 0.936815
vt 0.036325 0.921579
vt 0.032844 0.928782
vt 0.019056 0.923486
vt 0.021065 0.915742
vt -0.036325 0.921579
vt -0.021065 0.915742
vt -0.019056 0.923486
vt -0.032844 0.928782
vt 0.021065 0.915742
vt 0.019056 0.923486
vt 0.004536 0.921130
vt 0.004995 0.913144
vt -0.021065 0.915742
vt -0.004995 0.913144
vt -0.004536 0.921130
vt -0.019056 0.923486
vt 0.004995 0.913144
vt 0.004536 0.921130
vt -0.010159 0.921806
vt -0.011267 0.913883
vt -0.004995 0.913144
vt 0.011267 0.913883
vt 0.010159 0.921806
vt -0.004536 0.921130
vt -0.011267 0.913883
vt -0.010159 0.921806
vt -0.024463 0.925486
vt -0.027095 0.917931
vt 0.011267 0.913883
vt 0.027095 0.917931
vt 0.024463 0.925486
vt 0.010159 0.921806
vt -0.027095 0.917931
vt -0.024463 0.925486
vt -0.037828 0.932030
vt -0.041883 0.925134
vt 0.027095 0.917931
vt 0.041883 0.925134
vt 0.037828 0.932030
vt 0.024463 0.925486
vt -0.041883 0.925134
vt -0.037828 0.932030
vt -0.049738 0.941186
vt -0.055061 0.935213
vt 0.041883 0.925134
vt 0.055061 0.935213
vt 0.049738 0.941186
vt 0.037828 0.932030
vt -0.055061 0.935213
vt -0.049738 0.941186
vt -0.059737 0.952602
vt -0.066123 0.947783
vt 0.055061 0.935213
vt 0.066123 0.947783
vt 0.059737 0.952602
vt 0.049738 0.941186
vt -0.066123 0.947783
vt -0.059737 0.952602
vt -0.067441 0.965840
vt -0.074644 0.962359
vt 0.066123 0.947783
vt 0.074644 0.962359
vt 0.067441 0.965840
vt 0.059737 0.952602
vt -0.074644 0.962359
vt -0.067441 0.965840
vt -0.072553 0.980390
vt -0.080296 0.978381
vt 0.074644 0.962359
vt 0.080296 0.978381
vt 0.072553 0.980390
vt 0.067441 0.965840
vt -0.080296 0.978381
vt -0.072553 0.980390
vt -0.074876 0.995694
vt -0.082863 0.995234
vt 0.080296 0.978381
vt 0.082863 0.995234
vt 0.074876 0.995694
vt 0.072553 0.980390
vt -0.085506 1.082636
vt -0.088506 1.084627
vt -0.088506 1.076662
vt -0.085506 1.074671
vt 0.085506 1.074671
vt 0.088506 1.076662
vt 0.088506 1.084627
vt 0.085506 1.082636
vt -0.088506 1.084626
vt -0.100506 1.084626
vt -0.100506 1.076662
vt -0.088506 1.076662
vt 0.088506 1.076662
vt 0.100506 1.076662
vt 0.100506 1.084627
vt 0.088506 1.084626
vt -0.100506 1.084626
vt -0.103506 1.082635
vt -0.103506 1.074670
vt -0.100506 1.076662
vt 0.100506 1.076662
vt 0.103506 1.074670
vt 0.103506 1.082635
vt 0.100506 1.084627
vt -0.424948 1.009531
vt -0.424948 0.975458
vt -0.430948 0.974904
vt -0.430948 1.009760
vt -0.424948 1.008612
vt -0.430948 1.008842
vt -0.430948 0.977119
vt -0.424948 0.977673
vt -0.424948 0.975458
vt -0.424948 0.942328
vt -0.430948 0.941012
vt -0.430948 0.974904
vt -0.424948 0.977673
vt -0.430948 0.977119
vt -0.430948 0.946276
vt -0.424948 0.947592
vt -0.424948 0.942328
vt -0.424948 0.911415
vt -0.430948 0.909387
vt -0.430948 0.941012
vt -0.424948 0.947592
vt -0.430948 0.946276
vt -0.430948 0.917498
vt -0.424948 0.919525
vt -0.424948 0.911415
vt -0.424948 0.883906
vt -0.430948 0.881244
vt -0.430948 0.909387
vt -0.424948 0.919525
vt -0.430948 0.917498
vt -0.430948 0.891890
vt -0.424948 0.894551
vt -0.424948 0.883906
vt -0.424948 0.860858
vt -0.430948 0.857665
vt -0.430948 0.881244
vt -0.424948 0.894551
vt -0.430948 0.891890
vt -0.430948 0.870436
vt -0.424948 0.873629
vt -0.424948 0.860858
vt -0.424948 0.843157
vt -0.430948 0.839556
vt -0.430948 0.857665
vt -0.424948 0.873629
vt -0.430948 0.870436
vt -0.430948 0.853962
vt -0.424948 0.857563
vt -0.424948 0.843157
vt -0.424948 0.831484
vt -0.430948 0.827612
vt -0.430948 0.839556
vt -0.424948 0.857563
vt -0.430948 0.853962
vt -0.430948 0.843100
vt -0.424948 0.846972
vt -0.424948 0.831484
vt -0.424948 0.826287
vt -0.430948 0.822293
vt -0.430948 0.827612
vt -0.424948 0.846972
vt -0.430948 0.843100
vt -0.430948 0.838267
vt -0.424948 0.842260
vt -0.424948 0.826287
vt -0.424948 0.827765
vt -0.430948 0.823804
vt -0.430948 0.822293
vt -0.424948 0.842260
vt -0.430948 0.838267
vt -0.430948 0.839650
vt -0.424948 0.843611
vt -0.424948 0.827765
vt -0.424948 0.835863
vt -0.430948 0.832085
vt -0.430948 0.823804
vt -0.424948 0.843611
vt -0.430948 0.839650
vt -0.430948 0.847194
vt -0.424948 0.850972
vt -0.424948 0.835863
vt -0.424948 0.850268
vt -0.430948 0.846820
vt -0.430948 0.832085
vt -0.424948 0.850972
vt -0.430948 0.847194
vt -0.430948 0.860612
vt -0.424948 0.864060
vt -0.424948 0.850268
vt -0.424948 0.870427
vt -0.430948 0.867441
vt -0.430948 0.846820
vt -0.424948 0.864060
vt -0.430948 0.860612
vt -0.430948 0.879385
vt -0.424948 0.882371
vt -0.424948 0.870427
vt -0.424948 0.895565
vt -0.430948 0.893156
vt -0.430948 0.867441
vt -0.424948 0.882371
vt -0.430948 0.879385
vt -0.430948 0.902794
vt -0.424948 0.905204
vt -0.424948 0.895565
vt -0.424948 0.924717
vt -0.430948 0.922977
vt -0.430948 0.893156
vt -0.424948 0.905204
vt -0.430948 0.902794
vt -0.430948 0.929938
vt -0.424948 0.931679
vt -0.424948 0.924717
vt -0.424948 0.956762
vt -0.430948 0.955758
vt -0.430948 0.922977
vt -0.424948 0.931679
vt -0.430948 0.929938
vt -0.430948 0.959775
vt -0.424948 0.960779
vt -0.424948 0.956762
vt -0.424948 0.990469
vt -0.430948 0.990239
vt -0.430948 0.955758
vt -0.424948 0.960779
vt -0.430948 0.959775
vt -0.430948 0.991158
vt -0.424948 0.991387
vt -0.424948 0.990469
vt -0.424948 1.024542
vt -0.430948 1.025095
vt -0.430948 0.990239
vt -0.424948 0.991387
vt -0.430948 0.991158
vt -0.430948 1.022880
vt -0.424948 1.022326
vt -0.424948 1.024542
vt -0.424948 1.057671
vt -0.430948 1.058987
vt -0.430948 1.025095
vt -0.424948 1.022326
vt -0.430948 1.022880
vt -0.430948 1.053723
vt -0.424948 1.052407
vt -0.424948 1.057671
vt -0.424948 1.088585
vt -0.430948 1.090612
vt -0.430948 1.058987
vt -0.424948 1.052407
vt -0.430948 1.053723
vt -0.430948 1.082502
vt -0.424948 1.080474
vt -0.424948 1.088585
vt -0.424948 1.116094
vt -0.430948 1.118755
vt -0.430948 1.090612
vt -0.424948 1.080474
vt -0.430948 1.082502
vt -0.430948 1.108110
vt -0.424948 1.105448
vt -0.424948 1.116094
vt -0.424948 1.139142
vt -0.430948 1.142334
vt -0.430948 1.118755
vt -0.424948 1.105448
vt -0.430948 1.108110
vt -0.430948 1.129563
vt -0.424948 1.126370
vt -0.424948 1.139142
vt -0.424948 1.156842
vt -0.430948 1.160444
vt -0.430948 1.142334
vt -0.424948 1.126370
vt -0.430948 1.129563
vt -0.430948 1.146038
vt -0.424948 1.142436
vt -0.424948 1.156842
vt -0.424948 1.168515
vt -0.430948 1.172387
vt -0.430948 1.160444
vt -0.424948 1.142436
vt -0.430948 1.146038
vt -0.430948 1.156900
vt -0.424948 1.153028
vt -0.424948 1.168515
vt -0.424948 1.173713
vt -0.430948 1.177706
vt -0.430948 1.172387
vt -0.424948 1.153028
vt -0.430948 1.156900
vt -0.430948 1.161733
vt -0.424948 1.157739
vt -0.424948 1.173713
vt -0.424948 1.172234
vt -0.430948 1.176196
vt -0.430948 1.177706
vt -0.424948 1.157739
vt -0.430948 1.161733
vt -0.430948 1.160350
vt -0.424948 1.156388
vt -0.424948 1.172234
vt -0.424948 1.164137
vt -0.430948 1.167914
vt -0.430948 1.176196
vt -0.424948 1.156388
vt -0.430948 1.160350
vt -0.430948 1.152805
vt -0.424948 1.149028
vt -0.424948 1.164137
vt -0.424948 1.149732
vt -0.430948 1.153180
vt -0.430948 1.167914
vt -0.424948 1.149028
vt -0.430948 1.152805
vt -0.430948 1.139388
vt -0.424948 1.135940
vt -0.424948 1.149732
vt -0.424948 1.129573
vt -0.430948 1.132559
vt -0.430948 1.153180
vt -0.424948 1.135940
vt -0.430948 1.139388
vt -0.430948 1.120614
vt -0.424948 1.117628
vt -0.424948 1.129573
vt -0.424948 1.104434
vt -0.430948 1.106844
vt -0.430948 1.132559
vt -0.424948 1.117628
vt -0.430948 1.120614
vt -0.430948 1.097206
vt -0.424948 1.094796
vt -0.424948 1.104434
vt -0.424948 1.075282
vt -0.430948 1.077023
vt -0.430948 1.106844
vt -0.424948 1.094796
vt -0.430948 1.097206
vt -0.430948 1.070061
vt -0.424948 1.068321
vt -0.424948 1.075282
vt -0.424948 1.043237
vt -0.430948 1.044242
vt -0.430948 1.077023
vt -0.424948 1.068321
vt -0.430948 1.070061
vt -0.430948 1.040224
vt -0.424948 1.039220
vt -0.424948 1.043237
vt -0.424948 1.009531
vt -0.430948 1.009760
vt -0.430948 1.044242
vt -0.424948 1.039220
vt -0.430948 1.040224
vt -0.430948 1.008842
vt -0.424948 1.008612
vt -0.430948 1.009760
vt -0.430948 0.974904
vt -0.454948 0.974904
vt -0.454948 1.009760
vt -0.430948 1.008842
vt -0.454948 1.008842
vt -0.454948 0.977119
vt -0.430948 0.977119
vt -0.430948 0.974904
vt -0.430948 0.941012
vt -0.454948 0.941012
vt -0.454948 0.974904
vt -0.430948 0.977119
vt -0.454948 0.977119
vt -0.454948 0.946276
vt -0.430948 0.946276
vt -0.430948 0.941012
vt -0.430948 0.909387
vt -0.454948 0.909387
vt -0.454948 0.941012
vt -0.430948 0.946276
vt -0.454948 0.946276
vt -0.454948 0.917498
vt -0.430948 0.917498
vt -0.430948 0.909387
vt -0.430948 0.881244
vt -0.454948 0.881244
vt -0.454948 0.909387
vt -0.430948 0.917498
vt -0.454948 0.917498
vt -0.454948 0.891890
vt -0.430948 0.891890
vt -0.430948 0.881244
vt -0.430948 0.857665
vt -0.454948 0.857665
vt -0.454948 0.881244
vt -0.430948 0.891890
vt -0.454948 0.891890
vt -0.454948 0.870436
vt -0.430948 0.870436
vt -0.430948 0.857665
vt -0.430948 0.839556
vt -0.454948 0.839556
vt -0.454948 0.857665
vt -0.430948 0.870436
vt -0.454948 0.870436
vt -0.454948 0.853962
vt -0.430948 0.853962
vt -0.430948 0.839556
vt -0.430948 0.827612
vt -0.454948 0.827612
vt -0.454948 0.839556
vt -0.430948 0.853962
vt -0.454948 0.853962
vt -0.454948 0.843100
vt -0.430948 0.843100
vt -0.430948 0.827612
vt -0.430948 0.822293
vt -0.454948 0.822293
vt -0.454948 0.827612
vt -0.430948 0.843100
vt -0.454948 0.843100
vt -0.454948 0.838267
vt -0.430948 0.838267
vt -0.430948 0.822293
vt -0.430948 0.823804
vt -0.454948 0.823804
vt -0.454948 0.822293
vt -0.430948 0.838267
vt -0.454948 0.838267
vt -0.454948 0.839650
vt -0.430948 0.839650
vt -0.430948 0.823804
vt -0.430948 0.832085
vt -0.454948 0.832085
vt -0.454948 0.823804
vt -0.430948 0.839650
vt -0.454948 0.839650
vt -0.454948 0.847194
vt -0.430948 0.847194
vt -0.430948 0.832085
vt -0.430948 0.846820
vt -0.454948 0.846820
vt -0.454948 0.832085
vt -0.430948 0.847194
vt -0.454948 0.847194
vt -0.454948 0.860612
vt -0.430948 0.860612
vt -0.430948 0.846820
vt -0.430948 0.867441
vt -0.454948 0.867441
vt -0.454948 0.846820
vt -0.430948 0.860612
vt -0.454948 0.860612
vt -0.454948 0.879385
vt -0.430948 0.879385
vt -0.430948 0.867441
vt -0.430948 0.893156
vt -0.454948 0.893156
vt -0.454948 0.867441
vt -0.430948 0.879385
vt -0.454948 0.879385
vt -0.454948 0.902794
vt -0.430948 0.902794
vt -0.430948 0.893156
vt -0.430948 0.922977
vt -0.454948 0.922977
vt -0.454948 0.893156
vt -0.430948 0.902794
vt -0.454948 0.902794
vt -0.454948 0.929938
vt -0.430948 0.929938
vt -0.430948 0.922977
vt -0.430948 0.955758
vt -0.454948 0.955758
vt -0.454948 0.922977
vt -0.430948 0.929938
vt -0.454948 0.929938
vt -0.454948 0.959775
vt -0.430948 0.959775
vt -0.430948 0.955758
vt -0.430948 0.990239
vt -0.454948 0.990239
vt -0.454948 0.955758
vt -0.430948 0.959775
vt -0.454948 0.959775
vt -0.454948 0.991158
vt -0.430948 0.991158
vt -0.430948 0.990239
vt -0.430948 1.025095
vt -0.454948 1.025095
vt -0.454948 0.990239
vt -0.430948 0.991158
vt -0.454948 0.991158
vt -0.454948 1.022880
vt -0.430948 1.022880
vt -0.430948 1.025095
vt -0.430948 1.058987
vt -0.454948 1.058987
vt -0.454948 1.025095
vt -0.430948 1.022880
vt -0.454948 1.022880
vt -0.454948 1.053723
vt -0.430948 1.053723
vt -0.430948 1.058987
vt -0.430948 1.090612
vt -0.454948 1.090612
vt -0.454948 1.058987
vt -0.430948 1.053723
vt -0.454948 1.053723
vt -0.454948 1.082502
vt -0.430948 1.082502
vt -0.430948 1.090612
vt -0.430948 1.118755
vt -0.454948 1.118755
vt -0.454948 1.090612
vt -0.430948 1.082502
vt -0.454948 1.082502
vt -0.454948 1.108110
vt -0.430948 1.108110
vt -0.430948 1.118755
vt -0.430948 1.142334
vt -0.454948 1.142334
vt -0.454948 1.118755
vt -0.430948 1.108110
vt -0.454948 1.108110
vt -0.454948 1.129563
vt -0.430948 1.129563
vt -0.430948 1.142334
vt -0.430948 1.160444
vt -0.454948 1.160444
vt -0.454948 1.142334
vt -0.430948 1.129563
vt -0.454948 1.129563
vt -0.454948 1.146038
vt -0.430948 1.146038
vt -0.430948 1.160444
vt -0.430948 1.172387
vt -0.454948 1.172387
vt -0.454948 1.160444
vt -0.430948 1.146038
vt -0.454948 1.146038
vt -0.454948 1.156900
vt -0.430948 1.156900
vt -0.430948 1.172387
vt -0.430948 1.177706
vt -0.454948 1.177706
vt -0.454948 1.172387
vt -0.430948 1.156900
vt -0.454948 1.156900
vt -0.454948 1.161733
vt -0.430948 1.161733
vt -0.430948 1.177706
vt -0.430948 1.176196
vt -0.454948 1.176196
vt -0.454948 1.177706
vt -0.430948 1.161733
vt -0.454948 1.161733
vt -0.454948 1.160350
vt -0.430948 1.160350
vt -0.430948 1.176196
vt -0.430948 1.167914
vt -0.454948 1.167914
vt -0.454948 1.176196
vt -0.430948 1.160350
vt -0.454948 1.160350
vt -0.454948 1.152805
vt -0.430948 1.152805
vt -0.430948 1.167914
vt -0.430948 1.153180
vt -0.454948 1.153180
vt -0.454948 1.167914
vt -0.430948 1.152805
vt -0.454948 1.152805
vt -0.454948 1.139388
vt -0.430948 1.139388
vt -0.430948 1.153180
vt -0.430948 1.132559
vt -0.454948 1.132559
vt -0.454948 1.153180
vt -0.430948 1.139388
vt -0.454948 1.139388
vt -0.454948 1.120614
vt -0.430948 1.120614
vt -0.430948 1.132559
vt -0.430948 1.106844
vt -0.454948 1.106844
vt -0.454948 1.132559
vt -0.430948 1.120614
vt -0.454948 1.120614
vt -0.454948 1.097206
vt -0.430948 1.097206
vt -0.430948 1.106844
vt -0.430948 1.077023
vt -0.454948 1.077023
vt -0.454948 1.106844
vt -0.430948 1.097206
vt -0.454948 1.097206
vt -0.454948 1.070061
vt -0.430948 1.070061
vt -0.430948 1.077023
vt -0.430948 1.044242
vt -0.454948 1.044242
vt -0.454948 1.077023
vt -0.430948 1.070061
vt -0.454948 1.070061
vt -0.454948 1.040224
vt -0.430948 1.040224
vt -0.430948 1.044242
vt -0.430948 1.009760
vt -0.454948 1.009760
vt -0.454948 1.044242
vt -0.430948 1.040224
vt -0.454948 1.040224
vt -0.454948 1.008842
vt -0.430948 1.008842
vt -0.454948 1.009760
vt -0.454948 0.974904
vt -0.460948 0.975458
vt -0.460948 1.009531
vt -0.454948 1.008842
vt -0.460948 1.008612
vt -0.460948 0.977673
vt -0.454948 0.977119
vt -0.454948 0.974904
vt -0.454948 0.941012
vt -0.460948 0.942328
vt -0.460948 0.975458
vt -0.454948 0.977119
vt -0.460948 0.977673
vt -0.460948 0.947592
vt -0.454948 0.946276
vt -0.454948 0.941012
vt -0.454948 0.909387
vt -0.460948 0.911415
vt -0.460948 0.942328
vt -0.454948 0.946276
vt -0.460948 0.947592
vt -0.460948 0.919525
vt -0.454948 0.917498
vt -0.454948 0.909387
vt -0.454948 0.881244
vt -0.460948 0.883906
vt -0.460948 0.911415
vt -0.454948 0.917498
vt -0.460948 0.919525
vt -0.460948 0.894551
vt -0.454948 0.891890
vt -0.454948 0.881244
vt -0.454948 0.857665
vt -0.460948 0.860858
vt -0.460948 0.883906
vt -0.454948 0.891890
vt -0.460948 0.894551
vt -0.460948 0.873629
vt -0.454948 0.870436
vt -0.454948 0.857665
vt -0.454948 0.839556
vt -0.460948 0.843157
vt -0.460948 0.860858
vt -0.454948 0.870436
vt -0.460948 0.873629
vt -0.460948 0.857563
vt -0.454948 0.853962
vt -0.454948 0.839556
vt -0.454948 0.827612
vt -0.460948 0.831484
vt -0.460948 0.843157
vt -0.454948 0.853962
vt -0.460948 0.857563
vt -0.460948 0.846972
vt -0.454948 0.843100
vt -0.454948 0.827612
vt -0.454948 0.822293
vt -0.460948 0.826287
vt -0.460948 0.831484
vt -0.454948 0.843100
vt -0.460948 0.846972
vt -0.460948 0.842260
vt -0.454948 0.838267
vt -0.454948 0.822293
vt -0.454948 0.823804
vt -0.460948 0.827765
vt -0.460948 0.826287
vt -0.454948 0.838267
vt -0.460948 0.842260
vt -0.460948 0.843611
vt -0.454948 0.839650
vt -0.454948 0.823804
vt -0.454948 0.832085
vt -0.460948 0.835863
vt -0.460948 0.827765
vt -0.454948 0.839650
vt -0.460948 0.843611
vt -0.460948 0.850972
vt -0.454948 0.847194
vt -0.454948 0.832085
vt -0.454948 0.846820
vt -0.460948 0.850268
vt -0.460948 0.835863
vt -0.454948 0.847194
vt -0.460948 0.850972
vt -0.460948 0.864060
vt -0.454948 0.860612
vt -0.454948 0.846820
vt -0.454948 0.867441
vt -0.460948 0.870427
vt -0.460948 0.850268
vt -0.454948 0.860612
vt -0.460948 0.864060
vt -0.460948 0.882371
vt -0.454948 0.879385
vt -0.454948 0.867441
vt -0.454948 0.893156
vt -0.460948 0.895565
vt -0.460948 0.870427
vt -0.454948 0.879385
vt -0.460948 0.882371
vt -0.460948 0.905204
vt -0.454948 0.902794
vt -0.454948 0.893156
vt -0.454948 0.922977
vt -0.460948 0.924717
vt -0.460948 0.895565
vt -0.454948 0.902794
vt -0.460948 0.905204
vt -0.460948 0.931679
vt -0.454948 0.929938
vt -0.454948 0.922977
vt -0.454948 0.955758
vt -0.460948 0.956762
vt -0.460948 0.924717
vt -0.454948 0.929938
vt -0.460948 0.931679
vt -0.460948 0.960779
vt -0.454948 0.959775
vt -0.454948 0.955758
vt -0.454948 0.990239
vt -0.460948 0.990469
vt -0.460948 0.956762
vt -0.454948 0.959775
vt -0.460948 0.960779
vt -0.460948 0.991387
vt -0.454948 0.991158
vt -0.454948 0.990239
vt -0.454948 1.025095
vt -0.460948 1.024542
vt -0.460948 0.990469
vt -0.454948 0.991158
vt -0.460948 0.991387
vt -0.460948 1.022326
vt -0.454948 1.022880
vt -0.454948 1.025095
vt -0.454948 1.058987
vt -0.460948 1.057671
vt -0.460948 1.024542
vt -0.454948 1.022880
vt -0.460948 1.022326
vt -0.460948 1.052407
vt -0.454948 1.053723
vt -0.454948 1.058987
vt -0.454948 1.090612
vt -0.460948 1.088585
vt -0.460948 1.057671
vt -0.454948 1.053723
vt -0.460948 1.052407
vt -0.460948 1.080474
vt -0.454948 1.082502
vt -0.454948 1.090612
vt -0.454948 1.118755
vt -0.460948 1.116094
vt -0.460948 1.088585
vt -0.454948 1.082502
vt -0.460948 1.080474
vt -0.460948 1.105448
vt -0.454948 1.108110
vt -0.454948 1.118755
vt -0.454948 1.142334
vt -0.460948 1.139142
vt -0.460948 1.116094
vt -0.454948 1.108110
vt -0.460948 1.105448
vt -0.460948 1.126370
vt -0.454948 1.129563
vt -0.454948 1.142334
vt -0.454948 1.160444
vt -0.460948 1.156842
vt -0.460948 1.139142
vt -0.454948 1.129563
vt -0.460948 1.126370
vt -0.460948 1.142436
vt -0.454948 1.146038
vt -0.454948 1.160444
vt -0.454948 1.172387
vt -0.460948 1.168515
vt -0.460948 1.156842
vt -0.454948 1.146038
vt -0.460948 1.142436
vt -0.460948 1.153028
vt -0.454948 1.156900
vt -0.454948 1.172387
vt -0.454948 1.177706
vt -0.460948 1.173713
vt -0.460948 1.168515
vt -0.454948 1.156900
vt -0.460948 1.153028
vt -0.460948 1.157739
vt -0.454948 1.161733
vt -0.454948 1.177706
vt -0.454948 1.176196
vt -0.460948 1.172234
vt -0.460948 1.173713
vt -0.454948 1.161733
vt -0.460948 1.157739
vt -0.460948 1.156388
vt -0.454948 1.160350
vt -0.454948 1.176196
vt -0.454948 1.167914
vt -0.460948 1.164137
vt -0.460948 1.172234
vt -0.454948 1.160350
vt -0.460948 1.156388
vt -0.460948 1.149028
vt -0.454948 1.152805
vt -0.454948 1.167914
vt -0.454948 1.153180
vt -0.460948 1.149732
vt -0.460948 1.164137
vt -0.454948 1.152805
vt -0.460948 1.149028
vt -0.460948 1.135940
vt -0.454948 1.139388
vt -0.454948 1.153180
vt -0.454948 1.132559
vt -0.460948 1.129573
vt -0.460948 1.149732
vt -0.454948 1.139388
vt -0.460948 1.135940
vt -0.460948 1.117628
vt -0.454948 1.120614
vt -0.454948 1.132559
vt -0.454948 1.106844
vt -0.460948 1.104434
vt -0.460948 1.129573
vt -0.454948 1.120614
vt -0.460948 1.117628
vt -0.460948 1.094796
vt -0.454948 1.097206
vt -0.454948 1.106844
vt -0.454948 1.077023
vt -0.460948 1.075282
vt -0.460948 1.104434
vt -0.454948 1.097206
vt -0.460948 1.094796
vt -0.460948 1.068321
vt -0.454948 1.070061
vt -0.454948 1.077023
vt -0.454948 1.044242
vt -0.460948 1.043237
vt -0.460948 1.075282
vt -0.454948 1.070061
vt -0.460948 1.068321
vt -0.460948 1.039220
vt -0.454948 1.040224
vt -0.454948 1.044242
vt -0.454948 1.009760
vt -0.460948 1.009531
vt -0.460948 1.043237
vt -0.454948 1.040224
vt -0.460948 1.039220
vt -0.460948 1.008612
vt -0.454948 1.008842
vt -0.082863 0.995234
vt -0.074876 0.995694
vt -0.074322 1.011163
vt -0.082245 1.012271
vt 0.082863 0.995234
vt 0.082245 1.012271
vt 0.074322 1.011163
vt 0.074876 0.995694
vt -0.082245 1.012271
vt -0.074322 1.011163
vt -0.070912 1.026204
vt -0.078467 1.028836
vt 0.082245 1.012271
vt 0.078467 1.028836
vt 0.070912 1.026204
vt 0.074322 1.011163
vt -0.078467 1.028836
vt -0.070912 1.026204
vt -0.064777 1.040237
vt -0.071673 1.044292
vt 0.078467 1.028836
vt 0.071673 1.044292
vt 0.064777 1.040237
vt 0.070912 1.026204
vt -0.071673 1.044292
vt -0.064777 1.040237
vt -0.056153 1.052724
vt -0.062125 1.058047
vt 0.071673 1.044292
vt 0.062125 1.058047
vt 0.056153 1.052724
vt 0.064777 1.040237
vt -0.062125 1.058047
vt -0.056153 1.052724
vt -0.045370 1.063185
vt -0.050190 1.069571
vt 0.062125 1.058047
vt 0.050190 1.069571
vt 0.045370 1.063185
vt 0.056153 1.052724
vt -0.050190 1.069571
vt -0.045370 1.063185
vt -0.032844 1.071218
vt -0.036325 1.078421
vt 0.050190 1.069571
vt 0.036325 1.078421
vt 0.032844 1.071218
vt 0.045370 1.063185
vt -0.036325 1.078421
vt -0.032844 1.071218
vt -0.019056 1.076514
vt -0.021065 1.084258
vt 0.036325 1.078421
vt 0.021065 1.084258
vt 0.019056 1.076514
vt 0.032844 1.071218
vt -0.021065 1.084258
vt -0.019056 1.076514
vt -0.004536 1.078870
vt -0.004995 1.086856
vt 0.021065 1.084258
vt 0.004995 1.086856
vt 0.004536 1.078870
vt 0.019056 1.076514
vt -0.004995 1.086856
vt -0.004536 1.078870
vt 0.010159 1.078194
vt 0.011267 1.086117
vt 0.004995 1.086856
vt -0.011267 1.086117
vt -0.010159 1.078194
vt 0.004536 1.078870
vt 0.011267 1.086117
vt 0.010159 1.078194
vt 0.024463 1.074514
vt 0.027095 1.082069
vt -0.011267 1.086117
vt -0.027095 1.082069
vt -0.024463 1.074514
vt -0.010159 1.078194
vt 0.027095 1.082069
vt 0.024463 1.074514
vt 0.037828 1.067970
vt 0.041883 1.074866
vt -0.027095 1.082069
vt -0.041883 1.074866
vt -0.037828 1.067970
vt -0.024463 1.074514
vt 0.041883 1.074866
vt 0.037828 1.067970
vt 0.049738 1.058814
vt 0.055061 1.064787
vt -0.041883 1.074866
vt -0.055061 1.064787
vt -0.049738 1.058814
vt -0.037828 1.067970
vt 0.055061 1.064787
vt 0.049738 1.058814
vt 0.059737 1.047398
vt 0.066123 1.052217
vt -0.055061 1.064787
vt -0.066123 1.052217
vt -0.059737 1.047398
vt -0.049738 1.058814
vt 0.066123 1.052217
vt 0.059737 1.047398
vt 0.067441 1.034160
vt 0.074644 1.037641
vt -0.066123 1.052217
vt -0.074644 1.037641
vt -0.067441 1.034160
vt -0.059737 1.047398
vt 0.074644 1.037641
vt 0.067441 1.034160
vt 0.072553 1.019610
vt 0.080296 1.021619
vt -0.074644 1.037641
vt -0.080296 1.021619
vt -0.072553 1.019610
vt -0.067441 1.034160
vt 0.080296 1.021619
vt 0.072553 1.019610
vt 0.074876 1.004306
vt 0.082863 1.004766
vt -0.080296 1.021619
vt -0.082863 1.004766
vt -0.074876 1.004306
vt -0.072553 1.019610
vt 0.082863 1.004766
vt 0.074876 1.004306
vt 0.074322 0.988837
vt 0.082245 0.987729
vt -0.082863 1.004766
vt -0.082245 0.987729
vt -0.074322 0.988837
vt -0.074876 1.004306
vt 0.082245 0.987729
vt 0.074322 0.988837
vt 0.070912 0.973796
vt 0.078467 0.971164
vt -0.082245 0.987729
vt -0.078467 0.971164
vt -0.070912 0.973796
vt -0.074322 0.988837
vt 0.078467 0.971164
vt 0.070912 0.973796
vt 0.064777 0.959763
vt 0.071673 0.955707
vt -0.078467 0.971164
vt -0.071673 0.955707
vt -0.064777 0.959763
vt -0.070912 0.973796
vt 0.071673 0.955707
vt 0.064777 0.959763
vt 0.056153 0.947276
vt 0.062125 0.941953
vt -0.071673 0.955707
vt -0.062125 0.941953
vt -0.056153 0.947276
vt -0.064777 0.959763
vt 0.062125 0.941953
vt 0.056153 0.947276
vt 0.045370 0.936815
vt 0.050190 0.930429
vt -0.062125 0.941953
vt -0.050190 0.930429
vt -0.045370 0.936815
vt -0.056153 0.947276
vt 0.050190 0.930429
vt 0.045370 0.936815
vt 0.032844 0.928782
vt 0.036325 0.921579
vt -0.050190 0.930429
vt -0.036325 0.921579
vt -0.032844 0.928782
vt -0.045370 0.936815
vt 0.036325 0.921579
vt 0.032844 0.928782
vt 0.019056 0.923486
vt 0.021065 0.915742
vt -0.036325 0.921579
vt -0.021065 0.915742
vt -0.019056 0.923486
vt -0.032844 0.928782
vt 0.021065 0.915742
vt 0.019056 0.923486
vt 0.004536 0.921130
vt 0.004995 0.913144
vt -0.021065 0.915742
vt -0.004995 0.913144
vt -0.004536 0.921130
vt -0.019056 0.923486
vt 0.004995 0.913144
vt 0.004536 0.921130
vt -0.010159 0.921806
vt -0.011267 0.913883
vt -0.004995 0.913144
vt 0.011267 0.913883
vt 0.010159 0.921806
vt -0.004536 0.921130
vt -0.011267 0.913883
vt -0.010159 0.921806
vt -0.024463 0.925486
vt -0.027095 0.917931
vt 0.011267 0.913883
vt 0.027095 0.917931
vt 0.024463 0.925486
vt 0.010159 0.921806
vt -0.027095 0.917931
vt -0.024463 0.925486
vt -0.037828 0.932030
vt -0.041883 0.925134
vt 0.027095 0.917931
vt 0.041883 0.925134
vt 0.037828 0.932030
vt 0.024463 0.925486
vt -0.041883 0.925134
vt -0.037828 0.932030
vt -0.049738 0.941186
vt -0.055061 0.935213
vt 0.041883 0.925134
vt 0.055061 0.935213
vt 0.049738 0.941186
vt 0.037828 0.932030
vt -0.055061 0.935213
vt -0.049738 0.941186
vt -0.059737 0.952602
vt -0.066123 0.947783
vt 0.055061 0.935213
vt 0.066123 0.947783
vt 0.059737 0.952602
vt 0.049738 0.941186
vt -0.066123 0.947783
vt -0.059737 0.952602
vt -0.067441 0.965840
vt -0.074644 0.962359
vt 0.066123 0.947783
vt 0.074644 0.962359
vt 0.067441 0.965840
vt 0.059737 0.952602
vt -0.074644 0.962359
vt -0.067441 0.965840
vt -0.072553 0.980390
vt -0.080296 0.978381
vt 0.074644 0.962359
vt 0.080296 0.978381
vt 0.072553 0.980390
vt 0.067441 0.965840
vt -0.080296 0.978381
vt -0.072553 0.980390
vt -0.074876 0.995694
vt -0.082863 0.995234
vt 0.080296 0.978381
vt 0.082863 0.995234
vt 0.074876 0.995694
vt 0.072553 0.980390
vt -0.212474 1.082636
vt -0.215474 1.084627
vt -0.215474 1.076662
vt -0.212474 1.074671
vt 0.212474 1.074671
vt 0.215474 1.076662
vt 0.215474 1.084627
vt 0.212474 1.082636
vt -0.215474 1.084627
vt -0.227474 1.084627
vt -0.227474 1.076662
vt -0.215474 1.076662
vt 0.215474 1.076662
vt 0.227474 1.076662
vt 0.227474 1.084627
vt 0.215474 1.084627
vt -0.227474 1.084627
vt -0.230474 1.082635
vt -0.230474 1.074671
vt -0.227474 1.076662
vt 0.227474 1.076662
vt 0.230474 1.074671
vt 0.230474 1.082635
vt 0.227474 1.084627
vt 0.019403 1.095553
vt 0.012531 1.095944
vt 0.011680 1.080968
vt 0.018552 1.080578
vt 0.038840 1.094636
vt 0.031966 1.094989
vt 0.031198 1.080008
vt 0.038072 1.079656
vt 0.054832 1.094350
vt 0.047955 1.094630
vt 0.047345 1.079642
vt 0.054223 1.079362
vt 0.065807 1.094815
vt 0.058926 1.094994
vt 0.058534 1.080000
vt 0.065415 1.079820
vt 0.070671 1.095868
vt 0.063788 1.095930
vt 0.063653 1.080931
vt 0.070536 1.080869
vt 0.068935 1.097124
vt 0.062052 1.097062
vt 0.062187 1.082063
vt 0.069070 1.082125
vt 0.060769 1.098119
vt 0.053889 1.097940
vt 0.054280 1.082945
vt 0.061161 1.083125
vt 0.046990 1.098491
vt 0.040113 1.098211
vt 0.040722 1.083223
vt 0.047599 1.083503
vt 0.028963 1.098111
vt 0.022089 1.097759
vt 0.022857 1.082778
vt 0.029731 1.083130
vt 0.008458 1.097136
vt 0.001586 1.096746
vt 0.002436 1.081770
vt 0.009308 1.082160
vt -0.012531 1.095944
vt -0.019403 1.095553
vt -0.018552 1.080578
vt -0.011680 1.080968
vt -0.031966 1.094989
vt -0.038840 1.094636
vt -0.038072 1.079656
vt -0.031198 1.080008
vt -0.047955 1.094630
vt -0.054832 1.094350
vt -0.054223 1.079362
vt -0.047345 1.079642
vt -0.058926 1.094994
vt -0.065807 1.094815
vt -0.065415 1.079820
vt -0.058534 1.080000
vt -0.063788 1.095930
vt -0.070671 1.095868
vt -0.070536 1.080869
vt -0.063653 1.080931
vt -0.062052 1.097062
vt -0.068935 1.097124
vt -0.069070 1.082125
vt -0.062187 1.082063
vt -0.053889 1.097940
vt -0.060769 1.098119
vt -0.061161 1.083125
vt -0.054280 1.082945
vt -0.040113 1.098211
vt -0.046990 1.098491
vt -0.047599 1.083503
vt -0.040722 1.083223
vt -0.022089 1.097759
vt -0.028963 1.098111
vt -0.029731 1.083130
vt -0.022857 1.082778
vt -0.001586 1.096746
vt -0.008458 1.097136
vt -0.009308 1.082160
vt -0.002436 1.081770
vt 0.088115 1.006798
vt 0.084990 1.012931
vt 0.080123 1.017798
vt 0.073990 1.020923
vt 0.067192 1.022000
vt 0.060393 1.020923
vt 0.054260 1.017798
vt 0.049393 1.012931
vt 0.046268 1.006798
vt 0.045192 1.000000
vt 0.046268 0.993202
vt 0.049393 0.987069
vt 0.054260 0.982202
vt 0.060393 0.979077
vt 0.067192 0.978000
vt 0.073990 0.979077
vt 0.080123 0.982202
vt 0.084990 0.987069
vt 0.088115 0.993202
vt 0.089192 1.000000
vt -0.089192 1.000000
vt -0.088115 0.993202
vt -0.084990 0.987069
vt -0.080123 0.982202
vt -0.073990 0.979077
vt -0.067192 0.978000
vt -0.060393 0.979077
vt -0.054260 0.982202
vt -0.049393 0.987069
vt -0.046268 0.993202
vt -0.045192 1.000000
vt -0.046268 1.006798
vt -0.049393 1.012931
vt -0.054260 1.017798
vt -0.060393 1.020923
vt -0.067192 1.022000
vt -0.073990 1.020923
vt -0.080123 1.017798
vt -0.084990 1.012931
vt -0.088115 1.006798
vt 0.077257 0.942815
vt 0.076782 0.945367
vt 0.073833 0.944818
vt 0.074308 0.942266
vt 0.066022 0.994838
vt 0.065838 0.997427
vt 0.062846 0.997214
vt 0.063030 0.994625
vt 0.062284 1.057623
vt 0.062135 1.060215
vt 0.059140 1.060043
vt 0.059289 1.057451
vt 0.058473 1.101032
vt 0.058289 1.103621
vt 0.055297 1.103409
vt 0.055481 1.100819
vt 0.045739 1.112168
vt 0.045264 1.114720
vt 0.042315 1.114171
vt 0.042790 1.111619
vt -0.076782 0.945367
vt -0.077257 0.942815
vt -0.074308 0.942266
vt -0.073833 0.944818
vt -0.065838 0.997427
vt -0.066022 0.994838
vt -0.063030 0.994625
vt -0.062846 0.997214
vt -0.062135 1.060215
vt -0.062284 1.057623
vt -0.059289 1.057451
vt -0.059140 1.060043
vt -0.058289 1.103621
vt -0.058473 1.101032
vt -0.055481 1.100819
vt -0.055297 1.103409
vt -0.045264 1.114720
vt -0.045739 1.112168
vt -0.042790 1.111619
vt -0.042315 1.114171
vt 0.093031 1.051852
vt 0.094557 1.053952
vt 0.094557 1.056548
vt 0.093031 1.058648
vt 0.090562 1.059450
vt 0.088094 1.058648
vt 0.086568 1.056548
vt 0.086568 1.053952
vt 0.088094 1.051852
vt 0.090562 1.051050
vt -0.090562 1.051050
vt -0.088094 1.051852
vt -0.086568 1.053952
vt -0.086568 1.056548
vt -0.088094 1.058648
vt -0.090562 1.059450
vt -0.093031 1.058648
vt -0.094557 1.056548
vt -0.094557 1.053952
vt -0.093031 1.051852
vt 0.090063 0.934610
vt 0.090063 0.933810
vt 0.091063 0.933810
vt 0.091063 0.934610
vt -0.091063 0.934610
vt -0.091063 0.933810
vt -0.090063 0.933810
vt -0.090063 0.934610
vt -0.090062 1.057350
vt -0.091062 1.057350
vt -0.091062 1.053150
vt -0.090062 1.053150
vt 0.090062 1.053150
vt 0.091062 1.053150
vt 0.091062 1.057350
vt 0.090062 1.057350
vt 0.061989 1.061010
vt 0.062230 1.056817
vt 0.063029 1.056863
vt 0.062788 1.061056
vt -0.062788 1.061056
vt -0.063029 1.056863
vt -0.062230 1.056817
vt -0.061989 1.061010
vt 0.009308 0.917840
vt 0.002436 0.918230
vt 0.001586 0.903254
vt 0.008458 0.902864
vt 0.029731 0.916870
vt 0.022857 0.917222
vt 0.022089 0.902242
vt 0.028963 0.901889
vt 0.047600 0.916497
vt 0.040722 0.916777
vt 0.040113 0.901789
vt 0.046990 0.901509
vt 0.061161 0.916875
vt 0.054280 0.917055
vt 0.053889 0.902060
vt 0.060769 0.901881
vt 0.069070 0.917875
vt 0.062187 0.917937
vt 0.062052 0.902938
vt 0.068935 0.902876
vt 0.070536 0.919131
vt 0.063653 0.919069
vt 0.063788 0.904070
vt 0.070671 0.904132
vt 0.065415 0.920180
vt 0.058535 0.920001
vt 0.058926 0.905006
vt 0.065807 0.905185
vt 0.054223 0.920638
vt 0.047345 0.920358
vt 0.047955 0.905370
vt 0.054832 0.905650
vt 0.038072 0.920344
vt 0.031198 0.919992
vt 0.031966 0.905011
vt 0.038840 0.905364
vt 0.018552 0.919422
vt 0.011680 0.919032
vt 0.012531 0.904056
vt 0.019403 0.904447
vt -0.002436 0.918230
vt -0.009308 0.917840
vt -0.008458 0.902864
vt -0.001586 0.903254
vt -0.022857 0.917222
vt -0.029731 0.916870
vt -0.028963 0.901889
vt -0.022089 0.902242
vt -0.040722 0.916777
vt -0.047600 0.916497
vt -0.046990 0.901509
vt -0.040113 0.901789
vt -0.054280 0.917055
vt -0.061161 0.916875
vt -0.060769 0.901881
vt -0.053889 0.902060
vt -0.062187 0.917937
vt -0.069070 0.917875
vt -0.068935 0.902876
vt -0.062052 0.902938
vt -0.063653 0.919069
vt -0.070536 0.919131
vt -0.070671 0.904132
vt -0.063788 0.904070
vt -0.058535 0.920001
vt -0.065415 0.920180
vt -0.065807 0.905185
vt -0.058926 0.905006
vt -0.047345 0.920358
vt -0.054223 0.920638
vt -0.054832 0.905650
vt -0.047955 0.905370
vt -0.031198 0.919992
vt -0.038072 0.920344
vt -0.038840 0.905364
vt -0.031966 0.905011
vt -0.011680 0.919032
vt -0.018552 0.919422
vt -0.019403 0.904447
vt -0.012531 0.904056
vt 0.088115 1.006798
vt 0.084990 1.012931
vt 0.080123 1.017798
vt 0.073990 1.020923
vt 0.067192 1.022000
vt 0.060393 1.020923
vt 0.054260 1.017798
vt 0.049393 1.012931
vt 0.046268 1.006798
vt 0.045192 1.000000
vt 0.046268 0.993202
vt 0.049393 0.987069
vt 0.054260 0.982202
vt 0.060393 0.979077
vt 0.067192 0.978000
vt 0.073990 0.979077
vt 0.080123 0.982202
vt 0.084990 0.987069
vt 0.088115 0.993202
vt 0.089192 1.000000
vt -0.089192 1.000000
vt -0.088115 0.993202
vt -0.084990 0.987069
vt -0.080123 0.982202
vt -0.073990 0.979077
vt -0.067192 0.978000
vt -0.060393 0.979077
vt -0.054260 0.982202
vt -0.049393 0.987069
vt -0.046268 0.993202
vt -0.045192 1.000000
vt -0.046268 1.006798
vt -0.049393 1.012931
vt -0.054260 1.017798
vt -0.060393 1.020923
vt -0.067192 1.022000
vt -0.073990 1.020923
vt -0.080123 1.017798
vt -0.084990 1.012931
vt -0.088115 1.006798
vt 0.083505 0.909245
vt 0.083030 0.911797
vt 0.080080 0.911248
vt 0.080555 0.908697
vt 0.072361 0.905666
vt 0.072177 0.908255
vt 0.069185 0.908043
vt 0.069369 0.905453
vt 0.068629 0.947306
vt 0.068480 0.949897
vt 0.065485 0.949725
vt 0.065634 0.947133
vt 0.064812 1.011861
vt 0.064628 1.014450
vt 0.061636 1.014237
vt 0.061820 1.011648
vt 0.051987 1.078598
vt 0.051512 1.081150
vt 0.048563 1.080601
vt 0.049038 1.078049
vt -0.083030 0.911797
vt -0.083505 0.909245
vt -0.080555 0.908697
vt -0.080080 0.911248
vt -0.072177 0.908255
vt -0.072361 0.905666
vt -0.069369 0.905453
vt -0.069185 0.908043
vt -0.068480 0.949897
vt -0.068629 0.947306
vt -0.065634 0.947133
vt -0.065485 0.949725
vt -0.064628 1.014450
vt -0.064812 1.011861
vt -0.061820 1.011648
vt -0.061636 1.014237
vt -0.051512 1.081150
vt -0.051987 1.078598
vt -0.049038 1.078049
vt -0.048563 1.080601
vt 0.093031 0.941352
vt 0.094557 0.943452
vt 0.094557 0.946048
vt 0.093031 0.948148
vt 0.090563 0.948950
vt 0.088094 0.948148
vt 0.086568 0.946048
vt 0.086568 0.943452
vt 0.088094 0.941352
vt 0.090563 0.940550
vt -0.090563 0.940550
vt -0.088094 0.941352
vt -0.086568 0.943452
vt -0.086568 0.946048
vt -0.088094 0.948148
vt -0.090563 0.948950
vt -0.093031 0.948148
vt -0.094557 0.946048
vt -0.094557 0.943452
vt -0.093031 0.941352
vt 0.090063 0.934610
vt 0.090063 0.933810
vt 0.091063 0.933810
vt 0.091063 0.934610
vt -0.091063 0.934610
vt -0.091063 0.933810
vt -0.090063 0.933810
vt -0.090063 0.934610
vt -0.090063 0.946850
vt -0.091063 0.946850
vt -0.091063 0.942650
vt -0.090063 0.942650
vt 0.090063 0.942650
vt 0.091063 0.942650
vt 0.091063 0.946850
vt 0.090063 0.946850
vt 0.068334 0.950692
vt 0.068575 0.946499
vt 0.069374 0.946545
vt 0.069132 0.950738
vt -0.069132 0.950738
vt -0.069374 0.946545
vt -0.068575 0.946499
vt -0.068334 0.950692
vt 0.060000 0.867735
vt 0.060000 0.860354
vt 0.000000 0.809926
vt 0.000000 0.819973
vt 0.060000 0.887942
vt 0.000000 0.840180
vt 0.000000 0.831261
vt 0.060000 0.881689
vt 0.060000 0.860354
vt 0.060000 0.856539
vt 0.000000 0.804733
vt 0.000000 0.809926
vt 0.060000 0.881689
vt 0.000000 0.831261
vt 0.000000 0.826651
vt 0.060000 0.878457
vt 0.060000 0.856539
vt 0.060000 0.856388
vt 0.000000 0.804528
vt 0.000000 0.804733
vt 0.060000 0.878457
vt 0.000000 0.826651
vt 0.000000 0.826469
vt 0.060000 0.878329
vt 0.060000 0.856388
vt 0.060000 0.859906
vt 0.000000 0.809316
vt 0.000000 0.804528
vt 0.060000 0.878329
vt 0.000000 0.826469
vt 0.000000 0.830720
vt 0.060000 0.881309
vt 0.060000 0.859906
vt 0.060000 0.867002
vt 0.000000 0.818974
vt 0.000000 0.809316
vt 0.060000 0.881309
vt 0.000000 0.830720
vt 0.000000 0.839294
vt 0.060000 0.887321
vt 0.060000 0.867002
vt 0.060000 0.877494
vt 0.000000 0.833256
vt 0.000000 0.818974
vt 0.060000 0.887321
vt 0.000000 0.839294
vt 0.000000 0.851972
vt 0.060000 0.896211
vt 0.060000 0.877494
vt 0.060000 0.891116
vt -0.000000 0.851797
vt 0.000000 0.833256
vt 0.060000 0.896211
vt 0.000000 0.851972
vt -0.000000 0.868432
vt 0.060000 0.907751
vt 0.060000 0.891116
vt 0.060000 0.907519
vt -0.000000 0.874123
vt -0.000000 0.851797
vt 0.060000 0.907751
vt -0.000000 0.868432
vt -0.000000 0.888252
vt 0.060000 0.921648
vt 0.060000 0.907519
vt 0.060000 0.926284
vt -0.000000 0.899665
vt -0.000000 0.874123
vt 0.060000 0.921648
vt -0.000000 0.888252
vt -0.000000 0.910927
vt 0.060000 0.937546
vt 0.060000 0.926284
vt 0.060000 0.946932
vt -0.000000 0.927769
vt -0.000000 0.899665
vt 0.060000 0.937546
vt -0.000000 0.910927
vt -0.000000 0.935876
vt 0.060000 0.955040
vt 0.060000 0.946932
vt 0.060000 0.968935
vt -0.000000 0.957718
vt -0.000000 0.927769
vt 0.060000 0.955040
vt -0.000000 0.935876
vt -0.000000 0.962464
vt 0.060000 0.973681
vt 0.060000 0.968935
vt 0.060000 0.991732
vt -0.000000 0.988747
vt -0.000000 0.957718
vt 0.060000 0.973681
vt -0.000000 0.962464
vt -0.000000 0.990010
vt 0.060000 0.992995
vt 0.060000 0.991732
vt 0.060000 1.014740
vt -0.000000 1.020063
vt -0.000000 0.988747
vt 0.060000 0.992995
vt -0.000000 0.990010
vt -0.000000 1.017811
vt 0.060000 1.012488
vt 0.060000 1.014740
vt 0.060000 1.037372
vt -0.000000 1.050867
vt -0.000000 1.020063
vt 0.060000 1.012488
vt -0.000000 1.017811
vt -0.000000 1.045157
vt 0.060000 1.031662
vt 0.060000 1.037372
vt 0.060000 1.059048
vt -0.000000 1.080371
vt -0.000000 1.050867
vt 0.060000 1.031662
vt -0.000000 1.045157
vt -0.000000 1.071350
vt 0.060000 1.050027
vt 0.060000 1.059048
vt 0.060000 1.079217
vt -0.000000 1.107823
vt -0.000000 1.080371
vt 0.060000 1.050027
vt -0.000000 1.071350
vt -0.000000 1.095721
vt 0.060000 1.067115
vt 0.060000 1.079217
vt 0.060000 1.097363
vt -0.000000 1.132521
vt -0.000000 1.107823
vt 0.060000 1.067115
vt -0.000000 1.095721
vt -0.000000 1.117646
vt 0.060000 1.082488
vt 0.060000 1.097363
vt 0.060000 1.113021
vt -0.000000 1.153834
vt -0.000000 1.132521
vt 0.060000 1.082488
vt -0.000000 1.117646
vt -0.000000 1.136567
vt 0.060000 1.095754
vt 0.060000 1.113021
vt 0.060000 1.125793
vt -0.000000 1.171218
vt -0.000000 1.153834
vt 0.060000 1.095754
vt -0.000000 1.136567
vt -0.000000 1.152000
vt 0.060000 1.106575
vt 0.060000 1.125793
vt 0.060000 1.135352
vt -0.000000 1.184229
vt -0.000000 1.171218
vt 0.060000 1.106575
vt -0.000000 1.152000
vt -0.000000 1.163550
vt 0.060000 1.114673
vt 0.060000 1.135352
vt 0.060000 1.141453
vt -0.000000 1.192534
vt -0.000000 1.184229
vt 0.060000 1.114673
vt -0.000000 1.163550
vt -0.000000 1.170923
vt 0.060000 1.119843
vt 0.060000 1.141453
vt 0.060000 1.143942
vt -0.000000 1.195921
vt -0.000000 1.192534
vt 0.060000 1.119843
vt -0.000000 1.170923
vt -0.000000 1.173930
vt 0.060000 1.121951
vt 0.060000 1.143942
vt 0.060000 1.142754
vt -0.000000 1.194304
vt -0.000000 1.195921
vt 0.060000 1.121951
vt -0.000000 1.173930
vt -0.000000 1.172495
vt 0.060000 1.120945
vt 0.060000 1.142754
vt 0.060000 1.137920
vt -0.000000 1.187725
vt -0.000000 1.194304
vt 0.060000 1.120945
vt -0.000000 1.172495
vt -0.000000 1.166654
vt 0.060000 1.116849
vt 0.000000 0.819973
vt 0.000000 0.809926
vt -0.080000 0.790487
vt -0.080000 0.801524
vt 0.000000 0.840180
vt -0.080000 0.821731
vt -0.080000 0.811822
vt 0.000000 0.831261
vt 0.000000 0.809926
vt 0.000000 0.804733
vt -0.080000 0.784802
vt -0.080000 0.790487
vt 0.000000 0.831261
vt -0.080000 0.811822
vt -0.080000 0.806719
vt 0.000000 0.826651
vt 0.000000 0.804733
vt 0.000000 0.804528
vt -0.080000 0.784612
vt -0.080000 0.784802
vt 0.000000 0.826651
vt -0.080000 0.806719
vt -0.080000 0.806553
vt 0.000000 0.826469
vt 0.000000 0.804528
vt 0.000000 0.809316
vt -0.080000 0.789925
vt -0.080000 0.784612
vt 0.000000 0.826469
vt -0.080000 0.806553
vt -0.080000 0.811328
vt 0.000000 0.830720
vt 0.000000 0.809316
vt 0.000000 0.818974
vt -0.080000 0.800602
vt -0.080000 0.789925
vt 0.000000 0.830720
vt -0.080000 0.811328
vt -0.080000 0.820922
vt 0.000000 0.839294
vt 0.000000 0.818974
vt 0.000000 0.833256
vt -0.080000 0.816373
vt -0.080000 0.800602
vt 0.000000 0.839294
vt -0.080000 0.820922
vt -0.080000 0.835090
vt 0.000000 0.851972
vt 0.000000 0.833256
vt -0.000000 0.851797
vt -0.080000 0.836834
vt -0.080000 0.816373
vt 0.000000 0.851972
vt -0.080000 0.835090
vt -0.080000 0.853469
vt -0.000000 0.868432
vt -0.000000 0.851797
vt -0.000000 0.874123
vt -0.080000 0.861463
vt -0.080000 0.836834
vt -0.000000 0.868432
vt -0.080000 0.853469
vt -0.080000 0.875592
vt -0.000000 0.888252
vt -0.000000 0.874123
vt -0.000000 0.899665
vt -0.080000 0.889630
vt -0.080000 0.861463
vt -0.000000 0.888252
vt -0.080000 0.875592
vt -0.080000 0.900892
vt -0.000000 0.910927
vt -0.000000 0.899665
vt -0.000000 0.927769
vt -0.080000 0.920616
vt -0.080000 0.889630
vt -0.000000 0.910927
vt -0.080000 0.900892
vt -0.080000 0.928724
vt -0.000000 0.935876
vt -0.000000 0.927769
vt -0.000000 0.957718
vt -0.080000 0.953630
vt -0.080000 0.920616
vt -0.000000 0.935876
vt -0.080000 0.928724
vt -0.080000 0.958376
vt -0.000000 0.962464
vt -0.000000 0.957718
vt -0.000000 0.988747
vt -0.080000 0.987828
vt -0.080000 0.953630
vt -0.000000 0.962464
vt -0.080000 0.958376
vt -0.080000 0.989091
vt -0.000000 0.990010
vt -0.000000 0.988747
vt -0.000000 1.020063
vt -0.080000 1.022337
vt -0.080000 0.987828
vt -0.000000 0.990010
vt -0.080000 0.989091
vt -0.080000 1.020085
vt -0.000000 1.017811
vt -0.000000 1.020063
vt -0.000000 1.050867
vt -0.080000 1.056275
vt -0.080000 1.022337
vt -0.000000 1.017811
vt -0.080000 1.020085
vt -0.080000 1.050566
vt -0.000000 1.045157
vt -0.000000 1.050867
vt -0.000000 1.080371
vt -0.080000 1.088776
vt -0.080000 1.056275
vt -0.000000 1.045157
vt -0.080000 1.050566
vt -0.080000 1.079755
vt -0.000000 1.071350
vt -0.000000 1.080371
vt -0.000000 1.107823
vt -0.080000 1.119010
vt -0.080000 1.088776
vt -0.000000 1.071350
vt -0.080000 1.079755
vt -0.080000 1.106907
vt -0.000000 1.095721
vt -0.000000 1.107823
vt -0.000000 1.132521
vt -0.080000 1.146204
vt -0.080000 1.119010
vt -0.000000 1.095721
vt -0.080000 1.106907
vt -0.080000 1.131329
vt -0.000000 1.117646
vt -0.000000 1.132521
vt -0.000000 1.153834
vt -0.080000 1.169663
vt -0.080000 1.146204
vt -0.000000 1.117646
vt -0.080000 1.131329
vt -0.080000 1.152396
vt -0.000000 1.136567
vt -0.000000 1.153834
vt -0.000000 1.171218
vt -0.080000 1.188789
vt -0.080000 1.169663
vt -0.000000 1.136567
vt -0.080000 1.152396
vt -0.080000 1.169571
vt -0.000000 1.152000
vt -0.000000 1.171218
vt -0.000000 1.184229
vt -0.080000 1.203093
vt -0.080000 1.188789
vt -0.000000 1.152000
vt -0.080000 1.169571
vt -0.080000 1.182415
vt -0.000000 1.163550
vt -0.000000 1.184229
vt -0.000000 1.192534
vt -0.080000 1.212210
vt -0.080000 1.203093
vt -0.000000 1.163550
vt -0.080000 1.182415
vt -0.080000 1.190599
vt -0.000000 1.170923
vt -0.000000 1.192534
vt -0.000000 1.195921
vt -0.080000 1.215906
vt -0.080000 1.212210
vt -0.000000 1.170923
vt -0.080000 1.190599
vt -0.080000 1.193915
vt -0.000000 1.173930
vt -0.000000 1.195921
vt -0.000000 1.194304
vt -0.080000 1.214088
vt -0.080000 1.215906
vt -0.000000 1.173930
vt -0.080000 1.193915
vt -0.080000 1.192279
vt -0.000000 1.172495
vt -0.000000 1.194304
vt -0.000000 1.187725
vt -0.080000 1.206802
vt -0.080000 1.214088
vt -0.000000 1.172495
vt -0.080000 1.192279
vt -0.080000 1.185731
vt -0.000000 1.166654
vt -0.080000 0.801524
vt -0.080000 0.790487
vt -0.200000 0.809926
vt -0.200000 0.819973
vt -0.080000 0.821731
vt -0.200000 0.840180
vt -0.200000 0.831261
vt -0.080000 0.811822
vt -0.080000 0.790487
vt -0.080000 0.784802
vt -0.200000 0.804733
vt -0.200000 0.809926
vt -0.080000 0.811822
vt -0.200000 0.831261
vt -0.200000 0.826651
vt -0.080000 0.806719
vt -0.080000 0.784802
vt -0.080000 0.784612
vt -0.200000 0.804528
vt -0.200000 0.804733
vt -0.080000 0.806719
vt -0.200000 0.826651
vt -0.200000 0.826469
vt -0.080000 0.806553
vt -0.080000 0.784612
vt -0.080000 0.789925
vt -0.200000 0.809316
vt -0.200000 0.804528
vt -0.080000 0.806553
vt -0.200000 0.826469
vt -0.200000 0.830719
vt -0.080000 0.811328
vt -0.080000 0.789925
vt -0.080000 0.800602
vt -0.200000 0.818974
vt -0.200000 0.809316
vt -0.080000 0.811328
vt -0.200000 0.830719
vt -0.200000 0.839294
vt -0.080000 0.820922
vt -0.080000 0.800602
vt -0.080000 0.816373
vt -0.200000 0.833256
vt -0.200000 0.818974
vt -0.080000 0.820922
vt -0.200000 0.839294
vt -0.200000 0.851972
vt -0.080000 0.835090
vt -0.080000 0.816373
vt -0.080000 0.836834
vt -0.200000 0.851797
vt -0.200000 0.833256
vt -0.080000 0.835090
vt -0.200000 0.851972
vt -0.200000 0.868432
vt -0.080000 0.853469
vt -0.080000 0.836834
vt -0.080000 0.861463
vt -0.200000 0.874123
vt -0.200000 0.851797
vt -0.080000 0.853469
vt -0.200000 0.868432
vt -0.200000 0.888252
vt -0.080000 0.875592
vt -0.080000 0.861463
vt -0.080000 0.889630
vt -0.200000 0.899665
vt -0.200000 0.874123
vt -0.080000 0.875592
vt -0.200000 0.888252
vt -0.200000 0.910927
vt -0.080000 0.900892
vt -0.080000 0.889630
vt -0.080000 0.920616
vt -0.200000 0.927769
vt -0.200000 0.899665
vt -0.080000 0.900892
vt -0.200000 0.910927
vt -0.200000 0.935876
vt -0.080000 0.928724
vt -0.080000 0.920616
vt -0.080000 0.953630
vt -0.200000 0.957718
vt -0.200000 0.927769
vt -0.080000 0.928724
vt -0.200000 0.935876
vt -0.200000 0.962463
vt -0.080000 0.958376
vt -0.080000 0.953630
vt -0.080000 0.987828
vt -0.200000 0.988746
vt -0.200000 0.957718
vt -0.080000 0.958376
vt -0.200000 0.962463
vt -0.200000 0.990010
vt -0.080000 0.989091
vt -0.080000 0.987828
vt -0.080000 1.022337
vt -0.200000 1.020063
vt -0.200000 0.988746
vt -0.080000 0.989091
vt -0.200000 0.990010
vt -0.200000 1.017811
vt -0.080000 1.020085
vt -0.080000 1.022337
vt -0.080000 1.056275
vt -0.200000 1.050867
vt -0.200000 1.020063
vt -0.080000 1.020085
vt -0.200000 1.017811
vt -0.200000 1.045157
vt -0.080000 1.050566
vt -0.080000 1.056275
vt -0.080000 1.088776
vt -0.200000 1.080371
vt -0.200000 1.050867
vt -0.080000 1.050566
vt -0.200000 1.045157
vt -0.200000 1.071350
vt -0.080000 1.079755
vt -0.080000 1.088776
vt -0.080000 1.119010
vt -0.200000 1.107823
vt -0.200000 1.080371
vt -0.080000 1.079755
vt -0.200000 1.071350
vt -0.200000 1.095721
vt -0.080000 1.106907
vt -0.080000 1.119010
vt -0.080000 1.146204
vt -0.200000 1.132521
vt -0.200000 1.107823
vt -0.080000 1.106907
vt -0.200000 1.095721
vt -0.200000 1.117646
vt -0.080000 1.131329
vt -0.080000 1.146204
vt -0.080000 1.169663
vt -0.200000 1.153834
vt -0.200000 1.132521
vt -0.080000 1.131329
vt -0.200000 1.117646
vt -0.200000 1.136567
vt -0.080000 1.152396
vt -0.080000 1.169663
vt -0.080000 1.188789
vt -0.200000 1.171218
vt -0.200000 1.153834
vt -0.080000 1.152396
vt -0.200000 1.136567
vt -0.200000 1.152000
vt -0.080000 1.169571
vt -0.080000 1.188789
vt -0.080000 1.203093
vt -0.200000 1.184229
vt -0.200000 1.171218
vt -0.080000 1.169571
vt -0.200000 1.152000
vt -0.200000 1.163550
vt -0.080000 1.182415
vt -0.080000 1.203093
vt -0.080000 1.212210
vt -0.200000 1.192534
vt -0.200000 1.184229
vt -0.080000 1.182415
vt -0.200000 1.163550
vt -0.200000 1.170923
vt -0.080000 1.190599
vt -0.080000 1.212210
vt -0.080000 1.215906
vt -0.200000 1.195921
vt -0.200000 1.192534
vt -0.080000 1.190599
vt -0.200000 1.170923
vt -0.200000 1.173930
vt -0.080000 1.193915
vt -0.080000 1.215906
vt -0.080000 1.214088
vt -0.200000 1.194304
vt -0.200000 1.195921
vt -0.080000 1.193915
vt -0.200000 1.173930
vt -0.200000 1.172495
vt -0.080000 1.192279
vt -0.080000 1.214088
vt -0.080000 1.206802
vt -0.200000 1.187725
vt -0.200000 1.194304
vt -0.080000 1.192279
vt -0.200000 1.172495
vt -0.200000 1.166654
vt -0.080000 1.185731
vt -0.028469 1.066132
vt -0.024120 1.056029
vt -0.014886 1.059156
vt -0.017571 1.069823
vt 0.038750 1.090014
vt 0.023915 1.095037
vt 0.021231 1.084370
vt 0.034401 1.079910
vt -0.017571 1.069823
vt -0.014886 1.059156
vt -0.005272 1.060772
vt -0.006223 1.071731
vt 0.023915 1.095037
vt 0.008470 1.097633
vt 0.007519 1.086674
vt 0.021231 1.084370
vt -0.006223 1.071731
vt -0.005272 1.060772
vt 0.004477 1.060835
vt 0.005284 1.071806
vt 0.008470 1.097633
vt -0.007192 1.097736
vt -0.006385 1.086765
vt 0.007519 1.086674
vt 0.005284 1.071806
vt 0.004477 1.060835
vt 0.014111 1.059345
vt 0.016656 1.070047
vt -0.007192 1.097736
vt -0.022670 1.095342
vt -0.020125 1.084640
vt -0.006385 1.086765
vt 0.016656 1.070047
vt 0.014111 1.059345
vt 0.023385 1.056340
vt 0.027602 1.066499
vt -0.022670 1.095342
vt -0.037569 1.090513
vt -0.033352 1.080353
vt -0.020125 1.084640
vt 0.027602 1.066499
vt 0.023385 1.056340
vt 0.032061 1.051895
vt 0.037843 1.061253
vt -0.037569 1.090513
vt -0.051509 1.083372
vt -0.045727 1.074014
vt -0.033352 1.080353
vt 0.037843 1.061253
vt 0.032061 1.051895
vt 0.039919 1.046124
vt 0.047118 1.054442
vt -0.051509 1.083372
vt -0.064133 1.074101
vt -0.056934 1.065784
vt -0.045727 1.074014
vt 0.047118 1.054442
vt 0.039919 1.046124
vt 0.046757 1.039176
vt 0.055189 1.046240
vt -0.064133 1.074101
vt -0.075118 1.062938
vt -0.066687 1.055874
vt -0.056934 1.065784
vt 0.055189 1.046240
vt 0.046757 1.039176
vt 0.052401 1.031227
vt 0.061851 1.036858
vt -0.075118 1.062938
vt -0.084186 1.050168
vt -0.074736 1.044537
vt -0.066687 1.055874
vt 0.061851 1.036858
vt 0.052401 1.031227
vt 0.056707 1.022480
vt 0.066932 1.026534
vt -0.084186 1.050168
vt -0.091102 1.036116
vt -0.080877 1.032062
vt -0.074736 1.044537
vt 0.066932 1.026534
vt 0.056707 1.022480
vt 0.059564 1.013159
vt 0.070305 1.015532
vt -0.091102 1.036116
vt -0.095692 1.021141
vt -0.084951 1.018768
vt -0.080877 1.032062
vt 0.070305 1.015532
vt 0.059564 1.013159
vt 0.060899 1.003502
vt 0.071881 1.004134
vt -0.095692 1.021141
vt -0.097838 1.005627
vt -0.086856 1.004995
vt -0.084951 1.018768
vt 0.071881 1.004134
vt 0.060899 1.003502
vt 0.060680 0.993756
vt 0.071622 0.992630
vt -0.097838 1.005627
vt -0.097485 0.989969
vt -0.086543 0.991095
vt -0.086856 1.004995
vt 0.071622 0.992630
vt 0.060680 0.993756
vt 0.058910 0.984169
vt 0.069533 0.981314
vt -0.097485 0.989969
vt -0.094642 0.974567
vt -0.084019 0.977421
vt -0.086543 0.991095
vt 0.069533 0.981314
vt 0.058910 0.984169
vt 0.055636 0.974986
vt 0.065668 0.970476
vt -0.094642 0.974567
vt -0.089382 0.959814
vt -0.079349 0.964325
vt -0.084019 0.977421
vt 0.065668 0.970476
vt 0.055636 0.974986
vt 0.050940 0.966443
vt 0.060126 0.960391
vt -0.089382 0.959814
vt -0.081838 0.946088
vt -0.072652 0.952140
vt -0.079349 0.964325
vt 0.060126 0.960391
vt 0.050940 0.966443
vt 0.044944 0.958756
vt 0.053048 0.951319
vt -0.081838 0.946088
vt -0.072205 0.933739
vt -0.064100 0.941177
vt -0.072652 0.952140
vt 0.053048 0.951319
vt 0.044944 0.958756
vt 0.037799 0.952123
vt 0.044616 0.943489
vt -0.072205 0.933739
vt -0.060727 0.923083
vt -0.053911 0.931716
vt -0.064100 0.941177
vt 0.044616 0.943489
vt 0.037799 0.952123
vt 0.029690 0.946713
vt 0.035043 0.937104
vt -0.060727 0.923083
vt -0.047698 0.914391
vt -0.042344 0.924000
vt -0.053911 0.931716
vt 0.035043 0.937104
vt 0.029690 0.946713
vt 0.020821 0.942664
vt 0.024576 0.932324
vt -0.047698 0.914391
vt -0.033451 0.907886
vt -0.029696 0.918225
vt -0.042344 0.924000
vt 0.024576 0.932324
vt 0.020821 0.942664
vt 0.011421 0.940079
vt 0.013481 0.929273
vt -0.033451 0.907886
vt -0.018349 0.903733
vt -0.016289 0.914539
vt -0.029696 0.918225
vt 0.013481 0.929273
vt 0.011421 0.940079
vt 0.001730 0.939025
vt 0.002042 0.928029
vt -0.018349 0.903733
vt -0.002779 0.902039
vt -0.002467 0.913035
vt -0.016289 0.914539
vt 0.002042 0.928029
vt 0.001730 0.939025
vt -0.008006 0.939528
vt -0.009450 0.928623
vt -0.002779 0.902039
vt 0.012863 0.902848
vt 0.011419 0.913753
vt -0.002467 0.913035
vt -0.009450 0.928623
vt -0.008006 0.939528
vt -0.017538 0.941575
vt -0.020700 0.931040
vt 0.012863 0.902848
vt 0.028175 0.906138
vt 0.025013 0.916673
vt 0.011419 0.913753
vt 0.030000 1.071770
vt 0.000000 1.097687
vt 0.000000 1.086722
vt 0.030000 1.060805
vt 0.030000 0.939195
vt -0.000000 0.913278
vt -0.000000 0.902313
vt 0.030000 0.928230
vt 0.000000 1.097687
vt -0.040000 1.107473
vt -0.040000 1.096508
vt 0.000000 1.086722
vt -0.000000 0.913278
vt -0.040000 0.903492
vt -0.040000 0.892527
vt -0.000000 0.902313
vt -0.040000 1.107510
vt -0.100000 1.097723
vt -0.100000 1.086754
vt -0.040000 1.096541
vt -0.040000 0.903459
vt -0.100000 0.913246
vt -0.100000 0.902277
vt -0.040000 0.892490
vt -0.025700 1.034500
vt -0.075920 1.032430
vt -0.090500 1.019320
vt -0.090500 0.980680
vt -0.075920 0.967570
vt -0.025700 0.965500
vt -0.009500 0.977920
vt -0.009500 1.022080
vt 0.013955 1.019651
vt 0.013955 0.980349
vt 0.028373 0.969295
vt 0.073069 0.971137
vt 0.086045 0.982805
vt 0.086045 1.017195
vt 0.073069 1.028863
vt 0.028373 1.030705
vt 0.104557 1.028130
vt 0.107093 0.984042
vt 0.109589 0.984186
vt 0.107053 1.028273
vt 0.082473 1.025452
vt 0.084267 0.981329
vt 0.088376 0.983926
vt 0.086779 1.023196
vt 0.107503 0.989095
vt 0.109424 0.968772
vt 0.111913 0.969007
vt 0.109992 0.989330
vt 0.063391 1.033203
vt 0.077746 1.018690
vt 0.080700 1.021876
vt 0.067924 1.034792
vt -0.024508 0.894058
vt -0.074771 0.894177
vt -0.074777 0.891677
vt -0.024514 0.891558
vt 0.021381 1.052855
vt 0.071567 1.055621
vt 0.068668 1.059131
vt 0.024002 1.056669
vt -0.102630 1.043726
vt -0.100950 1.063262
vt -0.103441 1.063476
vt -0.105121 1.043941
vt 0.004336 1.041898
vt 0.017010 1.056858
vt 0.012519 1.058184
vt 0.001238 1.044870
vt -0.106934 0.986798
vt -0.104716 1.025374
vt -0.107212 1.025518
vt -0.109430 0.986941
vt -0.013502 0.981213
vt -0.011932 1.019821
vt -0.016226 1.017869
vt -0.017623 0.983508
vt -0.110270 0.954906
vt -0.108590 0.974441
vt -0.111081 0.974656
vt -0.112761 0.955120
vt 0.012691 0.942025
vt 0.001176 0.957895
vt -0.002136 0.955164
vt 0.008113 0.941040
vt 0.074269 0.893824
vt 0.024006 0.893943
vt 0.024000 0.891443
vt 0.074263 0.891324
vt 0.071193 0.943900
vt 0.021026 0.947003
vt 0.023621 0.943171
vt 0.068270 0.940410
vt 0.101635 1.051178
vt 0.103556 1.030855
vt 0.106045 1.031090
vt 0.104124 1.051413
vt 0.078893 0.986973
vt 0.065623 0.971462
vt 0.070259 0.970204
vt 0.082069 0.984009
vt -0.081500 1.028350
vt -0.081500 0.971650
vt -0.035000 0.971650
vt -0.012500 1.000000
vt -0.035000 1.028350
vt 0.036650 1.025231
vt 0.016625 1.000000
vt 0.036650 0.974769
vt 0.078035 0.974769
vt 0.078035 1.025232
vt 0.107192 1.034562
vt 0.110448 0.977955
vt 0.113443 0.978127
vt 0.110188 1.034734
vt 0.133945 1.030699
vt 0.135996 0.980278
vt 0.137864 0.977233
vt 0.135560 1.033886
vt 0.081500 0.891000
vt 0.035000 0.891000
vt 0.035000 0.888000
vt 0.081500 0.888000
vt 0.078035 0.902256
vt 0.036650 0.902256
vt 0.035000 0.900758
vt 0.081500 0.900758
vt -0.111927 0.964135
vt -0.109276 1.000232
vt -0.112268 1.000451
vt -0.114919 0.964355
vt -0.043687 0.930004
vt -0.058306 0.958708
vt -0.060875 0.960277
vt -0.044450 0.928025
vt -0.108138 1.015731
vt -0.105488 1.051828
vt -0.108480 1.052047
vt -0.111130 1.015951
vt -0.054867 1.045763
vt -0.038030 1.073224
vt -0.038634 1.075257
vt -0.057552 1.044401
vt -0.035000 0.891000
vt -0.081500 0.891000
vt -0.081500 0.888000
vt -0.035000 0.888000
vt 0.036650 1.097744
vt 0.078035 1.097744
vt 0.081500 1.099242
vt 0.035000 1.099242
vt -0.006962 1.098113
vt -0.007998 1.099299
vt -0.025398 1.084105
vt -0.024362 1.082918
vt 0.071128 0.989211
vt 0.070441 0.990629
vt 0.049656 0.980549
vt 0.050344 0.979131
vt 0.128529 0.962599
vt 0.127368 0.963663
vt 0.111757 0.946636
vt 0.112918 0.945572
vt 0.007998 1.099299
vt 0.006962 1.098113
vt 0.024362 1.082918
vt 0.025398 1.084105
vt -0.070441 0.990629
vt -0.071128 0.989211
vt -0.050344 0.979131
vt -0.049656 0.980549
vt -0.127368 0.963663
vt -0.128529 0.962599
vt -0.112918 0.945572
vt -0.111757 0.946636
vt -0.115604 0.966561
vt -0.115504 0.968133
vt -0.116815 0.969006
vt -0.118226 0.968307
vt -0.118327 0.966735
vt -0.117016 0.965862
vt 0.117016 0.965862
vt 0.118327 0.966735
vt 0.118226 0.968307
vt 0.116815 0.969006
vt 0.115504 0.968133
vt 0.115604 0.966561
vt -0.062487 1.013205
vt -0.064060 1.013283
vt -0.065063 0.993148
vt -0.063490 0.993070
vt 0.071572 1.010080
vt 0.069997 1.010080
vt 0.069997 0.989920
vt 0.071572 0.989920
vt 0.134757 1.016804
vt 0.133184 1.016726
vt 0.134187 0.996591
vt 0.135760 0.996669
vt 0.064060 1.013283
vt 0.062487 1.013205
vt 0.063490 0.993070
vt 0.065063 0.993148
vt -0.069997 1.010080
vt -0.071572 1.010080
vt -0.071572 0.989920
vt -0.069997 0.989920
vt -0.133184 1.016726
vt -0.134757 1.016804
vt -0.135760 0.996669
vt -0.134187 0.996591
vt 0.071572 0.886764
vt 0.069997 0.886764
vt 0.069210 0.885400
vt 0.069997 0.884036
vt 0.071572 0.884036
vt 0.072360 0.885400
vt -0.072360 0.885400
vt -0.071572 0.884036
vt -0.069997 0.884036
vt -0.069210 0.885400
vt -0.069997 0.886764
vt -0.071572 0.886764
vt -0.033389 0.920287
vt -0.034550 0.919223
vt -0.018939 0.902196
vt -0.017778 0.903260
vt 0.050344 1.020869
vt 0.049656 1.019451
vt 0.070441 1.009372
vt 0.071128 1.010789
vt 0.106201 1.066591
vt 0.105165 1.065405
vt 0.122564 1.050210
vt 0.123600 1.051396
vt 0.034550 0.919223
vt 0.033389 0.920287
vt 0.017778 0.903260
vt 0.018939 0.902196
vt -0.049656 1.019451
vt -0.050344 1.020869
vt -0.071128 1.010789
vt -0.070441 1.009372
vt -0.105165 1.065405
vt -0.106201 1.066591
vt -0.123600 1.051396
vt -0.122564 1.050210
vt 0.110406 1.047885
vt 0.110507 1.046313
vt 0.111918 1.045614
vt 0.113229 1.046487
vt 0.113129 1.048059
vt 0.111717 1.048758
vt -0.111717 1.048758
vt -0.113129 1.048059
vt -0.113229 1.046487
vt -0.111918 1.045614
vt -0.110507 1.046313
vt -0.110406 1.047885
vt 0.094666 0.954837
vt 0.095827 0.953772
vt 0.111438 0.970799
vt 0.110277 0.971864
vt 0.028872 1.010789
vt 0.029559 1.009371
vt 0.050344 1.019451
vt 0.049656 1.020869
vt -0.041476 1.094146
vt -0.040440 1.092960
vt -0.023041 1.108154
vt -0.024077 1.109341
vt -0.095827 0.953772
vt -0.094666 0.954837
vt -0.110277 0.971864
vt -0.111438 0.970799
vt -0.029559 1.009371
vt -0.028872 1.010789
vt -0.049656 1.020869
vt -0.050344 1.019451
vt 0.040440 1.092960
vt 0.041476 1.094146
vt 0.024077 1.109341
vt 0.023041 1.108154
vt 0.113190 1.004337
vt 0.113290 1.002766
vt 0.114702 1.002067
vt 0.116013 1.002940
vt 0.115912 1.004511
vt 0.114501 1.005210
vt -0.114501 1.005210
vt -0.115912 1.004511
vt -0.116013 1.002940
vt -0.114702 1.002067
vt -0.113290 1.002766
vt -0.113190 1.004337
vt 0.113428 0.995557
vt 0.115001 0.995635
vt 0.113998 1.015770
vt 0.112425 1.015692
vt 0.028428 0.989920
vt 0.030003 0.989920
vt 0.030003 1.010080
vt 0.028428 1.010080
vt -0.085822 0.994182
vt -0.084249 0.994104
vt -0.083246 1.014239
vt -0.084819 1.014317
vt -0.115001 0.995635
vt -0.113428 0.995557
vt -0.112425 1.015692
vt -0.113998 1.015770
vt -0.030003 0.989920
vt -0.028428 0.989920
vt -0.028428 1.010080
vt -0.030003 1.010080
vt 0.084249 0.994104
vt 0.085822 0.994182
vt 0.084819 1.014317
vt 0.083246 1.014239
vt -0.028428 0.886764
vt -0.030003 0.886764
vt -0.030790 0.885400
vt -0.030003 0.884036
vt -0.028428 0.884036
vt -0.027640 0.885400
vt 0.027640 0.885400
vt 0.028428 0.884036
vt 0.030003 0.884036
vt 0.030790 0.885400
vt 0.030003 0.886764
vt 0.028428 0.886764
vt 0.106485 1.040169
vt 0.107521 1.041355
vt 0.090122 1.056549
vt 0.089086 1.055363
vt 0.049656 0.979131
vt 0.050344 0.980549
vt 0.029559 0.990629
vt 0.028872 0.989211
vt -0.036030 0.893996
vt -0.034869 0.895060
vt -0.050480 0.912087
vt -0.051641 0.911022
vt -0.107521 1.041355
vt -0.106485 1.040169
vt -0.089086 1.055363
vt -0.090122 1.056549
vt -0.050344 0.980549
vt -0.049656 0.979131
vt -0.028872 0.989211
vt -0.029559 0.990629
vt 0.034869 0.895060
vt 0.036030 0.893996
vt 0.051641 0.911022
vt 0.050480 0.912087
vt -0.112821 1.010108
vt -0.112721 1.011680
vt -0.114031 1.012553
vt -0.115443 1.011854
vt -0.115543 1.010283
vt -0.114232 1.009410
vt 0.114232 1.009410
vt 0.115543 1.010283
vt 0.115443 1.011854
vt 0.114031 1.012553
vt 0.112721 1.011680
vt 0.112821 1.010108
vt 0.124718 0.986027
vt 0.125473 0.986064
vt 0.124470 1.006199
vt 0.123715 1.006162
vt 0.049622 0.979840
vt 0.050378 0.979840
vt 0.050378 1.000000
vt 0.049622 1.000000
vt -0.075535 0.983577
vt -0.074780 0.983539
vt -0.073777 1.003675
vt -0.074532 1.003712
vt -0.125473 0.986064
vt -0.124718 0.986027
vt -0.123715 1.006162
vt -0.124470 1.006199
vt -0.050378 0.979840
vt -0.049622 0.979840
vt -0.049622 1.000000
vt -0.050378 1.000000
vt 0.074780 0.983539
vt 0.075535 0.983577
vt 0.074532 1.003712
vt 0.073777 1.003675
vt -0.049622 0.886055
vt -0.050378 0.886055
vt -0.050756 0.885400
vt -0.050378 0.884745
vt -0.049622 0.884745
vt -0.049244 0.885400
vt 0.049244 0.885400
vt 0.049622 0.884745
vt 0.050378 0.884745
vt 0.050756 0.885400
vt 0.050378 0.886055
vt 0.049622 0.886055
vt -0.110618 0.999957
vt -0.110260 0.999548
vt -0.110093 1.001660
vt -0.102412 0.996221
vt -0.102239 0.995190
vt -0.101658 0.996865
vt -0.099361 0.985980
vt -0.099431 0.984716
vt -0.098663 0.985307
vt -0.103304 0.976554
vt -0.103593 0.975549
vt -0.102917 0.974823
vt -0.111753 0.974287
vt -0.112156 0.973923
vt -0.111834 0.972169
vt -0.119536 0.978577
vt -0.119894 0.978985
vt -0.120061 0.976873
vt -0.123587 0.983394
vt -0.123760 0.984425
vt -0.124341 0.982750
vt -0.124640 0.986121
vt -0.124570 0.987385
vt -0.125338 0.986794
vt -0.123464 0.989692
vt -0.123176 0.990697
vt -0.123852 0.991422
vt -0.118902 0.995839
vt -0.118499 0.996203
vt -0.118820 0.997957
vt -0.092210 1.045187
vt -0.093029 1.043434
vt -0.092441 1.042756
vt -0.091870 1.044795
vt -0.057287 1.029485
vt -0.058597 1.028756
vt -0.058357 1.027020
vt -0.057148 1.028483
vt -0.047360 0.982429
vt -0.048701 0.982949
vt -0.048792 0.980759
vt -0.047413 0.981165
vt -0.061563 0.940527
vt -0.062620 0.942103
vt -0.063031 0.940400
vt -0.061800 0.939543
vt -0.099656 0.938666
vt -0.099925 0.940767
vt -0.100605 0.940181
vt -0.100049 0.938329
vt -0.126266 0.982490
vt -0.125447 0.984242
vt -0.126035 0.984920
vt -0.126606 0.982881
vt -0.123179 0.999150
vt -0.121869 0.999879
vt -0.122108 1.001616
vt -0.123317 1.000152
vt -0.120257 0.984201
vt -0.118916 0.983681
vt -0.118825 0.985871
vt -0.120204 0.985465
vt -0.124585 0.975300
vt -0.123528 0.973724
vt -0.123117 0.975427
vt -0.124348 0.976283
vt -0.125023 1.004972
vt -0.124755 1.002872
vt -0.124075 1.003457
vt -0.124630 1.005310
vt -0.030230 1.103843
vt -0.031926 1.102615
vt -0.031486 1.101741
vt -0.029849 1.103087
vt 0.012301 1.053700
vt 0.010304 1.053312
vt 0.010416 1.051368
vt 0.012398 1.052017
vt 0.018430 0.980646
vt 0.016417 0.980847
vt 0.016378 0.978317
vt 0.018396 0.978455
vt 0.009205 0.914232
vt 0.007255 0.914971
vt 0.007053 0.913034
vt 0.009031 0.912555
vt -0.050855 0.888450
vt -0.052203 0.890086
vt -0.052803 0.889313
vt -0.051375 0.887781
vt -0.111460 1.047946
vt -0.109764 1.049174
vt -0.110205 1.050048
vt -0.111842 1.048702
vt -0.085689 1.037157
vt -0.083692 1.037545
vt -0.083804 1.039489
vt -0.085786 1.038840
vt -0.081206 0.980008
vt -0.079193 0.979807
vt -0.079154 0.982338
vt -0.081172 0.982200
vt -0.088271 0.931902
vt -0.086321 0.931164
vt -0.086119 0.933100
vt -0.088096 0.933579
vt -0.120845 0.957602
vt -0.119498 0.955967
vt -0.118898 0.956739
vt -0.120325 0.958271
vt 0.110933 1.047638
vt 0.109237 1.048866
vt 0.108856 1.048110
vt 0.110493 1.046764
vt 0.084522 1.036798
vt 0.082524 1.037186
vt 0.082427 1.035503
vt 0.084409 1.034854
vt 0.079824 0.982348
vt 0.077811 0.982147
vt 0.077845 0.979956
vt 0.079864 0.979818
vt 0.086712 0.935821
vt 0.084762 0.935082
vt 0.084937 0.933405
vt 0.086914 0.933885
vt 0.119148 0.959244
vt 0.117801 0.957609
vt 0.118321 0.956940
vt 0.119748 0.958472
vt 0.030757 1.104151
vt 0.032453 1.102923
vt 0.032835 1.103679
vt 0.031198 1.105025
vt -0.011134 1.054059
vt -0.009137 1.053671
vt -0.009039 1.055354
vt -0.011022 1.056003
vt -0.017048 0.978306
vt -0.015035 0.978507
vt -0.015069 0.980699
vt -0.017088 0.980837
vt -0.007647 0.910313
vt -0.005697 0.911052
vt -0.005871 0.912729
vt -0.007848 0.912249
vt 0.052552 0.886808
vt 0.053899 0.888443
vt 0.053380 0.889112
vt 0.051952 0.887580
vt 0.125671 0.982740
vt 0.124852 0.984492
vt 0.124513 0.984101
vt 0.125083 0.982062
vt 0.121078 0.999680
vt 0.119768 1.000410
vt 0.119630 0.999407
vt 0.120839 0.997944
vt 0.117556 0.985818
vt 0.116216 0.985299
vt 0.116268 0.984035
vt 0.117647 0.983628
vt 0.121899 0.977250
vt 0.120842 0.975674
vt 0.121079 0.974691
vt 0.122310 0.975547
vt 0.123397 1.005561
vt 0.123129 1.003461
vt 0.123522 1.003123
vt 0.124077 1.004976
vt 0.092805 1.044936
vt 0.093624 1.043184
vt 0.093963 1.043575
vt 0.093393 1.045614
vt 0.059388 1.028955
vt 0.060698 1.028225
vt 0.060836 1.029228
vt 0.059627 1.030691
vt 0.050061 0.980812
vt 0.051401 0.981331
vt 0.051349 0.982596
vt 0.049970 0.983002
vt 0.064249 0.938576
vt 0.065306 0.940153
vt 0.065069 0.941136
vt 0.063838 0.940280
vt 0.101282 0.938078
vt 0.101550 0.940178
vt 0.101157 0.940516
vt 0.100602 0.938663
vt 0.119832 0.977046
vt 0.119307 0.978749
vt 0.119474 0.976637
vt 0.123378 0.983174
vt 0.122624 0.983818
vt 0.123205 0.982143
vt 0.124017 0.987354
vt 0.123319 0.986681
vt 0.124087 0.986090
vt 0.122654 0.991896
vt 0.122267 0.990166
vt 0.122943 0.990891
vt 0.118209 0.998122
vt 0.118291 0.996004
vt 0.118612 0.997758
vt 0.110322 1.001487
vt 0.110847 0.999784
vt 0.110680 1.001896
vt 0.102621 0.996441
vt 0.103375 0.995797
vt 0.102794 0.997472
vt 0.099984 0.984747
vt 0.100682 0.985420
vt 0.099914 0.986010
vt 0.104115 0.974349
vt 0.104502 0.976080
vt 0.103826 0.975354
vt 0.112445 0.972004
vt 0.112363 0.974121
vt 0.112042 0.972368
vt 0.123494 1.037901
vt 0.123991 1.038470
vt 0.106592 1.053664
vt 0.106094 1.053095
vt 0.070620 0.989580
vt 0.070950 0.990260
vt 0.050165 1.000340
vt 0.049835 0.999660
vt -0.019377 0.889859
vt -0.018820 0.890370
vt -0.034431 0.907397
vt -0.034988 0.906886
vt -0.123991 1.038470
vt -0.123494 1.037901
vt -0.106094 1.053095
vt -0.106592 1.053664
vt -0.070950 0.990260
vt -0.070620 0.989580
vt -0.049835 0.999660
vt -0.050165 1.000340
vt 0.018820 0.890370
vt 0.019377 0.889859
vt 0.034988 0.906886
vt 0.034431 0.907397
vt -0.112346 1.028665
vt -0.112297 1.029419
vt -0.112927 1.029838
vt -0.113604 1.029503
vt -0.113652 1.028748
vt -0.113023 1.028329
vt 0.113023 1.028329
vt 0.113652 1.028748
vt 0.113604 1.029503
vt 0.112927 1.029838
vt 0.112297 1.029419
vt 0.112346 1.028665
vt -0.108126 1.014500
vt -0.107769 1.014091
vt -0.107601 1.016203
vt -0.097489 1.008890
vt -0.097316 1.007859
vt -0.096735 1.009534
vt -0.093676 0.995759
vt -0.093746 0.994495
vt -0.092977 0.995086
vt -0.098714 0.983322
vt -0.099003 0.982317
vt -0.098327 0.981591
vt -0.109833 0.979114
vt -0.110236 0.978750
vt -0.109915 0.976996
vt -0.120875 0.983596
vt -0.121232 0.984005
vt -0.121400 0.981892
vt -0.127379 0.990639
vt -0.127552 0.991670
vt -0.128133 0.989995
vt -0.129204 0.996471
vt -0.129133 0.997735
vt -0.129902 0.997144
vt -0.126918 1.002838
vt -0.126630 1.003843
vt -0.127306 1.004568
vt -0.119666 1.010574
vt -0.119263 1.010938
vt -0.119585 1.012692
vt -0.084878 1.065395
vt -0.085697 1.063643
vt -0.085109 1.062965
vt -0.084539 1.065004
vt -0.043848 1.044733
vt -0.045158 1.044004
vt -0.044919 1.042268
vt -0.043710 1.043731
vt -0.032629 0.991904
vt -0.033970 0.992424
vt -0.034061 0.990234
vt -0.032682 0.990640
vt -0.048776 0.942426
vt -0.049833 0.944002
vt -0.050244 0.942299
vt -0.049013 0.941442
vt -0.094215 0.932791
vt -0.094483 0.934892
vt -0.095163 0.934306
vt -0.094608 0.932454
vt -0.132504 0.977468
vt -0.131685 0.979220
vt -0.132273 0.979898
vt -0.132843 0.977859
vt -0.135714 1.002312
vt -0.134404 1.003041
vt -0.134643 1.004777
vt -0.135852 1.003314
vt -0.134148 0.994868
vt -0.132808 0.994349
vt -0.132717 0.996539
vt -0.134096 0.996133
vt -0.136440 0.991809
vt -0.135383 0.990233
vt -0.134972 0.991937
vt -0.136203 0.992793
vt -0.129339 1.026032
vt -0.129071 1.023932
vt -0.128391 1.024517
vt -0.128946 1.026370
vt -0.013454 1.119312
vt -0.015150 1.118083
vt -0.014710 1.117210
vt -0.013073 1.118555
vt 0.032194 1.065442
vt 0.030197 1.065054
vt 0.030309 1.063110
vt 0.032291 1.063759
vt 0.038590 0.990413
vt 0.036578 0.990614
vt 0.036538 0.988083
vt 0.038556 0.988221
vt 0.028934 0.918207
vt 0.026984 0.918946
vt 0.026782 0.917010
vt 0.028759 0.916530
vt -0.036511 0.878110
vt -0.037858 0.879746
vt -0.038458 0.878973
vt -0.037031 0.877441
vt -0.127527 1.040561
vt -0.125831 1.041789
vt -0.126271 1.042663
vt -0.127908 1.041317
vt -0.105214 1.042034
vt -0.103217 1.042423
vt -0.103329 1.044366
vt -0.105311 1.043718
vt -0.101052 0.990399
vt -0.099039 0.990198
vt -0.099000 0.992728
vt -0.101018 0.992590
vt -0.107604 0.944546
vt -0.105653 0.943807
vt -0.105452 0.945743
vt -0.107429 0.946222
vt -0.134329 0.976011
vt -0.132982 0.974375
vt -0.132382 0.975148
vt -0.133810 0.976680
vt 0.126999 1.040253
vt 0.125304 1.041481
vt 0.124922 1.040725
vt 0.126559 1.039379
vt 0.104047 1.041675
vt 0.102050 1.042063
vt 0.101952 1.040380
vt 0.103935 1.039731
vt 0.099670 0.992739
vt 0.097657 0.992538
vt 0.097692 0.990346
vt 0.099710 0.990208
vt 0.106045 0.948464
vt 0.104095 0.947725
vt 0.104269 0.946048
vt 0.106247 0.946528
vt 0.132633 0.977653
vt 0.131286 0.976018
vt 0.131805 0.975349
vt 0.133233 0.976881
vt 0.013981 1.119620
vt 0.015677 1.118391
vt 0.016058 1.119148
vt 0.014421 1.120493
vt -0.031027 1.065801
vt -0.029030 1.065413
vt -0.028932 1.067096
vt -0.030914 1.067745
vt -0.037209 0.988073
vt -0.035196 0.988274
vt -0.035230 0.990465
vt -0.037248 0.990603
vt -0.027375 0.914289
vt -0.025425 0.915027
vt -0.025600 0.916704
vt -0.027577 0.916225
vt 0.038208 0.876468
vt 0.039555 0.878104
vt 0.039035 0.878772
vt 0.037608 0.877240
vt 0.131909 0.977718
vt 0.131090 0.979471
vt 0.130750 0.979079
vt 0.131321 0.977041
vt 0.133613 1.002842
vt 0.132303 1.003571
vt 0.132164 1.002569
vt 0.133373 1.001106
vt 0.131448 0.996486
vt 0.130107 0.995967
vt 0.130160 0.994702
vt 0.131539 0.994296
vt 0.133754 0.993760
vt 0.132697 0.992184
vt 0.132934 0.991200
vt 0.134165 0.992056
vt 0.127714 1.026621
vt 0.127445 1.024521
vt 0.127838 1.024183
vt 0.128394 1.026035
vt 0.085473 1.065145
vt 0.086292 1.063392
vt 0.086632 1.063784
vt 0.086061 1.065822
vt 0.045949 1.044203
vt 0.047259 1.043473
vt 0.047398 1.044476
vt 0.046189 1.045939
vt 0.035330 0.990287
vt 0.036670 0.990806
vt 0.036618 0.992070
vt 0.035239 0.992477
vt 0.051462 0.940475
vt 0.052519 0.942052
vt 0.052282 0.943035
vt 0.051051 0.942179
vt 0.095840 0.932203
vt 0.096109 0.934303
vt 0.095716 0.934641
vt 0.095160 0.932788
vt 0.121170 0.982065
vt 0.120645 0.983769
vt 0.120813 0.981656
vt 0.127170 0.990419
vt 0.126416 0.991063
vt 0.126997 0.989388
vt 0.128581 0.997704
vt 0.127883 0.997031
vt 0.128651 0.996440
vt 0.126108 1.005042
vt 0.125721 1.003312
vt 0.126397 1.004037
vt 0.118974 1.012857
vt 0.119056 1.010739
vt 0.119377 1.012493
vt 0.107831 1.016031
vt 0.108356 1.014327
vt 0.108188 1.016439
vt 0.097698 1.009110
vt 0.098452 1.008466
vt 0.097871 1.010141
vt 0.094299 0.994526
vt 0.094997 0.995198
vt 0.094228 0.995789
vt 0.099525 0.981117
vt 0.099912 0.982848
vt 0.099236 0.982122
vt 0.110526 0.976831
vt 0.110444 0.978948
vt 0.110123 0.977195
vt -0.006571 1.111039
vt -0.007068 1.111609
vt -0.024468 1.096414
vt -0.023971 1.095845
vt 0.070950 1.009740
vt 0.070620 1.010420
vt 0.049835 1.000340
vt 0.050165 0.999660
vt 0.127487 0.975489
vt 0.126930 0.976000
vt 0.111319 0.958973
vt 0.111876 0.958462
vt 0.007068 1.111609
vt 0.006571 1.111039
vt 0.023970 1.095845
vt 0.024468 1.096414
vt -0.070620 1.010420
vt -0.070950 1.009740
vt -0.050165 0.999660
vt -0.049835 1.000340
vt -0.126930 0.976000
vt -0.127487 0.975489
vt -0.111876 0.958462
vt -0.111319 0.958973
vt -0.115129 0.985117
vt -0.115081 0.985872
vt -0.115710 0.986291
vt -0.116388 0.985955
vt -0.116436 0.985201
vt -0.115807 0.984782
vt 0.115807 0.984782
vt 0.116436 0.985201
vt 0.116388 0.985955
vt 0.115710 0.986291
vt 0.115081 0.985872
vt 0.115129 0.985117
vt -0.106974 1.034062
vt -0.106616 1.033653
vt -0.106449 1.035766
vt -0.096357 1.028805
vt -0.096184 1.027773
vt -0.095603 1.029449
vt -0.092554 1.015887
vt -0.092624 1.014624
vt -0.091856 1.015215
vt -0.097579 1.003236
vt -0.097868 1.002231
vt -0.097192 1.001506
vt -0.108678 0.998676
vt -0.109081 0.998312
vt -0.108760 0.996558
vt -0.119722 1.003158
vt -0.120080 1.003567
vt -0.120247 1.001454
vt -0.126247 1.010553
vt -0.126420 1.011585
vt -0.127001 1.009909
vt -0.128082 1.016600
vt -0.128012 1.017863
vt -0.128780 1.017272
vt -0.125783 1.022752
vt -0.125494 1.023757
vt -0.126170 1.024482
vt -0.118511 1.030136
vt -0.118108 1.030500
vt -0.118429 1.032254
vt -0.083784 1.080582
vt -0.084603 1.078829
vt -0.084015 1.078151
vt -0.083445 1.080190
vt -0.042945 1.063143
vt -0.044255 1.062414
vt -0.044015 1.060678
vt -0.042806 1.062141
vt -0.031790 1.012047
vt -0.033130 1.012566
vt -0.033221 1.010376
vt -0.031842 1.010782
vt -0.047844 0.960834
vt -0.048901 0.962411
vt -0.049312 0.960707
vt -0.048081 0.959851
vt -0.093090 0.947976
vt -0.093358 0.950076
vt -0.094038 0.949491
vt -0.093483 0.947638
vt -0.131410 0.992655
vt -0.130591 0.994407
vt -0.131179 0.995085
vt -0.131749 0.993046
vt -0.134810 1.020721
vt -0.133500 1.021451
vt -0.133739 1.023187
vt -0.134948 1.021724
vt -0.133309 1.015011
vt -0.131969 1.014491
vt -0.131877 1.016681
vt -0.133256 1.016275
vt -0.135508 1.010218
vt -0.134450 1.008641
vt -0.134040 1.010345
vt -0.135270 1.011201
vt -0.128214 1.041216
vt -0.127946 1.039116
vt -0.127266 1.039701
vt -0.127821 1.041554
vt -0.012744 1.127395
vt -0.014440 1.126166
vt -0.014000 1.125293
vt -0.012363 1.126639
vt 0.032562 1.082061
vt 0.030564 1.081673
vt 0.030677 1.079729
vt 0.032659 1.080378
vt 0.038905 1.010571
vt 0.036892 1.010772
vt 0.036853 1.008241
vt 0.038871 1.008379
vt 0.029330 0.934826
vt 0.027380 0.935565
vt 0.027178 0.933628
vt 0.029155 0.933149
vt -0.035651 0.886179
vt -0.036999 0.887815
vt -0.037599 0.887042
vt -0.036171 0.885510
vt -0.126817 1.048644
vt -0.125121 1.049873
vt -0.125562 1.050746
vt -0.127199 1.049401
vt -0.104847 1.058654
vt -0.102849 1.059042
vt -0.102962 1.060985
vt -0.104944 1.060337
vt -0.100738 1.010556
vt -0.098725 1.010355
vt -0.098685 1.012886
vt -0.100703 1.012748
vt -0.107208 0.961164
vt -0.105257 0.960425
vt -0.105056 0.962362
vt -0.107033 0.962841
vt -0.133470 0.984080
vt -0.132122 0.982444
vt -0.131522 0.983216
vt -0.132950 0.984749
vt 0.126290 1.048336
vt 0.124594 1.049564
vt 0.124213 1.048808
vt 0.125850 1.047462
vt 0.103679 1.058294
vt 0.101682 1.058682
vt 0.101585 1.056999
vt 0.103567 1.056351
vt 0.099356 1.012896
vt 0.097343 1.012695
vt 0.097377 1.010504
vt 0.099395 1.010366
vt 0.105649 0.965083
vt 0.103699 0.964344
vt 0.103874 0.962667
vt 0.105851 0.963146
vt 0.131773 0.985722
vt 0.130426 0.984086
vt 0.130945 0.983417
vt 0.132373 0.984950
vt 0.013272 1.127703
vt 0.014968 1.126475
vt 0.015349 1.127231
vt 0.013712 1.128577
vt -0.031394 1.082421
vt -0.029397 1.082032
vt -0.029300 1.083716
vt -0.031282 1.084364
vt -0.037523 1.008230
vt -0.035510 1.008431
vt -0.035544 1.010623
vt -0.037562 1.010761
vt -0.027771 0.930907
vt -0.025821 0.931646
vt -0.025996 0.933323
vt -0.027973 0.932844
vt 0.037348 0.884537
vt 0.038695 0.886172
vt 0.038176 0.886841
vt 0.036748 0.885309
vt 0.130814 0.992905
vt 0.129995 0.994658
vt 0.129656 0.994266
vt 0.130227 0.992227
vt 0.132709 1.021252
vt 0.131399 1.021981
vt 0.131261 1.020979
vt 0.132470 1.019516
vt 0.130608 1.016629
vt 0.129268 1.016109
vt 0.129320 1.014845
vt 0.130699 1.014439
vt 0.132822 1.012168
vt 0.131764 1.010592
vt 0.132002 1.009608
vt 0.133232 1.010465
vt 0.126588 1.041805
vt 0.126320 1.039705
vt 0.126713 1.039367
vt 0.127268 1.041220
vt 0.084379 1.080331
vt 0.085198 1.078579
vt 0.085538 1.078970
vt 0.084967 1.081009
vt 0.045046 1.062613
vt 0.046356 1.061883
vt 0.046494 1.062886
vt 0.045285 1.064349
vt 0.034491 1.010429
vt 0.035831 1.010949
vt 0.035778 1.012213
vt 0.034399 1.012619
vt 0.050530 0.958884
vt 0.051587 0.960460
vt 0.051350 0.961444
vt 0.050119 0.960587
vt 0.094715 0.947387
vt 0.094983 0.949487
vt 0.094591 0.949825
vt 0.094035 0.947972
vt 0.120018 1.001627
vt 0.119493 1.003331
vt 0.119660 1.001218
vt 0.126038 1.010334
vt 0.125284 1.010978
vt 0.125865 1.009302
vt 0.127459 1.017833
vt 0.126761 1.017160
vt 0.127529 1.016569
vt 0.124972 1.024956
vt 0.124585 1.023226
vt 0.125261 1.023951
vt 0.117819 1.032419
vt 0.117901 1.030302
vt 0.118222 1.032055
vt 0.106678 1.035593
vt 0.107203 1.033889
vt 0.107036 1.036002
vt 0.096566 1.029024
vt 0.097320 1.028380
vt 0.096739 1.030056
vt 0.093177 1.014655
vt 0.093875 1.015327
vt 0.093106 1.015918
vt 0.098389 1.001032
vt 0.098777 1.002762
vt 0.098101 1.002037
vt 0.109371 0.996393
vt 0.109289 0.998510
vt 0.108968 0.996757
vt -0.072774 1.023810
vt -0.073529 1.023847
vt -0.074532 1.003712
vt -0.073777 1.003675
vt 0.050378 1.020160
vt 0.049622 1.020160
vt 0.049622 1.000000
vt 0.050378 1.000000
vt 0.123467 1.026334
vt 0.122712 1.026297
vt 0.123715 1.006162
vt 0.124470 1.006199
vt 0.073529 1.023847
vt 0.072774 1.023810
vt 0.073777 1.003675
vt 0.074532 1.003712
vt -0.049622 1.020160
vt -0.050378 1.020160
vt -0.050378 1.000000
vt -0.049622 1.000000
vt -0.122712 1.026297
vt -0.123467 1.026334
vt -0.124470 1.006199
vt -0.123715 1.006162
vt 0.050378 0.886055
vt 0.049622 0.886055
vt 0.049244 0.885400
vt 0.049622 0.884745
vt 0.050378 0.884745
vt 0.050756 0.885400
vt -0.050756 0.885400
vt -0.050378 0.884745
vt -0.049622 0.884745
vt -0.049244 0.885400
vt -0.049622 0.886055
vt -0.050378 0.886055
vt -0.108312 1.039081
vt -0.107955 1.038672
vt -0.107787 1.040785
vt -0.100149 1.036050
vt -0.099976 1.035019
vt -0.099395 1.036694
vt -0.097118 1.026237
vt -0.097188 1.024974
vt -0.096419 1.025565
vt -0.101033 1.016382
vt -0.101322 1.015377
vt -0.100646 1.014652
vt -0.109442 1.013411
vt -0.109845 1.013047
vt -0.109524 1.011293
vt -0.117231 1.017701
vt -0.117588 1.018110
vt -0.117756 1.015997
vt -0.121324 1.023222
vt -0.121497 1.024254
vt -0.122078 1.022578
vt -0.122397 1.026379
vt -0.122326 1.027642
vt -0.123095 1.027051
vt -0.121193 1.029520
vt -0.120904 1.030525
vt -0.121580 1.031251
vt -0.116592 1.034963
vt -0.116189 1.035327
vt -0.116510 1.037081
vt -0.090021 1.075560
vt -0.090840 1.073808
vt -0.090253 1.073130
vt -0.089682 1.075169
vt -0.055479 1.066305
vt -0.056789 1.065575
vt -0.056550 1.063839
vt -0.055341 1.065302
vt -0.045681 1.022714
vt -0.047022 1.023234
vt -0.047113 1.021044
vt -0.045734 1.021450
vt -0.059699 0.977344
vt -0.060756 0.978920
vt -0.061167 0.977216
vt -0.059936 0.976360
vt -0.097406 0.969035
vt -0.097674 0.971136
vt -0.098354 0.970550
vt -0.097799 0.968698
vt -0.124078 1.012863
vt -0.123259 1.014616
vt -0.123847 1.015293
vt -0.124418 1.013255
vt -0.121372 1.035969
vt -0.120062 1.036699
vt -0.120301 1.038435
vt -0.121510 1.036972
vt -0.118578 1.024486
vt -0.117238 1.023966
vt -0.117146 1.026156
vt -0.118525 1.025750
vt -0.122721 1.012117
vt -0.121663 1.010540
vt -0.121253 1.012244
vt -0.122483 1.013100
vt -0.122772 1.035341
vt -0.122504 1.033241
vt -0.121824 1.033826
vt -0.122380 1.035679
vt -0.028811 1.120010
vt -0.030507 1.118781
vt -0.030067 1.117908
vt -0.028430 1.119253
vt 0.013036 1.086939
vt 0.011039 1.086550
vt 0.011151 1.084607
vt 0.013133 1.085255
vt 0.019059 1.020961
vt 0.017046 1.021162
vt 0.017006 1.018632
vt 0.019024 1.018770
vt 0.009997 0.947469
vt 0.008047 0.948208
vt 0.007845 0.946271
vt 0.009823 0.945792
vt -0.049136 0.904588
vt -0.050483 0.906223
vt -0.051083 0.905451
vt -0.049655 0.903919
vt -0.110041 1.064113
vt -0.108345 1.065341
vt -0.108785 1.066215
vt -0.110422 1.064869
vt -0.084954 1.070396
vt -0.082957 1.070784
vt -0.083069 1.072727
vt -0.085051 1.072079
vt -0.080577 1.020323
vt -0.078564 1.020122
vt -0.078525 1.022653
vt -0.080543 1.022515
vt -0.087479 0.965140
vt -0.085529 0.964401
vt -0.085327 0.966337
vt -0.087304 0.966817
vt -0.119125 0.973740
vt -0.117778 0.972104
vt -0.117178 0.972877
vt -0.118606 0.974409
vt 0.109514 1.063804
vt 0.107818 1.065033
vt 0.107437 1.064276
vt 0.109074 1.062931
vt 0.083787 1.070036
vt 0.081789 1.070424
vt 0.081692 1.068741
vt 0.083674 1.068093
vt 0.079195 1.022663
vt 0.077182 1.022462
vt 0.077217 1.020271
vt 0.079235 1.020133
vt 0.085921 0.969058
vt 0.083970 0.968319
vt 0.084145 0.966642
vt 0.086122 0.967122
vt 0.117429 0.975382
vt 0.116081 0.973746
vt 0.116601 0.973077
vt 0.118029 0.974610
vt 0.029338 1.120318
vt 0.031034 1.119089
vt 0.031415 1.119846
vt 0.029778 1.121192
vt -0.011869 1.087298
vt -0.009872 1.086910
vt -0.009774 1.088593
vt -0.011757 1.089241
vt -0.017677 1.018621
vt -0.015664 1.018822
vt -0.015698 1.021014
vt -0.017716 1.021152
vt -0.008439 0.943550
vt -0.006488 0.944289
vt -0.006663 0.945966
vt -0.008640 0.945487
vt 0.050832 0.902945
vt 0.052180 0.904581
vt 0.051660 0.905250
vt 0.050232 0.903718
vt 0.123483 1.013114
vt 0.122664 1.014866
vt 0.122325 1.014475
vt 0.122895 1.012436
vt 0.119270 1.036500
vt 0.117960 1.037229
vt 0.117822 1.036227
vt 0.119031 1.034764
vt 0.115877 1.026103
vt 0.114537 1.025584
vt 0.114589 1.024320
vt 0.115968 1.023914
vt 0.120035 1.014067
vt 0.118977 1.012491
vt 0.119215 1.011507
vt 0.120446 1.012364
vt 0.121147 1.035930
vt 0.120879 1.033830
vt 0.121272 1.033492
vt 0.121827 1.035345
vt 0.090617 1.075310
vt 0.091436 1.073557
vt 0.091775 1.073949
vt 0.091205 1.075987
vt 0.057580 1.065774
vt 0.058890 1.065045
vt 0.059029 1.066047
vt 0.057820 1.067511
vt 0.048382 1.021097
vt 0.049723 1.021616
vt 0.049670 1.022881
vt 0.048291 1.023287
vt 0.062385 0.975393
vt 0.063442 0.976969
vt 0.063205 0.977953
vt 0.061974 0.977097
vt 0.099031 0.968447
vt 0.099300 0.970547
vt 0.098907 0.970885
vt 0.098351 0.969032
vt 0.117526 1.016170
vt 0.117001 1.017874
vt 0.117169 1.015761
vt 0.121115 1.023003
vt 0.120361 1.023647
vt 0.120942 1.021971
vt 0.121774 1.027611
vt 0.121075 1.026939
vt 0.121844 1.026348
vt 0.120383 1.031725
vt 0.119996 1.029994
vt 0.120672 1.030720
vt 0.115899 1.037246
vt 0.115981 1.035128
vt 0.116302 1.036882
vt 0.108017 1.040612
vt 0.108542 1.038908
vt 0.108374 1.041021
vt 0.100358 1.036270
vt 0.101112 1.035626
vt 0.100531 1.037301
vt 0.097741 1.025005
vt 0.098439 1.025677
vt 0.097670 1.026268
vt 0.101843 1.014178
vt 0.102231 1.015908
vt 0.101555 1.015182
vt 0.110135 1.011128
vt 0.110053 1.013245
vt 0.109732 1.011492
vt -0.050042 0.924424
vt -0.050599 0.923913
vt -0.034988 0.906886
vt -0.034431 0.907397
vt 0.029380 1.010420
vt 0.029050 1.009740
vt 0.049835 0.999660
vt 0.050165 1.000340
vt 0.089192 1.068859
vt 0.088695 1.068289
vt 0.106094 1.053095
vt 0.106592 1.053664
vt 0.050599 0.923913
vt 0.050042 0.924424
vt 0.034431 0.907397
vt 0.034988 0.906886
vt -0.029050 1.009740
vt -0.029380 1.010420
vt -0.050165 1.000340
vt -0.049835 0.999660
vt -0.088695 1.068289
vt -0.089192 1.068859
vt -0.106592 1.053664
vt -0.106094 1.053095
vt 0.112297 1.029419
vt 0.112346 1.028665
vt 0.113023 1.028329
vt 0.113652 1.028748
vt 0.113604 1.029503
vt 0.112927 1.029838
vt -0.112927 1.029838
vt -0.113604 1.029503
vt -0.113652 1.028748
vt -0.113023 1.028329
vt -0.112346 1.028665
vt -0.112297 1.029419
vt -0.110804 1.024538
vt -0.110446 1.024129
vt -0.110279 1.026242
vt -0.105072 1.023381
vt -0.104899 1.022350
vt -0.104318 1.024025
vt -0.102803 1.016459
vt -0.102873 1.015195
vt -0.102105 1.015786
vt -0.105622 1.009614
vt -0.105911 1.008609
vt -0.105235 1.007883
vt -0.111362 1.008584
vt -0.111765 1.008220
vt -0.111444 1.006466
vt -0.115892 1.012682
vt -0.116250 1.013091
vt -0.116417 1.010978
vt -0.117532 1.015977
vt -0.117705 1.017008
vt -0.118286 1.015333
vt -0.117833 1.016029
vt -0.117762 1.017292
vt -0.118531 1.016701
vt -0.117739 1.016374
vt -0.117450 1.017379
vt -0.118126 1.018105
vt -0.115827 1.020228
vt -0.115424 1.020592
vt -0.115745 1.022346
vt -0.097353 1.055352
vt -0.098172 1.053599
vt -0.097584 1.052921
vt -0.097014 1.054960
vt -0.068918 1.051057
vt -0.070228 1.050327
vt -0.069988 1.048591
vt -0.068779 1.050054
vt -0.060412 1.013240
vt -0.061753 1.013759
vt -0.061844 1.011569
vt -0.060465 1.011975
vt -0.072486 0.975445
vt -0.073543 0.977021
vt -0.073954 0.975317
vt -0.072723 0.974461
vt -0.102847 0.974910
vt -0.103116 0.977011
vt -0.103796 0.976425
vt -0.103240 0.974573
vt -0.117841 1.017885
vt -0.117022 1.019637
vt -0.117609 1.020315
vt -0.118180 1.018276
vt -0.108837 1.032808
vt -0.107527 1.033537
vt -0.107766 1.035273
vt -0.108975 1.033810
vt -0.104686 1.013818
vt -0.103346 1.013299
vt -0.103255 1.015489
vt -0.104634 1.015082
vt -0.110866 0.995607
vt -0.109809 0.994031
vt -0.109398 0.995735
vt -0.110629 0.996591
vt -0.118456 1.014282
vt -0.118188 1.012182
vt -0.117508 1.012767
vt -0.118064 1.014620
vt -0.045587 1.104541
vt -0.047283 1.103313
vt -0.046843 1.102439
vt -0.045206 1.103785
vt -0.006857 1.075197
vt -0.008854 1.074808
vt -0.008742 1.072865
vt -0.006759 1.073513
vt -0.001102 1.011194
vt -0.003115 1.011395
vt -0.003154 1.008865
vt -0.001136 1.009003
vt -0.009732 0.943493
vt -0.011682 0.944232
vt -0.011883 0.942296
vt -0.009906 0.941816
vt -0.063480 0.914928
vt -0.064827 0.916563
vt -0.065427 0.915791
vt -0.064000 0.914259
vt -0.093975 1.071498
vt -0.092279 1.072726
vt -0.092719 1.073600
vt -0.094356 1.072254
vt -0.065428 1.065518
vt -0.063431 1.065907
vt -0.063544 1.067850
vt -0.065526 1.067201
vt -0.060731 1.009932
vt -0.058718 1.009731
vt -0.058679 1.012262
vt -0.060697 1.012124
vt -0.068146 0.952497
vt -0.066196 0.951758
vt -0.065995 0.953694
vt -0.067972 0.954174
vt -0.105641 0.955331
vt -0.104294 0.953695
vt -0.103694 0.954468
vt -0.105121 0.956000
vt 0.093447 1.071189
vt 0.091751 1.072418
vt 0.091370 1.071661
vt 0.093007 1.070316
vt 0.064261 1.065159
vt 0.062264 1.065547
vt 0.062167 1.063864
vt 0.064149 1.063215
vt 0.059349 1.012272
vt 0.057336 1.012071
vt 0.057371 1.009880
vt 0.059389 1.009742
vt 0.066588 0.956415
vt 0.064638 0.955676
vt 0.064812 0.954000
vt 0.066789 0.954479
vt 0.103944 0.956973
vt 0.102597 0.955338
vt 0.103117 0.954669
vt 0.104544 0.956201
vt 0.046114 1.104850
vt 0.047810 1.103621
vt 0.048192 1.104378
vt 0.046555 1.105723
vt 0.008024 1.075556
vt 0.010021 1.075168
vt 0.010118 1.076851
vt 0.008136 1.077499
vt 0.002484 1.008854
vt 0.004496 1.009055
vt 0.004462 1.011247
vt 0.002444 1.011385
vt 0.011290 0.939575
vt 0.013240 0.940313
vt 0.013066 0.941990
vt 0.011089 0.941511
vt 0.065177 0.913285
vt 0.066524 0.914921
vt 0.066004 0.915590
vt 0.064577 0.914058
vt 0.117245 1.018135
vt 0.116426 1.019888
vt 0.116087 1.019496
vt 0.116658 1.017457
vt 0.106736 1.033338
vt 0.105426 1.034068
vt 0.105288 1.033065
vt 0.106497 1.031602
vt 0.101986 1.015436
vt 0.100645 1.014916
vt 0.100698 1.013652
vt 0.102077 1.013246
vt 0.108180 0.997558
vt 0.107123 0.995982
vt 0.107360 0.994998
vt 0.108591 0.995854
vt 0.116831 1.014871
vt 0.116563 1.012770
vt 0.116955 1.012433
vt 0.117511 1.014285
vt 0.097948 1.055101
vt 0.098767 1.053349
vt 0.099107 1.053740
vt 0.098536 1.055779
vt 0.071019 1.050526
vt 0.072329 1.049797
vt 0.072467 1.050799
vt 0.071258 1.052262
vt 0.063113 1.011622
vt 0.064454 1.012141
vt 0.064401 1.013406
vt 0.063022 1.013812
vt 0.075172 0.973494
vt 0.076229 0.975070
vt 0.075992 0.976054
vt 0.074761 0.975198
vt 0.104473 0.974322
vt 0.104741 0.976422
vt 0.104348 0.976760
vt 0.103793 0.974907
vt 0.116188 1.011151
vt 0.115663 1.012855
vt 0.115830 1.010742
vt 0.117323 1.015757
vt 0.116569 1.016402
vt 0.117150 1.014726
vt 0.117210 1.017261
vt 0.116512 1.016589
vt 0.117280 1.015998
vt 0.116929 1.018579
vt 0.116542 1.016848
vt 0.117218 1.017574
vt 0.115135 1.022511
vt 0.115217 1.020393
vt 0.115538 1.022147
vt 0.110508 1.026069
vt 0.111033 1.024365
vt 0.110866 1.026478
vt 0.105281 1.023601
vt 0.106035 1.022957
vt 0.105455 1.024632
vt 0.103426 1.015226
vt 0.104124 1.015898
vt 0.103356 1.016489
vt 0.106433 1.007409
vt 0.106820 1.009140
vt 0.106144 1.008414
vt 0.112055 1.006301
vt 0.111973 1.008418
vt 0.111652 1.006665
vt 0.095708 0.941947
vt 0.096265 0.941436
vt 0.111876 0.958462
vt 0.111319 0.958973
vt 0.029050 0.990260
vt 0.029380 0.989580
vt 0.050165 0.999660
vt 0.049835 1.000340
vt -0.041867 1.081220
vt -0.041370 1.080650
vt -0.023971 1.095845
vt -0.024468 1.096414
vt -0.096265 0.941436
vt -0.095708 0.941947
vt -0.111319 0.958973
vt -0.111876 0.958462
vt -0.029380 0.989580
vt -0.029050 0.990260
vt -0.049835 1.000340
vt -0.050165 0.999660
vt 0.041370 1.080650
vt 0.041867 1.081220
vt 0.024468 1.096414
vt 0.023971 1.095845
vt 0.115081 0.985872
vt 0.115129 0.985117
vt 0.115807 0.984782
vt 0.116436 0.985201
vt 0.116388 0.985955
vt 0.115710 0.986291
vt -0.115710 0.986291
vt -0.116388 0.985955
vt -0.116436 0.985201
vt -0.115807 0.984782
vt -0.115129 0.985117
vt -0.115081 0.985872
vt -0.111956 1.004976
vt -0.111599 1.004567
vt -0.111431 1.006679
vt -0.106204 1.003467
vt -0.106031 1.002435
vt -0.105450 1.004111
vt -0.103925 0.996330
vt -0.103995 0.995066
vt -0.103227 0.995657
vt -0.106758 0.989700
vt -0.107047 0.988695
vt -0.106371 0.987969
vt -0.112517 0.989022
vt -0.112920 0.988658
vt -0.112599 0.986904
vt -0.117045 0.993120
vt -0.117402 0.993528
vt -0.117570 0.991416
vt -0.118664 0.996063
vt -0.118837 0.997094
vt -0.119418 0.995419
vt -0.118955 0.995900
vt -0.118884 0.997163
vt -0.119653 0.996573
vt -0.118875 0.996460
vt -0.118586 0.997465
vt -0.119262 0.998190
vt -0.116982 1.000666
vt -0.116579 1.001030
vt -0.116901 1.002784
vt -0.098447 1.040165
vt -0.099266 1.038412
vt -0.098678 1.037735
vt -0.098108 1.039774
vt -0.069821 1.032647
vt -0.071131 1.031917
vt -0.070892 1.030181
vt -0.069683 1.031644
vt -0.061252 0.993097
vt -0.062592 0.993616
vt -0.062683 0.991427
vt -0.061304 0.991833
vt -0.073418 0.957036
vt -0.074475 0.958613
vt -0.074886 0.956909
vt -0.073655 0.956053
vt -0.103973 0.959726
vt -0.104241 0.961826
vt -0.104921 0.961241
vt -0.104365 0.959388
vt -0.118935 1.002698
vt -0.118116 1.004450
vt -0.118703 1.005128
vt -0.119274 1.003089
vt -0.109741 1.014398
vt -0.108431 1.015128
vt -0.108670 1.016864
vt -0.109879 1.015400
vt -0.105526 0.993676
vt -0.104185 0.993156
vt -0.104094 0.995346
vt -0.105473 0.994940
vt -0.111798 0.977199
vt -0.110741 0.975623
vt -0.110330 0.977326
vt -0.111561 0.978182
vt -0.119581 0.999097
vt -0.119313 0.996997
vt -0.118633 0.997582
vt -0.119189 0.999435
vt -0.046297 1.096458
vt -0.047992 1.095230
vt -0.047552 1.094356
vt -0.045915 1.095702
vt -0.007224 1.058577
vt -0.009221 1.058189
vt -0.009109 1.056245
vt -0.007127 1.056894
vt -0.001416 0.991037
vt -0.003429 0.991238
vt -0.003469 0.988707
vt -0.001450 0.988845
vt -0.010128 0.926875
vt -0.012078 0.927613
vt -0.012279 0.925677
vt -0.010302 0.925198
vt -0.064340 0.906859
vt -0.065687 0.908494
vt -0.066287 0.907722
vt -0.064860 0.906190
vt -0.094684 1.063414
vt -0.092988 1.064643
vt -0.093428 1.065516
vt -0.095065 1.064171
vt -0.065796 1.048899
vt -0.063799 1.049287
vt -0.063911 1.051231
vt -0.065893 1.050582
vt -0.061045 0.989775
vt -0.059032 0.989574
vt -0.058993 0.992104
vt -0.061011 0.991966
vt -0.068542 0.935878
vt -0.066592 0.935139
vt -0.066390 0.937075
vt -0.068368 0.937555
vt -0.106501 0.947262
vt -0.105153 0.945627
vt -0.104553 0.946399
vt -0.105981 0.947931
vt 0.094157 1.063106
vt 0.092461 1.064335
vt 0.092080 1.063578
vt 0.093717 1.062232
vt 0.064629 1.048540
vt 0.062632 1.048928
vt 0.062534 1.047245
vt 0.064516 1.046596
vt 0.059664 0.992115
vt 0.057651 0.991914
vt 0.057685 0.989722
vt 0.059703 0.989584
vt 0.066984 0.939797
vt 0.065034 0.939058
vt 0.065208 0.937381
vt 0.067185 0.937860
vt 0.104804 0.948905
vt 0.103457 0.947269
vt 0.103976 0.946600
vt 0.105404 0.948132
vt 0.046824 1.096766
vt 0.048520 1.095538
vt 0.048901 1.096294
vt 0.047264 1.097640
vt 0.008391 1.058936
vt 0.010389 1.058548
vt 0.010486 1.060231
vt 0.008504 1.060880
vt 0.002798 0.988697
vt 0.004811 0.988898
vt 0.004777 0.991089
vt 0.002759 0.991227
vt 0.011686 0.922956
vt 0.013636 0.923695
vt 0.013462 0.925372
vt 0.011485 0.924892
vt 0.066037 0.905217
vt 0.067384 0.906852
vt 0.066864 0.907521
vt 0.065436 0.905989
vt 0.118339 1.002949
vt 0.117520 1.004701
vt 0.117181 1.004310
vt 0.117752 1.002271
vt 0.107640 1.014928
vt 0.106330 1.015658
vt 0.106191 1.014655
vt 0.107400 1.013192
vt 0.102825 0.995293
vt 0.101485 0.994774
vt 0.101537 0.993509
vt 0.102916 0.993103
vt 0.109112 0.979149
vt 0.108055 0.977573
vt 0.108292 0.976590
vt 0.109523 0.977446
vt 0.117956 0.999686
vt 0.117688 0.997586
vt 0.118081 0.997248
vt 0.118636 0.999101
vt 0.099043 1.039914
vt 0.099862 1.038162
vt 0.100201 1.038553
vt 0.099630 1.040592
vt 0.071922 1.032117
vt 0.073232 1.031387
vt 0.073371 1.032389
vt 0.072162 1.033853
vt 0.063953 0.991479
vt 0.065293 0.991999
vt 0.065240 0.993263
vt 0.063861 0.993669
vt 0.076104 0.955086
vt 0.077161 0.956662
vt 0.076924 0.957646
vt 0.075693 0.956789
vt 0.105598 0.959137
vt 0.105866 0.961237
vt 0.105473 0.961575
vt 0.104918 0.959722
vt 0.117340 0.991589
vt 0.116815 0.993292
vt 0.116983 0.991180
vt 0.118455 0.995843
vt 0.117701 0.996487
vt 0.118282 0.994812
vt 0.118332 0.997133
vt 0.117633 0.996460
vt 0.118402 0.995869
vt 0.118064 0.998664
vt 0.117677 0.996934
vt 0.118353 0.997659
vt 0.116290 1.002949
vt 0.116372 1.000831
vt 0.116693 1.002585
vt 0.111661 1.006507
vt 0.112186 1.004803
vt 0.112018 1.006915
vt 0.106413 1.003686
vt 0.107167 1.003042
vt 0.106586 1.004718
vt 0.104548 0.995097
vt 0.105246 0.995770
vt 0.104477 0.996360
vt 0.107569 0.987495
vt 0.107956 0.989226
vt 0.107280 0.988500
vt 0.113210 0.986739
vt 0.113128 0.988856
vt 0.112807 0.987103
vt -0.112617 1.015553
vt -0.112334 1.015152
vt -0.112134 1.018094
vt -0.107151 1.014361
vt -0.106990 1.013297
vt -0.106463 1.015825
vt -0.103877 1.009659
vt -0.103878 1.008211
vt -0.103170 1.009641
vt -0.104141 1.003565
vt -0.104303 1.002127
vt -0.103598 1.002064
vt -0.107808 0.999054
vt -0.108091 0.998015
vt -0.107575 0.996483
vt -0.113335 0.998031
vt -0.113662 0.997666
vt -0.113478 0.995085
vt -0.118580 1.000050
vt -0.118863 1.000451
vt -0.119063 0.997508
vt -0.122120 1.002982
vt -0.122281 1.004047
vt -0.122808 1.001519
vt -0.123747 1.005291
vt -0.123746 1.006739
vt -0.124454 1.005309
vt -0.123716 1.007270
vt -0.123554 1.008709
vt -0.124258 1.008771
vt -0.121939 1.009996
vt -0.121657 1.011035
vt -0.122173 1.012568
vt -0.118107 1.013392
vt -0.117779 1.013758
vt -0.117963 1.016338
vt -0.102631 1.044220
vt -0.103330 1.041627
vt -0.102816 1.040933
vt -0.102353 1.043844
vt -0.080146 1.041648
vt -0.081326 1.040079
vt -0.081054 1.038188
vt -0.080000 1.040624
vt -0.067971 1.018800
vt -0.069284 1.018708
vt -0.069286 1.016047
vt -0.067972 1.017360
vt -0.069349 0.989409
vt -0.070528 0.990845
vt -0.070788 0.988197
vt -0.069490 0.987976
vt -0.084076 0.968671
vt -0.084849 0.971212
vt -0.085332 0.969363
vt -0.084338 0.967671
vt -0.107263 0.970115
vt -0.107336 0.973062
vt -0.107937 0.972442
vt -0.107588 0.969779
vt -0.124376 0.990875
vt -0.123677 0.993468
vt -0.124190 0.994162
vt -0.124654 0.991251
vt -0.128513 1.007049
vt -0.127334 1.008618
vt -0.127605 1.010509
vt -0.128660 1.008072
vt -0.127824 1.008056
vt -0.126510 1.008149
vt -0.126508 1.010809
vt -0.127823 1.009496
vt -0.128137 1.003121
vt -0.126958 1.001685
vt -0.126698 1.004333
vt -0.127996 1.004554
vt -0.128748 1.006511
vt -0.127976 1.003971
vt -0.127493 1.005819
vt -0.128487 1.007511
vt -0.122393 1.025201
vt -0.122320 1.022254
vt -0.121719 1.022874
vt -0.122068 1.025537
vt -0.083351 1.078280
vt -0.084596 1.075739
vt -0.083973 1.074908
vt -0.082874 1.077644
vt -0.038885 1.070907
vt -0.040920 1.069464
vt -0.040652 1.067144
vt -0.038680 1.069131
vt -0.022269 1.027900
vt -0.024472 1.027731
vt -0.024473 1.024282
vt -0.022270 1.025261
vt -0.023947 0.976323
vt -0.026078 0.977450
vt -0.026313 0.974010
vt -0.024127 0.973690
vt -0.045316 0.935024
vt -0.047082 0.937197
vt -0.047577 0.934915
vt -0.045695 0.933278
vt -0.095251 0.938162
vt -0.095851 0.941049
vt -0.096611 0.940341
vt -0.095833 0.937620
vt -0.127572 1.004767
vt -0.126327 1.007308
vt -0.126950 1.008139
vt -0.128049 1.005403
vt -0.118540 1.033205
vt -0.116505 1.034648
vt -0.116773 1.036968
vt -0.118745 1.034981
vt -0.111373 1.016805
vt -0.109170 1.016974
vt -0.109168 1.020423
vt -0.111371 1.019444
vt -0.112441 0.988227
vt -0.110310 0.987100
vt -0.110076 0.990540
vt -0.112262 0.990860
vt -0.121618 0.976912
vt -0.119852 0.974740
vt -0.119356 0.977022
vt -0.121239 0.978659
vt -0.127000 1.017230
vt -0.126400 1.014343
vt -0.125640 1.015051
vt -0.126418 1.017772
vt -0.019903 1.118117
vt -0.022371 1.116529
vt -0.021965 1.115564
vt -0.019528 1.117226
vt 0.019800 1.085309
vt 0.016979 1.084671
vt 0.017092 1.082283
vt 0.019905 1.083103
vt 0.027623 1.031587
vt 0.024767 1.031499
vt 0.024767 1.027789
vt 0.027623 1.028159
vt 0.026916 0.971165
vt 0.024070 0.971605
vt 0.023979 0.967897
vt 0.026832 0.967738
vt 0.016172 0.916091
vt 0.013398 0.917036
vt 0.013178 0.914655
vt 0.015968 0.913891
vt 0.048955 0.891710
vt 0.046006 0.891736
vt 0.046204 0.890709
vt 0.049139 0.890761
vt -0.107160 1.066870
vt -0.104692 1.068458
vt -0.105098 1.069423
vt -0.107535 1.067761
vt -0.081391 1.070298
vt -0.078569 1.070936
vt -0.078683 1.073324
vt -0.081495 1.072504
vt -0.075291 1.026519
vt -0.072435 1.026607
vt -0.072434 1.030317
vt -0.075290 1.029947
vt -0.076010 0.971929
vt -0.073164 0.971488
vt -0.073072 0.975197
vt -0.075925 0.975356
vt -0.084654 0.931210
vt -0.081881 0.930265
vt -0.081661 0.932646
vt -0.084451 0.933410
vt -0.051697 0.883885
vt -0.048747 0.883859
vt -0.048946 0.884886
vt -0.051880 0.884834
vt 0.105980 1.065512
vt 0.103512 1.067100
vt 0.103137 1.066209
vt 0.105574 1.064548
vt 0.079420 1.067342
vt 0.076599 1.067980
vt 0.076495 1.065774
vt 0.079307 1.064954
vt 0.073092 1.027408
vt 0.070236 1.027496
vt 0.070237 1.024069
vt 0.073093 1.023698
vt 0.073658 0.978121
vt 0.070812 0.977680
vt 0.070896 0.974254
vt 0.073749 0.974412
vt 0.082131 0.938655
vt 0.079358 0.937710
vt 0.079561 0.935511
vt 0.082351 0.936274
vt 0.051854 0.887646
vt 0.048904 0.887620
vt 0.048721 0.886671
vt 0.051655 0.886618
vt 0.021083 1.119475
vt 0.023551 1.117887
vt 0.023926 1.118778
vt 0.021489 1.120439
vt -0.017830 1.088264
vt -0.015009 1.087626
vt -0.014904 1.089833
vt -0.017717 1.090653
vt -0.025425 1.030698
vt -0.022568 1.030610
vt -0.022569 1.034037
vt -0.025425 1.034407
vt -0.024564 0.964973
vt -0.021718 0.965414
vt -0.021803 0.968840
vt -0.024656 0.968682
vt -0.013648 0.908646
vt -0.010875 0.909591
vt -0.011078 0.911790
vt -0.013868 0.911027
vt -0.049112 0.887949
vt -0.046163 0.887975
vt -0.045979 0.888924
vt -0.048914 0.888977
vt 0.125913 1.004630
vt 0.124668 1.007171
vt 0.124191 1.006535
vt 0.125290 1.003800
vt 0.114271 1.032273
vt 0.112236 1.033717
vt 0.112031 1.031941
vt 0.114004 1.029953
vt 0.106147 1.018101
vt 0.103944 1.018271
vt 0.103945 1.015631
vt 0.106148 1.014653
vt 0.106902 0.992649
vt 0.104771 0.991522
vt 0.104951 0.988889
vt 0.107137 0.989209
vt 0.116404 0.981447
vt 0.114637 0.979274
vt 0.115016 0.977527
vt 0.116899 0.979165
vt 0.124001 1.018322
vt 0.123401 1.015435
vt 0.123982 1.014894
vt 0.124761 1.017614
vt 0.085010 1.078416
vt 0.086255 1.075876
vt 0.086732 1.076512
vt 0.085633 1.079247
vt 0.043154 1.071839
vt 0.045189 1.070395
vt 0.045394 1.072171
vt 0.043422 1.074159
vt 0.027495 1.026604
vt 0.029698 1.026435
vt 0.029696 1.029074
vt 0.027493 1.030052
vt 0.029486 0.971900
vt 0.031617 0.973027
vt 0.031438 0.975661
vt 0.029252 0.975341
vt 0.050530 0.930490
vt 0.052296 0.932662
vt 0.051917 0.934409
vt 0.050035 0.932772
vt 0.098250 0.937070
vt 0.098850 0.939957
vt 0.098269 0.940499
vt 0.097490 0.937778
vt 0.123183 0.991164
vt 0.122484 0.993757
vt 0.122206 0.993382
vt 0.122670 0.990470
vt 0.124732 1.007575
vt 0.123553 1.009144
vt 0.123406 1.008121
vt 0.124461 1.005684
vt 0.122708 1.009405
vt 0.121394 1.009498
vt 0.121395 1.008058
vt 0.122710 1.006744
vt 0.122778 1.005356
vt 0.121599 1.003920
vt 0.121740 1.002487
vt 0.123038 1.002708
vt 0.124306 1.008410
vt 0.123534 1.005870
vt 0.123795 1.004869
vt 0.124790 1.006562
vt 0.120323 1.025712
vt 0.120249 1.022764
vt 0.120575 1.022429
vt 0.120923 1.025092
vt 0.103824 1.043931
vt 0.104523 1.041337
vt 0.104801 1.041713
vt 0.104337 1.044625
vt 0.083927 1.041122
vt 0.085106 1.039553
vt 0.085253 1.040576
vt 0.084199 1.043013
vt 0.073086 1.017451
vt 0.074400 1.017359
vt 0.074399 1.018799
vt 0.073085 1.020112
vt 0.074708 0.987173
vt 0.075887 0.988609
vt 0.075746 0.990042
vt 0.074448 0.989821
vt 0.088518 0.966772
vt 0.089291 0.969313
vt 0.089029 0.970313
vt 0.088035 0.968621
vt 0.109333 0.969604
vt 0.109406 0.972551
vt 0.109081 0.972887
vt 0.108732 0.970224
vt 0.118637 0.997670
vt 0.118153 1.000212
vt 0.118354 0.997269
vt 0.121349 1.001935
vt 0.120661 1.003398
vt 0.121188 1.000870
vt 0.122366 1.005896
vt 0.121659 1.005878
vt 0.122367 1.004448
vt 0.122087 1.009391
vt 0.121545 1.007890
vt 0.122250 1.007952
vt 0.120489 1.013026
vt 0.120255 1.010455
vt 0.120771 1.011987
vt 0.117231 1.016493
vt 0.117374 1.013547
vt 0.117558 1.016128
vt 0.112561 1.017932
vt 0.113044 1.015391
vt 0.112844 1.018333
vt 0.107922 1.015409
vt 0.108610 1.013946
vt 0.108083 1.016473
vt 0.105258 1.009054
vt 0.105965 1.009072
vt 0.105257 1.010502
vt 0.105770 1.001444
vt 0.106312 1.002945
vt 0.105607 1.002883
vt 0.109259 0.996024
vt 0.109492 0.998595
vt 0.108977 0.997063
vt 0.114211 0.994931
vt 0.114067 0.997877
vt 0.113883 0.995296
vt -0.107809 1.007551
vt -0.106651 1.007105
vt -0.106337 1.012101
vt -0.106444 1.008369
vt -0.105508 1.007239
vt -0.103999 1.011777
vt -0.105127 1.008322
vt -0.104555 1.006681
vt -0.102090 1.010072
vt -0.104262 1.007475
vt -0.104138 1.005573
vt -0.101094 1.007304
vt -0.104098 1.006272
vt -0.104437 1.004396
vt -0.101270 1.004206
vt -0.104635 1.005294
vt -0.105390 1.003729
vt -0.102573 1.001644
vt -0.105640 1.004959
vt -0.106699 1.003945
vt -0.104663 1.000278
vt -0.106756 1.005304
vt -0.107958 1.004995
vt -0.107023 1.000305
vt -0.107671 1.005962
vt -0.108829 1.006407
vt -0.109143 1.001412
vt -0.108262 1.006401
vt -0.109197 1.007531
vt -0.110707 1.002993
vt -0.108609 1.006269
vt -0.109181 1.007910
vt -0.111646 1.004519
vt -0.108874 1.005621
vt -0.108999 1.007523
vt -0.112042 1.005792
vt -0.109149 1.004885
vt -0.108809 1.006761
vt -0.111976 1.006950
vt -0.109370 1.004601
vt -0.108615 1.006166
vt -0.111432 1.008251
vt -0.109338 1.005094
vt -0.108279 1.006108
vt -0.110315 1.009775
vt -0.108838 1.006249
vt -0.107636 1.006557
vt -0.108571 1.011248
vt -0.104030 1.022546
vt -0.105605 1.017987
vt -0.103417 1.017107
vt -0.102880 1.022084
vt -0.095375 1.026017
vt -0.098087 1.022626
vt -0.096377 1.020438
vt -0.094475 1.024867
vt -0.087810 1.021620
vt -0.091160 1.019871
vt -0.090153 1.016734
vt -0.087280 1.019971
vt -0.083778 1.011364
vt -0.087280 1.011474
vt -0.087065 1.007856
vt -0.083665 1.009462
vt -0.084195 0.999240
vt -0.087411 1.001189
vt -0.087999 0.997612
vt -0.084504 0.997359
vt -0.088940 0.989691
vt -0.091442 0.993222
vt -0.092786 0.990215
vt -0.089647 0.988110
vt -0.096762 0.986549
vt -0.098124 0.991172
vt -0.100083 0.989204
vt -0.097792 0.985514
vt -0.104851 0.991146
vt -0.104752 0.996150
vt -0.107033 0.995555
vt -0.106050 0.990833
vt -0.109936 1.000251
vt -0.108361 1.004810
vt -0.110549 1.005690
vt -0.111086 1.000714
vt -0.111116 1.007749
vt -0.108403 1.011140
vt -0.110114 1.013327
vt -0.112015 1.008899
vt -0.110240 1.009791
vt -0.106890 1.011541
vt -0.107897 1.014677
vt -0.110770 1.011440
vt -0.109490 1.006934
vt -0.105988 1.006824
vt -0.106203 1.010442
vt -0.109604 1.008836
vt -0.109930 1.002544
vt -0.106714 1.000595
vt -0.106126 1.004172
vt -0.109621 1.004425
vt -0.111357 1.000738
vt -0.108855 0.997207
vt -0.107511 1.000214
vt -0.110650 1.002319
vt -0.112278 1.004490
vt -0.110917 0.999867
vt -0.108958 1.001835
vt -0.111248 1.005525
vt -0.110279 1.013384
vt -0.110377 1.008380
vt -0.108096 1.008975
vt -0.109079 1.013697
vt -0.099482 1.037877
vt -0.101331 1.033350
vt -0.098385 1.032004
vt -0.097341 1.036899
vt -0.079974 1.047629
vt -0.083243 1.044413
vt -0.081125 1.041266
vt -0.078435 1.045343
vt -0.065367 1.037658
vt -0.069270 1.036029
vt -0.068117 1.031670
vt -0.064530 1.034490
vt -0.058597 1.016478
vt -0.062648 1.016508
vt -0.062411 1.011528
vt -0.058425 1.012860
vt -0.059295 0.992065
vt -0.063156 0.993726
vt -0.063808 0.988783
vt -0.059769 0.988474
vt -0.067559 0.971902
vt -0.070857 0.975056
vt -0.072426 0.970828
vt -0.068698 0.968830
vt -0.083445 0.964716
vt -0.085610 0.969094
vt -0.088101 0.966233
vt -0.085255 0.962637
vt -0.101873 0.978583
vt -0.102148 0.983581
vt -0.105267 0.982706
vt -0.104139 0.977948
vt -0.109907 1.006190
vt -0.108057 1.010717
vt -0.111003 1.012063
vt -0.112047 1.007168
vt -0.105687 1.023962
vt -0.102418 1.027178
vt -0.104535 1.030325
vt -0.107225 1.026249
vt -0.099311 1.023354
vt -0.095408 1.024982
vt -0.096560 1.029342
vt -0.100148 1.026521
vt -0.096087 1.010432
vt -0.092036 1.010402
vt -0.092273 1.015382
vt -0.096259 1.014050
vt -0.097096 0.994041
vt -0.093235 0.992380
vt -0.092583 0.997322
vt -0.096622 0.997631
vt -0.102241 0.983273
vt -0.098942 0.980119
vt -0.097374 0.984347
vt -0.101102 0.986344
vt -0.109650 0.987227
vt -0.107485 0.982849
vt -0.104995 0.985710
vt -0.107840 0.989306
vt -0.111809 1.010229
vt -0.111534 1.005232
vt -0.108416 1.006106
vt -0.109543 1.010865
vt -0.087684 1.061607
vt -0.090222 1.057348
vt -0.087011 1.055316
vt -0.084952 1.059878
vt -0.052223 1.072942
vt -0.056315 1.070374
vt -0.054427 1.066374
vt -0.050616 1.069539
vt -0.034470 1.052858
vt -0.038992 1.051638
vt -0.038076 1.046446
vt -0.033691 1.048442
vt -0.027799 1.020903
vt -0.032407 1.020884
vt -0.032227 1.015031
vt -0.027645 1.015924
vt -0.028474 0.985609
vt -0.033000 0.986752
vt -0.033500 0.980917
vt -0.028899 0.980646
vt -0.037000 0.954036
vt -0.041235 0.956334
vt -0.042512 0.951219
vt -0.038086 0.949686
vt -0.058356 0.936816
vt -0.061773 0.940403
vt -0.064114 0.936649
vt -0.060347 0.933623
vt -0.095895 0.959919
vt -0.096917 0.964819
vt -0.100492 0.963529
vt -0.098936 0.958822
vt -0.106473 1.025346
vt -0.103935 1.029605
vt -0.107146 1.031637
vt -0.109205 1.027075
vt -0.088611 1.051484
vt -0.084519 1.054051
vt -0.086407 1.058052
vt -0.090217 1.054886
vt -0.076842 1.041300
vt -0.072319 1.042520
vt -0.073235 1.047711
vt -0.077621 1.045716
vt -0.072374 1.014867
vt -0.067765 1.014887
vt -0.067946 1.020740
vt -0.072527 1.019846
vt -0.073503 0.984145
vt -0.068977 0.983003
vt -0.068477 0.988837
vt -0.073078 0.989108
vt -0.080631 0.959831
vt -0.076397 0.957534
vt -0.075119 0.962648
vt -0.079545 0.964182
vt -0.095986 0.955973
vt -0.092569 0.952386
vt -0.090229 0.956140
vt -0.093995 0.959166
vt -0.112476 0.997193
vt -0.111453 0.992293
vt -0.107878 0.993582
vt -0.109434 0.998289
vt -0.023349 0.894123
vt -0.018355 0.893874
vt -0.018119 0.897858
vt -0.023125 0.897912
vt -0.005724 1.090176
vt -0.010597 1.089127
vt -0.009810 1.084567
vt -0.004975 1.085840
vt 0.002987 1.060585
vt -0.001959 1.060123
vt -0.001616 1.054611
vt 0.003314 1.055342
vt 0.005739 1.023059
vt 0.000781 1.023044
vt 0.000846 1.016890
vt 0.005802 1.017206
vt 0.005473 0.982687
vt 0.000525 0.983097
vt 0.000342 0.976946
vt 0.005299 0.976836
vt 0.001859 0.944590
vt -0.003049 0.945451
vt -0.003537 0.939949
vt 0.001395 0.939358
vt -0.009819 0.914579
vt -0.014574 0.916123
vt -0.015617 0.911615
vt -0.010811 0.910291
vt 0.021176 0.897490
vt 0.016171 0.897532
vt 0.016331 0.893543
vt 0.021329 0.893697
vt 0.021309 0.893931
vt 0.016315 0.894180
vt 0.016078 0.890196
vt 0.021084 0.890142
vt -0.050114 1.081589
vt -0.045240 1.082639
vt -0.046028 1.087199
vt -0.050862 1.085926
vt -0.042695 1.056222
vt -0.037749 1.056684
vt -0.038093 1.062196
vt -0.043022 1.061465
vt -0.040443 1.018318
vt -0.035485 1.018333
vt -0.035550 1.024487
vt -0.040506 1.024170
vt -0.040959 0.976605
vt -0.036010 0.976195
vt -0.035827 0.982346
vt -0.040785 0.982456
vt -0.044621 0.939686
vt -0.039713 0.938826
vt -0.039224 0.944327
vt -0.044157 0.944918
vt -0.055638 0.917086
vt -0.050883 0.915542
vt -0.049839 0.920050
vt -0.054645 0.921374
vt -0.023172 0.890563
vt -0.018167 0.890522
vt -0.018327 0.894510
vt -0.023325 0.894356
vt -0.021099 0.892242
vt -0.016105 0.892491
vt -0.016330 0.896281
vt -0.021336 0.896227
vt 0.049233 1.080965
vt 0.044359 1.082015
vt 0.043611 1.077678
vt 0.048446 1.076405
vt 0.041275 1.056437
vt 0.036329 1.056899
vt 0.036002 1.051656
vt 0.040932 1.050925
vt 0.038698 1.022164
vt 0.033740 1.022179
vt 0.033677 1.016326
vt 0.038632 1.016010
vt 0.038930 0.984729
vt 0.033982 0.984318
vt 0.034156 0.978468
vt 0.039113 0.978577
vt 0.042255 0.950168
vt 0.037346 0.949307
vt 0.037811 0.944075
vt 0.042743 0.944666
vt 0.052687 0.926455
vt 0.047931 0.924911
vt 0.048924 0.920623
vt 0.053730 0.921947
vt 0.023308 0.896652
vt 0.018302 0.896610
vt 0.018150 0.892817
vt 0.023148 0.892663
vt 0.023140 0.895812
vt 0.018146 0.895563
vt 0.018371 0.891773
vt 0.023376 0.891827
vt 0.006605 1.090800
vt 0.011478 1.089751
vt 0.012227 1.094088
vt 0.007392 1.095361
vt -0.001567 1.060370
vt 0.003379 1.059908
vt 0.003706 1.065150
vt -0.001223 1.065882
vt -0.003994 1.019213
vt 0.000965 1.019198
vt 0.001027 1.025050
vt -0.003928 1.025366
vt -0.003444 0.974563
vt 0.001504 0.974974
vt 0.001330 0.980824
vt -0.003627 0.980715
vt 0.000507 0.934109
vt 0.005415 0.934969
vt 0.004951 0.940201
vt 0.000019 0.939610
vt 0.012770 0.905210
vt 0.017525 0.906754
vt 0.016532 0.911042
vt 0.011726 0.909718
vt -0.021312 0.891402
vt -0.016306 0.891443
vt -0.016154 0.895236
vt -0.021152 0.895390
vt 0.107628 1.026413
vt 0.105090 1.030672
vt 0.102358 1.028943
vt 0.104416 1.024381
vt 0.086607 1.051870
vt 0.082514 1.054438
vt 0.080908 1.051035
vt 0.084719 1.047870
vt 0.073251 1.042350
vt 0.068729 1.043570
vt 0.067950 1.039154
vt 0.072335 1.037159
vt 0.067830 1.018601
vt 0.063221 1.018620
vt 0.063068 1.013641
vt 0.067649 1.012748
vt 0.068245 0.990967
vt 0.063719 0.989824
vt 0.064144 0.984861
vt 0.068745 0.985132
vt 0.074759 0.967998
vt 0.070525 0.965700
vt 0.071611 0.961350
vt 0.076037 0.962883
vt 0.089709 0.962302
vt 0.086292 0.958716
vt 0.088282 0.955522
vt 0.092049 0.958548
vt 0.107218 0.998787
vt 0.106196 0.993887
vt 0.109237 0.992790
vt 0.110793 0.997497
vt 0.086529 1.060540
vt 0.089067 1.056281
vt 0.091799 1.058010
vt 0.089740 1.062572
vt 0.054227 1.072555
vt 0.058320 1.069987
vt 0.059926 1.073390
vt 0.056115 1.076555
vt 0.038060 1.051808
vt 0.042582 1.050588
vt 0.043362 1.055004
vt 0.038976 1.056999
vt 0.032343 1.017170
vt 0.036952 1.017150
vt 0.037105 1.022129
vt 0.032523 1.023023
vt 0.033732 0.978788
vt 0.038258 0.979931
vt 0.037833 0.984894
vt 0.033233 0.984623
vt 0.042872 0.945870
vt 0.047107 0.948167
vt 0.046020 0.952518
vt 0.041594 0.950984
vt 0.064634 0.930486
vt 0.068051 0.934073
vt 0.066060 0.937266
vt 0.062293 0.934240
vt 0.101152 0.958324
vt 0.102175 0.963224
vt 0.099133 0.964321
vt 0.097577 0.959614
vt 0.110896 1.007025
vt 0.109046 1.011552
vt 0.106906 1.010574
vt 0.107949 1.005679
vt 0.103590 1.025165
vt 0.100321 1.028382
vt 0.098782 1.026095
vt 0.101472 1.022018
vt 0.095095 1.025187
vt 0.091192 1.026816
vt 0.090355 1.023648
vt 0.093942 1.020827
vt 0.090518 1.013726
vt 0.086467 1.013697
vt 0.086295 1.010079
vt 0.090281 1.008747
vt 0.090696 0.998826
vt 0.086835 0.997165
vt 0.087309 0.993574
vt 0.091348 0.993883
vt 0.095514 0.988341
vt 0.092216 0.985187
vt 0.093355 0.982115
vt 0.097083 0.984113
vt 0.103417 0.990713
vt 0.101253 0.986335
vt 0.103062 0.984256
vt 0.105908 0.987852
vt 0.107531 1.011067
vt 0.107256 1.006070
vt 0.109522 1.005435
vt 0.110649 1.010193
vt 0.098493 1.037042
vt 0.100342 1.032515
vt 0.102483 1.033493
vt 0.101439 1.038388
vt 0.082071 1.046426
vt 0.085340 1.043210
vt 0.086878 1.045497
vt 0.084189 1.049573
vt 0.069583 1.035825
vt 0.073486 1.034196
vt 0.074323 1.037364
vt 0.070736 1.040184
vt 0.064166 1.013184
vt 0.068216 1.013213
vt 0.068389 1.016831
vt 0.064403 1.018163
vt 0.065695 0.987280
vt 0.069556 0.988940
vt 0.069082 0.992531
vt 0.065043 0.992222
vt 0.074285 0.966833
vt 0.077584 0.969987
vt 0.076444 0.973059
vt 0.072717 0.971061
vt 0.089678 0.961230
vt 0.091842 0.965608
vt 0.090033 0.967687
vt 0.087187 0.964091
vt 0.106152 0.977745
vt 0.106427 0.982743
vt 0.104161 0.983378
vt 0.103033 0.978620
vt 0.110585 1.000813
vt 0.109010 1.005373
vt 0.107860 1.004910
vt 0.108397 0.999934
vt 0.109618 1.008959
vt 0.106905 1.012350
vt 0.106005 1.011200
vt 0.107907 1.006772
vt 0.106985 1.011546
vt 0.103635 1.013295
vt 0.103105 1.011647
vt 0.105978 1.008410
vt 0.105023 1.009256
vt 0.101521 1.009146
vt 0.101408 1.007243
vt 0.104808 1.005637
vt 0.104829 1.005230
vt 0.101613 1.003281
vt 0.101922 1.001401
vt 0.105417 1.001653
vt 0.106262 1.003227
vt 0.103760 0.999695
vt 0.104467 0.998114
vt 0.107606 1.000220
vt 0.107946 1.006113
vt 0.106585 1.001490
vt 0.107615 1.000455
vt 0.109905 1.004145
vt 0.107513 1.013817
vt 0.107612 1.008812
vt 0.108811 1.008500
vt 0.109794 1.013222
vt 0.103381 1.021984
vt 0.104956 1.017425
vt 0.106106 1.017887
vt 0.105569 1.022864
vt 0.096872 1.024806
vt 0.099585 1.021415
vt 0.100485 1.022565
vt 0.098583 1.026994
vt 0.091065 1.019866
vt 0.094415 1.018116
vt 0.094945 1.019765
vt 0.092072 1.023002
vt 0.088245 1.009043
vt 0.091748 1.009153
vt 0.091861 1.011055
vt 0.088460 1.012661
vt 0.089295 0.996554
vt 0.092511 0.998503
vt 0.092202 1.000383
vt 0.088707 1.000130
vt 0.094035 0.987202
vt 0.096536 0.990733
vt 0.095830 0.992315
vt 0.092691 0.990209
vt 0.101094 0.984925
vt 0.102456 0.989549
vt 0.101426 0.990584
vt 0.099135 0.986894
vt 0.107616 0.990714
vt 0.107518 0.995718
vt 0.106318 0.996031
vt 0.105335 0.991309
vt 0.109368 1.001612
vt 0.107896 1.006163
vt 0.108210 1.001167
vt 0.110170 1.003489
vt 0.107726 1.006897
vt 0.109235 1.002359
vt 0.110436 1.005237
vt 0.107399 1.006987
vt 0.109864 1.003597
vt 0.110345 1.006635
vt 0.107176 1.006464
vt 0.110220 1.004732
vt 0.110046 1.007796
vt 0.107218 1.005731
vt 0.110385 1.005920
vt 0.109557 1.008964
vt 0.107495 1.005315
vt 0.110312 1.007399
vt 0.108780 1.010235
vt 0.107803 1.005554
vt 0.109839 1.009221
vt 0.107616 1.011383
vt 0.107883 1.006384
vt 0.108818 1.011075
vt 0.106112 1.011901
vt 0.107584 1.007350
vt 0.107270 1.012346
vt 0.104535 1.011281
vt 0.106980 1.007873
vt 0.105471 1.012411
vt 0.103301 1.009354
vt 0.106337 1.007604
vt 0.103872 1.010995
vt 0.102792 1.006461
vt 0.105960 1.006632
vt 0.102916 1.008363
vt 0.103201 1.003360
vt 0.106028 1.005426
vt 0.102861 1.005237
vt 0.104448 1.000931
vt 0.106510 1.004580
vt 0.103693 1.002496
vt 0.106198 0.999817
vt 0.107175 1.004499
vt 0.105139 1.000832
vt 0.107978 1.000170
vt 0.107711 1.005168
vt 0.106776 1.000478
usemtl Surface_4
f 4/4 2/2 1/1
usemtl Surface_4
f 3/3 2/2 4/4
usemtl Surface_0
f 8/8 6/6 5/5
usemtl Surface_0
f 7/7 6/6 8/8
usemtl Surface_4
f 12/12 10/10 9/9
usemtl Surface_4
f 11/11 10/10 12/12
usemtl Surface_0
f 16/16 14/14 13/13
usemtl Surface_0
f 15/15 14/14 16/16
usemtl Surface_4
f 20/20 18/18 17/17
usemtl Surface_4
f 19/19 18/18 20/20
usemtl Surface_0
f 24/24 22/22 21/21
usemtl Surface_0
f 23/23 22/22 24/24
usemtl Surface_4
f 28/28 26/26 25/25
usemtl Surface_4
f 27/27 26/26 28/28
usemtl Surface_0
f 32/32 30/30 29/29
usemtl Surface_0
f 31/31 30/30 32/32
usemtl Surface_4
f 36/36 34/34 33/33
usemtl Surface_4
f 35/35 34/34 36/36
usemtl Surface_0
f 40/40 38/38 37/37
usemtl Surface_0
f 39/39 38/38 40/40
usemtl Surface_4
f 44/44 42/42 41/41
usemtl Surface_4
f 43/43 42/42 44/44
usemtl Surface_0
f 48/48 46/46 45/45
usemtl Surface_0
f 47/47 46/46 48/48
usemtl Surface_4
f 52/52 50/50 49/49
usemtl Surface_4
f 51/51 50/50 52/52
usemtl Surface_0
f 56/56 54/54 53/53
usemtl Surface_0
f 55/55 54/54 56/56
usemtl Surface_4
f 60/60 58/58 57/57
usemtl Surface_4
f 59/59 58/58 60/60
usemtl Surface_0
f 64/64 62/62 61/61
usemtl Surface_0
f 63/63 62/62 64/64
usemtl Surface_4
f 68/68 66/66 65/65
usemtl Surface_4
f 67/67 66/66 68/68
usemtl Surface_0
f 72/72 70/70 69/69
usemtl Surface_0
f 71/71 70/70 72/72
usemtl Surface_4
f 76/76 74/74 73/73
usemtl Surface_4
f 75/75 74/74 76/76
usemtl Surface_0
f 80/80 78/78 77/77
usemtl Surface_0
f 79/79 78/78 80/80
usemtl Surface_4
f 84/84 82/82 81/81
usemtl Surface_4
f 83/83 82/82 84/84
usemtl Surface_0
f 88/88 86/86 85/85
usemtl Surface_0
f 87/87 86/86 88/88
usemtl Surface_4
f 92/92 90/90 89/89
usemtl Surface_4
f 91/91 90/90 92/92
usemtl Surface_0
f 96/96 94/94 93/93
usemtl Surface_0
f 95/95 94/94 96/96
usemtl Surface_4
f 100/100 98/98 97/97
usemtl Surface_4
f 99/99 98/98 100/100
usemtl Surface_0
f 104/104 102/102 101/101
usemtl Surface_0
f 103/103 102/102 104/104
usemtl Surface_4
f 108/108 106/106 105/105
usemtl Surface_4
f 107/107 106/106 108/108
usemtl Surface_0
f 112/112 110/110 109/109
usemtl Surface_0
f 111/111 110/110 112/112
usemtl Surface_4
f 116/116 114/114 113/113
usemtl Surface_4
f 115/115 114/114 116/116
usemtl Surface_0
f 120/120 118/118 117/117
usemtl Surface_0
f 119/119 118/118 120/120
usemtl Surface_4
f 124/124 122/122 121/121
usemtl Surface_4
f 123/123 122/122 124/124
usemtl Surface_0
f 128/128 126/126 125/125
usemtl Surface_0
f 127/127 126/126 128/128
usemtl Surface_4
f 132/132 130/130 129/129
usemtl Surface_4
f 131/131 130/130 132/132
usemtl Surface_0
f 136/136 134/134 133/133
usemtl Surface_0
f 135/135 134/134 136/136
usemtl Surface_4
f 140/140 138/138 137/137
usemtl Surface_4
f 139/139 138/138 140/140
usemtl Surface_0
f 144/144 142/142 141/141
usemtl Surface_0
f 143/143 142/142 144/144
usemtl Surface_4
f 148/148 146/146 145/145
usemtl Surface_4
f 147/147 146/146 148/148
usemtl Surface_0
f 152/152 150/150 149/149
usemtl Surface_0
f 151/151 150/150 152/152
usemtl Surface_4
f 156/156 154/154 153/153
usemtl Surface_4
f 155/155 154/154 156/156
usemtl Surface_0
f 160/160 158/158 157/157
usemtl Surface_0
f 159/159 158/158 160/160
usemtl Surface_4
f 164/164 162/162 161/161
usemtl Surface_4
f 163/163 162/162 164/164
usemtl Surface_0
f 168/168 166/166 165/165
usemtl Surface_0
f 167/167 166/166 168/168
usemtl Surface_4
f 172/172 170/170 169/169
usemtl Surface_4
f 171/171 170/170 172/172
usemtl Surface_0
f 176/176 174/174 173/173
usemtl Surface_0
f 175/175 174/174 176/176
usemtl Surface_4
f 180/180 178/178 177/177
usemtl Surface_4
f 179/179 178/178 180/180
usemtl Surface_0
f 184/184 182/182 181/181
usemtl Surface_0
f 183/183 182/182 184/184
usemtl Surface_4
f 188/188 186/186 185/185
usemtl Surface_4
f 187/187 186/186 188/188
usemtl Surface_0
f 192/192 190/190 189/189
usemtl Surface_0
f 191/191 190/190 192/192
usemtl Surface_0
f 196/196 194/194 193/193
usemtl Surface_0
f 195/195 194/194 196/196
usemtl Surface_0
f 200/200 198/198 197/197
usemtl Surface_0
f 199/199 198/198 200/200
usemtl Surface_0
f 204/204 202/202 201/201
usemtl Surface_0
f 203/203 202/202 204/204
usemtl Surface_0
f 208/208 206/206 205/205
usemtl Surface_0
f 207/207 206/206 208/208
usemtl Surface_0
f 212/212 210/210 209/209
usemtl Surface_0
f 211/211 210/210 212/212
usemtl Surface_0
f 216/216 214/214 213/213
usemtl Surface_0
f 215/215 214/214 216/216
usemtl Surface_0
f 220/220 218/218 217/217
usemtl Surface_0
f 219/219 218/218 220/220
usemtl Surface_0
f 224/224 222/222 221/221
usemtl Surface_0
f 223/223 222/222 224/224
usemtl Surface_0
f 228/228 226/226 225/225
usemtl Surface_0
f 227/227 226/226 228/228
usemtl Surface_0
f 232/232 230/230 229/229
usemtl Surface_0
f 231/231 230/230 232/232
usemtl Surface_0
f 236/236 234/234 233/233
usemtl Surface_0
f 235/235 234/234 236/236
usemtl Surface_0
f 240/240 238/238 237/237
usemtl Surface_0
f 239/239 238/238 240/240
usemtl Surface_0
f 244/244 242/242 241/241
usemtl Surface_0
f 243/243 242/242 244/244
usemtl Surface_0
f 248/248 246/246 245/245
usemtl Surface_0
f 247/247 246/246 248/248
usemtl Surface_0
f 252/252 250/250 249/249
usemtl Surface_0
f 251/251 250/250 252/252
usemtl Surface_0
f 256/256 254/254 253/253
usemtl Surface_0
f 255/255 254/254 256/256
usemtl Surface_0
f 260/260 258/258 257/257
usemtl Surface_0
f 259/259 258/258 260/260
usemtl Surface_0
f 264/264 262/262 261/261
usemtl Surface_0
f 263/263 262/262 264/264
usemtl Surface_0
f 268/268 266/266 265/265
usemtl Surface_0
f 267/267 266/266 268/268
usemtl Surface_0
f 272/272 270/270 269/269
usemtl Surface_0
f 271/271 270/270 272/272
usemtl Surface_0
f 276/276 274/274 273/273
usemtl Surface_0
f 275/275 274/274 276/276
usemtl Surface_0
f 280/280 278/278 277/277
usemtl Surface_0
f 279/279 278/278 280/280
usemtl Surface_0
f 284/284 282/282 281/281
usemtl Surface_0
f 283/283 282/282 284/284
usemtl Surface_0
f 288/288 286/286 285/285
usemtl Surface_0
f 287/287 286/286 288/288
usemtl Surface_0
f 292/292 290/290 289/289
usemtl Surface_0
f 291/291 290/290 292/292
usemtl Surface_0
f 296/296 294/294 293/293
usemtl Surface_0
f 295/295 294/294 296/296
usemtl Surface_0
f 300/300 298/298 297/297
usemtl Surface_0
f 299/299 298/298 300/300
usemtl Surface_0
f 304/304 302/302 301/301
usemtl Surface_0
f 303/303 302/302 304/304
usemtl Surface_0
f 308/308 306/306 305/305
usemtl Surface_0
f 307/307 306/306 308/308
usemtl Surface_0
f 312/312 310/310 309/309
usemtl Surface_0
f 311/311 310/310 312/312
usemtl Surface_0
f 316/316 314/314 313/313
usemtl Surface_0
f 315/315 314/314 316/316
usemtl Surface_0
f 320/320 318/318 317/317
usemtl Surface_0
f 319/319 318/318 320/320
usemtl Surface_0
f 324/324 322/322 321/321
usemtl Surface_0
f 323/323 322/322 324/324
usemtl Surface_0
f 328/328 326/326 325/325
usemtl Surface_0
f 327/327 326/326 328/328
usemtl Surface_0
f 332/332 330/330 329/329
usemtl Surface_0
f 331/331 330/330 332/332
usemtl Surface_0
f 336/336 334/334 333/333
usemtl Surface_0
f 335/335 334/334 336/336
usemtl Surface_0
f 340/340 338/338 337/337
usemtl Surface_0
f 339/339 338/338 340/340
usemtl Surface_0
f 344/344 342/342 341/341
usemtl Surface_0
f 343/343 342/342 344/344
usemtl Surface_0
f 348/348 346/346 345/345
usemtl Surface_0
f 347/347 346/346 348/348
usemtl Surface_0
f 352/352 350/350 349/349
usemtl Surface_0
f 351/351 350/350 352/352
usemtl Surface_0
f 356/356 354/354 353/353
usemtl Surface_0
f 355/355 354/354 356/356
usemtl Surface_0
f 360/360 358/358 357/357
usemtl Surface_0
f 359/359 358/358 360/360
usemtl Surface_0
f 364/364 362/362 361/361
usemtl Surface_0
f 363/363 362/362 364/364
usemtl Surface_0
f 368/368 366/366 365/365
usemtl Surface_0
f 367/367 366/366 368/368
usemtl Surface_0
f 372/372 370/370 369/369
usemtl Surface_0
f 371/371 370/370 372/372
usemtl Surface_0
f 376/376 374/374 373/373
usemtl Surface_0
f 375/375 374/374 376/376
usemtl Surface_0
f 380/380 378/378 377/377
usemtl Surface_0
f 379/379 378/378 380/380
usemtl Surface_0
f 384/384 382/382 381/381
usemtl Surface_0
f 383/383 382/382 384/384
usemtl Surface_0
f 388/388 386/386 385/385
usemtl Surface_0
f 387/387 386/386 388/388
usemtl Surface_0
f 392/392 390/390 389/389
usemtl Surface_0
f 391/391 390/390 392/392
usemtl Surface_0
f 396/396 394/394 393/393
usemtl Surface_0
f 395/395 394/394 396/396
usemtl Surface_0
f 400/400 398/398 397/397
usemtl Surface_0
f 399/399 398/398 400/400
usemtl Surface_0
f 404/404 402/402 401/401
usemtl Surface_0
f 403/403 402/402 404/404
usemtl Surface_0
f 408/408 406/406 405/405
usemtl Surface_0
f 407/407 406/406 408/408
usemtl Surface_0
f 412/412 410/410 409/409
usemtl Surface_0
f 411/411 410/410 412/412
usemtl Surface_0
f 416/416 414/414 413/413
usemtl Surface_0
f 415/415 414/414 416/416
usemtl Surface_0
f 420/420 418/418 417/417
usemtl Surface_0
f 419/419 418/418 420/420
usemtl Surface_0
f 424/424 422/422 421/421
usemtl Surface_0
f 423/423 422/422 424/424
usemtl Surface_0
f 428/428 426/426 425/425
usemtl Surface_0
f 427/427 426/426 428/428
usemtl Surface_0
f 432/432 430/430 429/429
usemtl Surface_0
f 431/431 430/430 432/432
usemtl Surface_0
f 436/436 434/434 433/433
usemtl Surface_0
f 435/435 434/434 436/436
usemtl Surface_0
f 440/440 438/438 437/437
usemtl Surface_0
f 439/439 438/438 440/440
usemtl Surface_0
f 444/444 442/442 441/441
usemtl Surface_0
f 443/443 442/442 444/444
usemtl Surface_0
f 448/448 446/446 445/445
usemtl Surface_0
f 447/447 446/446 448/448
usemtl Surface_0
f 452/452 450/450 449/449
usemtl Surface_0
f 451/451 450/450 452/452
usemtl Surface_0
f 456/456 454/454 453/453
usemtl Surface_0
f 455/455 454/454 456/456
usemtl Surface_0
f 460/460 458/458 457/457
usemtl Surface_0
f 459/459 458/458 460/460
usemtl Surface_0
f 464/464 462/462 461/461
usemtl Surface_0
f 463/463 462/462 464/464
usemtl Surface_0
f 468/468 466/466 465/465
usemtl Surface_0
f 467/467 466/466 468/468
usemtl Surface_0
f 472/472 470/470 469/469
usemtl Surface_0
f 471/471 470/470 472/472
usemtl Surface_0
f 476/476 474/474 473/473
usemtl Surface_0
f 475/475 474/474 476/476
usemtl Surface_0
f 480/480 478/478 477/477
usemtl Surface_0
f 479/479 478/478 480/480
usemtl Surface_0
f 484/484 482/482 481/481
usemtl Surface_0
f 483/483 482/482 484/484
usemtl Surface_0
f 488/488 486/486 485/485
usemtl Surface_0
f 487/487 486/486 488/488
usemtl Surface_0
f 492/492 490/490 489/489
usemtl Surface_0
f 491/491 490/490 492/492
usemtl Surface_0
f 496/496 494/494 493/493
usemtl Surface_0
f 495/495 494/494 496/496
usemtl Surface_0
f 500/500 498/498 497/497
usemtl Surface_0
f 499/499 498/498 500/500
usemtl Surface_0
f 504/504 502/502 501/501
usemtl Surface_0
f 503/503 502/502 504/504
usemtl Surface_0
f 508/508 506/506 505/505
usemtl Surface_0
f 507/507 506/506 508/508
usemtl Surface_0
f 512/512 510/510 509/509
usemtl Surface_0
f 511/511 510/510 512/512
usemtl Surface_0
f 516/516 514/514 513/513
usemtl Surface_0
f 515/515 514/514 516/516
usemtl Surface_0
f 520/520 518/518 517/517
usemtl Surface_0
f 519/519 518/518 520/520
usemtl Surface_0
f 524/524 522/522 521/521
usemtl Surface_0
f 523/523 522/522 524/524
usemtl Surface_0
f 528/528 526/526 525/525
usemtl Surface_0
f 527/527 526/526 528/528
usemtl Surface_0
f 532/532 530/530 529/529
usemtl Surface_0
f 531/531 530/530 532/532
usemtl Surface_0
f 536/536 534/534 533/533
usemtl Surface_0
f 535/535 534/534 536/536
usemtl Surface_0
f 540/540 538/538 537/537
usemtl Surface_0
f 539/539 538/538 540/540
usemtl Surface_0
f 544/544 542/542 541/541
usemtl Surface_0
f 543/543 542/542 544/544
usemtl Surface_0
f 548/548 546/546 545/545
usemtl Surface_0
f 547/547 546/546 548/548
usemtl Surface_0
f 552/552 550/550 549/549
usemtl Surface_0
f 551/551 550/550 552/552
usemtl Surface_0
f 556/556 554/554 553/553
usemtl Surface_0
f 555/555 554/554 556/556
usemtl Surface_0
f 560/560 558/558 557/557
usemtl Surface_0
f 559/559 558/558 560/560
usemtl Surface_0
f 564/564 562/562 561/561
usemtl Surface_0
f 563/563 562/562 564/564
usemtl Surface_0
f 568/568 566/566 565/565
usemtl Surface_0
f 567/567 566/566 568/568
usemtl Surface_0
f 572/572 570/570 569/569
usemtl Surface_0
f 571/571 570/570 572/572
usemtl Surface_0
f 576/576 574/574 573/573
usemtl Surface_0
f 575/575 574/574 576/576
usemtl Surface_4
f 580/580 578/578 577/577
usemtl Surface_4
f 579/579 578/578 580/580
usemtl Surface_0
f 584/584 582/582 581/581
usemtl Surface_0
f 583/583 582/582 584/584
usemtl Surface_4
f 588/588 586/586 585/585
usemtl Surface_4
f 587/587 586/586 588/588
usemtl Surface_0
f 592/592 590/590 589/589
usemtl Surface_0
f 591/591 590/590 592/592
usemtl Surface_4
f 596/596 594/594 593/593
usemtl Surface_4
f 595/595 594/594 596/596
usemtl Surface_0
f 600/600 598/598 597/597
usemtl Surface_0
f 599/599 598/598 600/600
usemtl Surface_4
f 604/604 602/602 601/601
usemtl Surface_4
f 603/603 602/602 604/604
usemtl Surface_0
f 608/608 606/606 605/605
usemtl Surface_0
f 607/607 606/606 608/608
usemtl Surface_4
f 612/612 610/610 609/609
usemtl Surface_4
f 611/611 610/610 612/612
usemtl Surface_0
f 616/616 614/614 613/613
usemtl Surface_0
f 615/615 614/614 616/616
usemtl Surface_4
f 620/620 618/618 617/617
usemtl Surface_4
f 619/619 618/618 620/620
usemtl Surface_0
f 624/624 622/622 621/621
usemtl Surface_0
f 623/623 622/622 624/624
usemtl Surface_4
f 628/628 626/626 625/625
usemtl Surface_4
f 627/627 626/626 628/628
usemtl Surface_0
f 632/632 630/630 629/629
usemtl Surface_0
f 631/631 630/630 632/632
usemtl Surface_4
f 636/636 634/634 633/633
usemtl Surface_4
f 635/635 634/634 636/636
usemtl Surface_0
f 640/640 638/638 637/637
usemtl Surface_0
f 639/639 638/638 640/640
usemtl Surface_4
f 644/644 642/642 641/641
usemtl Surface_4
f 643/643 642/642 644/644
usemtl Surface_0
f 648/648 646/646 645/645
usemtl Surface_0
f 647/647 646/646 648/648
usemtl Surface_4
f 652/652 650/650 649/649
usemtl Surface_4
f 651/651 650/650 652/652
usemtl Surface_0
f 656/656 654/654 653/653
usemtl Surface_0
f 655/655 654/654 656/656
usemtl Surface_4
f 660/660 658/658 657/657
usemtl Surface_4
f 659/659 658/658 660/660
usemtl Surface_0
f 664/664 662/662 661/661
usemtl Surface_0
f 663/663 662/662 664/664
usemtl Surface_4
f 668/668 666/666 665/665
usemtl Surface_4
f 667/667 666/666 668/668
usemtl Surface_0
f 672/672 670/670 669/669
usemtl Surface_0
f 671/671 670/670 672/672
usemtl Surface_4
f 676/676 674/674 673/673
usemtl Surface_4
f 675/675 674/674 676/676
usemtl Surface_0
f 680/680 678/678 677/677
usemtl Surface_0
f 679/679 678/678 680/680
usemtl Surface_4
f 684/684 682/682 681/681
usemtl Surface_4
f 683/683 682/682 684/684
usemtl Surface_0
f 688/688 686/686 685/685
usemtl Surface_0
f 687/687 686/686 688/688
usemtl Surface_4
f 692/692 690/690 689/689
usemtl Surface_4
f 691/691 690/690 692/692
usemtl Surface_0
f 696/696 694/694 693/693
usemtl Surface_0
f 695/695 694/694 696/696
usemtl Surface_4
f 700/700 698/698 697/697
usemtl Surface_4
f 699/699 698/698 700/700
usemtl Surface_0
f 704/704 702/702 701/701
usemtl Surface_0
f 703/703 702/702 704/704
usemtl Surface_4
f 708/708 706/706 705/705
usemtl Surface_4
f 707/707 706/706 708/708
usemtl Surface_0
f 712/712 710/710 709/709
usemtl Surface_0
f 711/711 710/710 712/712
usemtl Surface_4
f 716/716 714/714 713/713
usemtl Surface_4
f 715/715 714/714 716/716
usemtl Surface_0
f 720/720 718/718 717/717
usemtl Surface_0
f 719/719 718/718 720/720
usemtl Surface_4
f 724/724 722/722 721/721
usemtl Surface_4
f 723/723 722/722 724/724
usemtl Surface_0
f 728/728 726/726 725/725
usemtl Surface_0
f 727/727 726/726 728/728
usemtl Surface_4
f 732/732 730/730 729/729
usemtl Surface_4
f 731/731 730/730 732/732
usemtl Surface_0
f 736/736 734/734 733/733
usemtl Surface_0
f 735/735 734/734 736/736
usemtl Surface_4
f 740/740 738/738 737/737
usemtl Surface_4
f 739/739 738/738 740/740
usemtl Surface_0
f 744/744 742/742 741/741
usemtl Surface_0
f 743/743 742/742 744/744
usemtl Surface_4
f 748/748 746/746 745/745
usemtl Surface_4
f 747/747 746/746 748/748
usemtl Surface_0
f 752/752 750/750 749/749
usemtl Surface_0
f 751/751 750/750 752/752
usemtl Surface_4
f 756/756 754/754 753/753
usemtl Surface_4
f 755/755 754/754 756/756
usemtl Surface_0
f 760/760 758/758 757/757
usemtl Surface_0
f 759/759 758/758 760/760
usemtl Surface_4
f 764/764 762/762 761/761
usemtl Surface_4
f 763/763 762/762 764/764
usemtl Surface_0
f 768/768 766/766 765/765
usemtl Surface_0
f 767/767 766/766 768/768
usemtl Surface_4
f 772/772 770/770 769/769
usemtl Surface_4
f 771/771 770/770 772/772
usemtl Surface_4
f 776/776 774/774 773/773
usemtl Surface_4
f 775/775 774/774 776/776
usemtl Surface_4
f 780/780 778/778 777/777
usemtl Surface_4
f 779/779 778/778 780/780
usemtl Surface_4
f 784/784 782/782 781/781
usemtl Surface_4
f 783/783 782/782 784/784
usemtl Surface_4
f 788/788 786/786 785/785
usemtl Surface_4
f 787/787 786/786 788/788
usemtl Surface_4
f 792/792 790/790 789/789
usemtl Surface_4
f 791/791 790/790 792/792
usemtl Surface_4
f 796/796 794/794 793/793
usemtl Surface_4
f 795/795 794/794 796/796
usemtl Surface_4
f 800/800 798/798 797/797
usemtl Surface_4
f 799/799 798/798 800/800
usemtl Surface_4
f 804/804 802/802 801/801
usemtl Surface_4
f 803/803 802/802 804/804
usemtl Surface_4
f 808/808 806/806 805/805
usemtl Surface_4
f 807/807 806/806 808/808
usemtl Surface_4
f 812/812 810/810 809/809
usemtl Surface_4
f 811/811 810/810 812/812
usemtl Surface_4
f 816/816 814/814 813/813
usemtl Surface_4
f 815/815 814/814 816/816
usemtl Surface_4
f 820/820 818/818 817/817
usemtl Surface_4
f 819/819 818/818 820/820
usemtl Surface_4
f 824/824 822/822 821/821
usemtl Surface_4
f 823/823 822/822 824/824
usemtl Surface_4
f 828/828 826/826 825/825
usemtl Surface_4
f 827/827 826/826 828/828
usemtl Surface_4
f 832/832 830/830 829/829
usemtl Surface_4
f 831/831 830/830 832/832
usemtl Surface_4
f 836/836 834/834 833/833
usemtl Surface_4
f 835/835 834/834 836/836
usemtl Surface_4
f 840/840 838/838 837/837
usemtl Surface_4
f 839/839 838/838 840/840
usemtl Surface_4
f 844/844 842/842 841/841
usemtl Surface_4
f 843/843 842/842 844/844
usemtl Surface_4
f 848/848 846/846 845/845
usemtl Surface_4
f 847/847 846/846 848/848
usemtl Surface_4
f 852/852 850/850 849/849
usemtl Surface_4
f 851/851 850/850 852/852
usemtl Surface_4
f 856/856 854/854 853/853
usemtl Surface_4
f 855/855 854/854 856/856
usemtl Surface_4
f 860/860 858/858 857/857
usemtl Surface_4
f 859/859 858/858 860/860
usemtl Surface_4
f 864/864 862/862 861/861
usemtl Surface_4
f 863/863 862/862 864/864
usemtl Surface_4
f 868/868 866/866 865/865
usemtl Surface_4
f 867/867 866/866 868/868
usemtl Surface_4
f 872/872 870/870 869/869
usemtl Surface_4
f 871/871 870/870 872/872
usemtl Surface_4
f 876/876 874/874 873/873
usemtl Surface_4
f 875/875 874/874 876/876
usemtl Surface_4
f 880/880 878/878 877/877
usemtl Surface_4
f 879/879 878/878 880/880
usemtl Surface_4
f 884/884 882/882 881/881
usemtl Surface_4
f 883/883 882/882 884/884
usemtl Surface_4
f 888/888 886/886 885/885
usemtl Surface_4
f 887/887 886/886 888/888
usemtl Surface_4
f 892/892 890/890 889/889
usemtl Surface_4
f 891/891 890/890 892/892
usemtl Surface_4
f 896/896 894/894 893/893
usemtl Surface_4
f 895/895 894/894 896/896
usemtl Surface_4
f 900/900 898/898 897/897
usemtl Surface_4
f 899/899 898/898 900/900
usemtl Surface_4
f 904/904 902/902 901/901
usemtl Surface_4
f 903/903 902/902 904/904
usemtl Surface_4
f 908/908 906/906 905/905
usemtl Surface_4
f 907/907 906/906 908/908
usemtl Surface_4
f 912/912 910/910 909/909
usemtl Surface_4
f 911/911 910/910 912/912
usemtl Surface_4
f 916/916 914/914 913/913
usemtl Surface_4
f 915/915 914/914 916/916
usemtl Surface_4
f 920/920 918/918 917/917
usemtl Surface_4
f 919/919 918/918 920/920
usemtl Surface_4
f 924/924 922/922 921/921
usemtl Surface_4
f 923/923 922/922 924/924
usemtl Surface_4
f 928/928 926/926 925/925
usemtl Surface_4
f 927/927 926/926 928/928
usemtl Surface_4
f 932/932 930/930 929/929
usemtl Surface_4
f 931/931 930/930 932/932
usemtl Surface_4
f 936/936 934/934 933/933
usemtl Surface_4
f 935/935 934/934 936/936
usemtl Surface_4
f 940/940 938/938 937/937
usemtl Surface_4
f 939/939 938/938 940/940
usemtl Surface_4
f 944/944 942/942 941/941
usemtl Surface_4
f 943/943 942/942 944/944
usemtl Surface_4
f 948/948 946/946 945/945
usemtl Surface_4
f 947/947 946/946 948/948
usemtl Surface_4
f 952/952 950/950 949/949
usemtl Surface_4
f 951/951 950/950 952/952
usemtl Surface_4
f 956/956 954/954 953/953
usemtl Surface_4
f 955/955 954/954 956/956
usemtl Surface_4
f 960/960 958/958 957/957
usemtl Surface_4
f 959/959 958/958 960/960
usemtl Surface_4
f 964/964 962/962 961/961
usemtl Surface_4
f 963/963 962/962 964/964
usemtl Surface_4
f 968/968 966/966 965/965
usemtl Surface_4
f 967/967 966/966 968/968
usemtl Surface_4
f 972/972 970/970 969/969
usemtl Surface_4
f 971/971 970/970 972/972
usemtl Surface_4
f 976/976 974/974 973/973
usemtl Surface_4
f 975/975 974/974 976/976
usemtl Surface_4
f 980/980 978/978 977/977
usemtl Surface_4
f 979/979 978/978 980/980
usemtl Surface_4
f 984/984 982/982 981/981
usemtl Surface_4
f 983/983 982/982 984/984
usemtl Surface_4
f 988/988 986/986 985/985
usemtl Surface_4
f 987/987 986/986 988/988
usemtl Surface_4
f 992/992 990/990 989/989
usemtl Surface_4
f 991/991 990/990 992/992
usemtl Surface_4
f 996/996 994/994 993/993
usemtl Surface_4
f 995/995 994/994 996/996
usemtl Surface_0
f 1000/1000 998/998 997/997
usemtl Surface_0
f 999/999 998/998 1000/1000
usemtl Surface_4
f 1004/1004 1002/1002 1001/1001
usemtl Surface_4
f 1003/1003 1002/1002 1004/1004
usemtl Surface_0
f 1008/1008 1006/1006 1005/1005
usemtl Surface_0
f 1007/1007 1006/1006 1008/1008
usemtl Surface_4
f 1012/1012 1010/1010 1009/1009
usemtl Surface_4
f 1011/1011 1010/1010 1012/1012
usemtl Surface_0
f 1016/1016 1014/1014 1013/1013
usemtl Surface_0
f 1015/1015 1014/1014 1016/1016
usemtl Surface_4
f 1020/1020 1018/1018 1017/1017
usemtl Surface_4
f 1019/1019 1018/1018 1020/1020
usemtl Surface_0
f 1024/1024 1022/1022 1021/1021
usemtl Surface_0
f 1023/1023 1022/1022 1024/1024
usemtl Surface_4
f 1028/1028 1026/1026 1025/1025
usemtl Surface_4
f 1027/1027 1026/1026 1028/1028
usemtl Surface_0
f 1032/1032 1030/1030 1029/1029
usemtl Surface_0
f 1031/1031 1030/1030 1032/1032
usemtl Surface_4
f 1036/1036 1034/1034 1033/1033
usemtl Surface_4
f 1035/1035 1034/1034 1036/1036
usemtl Surface_0
f 1040/1040 1038/1038 1037/1037
usemtl Surface_0
f 1039/1039 1038/1038 1040/1040
usemtl Surface_4
f 1044/1044 1042/1042 1041/1041
usemtl Surface_4
f 1043/1043 1042/1042 1044/1044
usemtl Surface_0
f 1048/1048 1046/1046 1045/1045
usemtl Surface_0
f 1047/1047 1046/1046 1048/1048
usemtl Surface_4
f 1052/1052 1050/1050 1049/1049
usemtl Surface_4
f 1051/1051 1050/1050 1052/1052
usemtl Surface_0
f 1056/1056 1054/1054 1053/1053
usemtl Surface_0
f 1055/1055 1054/1054 1056/1056
usemtl Surface_4
f 1060/1060 1058/1058 1057/1057
usemtl Surface_4
f 1059/1059 1058/1058 1060/1060
usemtl Surface_0
f 1064/1064 1062/1062 1061/1061
usemtl Surface_0
f 1063/1063 1062/1062 1064/1064
usemtl Surface_4
f 1068/1068 1066/1066 1065/1065
usemtl Surface_4
f 1067/1067 1066/1066 1068/1068
usemtl Surface_0
f 1072/1072 1070/1070 1069/1069
usemtl Surface_0
f 1071/1071 1070/1070 1072/1072
usemtl Surface_4
f 1076/1076 1074/1074 1073/1073
usemtl Surface_4
f 1075/1075 1074/1074 1076/1076
usemtl Surface_0
f 1080/1080 1078/1078 1077/1077
usemtl Surface_0
f 1079/1079 1078/1078 1080/1080
usemtl Surface_4
f 1084/1084 1082/1082 1081/1081
usemtl Surface_4
f 1083/1083 1082/1082 1084/1084
usemtl Surface_0
f 1088/1088 1086/1086 1085/1085
usemtl Surface_0
f 1087/1087 1086/1086 1088/1088
usemtl Surface_4
f 1092/1092 1090/1090 1089/1089
usemtl Surface_4
f 1091/1091 1090/1090 1092/1092
usemtl Surface_0
f 1096/1096 1094/1094 1093/1093
usemtl Surface_0
f 1095/1095 1094/1094 1096/1096
usemtl Surface_4
f 1100/1100 1098/1098 1097/1097
usemtl Surface_4
f 1099/1099 1098/1098 1100/1100
usemtl Surface_0
f 1104/1104 1102/1102 1101/1101
usemtl Surface_0
f 1103/1103 1102/1102 1104/1104
usemtl Surface_4
f 1108/1108 1106/1106 1105/1105
usemtl Surface_4
f 1107/1107 1106/1106 1108/1108
usemtl Surface_0
f 1112/1112 1110/1110 1109/1109
usemtl Surface_0
f 1111/1111 1110/1110 1112/1112
usemtl Surface_4
f 1116/1116 1114/1114 1113/1113
usemtl Surface_4
f 1115/1115 1114/1114 1116/1116
usemtl Surface_0
f 1120/1120 1118/1118 1117/1117
usemtl Surface_0
f 1119/1119 1118/1118 1120/1120
usemtl Surface_0
f 1124/1124 1122/1122 1121/1121
usemtl Surface_0
f 1123/1123 1122/1122 1124/1124
usemtl Surface_0
f 1128/1128 1126/1126 1125/1125
usemtl Surface_0
f 1127/1127 1126/1126 1128/1128
usemtl Surface_0
f 1132/1132 1130/1130 1129/1129
usemtl Surface_0
f 1131/1131 1130/1130 1132/1132
usemtl Surface_0
f 1136/1136 1134/1134 1133/1133
usemtl Surface_0
f 1135/1135 1134/1134 1136/1136
usemtl Surface_0
f 1140/1140 1138/1138 1137/1137
usemtl Surface_0
f 1139/1139 1138/1138 1140/1140
usemtl Surface_0
f 1144/1144 1142/1142 1141/1141
usemtl Surface_0
f 1143/1143 1142/1142 1144/1144
usemtl Surface_0
f 1148/1148 1146/1146 1145/1145
usemtl Surface_0
f 1147/1147 1146/1146 1148/1148
usemtl Surface_0
f 1152/1152 1150/1150 1149/1149
usemtl Surface_0
f 1151/1151 1150/1150 1152/1152
usemtl Surface_0
f 1156/1156 1154/1154 1153/1153
usemtl Surface_0
f 1155/1155 1154/1154 1156/1156
usemtl Surface_0
f 1160/1160 1158/1158 1157/1157
usemtl Surface_0
f 1159/1159 1158/1158 1160/1160
usemtl Surface_0
f 1164/1164 1162/1162 1161/1161
usemtl Surface_0
f 1163/1163 1162/1162 1164/1164
usemtl Surface_0
f 1168/1168 1166/1166 1165/1165
usemtl Surface_0
f 1167/1167 1166/1166 1168/1168
usemtl Surface_0
f 1172/1172 1170/1170 1169/1169
usemtl Surface_0
f 1171/1171 1170/1170 1172/1172
usemtl Surface_0
f 1176/1176 1174/1174 1173/1173
usemtl Surface_0
f 1175/1175 1174/1174 1176/1176
usemtl Surface_0
f 1180/1180 1178/1178 1177/1177
usemtl Surface_0
f 1179/1179 1178/1178 1180/1180
usemtl Surface_0
f 1184/1184 1182/1182 1181/1181
usemtl Surface_0
f 1183/1183 1182/1182 1184/1184
usemtl Surface_0
f 1188/1188 1186/1186 1185/1185
usemtl Surface_0
f 1187/1187 1186/1186 1188/1188
usemtl Surface_0
f 1192/1192 1190/1190 1189/1189
usemtl Surface_0
f 1191/1191 1190/1190 1192/1192
usemtl Surface_0
f 1196/1196 1194/1194 1193/1193
usemtl Surface_0
f 1195/1195 1194/1194 1196/1196
usemtl Surface_0
f 1200/1200 1198/1198 1197/1197
usemtl Surface_0
f 1199/1199 1198/1198 1200/1200
usemtl Surface_0
f 1204/1204 1202/1202 1201/1201
usemtl Surface_0
f 1203/1203 1202/1202 1204/1204
usemtl Surface_0
f 1208/1208 1206/1206 1205/1205
usemtl Surface_0
f 1207/1207 1206/1206 1208/1208
usemtl Surface_0
f 1212/1212 1210/1210 1209/1209
usemtl Surface_0
f 1211/1211 1210/1210 1212/1212
usemtl Surface_0
f 1216/1216 1214/1214 1213/1213
usemtl Surface_0
f 1215/1215 1214/1214 1216/1216
usemtl Surface_0
f 1220/1220 1218/1218 1217/1217
usemtl Surface_0
f 1219/1219 1218/1218 1220/1220
usemtl Surface_0
f 1224/1224 1222/1222 1221/1221
usemtl Surface_0
f 1223/1223 1222/1222 1224/1224
usemtl Surface_0
f 1228/1228 1226/1226 1225/1225
usemtl Surface_0
f 1227/1227 1226/1226 1228/1228
usemtl Surface_0
f 1232/1232 1230/1230 1229/1229
usemtl Surface_0
f 1231/1231 1230/1230 1232/1232
usemtl Surface_0
f 1236/1236 1234/1234 1233/1233
usemtl Surface_0
f 1235/1235 1234/1234 1236/1236
usemtl Surface_0
f 1240/1240 1238/1238 1237/1237
usemtl Surface_0
f 1239/1239 1238/1238 1240/1240
usemtl Surface_0
f 1244/1244 1242/1242 1241/1241
usemtl Surface_0
f 1243/1243 1242/1242 1244/1244
usemtl Surface_0
f 1248/1248 1246/1246 1245/1245
usemtl Surface_0
f 1247/1247 1246/1246 1248/1248
usemtl Surface_4
f 1252/1252 1250/1250 1249/1249
usemtl Surface_4
f 1251/1251 1250/1250 1252/1252
usemtl Surface_0
f 1256/1256 1254/1254 1253/1253
usemtl Surface_0
f 1255/1255 1254/1254 1256/1256
usemtl Surface_4
f 1260/1260 1258/1258 1257/1257
usemtl Surface_4
f 1259/1259 1258/1258 1260/1260
usemtl Surface_0
f 1264/1264 1262/1262 1261/1261
usemtl Surface_0
f 1263/1263 1262/1262 1264/1264
usemtl Surface_4
f 1268/1268 1266/1266 1265/1265
usemtl Surface_4
f 1267/1267 1266/1266 1268/1268
usemtl Surface_0
f 1272/1272 1270/1270 1269/1269
usemtl Surface_0
f 1271/1271 1270/1270 1272/1272
usemtl Surface_4
f 1276/1276 1274/1274 1273/1273
usemtl Surface_4
f 1275/1275 1274/1274 1276/1276
usemtl Surface_0
f 1280/1280 1278/1278 1277/1277
usemtl Surface_0
f 1279/1279 1278/1278 1280/1280
usemtl Surface_4
f 1284/1284 1282/1282 1281/1281
usemtl Surface_4
f 1283/1283 1282/1282 1284/1284
usemtl Surface_0
f 1288/1288 1286/1286 1285/1285
usemtl Surface_0
f 1287/1287 1286/1286 1288/1288
usemtl Surface_4
f 1292/1292 1290/1290 1289/1289
usemtl Surface_4
f 1291/1291 1290/1290 1292/1292
usemtl Surface_0
f 1296/1296 1294/1294 1293/1293
usemtl Surface_0
f 1295/1295 1294/1294 1296/1296
usemtl Surface_4
f 1300/1300 1298/1298 1297/1297
usemtl Surface_4
f 1299/1299 1298/1298 1300/1300
usemtl Surface_0
f 1304/1304 1302/1302 1301/1301
usemtl Surface_0
f 1303/1303 1302/1302 1304/1304
usemtl Surface_4
f 1308/1308 1306/1306 1305/1305
usemtl Surface_4
f 1307/1307 1306/1306 1308/1308
usemtl Surface_0
f 1312/1312 1310/1310 1309/1309
usemtl Surface_0
f 1311/1311 1310/1310 1312/1312
usemtl Surface_4
f 1316/1316 1314/1314 1313/1313
usemtl Surface_4
f 1315/1315 1314/1314 1316/1316
usemtl Surface_0
f 1320/1320 1318/1318 1317/1317
usemtl Surface_0
f 1319/1319 1318/1318 1320/1320
usemtl Surface_4
f 1324/1324 1322/1322 1321/1321
usemtl Surface_4
f 1323/1323 1322/1322 1324/1324
usemtl Surface_0
f 1328/1328 1326/1326 1325/1325
usemtl Surface_0
f 1327/1327 1326/1326 1328/1328
usemtl Surface_4
f 1332/1332 1330/1330 1329/1329
usemtl Surface_4
f 1331/1331 1330/1330 1332/1332
usemtl Surface_0
f 1336/1336 1334/1334 1333/1333
usemtl Surface_0
f 1335/1335 1334/1334 1336/1336
usemtl Surface_4
f 1340/1340 1338/1338 1337/1337
usemtl Surface_4
f 1339/1339 1338/1338 1340/1340
usemtl Surface_0
f 1344/1344 1342/1342 1341/1341
usemtl Surface_0
f 1343/1343 1342/1342 1344/1344
usemtl Surface_4
f 1348/1348 1346/1346 1345/1345
usemtl Surface_4
f 1347/1347 1346/1346 1348/1348
usemtl Surface_0
f 1352/1352 1350/1350 1349/1349
usemtl Surface_0
f 1351/1351 1350/1350 1352/1352
usemtl Surface_4
f 1356/1356 1354/1354 1353/1353
usemtl Surface_4
f 1355/1355 1354/1354 1356/1356
usemtl Surface_0
f 1360/1360 1358/1358 1357/1357
usemtl Surface_0
f 1359/1359 1358/1358 1360/1360
usemtl Surface_4
f 1364/1364 1362/1362 1361/1361
usemtl Surface_4
f 1363/1363 1362/1362 1364/1364
usemtl Surface_0
f 1368/1368 1366/1366 1365/1365
usemtl Surface_0
f 1367/1367 1366/1366 1368/1368
usemtl Surface_4
f 1372/1372 1370/1370 1369/1369
usemtl Surface_4
f 1371/1371 1370/1370 1372/1372
usemtl Surface_0
f 1376/1376 1374/1374 1373/1373
usemtl Surface_0
f 1375/1375 1374/1374 1376/1376
usemtl Surface_4
f 1380/1380 1378/1378 1377/1377
usemtl Surface_4
f 1379/1379 1378/1378 1380/1380
usemtl Surface_4
f 1384/1384 1382/1382 1381/1381
usemtl Surface_4
f 1383/1383 1382/1382 1384/1384
usemtl Surface_4
f 1388/1388 1386/1386 1385/1385
usemtl Surface_4
f 1387/1387 1386/1386 1388/1388
usemtl Surface_4
f 1392/1392 1390/1390 1389/1389
usemtl Surface_4
f 1391/1391 1390/1390 1392/1392
usemtl Surface_4
f 1396/1396 1394/1394 1393/1393
usemtl Surface_4
f 1395/1395 1394/1394 1396/1396
usemtl Surface_4
f 1400/1400 1398/1398 1397/1397
usemtl Surface_4
f 1399/1399 1398/1398 1400/1400
usemtl Surface_4
f 1404/1404 1402/1402 1401/1401
usemtl Surface_4
f 1403/1403 1402/1402 1404/1404
usemtl Surface_4
f 1408/1408 1406/1406 1405/1405
usemtl Surface_4
f 1407/1407 1406/1406 1408/1408
usemtl Surface_4
f 1412/1412 1410/1410 1409/1409
usemtl Surface_4
f 1411/1411 1410/1410 1412/1412
usemtl Surface_4
f 1416/1416 1414/1414 1413/1413
usemtl Surface_4
f 1415/1415 1414/1414 1416/1416
usemtl Surface_4
f 1420/1420 1418/1418 1417/1417
usemtl Surface_4
f 1419/1419 1418/1418 1420/1420
usemtl Surface_4
f 1424/1424 1422/1422 1421/1421
usemtl Surface_4
f 1423/1423 1422/1422 1424/1424
usemtl Surface_4
f 1428/1428 1426/1426 1425/1425
usemtl Surface_4
f 1427/1427 1426/1426 1428/1428
usemtl Surface_4
f 1432/1432 1430/1430 1429/1429
usemtl Surface_4
f 1431/1431 1430/1430 1432/1432
usemtl Surface_4
f 1436/1436 1434/1434 1433/1433
usemtl Surface_4
f 1435/1435 1434/1434 1436/1436
usemtl Surface_4
f 1440/1440 1438/1438 1437/1437
usemtl Surface_4
f 1439/1439 1438/1438 1440/1440
usemtl Surface_4
f 1444/1444 1442/1442 1441/1441
usemtl Surface_4
f 1443/1443 1442/1442 1444/1444
usemtl Surface_4
f 1448/1448 1446/1446 1445/1445
usemtl Surface_4
f 1447/1447 1446/1446 1448/1448
usemtl Surface_4
f 1452/1452 1450/1450 1449/1449
usemtl Surface_4
f 1451/1451 1450/1450 1452/1452
usemtl Surface_4
f 1456/1456 1454/1454 1453/1453
usemtl Surface_4
f 1455/1455 1454/1454 1456/1456
usemtl Surface_4
f 1460/1460 1458/1458 1457/1457
usemtl Surface_4
f 1459/1459 1458/1458 1460/1460
usemtl Surface_4
f 1464/1464 1462/1462 1461/1461
usemtl Surface_4
f 1463/1463 1462/1462 1464/1464
usemtl Surface_4
f 1468/1468 1466/1466 1465/1465
usemtl Surface_4
f 1467/1467 1466/1466 1468/1468
usemtl Surface_4
f 1472/1472 1470/1470 1469/1469
usemtl Surface_4
f 1471/1471 1470/1470 1472/1472
usemtl Surface_4
f 1476/1476 1474/1474 1473/1473
usemtl Surface_4
f 1475/1475 1474/1474 1476/1476
usemtl Surface_4
f 1480/1480 1478/1478 1477/1477
usemtl Surface_4
f 1479/1479 1478/1478 1480/1480
usemtl Surface_4
f 1484/1484 1482/1482 1481/1481
usemtl Surface_4
f 1483/1483 1482/1482 1484/1484
usemtl Surface_4
f 1488/1488 1486/1486 1485/1485
usemtl Surface_4
f 1487/1487 1486/1486 1488/1488
usemtl Surface_4
f 1492/1492 1490/1490 1489/1489
usemtl Surface_4
f 1491/1491 1490/1490 1492/1492
usemtl Surface_4
f 1496/1496 1494/1494 1493/1493
usemtl Surface_4
f 1495/1495 1494/1494 1496/1496
usemtl Surface_4
f 1500/1500 1498/1498 1497/1497
usemtl Surface_4
f 1499/1499 1498/1498 1500/1500
usemtl Surface_4
f 1504/1504 1502/1502 1501/1501
usemtl Surface_4
f 1503/1503 1502/1502 1504/1504
usemtl Surface_4
f 1508/1508 1506/1506 1505/1505
usemtl Surface_4
f 1507/1507 1506/1506 1508/1508
usemtl Surface_4
f 1512/1512 1510/1510 1509/1509
usemtl Surface_4
f 1511/1511 1510/1510 1512/1512
usemtl Surface_4
f 1516/1516 1514/1514 1513/1513
usemtl Surface_4
f 1515/1515 1514/1514 1516/1516
usemtl Surface_4
f 1520/1520 1518/1518 1517/1517
usemtl Surface_4
f 1519/1519 1518/1518 1520/1520
usemtl Surface_4
f 1524/1524 1522/1522 1521/1521
usemtl Surface_4
f 1523/1523 1522/1522 1524/1524
usemtl Surface_4
f 1528/1528 1526/1526 1525/1525
usemtl Surface_4
f 1527/1527 1526/1526 1528/1528
usemtl Surface_2
f 1532/1532 1530/1530 1529/1529
usemtl Surface_2
f 1531/1531 1530/1530 1532/1532
usemtl Surface_2
f 1536/1536 1534/1534 1533/1533
usemtl Surface_2
f 1535/1535 1534/1534 1536/1536
usemtl Surface_2
f 1540/1540 1538/1538 1537/1537
usemtl Surface_2
f 1539/1539 1538/1538 1540/1540
usemtl Surface_2
f 1544/1544 1542/1542 1541/1541
usemtl Surface_2
f 1543/1543 1542/1542 1544/1544
usemtl Surface_2
f 1548/1548 1546/1546 1545/1545
usemtl Surface_2
f 1547/1547 1546/1546 1548/1548
usemtl Surface_2
f 1552/1552 1550/1550 1549/1549
usemtl Surface_2
f 1551/1551 1550/1550 1552/1552
usemtl Surface_2
f 1556/1556 1554/1554 1553/1553
usemtl Surface_2
f 1555/1555 1554/1554 1556/1556
usemtl Surface_2
f 1560/1560 1558/1558 1557/1557
usemtl Surface_2
f 1559/1559 1558/1558 1560/1560
usemtl Surface_2
f 1564/1564 1562/1562 1561/1561
usemtl Surface_2
f 1563/1563 1562/1562 1564/1564
usemtl Surface_2
f 1568/1568 1566/1566 1565/1565
usemtl Surface_2
f 1567/1567 1566/1566 1568/1568
usemtl Surface_2
f 1572/1572 1570/1570 1569/1569
usemtl Surface_2
f 1571/1571 1570/1570 1572/1572
usemtl Surface_2
f 1576/1576 1574/1574 1573/1573
usemtl Surface_2
f 1575/1575 1574/1574 1576/1576
usemtl Surface_2
f 1580/1580 1578/1578 1577/1577
usemtl Surface_2
f 1579/1579 1578/1578 1580/1580
usemtl Surface_2
f 1584/1584 1582/1582 1581/1581
usemtl Surface_2
f 1583/1583 1582/1582 1584/1584
usemtl Surface_2
f 1588/1588 1586/1586 1585/1585
usemtl Surface_2
f 1587/1587 1586/1586 1588/1588
usemtl Surface_2
f 1592/1592 1590/1590 1589/1589
usemtl Surface_2
f 1591/1591 1590/1590 1592/1592
usemtl Surface_2
f 1596/1596 1594/1594 1593/1593
usemtl Surface_2
f 1595/1595 1594/1594 1596/1596
usemtl Surface_2
f 1600/1600 1598/1598 1597/1597
usemtl Surface_2
f 1599/1599 1598/1598 1600/1600
usemtl Surface_2
f 1604/1604 1602/1602 1601/1601
usemtl Surface_2
f 1603/1603 1602/1602 1604/1604
usemtl Surface_2
f 1608/1608 1606/1606 1605/1605
usemtl Surface_2
f 1607/1607 1606/1606 1608/1608
usemtl Surface_2
f 1612/1612 1610/1610 1609/1609
usemtl Surface_2
f 1611/1611 1610/1610 1612/1612
usemtl Surface_2
f 1616/1616 1614/1614 1613/1613
usemtl Surface_2
f 1615/1615 1614/1614 1616/1616
usemtl Surface_2
f 1620/1620 1618/1618 1617/1617
usemtl Surface_2
f 1619/1619 1618/1618 1620/1620
usemtl Surface_2
f 1624/1624 1622/1622 1621/1621
usemtl Surface_2
f 1623/1623 1622/1622 1624/1624
usemtl Surface_2
f 1628/1628 1626/1626 1625/1625
usemtl Surface_2
f 1627/1627 1626/1626 1628/1628
usemtl Surface_2
f 1632/1632 1630/1630 1629/1629
usemtl Surface_2
f 1631/1631 1630/1630 1632/1632
usemtl Surface_2
f 1636/1636 1634/1634 1633/1633
usemtl Surface_2
f 1635/1635 1634/1634 1636/1636
usemtl Surface_2
f 1640/1640 1638/1638 1637/1637
usemtl Surface_2
f 1639/1639 1638/1638 1640/1640
usemtl Surface_2
f 1644/1644 1642/1642 1641/1641
usemtl Surface_2
f 1643/1643 1642/1642 1644/1644
usemtl Surface_2
f 1648/1648 1646/1646 1645/1645
usemtl Surface_2
f 1647/1647 1646/1646 1648/1648
usemtl Surface_2
f 1652/1652 1650/1650 1649/1649
usemtl Surface_2
f 1651/1651 1650/1650 1652/1652
usemtl Surface_2
f 1656/1656 1654/1654 1653/1653
usemtl Surface_2
f 1655/1655 1654/1654 1656/1656
usemtl Surface_2
f 1660/1660 1658/1658 1657/1657
usemtl Surface_2
f 1659/1659 1658/1658 1660/1660
usemtl Surface_2
f 1664/1664 1662/1662 1661/1661
usemtl Surface_2
f 1663/1663 1662/1662 1664/1664
usemtl Surface_2
f 1668/1668 1666/1666 1665/1665
usemtl Surface_2
f 1667/1667 1666/1666 1668/1668
usemtl Surface_2
f 1672/1672 1670/1670 1669/1669
usemtl Surface_2
f 1671/1671 1670/1670 1672/1672
usemtl Surface_2
f 1676/1676 1674/1674 1673/1673
usemtl Surface_2
f 1675/1675 1674/1674 1676/1676
usemtl Surface_2
f 1680/1680 1678/1678 1677/1677
usemtl Surface_2
f 1679/1679 1678/1678 1680/1680
usemtl Surface_2
f 1684/1684 1682/1682 1681/1681
usemtl Surface_2
f 1683/1683 1682/1682 1684/1684
usemtl Surface_2
f 1688/1688 1686/1686 1685/1685
usemtl Surface_2
f 1687/1687 1686/1686 1688/1688
usemtl Surface_2
f 1692/1692 1690/1690 1689/1689
usemtl Surface_2
f 1691/1691 1690/1690 1692/1692
usemtl Surface_2
f 1696/1696 1694/1694 1693/1693
usemtl Surface_2
f 1695/1695 1694/1694 1696/1696
usemtl Surface_2
f 1700/1700 1698/1698 1697/1697
usemtl Surface_2
f 1699/1699 1698/1698 1700/1700
usemtl Surface_2
f 1704/1704 1702/1702 1701/1701
usemtl Surface_2
f 1703/1703 1702/1702 1704/1704
usemtl Surface_2
f 1708/1708 1706/1706 1705/1705
usemtl Surface_2
f 1707/1707 1706/1706 1708/1708
usemtl Surface_2
f 1712/1712 1710/1710 1709/1709
usemtl Surface_2
f 1711/1711 1710/1710 1712/1712
usemtl Surface_2
f 1716/1716 1714/1714 1713/1713
usemtl Surface_2
f 1715/1715 1714/1714 1716/1716
usemtl Surface_2
f 1720/1720 1718/1718 1717/1717
usemtl Surface_2
f 1719/1719 1718/1718 1720/1720
usemtl Surface_2
f 1724/1724 1722/1722 1721/1721
usemtl Surface_2
f 1723/1723 1722/1722 1724/1724
usemtl Surface_2
f 1728/1728 1726/1726 1725/1725
usemtl Surface_2
f 1727/1727 1726/1726 1728/1728
usemtl Surface_2
f 1732/1732 1730/1730 1729/1729
usemtl Surface_2
f 1731/1731 1730/1730 1732/1732
usemtl Surface_2
f 1736/1736 1734/1734 1733/1733
usemtl Surface_2
f 1735/1735 1734/1734 1736/1736
usemtl Surface_2
f 1740/1740 1738/1738 1737/1737
usemtl Surface_2
f 1739/1739 1738/1738 1740/1740
usemtl Surface_2
f 1744/1744 1742/1742 1741/1741
usemtl Surface_2
f 1743/1743 1742/1742 1744/1744
usemtl Surface_2
f 1748/1748 1746/1746 1745/1745
usemtl Surface_2
f 1747/1747 1746/1746 1748/1748
usemtl Surface_2
f 1752/1752 1750/1750 1749/1749
usemtl Surface_2
f 1751/1751 1750/1750 1752/1752
usemtl Surface_2
f 1756/1756 1754/1754 1753/1753
usemtl Surface_2
f 1755/1755 1754/1754 1756/1756
usemtl Surface_2
f 1760/1760 1758/1758 1757/1757
usemtl Surface_2
f 1759/1759 1758/1758 1760/1760
usemtl Surface_2
f 1764/1764 1762/1762 1761/1761
usemtl Surface_2
f 1763/1763 1762/1762 1764/1764
usemtl Surface_2
f 1768/1768 1766/1766 1765/1765
usemtl Surface_2
f 1767/1767 1766/1766 1768/1768
usemtl Surface_2
f 1772/1772 1770/1770 1769/1769
usemtl Surface_2
f 1771/1771 1770/1770 1772/1772
usemtl Surface_2
f 1776/1776 1774/1774 1773/1773
usemtl Surface_2
f 1775/1775 1774/1774 1776/1776
usemtl Surface_2
f 1780/1780 1778/1778 1777/1777
usemtl Surface_2
f 1779/1779 1778/1778 1780/1780
usemtl Surface_2
f 1784/1784 1782/1782 1781/1781
usemtl Surface_2
f 1783/1783 1782/1782 1784/1784
usemtl Surface_2
f 1788/1788 1786/1786 1785/1785
usemtl Surface_2
f 1787/1787 1786/1786 1788/1788
usemtl Surface_2
f 1792/1792 1790/1790 1789/1789
usemtl Surface_2
f 1791/1791 1790/1790 1792/1792
usemtl Surface_2
f 1796/1796 1794/1794 1793/1793
usemtl Surface_2
f 1795/1795 1794/1794 1796/1796
usemtl Surface_2
f 1800/1800 1798/1798 1797/1797
usemtl Surface_2
f 1799/1799 1798/1798 1800/1800
usemtl Surface_2
f 1804/1804 1802/1802 1801/1801
usemtl Surface_2
f 1803/1803 1802/1802 1804/1804
usemtl Surface_2
f 1808/1808 1806/1806 1805/1805
usemtl Surface_2
f 1807/1807 1806/1806 1808/1808
usemtl Surface_2
f 1812/1812 1810/1810 1809/1809
usemtl Surface_2
f 1811/1811 1810/1810 1812/1812
usemtl Surface_2
f 1816/1816 1814/1814 1813/1813
usemtl Surface_2
f 1815/1815 1814/1814 1816/1816
usemtl Surface_2
f 1820/1820 1818/1818 1817/1817
usemtl Surface_2
f 1819/1819 1818/1818 1820/1820
usemtl Surface_2
f 1824/1824 1822/1822 1821/1821
usemtl Surface_2
f 1823/1823 1822/1822 1824/1824
usemtl Surface_2
f 1828/1828 1826/1826 1825/1825
usemtl Surface_2
f 1827/1827 1826/1826 1828/1828
usemtl Surface_2
f 1832/1832 1830/1830 1829/1829
usemtl Surface_2
f 1831/1831 1830/1830 1832/1832
usemtl Surface_2
f 1836/1836 1834/1834 1833/1833
usemtl Surface_2
f 1835/1835 1834/1834 1836/1836
usemtl Surface_2
f 1840/1840 1838/1838 1837/1837
usemtl Surface_2
f 1839/1839 1838/1838 1840/1840
usemtl Surface_2
f 1844/1844 1842/1842 1841/1841
usemtl Surface_2
f 1843/1843 1842/1842 1844/1844
usemtl Surface_2
f 1848/1848 1846/1846 1845/1845
usemtl Surface_2
f 1847/1847 1846/1846 1848/1848
usemtl Surface_2
f 1852/1852 1850/1850 1849/1849
usemtl Surface_2
f 1851/1851 1850/1850 1852/1852
usemtl Surface_2
f 1856/1856 1854/1854 1853/1853
usemtl Surface_2
f 1855/1855 1854/1854 1856/1856
usemtl Surface_2
f 1860/1860 1858/1858 1857/1857
usemtl Surface_2
f 1859/1859 1858/1858 1860/1860
usemtl Surface_2
f 1864/1864 1862/1862 1861/1861
usemtl Surface_2
f 1863/1863 1862/1862 1864/1864
usemtl Surface_2
f 1868/1868 1866/1866 1865/1865
usemtl Surface_2
f 1867/1867 1866/1866 1868/1868
usemtl Surface_2
f 1872/1872 1870/1870 1869/1869
usemtl Surface_2
f 1871/1871 1870/1870 1872/1872
usemtl Surface_2
f 1876/1876 1874/1874 1873/1873
usemtl Surface_2
f 1875/1875 1874/1874 1876/1876
usemtl Surface_2
f 1880/1880 1878/1878 1877/1877
usemtl Surface_2
f 1879/1879 1878/1878 1880/1880
usemtl Surface_2
f 1884/1884 1882/1882 1881/1881
usemtl Surface_2
f 1883/1883 1882/1882 1884/1884
usemtl Surface_2
f 1888/1888 1886/1886 1885/1885
usemtl Surface_2
f 1887/1887 1886/1886 1888/1888
usemtl Surface_2
f 1892/1892 1890/1890 1889/1889
usemtl Surface_2
f 1891/1891 1890/1890 1892/1892
usemtl Surface_2
f 1896/1896 1894/1894 1893/1893
usemtl Surface_2
f 1895/1895 1894/1894 1896/1896
usemtl Surface_2
f 1900/1900 1898/1898 1897/1897
usemtl Surface_2
f 1899/1899 1898/1898 1900/1900
usemtl Surface_2
f 1904/1904 1902/1902 1901/1901
usemtl Surface_2
f 1903/1903 1902/1902 1904/1904
usemtl Surface_2
f 1908/1908 1906/1906 1905/1905
usemtl Surface_2
f 1907/1907 1906/1906 1908/1908
usemtl Surface_2
f 1912/1912 1910/1910 1909/1909
usemtl Surface_2
f 1911/1911 1910/1910 1912/1912
usemtl Surface_2
f 1916/1916 1914/1914 1913/1913
usemtl Surface_2
f 1915/1915 1914/1914 1916/1916
usemtl Surface_2
f 1920/1920 1918/1918 1917/1917
usemtl Surface_2
f 1919/1919 1918/1918 1920/1920
usemtl Surface_2
f 1924/1924 1922/1922 1921/1921
usemtl Surface_2
f 1923/1923 1922/1922 1924/1924
usemtl Surface_2
f 1928/1928 1926/1926 1925/1925
usemtl Surface_2
f 1927/1927 1926/1926 1928/1928
usemtl Surface_2
f 1932/1932 1930/1930 1929/1929
usemtl Surface_2
f 1931/1931 1930/1930 1932/1932
usemtl Surface_2
f 1936/1936 1934/1934 1933/1933
usemtl Surface_2
f 1935/1935 1934/1934 1936/1936
usemtl Surface_2
f 1940/1940 1938/1938 1937/1937
usemtl Surface_2
f 1939/1939 1938/1938 1940/1940
usemtl Surface_2
f 1944/1944 1942/1942 1941/1941
usemtl Surface_2
f 1943/1943 1942/1942 1944/1944
usemtl Surface_2
f 1948/1948 1946/1946 1945/1945
usemtl Surface_2
f 1947/1947 1946/1946 1948/1948
usemtl Surface_2
f 1952/1952 1950/1950 1949/1949
usemtl Surface_2
f 1951/1951 1950/1950 1952/1952
usemtl Surface_2
f 1956/1956 1954/1954 1953/1953
usemtl Surface_2
f 1955/1955 1954/1954 1956/1956
usemtl Surface_2
f 1960/1960 1958/1958 1957/1957
usemtl Surface_2
f 1959/1959 1958/1958 1960/1960
usemtl Surface_2
f 1964/1964 1962/1962 1961/1961
usemtl Surface_2
f 1963/1963 1962/1962 1964/1964
usemtl Surface_2
f 1968/1968 1966/1966 1965/1965
usemtl Surface_2
f 1967/1967 1966/1966 1968/1968
usemtl Surface_2
f 1972/1972 1970/1970 1969/1969
usemtl Surface_2
f 1971/1971 1970/1970 1972/1972
usemtl Surface_2
f 1976/1976 1974/1974 1973/1973
usemtl Surface_2
f 1975/1975 1974/1974 1976/1976
usemtl Surface_2
f 1980/1980 1978/1978 1977/1977
usemtl Surface_2
f 1979/1979 1978/1978 1980/1980
usemtl Surface_2
f 1984/1984 1982/1982 1981/1981
usemtl Surface_2
f 1983/1983 1982/1982 1984/1984
usemtl Surface_2
f 1988/1988 1986/1986 1985/1985
usemtl Surface_2
f 1987/1987 1986/1986 1988/1988
usemtl Surface_2
f 1992/1992 1990/1990 1989/1989
usemtl Surface_2
f 1991/1991 1990/1990 1992/1992
usemtl Surface_2
f 1996/1996 1994/1994 1993/1993
usemtl Surface_2
f 1995/1995 1994/1994 1996/1996
usemtl Surface_2
f 2000/2000 1998/1998 1997/1997
usemtl Surface_2
f 1999/1999 1998/1998 2000/2000
usemtl Surface_2
f 2004/2004 2002/2002 2001/2001
usemtl Surface_2
f 2003/2003 2002/2002 2004/2004
usemtl Surface_2
f 2008/2008 2006/2006 2005/2005
usemtl Surface_2
f 2007/2007 2006/2006 2008/2008
usemtl Surface_2
f 2012/2012 2010/2010 2009/2009
usemtl Surface_2
f 2011/2011 2010/2010 2012/2012
usemtl Surface_2
f 2016/2016 2014/2014 2013/2013
usemtl Surface_2
f 2015/2015 2014/2014 2016/2016
usemtl Surface_2
f 2020/2020 2018/2018 2017/2017
usemtl Surface_2
f 2019/2019 2018/2018 2020/2020
usemtl Surface_2
f 2024/2024 2022/2022 2021/2021
usemtl Surface_2
f 2023/2023 2022/2022 2024/2024
usemtl Surface_2
f 2028/2028 2026/2026 2025/2025
usemtl Surface_2
f 2027/2027 2026/2026 2028/2028
usemtl Surface_2
f 2032/2032 2030/2030 2029/2029
usemtl Surface_2
f 2031/2031 2030/2030 2032/2032
usemtl Surface_2
f 2036/2036 2034/2034 2033/2033
usemtl Surface_2
f 2035/2035 2034/2034 2036/2036
usemtl Surface_2
f 2040/2040 2038/2038 2037/2037
usemtl Surface_2
f 2039/2039 2038/2038 2040/2040
usemtl Surface_2
f 2044/2044 2042/2042 2041/2041
usemtl Surface_2
f 2043/2043 2042/2042 2044/2044
usemtl Surface_2
f 2048/2048 2046/2046 2045/2045
usemtl Surface_2
f 2047/2047 2046/2046 2048/2048
usemtl Surface_2
f 2052/2052 2050/2050 2049/2049
usemtl Surface_2
f 2051/2051 2050/2050 2052/2052
usemtl Surface_2
f 2056/2056 2054/2054 2053/2053
usemtl Surface_2
f 2055/2055 2054/2054 2056/2056
usemtl Surface_2
f 2060/2060 2058/2058 2057/2057
usemtl Surface_2
f 2059/2059 2058/2058 2060/2060
usemtl Surface_2
f 2064/2064 2062/2062 2061/2061
usemtl Surface_2
f 2063/2063 2062/2062 2064/2064
usemtl Surface_2
f 2068/2068 2066/2066 2065/2065
usemtl Surface_2
f 2067/2067 2066/2066 2068/2068
usemtl Surface_2
f 2072/2072 2070/2070 2069/2069
usemtl Surface_2
f 2071/2071 2070/2070 2072/2072
usemtl Surface_2
f 2076/2076 2074/2074 2073/2073
usemtl Surface_2
f 2075/2075 2074/2074 2076/2076
usemtl Surface_2
f 2080/2080 2078/2078 2077/2077
usemtl Surface_2
f 2079/2079 2078/2078 2080/2080
usemtl Surface_2
f 2084/2084 2082/2082 2081/2081
usemtl Surface_2
f 2083/2083 2082/2082 2084/2084
usemtl Surface_2
f 2088/2088 2086/2086 2085/2085
usemtl Surface_2
f 2087/2087 2086/2086 2088/2088
usemtl Surface_2
f 2092/2092 2090/2090 2089/2089
usemtl Surface_2
f 2091/2091 2090/2090 2092/2092
usemtl Surface_2
f 2096/2096 2094/2094 2093/2093
usemtl Surface_2
f 2095/2095 2094/2094 2096/2096
usemtl Surface_2
f 2100/2100 2098/2098 2097/2097
usemtl Surface_2
f 2099/2099 2098/2098 2100/2100
usemtl Surface_2
f 2104/2104 2102/2102 2101/2101
usemtl Surface_2
f 2103/2103 2102/2102 2104/2104
usemtl Surface_2
f 2108/2108 2106/2106 2105/2105
usemtl Surface_2
f 2107/2107 2106/2106 2108/2108
usemtl Surface_2
f 2112/2112 2110/2110 2109/2109
usemtl Surface_2
f 2111/2111 2110/2110 2112/2112
usemtl Surface_2
f 2116/2116 2114/2114 2113/2113
usemtl Surface_2
f 2115/2115 2114/2114 2116/2116
usemtl Surface_2
f 2120/2120 2118/2118 2117/2117
usemtl Surface_2
f 2119/2119 2118/2118 2120/2120
usemtl Surface_2
f 2124/2124 2122/2122 2121/2121
usemtl Surface_2
f 2123/2123 2122/2122 2124/2124
usemtl Surface_2
f 2128/2128 2126/2126 2125/2125
usemtl Surface_2
f 2127/2127 2126/2126 2128/2128
usemtl Surface_2
f 2132/2132 2130/2130 2129/2129
usemtl Surface_2
f 2131/2131 2130/2130 2132/2132
usemtl Surface_2
f 2136/2136 2134/2134 2133/2133
usemtl Surface_2
f 2135/2135 2134/2134 2136/2136
usemtl Surface_2
f 2140/2140 2138/2138 2137/2137
usemtl Surface_2
f 2139/2139 2138/2138 2140/2140
usemtl Surface_2
f 2144/2144 2142/2142 2141/2141
usemtl Surface_2
f 2143/2143 2142/2142 2144/2144
usemtl Surface_2
f 2148/2148 2146/2146 2145/2145
usemtl Surface_2
f 2147/2147 2146/2146 2148/2148
usemtl Surface_2
f 2152/2152 2150/2150 2149/2149
usemtl Surface_2
f 2151/2151 2150/2150 2152/2152
usemtl Surface_2
f 2156/2156 2154/2154 2153/2153
usemtl Surface_2
f 2155/2155 2154/2154 2156/2156
usemtl Surface_2
f 2160/2160 2158/2158 2157/2157
usemtl Surface_2
f 2159/2159 2158/2158 2160/2160
usemtl Surface_2
f 2164/2164 2162/2162 2161/2161
usemtl Surface_2
f 2163/2163 2162/2162 2164/2164
usemtl Surface_2
f 2168/2168 2166/2166 2165/2165
usemtl Surface_2
f 2167/2167 2166/2166 2168/2168
usemtl Surface_2
f 2172/2172 2170/2170 2169/2169
usemtl Surface_2
f 2171/2171 2170/2170 2172/2172
usemtl Surface_2
f 2176/2176 2174/2174 2173/2173
usemtl Surface_2
f 2175/2175 2174/2174 2176/2176
usemtl Surface_2
f 2180/2180 2178/2178 2177/2177
usemtl Surface_2
f 2179/2179 2178/2178 2180/2180
usemtl Surface_2
f 2184/2184 2182/2182 2181/2181
usemtl Surface_2
f 2183/2183 2182/2182 2184/2184
usemtl Surface_2
f 2188/2188 2186/2186 2185/2185
usemtl Surface_2
f 2187/2187 2186/2186 2188/2188
usemtl Surface_2
f 2192/2192 2190/2190 2189/2189
usemtl Surface_2
f 2191/2191 2190/2190 2192/2192
usemtl Surface_2
f 2196/2196 2194/2194 2193/2193
usemtl Surface_2
f 2195/2195 2194/2194 2196/2196
usemtl Surface_2
f 2200/2200 2198/2198 2197/2197
usemtl Surface_2
f 2199/2199 2198/2198 2200/2200
usemtl Surface_2
f 2204/2204 2202/2202 2201/2201
usemtl Surface_2
f 2203/2203 2202/2202 2204/2204
usemtl Surface_2
f 2208/2208 2206/2206 2205/2205
usemtl Surface_2
f 2207/2207 2206/2206 2208/2208
usemtl Surface_2
f 2212/2212 2210/2210 2209/2209
usemtl Surface_2
f 2211/2211 2210/2210 2212/2212
usemtl Surface_2
f 2216/2216 2214/2214 2213/2213
usemtl Surface_2
f 2215/2215 2214/2214 2216/2216
usemtl Surface_2
f 2220/2220 2218/2218 2217/2217
usemtl Surface_2
f 2219/2219 2218/2218 2220/2220
usemtl Surface_2
f 2224/2224 2222/2222 2221/2221
usemtl Surface_2
f 2223/2223 2222/2222 2224/2224
usemtl Surface_2
f 2228/2228 2226/2226 2225/2225
usemtl Surface_2
f 2227/2227 2226/2226 2228/2228
usemtl Surface_2
f 2232/2232 2230/2230 2229/2229
usemtl Surface_2
f 2231/2231 2230/2230 2232/2232
usemtl Surface_2
f 2236/2236 2234/2234 2233/2233
usemtl Surface_2
f 2235/2235 2234/2234 2236/2236
usemtl Surface_2
f 2240/2240 2238/2238 2237/2237
usemtl Surface_2
f 2239/2239 2238/2238 2240/2240
usemtl Surface_2
f 2244/2244 2242/2242 2241/2241
usemtl Surface_2
f 2243/2243 2242/2242 2244/2244
usemtl Surface_2
f 2248/2248 2246/2246 2245/2245
usemtl Surface_2
f 2247/2247 2246/2246 2248/2248
usemtl Surface_2
f 2252/2252 2250/2250 2249/2249
usemtl Surface_2
f 2251/2251 2250/2250 2252/2252
usemtl Surface_2
f 2256/2256 2254/2254 2253/2253
usemtl Surface_2
f 2255/2255 2254/2254 2256/2256
usemtl Surface_2
f 2260/2260 2258/2258 2257/2257
usemtl Surface_2
f 2259/2259 2258/2258 2260/2260
usemtl Surface_2
f 2264/2264 2262/2262 2261/2261
usemtl Surface_2
f 2263/2263 2262/2262 2264/2264
usemtl Surface_2
f 2268/2268 2266/2266 2265/2265
usemtl Surface_2
f 2267/2267 2266/2266 2268/2268
usemtl Surface_2
f 2272/2272 2270/2270 2269/2269
usemtl Surface_2
f 2271/2271 2270/2270 2272/2272
usemtl Surface_2
f 2276/2276 2274/2274 2273/2273
usemtl Surface_2
f 2275/2275 2274/2274 2276/2276
usemtl Surface_2
f 2280/2280 2278/2278 2277/2277
usemtl Surface_2
f 2279/2279 2278/2278 2280/2280
usemtl Surface_2
f 2284/2284 2282/2282 2281/2281
usemtl Surface_2
f 2283/2283 2282/2282 2284/2284
usemtl Surface_2
f 2288/2288 2286/2286 2285/2285
usemtl Surface_2
f 2287/2287 2286/2286 2288/2288
usemtl Surface_2
f 2292/2292 2290/2290 2289/2289
usemtl Surface_2
f 2291/2291 2290/2290 2292/2292
usemtl Surface_2
f 2296/2296 2294/2294 2293/2293
usemtl Surface_2
f 2295/2295 2294/2294 2296/2296
usemtl Surface_2
f 2300/2300 2298/2298 2297/2297
usemtl Surface_2
f 2299/2299 2298/2298 2300/2300
usemtl Surface_2
f 2304/2304 2302/2302 2301/2301
usemtl Surface_2
f 2303/2303 2302/2302 2304/2304
usemtl Surface_2
f 2308/2308 2306/2306 2305/2305
usemtl Surface_2
f 2307/2307 2306/2306 2308/2308
usemtl Surface_2
f 2312/2312 2310/2310 2309/2309
usemtl Surface_2
f 2311/2311 2310/2310 2312/2312
usemtl Surface_2
f 2316/2316 2314/2314 2313/2313
usemtl Surface_2
f 2315/2315 2314/2314 2316/2316
usemtl Surface_2
f 2320/2320 2318/2318 2317/2317
usemtl Surface_2
f 2319/2319 2318/2318 2320/2320
usemtl Surface_2
f 2324/2324 2322/2322 2321/2321
usemtl Surface_2
f 2323/2323 2322/2322 2324/2324
usemtl Surface_2
f 2328/2328 2326/2326 2325/2325
usemtl Surface_2
f 2327/2327 2326/2326 2328/2328
usemtl Surface_2
f 2332/2332 2330/2330 2329/2329
usemtl Surface_2
f 2331/2331 2330/2330 2332/2332
usemtl Surface_2
f 2336/2336 2334/2334 2333/2333
usemtl Surface_2
f 2335/2335 2334/2334 2336/2336
usemtl Surface_2
f 2340/2340 2338/2338 2337/2337
usemtl Surface_2
f 2339/2339 2338/2338 2340/2340
usemtl Surface_2
f 2344/2344 2342/2342 2341/2341
usemtl Surface_2
f 2343/2343 2342/2342 2344/2344
usemtl Surface_2
f 2348/2348 2346/2346 2345/2345
usemtl Surface_2
f 2347/2347 2346/2346 2348/2348
usemtl Surface_2
f 2352/2352 2350/2350 2349/2349
usemtl Surface_2
f 2351/2351 2350/2350 2352/2352
usemtl Surface_2
f 2356/2356 2354/2354 2353/2353
usemtl Surface_2
f 2355/2355 2354/2354 2356/2356
usemtl Surface_2
f 2360/2360 2358/2358 2357/2357
usemtl Surface_2
f 2359/2359 2358/2358 2360/2360
usemtl Surface_2
f 2364/2364 2362/2362 2361/2361
usemtl Surface_2
f 2363/2363 2362/2362 2364/2364
usemtl Surface_2
f 2368/2368 2366/2366 2365/2365
usemtl Surface_2
f 2367/2367 2366/2366 2368/2368
usemtl Surface_2
f 2372/2372 2370/2370 2369/2369
usemtl Surface_2
f 2371/2371 2370/2370 2372/2372
usemtl Surface_2
f 2376/2376 2374/2374 2373/2373
usemtl Surface_2
f 2375/2375 2374/2374 2376/2376
usemtl Surface_2
f 2380/2380 2378/2378 2377/2377
usemtl Surface_2
f 2379/2379 2378/2378 2380/2380
usemtl Surface_2
f 2384/2384 2382/2382 2381/2381
usemtl Surface_2
f 2383/2383 2382/2382 2384/2384
usemtl Surface_2
f 2388/2388 2386/2386 2385/2385
usemtl Surface_2
f 2387/2387 2386/2386 2388/2388
usemtl Surface_2
f 2392/2392 2390/2390 2389/2389
usemtl Surface_2
f 2391/2391 2390/2390 2392/2392
usemtl Surface_2
f 2396/2396 2394/2394 2393/2393
usemtl Surface_2
f 2395/2395 2394/2394 2396/2396
usemtl Surface_2
f 2400/2400 2398/2398 2397/2397
usemtl Surface_2
f 2399/2399 2398/2398 2400/2400
usemtl Surface_2
f 2404/2404 2402/2402 2401/2401
usemtl Surface_2
f 2403/2403 2402/2402 2404/2404
usemtl Surface_2
f 2408/2408 2406/2406 2405/2405
usemtl Surface_2
f 2407/2407 2406/2406 2408/2408
usemtl Surface_2
f 2412/2412 2410/2410 2409/2409
usemtl Surface_2
f 2411/2411 2410/2410 2412/2412
usemtl Surface_2
f 2416/2416 2414/2414 2413/2413
usemtl Surface_2
f 2415/2415 2414/2414 2416/2416
usemtl Surface_2
f 2420/2420 2418/2418 2417/2417
usemtl Surface_2
f 2419/2419 2418/2418 2420/2420
usemtl Surface_2
f 2424/2424 2422/2422 2421/2421
usemtl Surface_2
f 2423/2423 2422/2422 2424/2424
usemtl Surface_2
f 2428/2428 2426/2426 2425/2425
usemtl Surface_2
f 2427/2427 2426/2426 2428/2428
usemtl Surface_2
f 2432/2432 2430/2430 2429/2429
usemtl Surface_2
f 2431/2431 2430/2430 2432/2432
usemtl Surface_2
f 2436/2436 2434/2434 2433/2433
usemtl Surface_2
f 2435/2435 2434/2434 2436/2436
usemtl Surface_2
f 2440/2440 2438/2438 2437/2437
usemtl Surface_2
f 2439/2439 2438/2438 2440/2440
usemtl Surface_2
f 2444/2444 2442/2442 2441/2441
usemtl Surface_2
f 2443/2443 2442/2442 2444/2444
usemtl Surface_2
f 2448/2448 2446/2446 2445/2445
usemtl Surface_2
f 2447/2447 2446/2446 2448/2448
usemtl Surface_2
f 2452/2452 2450/2450 2449/2449
usemtl Surface_2
f 2451/2451 2450/2450 2452/2452
usemtl Surface_2
f 2456/2456 2454/2454 2453/2453
usemtl Surface_2
f 2455/2455 2454/2454 2456/2456
usemtl Surface_2
f 2460/2460 2458/2458 2457/2457
usemtl Surface_2
f 2459/2459 2458/2458 2460/2460
usemtl Surface_2
f 2464/2464 2462/2462 2461/2461
usemtl Surface_2
f 2463/2463 2462/2462 2464/2464
usemtl Surface_2
f 2468/2468 2466/2466 2465/2465
usemtl Surface_2
f 2467/2467 2466/2466 2468/2468
usemtl Surface_2
f 2472/2472 2470/2470 2469/2469
usemtl Surface_2
f 2471/2471 2470/2470 2472/2472
usemtl Surface_2
f 2476/2476 2474/2474 2473/2473
usemtl Surface_2
f 2475/2475 2474/2474 2476/2476
usemtl Surface_2
f 2480/2480 2478/2478 2477/2477
usemtl Surface_2
f 2479/2479 2478/2478 2480/2480
usemtl Surface_2
f 2484/2484 2482/2482 2481/2481
usemtl Surface_2
f 2483/2483 2482/2482 2484/2484
usemtl Surface_2
f 2488/2488 2486/2486 2485/2485
usemtl Surface_2
f 2487/2487 2486/2486 2488/2488
usemtl Surface_2
f 2492/2492 2490/2490 2489/2489
usemtl Surface_2
f 2491/2491 2490/2490 2492/2492
usemtl Surface_2
f 2496/2496 2494/2494 2493/2493
usemtl Surface_2
f 2495/2495 2494/2494 2496/2496
usemtl Surface_2
f 2500/2500 2498/2498 2497/2497
usemtl Surface_2
f 2499/2499 2498/2498 2500/2500
usemtl Surface_2
f 2504/2504 2502/2502 2501/2501
usemtl Surface_2
f 2503/2503 2502/2502 2504/2504
usemtl Surface_2
f 2508/2508 2506/2506 2505/2505
usemtl Surface_2
f 2507/2507 2506/2506 2508/2508
usemtl Surface_2
f 2512/2512 2510/2510 2509/2509
usemtl Surface_2
f 2511/2511 2510/2510 2512/2512
usemtl Surface_2
f 2516/2516 2514/2514 2513/2513
usemtl Surface_2
f 2515/2515 2514/2514 2516/2516
usemtl Surface_2
f 2520/2520 2518/2518 2517/2517
usemtl Surface_2
f 2519/2519 2518/2518 2520/2520
usemtl Surface_2
f 2524/2524 2522/2522 2521/2521
usemtl Surface_2
f 2523/2523 2522/2522 2524/2524
usemtl Surface_2
f 2528/2528 2526/2526 2525/2525
usemtl Surface_2
f 2527/2527 2526/2526 2528/2528
usemtl Surface_2
f 2532/2532 2530/2530 2529/2529
usemtl Surface_2
f 2531/2531 2530/2530 2532/2532
usemtl Surface_2
f 2536/2536 2534/2534 2533/2533
usemtl Surface_2
f 2535/2535 2534/2534 2536/2536
usemtl Surface_2
f 2540/2540 2538/2538 2537/2537
usemtl Surface_2
f 2539/2539 2538/2538 2540/2540
usemtl Surface_2
f 2544/2544 2542/2542 2541/2541
usemtl Surface_2
f 2543/2543 2542/2542 2544/2544
usemtl Surface_2
f 2548/2548 2546/2546 2545/2545
usemtl Surface_2
f 2547/2547 2546/2546 2548/2548
usemtl Surface_2
f 2552/2552 2550/2550 2549/2549
usemtl Surface_2
f 2551/2551 2550/2550 2552/2552
usemtl Surface_2
f 2556/2556 2554/2554 2553/2553
usemtl Surface_2
f 2555/2555 2554/2554 2556/2556
usemtl Surface_2
f 2560/2560 2558/2558 2557/2557
usemtl Surface_2
f 2559/2559 2558/2558 2560/2560
usemtl Surface_2
f 2564/2564 2562/2562 2561/2561
usemtl Surface_2
f 2563/2563 2562/2562 2564/2564
usemtl Surface_2
f 2568/2568 2566/2566 2565/2565
usemtl Surface_2
f 2567/2567 2566/2566 2568/2568
usemtl Surface_2
f 2572/2572 2570/2570 2569/2569
usemtl Surface_2
f 2571/2571 2570/2570 2572/2572
usemtl Surface_2
f 2576/2576 2574/2574 2573/2573
usemtl Surface_2
f 2575/2575 2574/2574 2576/2576
usemtl Surface_2
f 2580/2580 2578/2578 2577/2577
usemtl Surface_2
f 2579/2579 2578/2578 2580/2580
usemtl Surface_2
f 2584/2584 2582/2582 2581/2581
usemtl Surface_2
f 2583/2583 2582/2582 2584/2584
usemtl Surface_2
f 2588/2588 2586/2586 2585/2585
usemtl Surface_2
f 2587/2587 2586/2586 2588/2588
usemtl Surface_2
f 2592/2592 2590/2590 2589/2589
usemtl Surface_2
f 2591/2591 2590/2590 2592/2592
usemtl Surface_2
f 2596/2596 2594/2594 2593/2593
usemtl Surface_2
f 2595/2595 2594/2594 2596/2596
usemtl Surface_2
f 2600/2600 2598/2598 2597/2597
usemtl Surface_2
f 2599/2599 2598/2598 2600/2600
usemtl Surface_2
f 2604/2604 2602/2602 2601/2601
usemtl Surface_2
f 2603/2603 2602/2602 2604/2604
usemtl Surface_2
f 2608/2608 2606/2606 2605/2605
usemtl Surface_2
f 2607/2607 2606/2606 2608/2608
usemtl Surface_2
f 2612/2612 2610/2610 2609/2609
usemtl Surface_2
f 2611/2611 2610/2610 2612/2612
usemtl Surface_2
f 2616/2616 2614/2614 2613/2613
usemtl Surface_2
f 2615/2615 2614/2614 2616/2616
usemtl Surface_2
f 2620/2620 2618/2618 2617/2617
usemtl Surface_2
f 2619/2619 2618/2618 2620/2620
usemtl Surface_2
f 2624/2624 2622/2622 2621/2621
usemtl Surface_2
f 2623/2623 2622/2622 2624/2624
usemtl Surface_2
f 2628/2628 2626/2626 2625/2625
usemtl Surface_2
f 2627/2627 2626/2626 2628/2628
usemtl Surface_2
f 2632/2632 2630/2630 2629/2629
usemtl Surface_2
f 2631/2631 2630/2630 2632/2632
usemtl Surface_2
f 2636/2636 2634/2634 2633/2633
usemtl Surface_2
f 2635/2635 2634/2634 2636/2636
usemtl Surface_2
f 2640/2640 2638/2638 2637/2637
usemtl Surface_2
f 2639/2639 2638/2638 2640/2640
usemtl Surface_2
f 2644/2644 2642/2642 2641/2641
usemtl Surface_2
f 2643/2643 2642/2642 2644/2644
usemtl Surface_2
f 2648/2648 2646/2646 2645/2645
usemtl Surface_2
f 2647/2647 2646/2646 2648/2648
usemtl Surface_2
f 2652/2652 2650/2650 2649/2649
usemtl Surface_2
f 2651/2651 2650/2650 2652/2652
usemtl Surface_2
f 2656/2656 2654/2654 2653/2653
usemtl Surface_2
f 2655/2655 2654/2654 2656/2656
usemtl Surface_2
f 2660/2660 2658/2658 2657/2657
usemtl Surface_2
f 2659/2659 2658/2658 2660/2660
usemtl Surface_2
f 2664/2664 2662/2662 2661/2661
usemtl Surface_2
f 2663/2663 2662/2662 2664/2664
usemtl Surface_2
f 2668/2668 2666/2666 2665/2665
usemtl Surface_2
f 2667/2667 2666/2666 2668/2668
usemtl Surface_2
f 2672/2672 2670/2670 2669/2669
usemtl Surface_2
f 2671/2671 2670/2670 2672/2672
usemtl Surface_2
f 2676/2676 2674/2674 2673/2673
usemtl Surface_2
f 2675/2675 2674/2674 2676/2676
usemtl Surface_2
f 2680/2680 2678/2678 2677/2677
usemtl Surface_2
f 2679/2679 2678/2678 2680/2680
usemtl Surface_2
f 2684/2684 2682/2682 2681/2681
usemtl Surface_2
f 2683/2683 2682/2682 2684/2684
usemtl Surface_2
f 2688/2688 2686/2686 2685/2685
usemtl Surface_2
f 2687/2687 2686/2686 2688/2688
usemtl Surface_2
f 2692/2692 2690/2690 2689/2689
usemtl Surface_2
f 2691/2691 2690/2690 2692/2692
usemtl Surface_2
f 2696/2696 2694/2694 2693/2693
usemtl Surface_2
f 2695/2695 2694/2694 2696/2696
usemtl Surface_2
f 2700/2700 2698/2698 2697/2697
usemtl Surface_2
f 2699/2699 2698/2698 2700/2700
usemtl Surface_2
f 2704/2704 2702/2702 2701/2701
usemtl Surface_2
f 2703/2703 2702/2702 2704/2704
usemtl Surface_2
f 2708/2708 2706/2706 2705/2705
usemtl Surface_2
f 2707/2707 2706/2706 2708/2708
usemtl Surface_2
f 2712/2712 2710/2710 2709/2709
usemtl Surface_2
f 2711/2711 2710/2710 2712/2712
usemtl Surface_2
f 2716/2716 2714/2714 2713/2713
usemtl Surface_2
f 2715/2715 2714/2714 2716/2716
usemtl Surface_2
f 2720/2720 2718/2718 2717/2717
usemtl Surface_2
f 2719/2719 2718/2718 2720/2720
usemtl Surface_2
f 2724/2724 2722/2722 2721/2721
usemtl Surface_2
f 2723/2723 2722/2722 2724/2724
usemtl Surface_2
f 2728/2728 2726/2726 2725/2725
usemtl Surface_2
f 2727/2727 2726/2726 2728/2728
usemtl Surface_2
f 2732/2732 2730/2730 2729/2729
usemtl Surface_2
f 2731/2731 2730/2730 2732/2732
usemtl Surface_2
f 2736/2736 2734/2734 2733/2733
usemtl Surface_2
f 2735/2735 2734/2734 2736/2736
usemtl Surface_2
f 2740/2740 2738/2738 2737/2737
usemtl Surface_2
f 2739/2739 2738/2738 2740/2740
usemtl Surface_2
f 2744/2744 2742/2742 2741/2741
usemtl Surface_2
f 2743/2743 2742/2742 2744/2744
usemtl Surface_2
f 2748/2748 2746/2746 2745/2745
usemtl Surface_2
f 2747/2747 2746/2746 2748/2748
usemtl Surface_2
f 2752/2752 2750/2750 2749/2749
usemtl Surface_2
f 2751/2751 2750/2750 2752/2752
usemtl Surface_2
f 2756/2756 2754/2754 2753/2753
usemtl Surface_2
f 2755/2755 2754/2754 2756/2756
usemtl Surface_2
f 2760/2760 2758/2758 2757/2757
usemtl Surface_2
f 2759/2759 2758/2758 2760/2760
usemtl Surface_2
f 2764/2764 2762/2762 2761/2761
usemtl Surface_2
f 2763/2763 2762/2762 2764/2764
usemtl Surface_2
f 2768/2768 2766/2766 2765/2765
usemtl Surface_2
f 2767/2767 2766/2766 2768/2768
usemtl Surface_2
f 2772/2772 2770/2770 2769/2769
usemtl Surface_2
f 2771/2771 2770/2770 2772/2772
usemtl Surface_2
f 2776/2776 2774/2774 2773/2773
usemtl Surface_2
f 2775/2775 2774/2774 2776/2776
usemtl Surface_2
f 2780/2780 2778/2778 2777/2777
usemtl Surface_2
f 2779/2779 2778/2778 2780/2780
usemtl Surface_2
f 2784/2784 2782/2782 2781/2781
usemtl Surface_2
f 2783/2783 2782/2782 2784/2784
usemtl Surface_2
f 2788/2788 2786/2786 2785/2785
usemtl Surface_2
f 2787/2787 2786/2786 2788/2788
usemtl Surface_2
f 2792/2792 2790/2790 2789/2789
usemtl Surface_2
f 2791/2791 2790/2790 2792/2792
usemtl Surface_2
f 2796/2796 2794/2794 2793/2793
usemtl Surface_2
f 2795/2795 2794/2794 2796/2796
usemtl Surface_2
f 2800/2800 2798/2798 2797/2797
usemtl Surface_2
f 2799/2799 2798/2798 2800/2800
usemtl Surface_2
f 2804/2804 2802/2802 2801/2801
usemtl Surface_2
f 2803/2803 2802/2802 2804/2804
usemtl Surface_2
f 2808/2808 2806/2806 2805/2805
usemtl Surface_2
f 2807/2807 2806/2806 2808/2808
usemtl Surface_2
f 2812/2812 2810/2810 2809/2809
usemtl Surface_2
f 2811/2811 2810/2810 2812/2812
usemtl Surface_2
f 2816/2816 2814/2814 2813/2813
usemtl Surface_2
f 2815/2815 2814/2814 2816/2816
usemtl Surface_2
f 2820/2820 2818/2818 2817/2817
usemtl Surface_2
f 2819/2819 2818/2818 2820/2820
usemtl Surface_2
f 2824/2824 2822/2822 2821/2821
usemtl Surface_2
f 2823/2823 2822/2822 2824/2824
usemtl Surface_2
f 2828/2828 2826/2826 2825/2825
usemtl Surface_2
f 2827/2827 2826/2826 2828/2828
usemtl Surface_2
f 2832/2832 2830/2830 2829/2829
usemtl Surface_2
f 2831/2831 2830/2830 2832/2832
usemtl Surface_2
f 2836/2836 2834/2834 2833/2833
usemtl Surface_2
f 2835/2835 2834/2834 2836/2836
usemtl Surface_2
f 2840/2840 2838/2838 2837/2837
usemtl Surface_2
f 2839/2839 2838/2838 2840/2840
usemtl Surface_2
f 2844/2844 2842/2842 2841/2841
usemtl Surface_2
f 2843/2843 2842/2842 2844/2844
usemtl Surface_2
f 2848/2848 2846/2846 2845/2845
usemtl Surface_2
f 2847/2847 2846/2846 2848/2848
usemtl Surface_2
f 2852/2852 2850/2850 2849/2849
usemtl Surface_2
f 2851/2851 2850/2850 2852/2852
usemtl Surface_2
f 2856/2856 2854/2854 2853/2853
usemtl Surface_2
f 2855/2855 2854/2854 2856/2856
usemtl Surface_2
f 2860/2860 2858/2858 2857/2857
usemtl Surface_2
f 2859/2859 2858/2858 2860/2860
usemtl Surface_2
f 2864/2864 2862/2862 2861/2861
usemtl Surface_2
f 2863/2863 2862/2862 2864/2864
usemtl Surface_2
f 2868/2868 2866/2866 2865/2865
usemtl Surface_2
f 2867/2867 2866/2866 2868/2868
usemtl Surface_2
f 2872/2872 2870/2870 2869/2869
usemtl Surface_2
f 2871/2871 2870/2870 2872/2872
usemtl Surface_2
f 2876/2876 2874/2874 2873/2873
usemtl Surface_2
f 2875/2875 2874/2874 2876/2876
usemtl Surface_2
f 2880/2880 2878/2878 2877/2877
usemtl Surface_2
f 2879/2879 2878/2878 2880/2880
usemtl Surface_2
f 2884/2884 2882/2882 2881/2881
usemtl Surface_2
f 2883/2883 2882/2882 2884/2884
usemtl Surface_2
f 2888/2888 2886/2886 2885/2885
usemtl Surface_2
f 2887/2887 2886/2886 2888/2888
usemtl Surface_2
f 2892/2892 2890/2890 2889/2889
usemtl Surface_2
f 2891/2891 2890/2890 2892/2892
usemtl Surface_2
f 2896/2896 2894/2894 2893/2893
usemtl Surface_2
f 2895/2895 2894/2894 2896/2896
usemtl Surface_2
f 2900/2900 2898/2898 2897/2897
usemtl Surface_2
f 2899/2899 2898/2898 2900/2900
usemtl Surface_2
f 2904/2904 2902/2902 2901/2901
usemtl Surface_2
f 2903/2903 2902/2902 2904/2904
usemtl Surface_2
f 2908/2908 2906/2906 2905/2905
usemtl Surface_2
f 2907/2907 2906/2906 2908/2908
usemtl Surface_2
f 2912/2912 2910/2910 2909/2909
usemtl Surface_2
f 2911/2911 2910/2910 2912/2912
usemtl Surface_2
f 2916/2916 2914/2914 2913/2913
usemtl Surface_2
f 2915/2915 2914/2914 2916/2916
usemtl Surface_2
f 2920/2920 2918/2918 2917/2917
usemtl Surface_2
f 2919/2919 2918/2918 2920/2920
usemtl Surface_2
f 2924/2924 2922/2922 2921/2921
usemtl Surface_2
f 2923/2923 2922/2922 2924/2924
usemtl Surface_2
f 2928/2928 2926/2926 2925/2925
usemtl Surface_2
f 2927/2927 2926/2926 2928/2928
usemtl Surface_2
f 2932/2932 2930/2930 2929/2929
usemtl Surface_2
f 2931/2931 2930/2930 2932/2932
usemtl Surface_2
f 2936/2936 2934/2934 2933/2933
usemtl Surface_2
f 2935/2935 2934/2934 2936/2936
usemtl Surface_2
f 2940/2940 2938/2938 2937/2937
usemtl Surface_2
f 2939/2939 2938/2938 2940/2940
usemtl Surface_2
f 2944/2944 2942/2942 2941/2941
usemtl Surface_2
f 2943/2943 2942/2942 2944/2944
usemtl Surface_2
f 2948/2948 2946/2946 2945/2945
usemtl Surface_2
f 2947/2947 2946/2946 2948/2948
usemtl Surface_2
f 2952/2952 2950/2950 2949/2949
usemtl Surface_2
f 2951/2951 2950/2950 2952/2952
usemtl Surface_2
f 2956/2956 2954/2954 2953/2953
usemtl Surface_2
f 2955/2955 2954/2954 2956/2956
usemtl Surface_2
f 2960/2960 2958/2958 2957/2957
usemtl Surface_2
f 2959/2959 2958/2958 2960/2960
usemtl Surface_2
f 2964/2964 2962/2962 2961/2961
usemtl Surface_2
f 2963/2963 2962/2962 2964/2964
usemtl Surface_2
f 2968/2968 2966/2966 2965/2965
usemtl Surface_2
f 2967/2967 2966/2966 2968/2968
usemtl Surface_2
f 2972/2972 2970/2970 2969/2969
usemtl Surface_2
f 2971/2971 2970/2970 2972/2972
usemtl Surface_2
f 2976/2976 2974/2974 2973/2973
usemtl Surface_2
f 2975/2975 2974/2974 2976/2976
usemtl Surface_2
f 2980/2980 2978/2978 2977/2977
usemtl Surface_2
f 2979/2979 2978/2978 2980/2980
usemtl Surface_2
f 2984/2984 2982/2982 2981/2981
usemtl Surface_2
f 2983/2983 2982/2982 2984/2984
usemtl Surface_2
f 2988/2988 2986/2986 2985/2985
usemtl Surface_2
f 2987/2987 2986/2986 2988/2988
usemtl Surface_2
f 2992/2992 2990/2990 2989/2989
usemtl Surface_2
f 2991/2991 2990/2990 2992/2992
usemtl Surface_2
f 2996/2996 2994/2994 2993/2993
usemtl Surface_2
f 2995/2995 2994/2994 2996/2996
usemtl Surface_2
f 3000/3000 2998/2998 2997/2997
usemtl Surface_2
f 2999/2999 2998/2998 3000/3000
usemtl Surface_2
f 3004/3004 3002/3002 3001/3001
usemtl Surface_2
f 3003/3003 3002/3002 3004/3004
usemtl Surface_2
f 3008/3008 3006/3006 3005/3005
usemtl Surface_2
f 3007/3007 3006/3006 3008/3008
usemtl Surface_2
f 3012/3012 3010/3010 3009/3009
usemtl Surface_2
f 3011/3011 3010/3010 3012/3012
usemtl Surface_2
f 3016/3016 3014/3014 3013/3013
usemtl Surface_2
f 3015/3015 3014/3014 3016/3016
usemtl Surface_2
f 3020/3020 3018/3018 3017/3017
usemtl Surface_2
f 3019/3019 3018/3018 3020/3020
usemtl Surface_2
f 3024/3024 3022/3022 3021/3021
usemtl Surface_2
f 3023/3023 3022/3022 3024/3024
usemtl Surface_2
f 3028/3028 3026/3026 3025/3025
usemtl Surface_2
f 3027/3027 3026/3026 3028/3028
usemtl Surface_2
f 3032/3032 3030/3030 3029/3029
usemtl Surface_2
f 3031/3031 3030/3030 3032/3032
usemtl Surface_2
f 3036/3036 3034/3034 3033/3033
usemtl Surface_2
f 3035/3035 3034/3034 3036/3036
usemtl Surface_2
f 3040/3040 3038/3038 3037/3037
usemtl Surface_2
f 3039/3039 3038/3038 3040/3040
usemtl Surface_2
f 3044/3044 3042/3042 3041/3041
usemtl Surface_2
f 3043/3043 3042/3042 3044/3044
usemtl Surface_2
f 3048/3048 3046/3046 3045/3045
usemtl Surface_2
f 3047/3047 3046/3046 3048/3048
usemtl Surface_2
f 3052/3052 3050/3050 3049/3049
usemtl Surface_2
f 3051/3051 3050/3050 3052/3052
usemtl Surface_2
f 3056/3056 3054/3054 3053/3053
usemtl Surface_2
f 3055/3055 3054/3054 3056/3056
usemtl Surface_2
f 3060/3060 3058/3058 3057/3057
usemtl Surface_2
f 3059/3059 3058/3058 3060/3060
usemtl Surface_2
f 3064/3064 3062/3062 3061/3061
usemtl Surface_2
f 3063/3063 3062/3062 3064/3064
usemtl Surface_2
f 3068/3068 3066/3066 3065/3065
usemtl Surface_2
f 3067/3067 3066/3066 3068/3068
usemtl Surface_2
f 3072/3072 3070/3070 3069/3069
usemtl Surface_2
f 3071/3071 3070/3070 3072/3072
usemtl Surface_2
f 3076/3076 3074/3074 3073/3073
usemtl Surface_2
f 3075/3075 3074/3074 3076/3076
usemtl Surface_2
f 3080/3080 3078/3078 3077/3077
usemtl Surface_2
f 3079/3079 3078/3078 3080/3080
usemtl Surface_2
f 3084/3084 3082/3082 3081/3081
usemtl Surface_2
f 3083/3083 3082/3082 3084/3084
usemtl Surface_2
f 3088/3088 3086/3086 3085/3085
usemtl Surface_2
f 3087/3087 3086/3086 3088/3088
usemtl Surface_2
f 3092/3092 3090/3090 3089/3089
usemtl Surface_2
f 3091/3091 3090/3090 3092/3092
usemtl Surface_2
f 3096/3096 3094/3094 3093/3093
usemtl Surface_2
f 3095/3095 3094/3094 3096/3096
usemtl Surface_2
f 3100/3100 3098/3098 3097/3097
usemtl Surface_2
f 3099/3099 3098/3098 3100/3100
usemtl Surface_2
f 3104/3104 3102/3102 3101/3101
usemtl Surface_2
f 3103/3103 3102/3102 3104/3104
usemtl Surface_2
f 3108/3108 3106/3106 3105/3105
usemtl Surface_2
f 3107/3107 3106/3106 3108/3108
usemtl Surface_2
f 3112/3112 3110/3110 3109/3109
usemtl Surface_2
f 3111/3111 3110/3110 3112/3112
usemtl Surface_2
f 3116/3116 3114/3114 3113/3113
usemtl Surface_2
f 3115/3115 3114/3114 3116/3116
usemtl Surface_2
f 3120/3120 3118/3118 3117/3117
usemtl Surface_2
f 3119/3119 3118/3118 3120/3120
usemtl Surface_2
f 3124/3124 3122/3122 3121/3121
usemtl Surface_2
f 3123/3123 3122/3122 3124/3124
usemtl Surface_2
f 3128/3128 3126/3126 3125/3125
usemtl Surface_2
f 3127/3127 3126/3126 3128/3128
usemtl Surface_2
f 3132/3132 3130/3130 3129/3129
usemtl Surface_2
f 3131/3131 3130/3130 3132/3132
usemtl Surface_2
f 3136/3136 3134/3134 3133/3133
usemtl Surface_2
f 3135/3135 3134/3134 3136/3136
usemtl Surface_2
f 3140/3140 3138/3138 3137/3137
usemtl Surface_2
f 3139/3139 3138/3138 3140/3140
usemtl Surface_2
f 3144/3144 3142/3142 3141/3141
usemtl Surface_2
f 3143/3143 3142/3142 3144/3144
usemtl Surface_2
f 3148/3148 3146/3146 3145/3145
usemtl Surface_2
f 3147/3147 3146/3146 3148/3148
usemtl Surface_2
f 3152/3152 3150/3150 3149/3149
usemtl Surface_2
f 3151/3151 3150/3150 3152/3152
usemtl Surface_2
f 3156/3156 3154/3154 3153/3153
usemtl Surface_2
f 3155/3155 3154/3154 3156/3156
usemtl Surface_2
f 3160/3160 3158/3158 3157/3157
usemtl Surface_2
f 3159/3159 3158/3158 3160/3160
usemtl Surface_2
f 3164/3164 3162/3162 3161/3161
usemtl Surface_2
f 3163/3163 3162/3162 3164/3164
usemtl Surface_2
f 3168/3168 3166/3166 3165/3165
usemtl Surface_2
f 3167/3167 3166/3166 3168/3168
usemtl Surface_2
f 3172/3172 3170/3170 3169/3169
usemtl Surface_2
f 3171/3171 3170/3170 3172/3172
usemtl Surface_2
f 3176/3176 3174/3174 3173/3173
usemtl Surface_2
f 3175/3175 3174/3174 3176/3176
usemtl Surface_2
f 3180/3180 3178/3178 3177/3177
usemtl Surface_2
f 3179/3179 3178/3178 3180/3180
usemtl Surface_2
f 3184/3184 3182/3182 3181/3181
usemtl Surface_2
f 3183/3183 3182/3182 3184/3184
usemtl Surface_2
f 3188/3188 3186/3186 3185/3185
usemtl Surface_2
f 3187/3187 3186/3186 3188/3188
usemtl Surface_2
f 3192/3192 3190/3190 3189/3189
usemtl Surface_2
f 3191/3191 3190/3190 3192/3192
usemtl Surface_2
f 3196/3196 3194/3194 3193/3193
usemtl Surface_2
f 3195/3195 3194/3194 3196/3196
usemtl Surface_2
f 3200/3200 3198/3198 3197/3197
usemtl Surface_2
f 3199/3199 3198/3198 3200/3200
usemtl Surface_2
f 3204/3204 3202/3202 3201/3201
usemtl Surface_2
f 3203/3203 3202/3202 3204/3204
usemtl Surface_2
f 3208/3208 3206/3206 3205/3205
usemtl Surface_2
f 3207/3207 3206/3206 3208/3208
usemtl Surface_2
f 3212/3212 3210/3210 3209/3209
usemtl Surface_2
f 3211/3211 3210/3210 3212/3212
usemtl Surface_2
f 3216/3216 3214/3214 3213/3213
usemtl Surface_2
f 3215/3215 3214/3214 3216/3216
usemtl Surface_2
f 3220/3220 3218/3218 3217/3217
usemtl Surface_2
f 3219/3219 3218/3218 3220/3220
usemtl Surface_2
f 3224/3224 3222/3222 3221/3221
usemtl Surface_2
f 3223/3223 3222/3222 3224/3224
usemtl Surface_2
f 3228/3228 3226/3226 3225/3225
usemtl Surface_2
f 3227/3227 3226/3226 3228/3228
usemtl Surface_2
f 3232/3232 3230/3230 3229/3229
usemtl Surface_2
f 3231/3231 3230/3230 3232/3232
usemtl Surface_2
f 3236/3236 3234/3234 3233/3233
usemtl Surface_2
f 3235/3235 3234/3234 3236/3236
usemtl Surface_2
f 3240/3240 3238/3238 3237/3237
usemtl Surface_2
f 3239/3239 3238/3238 3240/3240
usemtl Surface_2
f 3244/3244 3242/3242 3241/3241
usemtl Surface_2
f 3243/3243 3242/3242 3244/3244
usemtl Surface_2
f 3248/3248 3246/3246 3245/3245
usemtl Surface_2
f 3247/3247 3246/3246 3248/3248
usemtl Surface_2
f 3252/3252 3250/3250 3249/3249
usemtl Surface_2
f 3251/3251 3250/3250 3252/3252
usemtl Surface_2
f 3256/3256 3254/3254 3253/3253
usemtl Surface_2
f 3255/3255 3254/3254 3256/3256
usemtl Surface_2
f 3260/3260 3258/3258 3257/3257
usemtl Surface_2
f 3259/3259 3258/3258 3260/3260
usemtl Surface_2
f 3264/3264 3262/3262 3261/3261
usemtl Surface_2
f 3263/3263 3262/3262 3264/3264
usemtl Surface_2
f 3268/3268 3266/3266 3265/3265
usemtl Surface_2
f 3267/3267 3266/3266 3268/3268
usemtl Surface_2
f 3272/3272 3270/3270 3269/3269
usemtl Surface_2
f 3271/3271 3270/3270 3272/3272
usemtl Surface_2
f 3276/3276 3274/3274 3273/3273
usemtl Surface_2
f 3275/3275 3274/3274 3276/3276
usemtl Surface_2
f 3280/3280 3278/3278 3277/3277
usemtl Surface_2
f 3279/3279 3278/3278 3280/3280
usemtl Surface_2
f 3284/3284 3282/3282 3281/3281
usemtl Surface_2
f 3283/3283 3282/3282 3284/3284
usemtl Surface_2
f 3288/3288 3286/3286 3285/3285
usemtl Surface_2
f 3287/3287 3286/3286 3288/3288
usemtl Surface_2
f 3292/3292 3290/3290 3289/3289
usemtl Surface_2
f 3291/3291 3290/3290 3292/3292
usemtl Surface_2
f 3296/3296 3294/3294 3293/3293
usemtl Surface_2
f 3295/3295 3294/3294 3296/3296
usemtl Surface_2
f 3300/3300 3298/3298 3297/3297
usemtl Surface_2
f 3299/3299 3298/3298 3300/3300
usemtl Surface_2
f 3304/3304 3302/3302 3301/3301
usemtl Surface_2
f 3303/3303 3302/3302 3304/3304
usemtl Surface_2
f 3308/3308 3306/3306 3305/3305
usemtl Surface_2
f 3307/3307 3306/3306 3308/3308
usemtl Surface_2
f 3312/3312 3310/3310 3309/3309
usemtl Surface_2
f 3311/3311 3310/3310 3312/3312
usemtl Surface_2
f 3316/3316 3314/3314 3313/3313
usemtl Surface_2
f 3315/3315 3314/3314 3316/3316
usemtl Surface_2
f 3320/3320 3318/3318 3317/3317
usemtl Surface_2
f 3319/3319 3318/3318 3320/3320
usemtl Surface_2
f 3324/3324 3322/3322 3321/3321
usemtl Surface_2
f 3323/3323 3322/3322 3324/3324
usemtl Surface_2
f 3328/3328 3326/3326 3325/3325
usemtl Surface_2
f 3327/3327 3326/3326 3328/3328
usemtl Surface_2
f 3332/3332 3330/3330 3329/3329
usemtl Surface_2
f 3331/3331 3330/3330 3332/3332
usemtl Surface_2
f 3336/3336 3334/3334 3333/3333
usemtl Surface_2
f 3335/3335 3334/3334 3336/3336
usemtl Surface_2
f 3340/3340 3338/3338 3337/3337
usemtl Surface_2
f 3339/3339 3338/3338 3340/3340
usemtl Surface_2
f 3344/3344 3342/3342 3341/3341
usemtl Surface_2
f 3343/3343 3342/3342 3344/3344
usemtl Surface_2
f 3348/3348 3346/3346 3345/3345
usemtl Surface_2
f 3347/3347 3346/3346 3348/3348
usemtl Surface_2
f 3352/3352 3350/3350 3349/3349
usemtl Surface_2
f 3351/3351 3350/3350 3352/3352
usemtl Surface_2
f 3356/3356 3354/3354 3353/3353
usemtl Surface_2
f 3355/3355 3354/3354 3356/3356
usemtl Surface_2
f 3360/3360 3358/3358 3357/3357
usemtl Surface_2
f 3359/3359 3358/3358 3360/3360
usemtl Surface_2
f 3364/3364 3362/3362 3361/3361
usemtl Surface_2
f 3363/3363 3362/3362 3364/3364
usemtl Surface_2
f 3368/3368 3366/3366 3365/3365
usemtl Surface_2
f 3367/3367 3366/3366 3368/3368
usemtl Surface_2
f 3372/3372 3370/3370 3369/3369
usemtl Surface_2
f 3371/3371 3370/3370 3372/3372
usemtl Surface_2
f 3376/3376 3374/3374 3373/3373
usemtl Surface_2
f 3375/3375 3374/3374 3376/3376
usemtl Surface_2
f 3380/3380 3378/3378 3377/3377
usemtl Surface_2
f 3379/3379 3378/3378 3380/3380
usemtl Surface_2
f 3384/3384 3382/3382 3381/3381
usemtl Surface_2
f 3383/3383 3382/3382 3384/3384
usemtl Surface_2
f 3388/3388 3386/3386 3385/3385
usemtl Surface_2
f 3387/3387 3386/3386 3388/3388
usemtl Surface_2
f 3392/3392 3390/3390 3389/3389
usemtl Surface_2
f 3391/3391 3390/3390 3392/3392
usemtl Surface_2
f 3396/3396 3394/3394 3393/3393
usemtl Surface_2
f 3395/3395 3394/3394 3396/3396
usemtl Surface_2
f 3400/3400 3398/3398 3397/3397
usemtl Surface_2
f 3399/3399 3398/3398 3400/3400
usemtl Surface_2
f 3404/3404 3402/3402 3401/3401
usemtl Surface_2
f 3403/3403 3402/3402 3404/3404
usemtl Surface_2
f 3408/3408 3406/3406 3405/3405
usemtl Surface_2
f 3407/3407 3406/3406 3408/3408
usemtl Surface_2
f 3412/3412 3410/3410 3409/3409
usemtl Surface_2
f 3411/3411 3410/3410 3412/3412
usemtl Surface_2
f 3416/3416 3414/3414 3413/3413
usemtl Surface_2
f 3415/3415 3414/3414 3416/3416
usemtl Surface_2
f 3420/3420 3418/3418 3417/3417
usemtl Surface_2
f 3419/3419 3418/3418 3420/3420
usemtl Surface_2
f 3424/3424 3422/3422 3421/3421
usemtl Surface_2
f 3423/3423 3422/3422 3424/3424
usemtl Surface_2
f 3428/3428 3426/3426 3425/3425
usemtl Surface_2
f 3427/3427 3426/3426 3428/3428
usemtl Surface_2
f 3432/3432 3430/3430 3429/3429
usemtl Surface_2
f 3431/3431 3430/3430 3432/3432
usemtl Surface_2
f 3436/3436 3434/3434 3433/3433
usemtl Surface_2
f 3435/3435 3434/3434 3436/3436
usemtl Surface_2
f 3440/3440 3438/3438 3437/3437
usemtl Surface_2
f 3439/3439 3438/3438 3440/3440
usemtl Surface_2
f 3444/3444 3442/3442 3441/3441
usemtl Surface_2
f 3443/3443 3442/3442 3444/3444
usemtl Surface_2
f 3448/3448 3446/3446 3445/3445
usemtl Surface_2
f 3447/3447 3446/3446 3448/3448
usemtl Surface_2
f 3452/3452 3450/3450 3449/3449
usemtl Surface_2
f 3451/3451 3450/3450 3452/3452
usemtl Surface_2
f 3456/3456 3454/3454 3453/3453
usemtl Surface_2
f 3455/3455 3454/3454 3456/3456
usemtl Surface_2
f 3460/3460 3458/3458 3457/3457
usemtl Surface_2
f 3459/3459 3458/3458 3460/3460
usemtl Surface_2
f 3464/3464 3462/3462 3461/3461
usemtl Surface_2
f 3463/3463 3462/3462 3464/3464
usemtl Surface_2
f 3468/3468 3466/3466 3465/3465
usemtl Surface_2
f 3467/3467 3466/3466 3468/3468
usemtl Surface_2
f 3472/3472 3470/3470 3469/3469
usemtl Surface_2
f 3471/3471 3470/3470 3472/3472
usemtl Surface_2
f 3476/3476 3474/3474 3473/3473
usemtl Surface_2
f 3475/3475 3474/3474 3476/3476
usemtl Surface_2
f 3480/3480 3478/3478 3477/3477
usemtl Surface_2
f 3479/3479 3478/3478 3480/3480
usemtl Surface_2
f 3484/3484 3482/3482 3481/3481
usemtl Surface_2
f 3483/3483 3482/3482 3484/3484
usemtl Surface_2
f 3488/3488 3486/3486 3485/3485
usemtl Surface_2
f 3487/3487 3486/3486 3488/3488
usemtl Surface_2
f 3492/3492 3490/3490 3489/3489
usemtl Surface_2
f 3491/3491 3490/3490 3492/3492
usemtl Surface_2
f 3496/3496 3494/3494 3493/3493
usemtl Surface_2
f 3495/3495 3494/3494 3496/3496
usemtl Surface_2
f 3500/3500 3498/3498 3497/3497
usemtl Surface_2
f 3499/3499 3498/3498 3500/3500
usemtl Surface_2
f 3504/3504 3502/3502 3501/3501
usemtl Surface_2
f 3503/3503 3502/3502 3504/3504
usemtl Surface_2
f 3508/3508 3506/3506 3505/3505
usemtl Surface_2
f 3507/3507 3506/3506 3508/3508
usemtl Surface_2
f 3512/3512 3510/3510 3509/3509
usemtl Surface_2
f 3511/3511 3510/3510 3512/3512
usemtl Surface_2
f 3516/3516 3514/3514 3513/3513
usemtl Surface_2
f 3515/3515 3514/3514 3516/3516
usemtl Surface_2
f 3520/3520 3518/3518 3517/3517
usemtl Surface_2
f 3519/3519 3518/3518 3520/3520
usemtl Surface_2
f 3524/3524 3522/3522 3521/3521
usemtl Surface_2
f 3523/3523 3522/3522 3524/3524
usemtl Surface_2
f 3528/3528 3526/3526 3525/3525
usemtl Surface_2
f 3527/3527 3526/3526 3528/3528
usemtl Surface_2
f 3532/3532 3530/3530 3529/3529
usemtl Surface_2
f 3531/3531 3530/3530 3532/3532
usemtl Surface_2
f 3536/3536 3534/3534 3533/3533
usemtl Surface_2
f 3535/3535 3534/3534 3536/3536
usemtl Surface_2
f 3540/3540 3538/3538 3537/3537
usemtl Surface_2
f 3539/3539 3538/3538 3540/3540
usemtl Surface_2
f 3544/3544 3542/3542 3541/3541
usemtl Surface_2
f 3543/3543 3542/3542 3544/3544
usemtl Surface_2
f 3548/3548 3546/3546 3545/3545
usemtl Surface_2
f 3547/3547 3546/3546 3548/3548
usemtl Surface_2
f 3552/3552 3550/3550 3549/3549
usemtl Surface_2
f 3551/3551 3550/3550 3552/3552
usemtl Surface_2
f 3556/3556 3554/3554 3553/3553
usemtl Surface_2
f 3555/3555 3554/3554 3556/3556
usemtl Surface_2
f 3560/3560 3558/3558 3557/3557
usemtl Surface_2
f 3559/3559 3558/3558 3560/3560
usemtl Surface_2
f 3564/3564 3562/3562 3561/3561
usemtl Surface_2
f 3563/3563 3562/3562 3564/3564
usemtl Surface_2
f 3568/3568 3566/3566 3565/3565
usemtl Surface_2
f 3567/3567 3566/3566 3568/3568
usemtl Surface_2
f 3572/3572 3570/3570 3569/3569
usemtl Surface_2
f 3571/3571 3570/3570 3572/3572
usemtl Surface_2
f 3576/3576 3574/3574 3573/3573
usemtl Surface_2
f 3575/3575 3574/3574 3576/3576
usemtl Surface_2
f 3580/3580 3578/3578 3577/3577
usemtl Surface_2
f 3579/3579 3578/3578 3580/3580
usemtl Surface_2
f 3584/3584 3582/3582 3581/3581
usemtl Surface_2
f 3583/3583 3582/3582 3584/3584
usemtl Surface_2
f 3588/3588 3586/3586 3585/3585
usemtl Surface_2
f 3587/3587 3586/3586 3588/3588
usemtl Surface_2
f 3592/3592 3590/3590 3589/3589
usemtl Surface_2
f 3591/3591 3590/3590 3592/3592
usemtl Surface_2
f 3596/3596 3594/3594 3593/3593
usemtl Surface_2
f 3595/3595 3594/3594 3596/3596
usemtl Surface_2
f 3600/3600 3598/3598 3597/3597
usemtl Surface_2
f 3599/3599 3598/3598 3600/3600
usemtl Surface_2
f 3604/3604 3602/3602 3601/3601
usemtl Surface_2
f 3603/3603 3602/3602 3604/3604
usemtl Surface_2
f 3608/3608 3606/3606 3605/3605
usemtl Surface_2
f 3607/3607 3606/3606 3608/3608
usemtl Surface_2
f 3612/3612 3610/3610 3609/3609
usemtl Surface_2
f 3611/3611 3610/3610 3612/3612
usemtl Surface_2
f 3616/3616 3614/3614 3613/3613
usemtl Surface_2
f 3615/3615 3614/3614 3616/3616
usemtl Surface_2
f 3620/3620 3618/3618 3617/3617
usemtl Surface_2
f 3619/3619 3618/3618 3620/3620
usemtl Surface_2
f 3624/3624 3622/3622 3621/3621
usemtl Surface_2
f 3623/3623 3622/3622 3624/3624
usemtl Surface_4
f 3628/3628 3626/3626 3625/3625
usemtl Surface_4
f 3627/3627 3626/3626 3628/3628
usemtl Surface_4
f 3632/3632 3630/3630 3629/3629
usemtl Surface_4
f 3631/3631 3630/3630 3632/3632
usemtl Surface_4
f 3636/3636 3634/3634 3633/3633
usemtl Surface_4
f 3635/3635 3634/3634 3636/3636
usemtl Surface_4
f 3640/3640 3638/3638 3637/3637
usemtl Surface_4
f 3639/3639 3638/3638 3640/3640
usemtl Surface_4
f 3644/3644 3642/3642 3641/3641
usemtl Surface_4
f 3643/3643 3642/3642 3644/3644
usemtl Surface_4
f 3648/3648 3646/3646 3645/3645
usemtl Surface_4
f 3647/3647 3646/3646 3648/3648
usemtl Surface_4
f 3652/3652 3650/3650 3649/3649
usemtl Surface_4
f 3651/3651 3650/3650 3652/3652
usemtl Surface_4
f 3656/3656 3654/3654 3653/3653
usemtl Surface_4
f 3655/3655 3654/3654 3656/3656
usemtl Surface_4
f 3660/3660 3658/3658 3657/3657
usemtl Surface_4
f 3659/3659 3658/3658 3660/3660
usemtl Surface_4
f 3664/3664 3662/3662 3661/3661
usemtl Surface_4
f 3663/3663 3662/3662 3664/3664
usemtl Surface_4
f 3668/3668 3666/3666 3665/3665
usemtl Surface_4
f 3667/3667 3666/3666 3668/3668
usemtl Surface_4
f 3672/3672 3670/3670 3669/3669
usemtl Surface_4
f 3671/3671 3670/3670 3672/3672
usemtl Surface_4
f 3676/3676 3674/3674 3673/3673
usemtl Surface_4
f 3675/3675 3674/3674 3676/3676
usemtl Surface_4
f 3680/3680 3678/3678 3677/3677
usemtl Surface_4
f 3679/3679 3678/3678 3680/3680
usemtl Surface_4
f 3684/3684 3682/3682 3681/3681
usemtl Surface_4
f 3683/3683 3682/3682 3684/3684
usemtl Surface_4
f 3688/3688 3686/3686 3685/3685
usemtl Surface_4
f 3687/3687 3686/3686 3688/3688
usemtl Surface_4
f 3692/3692 3690/3690 3689/3689
usemtl Surface_4
f 3691/3691 3690/3690 3692/3692
usemtl Surface_4
f 3696/3696 3694/3694 3693/3693
usemtl Surface_4
f 3695/3695 3694/3694 3696/3696
usemtl Surface_4
f 3700/3700 3698/3698 3697/3697
usemtl Surface_4
f 3699/3699 3698/3698 3700/3700
usemtl Surface_4
f 3704/3704 3702/3702 3701/3701
usemtl Surface_4
f 3703/3703 3702/3702 3704/3704
usemtl Surface_4
f 3724/3724 3706/3706 3705/3705
usemtl Surface_4
f 3723/3723 3706/3706 3724/3724
usemtl Surface_4
f 3722/3722 3706/3706 3723/3723
usemtl Surface_4
f 3721/3721 3706/3706 3722/3722
usemtl Surface_4
f 3720/3720 3706/3706 3721/3721
usemtl Surface_4
f 3719/3719 3706/3706 3720/3720
usemtl Surface_4
f 3718/3718 3706/3706 3719/3719
usemtl Surface_4
f 3717/3717 3706/3706 3718/3718
usemtl Surface_4
f 3716/3716 3706/3706 3717/3717
usemtl Surface_4
f 3715/3715 3706/3706 3716/3716
usemtl Surface_4
f 3714/3714 3706/3706 3715/3715
usemtl Surface_4
f 3713/3713 3706/3706 3714/3714
usemtl Surface_4
f 3712/3712 3706/3706 3713/3713
usemtl Surface_4
f 3711/3711 3706/3706 3712/3712
usemtl Surface_4
f 3710/3710 3706/3706 3711/3711
usemtl Surface_4
f 3709/3709 3706/3706 3710/3710
usemtl Surface_4
f 3708/3708 3706/3706 3709/3709
usemtl Surface_4
f 3707/3707 3706/3706 3708/3708
usemtl Surface_4
f 3744/3744 3726/3726 3725/3725
usemtl Surface_4
f 3743/3743 3726/3726 3744/3744
usemtl Surface_4
f 3742/3742 3726/3726 3743/3743
usemtl Surface_4
f 3741/3741 3726/3726 3742/3742
usemtl Surface_4
f 3740/3740 3726/3726 3741/3741
usemtl Surface_4
f 3739/3739 3726/3726 3740/3740
usemtl Surface_4
f 3738/3738 3726/3726 3739/3739
usemtl Surface_4
f 3737/3737 3726/3726 3738/3738
usemtl Surface_4
f 3736/3736 3726/3726 3737/3737
usemtl Surface_4
f 3735/3735 3726/3726 3736/3736
usemtl Surface_4
f 3734/3734 3726/3726 3735/3735
usemtl Surface_4
f 3733/3733 3726/3726 3734/3734
usemtl Surface_4
f 3732/3732 3726/3726 3733/3733
usemtl Surface_4
f 3731/3731 3726/3726 3732/3732
usemtl Surface_4
f 3730/3730 3726/3726 3731/3731
usemtl Surface_4
f 3729/3729 3726/3726 3730/3730
usemtl Surface_4
f 3728/3728 3726/3726 3729/3729
usemtl Surface_4
f 3727/3727 3726/3726 3728/3728
usemtl Surface_4
f 3748/3748 3746/3746 3745/3745
usemtl Surface_4
f 3747/3747 3746/3746 3748/3748
usemtl Surface_4
f 3752/3752 3750/3750 3749/3749
usemtl Surface_4
f 3751/3751 3750/3750 3752/3752
usemtl Surface_4
f 3756/3756 3754/3754 3753/3753
usemtl Surface_4
f 3755/3755 3754/3754 3756/3756
usemtl Surface_4
f 3760/3760 3758/3758 3757/3757
usemtl Surface_4
f 3759/3759 3758/3758 3760/3760
usemtl Surface_4
f 3764/3764 3762/3762 3761/3761
usemtl Surface_4
f 3763/3763 3762/3762 3764/3764
usemtl Surface_4
f 3768/3768 3766/3766 3765/3765
usemtl Surface_4
f 3767/3767 3766/3766 3768/3768
usemtl Surface_4
f 3772/3772 3770/3770 3769/3769
usemtl Surface_4
f 3771/3771 3770/3770 3772/3772
usemtl Surface_4
f 3776/3776 3774/3774 3773/3773
usemtl Surface_4
f 3775/3775 3774/3774 3776/3776
usemtl Surface_4
f 3780/3780 3778/3778 3777/3777
usemtl Surface_4
f 3779/3779 3778/3778 3780/3780
usemtl Surface_4
f 3784/3784 3782/3782 3781/3781
usemtl Surface_4
f 3783/3783 3782/3782 3784/3784
usemtl Surface_4
f 3794/3794 3786/3786 3785/3785
usemtl Surface_4
f 3793/3793 3786/3786 3794/3794
usemtl Surface_4
f 3792/3792 3786/3786 3793/3793
usemtl Surface_4
f 3791/3791 3786/3786 3792/3792
usemtl Surface_4
f 3790/3790 3786/3786 3791/3791
usemtl Surface_4
f 3789/3789 3786/3786 3790/3790
usemtl Surface_4
f 3788/3788 3786/3786 3789/3789
usemtl Surface_4
f 3787/3787 3786/3786 3788/3788
usemtl Surface_4
f 3804/3804 3796/3796 3795/3795
usemtl Surface_4
f 3803/3803 3796/3796 3804/3804
usemtl Surface_4
f 3802/3802 3796/3796 3803/3803
usemtl Surface_4
f 3801/3801 3796/3796 3802/3802
usemtl Surface_4
f 3800/3800 3796/3796 3801/3801
usemtl Surface_4
f 3799/3799 3796/3796 3800/3800
usemtl Surface_4
f 3798/3798 3796/3796 3799/3799
usemtl Surface_4
f 3797/3797 3796/3796 3798/3798
usemtl Surface_2
f 3808/3808 3806/3806 3805/3805
usemtl Surface_2
f 3807/3807 3806/3806 3808/3808
usemtl Surface_2
f 3812/3812 3810/3810 3809/3809
usemtl Surface_2
f 3811/3811 3810/3810 3812/3812
usemtl Surface_2
f 3816/3816 3814/3814 3813/3813
usemtl Surface_2
f 3815/3815 3814/3814 3816/3816
usemtl Surface_2
f 3820/3820 3818/3818 3817/3817
usemtl Surface_2
f 3819/3819 3818/3818 3820/3820
usemtl Surface_2
f 3824/3824 3822/3822 3821/3821
usemtl Surface_2
f 3823/3823 3822/3822 3824/3824
usemtl Surface_2
f 3828/3828 3826/3826 3825/3825
usemtl Surface_2
f 3827/3827 3826/3826 3828/3828
usemtl Surface_4
f 3832/3832 3830/3830 3829/3829
usemtl Surface_4
f 3831/3831 3830/3830 3832/3832
usemtl Surface_4
f 3836/3836 3834/3834 3833/3833
usemtl Surface_4
f 3835/3835 3834/3834 3836/3836
usemtl Surface_4
f 3840/3840 3838/3838 3837/3837
usemtl Surface_4
f 3839/3839 3838/3838 3840/3840
usemtl Surface_4
f 3844/3844 3842/3842 3841/3841
usemtl Surface_4
f 3843/3843 3842/3842 3844/3844
usemtl Surface_4
f 3848/3848 3846/3846 3845/3845
usemtl Surface_4
f 3847/3847 3846/3846 3848/3848
usemtl Surface_4
f 3852/3852 3850/3850 3849/3849
usemtl Surface_4
f 3851/3851 3850/3850 3852/3852
usemtl Surface_4
f 3856/3856 3854/3854 3853/3853
usemtl Surface_4
f 3855/3855 3854/3854 3856/3856
usemtl Surface_4
f 3860/3860 3858/3858 3857/3857
usemtl Surface_4
f 3859/3859 3858/3858 3860/3860
usemtl Surface_4
f 3864/3864 3862/3862 3861/3861
usemtl Surface_4
f 3863/3863 3862/3862 3864/3864
usemtl Surface_4
f 3868/3868 3866/3866 3865/3865
usemtl Surface_4
f 3867/3867 3866/3866 3868/3868
usemtl Surface_4
f 3872/3872 3870/3870 3869/3869
usemtl Surface_4
f 3871/3871 3870/3870 3872/3872
usemtl Surface_4
f 3876/3876 3874/3874 3873/3873
usemtl Surface_4
f 3875/3875 3874/3874 3876/3876
usemtl Surface_4
f 3880/3880 3878/3878 3877/3877
usemtl Surface_4
f 3879/3879 3878/3878 3880/3880
usemtl Surface_4
f 3884/3884 3882/3882 3881/3881
usemtl Surface_4
f 3883/3883 3882/3882 3884/3884
usemtl Surface_4
f 3888/3888 3886/3886 3885/3885
usemtl Surface_4
f 3887/3887 3886/3886 3888/3888
usemtl Surface_4
f 3892/3892 3890/3890 3889/3889
usemtl Surface_4
f 3891/3891 3890/3890 3892/3892
usemtl Surface_4
f 3896/3896 3894/3894 3893/3893
usemtl Surface_4
f 3895/3895 3894/3894 3896/3896
usemtl Surface_4
f 3900/3900 3898/3898 3897/3897
usemtl Surface_4
f 3899/3899 3898/3898 3900/3900
usemtl Surface_4
f 3904/3904 3902/3902 3901/3901
usemtl Surface_4
f 3903/3903 3902/3902 3904/3904
usemtl Surface_4
f 3908/3908 3906/3906 3905/3905
usemtl Surface_4
f 3907/3907 3906/3906 3908/3908
usemtl Surface_4
f 3928/3928 3910/3910 3909/3909
usemtl Surface_4
f 3927/3927 3910/3910 3928/3928
usemtl Surface_4
f 3926/3926 3910/3910 3927/3927
usemtl Surface_4
f 3925/3925 3910/3910 3926/3926
usemtl Surface_4
f 3924/3924 3910/3910 3925/3925
usemtl Surface_4
f 3923/3923 3910/3910 3924/3924
usemtl Surface_4
f 3922/3922 3910/3910 3923/3923
usemtl Surface_4
f 3921/3921 3910/3910 3922/3922
usemtl Surface_4
f 3920/3920 3910/3910 3921/3921
usemtl Surface_4
f 3919/3919 3910/3910 3920/3920
usemtl Surface_4
f 3918/3918 3910/3910 3919/3919
usemtl Surface_4
f 3917/3917 3910/3910 3918/3918
usemtl Surface_4
f 3916/3916 3910/3910 3917/3917
usemtl Surface_4
f 3915/3915 3910/3910 3916/3916
usemtl Surface_4
f 3914/3914 3910/3910 3915/3915
usemtl Surface_4
f 3913/3913 3910/3910 3914/3914
usemtl Surface_4
f 3912/3912 3910/3910 3913/3913
usemtl Surface_4
f 3911/3911 3910/3910 3912/3912
usemtl Surface_4
f 3948/3948 3930/3930 3929/3929
usemtl Surface_4
f 3947/3947 3930/3930 3948/3948
usemtl Surface_4
f 3946/3946 3930/3930 3947/3947
usemtl Surface_4
f 3945/3945 3930/3930 3946/3946
usemtl Surface_4
f 3944/3944 3930/3930 3945/3945
usemtl Surface_4
f 3943/3943 3930/3930 3944/3944
usemtl Surface_4
f 3942/3942 3930/3930 3943/3943
usemtl Surface_4
f 3941/3941 3930/3930 3942/3942
usemtl Surface_4
f 3940/3940 3930/3930 3941/3941
usemtl Surface_4
f 3939/3939 3930/3930 3940/3940
usemtl Surface_4
f 3938/3938 3930/3930 3939/3939
usemtl Surface_4
f 3937/3937 3930/3930 3938/3938
usemtl Surface_4
f 3936/3936 3930/3930 3937/3937
usemtl Surface_4
f 3935/3935 3930/3930 3936/3936
usemtl Surface_4
f 3934/3934 3930/3930 3935/3935
usemtl Surface_4
f 3933/3933 3930/3930 3934/3934
usemtl Surface_4
f 3932/3932 3930/3930 3933/3933
usemtl Surface_4
f 3931/3931 3930/3930 3932/3932
usemtl Surface_4
f 3952/3952 3950/3950 3949/3949
usemtl Surface_4
f 3951/3951 3950/3950 3952/3952
usemtl Surface_4
f 3956/3956 3954/3954 3953/3953
usemtl Surface_4
f 3955/3955 3954/3954 3956/3956
usemtl Surface_4
f 3960/3960 3958/3958 3957/3957
usemtl Surface_4
f 3959/3959 3958/3958 3960/3960
usemtl Surface_4
f 3964/3964 3962/3962 3961/3961
usemtl Surface_4
f 3963/3963 3962/3962 3964/3964
usemtl Surface_4
f 3968/3968 3966/3966 3965/3965
usemtl Surface_4
f 3967/3967 3966/3966 3968/3968
usemtl Surface_4
f 3972/3972 3970/3970 3969/3969
usemtl Surface_4
f 3971/3971 3970/3970 3972/3972
usemtl Surface_4
f 3976/3976 3974/3974 3973/3973
usemtl Surface_4
f 3975/3975 3974/3974 3976/3976
usemtl Surface_4
f 3980/3980 3978/3978 3977/3977
usemtl Surface_4
f 3979/3979 3978/3978 3980/3980
usemtl Surface_4
f 3984/3984 3982/3982 3981/3981
usemtl Surface_4
f 3983/3983 3982/3982 3984/3984
usemtl Surface_4
f 3988/3988 3986/3986 3985/3985
usemtl Surface_4
f 3987/3987 3986/3986 3988/3988
usemtl Surface_4
f 3998/3998 3990/3990 3989/3989
usemtl Surface_4
f 3997/3997 3990/3990 3998/3998
usemtl Surface_4
f 3996/3996 3990/3990 3997/3997
usemtl Surface_4
f 3995/3995 3990/3990 3996/3996
usemtl Surface_4
f 3994/3994 3990/3990 3995/3995
usemtl Surface_4
f 3993/3993 3990/3990 3994/3994
usemtl Surface_4
f 3992/3992 3990/3990 3993/3993
usemtl Surface_4
f 3991/3991 3990/3990 3992/3992
usemtl Surface_4
f 4008/4008 4000/4000 3999/3999
usemtl Surface_4
f 4007/4007 4000/4000 4008/4008
usemtl Surface_4
f 4006/4006 4000/4000 4007/4007
usemtl Surface_4
f 4005/4005 4000/4000 4006/4006
usemtl Surface_4
f 4004/4004 4000/4000 4005/4005
usemtl Surface_4
f 4003/4003 4000/4000 4004/4004
usemtl Surface_4
f 4002/4002 4000/4000 4003/4003
usemtl Surface_4
f 4001/4001 4000/4000 4002/4002
usemtl Surface_2
f 4012/4012 4010/4010 4009/4009
usemtl Surface_2
f 4011/4011 4010/4010 4012/4012
usemtl Surface_2
f 4016/4016 4014/4014 4013/4013
usemtl Surface_2
f 4015/4015 4014/4014 4016/4016
usemtl Surface_2
f 4020/4020 4018/4018 4017/4017
usemtl Surface_2
f 4019/4019 4018/4018 4020/4020
usemtl Surface_2
f 4024/4024 4022/4022 4021/4021
usemtl Surface_2
f 4023/4023 4022/4022 4024/4024
usemtl Surface_2
f 4028/4028 4026/4026 4025/4025
usemtl Surface_2
f 4027/4027 4026/4026 4028/4028
usemtl Surface_2
f 4032/4032 4030/4030 4029/4029
usemtl Surface_2
f 4031/4031 4030/4030 4032/4032
usemtl Surface_1
f 4036/4036 4034/4034 4033/4033
usemtl Surface_1
f 4035/4035 4034/4034 4036/4036
usemtl Surface_2
f 4040/4040 4038/4038 4037/4037
usemtl Surface_2
f 4039/4039 4038/4038 4040/4040
usemtl Surface_1
f 4044/4044 4042/4042 4041/4041
usemtl Surface_1
f 4043/4043 4042/4042 4044/4044
usemtl Surface_2
f 4048/4048 4046/4046 4045/4045
usemtl Surface_2
f 4047/4047 4046/4046 4048/4048
usemtl Surface_1
f 4052/4052 4050/4050 4049/4049
usemtl Surface_1
f 4051/4051 4050/4050 4052/4052
usemtl Surface_2
f 4056/4056 4054/4054 4053/4053
usemtl Surface_2
f 4055/4055 4054/4054 4056/4056
usemtl Surface_1
f 4060/4060 4058/4058 4057/4057
usemtl Surface_1
f 4059/4059 4058/4058 4060/4060
usemtl Surface_2
f 4064/4064 4062/4062 4061/4061
usemtl Surface_2
f 4063/4063 4062/4062 4064/4064
usemtl Surface_1
f 4068/4068 4066/4066 4065/4065
usemtl Surface_1
f 4067/4067 4066/4066 4068/4068
usemtl Surface_2
f 4072/4072 4070/4070 4069/4069
usemtl Surface_2
f 4071/4071 4070/4070 4072/4072
usemtl Surface_1
f 4076/4076 4074/4074 4073/4073
usemtl Surface_1
f 4075/4075 4074/4074 4076/4076
usemtl Surface_2
f 4080/4080 4078/4078 4077/4077
usemtl Surface_2
f 4079/4079 4078/4078 4080/4080
usemtl Surface_1
f 4084/4084 4082/4082 4081/4081
usemtl Surface_1
f 4083/4083 4082/4082 4084/4084
usemtl Surface_2
f 4088/4088 4086/4086 4085/4085
usemtl Surface_2
f 4087/4087 4086/4086 4088/4088
usemtl Surface_1
f 4092/4092 4090/4090 4089/4089
usemtl Surface_1
f 4091/4091 4090/4090 4092/4092
usemtl Surface_2
f 4096/4096 4094/4094 4093/4093
usemtl Surface_2
f 4095/4095 4094/4094 4096/4096
usemtl Surface_1
f 4100/4100 4098/4098 4097/4097
usemtl Surface_1
f 4099/4099 4098/4098 4100/4100
usemtl Surface_2
f 4104/4104 4102/4102 4101/4101
usemtl Surface_2
f 4103/4103 4102/4102 4104/4104
usemtl Surface_1
f 4108/4108 4106/4106 4105/4105
usemtl Surface_1
f 4107/4107 4106/4106 4108/4108
usemtl Surface_2
f 4112/4112 4110/4110 4109/4109
usemtl Surface_2
f 4111/4111 4110/4110 4112/4112
usemtl Surface_1
f 4116/4116 4114/4114 4113/4113
usemtl Surface_1
f 4115/4115 4114/4114 4116/4116
usemtl Surface_2
f 4120/4120 4118/4118 4117/4117
usemtl Surface_2
f 4119/4119 4118/4118 4120/4120
usemtl Surface_1
f 4124/4124 4122/4122 4121/4121
usemtl Surface_1
f 4123/4123 4122/4122 4124/4124
usemtl Surface_2
f 4128/4128 4126/4126 4125/4125
usemtl Surface_2
f 4127/4127 4126/4126 4128/4128
usemtl Surface_1
f 4132/4132 4130/4130 4129/4129
usemtl Surface_1
f 4131/4131 4130/4130 4132/4132
usemtl Surface_2
f 4136/4136 4134/4134 4133/4133
usemtl Surface_2
f 4135/4135 4134/4134 4136/4136
usemtl Surface_1
f 4140/4140 4138/4138 4137/4137
usemtl Surface_1
f 4139/4139 4138/4138 4140/4140
usemtl Surface_2
f 4144/4144 4142/4142 4141/4141
usemtl Surface_2
f 4143/4143 4142/4142 4144/4144
usemtl Surface_1
f 4148/4148 4146/4146 4145/4145
usemtl Surface_1
f 4147/4147 4146/4146 4148/4148
usemtl Surface_2
f 4152/4152 4150/4150 4149/4149
usemtl Surface_2
f 4151/4151 4150/4150 4152/4152
usemtl Surface_1
f 4156/4156 4154/4154 4153/4153
usemtl Surface_1
f 4155/4155 4154/4154 4156/4156
usemtl Surface_2
f 4160/4160 4158/4158 4157/4157
usemtl Surface_2
f 4159/4159 4158/4158 4160/4160
usemtl Surface_1
f 4164/4164 4162/4162 4161/4161
usemtl Surface_1
f 4163/4163 4162/4162 4164/4164
usemtl Surface_2
f 4168/4168 4166/4166 4165/4165
usemtl Surface_2
f 4167/4167 4166/4166 4168/4168
usemtl Surface_1
f 4172/4172 4170/4170 4169/4169
usemtl Surface_1
f 4171/4171 4170/4170 4172/4172
usemtl Surface_2
f 4176/4176 4174/4174 4173/4173
usemtl Surface_2
f 4175/4175 4174/4174 4176/4176
usemtl Surface_1
f 4180/4180 4178/4178 4177/4177
usemtl Surface_1
f 4179/4179 4178/4178 4180/4180
usemtl Surface_2
f 4184/4184 4182/4182 4181/4181
usemtl Surface_2
f 4183/4183 4182/4182 4184/4184
usemtl Surface_1
f 4188/4188 4186/4186 4185/4185
usemtl Surface_1
f 4187/4187 4186/4186 4188/4188
usemtl Surface_2
f 4192/4192 4190/4190 4189/4189
usemtl Surface_2
f 4191/4191 4190/4190 4192/4192
usemtl Surface_1
f 4196/4196 4194/4194 4193/4193
usemtl Surface_1
f 4195/4195 4194/4194 4196/4196
usemtl Surface_2
f 4200/4200 4198/4198 4197/4197
usemtl Surface_2
f 4199/4199 4198/4198 4200/4200
usemtl Surface_1
f 4204/4204 4202/4202 4201/4201
usemtl Surface_1
f 4203/4203 4202/4202 4204/4204
usemtl Surface_2
f 4208/4208 4206/4206 4205/4205
usemtl Surface_2
f 4207/4207 4206/4206 4208/4208
usemtl Surface_1
f 4212/4212 4210/4210 4209/4209
usemtl Surface_1
f 4211/4211 4210/4210 4212/4212
usemtl Surface_2
f 4216/4216 4214/4214 4213/4213
usemtl Surface_2
f 4215/4215 4214/4214 4216/4216
usemtl Surface_1
f 4220/4220 4218/4218 4217/4217
usemtl Surface_1
f 4219/4219 4218/4218 4220/4220
usemtl Surface_2
f 4224/4224 4222/4222 4221/4221
usemtl Surface_2
f 4223/4223 4222/4222 4224/4224
usemtl Surface_2
f 4228/4228 4226/4226 4225/4225
usemtl Surface_2
f 4227/4227 4226/4226 4228/4228
usemtl Surface_2
f 4232/4232 4230/4230 4229/4229
usemtl Surface_2
f 4231/4231 4230/4230 4232/4232
usemtl Surface_2
f 4236/4236 4234/4234 4233/4233
usemtl Surface_2
f 4235/4235 4234/4234 4236/4236
usemtl Surface_2
f 4240/4240 4238/4238 4237/4237
usemtl Surface_2
f 4239/4239 4238/4238 4240/4240
usemtl Surface_2
f 4244/4244 4242/4242 4241/4241
usemtl Surface_2
f 4243/4243 4242/4242 4244/4244
usemtl Surface_2
f 4248/4248 4246/4246 4245/4245
usemtl Surface_2
f 4247/4247 4246/4246 4248/4248
usemtl Surface_2
f 4252/4252 4250/4250 4249/4249
usemtl Surface_2
f 4251/4251 4250/4250 4252/4252
usemtl Surface_2
f 4256/4256 4254/4254 4253/4253
usemtl Surface_2
f 4255/4255 4254/4254 4256/4256
usemtl Surface_2
f 4260/4260 4258/4258 4257/4257
usemtl Surface_2
f 4259/4259 4258/4258 4260/4260
usemtl Surface_2
f 4264/4264 4262/4262 4261/4261
usemtl Surface_2
f 4263/4263 4262/4262 4264/4264
usemtl Surface_2
f 4268/4268 4266/4266 4265/4265
usemtl Surface_2
f 4267/4267 4266/4266 4268/4268
usemtl Surface_2
f 4272/4272 4270/4270 4269/4269
usemtl Surface_2
f 4271/4271 4270/4270 4272/4272
usemtl Surface_2
f 4276/4276 4274/4274 4273/4273
usemtl Surface_2
f 4275/4275 4274/4274 4276/4276
usemtl Surface_2
f 4280/4280 4278/4278 4277/4277
usemtl Surface_2
f 4279/4279 4278/4278 4280/4280
usemtl Surface_2
f 4284/4284 4282/4282 4281/4281
usemtl Surface_2
f 4283/4283 4282/4282 4284/4284
usemtl Surface_2
f 4288/4288 4286/4286 4285/4285
usemtl Surface_2
f 4287/4287 4286/4286 4288/4288
usemtl Surface_2
f 4292/4292 4290/4290 4289/4289
usemtl Surface_2
f 4291/4291 4290/4290 4292/4292
usemtl Surface_2
f 4296/4296 4294/4294 4293/4293
usemtl Surface_2
f 4295/4295 4294/4294 4296/4296
usemtl Surface_2
f 4300/4300 4298/4298 4297/4297
usemtl Surface_2
f 4299/4299 4298/4298 4300/4300
usemtl Surface_2
f 4304/4304 4302/4302 4301/4301
usemtl Surface_2
f 4303/4303 4302/4302 4304/4304
usemtl Surface_2
f 4308/4308 4306/4306 4305/4305
usemtl Surface_2
f 4307/4307 4306/4306 4308/4308
usemtl Surface_2
f 4312/4312 4310/4310 4309/4309
usemtl Surface_2
f 4311/4311 4310/4310 4312/4312
usemtl Surface_2
f 4316/4316 4314/4314 4313/4313
usemtl Surface_2
f 4315/4315 4314/4314 4316/4316
usemtl Surface_2
f 4320/4320 4318/4318 4317/4317
usemtl Surface_2
f 4319/4319 4318/4318 4320/4320
usemtl Surface_2
f 4324/4324 4322/4322 4321/4321
usemtl Surface_2
f 4323/4323 4322/4322 4324/4324
usemtl Surface_2
f 4328/4328 4326/4326 4325/4325
usemtl Surface_2
f 4327/4327 4326/4326 4328/4328
usemtl Surface_2
f 4332/4332 4330/4330 4329/4329
usemtl Surface_2
f 4331/4331 4330/4330 4332/4332
usemtl Surface_2
f 4336/4336 4334/4334 4333/4333
usemtl Surface_2
f 4335/4335 4334/4334 4336/4336
usemtl Surface_2
f 4340/4340 4338/4338 4337/4337
usemtl Surface_2
f 4339/4339 4338/4338 4340/4340
usemtl Surface_2
f 4344/4344 4342/4342 4341/4341
usemtl Surface_2
f 4343/4343 4342/4342 4344/4344
usemtl Surface_2
f 4348/4348 4346/4346 4345/4345
usemtl Surface_2
f 4347/4347 4346/4346 4348/4348
usemtl Surface_2
f 4352/4352 4350/4350 4349/4349
usemtl Surface_2
f 4351/4351 4350/4350 4352/4352
usemtl Surface_2
f 4356/4356 4354/4354 4353/4353
usemtl Surface_2
f 4355/4355 4354/4354 4356/4356
usemtl Surface_2
f 4360/4360 4358/4358 4357/4357
usemtl Surface_2
f 4359/4359 4358/4358 4360/4360
usemtl Surface_2
f 4364/4364 4362/4362 4361/4361
usemtl Surface_2
f 4363/4363 4362/4362 4364/4364
usemtl Surface_2
f 4368/4368 4366/4366 4365/4365
usemtl Surface_2
f 4367/4367 4366/4366 4368/4368
usemtl Surface_2
f 4372/4372 4370/4370 4369/4369
usemtl Surface_2
f 4371/4371 4370/4370 4372/4372
usemtl Surface_2
f 4376/4376 4374/4374 4373/4373
usemtl Surface_2
f 4375/4375 4374/4374 4376/4376
usemtl Surface_2
f 4380/4380 4378/4378 4377/4377
usemtl Surface_2
f 4379/4379 4378/4378 4380/4380
usemtl Surface_2
f 4384/4384 4382/4382 4381/4381
usemtl Surface_2
f 4383/4383 4382/4382 4384/4384
usemtl Surface_2
f 4388/4388 4386/4386 4385/4385
usemtl Surface_2
f 4387/4387 4386/4386 4388/4388
usemtl Surface_2
f 4392/4392 4390/4390 4389/4389
usemtl Surface_2
f 4391/4391 4390/4390 4392/4392
usemtl Surface_2
f 4396/4396 4394/4394 4393/4393
usemtl Surface_2
f 4395/4395 4394/4394 4396/4396
usemtl Surface_2
f 4400/4400 4398/4398 4397/4397
usemtl Surface_2
f 4399/4399 4398/4398 4400/4400
usemtl Surface_2
f 4404/4404 4402/4402 4401/4401
usemtl Surface_2
f 4403/4403 4402/4402 4404/4404
usemtl Surface_2
f 4408/4408 4406/4406 4405/4405
usemtl Surface_2
f 4407/4407 4406/4406 4408/4408
usemtl Surface_2
f 4412/4412 4410/4410 4409/4409
usemtl Surface_2
f 4411/4411 4410/4410 4412/4412
usemtl Surface_2
f 4416/4416 4414/4414 4413/4413
usemtl Surface_2
f 4415/4415 4414/4414 4416/4416
usemtl Surface_1
f 4420/4420 4418/4418 4417/4417
usemtl Surface_1
f 4419/4419 4418/4418 4420/4420
usemtl Surface_2
f 4424/4424 4422/4422 4421/4421
usemtl Surface_2
f 4423/4423 4422/4422 4424/4424
usemtl Surface_1
f 4428/4428 4426/4426 4425/4425
usemtl Surface_1
f 4427/4427 4426/4426 4428/4428
usemtl Surface_2
f 4432/4432 4430/4430 4429/4429
usemtl Surface_2
f 4431/4431 4430/4430 4432/4432
usemtl Surface_1
f 4436/4436 4434/4434 4433/4433
usemtl Surface_1
f 4435/4435 4434/4434 4436/4436
usemtl Surface_2
f 4440/4440 4438/4438 4437/4437
usemtl Surface_2
f 4439/4439 4438/4438 4440/4440
usemtl Surface_1
f 4444/4444 4442/4442 4441/4441
usemtl Surface_1
f 4443/4443 4442/4442 4444/4444
usemtl Surface_2
f 4448/4448 4446/4446 4445/4445
usemtl Surface_2
f 4447/4447 4446/4446 4448/4448
usemtl Surface_1
f 4452/4452 4450/4450 4449/4449
usemtl Surface_1
f 4451/4451 4450/4450 4452/4452
usemtl Surface_2
f 4456/4456 4454/4454 4453/4453
usemtl Surface_2
f 4455/4455 4454/4454 4456/4456
usemtl Surface_1
f 4460/4460 4458/4458 4457/4457
usemtl Surface_1
f 4459/4459 4458/4458 4460/4460
usemtl Surface_2
f 4464/4464 4462/4462 4461/4461
usemtl Surface_2
f 4463/4463 4462/4462 4464/4464
usemtl Surface_1
f 4468/4468 4466/4466 4465/4465
usemtl Surface_1
f 4467/4467 4466/4466 4468/4468
usemtl Surface_2
f 4472/4472 4470/4470 4469/4469
usemtl Surface_2
f 4471/4471 4470/4470 4472/4472
usemtl Surface_1
f 4476/4476 4474/4474 4473/4473
usemtl Surface_1
f 4475/4475 4474/4474 4476/4476
usemtl Surface_2
f 4480/4480 4478/4478 4477/4477
usemtl Surface_2
f 4479/4479 4478/4478 4480/4480
usemtl Surface_1
f 4484/4484 4482/4482 4481/4481
usemtl Surface_1
f 4483/4483 4482/4482 4484/4484
usemtl Surface_2
f 4488/4488 4486/4486 4485/4485
usemtl Surface_2
f 4487/4487 4486/4486 4488/4488
usemtl Surface_1
f 4492/4492 4490/4490 4489/4489
usemtl Surface_1
f 4491/4491 4490/4490 4492/4492
usemtl Surface_2
f 4496/4496 4494/4494 4493/4493
usemtl Surface_2
f 4495/4495 4494/4494 4496/4496
usemtl Surface_1
f 4500/4500 4498/4498 4497/4497
usemtl Surface_1
f 4499/4499 4498/4498 4500/4500
usemtl Surface_2
f 4504/4504 4502/4502 4501/4501
usemtl Surface_2
f 4503/4503 4502/4502 4504/4504
usemtl Surface_1
f 4508/4508 4506/4506 4505/4505
usemtl Surface_1
f 4507/4507 4506/4506 4508/4508
usemtl Surface_2
f 4512/4512 4510/4510 4509/4509
usemtl Surface_2
f 4511/4511 4510/4510 4512/4512
usemtl Surface_1
f 4516/4516 4514/4514 4513/4513
usemtl Surface_1
f 4515/4515 4514/4514 4516/4516
usemtl Surface_2
f 4520/4520 4518/4518 4517/4517
usemtl Surface_2
f 4519/4519 4518/4518 4520/4520
usemtl Surface_1
f 4524/4524 4522/4522 4521/4521
usemtl Surface_1
f 4523/4523 4522/4522 4524/4524
usemtl Surface_2
f 4528/4528 4526/4526 4525/4525
usemtl Surface_2
f 4527/4527 4526/4526 4528/4528
usemtl Surface_1
f 4532/4532 4530/4530 4529/4529
usemtl Surface_1
f 4531/4531 4530/4530 4532/4532
usemtl Surface_2
f 4536/4536 4534/4534 4533/4533
usemtl Surface_2
f 4535/4535 4534/4534 4536/4536
usemtl Surface_1
f 4540/4540 4538/4538 4537/4537
usemtl Surface_1
f 4539/4539 4538/4538 4540/4540
usemtl Surface_2
f 4544/4544 4542/4542 4541/4541
usemtl Surface_2
f 4543/4543 4542/4542 4544/4544
usemtl Surface_1
f 4548/4548 4546/4546 4545/4545
usemtl Surface_1
f 4547/4547 4546/4546 4548/4548
usemtl Surface_2
f 4552/4552 4550/4550 4549/4549
usemtl Surface_2
f 4551/4551 4550/4550 4552/4552
usemtl Surface_1
f 4556/4556 4554/4554 4553/4553
usemtl Surface_1
f 4555/4555 4554/4554 4556/4556
usemtl Surface_2
f 4560/4560 4558/4558 4557/4557
usemtl Surface_2
f 4559/4559 4558/4558 4560/4560
usemtl Surface_1
f 4564/4564 4562/4562 4561/4561
usemtl Surface_1
f 4563/4563 4562/4562 4564/4564
usemtl Surface_2
f 4568/4568 4566/4566 4565/4565
usemtl Surface_2
f 4567/4567 4566/4566 4568/4568
usemtl Surface_1
f 4572/4572 4570/4570 4569/4569
usemtl Surface_1
f 4571/4571 4570/4570 4572/4572
usemtl Surface_2
f 4576/4576 4574/4574 4573/4573
usemtl Surface_2
f 4575/4575 4574/4574 4576/4576
usemtl Surface_1
f 4580/4580 4578/4578 4577/4577
usemtl Surface_1
f 4579/4579 4578/4578 4580/4580
usemtl Surface_2
f 4584/4584 4582/4582 4581/4581
usemtl Surface_2
f 4583/4583 4582/4582 4584/4584
usemtl Surface_1
f 4588/4588 4586/4586 4585/4585
usemtl Surface_1
f 4587/4587 4586/4586 4588/4588
usemtl Surface_2
f 4592/4592 4590/4590 4589/4589
usemtl Surface_2
f 4591/4591 4590/4590 4592/4592
usemtl Surface_1
f 4596/4596 4594/4594 4593/4593
usemtl Surface_1
f 4595/4595 4594/4594 4596/4596
usemtl Surface_2
f 4600/4600 4598/4598 4597/4597
usemtl Surface_2
f 4599/4599 4598/4598 4600/4600
usemtl Surface_1
f 4604/4604 4602/4602 4601/4601
usemtl Surface_1
f 4603/4603 4602/4602 4604/4604
usemtl Surface_2
f 4608/4608 4606/4606 4605/4605
usemtl Surface_2
f 4607/4607 4606/4606 4608/4608
usemtl Surface_1
f 4612/4612 4610/4610 4609/4609
usemtl Surface_1
f 4611/4611 4610/4610 4612/4612
usemtl Surface_1
f 4616/4616 4614/4614 4613/4613
usemtl Surface_1
f 4615/4615 4614/4614 4616/4616
usemtl Surface_1
f 4620/4620 4618/4618 4617/4617
usemtl Surface_1
f 4619/4619 4618/4618 4620/4620
usemtl Surface_1
f 4624/4624 4622/4622 4621/4621
usemtl Surface_1
f 4623/4623 4622/4622 4624/4624
usemtl Surface_1
f 4628/4628 4626/4626 4625/4625
usemtl Surface_1
f 4627/4627 4626/4626 4628/4628
usemtl Surface_1
f 4632/4632 4630/4630 4629/4629
usemtl Surface_1
f 4631/4631 4630/4630 4632/4632
usemtl Surface_1
f 4636/4636 4634/4634 4633/4633
usemtl Surface_1
f 4635/4635 4634/4634 4636/4636
usemtl Surface_1
f 4640/4640 4638/4638 4637/4637
usemtl Surface_1
f 4639/4639 4638/4638 4640/4640
usemtl Surface_1
f 4644/4644 4642/4642 4641/4641
usemtl Surface_1
f 4643/4643 4642/4642 4644/4644
usemtl Surface_1
f 4648/4648 4646/4646 4645/4645
usemtl Surface_1
f 4647/4647 4646/4646 4648/4648
usemtl Surface_1
f 4652/4652 4650/4650 4649/4649
usemtl Surface_1
f 4651/4651 4650/4650 4652/4652
usemtl Surface_1
f 4656/4656 4654/4654 4653/4653
usemtl Surface_1
f 4655/4655 4654/4654 4656/4656
usemtl Surface_1
f 4660/4660 4658/4658 4657/4657
usemtl Surface_1
f 4659/4659 4658/4658 4660/4660
usemtl Surface_1
f 4664/4664 4662/4662 4661/4661
usemtl Surface_1
f 4663/4663 4662/4662 4664/4664
usemtl Surface_1
f 4668/4668 4666/4666 4665/4665
usemtl Surface_1
f 4667/4667 4666/4666 4668/4668
usemtl Surface_1
f 4672/4672 4670/4670 4669/4669
usemtl Surface_1
f 4671/4671 4670/4670 4672/4672
usemtl Surface_1
f 4676/4676 4674/4674 4673/4673
usemtl Surface_1
f 4675/4675 4674/4674 4676/4676
usemtl Surface_1
f 4680/4680 4678/4678 4677/4677
usemtl Surface_1
f 4679/4679 4678/4678 4680/4680
usemtl Surface_1
f 4684/4684 4682/4682 4681/4681
usemtl Surface_1
f 4683/4683 4682/4682 4684/4684
usemtl Surface_1
f 4688/4688 4686/4686 4685/4685
usemtl Surface_1
f 4687/4687 4686/4686 4688/4688
usemtl Surface_1
f 4692/4692 4690/4690 4689/4689
usemtl Surface_1
f 4691/4691 4690/4690 4692/4692
usemtl Surface_1
f 4696/4696 4694/4694 4693/4693
usemtl Surface_1
f 4695/4695 4694/4694 4696/4696
usemtl Surface_1
f 4700/4700 4698/4698 4697/4697
usemtl Surface_1
f 4699/4699 4698/4698 4700/4700
usemtl Surface_1
f 4704/4704 4702/4702 4701/4701
usemtl Surface_1
f 4703/4703 4702/4702 4704/4704
usemtl Surface_1
f 4708/4708 4706/4706 4705/4705
usemtl Surface_1
f 4707/4707 4706/4706 4708/4708
usemtl Surface_1
f 4712/4712 4710/4710 4709/4709
usemtl Surface_1
f 4711/4711 4710/4710 4712/4712
usemtl Surface_1
f 4716/4716 4714/4714 4713/4713
usemtl Surface_1
f 4715/4715 4714/4714 4716/4716
usemtl Surface_1
f 4720/4720 4718/4718 4717/4717
usemtl Surface_1
f 4719/4719 4718/4718 4720/4720
usemtl Surface_1
f 4724/4724 4722/4722 4721/4721
usemtl Surface_1
f 4723/4723 4722/4722 4724/4724
usemtl Surface_1
f 4728/4728 4726/4726 4725/4725
usemtl Surface_1
f 4727/4727 4726/4726 4728/4728
usemtl Surface_1
f 4732/4732 4730/4730 4729/4729
usemtl Surface_1
f 4731/4731 4730/4730 4732/4732
usemtl Surface_1
f 4736/4736 4734/4734 4733/4733
usemtl Surface_1
f 4735/4735 4734/4734 4736/4736
usemtl Surface_1
f 4740/4740 4738/4738 4737/4737
usemtl Surface_1
f 4739/4739 4738/4738 4740/4740
usemtl Surface_1
f 4744/4744 4742/4742 4741/4741
usemtl Surface_1
f 4743/4743 4742/4742 4744/4744
usemtl Surface_1
f 4748/4748 4746/4746 4745/4745
usemtl Surface_1
f 4747/4747 4746/4746 4748/4748
usemtl Surface_1
f 4752/4752 4750/4750 4749/4749
usemtl Surface_1
f 4751/4751 4750/4750 4752/4752
usemtl Surface_1
f 4756/4756 4754/4754 4753/4753
usemtl Surface_1
f 4755/4755 4754/4754 4756/4756
usemtl Surface_1
f 4760/4760 4758/4758 4757/4757
usemtl Surface_1
f 4759/4759 4758/4758 4760/4760
usemtl Surface_1
f 4764/4764 4762/4762 4761/4761
usemtl Surface_1
f 4763/4763 4762/4762 4764/4764
usemtl Surface_1
f 4768/4768 4766/4766 4765/4765
usemtl Surface_1
f 4767/4767 4766/4766 4768/4768
usemtl Surface_1
f 4772/4772 4770/4770 4769/4769
usemtl Surface_1
f 4771/4771 4770/4770 4772/4772
usemtl Surface_1
f 4776/4776 4774/4774 4773/4773
usemtl Surface_1
f 4775/4775 4774/4774 4776/4776
usemtl Surface_1
f 4780/4780 4778/4778 4777/4777
usemtl Surface_1
f 4779/4779 4778/4778 4780/4780
usemtl Surface_1
f 4784/4784 4782/4782 4781/4781
usemtl Surface_1
f 4783/4783 4782/4782 4784/4784
usemtl Surface_1
f 4788/4788 4786/4786 4785/4785
usemtl Surface_1
f 4787/4787 4786/4786 4788/4788
usemtl Surface_1
f 4792/4792 4790/4790 4789/4789
usemtl Surface_1
f 4791/4791 4790/4790 4792/4792
usemtl Surface_1
f 4796/4796 4794/4794 4793/4793
usemtl Surface_1
f 4795/4795 4794/4794 4796/4796
usemtl Surface_1
f 4800/4800 4798/4798 4797/4797
usemtl Surface_1
f 4799/4799 4798/4798 4800/4800
usemtl Surface_1
f 4804/4804 4802/4802 4801/4801
usemtl Surface_1
f 4803/4803 4802/4802 4804/4804
usemtl Surface_1
f 4808/4808 4806/4806 4805/4805
usemtl Surface_1
f 4807/4807 4806/4806 4808/4808
usemtl Surface_1
f 4812/4812 4810/4810 4809/4809
usemtl Surface_1
f 4811/4811 4810/4810 4812/4812
usemtl Surface_1
f 4816/4816 4814/4814 4813/4813
usemtl Surface_1
f 4815/4815 4814/4814 4816/4816
usemtl Surface_1
f 4820/4820 4818/4818 4817/4817
usemtl Surface_1
f 4819/4819 4818/4818 4820/4820
usemtl Surface_1
f 4824/4824 4822/4822 4821/4821
usemtl Surface_1
f 4823/4823 4822/4822 4824/4824
usemtl Surface_2
f 4832/4832 4826/4826 4825/4825
usemtl Surface_2
f 4831/4831 4826/4826 4832/4832
usemtl Surface_2
f 4830/4830 4826/4826 4831/4831
usemtl Surface_2
f 4829/4829 4826/4826 4830/4830
usemtl Surface_2
f 4828/4828 4826/4826 4829/4829
usemtl Surface_2
f 4827/4827 4826/4826 4828/4828
usemtl Surface_2
f 4840/4840 4834/4834 4833/4833
usemtl Surface_2
f 4839/4839 4834/4834 4840/4840
usemtl Surface_2
f 4838/4838 4834/4834 4839/4839
usemtl Surface_2
f 4837/4837 4834/4834 4838/4838
usemtl Surface_2
f 4836/4836 4834/4834 4837/4837
usemtl Surface_2
f 4835/4835 4834/4834 4836/4836
usemtl Surface_2
f 4844/4844 4842/4842 4841/4841
usemtl Surface_2
f 4843/4843 4842/4842 4844/4844
usemtl Surface_2
f 4848/4848 4846/4846 4845/4845
usemtl Surface_2
f 4847/4847 4846/4846 4848/4848
usemtl Surface_2
f 4852/4852 4850/4850 4849/4849
usemtl Surface_2
f 4851/4851 4850/4850 4852/4852
usemtl Surface_2
f 4856/4856 4854/4854 4853/4853
usemtl Surface_2
f 4855/4855 4854/4854 4856/4856
usemtl Surface_2
f 4860/4860 4858/4858 4857/4857
usemtl Surface_2
f 4859/4859 4858/4858 4860/4860
usemtl Surface_2
f 4864/4864 4862/4862 4861/4861
usemtl Surface_2
f 4863/4863 4862/4862 4864/4864
usemtl Surface_2
f 4868/4868 4866/4866 4865/4865
usemtl Surface_2
f 4867/4867 4866/4866 4868/4868
usemtl Surface_2
f 4872/4872 4870/4870 4869/4869
usemtl Surface_2
f 4871/4871 4870/4870 4872/4872
usemtl Surface_2
f 4876/4876 4874/4874 4873/4873
usemtl Surface_2
f 4875/4875 4874/4874 4876/4876
usemtl Surface_2
f 4880/4880 4878/4878 4877/4877
usemtl Surface_2
f 4879/4879 4878/4878 4880/4880
usemtl Surface_2
f 4884/4884 4882/4882 4881/4881
usemtl Surface_2
f 4883/4883 4882/4882 4884/4884
usemtl Surface_2
f 4888/4888 4886/4886 4885/4885
usemtl Surface_2
f 4887/4887 4886/4886 4888/4888
usemtl Surface_2
f 4892/4892 4890/4890 4889/4889
usemtl Surface_2
f 4891/4891 4890/4890 4892/4892
usemtl Surface_2
f 4896/4896 4894/4894 4893/4893
usemtl Surface_2
f 4895/4895 4894/4894 4896/4896
usemtl Surface_2
f 4900/4900 4898/4898 4897/4897
usemtl Surface_2
f 4899/4899 4898/4898 4900/4900
usemtl Surface_2
f 4904/4904 4902/4902 4901/4901
usemtl Surface_2
f 4903/4903 4902/4902 4904/4904
usemtl Surface_0
f 4909/4909 4906/4906 4905/4905
usemtl Surface_0
f 4908/4908 4906/4906 4909/4909
usemtl Surface_0
f 4907/4907 4906/4906 4908/4908
usemtl Surface_0
f 4914/4914 4911/4911 4910/4910
usemtl Surface_0
f 4913/4913 4911/4911 4914/4914
usemtl Surface_0
f 4912/4912 4911/4911 4913/4913
usemtl Surface_0
f 4918/4918 4916/4916 4915/4915
usemtl Surface_0
f 4917/4917 4916/4916 4918/4918
usemtl Surface_1
f 4922/4922 4920/4920 4919/4919
usemtl Surface_1
f 4921/4921 4920/4920 4922/4922
usemtl Surface_0
f 4926/4926 4924/4924 4923/4923
usemtl Surface_0
f 4925/4925 4924/4924 4926/4926
usemtl Surface_1
f 4930/4930 4928/4928 4927/4927
usemtl Surface_1
f 4929/4929 4928/4928 4930/4930
usemtl Surface_0
f 4934/4934 4932/4932 4931/4931
usemtl Surface_0
f 4933/4933 4932/4932 4934/4934
usemtl Surface_1
f 4938/4938 4936/4936 4935/4935
usemtl Surface_1
f 4937/4937 4936/4936 4938/4938
usemtl Surface_0
f 4942/4942 4940/4940 4939/4939
usemtl Surface_0
f 4941/4941 4940/4940 4942/4942
usemtl Surface_1
f 4946/4946 4944/4944 4943/4943
usemtl Surface_1
f 4945/4945 4944/4944 4946/4946
usemtl Surface_0
f 4950/4950 4948/4948 4947/4947
usemtl Surface_0
f 4949/4949 4948/4948 4950/4950
usemtl Surface_1
f 4954/4954 4952/4952 4951/4951
usemtl Surface_1
f 4953/4953 4952/4952 4954/4954
usemtl Surface_1
f 4958/4958 4956/4956 4955/4955
usemtl Surface_1
f 4957/4957 4956/4956 4958/4958
usemtl Surface_1
f 4962/4962 4960/4960 4959/4959
usemtl Surface_1
f 4961/4961 4960/4960 4962/4962
usemtl Surface_1
f 4966/4966 4964/4964 4963/4963
usemtl Surface_1
f 4965/4965 4964/4964 4966/4966
usemtl Surface_1
f 4970/4970 4968/4968 4967/4967
usemtl Surface_1
f 4969/4969 4968/4968 4970/4970
usemtl Surface_1
f 4974/4974 4972/4972 4971/4971
usemtl Surface_1
f 4973/4973 4972/4972 4974/4974
usemtl Surface_1
f 4978/4978 4976/4976 4975/4975
usemtl Surface_1
f 4977/4977 4976/4976 4978/4978
usemtl Surface_1
f 4984/4984 4980/4980 4979/4979
usemtl Surface_1
f 4983/4983 4980/4980 4984/4984
usemtl Surface_1
f 4982/4982 4980/4980 4983/4983
usemtl Surface_1
f 4981/4981 4980/4980 4982/4982
usemtl Surface_1
f 4990/4990 4986/4986 4985/4985
usemtl Surface_1
f 4989/4989 4986/4986 4990/4990
usemtl Surface_1
f 4988/4988 4986/4986 4989/4989
usemtl Surface_1
f 4987/4987 4986/4986 4988/4988
usemtl Surface_1
f 4994/4994 4992/4992 4991/4991
usemtl Surface_1
f 4993/4993 4992/4992 4994/4994
usemtl Surface_1
f 4998/4998 4996/4996 4995/4995
usemtl Surface_1
f 4997/4997 4996/4996 4998/4998
usemtl Surface_1
f 5002/5002 5000/5000 4999/4999
usemtl Surface_1
f 5001/5001 5000/5000 5002/5002
usemtl Surface_1
f 5006/5006 5004/5004 5003/5003
usemtl Surface_1
f 5005/5005 5004/5004 5006/5006
usemtl Surface_1
f 5010/5010 5008/5008 5007/5007
usemtl Surface_1
f 5009/5009 5008/5008 5010/5010
usemtl Surface_1
f 5014/5014 5012/5012 5011/5011
usemtl Surface_1
f 5013/5013 5012/5012 5014/5014
usemtl Surface_1
f 5020/5020 5016/5016 5015/5015
usemtl Surface_1
f 5019/5019 5016/5016 5020/5020
usemtl Surface_1
f 5018/5018 5016/5016 5019/5019
usemtl Surface_1
f 5017/5017 5016/5016 5018/5018
usemtl Surface_1
f 5026/5026 5022/5022 5021/5021
usemtl Surface_1
f 5025/5025 5022/5022 5026/5026
usemtl Surface_1
f 5024/5024 5022/5022 5025/5025
usemtl Surface_1
f 5023/5023 5022/5022 5024/5024
usemtl Surface_1
f 5030/5030 5028/5028 5027/5027
usemtl Surface_1
f 5029/5029 5028/5028 5030/5030
usemtl Surface_1
f 5034/5034 5032/5032 5031/5031
usemtl Surface_1
f 5033/5033 5032/5032 5034/5034
usemtl Surface_1
f 5038/5038 5036/5036 5035/5035
usemtl Surface_1
f 5037/5037 5036/5036 5038/5038
usemtl Surface_1
f 5042/5042 5040/5040 5039/5039
usemtl Surface_1
f 5041/5041 5040/5040 5042/5042
usemtl Surface_1
f 5046/5046 5044/5044 5043/5043
usemtl Surface_1
f 5045/5045 5044/5044 5046/5046
usemtl Surface_1
f 5050/5050 5048/5048 5047/5047
usemtl Surface_1
f 5049/5049 5048/5048 5050/5050
usemtl Surface_1
f 5056/5056 5052/5052 5051/5051
usemtl Surface_1
f 5055/5055 5052/5052 5056/5056
usemtl Surface_1
f 5054/5054 5052/5052 5055/5055
usemtl Surface_1
f 5053/5053 5052/5052 5054/5054
usemtl Surface_1
f 5062/5062 5058/5058 5057/5057
usemtl Surface_1
f 5061/5061 5058/5058 5062/5062
usemtl Surface_1
f 5060/5060 5058/5058 5061/5061
usemtl Surface_1
f 5059/5059 5058/5058 5060/5060
usemtl Surface_1
f 5066/5066 5064/5064 5063/5063
usemtl Surface_1
f 5065/5065 5064/5064 5066/5066
usemtl Surface_1
f 5070/5070 5068/5068 5067/5067
usemtl Surface_1
f 5069/5069 5068/5068 5070/5070
usemtl Surface_1
f 5074/5074 5072/5072 5071/5071
usemtl Surface_1
f 5073/5073 5072/5072 5074/5074
usemtl Surface_1
f 5078/5078 5076/5076 5075/5075
usemtl Surface_1
f 5077/5077 5076/5076 5078/5078
usemtl Surface_1
f 5082/5082 5080/5080 5079/5079
usemtl Surface_1
f 5081/5081 5080/5080 5082/5082
usemtl Surface_1
f 5086/5086 5084/5084 5083/5083
usemtl Surface_1
f 5085/5085 5084/5084 5086/5086
usemtl Surface_1
f 5092/5092 5088/5088 5087/5087
usemtl Surface_1
f 5091/5091 5088/5088 5092/5092
usemtl Surface_1
f 5090/5090 5088/5088 5091/5091
usemtl Surface_1
f 5089/5089 5088/5088 5090/5090
usemtl Surface_1
f 5098/5098 5094/5094 5093/5093
usemtl Surface_1
f 5097/5097 5094/5094 5098/5098
usemtl Surface_1
f 5096/5096 5094/5094 5097/5097
usemtl Surface_1
f 5095/5095 5094/5094 5096/5096
usemtl Surface_1
f 5102/5102 5100/5100 5099/5099
usemtl Surface_1
f 5101/5101 5100/5100 5102/5102
usemtl Surface_1
f 5106/5106 5104/5104 5103/5103
usemtl Surface_1
f 5105/5105 5104/5104 5106/5106
usemtl Surface_1
f 5110/5110 5108/5108 5107/5107
usemtl Surface_1
f 5109/5109 5108/5108 5110/5110
usemtl Surface_1
f 5114/5114 5112/5112 5111/5111
usemtl Surface_1
f 5113/5113 5112/5112 5114/5114
usemtl Surface_1
f 5118/5118 5116/5116 5115/5115
usemtl Surface_1
f 5117/5117 5116/5116 5118/5118
usemtl Surface_1
f 5122/5122 5120/5120 5119/5119
usemtl Surface_1
f 5121/5121 5120/5120 5122/5122
usemtl Surface_1
f 5128/5128 5124/5124 5123/5123
usemtl Surface_1
f 5127/5127 5124/5124 5128/5128
usemtl Surface_1
f 5126/5126 5124/5124 5127/5127
usemtl Surface_1
f 5125/5125 5124/5124 5126/5126
usemtl Surface_1
f 5134/5134 5130/5130 5129/5129
usemtl Surface_1
f 5133/5133 5130/5130 5134/5134
usemtl Surface_1
f 5132/5132 5130/5130 5133/5133
usemtl Surface_1
f 5131/5131 5130/5130 5132/5132
usemtl Surface_1
f 5138/5138 5136/5136 5135/5135
usemtl Surface_1
f 5137/5137 5136/5136 5138/5138
usemtl Surface_1
f 5142/5142 5140/5140 5139/5139
usemtl Surface_1
f 5141/5141 5140/5140 5142/5142
usemtl Surface_1
f 5146/5146 5144/5144 5143/5143
usemtl Surface_1
f 5145/5145 5144/5144 5146/5146
usemtl Surface_1
f 5150/5150 5148/5148 5147/5147
usemtl Surface_1
f 5149/5149 5148/5148 5150/5150
usemtl Surface_1
f 5154/5154 5152/5152 5151/5151
usemtl Surface_1
f 5153/5153 5152/5152 5154/5154
usemtl Surface_1
f 5158/5158 5156/5156 5155/5155
usemtl Surface_1
f 5157/5157 5156/5156 5158/5158
usemtl Surface_1
f 5164/5164 5160/5160 5159/5159
usemtl Surface_1
f 5163/5163 5160/5160 5164/5164
usemtl Surface_1
f 5162/5162 5160/5160 5163/5163
usemtl Surface_1
f 5161/5161 5160/5160 5162/5162
usemtl Surface_1
f 5170/5170 5166/5166 5165/5165
usemtl Surface_1
f 5169/5169 5166/5166 5170/5170
usemtl Surface_1
f 5168/5168 5166/5166 5169/5169
usemtl Surface_1
f 5167/5167 5166/5166 5168/5168
usemtl Surface_3
f 5174/5174 5172/5172 5171/5171
usemtl Surface_3
f 5173/5173 5172/5172 5174/5174
usemtl Surface_3
f 5178/5178 5176/5176 5175/5175
usemtl Surface_3
f 5177/5177 5176/5176 5178/5178
usemtl Surface_3
f 5182/5182 5180/5180 5179/5179
usemtl Surface_3
f 5181/5181 5180/5180 5182/5182
usemtl Surface_3
f 5186/5186 5184/5184 5183/5183
usemtl Surface_3
f 5185/5185 5184/5184 5186/5186
usemtl Surface_3
f 5190/5190 5188/5188 5187/5187
usemtl Surface_3
f 5189/5189 5188/5188 5190/5190
usemtl Surface_3
f 5194/5194 5192/5192 5191/5191
usemtl Surface_3
f 5193/5193 5192/5192 5194/5194
usemtl Surface_3
f 5200/5200 5196/5196 5195/5195
usemtl Surface_3
f 5199/5199 5196/5196 5200/5200
usemtl Surface_3
f 5198/5198 5196/5196 5199/5199
usemtl Surface_3
f 5197/5197 5196/5196 5198/5198
usemtl Surface_3
f 5206/5206 5202/5202 5201/5201
usemtl Surface_3
f 5205/5205 5202/5202 5206/5206
usemtl Surface_3
f 5204/5204 5202/5202 5205/5205
usemtl Surface_3
f 5203/5203 5202/5202 5204/5204
usemtl Surface_3
f 5207/5207 5209/5209 5208/5208
usemtl Surface_3
f 5210/5210 5212/5212 5211/5211
usemtl Surface_3
f 5213/5213 5215/5215 5214/5214
usemtl Surface_3
f 5216/5216 5218/5218 5217/5217
usemtl Surface_3
f 5219/5219 5221/5221 5220/5220
usemtl Surface_3
f 5222/5222 5224/5224 5223/5223
usemtl Surface_3
f 5225/5225 5227/5227 5226/5226
usemtl Surface_3
f 5228/5228 5230/5230 5229/5229
usemtl Surface_3
f 5231/5231 5233/5233 5232/5232
usemtl Surface_3
f 5234/5234 5236/5236 5235/5235
usemtl Surface_3
f 5240/5240 5238/5238 5237/5237
usemtl Surface_3
f 5239/5239 5238/5238 5240/5240
usemtl Surface_3
f 5244/5244 5242/5242 5241/5241
usemtl Surface_3
f 5243/5243 5242/5242 5244/5244
usemtl Surface_3
f 5248/5248 5246/5246 5245/5245
usemtl Surface_3
f 5247/5247 5246/5246 5248/5248
usemtl Surface_3
f 5252/5252 5250/5250 5249/5249
usemtl Surface_3
f 5251/5251 5250/5250 5252/5252
usemtl Surface_3
f 5256/5256 5254/5254 5253/5253
usemtl Surface_3
f 5255/5255 5254/5254 5256/5256
usemtl Surface_3
f 5260/5260 5258/5258 5257/5257
usemtl Surface_3
f 5259/5259 5258/5258 5260/5260
usemtl Surface_3
f 5264/5264 5262/5262 5261/5261
usemtl Surface_3
f 5263/5263 5262/5262 5264/5264
usemtl Surface_3
f 5268/5268 5266/5266 5265/5265
usemtl Surface_3
f 5267/5267 5266/5266 5268/5268
usemtl Surface_3
f 5272/5272 5270/5270 5269/5269
usemtl Surface_3
f 5271/5271 5270/5270 5272/5272
usemtl Surface_3
f 5276/5276 5274/5274 5273/5273
usemtl Surface_3
f 5275/5275 5274/5274 5276/5276
usemtl Surface_3
f 5280/5280 5278/5278 5277/5277
usemtl Surface_3
f 5279/5279 5278/5278 5280/5280
usemtl Surface_3
f 5284/5284 5282/5282 5281/5281
usemtl Surface_3
f 5283/5283 5282/5282 5284/5284
usemtl Surface_3
f 5288/5288 5286/5286 5285/5285
usemtl Surface_3
f 5287/5287 5286/5286 5288/5288
usemtl Surface_3
f 5292/5292 5290/5290 5289/5289
usemtl Surface_3
f 5291/5291 5290/5290 5292/5292
usemtl Surface_3
f 5296/5296 5294/5294 5293/5293
usemtl Surface_3
f 5295/5295 5294/5294 5296/5296
usemtl Surface_3
f 5300/5300 5298/5298 5297/5297
usemtl Surface_3
f 5299/5299 5298/5298 5300/5300
usemtl Surface_3
f 5304/5304 5302/5302 5301/5301
usemtl Surface_3
f 5303/5303 5302/5302 5304/5304
usemtl Surface_3
f 5308/5308 5306/5306 5305/5305
usemtl Surface_3
f 5307/5307 5306/5306 5308/5308
usemtl Surface_3
f 5312/5312 5310/5310 5309/5309
usemtl Surface_3
f 5311/5311 5310/5310 5312/5312
usemtl Surface_3
f 5316/5316 5314/5314 5313/5313
usemtl Surface_3
f 5315/5315 5314/5314 5316/5316
usemtl Surface_3
f 5320/5320 5318/5318 5317/5317
usemtl Surface_3
f 5319/5319 5318/5318 5320/5320
usemtl Surface_3
f 5324/5324 5322/5322 5321/5321
usemtl Surface_3
f 5323/5323 5322/5322 5324/5324
usemtl Surface_3
f 5328/5328 5326/5326 5325/5325
usemtl Surface_3
f 5327/5327 5326/5326 5328/5328
usemtl Surface_3
f 5332/5332 5330/5330 5329/5329
usemtl Surface_3
f 5331/5331 5330/5330 5332/5332
usemtl Surface_3
f 5336/5336 5334/5334 5333/5333
usemtl Surface_3
f 5335/5335 5334/5334 5336/5336
usemtl Surface_3
f 5340/5340 5338/5338 5337/5337
usemtl Surface_3
f 5339/5339 5338/5338 5340/5340
usemtl Surface_3
f 5344/5344 5342/5342 5341/5341
usemtl Surface_3
f 5343/5343 5342/5342 5344/5344
usemtl Surface_3
f 5348/5348 5346/5346 5345/5345
usemtl Surface_3
f 5347/5347 5346/5346 5348/5348
usemtl Surface_3
f 5352/5352 5350/5350 5349/5349
usemtl Surface_3
f 5351/5351 5350/5350 5352/5352
usemtl Surface_3
f 5356/5356 5354/5354 5353/5353
usemtl Surface_3
f 5355/5355 5354/5354 5356/5356
usemtl Surface_3
f 5360/5360 5358/5358 5357/5357
usemtl Surface_3
f 5359/5359 5358/5358 5360/5360
usemtl Surface_3
f 5364/5364 5362/5362 5361/5361
usemtl Surface_3
f 5363/5363 5362/5362 5364/5364
usemtl Surface_3
f 5368/5368 5366/5366 5365/5365
usemtl Surface_3
f 5367/5367 5366/5366 5368/5368
usemtl Surface_3
f 5372/5372 5370/5370 5369/5369
usemtl Surface_3
f 5371/5371 5370/5370 5372/5372
usemtl Surface_3
f 5376/5376 5374/5374 5373/5373
usemtl Surface_3
f 5375/5375 5374/5374 5376/5376
usemtl Surface_3
f 5380/5380 5378/5378 5377/5377
usemtl Surface_3
f 5379/5379 5378/5378 5380/5380
usemtl Surface_3
f 5384/5384 5382/5382 5381/5381
usemtl Surface_3
f 5383/5383 5382/5382 5384/5384
usemtl Surface_3
f 5388/5388 5386/5386 5385/5385
usemtl Surface_3
f 5387/5387 5386/5386 5388/5388
usemtl Surface_3
f 5392/5392 5390/5390 5389/5389
usemtl Surface_3
f 5391/5391 5390/5390 5392/5392
usemtl Surface_3
f 5396/5396 5394/5394 5393/5393
usemtl Surface_3
f 5395/5395 5394/5394 5396/5396
usemtl Surface_3
f 5397/5397 5399/5399 5398/5398
usemtl Surface_3
f 5400/5400 5402/5402 5401/5401
usemtl Surface_3
f 5403/5403 5405/5405 5404/5404
usemtl Surface_3
f 5406/5406 5408/5408 5407/5407
usemtl Surface_3
f 5409/5409 5411/5411 5410/5410
usemtl Surface_3
f 5412/5412 5414/5414 5413/5413
usemtl Surface_3
f 5415/5415 5417/5417 5416/5416
usemtl Surface_3
f 5418/5418 5420/5420 5419/5419
usemtl Surface_3
f 5421/5421 5423/5423 5422/5422
usemtl Surface_3
f 5424/5424 5426/5426 5425/5425
usemtl Surface_3
f 5430/5430 5428/5428 5427/5427
usemtl Surface_3
f 5429/5429 5428/5428 5430/5430
usemtl Surface_3
f 5434/5434 5432/5432 5431/5431
usemtl Surface_3
f 5433/5433 5432/5432 5434/5434
usemtl Surface_3
f 5438/5438 5436/5436 5435/5435
usemtl Surface_3
f 5437/5437 5436/5436 5438/5438
usemtl Surface_3
f 5442/5442 5440/5440 5439/5439
usemtl Surface_3
f 5441/5441 5440/5440 5442/5442
usemtl Surface_3
f 5446/5446 5444/5444 5443/5443
usemtl Surface_3
f 5445/5445 5444/5444 5446/5446
usemtl Surface_3
f 5450/5450 5448/5448 5447/5447
usemtl Surface_3
f 5449/5449 5448/5448 5450/5450
usemtl Surface_3
f 5456/5456 5452/5452 5451/5451
usemtl Surface_3
f 5455/5455 5452/5452 5456/5456
usemtl Surface_3
f 5454/5454 5452/5452 5455/5455
usemtl Surface_3
f 5453/5453 5452/5452 5454/5454
usemtl Surface_3
f 5462/5462 5458/5458 5457/5457
usemtl Surface_3
f 5461/5461 5458/5458 5462/5462
usemtl Surface_3
f 5460/5460 5458/5458 5461/5461
usemtl Surface_3
f 5459/5459 5458/5458 5460/5460
usemtl Surface_3
f 5463/5463 5465/5465 5464/5464
usemtl Surface_3
f 5466/5466 5468/5468 5467/5467
usemtl Surface_3
f 5469/5469 5471/5471 5470/5470
usemtl Surface_3
f 5472/5472 5474/5474 5473/5473
usemtl Surface_3
f 5475/5475 5477/5477 5476/5476
usemtl Surface_3
f 5478/5478 5480/5480 5479/5479
usemtl Surface_3
f 5481/5481 5483/5483 5482/5482
usemtl Surface_3
f 5484/5484 5486/5486 5485/5485
usemtl Surface_3
f 5487/5487 5489/5489 5488/5488
usemtl Surface_3
f 5490/5490 5492/5492 5491/5491
usemtl Surface_3
f 5496/5496 5494/5494 5493/5493
usemtl Surface_3
f 5495/5495 5494/5494 5496/5496
usemtl Surface_3
f 5500/5500 5498/5498 5497/5497
usemtl Surface_3
f 5499/5499 5498/5498 5500/5500
usemtl Surface_3
f 5504/5504 5502/5502 5501/5501
usemtl Surface_3
f 5503/5503 5502/5502 5504/5504
usemtl Surface_3
f 5508/5508 5506/5506 5505/5505
usemtl Surface_3
f 5507/5507 5506/5506 5508/5508
usemtl Surface_3
f 5512/5512 5510/5510 5509/5509
usemtl Surface_3
f 5511/5511 5510/5510 5512/5512
usemtl Surface_3
f 5516/5516 5514/5514 5513/5513
usemtl Surface_3
f 5515/5515 5514/5514 5516/5516
usemtl Surface_3
f 5520/5520 5518/5518 5517/5517
usemtl Surface_3
f 5519/5519 5518/5518 5520/5520
usemtl Surface_3
f 5524/5524 5522/5522 5521/5521
usemtl Surface_3
f 5523/5523 5522/5522 5524/5524
usemtl Surface_3
f 5528/5528 5526/5526 5525/5525
usemtl Surface_3
f 5527/5527 5526/5526 5528/5528
usemtl Surface_3
f 5532/5532 5530/5530 5529/5529
usemtl Surface_3
f 5531/5531 5530/5530 5532/5532
usemtl Surface_3
f 5536/5536 5534/5534 5533/5533
usemtl Surface_3
f 5535/5535 5534/5534 5536/5536
usemtl Surface_3
f 5540/5540 5538/5538 5537/5537
usemtl Surface_3
f 5539/5539 5538/5538 5540/5540
usemtl Surface_3
f 5544/5544 5542/5542 5541/5541
usemtl Surface_3
f 5543/5543 5542/5542 5544/5544
usemtl Surface_3
f 5548/5548 5546/5546 5545/5545
usemtl Surface_3
f 5547/5547 5546/5546 5548/5548
usemtl Surface_3
f 5552/5552 5550/5550 5549/5549
usemtl Surface_3
f 5551/5551 5550/5550 5552/5552
usemtl Surface_3
f 5556/5556 5554/5554 5553/5553
usemtl Surface_3
f 5555/5555 5554/5554 5556/5556
usemtl Surface_3
f 5560/5560 5558/5558 5557/5557
usemtl Surface_3
f 5559/5559 5558/5558 5560/5560
usemtl Surface_3
f 5564/5564 5562/5562 5561/5561
usemtl Surface_3
f 5563/5563 5562/5562 5564/5564
usemtl Surface_3
f 5568/5568 5566/5566 5565/5565
usemtl Surface_3
f 5567/5567 5566/5566 5568/5568
usemtl Surface_3
f 5572/5572 5570/5570 5569/5569
usemtl Surface_3
f 5571/5571 5570/5570 5572/5572
usemtl Surface_3
f 5576/5576 5574/5574 5573/5573
usemtl Surface_3
f 5575/5575 5574/5574 5576/5576
usemtl Surface_3
f 5580/5580 5578/5578 5577/5577
usemtl Surface_3
f 5579/5579 5578/5578 5580/5580
usemtl Surface_3
f 5584/5584 5582/5582 5581/5581
usemtl Surface_3
f 5583/5583 5582/5582 5584/5584
usemtl Surface_3
f 5588/5588 5586/5586 5585/5585
usemtl Surface_3
f 5587/5587 5586/5586 5588/5588
usemtl Surface_3
f 5592/5592 5590/5590 5589/5589
usemtl Surface_3
f 5591/5591 5590/5590 5592/5592
usemtl Surface_3
f 5596/5596 5594/5594 5593/5593
usemtl Surface_3
f 5595/5595 5594/5594 5596/5596
usemtl Surface_3
f 5600/5600 5598/5598 5597/5597
usemtl Surface_3
f 5599/5599 5598/5598 5600/5600
usemtl Surface_3
f 5604/5604 5602/5602 5601/5601
usemtl Surface_3
f 5603/5603 5602/5602 5604/5604
usemtl Surface_3
f 5608/5608 5606/5606 5605/5605
usemtl Surface_3
f 5607/5607 5606/5606 5608/5608
usemtl Surface_3
f 5612/5612 5610/5610 5609/5609
usemtl Surface_3
f 5611/5611 5610/5610 5612/5612
usemtl Surface_3
f 5616/5616 5614/5614 5613/5613
usemtl Surface_3
f 5615/5615 5614/5614 5616/5616
usemtl Surface_3
f 5620/5620 5618/5618 5617/5617
usemtl Surface_3
f 5619/5619 5618/5618 5620/5620
usemtl Surface_3
f 5624/5624 5622/5622 5621/5621
usemtl Surface_3
f 5623/5623 5622/5622 5624/5624
usemtl Surface_3
f 5628/5628 5626/5626 5625/5625
usemtl Surface_3
f 5627/5627 5626/5626 5628/5628
usemtl Surface_3
f 5632/5632 5630/5630 5629/5629
usemtl Surface_3
f 5631/5631 5630/5630 5632/5632
usemtl Surface_3
f 5636/5636 5634/5634 5633/5633
usemtl Surface_3
f 5635/5635 5634/5634 5636/5636
usemtl Surface_3
f 5640/5640 5638/5638 5637/5637
usemtl Surface_3
f 5639/5639 5638/5638 5640/5640
usemtl Surface_3
f 5644/5644 5642/5642 5641/5641
usemtl Surface_3
f 5643/5643 5642/5642 5644/5644
usemtl Surface_3
f 5648/5648 5646/5646 5645/5645
usemtl Surface_3
f 5647/5647 5646/5646 5648/5648
usemtl Surface_3
f 5652/5652 5650/5650 5649/5649
usemtl Surface_3
f 5651/5651 5650/5650 5652/5652
usemtl Surface_3
f 5653/5653 5655/5655 5654/5654
usemtl Surface_3
f 5656/5656 5658/5658 5657/5657
usemtl Surface_3
f 5659/5659 5661/5661 5660/5660
usemtl Surface_3
f 5662/5662 5664/5664 5663/5663
usemtl Surface_3
f 5665/5665 5667/5667 5666/5666
usemtl Surface_3
f 5668/5668 5670/5670 5669/5669
usemtl Surface_3
f 5671/5671 5673/5673 5672/5672
usemtl Surface_3
f 5674/5674 5676/5676 5675/5675
usemtl Surface_3
f 5677/5677 5679/5679 5678/5678
usemtl Surface_3
f 5680/5680 5682/5682 5681/5681
usemtl Surface_3
f 5686/5686 5684/5684 5683/5683
usemtl Surface_3
f 5685/5685 5684/5684 5686/5686
usemtl Surface_3
f 5690/5690 5688/5688 5687/5687
usemtl Surface_3
f 5689/5689 5688/5688 5690/5690
usemtl Surface_3
f 5694/5694 5692/5692 5691/5691
usemtl Surface_3
f 5693/5693 5692/5692 5694/5694
usemtl Surface_3
f 5698/5698 5696/5696 5695/5695
usemtl Surface_3
f 5697/5697 5696/5696 5698/5698
usemtl Surface_3
f 5702/5702 5700/5700 5699/5699
usemtl Surface_3
f 5701/5701 5700/5700 5702/5702
usemtl Surface_3
f 5706/5706 5704/5704 5703/5703
usemtl Surface_3
f 5705/5705 5704/5704 5706/5706
usemtl Surface_3
f 5712/5712 5708/5708 5707/5707
usemtl Surface_3
f 5711/5711 5708/5708 5712/5712
usemtl Surface_3
f 5710/5710 5708/5708 5711/5711
usemtl Surface_3
f 5709/5709 5708/5708 5710/5710
usemtl Surface_3
f 5718/5718 5714/5714 5713/5713
usemtl Surface_3
f 5717/5717 5714/5714 5718/5718
usemtl Surface_3
f 5716/5716 5714/5714 5717/5717
usemtl Surface_3
f 5715/5715 5714/5714 5716/5716
usemtl Surface_3
f 5719/5719 5721/5721 5720/5720
usemtl Surface_3
f 5722/5722 5724/5724 5723/5723
usemtl Surface_3
f 5725/5725 5727/5727 5726/5726
usemtl Surface_3
f 5728/5728 5730/5730 5729/5729
usemtl Surface_3
f 5731/5731 5733/5733 5732/5732
usemtl Surface_3
f 5734/5734 5736/5736 5735/5735
usemtl Surface_3
f 5737/5737 5739/5739 5738/5738
usemtl Surface_3
f 5740/5740 5742/5742 5741/5741
usemtl Surface_3
f 5743/5743 5745/5745 5744/5744
usemtl Surface_3
f 5746/5746 5748/5748 5747/5747
usemtl Surface_3
f 5752/5752 5750/5750 5749/5749
usemtl Surface_3
f 5751/5751 5750/5750 5752/5752
usemtl Surface_3
f 5756/5756 5754/5754 5753/5753
usemtl Surface_3
f 5755/5755 5754/5754 5756/5756
usemtl Surface_3
f 5760/5760 5758/5758 5757/5757
usemtl Surface_3
f 5759/5759 5758/5758 5760/5760
usemtl Surface_3
f 5764/5764 5762/5762 5761/5761
usemtl Surface_3
f 5763/5763 5762/5762 5764/5764
usemtl Surface_3
f 5768/5768 5766/5766 5765/5765
usemtl Surface_3
f 5767/5767 5766/5766 5768/5768
usemtl Surface_3
f 5772/5772 5770/5770 5769/5769
usemtl Surface_3
f 5771/5771 5770/5770 5772/5772
usemtl Surface_3
f 5776/5776 5774/5774 5773/5773
usemtl Surface_3
f 5775/5775 5774/5774 5776/5776
usemtl Surface_3
f 5780/5780 5778/5778 5777/5777
usemtl Surface_3
f 5779/5779 5778/5778 5780/5780
usemtl Surface_3
f 5784/5784 5782/5782 5781/5781
usemtl Surface_3
f 5783/5783 5782/5782 5784/5784
usemtl Surface_3
f 5788/5788 5786/5786 5785/5785
usemtl Surface_3
f 5787/5787 5786/5786 5788/5788
usemtl Surface_3
f 5792/5792 5790/5790 5789/5789
usemtl Surface_3
f 5791/5791 5790/5790 5792/5792
usemtl Surface_3
f 5796/5796 5794/5794 5793/5793
usemtl Surface_3
f 5795/5795 5794/5794 5796/5796
usemtl Surface_3
f 5800/5800 5798/5798 5797/5797
usemtl Surface_3
f 5799/5799 5798/5798 5800/5800
usemtl Surface_3
f 5804/5804 5802/5802 5801/5801
usemtl Surface_3
f 5803/5803 5802/5802 5804/5804
usemtl Surface_3
f 5808/5808 5806/5806 5805/5805
usemtl Surface_3
f 5807/5807 5806/5806 5808/5808
usemtl Surface_3
f 5812/5812 5810/5810 5809/5809
usemtl Surface_3
f 5811/5811 5810/5810 5812/5812
usemtl Surface_3
f 5816/5816 5814/5814 5813/5813
usemtl Surface_3
f 5815/5815 5814/5814 5816/5816
usemtl Surface_3
f 5820/5820 5818/5818 5817/5817
usemtl Surface_3
f 5819/5819 5818/5818 5820/5820
usemtl Surface_3
f 5824/5824 5822/5822 5821/5821
usemtl Surface_3
f 5823/5823 5822/5822 5824/5824
usemtl Surface_3
f 5828/5828 5826/5826 5825/5825
usemtl Surface_3
f 5827/5827 5826/5826 5828/5828
usemtl Surface_3
f 5832/5832 5830/5830 5829/5829
usemtl Surface_3
f 5831/5831 5830/5830 5832/5832
usemtl Surface_3
f 5836/5836 5834/5834 5833/5833
usemtl Surface_3
f 5835/5835 5834/5834 5836/5836
usemtl Surface_3
f 5840/5840 5838/5838 5837/5837
usemtl Surface_3
f 5839/5839 5838/5838 5840/5840
usemtl Surface_3
f 5844/5844 5842/5842 5841/5841
usemtl Surface_3
f 5843/5843 5842/5842 5844/5844
usemtl Surface_3
f 5848/5848 5846/5846 5845/5845
usemtl Surface_3
f 5847/5847 5846/5846 5848/5848
usemtl Surface_3
f 5852/5852 5850/5850 5849/5849
usemtl Surface_3
f 5851/5851 5850/5850 5852/5852
usemtl Surface_3
f 5856/5856 5854/5854 5853/5853
usemtl Surface_3
f 5855/5855 5854/5854 5856/5856
usemtl Surface_3
f 5860/5860 5858/5858 5857/5857
usemtl Surface_3
f 5859/5859 5858/5858 5860/5860
usemtl Surface_3
f 5864/5864 5862/5862 5861/5861
usemtl Surface_3
f 5863/5863 5862/5862 5864/5864
usemtl Surface_3
f 5868/5868 5866/5866 5865/5865
usemtl Surface_3
f 5867/5867 5866/5866 5868/5868
usemtl Surface_3
f 5872/5872 5870/5870 5869/5869
usemtl Surface_3
f 5871/5871 5870/5870 5872/5872
usemtl Surface_3
f 5876/5876 5874/5874 5873/5873
usemtl Surface_3
f 5875/5875 5874/5874 5876/5876
usemtl Surface_3
f 5880/5880 5878/5878 5877/5877
usemtl Surface_3
f 5879/5879 5878/5878 5880/5880
usemtl Surface_3
f 5884/5884 5882/5882 5881/5881
usemtl Surface_3
f 5883/5883 5882/5882 5884/5884
usemtl Surface_3
f 5888/5888 5886/5886 5885/5885
usemtl Surface_3
f 5887/5887 5886/5886 5888/5888
usemtl Surface_3
f 5892/5892 5890/5890 5889/5889
usemtl Surface_3
f 5891/5891 5890/5890 5892/5892
usemtl Surface_3
f 5896/5896 5894/5894 5893/5893
usemtl Surface_3
f 5895/5895 5894/5894 5896/5896
usemtl Surface_3
f 5900/5900 5898/5898 5897/5897
usemtl Surface_3
f 5899/5899 5898/5898 5900/5900
usemtl Surface_3
f 5904/5904 5902/5902 5901/5901
usemtl Surface_3
f 5903/5903 5902/5902 5904/5904
usemtl Surface_3
f 5908/5908 5906/5906 5905/5905
usemtl Surface_3
f 5907/5907 5906/5906 5908/5908
usemtl Surface_3
f 5909/5909 5911/5911 5910/5910
usemtl Surface_3
f 5912/5912 5914/5914 5913/5913
usemtl Surface_3
f 5915/5915 5917/5917 5916/5916
usemtl Surface_3
f 5918/5918 5920/5920 5919/5919
usemtl Surface_3
f 5921/5921 5923/5923 5922/5922
usemtl Surface_3
f 5924/5924 5926/5926 5925/5925
usemtl Surface_3
f 5927/5927 5929/5929 5928/5928
usemtl Surface_3
f 5930/5930 5932/5932 5931/5931
usemtl Surface_3
f 5933/5933 5935/5935 5934/5934
usemtl Surface_3
f 5936/5936 5938/5938 5937/5937
usemtl Surface_3
f 5942/5942 5940/5940 5939/5939
usemtl Surface_3
f 5941/5941 5940/5940 5942/5942
usemtl Surface_3
f 5946/5946 5944/5944 5943/5943
usemtl Surface_3
f 5945/5945 5944/5944 5946/5946
usemtl Surface_3
f 5950/5950 5948/5948 5947/5947
usemtl Surface_3
f 5949/5949 5948/5948 5950/5950
usemtl Surface_3
f 5954/5954 5952/5952 5951/5951
usemtl Surface_3
f 5953/5953 5952/5952 5954/5954
usemtl Surface_3
f 5958/5958 5956/5956 5955/5955
usemtl Surface_3
f 5957/5957 5956/5956 5958/5958
usemtl Surface_3
f 5962/5962 5960/5960 5959/5959
usemtl Surface_3
f 5961/5961 5960/5960 5962/5962
usemtl Surface_3
f 5968/5968 5964/5964 5963/5963
usemtl Surface_3
f 5967/5967 5964/5964 5968/5968
usemtl Surface_3
f 5966/5966 5964/5964 5967/5967
usemtl Surface_3
f 5965/5965 5964/5964 5966/5966
usemtl Surface_3
f 5974/5974 5970/5970 5969/5969
usemtl Surface_3
f 5973/5973 5970/5970 5974/5974
usemtl Surface_3
f 5972/5972 5970/5970 5973/5973
usemtl Surface_3
f 5971/5971 5970/5970 5972/5972
usemtl Surface_3
f 5975/5975 5977/5977 5976/5976
usemtl Surface_3
f 5978/5978 5980/5980 5979/5979
usemtl Surface_3
f 5981/5981 5983/5983 5982/5982
usemtl Surface_3
f 5984/5984 5986/5986 5985/5985
usemtl Surface_3
f 5987/5987 5989/5989 5988/5988
usemtl Surface_3
f 5990/5990 5992/5992 5991/5991
usemtl Surface_3
f 5993/5993 5995/5995 5994/5994
usemtl Surface_3
f 5996/5996 5998/5998 5997/5997
usemtl Surface_3
f 5999/5999 6001/6001 6000/6000
usemtl Surface_3
f 6002/6002 6004/6004 6003/6003
usemtl Surface_3
f 6008/6008 6006/6006 6005/6005
usemtl Surface_3
f 6007/6007 6006/6006 6008/6008
usemtl Surface_3
f 6012/6012 6010/6010 6009/6009
usemtl Surface_3
f 6011/6011 6010/6010 6012/6012
usemtl Surface_3
f 6016/6016 6014/6014 6013/6013
usemtl Surface_3
f 6015/6015 6014/6014 6016/6016
usemtl Surface_3
f 6020/6020 6018/6018 6017/6017
usemtl Surface_3
f 6019/6019 6018/6018 6020/6020
usemtl Surface_3
f 6024/6024 6022/6022 6021/6021
usemtl Surface_3
f 6023/6023 6022/6022 6024/6024
usemtl Surface_3
f 6028/6028 6026/6026 6025/6025
usemtl Surface_3
f 6027/6027 6026/6026 6028/6028
usemtl Surface_3
f 6032/6032 6030/6030 6029/6029
usemtl Surface_3
f 6031/6031 6030/6030 6032/6032
usemtl Surface_3
f 6036/6036 6034/6034 6033/6033
usemtl Surface_3
f 6035/6035 6034/6034 6036/6036
usemtl Surface_3
f 6040/6040 6038/6038 6037/6037
usemtl Surface_3
f 6039/6039 6038/6038 6040/6040
usemtl Surface_3
f 6044/6044 6042/6042 6041/6041
usemtl Surface_3
f 6043/6043 6042/6042 6044/6044
usemtl Surface_3
f 6048/6048 6046/6046 6045/6045
usemtl Surface_3
f 6047/6047 6046/6046 6048/6048
usemtl Surface_3
f 6052/6052 6050/6050 6049/6049
usemtl Surface_3
f 6051/6051 6050/6050 6052/6052
usemtl Surface_3
f 6056/6056 6054/6054 6053/6053
usemtl Surface_3
f 6055/6055 6054/6054 6056/6056
usemtl Surface_3
f 6060/6060 6058/6058 6057/6057
usemtl Surface_3
f 6059/6059 6058/6058 6060/6060
usemtl Surface_3
f 6064/6064 6062/6062 6061/6061
usemtl Surface_3
f 6063/6063 6062/6062 6064/6064
usemtl Surface_3
f 6068/6068 6066/6066 6065/6065
usemtl Surface_3
f 6067/6067 6066/6066 6068/6068
usemtl Surface_3
f 6072/6072 6070/6070 6069/6069
usemtl Surface_3
f 6071/6071 6070/6070 6072/6072
usemtl Surface_3
f 6076/6076 6074/6074 6073/6073
usemtl Surface_3
f 6075/6075 6074/6074 6076/6076
usemtl Surface_3
f 6080/6080 6078/6078 6077/6077
usemtl Surface_3
f 6079/6079 6078/6078 6080/6080
usemtl Surface_3
f 6084/6084 6082/6082 6081/6081
usemtl Surface_3
f 6083/6083 6082/6082 6084/6084
usemtl Surface_3
f 6088/6088 6086/6086 6085/6085
usemtl Surface_3
f 6087/6087 6086/6086 6088/6088
usemtl Surface_3
f 6092/6092 6090/6090 6089/6089
usemtl Surface_3
f 6091/6091 6090/6090 6092/6092
usemtl Surface_3
f 6096/6096 6094/6094 6093/6093
usemtl Surface_3
f 6095/6095 6094/6094 6096/6096
usemtl Surface_3
f 6100/6100 6098/6098 6097/6097
usemtl Surface_3
f 6099/6099 6098/6098 6100/6100
usemtl Surface_3
f 6104/6104 6102/6102 6101/6101
usemtl Surface_3
f 6103/6103 6102/6102 6104/6104
usemtl Surface_3
f 6108/6108 6106/6106 6105/6105
usemtl Surface_3
f 6107/6107 6106/6106 6108/6108
usemtl Surface_3
f 6112/6112 6110/6110 6109/6109
usemtl Surface_3
f 6111/6111 6110/6110 6112/6112
usemtl Surface_3
f 6116/6116 6114/6114 6113/6113
usemtl Surface_3
f 6115/6115 6114/6114 6116/6116
usemtl Surface_3
f 6120/6120 6118/6118 6117/6117
usemtl Surface_3
f 6119/6119 6118/6118 6120/6120
usemtl Surface_3
f 6124/6124 6122/6122 6121/6121
usemtl Surface_3
f 6123/6123 6122/6122 6124/6124
usemtl Surface_3
f 6128/6128 6126/6126 6125/6125
usemtl Surface_3
f 6127/6127 6126/6126 6128/6128
usemtl Surface_3
f 6132/6132 6130/6130 6129/6129
usemtl Surface_3
f 6131/6131 6130/6130 6132/6132
usemtl Surface_3
f 6136/6136 6134/6134 6133/6133
usemtl Surface_3
f 6135/6135 6134/6134 6136/6136
usemtl Surface_3
f 6140/6140 6138/6138 6137/6137
usemtl Surface_3
f 6139/6139 6138/6138 6140/6140
usemtl Surface_3
f 6144/6144 6142/6142 6141/6141
usemtl Surface_3
f 6143/6143 6142/6142 6144/6144
usemtl Surface_3
f 6148/6148 6146/6146 6145/6145
usemtl Surface_3
f 6147/6147 6146/6146 6148/6148
usemtl Surface_3
f 6152/6152 6150/6150 6149/6149
usemtl Surface_3
f 6151/6151 6150/6150 6152/6152
usemtl Surface_3
f 6156/6156 6154/6154 6153/6153
usemtl Surface_3
f 6155/6155 6154/6154 6156/6156
usemtl Surface_3
f 6160/6160 6158/6158 6157/6157
usemtl Surface_3
f 6159/6159 6158/6158 6160/6160
usemtl Surface_3
f 6164/6164 6162/6162 6161/6161
usemtl Surface_3
f 6163/6163 6162/6162 6164/6164
usemtl Surface_3
f 6165/6165 6167/6167 6166/6166
usemtl Surface_3
f 6168/6168 6170/6170 6169/6169
usemtl Surface_3
f 6171/6171 6173/6173 6172/6172
usemtl Surface_3
f 6174/6174 6176/6176 6175/6175
usemtl Surface_3
f 6177/6177 6179/6179 6178/6178
usemtl Surface_3
f 6180/6180 6182/6182 6181/6181
usemtl Surface_3
f 6183/6183 6185/6185 6184/6184
usemtl Surface_3
f 6186/6186 6188/6188 6187/6187
usemtl Surface_3
f 6189/6189 6191/6191 6190/6190
usemtl Surface_3
f 6192/6192 6194/6194 6193/6193
usemtl Surface_3
f 6198/6198 6196/6196 6195/6195
usemtl Surface_3
f 6197/6197 6196/6196 6198/6198
usemtl Surface_3
f 6202/6202 6200/6200 6199/6199
usemtl Surface_3
f 6201/6201 6200/6200 6202/6202
usemtl Surface_3
f 6206/6206 6204/6204 6203/6203
usemtl Surface_3
f 6205/6205 6204/6204 6206/6206
usemtl Surface_3
f 6210/6210 6208/6208 6207/6207
usemtl Surface_3
f 6209/6209 6208/6208 6210/6210
usemtl Surface_3
f 6214/6214 6212/6212 6211/6211
usemtl Surface_3
f 6213/6213 6212/6212 6214/6214
usemtl Surface_3
f 6218/6218 6216/6216 6215/6215
usemtl Surface_3
f 6217/6217 6216/6216 6218/6218
usemtl Surface_3
f 6224/6224 6220/6220 6219/6219
usemtl Surface_3
f 6223/6223 6220/6220 6224/6224
usemtl Surface_3
f 6222/6222 6220/6220 6223/6223
usemtl Surface_3
f 6221/6221 6220/6220 6222/6222
usemtl Surface_3
f 6230/6230 6226/6226 6225/6225
usemtl Surface_3
f 6229/6229 6226/6226 6230/6230
usemtl Surface_3
f 6228/6228 6226/6226 6229/6229
usemtl Surface_3
f 6227/6227 6226/6226 6228/6228
usemtl Surface_3
f 6231/6231 6233/6233 6232/6232
usemtl Surface_3
f 6234/6234 6236/6236 6235/6235
usemtl Surface_3
f 6237/6237 6239/6239 6238/6238
usemtl Surface_3
f 6240/6240 6242/6242 6241/6241
usemtl Surface_3
f 6243/6243 6245/6245 6244/6244
usemtl Surface_3
f 6246/6246 6248/6248 6247/6247
usemtl Surface_3
f 6249/6249 6251/6251 6250/6250
usemtl Surface_3
f 6252/6252 6254/6254 6253/6253
usemtl Surface_3
f 6255/6255 6257/6257 6256/6256
usemtl Surface_3
f 6258/6258 6260/6260 6259/6259
usemtl Surface_3
f 6264/6264 6262/6262 6261/6261
usemtl Surface_3
f 6263/6263 6262/6262 6264/6264
usemtl Surface_3
f 6268/6268 6266/6266 6265/6265
usemtl Surface_3
f 6267/6267 6266/6266 6268/6268
usemtl Surface_3
f 6272/6272 6270/6270 6269/6269
usemtl Surface_3
f 6271/6271 6270/6270 6272/6272
usemtl Surface_3
f 6276/6276 6274/6274 6273/6273
usemtl Surface_3
f 6275/6275 6274/6274 6276/6276
usemtl Surface_3
f 6280/6280 6278/6278 6277/6277
usemtl Surface_3
f 6279/6279 6278/6278 6280/6280
usemtl Surface_3
f 6284/6284 6282/6282 6281/6281
usemtl Surface_3
f 6283/6283 6282/6282 6284/6284
usemtl Surface_3
f 6288/6288 6286/6286 6285/6285
usemtl Surface_3
f 6287/6287 6286/6286 6288/6288
usemtl Surface_3
f 6292/6292 6290/6290 6289/6289
usemtl Surface_3
f 6291/6291 6290/6290 6292/6292
usemtl Surface_3
f 6296/6296 6294/6294 6293/6293
usemtl Surface_3
f 6295/6295 6294/6294 6296/6296
usemtl Surface_3
f 6300/6300 6298/6298 6297/6297
usemtl Surface_3
f 6299/6299 6298/6298 6300/6300
usemtl Surface_3
f 6304/6304 6302/6302 6301/6301
usemtl Surface_3
f 6303/6303 6302/6302 6304/6304
usemtl Surface_3
f 6308/6308 6306/6306 6305/6305
usemtl Surface_3
f 6307/6307 6306/6306 6308/6308
usemtl Surface_3
f 6312/6312 6310/6310 6309/6309
usemtl Surface_3
f 6311/6311 6310/6310 6312/6312
usemtl Surface_3
f 6316/6316 6314/6314 6313/6313
usemtl Surface_3
f 6315/6315 6314/6314 6316/6316
usemtl Surface_3
f 6320/6320 6318/6318 6317/6317
usemtl Surface_3
f 6319/6319 6318/6318 6320/6320
usemtl Surface_3
f 6324/6324 6322/6322 6321/6321
usemtl Surface_3
f 6323/6323 6322/6322 6324/6324
usemtl Surface_3
f 6328/6328 6326/6326 6325/6325
usemtl Surface_3
f 6327/6327 6326/6326 6328/6328
usemtl Surface_3
f 6332/6332 6330/6330 6329/6329
usemtl Surface_3
f 6331/6331 6330/6330 6332/6332
usemtl Surface_3
f 6336/6336 6334/6334 6333/6333
usemtl Surface_3
f 6335/6335 6334/6334 6336/6336
usemtl Surface_3
f 6340/6340 6338/6338 6337/6337
usemtl Surface_3
f 6339/6339 6338/6338 6340/6340
usemtl Surface_3
f 6344/6344 6342/6342 6341/6341
usemtl Surface_3
f 6343/6343 6342/6342 6344/6344
usemtl Surface_3
f 6348/6348 6346/6346 6345/6345
usemtl Surface_3
f 6347/6347 6346/6346 6348/6348
usemtl Surface_3
f 6352/6352 6350/6350 6349/6349
usemtl Surface_3
f 6351/6351 6350/6350 6352/6352
usemtl Surface_3
f 6356/6356 6354/6354 6353/6353
usemtl Surface_3
f 6355/6355 6354/6354 6356/6356
usemtl Surface_3
f 6360/6360 6358/6358 6357/6357
usemtl Surface_3
f 6359/6359 6358/6358 6360/6360
usemtl Surface_3
f 6364/6364 6362/6362 6361/6361
usemtl Surface_3
f 6363/6363 6362/6362 6364/6364
usemtl Surface_3
f 6368/6368 6366/6366 6365/6365
usemtl Surface_3
f 6367/6367 6366/6366 6368/6368
usemtl Surface_3
f 6372/6372 6370/6370 6369/6369
usemtl Surface_3
f 6371/6371 6370/6370 6372/6372
usemtl Surface_3
f 6376/6376 6374/6374 6373/6373
usemtl Surface_3
f 6375/6375 6374/6374 6376/6376
usemtl Surface_3
f 6380/6380 6378/6378 6377/6377
usemtl Surface_3
f 6379/6379 6378/6378 6380/6380
usemtl Surface_3
f 6384/6384 6382/6382 6381/6381
usemtl Surface_3
f 6383/6383 6382/6382 6384/6384
usemtl Surface_3
f 6388/6388 6386/6386 6385/6385
usemtl Surface_3
f 6387/6387 6386/6386 6388/6388
usemtl Surface_3
f 6392/6392 6390/6390 6389/6389
usemtl Surface_3
f 6391/6391 6390/6390 6392/6392
usemtl Surface_3
f 6396/6396 6394/6394 6393/6393
usemtl Surface_3
f 6395/6395 6394/6394 6396/6396
usemtl Surface_3
f 6400/6400 6398/6398 6397/6397
usemtl Surface_3
f 6399/6399 6398/6398 6400/6400
usemtl Surface_3
f 6404/6404 6402/6402 6401/6401
usemtl Surface_3
f 6403/6403 6402/6402 6404/6404
usemtl Surface_3
f 6408/6408 6406/6406 6405/6405
usemtl Surface_3
f 6407/6407 6406/6406 6408/6408
usemtl Surface_3
f 6412/6412 6410/6410 6409/6409
usemtl Surface_3
f 6411/6411 6410/6410 6412/6412
usemtl Surface_3
f 6416/6416 6414/6414 6413/6413
usemtl Surface_3
f 6415/6415 6414/6414 6416/6416
usemtl Surface_3
f 6420/6420 6418/6418 6417/6417
usemtl Surface_3
f 6419/6419 6418/6418 6420/6420
usemtl Surface_3
f 6421/6421 6423/6423 6422/6422
usemtl Surface_3
f 6424/6424 6426/6426 6425/6425
usemtl Surface_3
f 6427/6427 6429/6429 6428/6428
usemtl Surface_3
f 6430/6430 6432/6432 6431/6431
usemtl Surface_3
f 6433/6433 6435/6435 6434/6434
usemtl Surface_3
f 6436/6436 6438/6438 6437/6437
usemtl Surface_3
f 6439/6439 6441/6441 6440/6440
usemtl Surface_3
f 6442/6442 6444/6444 6443/6443
usemtl Surface_3
f 6445/6445 6447/6447 6446/6446
usemtl Surface_3
f 6448/6448 6450/6450 6449/6449
usemtl Surface_3
f 6454/6454 6452/6452 6451/6451
usemtl Surface_3
f 6453/6453 6452/6452 6454/6454
usemtl Surface_3
f 6458/6458 6456/6456 6455/6455
usemtl Surface_3
f 6457/6457 6456/6456 6458/6458
usemtl Surface_3
f 6462/6462 6460/6460 6459/6459
usemtl Surface_3
f 6461/6461 6460/6460 6462/6462
usemtl Surface_3
f 6466/6466 6464/6464 6463/6463
usemtl Surface_3
f 6465/6465 6464/6464 6466/6466
usemtl Surface_3
f 6470/6470 6468/6468 6467/6467
usemtl Surface_3
f 6469/6469 6468/6468 6470/6470
usemtl Surface_3
f 6474/6474 6472/6472 6471/6471
usemtl Surface_3
f 6473/6473 6472/6472 6474/6474
usemtl Surface_3
f 6480/6480 6476/6476 6475/6475
usemtl Surface_3
f 6479/6479 6476/6476 6480/6480
usemtl Surface_3
f 6478/6478 6476/6476 6479/6479
usemtl Surface_3
f 6477/6477 6476/6476 6478/6478
usemtl Surface_3
f 6486/6486 6482/6482 6481/6481
usemtl Surface_3
f 6485/6485 6482/6482 6486/6486
usemtl Surface_3
f 6484/6484 6482/6482 6485/6485
usemtl Surface_3
f 6483/6483 6482/6482 6484/6484
usemtl Surface_3
f 6487/6487 6489/6489 6488/6488
usemtl Surface_3
f 6490/6490 6492/6492 6491/6491
usemtl Surface_3
f 6493/6493 6495/6495 6494/6494
usemtl Surface_3
f 6496/6496 6498/6498 6497/6497
usemtl Surface_3
f 6499/6499 6501/6501 6500/6500
usemtl Surface_3
f 6502/6502 6504/6504 6503/6503
usemtl Surface_3
f 6505/6505 6507/6507 6506/6506
usemtl Surface_3
f 6508/6508 6510/6510 6509/6509
usemtl Surface_3
f 6511/6511 6513/6513 6512/6512
usemtl Surface_3
f 6514/6514 6516/6516 6515/6515
usemtl Surface_3
f 6520/6520 6518/6518 6517/6517
usemtl Surface_3
f 6519/6519 6518/6518 6520/6520
usemtl Surface_3
f 6524/6524 6522/6522 6521/6521
usemtl Surface_3
f 6523/6523 6522/6522 6524/6524
usemtl Surface_3
f 6528/6528 6526/6526 6525/6525
usemtl Surface_3
f 6527/6527 6526/6526 6528/6528
usemtl Surface_3
f 6532/6532 6530/6530 6529/6529
usemtl Surface_3
f 6531/6531 6530/6530 6532/6532
usemtl Surface_3
f 6536/6536 6534/6534 6533/6533
usemtl Surface_3
f 6535/6535 6534/6534 6536/6536
usemtl Surface_3
f 6540/6540 6538/6538 6537/6537
usemtl Surface_3
f 6539/6539 6538/6538 6540/6540
usemtl Surface_3
f 6544/6544 6542/6542 6541/6541
usemtl Surface_3
f 6543/6543 6542/6542 6544/6544
usemtl Surface_3
f 6548/6548 6546/6546 6545/6545
usemtl Surface_3
f 6547/6547 6546/6546 6548/6548
usemtl Surface_3
f 6552/6552 6550/6550 6549/6549
usemtl Surface_3
f 6551/6551 6550/6550 6552/6552
usemtl Surface_3
f 6556/6556 6554/6554 6553/6553
usemtl Surface_3
f 6555/6555 6554/6554 6556/6556
usemtl Surface_3
f 6560/6560 6558/6558 6557/6557
usemtl Surface_3
f 6559/6559 6558/6558 6560/6560
usemtl Surface_3
f 6564/6564 6562/6562 6561/6561
usemtl Surface_3
f 6563/6563 6562/6562 6564/6564
usemtl Surface_3
f 6568/6568 6566/6566 6565/6565
usemtl Surface_3
f 6567/6567 6566/6566 6568/6568
usemtl Surface_3
f 6572/6572 6570/6570 6569/6569
usemtl Surface_3
f 6571/6571 6570/6570 6572/6572
usemtl Surface_3
f 6576/6576 6574/6574 6573/6573
usemtl Surface_3
f 6575/6575 6574/6574 6576/6576
usemtl Surface_3
f 6580/6580 6578/6578 6577/6577
usemtl Surface_3
f 6579/6579 6578/6578 6580/6580
usemtl Surface_3
f 6584/6584 6582/6582 6581/6581
usemtl Surface_3
f 6583/6583 6582/6582 6584/6584
usemtl Surface_3
f 6588/6588 6586/6586 6585/6585
usemtl Surface_3
f 6587/6587 6586/6586 6588/6588
usemtl Surface_3
f 6592/6592 6590/6590 6589/6589
usemtl Surface_3
f 6591/6591 6590/6590 6592/6592
usemtl Surface_3
f 6596/6596 6594/6594 6593/6593
usemtl Surface_3
f 6595/6595 6594/6594 6596/6596
usemtl Surface_3
f 6600/6600 6598/6598 6597/6597
usemtl Surface_3
f 6599/6599 6598/6598 6600/6600
usemtl Surface_3
f 6604/6604 6602/6602 6601/6601
usemtl Surface_3
f 6603/6603 6602/6602 6604/6604
usemtl Surface_3
f 6608/6608 6606/6606 6605/6605
usemtl Surface_3
f 6607/6607 6606/6606 6608/6608
usemtl Surface_3
f 6612/6612 6610/6610 6609/6609
usemtl Surface_3
f 6611/6611 6610/6610 6612/6612
usemtl Surface_3
f 6616/6616 6614/6614 6613/6613
usemtl Surface_3
f 6615/6615 6614/6614 6616/6616
usemtl Surface_3
f 6620/6620 6618/6618 6617/6617
usemtl Surface_3
f 6619/6619 6618/6618 6620/6620
usemtl Surface_3
f 6624/6624 6622/6622 6621/6621
usemtl Surface_3
f 6623/6623 6622/6622 6624/6624
usemtl Surface_3
f 6628/6628 6626/6626 6625/6625
usemtl Surface_3
f 6627/6627 6626/6626 6628/6628
usemtl Surface_3
f 6632/6632 6630/6630 6629/6629
usemtl Surface_3
f 6631/6631 6630/6630 6632/6632
usemtl Surface_3
f 6636/6636 6634/6634 6633/6633
usemtl Surface_3
f 6635/6635 6634/6634 6636/6636
usemtl Surface_3
f 6640/6640 6638/6638 6637/6637
usemtl Surface_3
f 6639/6639 6638/6638 6640/6640
usemtl Surface_3
f 6644/6644 6642/6642 6641/6641
usemtl Surface_3
f 6643/6643 6642/6642 6644/6644
usemtl Surface_3
f 6648/6648 6646/6646 6645/6645
usemtl Surface_3
f 6647/6647 6646/6646 6648/6648
usemtl Surface_3
f 6652/6652 6650/6650 6649/6649
usemtl Surface_3
f 6651/6651 6650/6650 6652/6652
usemtl Surface_3
f 6656/6656 6654/6654 6653/6653
usemtl Surface_3
f 6655/6655 6654/6654 6656/6656
usemtl Surface_3
f 6660/6660 6658/6658 6657/6657
usemtl Surface_3
f 6659/6659 6658/6658 6660/6660
usemtl Surface_3
f 6664/6664 6662/6662 6661/6661
usemtl Surface_3
f 6663/6663 6662/6662 6664/6664
usemtl Surface_3
f 6668/6668 6666/6666 6665/6665
usemtl Surface_3
f 6667/6667 6666/6666 6668/6668
usemtl Surface_3
f 6672/6672 6670/6670 6669/6669
usemtl Surface_3
f 6671/6671 6670/6670 6672/6672
usemtl Surface_3
f 6676/6676 6674/6674 6673/6673
usemtl Surface_3
f 6675/6675 6674/6674 6676/6676
usemtl Surface_3
f 6677/6677 6679/6679 6678/6678
usemtl Surface_3
f 6680/6680 6682/6682 6681/6681
usemtl Surface_3
f 6683/6683 6685/6685 6684/6684
usemtl Surface_3
f 6686/6686 6688/6688 6687/6687
usemtl Surface_3
f 6689/6689 6691/6691 6690/6690
usemtl Surface_3
f 6692/6692 6694/6694 6693/6693
usemtl Surface_3
f 6695/6695 6697/6697 6696/6696
usemtl Surface_3
f 6698/6698 6700/6700 6699/6699
usemtl Surface_3
f 6701/6701 6703/6703 6702/6702
usemtl Surface_3
f 6704/6704 6706/6706 6705/6705
usemtl Surface_3
f 6707/6707 6709/6709 6708/6708
usemtl Surface_3
f 6710/6710 6712/6712 6711/6711
usemtl Surface_3
f 6713/6713 6715/6715 6714/6714
usemtl Surface_3
f 6716/6716 6718/6718 6717/6717
usemtl Surface_3
f 6719/6719 6721/6721 6720/6720
usemtl Surface_3
f 6722/6722 6724/6724 6723/6723
usemtl Surface_3
f 6725/6725 6727/6727 6726/6726
usemtl Surface_3
f 6728/6728 6730/6730 6729/6729
usemtl Surface_3
f 6731/6731 6733/6733 6732/6732
usemtl Surface_3
f 6734/6734 6736/6736 6735/6735
usemtl Surface_3
f 6737/6737 6739/6739 6738/6738
usemtl Surface_3
f 6740/6740 6742/6742 6741/6741
usemtl Surface_3
f 6746/6746 6744/6744 6743/6743
usemtl Surface_3
f 6745/6745 6744/6744 6746/6746
usemtl Surface_3
f 6750/6750 6748/6748 6747/6747
usemtl Surface_3
f 6749/6749 6748/6748 6750/6750
usemtl Surface_3
f 6754/6754 6752/6752 6751/6751
usemtl Surface_3
f 6753/6753 6752/6752 6754/6754
usemtl Surface_3
f 6758/6758 6756/6756 6755/6755
usemtl Surface_3
f 6757/6757 6756/6756 6758/6758
usemtl Surface_3
f 6762/6762 6760/6760 6759/6759
usemtl Surface_3
f 6761/6761 6760/6760 6762/6762
usemtl Surface_3
f 6766/6766 6764/6764 6763/6763
usemtl Surface_3
f 6765/6765 6764/6764 6766/6766
usemtl Surface_3
f 6770/6770 6768/6768 6767/6767
usemtl Surface_3
f 6769/6769 6768/6768 6770/6770
usemtl Surface_3
f 6774/6774 6772/6772 6771/6771
usemtl Surface_3
f 6773/6773 6772/6772 6774/6774
usemtl Surface_3
f 6778/6778 6776/6776 6775/6775
usemtl Surface_3
f 6777/6777 6776/6776 6778/6778
usemtl Surface_3
f 6782/6782 6780/6780 6779/6779
usemtl Surface_3
f 6781/6781 6780/6780 6782/6782
usemtl Surface_3
f 6786/6786 6784/6784 6783/6783
usemtl Surface_3
f 6785/6785 6784/6784 6786/6786
usemtl Surface_3
f 6790/6790 6788/6788 6787/6787
usemtl Surface_3
f 6789/6789 6788/6788 6790/6790
usemtl Surface_3
f 6794/6794 6792/6792 6791/6791
usemtl Surface_3
f 6793/6793 6792/6792 6794/6794
usemtl Surface_3
f 6798/6798 6796/6796 6795/6795
usemtl Surface_3
f 6797/6797 6796/6796 6798/6798
usemtl Surface_3
f 6802/6802 6800/6800 6799/6799
usemtl Surface_3
f 6801/6801 6800/6800 6802/6802
usemtl Surface_3
f 6806/6806 6804/6804 6803/6803
usemtl Surface_3
f 6805/6805 6804/6804 6806/6806
usemtl Surface_3
f 6810/6810 6808/6808 6807/6807
usemtl Surface_3
f 6809/6809 6808/6808 6810/6810
usemtl Surface_3
f 6814/6814 6812/6812 6811/6811
usemtl Surface_3
f 6813/6813 6812/6812 6814/6814
usemtl Surface_3
f 6818/6818 6816/6816 6815/6815
usemtl Surface_3
f 6817/6817 6816/6816 6818/6818
usemtl Surface_3
f 6822/6822 6820/6820 6819/6819
usemtl Surface_3
f 6821/6821 6820/6820 6822/6822
usemtl Surface_3
f 6826/6826 6824/6824 6823/6823
usemtl Surface_3
f 6825/6825 6824/6824 6826/6826
usemtl Surface_3
f 6830/6830 6828/6828 6827/6827
usemtl Surface_3
f 6829/6829 6828/6828 6830/6830
usemtl Surface_3
f 6834/6834 6832/6832 6831/6831
usemtl Surface_3
f 6833/6833 6832/6832 6834/6834
usemtl Surface_3
f 6838/6838 6836/6836 6835/6835
usemtl Surface_3
f 6837/6837 6836/6836 6838/6838
usemtl Surface_3
f 6842/6842 6840/6840 6839/6839
usemtl Surface_3
f 6841/6841 6840/6840 6842/6842
usemtl Surface_3
f 6846/6846 6844/6844 6843/6843
usemtl Surface_3
f 6845/6845 6844/6844 6846/6846
usemtl Surface_3
f 6850/6850 6848/6848 6847/6847
usemtl Surface_3
f 6849/6849 6848/6848 6850/6850
usemtl Surface_3
f 6854/6854 6852/6852 6851/6851
usemtl Surface_3
f 6853/6853 6852/6852 6854/6854
usemtl Surface_3
f 6858/6858 6856/6856 6855/6855
usemtl Surface_3
f 6857/6857 6856/6856 6858/6858
usemtl Surface_3
f 6862/6862 6860/6860 6859/6859
usemtl Surface_3
f 6861/6861 6860/6860 6862/6862
usemtl Surface_3
f 6866/6866 6864/6864 6863/6863
usemtl Surface_3
f 6865/6865 6864/6864 6866/6866
usemtl Surface_3
f 6870/6870 6868/6868 6867/6867
usemtl Surface_3
f 6869/6869 6868/6868 6870/6870
usemtl Surface_3
f 6874/6874 6872/6872 6871/6871
usemtl Surface_3
f 6873/6873 6872/6872 6874/6874
usemtl Surface_3
f 6878/6878 6876/6876 6875/6875
usemtl Surface_3
f 6877/6877 6876/6876 6878/6878
usemtl Surface_3
f 6882/6882 6880/6880 6879/6879
usemtl Surface_3
f 6881/6881 6880/6880 6882/6882
usemtl Surface_3
f 6886/6886 6884/6884 6883/6883
usemtl Surface_3
f 6885/6885 6884/6884 6886/6886
usemtl Surface_3
f 6890/6890 6888/6888 6887/6887
usemtl Surface_3
f 6889/6889 6888/6888 6890/6890
usemtl Surface_3
f 6894/6894 6892/6892 6891/6891
usemtl Surface_3
f 6893/6893 6892/6892 6894/6894
usemtl Surface_3
f 6898/6898 6896/6896 6895/6895
usemtl Surface_3
f 6897/6897 6896/6896 6898/6898
usemtl Surface_3
f 6902/6902 6900/6900 6899/6899
usemtl Surface_3
f 6901/6901 6900/6900 6902/6902
usemtl Surface_3
f 6906/6906 6904/6904 6903/6903
usemtl Surface_3
f 6905/6905 6904/6904 6906/6906
usemtl Surface_3
f 6910/6910 6908/6908 6907/6907
usemtl Surface_3
f 6909/6909 6908/6908 6910/6910
usemtl Surface_3
f 6914/6914 6912/6912 6911/6911
usemtl Surface_3
f 6913/6913 6912/6912 6914/6914
usemtl Surface_3
f 6918/6918 6916/6916 6915/6915
usemtl Surface_3
f 6917/6917 6916/6916 6918/6918
usemtl Surface_3
f 6922/6922 6920/6920 6919/6919
usemtl Surface_3
f 6921/6921 6920/6920 6922/6922
usemtl Surface_3
f 6926/6926 6924/6924 6923/6923
usemtl Surface_3
f 6925/6925 6924/6924 6926/6926
usemtl Surface_3
f 6930/6930 6928/6928 6927/6927
usemtl Surface_3
f 6929/6929 6928/6928 6930/6930
usemtl Surface_3
f 6934/6934 6932/6932 6931/6931
usemtl Surface_3
f 6933/6933 6932/6932 6934/6934
usemtl Surface_3
f 6938/6938 6936/6936 6935/6935
usemtl Surface_3
f 6937/6937 6936/6936 6938/6938
usemtl Surface_3
f 6942/6942 6940/6940 6939/6939
usemtl Surface_3
f 6941/6941 6940/6940 6942/6942
usemtl Surface_3
f 6946/6946 6944/6944 6943/6943
usemtl Surface_3
f 6945/6945 6944/6944 6946/6946
usemtl Surface_3
f 6950/6950 6948/6948 6947/6947
usemtl Surface_3
f 6949/6949 6948/6948 6950/6950
usemtl Surface_3
f 6954/6954 6952/6952 6951/6951
usemtl Surface_3
f 6953/6953 6952/6952 6954/6954
usemtl Surface_3
f 6958/6958 6956/6956 6955/6955
usemtl Surface_3
f 6957/6957 6956/6956 6958/6958
usemtl Surface_3
f 6962/6962 6960/6960 6959/6959
usemtl Surface_3
f 6961/6961 6960/6960 6962/6962
usemtl Surface_3
f 6966/6966 6964/6964 6963/6963
usemtl Surface_3
f 6965/6965 6964/6964 6966/6966
usemtl Surface_3
f 6970/6970 6968/6968 6967/6967
usemtl Surface_3
f 6969/6969 6968/6968 6970/6970
usemtl Surface_3
f 6974/6974 6972/6972 6971/6971
usemtl Surface_3
f 6973/6973 6972/6972 6974/6974
usemtl Surface_3
f 6978/6978 6976/6976 6975/6975
usemtl Surface_3
f 6977/6977 6976/6976 6978/6978
usemtl Surface_3
f 6982/6982 6980/6980 6979/6979
usemtl Surface_3
f 6981/6981 6980/6980 6982/6982
usemtl Surface_3
f 6986/6986 6984/6984 6983/6983
usemtl Surface_3
f 6985/6985 6984/6984 6986/6986
usemtl Surface_3
f 6990/6990 6988/6988 6987/6987
usemtl Surface_3
f 6989/6989 6988/6988 6990/6990
usemtl Surface_3
f 6994/6994 6992/6992 6991/6991
usemtl Surface_3
f 6993/6993 6992/6992 6994/6994
usemtl Surface_3
f 6998/6998 6996/6996 6995/6995
usemtl Surface_3
f 6997/6997 6996/6996 6998/6998
usemtl Surface_3
f 7002/7002 7000/7000 6999/6999
usemtl Surface_3
f 7001/7001 7000/7000 7002/7002
usemtl Surface_3
f 7006/7006 7004/7004 7003/7003
usemtl Surface_3
f 7005/7005 7004/7004 7006/7006
usemtl Surface_3
f 7010/7010 7008/7008 7007/7007
usemtl Surface_3
f 7009/7009 7008/7008 7010/7010
usemtl Surface_3
f 7014/7014 7012/7012 7011/7011
usemtl Surface_3
f 7013/7013 7012/7012 7014/7014
usemtl Surface_3
f 7018/7018 7016/7016 7015/7015
usemtl Surface_3
f 7017/7017 7016/7016 7018/7018
usemtl Surface_3
f 7022/7022 7020/7020 7019/7019
usemtl Surface_3
f 7021/7021 7020/7020 7022/7022
usemtl Surface_3
f 7026/7026 7024/7024 7023/7023
usemtl Surface_3
f 7025/7025 7024/7024 7026/7026
usemtl Surface_3
f 7030/7030 7028/7028 7027/7027
usemtl Surface_3
f 7029/7029 7028/7028 7030/7030
usemtl Surface_3
f 7031/7031 7033/7033 7032/7032
usemtl Surface_3
f 7034/7034 7036/7036 7035/7035
usemtl Surface_3
f 7037/7037 7039/7039 7038/7038
usemtl Surface_3
f 7040/7040 7042/7042 7041/7041
usemtl Surface_3
f 7043/7043 7045/7045 7044/7044
usemtl Surface_3
f 7046/7046 7048/7048 7047/7047
usemtl Surface_3
f 7049/7049 7051/7051 7050/7050
usemtl Surface_3
f 7052/7052 7054/7054 7053/7053
usemtl Surface_3
f 7055/7055 7057/7057 7056/7056
usemtl Surface_3
f 7058/7058 7060/7060 7059/7059
usemtl Surface_3
f 7061/7061 7063/7063 7062/7062
usemtl Surface_3
f 7064/7064 7066/7066 7065/7065
usemtl Surface_3
f 7067/7067 7069/7069 7068/7068
usemtl Surface_3
f 7070/7070 7072/7072 7071/7071
usemtl Surface_3
f 7073/7073 7075/7075 7074/7074
usemtl Surface_3
f 7076/7076 7078/7078 7077/7077
usemtl Surface_3
f 7079/7079 7081/7081 7080/7080
usemtl Surface_3
f 7082/7082 7084/7084 7083/7083
usemtl Surface_3
f 7085/7085 7087/7087 7086/7086
usemtl Surface_3
f 7088/7088 7090/7090 7089/7089
usemtl Surface_3
f 7091/7091 7093/7093 7092/7092
usemtl Surface_3
f 7094/7094 7096/7096 7095/7095
usemtl Surface_3
f 7097/7097 7099/7099 7098/7098
usemtl Surface_3
f 7100/7100 7102/7102 7101/7101
usemtl Surface_3
f 7103/7103 7105/7105 7104/7104
usemtl Surface_3
f 7106/7106 7108/7108 7107/7107
usemtl Surface_3
f 7109/7109 7111/7111 7110/7110
usemtl Surface_3
f 7112/7112 7114/7114 7113/7113
usemtl Surface_3
f 7118/7118 7116/7116 7115/7115
usemtl Surface_3
f 7117/7117 7116/7116 7118/7118
usemtl Surface_3
f 7122/7122 7120/7120 7119/7119
usemtl Surface_3
f 7121/7121 7120/7120 7122/7122
usemtl Surface_3
f 7126/7126 7124/7124 7123/7123
usemtl Surface_3
f 7125/7125 7124/7124 7126/7126
usemtl Surface_3
f 7130/7130 7128/7128 7127/7127
usemtl Surface_3
f 7129/7129 7128/7128 7130/7130
usemtl Surface_3
f 7134/7134 7132/7132 7131/7131
usemtl Surface_3
f 7133/7133 7132/7132 7134/7134
usemtl Surface_3
f 7138/7138 7136/7136 7135/7135
usemtl Surface_3
f 7137/7137 7136/7136 7138/7138
usemtl Surface_3
f 7142/7142 7140/7140 7139/7139
usemtl Surface_3
f 7141/7141 7140/7140 7142/7142
usemtl Surface_3
f 7146/7146 7144/7144 7143/7143
usemtl Surface_3
f 7145/7145 7144/7144 7146/7146
usemtl Surface_3
f 7150/7150 7148/7148 7147/7147
usemtl Surface_3
f 7149/7149 7148/7148 7150/7150
usemtl Surface_3
f 7154/7154 7152/7152 7151/7151
usemtl Surface_3
f 7153/7153 7152/7152 7154/7154
usemtl Surface_3
f 7158/7158 7156/7156 7155/7155
usemtl Surface_3
f 7157/7157 7156/7156 7158/7158
usemtl Surface_3
f 7162/7162 7160/7160 7159/7159
usemtl Surface_3
f 7161/7161 7160/7160 7162/7162
usemtl Surface_3
f 7166/7166 7164/7164 7163/7163
usemtl Surface_3
f 7165/7165 7164/7164 7166/7166
usemtl Surface_3
f 7170/7170 7168/7168 7167/7167
usemtl Surface_3
f 7169/7169 7168/7168 7170/7170
usemtl Surface_3
f 7174/7174 7172/7172 7171/7171
usemtl Surface_3
f 7173/7173 7172/7172 7174/7174
usemtl Surface_3
f 7178/7178 7176/7176 7175/7175
usemtl Surface_3
f 7177/7177 7176/7176 7178/7178
usemtl Surface_3
f 7182/7182 7180/7180 7179/7179
usemtl Surface_3
f 7181/7181 7180/7180 7182/7182
usemtl Surface_3
f 7186/7186 7184/7184 7183/7183
usemtl Surface_3
f 7185/7185 7184/7184 7186/7186
usemtl Surface_3
f 7190/7190 7188/7188 7187/7187
usemtl Surface_3
f 7189/7189 7188/7188 7190/7190
usemtl Surface_3
f 7194/7194 7192/7192 7191/7191
usemtl Surface_3
f 7193/7193 7192/7192 7194/7194
usemtl Surface_3
f 7198/7198 7196/7196 7195/7195
usemtl Surface_3
f 7197/7197 7196/7196 7198/7198
usemtl Surface_3
f 7202/7202 7200/7200 7199/7199
usemtl Surface_3
f 7201/7201 7200/7200 7202/7202
usemtl Surface_3
f 7206/7206 7204/7204 7203/7203
usemtl Surface_3
f 7205/7205 7204/7204 7206/7206
usemtl Surface_3
f 7210/7210 7208/7208 7207/7207
usemtl Surface_3
f 7209/7209 7208/7208 7210/7210
usemtl Surface_3
f 7214/7214 7212/7212 7211/7211
usemtl Surface_3
f 7213/7213 7212/7212 7214/7214
usemtl Surface_3
f 7218/7218 7216/7216 7215/7215
usemtl Surface_3
f 7217/7217 7216/7216 7218/7218
usemtl Surface_3
f 7222/7222 7220/7220 7219/7219
usemtl Surface_3
f 7221/7221 7220/7220 7222/7222
usemtl Surface_3
f 7226/7226 7224/7224 7223/7223
usemtl Surface_3
f 7225/7225 7224/7224 7226/7226
usemtl Surface_3
f 7230/7230 7228/7228 7227/7227
usemtl Surface_3
f 7229/7229 7228/7228 7230/7230
usemtl Surface_3
f 7234/7234 7232/7232 7231/7231
usemtl Surface_3
f 7233/7233 7232/7232 7234/7234
usemtl Surface_3
f 7238/7238 7236/7236 7235/7235
usemtl Surface_3
f 7237/7237 7236/7236 7238/7238
usemtl Surface_3
f 7242/7242 7240/7240 7239/7239
usemtl Surface_3
f 7241/7241 7240/7240 7242/7242
usemtl Surface_3
f 7246/7246 7244/7244 7243/7243
usemtl Surface_3
f 7245/7245 7244/7244 7246/7246
usemtl Surface_3
f 7250/7250 7248/7248 7247/7247
usemtl Surface_3
f 7249/7249 7248/7248 7250/7250
usemtl Surface_3
f 7254/7254 7252/7252 7251/7251
usemtl Surface_3
f 7253/7253 7252/7252 7254/7254
usemtl Surface_3
f 7258/7258 7256/7256 7255/7255
usemtl Surface_3
f 7257/7257 7256/7256 7258/7258
usemtl Surface_3
f 7262/7262 7260/7260 7259/7259
usemtl Surface_3
f 7261/7261 7260/7260 7262/7262
usemtl Surface_3
f 7266/7266 7264/7264 7263/7263
usemtl Surface_3
f 7265/7265 7264/7264 7266/7266
usemtl Surface_3
f 7270/7270 7268/7268 7267/7267
usemtl Surface_3
f 7269/7269 7268/7268 7270/7270
usemtl Surface_3
f 7274/7274 7272/7272 7271/7271
usemtl Surface_3
f 7273/7273 7272/7272 7274/7274
usemtl Surface_3
f 7278/7278 7276/7276 7275/7275
usemtl Surface_3
f 7277/7277 7276/7276 7278/7278
usemtl Surface_3
f 7282/7282 7280/7280 7279/7279
usemtl Surface_3
f 7281/7281 7280/7280 7282/7282
usemtl Surface_3
f 7286/7286 7284/7284 7283/7283
usemtl Surface_3
f 7285/7285 7284/7284 7286/7286
usemtl Surface_3
f 7290/7290 7288/7288 7287/7287
usemtl Surface_3
f 7289/7289 7288/7288 7290/7290
usemtl Surface_3
f 7294/7294 7292/7292 7291/7291
usemtl Surface_3
f 7293/7293 7292/7292 7294/7294
usemtl Surface_3
f 7298/7298 7296/7296 7295/7295
usemtl Surface_3
f 7297/7297 7296/7296 7298/7298
usemtl Surface_3
f 7302/7302 7300/7300 7299/7299
usemtl Surface_3
f 7301/7301 7300/7300 7302/7302
usemtl Surface_3
f 7306/7306 7304/7304 7303/7303
usemtl Surface_3
f 7305/7305 7304/7304 7306/7306
usemtl Surface_3
f 7310/7310 7308/7308 7307/7307
usemtl Surface_3
f 7309/7309 7308/7308 7310/7310
usemtl Surface_3
f 7314/7314 7312/7312 7311/7311
usemtl Surface_3
f 7313/7313 7312/7312 7314/7314
usemtl Surface_3
f 7318/7318 7316/7316 7315/7315
usemtl Surface_3
f 7317/7317 7316/7316 7318/7318
usemtl Surface_3
f 7322/7322 7320/7320 7319/7319
usemtl Surface_3
f 7321/7321 7320/7320 7322/7322
usemtl Surface_3
f 7326/7326 7324/7324 7323/7323
usemtl Surface_3
f 7325/7325 7324/7324 7326/7326
usemtl Surface_3
f 7330/7330 7328/7328 7327/7327
usemtl Surface_3
f 7329/7329 7328/7328 7330/7330
usemtl Surface_3
f 7334/7334 7332/7332 7331/7331
usemtl Surface_3
f 7333/7333 7332/7332 7334/7334
usemtl Surface_3
f 7338/7338 7336/7336 7335/7335
usemtl Surface_3
f 7337/7337 7336/7336 7338/7338
usemtl Surface_3
f 7342/7342 7340/7340 7339/7339
usemtl Surface_3
f 7341/7341 7340/7340 7342/7342
usemtl Surface_3
f 7346/7346 7344/7344 7343/7343
usemtl Surface_3
f 7345/7345 7344/7344 7346/7346
usemtl Surface_3
f 7350/7350 7348/7348 7347/7347
usemtl Surface_3
f 7349/7349 7348/7348 7350/7350
usemtl Surface_3
f 7354/7354 7352/7352 7351/7351
usemtl Surface_3
f 7353/7353 7352/7352 7354/7354
usemtl Surface_3
f 7358/7358 7356/7356 7355/7355
usemtl Surface_3
f 7357/7357 7356/7356 7358/7358
usemtl Surface_3
f 7362/7362 7360/7360 7359/7359
usemtl Surface_3
f 7361/7361 7360/7360 7362/7362
usemtl Surface_3
f 7366/7366 7364/7364 7363/7363
usemtl Surface_3
f 7365/7365 7364/7364 7366/7366
usemtl Surface_3
f 7370/7370 7368/7368 7367/7367
usemtl Surface_3
f 7369/7369 7368/7368 7370/7370
usemtl Surface_3
f 7374/7374 7372/7372 7371/7371
usemtl Surface_3
f 7373/7373 7372/7372 7374/7374
usemtl Surface_3
f 7378/7378 7376/7376 7375/7375
usemtl Surface_3
f 7377/7377 7376/7376 7378/7378
usemtl Surface_3
f 7382/7382 7380/7380 7379/7379
usemtl Surface_3
f 7381/7381 7380/7380 7382/7382
usemtl Surface_3
f 7386/7386 7384/7384 7383/7383
usemtl Surface_3
f 7385/7385 7384/7384 7386/7386
usemtl Surface_3
f 7390/7390 7388/7388 7387/7387
usemtl Surface_3
f 7389/7389 7388/7388 7390/7390
usemtl Surface_3
f 7394/7394 7392/7392 7391/7391
usemtl Surface_3
f 7393/7393 7392/7392 7394/7394
usemtl Surface_3
f 7398/7398 7396/7396 7395/7395
usemtl Surface_3
f 7397/7397 7396/7396 7398/7398
usemtl Surface_3
f 7402/7402 7400/7400 7399/7399
usemtl Surface_3
f 7401/7401 7400/7400 7402/7402
usemtl Surface_3
f 7406/7406 7404/7404 7403/7403
usemtl Surface_3
f 7405/7405 7404/7404 7406/7406
usemtl Surface_3
f 7410/7410 7408/7408 7407/7407
usemtl Surface_3
f 7409/7409 7408/7408 7410/7410
usemtl Surface_3
f 7414/7414 7412/7412 7411/7411
usemtl Surface_3
f 7413/7413 7412/7412 7414/7414
usemtl Surface_3
f 7418/7418 7416/7416 7415/7415
usemtl Surface_3
f 7417/7417 7416/7416 7418/7418
usemtl Surface_3
f 7422/7422 7420/7420 7419/7419
usemtl Surface_3
f 7421/7421 7420/7420 7422/7422
usemtl Surface_3
f 7426/7426 7424/7424 7423/7423
usemtl Surface_3
f 7425/7425 7424/7424 7426/7426
usemtl Surface_3
f 7430/7430 7428/7428 7427/7427
usemtl Surface_3
f 7429/7429 7428/7428 7430/7430
usemtl Surface_3
f 7434/7434 7432/7432 7431/7431
usemtl Surface_3
f 7433/7433 7432/7432 7434/7434
usemtl Surface_3
f 7438/7438 7436/7436 7435/7435
usemtl Surface_3
f 7437/7437 7436/7436 7438/7438
usemtl Surface_3
f 7442/7442 7440/7440 7439/7439
usemtl Surface_3
f 7441/7441 7440/7440 7442/7442
usemtl Surface_3
f 7446/7446 7444/7444 7443/7443
usemtl Surface_3
f 7445/7445 7444/7444 7446/7446
usemtl Surface_3
f 7450/7450 7448/7448 7447/7447
usemtl Surface_3
f 7449/7449 7448/7448 7450/7450
usemtl Surface_3
f 7454/7454 7452/7452 7451/7451
usemtl Surface_3
f 7453/7453 7452/7452 7454/7454
usemtl Surface_3
f 7458/7458 7456/7456 7455/7455
usemtl Surface_3
f 7457/7457 7456/7456 7458/7458
usemtl Surface_3
f 7462/7462 7460/7460 7459/7459
usemtl Surface_3
f 7461/7461 7460/7460 7462/7462
usemtl Surface_3
f 7466/7466 7464/7464 7463/7463
usemtl Surface_3
f 7465/7465 7464/7464 7466/7466
usemtl Surface_3
f 7470/7470 7468/7468 7467/7467
usemtl Surface_3
f 7469/7469 7468/7468 7470/7470
usemtl Surface_3
f 7474/7474 7472/7472 7471/7471
usemtl Surface_3
f 7473/7473 7472/7472 7474/7474
usemtl Surface_3
f 7478/7478 7476/7476 7475/7475
usemtl Surface_3
f 7477/7477 7476/7476 7478/7478
usemtl Surface_3
f 7482/7482 7480/7480 7479/7479
usemtl Surface_3
f 7481/7481 7480/7480 7482/7482
usemtl Surface_3
f 7486/7486 7484/7484 7483/7483
usemtl Surface_3
f 7485/7485 7484/7484 7486/7486
usemtl Surface_3
f 7490/7490 7488/7488 7487/7487
usemtl Surface_3
f 7489/7489 7488/7488 7490/7490
usemtl Surface_3
f 7494/7494 7492/7492 7491/7491
usemtl Surface_3
f 7493/7493 7492/7492 7494/7494
usemtl Surface_3
f 7498/7498 7496/7496 7495/7495
usemtl Surface_3
f 7497/7497 7496/7496 7498/7498
usemtl Surface_3
f 7502/7502 7500/7500 7499/7499
usemtl Surface_3
f 7501/7501 7500/7500 7502/7502
usemtl Surface_3
f 7506/7506 7504/7504 7503/7503
usemtl Surface_3
f 7505/7505 7504/7504 7506/7506
usemtl Surface_3
f 7510/7510 7508/7508 7507/7507
usemtl Surface_3
f 7509/7509 7508/7508 7510/7510
usemtl Surface_3
f 7514/7514 7512/7512 7511/7511
usemtl Surface_3
f 7513/7513 7512/7512 7514/7514
usemtl Surface_3
f 7518/7518 7516/7516 7515/7515
usemtl Surface_3
f 7517/7517 7516/7516 7518/7518
usemtl Surface_3
f 7522/7522 7520/7520 7519/7519
usemtl Surface_3
f 7521/7521 7520/7520 7522/7522
usemtl Surface_3
f 7526/7526 7524/7524 7523/7523
usemtl Surface_3
f 7525/7525 7524/7524 7526/7526
usemtl Surface_3
f 7530/7530 7528/7528 7527/7527
usemtl Surface_3
f 7529/7529 7528/7528 7530/7530
usemtl Surface_3
f 7534/7534 7532/7532 7531/7531
usemtl Surface_3
f 7533/7533 7532/7532 7534/7534
usemtl Surface_3
f 7538/7538 7536/7536 7535/7535
usemtl Surface_3
f 7537/7537 7536/7536 7538/7538
usemtl Surface_3
f 7542/7542 7540/7540 7539/7539
usemtl Surface_3
f 7541/7541 7540/7540 7542/7542
usemtl Surface_3
f 7546/7546 7544/7544 7543/7543
usemtl Surface_3
f 7545/7545 7544/7544 7546/7546
usemtl Surface_3
f 7550/7550 7548/7548 7547/7547
usemtl Surface_3
f 7549/7549 7548/7548 7550/7550
usemtl Surface_3
f 7554/7554 7552/7552 7551/7551
usemtl Surface_3
f 7553/7553 7552/7552 7554/7554
usemtl Surface_3
f 7558/7558 7556/7556 7555/7555
usemtl Surface_3
f 7557/7557 7556/7556 7558/7558
usemtl Surface_3
f 7562/7562 7560/7560 7559/7559
usemtl Surface_3
f 7561/7561 7560/7560 7562/7562
usemtl Surface_3
f 7566/7566 7564/7564 7563/7563
usemtl Surface_3
f 7565/7565 7564/7564 7566/7566
usemtl Surface_3
f 7570/7570 7568/7568 7567/7567
usemtl Surface_3
f 7569/7569 7568/7568 7570/7570
usemtl Surface_3
f 7574/7574 7572/7572 7571/7571
usemtl Surface_3
f 7573/7573 7572/7572 7574/7574
usemtl Surface_3
f 7578/7578 7576/7576 7575/7575
usemtl Surface_3
f 7577/7577 7576/7576 7578/7578
usemtl Surface_3
f 7582/7582 7580/7580 7579/7579
usemtl Surface_3
f 7581/7581 7580/7580 7582/7582
usemtl Surface_3
f 7586/7586 7584/7584 7583/7583
usemtl Surface_3
f 7585/7585 7584/7584 7586/7586
usemtl Surface_3
f 7590/7590 7588/7588 7587/7587
usemtl Surface_3
f 7589/7589 7588/7588 7590/7590
usemtl Surface_3
f 7594/7594 7592/7592 7591/7591
usemtl Surface_3
f 7593/7593 7592/7592 7594/7594
usemtl Surface_3
f 7598/7598 7596/7596 7595/7595
usemtl Surface_3
f 7597/7597 7596/7596 7598/7598
usemtl Surface_3
f 7602/7602 7600/7600 7599/7599
usemtl Surface_3
f 7601/7601 7600/7600 7602/7602
usemtl Surface_3
f 7606/7606 7604/7604 7603/7603
usemtl Surface_3
f 7605/7605 7604/7604 7606/7606
usemtl Surface_3
f 7610/7610 7608/7608 7607/7607
usemtl Surface_3
f 7609/7609 7608/7608 7610/7610
usemtl Surface_3
f 7614/7614 7612/7612 7611/7611
usemtl Surface_3
f 7613/7613 7612/7612 7614/7614
usemtl Surface_3
f 7618/7618 7616/7616 7615/7615
usemtl Surface_3
f 7617/7617 7616/7616 7618/7618
usemtl Surface_3
f 7622/7622 7620/7620 7619/7619
usemtl Surface_3
f 7621/7621 7620/7620 7622/7622
usemtl Surface_3
f 7626/7626 7624/7624 7623/7623
usemtl Surface_3
f 7625/7625 7624/7624 7626/7626
usemtl Surface_3
f 7627/7627 7629/7629 7628/7628
usemtl Surface_3
f 7630/7630 7632/7632 7631/7631
usemtl Surface_3
f 7633/7633 7635/7635 7634/7634
usemtl Surface_3
f 7636/7636 7638/7638 7637/7637
usemtl Surface_3
f 7639/7639 7641/7641 7640/7640
usemtl Surface_3
f 7642/7642 7644/7644 7643/7643
usemtl Surface_3
f 7645/7645 7647/7647 7646/7646
usemtl Surface_3
f 7648/7648 7650/7650 7649/7649
usemtl Surface_3
f 7651/7651 7653/7653 7652/7652
usemtl Surface_3
f 7654/7654 7656/7656 7655/7655
usemtl Surface_3
f 7657/7657 7659/7659 7658/7658
usemtl Surface_3
f 7660/7660 7662/7662 7661/7661
usemtl Surface_3
f 7663/7663 7665/7665 7664/7664
usemtl Surface_3
f 7666/7666 7668/7668 7667/7667
usemtl Surface_3
f 7669/7669 7671/7671 7670/7670
usemtl Surface_3
f 7672/7672 7674/7674 7673/7673
